type,item_id,name_in_database,path,ja
ReportData,0x010000A10000000E,Construction_Argno_BorderPostUpgraded,ReportProperties.Title,アルグノの国境検問所が再開される
ReportData,0x010000A10000000E,Construction_Argno_BorderPostUpgraded,ReportProperties.Description,国境警備隊による銃撃の礼が、再整備されたアルグノの国境検問所複合施設の再開を告げた。建設が完了するのを待ちながらモレラ地方の国境で足止めされていた移民たちの処理に向け、迅速に作業が始まった。
ReportData,0x010000C5000008A1,Construction_Argno_MorellaPipelineSabotageRepair_Completed,ReportProperties.Title,妨害行為の後、モルガス・パイプラインが完全に復旧
ReportData,0x010000C5000008A1,Construction_Argno_MorellaPipelineSabotageRepair_Completed,ReportProperties.Description,リジアとモレラの間のエネルギー協力において極めて重要なインフラであるモルガス・パイプラインは、最近起きた破壊工作攻撃の後、完全に修復された。我が王国が主導しモレラの治安部隊と連携して行われた復旧作業により、天然ガスの供給が迅速に再開された。運用が正常化したことで、このパイプラインは再び我が国のエネルギー備蓄を強化すると同時に、南西部の隣国との経済的結びつきも固めることになる。当局は引き続きこの攻撃の調査を行っており、主要な輸送ルートには今や強化された警戒措置が講じられている。
ReportData,0x010000A1000000EA,Construction_BorderFortsStrengthened,ReportProperties.Title,パレス国境要塞の建設が完了
ReportData,0x010000A1000000EA,Construction_BorderFortsStrengthened,ReportProperties.Description,"パレスの国境は、何百もの掩体壕や数マイルに及ぶ地下鉄道、そして地雷原のネットワークが建設されたことで強化された。ホッツとソックスにある要所には特別な配慮が払われている。

パレスへの国境検問所は依然として開放されているものの、厳重に警備されている。軍は誰も許可なく国境を越えることはできないと保証し、そのような試みがあれば迅速に処罰されるとパレス政府に警告している。"
ReportData,0x0100008E0000789E,Construction_Bronaz_EnergyStorageFacilityCompleted,ReportProperties.Title,蓄エネ施設の運用開始
ReportData,0x0100008E0000789E,Construction_Bronaz_EnergyStorageFacilityCompleted,ReportProperties.Description,"ブロナズにおけるエネルギー貯蔵施設の建設が無事完了し、現在は稼働している。この施設により、生産量が多い時期に発生する余剰エネルギーを蓄えることでエネルギー安全保障が大幅に強化され、安定した供給が確保され、需要が高まる際の不足も防ぐことができる。

この近代化により、エネルギーの無駄遣いが減少しシステム効率が向上するため、維持費用が削減され、資源の効率的な利用が促進され、他の対策への依存も低減する。"
ReportData,0x010000C50000088D,Construction_Bronaz_EnergyStorageRepair_Completed,ReportProperties.Title,ブロナズのエネルギー貯蔵施設、破壊行為後に復旧
ReportData,0x010000C50000088D,Construction_Bronaz_EnergyStorageRepair_Completed,ReportProperties.Description,地域のエネルギー管理における重要なハブであるブロナズにあるエネルギー貯蔵施設は、破壊行為による被害を受けた後、完全に復旧した。地元当局が主導する修理作業により、供給の安定化と送電網の耐久性向上という同施設の役割が再び果たされている。運用がフル容量に戻ったことで、この施設は再び地域のエネルギー安全保障と経済的安定を支える存在となっている。攻撃に関する調査は現在も続けられており、さらなる障害を防ぐために厳重なセキュリティ対策が実施されている。
ReportData,0x010000A100000018,Construction_Derdia_PipelineCompleted,ReportProperties.Title,デルディアへのパイプライン延長が開通
ReportData,0x010000A100000018,Construction_Derdia_PipelineCompleted,ReportProperties.Description,カヴェットとニールを結ぶトランスモリディア・パイプラインの完成により、エネルギーが今やリジアのポルテ・ドラゾンからデルディアまで自由に流れるようになった。デルディア政府とモレラ政府の支援を受けたこの共同プロジェクトは、メルコパ諸国間の関係に新たな時代をもたらすものである。
ReportData,0x010000A100000036,Construction_FolceDator_EquipmentFactoryCompleted,ReportProperties.Title,アザロ家の貴族たち、装備工場の開所式に出席
ReportData,0x010000A100000036,Construction_FolceDator_EquipmentFactoryCompleted,ReportProperties.Description,アザロ家のジャーナリストや代表者たちが、フォルチェ・ダトールに新しく建設された軍事工場を見学した。リジアの国内兵器製造がさらに拡大する中、何千人もの労働者がこの施設で仕事に就いている。
ReportData,0x010000A100000040,Construction_FolceDator_SupportVehicleFactoryCompleted,ReportProperties.Title,フォルチェ・ダトール用支援車両の製造が開始される
ReportData,0x010000A100000040,Construction_FolceDator_SupportVehicleFactoryCompleted,ReportProperties.Description,今日、新しい軍用車両工場が生産を本格化させる中、最初のリザ女王型IFVが組立ラインから出荷された。製造過程で発生していた初期の不具合はすでに解消されており、同工場は今後数ヶ月間で数百台という生産目標を達成できる見込みだ。
ReportData,0x010000A10000004A,Construction_FolceDator_TankFactoryCompleted,ReportProperties.Title,「ヴァレロ王」戦車が一般公開される
ReportData,0x010000A10000004A,Construction_FolceDator_TankFactoryCompleted,ReportProperties.Description,フォルチェ・ダトールの民は、新しく開業した戦車工場から初のヴァレロ戦車が出荷されるのを見て畏敬の念に包まれた。地元の有名人ソニア・ロウダスが主催する説明会では、その戦車が町中を巡行し、全国の人々が見られるようテレビで生中継された。
ReportData,0x010000A100000054,Construction_FortAles_NavalBaseExpanded,ReportProperties.Title,アレス要塞の海軍基地拡張が完了
ReportData,0x010000A100000054,Construction_FortAles_NavalBaseExpanded,ReportProperties.Description,アレス要塞の海軍基地拡張工事は予定通り完了した。既にリジア海軍の大型艦船数隻が新たな基地へ向かっているのが確認されており、より戦略的に有利な場所から作戦を行えるようになる。
ReportData,0x010000A10000005E,Construction_Havas_CoalMineCompleted,ReportProperties.Title,数百人の鉱山労働者が新たな鉱坑に入る
ReportData,0x010000A10000005E,Construction_Havas_CoalMineCompleted,ReportProperties.Description,簡単な式典の後、何百人もの鉱山労働者たちが初めて新しく掘られたハヴァス炭鉱に降りて行き、町の地下に存在する大量の石炭埋蔵量を発見しようという任務に取り組んだ。
ReportData,0x010000A100000004,Construction_Iza_HeavyIndustrialParkCompleted,ReportProperties.Title,イザ重工業地帯、事業開始
ReportData,0x010000A100000004,Construction_Iza_HeavyIndustrialParkCompleted,ReportProperties.Description,ビジネス界のリーダー、地方政府の職員、そしてサゾン家の代表者が出席する式典において、イザ重工業団地が正式に開園した。ここの希少金属や鉄鋼を加工する工場は明日から稼働を開始し、科学者チームも数週間以内に研究所に入る予定である。
ReportData,0x010000B400000218,Construction_Jales_BomberPlaneFactoryCompleted,ReportProperties.Title,ジャレスでスカーレット・ウィング爆撃機工場が落成
ReportData,0x010000B400000218,Construction_Jales_BomberPlaneFactoryCompleted,ReportProperties.Description,"新たに建設され、スカーレット・ウィングの生産を専門とする爆撃機工場は、予定よりも早く生産目標を達成しそうである。生産が加速する中、同工場は間もなく最初の爆撃機を出荷する見込みであり、これはその効率性と作業員たちの高い能力を示している。

この工場の順調な運営により、リジアの航空防衛力が大幅に強化されるだけでなく、王国の軍事産業複合体におけるブレナスの重要性も一層高まることになる。"
ReportData,0x010000A100000068,Construction_Jales_BorderPostUpgraded,ReportProperties.Title,ジャレス沿岸処理施設が開業
ReportData,0x010000A100000068,Construction_Jales_BorderPostUpgraded,ReportProperties.Description,ジャレスに新たな海外移民処理施設が開設され、ここはリジア国境警備隊によって運営されている。この施設は、一時的な収容施設として改修された複数の廃船コンテナ船で構成されている。リジアの海岸に到着するすべての移民は、国境警備隊が書類手続きを行う間、そこに収容されることになっている。
ReportData,0x010000B400000222,Construction_Jales_FighterPlaneFactoryCompleted,ReportProperties.Title,XM772キングバード戦闘機工場の落成式
ReportData,0x010000B400000222,Construction_Jales_FighterPlaneFactoryCompleted,ReportProperties.Description,"ジャレスに新たな戦闘機工場が正式に開業し、XM772キングバードの量産が始まった。高位軍関係者や地方指導者らが出席した開所式では、ブレナス州が国防生産分野において新たな役割を果たしつつあることが強調された。

この動きにより、地域の雇用が促進されると同時に、王国の軍事準備力向上にも寄与すると見込まれている。"
ReportData,0x010000A100000072,Construction_MaveNortus_IntelligenceHubCompleted,ReportProperties.Title,秘密情報拠点、運用を開始
ReportData,0x010000A100000072,Construction_MaveNortus_IntelligenceHubCompleted,ReportProperties.Description,王室の命令により建設が進められ、リジア情報局が運営する全く新しい複合施設が完成した。この建物は、国家安全保障やジルの統一に関わる秘密行動の拠点として機能することになっている。
ReportData,0x010000A10000007C,Construction_Mermi_LogisticsHubCompleted,ReportProperties.Title,トペス・メルミ・アレス要塞間の戦略的連携が開始された
ReportData,0x010000A10000007C,Construction_Mermi_LogisticsHubCompleted,ReportProperties.Description,トペス・メルミ・アレス要塞を結ぶ要塞化された輸送路は、メルミに大規模な物流ハブが設置されており、建設が完了し使用可能な状態となった。開通を祝して全ルートを巡る軍事パレードが行われ、政府の要人たちが出席した。
ReportData,0x010000A100000022,Construction_Monqiz_ExpandedShipyard,ReportProperties.Title,拡張された埠頭が開放される中、沿岸砲台から発射が行われる
ReportData,0x010000A100000022,Construction_Monqiz_ExpandedShipyard,ReportProperties.Description,港を守るために新しく建設された沿岸砲台からの一斉射撃が行われ、工事が完了したと宣言された。新たに設置された埠頭により、この港はより多くの貨物を取り扱えるようになり、これまで存在していた貿易上のボトルネックが緩和されることになる。
ReportData,0x010000A100000086,Construction_Montaklar_BorderPostUpgraded,ReportProperties.Title,モンタクラル、新たな国境警備本部を開設
ReportData,0x010000A100000086,Construction_Montaklar_BorderPostUpgraded,ReportProperties.Description,モンタクラルに全く新しい国境警備本部が完成し、国境警備活動の指揮拠点として機能することになった。この落成式にはアザロ家の貴族たちが出席し、リジアの国境警備隊司令官が王室の代表から鍵を授与された。
ReportData,0x010000A100000090,Construction_Morella_PipelineCompleted,ReportProperties.Title,モルガス、リジアとモレラを結ぶ
ReportData,0x010000A100000090,Construction_Morella_PipelineCompleted,ReportProperties.Description,両国間の貿易関係が日々強化されている中、新たに建設されたモルガス・パイプラインがポルテ・ドラゾンとカヴェットの間で開通した。国境の町ポイント・ダルテで行われた開通式典では、両国の関係者が握手を交わし、この意義深い瞬間を祝った。
ReportData,0x010000A10000009A,Construction_Pales_PipelineCompleted,ReportProperties.Title,パレストリーム・タップス、開通準備完了
ReportData,0x010000A10000009A,Construction_Pales_PipelineCompleted,ReportProperties.Description,パレスとポルテ・ドラゾンを直接結ぶ石油・ガスパイプラインであるペイルストリームの建設が完了した。パレスとリジアの両国の元首たちが今週後半に会談し、正式に供給を開始する見込みだ。
ReportData,0x010000C500000897,Construction_Pales_PipelineSabotageRepair_Completed,ReportProperties.Title,妨害行為の後、パレストリームパイプラインが復旧
ReportData,0x010000C500000897,Construction_Pales_PipelineSabotageRepair_Completed,ReportProperties.Description,リジアとパレスを結ぶ重要なエネルギー回廊であるペイルストリーム・パイプラインは、最近の破壊工作による被害から完全に修復された。王立エネルギー局および国家治安部隊が調整を行った復旧作業により、このパイプラインがパレスのエネルギー供給の安定化と経済発展を支える役割を再び果たすことになった。天然ガスの流れも再開しており、重要なインフラ施設沿いにはより厳格なセキュリティ対策が講じられている。
ReportData,0x010000A1000000A4,Construction_Plavo_SanctuaryRestored,ReportProperties.Title,修復を経てプラヴォの聖域が再開放
ReportData,0x010000A1000000A4,Construction_Plavo_SanctuaryRestored,ReportProperties.Description,"プラヴォ聖域の復元が完了し、この神聖な場所の中で最も重要かつ繊細な部分である敬虔なカエルスの墓の修復には特に時間を要した。これは古代遺跡を損傷させないよう極度の注意が必要だったからである。リジア各地から来たヴルヘック教徒たちが感謝の意を表している。

宗教指導者、学者、王室のメンバーが出席する盛大な再奉献式が行われた。また、貴重な宗教文献が収められている聖域の資料も丁寧に復元され、訪問者が引き続き研究や霊的啓発を得られるようになった。新たな輝きを取り戻したこの聖域は、さらに偉大な礼拝や巡礼の場となる見込みである。"
ReportData,0x010000A1000000AE,Construction_PorteDrazon_HospitalCompleted,ReportProperties.Title,新病院が開院
ReportData,0x010000A1000000AE,Construction_PorteDrazon_HospitalCompleted,ReportProperties.Description,今日早くも盛大な式典において、国王の勅令により資金提供と承認が行われたロムス・トラス王立病院が正式に開院した。この医療施設は国民への医療サービスを提供するだけでなく、大規模な軍事部門や研究施設も備えている。医学界の著名な専門家たちは、この事業を実現させてくれた国王に感謝の意を表している。
ReportData,0x010000A1000000B8,Construction_PorteDrazon_MilitaryAcademyCompleted,ReportProperties.Title,ロムス・トラス士官学校、初の新入生を迎える
ReportData,0x010000A1000000B8,Construction_PorteDrazon_MilitaryAcademyCompleted,ReportProperties.Description,初めて、生徒たちは新しく建設された軍事アカデミーの正面ホールに飾られているロムス王の巨大な胸像のそばを通り過ぎた。今学期の最初の授業が今日始まり、リジアの最高位の軍人たちが若い学生たちに戦術の技術を教えている。
ReportData,0x010000A1000000C2,Construction_PorteDrazon_UniversityCompleted,ReportProperties.Title,メルコパの要人たち、大学開校式に出席
ReportData,0x010000A1000000C2,Construction_PorteDrazon_UniversityCompleted,ReportProperties.Description,"物理学、数学、生物学といった分野の優れたメルコパの科学者たちが、ロムス・トラス大学の正式な開校を祝うためにリジアの首都に集まっている。この新しい教育機関によりポルテ・ドラゾンにある大学の数は倍増し、両機関間で緊密な協力が期待されている。

就任演説の中で、学長メロット・セルヴスは科学が発展できるような環境を築くという自身の決意を改めて表明した。"
ReportData,0x010000A1000000CC,Construction_Qalus_GoldMineCompleted,ReportProperties.Title,金鉱の開業に伴い、ブドウ園への懸念が高まる
ReportData,0x010000A1000000CC,Construction_Qalus_GoldMineCompleted,ReportProperties.Description,新たに開業したカルス金鉱から、未精製の金鉱石でいっぱいになった最初のトラックが出発するにつれて、鉱山操業が地元のワイン産業に与える影響への懸念が高まっている。ヴァレンキリスでは多くの人々が鉱山開業によって生まれた新たな雇用機会を歓迎したが、他方で鉱山から出る廃水が周辺のブドウ畑に悪影響を及ぼすのではないかという以前からの懸念を再び口にする者もいた。
ReportData,0x010000A1000000D6,Construction_Sallabes_ConsumerIndustryCompleted,ReportProperties.Title,サラベス消費財産業団地の稼働開始
ReportData,0x010000A1000000D6,Construction_Sallabes_ConsumerIndustryCompleted,ReportProperties.Description,消費財を専門とする新しい工業団地が完全に稼働を開始し、リジアの家電メーカーは海外での生産をこの都市へ移している。生産能力を迅速に引き上げるための準備が進められており、数週間後には最初の冷蔵庫や洗濯機が全国の家庭に届く見込みだ。
ReportData,0x010000A10000016C,Construction_Sallabes_GrandSanctuary,ReportProperties.Title,聖堂が開放されると、ダストヌリティ派がサラベスに殺到する
ReportData,0x010000A10000016C,Construction_Sallabes_GrandSanctuary,ReportProperties.Description,"リジア全土から来た何千人ものダストヌリティ派信者や、海外から訪れた数名の著名人たちが、この聖堂で行われた初めての式典に出席し、サラベス大聖域の正式な開幕を目撃するために集まった。

新たに増設された施設により、より多くの人々が集うことが可能になり、拡張された祈りの間や、ダストヌリティ派の豊かな芸術的伝統を反映した新しく装飾された儀式用の部屋も設けられている。建築家たちは、この建物がその規模にふさわしい宗教施設として、現代の驚異的な作品であると高く評価している。"
ReportData,0x010000A1000000E0,Construction_Sallabes_UpgradedBorderPost,ReportProperties.Title,国境規制強化に伴い監視塔が建設される
ReportData,0x010000A1000000E0,Construction_Sallabes_UpgradedBorderPost,ReportProperties.Description,"新たに建設される一連の監視塔と、船舶を安全に撃退するための必要な技術を備えた迅速対応船により、リジア国境警備隊はデルディアやヴェーレンからの海上移民を削減できるようになる。  

これら新たな措置により、国境警備隊および沿岸警備隊は移民問題だけでなく違法物資の密輸対策も効果的に行えるようになる。地元の活動家たちは、こうした措置がモリディア湾を墓場へと変えてしまう危険性があると警告している。"
ReportData,0x010000A10000002C,Construction_Terador_ExpandedAirbase,ReportProperties.Title,テラドール空軍基地の拡張が完了
ReportData,0x010000A10000002C,Construction_Terador_ExpandedAirbase,ReportProperties.Description,新たに建設された滑走路から初のリジア製戦闘機が離陸したことで、拡張されたテラドール空軍基地が完全な運用状態に入った。近くの野原には少数の抗議者が集まり、騒音汚染や軍事力の増強を問題点として挙げている。
ReportData,0x010000C700000373,Construction_Topes_ConsumerIndustryCompleted,ReportProperties.Title,トペス消費財産業団地の稼働開始
ReportData,0x010000C700000373,Construction_Topes_ConsumerIndustryCompleted,ReportProperties.Description,トペスに新設された製造拠点が現在稼働しており、衣類や道具、基本的な家電製品を生産している。この拠点の開業によって生産能力が拡大し、雇用も創出され、同市は国内製品の重要な中心地としての地位を確立した。
ReportData,0x010000A1000000F4,Construction_Topes_GasFieldExpanded,ReportProperties.Title,エスキリス・ガス田の拡張
ReportData,0x010000A1000000F4,Construction_Topes_GasFieldExpanded,ReportProperties.Description,最終的な新しい陸上精製施設が完成したことにより、エスキリス・ガス田の拡張工事も完了した。この新しい海洋プラットフォームによって同ガス田の生産量が大幅に増加し、リジアが引き続き天然ガス生産国としての地位を維持できる基盤が築かれた。
ReportData,0x010000A1000000FE,Construction_Wehlen_PipelineCompleted,ReportProperties.Title,デルディアとヴェーレン間のパイプライン建設が完了
ReportData,0x010000A1000000FE,Construction_Wehlen_PipelineCompleted,ReportProperties.Description,今日、デルディアの首都ナエアルとヴェゼクの首都ヴラクラヴィッツを結ぶパイプラインが開通した。通過する町の名にちなんでランゾフ回廊と名付けられたこのパイプラインは、メルコパ諸国間の協力の新たな時代の幕開けを告げている。
ReportData,0x010000A100000108,Construction_Zpana_HydroelectricDamCompleted,ReportProperties.Title,水力発電ダムが稼働を開始
ReportData,0x010000A100000108,Construction_Zpana_HydroelectricDamCompleted,ReportProperties.Description,ズパナ水力発電ダムが運用を開始すると、9基のタービンが同時に轟音を上げた。この君主制国家の代表的なエネルギープロジェクトにより、50万世帯以上に電力が供給されている。ここ数ヶ月間、ブレナス州の多くの住民がズパナ北側に新たに作られた人工湖へと集まり、広大な水面を楽しみ、リジアの先端技術の素晴らしさを眺めている。
ReportData,0x010000CA00000E43,Floating_Argno_Decision_DastnuristProtestsOne,ReportProperties.Title,長老たち、出版物に対する措置を要求
ReportData,0x010000CA00000E43,Floating_Argno_Decision_DastnuristProtestsOne,ReportProperties.Description,"アルグノにおけるダストヌリティ派の長老たちは、自らの教義を攻撃する一連のパンフレットを公然と非難し、その出版物を扇動的で無礼なものだと呼んだ。  

各地の印刷所の外では小規模な集まりが形成されており、そこでデモ参加者たちは当局に対し、宗教文献に対するより厳格な規制の実施を求めている。"
ReportData,0x010000CA00000A6C,Floating_Argno_TraffickingRoutes_CoordinateMorellaBorder,ReportProperties.Title,アルグノで国境検査が強化される
ReportData,0x010000CA00000A6C,Floating_Argno_TraffickingRoutes_CoordinateMorellaBorder,ReportProperties.Description,"アルグノとモレラの国境における警備強化により、輸入品の検査時間が長くなっている。地元の商人たちは遅延を訴えているが、当局者は密輸を抑制するためにこの厳格な検査が必要だと主張している。

住民の間では意見が分かれており、安全対策の強化を歓迎する人もいる一方で、国境貿易への悪影響を懸念する人もいる。リジアとモレラの協力が続く中、各都市は潜在的な混乱に備えている。"
ReportData,0x010000CA00000A23,Floating_Argno_TraffickingRoutes_CutMerchantDealsExpose,ReportProperties.Title,商人たち、密輸阻止の取り組みで協力
ReportData,0x010000CA00000A23,Floating_Argno_TraffickingRoutes_CutMerchantDealsExpose,ReportProperties.Description,"現地当局は密輸活動に関する情報を収集するため、アルグノの商人ギルドと協力し始めている。当局者たちは依然として口を閉ざしたままだが、数人のギルド指導者たちが非公開会議のために市庁舎に入っていく姿が目撃されている。

一部の住民はこの協力によって麻薬ネットワークが暴かれるだろうと楽観視している一方、影響力のある商人たちがこの状況を自分たちの利益のために利用するのではないかと懸念する人々もいる。現在、街はこの新たな同盟の展開を警戒しながら見守っている。"
ReportData,0x010000CA00000AC0,Floating_Argno_TraffickingRoutes_DontDoAnything,ReportProperties.Title,密輸業者たち、常に一歩先を行く
ReportData,0x010000CA00000AC0,Floating_Argno_TraffickingRoutes_DontDoAnything,ReportProperties.Description,"住民たちの報告によると、麻薬密売人たちはほとんど妨げられることなく、アルグノの混雑した道路や鉄道を使って商品を運び続けている。違法行為が通常の商取引に混在し、警察の取り締まりも全く見当たらないため、地元の商人たちは苛立ちを感じている。

当局から明確な対応がないため、この問題はこれ以上悪化するだけだろうかと地域住民は不安に思っている。"
ReportData,0x010000CA00000A42,Floating_Argno_TraffickingRoutes_HighProfileTrial,ReportProperties.Title,公開裁判を見ようと群衆が集まる
ReportData,0x010000CA00000A42,Floating_Argno_TraffickingRoutes_HighProfileTrial,ReportProperties.Description,"今日、ブレナスの中央広場は、捕らえられた数人の麻薬密輸業者の公開裁判を見ようと集まった住民で埋め尽くされていた。当局が証拠を提示する間、被告人たちは護衛に囲まれたまま沈黙を守っていた。

反応は分かれており、政府の断固とした姿勢を称賛する人もいれば、このような公開処刑が必要かどうか疑問視する人もいた。裁判が続く中、街ではこの光景について意見が分かれたままである。"
ReportData,0x010000CA000009F9,Floating_Argno_TraffickingRoutes_RandomInspections,ReportProperties.Title,検問所の増加により貿易が鈍化
ReportData,0x010000CA000009F9,Floating_Argno_TraffickingRoutes_RandomInspections,ReportProperties.Description,"アルグノの当局は麻薬密輸を阻止するため、主要な道路や鉄道沿いに不定期の検問所を設置している。検査員が予測不可能なタイミングで荷物の輸送を止めるため、重要な交通拠点で遅延が発生している。

違法活動を抑制しようとするこの取り組みを一部の住民は評価しているものの、商人や運送会社は効率性の低下を懸念している。地元の商売人たちは、荷物が続けて滞留すれば長期にわたる混乱が都市経済に悪影響を及ぼす可能性があると警告している。"
ReportData,0x010000CA00000A96,Floating_Argno_TraffickingRoutes_VigilanteJustice,ReportProperties.Title,不安定な情勢の中、地域警備隊が結成される
ReportData,0x010000CA00000A96,Floating_Argno_TraffickingRoutes_VigilanteJustice,ReportProperties.Description,"アルグノの地域団体は、地元住民の積極的な関与を求める声に呼応して、犯罪増加に対抗するための巡回活動の組織化を始めている。軍用の道具を装備した住民たちが、重要地域で夜間警戒を行っている。

自分たちで問題に取り組むことで力を感じている人もいる一方で、訓練を受けていない私設警備員が暴力を抑えるどころか悪化させるのではないかと懸念する人々もいる。地域社会が自衛のリスクを検討する中、街全体に緊張感が漂っている。"
ReportData,0x010000CA00000DED,Floating_Bronaz_Decision_DastnuristApproval_Alms,ReportProperties.Title,救済金集めの活動が始まる
ReportData,0x010000CA00000DED,Floating_Bronaz_Decision_DastnuristApproval_Alms,ReportProperties.Description,"ダストヌリティ派の長老たちによって推進されている王国全体を対象とした布施運動の一環として、ブロナズ全土の聖堂や公共建築物に寄付箱が設置されている。

聖職者たちはこの行為を神聖な与える行為として位置づけており、初期の寄付は敬虔な地域で最も多く見られるようだ。"
ReportData,0x010000CA00000E17,Floating_Bronaz_Decision_DastnuristApproval_AntiReform,ReportProperties.Title,ブロナズで説教が政治問題化
ReportData,0x010000CA00000E17,Floating_Bronaz_Decision_DastnuristApproval_AntiReform,ReportProperties.Description,"忠誠の儀式が行われた後、ブロナズにいる数名の高位ダストヌリティ派指導者たちが改革運動に反対する発言を始め、多くの人々が聖堂や広場に集まっている。

かつては献身と道徳を中心にしていた彼らのメッセージは、今では「信仰の柱を脅かす」社会的変化に抵抗することにますます焦点が当てられている。地元当局者は表現の自由を理由に介入を拒否している。"
ReportData,0x010000CA00000DCE,Floating_Bronaz_Decision_DastnuristApproval_Enlistment,ReportProperties.Title,式典の後、徴兵キャンペーンが展開される
ReportData,0x010000CA00000DCE,Floating_Bronaz_Decision_DastnuristApproval_Enlistment,ReportProperties.Description,"ダストヌリティ派の長老たちが主導する忠誠儀式が行われた後、ブロナズ周辺の聖堂や農村部の交通拠点付近に兵役志願用の横断幕が掲げられるようになった。

市街地の郊外や商業中心の町々では、地元の聖職者たちが若者たちに対し、献身の形として軍務に就くことを静かに勧めている。募集事務所によれば、宗教的な家庭や労働者階級の家庭からの志願者数がわずかに増加しているとのことだ。"
ReportData,0x010000CA00000DAF,Floating_Bronaz_Decision_DastnuristApproval_LoyaltySermons,ReportProperties.Title,忠誠を説く説教が聖堂々で響き渡る
ReportData,0x010000CA00000DAF,Floating_Bronaz_Decision_DastnuristApproval_LoyaltySermons,ReportProperties.Description,"王室の許可を受けて、ブロナズのダストヌリティ派の長老たちが市内の各地の聖堂で忠誠に関する説教を行い始めている。これらの説教では団結、神の法への服従、そして道徳的伝統の守護者としての王室の役割が強調されている。

依然として大勢の人々が集まり続けている一方で、一部の世俗的な住民たちは説教の政治色が強まっていることに懸念を示している。"
ReportData,0x010000CA00000B5F,Floating_Bronaz_Decision_UniversityOfTheologyBranches_AllNurity,ReportProperties.Title,包括的な教育課程が論争を呼ぶ
ReportData,0x010000CA00000B5F,Floating_Bronaz_Decision_UniversityOfTheologyBranches_AllNurity,ReportProperties.Description,"ブロナズにある南メルコパ神学大学では、ヌーリティ教のあらゆる公認派閥の教義が取り入れられ、包括的な神学教育が行われている。地元の学者たちは知的多様性を育むというこの決定を高く評価しているが、一方で一部の地域住民は対立する教義を混在させることで思想的衝突が生じるのではないかと懸念を示している。

さまざまな背景を持つ学生たちは、多様な視点を学ぶ機会に熱意を示し、この包括的なカリキュラムが分断ではなく思慮深い対話を促進することを期待している。"
ReportData,0x010000CA00000BB3,Floating_Bronaz_Decision_UniversityOfTheologyBranches_Wruhecism,ReportProperties.Title,神学研究のため、古代の文字が到着
ReportData,0x010000CA00000BB3,Floating_Bronaz_Decision_UniversityOfTheologyBranches_Wruhecism,ReportProperties.Description,"南メルコパ神学大学は、教職に就くためにやって来た学者や聖職者たちによって運ばれてきた、著名な聖ヴルヘック図書館所蔵の貴重なヴルヘック教関連写本の受領を開始した。

数世紀前のものもあるこれらの文献は、ヴルヘック教神学の基礎と見なされており、同大学の教育課程に大きな影響を与えることが期待されている。学生や学者たちが集まり、これらの古代の著作の到着を目の当たりにし、そこに込められた知恵を垣間見ようとしている。"
ReportData,0x010000CA00000B89,Floating_Bronaz_Decision_UniversityOfTheologyBranches_WruhecismDastnurity,ReportProperties.Title,教育課程はヌーリティ教の主要な流派に焦点を当てている
ReportData,0x010000CA00000B89,Floating_Bronaz_Decision_UniversityOfTheologyBranches_WruhecismDastnurity,ReportProperties.Description,"南メルコパ神学大学は、ヌーリティ教の中で最も広く信仰されている二つの宗派であるヴルヘック教とダストヌリティ派を主な研究対象とする。リジア国内におけるこれら二つの宗派が持つ文化的意義を考えると、地元の宗教指導者たちはこの決定を現実的だと見なしている。

しかし、改革派ヌーリティやザラヌリティといった他の宗派が無視されている理由について、一部の地域住民が疑問を呈している。"
ReportData,0x010000BE00006FDD,Floating_Derdia_PaymentFail_DontPay,ReportProperties.Title,デルディア、失敗に終わったエネルギー交渉に失望
ReportData,0x010000BE00006FDD,Floating_Derdia_PaymentFail_DontPay,ReportProperties.Description,モレラの至高賢者アズマルは、我々のエネルギー協定が失敗に終わったことに失望を示し、それを我々の国が同盟を結ぶ運命にないことを示す「天からの兆候」だと述べた。
ReportData,0x010000A100002FE8,Floating_Derdia_PaymentFail_Pay,ReportProperties.Title,デルディア、有望な合意の継続が可能に
ReportData,0x010000A100002FE8,Floating_Derdia_PaymentFail_Pay,ReportProperties.Description,我々のエネルギー備蓄が枯渇しているにもかかわらず、最高賢者アズマルは、一度だけ一括支払いを行って契約を維持しようとする我々の姿勢を踏まえ、合意された契約が守られることを依然として期待している。
ReportData,0x010000CA0000115D,Floating_FolceDator_Decision_GolcondistProtestsOne_DoNothing,ReportProperties.Title,緊張が高まる中、抗議者たちがモンタクラルへ向けて出発する
ReportData,0x010000CA0000115D,Floating_FolceDator_Decision_GolcondistProtestsOne_DoNothing,ReportProperties.Description,数々の抗議団体が大勢でモンタクラルへ向かい、中央で行われるデモに参加し始めており、他方では一部の団体が各地の聖堂の外で活動を続けている。この運動の組織的な様相は、国内の勢いが高まっていることを示しており、王政に対する対応を求める圧力も強まっている。
ReportData,0x010000A3000004A3,Floating_Havas_Decision_SurgeInTourismRevenue,ReportProperties.Title,観光客が次第に内陸地域を発見するようになる
ReportData,0x010000A3000004A3,Floating_Havas_Decision_SurgeInTourismRevenue,ReportProperties.Description,小さなリジアの町々では、我が国の沿岸観光地を離れて内陸部へ足を運ぶ人々が増えるにつれ、訪れる観光客の数もますます多くなっていると報告されている。ハヴァスのリレアン・ヒルズは特に人気が高いが、この観光ブームから恩恵を受けているのはそこだけではない。
ReportData,0x010000CA000009DA,Floating_Havas_SkinnerCrackdown_DontDoAnything,ReportProperties.Title,ハヴァスが沈黙を守る中、暴力が収まらない
ReportData,0x010000CA000009DA,Floating_Havas_SkinnerCrackdown_DontDoAnything,ReportProperties.Description,"ハヴァスの住民たちは、スキナー・カルテルが主要な地域をますます厳しく支配する中で、ギャングの存在感が強まっていると報告している。目に見える介入がほとんどないため、恐怖と苛立ちが高まっている。古い市場の近くの店舗では客足が減少し、工業地帯の家族たちは最悪の事態に備えている。

多くの人々は、当局がこの危機に対処しようとしているのか、それとも都市がカルテルの支配下に放置されているのか疑問に思っている。"
ReportData,0x010000CA0000091E,Floating_Havas_SkinnerCrackdown_LaunchPoliceOperation,ReportProperties.Title,大規模な警察作戦がハヴァスを揺るす
ReportData,0x010000CA0000091E,Floating_Havas_SkinnerCrackdown_LaunchPoliceOperation,ReportProperties.Description,"警察はハヴァスで大規模な取り締まりを開始し、スキナー・カルテルの既知の隠れ家を標的にした。古い市場街や工業地帯での捜索により数十人が逮捕されたほか、住民たちはアルカ川沿いの倉庫付近で銃声が聞こえると報告している。

力の誇示を歓迎する地元住民もいる一方、この取り締まりがカルテルからの報復を引き起こすのではないかと恐れる者もいる。数日中に暴力的な報復があるのを恐れ、一部の店舗は一時的に閉店している。"
ReportData,0x010000CA00000967,Floating_Havas_SkinnerCrackdown_MobilizeWruhecists,ReportProperties.Title,ヴルヘック派指導者たち、団結を呼びかける
ReportData,0x010000CA00000967,Floating_Havas_SkinnerCrackdown_MobilizeWruhecists,ReportProperties.Description,"ハヴァスの宗教指導者たちは、この戦いを道徳的義務として位置づけ、コミュニティを結集させてスキナー・カルテルに抵抗するよう呼びかけている。中央聖堂で行われる説教では、腐敗に立ち向かい、都市の誠実さを取り戻すことの重要性が強調されている。

一部の住民はこの運動に感化されているが、他方で宗教団体の関与が既存の対立を深めるのではないかと警戒し続けている。コミュニティ会議が続く中、街は道徳的信念が恐怖を克服できるかどうかを見守っている。"
ReportData,0x010000CA000009BB,Floating_Havas_SkinnerCrackdown_OrderHouseAzaro,ReportProperties.Title,ハヴァスの街頭、静寂に包まれる
ReportData,0x010000CA000009BB,Floating_Havas_SkinnerCrackdown_OrderHouseAzaro,ReportProperties.Description,"ここ数日、ハヴァス周辺の警察の配置が著しく減少しており、住民たちの間で様々な推測が飛び交っている。一部の人々は治安当局が大規模な作戦を準備していると考えている一方、別の人々は都市の安全保障が顧みられていないことを懸念している。

地域の指導者たちは透明性の確保を呼びかけているが、当局者たちは公的な安全対策が継続中であると主張し、口を閉ざしたままだ。その間、街は異常なほど静かで、住民たちはこれから何が起こるのか不確かな状態に置かれている。"
ReportData,0x010000CA00000948,Floating_Havas_SkinnerCrackdown_SendSuOmina,ReportProperties.Title,スー・オミナが法執行機関を掌握
ReportData,0x010000CA00000948,Floating_Havas_SkinnerCrackdown_SendSuOmina,ReportProperties.Description,"スー・オミナのメンバーたちはハヴァスの街頭に出て、スキナー・カルテルの隠れ家を迅速かつ容赦ない行動で攻撃している。工業地帯では、目撃者たちが仮面を着けた執行者たちが倉庫に突入する様子を目撃したと報告しており、一部の拘束者は無標識の車両で連れ去られている。

ギャングによる暴力への取り締まりを評価する住民もいる一方で、スー・オミナの厳しい手法が日常生活にも波及するのではないかと恐れる人々もいる。古い市場の店主たちは、捜索に巻き込まれることを懸念して早めに店を閉めている。"
ReportData,0x010000CA00000991,Floating_Havas_SkinnerCrackdown_WeaponizeUrbanDevelopment,ReportProperties.Title,都市再開発、犯罪ネットワークを標的に
ReportData,0x010000CA00000991,Floating_Havas_SkinnerCrackdown_WeaponizeUrbanDevelopment,ReportProperties.Description,"ハヴァスの当局は、スキナー・カルテルが都市を支配する状況を断ち切ることを目的とした包括的な再開発計画の実施を始めている。資産を凍結し、犯罪活動に関与する企業に圧力をかけることで、当局はこのカルテルの財政源を断つことを目指している。

放置されてきた地域の整備への取り組みを一部の住民が歓迎する一方で、工業地帯の事業主たちは雇用機会の減少や不動産価格の上昇を懸念している。"
ReportData,0x010000CA00000E38,Floating_Iza_Decision_DastnuristProtestsOne,ReportProperties.Title,パンフレットが聖職者たちの間で激しい怒りを引き起こす
ReportData,0x010000CA00000E38,Floating_Iza_Decision_DastnuristProtestsOne,ReportProperties.Description,"時代遅れで抑圧的だとしてダストヌリティ派の教えを批判する物議を醸すパンフレット群が、宗教指導者たちの間に怒りを引き起こしている。聖職者たちはこれらの資料を冒涜的なものだと公然と非難し、聖堂や印刷所の近くでデモ行進が始まっている。

当局はまだ何の反応も示していないが、抗議活動は勢いを増し、熱心な信者たちや懸念する一般市民の両方が参加するようになっている。"
ReportData,0x010000CA00000E8C,Floating_Iza_Decision_DastnuristProtestsOne_DefendFreeSpeech,ReportProperties.Title,パンフレットの扱いを巡り緊張が高まる
ReportData,0x010000CA00000E8C,Floating_Iza_Decision_DastnuristProtestsOne_DefendFreeSpeech,ReportProperties.Description,"イザの当局者たちは、表現の自由を守る必要があるとして、ダストヌリティ主義を批判する物議を醸すパンフレットの撤去を拒否している。

ミュージアム・マイル周辺の教授や学生たちはこの決定を歓迎したが、パラス・サゾン付近やズパナの橋々では、地元の聖職者たちが主導するデモが激化している。"
ReportData,0x010000CA00000E62,Floating_Iza_Decision_DastnuristProtestsOne_DestroyPamphlets,ReportProperties.Title,当局によって押収されたパンフレット
ReportData,0x010000CA00000E62,Floating_Iza_Decision_DastnuristProtestsOne_DestroyPamphlets,ReportProperties.Description,"イザの当局は、宗教的指導者たちによる騒動が拡大する中、ダストヌリティ派の教義を批判するパンフレットを押収し破壊した。この措置は、いくつかの書店や印刷所がその物議を醸す資料を配布していたヴァラ・ウンガー地区付近で開始された。

聖堂の外で礼拝を唱える聖職者たちの行列が集まって感謝の意を表す中、ミュージアム・マイル周辺の学生たちは抗議として無言の追悼集会を開いた。"
ReportData,0x010000CA00000F1E,Floating_Iza_Decision_DastnuristProtestsOne_DoNothing,ReportProperties.Title,聖職者たちの抗議は、介入なく続いている
ReportData,0x010000CA00000F1E,Floating_Iza_Decision_DastnuristProtestsOne_DoNothing,ReportProperties.Description,"パラス・サゾン近郊やヴァラ・ウンガー沿いでダストヌリティ派の聖職者たちによるデモが続き、止む気配は見られない。

政府の対応がないため、状況は緊張したものから不確実なものへと変わっていった。力の行使がないことを安堵する地元住民もいる一方で、解決策が出ないことに不安を感じる者もいる。閉ざされた窓の向こうで、街は誰が先に行動するかを見守っている。"
ReportData,0x010000CA00000EB7,Floating_Iza_Decision_DastnuristProtestsOne_FinePrintHouse,ReportProperties.Title,パンフレット配布で印刷所が罰金科せられる
ReportData,0x010000CA00000EB7,Floating_Iza_Decision_DastnuristProtestsOne_FinePrintHouse,ReportProperties.Description,"ダストヌリティ派の論争の中心となっている印刷所は、コンテンツガイドラインに違反したとして市当局から罰金を科された。

パラス・サゾンの前では、ダストヌリティ派の長老たちが午後じゅう静かに立っていた。周辺の通りは異様なほど静まり返っており、市場の商人たちは声を抑え、さらなる騒動に備えてヴァラ・ウンガー沿いに配置された市警が警戒していた。"
ReportData,0x010000CA00000EE0,Floating_Iza_Decision_DastnuristProtestsOne_PoliceDisperse,ReportProperties.Title,警察、聖職者主導のデモを解散
ReportData,0x010000CA00000EE0,Floating_Iza_Decision_DastnuristProtestsOne_PoliceDisperse,ReportProperties.Description,"今日、最近のパンフレットスキャンダルを巡る緊張が高まったことを受け、当局はパラス・サゾン外で行われていたダストヌリティ派の集会を解散させる措置を取った。

目撃者によると、聖職者たちは抵抗することなく護送されていったが、若い信奉者数名は階段を離れることを拒んだため拘束された。ヴァラ・ウンガーの周辺は一時的に封鎖され、ミュージアム・マイルも午後の残り時間帯は一般公開が中止された。この作戦は負傷者が出ることなく終了した。"
ReportData,0x010000CA00000EFF,Floating_Iza_Decision_DastnuristProtestsOne_WruhecsGuardsDeployed,ReportProperties.Title,ヴルヘック教徒の守護軍、イザで聖職者たちと対立
ReportData,0x010000CA00000EFF,Floating_Iza_Decision_DastnuristProtestsOne_WruhecsGuardsDeployed,ReportProperties.Description,"今日、国家の許可を受けた前例のない行動として、パラス・サゾンの前で、ヴルヘックの守護者がダストヌリティ派の聖職者たちと対峙する姿が見られた。

緊張は急速に高まり、ヴァラ・ウンガー上空で叫び声が交錯し、ミュージアム・マイルの東側階段付近では乱闘が発生した。地元当局によると負傷者はごくわずかだが、目撃者たちは群衆の嘲笑や投げつけられる物々によって特徴づけられる混沌とした光景を描写している。"
ReportData,0x010000CA0000169A,Floating_Iza_Decision_ExpediteSallabesTwo_OpenIzaLogisticsRoute,ReportProperties.Title,大聖域計画を支援するため、河川ルートが開通
ReportData,0x010000CA0000169A,Floating_Iza_Decision_ExpediteSallabesTwo_OpenIzaLogisticsRoute,ReportProperties.Description,"イザでは、サラベスにおける聖堂建設を加速させることを目的とした新たに整備された輸送回廊の一環として、現在バージが積み込まれている。このルートはズパナ川を利用してスーディス海へ到達し、そこからモリディア湾へ向かう沿岸船に資材が運ばれる。  

迂回的ではあるものの、関係者らはこの計画を、地域で続く物流上の困難に対する機知に富んだ解決策だと述べている。河川港では活動量が急増しており、地元労働者たちは厳しい出荷スケジュールをこなすために忙しく動き回っている。"
ReportData,0x010000CA0000108D,Floating_Iza_Decision_GolcondistProtestsOne,ReportProperties.Title,聖職者間の論争が小規模な抗議を引き起こす
ReportData,0x010000CA0000108D,Floating_Iza_Decision_GolcondistProtestsOne,ReportProperties.Description,現地のゴルコンド主義聖職者たちは、モンタクラルにあるヴルヘック教の聖堂から自分たちの指導者の一人が排除されたことを公然と非難している。これに応じて、大学の広場や市民空間で控えめなデモンストレーションが起き、より大規模な抗議運動との平和的連帯を呼びかけている。
ReportData,0x010000CA0000122F,Floating_Iza_Decision_GolcondistProtestsTwo_BlamedReformists,ReportProperties.Title,国王、責任を改革派に転嫁
ReportData,0x010000CA0000122F,Floating_Iza_Decision_GolcondistProtestsTwo_BlamedReformists,ReportProperties.Description,"今日の公式ブリーフィングにおいて、王室報道局は、ゴルコンド主義の代表権に影響を与える最近の政策が、代議院内の改革派勢力からの圧力高まりに起因すると主張した。

この発表を受けてイザ全土で一連の激しい論争が巻き起こり、RPPの支持者たちは君主制が責任回避のためにスケープゴートを設定していると非難した。"
ReportData,0x010000CA0000124E,Floating_Iza_Decision_GolcondistProtestsTwo_DoNothing,ReportProperties.Title,封鎖が何の妨げもなく続いている
ReportData,0x010000CA0000124E,Floating_Iza_Decision_GolcondistProtestsTwo_DoNothing,ReportProperties.Description,"政府の介入がないため、ゴルコンド主義による封鎖はさらに厳しくなっている。主要なルートは依然として利用不能であり、商人たちはより小さな道を通って荷物を運ぶか、事業の停止を余儀なくされている。

地元当局は距離を置いた態度を取っており、公式な対応がないことで逆により多くの人々が抗議行動に加わるようになった。路地から都市の広場に至るまで、抗議の看板の数が店舗の看板を上回っている。"
ReportData,0x010000CA000011DB,Floating_Iza_Decision_GolcondistProtestsTwo_FinancialIncentive,ReportProperties.Title,封鎖解除のための資金提供が決定
ReportData,0x010000CA000011DB,Floating_Iza_Decision_GolcondistProtestsTwo_FinancialIncentive,ReportProperties.Description,"政府の関係者たちは、ゴルコンド主義系商人を支援し、市内の緊張緩和を図るための金融支援策を発表した。この発表により封鎖が部分的に解除され、一部の市場の店舗が再開し、被害を受けた地域では交通も再び流れ始めている。

すべての要求が撤回されたわけではないものの、抗議活動の指導者たちの態度は著しく和らいでいる。"
ReportData,0x010000CA00001187,Floating_Iza_Decision_GolcondistProtestsTwo_ForceBreak,ReportProperties.Title,警察、ゴルコンド主義の封鎖を解消
ReportData,0x010000CA00001187,Floating_Iza_Decision_GolcondistProtestsTwo_ForceBreak,ReportProperties.Description,"迅速な行動により、イザの市警は数日間にわたって交易ルートを麻痺させていたゴルコンド主義の封鎖を解消した。警官たちは即席の障害物を取り壊し、抗議活動の主催者らを拘束したが、その様子は商人や通勤者たちが傍観する中で行われた。

秩序は回復したものの、一部の地域では依然として緊張が続いており、市民たちはこのような強硬な措置の必要性に疑問を呈している。"
ReportData,0x010000CA00001205,Floating_Iza_Decision_GolcondistProtestsTwo_GoldenGuardSent,ReportProperties.Title,近衛兵が市内地区を清掃する
ReportData,0x010000CA00001205,Floating_Iza_Decision_GolcondistProtestsTwo_GoldenGuardSent,ReportProperties.Description,"今朝、近衛兵がイザに到着し、市内の主要な商業道路から抗議者たちを排除した。特徴的な金色の制服を身につけた彼らは迅速に行動し、即席で作られたバリケードを解体し、数名の主催者を拘束した。

市場は再開し始めているが、一部の店舗では依然として供給の遅れや財産の被害が報告されている。"
ReportData,0x010000CA000011B1,Floating_Iza_Decision_GolcondistProtestsTwo_NegotiateSettlement,ReportProperties.Title,封鎖下で交渉が始まる
ReportData,0x010000CA000011B1,Floating_Iza_Decision_GolcondistProtestsTwo_NegotiateSettlement,ReportProperties.Description,"数日間にわたる混乱の後、市の当局者たちはゴルコンド主義の代表者と正式な協議を開始した。代議員たちは厳重な警備のもと、旧イザ裁判所で会合を行っており、抗議者たちも連帯の意を示してその近くに集まったままだ。

封鎖が続いているにもかかわらず、市内の雰囲気は慎重ながらも希望に満ちており、地元の事業主や聖職者たちも結果を注視している。"
ReportData,0x010000CA00001168,Floating_Jales_Decision_GolcondistProtestsOne_DoNothing,ReportProperties.Title,ゴルコンド主義信者たち、聖域に集結
ReportData,0x010000CA00001168,Floating_Jales_Decision_GolcondistProtestsOne_DoNothing,ReportProperties.Description,"ジャレスでは、ゴルコンド主義の巡礼者たちが沿岸にある聖域付近に集まり始め、宗教的統治における平等を求める横断幕の下で夜通し祈りを捧げている。

その聖域は依然としてヴルヘック教徒の監督のもとで開かれているものの、集まる人々が増えるにつれて緊張感が高まっている。当局はブレナスで最も神聖な場所の一つで事態がさらに悪化することを警戒し、状況を厳しく監視している。"
ReportData,0x010000CA000008B6,Floating_Jales_GangWarErupts_ChokeFunding,ReportProperties.Title,厳しい取り締まりが企業界を襲う
ReportData,0x010000CA000008B6,Floating_Jales_GangWarErupts_ChokeFunding,ReportProperties.Description,"ジャレスの当局は、スキナー・カルテルとネファンデス・ヴルトゥリオの両方を標的に、ギャングの資金源となっている資産の押収や事業への捜索を開始している。テキスタイル・ロウ地区や陶器工房の近くにある店舗の一部が突然閉鎖され、労働者たちは自分たちの生計が危うくなるのではないかと不安を感じている。

当局は犯罪組織の収入源を断つ上で進展があったと報告しているが、地元の商人たちは商業活動の混乱がこの都市の脆弱な経済に長期的な影響を与える可能性があると警告している。コミュニティの指導者たちは、パニックを避けるためにどの事業が影響を受けるのかについてより明確な指示を求めている。"
ReportData,0x010000CA00000843,Floating_Jales_GangWarErupts_DeployGoldenGuard,ReportProperties.Title,近衛兵、ジャレスの街を制圧
ReportData,0x010000CA00000843,Floating_Jales_GangWarErupts_DeployGoldenGuard,ReportProperties.Description,"近衛兵がジャレスに到着し、スキナー・カルテルとネファンデス・ヴルトゥリオの間で続いている勢力争いを鎮圧している。現在、装甲パトロールが織物街や市場地区に配備されており、住民たちは北部地域全体で逮捕や没収行為が行われていると報告している。

秩序の回復を歓迎する市民もいる一方で、武力行使がさらなる暴力を引き起こすのではないかと恐れる者もいる。店舗は慎重な態度を保ち、営業時間を短縮して営業しており、陶器工房の裏路地で小競り合いがあったという噂が広まっている。"
ReportData,0x010000CA000008FF,Floating_Jales_GangWarErupts_DontDoAnything,ReportProperties.Title,ギャング同士の抗争が激化中
ReportData,0x010000CA000008FF,Floating_Jales_GangWarErupts_DontDoAnything,ReportProperties.Description,"ジャレスではスキナー・カルテルとネファンデス・ヴルトゥリオの間の暴力が止まる気配なく続いており、すでに複数の住宅地が危険な状態と見なされている。市民たちは夜間にテキスタイル・ロウ地区で散発的な銃声や衝突音が響くと報告している。

ギャングメンバーが主要地域の支配権を握る中、地元の店舗は閉鎖されており、継続する紛争に起因する負傷者も病院で増加している。戦闘が長引くにつれ、住民たちは政府の介入がないことに不満を示している。"
ReportData,0x010000CA00000897,Floating_Jales_GangWarErupts_MasterPlan,ReportProperties.Title,ジャレスにおける権力移行が進行中
ReportData,0x010000CA00000897,Floating_Jales_GangWarErupts_MasterPlan,ReportProperties.Description,"ジャレスではスキナー・カルテルの崩壊後、暴力行為が大幅に減少し、現在はヴルトゥリオ軍がかつてスキナーが支配していた地域を掌握している。住民らによると、街頭での衝突は収まったものの、ギャングメンバーが主要地域を公然とパトロールしており、ヴルトゥリオの存在感はかつてないほど強くなっているという。

地域の指導者たちは、権力の空白が消え去ったわけではなく単に移行しただけだと懸念を示している。一般市民は、街がより安全になったのか、それともより冷酷な集団が単に支配権を握っただけなのか判断できずにいる。"
ReportData,0x010000CA000008E0,Floating_Jales_GangWarErupts_OrderHouseSazon,ReportProperties.Title,サゾン家が治安の責任を担う
ReportData,0x010000CA000008E0,Floating_Jales_GangWarErupts_OrderHouseSazon,ReportProperties.Description,"国王陛下はジャレスの秩序回復という責任を正式にサゾン家に委ねた。地元の指導者たちは状況を話し合うための地域集会の準備をしているものの、文化事業で知られる貴族家が暴力的な危機に対処できるか住民たちには不安が残っている。

一部の市民はこれをよりバランスの取れた対応の機会だと見ている一方、他の人々はサゾン家の歴史的に緩やかな法執行の姿勢が紛争を長引かせる恐れがあると懸念している。現在も人々はどのような措置が講じられるかを待ちながら、街は緊張状態が続いている。"
ReportData,0x010000CA0000086D,Floating_Jales_GangWarErupts_UnleashSuOmina,ReportProperties.Title,スー・オミナの巡回が不安を招く
ReportData,0x010000CA0000086D,Floating_Jales_GangWarErupts_UnleashSuOmina,ReportProperties.Description,"スー・オミナのメンバーたちはジャレスの街頭に出て、この都市を巡って争うギャング組織を壊滅させるために残虐な手段を用いている。目撃者によると、テキスタイル・ロウでは激しい衝突が起き、ギャングの容疑者らが工房から引きずり出され拘束されたという。

スー・オミナが独自の正義を実行する中、特に移民労働者が住む地域の地元住民は恐怖と不信感を抱いている。店舗は早めに閉店し、街の安全が改善されたのか悪化したのか分からず、一部の家族は家の中に留まることを選んでいる。"
ReportData,0x010000A300000BC3,Floating_Mermi_HoardingBlackout,ReportProperties.Title,物資を買いだめする人々により、生活必需品が不足している
ReportData,0x010000A300000BC3,Floating_Mermi_HoardingBlackout,ReportProperties.Description,地方政府は、市内を襲っている断続的な停電の影響で生じている重要物資の買いだめ行為を住民にやめるよう呼びかけている。当局は、現在物資に不足はないものの、買いだめ行為が人為的な不足を引き起こしていると指摘している。
ReportData,0x010000A3000007A8,Floating_Monqiz_Decision_RoyalYachtRestoration_Scrap,ReportProperties.Title,小規模な群衆が、リジアを永遠に去るRNリザニアに別れの声を送る
ReportData,0x010000A3000007A8,Floating_Monqiz_Decision_RoyalYachtRestoration_Scrap,ReportProperties.Description,モンキズ港には、かつて王室の名高いヨットであったRNリザニアに別れを告げるため、少数の王党派が集まっていた。その船がソードランドの港で解体されるべく港を離れていくと、見物人の中には涙を流す者も現れた。
ReportData,0x010000CA000007DA,Floating_Monqiz_DrugsFloodsPort_BribeDockworkersSmugglers,ReportProperties.Title,港湾地区に平穏が戻る
ReportData,0x010000CA000007DA,Floating_Monqiz_DrugsFloodsPort_BribeDockworkersSmugglers,ReportProperties.Description,"最近数日間でモンキズ港の活動は著しく落ち着きを見せ、報告される騒乱も減少し、暴力的な衝突も少なくなっている。埠頭労働者たちは港の役人たちとより率直に会話する姿が見られ、一部の航路も以前より整然としているようだ。

しかし、貨物倉庫付近の地元業者たちは、長年活動してきた密輸業者たちと、王室を代表すると主張する新参者たちとの間に異例の同盟が結ばれていると囁き合っている。秩序の回復を喜ぶ人々も多いが、この急な行動変化により不安を感じる住民もいる。"
ReportData,0x010000CA00000786,Floating_Monqiz_DrugsFloodsPort_DeployTorasTroops,ReportProperties.Title,王立軍、モンキズの街路を一掃
ReportData,0x010000CA00000786,Floating_Monqiz_DrugsFloodsPort_DeployTorasTroops,ReportProperties.Description,"トラス家の部隊がモンキズ全土に展開され、ラツプサイスやイシヤシュの流れを食い止めるため、既知の麻薬密売拠点や密輸ルートを標的にしている。

港湾地区の住民は街が静かになったと報告しているが、重武装した巡回部隊の存在に不安を感じている。娯楽地区では来訪者が減少し、潜在的な衝突を避けるために早く店を閉める施設もある。厳しい対策を評価する人々もいる一方で、軍の存在が状況を悪化させるのではないかと懸念する人々もいる。"
ReportData,0x010000CA00000823,Floating_Monqiz_DrugsFloodsPort_DontDoAnything,ReportProperties.Title,モンキズ港で麻薬危機が深刻化
ReportData,0x010000CA00000823,Floating_Monqiz_DrugsFloodsPort_DontDoAnything,ReportProperties.Description,"当局の介入がないため、モンキズ港ではラツプサイスとイシヤシュの流行が引き続き人々の生活を乱している。薬物関連の事件も増加傾向にあり、地元の病院では過剰摂取の症状を訴える患者が急増していると報告されている。

窃盗や暴力行為が増え、貿易も観光業も妨げられているため、商人たちは不満を募らせている。港湾労働者たちも状況の悪化によってビジネスが減少し、都市の評判が傷つくことを恐れ、ますます不安を感じている。"
ReportData,0x010000CA000007F9,Floating_Monqiz_DrugsFloodsPort_TemporaryPortRestrictions,ReportProperties.Title,貿易制限が港の活動に影響を与える
ReportData,0x010000CA000007F9,Floating_Monqiz_DrugsFloodsPort_TemporaryPortRestrictions,ReportProperties.Description,"モンキズの港湾当局は、アガードおよびヴェーレンからの輸入品に対して新たな関税と輸入制限を実施し始めている。通関検査が厳しくなるにつれて荷物の遅延が報告され、中には全く受け取られない貨物も出てきている。輸入品に依存する地元企業は財政的な負担を懸念している。

港湾労働者たちは外国船の停泊数が減少していることに気づき、貿易収入の低下が起こるのではないかと恐れている。密輸に対する厳しい姿勢を支持する住民もいる一方で、外交的緊張が高まることでモンキズの経済が損なわれるのではないかと心配する人々もいる。"
ReportData,0x010000CA000007B0,Floating_Monqiz_DrugsFloodsPort_TightenCoastalGuard,ReportProperties.Title,厳格な検査により港の業務が遅延
ReportData,0x010000CA000007B0,Floating_Monqiz_DrugsFloodsPort_TightenCoastalGuard,ReportProperties.Description,"沿岸警備隊はモンキズにおいて海上検査を強化し、入港するすべての船舶に対して密輸品の有無を調べている。当局は違法な物資の摘発に成功していると報告しているが、埠頭の商人たちは長時間の遅延に不満を漏らしている。

東部埠頭の一部の船長たちは、過度な検査によって商品が腐敗し、経済的損失が生じていると主張している。一方、桟橋付近の地元店舗では、運送業者が納品スケジュールを守れず、顧客が減少している。"
ReportData,0x010000CA00001077,Floating_Montaklar_Decision_GolcondistProtestsOne,ReportProperties.Title,ヴルヘックの聖堂で緊張が高まる
ReportData,0x010000CA00001077,Floating_Montaklar_Decision_GolcondistProtestsOne,ReportProperties.Description,報道によると、ゴルコンド主義の聖職者がその聖堂の内部で祈ろうとしたため、同聖堂から追放されたという。目撃者らはそのやり取りを緊張したものだったと述べており、聖堂の聖職者たちは「信仰の相容れなさ」を追放の理由として挙げている。この出来事により、自分たちの信仰がますます周辺化されている証拠だと見なすゴルコンド主義の共同体の間で不満が高まっている。
ReportData,0x010000CA000010A1,Floating_Montaklar_Decision_GolcondistProtestsOne_CallHarmony,ReportProperties.Title,緊張状態において宮殿が冷静を呼びかける
ReportData,0x010000CA000010A1,Floating_Montaklar_Decision_GolcondistProtestsOne_CallHarmony,ReportProperties.Description,"最近の聖堂を巡る争議を受け、当局は平和を呼びかける公的な宣言を出した。主流派のヴルヘック教徒およびゴルコンド主義徒の聖職者たちが非公開の協議に招かれ、一方でモンタクラル全土には寛容さを促す公共広告が放映されている。

この措置により抗議活動の勢いは鈍化したものの、根深い対立は依然として残っている。"
ReportData,0x010000CA00001152,Floating_Montaklar_Decision_GolcondistProtestsOne_DoNothing,ReportProperties.Title,当局が沈黙を続ける中、抗議活動は依然として続いている
ReportData,0x010000CA00001152,Floating_Montaklar_Decision_GolcondistProtestsOne_DoNothing,ReportProperties.Description,"モンタクラルでは、政府の対応がないことで勢いを増すゴルコンド主義のデモ参加者たちが、ヴルヘック教の聖堂の外に引き続き集まっている。かつては少人数だった群衆は、近隣の町からも新たな抗議者が押し寄せることで増え続けている。

交通の混乱や店舗の閉鎖が中心部地域の日常生活に影響を及ぼし始めており、ゴルコンド主義の権利を公式に認めるよう求める声もますます大きくなっている。"
ReportData,0x010000CA00001133,Floating_Montaklar_Decision_GolcondistProtestsOne_GoldenGuardSent,ReportProperties.Title,近衛兵、モンタクラルでの抗議活動を鎮圧
ReportData,0x010000CA00001133,Floating_Montaklar_Decision_GolcondistProtestsOne_GoldenGuardSent,ReportProperties.Description,"エリートである近衛兵たちが秩序を回復させ、宗教施設周辺にいるゴルコンド主義のデモ参加者を排除するためにモンタクラルに到着した。この作戦は迅速に行われ、警官が出動する前に抗議者には数分間で解散するよう命じられた。

大規模な暴力事態は起こらなかったものの、数人の抗議者が拘束され、ゴルコンド主義のコミュニティが住む地域では依然として緊張が高い状態が続いている。"
ReportData,0x010000CA00001114,Floating_Montaklar_Decision_GolcondistProtestsOne_SuOminaSent,ReportProperties.Title,スー・オミナの巡視隊がゴルコンド主義の抗議を解散させる
ReportData,0x010000CA00001114,Floating_Montaklar_Decision_GolcondistProtestsOne_SuOminaSent,ReportProperties.Description,スー・オミナのメンバーたちが、王室によるゴルコンド主義のデモ終了決定を受けて、モンタクラル内のヴルヘック教聖堂付近で巡回しているのが目撃されている。抗議者たちはすぐに解散させられ、大きな衝突は報告されていないものの、数人の目撃者はその巡回を威圧的だと述べている。
ReportData,0x010000CA000010CB,Floating_Montaklar_Decision_GolcondistProtestsOne_SupportWruhecists,ReportProperties.Title,国王、ヴルヘック教の伝統を承認
ReportData,0x010000CA000010CB,Floating_Montaklar_Decision_GolcondistProtestsOne_SupportWruhecists,ReportProperties.Description,"政府の関係者たちは、最近の騒動を受けてヴルヘック教の聖堂への支援を表明した。宗教指導者たちはこの動きを自らの権威の再確認として称賛したが、ゴルコンド主義の代表者は失望の意を示した。

主要な聖堂周辺では引き続き厳重な警備が続いているが、新たな事件は報告されていない。"
ReportData,0x010000CA000010F5,Floating_Montaklar_Decision_GolcondistProtestsOne_WruhecsGuardiansSent,ReportProperties.Title,近衛兵、聖堂の門で秩序を回復
ReportData,0x010000CA000010F5,Floating_Montaklar_Decision_GolcondistProtestsOne_WruhecsGuardiansSent,ReportProperties.Description,"今朝、ヴルヘック教徒の守護者たちがモンタクラルに到着し、聖堂周辺で集まっていたゴルコンド派のデモ参加者を解散させた。作戦は迅速かつほとんど暴力的ではなかったものの、一部の抗議者たちは地面に押し倒されてその地域から連れ去られたと報じられている。

聖堂は依然として監視下にあり、さらなる集結を防ぐために一時的な封鎖線が設置されている。周辺の通りでは日常的な活動が再開されているものの、状況は引き続き緊張している。"
ReportData,0x010000A100002FFC,Floating_Morella_PaymentFail_DontPay,ReportProperties.Title,モレラ、失敗に終わったエネルギー協定に失望
ReportData,0x010000A100002FFC,Floating_Morella_PaymentFail_DontPay,ReportProperties.Description,サルタナ首相は、我々が同国とのエネルギー取引を守り抜けなかったことに失望を示し、そのエネルギー貿易がリジアとモレラの関係において重要な基盤であったと述べた。
ReportData,0x010000A100002FF2,Floating_Morella_PaymentFail_Pay,ReportProperties.Title,モレラ、有望な合意の継続が可能に
ReportData,0x010000A100002FF2,Floating_Morella_PaymentFail_Pay,ReportProperties.Description,我が国のエネルギー備蓄が枯渇しているにもかかわらず、サルタナ首相は、一度だけの一時金を支払って契約を維持しようとする我々の姿勢を踏まえ、合意された契約が守られることを依然として期待している。
ReportData,0x010000CA000012D5,Floating_Nelvisar_Decision_WruhecistProtestsOne,ReportProperties.Title,修道院の聖職者たち、破壊行為に衝撃
ReportData,0x010000CA000012D5,Floating_Nelvisar_Decision_WruhecistProtestsOne,ReportProperties.Description,"ネルヴィサルにある神聖なヴルヘック教の修道院が破壊され、大切に保管されていた遺物が粉々にされ、壁面には反宗教的なスローガンが書き込まれた。加害者はまだ特定されていないが、容疑は地元の世俗主義団体に向けられている。

この行為により聖職者たちは激怒し、町の信者たちも動揺し、迅速な裁きと聖地のより一層の保護を求める声が高まっている。"
ReportData,0x010000CA00001332,Floating_Nelvisar_Decision_WruhecistProtestsOne_ArrestSeculars,ReportProperties.Title,調査の末、世俗主義活動家たちが拘束される
ReportData,0x010000CA00001332,Floating_Nelvisar_Decision_WruhecistProtestsOne_ArrestSeculars,ReportProperties.Description,"警察は、ヴルヘック教の聖堂が破壊された事件に関与している数名を逮捕した。当局によると、近隣の集会所から回収された証拠により、容疑者たちが世俗主義の擁護団体と関連していることが明らかになった。

ネルヴィサルでは反応が分かれており、ヴルヘック教の指導者たちは迅速な対応を称賛する一方で、市民的自由団体は宗教的偏見や政治的抑圧の悪化に警戒している。"
ReportData,0x010000CA0000137B,Floating_Nelvisar_Decision_WruhecistProtestsOne_BlameRadicals,ReportProperties.Title,聖職者たち、政府の対応を称賛
ReportData,0x010000CA0000137B,Floating_Nelvisar_Decision_WruhecistProtestsOne_BlameRadicals,ReportProperties.Description,改革主義的な思想を非難する公の発言が相次いだ後、ネルヴィサルのヴルヘック教徒の聖職者たちは王室の姿勢を称賛している。現在、市内各地で行われる説教では忠誠心や精神的規律といったテーマが強調され、通常より多くの信者が集まっている。
ReportData,0x010000CA000012FF,Floating_Nelvisar_Decision_WruhecistProtestsOne_DenounceAct,ReportProperties.Title,国王、破壊行為の発生を受けて鎮静を呼びかける
ReportData,0x010000CA000012FF,Floating_Nelvisar_Decision_WruhecistProtestsOne_DenounceAct,ReportProperties.Description,ネルヴィサル全土で放送された公的な演説の中で、国王はヴルヘック教の聖堂が冒涜されたことを非難し、すべての共同体に団結するよう呼びかけた。多くの人々がこの平和的なメッセージを評価した一方で、加害者に即座の処罰が下らないことに不満を示す声も上がった。
ReportData,0x010000CA0000135C,Floating_Nelvisar_Decision_WruhecistProtestsOne_DisperseWruhecists,ReportProperties.Title,ネルヴィサルで警察がデモを鎮圧
ReportData,0x010000CA0000135C,Floating_Nelvisar_Decision_WruhecistProtestsOne_DisperseWruhecists,ReportProperties.Description,"今朝早く、警察官たちが町の中心部に入り、ヴルヘック教徒の聖職者たちとその支持者たちを解散させた。この衝突は短時間だったが緊張感に満ちており、叫び声や押し合いが起き、数人が逮捕されたとの報告がある。

地元当局は、公共の秩序を維持するためにその措置が必要だったと述べている。しかし、一部の住民は、この弾圧によって緊張がさらに高まっただけだと言っている。"
ReportData,0x010000CA00001313,Floating_Nelvisar_Decision_WruhecistProtestsOne_FundRepairs,ReportProperties.Title,破壊された聖堂で復興が始まる
ReportData,0x010000CA00001313,Floating_Nelvisar_Decision_WruhecistProtestsOne_FundRepairs,ReportProperties.Description,建設作業員たちがネルヴィサルにある冒涜された聖ヴルヘック教の遺跡に到着し、王室から資金提供を受けて修復作業を開始した。今や足場がその聖堂の破壊された部分沿いに設置されており、聖職者やボランティアたちが近くに集まって祝福を与え、作業を監督している。
ReportData,0x010000CA000014D2,Floating_Plavo_Decision_ExpeditePlavoOne_HireSpikestonExperts,ReportProperties.Title,ルンブルクの建設作業員たち、プラヴォに到着
ReportData,0x010000CA000014D2,Floating_Plavo_Decision_ExpeditePlavoOne_HireSpikestonExperts,ReportProperties.Description,"スパイクストン・ビルダーズ・インコーポレイテッドの労働者や技師たちが、特徴的な黒と銀の制服を着用したままプラヴォに到着した。この会社はスピードと正確さで知られており、彼らの機材はすでにその聖堂の建設現場で主力として使われている。

一部の住民は、これほど神聖な修復作業に外国人が関与することに不安を抱いているものの、地元当局者たちは同社の比類ない効率性と実績のある実績を強調している。"
ReportData,0x010000CA00001456,Floating_Plavo_Decision_ExpeditePlavoOne_HireTopManagers,ReportProperties.Title,聖域建設現場で新たなプロジェクトマネージャーが指揮を執る
ReportData,0x010000CA00001456,Floating_Plavo_Decision_ExpeditePlavoOne_HireTopManagers,ReportProperties.Description,"精鋭のプロジェクトマネージャーたちが、聖域の復元作業を監督するためにプラヴォに到着した。

工事現場は再編され、入口付近には新しいスケジュールや効率目標が掲示されている。地元の職人たちは連携がより密接になり資材の届け渡しが速くなったと報告しているが、長年働いてきた従業員の中にはこの速いペースに慣れようとしている者もいる。"
ReportData,0x010000CA000014B3,Floating_Plavo_Decision_ExpeditePlavoOne_HireUnderhallExperts,ReportProperties.Title,ソードランドの技術者たちがプラヴォに到着
ReportData,0x010000CA000014B3,Floating_Plavo_Decision_ExpeditePlavoOne_HireUnderhallExperts,ReportProperties.Description,"アンダーホール建設からの代表団が、遅れている聖域の修復作業を支援するためプラヴォに到着した。東部メルコパ全域でのインフラ整備で知られるソードランド人のチームは、豊富な経験と厳格なプロジェクト管理能力を持っている。

町中には様々な反応が広がる中、現地の作業員たちに新しい作業手順が説明されている。外国人による支援を歓迎する者もいれば、それによって地元の職人たちが打撃を受けるのではないかと懸念する者もいる。"
ReportData,0x010000CA00001480,Floating_Plavo_Decision_ExpeditePlavoOne_PromoteLocalSupervisors,ReportProperties.Title,地元住民が復興作業を主導
ReportData,0x010000CA00001480,Floating_Plavo_Decision_ExpeditePlavoOne_PromoteLocalSupervisors,ReportProperties.Description,"王室はプラヴォの聖域復元を監督するため、経験豊富な地元監督者たちを任命した。このような複雑な遺跡を管理するのに必要な技術力を向上させることを目的とした訓練プログラムがすでに開始されている。

住民たちは、自分たちの職人がこの神聖な作業を任されたことを誇りに思い、前向きな反応を示している。旧市街地のいくつかの工房が今では訓練場として使われ、新たな活力と目的意識に満ちて活気づいている。"
ReportData,0x010000CA0000149F,Floating_Plavo_Decision_ExpeditePlavoOne_WarnManagement,ReportProperties.Title,復旧チームに警戒命令が出される
ReportData,0x010000CA0000149F,Floating_Plavo_Decision_ExpeditePlavoOne_WarnManagement,ReportProperties.Description,"王室は、プラヴォにある聖域の復元を担当している現在の監督チームをそのまま留めることを決定した。しかし、管理不行き届きと進捗の遅れを理由に正式な叱責が下されている。

現在、プロジェクトの責任者たちはより厳しい監視を受けており、作業員たちも長時間労働やより厳格な期限に直面している。この圧力が実際の進展につながるかどうかは未だ分からない。"
ReportData,0x010000CA00001583,Floating_Plavo_Decision_ExpeditePlavoTwo_Force18HourShifts,ReportProperties.Title,聖域で長時間労働が労働者を疲弊させる
ReportData,0x010000CA00001583,Floating_Plavo_Decision_ExpeditePlavoTwo_Force18HourShifts,ReportProperties.Description,"最近導入された18時間労働制により、プラヴォ聖域建設現場の労働者たちの間に静かな不満が広がっている。建設作業は目に見えて加速しているものの、足場周辺の雰囲気は緊張したものとなっている。

複数の労働者が疲労のあまり倒れたと報告されており、他の労働者たちは日増しに高まるプレッシャーや危険な労働環境を訴えている。当初はこのプロジェクトを支持していた地元の司祭たちでさえ、聖地復元作業に従事する労働者たちが被っている負担について懸念の声を上げ始めている。"
ReportData,0x010000CA00001564,Floating_Plavo_Decision_ExpeditePlavoTwo_HireMoreLaborHands,ReportProperties.Title,新たな労働者たちが復興運動に参加
ReportData,0x010000CA00001564,Floating_Plavo_Decision_ExpeditePlavoTwo_HireMoreLaborHands,ReportProperties.Description,"新たな労働者の波がプラヴォ聖域建設現場に到着し、現在進行中の修復作業を支援するために雇われた。彼らの存在によって工事は加速されているものの、賃金や労働環境に関する懸念が高まっている。

地元住民によると、新しい労働者の多くは短期契約で連れてこられ、訓練もほとんど受けておらず、福利厚生もほとんどない。進捗は見えているものの、このようなコスト削減策がプロジェクトの神聖さに合致しているかどうかを疑問視する声もある。"
ReportData,0x010000CA00001526,Floating_Plavo_Decision_ExpeditePlavoTwo_ImproveWorkerConditions,ReportProperties.Title,復興作業の一環として労働者住宅が改修される
ReportData,0x010000CA00001526,Floating_Plavo_Decision_ExpeditePlavoTwo_ImproveWorkerConditions,ReportProperties.Description,"現場の労働者たちから歓迎される動きとして、王政はプラヴォ聖域建設地帯にある居住施設の大幅な改善を命じた。  

新しい寝具や温かい食事、日陰のある休憩エリアが導入され、地元の供給業者たちがこれらの改良を支援している。監督者たちによれば、工事が進むにつれて労働者たちの士気も明らかに向上しているとのことだ。"
ReportData,0x010000CA00001545,Floating_Plavo_Decision_ExpeditePlavoTwo_IncreasePressure,ReportProperties.Title,労働者への圧力が高まり、緊張が激化する
ReportData,0x010000CA00001545,Floating_Plavo_Decision_ExpeditePlavoTwo_IncreasePressure,ReportProperties.Description,聖域の修復現場の監督者たちは要求を強め、追加の資源もないまま、より厳しい期限を守るよう作業班に迫っている。作業は続いているものの、足場のあちこちで不満の声が漏れ、増えた仕事量に疲れや苛立ちを口にする作業員もいる。
ReportData,0x010000CA000014FC,Floating_Plavo_Decision_ExpeditePlavoTwo_InvestTopEquipmentLogi,ReportProperties.Title,復興プロジェクト、後押しを受ける
ReportData,0x010000CA000014FC,Floating_Plavo_Decision_ExpeditePlavoTwo_InvestTopEquipmentLogi,ReportProperties.Description,"プラヴォでは建設作業員たちが新しく届けられた機材や改良された輸送システムを使って作業を行っており、これは聖域の復元を加速させるためのより大規模な取り組みの一環である。

専門的な道具や物流面での改善により、チームは毎日より多くの作業をこなすことができ、現場の管理者たちから称賛を受けている。現場を通りかかる地元住民も、足場が拡張され、新しい資材がより厳格なスケジュールで届けられるなど、作業のペースが再び上がっていることに気づいている。"
ReportData,0x010000CA00001044,Floating_Plavo_Decision_GolcondistApproval_CeremonialVolunteers,ReportProperties.Title,巡礼者たち、呼びかけに応じる
ReportData,0x010000CA00001044,Floating_Plavo_Decision_GolcondistApproval_CeremonialVolunteers,ReportProperties.Description,"聖域の外で行われた式典で、ゴルコンド主義の聖職者数名が、王国への奉仕を通じて信仰を示すよう信者たちに呼びかけた。

その後、多くの若い巡礼者が名乗り出て、民間や後方支援の役割に就くことを申し出ている。市の当局は軍の募集担当者と連携を始め、この動きを愛国的かつ宗教的な義務として位置づけている。"
ReportData,0x010000CA0000106C,Floating_Plavo_Decision_GolcondistApproval_DiscourageReform,ReportProperties.Title,聖職者たち、改革派の宣伝活動に警戒を促される
ReportData,0x010000CA0000106C,Floating_Plavo_Decision_GolcondistApproval_DiscourageReform,ReportProperties.Description,"聖域の近くで、王室の使者とゴルコンド主義の聖職者たちとの間で静かな話し合いが持たれ、説教や公の発言を控えめにするよう促した。正式な勅令は出ていないものの、影響力のある何人かの人物は、公の集まりでの言葉遣いを目に見えて和らげている。

広場での最近の説教は、社会改革よりも精神的な団結に重きを置くようになっている。この変化に戸惑う巡礼者もいるが、大半は変わらず儀式を続けている。"
ReportData,0x010000CA00001025,Floating_Plavo_Decision_GolcondistApproval_FaithGatherings,ReportProperties.Title,巡礼が再開される
ReportData,0x010000CA00001025,Floating_Plavo_Decision_GolcondistApproval_FaithGatherings,ReportProperties.Description,"プラヴォにおけるゴルコンド主義の儀式を王室が支援していることで、聖域付近での集会が再び増えてきている。地元の聖職者たちが毎週の儀式を行うようになり、巡礼者も絶え間なく訪れ続けている。

聖域周辺の商人たちは来訪者数の増加を報告しており、アザロ家の代表者は増え続ける群衆の中で秩序を保つために静かに警備を強化している。この街の霊的な雰囲気は日を追うごとに深まっている。"
ReportData,0x010000CA00001058,Floating_Plavo_Decision_GolcondistApproval_ModestOfferings,ReportProperties.Title,巡礼期間中に集まった王室への寄付金
ReportData,0x010000CA00001058,Floating_Plavo_Decision_GolcondistApproval_ModestOfferings,ReportProperties.Description,"プラヴォの日差しが降り注ぐ広場には、王家の紋章が刻まれた控えめな寄付箱が神社や聖堂の門の近くに設置されている。聖職者たちは静かに公共の利益への貢献について語り、巡礼者たちに王国のためにできる限りのものを分け与えるよう呼びかけている。

ほとんどの信者は喜んで寄付をしているが、ごく少数の訪問者はこの要請の背後にある精神的意図に疑問を抱いている。至聖堂の金色のドームは引き続き人々を引きつけており、そこでは神聖な賛歌と硬貨が軽く触れ合う音が混在している。"
ReportData,0x010000CA00001082,Floating_Plavo_Decision_GolcondistProtestsOne,ReportProperties.Title,ゴルコンド主義信奉者たち、団結して集会を開く
ReportData,0x010000CA00001082,Floating_Plavo_Decision_GolcondistProtestsOne,ReportProperties.Description,ゴルコンド主義の信者たちからなる小規模な集団が、ヴルヘック教の聖地の外に集まり、祈りを唱えたり横断幕を掲げたりしている。これらのデモは正式な承認を求めるとともに、参加者たちが自分たちの信仰に対する継続的な差別の終結を要求している。
ReportData,0x010000CA000016F8,Floating_Plavo_Decision_PlavoRestoration_DerdianExperts,ReportProperties.Title,デルディアの専門家たちが復興作業に参加
ReportData,0x010000CA000016F8,Floating_Plavo_Decision_PlavoRestoration_DerdianExperts,ReportProperties.Description,"聖域の修復を支援するため、デルディアから熟練のチームがプラヴォに到着した。聖地の修復経験で知られる一行は、さっそくドームの構造の調査に取りかかった。

市の当局は彼らの技術的な価値を強調しているが、聖職者や巡礼者の一部は彼らの関与に不安を抱いている。事業の責任者によれば、監督は引き続きリジア側が担う。"
ReportData,0x010000CA000016DA,Floating_Plavo_Decision_PlavoRestoration_HireInternationalExperts,ReportProperties.Title,外国人専門家たち、プラヴォ復興作業に参加
ReportData,0x010000CA000016DA,Floating_Plavo_Decision_PlavoRestoration_HireInternationalExperts,ReportProperties.Description,国際的に認められた復元専門家のチームがプラヴォに到着し、現地の作業員たちが知らない特殊な道具や技術を持参している。聖域の工事は著しく加速し、現在は繊細なモザイクや構造強化に力が注がれている。
ReportData,0x010000CA000016B9,Floating_Plavo_Decision_PlavoRestoration_HireRomusTorasExperts,ReportProperties.Title,ロムス・トラス大学から専門家たちが到着
ReportData,0x010000CA000016B9,Floating_Plavo_Decision_PlavoRestoration_HireRomusTorasExperts,ReportProperties.Description,今週、熟練した専門家チームがロムス・トラス大学から到着し、プラヴォ聖域の復元作業が加速された。宗教遺跡の保存における高い技術力で知られるこのチームは、直ちに聖域内で最も脆弱な部分の調査を開始した。
ReportData,0x010000520001057B,Floating_Plavo_SanctuaryConstructionBegins,ReportProperties.Title,プラヴォ聖域で改修工事が始まる
ReportData,0x010000520001057B,Floating_Plavo_SanctuaryConstructionBegins,ReportProperties.Description,カルデス＝モンタクラルにある有名なヴルヘック教の礼拝所であるプラヴォ聖域の改修作業が始まった。近年に受けた被害の修理に加え、建築家たちはより多くの席を設置し、訪問者数の増加に対応するために階段やバルコニーも修復する計画だ。この聖堂は数年間工事が続き、その間は訪問者に閉鎖されることになる。
ReportData,0x01000065000092E7,Floating_Plavo_SanctuaryRestorationCompleted,ReportProperties.Title,プラヴォ聖域の復元、大規模集会で祝われる
ReportData,0x01000065000092E7,Floating_Plavo_SanctuaryRestorationCompleted,ReportProperties.Description,"プラヴォ聖域の復元は、何千人ものヴルヘック教徒が集まる大規模な儀式によって祝われ、マリン・アザロとヨナス・ベラールという長老たちによる共同の祝福が行われた。この式典では、聖ヴルヘックとその弟子たちの教えを広める上での聖域の役割が強調され、地域住民たちが自らの体験や話を共有した。

最後に川面へ灯籠を放つ行事が行われ、それは希望と団結を象徴していた。"
ReportData,0x010000CA00000E4E,Floating_PorteDrazon_Decision_DastnuristProtestsOne,ReportProperties.Title,抗議活動が周辺地域に拡大
ReportData,0x010000CA00000E4E,Floating_PorteDrazon_Decision_DastnuristProtestsOne,ReportProperties.Description,"反ダストヌリティ派のパンフレットをめぐる論争はポルテ・ドラゾンにも及び、そこでは地元の聖職者たちが公的なデモ行進の組織を始めている。抗議者たちは、自分たちの信仰に対する組織的な攻撃だと見なすその行為を即座に止めるよう要求している。

聖堂であれ市場であれ緊張が高まる中、当局は状況を監視している。"
ReportData,0x010000CA00000F29,Floating_PorteDrazon_Decision_DastnuristProtestsOne_DoNothing,ReportProperties.Title,首都におけるダストヌリティ派の存在感が強まる
ReportData,0x010000CA00000F29,Floating_PorteDrazon_Decision_DastnuristProtestsOne_DoNothing,ReportProperties.Description,"ポルテ・ドラゾンでは、ダストヌリティ派の聖職者たちが政府の無策に対する不満を示すため、聖堂や公共広場に集まり始めている。

これらの集会は平和的なものだが、好奇心を持った人々が集まり、地域の巡回警備が目立って増加する結果となっている。住民たちの関心が高まる中、聖職者たちは精神的な衰退や伝統を守る必要性について語っている。"
ReportData,0x010000CA00000F53,Floating_PorteDrazon_Decision_DastnuristProtestsTwo_BanMarches,ReportProperties.Title,進軍行為、違法と宣言
ReportData,0x010000CA00000F53,Floating_PorteDrazon_Decision_DastnuristProtestsTwo_BanMarches,ReportProperties.Description,"王室は公共の秩序と高まる緊張を理由に、大規模なダストヌリティ派の宗教的行進を正式に禁止した。当局が広場や路地から抗議のバナーを撤去する姿が見られた。

現在は街中が静かなままだが、宗教指導者たちはこの措置が放置され続ければさらなる騒乱を引き起こす可能性があると警告している。"
ReportData,0x010000CA00000FFB,Floating_PorteDrazon_Decision_DastnuristProtestsTwo_CapitalPolice,ReportProperties.Title,首都警察、秩序回復に成功
ReportData,0x010000CA00000FFB,Floating_PorteDrazon_Decision_DastnuristProtestsTwo_CapitalPolice,ReportProperties.Description,"リジア王立警察は夜明けと共に出動し、ダストヌリティ派の静かな行進を解散させた。警官たちは代議院付近の主要交差点を封鎖し、デモ参加者たちを穏やかに川岸方向へと押し戻した。

この作戦は概ね非暴力的だったが、散発的な抵抗により数回の短時間の拘束が行われた。宗教指導者たちはこの対応を過剰だと非難している一方、一部の市民は首都で最も混雑する地区に秩序が戻ったことを称賛している。"
ReportData,0x010000CA00000FD1,Floating_PorteDrazon_Decision_DastnuristProtestsTwo_Donation,ReportProperties.Title,ダストヌリティ派機関への惜しみない寄付
ReportData,0x010000CA00000FD1,Floating_PorteDrazon_Decision_DastnuristProtestsTwo_Donation,ReportProperties.Description,"沈黙の行進の後、王室がダストヌリティ派の機関に多額の寄付を行うと発表したことで、街の雰囲気は変わった。かつて厳しい表情を見せていた聖職者たちが、ジルバの聖域の外で王室の使者たちと会っており、その表情は以前より和らいでいた。

ドラゾンの旧市街には、関連する慈善団体向けの寄付箱が一晩で設置された。"
ReportData,0x010000CA00000F7D,Floating_PorteDrazon_Decision_DastnuristProtestsTwo_GoldenGuardDeployed,ReportProperties.Title,近衛兵、デモを解散させる
ReportData,0x010000CA00000F7D,Floating_PorteDrazon_Decision_DastnuristProtestsTwo_GoldenGuardDeployed,ReportProperties.Description,"今日、ポルテ・ドラゾンで行われていた沈黙のデモは、近衛兵が介入したことにより劇的に中止された。目撃者によると、正午過ぎすぐに金色の装備を着た部隊が動き出し、バリケードを設置して交渉なくデモ参加者を解散させたという。

群衆は概ね平和的だったものの、抗議者たちが抵抗したため若干の負傷者が出たと報告されている。"
ReportData,0x010000CA00000FA7,Floating_PorteDrazon_Decision_DastnuristProtestsTwo_PublicAcknowledgment,ReportProperties.Title,国王、デモ隊の要求に応える
ReportData,0x010000CA00000FA7,Floating_PorteDrazon_Decision_DastnuristProtestsTwo_PublicAcknowledgment,ReportProperties.Description,"数日間の沈黙の後、王室は最近のデモでダストヌリティ派の指導者たちが提起した懸念を認める正式な演説を行った。

その演説文の写しが政府建物の外に掲示され、聖職者や支持者たちが静かに集まっている広場で声高に読み上げられた。その調子は静かな賛同を得たものの、確固とした政策変更がない点を指摘する声もあった。"
ReportData,0x010000CA00000AEC,Floating_PorteDrazon_Decision_ReligiousRevenues_ModerateDecline,ReportProperties.Title,宗教的寄付がわずかに減少
ReportData,0x010000CA00000AEC,Floating_PorteDrazon_Decision_ReligiousRevenues_ModerateDecline,ReportProperties.Description,"宗務局の報告によると、十分の一税や寄進金、儀式に伴う負担金の収入はわずかに減少している。一部のコミュニティでは引き続き定期的な寄付が行われているものの、経済的困難や社会的動乱の影響を受けた地域を中心に減少傾向にある。

ウィスセラーたちは、寄付額の減少が地域プログラムや聖堂の維持管理の資金調達に悪影響を及ぼすのではないかと懸念している。彼らはコミュニティとの連携や信仰に基づく取り組みを通じて、再び支援が行われるよう促す努力を続けている。"
ReportData,0x010000CA00000AE1,Floating_PorteDrazon_Decision_ReligiousRevenues_ModerateRise,ReportProperties.Title,宗教関連収入の着実な増加
ReportData,0x010000CA00000AE1,Floating_PorteDrazon_Decision_ReligiousRevenues_ModerateRise,ReportProperties.Description,"宗務局の収入である十分の一税や寄進金は緩やかに増加しており、これは市民の参加が着実に前向きな傾向にあることを示している。特に都市部の聖堂や小規模な地域集会において寄付額がわずかに上昇している。

ウィスセラーたちは、この増加が最近実施された社会啓発プログラムや季節ごとの儀式により予想以上の来場者が集まったことに起因すると考えている。劇的な上昇ではないものの、この段階的な改善は地域社会からの持続的な支援への期待をもたらしている。"
ReportData,0x010000CA00000AF7,Floating_PorteDrazon_Decision_ReligiousRevenues_SubstantialDecline,ReportProperties.Title,宗教関連収入の急激な減少
ReportData,0x010000CA00000AF7,Floating_PorteDrazon_Decision_ReligiousRevenues_SubstantialDecline,ReportProperties.Description,"宗務局の報告によると、十分の一税や寄進金、儀式に伴う負担金の収入が大幅に減少している。王国中の聖堂はこれまで通りの財政的支援を維持するのに苦労しており、一部のウィスセラーたちはこの減少を経済的困難と人々の関心低下が原因だと見ている。

この減少はすでにいくつかの地域活動に影響を及ぼしており、予算の制約から一部の聖堂では支援プログラムを縮小している。宗教指導者たちは困難な時期においても精神的・共同体としての絆を維持する重要性を強調し、信者たちに再び献身を呼びかけている。"
ReportData,0x010000CA00000AD6,Floating_PorteDrazon_Decision_ReligiousRevenues_SubstantialRise,ReportProperties.Title,宗教的寄付が急増
ReportData,0x010000CA00000AD6,Floating_PorteDrazon_Decision_ReligiousRevenues_SubstantialRise,ReportProperties.Description,"宗務局の報告によると、王国全土で十分の一税や寄進金、儀式に伴う負担金の収入が大幅に増加している。この上昇は、最近の宗教的な行事や信教活動への市民の関心高まりが要因とされている。

主要都市にある宗教施設の責任者たちは、再び得られた支援に感謝の意を示し、これらの資金が地域のプログラムを強化し、聖堂の維持管理に役立つと述べている。精神的な集まりへの熱意が高まる中、宗教施設は繁栄しており、地域社会におけるその役割をより一層固めている。"
ReportData,0x010000CA00000B1F,Floating_PorteDrazon_Decision_StockExchangeLeader_ElenaWerner,ReportProperties.Title,信頼される指導者の控えめなスタート
ReportData,0x010000CA00000B1F,Floating_PorteDrazon_Decision_StockExchangeLeader_ElenaWerner,ReportProperties.Description,"エレナ・ヴェルナーは今日、新設されたポルテ・ドラゾン証券取引所に到着し、数人の顧問が同行する簡素な車列から降り立った。実用的でありながらも上品な服装を身にまとい、彼女は温かい笑顔で集まった群衆に挨拶をし、建物内に入る前に地元の官僚たちと数言交わした。

彼女の就任に対しては慎重な楽観論が示されており、多くの人々がこの証券取引所の成長期を乗り切る上で彼女の安定した手腕が不可欠だと考えている。企業経営者たちは、彼女が成長と安定のバランスを取れる能力に自信を示しているが、若手起業家の中には、彼女の保守的な姿勢が革新を妨げるのではないかと疑問視する者もいる。"
ReportData,0x010000CA00000B14,Floating_PorteDrazon_Decision_StockExchangeLeader_RustyMontoro,ReportProperties.Title,証券取引所での華々しい登場
ReportData,0x010000CA00000B14,Floating_PorteDrazon_Decision_StockExchangeLeader_RustyMontoro,ReportProperties.Description,"ルッセロ・“ラスティ”・モントーロは本日、新たに開設されたポルテ・ドラゾン証券取引所に到着し、自らの高級車列と少数のビジネスパートナーを連れて声明を発表した。オーダメイドのスーツを身にまとったラスティは、自信に満ちた手振りで報道陣に挨拶した後、取引所の新しい経営チームと会うために内部へ向かった。

洗練されたガラス造りの建物の外には観衆が集まり、中にはその有名な実業家を応援する者もいれば、王国の金融の将来に対する彼の影響力を懸念する者もいた。ラスティが指導者としての地位に就くにつれて、彼のリーダーシップがもたらす影響に関する議論が街中で広まっていった。"
ReportData,0x010000CA000013B9,Floating_PorteDrazon_Decision_WruhecistProtestsTwo_AzaroCrackdown,ReportProperties.Title,アザロ軍、説教の鎮圧のために到着
ReportData,0x010000CA000013B9,Floating_PorteDrazon_Decision_WruhecistProtestsTwo_AzaroCrackdown,ReportProperties.Description,"今日、アザロ家に属する部隊が首都に派遣され、市内の広場を席巻していたヴルヘック教徒のデモを鎮圧した。

この介入は迅速だったが強硬なものであり、作戦中に複数の傍観者が負傷したと報告されている。宗教指導者たちが信仰に関する問題への貴族勢力の関与を非難しているため、依然として緊張状態が続いている。"
ReportData,0x010000CA0000139A,Floating_PorteDrazon_Decision_WruhecistProtestsTwo_ClericArrests,ReportProperties.Title,激しい説教の後、聖職者たちが拘束される
ReportData,0x010000CA0000139A,Floating_PorteDrazon_Decision_WruhecistProtestsTwo_ClericArrests,ReportProperties.Description,"当局は迅速に行動し、市内の広場で情熱的な説教を行っていた数名のヴルヘック教の聖職者を拘束した。

目撃者によると、より大きな宗教的権威の確立を求める呼びかけを聞くために人々が集まったジルバの聖域付近では混乱した光景が見られた。これらの逮捕によって首都全土で緊張が高まり、秩序維持のための必要な措置だとする声もある一方、信仰への攻撃だと非難する声も上がっている。"
ReportData,0x010000CA000013E3,Floating_PorteDrazon_Decision_WruhecistProtestsTwo_DelegatesNegotiation,ReportProperties.Title,政治代表団、聖職者たちと会談
ReportData,0x010000CA000013E3,Floating_PorteDrazon_Decision_WruhecistProtestsTwo_DelegatesNegotiation,ReportProperties.Description,"今日、リジア国民連合およびリジア人民党の代表者たちが、場所が明かされていない政府施設内でヴルヘック教徒の聖職者たちと会談を行った。両党が君主制側と宗教指導者たちとの間の調停を試みたため、会議は緊張した雰囲気に包まれていたと報じられている。

外では小規模な群衆が広場付近に集まり、解決の知らせを待っていた。合意が発表されていないものの、関係者によると話し合いは今週も続く見通しだ。"
ReportData,0x010000CA00001437,Floating_PorteDrazon_Decision_WruhecistProtestsTwo_LoyalistBribes,ReportProperties.Title,聖職者間の対立が表面化し始める
ReportData,0x010000CA00001437,Floating_PorteDrazon_Decision_WruhecistProtestsTwo_LoyalistBribes,ReportProperties.Description,"首都におけるヴルヘック教の聖職者たちの間に顕著な分裂が生じている。一部の者は依然として王室の姿勢を非難し続けているが、他方では忍耐や内部からの改革、そして精神的統一の維持について語るようになっている。

特定の聖職者たちと王室の使者たちとの間で最近非公開の会談が行われたという噂があるが、公式な発表によってこれが裏付けられたことはない。"
ReportData,0x010000CA0000140D,Floating_PorteDrazon_Decision_WruhecistProtestsTwo_MonitoredSpeeches,ReportProperties.Title,厳重な監視のもと、説教が続く
ReportData,0x010000CA0000140D,Floating_PorteDrazon_Decision_WruhecistProtestsTwo_MonitoredSpeeches,ReportProperties.Description,"街の中心広場では、ヴルヘック教徒の聖職者たちが増え続ける群衆に向かって熱意あふれる説教を続けている。制服を着た警官たちが集会の周辺で見張りをし、静かに様子を観察している。

そのメッセージ自体は平和的なものの、参加者たちが国家の微妙だが明確な存在感に気づくにつれて、水面下では緊張が高まっている。"
ReportData,0x010000CA00001A64,Floating_PorteDrazon_Economy_IncomeTax_SharpDecline,ReportProperties.Title,所得税の徴収額が急減
ReportData,0x010000CA00001A64,Floating_PorteDrazon_Economy_IncomeTax_SharpDecline,ReportProperties.Description,国家統計局は所得税収入の大幅な減少を指摘しており、財政計画関係者の間で懸念が高まっている。当局者らは、失業率の上昇と所得の減少こそがこの財政的不足の主な原因だと述べている。
ReportData,0x010000CA00001A4E,Floating_PorteDrazon_Economy_IncomeTax_SlightlyHigh,ReportProperties.Title,税収、わずかに増加
ReportData,0x010000CA00001A4E,Floating_PorteDrazon_Economy_IncomeTax_SlightlyHigh,ReportProperties.Description,ポルテ・ドラゾンにある国家統計局は、国民所得税の徴収額がわずかに増加したことを報告している。経済学者たちは、安定した雇用状況と最近行われた徴収プロセスの見直しがその要因であると指摘している。
ReportData,0x010000CA00001A59,Floating_PorteDrazon_Economy_IncomeTax_SlightlyLower,ReportProperties.Title,税収がわずかに減少
ReportData,0x010000CA00001A59,Floating_PorteDrazon_Economy_IncomeTax_SlightlyLower,ReportProperties.Description,首都にある国家統計局のデータによると、国民所得税の収入がわずかに減少している。この減速は、消費者活動の低下や一部産業の不振が原因である。
ReportData,0x010000CA00001A43,Floating_PorteDrazon_Economy_IncomeTax_VeryHigh,ReportProperties.Title,所得税による収入の急増
ReportData,0x010000CA00001A43,Floating_PorteDrazon_Economy_IncomeTax_VeryHigh,ReportProperties.Description,ポルテ・ドラゾンの国家統計局は、今四半期に所得税収入が著しく増加したと報告している。当局者らは、この増加の要因として規律の強化、主要産業における賃金上昇、そしてより広範な経済参加を挙げている。
ReportData,0x010000A3000004D3,Floating_Qalus_Decision_ValenqirisEnvironmentalCrisis_RankingDowngraded,ReportProperties.Title,汚染の懸念からブドウの品質が低下
ReportData,0x010000A3000004D3,Floating_Qalus_Decision_ValenqirisEnvironmentalCrisis_RankingDowngraded,ReportProperties.Description,ワイン造りの専門家たちは、ヴァレンキリス地方にある数々の有名なブドウ品種の品質評価を下げており、その中には伝説的なカントゥアーヴォ品種も含まれている。地下水への工業汚染が品質低下の原因だと指摘されている。
ReportData,0x010000A3000004E7,Floating_Qalus_Decision_ValenqirisEnvironmentalCrisis_Regulation,ReportProperties.Title,実業家たち、過度な規制を批判
ReportData,0x010000A3000004E7,Floating_Qalus_Decision_ValenqirisEnvironmentalCrisis_Regulation,ReportProperties.Description,地元の実業家たちは、国王によって定められた環境規制について不満を述べており、それらが「革新を妨げ」「リジア産業の競争力を危うくする」と主張している。
ReportData,0x010000A3000004DD,Floating_Qalus_Decision_ValenqirisEnvironmentalCrisis_Restoration,ReportProperties.Title,ブドウ園復元プロジェクトが開始される
ReportData,0x010000A3000004DD,Floating_Qalus_Decision_ValenqirisEnvironmentalCrisis_Restoration,ReportProperties.Description,ヴァレンキリス地方における自然復元の取り組みが現在進行中で、自然や世界的に有名なブドウ園に与えられた被害を元に戻すことを目指している。
ReportData,0x010000CA000012E0,Floating_Qalus_Decision_WruhecistProtestsOne,ReportProperties.Title,信者たち、連帯のため夜通し祈りを続ける
ReportData,0x010000CA000012E0,Floating_Qalus_Decision_WruhecistProtestsOne,ReportProperties.Description,ヴルヘック教の修道院が冒涜されたことに対し、カルスの地元信者たちが厳かなろうそく灯しの夜警を行うため集まっている。聖職者たちも群衆に加わり、正義の実現を呼びかけ、王国の聖地をより強固に保護するよう当局に要請している。
ReportData,0x010000A300000BB9,Floating_Qalus_EnergyBlackout,ReportProperties.Title,カルスで一斉停電！
ReportData,0x010000A300000BB9,Floating_Qalus_EnergyBlackout,ReportProperties.Description,国中で悪化し続けているエネルギー危機の影響はカルスにも及び、この都市では電力供給を1日わずか6時間に削減せざるを得なくなった。ブドウ園や工業施設が生産活動の遅延を避けるため安定した電力供給を維持するよう対策が講じられているものの、昼間以外は市民生活はほとんど停止状態にある。
ReportData,0x0100007400011EA2,Floating_RadicalismGrows1,ReportProperties.Title,RPPのモンタクラル事務所、反君主主義者代表を選出
ReportData,0x0100007400011EA2,Floating_RadicalismGrows1,ReportProperties.Description,"前例のない動きとして、リジア人民党のモンタクラル支部が、社会主義者として知られる外部人物を地元党首に選出した。この新しい指導者であるイゲレ氏は多くの人々から急進派でありリジア君主制の強力な反対者だと見なされているが、犯罪歴も反政府組織との直接的なつながりもない。  

アザロ家は、RPPがリジア内の急進勢力に対して寛容な姿勢を取っていることに懸念を示し、代議院での党の代表権を見直すよう要求した。"
ReportData,0x010000B8000083C3,Floating_RadicalismGrows2,ReportProperties.Title,RPPに連携する左翼グループ、ヘーゲルを称賛
ReportData,0x010000B8000083C3,Floating_RadicalismGrows2,ReportProperties.Description,"イザにて数々の左翼グループが集まり、リジア人民党への支持を示したが、集会はすぐにマレニエフ主義の抗議行動へと変わり、ヴァルグ人の革命歌が流れ、エメリッヒ・ヘーゲルを称賛するスローガンが叫ばれた。スローガンが敵対的なものに変わり破壊行為が起きると、警察によってその集団は解散させられた。

報告によると、地元のスー・オミナのメンバーが警察力と共に群衆を解散させるのを助けた。我々の情報将校たちは、リジア人民党を取り巻くますます強まる過激主義を引き続き監視している。"
ReportData,0x010000B8000083C9,Floating_RadicalismGrows3,ReportProperties.Title,RPPの過激派が党内での支配力をさらに強化
ReportData,0x010000B8000083C9,Floating_RadicalismGrows3,ReportProperties.Description,"リジア人民党に近い情報筋の報告によると、RPP内のいわゆる「急進派」は現在、指導部の地位で十分な影響力を持っており、より革命的な方針を重視する形で同党の現行の改革主義的立場に異議を唱えうる状況にあるとされている。

RPPの急進派は、リジア王室に対する同党の姿勢が緩すぎると考えており、国王の政策に対してより攻撃的な反対姿勢を取ることを主張している。"
ReportData,0x010000B8000083CF,Floating_ReformMovementGrows1,ReportProperties.Title,政治団体がRPPと合流
ReportData,0x010000B8000083CF,Floating_ReformMovementGrows1,ReportProperties.Description,"独立系の二つの組織である自由思想リジア人協会とリジア進歩機構は、最近、リジア人民党の改革呼びかけを全面的に支持すると発表し、改革派に正式に加わってRPPのもとで統合される意向を明らかにした。既に多数のメンバーを抱えているこれらの組織が統合されることで、RPPの規模は大幅に拡大するだろう。

リジアの貴族たちは、RPPが民衆の間で影響力を拡大していることに懸念を示し、王室に対してリジア国民連合へのさらなる支援を要請した。"
ReportData,0x010000B8000083D5,Floating_ReformMovementGrows2,ReportProperties.Title,RPPの加盟国数が倍増
ReportData,0x010000B8000083D5,Floating_ReformMovementGrows2,ReportProperties.Description,"リジア情報局によると、リジア人民党が主導する「改革運動」への支持が急激に増加している。多くの独立系団体や従来からRNCを支持してきた組織もRPPへの支援を表明し、同党の党員数が大幅に増えている。

報告書によれば、RPPの党員数は1950年以降で倍増している。一般民衆が次々と改革運動に流れ込む中、リジア国民連合はリジア国内での人気が低下していることへの懸念を示している。"
ReportData,0x010000B8000083DB,Floating_ReformMovementLosesMembers,ReportProperties.Title,RPP、RNCからの支持を失う
ReportData,0x010000B8000083DB,Floating_ReformMovementLosesMembers,ReportProperties.Description,"最近の報告によると、RPPの加盟者数が急増しているにもかかわらず、改革運動の規模はここ数ヶ月で縮小しており、一方でリジア国民連合の人気はわずかに上昇している。

いわゆる「改革集会」に集まる参加者の数は大幅に減少しており、警察当局は状況がほぼ制御下にあると報告している。"
ReportData,0x010000A100000548,Floating_Report_Qabiz_LandlordsAngered,ReportProperties.Title,土地所有者たち、賃借人保護法に不満を訴える
ReportData,0x010000A100000548,Floating_Report_Qabiz_LandlordsAngered,ReportProperties.Description,カレカビズ島の貴族たちから強い不満が上がっており、新しい賃借人保護法が同島の経済発展を妨げ、革新の芽を摘んでいると主張している。一部の土地所有者は、同島やその他の主要な観光地に対して例外規定を適用するよう求めている。
ReportData,0x010000A100003024,Floating_Rumburg_PaymentFail_DontPay,ReportProperties.Title,ビアトリス女王、破棄されたエネルギー契約を非難
ReportData,0x010000A100003024,Floating_Rumburg_PaymentFail_DontPay,ReportProperties.Description,ルンブルクのベアトリス女王は、リジアとルンブルク間のエネルギー協定が終了したことに対し強い不満を示し、同盟相手である我々に対する忍耐も限界に近づいていると警告した。
ReportData,0x010000A10000301A,Floating_Rumburg_PaymentFail_Pay,ReportProperties.Title,ビアトリス女王、リジアに「もう一度のチャンス」を与える
ReportData,0x010000A10000301A,Floating_Rumburg_PaymentFail_Pay,ReportProperties.Description,ルンブルクのベアトリス女王は、合意されていたエネルギー供給に代わる形で我々の支払いを受け入れたが、今後も約束を守ってほしいと警告している。
ReportData,0x010000CA0000075D,Floating_Sallabes_DastnuristAntiDrugRally_Calm,ReportProperties.Title,抗議の中、公衆衛生キャンペーンが開始される
ReportData,0x010000CA0000075D,Floating_Sallabes_DastnuristAntiDrugRally_Calm,ReportProperties.Description,"政府は薬物リハビリテーションと害の軽減に重点を置いた公衆衛生キャンペーンを開始した。世俗的な地域では、住民たちが新たな支援プログラムを歓迎し、コミュニティへの支援に力点が置かれていることを評価している。

しかし保守派の指導者たちは、この取り組みを甘すぎるものだと批判し、それが依存症の解消どころか助長する可能性があると警告している。ロウゲートの保健センターでは来訪者数の増加が報告されているが、一部の保守派聖職者たちは政府の支援を道徳的に誤ったものだと非難し、信者たちにそれを拒絶するよう呼びかけている。"
ReportData,0x010000BD00000CAE,Floating_Sallabes_DastnuristAntiDrugRally_Disperse,ReportProperties.Title,治安当局、ダストヌリティ派の抗議活動を鎮圧
ReportData,0x010000BD00000CAE,Floating_Sallabes_DastnuristAntiDrugRally_Disperse,ReportProperties.Description,"警察は、薬物政策に対する甘さがあるとの批判が高まったことを受けて、サラベスで開かれたダストヌリティ派の集会を解散させた。港周辺の巡回回数を増やした結果、軽微な犯罪は目立って減少したが、密輸ルートに変化が生じる可能性への懸念が高まっている。

オーシャンサイド文化地区の商人たちは取り締まりが始まってから顧客が減少したと報告しており、巡回の強化が観光業を妨げるのではないかと恐れている者もいる。"
ReportData,0x010000CA00000747,Floating_Sallabes_DastnuristAntiDrugRally_Divide,ReportProperties.Title,改革派、団結を求める
ReportData,0x010000CA00000747,Floating_Sallabes_DastnuristAntiDrugRally_Divide,ReportProperties.Description,"サラベスにおける穏健派のダストヌリティ派指導者たちは、過激派の影響力を削ぐことを目的として平和的な対話を呼びかけている。同市の文化拠点では、より落ち着いた雰囲気を評価し、地元住民も慎重にこの動きを支持している。

しかし保守的な地域では、穏健派の立場に対する強い反対の声が高まっている。一部の過激派聖職者たちは穏健派を裏切り者だと非難している。公然としたデモは減少しているものの、宗教共同体内の緊張は依然として続いている。"
ReportData,0x010000CA00000752,Floating_Sallabes_DastnuristAntiDrugRally_RevokePermits,ReportProperties.Title,緊張状態の中で宗教活動許可が取り消される
ReportData,0x010000CA00000752,Floating_Sallabes_DastnuristAntiDrugRally_RevokePermits,ReportProperties.Description,"当局はサラベスにいる数名のダストヌリティ派指導者たちの集会許可を取り消し、関連機関への地方からの資金提供も停止した。この決定によって様々な反応が出ており、一部の保守系団体はこれを宗教の自由への攻撃だとして公然と非難している。

かつて宗教団体によって運営されていた公共サービスも混乱に陥っており、ロウゲートで行われていた食糧支援プログラムや地域支援活動も中断されている。"
ReportData,0x010000CA000015EB,Floating_Sallabes_Decision_ExpediteSallabesOne_BlessWorkers,ReportProperties.Title,神聖な儀式が建設作業を祝う
ReportData,0x010000CA000015EB,Floating_Sallabes_Decision_ExpediteSallabesOne_BlessWorkers,ReportProperties.Description,"サラベス大聖域の拡張工事現場で儀式的な祝福が行われ、ダストヌリティ派の聖職者たちが労働者たちに奮いを与え、建設過程を神聖なものとするための祈りや浄化の儀式を主導した。

一部の労働者はこの精神的な行為を歓迎したものの、作業員たちの間では、より実質的な支援が求められているという声も聞かれている。"
ReportData,0x010000CA00001615,Floating_Sallabes_Decision_ExpediteSallabesOne_ContinuePressure,ReportProperties.Title,建設チームに対する圧力が高まる
ReportData,0x010000CA00001615,Floating_Sallabes_Decision_ExpediteSallabesOne_ContinuePressure,ReportProperties.Description,"高くそびえる大聖域の壁々の影の中で、サラベスにいる建設作業員たちにはさらにペースを上げるよう求められている。監督者たちは工事を加速するため、労働日を延長し、シフトのローテーションを厳格化し始めている。

外側の構造物が形になりつつある一方で、作業員たちからは疲労感と緊張感が高まっているという声が上がっている。労働者たちの疲弊を見ている宗教指導者たちは、信仰の名のもとに思いやりを呼びかけている。"
ReportData,0x010000CA000015CC,Floating_Sallabes_Decision_ExpediteSallabesOne_InitiateValenqirisCollab,ReportProperties.Title,ヴァレンキリス、サラベスの拡大に支援の手を差し伸べる
ReportData,0x010000CA000015CC,Floating_Sallabes_Decision_ExpediteSallabesOne_InitiateValenqirisCollab,ReportProperties.Description,"大聖域の拡張における地域間協力を促進するという王室の指示に基づき、ヴァレンキリス出身の技術者や顧問たちが大聖域の拡張事業にあたりサラベスに到着した。

トラス家およびヴァレンキリスを拠点とする数社による物流支援と資金提供により、この取り組みは明らかに州を越えた性格を帯びている。建設現場の外ではサゾン家の旗と並んでトラス家の旗が翻っており、地元住民たちはその支援に感謝する一方で、その背後にある動機についても興味を抱いているようだ。"
ReportData,0x010000CA000015A2,Floating_Sallabes_Decision_ExpediteSallabesOne_InternationalPrefabricated,ReportProperties.Title,聖堂拡張のため、外部から資材が到着
ReportData,0x010000CA000015A2,Floating_Sallabes_Decision_ExpediteSallabesOne_InternationalPrefabricated,ReportProperties.Description,"プレハブ製の石板や構造部材、装飾用部品を積んだ貨物船がサラベスに到着し始めている。複数の国際的な供給業者から調達されたこれらの資材は、大聖域の新しい翼部分の建設を加速させることを目的としている。

地元の建築業者の中には、この聖域が独自のリジア式工芸技術を失うのではないかと懸念する声もあるが、プロジェクトマネージャーたちは新しい部品が最終的なデザインにスムーズに統合されると主張している。"
ReportData,0x010000CA00001634,Floating_Sallabes_Decision_ExpediteSallabesOne_UseTaurusPrefabs,ReportProperties.Title,タウルス・ホールディング、聖堂拡張に参加
ReportData,0x010000CA00001634,Floating_Sallabes_Decision_ExpediteSallabesOne_UseTaurusPrefabs,ReportProperties.Description,タウルス・ホールディングが大聖域拡張プロジェクトに参加することに伴い、同社製のプレハブ部品がサラベスに届けられ始めている。効率的な建設手法と競争力のある価格で知られるタウルス・ホールディングの参画により、工事の進行速度が大幅に上がる見込みだ。
ReportData,0x010000CA0000165E,Floating_Sallabes_Decision_ExpediteSallabesTwo_ContractLogisticsCompany,ReportProperties.Title,新たな物流会社が大聖域計画に参加
ReportData,0x010000CA0000165E,Floating_Sallabes_Decision_ExpediteSallabesTwo_ContractLogisticsCompany,ReportProperties.Description,"大聖域の拡張工事に必要な建設資材の輸送を支援するため、新たな物流会社と契約が結ばれた。

配達ルートが見直されており、石や木材、補強材の流れを管理するために追加の車両や人員が投入されている。新しい体制によって供給の遅延が緩和され始めたことで、建設現場周辺の活動が著しく活発化していると地元住民から報告がある。"
ReportData,0x010000CA000016AE,Floating_Sallabes_Decision_ExpediteSallabesTwo_MaintainWarn,ReportProperties.Title,経営陣の警鐘にもかかわらず物流は変わらず
ReportData,0x010000CA000016AE,Floating_Sallabes_Decision_ExpediteSallabesTwo_MaintainWarn,ReportProperties.Description,"同じ物流体制のもとで建設資材が引き続き届けられており、大聖域の拡張作業に遅れが生じているにもかかわらず変わりはない。関係者によると、輸送や運搬業務に大きな変更は加えられていないとのことだ。

しかし内部文書からは、プロジェクト責任者たちが正式に警告を受けたことが確認されている。追加の支援なしで進捗目標を達成せよという圧力が現地の監督者たちにかかっており、それにより作業員たちの間ではストレスや疲労が増大しているという懸念が高まっている。"
ReportData,0x010000CA00001672,Floating_Sallabes_Decision_ExpediteSallabesTwo_ReorgSiteLogistics,ReportProperties.Title,現地での再編が復旧を加速させる
ReportData,0x010000CA00001672,Floating_Sallabes_Decision_ExpediteSallabesTwo_ReorgSiteLogistics,ReportProperties.Description,"大聖域建設現場では新たな物流戦略が導入され、機材や資材の配布方法が変更された。より容易にアクセスできるよう供給ステーションの配置が見直され、敷地内の配送ルートも今や厳密に調整されている。

監督者たちによれば、これらの変更により作業スケジュールから数時間が削減されているという。現場の管理チームにはより大きなプレッシャーがかかっているものの、作業員たちは遅延が減少し、部門間の連携がスムーズになったと報告している。"
ReportData,0x010000CA00001686,Floating_Sallabes_Decision_ExpediteSallabesTwo_UtilizeSeaRoutePriority,ReportProperties.Title,沿岸輸送が聖堂向けサプライチェーンを強化
ReportData,0x010000CA00001686,Floating_Sallabes_Decision_ExpediteSallabesTwo_UtilizeSeaRoutePriority,ReportProperties.Description,"内陸での遅延を解消するため、地域の官僚たちはサラベスの湾岸港を経由して重要な建設資材の輸送ルートを変更した。専用の小型貨物船団が現在、石や木材、儀式用の装飾品を直接都市の埠頭に届けることを最優先に行っている。

この海上輸送方式により陸上での混雑は緩和されたが、国の資源のルート変更について、地域内の他の場所にいる労働組合や物流計画者たちから軽度の批判が出ている。"
ReportData,0x010000CA0000172E,Floating_Sallabes_Decision_SallabesGrandsanctuary_PurchaseFromInternational,ReportProperties.Title,外国産木材の船積み貨物がサラベスに到着
ReportData,0x010000CA0000172E,Floating_Sallabes_Decision_SallabesGrandsanctuary_PurchaseFromInternational,ReportProperties.Description,"国際的な供給業者からの木材がサラベスの南部港に到着し始め、大聖域の建設を停滞させていた最近の不足状況が緩和されている。外国の印が付けられた箱々が倉庫エリアに並び、工事現場全体で配布される準備が整っている。

現場責任者たちは建設スピードが即座に向上したと報告しているが、一部の職人たちは輸入木材の美的統一性について懸念を示している。"
ReportData,0x010000CA00001774,Floating_SallabesGrandsanctuary_None,ReportProperties.Title,木材不足が続くため建設工事が中断される
ReportData,0x010000CA00001774,Floating_SallabesGrandsanctuary_None,ReportProperties.Description,"木材の供給が依然として得られないため、サラベス大聖域での拡張作業は停止状態にある。足場はそのまま放置されており、作業員たちは一時的に軽微なメンテナンス作業に配属されるか、帰宅させられている。

進展を期待して巡礼者たちが訪れる中、地元住民の懸念は日増しに高まっている。当局はこの停止状態は一時的なものだと主張しているが、リジアで最も神聖な場所の一つであるその聖域の内部では、静かに不満が蓄積されている。"
ReportData,0x0100005200010583,Floating_Sallabes_SanctuaryConstructionBegins,ReportProperties.Title,ダストヌリティ派大聖域の建設が始まる
ReportData,0x0100005200010583,Floating_Sallabes_SanctuaryConstructionBegins,ReportProperties.Description,"ブレナスにあるダストヌリティ派の大聖域を拡張する工事が始まった。これは主に、同州に恒久的または一時的に居住している多数のヴェゼク市民を収容するためのものである。現地のダストヌリティ派大司祭は、我々と賢者イグナティウスに感謝の意を表したいと考えている。

着工式は、スー・オミナの地元ブランサルチからの抗議によって一時中断されたが、抗議者たちはすぐに解散させられた。"
ReportData,0x01000065000092E0,Floating_Sallabes_SanctuaryExpansionCompleted,ReportProperties.Title,拡張されたサラベス聖堂の盛大な開幕
ReportData,0x01000065000092E0,Floating_Sallabes_SanctuaryExpansionCompleted,ReportProperties.Description,"拡張されたサラベス大聖域の盛大な開幕式は画期的な出来事であり、著名なダストヌリティ派指導者と地元の要人たちが出席した。アントニウス・サゾンも開幕祈りに加わり、この聖堂が団結と精神的成長を促進する上で果たす役割を強調した。式典では伝統的なダストヌリティ派の音楽や共同の宴が行われ、それはこの都市が多様な宗教的慣習を受け入れていることを象徴していた。

この拡張により、サラベスの文化的・精神的豊かさが高まり、宗教観光客を引き付けることが期待されている。"
ReportData,0x010000A100002F6F,Floating_Sallabes_SanctuaryExpansion_PenaltyDelay,ReportProperties.Title,サラベスの聖堂建設、遅延する
ReportData,0x010000A100002F6F,Floating_Sallabes_SanctuaryExpansion_PenaltyDelay,ReportProperties.Description,木材の不足により、新たなサラベス・ダストヌリティ派大聖域の建設は中断されている。木材が供給されるまで、工事現場は静寂のままだろう。このため、大幅な遅延が生じる見込みである。
ReportData,0x010000CA00000F34,Floating_Topes_Decision_DastnuristProtestsOne_DoNothing,ReportProperties.Title,トペスの演説、団結を呼びかける
ReportData,0x010000CA00000F34,Floating_Topes_Decision_DastnuristProtestsOne_DoNothing,ReportProperties.Description,"トペスではダストヌリティ派の抗議活動に対する連帯の声がますます強まっている。地元の宗教指導者たちは説教の中で印刷スキャンダルに言及し、宗教的教えへの国家的な尊重をより一層求めている。

沿岸地域では共同体の祈りの集まりが形成され、信者たちがろうそくに火を灯し、道徳的明晰さを呼びかける聖句を唱えている。"
ReportData,0x010000CA000012BF,Floating_Valenqir_Decision_WruhecistApproval_AntiReform,ReportProperties.Title,聖堂には改革反対の説教が響き渡る
ReportData,0x010000CA000012BF,Floating_Valenqir_Decision_WruhecistApproval_AntiReform,ReportProperties.Description,ヴルヘック教の聖職者たちが改革主義的な思想を非難する一斉説教キャンペーンを展開したため、礼拝所には信者で溢れかえった。多くの説教では聖ダストとヴルヘックの聖典が引用され、改革主義が信仰と国家統一の両方に対する脅威であると描かれた。
ReportData,0x010000CA0000126D,Floating_Valenqir_Decision_WruhecistApproval_LoyaltySermons,ReportProperties.Title,聖堂には忠誠を誓う演説が響き渡る
ReportData,0x010000CA0000126D,Floating_Valenqir_Decision_WruhecistApproval_LoyaltySermons,ReportProperties.Description,"ドーム状の聖堂や工業施設の屋上の下で交易路が交わる場所では、最近の王室による召集に応じて聖職者たちが忠誠を呼びかける説教を行い始めている。

鉄道線路のそばにある古い石造りの祈りの堂から聖堂に至るまで、人々が集まって団結と献身を訴える声に耳を傾けている。商人、学者、労働者など、この都市の多様な住民たちも説教が精神的義務と王室への忠誠心を結びつけて語られる間、立ち止まって聞いている。"
ReportData,0x010000CA0000128C,Floating_Valenqir_Decision_WruhecistApproval_Recruitment,ReportProperties.Title,説教が若者たちの心を揺さぶる
ReportData,0x010000CA0000128C,Floating_Valenqir_Decision_WruhecistApproval_Recruitment,ReportProperties.Description,"ヴァレンキルの各地の聖堂において、奉仕という理念の呼び声が力強く響き渡っている。ウィスセラーたちは若者たちに対し、市民としての責任を精神的な満足感と結びつけ、国家への奉仕を神聖な義務として受け入れるよう呼びかけている。

今や募集の横断幕が宗教的なタペストリーのそばに掲げられ、聖職者たちは志願する人々に祝福を与えている。市内の駅では、入隊申込書を持った若い乗客の数が著しく増加していると報告されている。"
ReportData,0x010000CA000012A0,Floating_Valenqir_Decision_WruhecistApproval_Tithes,ReportProperties.Title,信仰と財政が密接に結びつく
ReportData,0x010000CA000012A0,Floating_Valenqir_Decision_WruhecistApproval_Tithes,ReportProperties.Description,"現在、ヴァレンキルの主要な聖堂の入り口には、王室の紋章が描かれた寄付箱が置かれている。説教の際、聖職者たちは精神的な義務だけでなく、実際の貢献という観点からも義務について語る。

信徒の中には誇らしげに受け止め、祭壇に封筒や硬貨入れを置く者もいる。一方で、神への崇拝と国家による資金調達が混在することに静かな不安を口にする者もおり、それでも献金の流れは止まることなく続いている。"
ReportData,0x010000CA000012EB,Floating_Valenqir_Decision_WruhecistProtestsOne,ReportProperties.Title,聖職者たち、高まる脅威を非難
ReportData,0x010000CA000012EB,Floating_Valenqir_Decision_WruhecistProtestsOne,ReportProperties.Description,ヴァレンキルにおけるヴルヘック教の聖職者たちは、自らの信仰に対する敵意が日増しに高まっているとしてそれを公然と非難している。主要な聖堂の外ではデモが行われ、抗議者たちは最近発生した破壊行為に対する迅速な処罰と宗教施設へのより一層の保護を要求している。
ReportData,0x010000A300000499,Floating_Valenqiris_Decision_SurgeInTourismRevenue,ReportProperties.Title,リゾート施設、記録的な利益を上げる
ReportData,0x010000A300000499,Floating_Valenqiris_Decision_SurgeInTourismRevenue,ReportProperties.Description,ヴァレンキリス湾周辺の観光地では、ますます多くの観光客がリジアの美しい海岸に訪れるため、記録的な利益が報告されている。伝統的な観光地がますます人気を集める中、開発業者たちはマトゥス湾のような現在あまり人気のない場所にもリゾートを建設することを検討している。
ReportData,0x010000A100003010,Floating_Wehlen_PaymentFail_DontPay,ReportProperties.Title,スモラク、遺憾の意を表明
ReportData,0x010000A100003010,Floating_Wehlen_PaymentFail_DontPay,ReportProperties.Description,ヴェーレンのスモラク大統領は、ヴェーレンとリジアのエネルギー提携が終了したことを遺憾に思うと述べたが、我々二国が「依然として友邦であり続けられること」を望んでいると語った。
ReportData,0x010000A100003006,Floating_Wehlen_PaymentFail_Pay,ReportProperties.Title,ヴェーレン、契約破棄の見返りとして金銭を受け取る
ReportData,0x010000A100003006,Floating_Wehlen_PaymentFail_Pay,ReportProperties.Description,ヴェーレンのスモラク大統領は、我々のエネルギー取引が続けられることを願っており、失敗に終わった支払いについては「友情への道の上での些細な障害」に過ぎず、我々の支払いによってその問題は解消されたと述べている。
ReportData,0x0100009A0000EA2C,Operation_1_Result_Lost,ReportProperties.Title,作戦「ゴールデン・シールド」、失敗に終わる
ReportData,0x0100009A0000EA2C,Operation_1_Result_Lost,ReportProperties.Description,作戦「ゴールデン・シールド」はジケスおよびアルセスの戦略的拠点を確保することを目的としていたが、残念ながら目標を達成できず、パレスへの侵攻を開始しようとした試みも失敗に終わった。参謀本部の報告によれば、甚大な抵抗と予期せぬ困難が生じ、作戦の効果性を損なったという。
ReportData,0x0100009A0000EA36,Operation_1_Result_Won,ReportProperties.Title,作戦「ゴールデン・シールド」、成功裏に終了
ReportData,0x0100009A0000EA36,Operation_1_Result_Won,ReportProperties.Description,作戦「ゴールデン・シールド」は、ジケスおよびアルセスの要所を強化することを目的とした戦略的取り組みであり、参謀本部によって大成功と評価された。この作戦が成功を収めたのは、侵攻軍同士の綿密な計画立案と連携のおかげであり、それによって高い軍事的洞察力と回復力が発揮されたからである。
ReportData,0x0100009A0000EA40,Operation_2_Result_Lost,ReportProperties.Title,作戦「完全な平穏」、失敗に終わる
ReportData,0x0100009A0000EA40,Operation_2_Result_Lost,ReportProperties.Description,参謀本部の報告によると、作戦「ゴールデン・シールド」での勝利にもかかわらず、パレスの首都を占領することを目的としたその後の作戦「トータル・トランクイリティ」は目的を達成していない。パレスの防衛軍が示した強靭さと戦略的な対抗措置により進撃は効果的に阻止され、都市及び周辺地域の主権が維持されている。
ReportData,0x0100009A0000EA22,Operation_2_Result_Won,ReportProperties.Title,作戦「完全な平穏」、成功裏に終了
ReportData,0x0100009A0000EA22,Operation_2_Result_Won,ReportProperties.Description,黄金の盾作戦の戦略的勢いを受けて、我が国の軍隊は「トータル・トランキリティ作戦」を成功裏に実行し、パレスの首都を占領するという結果をもたらした。この重大な成果は、我が国の軍事戦略および指揮体系の有効性を示しており、今回の作戦における転換点となっている。現在は安定と復興に重点を置き、円滑な移行を図るための取り組みが進められている。
ReportData,0x010000A100000112,Operation_Argno_AntiNarcotics,ReportProperties.Title,警察の発砲により麻薬中毒者3名が死亡
ReportData,0x010000A100000112,Operation_Argno_AntiNarcotics,ReportProperties.Description,"違法な薬物に依存している人々のために安全な薬物摂取スペースを提供していた地元のコミュニティセンターが、国内で続く麻薬使用取り締まりの一環としてリジア警察の警官らによって急襲された。逮捕が行われる過程で暴力事件が発生し、依存者の一人が警察官に向けて簡易銃を突きつけた。

混乱が続く中、警察は秩序回復のために拳銃を使用し、その結果薬物依存者3人が死亡し数人が負傷した。合計で28人が逮捕され、そのコミュニティセンターは閉鎖された。"
ReportData,0x010000A100000126,Operation_Jales_AntiNarcotics,ReportProperties.Title,貴族たちが薬物入りワインを所持していたことが発覚し、スキャンダルが拡大する
ReportData,0x010000A100000126,Operation_Jales_AntiNarcotics,ReportProperties.Description,ジャレスという沿岸の町では、警察が地元の貴族の別荘を急襲し、そこで違法な興奮剤であるラツプサイスを混入させたワインを飲んで宴を開いていた人々が発見されたことを受けて大きなスキャンダルが起きている。逮捕された貴族の家族たちは警察が権限を越えて行動したと非難したが、地元警察の指揮官は、違法な麻薬の使用や取引を根絶するという国王の命令に引き続き従っていると答えた。
ReportData,0x010000A10000011C,Operation_Sallabes_AntiNarcotics,ReportProperties.Title,警察のダイバーたちが麻薬隠し場所を発見
ReportData,0x010000A10000011C,Operation_Sallabes_AntiNarcotics,ReportProperties.Description,サラベス港およびその周辺の海岸域を大規模に捜索した結果、警察のダイバーたちは、アガルディア産の違法薬物を国内に持ち込んでいたヴェゼクやデルディアンという密輸業者らが隠していた複数の麻薬隠し場所を発見した。これらの隠し場所の発見は、リジアへ麻薬を密輸するために用いられている新しく巧妙な手法が存在することを示している。
ReportData,0x0100009A0000EE65,Operation_Tutorial_Result,ReportProperties.Title,戦略シミュレーションが完了した
ReportData,0x0100009A0000EE65,Operation_Tutorial_Result,ReportProperties.Description,パレスへの潜在的な侵攻に備えるために策定された包括的な戦略シミュレーションが無事完了した。この厳格な訓練では、さまざまな状況を想定して、我が軍の準備態勢と適応能力を確保することを目的としていた。シミュレーションから得られた重要な知見やデータは現在、参謀本部によって分析されており、戦術を洗練させ、防御体制を強化するために活用される予定だ。
ReportData,0x010000CA000002AE,RD_Argno_ArgnoDastnuristSanctuary_Completed,ReportProperties.Title,アルグノ・ダストヌリティ派の聖堂が巡礼者向けに開放される
ReportData,0x010000CA000002AE,RD_Argno_ArgnoDastnuristSanctuary_Completed,ReportProperties.Description,"新たに完成したアルグノ・ダストヌリティ派聖堂が開場し、リジア全土からやって来た巡礼者たちを迎え入れている。そこでは厳かな祝福式典が行われ、高貴なダストヌリティ派の聖職者たちによる祈りと信者たちの集団集会が催された。

この壮大な建築物は、同地域の有名な鉱山から得られた精巧な金の装飾で飾られており、信仰心と技術の高さを示す証となっている。"
ReportData,0x010000CA000002DD,RD_Benievon_BenievonGolcondistSanctuary_Completed,ReportProperties.Title,ベニエヴォン・ゴルコンド主義聖堂、信者たちの受け入れを開始
ReportData,0x010000CA000002DD,RD_Benievon_BenievonGolcondistSanctuary_Completed,ReportProperties.Description,"新たに完成したベニエヴォン・ゴルコンド主義聖堂は、今やその信仰の信者たちにとって奉仕と規律を実践する場所となっている。

開幕式ではこの地域各地から宗教指導者や信者たちが集まり、ゴルコンド主義の教えの中心地としてのベニエヴォンの新たな章が切り開かれた。巡礼者や弟子たちは既にその聖堂へ向かう旅を始めており、厳格な教えや生活様式の中に身を投じることを熱望している。"
ReportData,0x010000CA00000307,RD_Benievon_BenievonWruhecistSanctuary_Completed,ReportProperties.Title,ベニエヴォン・ヴルヘック主義者の聖堂、初の信奉者を迎える
ReportData,0x010000CA00000307,RD_Benievon_BenievonWruhecistSanctuary_Completed,ReportProperties.Description,"新たに建設されたベニエヴォン・ヴルヘック教徒の聖堂が正式に開場し、思索や議論、精神的啓発の場を提供している。

静かな中庭と学問の殿堂が融合したこの聖堂の設計は、聖ヴルヘックの教えを体現しており、王国中から知恵を求める人々を迎え入れている。巡礼者や知識人たちが既に次々と訪れ始めており、何世代にもわたってヴルヘック教哲学を形作ってきた教えに浸りたいと願っている。"
ReportData,0x010000CA000001F1,RD_Benievon_InvestInTimberIndustry,ReportProperties.Title,木材産業の拡大がベニエヴォンの発展を支える
ReportData,0x010000CA000001F1,RD_Benievon_InvestInTimberIndustry,ReportProperties.Description,"最近の木材産業の拡大により、ヴァレンキリス全土で高品質な木材への需要が高まったため、ベニエヴォンでも活動が活発化している。地元の職人や建設業者たちは新たな機会を得ており、ベニエヴォン・アカデミーの一部を改修したり、聖域の老朽化した木造建築物を強化したりするプロジェクトがいくつか進行中である。

しかし、この町がエヴォン湖に近いことから、持続可能な林業手法に関する議論が起きており、環境保護団体は潜在的な流出から清らかな湖水を守る必要性を強調している。"
ReportData,0x010000CA00000477,RD_Benievon_SouthMerkopanUniversityOfTheology,ReportProperties.Title,ベニエヴォンの学生たち、神学研究に目を向ける
ReportData,0x010000CA00000477,RD_Benievon_SouthMerkopanUniversityOfTheology,ReportProperties.Description,"南メルコパ神学大学の設立発表に伴い、ベニエヴォン・アカデミーでは驚くべき変化が起こっている。この権威ある教育機関は長年にわたり古典研究や近代科学の中心地であったが、現在一部の学生たちが神学研究に興味を示し、ブロナズに新設される大学への出願を検討している。

教授陣は、学生たちの間で信仰や哲学に関する議論が増えてきていることに気づいており、世俗的な科目以外の分野で学びを深めようとする者もいる。入学が開始されれば、多くのアカデミー卒業生たちが出願する見込みだ。"
ReportData,0x010000CA00000298,RD_Bronaz_ExpandGovCapacityOne_Completed,ReportProperties.Title,ブロナズにおいて政府の拡大が完了
ReportData,0x010000CA00000298,RD_Bronaz_ExpandGovCapacityOne_Completed,ReportProperties.Description,"ブロナズに新設された政府施設が正式に開業し、同市の行政上の役割が強化された。増加する公務員数に対応するよう設計されており、これらの施設によって業務の効率化と統治の強化が図られる見込みだ。

地域の活動が活発化することで既に地元企業が恩恵を受けており、ブロナズの経済的な重要性がますます高まっている。"
ReportData,0x010000CA000002A3,RD_Bronaz_ExpandGovCapacityTwo_Completed,ReportProperties.Title,ブロナズにおける行政拡大が完了
ReportData,0x010000CA000002A3,RD_Bronaz_ExpandGovCapacityTwo_Completed,ReportProperties.Description,"ブロナズにおける政府拡張プロジェクトが完了し、この地域のための新たな効率化された行政センターが誕生した。今回の再編により、これまで重複していた部門が統合され、公共サービスを維持しつつ効率性が向上している。

この変革によって新たな雇用機会が創出され、地元出身者たちが拡大した労働力に加わっている。関係者らは、こうした改善により国家業務の遅延が減少し、市民へのサービス提供が向上するだろうと強調している。"
ReportData,0x010000CA000001B1,RD_Bronaz_InvestInPharmaceuticals,ReportProperties.Title,製薬業界が成長を牽引
ReportData,0x010000CA000001B1,RD_Bronaz_InvestInPharmaceuticals,ReportProperties.Description,"ブロナズの製薬業界が急速に拡大したことで新たな雇用機会が増加し、地元の研究所や生産施設は現在フル稼働状態にある。市内の商業地区には新しい薬局が次々と開店し、住民が必要な医薬品をより容易に手に入れられるようになった。

一方、地元の大学も訓練済みの専門家への需要増加に応えるため、医学プログラムを拡大している。"
ReportData,0x010000CA0000046C,RD_Bronaz_SouthMerkopanUniversityOfTheology_Completed,ReportProperties.Title,神学大学、門を開く
ReportData,0x010000CA0000046C,RD_Bronaz_SouthMerkopanUniversityOfTheology_Completed,ReportProperties.Description,"南メルコパ神学大学がブロナズにて正式に開校し、伝統的なリジア建築と近代的な学術施設を組み合わせることで、宗教研究のための権威ある拠点が誕生した。

その壮大な講堂や静かな中庭は、今や王国各地から集まった学生や神学者たちを迎え入れている。優秀な教員陣と膨大な宗教文献の図書館を有する同大学は、これから何世代にもわたって神学の議論を形作っていくことになるだろう。"
ReportData,0x010000CA00000279,RD_Havas_ConstructHavasConsumerIndustry_Completed,ReportProperties.Title,ハヴァス消費財産業の盛大な開業
ReportData,0x010000CA00000279,RD_Havas_ConstructHavasConsumerIndustry_Completed,ReportProperties.Description,"ハヴァス消費財産業が正式に開業し、リジアの国内生産推進において重要な節目となった。地元の官僚や業界のリーダーらが出席した式典で、新たな繊維製品や家庭用品の生産施設の稼働が祝われた。

この動きにより何百人もの労働者に安定した雇用がもたらされ、輸入される消費財への依存度が低下する見込みだ。市場分析家は国内貿易の拡大を予測しており、すでにその工場は王国全土での販売契約を獲得している。"
ReportData,0x010000CA00000371,RD_Havas_HavasDastnuristSanctuary_Completed,ReportProperties.Title,ハヴァス・ダストヌリティ派聖堂、信者たちを迎え入れる
ReportData,0x010000CA00000371,RD_Havas_HavasDastnuristSanctuary_Completed,ReportProperties.Description,"ハヴァスに新たに完成したダストヌリティ派の聖堂は、今やその共同体の献身を示す証となっている。精巧な石造りで建てられ、神聖な碑文で飾られたこの聖堂は、祈りや清め、思索のための静かな空間を提供している。

開幕式には信者たちと地元の指導者たちが集まり、都市の精神的な根底を深めるこの取り組みを称賛した。"
ReportData,0x010000BD00001199,RD_Iza_CrownSupremeCampaign,ReportProperties.Title,選挙運動の展開が消極的な妨害に遭う
ReportData,0x010000BD00001199,RD_Iza_CrownSupremeCampaign,ReportProperties.Description,数々の王室の旗が一晩で撤去され、市民建築物の近くには印刷された反対派のリーフレットが現れた。州警察は王室から命じられた業務を続けつつ、パトロールの回数を増やしている。
ReportData,0x010000CA000001E6,RD_Jales_InvestInTimberIndustry,ReportProperties.Title,ジャレスの繊維産業、木材ブームに対応
ReportData,0x010000CA000001E6,RD_Jales_InvestInTimberIndustry,ReportProperties.Description,"ジャレスにおいては、新たな木材の輸送によって建設や工芸品製造のための材料が増えたことから、林業の拡大が経済活動を変化させ始めている。

地元の工房では、同市で有名な繊維産業や陶磁器産業を補完する形で、家具製造に高品質な木材の利用を模索している。"
ReportData,0x010000CA0000039B,RD_Jales_JalesGolcondistSanctuary_Completed,ReportProperties.Title,ジャレスにゴルコンド主義の聖堂が開設される
ReportData,0x010000CA0000039B,RD_Jales_JalesGolcondistSanctuary_Completed,ReportProperties.Description,"ジャレスに新たに完成したゴルコンド主義聖堂は、今や献身と規律の象徴として立っている。スーディス海を見下ろすこの聖堂の設計には、伝統的なリジア建築およびゴルコンド主義建築の要素が取り入れられており、礼拝や訓練のための静かでありながらも壮麗な空間が創出されている。

巡礼者や修行者たちがすでに訪れ始め、厳格な精神的・武術的訓練に参加しており、それによってジャレスは主要な宗教の中心地としての地位をさらに強化している。"
ReportData,0x010000CA000003C5,RD_Jales_JalesWruhecistSanctuary_Completed,ReportProperties.Title,ジャレスに新たなヴルヘック教徒の聖堂が開設される
ReportData,0x010000CA000003C5,RD_Jales_JalesWruhecistSanctuary_Completed,ReportProperties.Description,"ジャレスにおいて新たな霊的智慧の灯台が開かれ、ヴルヘック教徒たちにとって重要な節目となった。市街地の中心部、歴史的な市場の近くに位置するこの聖堂は、神学上の議論や思索、そして聖ヴルヘックの教えの研究を行うための静かな場所を提供している。

開幕式では学者や信者たちが集まり、宗教指導者たちはこの聖堂が哲学的討論や啓蒙を促進する上で果たす役割を強調した。巡礼者たちが次々と訪れるようになる中、ジャレスはヴルヘック教思想の重要な中心地としての地位を一層固めている。"
ReportData,0x010000CA000004AC,RD_Jales_RemoveTaxCutsForReligiousOrgs,ReportProperties.Title,宗教機関、新税制に適応
ReportData,0x010000CA000004AC,RD_Jales_RemoveTaxCutsForReligiousOrgs,ReportProperties.Description,"税制上の免除措置が撤廃されたことを受け、ジャレスの宗教施設、中でも有名な大聖域を含む施設はその財政的影響を評価している。聖職者たちは新たな義務のもとで運営や巡礼サービスを維持することについて懸念を示している。一部の施設では、費用を補填するために寄付制度を見直したり、地域向けプログラムを削減したりすることを検討している。

宗教指導者たちがこの政策変更に適応する方法を模索する中、議論は続いている。"
ReportData,0x010000CA000004E1,RD_Jales_TaxCutsForReligiousOrgs,ReportProperties.Title,聖堂、経済的支援の受け入れを表明
ReportData,0x010000CA000004E1,RD_Jales_TaxCutsForReligiousOrgs,ReportProperties.Description,"宗教団体向けの減税が再導入されたことを受け、ジャレスにあるヴルヘック教の聖堂はこの財政的な救済を歓迎している。聖職者たちは、これらの資金によって地域への支援活動や施設の維持管理が拡大できると述べている。

巡礼者向けのサービスを行う地元企業は、宗教機関が再びその使命に集中することで活動が活発化すると見込んでいる。これらの変更は今後数ヶ月以内に完全に効力を発揮する見通しである。"
ReportData,0x010000CA000003EF,RD_Mermi_MermiDastnuristSanctuary_Completed,ReportProperties.Title,メルミに新たな霊的聖地が誕生
ReportData,0x010000CA000003EF,RD_Mermi_MermiDastnuristSanctuary_Completed,ReportProperties.Description,"メルミにあるダストヌリティ派の聖堂が正式に開場し、信者たちに祈りや清め、道徳的指導を行う場所となった。メルミの断崖が海と接する海岸線の上に位置するこの聖堂は、白い石造りのファサードや儀式用の清めのための開放的な中庭を持ち、町自体の質素さと静けさを反映している。

聖堂の穏やかな雰囲気や聖ダストの教えとのつながりに引き寄せられ、巡礼者たちがすでに訪れ始めている。扉が開かれたことで、この聖堂はメルミの信者たちに新たな目的意識と伝統をもたらしている。"
ReportData,0x010000CA00000575,RD_Monqiz_BanOnNonNurityFaiths,ReportProperties.Title,宗教的少数派、新たな禁止措置に反応
ReportData,0x010000CA00000575,RD_Monqiz_BanOnNonNurityFaiths,ReportProperties.Description,"国がすべてのヌーリティ教以外の信仰を禁止する法令を出したことにより、モンキズでは多様な宗教共同体の間で不安が高まっている。ザラニズムの信徒やジョライスト、その他の少数派信仰の信者たちは、礼拝場所が閉鎖されたため、将来がどうなるか不透明な状況の中、こっそりと自宅で集まっている。

この港湾都市の歴史的に独立心の強い風潮が、特に海外とつながりのある商人や事業主を中心に、静かだが断固たる不満を住民の間に生み出している。"
ReportData,0x010000BD0000118F,RD_Monqiz_CrownSupremeCampaign,ReportProperties.Title,公開式典で選挙運動がスタート
ReportData,0x010000BD0000118F,RD_Monqiz_CrownSupremeCampaign,ReportProperties.Description,最高王権キャンペーンは、各州の全面的な協力のもと展開され、街頭行進や王室賛歌を演奏する地元の合唱団による催しが行われた。一般市民の反応は極めて好意的で、何ら騒乱の報告もない。
ReportData,0x010000BD00001185,RD_Montaklar_CrownSupremeCampaign,ReportProperties.Title,王室のイメージに対する賛否両論
ReportData,0x010000BD00001185,RD_Montaklar_CrownSupremeCampaign,ReportProperties.Description,公共の広場には王室の装飾品が設置されたが、大学周辺地域では学生たちによるポスターの撤去や短時間の無許可集会が見られた。州政府の報告によると、状況は引き続き監視下にあり、王室の指示通りに対応策が進められている。
ReportData,0x010000CA00000034,RD_Montaklar_MassPoliticalAmnesty,ReportProperties.Title,恩赦が施行され、各家族が集まる
ReportData,0x010000CA00000034,RD_Montaklar_MassPoliticalAmnesty,ReportProperties.Description,"今日、モンタクラル拘置所の外には大勢の群衆が集まり、家族や支援者たちが最近の王令によって恩赦を受けた政治犯の釈放を待っていた。団結と和解を呼びかけるスローガンを叫びながら、多くの人々が愛する人々の帰還を歓迎する横断幕を掲げていた。

当局は秩序だった釈放プロセスを確保し、新たに解放された人々は小さなグループごとに外に出てきた。地元の企業やコミュニティ団体は、民間生活に戻る人々のために一時的な住居や再統合プログラムを提供するため動員されたと報じられている。"
ReportData,0x010000CA000000A0,RD_Montaklar_PledgeOfAllegiance,ReportProperties.Title,軍、王室に忠誠を誓う
ReportData,0x010000CA000000A0,RD_Montaklar_PledgeOfAllegiance,ReportProperties.Description,"モンタクラルのキャンプ・ドムスで行われた正式な儀式において、軍人たちが集まり、ロムス・トラス王への忠誠を誓う公式な宣誓を行った。王室の紋章が描かれた旗が掲げられる中、部隊がパレード場に整列し、それによって指揮体系の象徴的な変更が示された。

国内各地の地域基地でも同様の就任式が行われ、君主制の権威を強化し、軍隊を単一の指揮下に統合した。"
ReportData,0x010000CA00000419,RD_Nelvisar_NelvisarWruhecistSanctuary_Completed,ReportProperties.Title,ネルヴィサル・ヴルヘック教徒の聖堂が開放される
ReportData,0x010000CA00000419,RD_Nelvisar_NelvisarWruhecistSanctuary_Completed,ReportProperties.Description,"ネルヴィサルに新たに完成したヴルヘック教の聖堂は、今や学者や求道者、信者たちを皆受け入れている。アルカ川沿いに位置するこの場所の広間は、思索や対話、研究のための静かな環境を提供している。

盛大な開幕式には宗教指導者と地元の官僚たちが出席した。州全体から巡礼者たちが次々と訪れており、その壁の内側にある知恵を体験しようと熱望している。ネルヴィサルの街路は活気に満ちた群衆で賑わい、この町が信仰と学問の中心地として新たな役割を担うことを示している。"
ReportData,0x010000CA000001FC,RD_Plavo_InvestInTimberIndustry,ReportProperties.Title,木材産業の拡大がプラヴォに成長と論争をもたらす
ReportData,0x010000CA000001FC,RD_Plavo_InvestInTimberIndustry,ReportProperties.Description,"リジアの林業が拡大するにつれ、プラヴォでも活動が活発化しており、地元企業は川沿いの交易ルートを通じて加工済み木材の供給と輸送の準備を進めている。

カルデス＝モンタクラルの森林に近い立地から、この町は建設資材への需要の増加を利用するのに好都合な場所にある。"
ReportData,0x010000CA000004B7,RD_Plavo_RemoveTaxCutsForReligiousOrgs,ReportProperties.Title,宗教機関、変化に備える
ReportData,0x010000CA000004B7,RD_Plavo_RemoveTaxCutsForReligiousOrgs,ReportProperties.Description,"プラヴォは、この王国で最も熱心なヴルヘック教徒の集団が住む地であり、王政による宗教団体への免税措置の撤廃に対して様々な反応が見られている。規模の大きな宗教施設なら追加された財政的負担を吸収できるかもしれないが、小規模な聖堂や慈善団体は、これまで行ってきた支援活動を維持することに懸念を示している。

地元の学者や宗教指導者たちは、この変更が彼らの信仰に基づくサービスにどのような影響を与えるかを話し合うために集まっている。"
ReportData,0x010000CA00000442,RD_Plavo_RestorationPlavoArchsanctuary_Completed,ReportProperties.Title,プラヴォ聖域、かつての栄光を取り戻す
ReportData,0x010000CA00000442,RD_Plavo_RestorationPlavoArchsanctuary_Completed,ReportProperties.Description,"プラヴォ聖域の復元が完了し、王国で最も神聖なランドマークの一つがかつての栄光を取り戻した。完全に修復された金色のドームが再び都市上空に輝き、ヴルヘック教徒とゴルコンド主義の巡礼者たちを迎え入れている。

宗教指導者や学者、王室のメンバーが出席する盛大な再奉献式が行われた。また、貴重な宗教文献が収められていた聖域の資料も丁寧に復元され、訪問者が引き続き研究や精神的啓発を得られるようになった。新たな輝きを放つこの聖域は、ますます偉大な礼拝と巡礼の場となる見込みだ。"
ReportData,0x010000CA00000482,RD_Plavo_SouthMerkopanUniversityOfTheology,ReportProperties.Title,学者たち、新しい神学大学の設立に向けて準備を進める
ReportData,0x010000CA00000482,RD_Plavo_SouthMerkopanUniversityOfTheology,ReportProperties.Description,"南メルコパ神学大学の開校が間近に迫り、プラヴォの宗教機関に所属する学生や聖職者たちは新たな神学研究の時代に向けて準備を進めている。すでに一部の地元学者たちが同大学へ移転したり協力したりする計画を発表しており、それによってプラヴォとブロナズの間の結びつきが強化されつつある。

一方、市内に神学討論の拠点が増えることで、巡礼ルートの利用者数も増加する可能性がある。"
ReportData,0x010000CA000004EC,RD_Plavo_TaxCutsForReligiousOrgs,ReportProperties.Title,聖域、新たな支援を確保
ReportData,0x010000CA000004EC,RD_Plavo_TaxCutsForReligiousOrgs,ReportProperties.Description,プラヴォの宗教指導者たちは再導入された減税に感謝の意を示し、この恩恵が町の歴史的な聖域や関連する教育プログラムの維持に役立つと強調している。巡礼者向けの宿泊施設や地元企業は、宗教的な訪問者からの支援が増えることを期待している。地域の指導者たちは既に、信者たちのための修復作業やサービス拡大の計画を立てている。
ReportData,0x010000CA00000580,RD_PorteDrazon_BanOnNonNurityFaiths,ReportProperties.Title,ポルテ・ドラゾンで宗教施設が閉鎖される
ReportData,0x010000CA00000580,RD_PorteDrazon_BanOnNonNurityFaiths,ReportProperties.Description,"非ヌーリティ教の信仰を禁止する法令が出された後、ポルテ・ドラゾンの当局は迅速に法の実施に取り掛かった。信者たちは閉鎖された寺院や集会所の外に集まり、静かに哀悼する者もいれば、反抗的な抗議を行う者もいた。

夜明けと共に役人たちが現れ、聖典の撤去を監督した。一方、旧市街のジョライスト信者たちは、寺院の扉が永遠に閉ざされる前に遺物を取り戻そうと急いだ。かつて多様な宗教が存在していたこの都市の地域は、今や不気味なほど静まり返っている。"
ReportData,0x010000BD000011AD,RD_PorteDrazon_CrownSupremeCampaign,ReportProperties.Title,王政への支持が明らかに
ReportData,0x010000BD000011AD,RD_PorteDrazon_CrownSupremeCampaign,ReportProperties.Description,この運動は温かく受け入れられ、市民団体たちが自発的な展示を行い、各地区の会館には王家の肖像画が設置された。抵抗の兆候は見られず、計画は遅滞なく進行している。
ReportData,0x010000BD00000CA4,RD_PorteDrazon_ExpandGovCapacityOne_Completed,ReportProperties.Title,ポルテ・ドラゾンに新政府庁舎が建設
ReportData,0x010000BD00000CA4,RD_PorteDrazon_ExpandGovCapacityOne_Completed,ReportProperties.Description,"ポルテ・ドラゾンにおける行政機関の拡張が無事完了し、政府業務の近代化において重要な一歩となった。

新たな施設は現在完全に稼働しており、公務員のためのスペースを増やし、各部門の業務効率を向上させている。"
ReportData,0x010000CA00000001,RD_PorteDrazon_ExpandGovCapacityTwo_Completed,ReportProperties.Title,ポルテ・ドラゾンにおける近代化された政府
ReportData,0x010000CA00000001,RD_PorteDrazon_ExpandGovCapacityTwo_Completed,ReportProperties.Description,"ポルテ・ドラゾンの政府機関の近代化が無事完了し、行政効率の面で大きな成果をもたらした。新たに統合された部門は、連携を強化し官僚的な重複を削減するために設計された拡張された施設へと移転している。

インフラの改善と先進的な管理システムが導入されたことで、官僚たちはより効率的で迅速な政府運営が実現するものと期待している。"
ReportData,0x010000CA00000D9B,RD_PorteDrazon_FormPorteDrazonStockExchange_Completed,ReportProperties.Title,証券取引所の建設が完了
ReportData,0x010000CA00000D9B,RD_PorteDrazon_FormPorteDrazonStockExchange_Completed,ReportProperties.Description,"ポルテ・ドラゾンの中心部に新しく建設された証券取引所の建物において、最後の足場が解体された。近代的な鋼構造とリジア式石造建築を組み合わせて建てられたこの建造物は、ズパナ川からほんの数歩の場所にありながら、経済的野心の象徴としてそびえ立っている。

内部工事も完了し、関係者によると間もなく取引業務が開始される見込みだ。地元企業は投資家や職員の急増に備えて準備を進めている。"
ReportData,0x010000CA000005A1,RD_PorteDrazon_PorteDrazonTourismCampaign_Progress,ReportProperties.Title,観光キャンペーンにより早くから変化が見られる
ReportData,0x010000CA000005A1,RD_PorteDrazon_PorteDrazonTourismCampaign_Progress,ReportProperties.Description,"ポルテ・ドラゾンの観光キャンペーンにより、市内の一部地域、特に旧市街や川沿い地区で顕著な改善が見られている。復元作業やインフラの改良によってこれらの地区は新たな姿を取り戻し、地元住民はもちろん観光客からも注目を集めている。

このキャンペーンが進むにつれて、市当局はこうした変化がポルテ・ドラゾンのユニークな魅力を損なうことなく、その魅力をさらに高めるものと期待している。"
ReportData,0x010000CA0000054B,RD_PorteDrazon_WruhecismAsSoleFaith,ReportProperties.Title,ポルテ・ドラゾンでのヴルヘック教徒たちの祝賀行事
ReportData,0x010000CA0000054B,RD_PorteDrazon_WruhecismAsSoleFaith,ReportProperties.Description,"ヴルヘック教を唯一の信仰とする宣言により、ポルテ・ドラゾンの街は厳格な宗教的儀式が行われる場所へと変わった。大賢者の職務を担う聖職者たちが率いる行列が都市の主要な通りを行進し、聖ヴルヘックの神聖なシンボルが描かれた旗が政府建物や礼拝所に掲げられている。

ジルバの聖域では、信者たちが特別な祈りと説教のために集まり、この法令の重要性を強調している。都中で鐘が鳴り響き、賛美歌が空気を満たす中、王国各地から巡礼者たちがこの行事を見ようと訪れてくる。"
ReportData,0x010000BD000011A3,RD_Sallabes_CrownSupremeCampaign,ReportProperties.Title,サラベスでの騒乱により選挙活動が遅れる
ReportData,0x010000BD000011A3,RD_Sallabes_CrownSupremeCampaign,ReportProperties.Description,市民たちの抗議行動により予定されていた王室主催の映画上映が妨げられ、市街地の壁面にはスローガンが書き込まれ、旧市街付近では小規模な衝突も発生した。州当局は評価を待つ間、今後の設置作業を延期している。
ReportData,0x010000CA00000347,RD_Sallabes_ExpansionOfSallabesGrandSanctuary_Completed,ReportProperties.Title,大聖域の拡張が完了
ReportData,0x010000CA00000347,RD_Sallabes_ExpansionOfSallabesGrandSanctuary_Completed,ReportProperties.Description,"拡張されたサラベスの大聖域が正式に再開放され、王国中から信者たちを迎え入れている。新たに増設された施設により、より多くの人々が集まれるようになり、拡張された祈祷堂や、ダストヌリティ派の豊かな芸術的伝統を反映した新しく装飾された儀式用の部屋も備えられている。

この聖堂の再開放は、宗教指導者、地元の要人々、そして巡礼者たちが出席する盛大な式典によって祝われた。"
ReportData,0x010000CA00000540,RD_Sallabes_WruhecismAsSoleFaith,ReportProperties.Title,弾圧の中で宗教団体が逮捕される事態に
ReportData,0x010000CA00000540,RD_Sallabes_WruhecismAsSoleFaith,ReportProperties.Description,"サラベスでは、地元のダストヌリティ派聖職者たちがヴルヘック教を唯一の信仰とする政令に公然と反抗しているため、緊張が高まっている。数名の司祭たちは国家の命令にもかかわらず、最後の儀式や集会を行おうとし、自らの神殿から立ち去ることを拒否している。

治安部隊は抵抗する者たちを強制的に排除し始めている。報告によれば、高位の聖職者数名が逮捕され、他の者たちは州外へ連行されている。抗議を試みる信者たちも解散させられているが、依然として小規模な反抗が続いている。"
ReportData,0x010000CA0000058B,RD_Topes_BanOnNonNurityFaiths,ReportProperties.Title,トペスでの静かな施設閉鎖
ReportData,0x010000CA0000058B,RD_Topes_BanOnNonNurityFaiths,ReportProperties.Description,"トペスでは、地方当局が法令の実施に動き出したため、宗教禁止措置の影響がすぐに現れた。かつて都市の工業地帯の間に点在していた小さな礼拝所は静かに封鎖され、信者たちは集まる場所を失った。

ごく少数のザラニズムの信徒やジョライストの家族たちがかつての神殿の外に集まり、施錠された入口にろうそくを置いた後、何の衝突もなく散っていった。抗議は起きなかったが、影響を受けた人々が不確かな未来を考える中、トペスには不安な沈黙が広がっている。"
ReportData,0x010000CA00000284,RD_Valenqir_ConstructValenqirHeavyIndustrialPark_Completed,ReportProperties.Title,ヴァレンキル工業団地：進歩の象徴
ReportData,0x010000CA00000284,RD_Valenqir_ConstructValenqirHeavyIndustrialPark_Completed,ReportProperties.Description,"ヴァレンキル重工業団地が正式に開園し、この王国の経済が自給自足へと向かう新たな章が切り開かれた。

政府関係者や業界のリーダーらが出席した正式な落成式では、同施設の稼働と、鉄鋼や建設機械の生産におけるその重要な役割が祝われた。インフラプロジェクトはもはや高額な輸入品に頼ることなくなり、我が国の経済的独立性と回復力が強化される。"
ReportData,0x010000CA000001A6,RD_Valenqir_InvestInPharmaceuticals,ReportProperties.Title,医療技術発展の拠点
ReportData,0x010000CA000001A6,RD_Valenqir_InvestInPharmaceuticals,ReportProperties.Description,"ヴァレンキルでは製薬業界の発展により、この都市は医療・研究の重要な拠点へと変貌した。新たな研究所や物流センターの設立によって雇用が創出されるだけでなく、王国各地から有能な専門家も集まっている。

病院や診療所では供給チェーンが迅速化し、命を救う薬品の入手遅延が減少している。"
ReportData,0x010000CA0000008D,RD_Valenqir_RevokeFreePress,ReportProperties.Title,『リジアの声』、廃刊に
ReportData,0x010000CA0000008D,RD_Valenqir_RevokeFreePress,ReportProperties.Description,"今日、カルスにある『リジアの声』本部の外に群衆が集まり、すでに廃刊となった同新聞への連帯を示して横断幕を掲げ、声援を送っていた。

最後の号が印刷機から出てくる間、市民やジャーナリスト、長年同紙を読んできた人々は静かに立ち尽くしていた。当局が状況を監視していたものの、デモは平和的なままだった。"
ReportData,0x010000CA000001DB,RD_Zpana_InvestInTimberIndustry,ReportProperties.Title,ズパナにおける林業の拡大
ReportData,0x010000CA000001DB,RD_Zpana_InvestInTimberIndustry,ReportProperties.Description,"ズパナにおける林業の拡大により、伐採された木材を下流へ輸送するための水運需要が高まり、町の経済に新たな機会がもたらされている。

地元の商人たちによれば、木材を加工施設へ運ぶ上で水路が極めて重要な役割を果たしているため、ズパナ川沿いの取引活動が活発化しているという。"
ReportData,0x010000520005CB6A,Reports_Floating_ManusDiesInWar,ReportProperties.Title,マヌス・サゾン、戦死
ReportData,0x010000520005CB6A,Reports_Floating_ManusDiesInWar,ReportProperties.Description,サゾン家の後継者であり、かつてリジア人民党の党首だったマヌス・サゾンは、パレスに対する我々の作戦中に戦闘で命を落とした。
ReportData,0x010000A100002FDE,Reports_Floating_ManusPresumedDead,ReportProperties.Title,マヌス・サゾン行方不明、死亡と見られる
ReportData,0x010000A100002FDE,Reports_Floating_ManusPresumedDead,ReportProperties.Description,サゾン家の後継者であり、かつてリジア人民党の党首を務めていたマヌス・サゾンは、パレスで行われた最新の作戦が終了して以来行方不明となっており、死亡したものと推定されている。
ReportData,0x010000C500000C8C,Report_Turn08_TourismDown_SecurityIssues,ReportProperties.Title,全国的な安全保障上の懸念により観光収入が減少
ReportData,0x010000C500000C8C,Report_Turn08_TourismDown_SecurityIssues,ReportProperties.Description,王国全土で観光収入が急激に減少しており、その原因は安全上の懸念の高まりと国内の緊張緩和の進行にある。王立観光・ホスピタリティ委員会の報告によれば、季節的な訪問者数が27％減少し、特にこれまで来訪者が多かった沿岸地域や文化の中心地で大きな落ち込みが見られている。当局はパトロールの強化や地域間の連携を図っているものの、国民の安全意識には依然として影響が残っている。
ReportData,0x010000A100000130,Restoration_Topes_AncientCity,ReportProperties.Title,レゼニド市の復興が完了
ReportData,0x010000A100000130,Restoration_Topes_AncientCity,ReportProperties.Description,"トペスにある古代レゼニドの市中心部の復元作業が完了し、何百ものファサードが新しくなり、古い道路も再び姿を現した。朽ちかけた古代インフラを安価に覆っていたコンクリートが取り除かれ、かつての都市の姿が一般公開されることになった。

市内のいくつかの古代発掘遺跡も開放されており、その多くがリジアやメルコパ全土から観光客を引き寄せる見込みだ。これらには古代の別荘や競馬場、水道橋などが含まれる。他にもいくつかの考古学遺跡が現在も発掘中で、今後数年間で順次開放される見通しである。"
ReportData,0x010000A10000013A,Survey_Argno_Mining,ReportProperties.Title,鉱山調査でも成果なし
ReportData,0x010000A10000013A,Survey_Argno_Mining,ReportProperties.Description,王室の鉱山調査では何の成果も得られなかった。アルグノの地下には大規模な鉱床は発見されなかった。地形の厳しさが調査を妨げたが、将来的に新たな鉱床が発見される可能性も調査員たちは排除していない。
ReportData,0x010000A100000144,Survey_Havas_Mining,ReportProperties.Title,大規模な石炭鉱床が発見された
ReportData,0x010000A100000144,Survey_Havas_Mining,ReportProperties.Description,国王の命により同地域で行われた鉱山調査の一環として、ハヴァスの地下から大量の石炭埋蔵量が発見された。新たな炭鉱建設への期待が高まる中、調査員らは昨日、その好結果を宮殿に報告した。
ReportData,0x010000A10000014E,Survey_Jales_Mining,ReportProperties.Title,鉱山調査でも成果なし
ReportData,0x010000A10000014E,Survey_Jales_Mining,ReportProperties.Description,王室の鉱山調査では何の成果も得られていない。ジャレスの地下には大規模な鉱床は発見されなかった。現在の手法では調査員たちが確実に評価することができなかった同市周辺の海底を、将来的な技術進歩が調査するのに役立つ可能性は依然として残っている。
ReportData,0x010000BD00000959,Survey_MaveNortus_Mining,ReportProperties.Title,マーヴェ・ノルトゥスで小規模な石油埋蔵量が発見される
ReportData,0x010000BD00000959,Survey_MaveNortus_Mining,ReportProperties.Description,リジア石油ガス公社は、マーヴェ・ノルトゥス付近に規模は小さいものの採掘可能な油田が存在し、限定的な商業的採掘が行える見込みであることを確認した。さらに実現可能性、インフラの必要性、経済的妥当性を判断するための評価作業が進められている。
ReportData,0x010000A100000158,Survey_Qalus_Mining,ReportProperties.Title,大量の金鉱床が発見される
ReportData,0x010000A100000158,Survey_Qalus_Mining,ReportProperties.Description,王室の調査官たちが、ここ数ヶ月間に実施された鉱山調査の結果が好調であったと報告している。カルスとフォート・マノの間の地下から大量の金鉱床が発見されており、これらを開発すれば、この地域における最大の金生産国としての地位をより固めることが可能だろう。
ReportData,0x010000A100000162,Survey_Topes_Mining,ReportProperties.Title,鉱山調査でも成果なし
ReportData,0x010000A100000162,Survey_Topes_Mining,ReportProperties.Description,王室の鉱山調査では何の成果も得られなかった。トペスの地下には重要な鉱床は発見されなかった。調査員たちはその地域にある古代レゼニド遺跡を破壊しないよう細心の注意を払っており、それが進展を妨げた可能性がある。
ReportData,0x010000460001B63F,Turn01_Agnolia_Congratulation,ReportProperties.Title,ファン・ホールテン首相からの祝辞
ReportData,0x010000460001B63F,Turn01_Agnolia_Congratulation,ReportProperties.Description,ファン・ホールテン首相は我々の当選を祝い、公正かつ透明な選挙に対する我が党の姿勢を称賛した。彼は、以前の貿易協定がソードランドに不当な利益をもたらしたと考えており、今後は対等なパートナーとして両国間の貿易提携を続けたいとの意向を示した。
ReportData,0x010000460001A74C,Turn01_Arvory_LackofInvestment,ReportProperties.Title,投資不足
ReportData,0x010000460001A74C,Turn01_Arvory_LackofInvestment,ReportProperties.Description,"アルヴォリーの市長エリック・ニールは、同市周辺に適切なインフラが欠如しており、それがアルヴォリーの投資環境の魅力を著しく損なっていると報告している。特にアグノリアからの外国投資家たちは、この都市への投資をためらうようになっている。

一方、国民経済連盟が公表したデータによると、アグンランドでは企業の総支出の約19％が物流コストに消えており、同程度の地域ではこの数値は10％未満である。"
ReportData,0x0100006500000DA3,Turn01_ATO_HumanRightsReport,ReportProperties.Title,アルカシア条約機構、緊張の中で世界的な人権擁護を訴える
ReportData,0x0100006500000DA3,Turn01_ATO_HumanRightsReport,ReportProperties.Description,"世界的な緊張が高まる中、主にアルカシアが率いる14か国から成る政府間の軍事・経済同盟であるアルカシア条約機構は、世界全体の人権状況を調査した詳細な報告書を発表した。核開発が激化し、コンタナ条約機構の影響力拡大に対抗する動きが強まる中でも、アルカシア条約機構は人権擁護への取り組みを揺るぎなく続けている。

この報告書では、世界各地で人権が最も危機に瀕している地域を詳細に特定し、東部メルコパ、西部リカ、南部コンタナを含む複数の大陸における問題状況を明らかにしている。提案された戦略では、これらの危機に対処するための実効的で協力的な取り組みの必要性が強調され、基本的な人権と自由に向けた国際的な関心の促進が呼びかけられている。

潜在的な緊張や代理戦争の危険性が迫る中、この報告書は、人間の尊厳への普遍的な尊重を求める闘いが政治的・思想的な対立を超えたものであることを各国に思い起こさせている。"
ReportData,0x010000640000C86F,Turn01_Borin_DemandForWines,ReportProperties.Title,ボリンでワイン需要が急増
ReportData,0x010000640000C86F,Turn01_Borin_DemandForWines,ReportProperties.Description,"ボリンでは地元のワインへの需要が大幅に増加している。この急激な増加により、地域全体のブドウ園やワイナリーで繁忙期となっている。需要上昇の原因は海外からの関心にあり、それが確実に都市の経済活動を活性化させている。ワイナリー各社は増加した需要に応えるため生産を拡大している。

この傾向が続けば、地域の経済をさらに刺激する可能性がある。"
ReportData,0x0100006500000DD3,Turn01_CSP_AnrakaNAP,ReportProperties.Title,コンタナ条約機構とアンラカ連邦、歴史的な不可侵条約に署名
ReportData,0x0100006500000DD3,Turn01_CSP_AnrakaNAP,ReportProperties.Description,"国際外交における大きな前進として、コンタナ連邦を首班とする9カ国から成る政府間の軍事・経済同盟であるコンタナ条約機構が、アンラカン諸島連邦と5年間の不可侵条約に署名した。この画期的な合意は、コンタナ条約機構が自国の大陸であるコンタナ以外でも影響力を拡大し続けつつ、世界中で平和的な関係を維持することへの決意を示している。

この条約は、コンタナ条約機構がアンラカン群島全体に対して平和的に影響力を及ぼそうとする継続的な努力を示しており、複雑化する地政学情勢における重要な転換点となっている。コンタナ条約機構がアルカシア条約機構の資本主義的影響力に対抗するために世界的な地位を強化する中、この合意は、コンタナ連邦とアルカシアの間の海に位置する各国の主権を尊重しながら戦略的かつ平和的に拡大していく姿勢を示している。"
ReportData,0x0100005200010346,Turn01_Derdia_Congrats,ReportProperties.Title,最高賢者アズマル、デルディアから祝意を表す
ReportData,0x0100005200010346,Turn01_Derdia_Congrats,ReportProperties.Description,デルディアの指導者であるヨルガ・アズマルは、我々の即位を祝してメッセージを送ってきた。また、ヴルヘック教に対する解釈の違いがあるにもかかわらず「神は我々と共にいる」と断言し、首都ネアエルで気の向く時に「友好的な会話」を行うよう招いてきた。
ReportData,0x010000460001A768,Turn01_Deyr_IncreasingHomeless,ReportProperties.Title,ホームレスが増加
ReportData,0x010000460001A768,Turn01_Deyr_IncreasingHomeless,ReportProperties.Description,"ベルギア自治区はソードランドで最も被害の大きかった地域の一つで、経済不況以降ホームレスが急増している。デイル市のホームレス数も過去1年間で25％増加した可能性が高い。

特にブルディア人の間でその増加が著しく、わずか6年間でホームレス率は72％も上昇した。少数民族のホームレス状況は10年以上で最悪の水準に達していると報じられており、この地域のブルディア系少数民族は現在、そこにいる全ホームレスの47％を占めている。"
ReportData,0x010000460001A778,Turn01_Gelsord_Infrastructure,ReportProperties.Title,インフラ報告
ReportData,0x010000460001A778,Turn01_Gelsord_Infrastructure,ReportProperties.Description,景気後退により鉄道資産が減少し、既に古くなっていた鉄道網の5分の1以上がここ数年間で使用停止となった。現在は鉄道網の主要路線は運行を続けているものの、ゲルソードから首都への貨物需要の増加によりネットワークは限界に迫っている。この地域の鉄道信号システムは前世紀半ばのものであり、改善が求められている。
ReportData,0x0100008E0000345B,Turn01_Havas_CoalDepositsSuspected,ReportProperties.Title,ハヴァスで石炭埋蔵が疑われる
ReportData,0x0100008E0000345B,Turn01_Havas_CoalDepositsSuspected,ReportProperties.Description,ハヴァスの地質学者たちが、大量の石炭鉱床が存在する可能性について我々に報告しており、これによりさらなる探査への関心が高まっている。これらの資源の規模と経済的採算性を確認するためには、包括的な地震調査や地下調査を実施する必要がある。
ReportData,0x010000460001A780,Turn01_Holsord_AutocratCommittee,ReportProperties.Title,党委員会報告
ReportData,0x010000460001A780,Turn01_Holsord_AutocratCommittee,ReportProperties.Description,"改革委員会の報告によると、改革派の方向性で憲法に何らかの変更を加える場合、国民戦線党から強い反対が出る見込みだ。統一ソードランド党の大多数の党員も、そのような変更を支持することに消極的な様子である。

さらに、大統領の首席戦略家であるルシアン・ガラドの報告によれば、ソル主義者の政治家たちおよび最高裁判所長官は、潜在的な同盟について話し合う用意があるとのことだ。"
ReportData,0x010000460001A784,Turn01_Holsord_DictatorCommittee,ReportProperties.Title,党委員会報告
ReportData,0x010000460001A784,Turn01_Holsord_DictatorCommittee,ReportProperties.Description,"改革委員会の報告によると、行政権力の拡大をもたらす憲法改正案は、人民自由正義党から強い反対に遭う見込みである。しかし、国民戦線党のケサロ・キベナーは同委員会と協力することに関心を示しているようだ。

この方針を支持する議会議員の数は現在少ないようだが、保守派の支持も得られれば大国民議会において圧倒的多数を占める可能性がある。統一ソードランド党の改革派は、このような変更を支持することに消極的な様子だ。"
ReportData,0x010000460001A748,Turn01_Holsord_FocusStaffGathers,ReportProperties.Title,参謀本部が集結
ReportData,0x010000460001A748,Turn01_Holsord_FocusStaffGathers,ReportProperties.Description,"選挙が終了するやいなや参謀本部は我々の勝利を祝うために集まった。厳重な警備が施されたストロングアーム基地で開催されたこの会議には、ソードランド軍のあらゆる部門から代表者が出席した。

軍総司令官であるヴァルケン・クルーガーは公のプレス声明を出し、東メルコパ地域での軍事的対立の可能性が高まっていることを指摘し、軍隊の強化と支援を約束してくれたことに感謝の意を表した。"
ReportData,0x010000640000C9B1,Turn01_Holsord_GNATourismBill,ReportProperties.Title,大国民議会、観光法の制定に向け準備を進める
ReportData,0x010000640000C9B1,Turn01_Holsord_GNATourismBill,ReportProperties.Description,ホルソードにある大国民議会は、ソードランド観光・文化保存法の制定を準備している。この法律は、ボリン、リベリー、ラハベン、アンリカ、ベンフィといった複数の都市の文化的・観光的魅力を高め、ソードランドを世界的な観光地にすることを目的としている。
ReportData,0x010000460001A764,Turn01_Holsord_LogisticalIssues,ReportProperties.Title,物流の問題
ReportData,0x010000460001A764,Turn01_Holsord_LogisticalIssues,ReportProperties.Description,"ホルソードからの最近の報告によると、市長は都市の人口増加と急速な都市拡大に伴い交通渋滞が深刻化していることへの懸念を強く示した。物流に関する報告書では、交通量の大幅な増加とそれによる輸送ルートの遅延が首都で最も緊急な問題であると指摘されている。

市長は「すべての運送業者が集まる場所として機能する、総合的に設計された大規模な陸上物流ハブが欠如していることが、国内の運送業者が直面する問題を悪化させている」と強調した。広大な大都市であるホルソードでは、現在運送業者が10の異なる地区に別々の拠点を構えているため、体制が分散して非効率的となっている。"
ReportData,0x010000460001A758,Turn01_Holsord_PoliceFireReport,ReportProperties.Title,HSU火災に関する警察の報告
ReportData,0x010000460001A758,Turn01_Holsord_PoliceFireReport,ReportProperties.Description,"ホルソード国立大学の学術管理棟で火災が発生した。ホルソードの警察長官による初期報告によれば、1890年から現在までの職員記録がほぼ完全に破壊されただけでなく、国際的に認められた学術研究の原本も破壊されたという。

被害の規模は予想を上回っている。"
ReportData,0x010000460001A77C,Turn01_Holsord_PublicOpinion,ReportProperties.Title,世論調査報告
ReportData,0x010000460001A77C,Turn01_Holsord_PublicOpinion,ReportProperties.Description,過去10年間で、政府の構造における民主的改革の必要性に対する人々の見解は変化してきた。人民自由正義党の党首であるフレンス・リクターによる改革主義的宣伝により、民主的改革を求める声が大幅に増加した。現在、人口の55％が改革主義的な考え方を支持していると見積もられている。
ReportData,0x010000460001A788,Turn01_Holsord_ReformistCommittee,ReportProperties.Title,党委員会報告
ReportData,0x010000460001A788,Turn01_Holsord_ReformistCommittee,ReportProperties.Description,"改革委員会の報告によると、改革派の方向性で憲法に何らかの変更を加える場合、国民戦線党から強い反対が出る見込みだ。

この方向性を支持する議会議員は相当数おり、大国民議会では過半数を占めている可能性が高いが、統一ソードランド党のほとんどの議員はそのような変更を支持することに消極的な様子だ。"
ReportData,0x010000460001A78C,Turn01_Holsord_SecurityIncreased,ReportProperties.Title,警戒が強化される
ReportData,0x010000460001A78C,Turn01_Holsord_SecurityIncreased,ReportProperties.Description,"ベルナルド・シルカスの殺害後、首都の警備が強化された。ホルソード市長はすべてが制御下にあると報告している。

マルーン宮殿周辺の警戒は、ホルソード警察署と大統領親衛隊の協力により強化されている。さらに、セキュリティ専門家の助言を受けて宮殿への入場手続きが見直されている。

警察長官カール・グライザーは、ベルナルド・シルカスの殺害事件について捜査が開始されたと報告した。"
ReportData,0x010000460001A75C,Turn01_Holsord_SIDFireReport,ReportProperties.Title,SID、HSUの火災調査に参加
ReportData,0x010000460001A75C,Turn01_Holsord_SIDFireReport,ReportProperties.Description,"警察部門によるさらなる調査で、容疑者がまだ特定されていない放火の可能性がある事件が明らかになった。ホルソードの警察長官は外国による破壊工作の疑いを懸念し、捜査に当たっているソードランド情報局に対して調査の拡大を要請した。

さらなる証拠を発見するため、その地域は一般市民の立ち入りが制限されている。"
ReportData,0x010000460001A744,Turn01_Holsord_StaffGathers,ReportProperties.Title,参謀本部が集結
ReportData,0x010000460001A744,Turn01_Holsord_StaffGathers,ReportProperties.Description,"選挙が終了するやいなや参謀本部は我々の勝利を祝うために集まった。厳重な警備が施されたストロングアーム基地で開催されたこの会議には、ソードランド軍のあらゆる部門から代表者が出席した。

軍総司令官であるヴァルケン・クルーガーは公のプレス声明を発表し、東メルコパ地域での軍事的対立の可能性が高まっていることを指摘し、軍力強化のための支援を要請した。"
ReportData,0x0100005200032700,Turn01_Iza_LaborHandsProtest,ReportProperties.Title,学生たち、労働者への扱いに抗議してウォークアウトを実施
ReportData,0x0100005200032700,Turn01_Iza_LaborHandsProtest,ReportProperties.Description,イザ大学の学生たちは昨日、「ウォークアウト」を主導し、これはヴェゼクおよびデルディアの労働者たちへの連帯行動だとされている。この若者主導の運動の代表者は、同政策の全面的な見直しと改革を呼びかけ、リジア国内の全労働者に対する公平な扱いの必要性を強調した。
ReportData,0x01000052000326BD,Turn01_Jales_NelvisarVergeOfDepletion,ReportProperties.Title,ネルヴィサル油田、枯渇の危機に
ReportData,0x01000052000326BD,Turn01_Jales_NelvisarVergeOfDepletion,ReportProperties.Description,産業界の報告によると、かつてリジアで最も生産性の高かったネルヴィサル油田は今やその生産寿命の終わりに近づいており、専門家たちは来年以内に生産量が大幅に減少するだろうと予測している。この間近に迫った枯渇により、代替エネルギー源への投資拡大やリジアの長期的なエネルギー戦略の見直しが求められている。
ReportData,0x0100006500005216,Turn01_Kyrute_PraisesDemocracy,ReportProperties.Title,キルート、ソードランドの民主主義を支持
ReportData,0x0100006500005216,Turn01_Kyrute_PraisesDemocracy,ReportProperties.Description,キルート共和国は、ソードランドでのアントン・レイン大統領の最近の選挙勝利を祝った。キルートのイノス・アドリウメル首相は、共通する価値観を強調しながら、ソードランドの民主的プロセスと平和的な権力移行を称賛した。キルートは、ソードランドとの引き続く外交協力及び相互発展に対して前向きな見通しを示した。
ReportData,0x010000640000C85F,Turn01_Lachaven_GasomSeaRig,ReportProperties.Title,ラハベン沖の海上掘削施設の保守作業
ReportData,0x010000640000C85F,Turn01_Lachaven_GasomSeaRig,ReportProperties.Description,"ラハベン沖にあるガソムの海上掘削施設は、必要なメンテナンスのため石油採取作業を一時停止している。この掘削施設はラハベンの石油生産に大きく貢献しており、一時的な停止が同市の生産水準に影響を与える可能性がある。メンテナンスの完了時期は未定のままだ。地元政府は状況を監視し、市内の石油供給への影響を最小限に抑えるための対策を講じている。

それまでの間、通常の操業は引き続き中止された状態が続く。"
ReportData,0x010000460001A754,Turn01_Lachaven_Port,ReportProperties.Title,ラハベン港、その重要性を失う
ReportData,0x010000460001A754,Turn01_Lachaven_Port,ReportProperties.Description,"最新の海上交通報告によると、ラハベン港はもはやメルコパ大陸で最も忙しい港ではなく、3位に後退している。これは我が政権にとって悪い兆候だが、ラハベンは依然として主要な貿易拠点として再び輝く可能性を持っている。

ラハベン港はソードランドで最大の港であり、特に首都やソードランド内陸部と世界の他地域を結ぶ主要な流通拠点として、経済において極めて重要な役割を果たしている。

投資プロジェクトが成功すれば、この重要な港湾都市は国全体の経済回復を支え続けることになるだろう。"
ReportData,0x010000460001A750,Turn01_Laren_LowProduction,ReportProperties.Title,アグンランドの生産量が低下
ReportData,0x010000460001A750,Turn01_Laren_LowProduction,ReportProperties.Description,この報告書は、アグンランド地方における生産性成長の水準が驚くほど低いことに警戒を促しており、同地域の内陸部では食料不安、栄養失調、農村貧困の割合も高い状況にある。
ReportData,0x010000640000C89F,Turn01_Leiren_ProtectNatureMarch,ReportProperties.Title,自然保護行進
ReportData,0x010000640000C89F,Turn01_Leiren_ProtectNatureMarch,ReportProperties.Description,"レイレンの自然保護財団が、生態学的な取り組みと自然保護を推進するための行進を開催した。この行事には多数の人々が参加し、地域社会が環境問題に対して強い関心を持っていることが示された。この平和的なデモンストレーションにより、レイレン特有の生物多様性や直面する環境的課題についての認識が高まった。

地元当局は、この行事および財団が伝えたメッセージに注目している。"
ReportData,0x010000460001A774,Turn01_Lenkurg_Infrastructure,ReportProperties.Title,インフラ報告
ReportData,0x010000460001A774,Turn01_Lenkurg_Infrastructure,ReportProperties.Description,"レンクルグにおける観光業の最近の崩壊により、貿易量と道路維持が減少している。道路網は現在も使用可能だが、大幅な改善が必要である。

港湾や国道、橋梁も同様に投資不足に苦しんでいる。レンクルグで事業を行う企業は倉庫施設、特に冷蔵施設の著しい不足を報告しており、これは輸送システムや住民の基本的な食料・医療ニーズへの対応能力に悪影響を与えている。"
ReportData,0x010000460001B633,Turn01_Lespia_Congratulation,ReportProperties.Title,アルバレス首相からの祝辞
ReportData,0x010000460001B633,Turn01_Lespia_Congratulation,ReportProperties.Description,アルバレス首相はその結果を祝し、将来的に有益な協力関係が築かれることへの期待を語った。彼はソードランド人たちへ最良の願いを送るとともに、東方から迫るコンタナ連邦のマレニエフ主義的影響の脅威について我々に警告し、我々の大陸メルコパにおける団結の重要性を強調した。
ReportData,0x0100005200010337,Turn01_Monqiz_Hubertus,ReportProperties.Title,フベルトゥス・トラス、ヴァレンキリスの暫定公に任命される
ReportData,0x0100005200010337,Turn01_Monqiz_Hubertus,ReportProperties.Description,我々が王位に就いたことでモンキズの統治者の座が空位となり、同州に住む最も近親のトラス家の者である従兄弟フベルトゥスが、ヴィナ王女が女公爵に任命されるまでその職を担うことが決定された。彼は私的なメッセージの中で、自分と家族が引き続き国王の臣下であり続けると約束した。
ReportData,0x010000A300000663,Turn01_Montaklar_Decision_InvestInRizianFootballFederation_FCPorteDrazon,ReportProperties.Title,レアル・モンタクラルのファン、FCポルテ・ドラゾンへの投資に怒る
ReportData,0x010000A300000663,Turn01_Montaklar_Decision_InvestInRizianFootballFederation_FCPorteDrazon,ReportProperties.Description,レアル・モンタクラルのファンたちは、王室が『歴史も実績もない小さなクラブ』だと呼ぶFCポルテ・ドラゾンへ投資する決定に抗議している。彼らは、どれだけ多額の資金を投入されても自分たちのレアル・モンタクラルの歴史や実力を超えることはできないと主張している。
ReportData,0x010000A30000064F,Turn01_Montaklar_Decision_InvestInRizianFootballFederation_RealMontaklar,ReportProperties.Title,レアル・モンタクラル、投資の受け入れを歓迎
ReportData,0x010000A30000064F,Turn01_Montaklar_Decision_InvestInRizianFootballFederation_RealMontaklar,ReportProperties.Description,レアル・モンタクラルは、クラブへの追加投資を行ってくれた国王に感謝し、この新たな投資によって同クラブがリジアで最強のチームとしての地位を維持するだけでなく、メルコパ全土でも屈指のチームであり続けることができると宣言した。
ReportData,0x0100005200010322,Turn01_Montaklar_MilitaryCongrats,ReportProperties.Title,キャンプ・ドムスで戴冠式が厳かに行われる
ReportData,0x0100005200010322,Turn01_Montaklar_MilitaryCongrats,ReportProperties.Description,我々の戴冠式を記念して、臨時戦争・安全保障評議会の女公爵ルシータ・アザロと軍総司令官カルロス・ロブレス・アザロが共にキャンプ・ドムスで軍隊を率いて特別演習を行った。アザロ家のその他の高位メンバーもほとんどが祝賀行事に出席したが、脳卒中に罹患して依然として病院にいるタデウス将軍は欠席だった。
ReportData,0x010000520001034D,Turn01_Morella_Congrats,ReportProperties.Title,モレラ首相アルマ・サルタナ、祝意を表す
ReportData,0x010000520001034D,Turn01_Morella_Congrats,ReportProperties.Description,モレラの新たに選出された首相は、我々の即位後に我々のもとを訪れ、心からの祝意を述べるとともに、特にメフティエム国際貿易区に関する事項においてより緊密に協力したいという意向を示した。
ReportData,0x010000460001A76C,Turn01_Morna_IncreasingUnemployment,ReportProperties.Title,失業率の上昇
ReportData,0x010000460001A76C,Turn01_Morna_IncreasingUnemployment,ReportProperties.Description,"モルナでは景気後退が続く中、失業手当を申請する人々の数が引き続き増加している。

「経済状況の変化は歴史的で、その速さには驚かされる」とモルナ市長は述べた。「1951年の危機の後、モルナの失業率は翌年に9パーセントまで上昇した。過去6ヶ月間で、過去20年間に得られた雇用面での成果がほぼすべて消え去ってしまった。」"
ReportData,0x010000640000C877,Turn01_Narbel_GasomDiscoveries,ReportProperties.Title,ガス田発見
ReportData,0x010000640000C877,Turn01_Narbel_GasomDiscoveries,ReportProperties.Description,"ソードランド電力公社に属する野外調査チームが、ナルベルで新たなガス田を発見したと発表した。これらの発見により同都市のエネルギー供給が強化され、ソードランド全体のエネルギー事情において重要な役割を果たす可能性がある。現在、これらのガス田の産出量と品質に関する予備分析が行われており、同公社は間もなく採掘の実現可能性を示した詳細な報告書を公表する予定だ。

この発見がもたらす経済的影響、特に地域の成長や雇用創出の面での効果は注目に値する。"
ReportData,0x010000650000020C,Turn01_Pales_DukeCongrats,ReportProperties.Title,ラインハルト大公、祝意を送る
ReportData,0x010000650000020C,Turn01_Pales_DukeCongrats,ReportProperties.Description,パレスの首都から届いた手紙の中で、ラインハルト大公は我々の戴冠を祝うと同時に、ヴァレロ王の死去に対して哀悼の意を表した。彼はこの政権移行がパレスとリジアの関係に「新たな章」をもたらすことを願っている。
ReportData,0x010000980001C9FE,Turn01_Plavo_ConsecrationOfKingPrep,ReportProperties.Title,国王の聖別式の祝賀行事が開催中
ReportData,0x010000980001C9FE,Turn01_Plavo_ConsecrationOfKingPrep,ReportProperties.Description,"色とりどりの旗や活気ある音楽で飾られた祝祭的な街頭行事が、国王の聖別式が近づくにつれてプラヴォの街中を覆っている。聖職者たちが熱狂する群衆の間を宗教的な行列を率いて進み、市内中心部から始まり、崇拝される聖域の門で終わる。

その聖域は建物の修復されていない構造的損傷のため一般信者の立ち入りが禁止されているが、検査官たちは敬虔なカエルスの墓を含む儀式が行われる場所が国王の入場に適して安全であると認定している。"
ReportData,0x010000A300000645,Turn01_PorteDrazon_Decision_InvestInRizianFootballFederation_FCPorteDrazon,ReportProperties.Title,FCポルテ・ドラゾン、投資の受け入れを歓迎
ReportData,0x010000A300000645,Turn01_PorteDrazon_Decision_InvestInRizianFootballFederation_FCPorteDrazon,ReportProperties.Description,FCポルテ・ドラゾンは、クラブへの投資を行ってくれた王室に感謝し、追加された資金がメルコパカップで競争力を持つという目標の達成に役立つだろうと述べた。
ReportData,0x010000A300000659,Turn01_PorteDrazon_Decision_InvestInRizianFootballFederation_RealMontaklar,ReportProperties.Title,FCポルテ・ドラゾンのサポーター、レアル・モンタクラルへの投資を非難
ReportData,0x010000A300000659,Turn01_PorteDrazon_Decision_InvestInRizianFootballFederation_RealMontaklar,ReportProperties.Description,FCポルテ・ドラゾンのファンたちは、国王がレアル・モンタクラルへ投資するという決定に不満を示している。同クラブのファン団体は、レアル・モンタクラルのような実力を持つチームにはさらなる投資は不要であり、その資金は新しいチームを支援することでリジアリーグ内の競争を強化するために使うべきだったと主張している。
ReportData,0x010000A30000066D,Turn01_PorteDrazon_Decision_RoyaltyConcertEvent_Organize,ReportProperties.Title,アルベニが貴族たちの集結する首都に到着
ReportData,0x010000A30000066D,Turn01_PorteDrazon_Decision_RoyaltyConcertEvent_Organize,ReportProperties.Description,リジアの各王家に属する貴族たちが、ロムス王が主催するクラシックコンサートに出席するためポルテ・ドラゾンに集まっている。今や有名な作曲家であるアントニオ・ジェリア・アルベニも、自らの才能を発揮する絶好の機会に間に合うよう到着した。何千人もの一般民衆が空港付近に集まってその有名人の姿を見ようとしたが、彼はすぐにリムジンに乗せられコンサートホールへ向かったため、その姿を目にすることはできなかった。
ReportData,0x01000052000326D3,Turn01_PorteDrazon_DelegateAllegiance,ReportProperties.Title,代議院で初の忠誠宣誓式が行われる
ReportData,0x01000052000326D3,Turn01_PorteDrazon_DelegateAllegiance,ReportProperties.Description,代議院が設立されて以来初となるリジアの戴冠式を記念して、多数派党首のダリア・デ・ラーヴァは特別会議を招集し、議員たちに王室への忠誠を誓わせた。各議員は立ち上がり、ロムス王の治世下で献身的かつ誠実に仕えるという決意を表明するよう求められた。
ReportData,0x0100005200010538,Turn01_Qalus_WineHarvest,ReportProperties.Title,1950年、記念すべきワインの年に
ReportData,0x0100005200010538,Turn01_Qalus_WineHarvest,ReportProperties.Description,カルスにあるカントゥアーヴォ家のブドウ園では、昨年の記録的な収穫に続き、最新のカヴィッレを瓶詰めする作業が始まった。彼らはそのワインに「赤のロムス」という名前を付け、1950年がリジア産ワインにとって特別な年として歴史に刻まれるだろうと主張している。
ReportData,0x010000640000C867,Turn01_Ribery_TourismIndicator,ReportProperties.Title,リベリーの観光潜在力
ReportData,0x010000640000C867,Turn01_Ribery_TourismIndicator,ReportProperties.Description,"リベリーは豊かな歴史的遺跡、独自の文化、自然の美しさを持っており、未開拓の観光潜在力がある。しかし、この都市には完全な観光地となるための必要なインフラや宣伝活動が欠けている。地元当局はリベリーの観光業を発展させるため、さらなる支援を積極的に求めている。リベリーの発展のためのあらゆる戦略計画において、インフラの整備と観光名所の宣伝が重点となるだろう。

観光業の振興は、この都市の経済を大幅に向上させ、多数の雇用機会を創出することができる。"
ReportData,0x01000074000061F3,Turn01_Rizia_CongratulatesElectionWin,ReportProperties.Title,リジア、選挙勝利を祝う
ReportData,0x01000074000061F3,Turn01_Rizia_CongratulatesElectionWin,ReportProperties.Description,"リジアの王ロムス・トラスは、アントン・レイン大統領が選挙に勝利したことを受けて正式に心からの祝賀の意を表した。公式な演説の中で彼はソードランドのいわゆる民主主義的精神を称賛し、レイン政権下で二国間の関係を強化することに強い関心を示した。

国王は、政府間の違いにかかわらず、両国間に今後密接な協力と相互尊重の関係が築かれることを期待している。"
ReportData,0x010000520001033F,Turn01_Rumburg_Congrats,ReportProperties.Title,ビアトリス女王とGRACE、正式に祝意を表す
ReportData,0x010000520001033F,Turn01_Rumburg_Congrats,ReportProperties.Description,戴冠式から帰国したベアトリス・リヴィングストン女王は、ルンブルクおよび商業交流のための王室同盟ギルドであるGRACEを代表して正式な祝賀メッセージを送った。彼女は我々を世界に残る君主たちの仲間として歓迎するとともに、妹が我々の戴冠式を見ることができなかったことへの悲しみを記した個人的な手紙も同封した。
ReportData,0x0100005200010329,Turn01_Sallabes_SazonCongrats,ReportProperties.Title,サゾン家、正式に祝意を表す
ReportData,0x0100005200010329,Turn01_Sallabes_SazonCongrats,ReportProperties.Description,サゾン家の貴族たちは、我々の即位に対して正式な祝賀の意を表した。その家族たちはアレーナ・サラベスで式典の屋外上映会を開催し、ブレナス州全土から集まった市民たちがそれに出席した。
ReportData,0x010000460001A770,Turn01_Sarna_AgricultureGrows,ReportProperties.Title,農業分野の成長が期待される
ReportData,0x010000460001A770,Turn01_Sarna_AgricultureGrows,ReportProperties.Description,"3年ぶりにサルナの農業生産量が増加した。多くの専門家は、気温の低下と近年導入された新しい農法の両方がこの生産量の上昇の要因だと見ている。

さらに、農民たちはアルフォンソ政権時代から残っている、政府からのより手厚い融資制度を利用できるようになった。

農業省によれば、投資が続けばこの地域の農業は将来的に強力な産業へと成長する可能性があるという。"
ReportData,0x01000052000326A7,Turn01_Topes_UnveilingLegacyOfRezenid,ReportProperties.Title,レゼニド帝国の遺産が明らかに
ReportData,0x01000052000326A7,Turn01_Topes_UnveilingLegacyOfRezenid,ReportProperties.Description,リジア王国の人々の関心を集めた画期的な発見として、由緒あるトペス市にいる考古学者たちが、失われ久しいレゼニド帝国の大都市であったと思われる遺構を発掘した。壮大な建築物や精巧なフレスコ画によって特徴づけられる広大な都市配置は、かつての繁栄の黄金時代を反映し、商業・統治・文化の重要な中心地であったことを示している。
ReportData,0x01000052000326C8,Turn01_Valenqir_TorasTruthers,ReportProperties.Title,ヴァレンキルの男爵と女男爵、不在期間を経て再び忠誠を誓う
ReportData,0x01000052000326C8,Turn01_Valenqir_TorasTruthers,ReportProperties.Description,我々の戴冠式に二人が目立って姿を見せなかったため、治安部隊がジュリオおよびオクタヴィア・トラス夫妻の屋敷へ派遣された。過去にこの夫婦は、ヴァレロ王の王位継承権を貶める虚偽の噂を流した疑いがあった。しかし彼らは、不適切に調理された貝類による食中毒のため不在だったと証言し、ロムス王およびその家族への忠誠を熱心に再確認した。
ReportData,0x010000640000C9B9,Turn01_Valgen_DamOutputReduces,ReportProperties.Title,ヴァルゲン・ダムの発電量が減少
ReportData,0x010000640000C9B9,Turn01_Valgen_DamOutputReduces,ReportProperties.Description,"ソードランドにとって重要なエネルギー源であるヴァルゲン・ダムは、老朽化のため出力が低下している。老朽化したインフラの効率が悪化し、かつての発電水準を維持することが困難になっている。この状況が速やかに是正されなければ、地域のエネルギー供給に影響を及ぼす可能性がある。

必要に応じて、将来的にこのダムの改修または近代化の計画が提案される可能性がある。"
ReportData,0x010000460001B637,Turn01_Valgsland_Congratulation,ReportProperties.Title,ヘーゲル書記長からの祝辞
ReportData,0x010000460001B637,Turn01_Valgsland_Congratulation,ReportProperties.Description,ヘーゲル書記長は貴国の偉大な勝利に祝意を送り、今後両国間の緊密な協力を願った。また有望な貿易協定が成立した場合にはヴァルグスランドが譲歩する姿勢を示すと述べた。さらにソードランドの民主主義が選挙を成功裏に終えたことを祝うと同時に、アルカシアの影響力拡大が東部メルコパに与える脅威について我々に警告した。
ReportData,0x010000460001B63B,Turn01_Wehlen_Congratulation,ReportProperties.Title,スモラク大統領からの祝辞
ReportData,0x010000460001B63B,Turn01_Wehlen_Congratulation,ReportProperties.Description,スモラク大統領は選挙勝利に対する祝意を送り、ヴェーレンとソードランドの間の協力的な未来を願うと共に、両国間の外交関係を正常化したい意向を示した。
ReportData,0x0100005200010330,Turn01_Wehlen_SmolakCongrats,ReportProperties.Title,スモラク大統領からの祝辞
ReportData,0x0100005200010330,Turn01_Wehlen_SmolakCongrats,ReportProperties.Description,ヴェーレンのヴィクトル・スモラク大統領は、我々の即位式に際して正式な祝賀の意を送ってきた。その手紙の中で、同氏は式典に出席できなかったことを遺憾に思うと共に、ヴェーレンとリジアの間の引き続く協力関係への期待を示した。
ReportData,0x010000460001B643,Turn02_Agnolia_CritiquesTrade,ReportProperties.Title,ホールテン、貿易を批判
ReportData,0x010000460001B643,Turn02_Agnolia_CritiquesTrade,ReportProperties.Description,"アグノリアの指導者は、我が国間の貿易不均衡について外交的な批判を行った。ソードランドが純貿易によってアグノリアよりもはるかに多くの利益を得ていることへの懸念が示された。

マールティン・ファン・ホールテン首相は、今後の交渉において既存条約を公正に見直すよう求めている。"
ReportData,0x010000460001A79C,Turn02_Anrica_LocalPoliceReport,ReportProperties.Title,地元警察、民族主義者たちと協力して行動
ReportData,0x010000460001A79C,Turn02_Anrica_LocalPoliceReport,ReportProperties.Description,"アンリカにおいて、ソード青年団のメンバーとして活動していた我々の工作員が、地元警察の『アルソン・ボーラー』および『ヴィク・ネーザー』と接触した。報告によれば、その警官らは、共産党員であることが知られている人物の店舗を焼き払わせ、さらなる暴力行為を引き起こさせるために工作員に賄賂を渡そうとした。

我々は汚職の罪でその警官らを拘束した。"
ReportData,0x010000460001A7A8,Turn02_Arvory_YSLinksToGovernment,ReportProperties.Title,ソード青年団のメンバー、政府との関与を主張
ReportData,0x010000460001A7A8,Turn02_Arvory_YSLinksToGovernment,ReportProperties.Description,"アルヴォリーに拘留されているソード青年団のメンバーは、自分が地元政府とつながりがあると主張している。我々はその主張の真偽を調査しているが、現時点ではさらなる手掛かりを見つけることができていない。

この事件に関する捜査は引き続き行われる。"
ReportData,0x010000460001A790,Turn02_ATO_ArcasiaICBM,ReportProperties.Title,アルカシア、初のICBMを開発
ReportData,0x010000460001A790,Turn02_ATO_ArcasiaICBM,ReportProperties.Description,"アルカシア条約機構は、初の大陸間弾道ミサイルであるミサイル-4の開発に成功したことを誇らしく発表する。数千キロメートル離れた目標まで到達可能な射程距離と高度な精密誘導機能を備えたこの成果は、同機構の戦略的抑止力が強化されたことを示している。

最近完成した中距離ミサイルシステムと合わせて、この業績はアルカシア条約機構が新たに出現する安全保障上の課題に対処し、加盟国の保護を確実にする準備ができていることを証明している。"
ReportData,0x010000460001A7E4,Turn02_Conriat_IndustrialPotential,ReportProperties.Title,有望な工業的潜在力
ReportData,0x010000460001A7E4,Turn02_Conriat_IndustrialPotential,ReportProperties.Description,"コンリアトの市長であるクリス・シャールによると、L-1高速鉄道プロジェクトの建設開始という決定により、全国の産業投資家たちがこの都市周辺地域に資金を投入するようになったとのことだ。

市長は、このプロジェクトが完成すればコンリアトで大幅な経済成長がもたらされるだろうと期待している。"
ReportData,0x0100006500000DCB,Turn02_CSP_IyotakePlanRika,ReportProperties.Title,コンタナ条約機構、リカのインフラ整備のため包括的な「イヨタケ計画」を発表
ReportData,0x0100006500000DCB,Turn02_CSP_IyotakePlanRika,ReportProperties.Description,"コンタナ条約機構は、副秘書長のトケジントリ・イヨタケが主導し、地政学的影響力を拡大するための計算された取り組みとして、リカのインフラおよび教育分野を根本的に変革することを目的とした巨大な投資計画を発表した。イデオロギー間の世界的な対立が新たな戦場としてリカ大陸で顕在化する中、マレニエフ主義やヴァルグスランド社会主義を採用する革命が増加しており、情勢は変化しつつある。

この包括的な計画では、今後5年間で1500億KSの投資を行い、リカの公共インフラを大幅に強化することを目指している。主なプロジェクトには、5,000キロに及ぶ鉄道・道路網の改良、3つの大規模病院の建設、そして大陸全土に200の医療施設を設置することが含まれる。同時に、リカの教育分野でも前例のない改革が進められ、150校の新しい学校を建設し、科学・技術・芸術に重点を置いた改良された教科書体系を導入する計画だ。

この取り組みにより、コンタナ条約機構はリカを持続可能な発展の象徴として位置づけようとし、アルカシア条約機構の資本主義的拡大に対抗する姿勢を示すとともに、自身の社会政治モデルの有効性をアピールしようとしている。"
ReportData,0x0100006500000DAB,Turn02_CSP_WorkersRights,ReportProperties.Title,コンタナ条約機構派閥、報告書で労働者の権利に焦点を当てる
ReportData,0x0100006500000DAB,Turn02_CSP_WorkersRights,ReportProperties.Description,"コンタナ条約機構内のある派閥が労働条件の問題に国際的な注目を集め、加盟国における労働者の権利に関する報告書を公表した。主に計画経済国から成るコンタナ条約機構がアルカシアやアルカシア条約機構の拡大する資本主義的影響に対処している中、この報告書は労働者保護の必要性を強調している。

この文書は、数大陸にまたがるコンタナ条約機構加盟国における労働者の権利と労働条件について詳細な分析を行っている。そこではこれらの国が世界基準を上回り、平均最低賃金は45％高く、産業部門における労働組合結成率は95％に達しているとされている。しかし一方で、コンタナ条約機構加盟国内の男女間賃金格差が平均12％存在するなどの問題も指摘されている。報告書は労働法のより厳格な実施を提言している。"
ReportData,0x010000460001A7B8,Turn02_Erzaren_IllegalKA74,ReportProperties.Title,違法なKA-74が押収される
ReportData,0x010000460001A7B8,Turn02_Erzaren_IllegalKA74,ReportProperties.Description,"エルザレンの廃屋の地下室から、ルンブルク製の武器を収めた隠し場所が発見された。その中には全く新しいKA-74が47丁、弾丸2854発、拳銃12丁、手榴弾27個、そして爆弾製造用の機材が含まれていた。現在まで容疑者の拘束は行われていない。

これらの装備の出所を特定するため、捜査が続けられている。"
ReportData,0x010000510002FC4C,Turn02_Erzaren_RiseInGolcondism,ReportProperties.Title,ベルギアの農村部におけるゴルコンド主義の台頭
ReportData,0x010000510002FC4C,Turn02_Erzaren_RiseInGolcondism,ReportProperties.Description,"ゴルコンド主義は、ヴルヘック教のヌーリティ教から分派した小規模な宗教であり、教育や雇用機会が限られていることを主な原因として、エルザレン市やベルギアの農村地域で多数の信者を獲得している。この宗派は、その教義を厳格に守ることによって共同体意識や目的意識、救済感を提供する。

ブルディア自由戦線（BFF）および外国の布教活動家が、ゴルコンド主義の急激な増加の背後にいると疑われている。多くのブルディアの政治指導者たちが草の根運動を通じて信者を募っており、その結果、ゴルコンド主義はこの地域で最も人気のある宗教集団の一つとなっている。しかし、当局者らは、この宗派の厳格な規則や慣行が社会的不安を引き起こす恐れがあると懸念しており、状況に対処するため、地元コミュニティの指導者と協力してさらなる調査と戦略策定が必要だと考えている。"
ReportData,0x010000640000C9A9,Turn02_Erzaren_SollDamCapacityMax,ReportProperties.Title,ソル・ダム、満杯状態に
ReportData,0x010000640000C9A9,Turn02_Erzaren_SollDamCapacityMax,ReportProperties.Description,ソル・ダムはその最大容量に達した。このダムは都市インフラの重要な構成要素であり、最近は膨大な量の水が流入している。貯水池の容量が満杯となったため、ダムの運用効率が厳しく検証されている。ダムの安全性を確保するため、点検作業が行われている。
ReportData,0x010000640000CD24,Turn02_Estord_CPSLUSProtest,ReportProperties.Title,CPSとLUS、エストードで抗議行動
ReportData,0x010000640000CD24,Turn02_Estord_CPSLUSProtest,ReportProperties.Description,エストードでは、ソードランド共産党とソードランド労働組合がガソムに対する抗議を開始している。ガソムの活動への懸念を表明することを目的としたこの抗議は大きな注目を集めている。CPSとLUSは力を結集し、抗議の激しさを高めている。ナルベル政権とガソムがこれらの抗議にどう反応するかが厳しく注視されている。
ReportData,0x010000460001A7A4,Turn02_Estord_PoliceOverburdened,ReportProperties.Title,エストードで警察の業務過多に
ReportData,0x010000460001A7A4,Turn02_Estord_PoliceOverburdened,ReportProperties.Description,"エストードの警察部隊から装備や人員が不足しているという報告が続けて寄せられている。同市での暴力行為が激化する中、警官たちは抗議活動を鎮圧するため12時間勤務を続けているものの、効果は上がっていない。

エストードの警察長官は、近隣都市からの増援と催涙ガスの追加供給を要請している。"
ReportData,0x0100005200010541,Turn02_FolceDator_Accident,ReportProperties.Title,フォルチェ・ダトールでの事故を受け、ライフルの生産が停止される
ReportData,0x0100005200010541,Turn02_FolceDator_Accident,ReportProperties.Description,フォルチェ・ダトール小銃工場にある機械が故障し、来週まで兵器の生産が停止する事態となった。原因は調査中だが、工場責任者によれば現在続く労働力不足のため、工場の生産監督を担当する作業員が少なくなり、人的ミスが起きやすくなっているという。
ReportData,0x010000460001A794,Turn02_Holsord_BFFActivity,ReportProperties.Title,首都におけるBFFの活動報告
ReportData,0x010000460001A794,Turn02_Holsord_BFFActivity,ReportProperties.Description,"警察長官のカール・グライザーによると、ブルディア自由戦線（BFF）に属する2人のブルディア人女性が、混雑した集会でテロ攻撃を実行する前にホルソードで逮捕された。この2人はいずれも指名手配犯であり国家の敵として記載されている。

逮捕された女性たちは、ケサロ・キベナーが演説を行っていたソル広場で国民戦線党の集会を攻撃するつもりだったことは認めているが、BFFとの関連性は否定している。両名とも単独で行動していたと主張している。

警察によれば状況は収束しており、さらなる調査が進行中だという。"
ReportData,0x010000650000047B,Turn02_Holsord_EPARepealStarts,ReportProperties.Title,1932年エネルギー保護法廃止案
ReportData,0x010000650000047B,Turn02_Holsord_EPARepealStarts,ReportProperties.Description,"ソードランドの大国民議会は昨日、重要な会期を開き、人民自由正義党のフレンス・リクターが提出し、無所属議員のマンスン・レケが支持した、1932年のエネルギー保護法を廃止する案が審議された。現行のこの法律では、安全保障上重要なエネルギー企業における外国所有の割合を20％に制限している。

この法律の廃止または改正に関する提案は議会内で議論の的となっており、賛成派は自由市場方式を主張し、反対派はソードランドの重要産業を外国の影響から守るべきだと主張している。もし廃止案が議会で必要な過半数を得れば、最終承認のためマルーン宮殿に送られることになる。"
ReportData,0x010000640000C9C1,Turn02_Holsord_GNAGreenBill,ReportProperties.Title,ホルソードにおける大国民議会の環境法案
ReportData,0x010000640000C9C1,Turn02_Holsord_GNAGreenBill,ReportProperties.Description,大国民議会は持続可能な産業慣行の推進、特にグルニ地域におけるそれを重点とした環境法案を準備している。この法案の第1章では工業汚染や廃棄物処理に対するより厳格な規制が提案されており、違反者には高額な罰金が科せられ、徴収された資金は環境復旧プロジェクトに再投資されることになっている。
ReportData,0x010000460001A7E0,Turn02_Holsord_KesaroDemandsEmergency,ReportProperties.Title,ケサロ・キベナー、緊急事態宣言の発令を要求
ReportData,0x010000460001A7E0,Turn02_Holsord_KesaroDemandsEmergency,ReportProperties.Description,NFPの指導者であるケサロ・キベナーは、国内で増加する政治的暴力に対処するため緊急事態宣言を出すよう要求している。彼は、緊急事態宣言がなければソードランドは不安定化し、国の統一性もさらに損なわれるだろうと述べている。
ReportData,0x010000460001A7D0,Turn02_Holsord_L1_SSC,ReportProperties.Title,SSCによるL-1建設計画が開始された
ReportData,0x010000460001A7D0,Turn02_Holsord_L1_SSC,ReportProperties.Description,ソードランド国営公社によると、L-1鉄道の準備作業、すなわち土地の整地や機材の輸送が既に開始されているとのことである。この鉄道の建設は数ヶ月後にホルソードから始まる予定だ。
ReportData,0x010000460001A7CC,Turn02_Holsord_L1_Taurus,ReportProperties.Title,タウルスによるL-1建設計画が開始された
ReportData,0x010000460001A7CC,Turn02_Holsord_L1_Taurus,ReportProperties.Description,タウルス・ホールディングは、土地の整地や機材の輸送を含むL-1鉄道の準備作業が既に開始されたと報告している。この鉄道の建設は数か月後にホルソードから始まる予定である。
ReportData,0x010000460001A7D4,Turn02_Holsord_L1_Underhall,ReportProperties.Title,アンダーホールによるL-1建設計画が開始された
ReportData,0x010000460001A7D4,Turn02_Holsord_L1_Underhall,ReportProperties.Description,アンダーホール建設によると、土地の整地や機材の輸送を含むL-1鉄道の準備作業が既に開始されているとのことである。この鉄道の建設は数ヶ月後にホルソードから始まる予定だ。
ReportData,0x010000460001A798,Turn02_Jen_WeaponsSeized,ReportProperties.Title,文化会館で押収された武器
ReportData,0x010000460001A798,Turn02_Jen_WeaponsSeized,ReportProperties.Description,"地元警察によると、ジェンにあるソード青年団文化センターから重火器が満載されたクローゼットが押収されたとのことだ。その施設の常連客たちは武器について何も知らないと否定している。建物の所有者らは他の13人と共に拘束された。

警察はライフル22丁と機関銃2丁を押収した。これらの装備はソードランド軍のもので、製造年は1929年だが非常に良好な状態で保管されていた。"
ReportData,0x010000640000CD2C,Turn02_Lachaven_CPSLUSPicketLine,ReportProperties.Title,CPSとLUSの抗議行動線
ReportData,0x010000640000CD2C,Turn02_Lachaven_CPSLUSPicketLine,ReportProperties.Description,ソードランド共産党とソードランド労働組合は市内にピケラインを設置した。これら二つの団体は最近市内のガソム本社に移転した後、積極的に不満を表明している。この状況は注目を集めており、市の日常機能への影響はまだ判明していない。地元行政のこの動きに対する反応が鋭く観察されている。
ReportData,0x010000460001A7C4,Turn02_Lachaven_H3_SSC,ReportProperties.Title,H-3建設計画、SSCにより着手
ReportData,0x010000460001A7C4,Turn02_Lachaven_H3_SSC,ReportProperties.Description,ソードランド国営公社によると、H-3高速道路の準備作業が既に開始されており、将来の道路ルート上にある整地や建物の解体が行われている。この高速道路の建設は数ヶ月後にラハベンから西へ向かって始まる予定だ。
ReportData,0x010000460001A7C0,Turn02_Lachaven_H3_Taurus,ReportProperties.Title,H-3建設計画、タウルスにより着手
ReportData,0x010000460001A7C0,Turn02_Lachaven_H3_Taurus,ReportProperties.Description,タウルス・ホールディングは、H-3高速道路の準備作業が既に開始されており、将来の道路建設路線上の整地や建物の解体が行われていると報告している。この高速道路の建設は数ヶ月後に開始され、ラハベンから西へ向かって工事が進められる予定だ。
ReportData,0x010000460001A7C8,Turn02_Lachaven_H3_Underhall,ReportProperties.Title,H-3建設計画、アンダーホールにより着手
ReportData,0x010000460001A7C8,Turn02_Lachaven_H3_Underhall,ReportProperties.Description,アンダーホール建設によると、H-3高速道路の準備作業が既に開始されており、将来の道路ルート上にある整地や建物の解体が行われている。この高速道路の建設は数ヶ月後に開始され、ラハベンから西へ向けて工事が進められる予定だ。
ReportData,0x010000640000C9C9,Turn02_Lenkurg_DuruBoatEncounter,ReportProperties.Title,ドゥル島のソル元大統領の屋敷での事件
ReportData,0x010000640000C9C9,Turn02_Lenkurg_DuruBoatEncounter,ReportProperties.Description,ドゥル島にあるタルキン・ソルの屋敷に接近してきた私用ボートを受けて、沿岸警備隊は警告射撃を行った。当初の警戒にもかかわらず、元大統領のタルキン・ソルは短時間の会話のためにそのボートの接近を許可した。この出来事は、あまり知られていないその屋敷周辺の警備体制に疑問を投げかけている。会話の詳細は依然として公開されていない。
ReportData,0x010000A300000692,Turn02_Lespia_Decision_BanMalenyevistPropaganda_DontBan,ReportProperties.Title,アルバレス首相、マレニエフ主義を過小評価してはならないと警告
ReportData,0x010000A300000692,Turn02_Lespia_Decision_BanMalenyevistPropaganda_DontBan,ReportProperties.Description,レスピアの首相であるパトリシオ・アルバレスは、この地域におけるマレニエフ主義の活動が増加していることを受けて厳しい警告を発した。首相はリジアの名前を明言しなかったものの、「一部の国はマレニエフ主義やその宣伝活動がもたらす危険に目を向けておらず、このような危険な思想は拡散されるべきではない」と述べた。
ReportData,0x010000A3000006C9,Turn02_MITZ_Decision_SaveArufeldeOrg_Donation,ReportProperties.Title,「アルフェルデを救え」連合に多額の寄付が寄せられる
ReportData,0x010000A3000006C9,Turn02_MITZ_Decision_SaveArufeldeOrg_Donation,ReportProperties.Description,アルフェルデ川の汚染に対抗する運動を推進するためにMITZの関係者全員に寄付を呼びかけた後、この連合はヴァルグスランド、モレラ、リジアから多額の寄付があったと報告し、レスピアのみがこの目的への寄付を拒否した。連合は寄付を行った各国や個人の小規模な寄付者たちに感謝の意を表した。
ReportData,0x010000A3000006D3,Turn02_MITZ_Decision_SaveArufeldeOrg_NoDonation,ReportProperties.Title,「アルフェルデを救え」連合、寄付に社会主義諸国へ感謝
ReportData,0x010000A3000006D3,Turn02_MITZ_Decision_SaveArufeldeOrg_NoDonation,ReportProperties.Description,アルフェルデ川の汚染に対抗する運動を推進するためにMITZの関係者全員に寄付を呼びかけた後、この連合はヴァルグスランドとモレラから多額の寄付があったと報告したが、レスピアとリジアはこの目的のための寄付を拒否した。連合は寄付を行ってくれた社会主義諸国や個人の小規模な寄付者たちに感謝の意を表した。
ReportData,0x01000052000103AD,Turn02_Monqiz_PortQueues,ReportProperties.Title,モンキズ港、船舶の混雑が報告される
ReportData,0x01000052000103AD,Turn02_Monqiz_PortQueues,ReportProperties.Description,昨日、モンキズ港で約30隻のコンテナ船が渋滞に巻き込まれ、その多くはルンブルクのグリム港へ貨物を運んでいた。関係者によると、これはより迅速な停泊や処理のために施設を近代化する必要性を浮き彫りにしているという。
ReportData,0x01000052000326DF,Turn02_Montaklar_LeisureClubShutDown,ReportProperties.Title,同性愛関連のスキャンダルによりアルカ・スプリングス・レジャークラブが閉鎖
ReportData,0x01000052000326DF,Turn02_Montaklar_LeisureClubShutDown,ReportProperties.Description,モンタクラルの警察は、その入浴施設が実際には地元の同性愛者コミュニティの集まりの場であるという情報提供を受けて、いわゆる「健康リトリート」施設であるアルカ・スプリングス・レジャークラブに急襲を行った。予告なしに行われたこの訪問の際、実際に複数の同性カップルが違法な行為に従事しているところが発見された。彼らは即座に逮捕され、そのレジャークラブも閉鎖された。
ReportData,0x010000640000C9A1,Turn02_Morbel_NaturePreservation,ReportProperties.Title,自然保護を求める抗議活動
ReportData,0x010000640000C9A1,Turn02_Morbel_NaturePreservation,ReportProperties.Description,自然保護財団は、ソードランドのエネルギー供給において大きな役割を果たしている残存する石炭産業に反対して抗議している。同団体はこの産業がもたらす環境への影響について懸念を示している。この抗議運動は勢いを増し、持続可能な代替エネルギーの必要性に注目を集めている。モルベルにおける石炭産業の今後の運営は不透明である。
ReportData,0x010000CA00001A95,Turn02_Morella_Decision_Arufelde_CondemnsInaction,ReportProperties.Title,アルフェルデ救済団、リジアの継続的な無策を非難
ReportData,0x010000CA00001A95,Turn02_Morella_Decision_Arufelde_CondemnsInaction,ReportProperties.Description,"「アルフェルデを救え」という団体は、リジアが引き続きアルフェルデ川の工業汚染問題に対処しないことを非難する公式声明を発表し、リジア王室金鉱による「何十年もの間放置された廃水投棄」を挙げている。

モレラの環境連合は、リジアが清掃作業への貢献を繰り返し拒否し、メフティエム国際貿易区で適切な防護措置を講じないことを批判した。彼らは「アルフェルデ川は我々全員のものであり、責任もまた同様だ」と述べている。"
ReportData,0x01000065000051F6,Turn02_Morella_SendsCondolencesCircas,ReportProperties.Title,モレラ、シルカスへ哀悼の意を表す
ReportData,0x01000065000051F6,Turn02_Morella_SendsCondolencesCircas,ReportProperties.Description,ベルナルド・シルカスの突然の死去を受け、モレラのアルマ・サルタナ首相はソードランドの国民に心からの哀悼の意を表した。同首相はシルカスを影響力のある詩人でありマレニエフ主義思想の擁護者として評価し、その喪失が文学界および政治界に与えた打撃を嘆いた。彼女は社会論議に対するシルカスの貢献を記念することを呼びかけ、同氏が掲げた理念へのモレラの継続的な献身を再確認した。
ReportData,0x010000460001A7BC,Turn02_Narbel_PoliceUnderstaffed,ReportProperties.Title,警察の人員不足
ReportData,0x010000460001A7BC,Turn02_Narbel_PoliceUnderstaffed,ReportProperties.Description,"ナルベルからの報告によると、現在進行中の政治的暴力事態に対処するのに人員が著しく不足しているとのことだ。市内の警察力が少ないため警官たちは休む間もなく働き続けており、極度の疲労のため多くの警官が病院に運ばれた。

内務大臣のリリアス・グラーフは、この問題を解決するため警察長官のカール・グライザーと共に取り組んでいる。"
ReportData,0x010000460001A7D8,Turn02_Narbel_SituationReport,ReportProperties.Title,情勢報告
ReportData,0x010000460001A7D8,Turn02_Narbel_SituationReport,ReportProperties.Description,"国防省の報告によると、国境沿いの状況は制御下にある。ルンブルクの南部軍が我々の国境付近で訓練を行っているのが目撃されたが、我々が無線メッセージを送信した後すぐに撤退した。

軍総司令官であるクルーガー将軍は、備えが整っていることを示すため、北国境沿いの巡回任務を強化したと報告している。"
ReportData,0x010000460001A7DC,Turn02_Narbel_TenseSituationReport,ReportProperties.Title,情勢報告
ReportData,0x010000460001A7DC,Turn02_Narbel_TenseSituationReport,ReportProperties.Description,"国防省の報告によると、国境沿いの情勢が緊迫している。ルンブルクの南部軍が我々の国境付近で訓練を行っているのが確認されており、我々が無線メッセージを送信したにもかかわらず応答はなかった。

軍総司令官であるクルーガー将軍は、備えを示すため北方国境での巡回任務を強化したと報告している。"
ReportData,0x010000A100002CC4,Turn02_Nelvisar_Decision_NelvisarFieldShutsDown_OilWorkerCommemoration,ReportProperties.Title,石油労働者たち、閉鎖される油田を惜しむ
ReportData,0x010000A100002CC4,Turn02_Nelvisar_Decision_NelvisarFieldShutsDown_OilWorkerCommemoration,ReportProperties.Description,ネルヴィサルの石油労働者たちは閉鎖される油田を惜しむ行事を組織し、町中での労働者によるパレードや彼らを称える大規模な晩餐会が行われた。操業が段階的に終了していく中、当面は仕事を続ける者もいるが、多くの者が失業し、他の場所で職を探さなければならない状況にある。
ReportData,0x010000520002EBB4,Turn02_Nelvisar_NelvisarShutsDown,ReportProperties.Title,ネルヴィサル油田、生産終了
ReportData,0x010000520002EBB4,Turn02_Nelvisar_NelvisarShutsDown,ReportProperties.Description,カルデス＝モンタクラルにあるネルヴィサル油田は埋蔵量が枯渇したため稼働を停止している。専門家らは、生じたエネルギー不足に対処するために王国の天然ガス資源を優先的に活用すべきだと提言している。当局は現在、経済活動を維持するためのエネルギー供給計画を策定中である。
ReportData,0x0100006500005147,Turn02_Pales_RaisesCautionOfRizia,ReportProperties.Title,パレス、リジア人の行動に警戒を呼びかける
ReportData,0x0100006500005147,Turn02_Pales_RaisesCautionOfRizia,ReportProperties.Description,"パレスのアクセル・ラインハルト大公は正式な演説の中で、最近のリジアの活動に関して警戒的な発言を行った。同大公は、領土紛争や海域・ガス田を巡る衝突が激化していることへの懸念を強めて表明し、パレスの主権を主張するとともに、さらなる悪化を防ぐため国際法の尊重と平和的対話を呼びかけた。

また、地域の安定にこれらの緊張がもたらす潜在的な危険性を強調し、国際連盟に対して状況の調停を要請した。"
ReportData,0x01000052000326EA,Turn02_PorteDrazon_HousingCrisis,ReportProperties.Title,政府関係者、潜在的な住宅危機を警戒
ReportData,0x01000052000326EA,Turn02_PorteDrazon_HousingCrisis,ReportProperties.Description,ポルテ・ドラゾンの住民向けの手頃な価格の住宅が不足していることについて、都市計画当局から警告が出されている。彼らは、家主への賃貸規制の欠如や、ホームレスおよび低所得層の市民向けの空きアパートの不足を主要な問題として挙げている。また、この状況が続けば他の大都市にも波及する可能性があると当局は警告している。
ReportData,0x0100005200010571,Turn02_PorteDrazon_SordishVisitPrep,ReportProperties.Title,ソードランド人代表団、ポルテ・ドラゾンを訪問
ReportData,0x0100005200010571,Turn02_PorteDrazon_SordishVisitPrep,ReportProperties.Description,ソードランドのエヴァルト・アルフォンソ大統領は月曜日にポルテ・ドラゾンに到着する予定であり、副大統領の代わりに開発大臣であるガス・マンガーが同行する。これはソードランドにとって長年ぶりのリジア訪問となるため、パラス・レズナでの外交儀式が午前中に行われ、その後午後に会談が、夜には宴会が開催されることになっている。
ReportData,0x010000460001A7AC,Turn02_Ribery_IllegalFirearms,ReportProperties.Title,共産党本部で違法な銃器が発見される
ReportData,0x010000460001A7AC,Turn02_Ribery_IllegalFirearms,ReportProperties.Description,ベルギア自治区の治安部隊は、同地域の党員による攻撃があったとされる件を受けて現地の共産党事務所を急襲し、その事務所内から違法な銃器を発見した。この建物は閉鎖され、ソードランド共産党の党員22名が拘束された。
ReportData,0x010000460001B653,Turn02_Rumburg_CondemnsClosure,ReportProperties.Title,ルンブルク、閉鎖を非難
ReportData,0x010000460001B653,Turn02_Rumburg_CondemnsClosure,ReportProperties.Description,ルンブルク王国の女王であるベアトリス・リヴィングストンは今朝、ドームにあったソードランド領事館の閉鎖を公に非難する声明を発表した。ソーンバラもまた、この地域の緊張を高めているとしてソードランドを非難している。
ReportData,0x010000C100000001,Turn02_Sallabes_AntiNarcotics_Alliance,ReportProperties.Title,サラベス反麻薬同盟が結成された
ReportData,0x010000C100000001,Turn02_Sallabes_AntiNarcotics_Alliance,ReportProperties.Description,レオナ・サゾン伯爵夫人は、サラベスにおける薬物使用の増加に対処するため新たな取り組みを開始した。サラベス反麻薬同盟（SANA）は、更生プログラムとより厳格な執行措置を組み合わせることで、公衆衛生と安全上の問題に対処しようとしている。地元の官僚や関係者たちが協力し、この都市の薬物関連問題を抑制するための取り組みを実施することが期待されている。
ReportData,0x0100005200032716,Turn02_Terador_AzaroMilitaryExercise,ReportProperties.Title,アザロ家、テラドール国境付近での軍事演習実施を非難される
ReportData,0x0100005200032716,Turn02_Terador_AzaroMilitaryExercise,ReportProperties.Description,テラドールの総督は、カルデス＝モンタクラルのアザロ家がパレス行政区付近で軍事演習を行ったことを受けて厳しい非難を発表した。その演習を不必要に挑発的なものだと指摘した総督は、州間の緊張を解消するために自制と対話を呼びかけた。この声明では、リジア王国における平和的共存と協力の重要性が強調された。
ReportData,0x0100008E000034F3,Turn02_Topes_ExcavationPromisesTourism,ReportProperties.Title,発掘により観光・文化の復興が期待される
ReportData,0x0100008E000034F3,Turn02_Topes_ExcavationPromisesTourism,ReportProperties.Description,"トペス近郊で最近発見された広大なレゼニド都市は、文化観光の中心地となる見込みであり、専門家らはそこを国際連盟の遺産地に指定するよう提案している。世界中から観光客が訪れると予想され、同遺跡の発掘や復元を通じて、地域の遺産が共通の世界的遺産へと変わり得る歴史的な復活の様子を垣間見ることができるだろう。

観光による文化的誇りの向上と経済的恩恵という期待から、地元当局はこの画期的なプロジェクトを推進する意欲に燃えている。"
ReportData,0x010000460001A7B4,Turn02_Uziren_Attack,ReportProperties.Title,ソード青年団の若手指導者、テロ攻撃で死亡
ReportData,0x010000460001A7B4,Turn02_Uziren_Attack,ReportProperties.Description,"ウジレンにいる地元の「ソード青年団」青年派の指導者である「イアク・トイレン」が、ブルディア市場で起きた組織的な攻撃の責任を主張し、その攻撃により7人が死亡した。彼の活動拠点は捜索され、そこで彼が頭部後方に2発の銃創を負った状態で死んでいるのが発見された。現場は自殺に見せかけるように仕組まれていた。

このテロ攻撃に関与している他の首謀者たちの居場所については、情報を得ることができなかった。"
ReportData,0x010000460001A7A0,Turn02_Valgen_CPSuspected,ReportProperties.Title,共産党指導者、爆弾攻撃の容疑をかけられる
ReportData,0x010000460001A7A0,Turn02_Valgen_CPSuspected,ReportProperties.Description,午前11時48分、ヴァルゲンにあるNFP事務所の前に放置されていたバッグが爆弾の危険があるという疑いから警察によって破壊され、その疑念は後に確認された。さらなる調査の結果、この事件に関与してヴァルゲンの共産党党首である「ミルト・ハネル」が逮捕された。
ReportData,0x010000A300000688,Turn02_Valgsland_Decision_BanMalenyevistPropaganda_Ban,ReportProperties.Title,ヴァルグスランド、リジアによるマレニエフ主義的「宣伝」禁止を非難
ReportData,0x010000A300000688,Turn02_Valgsland_Decision_BanMalenyevistPropaganda_Ban,ReportProperties.Description,ヴァルグスランド書記長であるヘーゲルは、我が国がマレニエフ主義的宣伝を禁止した決定を激しく非難し、それを「表現の自由への攻撃」であり、「変化を恐れる政権の兆候」と呼んだ。さらに、そのような宣伝が自国を含む他国で拡散しているという主張は「根拠のないもの」だと考えている。
ReportData,0x010000460001B657,Turn02_Valgsland_UrgesCalm,ReportProperties.Title,ヴァルグスランド、冷静を呼びかける
ReportData,0x010000460001B657,Turn02_Valgsland_UrgesCalm,ReportProperties.Description,ヘーゲル書記長は公式チャンネルを通じて声明を発表し、ルンブルクとソードランドの紛争において冷静さを保つよう呼びかけた。書記長もまた、東部メルコパの平和と繁栄を守るため、高まりつつある緊張を直ちに緩和すべきだと述べた。
ReportData,0x010000460001A7B0,Turn02_Vesord_UCConsulate,ReportProperties.Title,コンタナ連邦領事館、抗議者らを支援
ReportData,0x010000460001A7B0,Turn02_Vesord_UCConsulate,ReportProperties.Description,"真夜中頃、ヴェソードの市中心部で赤旗青年団の抗議者たちがソード青年団と衝突し、多くの負傷者が出た。警察によって押し返された反対派抗議者たちは、コンタナ連邦領事館の前で追い詰められた。その公館が扉を開けると、赤旗青年団のメンバーたちが中に逃げ込んだ。

警察は依然として建物の外で、赤旗青年団のメンバーたちの戻りを待っている。"
ReportData,0x01000052000182C0,Turn02_Wehlen_BombingReport,ReportProperties.Title,友好の日爆破事件に関する初期報告
ReportData,0x01000052000182C0,Turn02_Wehlen_BombingReport,ReportProperties.Description,"ヴェゼクの情報機関は、ヴェゼク・リジア友好の日における出来事について詳細な報告書を公表した。

爆発はスタンドの下に仕掛けられた起爆装置が原因で、午後の祝賀行事中に作動するようタイマーが設定されていたとされる。爆発によりスタンドの一部が崩壊し、ヴェゼクの民間人3名が死亡、さらに14名が負傷した。

事件現場の目撃者たちは爆発前に「王のために！」という叫び声を聞いたと証言しており、これは政治的動機や親リジア派支持者の関与を示唆している。ヴェーレンの情報部隊は、この攻撃についてスー・オミナという集団が特に疑われていると示している。"
ReportData,0x010000520001054E,Turn02_Wehlen_FriendshipDayPrep,ReportProperties.Title,第24回ヴェゼク・リジア友好の日の準備が進行中
ReportData,0x010000520001054E,Turn02_Wehlen_FriendshipDayPrep,ReportProperties.Description,ジルの街では、今年のヴェゼク・リジア友好の日の式典に向けて準備が進められている。我々の車列は13時45分にスモラク広場に到着する予定で、その後演説が行われ、さらにスモラク大統領がまだ明かしていない「特別なサプライズ」も用意されている。午後遅くには、この地域の移管が間近に迫っていることについて話し合う機会も設けられる。
ReportData,0x010000460001B647,Turn02_Wehlen_SmolakWarns,ReportProperties.Title,スモラク、裏切り者たちに警告
ReportData,0x010000460001B647,Turn02_Wehlen_SmolakWarns,ReportProperties.Description,"ヴェーレンの指導者から届いた最新の外交メッセージには、ベルギアの山岳地帯を経由して国家の裏切り者がソードランドへ逃亡するルートがあるという警告が含まれていた。

ヴィクトル・スモラク大統領は国境警備の強化を要求し、またソードランドでの抗議活動への対応について最良の願いを送ってきた。"
ReportData,0x010000460001A850,Turn03_Anrica_Emergency_SuspendedProtests,ReportProperties.Title,強制により抗議活動中止
ReportData,0x010000460001A850,Turn03_Anrica_Emergency_SuspendedProtests,ReportProperties.Description,平和的な抗議活動が中止されたことで、抗議者たちは暴力に訴えるようになった。我々の警察力が即座に対応し、現在では抗議活動は鎮圧されている。この地域における催涙ガスの使用量が増加しており、近隣都市から追加の供給を要請した。
ReportData,0x010000460001A808,Turn03_Antel_PrisonRiot,ReportProperties.Title,アンテル・ロック刑務所で囚人たちが暴動を起こす
ReportData,0x010000460001A808,Turn03_Antel_PrisonRiot,ReportProperties.Description,昨日の午前11時頃、アンテル・ロック刑務所のC区画で囚人暴動が発生し、最終的に鎮圧された。C区画は通常政治犯を収容する場所であり、暴動はブルディア人の政治犯によって看守が殺害されたことがきっかけで起きた。警備員4名と囚人21名が死亡し、134名が負傷した。
ReportData,0x0100005200016E85,Turn03_Argno_MineCollapse,ReportProperties.Title,金鉱でトンネルが崩落
ReportData,0x0100005200016E85,Turn03_Argno_MineCollapse,ReportProperties.Description,ブレナスにあるアルグノ金鉱でトンネルが崩落し、リジア王室金鉱公社で働く多数の鉱山労働者が負傷した。初期の調査結果から、トンネルの構造的強度に対する監視が不十分だったことと、労働者への適切な安全訓練の欠如が負傷の原因である可能性が示唆されている。リジア王室金鉱のCEOであるルッセロ・モントーロは、できるだけ早く鉱山の操業を再開すると我々に保証している。
ReportData,0x010000460001A804,Turn03_Arvory_BombAttack,ReportProperties.Title,アルヴォリーでの車爆弾テロ
ReportData,0x010000460001A804,Turn03_Arvory_BombAttack,ReportProperties.Description,アルヴォリー郊外のソードランド人が多数居住する地域に停車していた車両が爆発した。アルヴォリー警察によると、死傷者は出ていないとのことだ。初期の調査で、その車両に時限爆弾が仕掛けられていたことが判明した。現在までこの事件に関与した犯人は見つかっていない。引き続き捜査が行われており、詳細は公表されていない。
ReportData,0x0100006500000E83,Turn03_ATO_AidSupportForAgnolia,ReportProperties.Title,アルカシア条約機構、アグノリアへの財政・軍事支援を約束
ReportData,0x0100006500000E83,Turn03_ATO_AidSupportForAgnolia,ReportProperties.Description,"アルカシア条約機構は国際的連帯を強く示す形で、アルカシア条約機構を通じてアグノリアに多大な財政的・軍事的支援を行っている。地政学的に極めて複雑な地域であるメルコパ東部の中心部に位置するアグノリアは、経済的困難とルンブルクおよびヴァルグスランドからの潜在的な安全保障上の脅威が交差する場所にある。

この支援策は、アグノリアの経済的安定性を高め、軍事力を強化し、コンタナ条約機構の進出やルンブルクによるさらなる敵対行為に対抗できるようにすることを目的としている。資本主義同盟国を社会主義の拡大から守るというアルカシア条約機構のより大きな目標の一環として、この支援は困難な時期にある加盟国を支えるというアルカシア条約機構の決意を示している。"
ReportData,0x010000510002FAEB,Turn03_ATO_Emergency_BannedArcasia,ReportProperties.Title,アルカシア、非常事態を非難
ReportData,0x010000510002FAEB,Turn03_ATO_Emergency_BannedArcasia,ReportProperties.Description,ソードランドにおける緊張の高まりに対し、アルカシアはこの状況を非難する正式な声明を発表した。ドワイト・ウォーカー大統領が支持するその文書では、現在続く危機についてソードランド政府から直接の説明を求めている。さらにウォーカー大統領は経済的な対応を行う意図を示し、ソードランド経済に深刻な影響を与えかねない新たな反禁輸措置の実施を予告した。
ReportData,0x010000460001A80C,Turn03_Borin_BooksBurned,ReportProperties.Title,ボリンで共産主義関連書籍が焼却される
ReportData,0x010000460001A80C,Turn03_Borin_BooksBurned,ReportProperties.Description,ボリンのセンチュリー・パークで地元住民たちは、共産主義やマレニエフ主義の宣伝を広めていると主張し、数千冊の本を集めてそれらに火をつけた。赤旗青年団、ブルディア労働者党、ソードランド共産党を標的とした攻撃的なスローガンが叫ばれた。USPやNFPの地元党支部に所属する青少年グループも燃やす行為に加わった。消防隊が出動し、抗議者たちは自ら解散した。
ReportData,0x010000460001A844,Turn03_Borin_Emergency_RYBanned,ReportProperties.Title,赤旗青年団の指導者、非常事態令を承認しないと公に発表
ReportData,0x010000460001A844,Turn03_Borin_Emergency_RYBanned,ReportProperties.Description,赤旗青年団の指導者は地元新聞を通じて、緊急事態を認めないと公に宣言した。同氏はまた、赤旗青年団はテロ組織ではなく、かつてからそうであったこともないと述べた。これに対し、既知の赤旗青年団本部が直ちに捜索され、そこにいたテロリストたちが警察によって逮捕された。
ReportData,0x010000640000C9D9,Turn03_Borin_RuralPlanTour,ReportProperties.Title,マンガーのグルニ地方視察
ReportData,0x010000640000C9D9,Turn03_Borin_RuralPlanTour,ReportProperties.Description,"農村開発大臣であるガス・マンガーは、新たな農村開発計画の策定に向けた調査の一環として、ボリンにあるグルニ地域を視察している。この視察では複数の現地訪問や、地元の行政官および住民との会談が行われている。この取り組みは、実際の状況を把握することに重点を置き、農村開発に積極的な姿勢で臨んでいることを示している。

この視察の成果は、新しい開発計画の構想に役立てられるだろう。"
ReportData,0x0100005200016E7A,Turn03_Bronaz_BeatriceVisit,ReportProperties.Title,ビアトリス女王、ブロナズでルンブルクの人々を歓迎
ReportData,0x0100005200016E7A,Turn03_Bronaz_BeatriceVisit,ReportProperties.Description,ルンブルクのベアトリス女王は、ポルテ・ドラゾンへの公式訪問に先立ち、ブロナズをご訪問され、同市に住む多数のルンブルク系住民に向けて短い演説を行われた。ブロナズ市役所のバルコニーから、女王は彼らが豊かな遺産を守りつつ地元文化も受け入れてきたことを称賛された。
ReportData,0x010000A100000487,Turn03_Bronaz_SquatCleared,ReportProperties.Title,不法占拠された建物から占拠者を排除
ReportData,0x010000A100000487,Turn03_Bronaz_SquatCleared,ReportProperties.Description,リジア・インペリイの警察部隊が、約60人が住んでいた低層のアパート建物を排除した。この占拠されていた家は、地域内で新たに立ち退きを迫られた入居者たちに一時的な避難場所として機能していた。地元当局は、そこがマレニエフ主義の思想の隠れ家となっていたと警告している。
ReportData,0x010000A100000491,Turn03_Bronaz_SquatLegalStandoff,ReportProperties.Title,警察、住民の権利主張により立ち入りを断念
ReportData,0x010000A100000491,Turn03_Bronaz_SquatLegalStandoff,ReportProperties.Description,"占拠されているアパートの住民たちは、新たに制定された賃借人保護法が急な立ち退きから自分たちを守ってくれると主張し、リジア・インペリイの警察組織と法的闘争を繰り広げている。この建物には現在約60人が住んでおり、彼らは以前の家主によって立ち退きを迫られた後、ここに避難してきたのだ。

両者とも今、法的対立に備えている。裁判所が占拠者側に味方する可能性は低いものの、新法によって彼らは貴重な時間を得ることができた。"
ReportData,0x010000520003272C,Turn03_Caleqabiz_GasSurveyComplete,ReportProperties.Title,ガス田調査が完了した
ReportData,0x010000520003272C,Turn03_Caleqabiz_GasSurveyComplete,ReportProperties.Description,"派遣されたリジアの調査船団がアウレウス・ガス田の境界を調査し、カレカビズに帰還して調査結果を報告した。その結果、ガス田の少なくとも半分が島から200キロメートル以内の範囲に存在しており、これによりリジアが同ガス田に対する権利を主張できることが明らかになった。

我が国の外務省はパレス大公国のアクセル・ラインハルト大公と連絡を取っており、これらの調査結果や両国の今後の対応策について協議するための会談が開催される見込みだ。"
ReportData,0x010000460001A860,Turn03_CSP_Emergency_BannedUC,ReportProperties.Title,コンタナ連邦、非常事態を非難
ReportData,0x010000460001A860,Turn03_CSP_Emergency_BannedUC,ReportProperties.Description,コンタナ連邦はソードランドの状況に懸念を示し、同様の非難文書を発表した。マレニエフ議長はソードランド政府に透明性の確保を求めるとともに、経済的報復の可能性に言及した。同議長が反制裁を実施する意向を示したことで、ソードランドはさらなる国際的圧力に直面している。
ReportData,0x0100006500000E8B,Turn03_CSP_SummitForHelji,ReportProperties.Title,コンタナ条約機構指導者たち、ヘールムサミットでヘルジランド問題を協議
ReportData,0x0100006500000E8B,Turn03_CSP_SummitForHelji,ReportProperties.Description,"ヘルムで開催された重要な会議において、コンタナ条約機構の指導者たちが集まり、歴史的背景を持つ複雑極まりないヘルジランドの主権問題に取り組んだ。議論では1920年代のヴァルグスランド革命時にアグノリアが同島を併合した事実が再検討され、歴史的な過ちを正し、島民の権利と願望を尊重する未来を築くという同盟の決意が強調された。

この首脳会議では、アルカシア条約機構の影響力拡大によってますます複雑化する地政学的状況を乗り切るコンタナ条約機構の戦略的能力も浮き彫りになった。指導者たちは、ヘルジランドを取り巻く微妙な情勢がさらに悪化するのを防ぐため、対話と協力の極めて重要さを強調した。加えてコンタナ条約機構は、同盟の主要メンバーであるヴァルグスランドが必要に応じて全面的な支援を受けられるよう、予備計画が準備されていることを確認した。

会議は、平和と安定を守るというコンタナ条約機構の決意を一同で再確認することで締めくくられた。指導者たちは、歴史的な複雑さに対処しつつ必要な圧力をかけて同盟の原則に沿った解決策を実現し、外交的かつ断固とした姿勢でヘルジランド問題に取り組む意向を強調した。"
ReportData,0x010000A3000006E7,Turn03_Derdia_Decision_DiplomaticEnvoy,ReportProperties.Title,セドリック・リールフェルがデルディアに到着
ReportData,0x010000A3000006E7,Turn03_Derdia_Decision_DiplomaticEnvoy,ReportProperties.Description,有名な外交官セドリック・リールフェルが、デルディアへの我が国の外交使節団を率いるためネーアルに到着した。彼は滞在中、関係改善を目指して様々な政治的・経済的指導者たちと会談するほか、国内を視察する。
ReportData,0x010000460001A7F0,Turn03_Erlory_FlagsBurned,ReportProperties.Title,ソード青年団とNFPの旗が焼かれる
ReportData,0x010000460001A7F0,Turn03_Erlory_FlagsBurned,ReportProperties.Description,赤旗青年団と結びついているとされる地元政治家が主導した、ソード青年団に対する大規模な反対デモが発生し、多くの負傷者と財産損害が出た。その後、ソード青年団および国民戦線党の旗が焼かれる事態となり、緊張がさらに高まった。地元警察は日没前にデモ参加者を解散させた。
ReportData,0x010000460001A84C,Turn03_Erzaren_Emergency_BludBanned,ReportProperties.Title,ブルディア労働党党首が逮捕される
ReportData,0x010000460001A84C,Turn03_Erzaren_Emergency_BludBanned,ReportProperties.Description,"ソードランドの情報機関によると、WPBの指導者であるフェティ・エジャルが禁止されているブルディア自由党の元党員と直接接触しているのが目撃されたとのことだ。その後エジャルはBFFと共謀した疑いで拘束された。

逮捕から数時間後、元BFP党員はこの出来事に抗議し、国家が無実のブルディア人を引き続き拘束するなら自分はBFFに加わり多くのブルディア人を連れて行くと宣言した。この動きは、両者の関係を裏付ける新たな非常事態令が発表されさらなる調査が開始された直後に起こったものであり、二人ともテロ容疑で逮捕された。"
ReportData,0x0100006500005A8F,Turn03_Erzaren_IzzamRemainsFound,ReportProperties.Title,イッザムの新たな遺体が発見される
ReportData,0x0100006500005A8F,Turn03_Erzaren_IzzamRemainsFound,ReportProperties.Description,"イッザム事件の現場付近で、かつてのブラック大隊の隊員たちの遺体が発見された。これらの死者は、ソル大統領政権によって恩赦を受け、当時国境警備に配属されていたソードランドの軍人であることが判明している。彼らの死因や経緯を解明するため、調査が続けられている。

この発見によりブラック大隊の歴史に対する関心が再び高まっており、当局はこの事件に関する情報を持つ者は誰でも出頭するよう呼びかけている。"
ReportData,0x010000460001A7F8,Turn03_Estord_YSFoundDead,ReportProperties.Title,ソード青年団のメンバーが首切り殺害される
ReportData,0x010000460001A7F8,Turn03_Estord_YSFoundDead,ReportProperties.Description,エストード警察署は廃屋の中で首を切り落とされた死体を発見し、被害者は後に地元の「ソード青年団」文化センターのメンバーであり高校教師でもあったクルグ・ラインケであることが判明した。被害者は舌を切り落とされる前に熱い鉄棒で拷問を受けていたことが分かっている。警察はこの事件の責任者として赤旗青年団を疑っている。この事件はまだ公表されていない。
ReportData,0x0100005200032737,Turn03_FortAles_ValgishHeritageWeek,ReportProperties.Title,アレス要塞で「ヴァルグ人の遺産週間」が開催されることが許可された
ReportData,0x0100005200032737,Turn03_FortAles_ValgishHeritageWeek,ReportProperties.Description,パレス行政区では再び年次のヴァルグ人遺産週間を開催することが許可された。これはヴァルゴス帝国時代のこの地域の歴史を祝う祭りである。この地区のリジア人による再征服および再定住以来論争が絶えなかったが、今年はジルで行われた友情デーの出来事が安全上の懸念を引き起こしたため、特に議論を呼んだ。しかし、地元のリジア人とヴァルグ系パレス人の間でごくわずかな衝突があっただけで、週間は平和的に過ぎたようだ。
ReportData,0x010000460001A880,Turn03_Holsord_BannedBoth,ReportProperties.Title,赤旗青年団およびソード青年団鎮圧作戦
ReportData,0x010000460001A880,Turn03_Holsord_BannedBoth,ReportProperties.Description,"命令を受けて、数千人の警察官が赤旗青年団およびソード青年団に対して取り締まりを実施した。我が軍は全国にある数百の組織事務所や関連企業を閉鎖した。

さらに、裁判官たちはすべての銀行口座の差し止めと全資産の凍結を命じている。各組織のメンバーによる数十件の平和的な抗議活動も力ずくで鎮圧された。ジェンとラハベンでそれぞれ起きた2件の銃撃戦により5人の警官が軽傷を負い、現在病院で治療を受けている。

両組織のほとんどの活動能力は停止しているが、掃討作戦は続けられている。命令に抵抗する残存分子はすべて違法行為と見なされ、逮捕されている。"
ReportData,0x010000460001A87C,Turn03_Holsord_BannedRY,ReportProperties.Title,赤旗青年団鎮圧作戦
ReportData,0x010000460001A87C,Turn03_Holsord_BannedRY,ReportProperties.Description,"命令を受けて、数千人の警察官が赤旗青年団に対する鎮圧作戦を実施した。我々の軍隊は全国にある数百の組織事務所や関連企業を閉鎖した。

さらに、裁判官たちはすべての銀行口座の差し止めと全資産の凍結を命じている。同組織のメンバーによる数十件の平和的な抗議活動も力ずくで鎮圧された。ラハベンで起きた銃撃戦では警官2名が軽傷を負い、現在病院で治療を受けている。

この組織の活動能力の大部分は停止したが、掃討作戦は続けられている。命令に抵抗し残っている赤旗青年団の構成員はすべて違法行為と見なされ、逮捕されている。"
ReportData,0x010000460001A878,Turn03_Holsord_BannedYS,ReportProperties.Title,ソード青年団鎮圧作戦
ReportData,0x010000460001A878,Turn03_Holsord_BannedYS,ReportProperties.Description,"命令を受けて、数千人の警察官がソード青年団に対して差止命令の実施を行った。我々の軍隊は全国にある数百の組織事務所や関連企業を閉鎖した。

さらに、裁判官たちはすべての銀行口座の遮断と全資産の凍結を命じている。同組織のメンバーによる数十件の平和的な抗議活動も力ずくで解散させられた。ジェンで起きた銃撃戦では警官3名が軽傷を負い、現在病院で治療を受けている。

この団体の組織能力の大部分はすでに停止しているが、掃討作戦は続けられている。命令に抵抗し残っているソード青年団の構成員は全員、違法行為と見なされ逮捕されている。"
ReportData,0x010000460001A840,Turn03_Holsord_Emergency,ReportProperties.Title,非常事態令の実施が開始された
ReportData,0x010000460001A840,Turn03_Holsord_Emergency,ReportProperties.Description,新たな非常事態令が発布された後、新法の実施が開始された。政府職員、ソードランド警察、ソードランド軍、その他の機関には今後の対応策が通知され、新たな要求に対応するため一部の部門が再編成された。
ReportData,0x0100006500000484,Turn03_Holsord_EPARepealDebate,ReportProperties.Title,EPA廃止を巡る議会討論
ReportData,0x0100006500000484,Turn03_Holsord_EPARepealDebate,ReportProperties.Description,"今日、大国民議会では1932年のエネルギー保護法の廃止案を巡って激しい論争が行われた。廃止に賛成する意見と反対する意見が出され、PFJPのフレンス・リクターおよびUSP改革派の指導者であるアルビン・クラヴィンが廃止を主張する派閥の先頭に立った。

彼らはそのような措置によって経済成長が促進され、外国からの投資が増加すると主張した。一方、グロリア・トーリーとケサロ・キベナーの指導のもとにある統一ソードランド党と国民戦線党は、ソードランドが戦略的産業を外国の支配から守る必要があるとして、同法を断固として擁護した。

最終的な決定は来月行われる投票次第となっている。"
ReportData,0x010000650000048D,Turn03_Holsord_EPARepealFails,ReportProperties.Title,1932年のエネルギー保護法廃止案が否決される
ReportData,0x010000650000048D,Turn03_Holsord_EPARepealFails,ReportProperties.Description,"今日、議会において1932年のエネルギー保護法の廃止案が投票にかけられ、否決された。PFJPの改革派やアルビン・クラヴィン率いるUSPを含む他団体からの強力な支持があったにもかかわらず、USPとNFPが主導する議会の多数派は179対71で廃止に反対票を投じた。  

その結果、1932年のエネルギー保護法は引き続き有効であり、ソードランドにおけるエネルギー企業の外国所有制限という現状が維持されることになった。この結果により、外国所有規制を変更しようとする現在の試みは終わったものの、今後の立法努力や行政による取り組みが全く行われないわけではない。"
ReportData,0x010000460001A82C,Turn03_Holsord_L1_SSC,ReportProperties.Title,SSCからのL-1報告
ReportData,0x010000460001A82C,Turn03_Holsord_L1_SSC,ReportProperties.Description,"SSCのL-1鉄道プロジェクトマネージャーは、プロジェクトが順調に進展しており、すでに擁壁や橋、線路の基礎工事を開始したと報告している。

政府のプロジェクト監督者たちもその報告を裏付け、予備作業の大部分はSSCによって既に行われていると述べた。しかし政府関係者は、建設資材の輸送に関連する数件の遅延があり、それらはSSCの報告には含まれていなかったと付け加えた。"
ReportData,0x010000460001A830,Turn03_Holsord_L1_Taurus_Bill,ReportProperties.Title,L-1 トラスからの報告
ReportData,0x010000460001A830,Turn03_Holsord_L1_Taurus_Bill,ReportProperties.Description,"L-1鉄道プロジェクトのタウルス社のプロジェクトマネージャーは、同プロジェクトが順調に進行しており、すでに擁壁や橋、線路の基礎工事を開始したと報告している。また、同マネージャーは会社が新たな労働者権利法に対応するため職場の慣行を順調に見直しており、新法が厳格に遵守されていると我々に保証した。  

政府のプロジェクト監督官らもこの報告を裏付け、予備作業の大部分はすでにタウルス・ホールディングによって行われたと述べた。しかし、政府関係者は同社が新法の適用に苦労している可能性があるという懸念も示した。"
ReportData,0x010000460001A834,Turn03_Holsord_L1_Taurus_NoBill,ReportProperties.Title,L-1 トラスからの報告
ReportData,0x010000460001A834,Turn03_Holsord_L1_Taurus_NoBill,ReportProperties.Description,"タウルス・ホールディングのL-1鉄道プロジェクトマネージャーは、プロジェクトが順調に進行しており、すでに擁壁や橋、線路の基礎工事を開始したと報告している。また、労働者権利法案の否決に反対する数件の小規模な抗議活動があったため、わずかな遅れが生じているとも述べている。

政府のプロジェクト監督官らもこの報告を裏付け、建設作業員によって引き起こされた数件の小さな問題があったにもかかわらず、タウルス・ホールディングによってほとんどの準備作業が既に完了していると述べている。"
ReportData,0x010000460001A838,Turn03_Holsord_L1_Underhall,ReportProperties.Title,アンダーホールからのL-1報告
ReportData,0x010000460001A838,Turn03_Holsord_L1_Underhall,ReportProperties.Description,"アンダーホール建設のL-1鉄道プロジェクトマネージャーは、同プロジェクトが順調に進行しており、すでに擁壁や橋、線路の基礎工事を開始したと報告している。

政府のプロジェクト監督者たちもその報告を裏付け、予備作業の大部分は既にアンダーホール建設によって行われ、すべてが計画通り進んでいると述べた。"
ReportData,0x010000460001A868,Turn03_Holsord_NFPReport,ReportProperties.Title,NFPによる改革について
ReportData,0x010000460001A868,Turn03_Holsord_NFPReport,ReportProperties.Description,NFPの指導者であるケサロ・キベナーは本日、NFPはいかなる閾値改革にも完全に反対すると発表した。彼は特に、そのような措置が「不要な要素」の議会進出を招くことになり、10％という閾値の変更には断固として反対すると強調した。
ReportData,0x010000460001A86C,Turn03_Holsord_PFJPReport,ReportProperties.Title,PFJPによる改革に関する報告
ReportData,0x010000460001A86C,Turn03_Holsord_PFJPReport,ReportProperties.Description,PFJPの指導者であるフレンス・リクターは最近、改革案に対する彼らの要求を明らかにした。同氏は、任期制限や規制措置が実施されなければ、自分と党派としてその改革案を支持することは極めて困難だと述べた。
ReportData,0x010000460001A870,Turn03_Holsord_ReformCommittee,ReportProperties.Title,改革委員会、準備を開始
ReportData,0x010000460001A870,Turn03_Holsord_ReformCommittee,ReportProperties.Description,副大統領のベクターンは、ルシアン・ガラドと共に、以前示された要求に従って同提案の文書化作業を委員会が開始したと報告した。間もなく法務チームも加わり、執筆作業を完了させる予定だ。この提案に必要な150件の署名はUSP内で集められ始めている。
ReportData,0x010000460001A874,Turn03_Holsord_ReformStatus,ReportProperties.Title,改革委員会の活動状況報告
ReportData,0x010000460001A874,Turn03_Holsord_ReformStatus,ReportProperties.Description,ルシアン・ガラドの報告によると、現在までにこの提案に対して合計87件の署名を集めることができたという。さらなる支持拡大と必要なメンバーへの働きかけを進めている。
ReportData,0x010000460001A864,Turn03_Holsord_USPReport,ReportProperties.Title,USPによる改革報告
ReportData,0x010000460001A864,Turn03_Holsord_USPReport,ReportProperties.Description,USPの多くの党員は、アルビン・クラヴィンおよび同党の改革派に率いられて、党大会において政府への要求を明確にした。今後行われる憲法改正について、アルビン・クラヴィンは省庁改革がなければ新たな改革案を支持しないと述べた。
ReportData,0x010000460001A810,Turn03_Holsord_WorkersRightsPrep,ReportProperties.Title,労働者権利法案、成立間近
ReportData,0x010000460001A810,Turn03_Holsord_WorkersRightsPrep,ReportProperties.Description,"アルビン・クラヴィンによって提案され、保健大臣のパスカル・ベニウォルの支持を受けた1954年労働者権利法について、初稿の審査準備が進められている。労働組合からは強い支持の声が上がっている。

議会でこの法案を扱う会合は論争を招いた。「ソードランド経済の中核を成す人々が、幅広い法律によってついに完全に保護されることになる」とカタリナ・ホルテンが述べると、歓声とブーイングが同時に起きた。"
ReportData,0x0100005200016E9B,Turn03_Iza_Investigation,ReportProperties.Title,近衛兵、隊員数を拡大し調査を開始
ReportData,0x0100005200016E9B,Turn03_Iza_Investigation,ReportProperties.Description,国王の許可により、ティトゥス・ゴルディオン大尉は近衛兵の人数を12人から36人へと3倍に増やした。ゴルディオン大尉と彼の元の部隊は引き続きリジア王および王室を守る任務を遂行するが、新たに採用された24人の兵士はスー・オミナ組織に関する調査を開始するためブレナス州へ派遣されている。
ReportData,0x01000052000218EE,Turn03_Iza_PoliceDeployed,ReportProperties.Title,中央警察、イザに移管
ReportData,0x01000052000218EE,Turn03_Iza_PoliceDeployed,ReportProperties.Description,リジア・インペリイの中央軍所属の警察約1000人がイザ市に派遣され、リコ・トラス公の直接指揮下に置かれた。同市で犯罪が増加し緊張が高まっていることを受け、彼らは治安維持を任務としている。
ReportData,0x010000520003270B,Turn03_Jales_FriendshipDayVigil,ReportProperties.Title,ジャレス・ヴェゼク共同体、友好の日を記念する集会開催
ReportData,0x010000520003270B,Turn03_Jales_FriendshipDayVigil,ReportProperties.Description,ジャレスに住むヴェゼク共同体は、ジルで起きたフレンドシップ・デー爆破事件の犠牲者を追悼するためにキャンドルライト・ヴィジルを開催した。ブレナス警察の職員も現場にいて、数日前に祝賀集会の開催が禁止されていたスー・オミナのジャレス支部と哀悼する人々との間で暴力が起きるのを防ごうとした。
ReportData,0x010000460001A848,Turn03_Jen_Emergency_YSBanned,ReportProperties.Title,ソード青年団のメンバー、非常事態令を非難
ReportData,0x010000460001A848,Turn03_Jen_Emergency_YSBanned,ReportProperties.Description,ソード青年団のメンバーたちは、彼らをテロリストと規定する非常事態令に対して抗議している。彼らはそのような非難を否定し、もはやレイン政権を容認しないと国民に伝えている。その後、ソード青年団の本部が急襲され、そこにいたテロリストたちが法の裁きを受けた。
ReportData,0x010000640000C9F1,Turn03_Lachaven_BlueMansionSecurity,ReportProperties.Title,青の宮殿での警備強化
ReportData,0x010000640000C9F1,Turn03_Lachaven_BlueMansionSecurity,ReportProperties.Description,ラハベンにある青の宮殿の警備は、ソードランド大統領の到着を受けて大幅に強化された。現在大統領が滞在しているこの屋敷では、警戒措置が著しく増加している。大統領の日程は依然として公表されていないが、訪問期間中ずっと市の治安部隊は高度な警戒態勢にある。
ReportData,0x010000460001A81C,Turn03_Lachaven_H3_SSC,ReportProperties.Title,SSCからのH-3報告
ReportData,0x010000460001A81C,Turn03_Lachaven_H3_SSC,ReportProperties.Description,"SSCのH-3高速道路プロジェクトマネージャーは、同プロジェクトが順調に進行しており、すでに擁壁や橋、土工事の基礎敷設を開始したと報告している。

政府のプロジェクト監督者たちもその報告を裏付け、予備作業の大部分はSSCによって既に行われていると述べた。しかし政府関係者は、建設資材の輸送に関連する数件の遅延があり、それらはSSCの報告には含まれていなかったと付け加えた。"
ReportData,0x010000460001A820,Turn03_Lachaven_H3_Taurus_Bill,ReportProperties.Title,H-3：タウルスからの報告
ReportData,0x010000460001A820,Turn03_Lachaven_H3_Taurus_Bill,ReportProperties.Description,"H-3高速道路のタウルス社プロジェクトマネージャーは、工事が順調に進行しており、すでに擁壁や橋、土工事の基礎敷設を開始したと報告している。同マネージャーはまた、新しい労働者権利法に対応するため職場の慣行を順調に見直しており、新法が厳格に遵守されていることを確約したと述べている。

政府のプロジェクト監督官らもこの報告を裏付け、予備作業の大部分はすでにタウルス・ホールディングによって行われたと指摘した。しかし同官僚らは、同社が新法の適用に苦労している可能性があるという懸念も示した。"
ReportData,0x010000460001A824,Turn03_Lachaven_H3_Taurus_NoBill,ReportProperties.Title,H-3：タウルスからの報告
ReportData,0x010000460001A824,Turn03_Lachaven_H3_Taurus_NoBill,ReportProperties.Description,"タウルス・ホールディングのH-3高速道路プロジェクトマネージャーは、プロジェクトが順調に進行しており、すでに擁壁や橋、土工事の基礎敷設を開始したと報告している。また、労働者権利法案の否決に反対する数件の小規模な抗議活動があったため、わずかな遅れが生じているとも述べている。

政府のプロジェクト監督官らもこの報告を裏付け、建設労働者によって引き起こされた数件の小さな問題があったにもかかわらず、タウルス・ホールディングによってほとんどの準備作業が既に完了していると述べている。"
ReportData,0x010000460001A828,Turn03_Lachaven_H3_Underhall,ReportProperties.Title,H-3 アンダーホールからの報告
ReportData,0x010000460001A828,Turn03_Lachaven_H3_Underhall,ReportProperties.Description,"アンダーホール建設のH-3高速道路プロジェクトマネージャーは、同プロジェクトが順調に進行しており、すでに擁壁や橋、土工事の基礎敷設を開始したと報告している。

政府のプロジェクト監督者たちもその報告を裏付け、初期作業の大部分はアンダーホール建設によって既に完了し、すべてが予定通り進んでいると述べた。"
ReportData,0x010000460001A83C,Turn03_Lachaven_RecessionHitFarmers,ReportProperties.Title,再び不況が農家を襲う
ReportData,0x010000460001A83C,Turn03_Lachaven_RecessionHitFarmers,ReportProperties.Description,ラハベンからの最新情報によると、不況の影響で農業界が再び打撃を受けている。買い手不足のため、ラハベンの小麦の16％が倉庫内で腐敗しているという報告がある。農家たちは今年を乗り切るために政府から追加の資金援助を求めている。
ReportData,0x010000460001A854,Turn03_Laren_Emergency_DetentionWithoutTrial,ReportProperties.Title,ラレンで暴動が収まる
ReportData,0x010000460001A854,Turn03_Laren_Emergency_DetentionWithoutTrial,ReportProperties.Description,民間服を着た警察官たちが現在、ラレンの紛争地域に派遣されている。裁判なしでの拘束を許可する新法のおかげで、多くの逮捕が迅速かつ正確に行われた。ラレンでの抗議活動はすでに鎮圧されている。
ReportData,0x010000460001A858,Turn03_Lenkurg_Emergency_PoliceAuthority,ReportProperties.Title,追加部隊がレンクルグに到着
ReportData,0x010000460001A858,Turn03_Lenkurg_Emergency_PoliceAuthority,ReportProperties.Description,レンクルグは、より多くの人員や物資、弾薬、防護用暴徒鎮圧装備など、警察権限を強化するための要請を行った。約5000人の警官がバスでアルヴォリーから出発し、レンクルグの警察力を補強するために派遣された。
ReportData,0x010000460001B65B,Turn03_Lespia_ArcasianMilitaryBase,ReportProperties.Title,アルカシア、レスピアに軍事基地を建設
ReportData,0x010000460001B65B,Turn03_Lespia_ArcasianMilitaryBase,ReportProperties.Description,"ウォーカー大統領は先週、レスピアに訪問し、同国内にアルカシア軍事基地を設置することに関してアルバレス首相と協議を行った。交渉が終了した後、両指導者の間でレスピアへの大幅な軍事防衛投資について合意に達した。

この合意の一環として、ラヴノス島に大規模な軍事基地が建設される。同基地にはより厳格な警戒を実現するためにアルカシア製のレーダーや対空システムが装備される。さらに、アルカシアは12基のM-3弾道ミサイルの配備も計画している。この基地には約200機の戦略爆撃機やジェット戦闘機に加え、およそ2万人のアルカシア兵士が駐留する見込みである。"
ReportData,0x010000A300000705,Turn03_Monqiz_Decision_ProvincialTaxSubsidy,ReportProperties.Title,トラス家、ヴァレンキルへの税制優遇を歓迎
ReportData,0x010000A300000705,Turn03_Monqiz_Decision_ProvincialTaxSubsidy,ReportProperties.Description,フベルトゥス・トラス公爵は、ヴァレンキリス州に与えられた寛大な税制優遇措置に対して感謝の意を表した。同公爵は、税率の引き下げによってその州がさらに発展できるようになると述べている。
ReportData,0x01000052000327A8,Turn03_Monqiz_KorontiVisit,ReportProperties.Title,ソードランドの大富豪マルセル・コロンティがリゾート建設の進捗を視察
ReportData,0x01000052000327A8,Turn03_Monqiz_KorontiVisit,ReportProperties.Description,モンキズでは、暫定公フベルトゥス・トラスがハート・オブ・ソードランドの共同経営者であるマルセル・コロンティを迎え、まだ建設中のヴァレンキリスにあるコロンティリゾートを見学させた。この実業家は、同リゾートの建設進捗に満足し、開業を心から楽しみにしていると述べた。
ReportData,0x010000A100002F15,Turn03_Montaklar_Decision_GolcondistPilgrimsAccess_Allow,ReportProperties.Title,ヴルヘック教の原理主義者たち、国境開放に抗議
ReportData,0x010000A100002F15,Turn03_Montaklar_Decision_GolcondistPilgrimsAccess_Allow,ReportProperties.Description,"ポイント・ダルテ国境検問所の開設計画を聞きつけたヴルヘック教の強硬派の小集団が、ゴルコンド主義の巡礼者たちを罵声と腐った果物で「出迎え」た。巡礼者が国境を越えるやいなや、果物を投げつけ始めたのである。

リジアの国境警備隊はただちに秩序を回復し、騒ぎを起こした者たちを拘束した。"
ReportData,0x010000A300000719,Turn03_Montaklar_Decision_ProvincialTaxSubsidy,ReportProperties.Title,アザロ家、カルデス＝モンタクラルの税制補助を歓迎
ReportData,0x010000A300000719,Turn03_Montaklar_Decision_ProvincialTaxSubsidy,ReportProperties.Description,アザロ家は、カルデス＝モンタクラル州に与えられた寛大な税制優遇措置に対して感謝の意を表している。同家によれば、税率の引き下げによってその州はさらに発展することができるという。
ReportData,0x010000C100000021,Turn03_Montaklar_KingsVisit,ReportProperties.Title,国王のモンタクラル訪問
ReportData,0x010000C100000021,Turn03_Montaklar_KingsVisit,ReportProperties.Description,"モンタクラルでは、王ロムスの到着に備えて一時的に閉鎖されている要塞の外に住民たちが集まっており、期待感が高まっている。国王には戦争・国内治安担当の王室顧問であるルシータ・アザロが同行している。

一方、カルロス・ロブレス・アザロ将軍は、すべての準備が整っているかを確認するため、隣接するキャンプ・ドムスで視察を行う計画を立てている。"
ReportData,0x010000460001A7EC,Turn03_Morbel_MineDisaster,ReportProperties.Title,モルベル鉱山事故
ReportData,0x010000460001A7EC,Turn03_Morbel_MineDisaster,ReportProperties.Description,モルベルで炭鉱が崩落した。緊急対応チームが直ちに派遣された。被害の規模が非常に大きかったため、近隣都市からさらなる人員と物資の提供が要請された。初期調査の結果、ネダム鉱業公社の作業上の怠慢によって地下火災が発生したことが分かっている。現在の死者数は82人で、まだ増え続けている。
ReportData,0x010000640000C9E9,Turn03_Morbel_UntappedCoal,ReportProperties.Title,未開発の石炭埋蔵量
ReportData,0x010000640000C9E9,Turn03_Morbel_UntappedCoal,ReportProperties.Description,ネダム鉱業公社はモベルで新たな未開発の石炭埋蔵量を発見した。同公社は、ローレンへの投資によって生産量が大幅に向上し、この地域の経済成長の機会が生まれると指摘している。現在、同公社はこれらの埋蔵量の実現可能性と潜在力を評価しているところだ。
ReportData,0x010000A3000006DD,Turn03_Morella_Decision_DiplomaticEnvoy,ReportProperties.Title,セドリック・リールフェルがモレラに到着
ReportData,0x010000A3000006DD,Turn03_Morella_Decision_DiplomaticEnvoy,ReportProperties.Description,有名な外交官セドリック・リールフェルが、我が国のモレラ向け外交使節団を率いるためカヴェットに到着した。彼は滞在中、関係改善を図るべく様々な政治的・経済的指導者たちと会談するほか、国内を視察する。
ReportData,0x010000A100002F1F,Turn03_Morella_Decision_GolcondistPilgrimsAccess_Reject,ReportProperties.Title,モレラ、リジアの国境政策を非難
ReportData,0x010000A100002F1F,Turn03_Morella_Decision_GolcondistPilgrimsAccess_Reject,ReportProperties.Description,モレラは、両国の国境に集まったゴルコンド主義徒の巡礼者たちを受け入れないという我が国の決定を正式に非難し、それを「モレラがその悪影響に対処せざるを得ない無情な決断」と呼んでいる。
ReportData,0x010000460001A818,Turn03_Morna_IndustrialOutput,ReportProperties.Title,モルナの工業生産に懸念
ReportData,0x010000460001A818,Turn03_Morna_IndustrialOutput,ReportProperties.Description,"モルナの市長は、今年の同市の工業生産量が昨年より12％減少したと報告している。この下降傾向に対抗するため、機械や人員を含む工業能力向上のための追加的な支援を要請している。モルナに新しい工場が数か所建設されることから、市長は政府の投資が成功すれば同市の経済状況が好転する可能性が依然としてあると述べている。

現在の予測によると、モルナの工業生産量は来年さらに2％減少する見込みだ。しかし、市からの最新データによれば、数十億SR規模の投資がこの下降傾向を食い止め、短期間で工業生産量を増加させることができるという。"
ReportData,0x010000640000CD1C,Turn03_Narbel_CPSLUSOrganize,ReportProperties.Title,CPSとLUS、ガソムに対してストライキを実施
ReportData,0x010000640000CD1C,Turn03_Narbel_CPSLUSOrganize,ReportProperties.Description,ナルベルでは、ソードランド共産党とソードランド労働組合がガソムに対するストライキを組織している。LUSのカタリナ・ホルテンおよびCPSのデニス・シュターラーといった有力者たちが参加することを確認している。このストライキがガソムの業務に与える影響や、ナルベル全体の政治情勢への波及効果はまだ分かっていない。
ReportData,0x010000640000CD34,Turn03_Narbel_GasomLaborStrike,ReportProperties.Title,ガソムで労働争議発生
ReportData,0x010000640000CD34,Turn03_Narbel_GasomLaborStrike,ReportProperties.Description,"ナルベルにあるガソムの藍色労働者たちが労働ストライキを開始した。この労働行動は、賃金や労働条件、労働者の権利を巡る意見の相違に端を発している。このストライキによりガソムの操業が一時的に中断している。ストライキの期間とナルベルの地元経済への影響の大きさは現在不明である。

報道によれば、ガソムの経営陣とストライキを行っている労働者たちとの間で交渉が続けられている。"
ReportData,0x010000460001A814,Turn03_Narbel_LackofHospitals,ReportProperties.Title,ナルベル、病院の不足を報告
ReportData,0x010000460001A814,Turn03_Narbel_LackofHospitals,ReportProperties.Description,ナルベルの市長は、同市の病院が過重な負担に見舞われており、市民のニーズに対応できない状況だと報告した。彼は末期疾患の患者たちが数ヶ月も待機リストに名を連ねていることについて不満を述べた。収容能力の問題に加え、これらの医療施設では依然として古い技術が広く使用されているとも指摘されている。
ReportData,0x0100005200016E66,Turn03_Pales_Assessments,ReportProperties.Title,リジア石油ガス公社、新規ガス田の評価を続ける
ReportData,0x0100005200016E66,Turn03_Pales_Assessments,ReportProperties.Description,リジア石油ガス公社は、同国沿岸で新たに発見された、「アウレウス」と仮称されているガス田の評価を続けている。パレス人の科学者たちと協力し、地質学者チームがそのガス田の正確な範囲を把握するための地震調査を開始しており、この調査は数ヶ月以内に完了する見込みだ。
ReportData,0x01000052000105A3,Turn03_Pales_ATA,ReportProperties.Title,アリアナ・トラス協会、パレスでのフェローシップ開催を発表
ReportData,0x01000052000105A3,Turn03_Pales_ATA,ReportProperties.Description,アリアナ・トラス協会のパレス支部は最近、有望なパレス人10名に対し、彼らが選んだ分野の研究をリジアで行うための奨学金制度を発表した。この寛大な助成金に対してすでに何百件もの申請が寄せられている。
ReportData,0x010000A3000006FB,Turn03_Pales_Decision_DiplomaticEnvoy,ReportProperties.Title,セドリック・リールフェルがパレスに到着
ReportData,0x010000A3000006FB,Turn03_Pales_Decision_DiplomaticEnvoy,ReportProperties.Description,有名な外交官セドリック・リールフェルが、我が国のパレス向け外交使節団を率いるためにパレスに到着した。彼は滞在中、関係改善を目指して様々な政治的・経済的指導者を訪問するとともに、同国の視察も行う予定だ。
ReportData,0x010000A3000006B0,Turn03_PorteDrazon_Decision_FamilyStatues_Toras,ReportProperties.Title,トラス家の彫像が除幕された
ReportData,0x010000A3000006B0,Turn03_PorteDrazon_Decision_FamilyStatues_Toras,ReportProperties.Description,トラス大通りとゴールデン・ブルバードの交差点に、ロムス、レナ、ヴァレロ、エステラ、ヴィナを含むトラス家全員の巨大な白い大理石像が建立された。この像の高さはなんと16メートルにも及び、その王冠には金が張られている。その立地のため、夕暮れ時に太陽が家族の背後に美しく沈み、彼らの周囲に光輪のような姿を作り出している。
ReportData,0x010000A30000069C,Turn03_PorteDrazon_Decision_FamilyStatues_Valero,ReportProperties.Title,ヴァレロ王の像が除幕される
ReportData,0x010000A30000069C,Turn03_PorteDrazon_Decision_FamilyStatues_Valero,ReportProperties.Description,トラス大通りとゴールデン・ブルバードの交差点に、故ヴァレロ王の巨大な白い大理石像が建立された。この像の高さはなんと16メートルにも及び、その冠は金で覆われている。その立地のため、夕暮れ時に太陽が王の背後に美しく沈み、彼の周囲に光輪を形成する。
ReportData,0x010000A3000006A6,Turn03_PorteDrazon_Decision_FamilyStatues_ValeroRomus,ReportProperties.Title,ロムス王とヴァレロの像が除幕された
ReportData,0x010000A3000006A6,Turn03_PorteDrazon_Decision_FamilyStatues_ValeroRomus,ReportProperties.Description,トラス大通りとゴールデン大通りの交差点に、故ヴァレロ王とその息子で現国王のロムスの巨大な白い大理石像が建立された。この像の高さはなんと16メートルにも及び、王冠部分は金で覆われている。その立地のため、夕暮れ時に太陽が二人の王の背後に美しく沈み、彼らの周囲に光輪のような姿を作り出している。
ReportData,0x010000520003279B,Turn03_PorteDrazon_GenderPayGap,ReportProperties.Title,『リジアの声』、帝国リジア女性実業家協会が男女間の賃金格差に注目
ReportData,0x010000520003279B,Turn03_PorteDrazon_GenderPayGap,ReportProperties.Description,リジア・インペリイ女性実業家協会（RIBA）が発表した新たな報告書によると、我が王国が女性の権利向上のために大きな進歩を遂げているにもかかわらず、職場における不平等が依然として存在している。男性の収入は依然として女性を大幅に上回っており、RIBAの報告書では政府の介入によってこの格差を解消できると示唆されている。
ReportData,0x01000052000327B3,Turn03_Qalus_TuskVisit,ReportProperties.Title,ソードランド人実業家ウォルター・タスク、ヴァレンキリスのワイン産地で休暇を過ごす
ReportData,0x01000052000327B3,Turn03_Qalus_TuskVisit,ReportProperties.Description,カルスにあるカントゥアーヴォのブドウ園では、ソードランド人の総帥であるウォルター・タスクとその家族を迎え入れ、彼らはワイン醸造家たちが所有する豪華な別荘で一晩を過ごした後、ヴァレンキリスのワイン産地を短時間見学した。タスクは、この地域に対する新たな関心が、最近ソードランドでリジア産ワインが手に入るようになったことに刺激されたものだと明かした。
ReportData,0x010000510002FC69,Turn03_Ribel_NewBFFLeadership,ReportProperties.Title,新指導部によるブルディア自由戦線
ReportData,0x010000510002FC69,Turn03_Ribel_NewBFFLeadership,ReportProperties.Description,"治安部隊は、数日前に開催された分離主義組織「ブルディア自由戦線」の地元指導者たちの秘密会合に関する情報を収集した。その会合で新たな指導者が選出されたと見られており、その人物は悪名高い元指導者デウレン・アルゲの兄弟であるアウラン・アルゲだ。

ブルディア自由戦線が目的達成のために暴力的な手段を用いることで知られているため、この動きは国家安全保障に深刻な影響を及ぼす可能性がある。この状況を受け、同組織および新指導部による潜在的な脅威を防ぐため、監視と情報収集の強化が求められている。"
ReportData,0x010000460001A800,Turn03_Ribel_SchoolPoisoning,ReportProperties.Title,ブルディア人女性による学校食中毒事件
ReportData,0x010000460001A800,Turn03_Ribel_SchoolPoisoning,ReportProperties.Description,学校の厨房で働いていたヴィルマ・アシルは、リベルで先週起きた学校給食中毒事件に関与している疑いで逮捕された。加害者たちが禁止されているブルディア自由党とつながりがあることから、この犯行は政治的動機によるものと判明した。アシルは今年初頭からブルディア自由戦線の活発なメンバーだった疑いがあり、懲役60年の判決を受けた。
ReportData,0x0100006500005157,Turn03_Rizia_OffersEnergyCooperation,ReportProperties.Title,リジア、エネルギー提携を呼び掛ける
ReportData,0x0100006500005157,Turn03_Rizia_OffersEnergyCooperation,ReportProperties.Description,リジア石油ガス公社は、ソードランドの大規模なガソムエネルギー事業に向けた共同投資案を提出した。ロムス王は、このような協力がもたらす両国間の利益と、地域のエネルギー安全保障を強化する上での潜在的効果を強調した。また、この協力事業がより強固な経済同盟の基盤となり、我々の国家同士を一層結びつけることになるだろうとも述べた。
ReportData,0x01000052000218DE,Turn03_Rumburg_BuysLessOil,ReportProperties.Title,ルンブルク、ヴェーレンからの石油調達量を半減する
ReportData,0x01000052000218DE,Turn03_Rumburg_BuysLessOil,ReportProperties.Description,リジア王国への機密書簡の中で、ルンブルク王国はヴェーレン共和国からの石油購入量を半減させる意向を明らかにした。女王の閣僚たちもまた、来年の冬までにリジアが同等量の天然ガスをルンブルクに供給し始めることを期待していると改めて述べた。
ReportData,0x010000460001B65F,Turn03_Rumburg_Emergency_BannedRumburg,ReportProperties.Title,ルンブルク、声明を発表
ReportData,0x010000460001B65F,Turn03_Rumburg_Emergency_BannedRumburg,ReportProperties.Description,"今日、尊敬される君主でありGRACEの指導者でもあるベアトリス・リヴィングストン女王は、重大な勅令を発し、ソードランドの禁輸措置に対抗するための施策の実施を宣言した。君主制の経済的・文化的統一を守るという彼女の決意のもと、同女王はソードランドによる禁輸措置がその国自体に損害を与えるだろうという強い信念を示した。

さらに、彼女はアントン・レイン大統領について懸念を表明し、彼の指導力が前任者たちよりも有害であり、ソードランドだけでなく地域全体にとって深刻な脅威となっていると述べた。この勅令を通じて、ベアトリス・リヴィングストン女王は君主制の堅固な守護者としての役割を体現し、その存続を確保し、GRACE加盟国間の経済的・文化的連帯を促進した。"
ReportData,0x01000052000218D8,Turn03_Rumburg_OilEmbargo,ReportProperties.Title,ルンブルク、ヴェゼク産石油の禁輸を開始
ReportData,0x01000052000218D8,Turn03_Rumburg_OilEmbargo,ReportProperties.Description,我々への機密書簡の中で、ルンブルク王国はヴェーレン共和国からの石油購入を中止する意向を明らかにした。女王の閣僚たちもまた、来年の冬までにリジアがルンブルクへ天然ガスの供給を開始するよう引き続き求めている。
ReportData,0x010000C10000001A,Turn03_Sallabes_AidOfferForIza,ReportProperties.Title,ブレナスの当局者ら、イザで拡大する不安定状況への支援を示唆
ReportData,0x010000C10000001A,Turn03_Sallabes_AidOfferForIza,ReportProperties.Description,"レオナ・サゾン伯爵夫人が率いるブレナス地方評議会は、イザで悪化する不安定状況への対処を支援しようとしていることを宮殿に通知した。官僚たちは都市の安定化のために人員や経済的支援を含む追加資源の派遣を提案したが、その申し出はリコ・トラス公爵によって却下された。

リコ・トラス公爵が援助を拒否したにもかかわらず、ブレナスの官僚たちは、地理的な近接性と共通の遺産により、この都市が直面する課題の解決に協力するのに独自の立場にあると主張している。"
ReportData,0x010000A30000070F,Turn03_Sallabes_Decision_ProvincialTaxSubsidy,ReportProperties.Title,サゾン家、ブレナス税制補助金を歓迎
ReportData,0x010000A30000070F,Turn03_Sallabes_Decision_ProvincialTaxSubsidy,ReportProperties.Description,サゾン家は、ヴァレンキリス州に与えられた寛大な税制優遇措置に対して感謝の意を表した。同家によると、税率の引き下げによってその州はさらに発展することができるという。
ReportData,0x010000A100002CD8,Turn03_Sallabes_Kingbird,ReportProperties.Title,サゾン家からキングバード祭への招待
ReportData,0x010000A100002CD8,Turn03_Sallabes_Kingbird,ReportProperties.Description,サゾン家から、サラベスに渡来する伝説の渡り鳥たちの帰還を祝う年次祭典であるスカーレット・キングバード・フェスティバルに出席するための正式な招待状が我々に送られてきた。演説や公演が行われた夜の後、市内のアリーナに近いホテルの最上階で公式なVIPレセプションが開催される。
ReportData,0x010000460001A85C,Turn03_Sarna_Emergency_Surveillance,ReportProperties.Title,テロリストらが逮捕される
ReportData,0x010000460001A85C,Turn03_Sarna_Emergency_Surveillance,ReportProperties.Description,ベルギア治安部隊は、盗聴のより広範な活用によって作業効率が向上したと報告している。最先端技術を駆使し、最近の攻撃の首謀者たちを特定し、迅速に逮捕することができたのだ。
ReportData,0x010000640000C9F9,Turn03_Sarna_PotentialforAgriculture,ReportProperties.Title,農業の成長潜在力
ReportData,0x010000640000C9F9,Turn03_Sarna_PotentialforAgriculture,ReportProperties.Description,サルナは農業分野の発展において大きな潜在力を示している。近隣のレスピアからの需要が増加しており、この地域の農業セクターで拡大する機会があることを示唆している。地元の農家たちは将来に楽観的だが、この潜在力を活かすためには戦略的な投資と支援が必要だと指摘している。
ReportData,0x010000460001A7E8,Turn03_Sarna_SanctuaryResistance,ReportProperties.Title,ブルディア人の聖堂における抵抗運動
ReportData,0x010000460001A7E8,Turn03_Sarna_SanctuaryResistance,ReportProperties.Description,"ベルギアの治安部隊は、反乱活動との関連が見つかったことを受けて、サルナにある2つの異なるヌーリティ聖堂で司祭3名を逮捕した。この報告は、平穏に祈りを捧げたいと思っていた高齢者から寄せられたもので、彼はかえって国家に認可された司祭によってブルディア自由戦線への参加を勧められたという。  

さらなる情報によると、BFFはこの地域の様々な聖堂で現地人の募集活動を推進していることが分かっている。"
ReportData,0x0100005200010591,Turn03_Valenqir_Decision_FootballIndustryFalling,ReportProperties.Title,RFCヴァレンキル、空っぽのスタジアムを非難
ReportData,0x0100005200010591,Turn03_Valenqir_Decision_FootballIndustryFalling,ReportProperties.Description,第三リーグのサッカークラブであるロイヤルFCヴァレンキルは、チケット売上の減少に警戒を強めている。好調な日でさえスタジアムの半分も満員にすることができないのだ。この売上低下は、同クラブがユースインフラへ投資する能力に影響を与えており、かつてはそのユース組織からリジアのトップチームへ多くの選手が供給されていた。
ReportData,0x010000460001A7F4,Turn03_Valgen_CalledProtestersTraitors,ReportProperties.Title,武装集団に警察官らが待ち伏せ攻撃される
ReportData,0x010000460001A7F4,Turn03_Valgen_CalledProtestersTraitors,ReportProperties.Description,匿名の爆弾脅迫に対応して出動した警察隊がヴァルゲン郊外で赤旗青年団の容疑者らに待ち伏せ攻撃を受け、5人の警官が負傷した。また2台のパトカーも放火された。攻撃者4名は全員現場で射殺された。この事件の詳細は公表されていない。
ReportData,0x010000640000C9E1,Turn03_Valgen_FarmersSeekHelp,ReportProperties.Title,ヴァルゲンの農民たち、支援を求める
ReportData,0x010000640000C9E1,Turn03_Valgen_FarmersSeekHelp,ReportProperties.Description,ヴァルゲンでは、同地の農業が衰退しているため、地元の農民たちが支援を求めている。彼らは、近代的な農業機械へのアクセス不足とインフラの不備が大きな障害であると指摘している。彼らは、的を絞った支援と投資によって農業分野が活性化し、地域経済に貢献できると考えている。
ReportData,0x010000460001A7FC,Turn03_Vesord_TerrorAttack,ReportProperties.Title,ソード青年団、テロ攻撃の容疑
ReportData,0x010000460001A7FC,Turn03_Vesord_TerrorAttack,ReportProperties.Description,月曜日の16時46分頃、左翼政党CPSの集会が開かれていたヴェソードの市中心部でテロ攻撃が発生した。ソード青年団またはそれに関連する別の組織と共謀している疑いのある犯人が自動小銃を使って抗議する一般市民に向けて発砲した。犯人自身もその後自殺し、合計17人が死亡した。目撃者によると、その小銃は新聞スタンドの後ろに隠されていたという。現在、地元警察はこの手口を警戒しており、混雑する集会の前後にはすべての新聞スタンドが警察によって検査されることになっている。ソード青年団に関するさらなる調査が進行中である。
ReportData,0x010000A3000006F1,Turn03_Wehlen_Decision_DiplomaticEnvoy,ReportProperties.Title,セドリック・リールフェルがヴェーレンに到着
ReportData,0x010000A3000006F1,Turn03_Wehlen_Decision_DiplomaticEnvoy,ReportProperties.Description,有名な外交官セドリック・リールフェルが、我が国のヴェーレン向け外交使節団を率いるためにヴラクラヴィッツに到着した。彼は滞在中、関係改善を目指して様々な政治的・経済的指導者たちと会談するほか、国内を視察する。
ReportData,0x010000A3000005F0,Turn03_Wehlen_Decision_ZilleBombApology_Apologize,ReportProperties.Title,スモラク、我々の謝罪を受け入れる
ReportData,0x010000A3000005F0,Turn03_Wehlen_Decision_ZilleBombApology_Apologize,ReportProperties.Description,ヴェゼク大統領であるヴィクトル・スモラクは、ジル爆破事件に先立って我々が行った扇動的な演説についての謝罪を受け入れた。
ReportData,0x010000A3000005FA,Turn03_Wehlen_Decision_ZilleBombApology_DontApologize,ReportProperties.Title,スモラク、謝罪の欠如を非難
ReportData,0x010000A3000005FA,Turn03_Wehlen_Decision_ZilleBombApology_DontApologize,ReportProperties.Description,ヴェゼク大統領であるヴィクトル・スモラクは、ジル爆破事件に先立って我々が行った扇動的な演説について謝罪を拒否したことを非難している。
ReportData,0x010000520001059A,Turn03_Zille_ATA,ReportProperties.Title,アリアナ・トラス協会がジルで「リジア追悼の日」を開催
ReportData,0x010000520001059A,Turn03_Zille_ATA,ReportProperties.Description,アリアナ・トラス協会のジル支部は、最近の爆破事件の被害者たちに連帯する形で追悼の日を計画しており、この機会のために特別に依頼されたリジア語の音楽や詩が披露される予定だ。
ReportData,0x0100005200016EA5,Turn03_Zille_IntelligenceUpdate,ReportProperties.Title,リジアの調査員たちがジルへ派遣される
ReportData,0x0100005200016EA5,Turn03_Zille_IntelligenceUpdate,ReportProperties.Description,国王および戦争・安全保障顧問であるルシータ・アザロの許可に基づき、最近発生した友好の日攻撃に関するさらなる情報を収集するため、調査チームがジルへ派遣された。ヴェーレンはリジアの諜報員がいることを知らされ、この調査に全面的に協力することを約束した。
ReportData,0x010000A10000290F,Turn03_Zille_PostBombingArrests,ReportProperties.Title,爆弾テロの余波以来、76人が逮捕される
ReportData,0x010000A10000290F,Turn03_Zille_PostBombingArrests,ReportProperties.Description,ヴェゼク当局は爆破事件との関与が疑われる者として、ジル地域で少なくとも76人を逮捕した。その多くはリジア人やブルディア人である。拘束された者の多くの行方が不明であり、これが国際的な観察員たちの懸念を招いている。
ReportData,0x010000460001B663,Turn04_Agnolia_Drilling,ReportProperties.Title,アグノリアのヘルジ近海での掘削が緊張を高める
ReportData,0x010000460001B663,Turn04_Agnolia_Drilling,ReportProperties.Description,"アグノリアは、係争中のヘルジランド領土のすぐ近くで新たな石油掘削作業を開始した。事態がヴァルグスランド軍艦とアグノリア軍艦の対立状況へと発展すると、緊張はさらに高まった。

数時間かけて行き詰まりが解消され、現時点では事態は緩和されている。"
ReportData,0x010000520002EBF8,Turn04_Argno_MiningPause,ReportProperties.Title,アルグノにおける鉱山操業が一時停止される
ReportData,0x010000520002EBF8,Turn04_Argno_MiningPause,ReportProperties.Description,アルグノ市近郊にあるリジア王室金鉱の採掘活動は、監督官らが国王の命により定められた新しい安全基準を施設に適用するため、一時的に停止されている。この改修作業には数ヶ月かかる見込みで、その後再開されるものの、生産量はやや減少すると予想されている。
ReportData,0x010000460001A8AC,Turn04_ATO_DwightWalkerSupport,ReportProperties.Title,ウォーカー大統領、ソードランドの抗議者たちに全面的な支持を表明
ReportData,0x010000460001A8AC,Turn04_ATO_DwightWalkerSupport,ReportProperties.Description,アルカシアのドワイト・ウォーカー大統領は、ソードランドで続く抗議活動に公然と支持の意を示し、ソードランド政府を厳しく非難する声明を発表した。抗議者たちへのこの支援表明とソードランド政権に対する明確な批判は、ソードランドがアルカシアとの外交関係を断絶する決定に対する直接的な反応と見なされている。
ReportData,0x0100006500000DC3,Turn04_ATO_EconomicSummit,ReportProperties.Title,ペルラで開催されたアルカシア条約機構経済サミット：資本主義の多様な姿
ReportData,0x0100006500000DC3,Turn04_ATO_EconomicSummit,ReportProperties.Description,"アルカシア条約機構はペルラで極めて重要な首脳会議を開催し、加盟国の指導者と経済専門家たちが集まって世界の経済動向とそれに対する戦略的対応策を協議した。議論の中心は、同盟内におけるアルカシア型資本主義とレスピア型保護主義という経済体制だった。

市場指向の改革政策、規制緩和、民営化を特徴とするアルカシア型資本主義は、過去10年間で平均GDP成長率が9.7％に達し、各国で高い成果を維持しており、昨年のインフレ率は4.6％だった。一方、レスピア型保護主義は市場原則を守りつつ関税や選択的な貿易障壁といった戦略的保護措置を実施し、インフレ率は1.8％、GDP成長率は6.1％を記録した。

この首脳会議では、レスピアが独自の経済措置を維持するという強い姿勢を尊重しつつ、これら二つの経済システムの統合に向けた協議が進められた。この戦略的対話では、国営企業主導の投資戦略を通じて世界の発展途上国や新興国でコンタナ条約機構の影響力が拡大している問題も取り上げられた。

アルカシア条約機構は、同盟の市場指向の基盤を維持しつつ、競争的な市場動向と、加盟国の重要産業を守るための適度な保護策の両方を支えるよう、引き続き自らの経済体制を調整している。"
ReportData,0x010000460001A8CC,Turn04_Benfi_AirportCrowded,ReportProperties.Title,ベンフィ地方空港、過密状態に
ReportData,0x010000460001A8CC,Turn04_Benfi_AirportCrowded,ReportProperties.Description,ベンフィ地方空港の容量に関する報告が次々と寄せられている。ベンフィ市長は、同市に国際空港を建設するための投資要請を行う準備をしている。ベンフィのような観光地においては、それによってソードランド全体の繁栄が促進されると彼は主張している。
ReportData,0x010000460001A8F4,Turn04_Benfi_DoctorsStrike,ReportProperties.Title,医師ストライキ
ReportData,0x010000460001A8F4,Turn04_Benfi_DoctorsStrike,ReportProperties.Description,"今日、ベンフィの病院では医師や看護師が千人も欠勤しており、これは医療予算削減に抗議するストライキによるものだ。PFJPの市長は、このストライキによってサービスの提供が大幅に遅れ、大きな混乱が生じていると述べたが、彼らの懸念の声は正当であると認めた。

保健省には、関係する医療従事者を特定し、できるだけ早く職場復帰させるよう指示が出されており、その間のサービス提供のための代替案も探すよう求められている。ベニウォル大臣は、直面する課題を克服していくと述べた。"
ReportData,0x010000460001A890,Turn04_Borin_RYCharged,ReportProperties.Title,赤旗青年団のメンバー、テロ行為および反逆罪で起訴される
ReportData,0x010000460001A890,Turn04_Borin_RYCharged,ReportProperties.Description,ボリンにおいて、赤旗青年団の武装勢力12名がテロ行為および反逆罪で裁判を受け、96年の懲役刑が言い渡された。さらに多くの赤旗青年団員が投獄される順番を待っている。ボリン市長は、この地域の刑務所の収容能力が限界に達しつつあることへの懸念を報告している。
ReportData,0x010000650000CE93,Turn04_CSP_CondemnsRavnosMilitarization,ReportProperties.Title,アルカシア条約機構によるラヴノス島の軍事化非難
ReportData,0x010000650000CE93,Turn04_CSP_CondemnsRavnosMilitarization,ReportProperties.Description,"コンタナ条約機構によるラヴノス島の最近の軍事化は、レスピアが主導するものであり、コンタナ条約機構はこれを断固として非難する。アルカシア条約機構がラヴノス島にレーダーや対空防御施設、その他の軍事施設を拡大していることは、この地域における挑発的な緊張激化を意味している。

この行為は地域の平和と安定の精神に反するだけでなく、コンタナ条約機構加盟国の安全保障上の利益にも直接的な脅威をもたらしている。我々はアルカシア条約機構およびその同盟国に対し、この攻撃的な姿勢を見直し、地域の平和を維持するために外交的解決策を採用するよう強く呼びかける。"
ReportData,0x0100006500000E53,Turn04_CSP_CritiquesMeftiemITZ,ReportProperties.Title,コンタナ条約機構、メフティエムITZの解体を主張
ReportData,0x0100006500000E53,Turn04_CSP_CritiquesMeftiemITZ,ReportProperties.Description,"コンタナ条約機構はメフティエム国際貿易区の廃止を呼びかけている。モレラ領内に位置し、戦略的に重要な港も備えたこの地域は、革命前からリジア、モレラ、レスピア、ヴァルグスランドの各国営公社による合弁事業であった。しかし、最近アルマ・サルタナがモレラの首相に就任したことで、この状況に大きな変化が生じている。

ヴァルグスランドの強力な後押しを受けたサルタナ首相は、鉱山や港を国有化する意向を明らかにした。この動きは現状を覆し、地域の経済的将来の方向性を変える可能性がある。これはリジア王室金鉱の利益だけでなく、リジアのロムス・トラス国王の利益にも直接挑戦するものである。

この発表に対し、アルカシア条約機構の堅固な支持者であるレスピアのアルバレス首相は直ちに注目を集め、現行の自由市場制度を維持するという決意を強く表明し、両陣営間の緊張を高めている。"
ReportData,0x010000460001A8B0,Turn04_CSP_UCLaunchSatellite,ReportProperties.Title,コンタナ連邦、2基目の衛星を打ち上げる
ReportData,0x010000460001A8B0,Turn04_CSP_UCLaunchSatellite,ReportProperties.Description,"重要な技術的節目として、コンタナ連邦は無線通信を可能にする第二の衛星の打ち上げに成功した。この進展によりコンタナ連邦は宇宙ベースの通信技術の最前線に立つこととなり、初めて衛星経由で無線信号の送信が実現した。

現在、他のどの国もこの高度な能力を持っておらず、これはコンタナ連邦にとって重大な成果となっている。"
ReportData,0x010000A100002F3D,Turn04_Derdia_Decision_GolcondistPilgrimsPlavo_DeportDerdia,ReportProperties.Title,デルディア、ゴルコンド主義巡礼者の強制送還を非難
ReportData,0x010000A100002F3D,Turn04_Derdia_Decision_GolcondistPilgrimsPlavo_DeportDerdia,ReportProperties.Description,デルディアは、プラヴォの聖堂に滞在しているゴルコンド主義徒の巡礼者たちを我が国から追放するという決定を正式に非難し、それを「宗教的権利に対する前例のない攻撃」と呼んでいる。
ReportData,0x010000460001A8B8,Turn04_Deyr_BFFBombPolice,ReportProperties.Title,BFF爆弾事件警察署
ReportData,0x010000460001A8B8,Turn04_Deyr_BFFBombPolice,ReportProperties.Description,卑劣な攻撃において、BFFはデイルにある警察署を爆撃した。初期の報告では警官3名が死亡し22名が負傷したとされている。犯人たちはウジレン近郊のグムレン山脈へ逃げ込んだため、彼らを法の裁きにかけるための捜索が開始された。攻撃者たちがヴェーレンへ逃亡しようとする可能性に備え、国境警備隊にも通報がなされている。ブルディア労働者党はこの事件を非難した。
ReportData,0x010000510002FC54,Turn04_Deyr_GolcondistViolence,ReportProperties.Title,デイルでのゴルコンド主義者による暴力行為
ReportData,0x010000510002FC54,Turn04_Deyr_GolcondistViolence,ReportProperties.Description,デイルにおいてブルディアのゴルコンド主義者たちによる宗教的暴力事件が数回発生した。これらの攻撃は他の宗教集団の構成員を標的とし、負傷者や財産の損害をもたらした。この状況は深刻であり、法執行機関や政府関係者による即時の対応が求められる。今後の事件防止と暴力の根本原因の解決のため、何らかの措置を講じることが推奨される。
ReportData,0x010000460001A898,Turn04_Deyr_LockdownAfterArrest,ReportProperties.Title,WPBの指導者が逮捕されたことを受け、デイルでロックダウン実施
ReportData,0x010000460001A898,Turn04_Deyr_LockdownAfterArrest,ReportProperties.Description,WPBの指導者であるフェティ・エジャルが逮捕された後、ブルディアの民衆はデイルで暴動を起こし、不当な非常事態令の廃止を要求している。これらの抗議活動により6人が死亡し264人が負傷した。警察がデイル市に進入し、同市は現在封鎖されている。WPBの党本部すべてが捜索され、そのメンバーたちはテロ容疑で逮捕された。
ReportData,0x010000640000C8B7,Turn04_Erlory_GiraltUnveilsWine,ReportProperties.Title,ジラルト、新作ワインを発表しメッセージを送る
ReportData,0x010000640000C8B7,Turn04_Erlory_GiraltUnveilsWine,ReportProperties.Description,"エルローリーの有名な「ダンデリオン」ラベルは、リベリーのジラルトが築いた豊かなブドウ栽培の伝統に根差しており、その高貴なコレクションに新しいワインを加えた。オート＝ベラソルド氏はマルーン宮殿に上質なワインを送り、それと共に短い手紙も添えた。

「ワインも政治も、優れているか劣っているかという基準で動くのではなく、微妙な複雑さが連続するスペクトラム上で機能する。違いは主観的であり、風味も政策決定と同様に変化し得る。ワイン醸造家が各ブドウの微細なニュアンスを研究するように、政治家も各戦略の独特な側面を検討しなければならない。もしあるヴィンテージと別のヴィンテージ、ある政策と別の政策の間で選択しなければならないのであれば、むしろ選ばずに、それぞれが持つ複雑な相互作用を理解し楽しむ方が良い。結局のところ、ワイン醸造の技術もまた政治も、強制的な選択ではなく、内在する微妙な複雑さを理解し称賛することにあるのだ。」

この新作は、ダンデリオン・ワインが高く評価されている特有の花の香り、深み、優雅さを維持するものと期待されている。ワイン愛好家や業界の専門家たちはこの新しいヴィンテージを味わう機会を待ち望んでおり、ソードランドのワイン産業に与える可能性のある影響も大きな関心事となっている。"
ReportData,0x010000460001A884,Turn04_Erzaren_BFFPriests,ReportProperties.Title,BFF司祭たちの巨大なネットワークが発見される
ReportData,0x010000460001A884,Turn04_Erzaren_BFFPriests,ReportProperties.Description,"ベルギア特別区の治安機関は、BFFによる大規模な宗教ネットワークがベルギアの全都市に及んでいることを報告している。国家公認の司祭制度を装って、BFFは何百人、おそらく数千人ものゴルコンド主義信者をこの過激派組織に勧誘し、何百人ものヌーリティ教信者をゴルコンド主義の宗派へと改宗させた。

十数名が逮捕されたが、警察官の大半がブルディア語を話せないため、このネットワークの実質的な首謀者である司祭たちを見つけ出すのは困難だろう。聖堂においてブルディア語を使用禁止にするよう多くの要請がなされており、ブロン総督もゴルコンド主義を宗教として禁止することを求めている。"
ReportData,0x010000510002FC62,Turn04_Erzaren_BFFSchool,ReportProperties.Title,ブルディア自由戦線、学校を利用して過激派の募集・訓練を行う
ReportData,0x010000510002FC62,Turn04_Erzaren_BFFSchool,ReportProperties.Description,"エルザレンにある学校がブルディア自由戦線の隠れた施設として利用されており、そこではブルディア民族主義的な宣伝活動や軍事訓練が行われていることが判明した。BFFはベルギア全土の農村部にある学校を利用して、自らの目的のために学生を募集し訓練している疑いがある。こうした活動は通常隠されて行われ、主にブルディア系住民が多数を占め、学校でソードランド語よりもブルディア語が使われている地域で発生している。こうした共同体の多くはソードランド語の習得に苦労しており、BFFにとってより簡単な標的となっている。

若者たちが暴力的で過激な組織に洗脳され募集されているという点で、この状況は深刻である。政府に対し、ブルディア自由戦線が学校を募集活動の手段として利用するのを防ぐため、直ちに措置を講じることが推奨される。"
ReportData,0x0100005200018480,Turn04_FortAles_NavyDeployed,ReportProperties.Title,アウレウス・ガス田に海軍を派遣
ReportData,0x0100005200018480,Turn04_FortAles_NavyDeployed,ReportProperties.Description,王の命令により、リジア王立海軍所属の6隻の艦船がアレス要塞の港から、アウレウス・ガス田周辺地域へ派遣された。そのガス田はリジア領およびパレス領の両方の海域に位置していると我々が判断している。艦内の将校たちは、カレカビズを拠点に給油や物資補給を行いつつ、パレス領の船舶がそのガス田に進入するのを阻止するよう指示を受けている。
ReportData,0x010000460001A8F0,Turn04_Gelsord_IllegalAssemblyArrest,ReportProperties.Title,違法集会で359人が逮捕される
ReportData,0x010000460001A8F0,Turn04_Gelsord_IllegalAssemblyArrest,ReportProperties.Description,今日、タウルス・ホールディング所属の数千人の鉄道建設労働者たちがゲルソードでストライキを行い、労働者権利法案の否決に抗議した。彼らは抗議活動の停止命令に違反し、L-1鉄道の建設進捗を妨害した。機動隊が直ちに介入し、多数が負傷する大規模な衝突の後、359人を逮捕した。現場の状況は機器に甚大な被害をもたらした。
ReportData,0x010000460001A8D8,Turn04_Gelsord_L1Strike,ReportProperties.Title,L-1労働者たち、ストライキに
ReportData,0x010000460001A8D8,Turn04_Gelsord_L1Strike,ReportProperties.Description,今日、タウルス・ホールディング所属の数千人に及ぶ鉄道建設作業員がゲルソードでストライキを行い、L-1鉄道プロジェクトの進捗を妨げた。タウルスの経営陣は状況のコントロールを失ったと報告している。労働組合の旗を掲げていた作業員たちは、より良い労働環境と最低賃金の引き上げを要求した。最近の拒否権行使に反対するスローガンを掲げる作業員も数十人見られた。必要であれば措置を講じるため、警察が現場に到着している。
ReportData,0x010000650000CDAB,Turn04_GRACE_CondemsTradeDecline,ReportProperties.Title,GRACE、貿易減少を非難
ReportData,0x010000650000CDAB,Turn04_GRACE_CondemsTradeDecline,ReportProperties.Description,GRACEは、リジア王国との貿易が最近低下していることを重視している。我々はこの減少の原因を特定するため積極的に取り組んでおり、状況を是正する措置を実施することに全力を尽くしている。我々の目標は、リジアとの貿易関係を回復し強化し、経済協力と相互繁栄への誓約をより固めることである。
ReportData,0x010000640000CA09,Turn04_Holsord_AFFoundationThanks,ReportProperties.Title,アルフォンソ財団、大統領からの寄付を謝意をもって受け入れる
ReportData,0x010000640000CA09,Turn04_Holsord_AFFoundationThanks,ReportProperties.Description,アルフォンソ財団は、大統領からの多額の寄付に対し公に感謝の意を表している。この資金提供により、同財団が行っているホームレス問題や所得格差撲滅のための様々な取り組みが強化される。資金の流入は財団の資源基盤を豊かにし、既存プロジェクトの拡大や今後の新たな事業推進を容易にするものと期待されている。
ReportData,0x010000460001A904,Turn04_Holsord_ArcasiaEmbargo,ReportProperties.Title,アルカシアへの禁輸措置が開始される
ReportData,0x010000460001A904,Turn04_Holsord_ArcasiaEmbargo,ReportProperties.Description,"アルカシアへの禁輸措置が完全に実施された。国境当局が検問所を閉鎖した際、1158台ものトラックからなる巨大な車列がヴァルゲン近郊のソードオード国境検問所に滞留した。これまでアルカシアの貿易の約80％がこの地域を通じて行われていた。一方、税関では4507人のアルカシア国民が入国を拒否された。

グルニ地域では甚大な経済的混乱が発生した。ウォーカー大統領は政府に対し、この措置は重大な過ちであると強調する直接のメッセージを送った。"
ReportData,0x010000460001A88C,Turn04_Holsord_CommendationGeneralStaff,ReportProperties.Title,参謀本部、政権を称賛
ReportData,0x010000460001A88C,Turn04_Holsord_CommendationGeneralStaff,ReportProperties.Description,"参謀本部はストロングアーム基地に集結した。通常よりもはるかに短時間で行われた会議は、ソードランドの戦闘能力に関する肯定的な軍事分析をもって終了した。軍総司令官であるヴァルケン・クルーガーは、政府とその軍隊という最も重要な国家機関を強化しようとする取り組みを称賛する公的なプレス声明を発表した。

全将官たちはレイン政権への支持状を共同で署名した。"
ReportData,0x010000460001A888,Turn04_Holsord_CondemnationGeneralStaff,ReportProperties.Title,参謀本部、政権を強く非難
ReportData,0x010000460001A888,Turn04_Holsord_CondemnationGeneralStaff,ReportProperties.Description,"参謀本部はストロングアーム基地に集まった。通常よりもはるかに長時間に及んだ会議は、ソードランドの戦力に関する悲観的な分析をもって終了した。軍隊の最高責任者であるヴァルケン・クルーガーは、政権が政府の最も重要な組織である軍隊を弱体化させようとしていることを非難する公的なプレス声明を発表した。

全将官たちはレイン政権に対する非難状に連名で署名した。"
ReportData,0x010000460001A8E8,Turn04_Holsord_ConstructionFixed,ReportProperties.Title,建設上の問題が解決された
ReportData,0x010000460001A8E8,Turn04_Holsord_ConstructionFixed,ReportProperties.Description,ソードランド国営公社は、新たな資金の投入により建設を遅らせていた安全上の問題が解決されたとする好意的な報告書を送付してきた。増加した機械や労働者のおかげでSSCは再び正常な進行を取り戻し、計画通りにプロジェクトを完了させることができた。経済省もこの説明を裏付けている。
ReportData,0x010000460001A89C,Turn04_Holsord_CustodyAfterProtest,ReportProperties.Title,違法な抗議行為の後、3684人が拘束された
ReportData,0x010000460001A89C,Turn04_Holsord_CustodyAfterProtest,ReportProperties.Description,週末に、非常事態令が発布された後に違法に抗議行為を行った3684人の市民を警察が拘束した。そのうち134人が逮捕され起訴されている。彼らが何らかの既知の組織に所属しているかどうかを調べるため、今も尋問が続けられている。
ReportData,0x010000460001A8BC,Turn04_Holsord_DecreasedPoliceBudget,ReportProperties.Title,警察予算の削減で対応が追いつかない状況に
ReportData,0x010000460001A8BC,Turn04_Holsord_DecreasedPoliceBudget,ReportProperties.Description,最近の警察予算削減により、全国の多くの警察本部がここ最近の抗議活動に対応するのに苦労している。暴動を鎮圧するための物資が全く不足しているのだ。ほぼすべての都市から支援要請が寄せられているが、必要な物資を提供することはできない。
ReportData,0x010000460001A8D4,Turn04_Holsord_DismissedForLinks,ReportProperties.Title,2660人、テロ組織との関与で解雇される
ReportData,0x010000460001A8D4,Turn04_Holsord_DismissedForLinks,ReportProperties.Description,今週、非常事態令に基づき、テロ組織との関与が疑われる2660人の国家公務員が解雇された。
ReportData,0x010000460001A8D0,Turn04_Holsord_EducationReformStart,ReportProperties.Title,教育省、教育改革の取り組みを開始
ReportData,0x010000460001A8D0,Turn04_Holsord_EducationReformStart,ReportProperties.Description,教育大臣のキアラ・ワルダは、承認された教育改革に取り組み始めたと報告している。教育改革の詳細は今後数ヶ月間で決定される予定だ。もし改革案が受け入れられれば、次の段階として教育における洗脳のあり方について議論することになる。
ReportData,0x010000460001A8C0,Turn04_Holsord_IncreasedPoliceBudget,ReportProperties.Title,警察予算の増額により安定が回復
ReportData,0x010000460001A8C0,Turn04_Holsord_IncreasedPoliceBudget,ReportProperties.Description,最近の警察予算の増加により、全国で起きている抗議活動への対応が警察力にとって大いに助けとなっている。住民を保護しつつ、迅速かつ即座に逮捕が行われている。現在の見通しでは、すぐに全てが正常状態に戻る見込みである。
ReportData,0x010000460001A8FC,Turn04_Holsord_RumburgEmbargo,ReportProperties.Title,ルンブルクへの禁輸措置が実施される
ReportData,0x010000460001A8FC,Turn04_Holsord_RumburgEmbargo,ReportProperties.Description,"ルンブルクへの禁輸措置が完全に実施されている。入国地点すべての税関で、ルンブルク国籍を持つ何千人もの市民が拒否されている。我々二国間の貿易は事実上停止している。

エストード北方のアルブレヒト国境検問所には貨物列車が列をなし、数十万トンに及ぶ商品が国境のどちら側にも届けられずにいる。ルンブルク向けの石油、石炭、ガスの輸送も国境当局によって許可されなかったため、緊張が高まっている。

ルンブルク大使はこの措置を戦争へとエスカレートさせる行為だと非難した。"
ReportData,0x010000460001A8E4,Turn04_Holsord_SSCPromised,ReportProperties.Title,SSC、約束通り実行すると発表
ReportData,0x010000460001A8E4,Turn04_Holsord_SSCPromised,ReportProperties.Description,大統領府および経済省からの正式な警告がソードランド国営公社に届けられた。経営陣の議長は現在の状況について謝罪したが、作業を急ぐことで人命が危険にさらされる可能性があると強調した。取締役会全体が、以前定められた期限を前倒しで達成することを約束する文書に署名した。
ReportData,0x010000460001A8E0,Turn04_Holsord_SSCReplaced,ReportProperties.Title,SSCの管理者たちが交代した
ReportData,0x010000460001A8E0,Turn04_Holsord_SSCReplaced,ReportProperties.Description,経済省からの最近の指示を受け、ソードランド国営公社はホル大臣が推薦した新たな専門家たちによって経営陣全体を再編成した。新しい管理者たちは現在の職務に順応しつつあり、既定の期限を守るため全力を尽くすと述べている。
ReportData,0x010000460001A900,Turn04_Holsord_UnitedContanaEmbargo,ReportProperties.Title,コンタナ連合国への禁輸措置が実施された
ReportData,0x010000460001A900,Turn04_Holsord_UnitedContanaEmbargo,ReportProperties.Description,"コンタナ連邦への禁輸措置が完全に発効した。我々両国間の貿易は停止し、コンタナ国籍の旅行者はあらゆる空港、港湾、国境地点からソードランドへの入国が拒否されている。禁輸開始以来、ラハベン港では58隻の貨物船の停泊や荷降ろしが許可されていない。湾は停泊するコンタナの商船で埋め尽くされており、これによりラハベン及びソードランド全土で商品供給が大きく乱れている。

コンタナ連邦大使館は非難声明を発表し、このような単独行動を世界平和への脅威だと呼んだ。"
ReportData,0x0100005200016E90,Turn04_Iza_SOMembersExtradited,ReportProperties.Title,スー・オミナ、引き渡しを疑う
ReportData,0x0100005200016E90,Turn04_Iza_SOMembersExtradited,ReportProperties.Description,スー・オミナのメンバーであるアンデリウス・エクスタルデとクリスト・ビデガインは、昨年に3人のヴェゼク市民が死亡したフレンドシップ・デイ爆破事件への関与を認めたことを受けてヴェーレンに引き渡された。引き渡しはジル国境で、リコ・トラス公爵およびヴェーレン自身の治安部隊の監督のもとで行われた。彼らがどの程度尋問を受けるか、またどのような運命に遭うことになるかはまだ分かっていない。
ReportData,0x01000052000218CC,Turn04_Kyrute_ArbitrationBegins,ReportProperties.Title,ANでガス田仲裁手続きが開始される
ReportData,0x01000052000218CC,Turn04_Kyrute_ArbitrationBegins,ReportProperties.Description,パレスとの合意に基づき、国際連盟はアウレウス・ガス田の所有権を決定するための仲裁手続きを開始する予定である。この手続きは、海洋法の専門家を含む国際法の専門家グループによって行われる。そのグループは来月キルートで会合を開き、関係するすべての当事者からの主張を厳格に審査する見込みだ。
ReportData,0x010000460001A908,Turn04_Lachaven_CrackdownTeachersStrike,ReportProperties.Title,教員ストライキに厳しい取り締まり
ReportData,0x010000460001A908,Turn04_Lachaven_CrackdownTeachersStrike,ReportProperties.Description,"今日、ラハベンのリパブリック・アベニューで教員組合が大規模なストライキを行い、教育予算の削減に反対する意思を示した。抗議活動の一時停止が決められていたにもかかわらず、多くの教員が自身の給与や職位への不安を口にした。  

機動隊が直ちにその集団を鎮圧し、数名が負傷した。ストライキは同日中に終結した。ワルダ大臣は公式声明の中で、ストライキ参加者には自分たちの主張を述べる権利があるもののそれは国内で行うべきだとし、この事態を同様に悲しく思っていると述べた。"
ReportData,0x010000640000CA01,Turn04_Lachaven_GasomBoomsHires100,ReportProperties.Title,ガソム、再び採用を開始
ReportData,0x010000640000CA01,Turn04_Lachaven_GasomBoomsHires100,ReportProperties.Description,ラハベンの地元エネルギー大手であるガソムは、数ヶ月間の一時停止期間を経て採用活動を再開した。同社は最近、新たに100人の従業員を迎え入れ、長期にわたる採用凍結状態から回復段階に入る可能性を示している。この新規採用者の加入により、ガソムは事業活動を活性化させ、今後数ヶ月間でより堅調な業績を目指す構えだ。
ReportData,0x010000640000CD84,Turn04_Lachaven_GasomDownsizes,ReportProperties.Title,ガソムで人員削減が発表された
ReportData,0x010000640000CD84,Turn04_Lachaven_GasomDownsizes,ReportProperties.Description,ガソム社のラハベン支店において労働力構造の大きな変化が発表された。同エネルギー会社は戦略的な判断として人員削減計画を明らかにしたのである。この措置は組織の運営効率を高めることを目的としているが、在籍する従業員たちの間に不安感を生み出している。この決定が地元経済やガソム社の今後の方針に与える影響が鋭く注視されている。
ReportData,0x010000460001A910,Turn04_Lachaven_HighBudget,ReportProperties.Title,中央銀行、刺激策に関する声明を発表
ReportData,0x010000460001A910,Turn04_Lachaven_HighBudget,ReportProperties.Description,"ソードランド中央銀行は、政権1年目に積み上がった多額の財政黒字について、前向きな声明を出した。

声明では、投資が不足した場合に起こりうる影響が指摘された。エディット・アグノクは、多額の黒字はさらなる支出に充て、通貨の強化と経済の回復に生かすべきだと伝えた。"
ReportData,0x010000460001A8B4,Turn04_Lachaven_LabourViolatesCurfew,ReportProperties.Title,ソードランド労働組合の集会、夜間外出禁止令違反
ReportData,0x010000460001A8B4,Turn04_Lachaven_LabourViolatesCurfew,ReportProperties.Description,ラハベンでソードランド労働組合によって開催された集会は夜間外出禁止法に違反しており、地元警察によって鎮圧された。国会議員のカタリナ・ホルテンが抗議活動の指導者であり、警察との短い衝突の後、彼女は解放された。
ReportData,0x010000460001A914,Turn04_Lachaven_NegativeBudget,ReportProperties.Title,中央銀行、予算赤字に関する警鐘を発しる
ReportData,0x010000460001A914,Turn04_Lachaven_NegativeBudget,ReportProperties.Description,"ソードランド中央銀行は、政権1年目に生じた多額の財政赤字について警告を出した。

声明では、無責任な経済運営が招きうる影響が指摘された。エディット・アグノクは、多額の赤字は通貨の強さに深刻な影響を与え、回復途上にある経済の潜在力を損なうおそれがあると伝えた。"
ReportData,0x010000460001A8F8,Turn04_Lachaven_TeachersStrike,ReportProperties.Title,教師ストライキ
ReportData,0x010000460001A8F8,Turn04_Lachaven_TeachersStrike,ReportProperties.Description,"今日、ラハベンのリパブリック・アベニューで教員組合が大規模なストライキを行い、教育予算の削減に反対する意志を示した。多くの教員が自身の給与や職位の不安を口にし、連帯して子供やパートナーを連れてきた者もいた。

ワルダ大臣は公式声明の中で、ストライキ参加者には自分たちの主張を行う権利があると述べ、同時にこの状況を同様に悲しんでいると明言した。"
ReportData,0x010000460001A90C,Turn04_Lachaven_VeryNegativeBudget,ReportProperties.Title,中央銀行、大幅な予算赤字に警戒を呼びかける
ReportData,0x010000460001A90C,Turn04_Lachaven_VeryNegativeBudget,ReportProperties.Description,"ソードランド中央銀行は、政権発足初年度に生じた巨額の政府予算赤字について厳しい警鐘を発した。

無責任な経済運営がもたらす可能性のある結果が指摘された。エディット・アグノクは、大幅な赤字が通貨の強度に深刻な影響を及ぼし、回復過程にある経済の潜在力を妨げる恐れがあると伝えた。"
ReportData,0x010000460001A894,Turn04_Lachaven_YSArrest,ReportProperties.Title,ソード青年団のメンバーが逮捕され、テロ容疑で起訴される
ReportData,0x010000460001A894,Turn04_Lachaven_YSArrest,ReportProperties.Description,ソード青年団に属する6人のテロリストが集会を爆破しようと企てていたところ、ラハベン警察に逮捕された。犯人たちは自分たちの計画を認め、ソード青年団への禁止措置に反発して行動したと述べた。彼らはそれぞれソードランドの民衆に対するテロ攻撃の計画およびソードランドに対する反逆罪で有罪判決を受け、154年の懲役刑が言い渡された。
ReportData,0x010000460001A8A0,Turn04_Laren_DetainedOrganisingRally,ReportProperties.Title,集会を主催したため16人の学生が拘束される
ReportData,0x010000460001A8A0,Turn04_Laren_DetainedOrganisingRally,ReportProperties.Description,集会を開催しようと企てていた16人の学生が警察に逮捕され、単独監禁された。裁判手続きがなくなったため、逮捕は大幅に迅速化し、我々は抗議活動を迅速かつ断固として鎮圧することができた。
ReportData,0x010000460001A8C4,Turn04_Laren_MilitaryOutdated,ReportProperties.Title,軍事装備が陳腐化している
ReportData,0x010000460001A8C4,Turn04_Laren_MilitaryOutdated,ReportProperties.Description,参謀本部は、潜在的なルンブルクの攻撃に対する我が国の軍事防衛能力を評価するため、国境について分析を行った。その結果、我が国の軍備は陳腐化しており、できるだけ早く交換が必要であることが明らかになった。引き続き示された懸念すべき報告書によれば、攻撃が発生した場合、我が国の国境は容易に突破され、ソードランドの主要地域が危険にさらされることになる。
ReportData,0x010000460001A8DC,Turn04_Lenkurg_H3Strike,ReportProperties.Title,H-3労働者たち、ストライキに
ReportData,0x010000460001A8DC,Turn04_Lenkurg_H3Strike,ReportProperties.Description,今日、タウルス・ホールディング所属の数千人に及ぶ鉄道建設作業員がレンクルグでストライキを行い、H-3高速道路プロジェクトの進捗を妨げた。タウルスの経営陣は状況のコントロールを失ったと報告している。労働組合の旗を掲げていた作業員たちは、より良い労働環境と最低賃金の引き上げを要求した。最近の拒否権行使に反対するスローガンを掲げる作業員も数十人見られた。必要であれば措置を講じるため、警察が現場に到着している。
ReportData,0x010000460001A8EC,Turn04_Lenkurg_IllegalAssemblyArrest,ReportProperties.Title,違法集会で436人が逮捕される
ReportData,0x010000460001A8EC,Turn04_Lenkurg_IllegalAssemblyArrest,ReportProperties.Description,今日、タウルス・ホールディング所属の数千人の鉄道建設労働者たちがレンクルグでストライキを行い、労働者権利法案の否決に抗議した。彼らは抗議活動の一時停止規定を破り、H-3高速道路の建設進捗を妨害した。機動隊が直ちに介入し、多数が負傷する大規模な衝突の後、436人を逮捕した。現場の状況は機材に甚大な被害をもたらした。
ReportData,0x010000460001A8A4,Turn04_Lenkurg_PoliceBrutalityArrest,ReportProperties.Title,警察の残虐行為に抗議するデモ参加者が逮捕される
ReportData,0x010000460001A8A4,Turn04_Lenkurg_PoliceBrutalityArrest,ReportProperties.Description,レンクルグで警察の残虐行為に対して起きていた市民抗議は、警察権限強化法のおかげで警察によって比較的容易に鎮圧された。放水車が動員され、警察には催涙ガス銃も供給されたことで、迅速な鎮圧が実現した。
ReportData,0x01000065000051AF,Turn04_Lespia_CondemnsRiziaEnergy,ReportProperties.Title,レスピア、リジアのエネルギー連盟を非難
ReportData,0x01000065000051AF,Turn04_Lespia_CondemnsRiziaEnergy,ReportProperties.Description,"最近の公式発言において、パトリシオ・アルバレス首相はリジアがソードランドと結んだ協力型エネルギー協定を厳しく非難した。アルバレス氏は、この提携がレスピアのエネルギー産業を損なうものであり、特に同地域のエネルギー市場におけるレスパワーの持分について懸念を示した。

首相はまた、海洋境界を巡るレスピアとリジア間の継続的な対立にも言及し、このエネルギー取引がこれらの問題をさらに悪化させる可能性があると警告した。"
ReportData,0x010000A10000307D,Turn04_Monqiz_Decision_VendonesamAidRequest_Energy,ReportProperties.Title,ガスの輸送船がヴェンドネサムへ出発
ReportData,0x010000A10000307D,Turn04_Monqiz_Decision_VendonesamAidRequest_Energy,ReportProperties.Description,ヴェンドネサムの摂政カバウエン・サング・タムに約束されていた天然ガスがモンキズ港を出発し、既存の君主国が直面する重大な危機に立ち向かう中で、我が王国が国際的連帯への決意を固めることとなった。
ReportData,0x010000A100003073,Turn04_Monqiz_Decision_VendonesamAidRequest_Equipment,ReportProperties.Title,兵器がヴェンドネサムへ出発
ReportData,0x010000A100003073,Turn04_Monqiz_Decision_VendonesamAidRequest_Equipment,ReportProperties.Description,ヴェンドネサムの王配カバウエン・サング・タムに約束された武器がモンキズの港を出発し、既存の他国の君主制国家が直面する重大な危機に立ち向かう際の国際的連帯への我が王国の決意が固められた。
ReportData,0x010000A100003087,Turn04_Monqiz_Decision_VendonesamAidRequest_Financial,ReportProperties.Title,国王、ヴェンドネサムへの財政支援を約束
ReportData,0x010000A100003087,Turn04_Monqiz_Decision_VendonesamAidRequest_Financial,ReportProperties.Description,モンキズで開催された非公開のイベントにおいて、王配カバウエン・サング・タムの連合体の代表者らと会談し、ロムス国王はリジアが同国に財政的支援を行うことを約束した。これにより、既存の他の君主制国家からの大きな脅威に直面した際の国際的連帯への我が王国の決意が固められたのだ。
ReportData,0x010000A100002DC1,Turn04_Monqiz_Decision_WelfareProtest_Dispersed,ReportProperties.Title,抗議活動で多数が負傷
ReportData,0x010000A100002DC1,Turn04_Monqiz_Decision_WelfareProtest_Dispersed,ReportProperties.Description,モンキズ宮殿の門前で行われていた福祉抗議活動を解散させる命令が出された後、騎馬した地元警察が群衆に突入し、そこに集まっていた数千人の人々を暴力的に追い散らした。抗議活動はすぐに鎮圧されたが、警察の馬に踏みつけられる事故で多くの負傷者が出たと地元の病院から報告があり、突入時に死者が出なかったこと自体が奇跡だと言われている。
ReportData,0x010000A100002DB7,Turn04_Monqiz_Decision_WelfareProtest_Peaceful,ReportProperties.Title,宮殿の門前で抗議行動
ReportData,0x010000A100002DB7,Turn04_Monqiz_Decision_WelfareProtest_Peaceful,ReportProperties.Description,何千人もの抗議者がモンキズ宮殿の外に集まり、我々の福祉制度の現状に不満を訴えた。地元のコミュニティ指導者たちによる感動的な演説の後、群衆は徐々に解散し始め、夕方早くに抗議活動は終わった。
ReportData,0x01000065000092C2,Turn04_Monqiz_WineExport,ReportProperties.Title,モンキズ、高まる観光・貿易需要に対処困難
ReportData,0x01000065000092C2,Turn04_Monqiz_WineExport,ReportProperties.Description,"モンキズの知事は、同地がリジアの急増する貿易輸出と観光客数の中心地となったことで新たな課題に直面している。特にソードランドからの訪問者の増加や盛んになるワイン貿易は経済成長をもたらしたが、文化的・環境的影響への懸念も生じている。

この状況は娯楽地区で特に厳しく、そこでは地元の伝統と外国の影響が最も顕著に混在している。モンキズが貿易拠点としての歴史的役割と現代のアイデンティティを両立させながらこれらの課題に対処することは、極めて複雑な任務である。"
ReportData,0x010000A100002F33,Turn04_Morella_Decision_GolcondistPilgrimsPlavo_DeportMorella,ReportProperties.Title,モレラ、ゴルコンド主義巡礼者の強制送還を非難
ReportData,0x010000A100002F33,Turn04_Morella_Decision_GolcondistPilgrimsPlavo_DeportMorella,ReportProperties.Description,モレラは、プラヴォの聖堂を占拠しているゴルコンド主義徒の巡礼者たちを自国に強制送還する我が国の決定を正式に非難し、「リジアの無情な政策の後始末は我々の責任ではない」と主張している。
ReportData,0x010000A30000074B,Turn04_Morella_Decision_RRGStakeChangeIncrease,ReportProperties.Title,モレラ、天然資源の掌握に祝意を表す
ReportData,0x010000A30000074B,Turn04_Morella_Decision_RRGStakeChangeIncrease,ReportProperties.Description,記者会見で質問を受けたモレラの首相アルマ・サルタナは、リジアが同国の王室金鉱会社のより大きな部分を掌握するという決定を歓迎すると述べた。彼女は、各国は自国の天然資源を自ら管理すべきであり、それらは資本家や外国勢力によって所有されるべきではないという政府の立場を再び強調した。
ReportData,0x01000065000056BC,Turn04_Morella_FlyingObjectSpotted,ReportProperties.Title,キナル国境付近で正体不明の物体が目撃される
ReportData,0x01000065000056BC,Turn04_Morella_FlyingObjectSpotted,ReportProperties.Description,"モレラの治安機関は、キナル国境付近で正体不明の物体が目撃されたと報告している。その物体は高高度かつ非常に高速で飛行していた。現時点では、その物体が何であるのか、また何らかの影響を及ぼす可能性があるのかは明らかになっていない。一部の情報将校は、その目撃されたものがコンタナ条約機構の低軌道衛星である可能性があると示唆している。

モレラ当局は、この問題をさらに調査するため、キナル側の当局者と協力している。"
ReportData,0x010000460001A8C8,Turn04_Narbel_EducationImprovements,ReportProperties.Title,農村地域の教育環境は改善が必要
ReportData,0x010000460001A8C8,Turn04_Narbel_EducationImprovements,ReportProperties.Description,キアラ・ワルダの報告によると、ソードランドの農村地域にある現在の教育機関はほとんど放置されている。彼女の分析によれば、ソードランド全体の識字率は現在80％であるが、ナルベルのような農村地域では識字率がわずか64％に過ぎない。一人当たりの学校数の不足もこうした状況を裏付けている。
ReportData,0x0100005200018474,Turn04_Pales_GasClaim,ReportProperties.Title,パレス大公国、新たに調査されたガス田へ船舶を派遣する
ReportData,0x0100005200018474,Turn04_Pales_GasClaim,ReportProperties.Description,緊急の報告が届いた。パレスがリジアのカレカビズ島とパレス半島の間に新たに発見されたガス田の所有権を主張したとのことだ。現在、レマズで探査船の準備が進められており、数日以内に試験掘削を開始する予定だ。
ReportData,0x01000052000218BD,Turn04_Pales_NavyWithdrawn,ReportProperties.Title,海軍が撤退した
ReportData,0x01000052000218BD,Turn04_Pales_NavyWithdrawn,ReportProperties.Description,"緊張緩和の意図を示す措置として、アンタセア海にあるアウレウス・ガス田からリジア海軍部隊を撤退させるよう命じた。この決定は本日早くにパラス・レズナによって発表された公式声明の中で明らかになった。

レスピアとパレスがこの動きにどのように反応するかはまだ分からない。我が政府は状況を厳密に監視していく。"
ReportData,0x0100005200023A24,Turn04_Pales_PalesianNavySent,ReportProperties.Title,パレス、アウレウス・ガス田に海軍を派遣
ReportData,0x0100005200023A24,Turn04_Pales_PalesianNavySent,ReportProperties.Description,アウレウス・ガス田の境界からリジア海軍を撤退させることを拒否したため、ラインハルト大公は同等数のパレス海軍援軍を派遣して周辺海域を巡回させている。我々が配備した将校たちは、事態が悪化する可能性について警告している。
ReportData,0x010000520002EBCC,Turn04_Pales_PipelineBegins_QuarterField,ReportProperties.Title,アウレウス・フィールド・パイプラインの建設が開始される
ReportData,0x010000520002EBCC,Turn04_Pales_PipelineBegins_QuarterField,ReportProperties.Description,パトリシオ・アルバレスとの合意に基づき、アウレウス天然ガス田の西側地域からリジア本土へ向かうパイプラインの初期建設が開始された。探査権に関する契約の正確な条件や詳細が決定次第、すぐに掘削およびエネルギー供給を開始できる見込みだ。
ReportData,0x01000052000218F9,Turn04_Pales_PipelineBegins_WholeField,ReportProperties.Title,アウレウス・フィールド・パイプラインの建設が開始される
ReportData,0x01000052000218F9,Turn04_Pales_PipelineBegins_WholeField,ReportProperties.Description,ラインハルト大公との合意に基づき、アウレウス天然ガス田からリジア本土へ向かうパイプラインの初期建設が始まっている。探査権に関する契約の正確な条件や詳細が決定次第、すぐに掘削およびエネルギー供給を開始できる見込みだ。
ReportData,0x010000A100002F47,Turn04_Plavo_Decision_GolcondistPilgrimsPlavo_Deported,ReportProperties.Title,警察が聖堂を掃討する中で衝突発生
ReportData,0x010000A100002F47,Turn04_Plavo_Decision_GolcondistPilgrimsPlavo_Deported,ReportProperties.Description,警察がプラヴォの聖堂からそこを占拠していたゴルコンド主義徒たちを追放しようとした際、衝突が発生した。暴動は長く続かなかったものの、聖堂には軽微な被害が出り、数名の警察官が負傷した。
ReportData,0x010000A100002F51,Turn04_Plavo_Decision_GolcondistPilgrimsPlavo_Stay,ReportProperties.Title,聖堂の翼部分が寝室に転用される
ReportData,0x010000A100002F51,Turn04_Plavo_Decision_GolcondistPilgrimsPlavo_Stay,ReportProperties.Description,プラヴォの聖堂に滞在しているゴルコンド主義徒の巡礼者たちを収容するため、当局はこの施設のあまり利用されていない翼部分を彼らの一時的な居住スペースとして改築した。地元のヴルヘック教徒コミュニティの一部からは軽微な苦情が出たものの、全体的に見るとどの宗教団体も暴力的な立ち退きよりも平和的な解決策を好んでいるようだ。
ReportData,0x010000520002EBD7,Turn04_PorteDrazon_Arbitration_Canceled,ReportProperties.Title,仲裁が中止された
ReportData,0x010000520002EBD7,Turn04_PorteDrazon_Arbitration_Canceled,ReportProperties.Description,パトリシオ・アルバレスとの会談の結果、国際連盟の仲裁委員会に対し、アウレウス・ガス田の所有権争議の解決を支援する必要はなくなったと通知がなされた。現在、リジアが同ガス田の1つの区域における探査権を得るための取引が進められており、レスピアがパレスからその主要株式を購入することになっている。
ReportData,0x0100005200032721,Turn04_PorteDrazon_BFFUnmasked,ReportProperties.Title,デルディアのゴルコンド主義集団がBFFを保護しているのか？
ReportData,0x0100005200032721,Turn04_PorteDrazon_BFFUnmasked,ReportProperties.Description,国内治安部隊からの報告によると、リジアのデルディア地域にヴェーレンで活動するブルディア自由戦線の逃亡者たちが潜伏している可能性がある。ヴィクトル・スモラク政権が分離主義運動を弾圧する中、ますます多くのブルド族がデルディアへ避難し、そこからサラベス港を経由してリジアへ向かっている。我々の治安部隊は事態の推移を厳重に監視していくつもりだ。
ReportData,0x010000CA00001A89,Turn04_PorteDrazon_ELM_AnimalWelfare,ReportProperties.Title,首都においてELMイニシアチブの支持が高まる
ReportData,0x010000CA00001A89,Turn04_PorteDrazon_ELM_AnimalWelfare,ReportProperties.Description,"レオナ・サゾン公爵夫人によって最近開始された「すべての命は大切」という取り組みにより、ポルテ・ドラゾンの公共空間が変化し始めている。通りや市場、公園の至る所に猫や犬用の小さな木製シェルターが設置され、地元のボランティアたちによって運営される餌やりステーションも登場している。

関係者によると、「すべての命は大切」は間もなく野良動物の保護以外の分野にも拡大される見込みで、野生生物保護プログラムへの支援策についても既に検討が進められている。"
ReportData,0x010000A100000184,Turn04_PorteDrazon_HousingCrisisWorsens,ReportProperties.Title,平均家賃、18ヶ月ごとに倍増
ReportData,0x010000A100000184,Turn04_PorteDrazon_HousingCrisisWorsens,ReportProperties.Description,リジアの首都における1平方メートルあたりの平均賃料は急速に高騰しており、専門家らの見積みでは18ヶ月ごとに倍増し続け、減速する気配は見られない。価格が上昇するだけでなく、都市人口の増加と市場の投機が重なったことで住宅供給が著しく不足し、新しいアパートを探す平均期間はほぼ8ヶ月にも達している。
ReportData,0x010000520002190E,Turn04_PorteDrazon_SellField_Agreement,ReportProperties.Title,リジア、パレス、ガス田権利移転協定の起草を開始
ReportData,0x010000520002190E,Turn04_PorteDrazon_SellField_Agreement,ReportProperties.Description,アクセル・ラインハルト大公との協議を経て、リジア王国およびパレス大公国の経済省はアウレウス・ガス田に関する合意案の起草を開始することになった。同ガス田の所有権はパレスが保持し、リジアは排他的な探査権を有する。国王と大公は今後数ヶ月間にわたりその合意案を審査する機会を得ることになっている。
ReportData,0x010000520002EBC1,Turn04_PorteDrazon_SellField_Reneged,ReportProperties.Title,ラインハルト大公との交渉、中止に
ReportData,0x010000520002EBC1,Turn04_PorteDrazon_SellField_Reneged,ReportProperties.Description,アクセル・ラインハルト大公には、アウレウス天然ガス田の探査権全体の購入を中止するという我々の決定が伝えられている。パレスがその権利をレスピアに売却する見込みであり、リジアはその地域の4分の1で掘削を行うことが許可される見通しである。
ReportData,0x0100005200021929,Turn04_Qalus_CantuavoInvitation,ReportProperties.Title,カンタボ家、『赤きロムス』発売記念イベントへの公式招待状を送付
ReportData,0x0100005200021929,Turn04_Qalus_CantuavoInvitation,ReportProperties.Description,エドゥアルド卿とセフィナ・カントゥアーヴォ夫人は、彼らの戴冠用ワインである「赤きロムス」の開栓式にリジア王室全員および評議会を正式に招待した。国王を称えて収穫・瓶詰めされたこのワインは、カルスにあるカントゥアーヴォのブドウ園で初めて試飲されることになっている。また、この行事のために同ブドウ園の高級別荘内の複数のスイートも我々のために予約されている。
ReportData,0x010000A100002CFE,Turn04_Qalus_Decision_PublicTransportationWeak,ReportProperties.Title,重要な鉄道連絡路が機能不全に
ReportData,0x010000A100002CFE,Turn04_Qalus_Decision_PublicTransportationWeak,ReportProperties.Description,カルス近郊にある重要な鉄道分岐器に技術的な問題が発生したため、ポルテ・ドラゾンとモンキズを結ぶ列車の運行が中断されている。この問題は数日中に解決される見込みだが、この重要な鉄道の閉鎖により旅客輸送だけでなく、モンキズの港と国内の他地域を結ぶ貨物輸送にも影響が出ている。
ReportData,0x01000065000051FE,Turn04_Rizia_HailsEnergyCooperation,ReportProperties.Title,リジア、エネルギー協力の成功を歓迎
ReportData,0x01000065000051FE,Turn04_Rizia_HailsEnergyCooperation,ReportProperties.Description,ガソムへの成功した共同投資を受け、ロムス王はこの取り組みを地域協力の模範として称賛した。同王は、相互の経済成長を目指す今後のパートナーシップに刺激を与える可能性があることを強調した。また王は、ROGのさらなる拡大と、エネルギー投資におけるこの協力的アプローチの持続可能性についても信頼感を示した。
ReportData,0x010000A100002CEC,Turn04_Rumburg_Decision_GraceTradeWeakens,ReportProperties.Title,ルンブルク、GRACEのメンバーらを安心させようと試みる
ReportData,0x010000A100002CEC,Turn04_Rumburg_Decision_GraceTradeWeakens,ReportProperties.Description,ルンブルク王国はすべてのGRACE加盟国に声明を発表し、最近の貿易量の減少は一時的なものであり、同機構の加盟国は心配する必要なく通常通り取引を続けるよう呼びかけた。
ReportData,0x010000460001B667,Turn04_Rumburg_QueenThreat,ReportProperties.Title,ベアトリス・リヴィングストン女王、ソードランドを世界平和の脅威と呼ぶ
ReportData,0x010000460001B667,Turn04_Rumburg_QueenThreat,ReportProperties.Description,"ベアトリス・リヴィングストン女王はテレビに出演し、ソードランドを東メルコパの平和だけでなく全世界の平和にとっての脅威だと呼びかけた。

彼女はまた、アントン・レイン大統領の新政策を公に非難するとともに、ソードランドが進んでいる方向性について懸念を示した。そしてソードランド北部で発生している暴力的な事件を挙げ、ルンブルク軍に南部国境の防衛を強く求めた。"
ReportData,0x010000460001B66B,Turn04_Rumburg_QueenThreat2,ReportProperties.Title,ベアトリス・リヴィングストン女王、ソードランドを世界平和の脅威と呼ぶ
ReportData,0x010000460001B66B,Turn04_Rumburg_QueenThreat2,ReportProperties.Description,"ベアトリス・リヴィングストン女王はテレビに出演し、ソードランドを東メルコパの平和だけでなく全世界の平和にとっての脅威だと述べた。彼女はソードランドで起きている暴動や警察による暴力行為を非難するとともに、同国が進んでいる方向性について懸念を示した。

彼女は北ソードランドでの暴力的な事件を例に挙げ、南側国境の安全確保をルンブルク軍に要請した。"
ReportData,0x010000460001A8A8,Turn04_Sarna_SurveillanceArrest,ReportProperties.Title,大規模な監視により1984件の逮捕が行われた
ReportData,0x010000460001A8A8,Turn04_Sarna_SurveillanceArrest,ReportProperties.Description,ソードランドの情報機関によると、新たな監視法によって抗議集会が始まる前にそれを阻止することが可能になったとのことだ。その効果は非常に顕著で、ここ数日間だけでもソードランドに危険をもたらす1984人の反体制派が逮捕された。
ReportData,0x010000A300000755,Turn04_Sordland_Decision_SordlandOffersInvestment_Accept,ReportProperties.Title,ソードランド、ロムス王の迎え入れ準備を進める
ReportData,0x010000A300000755,Turn04_Sordland_Decision_SordlandOffersInvestment_Accept,ReportProperties.Description,我々が有益な投資機会に関する話し合いのためにホルソードで会談することに合意した後、ソードランドの首都は急ぎ足で我が国の国王を迎え入れる準備をしている。報道によると、マルーン宮殿内の旧王室住居が、たとえ数日間だけでも再び王族の居住施設となる予定だという。
ReportData,0x01000065000092D0,Turn04_Topes_SordishTourists,ReportProperties.Title,ソードランド人の観光客が古代トペス遺跡を乱す
ReportData,0x01000065000092D0,Turn04_Topes_SordishTourists,ReportProperties.Description,"ソードランド出身の観光客グループが、トペスにある古代レゼニド遺跡で騒動を引き起こした。報道によれば、彼らは規定を無視して立ち入り禁止区域に入り、最近発見された遺物の一部を破損させた。地元当局は関与した者たちを拘束し、この事件を受けて遺跡保護規制の厳格な実施が求められている。

市議会では、遺跡の完全性と教育的価値を守るため、外国人向けにガイド付きツアーを義務化することを検討している。"
ReportData,0x010000C100000028,Turn04_Valenqir_ClimateConference,ReportProperties.Title,ヴァレンキリスで地域環境会議が開催される
ReportData,0x010000C100000028,Turn04_Valenqir_ClimateConference,ReportProperties.Description,"ヴァレンキルでは最近、フベルトゥス・トラス公爵が主催する権威ある地域的環境会議が開催された。この会議には世界中から科学者、研究者、ジャーナリストらが集まり、自然保護、土地保全、持続可能な資源管理について議論した。

会議中、フベルトゥス公爵は1930年に発見した海底の海流に関する発表を行った。

会議の締めくくりとして、フベルトゥス公爵は豪華な設備と有名なカジノで知られる高級ホテルであるグランド・ヴァレンキルホテルへ来客を案内し、会議にふさわしい締めくくりをもたらした。"
ReportData,0x010000CA000017AE,Turn04_Valenqir_Decision_XinaConflictEndsEnergyDrops_Penalty_ExportQuotas,ReportProperties.Title,ROG、輸出割当制の変更に伴い供給を調整
ReportData,0x010000CA000017AE,Turn04_Valenqir_Decision_XinaConflictEndsEnergyDrops_Penalty_ExportQuotas,ReportProperties.Description,"王政による一時的な輸出割当制の導入を受け、リジア石油ガス公社は国内供給を安定させるために事業体制の見直しを開始した。ヴァレンキリスの沿岸ターミナルから出荷される量が減少したことから、同公社は精製済み石油を王国各地の内陸倉庫や給油所へ迂回して供給している。

同公社の広報担当者はこの措置を「反応的なものではなく予防的なもの」だと説明し、外部の不安定要因からリジアの家庭を守ることを目的としていると述べている。ROGの経営陣は自信を示しているものの、分析家は国際契約に与える長期的な影響が世界市場の回復速度次第で変わってくる可能性があると指摘している。"
ReportData,0x010000640000CA71,Turn04_Valgen_GruniRuralDev,ReportProperties.Title,グルニ農村開発計画、完成間近
ReportData,0x010000640000CA71,Turn04_Valgen_GruniRuralDev,ReportProperties.Description,グルニ農村開発計画は、農村開発大臣ガス・マンガーの構想によるもので、ホルソードにおいてほぼ完成間近となっている。この戦略は農村経済の活性化、食料安全保障の強化、そしてグルニ地域経済の向上を目指している。最終版計画の今後行われる発表は、ソードランドの農村開発課題の進展における重要な節目となる。
ReportData,0x010000A300000618,Turn04_Wehlen_Decision_WehlenIntelligence_Cooperate,ReportProperties.Title,ヴェーレン、協力に感謝の意を示す
ReportData,0x010000A300000618,Turn04_Wehlen_Decision_WehlenIntelligence_Cooperate,ReportProperties.Description,ヴェゼク当局は、ジル爆破事件の捜査に協力することに同意してくれたリジア側に感謝の意を表し、それを「リジア側からの重要な好意の示し」と評した。
ReportData,0x010000A300000622,Turn04_Wehlen_Decision_WehlenIntelligence_DontCooperate,ReportProperties.Title,ヴェーレン、協力拒否を強く非難
ReportData,0x010000A300000622,Turn04_Wehlen_Decision_WehlenIntelligence_DontCooperate,ReportProperties.Description,ヴェゼク当局は、ジル爆破事件の捜査において我が国が協力を拒否したことを「信頼と我が国民への敬意の欠如を示す敵対的な行動」と呼んでいる。彼らはさらに、リジア側の支援がなくてもヴェゼク側の捜査が犯人特定に成功するだろうと約束し続けた。
ReportData,0x010000520002EBE2,Turn04_Zille_ATAProtest,ReportProperties.Title,アリアナ・トラス協会、ヴェーレンのAN決定に反対する平和的な抗議を主導
ReportData,0x010000520002EBE2,Turn04_Zille_ATAProtest,ReportProperties.Description,ヴィクトル・スモラクによるAN発表があってから数週間の間に、アリアナ・トラス協会のジル支部は、ジルの住民たちが再びリジア人であり続けたいという意志をヴェーレン政府に示すため、数回にわたる平和的なデモンストレーションを主導してきた。同協会のスポークスマンは、ジルが返還されるまでデモンストレーションを続けていくと誓っている。
ReportData,0x010000A100002923,Turn04_Zille_LargeGatheringBan,ReportProperties.Title,ジルでの大規模集会が禁止される
ReportData,0x010000A100002923,Turn04_Zille_LargeGatheringBan,ReportProperties.Description,ますます厳しくなる治安対策の一環として、ジル地方では現在50人以上が集まる公的な集会が禁止されている。批判者たちはこれを、同地域のリジア復帰を求める声を抑え込む措置だと見なしているが、当局はこれらの対策は単に当地域に住むリジア人およびヴェゼク人人双方の安全を高めるためのものに過ぎないとリジア側に保証している。
ReportData,0x010000520002EBED,Turn04_Zille_SOProtest,ReportProperties.Title,ジルで暴力的な抗議行動が発生
ReportData,0x010000520002EBED,Turn04_Zille_SOProtest,ReportProperties.Description,ヴィクトル・スモラクによるAN発表があってから数週間のうちに、ジル地域の各町で暴力的なデモや警察との衝突が起こり、これはヴェーレン政府を威圧してジルを返還させるためのものだ。スー・オミナが少なくとも一部の事件に関与している可能性があると見られている。
ReportData,0x010000A100002919,Turn04_Zille_TravelRestrictions,ReportProperties.Title,ヴェーレン、ジル地方への立ち入りを制限
ReportData,0x010000A100002919,Turn04_Zille_TravelRestrictions,ReportProperties.Description,ヴェーレンは係争中のジル地域への移動手段を制限しており、ヴェゼク国民でない者が同地域を訪れることを特に困難にしている。地元当局は、この一時的な措置の理由として安全上の問題やさらなるテロ攻撃の危険性を挙げている。
ReportData,0x010000460001A998,Turn05_Anrica_LesteResign,ReportProperties.Title,クルタン・レステ、NFPに移行
ReportData,0x010000460001A998,Turn05_Anrica_LesteResign,ReportProperties.Description,アンリカの市長であるカーテン・レステは最近、統一ソードランド党を離党し国民戦線党に加入した。次回の地方選挙が行われるまで、アンリカ市はNFP所属の自治体として存続する。
ReportData,0x010000460001A9C0,Turn05_Anrica_YSRaided,ReportProperties.Title,ソード青年団の過激派が逮捕される
ReportData,0x010000460001A9C0,Turn05_Anrica_YSRaided,ReportProperties.Description,アンリカ警察は、ソードランドの情報機関からアンリカでソード青年団の活動が疑われるという報告を受けて今日襲撃作戦を実施した。警察は容疑のある建物を捜索中に待ち伏せ攻撃を受けた。そこで発生した銃撃戦で武装勢力4名が死亡し、その後さらに10名が逮捕された。残念ながら、この戦闘で警官1名も命を落とした。
ReportData,0x010000460001A9C4,Turn05_Anrica_YSRaided_Fail,ReportProperties.Title,虚偽の警報
ReportData,0x010000460001A9C4,Turn05_Anrica_YSRaided_Fail,ReportProperties.Description,アンリカ警察は、ソードランドの情報機関からアンリカでソード青年団の活動が疑われるという報告を受けて今日襲撃作戦を実施した。その襲撃中に建物内の住民1名が死亡した。警察はソード青年団との関連性を示す証拠は何も発見できなかった。死亡した住民は72歳の退職者であることが判明し、警官たちはこの事故について謝罪した。
ReportData,0x010000460001A96C,Turn05_ATO_ArcasiaCondemnsAid,ReportProperties.Title,アルカシアからの非難
ReportData,0x010000460001A96C,Turn05_ATO_ArcasiaCondemnsAid,ReportProperties.Description,アルカシアは、ソードランドとコンタナ連邦との間で締結された最近の金融協定を公に非難している。ウォーカー大統領は、コンタナ条約機構が東部メルコパの事柄に干渉することを許したとしてレイン大統領を非難した。アルカシアの大統領はアルカシア条約機構の利益を守ることを約束し、マレニエフ主義による侵害があればそれに対抗する用意があると述べている。
ReportData,0x0100006500000D93,Turn05_ATO_CritiquesTradeWar,ReportProperties.Title,アルカシア条約機構、リカ湾の緊張緩和を呼びかける
ReportData,0x0100006500000D93,Turn05_ATO_CritiquesTradeWar,ReportProperties.Description,"急速に変化する政治情勢の中で、リカ湾は世界的な注目の的として浮上している。ニビヤの指導部が最近交代し、よりナショナリスト色の強い政府へと移行したことに伴い、アルカシア第3艦隊とコンタナ連邦・リカ艦隊との間の緊張が高まっている。

残念ながら、世界貿易の重要な通路であるこの湾域に封鎖を実施するというコンタナ連邦の決定は、世界の貿易状況に大きな波及効果をもたらしている。双方による関税や禁輸措置の導入は、破壊的な貿易戦争が勃発する可能性に対する懸念を高めている。

アルカシア条約機構は、世界の経済的利益を守るため、迅速かつ平和的な解決を実現すべく外交対話を促進するための活動を積極的に行っている。"
ReportData,0x0100006500000E3B,Turn05_ATO_LegalizesPMCs,ReportProperties.Title,アルカシア条約機構、新たなパラダイムを受け入れる：民間軍事会社の正当化
ReportData,0x0100006500000E3B,Turn05_ATO_LegalizesPMCs,ReportProperties.Description,"アルカシア条約機構は、ケルベロス・インターナショナルとパランター・セキュリティだけでなく、すべての民間軍事会社に正式な承認と正当性を与えた。この決定は大きな政策転換であり、民間軍事会社を加盟国の将来の安全保障戦略に欠かせない存在と認めたものだ。民間軍事会社は今や同機構の全面的な後ろ盾を得て国際舞台に確固たる地位を築き、既存の軍事力を補い、とりわけコンタナ条約機構からの潜在的な脅威に対する新たな戦略的能力を提供する。

民間軍事会社の活動が公認されたことで、これらの組織の活動のあり方は大きく変わり、国際安全保障や紛争解決における役割も拡大した。この新たな承認によって、民間軍事会社は主流の安全保障体制の中で活動できるようになり、防衛政策における同機構の柔軟で先を見据えた姿勢を示している。"
ReportData,0x0100006500000E5B,Turn05_ATO_WarnsRiziaKingdom,ReportProperties.Title,リジアの領有権主張が続く中、アルカシア条約機構が和平を仲介　レスピアが調停役に
ReportData,0x0100006500000E5B,Turn05_ATO_WarnsRiziaKingdom,ReportProperties.Description,"リジアがアウレウス・ガス田に対する領有権を主張し、パレスに圧力をかけることで緊張が高まる中、アルカシア条約機構はこの地域の安定が乱される可能性について警告する注意喚起を発表した。この注意喚起は、同機構が加盟国の経済的・戦略的利益を守るという決意と共に出されたものである。

アルカシア条約機構の主要なメンバーであり、エネルギー業界における大手企業であるレスパワー社の本拠地でもあるレスピアが、この紛争の調停に乗り出し、収益性の高いガス田を巡って発生しうる不安定化要因となる衝突を回避しようとしている。特にレスピアが関与していることを踏まえたアルカシア条約機構のこの紛争に対する姿勢は、同機構が自らの戦略的利益を守る意欲と、地域的緊張を管理するための外交能力を有していることを示している。

この積極的な外交介入と関わる経済的利害は、アウレウス・ガス田が地理的政治的バランスを維持する上でいかに重要な資産であるかを浮き彫りにしている。"
ReportData,0x010000640000CA29,Turn05_Benfi_InfraAtCapacity,ReportProperties.Title,ベンフィでインフラがフル稼働中
ReportData,0x010000640000CA29,Turn05_Benfi_InfraAtCapacity,ReportProperties.Description,賑やかな都市ベンフィでは、物流量と観光客の増加により空港や港の施設が限界まで利用されているため、インフラ面での課題に直面している。この状況は、需要の増加に対応しつつ遅延や混乱を引き起こさないかという懸念を高めている。問題解決のため、インフラの拡張と近代化が検討されている。
ReportData,0x010000460001A9B0,Turn05_Benfi_RadicalEditorSuspect,ReportProperties.Title,『ラディカル』紙の編集長、テロリスト支援の疑いで捜査される
ReportData,0x010000460001A9B0,Turn05_Benfi_RadicalEditorSuspect,ReportProperties.Description,"ソードランドの情報機関によると、『ラディカル』紙の有名なジャーナリストでコラムニストでもあるジョン・ダンダーンは、テロ組織「赤旗青年団」のために活動している疑いがあるとのことだ。

報告書によれば、ダンダーンは継続的に反政府的な記事を掲載し、国家機密に関する報道を何度も試みてきた。さらに過去には「赤旗青年団」を公然と支持し、マレニエフ主義の理念を宣伝していた。"
ReportData,0x0100009D00000202,Turn05_Benievon_OdeToTorasFilm,ReportProperties.Title,『トラスへの賛歌』映画、製作を終了
ReportData,0x0100009D00000202,Turn05_Benievon_OdeToTorasFilm,ReportProperties.Description,RNCが従来の選挙運動手法を脱却しようとする取り組みの一環として、ここ数週間で『オード・トゥ・トラス』という新たな選挙用映画が制作され、ベニエヴォンの美しい丘陵地帯がその風景の背景となっている。この映画は選挙を控えた最終週に初公開され、全国の映画館で無料で上映される見込みだ。
ReportData,0x0100009D0000022A,Turn05_Bronaz_RPPCampaignEnd,ReportProperties.Title,RPP、ブロナズで選挙運動を終了
ReportData,0x0100009D0000022A,Turn05_Bronaz_RPPCampaignEnd,ReportProperties.Description,華やかな集会をもって、RPPは選挙運動を終了した。ブロナズで運動を終えるという決定は、創造的でユニークな選挙運動の証であり、リジア・インペリイとブレナスの境界に位置するこの小さな都市が選ばれたことには大きな象徴的意味がある。
ReportData,0x010000460001A974,Turn05_Conriat_UCBase,ReportProperties.Title,コンタナ連合、コンリアト基地へのアクセス確保
ReportData,0x010000460001A974,Turn05_Conriat_UCBase,ReportProperties.Description,コンリアト海軍基地において、近い将来コンタナ連邦船の受け入れを行うため港の拡張と海軍基地の警備体制再編の準備が始まった。コンタナの治安・物流専門家らが既に同基地に招かれ、ソードランド側の職員と共に業務にあたっている。
ReportData,0x0100006500000DDB,Turn05_CSP_BansPMCs,ReportProperties.Title,コンタナ条約機構、PMC禁止で主権を主張
ReportData,0x0100006500000DDB,Turn05_CSP_BansPMCs,ReportProperties.Description,"コンタナ条約機構は私設軍事会社を違法とし、領土内の安全維持にあたっては国家が管理する軍隊を最優先とし、それが不可能な場合に限り市民組織や革命勢力を補助的な手段として位置づけている。この同盟は国境の防衛における国家の能力と責任を強調し、必要な時には市民組織を民主主義の資産と見なす一方で、利益追求型の軍事組織に依存することはしない。

この禁止措置は領土内の法の支配を維持し、国家主権を強化することを目的としている。利益追求型の軍事行動と国家が国民に対して負う責任とを区別することで、この決定はアルカシア条約機構との思想的な相違を明確に示している。"
ReportData,0x0100006500000D9B,Turn05_CSP_DefendsTradeWar,ReportProperties.Title,コンタナ条約機構、リカ湾封鎖方針を堅持
ReportData,0x0100006500000D9B,Turn05_CSP_DefendsTradeWar,ReportProperties.Description,"ニビヤにおける指導部交代の後、コンタナ連邦・リカ艦隊は現状を踏まえてリカ湾の防衛を余儀なくされた。これは単なる封鎖ではなく、政治的干渉や攻撃的拡大主義に対する意思表示でもある。

この封鎖により世界貿易が一時的に混乱したかもしれないが、コンタナが地域の安定維持に向けて揺るぎない決意と献身を示していることは明らかだ。関税や禁輸措置を巡る対立が続く中でも、コンタナ条約機構は加盟国の利益を守るという決意で団結している。

リカ湾における変化しつつある地政学的状況は国際秩序に大きな影響を及ぼすため、コンタナ条約機構は引き続き状況を厳密に監視している。"
ReportData,0x010000460001A968,Turn05_CSP_UCCondemnsAid,ReportProperties.Title,コンタナ連合からの非難
ReportData,0x010000460001A968,Turn05_CSP_UCCondemnsAid,ReportProperties.Description,コンタナ連邦は、ソードランドとアルカシアの間の金融協定に対する不承認の意を表明した。議長のマレニエフは、大統領レインがアルカシア条約機構に東部メルコパの問題へ干渉させたことを非難した。アルカシアの帝国主義と見なす姿勢に断固として反対し、同議長はコンタナ条約機構の影響圏を守ると誓った。
ReportData,0x010000A30000078A,Turn05_Derdia_DerdiaANSupport_Given,ReportProperties.Title,最高賢者がANで我々を支援する
ReportData,0x010000A30000078A,Turn05_Derdia_DerdiaANSupport_Given,ReportProperties.Description,デルディアの大賢者であるヨルガ・アズマルは、アウレウス・ガス田を巡って間もなく開催される国際連盟の仲裁において我が国を支援することに合意した。また彼は、将来的に両国間の協力がさらに深まることを望んでいると述べた。
ReportData,0x010000A300000794,Turn05_Derdia_DerdiaANSupport_Rejected,ReportProperties.Title,最高賢者、ANにおいて我々への支援を拒否
ReportData,0x010000A300000794,Turn05_Derdia_DerdiaANSupport_Rejected,ReportProperties.Description,デルディアの大賢者であるヨルガ・アズマルは、アウレウス・ガス田を巡って間もなく開催される国際連盟の仲裁において我が国を支援することを拒否し、両国間の冷え込んだ関係をその理由として挙げている。
ReportData,0x010000460001A948,Turn05_Deyr_LockdownLifted,ReportProperties.Title,ロックダウン解除
ReportData,0x010000460001A948,Turn05_Deyr_LockdownLifted,ReportProperties.Description,"地域の総督は、ブルディア自由戦線のテロリストに対するソードランド警察部隊の作戦が終了した後、デイル市に敷かれていた封鎖を解除した。

警察の報告によると、100人以上のテロリストが殺害され、テロリストを支援または共謀したとして28500人が拘束された。ブルディア労働者党の活動も同市内で壊滅したと報じられている。総督は、デイルが非常に速やかに通常状態に戻るだろうと確信を示した。"
ReportData,0x0100006500005AE0,Turn05_Deyr_RegionalGrowthStagnates,ReportProperties.Title,デイルにおける地域の成長が停滞
ReportData,0x0100006500005AE0,Turn05_Deyr_RegionalGrowthStagnates,ReportProperties.Description,ベルギアでは経済の停滞が続き、地域の成長率が横ばいとなっている。さまざまな分野にある産業や企業が低迷した業績を報告しており、それが都市の経済的活力に影響を与えている。この景気後退は、同地域の経済的回復力と革新的な成長戦略の必要性について懸念を呼んでいる。
ReportData,0x010000510002FC7E,Turn05_Deyr_SuspectedCooperators,ReportProperties.Title,ベルギア総督、BFFの協力者が数百人いると報告
ReportData,0x010000510002FC7E,Turn05_Deyr_SuspectedCooperators,ReportProperties.Description,"ベルギアの総督フェリクス・ブロンは、デイルの内部に何百人ものブルディア自由戦線（BFF）の協力者が住んでおり、国家の安全に重大な脅威をもたらしていると疑っている。

この脅威に対処するため、総督は監視や情報収集の強化、さらにはその地域への追加的な治安部隊の配備を含む一連の措置を提案している。特別区の総督として与えられた特別な権限により、これらの措置の一部は中央政府の承認なしにベルギア内で実施することが可能だ。

また総督は、地域住民に対し疑わしい活動や人物の報告を奨励し、BFFメンバーの逮捕につながる情報提供に対して政府が報酬を与えるべきだと提案している。これらの提案された措置は市民の自由の侵害の可能性を懸念させるものであり、政府は総督の行動を密接に監視し、彼が特別区の総督としての権限を乱用しないようにすることが推奨される。"
ReportData,0x010000460001A980,Turn05_Deyr_WPBProtestBill,ReportProperties.Title,WPB、法案に抗議
ReportData,0x010000460001A980,Turn05_Deyr_WPBProtestBill,ReportProperties.Description,ブルディア労働者党のスポークスマンであるエジャルは、宗教調和法案に署名するという決定を非難し、新たに成立した法律に抗議するためデイル市で大規模な集会を開催した。この抗議活動には様々な政治運動から何千人もの人々が集まった。地元警察によると、状況を厳重に監視しており、現時点では暴力を扇動する試みは起きていないとのことだ。
ReportData,0x010000460001A970,Turn05_Erlory_ArcasianBase,ReportProperties.Title,アルカシア人のエルローリー基地へのアクセス
ReportData,0x010000460001A970,Turn05_Erlory_ArcasianBase,ReportProperties.Description,エルローリー空軍基地において、近い将来アルカシア製の航空機を受け入れるために格納庫を拡張し、同基地の警備体制を再編する準備が始まった。アルカシアの治安・物流の専門家たちが既に基地に招かれ、ソードランド側の職員らと共に作業にあたっている。
ReportData,0x010000460001A940,Turn05_Erlory_JudgesStrike,ReportProperties.Title,裁判官たちのストライキ
ReportData,0x010000460001A940,Turn05_Erlory_JudgesStrike,ReportProperties.Description,"エルローリーにある旧司法宮殿の前で、弁護士会の指導者たちと各地域から集まった多数の裁判官たちが、司法予算の削減に抗議するために集結している。

モルグナ大臣は、同僚たちと同様に懸念を抱いていると発表した。司法省は正式に声明を出し、すべての裁判官や判事たちに、混乱なく再編を進めるよう最善を尽くすと保証した。"
ReportData,0x010000460001A944,Turn05_Erlory_StoppedJudgesStrike,ReportProperties.Title,裁判官たちのストライキ
ReportData,0x010000460001A944,Turn05_Erlory_StoppedJudgesStrike,ReportProperties.Description,"エルローリーの旧司法宮殿前に、弁護士会の指導者たちと多数の裁判官が集まり、司法予算の削減に抗議した。

エルローリーの警察長官はストライキ参加者に解散するよう要求し、さもなければ強制措置を取ると警告したため、裁判官や弁護士たちは直ちに散会した。モルグナ大臣は、同僚たちと同様に懸念しており、誰も傷つかないことを願っていると発表した。この事件の後、司法省は正式な声明を出し、混乱なく再編を進めるため最善を尽くすと全ての裁判官や法官に約束した。"
ReportData,0x010000460001A9D0,Turn05_Erzaren_PoliceReport,ReportProperties.Title,警察の報告
ReportData,0x010000460001A9D0,Turn05_Erzaren_PoliceReport,ReportProperties.Description,ベルギアの治安部隊によると、週末に2600人の市民が警察に拘束されたとのことだ。彼らのほとんどはブルディア自由戦線と密接な関係があると見られている。テロ組織への所属有無を確認するため、今も尋問が続けられている。
ReportData,0x010000510002FC85,Turn05_Erzaren_ReligiousRallyAgainstSordland,ReportProperties.Title,ゴルコンド主義者たち、ソードランドに反対する集会を開催
ReportData,0x010000510002FC85,Turn05_Erzaren_ReligiousRallyAgainstSordland,ReportProperties.Description,"最近、ゴルコンド主義者たちによる宗教的集会が、ソードランドおよびその憲法に反対する政治的デモへと変質した。もともと平和的な集まりを目的としていたこの集会は、ゴルコンド主義者らが「不正で邪悪な政府」と見なす存在に対する抗議行動へと急速に発展した。

この宗派の指導者たちはこれらの考え方を信者たちに積極的に宣伝しており、信者たちもそのメッセージを受け入れている。政府にはゴルコンド主義者たちの活動を監視し、緊張や潜在的な暴力がさらに悪化するのを防ぐための適切な措置を講じるよう求められている。"
ReportData,0x010000640000CA51,Turn05_Estord_ForeignEnergyInvestments,ReportProperties.Title,エストードのエネルギー分野、外国投資家を引き付ける
ReportData,0x010000640000CA51,Turn05_Estord_ForeignEnergyInvestments,ReportProperties.Description,エストードのエネルギー分野では、エネルギー保護法の最近の改正を受けて外国からの投資が急増している。外国所有に関する規制緩和により新たな資本の流れが生まれ、国内のエネルギー産業が強化されている。この海外資本の流入は、エストードの経済成長にとって有望な見通しをもたらしている。
ReportData,0x0100006500005A97,Turn05_Estord_FormerBBBrigadierDead,ReportProperties.Title,元黒色大隊准将の死去
ReportData,0x0100006500005A97,Turn05_Estord_FormerBBBrigadierDead,ReportProperties.Description,エストードで、かつて黒色大隊の准将だった人物が死亡しているのが発見された。死因は現在調査中である。1930年代に軍内で重要な地位にいたこの准将にはNFPから多くの支持者がおり、彼の突然の死によって街中で騒動が起きている。
ReportData,0x010000460001A930,Turn05_Estord_GangViolenceIncreased,ReportProperties.Title,暴力団による犯罪が増加したとの報告
ReportData,0x010000460001A930,Turn05_Estord_GangViolenceIncreased,ReportProperties.Description,"警察予算の削減により、この地域の多くの警察署が規模を縮小せざるを得なくなった。スキナーとコラネッリ・カルテルの間で全面戦争が宣言されて以来、襲撃の破壊的な影響はますます大きくなっている。

警察に対する攻撃も日に日に大胆さを増している。内務省の報告によれば、ソル時代以降、警察内部の汚職率は倍増し、事態はさらに制御不能な状況へと悪化している。"
ReportData,0x010000460001A934,Turn05_Estord_GangViolenceReduced,ReportProperties.Title,暴力団による犯罪が減少したとの報告
ReportData,0x010000460001A934,Turn05_Estord_GangViolenceReduced,ReportProperties.Description,"内務省の報告によると、警察がスキナー・カルテルおよびコラネッリ・カルテルの供給チェーンを急襲した後、これらの組織の活動はその地域で縮小している。

内務省は「そうした作戦が実行可能だったのは、現政権から新たに投入された資源のおかげだ。それにより地元警察は内部調査を行い、腐敗した職員を排除し、犯罪ネットワークに関する情報を収集できるようになった」と述べている。"
ReportData,0x010000460001A9A4,Turn05_Estord_Unrest,ReportProperties.Title,抗議行動と略奪行為
ReportData,0x010000460001A9A4,Turn05_Estord_Unrest,ReportProperties.Description,"ナルギス地域では抗議活動と時折の略奪行為が続いている。警察によれば、大都市以外では暴力行為は大幅に減少し、状況はほぼ制御下にあるという。

エストード警察は、数名の過激派が抗議者たちの中に潜んでおり、厳重に監視されていると報告した。"
ReportData,0x0100009D000001E4,Turn05_FolceDator_RNCDominatesAirwaves,ReportProperties.Title,野党の指導者たち、リジアのラジオ局に対し苦情を申し立てる
ReportData,0x0100009D000001E4,Turn05_FolceDator_RNCDominatesAirwaves,ReportProperties.Description,アリアナ・トラス協会が所有するフォルチェ・ダトール内のリジア放送局本部において、数名のRPP関係者が集まり、放送界でRNCが享受している支配的地位に対して正式な抗議を行った。野党は、すべてのラジオが国家の管理下にあるため、選挙運動期間中にRPPの見解が伝えられる余地がないと主張している。一方、リジア放送局はこれまで通りRNCの広告を放送し続けると回答している。
ReportData,0x010000640000CD4C,Turn05_Holsord_CBRProposal,ReportProperties.Title,中央銀行、経済回復案を策定
ReportData,0x010000640000CD4C,Turn05_Holsord_CBRProposal,ReportProperties.Description,経済的被害を軽減するため、ホルソードの中央銀行は新たな提案に取り組んでいる。この計画には外貨準備の積み増し、慎重な財政政策の採用、輸出指向産業への支援強化といった数々の措置が含まれている。同銀行の取り組みは、ソードランドの経済を安定させるためのより広範な戦略において極めて重要な部分を占めている。
ReportData,0x010000460001A99C,Turn05_Holsord_EducationNegative,ReportProperties.Title,教育分野における否定的な報告
ReportData,0x010000460001A99C,Turn05_Holsord_EducationNegative,ReportProperties.Description,"教育省が複数の大学や専門学校への資金提供を削減したことで、学者や科学者、教師たちの間に大きな怒りが広がった。教育機関の大部分で行われる新たな運営上および組織上の変更により、教育水準が低下することになる。

学校で人員不足が生じ、学部が閉鎖されているという報告もある。ワルダ大臣は、ソードランドの熟練労働者や優秀な学生たちがより良い環境を求めて他地へ移っていると報告した。"
ReportData,0x010000460001A990,Turn05_Holsord_EducationReform,ReportProperties.Title,教育改革
ReportData,0x010000460001A990,Turn05_Holsord_EducationReform,ReportProperties.Description,"教育省の報告によると、教育制度の大規模な改革が順調に進行している。ソードランドの全学校が、市民権やソル主義、ナショナリズムを教える時間を削減するために協力している。教育における政治的洗脳を軽減するために大きな努力が払われている。

また、カリキュラムにも変更があり、教師と生徒の関係改善や批判的思考能力の育成への重点配置といった教育法上の改良が全国で始まっている。ワルダ大臣は、政治的な理由で改革を遅らせている学校はごくわずかで、多くの分野で着実な進展があったと報告している。"
ReportData,0x010000460001A994,Turn05_Holsord_EducationReform_NoFunds,ReportProperties.Title,教育改革
ReportData,0x010000460001A994,Turn05_Holsord_EducationReform_NoFunds,ReportProperties.Description,"教育省の報告によると、教育制度の大規模な改革は予想よりも進展が遅れている。ソードランドのごく少数の学校しか、市民権やソル主義、ナショナリズムを教える時間削減に協力していない。教育における政治的洗脳を軽減するため大きな努力が払われているものの、抵抗に遭っている。

カリキュラムで実施されるはずだったその他の変更や、教師と生徒の関係改善や批判的思考力育成といった教育方法上の改善も、人材不足と資金不足のため始動できていない。ワルダ大臣によれば、ほとんどの学校が政治的な理由から改革を先延ばしにしており、進展はごくわずかだという。"
ReportData,0x010000460001A760,Turn05_Holsord_FireInvestigationHold,ReportProperties.Title,HSUの火災調査が中止される
ReportData,0x010000460001A760,Turn05_Holsord_FireInvestigationHold,ReportProperties.Description,ホルソード国立大学の資料館で発生した火災に関する捜査ではこれ以上の証拠が得られていないため、警察およびSIDからの新たな指示が出るまで事件は一時停止されている。封鎖は解かれた。
ReportData,0x010000460001A9A0,Turn05_Holsord_HealthcareNegative,ReportProperties.Title,医療分野に関する否定的な報告
ReportData,0x010000460001A9A0,Turn05_Holsord_HealthcareNegative,ReportProperties.Description,"保健省は医療予算の削減により複数の病院を閉鎖し、何千人もの看護師や医師を解雇した。こうした変更によって医療サービスは大きな打撃を受け、待ち時間が長くなったほか、清掃スタッフが不足し、人口10万人あたりの病院数が少ない地域では病院が過密状態となった。

ベニウォル大臣は、医療制度が危機的状況にあると報告した。"
ReportData,0x010000460001A938,Turn05_Holsord_HealthPrivatizationDiscussion,ReportProperties.Title,保健省、民営化について協議
ReportData,0x010000460001A938,Turn05_Holsord_HealthPrivatizationDiscussion,ReportProperties.Description,保健省は、同省のための新たな資源を創出する可能性がある医療制度の民営化を提案した健康報告書の作成に取り組み始めている。ベニウォル大臣が、国民経済連盟のメンバーを含む側近たちと共に、この議論および報告書の作成を直接監督している。
ReportData,0x010000460001A9B4,Turn05_Holsord_HPEditorSuspect,ReportProperties.Title,ホルソード・ポストとソード青年団の関係
ReportData,0x010000460001A9B4,Turn05_Holsord_HPEditorSuspect,ReportProperties.Description,"警察長官カール・グライザーの報告によると、ソード青年団の支持者やそのテロ組織の元メンバー数名が現在、『ホルソード・ポスト』という新聞で働いているとのことだ。

調査が進行中である。"
ReportData,0x010000460001A988,Turn05_Holsord_InteriorIncreased,ReportProperties.Title,内務省からの報告
ReportData,0x010000460001A988,Turn05_Holsord_InteriorIncreased,ReportProperties.Description,"内務省の報告によると、予算の増額を受けて同省の再編が無事完了した。報告書によれば、予算の一部はソードランド北部で組織犯罪と戦う地方警察部隊に特別に割り当てられ、これらの部隊は既に犯罪との戦いで顕著な成果を上げている。

同省は、コラネッリおよびスキナーという二つの犯罪組織の主要な商業ネットワークが壊滅し、数名の高位幹部が逮捕されたと報告している。証人保護プログラムの実施により、ソードランド警察は近い将来これらの犯罪組織を根絶できると確信していると述べている。"
ReportData,0x010000460001A98C,Turn05_Holsord_JusticeIncreased,ReportProperties.Title,司法省からの報告
ReportData,0x010000460001A98C,Turn05_Holsord_JusticeIncreased,ReportProperties.Description,"司法省の報告によると、予算の増額を受けて同省の再編が無事完了した。報告書によれば、予算の大部分が下級裁判所の未処理事件の解消に特別に割り当てられ、既に状況の緩和に役立っている。  

さらなる取り組みとして、汚職との闘争、裁判官の廉潔性の維持、そして法の支配の強化が進められる。モルグナ大臣は、より利用しやすく効率的な裁判所の整備、情報公開キャンペーン、そして社会内の汚職根絶によって司法制度への信頼を回復させたいと述べている。"
ReportData,0x010000460001A920,Turn05_Holsord_L1CloseOpenTaurus,ReportProperties.Title,L-1鉄道、完成間近
ReportData,0x010000460001A920,Turn05_Holsord_L1CloseOpenTaurus,ReportProperties.Description,"ホルソードからラハベンまでを結ぶL-1鉄道はほぼ完成しており、開通に向けた最終準備が行われている。残念ながらタウルス・ホールディングとの間で労働者権利法を巡っていくつか問題が生じている。しかし、政府の断固とした対応により、このプロジェクトは予定通り完成する見込みだ。

ホルソードが同国最大の港であるラハベンと密接に結ばれることになるため、この地域の企業は大きな恩恵を受けると期待されており、すでに商品輸送のための鉄道輸送契約の交渉が行われている。"
ReportData,0x010000460001A928,Turn05_Holsord_L3NearCompletionUnderhall,ReportProperties.Title,L-1鉄道、完成間近
ReportData,0x010000460001A928,Turn05_Holsord_L3NearCompletionUnderhall,ReportProperties.Description,"ホルソードからラハベンまでを結ぶL-1鉄道はほぼ完成しており、開通に向けた最終準備が行われている。アンダーホール建設は契約上のすべての義務を期日通りに履行することを保証している。

ホルソードが同国最大の港であるラハベンと密接に結ばれようとしているため、この地域の企業は大きな利益を得られる見込みであり、すでに商品輸送のための鉄道輸送契約の交渉を行っている。"
ReportData,0x010000460001A918,Turn05_Holsord_NegativeApproval,ReportProperties.Title,大統領の支持率低下
ReportData,0x010000460001A918,Turn05_Holsord_NegativeApproval,ReportProperties.Description,新たな支持率調査の結果、大統領の支持率が25％を下回る水準にまで落ち込んだことが明らかになった。ソードランド全地域から1000人の回答者を対象に実施された様々な調査において、我々政権の業績は広く疑問視されている。
ReportData,0x010000460001A91C,Turn05_Holsord_PositiveApproval,ReportProperties.Title,大統領の支持率が上昇
ReportData,0x010000460001A91C,Turn05_Holsord_PositiveApproval,ReportProperties.Description,"新たな支持率調査の結果、大統領の支持率が50％を超える水準に達したことが明らかになった。ソードランドの各地域から1,000人の回答者を対象に実施された多様な調査により、我々政権の優れた業績が裏付けられている。"
ReportData,0x010000460001A9DC,Turn05_Holsord_ReformStatus_Both,ReportProperties.Title,改革の進捗状況
ReportData,0x010000460001A9DC,Turn05_Holsord_ReformStatus_Both,ReportProperties.Description,ルシアン・ガラドの報告によると、現在までにこの提案に対して合計142件の署名を集めることができたという。さらなる支持拡大のため努力が続けられており、150件に達するよう必要なメンバーへの働きかけも行われている。
ReportData,0x010000460001A9D8,Turn05_Holsord_ReformStatus_GloriaAlbin,ReportProperties.Title,改革の進捗状況
ReportData,0x010000460001A9D8,Turn05_Holsord_ReformStatus_GloriaAlbin,ReportProperties.Description,ルシアン・ガラドの報告によると、現在までにこの提案に対して合計121件の署名を集めることができたという。さらなる支持拡大のため努力が続けられており、150件に達するよう必要なメンバーへ働きかけが行われている。
ReportData,0x010000460001A9D4,Turn05_Holsord_ReformStatus_None,ReportProperties.Title,改革の進捗状況
ReportData,0x010000460001A9D4,Turn05_Holsord_ReformStatus_None,ReportProperties.Description,ルシアン・ガラドの報告によると、現在までにこの提案に対して合計96件の署名が集まっている。さらなる支持を得て150件に達するため、必要なメンバーへ働きかける取り組みが進行中である。
ReportData,0x010000A100002DEF,Turn05_Iza_Decision_SocialWelfareSpending_Employment,ReportProperties.Title,市内各所に移民向け職業紹介所が急増
ReportData,0x010000A100002DEF,Turn05_Iza_Decision_SocialWelfareSpending_Employment,ReportProperties.Description,政府が移民の就職支援を目的とした計画の一環として、イザ全土に特別な職業紹介所が設置されている。一方で、求人が埋まりにくい分野において、雇用主たちが非リジア出身者の採用を促されている。
ReportData,0x010000A100002DE5,Turn05_Iza_Decision_SocialWelfareSpending_Food,ReportProperties.Title,食糧支援が始まり、数千人が列をなす
ReportData,0x010000A100002DE5,Turn05_Iza_Decision_SocialWelfareSpending_Food,ReportProperties.Description,イザの街中では、食料供給プログラムが始動すると長い列ができる光景が見られた。市内で最も貧しく、多様性に富んだ地域に食料銀行や大規模な食堂が設置され、最も弱い立場にある人々の食料購入にかかる経済的負担を軽減した。
ReportData,0x010000A100002E03,Turn05_Iza_Decision_SocialWelfareSpending_Integration,ReportProperties.Title,文化的統合講座、関心を集める
ReportData,0x010000A100002E03,Turn05_Iza_Decision_SocialWelfareSpending_Integration,ReportProperties.Description,リジアの価値観や文化的伝統を移民たちに教えることを目的とした講座には多くの人々が集まっており、我が国の素晴らしい文化伝統について学ぼうとする意欲を持つ者が大勢いる。
ReportData,0x010000A100002DF9,Turn05_Iza_Decision_SocialWelfareSpending_Language,ReportProperties.Title,統合を支援する言語学校
ReportData,0x010000A100002DF9,Turn05_Iza_Decision_SocialWelfareSpending_Language,ReportProperties.Description,イザ全土に言語学校が次々と開設されており、必要な書類を提出できない人々を含む市内の住民全員が無料で利用できる。関心は非常に高く、将来的に市内の移民層の間でリジア語の知識が大幅に増えることが期待されている。
ReportData,0x0100009D00000234,Turn05_Iza_PreElectionRiots,ReportProperties.Title,移民集団とスー・オミナの衝突により暴動が発生
ReportData,0x0100009D00000234,Turn05_Iza_PreElectionRiots,ReportProperties.Description,イザの市中心部で一晩にわたり暴動が続いた結果、多数の負傷者と数百人の逮捕者が出るという状況となった。移民権利団体はスー・オミナの選挙前集会に対抗するデモを組織しており、その際、過激な民族主義集団は非リジア系住民に市民権を与えるという王室の決定を繰り返し非難した。集会の後、スー・オミナ支持者たちが反対デモ参加者を攻撃した。ついに明け方頃に秩序が回復した。
ReportData,0x0100009D000001A4,Turn05_Iza_RPPCampaignStarts,ReportProperties.Title,RPP、イザを黄色の海に変える
ReportData,0x0100009D000001A4,Turn05_Iza_RPPCampaignStarts,ReportProperties.Description,ここ数日間、イザの街中は何千もの黄色い旗や黄色い服を着た人々で溢れかえっており、マヌス・サゾンによる演説と、RPPの選挙運動の新しいマスコットである「民主主義の亡霊」による芸術表演が行われた集会をもってその頂点に達した。この独特な力の誇示により、RPPは強力かつ印象深い選挙運動を展開する基盤を築いたのである。
ReportData,0x0100009D0000020C,Turn05_Iza_SuOminaEndorsesRNC,ReportProperties.Title,スー・オミナ、RNC投票を呼びかける
ReportData,0x0100009D0000020C,Turn05_Iza_SuOminaEndorsesRNC,ReportProperties.Description,過激な民族主義団体スー・オミナはRNCへの支持を表明し、支持者たちに国王派政党に投票するよう呼びかけている。さらに、この組織は選挙日に投票所を、自らが「外国勢力」と呼ぶ存在から守る意向を明らかにしている。
ReportData,0x0100009D000001DA,Turn05_Iza_ThousandsToVoteForFirstTime,ReportProperties.Title,25万人が初めて投票へ
ReportData,0x0100009D000001DA,Turn05_Iza_ThousandsToVoteForFirstTime,ReportProperties.Description,投票年齢に達した若い人口と、政府が実施している外国人向けの大規模な帰化プログラムが重なった結果、今回の選挙では約25万人もの市民が初めて投票所に足を運ぶ見込みである。これは選挙管理委員会にとって甚大な課題となり、彼らは投票日までにすべてを整えるために慌ただしく動いている。
ReportData,0x010000520002EC1B,Turn05_Iza_WehzekRightsCelebration_NoOppression,ReportProperties.Title,リトル・ヴラクロヴィッツで街頭祭り、新たなヴェゼク人の権利法を祝う
ReportData,0x010000520002EC1B,Turn05_Iza_WehzekRightsCelebration_NoOppression,ReportProperties.Description,イザのリトル・ヴラクラヴィッツ集落の住民たちは、リジアに居住するヴェーレンの市民たちに与えられた新たな権利を祝い、自発的に街頭パーティーを開催した。雰囲気はお祭り騒ぎのようで、暴力やフーリガン行為がほとんど報告されなかった。
ReportData,0x0100005200032746,Turn05_Iza_WehzekRightsCelebration_PoliceOppression,ReportProperties.Title,警察、リトル・ヴラクラヴィッツ通りでのパーティーを解散させる
ReportData,0x0100005200032746,Turn05_Iza_WehzekRightsCelebration_PoliceOppression,ReportProperties.Description,イザのリトル・ヴラクラウィッツ集落の住民たちは、リジアのヴェゼク市民に与えられた新たな権利を祝う自発的な街頭パーティーを開催した。しかし、最近拡充されたイザ警察はリコ・トラス公爵の命令により早々とその行事を終わらせ、参加者たちを脅して解散させた。
ReportData,0x010000980001293A,Turn05_Iza_WehzekRightsCelebration_SOOppression,ReportProperties.Title,スー・オミナにより小ワルクラヴィッツ通りの集会が中断される
ReportData,0x010000980001293A,Turn05_Iza_WehzekRightsCelebration_SOOppression,ReportProperties.Description,イザのリトル・ヴラクラウィッツ集落の住民たちは、リジアのヴェゼク市民に与えられた新たな権利を祝う自発的な街頭パーティーを開催した。しかし、スー・オミナのメンバーたちがその祭りを妨害し、参加者たちを脅して解散させた。
ReportData,0x010000650000514F,Turn05_Kyrute_EmphasizesNeutrality,ReportProperties.Title,イノス・アドリウメル首相、中立の維持を強調
ReportData,0x010000650000514F,Turn05_Kyrute_EmphasizesNeutrality,ReportProperties.Description,イノス首相は、超大国連合による影響力行使の試みが続く中で、ソードランドの主権を公に支持している。中立姿勢を保つキルートは、ソードランド人が独立した意思決定を行うことの重要性を強調し、国内問題における平和・安定・自律を訴えている。
ReportData,0x010000460001A95C,Turn05_Lachaven_EconomyAutocrat,ReportProperties.Title,経済報告
ReportData,0x010000460001A95C,Turn05_Lachaven_EconomyAutocrat,ReportProperties.Description,統計省は経済省および中央銀行と共に初期の経済状況報告書をまとめ、非常事態が市場に大きな混乱をもたらしていることを明らかにした。不況は深刻化しており、真剣な対策を講じなければ金融システムは崩壊の危機に直面するだろう。ホル大臣は状況が極めて危険であると述べた。
ReportData,0x010000460001A958,Turn05_Lachaven_EconomyBad,ReportProperties.Title,経済報告
ReportData,0x010000460001A958,Turn05_Lachaven_EconomyBad,ReportProperties.Description,統計省は経済省および中央銀行と共に初期の経済状況報告書をまとめ、景気後退が深刻化しており、真剣な対策を講じなければ金融システムが崩壊する危機に直面していると明記した。ホル大臣はこの状況が極めて危険だと述べた。
ReportData,0x010000460001A950,Turn05_Lachaven_EconomyGood,ReportProperties.Title,経済報告
ReportData,0x010000460001A950,Turn05_Lachaven_EconomyGood,ReportProperties.Description,統計省は経済省および中央銀行と共に初期の経済状況報告書を公表し、景気後退が大幅に緩和していること、そして現在の進展が維持されれば体制が間もなく安定に達する見込みであると詳述した。ホル大臣は好転の兆しがあるとしつつ、さらなる取り組みが必要だと述べた。
ReportData,0x010000460001A94C,Turn05_Lachaven_EconomyGreat,ReportProperties.Title,経済報告
ReportData,0x010000460001A94C,Turn05_Lachaven_EconomyGreat,ReportProperties.Description,統計省は経済省および中央銀行と共に初期の経済状況報告書を提出し、景気後退が事実上終結し、現在の進展が維持されればわずかな経済成長が再び国に戻ってくるだろうと詳述した。ホル大臣は好転の兆しがあると述べた。
ReportData,0x010000460001A954,Turn05_Lachaven_EconomyOkay,ReportProperties.Title,経済報告
ReportData,0x010000460001A954,Turn05_Lachaven_EconomyOkay,ReportProperties.Description,統計省は経済省および中央銀行と共に初期の経済状況報告書をまとめ、景気後退が続いており、真剣な対策を講じなければ短期内に安定状態に戻る見込みはないと詳述した。ホル大臣はその兆候が悪化していると述べた。
ReportData,0x010000460001A93C,Turn05_Lachaven_EducationPrivatizationResult,ReportProperties.Title,教育分野における民営化
ReportData,0x010000460001A93C,Turn05_Lachaven_EducationPrivatizationResult,ReportProperties.Description,"教育省の新たな民営化計画が本格的に推進されており、入札を経て買い手が決定した後、最初の12校の公立学校が既に利益追求型組織へと移行した。  

教育大臣のキアラ・ワルダは、全施設のごくわずかな割合のみが移行を許可されると述べた。同省はこの取り組みによって多額の民間資金を調達する見込みだ。"
ReportData,0x010000640000CA19,Turn05_Lachaven_ForeignEnergyInvestments,ReportProperties.Title,海外からのエネルギー投資が急増
ReportData,0x010000640000CA19,Turn05_Lachaven_ForeignEnergyInvestments,ReportProperties.Description,エネルギー保護法の最近の改正を受けて、ラハベンでは外国によるエネルギー投資が増加している。緩和された外国所有規制により海外資本の進出が促進され、地元産業に新たな活力がもたらされている。この外国投資の急増は、ラハベンのエネルギー分野およびその経済的将来にとって好ましい兆候である。
ReportData,0x010000460001A924,Turn05_Lachaven_H3CloseOpenTaurus,ReportProperties.Title,H-3高速道路、完成間近
ReportData,0x010000460001A924,Turn05_Lachaven_H3CloseOpenTaurus,ReportProperties.Description,"ラハベンからアルヴォリーまでを結ぶH-3高速道路はほぼ完成し、開通に向けた最終準備が行われている。残念ながらタウルス・ホールディングとの間で労働者権利法を巡っていくつか問題が生じているが、政府の断固とした対応により計画は期日通り完成する見込みだ。

アルヴォリーが大規模な高速道路を通じて国内最大の港であるラハベンと結ばれることにより、この地域の住民は仕事や福祉、その他のサービスへのアクセスが向上すると期待されている。またH-3高速道路はアグノリアとの貿易関係も改善させるだろう。"
ReportData,0x010000460001A92C,Turn05_Lachaven_H3NearCompletionUnderhall,ReportProperties.Title,H-3高速道路、完成間近
ReportData,0x010000460001A92C,Turn05_Lachaven_H3NearCompletionUnderhall,ReportProperties.Description,"ラハベンからアルヴォリーまでを結ぶH-3高速道路はほぼ完成しており、開通に向けた最終準備が行われている。アンダーホール建設は契約上のすべての義務を期日通りに履行することを保証している。

アルヴォリーが近代的な大規模高速道路を通じてラハベンにある国内最大の港と結ばれることになるため、この地域の住民は仕事や福祉、その他のサービスへのアクセスが向上する見込みだ。またH-3高速道路によりアグノリアとの貿易関係も強化される。"
ReportData,0x010000460001A960,Turn05_Lachaven_MarketCrash,ReportProperties.Title,株価暴落
ReportData,0x010000460001A960,Turn05_Lachaven_MarketCrash,ReportProperties.Description,今日、ブラック・ツーズデーにより全国で金融崩壊が起こり、その影響はすぐにラハベンでも現れており、店舗は閉店する一方で、物価が急速に3倍に上昇した状況に慌てて対応している。この危機による大規模なパニックの中で、何千人もの人々が必要な物資を買うために店舗の前で列を作って待っている姿が見られた。金融面での悪影響は今や社会のあらゆる側面に及んでいる。
ReportData,0x010000460001A9A8,Turn05_Lachaven_NoUnrest,ReportProperties.Title,ナルギスに平穏が戻る
ReportData,0x010000460001A9A8,Turn05_Lachaven_NoUnrest,ReportProperties.Description,過去数週間に見られた抗議行動や偶発的な略奪行為は、ナルギス地方、特にラハベン市ではもはや起きていない。ラハベン警察によると、地域全体でまだいくつか小規模な抗議が続いているものの、現在は状況が収束しているとのことだ。
ReportData,0x010000460001A964,Turn05_Lachaven_TradeWar,ReportProperties.Title,国際貿易戦争
ReportData,0x010000460001A964,Turn05_Lachaven_TradeWar,ReportProperties.Description,ニビヤでの対立とそれに続く全船舶への海上封鎖により、ソードランドの経済を支える貿易や生産物の供給が大規模に乱れている。ラハベンでは港で、予定されていた数百隻もの船が到着しなかったことから即座の影響が現れた。この重要な物流供給網の崩壊が大規模な経済後退を引き起こしている。
ReportData,0x010000460001A9AC,Turn05_Lenkurg_Unrest,ReportProperties.Title,暴徒らが逮捕される
ReportData,0x010000460001A9AC,Turn05_Lenkurg_Unrest,ReportProperties.Description,過去数週間にわたって起きていた抗議行動や散発的な略奪行為は、レンクルグ市ではすでに収まっている。レンクルグ警察の報告によれば、現在状況は制御下にあり、事態を鎮圧する過程で数千人が逮捕されたという。
ReportData,0x010000460001B673,Turn05_Lespia_CondemnsUCAid,ReportProperties.Title,レスピア、コンタナ連邦基地を懸念
ReportData,0x010000460001B673,Turn05_Lespia_CondemnsUCAid,ReportProperties.Description,アルバレス首相は、ソードランドがコンタナ連合からの財政支援を受け入れたことを非難した。同首相は、ソードランドがコンタナ連合がメルコパ大陸での影響力拡大の足掛かりを得るようにした責任があると指摘した。
ReportData,0x010000460001B67B,Turn05_Lespia_CondemnsWehlenDeal,ReportProperties.Title,レスピア、ヴェーレンとの協力を非難
ReportData,0x010000460001B67B,Turn05_Lespia_CondemnsWehlenDeal,ReportProperties.Description,"アルバレス首相は、ヴェーレン北部でヴェゼクとソードランド人がブルディア分離主義者に対して行った共同軍事作戦を非難した。同首相はソードランドとヴェーレンが攻撃的かつ非外交的な態度を取っていると責め、この作戦の中止を我々に求めた。

またアルバレス首相は、「自分の心はこの地域のすべての無実のブルディア民衆と共にある」と述べ、彼らにとって「希望が決して消えることはない」と語った。"
ReportData,0x0100009D00000220,Turn05_Monqiz_RNCCampaignEnd,ReportProperties.Title,RNC、モンキズで選挙運動を終了
ReportData,0x0100009D00000220,Turn05_Monqiz_RNCCampaignEnd,ReportProperties.Description,RNCの選挙運動の終わりを告げるのは、選挙運動の始まりとあまり変わらない規模の大規模集会であり、数万人もの支持者がRNCの拠点であるモンキズに集結し、圧倒的な力の誇示をもって選挙運動を締めくくった。
ReportData,0x010000980001C980,Turn05_Montaklar_AntiMonarchyProtests,ReportProperties.Title,モンタクラルにおける反君主制抗議活動
ReportData,0x010000980001C980,Turn05_Montaklar_AntiMonarchyProtests,ReportProperties.Description,モンタクラルでは、組織的な座り込みを特徴とする市民不服従が起こり、参加者たちは貧富の差を解消するための経済改革を要求した。
ReportData,0x010000C100000036,Turn05_Montaklar_ArmsExhibitionInLespia,ReportProperties.Title,カルロス・アザロ将軍、レスピアでの兵器展示会から帰還
ReportData,0x010000C100000036,Turn05_Montaklar_ArmsExhibitionInLespia,ReportProperties.Description,"カルロス・アザロ将軍は少数の側近を連れて、レスピアのカナビ展示センターで開催された兵器産業・装備展に出席し、そこでは最新の軍事技術の進歩が披露された。

訪問を終えたアザロ将軍はリジアに戻り、国王陛下のための詳細な報告書の作成に取り組んでいる。この報告書には展示会から得られた主要な知見がまとめられ、リジアの防衛戦略への応用可能性が強調される見込みだ。"
ReportData,0x010000C10000002F,Turn05_Montaklar_CarlosHomeVisit,ReportProperties.Title,カルロス・アザロ将軍、王室の別荘を訪問
ReportData,0x010000C10000002F,Turn05_Montaklar_CarlosHomeVisit,ReportProperties.Description,"カルロス・ロブレス・アザロ将軍は最近、カルデス＝モンタクラルにあるアザロ家の屋敷を訪れ、まだ脳卒中の後遺症から回復中であるタデウス・アザロ将軍と会談した。

情報筋によると、カルロス将軍とタデウス将軍は非公開の議論を行い、おそらくリジアが直面する現在の安全保障上の課題や戦略的優先事項について話し合ったものと思われる。健康状態は依然として不安定なものの、タデウス将軍は引き続き軍事面で影響力のある人物であり、一方カルロス将軍は地域全体の安定を確保する上で重要な役割を担い続けている。"
ReportData,0x010000C10000000B,Turn05_Montaklar_CarlosVisitsMemorial,ReportProperties.Title,カルロス・アザロ将軍、開拓戦争記念館を訪問
ReportData,0x010000C10000000B,Turn05_Montaklar_CarlosVisitsMemorial,ReportProperties.Description,"カルロス・ロブレス・アザロ将軍は、回復戦争で命を落とした兵士たちを追悼するため、南国境付近にある霊廟を厳粛に訪れた。包囲された旅団で唯一生き残った将校として、この瞬間は彼にとって極めて深い個人的意義を持っていた。

彼が追悼碑の前に花輪を捧げ、戦死した仲間たちの名前の前で静かに立っている間、王室楽団は悲しげな賛美歌を奏でていた。"
ReportData,0x0100009D000001C0,Turn05_Montaklar_RNCFlyerCampaign,ReportProperties.Title,RNC、モンタクラルの支持獲得を目指す
ReportData,0x0100009D000001C0,Turn05_Montaklar_RNCFlyerCampaign,ReportProperties.Description,RNCは大規模なチラシ配布キャンペーンを展開し、すべての家庭にリーフレットを届けることで、モンタクラルにおける支持を確保しようとしている。アザロが統治する地域で最大の都市であり、伝統的に王党派に投票してきたものの人口構成がますます多様化しているため、同党にとって選挙戦において極めて重要な拠点と見なされている。
ReportData,0x010000A300000256,Turn05_Montaklar_TaddeusReturnsHome,ReportProperties.Title,タデウス・アザロ、病院から退院
ReportData,0x010000A300000256,Turn05_Montaklar_TaddeusReturnsHome,ReportProperties.Description,アザロ将軍は脳卒中のため長期間病院にいた後、故郷に戻ってきた。一家の家長は依然として痙攣に苦しんでいるが、これからはモンタクラルにあるアザロ家の宮殿で回復に専念することになる。
ReportData,0x010000A100002A76,Turn05_Morella_DemandsZilleReturn,ReportProperties.Title,モレラ、ジルの早期返還を強く求める
ReportData,0x010000A100002A76,Turn05_Morella_DemandsZilleReturn,ReportProperties.Description,ヴェーレンの大統領に宛てた公式な外交文書の中で、アルマ・サルタナ首相はこれまでの合意を尊重すべきだと述べ、ジルを速やかにリジアに返還するよう強く求めた。モレラの首相もまた、自国政府はヴェーレンがこのプロセスを引き延ばそうとするあらゆる試みに反対し、もしヴェゼクが併合されれば厳しい制裁が科せられるだろうと述べた。
ReportData,0x0100005200023A99,Turn05_Morella_EmergencyITZBoardMeeting,ReportProperties.Title,サルタナ首相、緊急のMITZ理事会会議を召集
ReportData,0x0100005200023A99,Turn05_Morella_EmergencyITZBoardMeeting,ReportProperties.Description,最近の国際連盟におけるメフティエム国際貿易区に関する議論を受けて、モレラの首相であるアルマ・サルタナは、モレラ、リジア、レスピア、ヴァルグスランドの間で開催される次回利害関係者会合の日時を前倒しにした。我々はMITZの国有化およびそれに代わる可能性のある方案について意見を述べることが求められている。
ReportData,0x010000A300000238,Turn05_Morella_MITZ_NationalizationInvite,ReportProperties.Title,モレラ、国有化について協議するためMITZメンバーを招く
ReportData,0x010000A300000238,Turn05_Morella_MITZ_NationalizationInvite,ReportProperties.Description,モレラは、国有化計画について協議するため、リジアを含むMITZの全参加国に正式な招待状を送付した。会談はモレラの首都カヴェットで開催される。
ReportData,0x010000A300000242,Turn05_Morella_MITZ_RenegotiationInvite,ReportProperties.Title,モレラ、貿易地域の再交渉についてMITZメンバーを招く
ReportData,0x010000A300000242,Turn05_Morella_MITZ_RenegotiationInvite,ReportProperties.Description,モレラは、リジアを含むMITZの全参加国に対し、既存の協定を再交渉するための正式な招待状を送付した。交渉はモレラの首都カヴェットで行われる予定だ。
ReportData,0x010000520002EC26,Turn05_Morella_PipelineConstructionBegins,ReportProperties.Title,リジア・モレラ間のエネルギーパイプライン建設が開始される
ReportData,0x010000520002EC26,Turn05_Morella_PipelineConstructionBegins,ReportProperties.Description,アルマ・サルタナ首相との合意に基づき、リジアからモレラの首都カヴェットへエネルギーを供給するパイプラインの初期建設が開始された。この工事は最大で2年間かかる見込みだ。
ReportData,0x010000520002EC31,Turn05_Morella_PollutionCleanupWork,ReportProperties.Title,アルフェルデの復興が本格的に始まる
ReportData,0x010000520002EC31,Turn05_Morella_PollutionCleanupWork,ReportProperties.Description,リジアの資金援助により、「アルフェルデを救う」協会は、汚染されたアルフェルデ川流域の復元のため大規模な取り組みを開始した。その取り組みには、水処理施設の建設、植林運動、そして地域住民向けの啓発キャンペーンなどが含まれており、川の長期的な持続可能性と文化的意義を守ることを目的としている。
ReportData,0x010000520004818E,Turn05_Morella_SatisfiedWithDeal,ReportProperties.Title,サルタナ、MITZ協定への支援を約束
ReportData,0x010000520004818E,Turn05_Morella_SatisfiedWithDeal,ReportProperties.Description,アルマ・サルタナ首相との交渉の結果、最終的な取締役会での投票が行われる際にはMITZ協定の最新案を支持するという拘束力のない約束を彼女から受け取った。
ReportData,0x01000052000481A8,Turn05_Morella_UnsatisfiedWithDeal,ReportProperties.Title,サルタナ、MITZ交渉の失敗に遺憾の意を表明
ReportData,0x01000052000481A8,Turn05_Morella_UnsatisfiedWithDeal,ReportProperties.Description,アルマ・サルタナ首相との交渉の結果、MITZに関する最終案で合意に至れなかったことを遺憾に思うとの声明が寄せられた。彼女は引き続き貿易区の他のパートナーたちと話し合いを進めており、最終的な理事会投票の際には我々の協力を得られることを期待している。
ReportData,0x010000460001A9CC,Turn05_Narbel_DetainReport,ReportProperties.Title,逮捕報告
ReportData,0x010000460001A9CC,Turn05_Narbel_DetainReport,ReportProperties.Description,警察長官のカール・グライザーによると、国家安全保障上の脅威に対する取り締まりに関連してナルベルで1000人以上が逮捕されたとのことだ。報告書によれば、ナルベル及び周辺地域の状況は警察の支配下にある。
ReportData,0x010000640000CDAC,Turn05_Narbel_GasomBranchDownsizes,ReportProperties.Title,ナルベルのガソム支社で人員削減が発表された
ReportData,0x010000640000CDAC,Turn05_Narbel_GasomBranchDownsizes,ReportProperties.Description,ナルベルのガソム支社は、先ごろ事業の縮小を発表した。業務の効率化を狙った決定ではあるが、現在の従業員の間には不安が広がっている。この措置がナルベルの地域経済とガソムの今後に与える影響が注視されている。
ReportData,0x010000640000CA21,Turn05_Narbel_GasomBranchExpands,ReportProperties.Title,ガソムのナルベル支社、拡張予定
ReportData,0x010000640000CA21,Turn05_Narbel_GasomBranchExpands,ReportProperties.Description,他の地域で報じられている縮小のニュースとは対照的に、ガソムのナルベル支社は拡大計画を明らかにした。企業の回復力を示す有望な兆候と見なされているこの動きは、ナルベルの地域経済を活性化させ、新たな雇用機会を創出するものと期待されている。この決定は、このエネルギー大手企業の回復過程における重要な転換点となる。
ReportData,0x0100009D000001CA,Turn05_Nelvisar_OilFieldWorkersMobiliseForRPP,ReportProperties.Title,元石油労働者たち、RPPの結成を目指して団結
ReportData,0x0100009D000001CA,Turn05_Nelvisar_OilFieldWorkersMobiliseForRPP,ReportProperties.Description,RPPは元ネルヴィサル油田の労働者たちの中に予想外の同盟相手を見出した。先住民が大多数を占める小さなリジア人の村は伝統的にRNC支持の拠点であったが、最近王政による労働者権利の無視や油田閉鎖に伴う職を失ったことで、多くの住民が政治変革の必要性を訴える労働者たちの主張に影響され、その忠誠心に亀裂が生じているようだ。
ReportData,0x010000A30000024C,Turn05_Pales_EnvoySent,ReportProperties.Title,リジアの使者がパレスに到着
ReportData,0x010000A30000024C,Turn05_Pales_EnvoySent,ReportProperties.Description,パレスへ向かうリジアの使節団を率いる外交官マルクス・リールフェルが、ガス取引の最終調整について交渉を行う。経験豊富なこの交渉者は過去にリジアの貴族間の様々な紛争解決を手伝ってきたため、今回の交渉を主導するのに十分な能力があると評価されている。彼はまた、現在この任務を遂行できない有名な外交官セドリック・リールフェルの兄弟でもある。
ReportData,0x010000980001C97C,Turn05_PortDrazon_AntiMonarchyProtests,ReportProperties.Title,ポルテ・ドラゾンにおける反君主制デモ：
ReportData,0x010000980001C97C,Turn05_PortDrazon_AntiMonarchyProtests,ReportProperties.Description,ポルテ・ドラゾンでは、抗議者たちが河川を利用したデモを組織し、船を使って水路を塞ぎながら自らの不満に注目を集め、権力を再配分するよう改編された憲法体系の実現を呼びかけた。
ReportData,0x010000520002EC05,Turn05_PorteDrazon_BorderControls_Bluds,ReportProperties.Title,ヴェーレンの国境、サラベス港でブルディア人への入国禁止が実施される
ReportData,0x010000520002EC05,Turn05_PorteDrazon_BorderControls_Bluds,ReportProperties.Description,ヴェーレンとリジアの国境やサラベス港の警備員たちは、ブルディア人の身分証明書を持つヴェーレンの市民の立ち入りを拒否するよう指示されている。
ReportData,0x010000520002EC10,Turn05_PorteDrazon_BorderControls_BludsDerdians,ReportProperties.Title,ヴェーレンの国境およびサラベス港でブルディア人とデルディア人への入国禁止が実施される
ReportData,0x010000520002EC10,Turn05_PorteDrazon_BorderControls_BludsDerdians,ReportProperties.Description,ヴェーレン・リジア国境およびサラベス港の警備員たちは、デルディアの全住民と、ブルディア人の身分証明書を持つヴェーレンの住民のいずれも立ち入りを拒否するよう指示されている。
ReportData,0x01000065000092D7,Turn05_PorteDrazon_ElectionFund_Transfer,ReportProperties.Title,RNC、王室からの資金提供を受領したことを認める
ReportData,0x01000065000092D7,Turn05_PorteDrazon_ElectionFund_Transfer,ReportProperties.Description,リジア国民連合は、王室から選挙運動資金を受領したことを正式に発表した。ポルテ・ドラゾンにある本部から出されたプレスリリースの中で、RNCの指導者であるダリア・デ・ラーヴァは、この財政的支援に対して国王に感謝の意を表した。彼女は、今回の資金が間もなく行われる代議院選挙におけるRNCの活動にとって極めて重要であると強調し、君主制が体現する価値観と安定を守り抜くと約束した。
ReportData,0x010000A100003054,Turn05_PorteDrazon_ElectoralCommisionCallsForVolunteers,ReportProperties.Title,選挙管理委員会、投票監視員の募集を開始
ReportData,0x010000A100003054,Turn05_PorteDrazon_ElectoralCommisionCallsForVolunteers,ReportProperties.Description,円滑な選挙の実施を確保するため、選挙管理委員会は投票所の監視や開票作業を手伝うボランティアの募集を行っている。ボランティアたちへの報酬として、国に対する市民貢献としてメダルが授与される。野党勢力はこのボランティア制度の利用を批判し、代わりに無作為に選ばれた市民に投票所監視を任せることを望んでいる。
ReportData,0x0100009D0000023E,Turn05_PorteDrazon_ElectoralCommisionReady,ReportProperties.Title,選挙委員会、十分な数のボランティアを確保
ReportData,0x0100009D0000023E,Turn05_PorteDrazon_ElectoralCommisionReady,ReportProperties.Description,選挙委員会は、円滑な選挙の実施を確保するために十分な数のボランティアが集まったと発表した。同委員会は、これから行われる民主主義の実践に参加しようとするすべてのリジア国民に感謝の意を表した。
ReportData,0x0100009D0000019A,Turn05_PorteDrazon_RNCCampaignStarts,ReportProperties.Title,RNC、選挙運動を開始
ReportData,0x0100009D0000019A,Turn05_PorteDrazon_RNCCampaignStarts,ReportProperties.Description,トラス広場で大規模な集会が開かれ、RNCは間もなく行われる代議院選挙向けの選挙運動を正式に始動した。数万人の支持者たちが集まり、リジア国旗およびトラス家の旗を振りながら、国王の政党への支持を叫んだ。RNCの指導者であり代議院の議長でもあるダリア・デ・ラーヴァが感動的な演説を行い、ウーゴ・トラス自身が短時間だけ登場したことで群衆はさらに興奮に包まれた。
ReportData,0x0100009D000001EE,Turn05_PorteDrazon_RPPCampaignHousing,ReportProperties.Title,RPP、選挙公約として住宅問題を掲げる
ReportData,0x0100009D000001EE,Turn05_PorteDrazon_RPPCampaignHousing,ReportProperties.Description,ポルテ・ドラゾンにおける深刻化する住宅危機の中、RPPはここ数週間、首都での選挙運動をこの問題に集中させ始めている。地元のRNC支部は、反対派が従来からの拠点であるリジア・インペリイで勢力を拡大するのを恐れ、国王にこの問題への介入を慎重に要請している。
ReportData,0x0100005200032751,Turn05_PorteDrazon_TransitInfrastructure_Bad,ReportProperties.Title,新たな報告書、リジアの輸送インフラの劣悪な状況を浮き彫りに
ReportData,0x0100005200032751,Turn05_PorteDrazon_TransitInfrastructure_Bad,ReportProperties.Description,専門家たちは、投資の不足によりリジアの鉄道・バス・トラムシステムが危険なほど過負荷状態になっていると警鐘を鳴らしている。早急に大規模な近代化および拡張作業が行われなければ、老朽化した車両群と増加する通勤需要のために、公共交通機関のインフラは頻繁な運行障害だけでなく、潜在的な安全上の危険も生じる恐れがある。
ReportData,0x010000520003275C,Turn05_PorteDrazon_TransitInfrastructure_OK,ReportProperties.Title,新たな報告書、リジアの交通インフラ改善を浮き彫りに
ReportData,0x010000520003275C,Turn05_PorteDrazon_TransitInfrastructure_OK,ReportProperties.Description,専門家らの報告によると、リジアが交通インフラへ投じた投資は成果を上げており、鉄道やバス、トラムの各システムが現在の乗客数を効果的に処理している。継続的な資金投入とタイムリーな改良により、整備状態が良く効率的に運用されるネットワークが実現し、近代化が進んでいないシステムでよく見られる過密やサービスの遅延を防いでいる。
ReportData,0x0100009D00000216,Turn05_Qabiz_EarlyVotingStarts,ReportProperties.Title,事前投票が開始される
ReportData,0x0100009D00000216,Turn05_Qabiz_EarlyVotingStarts,ReportProperties.Description,"伝統的に国内で最も早く投票が行われるカレカビズ島の住民たちが、次々と投票所へ向かっている。慣習上、この島の票は本土で集計されることになっており、時間通りに票を運ぶためには事前投票が不可欠だ。

国内の他の地域が投票を終えるまで、結果は発表されない。"
ReportData,0x010000510002FC77,Turn05_Ribel_BergianPoliceAmbushed,ReportProperties.Title,ベルギア警察、若手過激派に奇襲される
ReportData,0x010000510002FC77,Turn05_Ribel_BergianPoliceAmbushed,ReportProperties.Description,ベルギアの警察はリベルで、KA-74を装備した二人の未成年容疑者に待ち伏せ攻撃を受けたが、彼らはすぐに殺害された。これらの容疑者はブルディア自由戦線の新たに募集された過激派であると見られている。この事件は、BFFによる未成年者の募集が増加している傾向と、こうした若い過激派がもたらす危険性の高まりを浮き彫りにしている。政府に対し、BFFの募集戦略の根本的な原因に取り組み、若者たちのさらなる急進化を防ぐための即時的な措置を講じるよう強く求められている。
ReportData,0x010000640000CA59,Turn05_Ribel_ForeignEnergyInvestments,ReportProperties.Title,外国のエネルギー投資がリベルに流入
ReportData,0x010000640000CA59,Turn05_Ribel_ForeignEnergyInvestments,ReportProperties.Description,リベルでは外国からのエネルギー分野への投資が大幅に増加しており、これは同地域のエネルギー産業に対する国際的な信頼が高まっていることを示す好調な動向である。こうした投資によりリベルの国内経済が活性化し、エネルギーインフラの整備が加速される見通しだ。外国資本の急増がリベルの全体的な経済成長やエネルギー産業の業績に与える影響について、綿密な監視が行われている。
ReportData,0x010000980001C978,Turn05_Sallabes_AntiMonarchyProtests,ReportProperties.Title,サラベスにおける反君主制抗議活動
ReportData,0x010000980001C978,Turn05_Sallabes_AntiMonarchyProtests,ReportProperties.Description,サラベスでは大規模なデモが発生し、抗議者たちは新たな分権的憲法協定の締結を求めている。彼らはスローガンや横断幕を通じて自己統治の実現に力点を置いている。
ReportData,0x0100009D000001B6,Turn05_Sallabes_HouseSazonEndorsesRPP,ReportProperties.Title,サゾン家、反対票投じるよう呼びかけ
ReportData,0x0100009D000001B6,Turn05_Sallabes_HouseSazonEndorsesRPP,ReportProperties.Description,共同声明の中で、数名のサゾン家の貴族たちがRPPへの支持を表明した。サゾン家と反対派とのつながりは広く知られているものの、君主制に反する公然とした宣言は稀であり、それは彼らとトラス家との関係が弱まっていることを示している。
ReportData,0x010000510002FC70,Turn05_Sarna_BFFPropagandaInSchools,ReportProperties.Title,ベルギアにおけるBFFとブルディア人の教育
ReportData,0x010000510002FC70,Turn05_Sarna_BFFPropagandaInSchools,ReportProperties.Description,フェリクス・ブロン総督は、ブルディア語で授業が行われているほとんどの学校でブルディア自由戦線（BFF）の宣伝物が発見されたと報告している。これは、ブルディア語を主に使用する地域において、BFFが若者を勧誘し過激化させようと努めていることを示している。政府に対し、BFFの勧誘戦略に対処し、若者のさらなる過激化を防ぐため即時的な措置を講じるよう強く求められている。ブロン総督は議員たちに、初等教育の言語としてのブルディア語使用を禁止する法案の導入を要請し、政府に対してはすべての人々にソードランドの国語を適切に施行するよう求めている。
ReportData,0x010000A100002D26,Turn05_Sordland_Decision_SordishTouristIssue_Extradite,ReportProperties.Title,ソードランド、容疑をかけられた観光客らに対する裁判を開始
ReportData,0x010000A100002D26,Turn05_Sordland_Decision_SordishTouristIssue_Extradite,ReportProperties.Description,リジアがソードランド人たちの国民引き渡し要求に応じた後、今や裁判が開始されている。観光客たちは自身の無実を主張しているが、彼らの主張に反論するためにリジアから数名の証人が出廷している。
ReportData,0x010000A100002D1C,Turn05_Sordland_Decision_SordishTouristIssue_JusticeInRiza,ReportProperties.Title,ソードランド、リジア大使を召喚
ReportData,0x010000A100002D1C,Turn05_Sordland_Decision_SordishTouristIssue_JusticeInRiza,ReportProperties.Description,ソードランド政府は、リジアの領土内で一部のソードランド人市民が逮捕・裁判にかけられたことについて説明を求めている。リジアの大使に対する短い発言の中で、ソードランドの外務大臣デイヴィド・ウィスキは、自国の市民を裁く権利は自国にあるとし、他国が自国の市民を投獄することは受け入れないと伝えた。
ReportData,0x010000A100003263,Turn05_Sordland_GasomInvest_DontInvest,ReportProperties.Title,ソードランドは怒っていない、失望しているだけ
ReportData,0x010000A100003263,Turn05_Sordland_GasomInvest_DontInvest,ReportProperties.Description,ソードランド共和国は、我が国がガソムへの投資を行わないことを受けて失望の意を示している。両国間の関係が悪化するとは限らないと強調しつつも、我々の決定に対し明らかに不満を抱いているようだ。
ReportData,0x010000A100003259,Turn05_Sordland_GasomInvest_Invest,ReportProperties.Title,ソードランド、ガソムの投資を歓迎
ReportData,0x010000A100003259,Turn05_Sordland_GasomInvest_Invest,ReportProperties.Description,ソードランド共和国は、ガソムへの我々の投資に対して感謝の意を示し、今後さらにビジネス関係が深まることを期待している。
ReportData,0x010000520002EC3C,Turn05_Terador_AirplaneDeal,ReportProperties.Title,モレラ、テラドール基地に航空機を派遣
ReportData,0x010000520002EC3C,Turn05_Terador_AirplaneDeal,ReportProperties.Description,モレラとの合意に従い、24機のモレラ製航空機がテラドール空軍基地に届けられることになっている。軍事分析家たちは、この追加によりリジア王立空軍が切望していた近代化が進むだろうと見ている。
ReportData,0x010000A100002D08,Turn05_Topes_Decision_EsqirisFieldShutsDown,ReportProperties.Title,地元環境団体、ガス田閉鎖を歓迎
ReportData,0x010000A100002D08,Turn05_Topes_Decision_EsqirisFieldShutsDown,ReportProperties.Description,当局や労働者たちがエスキリス・ガス田の閉鎖を嘆いている一方で、地元の小規模な環境団体はこの停止を歓迎し、「これによりリジアは持続可能なエネルギー源へ移行する機会が得られる」と述べている。
ReportData,0x010000460001A978,Turn05_Uziren_BludishProtestBill,ReportProperties.Title,ブルディア人の権利を求める抗議行動
ReportData,0x010000460001A978,Turn05_Uziren_BludishProtestBill,ReportProperties.Description,昨日の朝からウジレン市ではソードランド語法案に反対する大規模な抗議行動が激化している。地元警察は群衆を解散させるため全力を尽くしている。現時点での抗議活動は非暴力的なものにとどまっている。
ReportData,0x010000460001A97C,Turn05_Uziren_BludishProtestBill_A,ReportProperties.Title,ブルディア人の権利を求める抗議行動
ReportData,0x010000460001A97C,Turn05_Uziren_BludishProtestBill_A,ReportProperties.Description,昨日の朝からウジレン市ではソードランド語法案に反対する大規模な抗議行動が激化している。暴力的な衝突の後、地元警察が群衆を解散させ、数百人の抗議者が拘束された。
ReportData,0x010000460001A9B8,Turn05_Uziren_BorderReport,ReportProperties.Title,国境報告
ReportData,0x010000460001A9B8,Turn05_Uziren_BorderReport,ReportProperties.Description,国防大臣ヨセフ・ランチェアの報告によると、ヴェーレン側の国境が封鎖され、第3軍の各部隊が作戦実行の準備を整えている。
ReportData,0x010000460001A984,Turn05_Uziren_Refugees,ReportProperties.Title,ヴェルネンの難民たち
ReportData,0x010000460001A984,Turn05_Uziren_Refugees,ReportProperties.Description,我々の国境およびヴェルネンのヴェゼク市からの報告によると、約千人がヴェゼク軍から逃れてソードランド国境方面へ向かっていることが分かっている。
ReportData,0x010000510002FC5B,Turn05_Uziren_SpecialZoneProtest,ReportProperties.Title,ブロン総督の治安政策に対する抗議
ReportData,0x010000510002FC5B,Turn05_Uziren_SpecialZoneProtest,ReportProperties.Description,"ウジレンでは非常に大規模な抗議行動が起こり、ベルギアでもいくつかの抗議が発生しており、特別区や、ブルディア自由戦線を標的とした総督の治安政策に対する全体的な不安感の高まりを示している。

総督はブルディア人への広範な監視を許可しており、それによって地域社会に恐怖と不信の雰囲気が生まれている。ブルディアの人々は、自らの市民的自由や人権が尊重され、民族や政治的所属といった理由で不当に標的にされないよう求めている。"
ReportData,0x010000A100002D30,Turn05_Valenqir_Decision_SordishTouristIssue_Silent,ReportProperties.Title,ソードランド人の観光客が帰国した後、抗議活動が勃発
ReportData,0x010000A100002D30,Turn05_Valenqir_Decision_SordishTouristIssue_Silent,ReportProperties.Description,ソードランド人の観光客たちがリジア人市民を暴力的に攻撃した後、彼らが釈放されて帰国便に乗り込むと、事件が起きた場所であるヴァレンキルで抗議デモが勃発した。抗議者たちは、その観光客たちをリジア国家の裁判にかけるよう要求し、彼らをソードランドに帰還させるという決定を「正義そのものへの侮辱」と非難した。
ReportData,0x010000980001C984,Turn05_Valenqiris_AntiMonarchyProtests,ReportProperties.Title,ヴァレンキリスで反君主制デモが発生
ReportData,0x010000980001C984,Turn05_Valenqiris_AntiMonarchyProtests,ReportProperties.Description,ヴァレンキリスでの抗議活動は分散しており、様々な地域で行われている。デモ参加者たちは自らの懸念を示すため、都市部と農村部の両方にある重要な政府施設を封鎖した。
ReportData,0x0100009D000001F8,Turn05_Valenqir_RPPTargetsTorasHeartland,ReportProperties.Title,RPPの選挙運動がトラス家の地盤に浸透
ReportData,0x0100009D000001F8,Turn05_Valenqir_RPPTargetsTorasHeartland,ReportProperties.Description,今日、ヴァレンキルでRPPが主催する集会が開催され、マヌス・サゾン自身が演説を行った。数千人がこの集会に集まり、これによって選挙運動は実質的にトラス家の伝統的な地盤深くまで進展した。従来、地元のトラス貴族たちはRPPが市内で選挙運動を行うことを妨げてきたが、これは国王への支持が懸念すべき水準で低下していることを示している。前回の選挙では、RNCは依然として同市で85％以上の票を獲得していた。
ReportData,0x010000640000CE04,Turn05_Valgen_RegionalGrowth,ReportProperties.Title,グルニ地域のヴァルゲンにおける発展が進展
ReportData,0x010000640000CE04,Turn05_Valgen_RegionalGrowth,ReportProperties.Description,グルニでは地域の成長が著しく好調に進んでいる。この地域経済に大きく貢献している農業分野とブドウ園経営分野が特に盛況を極めている。このような成長はグルニの経済にとって有望な段階であり、ヴァルゲンの経済発展の見通しにも楽観的な雰囲気をもたらしている。
ReportData,0x010000640000CE14,Turn05_Valgen_RegionalRecession,ReportProperties.Title,グルニ地域の成長が鈍化している
ReportData,0x010000640000CE14,Turn05_Valgen_RegionalRecession,ReportProperties.Description,グルニでは地域の成長が鈍化している。最近の進展にもかかわらず、経済発展の速度は低下している。この状況は、地域の成長勢いを再び呼び起こすことができる戦略的な経済介入の必要性に注目を集めている。
ReportData,0x010000640000CE0C,Turn05_Valgen_RegionalStagnation,ReportProperties.Title,停滞がグルニの地域発展に足かせを
ReportData,0x010000640000CE0C,Turn05_Valgen_RegionalStagnation,ReportProperties.Description,肥沃な土地と世界的に有名なブドウ園で知られるグルニは、現在地域の成長が停滞している。この経済の横ばい状態は、グルニの経済的回復力に懸念をもたらし、成長を再活性化させるための革新的な戦略が必要であることを示している。市当局および地域当局は、必要な措置を講じるため状況を厳しく監視している。
ReportData,0x010000460001A9C8,Turn05_Valgen_SurveillanceReport,ReportProperties.Title,監視報告
ReportData,0x010000460001A9C8,Turn05_Valgen_SurveillanceReport,ReportProperties.Description,"ソードランド情報局は、ヴァルゲン市にソードランドの国家安全保障に脅威をもたらす可能性のある多数の人々が住んでいると報告した。同局はその市内のあらゆる固定電話への盗聴許可を出している。

レスピアのためにスパイ活動を行っている疑いで一人の男が逮捕され、現在尋問が行われている。"
ReportData,0x0100005200048168,Turn05_Valgsland_AidSent,ReportProperties.Title,ヴァルグスランド、海軍支援を派遣
ReportData,0x0100005200048168,Turn05_Valgsland_AidSent,ReportProperties.Description,モレラのアルマ・サルタナ首相は、ヴァルグスランドのエメリッヒ・ヘーゲル書記長に対し、モレラとリジアが最新のMITZ協定案からレスピア共和国を除外することで合意したと伝えた。ヘーゲルはその協定を支持すると約束し、感謝のしるしとして我々の軍隊用ヴァルグスランド製潜水艦を送ってきた。
ReportData,0x0100006500005206,Turn05_Valgsland_CautionsAgainstPrivatization,ReportProperties.Title,ヴァルグスランド、ソードランド人の民営化に警戒を呼びかける
ReportData,0x0100006500005206,Turn05_Valgsland_CautionsAgainstPrivatization,ReportProperties.Description,"エメリッヒ・ヘーゲル書記長は、ソードランドで検討されている可能性のある民営化措置について懸念を示した。ヴァルグスランド社会主義の熱心な支持者である同首相は、富の格差拡大や社会的不安定化といった危険性を挙げ、規制のない資本主義の危うさに警鐘を鳴らした。そしてソードランドに対し、ヴァルグスランド自身の社会主義政策から示唆を得て、より公平な経済発展のあり方を検討するよう求めた。

さらにヘーゲルは、ソードランドの国民の福祉が最優先される限り、ヴァルグスランドは引き続き同国を支援し続けると述べた。"
ReportData,0x010000460001B677,Turn05_Valgsland_CondemnsHeljilandDeal,ReportProperties.Title,ヴァルグスランド、ヘルジランド承認を非難
ReportData,0x010000460001B677,Turn05_Valgsland_CondemnsHeljilandDeal,ReportProperties.Description,"ヘーゲル書記長は、ソードランドがヘルジランドをアグノリアの領土として承認したことを非難し、我が国政府がマルキア海で国際的な衝突を引き起こそうとしていると責めた。

ヴァルグスランド海軍も声明を発表し、自国の利益を守るためにマルキア海での活動範囲を拡大せざるを得ない状況だと述べ、ソードランド海軍に対してヘルジランドの内政に干渉しないよう警告した。"
ReportData,0x0100005200048173,Turn05_Valgsland_NoAid,ReportProperties.Title,ヴァルグスランド、援助提供を撤回
ReportData,0x0100005200048173,Turn05_Valgsland_NoAid,ReportProperties.Description,モレラ共和国のアルマ・サルタナ首相は、最新のMITZ交渉結果をヴァルグスランドのエメリッヒ・ヘーゲル書記長に伝えた。レスピアが依然として利害関係者として含まれているため、ヴァルグスランドはこれまで行ってきた軍事援助の提供を取り消すことにした。
ReportData,0x010000460001A9BC,Turn05_Vesord_RYRaided,ReportProperties.Title,赤旗青年団の隠れ家が急襲される
ReportData,0x010000460001A9BC,Turn05_Vesord_RYRaided,ReportProperties.Description,ヴェソード警察は、赤旗青年団のメンバーがその中に隠れているという疑いから、早朝にヴェソード市内の廃墟となった建物へ急襲を行った。この作戦は成功し、8人の過激派が逮捕されるとともに、軍用級のアサルトライフル2丁および爆弾製造装置が押収された。
ReportData,0x010000460001B66F,Turn05_Wehlen_CondemnsArcasianAid,ReportProperties.Title,ヴェーレン、アルカシアの財政支援を非難
ReportData,0x010000460001B66F,Turn05_Wehlen_CondemnsArcasianAid,ReportProperties.Description,"スモラク大統領は、ソードランドがアルカシアから財政援助を受け入れたことを非難した。彼はアルカシアとの協力は地域に災いしかもたらさないと述べ、ソードランドが西側の新植民地主義的な陰謀の罠にはまることを警告した。

スモラクはまた、東部メルコパを支配しその資源を搾取しようとするアルカシアのドワイト・ウォーカー大統領を非難した。"
ReportData,0x010000520002EC52,Turn05_Zille_ATASuppliesReceived,ReportProperties.Title,アリアナ・トラス協会、初のモレラ産物供給を受領
ReportData,0x010000520002EC52,Turn05_Zille_ATASuppliesReceived,ReportProperties.Description,アリアナ・トラス協会のジル支部が非暴力的抵抗活動を行うのを支援するため、短波ラジオや印刷用品、教育資料を積んだ船便を手配した。これら情報伝達に役立つ資料は、モレラ地方のムーアン港を経由してジル港にいる活動家たちの元へ届けられる。
ReportData,0x010000520002EC47,Turn05_Zille_SOSuppliesReceived,ReportProperties.Title,スー・オミナ・ジル支部、初のモレラ産物の輸送を受け取る
ReportData,0x010000520002EC47,Turn05_Zille_SOSuppliesReceived,ReportProperties.Description,モレラはジルにあるスー・オミナ抵抗組織へ向けて銃器やその他の物資の密輸を開始した。最初の荷物は、ジル港に駐在する工作員たちによって船便で無事受け取られた。
ReportData,0x010000A10000292D,Turn05_Zille_WehzekCitizensPriviliged,ReportProperties.Title,民族ヴェゼク人、より多くの自由を享受
ReportData,0x010000A10000292D,Turn05_Zille_WehzekCitizensPriviliged,ReportProperties.Description,ヴェーレンがリジア人とヴェゼク人の間に分離制度を導入し始めたという報告が出ており、大規模なイベントも多くの場合一方の民族のみが参加できる状況だ。さらに、爆撃以来リジア人の自由は著しく制限されているのに対し、ヴェゼク人はほとんど影響を受けていないこともますます明らかになっている。
ReportData,0x010000460001B69F,Turn06_Agnolia_ElectionWin,ReportProperties.Title,ファン・ホールテン、選挙で勝利
ReportData,0x010000460001B69F,Turn06_Agnolia_ElectionWin,ReportProperties.Description,今週アグノリアで行われた総選挙の結果、アグノリア・ヌーリティ教徒民主連合が再び勝利を収め、その指導者であるマールティン・ファン・ホールテンが引き続き首相職を務めることになった。
ReportData,0x010000460001B6A3,Turn06_Agnolia_TradeDeal,ReportProperties.Title,アグノリア貿易協定の最新動向
ReportData,0x010000460001B6A3,Turn06_Agnolia_TradeDeal,ReportProperties.Description,"アグノリアとの貿易協定の効果は、調印された合意に従い現在すでに発効している。短期間のうちにソードランドにおける鉄鋼取引の量が増加し、特にアグンランド地方がその恩恵を最も大きく受けている。

アグンランドの知事は、この貿易協定によって同地域の製造業生産量が向上したと報告している。"
ReportData,0x010000460001B6A7,Turn06_Agnolia_TradeDeal_H3,ReportProperties.Title,アグノリア貿易協定の最新動向
ReportData,0x010000460001B6A7,Turn06_Agnolia_TradeDeal_H3,ReportProperties.Description,"アグノリアとの貿易協定の効果は、調印された合意に従い現在すでに発効している。短期間のうちにソードランドにおける鉄鋼取引の量が増加し、特にアグンランド地方がその恩恵を最も大きく受けている。

アグンランドの知事は、同地域を通過するH-3高速道路の効果も相まって、この貿易協定により同地域の製造業生産量が大幅に増加したと報告している。"
ReportData,0x010000460001B69B,Turn06_Agnolia_WarnsNavyPresence,ReportProperties.Title,ファン・ホールテン首相、ヴァルグスランド勢力の存在に警戒を呼びかける
ReportData,0x010000460001B69B,Turn06_Agnolia_WarnsNavyPresence,ReportProperties.Description,ファン・ホールテン首相は、マルキア海におけるヴァルグスランドの海軍力増強について我々に警告した。彼は将来的にソードランドとより強固な海軍協力を築きたいという意向を示した。
ReportData,0x010000460001AAC8,Turn06_Anrica_WomensRally,ReportProperties.Title,女性の権利を求めるデモ行進
ReportData,0x010000460001AAC8,Turn06_Anrica_WomensRally,ReportProperties.Description,ソードランド婦人連盟の代表者たちが率いるデモ隊がアンリカで行進し、ソードランドの公的教育制度における男女平等の実現を呼びかけた。反対派の抗議者の中にも女性たちがおり、彼女たちはソードランドの伝統を守るために男子とは別に女子だけで教育を行う権利を主張した。
ReportData,0x010000A100002E0D,Turn06_Argno_Decision_MalenyevistWorkerStrike_Allowed,ReportProperties.Title,ストライキ指導者たち、団結を呼びかける
ReportData,0x010000A100002E0D,Turn06_Argno_Decision_MalenyevistWorkerStrike_Allowed,ReportProperties.Description,マレニエフ主義を掲げる労働者たちによって組織されたストライキの影響で、この都市は機能停止状態となった。当局が一見してそのストライキの続行を許可した後、ストライキの指導者たちは外国の例を参考にして、この都市内に正式な労働組合を設立することについて話し合っている。
ReportData,0x010000A100002E17,Turn06_Argno_Decision_MalenyevistWorkerStrike_Dispersed,ReportProperties.Title,抗議行動が解散された
ReportData,0x010000A100002E17,Turn06_Argno_Decision_MalenyevistWorkerStrike_Dispersed,ReportProperties.Description,警察力がバリケードやピケット線を解体し、マレニエフ主義者による労働者ストライキを早期に終結させた。仕事に戻ることを拒否した労働者は解雇され、産業の運営を維持するために国内の他地域から忠実な市民が招かれて一時的にその職を担っている。
ReportData,0x010000A100002C6F,Turn06_Argno_MalenyevistPropaganda,ReportProperties.Title,マレニエフ主義者たち、市広場に垂れ幕を掲げる
ReportData,0x010000A100002C6F,Turn06_Argno_MalenyevistPropaganda,ReportProperties.Description,マレニエフ主義の活動家たちは、アルグノの中央広場にある時計塔から横断幕を降ろす行動を組織した。毎週開かれる市場の真ん中で、「ロムスを打倒せ！人民のリジアのために！」と書かれた大きな赤い横断幕が時計塔から展開され、群衆にチラシが配られた。当局が対応しようとしたにもかかわらず、活動家は一人も捕まらなかった。警察はこの件について調査を開始している。
ReportData,0x010000AF00001D23,Turn06_Argno_PowerPlantPhotographer,ReportProperties.Title,エネルギー施設で目撃された怪しい写真家
ReportData,0x010000AF00001D23,Turn06_Argno_PowerPlantPhotographer,ReportProperties.Description,制限されたエネルギー施設の近くで作業していた請負業者が、写真撮影用機材を持っているところを捕まった。彼は、この王国の発電所で働く労働者たちの回復力を称える「リジアの力」というタイトルの展覧会の制作に従事している芸術家だと主張している。彼の話はもっともらしく聞こえるが、国内情報機関のエージェントたちが彼の今後の活動を厳しく監視するつもりだ。
ReportData,0x010000460001AA60,Turn06_Arvory_AgnlandInvested,ReportProperties.Title,アグンランド知事、選挙結果を報告
ReportData,0x010000460001AA60,Turn06_Arvory_AgnlandInvested,ReportProperties.Description,"アグンランドの知事は、政府によって提供された投資がアルヴォリーでの新規企業向け各種プログラムや技術見本市を通じて活用されていると報告している。

この機会により地域全体の起業意欲が高まり、アグンランドの経済が活性化し、近隣諸国・地域との貿易もさらに拡大した。"
ReportData,0x010000460001AA64,Turn06_Arvory_AgnlandInvested_H3,ReportProperties.Title,アグンランド知事、選挙結果を報告
ReportData,0x010000460001AA64,Turn06_Arvory_AgnlandInvested_H3,ReportProperties.Description,"アグンランドの知事は、政府によって提供された投資がアルヴォリーでの新規企業向け各種プログラムや技術見本市を通じて活用されていると報告している。

この機会により地域全体の起業意欲が高まり、アグンランドの経済が活性化し、近隣諸国・地域との貿易もさらに拡大した。また知事は、H-3高速道路の開通によって予想を上回る投資収益が得られていると報告している。"
ReportData,0x0100006500005ABF,Turn06_Arvory_EnergyFluctImpact,ReportProperties.Title,エネルギー価格の変動が影響を与える
ReportData,0x0100006500005ABF,Turn06_Arvory_EnergyFluctImpact,ReportProperties.Description,アルヴォリーはエネルギー価格の変動がもたらす影響に苦しんでいる。エネルギーコストのこのような不安定さが地元経済に悪影響を及ぼし、予測不可能なエネルギー料金のために家庭や企業が財政的な圧力に直面している。地方政府はその影響を軽減しエネルギー市場を安定させる解決策を見出すべく圧力を受けている。
ReportData,0x010000650000598F,Turn06_Arvory_EnergySurgeImpact,ReportProperties.Title,エネルギー価格の急騰が甚大な被害をもたらす
ReportData,0x010000650000598F,Turn06_Arvory_EnergySurgeImpact,ReportProperties.Description,エネルギー価格の急騰がアルヴォリーの経済に甚大な被害をもたらしている。家庭や企業はエネルギー料金の急激な上昇により予算が圧迫され、財政的困難に直面している。この価格上昇が引き起こす広範な経済的影響は大きな懸念を招き、政策立案者たちの緊急な対応を求めている。
ReportData,0x010000460001A9E0,Turn06_Arvory_H3_SSC_Delayed,ReportProperties.Title,H-3高速道路建設の最新状況
ReportData,0x010000460001A9E0,Turn06_Arvory_H3_SSC_Delayed,ReportProperties.Description,ソードランド国営公社は、H-3高速道路の建設が正式に1年間延期されたと報告している。このプロジェクトの責任者たちは公式声明の中で謝罪し、自らの責任を負った。
ReportData,0x010000460001A9E4,Turn06_Arvory_H3_Taurus_Delayed,ReportProperties.Title,H-3高速道路建設の最新状況
ReportData,0x010000460001A9E4,Turn06_Arvory_H3_Taurus_Delayed,ReportProperties.Description,タウルス・ホールディングは、H-3高速道路の建設が正式に1年間延期されたと報告している。このプロジェクトの責任者らは公式声明で謝罪し、遅延の原因をストライキにあると述べた。
ReportData,0x010000A30000027F,Turn06_ATO_ArrestLucita,ReportProperties.Title,アルカシア条約機構、迅速な裁きを呼びかける
ReportData,0x010000A30000027F,Turn06_ATO_ArrestLucita,ReportProperties.Description,ルシータ・アザロがリジアとパレスの国境事件の黒幕であることが明らかになった後、アルカシア条約機構はその徹底した捜査に対して称賛の意を表し、リジアの王ロムス・トラスに迅速な対応を求めた。この軍事同盟は、平和を維持する意志があることを示すため、直ちにアザロ一族を逮捕するよう要求している。
ReportData,0x0100006500000D83,Turn06_ATO_BearTrapCondemnation,ReportProperties.Title,アルカシア条約機構、『ベアトラップ作戦』に懸念を示す
ReportData,0x0100006500000D83,Turn06_ATO_BearTrapCondemnation,ReportProperties.Description,"アルカシア条約機構  
ヴェントリー市報道局  

アルカシア条約機構は、ヴェーレン北部における軍事的緊張激化、特に誤った名称で呼ばれる「ベアトラップ作戦」とソードランドの懸念すべき介入について深い憂慮を表明する。同地域からの報告によれば、危険な動向が見られ、ヴェゼク軍が民間地域における既定の規程を明らかに無視している様子だ。スモラク大統領政権によって実施されている完全なメディア封鎖は、我々の極めて深刻な懸念を一層強めるものである。  

アルカシア条約機構は、被災地域の状況を確認するため、国際的な観察員や人道支援機関が即時かつ制限なく立ち入れることを要求する。そのようなアクセスが許可されるまで、我々はこの危機に対処するためあらゆる外交的途を模索し続ける。人間の尊厳という根本的原則が我々の大陸で脅かされている今、国際社会は傍観していてはならない。  

オーガスティン・ボーヴォワール  
アルカシア条約機構第一書記"
ReportData,0x010000A10000280E,Turn06_ATO_CondemnsWar,ReportProperties.Title,アルカシア条約機構、リジアの侵略行為を非難
ReportData,0x010000A10000280E,Turn06_ATO_CondemnsWar,ReportProperties.Description,アルカシア条約機構は、アルカシアによるパレスへの攻撃を極めて違法な行為であり国際法の違反だと見なしている。同機関は即時的な敵対行為の停止を要求し、アウレウス・ガス田を巡る問題を力によらず交渉によって解決するようリジアに呼びかけている。加盟国は状況を厳しく監視しており、パレス大公国への軍事的・人道的な援助を行うべきかどうかを協議中である。
ReportData,0x0100009D00000417,Turn06_ATO_CondemsIgnoringInvestigation,ReportProperties.Title,アルカシア条約機構、調査結果を無視したリジアを非難
ReportData,0x0100009D00000417,Turn06_ATO_CondemsIgnoringInvestigation,ReportProperties.Description,アルカシア条約機構は、最近の国境事件に関する共同調査の結果を無視したリジア王国を非難した。この軍事同盟が発表した声明の中で、同機構はリジアがその調査結果に基づいて行動し責任者を逮捕することを拒否したことを「危険なエスカレーション」と呼び、これはリジアの王ロムス・トラスが「南メルコパ地域の平和を維持する意欲がない」ことを示していると主張した。
ReportData,0x0100006500000DE3,Turn06_ATO_DeclaresNuclearBreakthrough,ReportProperties.Title,アルカシア条約機構、核技術の突破を歓迎　先進的な技術がもたらす展望
ReportData,0x0100006500000DE3,Turn06_ATO_DeclaresNuclearBreakthrough,ReportProperties.Description,"アルカシア条約機構は、軍事力の革命をもたらすだけでなくエネルギー分野も大幅に強化するという重大な核技術上の突破口が得られたことを誇らしげに発表した。新たに開発されたこの技術は、同盟の科学的卓越性を示し、世界の舞台におけるその戦略的地位をより固めるものである。

この最先端技術は、新しい型の原子炉設計と高度な素材を組み合わせたもので、原子力発電をより安全で効率的かつ持続可能なものにする可能性がある。軍事面では、船舶用のコンパクトで高出力な原子炉の開発を意味し、艦船の耐久性と作戦能力を向上させることにつながる。

エネルギー分野においては、この核技術上の突破口により、よりクリーンで豊富なエネルギー源が得られる可能性があり、高まる世界的なエネルギー需要に対応し、気候変動への懸念にも対処する手助けとなる。アルカシア条約機構は、この進歩が加盟国に持続可能な成長とエネルギー自立の新たな時代をもたらすことを期待している。"
ReportData,0x010000640000CE36,Turn06_ATO_RehabOfQinal,ReportProperties.Title,キナルの復興：アルカシア条約機構の微妙なバランス取り
ReportData,0x010000640000CE36,Turn06_ATO_RehabOfQinal,ReportProperties.Description,"緊張が高まる中、アルカシア条約機構はキナルと微妙なバランス取りを続けており、主要な加盟国であるキナルは完全な加盟地位からオブザーバー地位へ移行しようとする動きを見せている。この変化の中心には、キナルとアルカシア系PMCとの間の紛争解決問題があり、それがキナルの主権、規則に基づく秩序、そして自律性に関する懸念を招いている。

アルカシア条約機構はこれらの懸念に対し、PMCのCEOたちへ厳重な警告を発するとともに、キナルの自律的地位を維持しつつその重要な同盟関係も保つことを目的とした一連の譲歩を行っている。アルカシア条約機構がキナルの懸念に柔軟に対応しているのは、この加盟国の戦略的な重要性と、同盟が各加盟国の主権と集団的安全保障利益のバランスを保つことへの姿勢を反映している。"
ReportData,0x010000A100002743,Turn06_Aureus_NavalIncidentFreeShips,ReportProperties.Title,海軍事故：リジアとパレスが人的被害の防止に協力
ReportData,0x010000A100002743,Turn06_Aureus_NavalIncidentFreeShips,ReportProperties.Description,"パレスの艦船3隻がアウレウス・ガス田を封鎖しているリジア軍の阻止線を突破しようと試み、その結果リジアの旗艦であるRRNヴァレロが衝突されてパレス側の船1隻が沈没したため、両者は水中に残っている船員を救出するために協力し合った。

この救助作業は成功し、沈没船に乗っていたパレス人のうちわずか12名しか死亡しなかったが、彼らもほとんどが最初の衝突後に命を落としたものと思われる。残りの2隻のパレス艦船が生き残った船員たちを連れて帰還した。一方、RRNヴァレロは修復不可能なほど損傷し、その難破船は現在リジアの岸辺へと引き上げられている。"
ReportData,0x010000A100002725,Turn06_Aureus_NavalIncidentNoRescue,ReportProperties.Title,海軍関連の事件：パレス領の艦船が拿捕される
ReportData,0x010000A100002725,Turn06_Aureus_NavalIncidentNoRescue,ReportProperties.Description,"リジアの艦船がガス田を封鎖するというパレス側の封鎖突破試みに迅速に対応した結果、パレスの船舶2隻が拿捕され、現在リジアの岸辺へ曳航されている。小競り合いの最中、RRNヴァレロ号に衝突したパレス側の艦船1隻は沈没し、迅速な対応によってヴァレロ号の被害も抑えられ、現在はさらなる修理のため港へ向かっている。

パレス側の水兵の初期の死者数は80人以上で、少なくとも200人が依然として行方不明である。"
ReportData,0x010000A100002739,Turn06_Aureus_NavalIncidentRescueBoth,ReportProperties.Title,海軍事故：救助試みは失敗に終わる
ReportData,0x010000A100002739,Turn06_Aureus_NavalIncidentRescueBoth,ReportProperties.Description,"パレスの艦船3隻がアウレウス・ガス田を封鎖しているリジア軍の阻止線を突破しようと試み、その過程で1隻が撃沈され、リジアの旗艦であるRRNヴァレロも甚大な被害を受けたため、沈没船に乗っていたパレス人船員およびヴァレロ号の救出作業が行われた。

残念ながら注意が分散したことでRRNヴァレロの被害を食い止めることができず、大破した同艦は現在岸へ曳航されている。寒い海からパレス人船員数名が救出されたものの、さらに60名が死亡したことが確認されており、少なくとも100名が依然として行方不明である。

残った2隻のパレス艦船はリジア軍の追撃を振り切り、無事にパレスの港へ戻ることができた。"
ReportData,0x010000A10000272F,Turn06_Aureus_NavalIncidentValeroFocus,ReportProperties.Title,海軍事故：RRNヴァレロが救出された！
ReportData,0x010000A10000272F,Turn06_Aureus_NavalIncidentValeroFocus,ReportProperties.Description,"パレスの艦船3隻がアウレウス・ガス田を封鎖しているリジア軍の阻止線を突破しようと試みた後、そのうち1隻がRRNヴァレロ号に衝突したことでリジア王立海軍の反撃を受けて沈没し、同船は甚大な被害を負う可能性があった。

現場にいた他のリジア護衛艦の迅速な対応によりヴァレロ号は救われ、受けた損傷は軽微な修理で済む程度だった。残りの2隻のパレス艦船はリジア海軍に拿捕され、現在岸へと引き上げられている。

パレスの船員の初期の死者数は80人以上で、少なくとも200人が依然として行方不明である。"
ReportData,0x010000A100002592,Turn06_Aureus_NavyDeployedAfterAN,ReportProperties.Title,リジア海軍、ガス田へ進出
ReportData,0x010000A100002592,Turn06_Aureus_NavyDeployedAfterAN,ReportProperties.Description,リジアがパレスに不当な優遇を与え、国の利益に反すると主張しているアウレウス・ガス田をめぐる国際連盟の物議を醸す判決を受け、リジア王立海軍の艦船がRRNヴァレロを先頭にそのガス田へ向かい、国王のために全てを奪取しようとしている。パレス側が介入を試みれば力を行使するという厳重な警告も発せられており、必要であれば武力を用いるとされている。
ReportData,0x010000A1000025A6,Turn06_Aureus_NavyFallsBack,ReportProperties.Title,王立海軍、ガス田から撤退
ReportData,0x010000A1000025A6,Turn06_Aureus_NavyFallsBack,ReportProperties.Description,最近の国際連盟による争点となっているアウレウス・ガス田に関する判決を受け、リジアの海軍艦艇は港へ戻る旅立ちを開始し、封鎖を解除したことでパレスとリジア間の緊張を緩和させた。最初に出発したのはRRNヴァレロ号で、より小型の艦艇がその退避を護衛した。
ReportData,0x010000A10000259C,Turn06_Aureus_NavyStays,ReportProperties.Title,リジア海軍、裁判所の判決にもかかわらず存続へ
ReportData,0x010000A10000259C,Turn06_Aureus_NavyStays,ReportProperties.Description,国際連盟が先日の判決の一環としてリジアの船舶に対し、争点となっているアウレウス・ガス田から撤退するよう命じたにもかかわらず、リジア王室は自国の艦隊を引き下げることを拒否している。同国によれば、リジアの利益を守ることが最優先事項であり、国際連盟の最終的な判決はリジアの利益に対して不公平だという。
ReportData,0x010000460001AA4C,Turn06_Benfi_BanCreationism,ReportProperties.Title,ソードランド教員協会会長が辞任
ReportData,0x010000460001AA4C,Turn06_Benfi_BanCreationism,ReportProperties.Description,学校における創造論の授業を禁止する新しい教育課程が実施された後、ソードランド教員協会の会長と12人のメンバーのうち8人が抗議の意を示して辞任した。これに続き、ベンフィの各学校の教師や校長たちも職を去った。近隣地域では約1600の教員ポストが再び埋められる見込みである。
ReportData,0x010000460001AA48,Turn06_Benfi_CreationismOK,ReportProperties.Title,東ソードランドで教師たちが辞職
ReportData,0x010000460001AA48,Turn06_Benfi_CreationismOK,ReportProperties.Description,"進化を必修とする新しい教育課程が実施された後、ソードランド教員協会の理事会メンバー12人のうち4人が抗議の意を示して辞任した。

これに続き、ベンフィの各学校に勤務する教師や校長たちも職を去った。近隣地域では約800の教員ポストが再び埋められる見込みである。"
ReportData,0x010000A1000004A5,Turn06_Benievon_NoblesToCoverHousingSubsidies,ReportProperties.Title,地元の貴族たちが補助金基金へ寄付を申し出る
ReportData,0x010000A1000004A5,Turn06_Benievon_NoblesToCoverHousingSubsidies,ReportProperties.Description,トラス家と関係のある数名のベニエヴォン貴族たちが、低所得世帯向けの手厚い住宅補助制度を支援するため、王室に援助を申し出ている。これらの貴族は、この慈善的行為の動機として自らのヴルヘック教信仰を挙げている。
ReportData,0x010000460001AA6C,Turn06_Conriat_MarketsCrash,ReportProperties.Title,コンリアトで市場が暴落
ReportData,0x010000460001AA6C,Turn06_Conriat_MarketsCrash,ReportProperties.Description,市場の暴落――すでに「ブラック・ターズデー」と呼ばれているもの――はコンリアトに深刻な打撃を与えている。富裕層が周辺の丘陵地帯にある豪華な住宅を売却したり放棄したりしてホルソードへ移住するため、最近まで続いていた不動産ブームは終わりを迎えつつある。最大級のボートツアー会社2社が倒産し、ソードランド人たちが予定していた休暇をキャンセルすることから、同国の観光業もさらに打撃を受ける見通しだ。
ReportData,0x010000460001AA74,Turn06_Conriat_TradeWar,ReportProperties.Title,コンリアト、行き詰まり続く
ReportData,0x010000460001AA74,Turn06_Conriat_TradeWar,ReportProperties.Description,コンリアトの都市はアルカシアによる貿易事件の影響で部分的に機能を停止している。港の輸送活動が完全に止まり、裕福な市民たちがホルソードへ避難する際に高級不動産を売却したり放棄したりしているため、完全な回復には数年かかる可能性があり、場合によっては数ヶ月を要するだろう。
ReportData,0x010000460001AA8C,Turn06_Conriat_UCBase,ReportProperties.Title,コンリアト海軍基地の最新情報
ReportData,0x010000460001AA8C,Turn06_Conriat_UCBase,ReportProperties.Description,コンタナ連邦は自国の艦船をコンリアト海軍基地へ移動させる作業を完了した。新たな協定の条項により、コンタナ連邦軍はソードランドに対する物流・財政・装備面での支援と引き換えに、同海軍基地で燃料補給や修理を行うことが許可されている。
ReportData,0x010000460001AA90,Turn06_Conriat_UCBase_ValgslandNavy,ReportProperties.Title,コンタナ連邦の艦船、ヴァルグスランド艦隊に支持を表明
ReportData,0x010000460001AA90,Turn06_Conriat_UCBase_ValgslandNavy,ReportProperties.Description,コンリアト海軍基地に配備されていた数隻のコンタナ連邦ン駆逐艦が朝にコンリアト港を出発し、ヘルジランド周辺を巡視しているヴァルグスランド海軍に合流した。
ReportData,0x0100006500000D8B,Turn06_CSP_BearTrapSupport,ReportProperties.Title,コンタナ条約機構、ヴェーレンの「熊罠」作戦へのソードランド参加を支持
ReportData,0x0100006500000D8B,Turn06_CSP_BearTrapSupport,ReportProperties.Description,"中央安全保障条約  
キョウ報道局  
直ちに公表  

中央安全保障条約は、ヴェーレンの「ベアトラップ作戦」に対するソードランド共和国の有意義な貢献を高く評価する。スモラク大統領およびヴェゼク軍は、ヴェーレン北部におけるブルディア自由戦線の分離主義活動に対し必要な措置を講じており、ソードランドの参加は地域安定への称賛に値する献身を示している。  

この作戦の戦略的意義は過小評価できない。中央安全保障条約は関与する全軍隊の専門的な行動に完全な信頼を寄せており、両国間の継続的な協力を歓迎する。我々の支持は、相互援助・支援の原則への同盟の献身を象徴しており、引き続き集団安全保障へのコミットメントを堅持する。この重要な地域に恒久的な平和をもたらすあらゆる適切な措置を引き続き支援する。  

タホカ・マザトル  
中央安全保障条約首席報道官  

中央安全保障条約最高評議会の命令により  
分類：公開許可"
ReportData,0x010000A100002822,Turn06_CSP_CondemnsWar,ReportProperties.Title,コンタナ条約機構、敵対行為の停止を要求
ReportData,0x010000A100002822,Turn06_CSP_CondemnsWar,ReportProperties.Description,"より広範な地域の平和を図るため、コンタナ条約機構はパレスとリジアの間の敵対行為の即時停止を要求し、リジア王国による侵攻を容認できないエスカレーションだと非難している。同機関は両国間の交渉が速やかに再開されることを望み、民間人の生活が危険にさらされないよう即時停戦を呼びかけている。

またコンタナ条約機構は、紛争のさらなる拡大を避けるため、他の地域の勢力にも軍事的介入を行わないよう強く促している。"
ReportData,0x0100006500000DEB,Turn06_CSP_GalmlandConference,ReportProperties.Title,ガルムランドで開催されたコンタナ条約機構の統一会議
ReportData,0x0100006500000DEB,Turn06_CSP_GalmlandConference,ReportProperties.Description,"最近ガルムランドで開催されたコンタナ条約機構統一会議は、この同盟内の思想的対立を解消する上で重要な転換点となった。ガルムランドの影響力のある指導者であるブリグデ・ハルヴォルスダティルが、『ガルミッシュ宣言』によって高まる思想的意見の相違という状況の中でこの会議を主催した。カルロス・マルシアの共産主義理論を分散型計画や労働者の自己管理を重視する形で革新的に解釈したこの思想は、コンタナ条約機構内で思想的な嵐を引き起こしている。

同様の分権主義的考え方を持つヴァルグスランド社会主義は、一見『ガルミッシュ宣言』とより相性が良さそうに見えるが、国際協力に関する立場では大きく異なっている。『ガルミッシュ宣言』は自立した経済の構築を重視する慎重な姿勢を取る一方、ヴァルグスランド社会主義は相互依存を重視し、それを共通の繁栄と安全保障の手段と見なしている。この微妙な違いが実際に影響を及ぼし、ガルムランドとヴァルグスランドの間で貿易関税が導入されるなど、思想的対立が経済政策に影響を与えている。

この統一会議では、思想的な対立があったにもかかわらず、集団的安全保障、経済協力、人権という共通の目標の重要性が強調された。"
ReportData,0x0100006500005167,Turn06_Derdia_CondemsBearTrap,ReportProperties.Title,デルディア、ベアトラップ作戦を非難
ReportData,0x0100006500005167,Turn06_Derdia_CondemsBearTrap,ReportProperties.Description,"最高賢者であるヨルガ・アズマルは、ブルディア自由戦線を標的とした軍事作戦「ベアトラップ作戦」を公に非難した。彼はその作戦をヴルヘック教徒たちへの攻撃だと呼び、被害を受けたゴルコンド主義のブルディア共同体に連帯の意を示した。また、ソードランドおよびヴェーレンに対し、宗教的・民族的多様性を尊重し、紛争解決に平和的な手段を用いるよう呼びかけた。

この非難は、デルディアとその地域との間の深刻な緊張関係を浮き彫りにしている。"
ReportData,0x010000460001AA54,Turn06_Deyr_BergiaInvested,ReportProperties.Title,ベルギア総督が結果を報告
ReportData,0x010000460001AA54,Turn06_Deyr_BergiaInvested,ReportProperties.Description,"ベルギア総督は、政府によって提供された投資がデイルで開催される新規企業向けの各種プログラムや技術見本市を通じて活用されていると報告している。

この機会により地域全体の起業意欲が高まり、ベルギアの経済が活性化した。さらに近隣諸国や地域との貿易も増加した。"
ReportData,0x010000460001AA58,Turn06_Deyr_BergiaInvested_BludBanned,ReportProperties.Title,ベルギアへの投資が予期せぬ結果をもたらす
ReportData,0x010000460001AA58,Turn06_Deyr_BergiaInvested_BludBanned,ReportProperties.Description,"ベルギア総督は、政府によって提供された投資がデイルで開催される新規企業向けの各種プログラムや技術見本市を通じて活用されていると報告している。

ロックダウンの長期的な影響により期待されていた収入増加は妨げられ、残念ながら投資からの返済もまだ行われていない。同総督は謝罪の意を伝えている。"
ReportData,0x010000460001AAA8,Turn06_Deyr_BludishProtest,ReportProperties.Title,ブルディア支持の抗議活動
ReportData,0x010000460001AAA8,Turn06_Deyr_BludishProtest,ReportProperties.Description,ベルギア総督フェリクス・ブロンによると、多数の学生がデイルの中心部で抗議集会を開き、交通を妨げて暴力的な行為に出たとのことだ。警察が直ちに対応し、状況は鎮圧された。
ReportData,0x0100006500005987,Turn06_Deyr_EnergySurgeImpact,ReportProperties.Title,エネルギー価格の急騰にデイルが苦しむ
ReportData,0x0100006500005987,Turn06_Deyr_EnergySurgeImpact,ReportProperties.Description,エネルギー価格の急騰によりデイルでは経済的困難が深刻化している。上昇するエネルギー代金の影響で生活費が高騰し、国民は大きな財政的負担に苦しんでいる。この都市の経済安定性が脅かされており、迅速な対応がますます不可欠となっている。
ReportData,0x010000460001AA18,Turn06_Deyr_ErsenCase_Default,ReportProperties.Title,エルセン対ソードランド事件
ReportData,0x010000460001AA18,Turn06_Deyr_ErsenCase_Default,ReportProperties.Description,"今日、重要な裁判所の判決に対して控訴が行われ、現在司法大臣によって審査が進められている。弁護士でありブルディア人の市民権活動家でもあるイシュヴァル・エルセンは、法の前の平等という憲法的権利が侵害されたとしてフェリクス・ブロン総督を訴えた。この裁判は、デイルにおけるブルディア人への差別的な法的扱い、ひいてはベルギア全土での同様の扱いを問題視している。

イシュヴァル・エルセンは、物議を醸した再定住政策を含むブロン総督の政策がブルディア人市民の財産権を侵害していると主張している。彼は憲法の第6条および第7条、さらに特別区制度が憲法に明確に反しており、それによってベルギア全土及びその周辺地域でブルディア人への差別的な扱いが許されていると主張している。"
ReportData,0x010000460001AA14,Turn06_Deyr_ErsenCase_ReligiousHarmonySigned,ReportProperties.Title,エルセン対ソードランド事件
ReportData,0x010000460001AA14,Turn06_Deyr_ErsenCase_ReligiousHarmonySigned,ReportProperties.Description,"今日、重要な裁判所の判決に対して控訴が行われ、現在司法大臣によって審査が進められている。弁護士でありブルディア人の市民権活動家であるイシュヴァル・エルセンは、憲法上の権利侵害を理由にフェリクス・ブロン総督を訴えた。この裁判では、宗教調和法案の合法性や、デイルにおけるブルディア人への差別的な法的扱い、さらにはベルギア全土での同様の状況が問題視されている。

イシュヴァル・エルセンは、物議を醸した再定住政策を含むブロン総督の政策がブルディア人市民の財産権を侵害していると主張している。彼は憲法の第6条および第7条、そして特別区制度が憲法に明らかに反しており、それによってベルギア全土はもちろんその他地域でもブルディア人への差別的扱いが許されていると主張している。"
ReportData,0x010000510002FC93,Turn06_Deyr_IncreasedBFFSupport,ReportProperties.Title,ブロン総督、ベルギアにおける地域分断を提案
ReportData,0x010000510002FC93,Turn06_Deyr_IncreasedBFFSupport,ReportProperties.Description,"フェリクス・ブロン総督は、デイルのブルディア人が多数居住する地域やベルギア全土において、ブルディア自由戦線（BFF）への支持が高まっていると報告した。この問題に対処するため、総督はこれらの地域を分離し、ソードランド人とブルディア人を再定住させて特別区内で文化的バランスを実現することを提案している。同総督は、この方法によってBFFの影響力を制限し、地域内での分離主義活動のリスクを低減できると考えている。

しかし、一部の官僚たちは、こうした措置は憲法に明らかに反するものであり、特別区の総督にはそのような政策を実施する権限がないと主張している。この提案は依然として、実行されればさらなる民族間の緊張や社会的混乱を招く恐れがあると懸念する官僚たちの間で不安を引き起こしている。"
ReportData,0x010000510002FC8C,Turn06_Deyr_ResettlementOrder,ReportProperties.Title,ブロン総督、「再定住」命令を発令
ReportData,0x010000510002FC8C,Turn06_Deyr_ResettlementOrder,ReportProperties.Description,"フェリクス・ブロン総督は、BFFを支援している疑いのあるブルディア人を立ち退かせ、彼らのコミュニティを分割することを許可する「再定住命令」を発令した。この政策は論争と反発を招き、多くの人々がこれを憲法違反だとみなし、司法機関による命令の撤回を求めている。この命令は人権侵害であり、ブルディアコミュニティを標的にする試みだと見なされている。

総督は治安上の理由および地域内でのBFFの影響力と戦うためにこれが必要だと主張し、ベルギアの総督としての権限により地域の平和と安定のためにこのような政策を実施する法的権利があると述べている。状況は依然として緊迫しており、この政策がすでに脆弱なベルギアの社会構造にどのような影響を与えるか不透明だ。"
ReportData,0x0100005200060955,Turn06_Elections_RNCPollSurge,ReportProperties.Title,リジア国民連合、世論調査で支持率上昇
ReportData,0x0100005200060955,Turn06_Elections_RNCPollSurge,ReportProperties.Description,代議院選挙を前に行われた予備世論調査では、リジア国民連合への支持が急激かつ大幅に上昇していることが明らかになっている。
ReportData,0x010000A10000277F,Turn06_Elections_RPPPollSurge,ReportProperties.Title,リジア人民党、世論調査で支持率上昇
ReportData,0x010000A10000277F,Turn06_Elections_RPPPollSurge,ReportProperties.Description,代議院選挙を前に行われた予備世論調査では、リジア人民党への支持が急激かつ大幅に上昇していることが明らかになっている。
ReportData,0x010000460001AA88,Turn06_Erlory_ArcasianBase,ReportProperties.Title,エルローリー空軍基地の最新情報
ReportData,0x010000460001AA88,Turn06_Erlory_ArcasianBase,ReportProperties.Description,アルカシアは自国の航空機をエルローリー空軍基地に移動させる作業を完了した。新たな協定の条件により、アルカシア軍はソードランドへの物流・財政・装備面での支援と引き換えに、同空軍基地で燃料補給や修理を行うことが許可されている。
ReportData,0x010000460001AA10,Turn06_Erlory_DecreasedJustice,ReportProperties.Title,司法制度の逼迫
ReportData,0x010000460001AA10,Turn06_Erlory_DecreasedJustice,ReportProperties.Description,"司法省への資金投入が減少したことで、裁判案件の未処理残高が制御不能な水準に達している。ソードランド全土の地方裁判所から、未処理分を処理するのに十分な人員がいないという報告が相次いでいる。

現在の見積もりでは、現在の職員数では未処理案件を解消するのに約11年かかる見込みだ。"
ReportData,0x010000460001AA28,Turn06_Erzaren_BannedWPB,ReportProperties.Title,ブルディア分離主義者への厳しい取り締まり
ReportData,0x010000460001AA28,Turn06_Erzaren_BannedWPB,ReportProperties.Description,ベルギア総督フェリクス・ブロンは、地域警察がブルディア労働者党およびブルディア自由戦線が使用していた隠れた施設に潜入し、国家の敵60名を逮捕したと報告した。
ReportData,0x010000460001AA3C,Turn06_Erzaren_Emergency_Revoked,ReportProperties.Title,国民、国家非常事態の解除を祝う
ReportData,0x010000460001AA3C,Turn06_Erzaren_Emergency_Revoked,ReportProperties.Description,エルザレンの市民たちは国家非常事態の解除に前向きな反応を示し、町の広場で即興の花火が打ち上げられた。以前から多くの人々が自分たちの街における警察の増強に反対の声を上げていた。
ReportData,0x010000510002FC9A,Turn06_Erzaren_ProtestGovernor,ReportProperties.Title,ブロン総督の再定住命令に対する抗議
ReportData,0x010000510002FC9A,Turn06_Erzaren_ProtestGovernor,ReportProperties.Description,"エルザレンでは、ブロン総督の新たな「再定住」政策に対して大規模な抗議が起こった。この命令により、総督はBFFを支援している疑いのあるブルディア人を立ち退かせ、特別区内で彼らのコミュニティを分割する権限を与えられている。

抗議は概ね平和的だったが、群衆を解散させるためにベルギア治安部隊が到着すると緊張が高まり、小規模な衝突が発生した。総督の物議を醸す政策はブルディア人コミュニティや人権団体の間で広範な怒りを引き起こしており、彼らはこの命令の撤回を求めている。ベルギアの情勢は依然として不安定であり、緊張を和らげ、危機に平和的な解決策を見出すために政府が全当事者と対話を行うことが推奨される。"
ReportData,0x010000640000CDB4,Turn06_Estord_EnergyPricesHurt,ReportProperties.Title,エストードの住民が高騰するエネルギー価格の重荷を背負う
ReportData,0x010000640000CDB4,Turn06_Estord_EnergyPricesHurt,ReportProperties.Description,エストードの地では高騰するエネルギー価格が住民たちに苦痛をもたらしている。生活必需品の費用が急騰する中、住民は大きな負担を感じている。地域の生活水準や経済的福祉への悪影響が懸念され、即時の対策が求められている。
ReportData,0x010000A300000054,Turn06_FolceDator_MilitaryIndustryOutputIncrease,ReportProperties.Title,軍需産業、過去最高の生産量を目指す
ReportData,0x010000A300000054,Turn06_FolceDator_MilitaryIndustryOutputIncrease,ReportProperties.Description,フォルチェ・ダトールにある最近拡張された軍需工場は、今後数ヶ月間で国王の軍隊のために前例のない量の軍事装備を供給することを約束している。業界のリーダーたちはこれまでの政府の投資に感謝し、王室への借りを返済したいとの意向を表明した。一方、地元の労働者組合の一部は、労働時間が長くなり状況が悪化することを恐れ、このニュースに不満を示している。
ReportData,0x010000A30000005E,Turn06_FortAles_CityOnHighAlert,ReportProperties.Title,夜間外出禁止令が発令された
ReportData,0x010000A30000005E,Turn06_FortAles_CityOnHighAlert,ReportProperties.Description,アレス要塞の当局は午前8時から午後8時まで厳格な夜間外出禁止令を実施している。さらに、市民に対して夜間は照明を消すよう呼びかけており、潜在的な衝突に備えて記念建造物や重要インフラには砂袋が積まれている。
ReportData,0x010000A100002789,Turn06_FortAles_PalesIncursion,ReportProperties.Title,リジア軍、ナヴァール城を包囲
ReportData,0x010000A100002789,Turn06_FortAles_PalesIncursion,ReportProperties.Description,リジア軍はナヴァールにある古い要塞を包囲しており、アルカ川を渡ってリジアの領土を攻撃したパレス軍は今もそこに立てこもっている。要塞を奪取する前に、パレス軍はその地域を巡回していた6人のリジア兵を射殺した。現在もその地域から時折銃声が聞こえてくるが、まだ要塞への突入は起きていない。
ReportData,0x010000A100002793,Turn06_FortAles_PalesIncursionCleared,ReportProperties.Title,リジア軍、占領されていた城を奪還
ReportData,0x010000A100002793,Turn06_FortAles_PalesIncursionCleared,ReportProperties.Description,"パレス軍がリジア領内に侵入し、巡視隊を攻撃してナヴァールの要塞を占領した後、今度はリジア陸軍が反撃を開始した。要塞が占領されてからわずか数時間後、リジア陸軍はそこに突入し、中に立てこもっていた十数名のパレス兵を殺害したが、その過程で八人の兵士を失った。

銃撃戦は半時間しか続かず、歴史的に重要なこの場所を損傷させないよう細心の注意が払われた。"
ReportData,0x010000650000B9E1,Turn06_FortAles_WarEnlistments,ReportProperties.Title,アレス要塞の若者たちが徴兵運動を主導
ReportData,0x010000650000B9E1,Turn06_FortAles_WarEnlistments,ReportProperties.Description,この都市では、王室による戦争呼びかけを受けて、特に若者の間で軍への入隊が急増している。市内の歴史的な軍事アカデミーは活動の中心地となり、若い男女たちがリジアを守るために志願している。この熱意あふれる反応は、アレス要塞が軍指導者育成の拠点であり、この危機的な時期における軍隊の将来を形作る上で極めて重要な役割を果たしていることを示している。
ReportData,0x010000A100002818,Turn06_GRACE_SupportsRizia,ReportProperties.Title,GRACE、リジアの安全保障への支援を再確認
ReportData,0x010000A100002818,Turn06_GRACE_SupportsRizia,ReportProperties.Description,"GRACEはリジアが自国の利益を守る権利を支持している。我々はパレス側によるリジアの軍事施設への攻撃を非難し、より大規模な戦争を防ぐために迅速な紛争解決を呼びかける。

アウレウス・ガス田に関しては、同ガス田の50％以上がリジアの領海内に位置しているため、GRACEはリジアの主張を支持する。パレスが同ガス田に対する権利を主張しようとする試みは、リジアの主権侵害と見なすことができる。"
ReportData,0x010000650000CDB5,Turn06_GRACE_SupportsVendonesam,ReportProperties.Title,GRACE諸国、ヴェンドネサムへの支援を約束
ReportData,0x010000650000CDB5,Turn06_GRACE_SupportsVendonesam,ReportProperties.Description,"GRACEは、君主制統治の原則を守り地域の安定を促進する取り組みの一環として、ヴェンドネサムにおける君主主義勢力への支援強化を発表した。この措置は、国内で続く内戦の中で王党派軍が秩序を回復するのを助けることを目的としている。

物資供給、情報協力、外交的関与がGRACEの支援戦略の基盤となっている。同機関はヴェンドネサムの同盟国との揺るぎない連帯を再確認し、共通の課題に対処し世界の安定に貢献する上で君主制国家間の団結がいかに重要かを強調している。"
ReportData,0x010000460001AAAC,Turn06_Holsord_ACP_OldGuard,ReportProperties.Title,汚職捜査局の捜査状況更新
ReportData,0x010000460001AAAC,Turn06_Holsord_ACP_OldGuard,ReportProperties.Description,汚職捜査局は、オルソ・ホーカー、ヘロン・ガラチ、リリアス・グラーフ、ヴァルケン・クルーガーを含む「守旧派」の疑わしいメンバーについて予備調査を終えた。しかし、汚職やその他の不正行為の具体的な証拠はまだ明らかにされていない。
ReportData,0x010000460001AAB4,Turn06_Holsord_ACP_Oligarchs,ReportProperties.Title,汚職捜査局の捜査状況更新
ReportData,0x010000460001AAB4,Turn06_Holsord_ACP_Oligarchs,ReportProperties.Description,汚職捜査局はソードランドの主要な財閥であるマルセル・コロンティとウォルター・タスクについての予備調査を終えた。しかし、腐敗やその他の不正行為の具体的な証拠はまだ明らかになっていない。
ReportData,0x010000460001AAB0,Turn06_Holsord_ACP_Opposition,ReportProperties.Title,汚職捜査局の捜査状況更新
ReportData,0x010000460001AAB0,Turn06_Holsord_ACP_Opposition,ReportProperties.Description,汚職捜査局は反対派政党のメンバーに関する予備調査を終えた。しかし、腐敗やその他の不正行為の具体的な証拠はまだ明らかになっていない。
ReportData,0x010000510002FDBE,Turn06_Holsord_BludishReformCommittee,ReportProperties.Title,ブルディア人の権利が現行の改革案に加えられる見込み
ReportData,0x010000510002FDBE,Turn06_Holsord_BludishReformCommittee,ReportProperties.Description,"司法大臣のニア・モルグナによると、要請通り改革案に新たな変更を盛り込む可能性を検討するため改革委員会が設立され、すでに憲法の人種差別的要素を排除する目的で第6条および第7条を改正する提案の作成に取り組んでいるとのことだ。

現在、改革委員会は新たな提案への支持を得るため活動しており、独立議員のマンスン・レケやブルディア労働者党の指導者であるフェティ・エジャルを含むブルディア人権運動のリーダーたちも委員会に加わっている。"
ReportData,0x010000460001AAC4,Turn06_Holsord_CommunityPolice,ReportProperties.Title,地域警察の最新動向
ReportData,0x010000460001AAC4,Turn06_Holsord_CommunityPolice,ReportProperties.Description,地域警察は初回のボランティア訓練を終えた。ナルギス、アグンランド、ベルギア地方出身のソードランド人、ソードランド人、ブルディア人合計800人が、戦闘技術、緊張緩和策、応急処置、そしてソードランド法に関する教育を受けた。彼らは現在、それぞれの地域で警戒任務に就いている。
ReportData,0x010000460001AA44,Turn06_Holsord_EducationPrivatization,ReportProperties.Title,教育民営化の最新動向
ReportData,0x010000460001AA44,Turn06_Holsord_EducationPrivatization,ReportProperties.Description,教育省の報告によると、教育分野の民営化作業は順調に進んでおり、目標達成に向けて計画通りに推移している。民営化された学校や競合する民間投資家から得られた資金は、すでに多くの主要都市に新しい学校が開設され、教育の質が向上したという形で成果を上げている。
ReportData,0x010000640000CD54,Turn06_Holsord_EIRAProposal,ReportProperties.Title,ホルソードでエネルギーインフレ対策としてEIRA法案が提案される
ReportData,0x010000640000CD54,Turn06_Holsord_EIRAProposal,ReportProperties.Description,ホルソードの大国民議会は、最近のエネルギー価格高騰に対応してエネルギーインフレ抑制法（EIRA）を起草した。この法案ではガス価格の一時的な上限設定、エネルギー資源豊富国との二国間協定、そして国内のエネルギー生産拡大が提案されている。この包括的な対策は、エネルギー価格にかかるインフレ圧力を緩和し、国内経済の成長を促進することを目的としている。
ReportData,0x010000460001AA24,Turn06_Holsord_EmergencyReview_Revoked,ReportProperties.Title,最高裁判所、緊急事態の合憲性を遡及的に審査する
ReportData,0x010000460001AA24,Turn06_Holsord_EmergencyReview_Revoked,ReportProperties.Description,最高裁長官ホーカーは、過去の非常事態令が違憲であるとするフレンス・リクターの訴えを審査することに最高裁判所が合意したと発表した。最高裁判所はこの案件を受理し、非常事態令に対する遡及的な司法審査を行う予定である。
ReportData,0x010000460001AA20,Turn06_Holsord_EmergenyReview_Extended,ReportProperties.Title,最高裁判所、非常事態の合憲性を審査する
ReportData,0x010000460001AA20,Turn06_Holsord_EmergenyReview_Extended,ReportProperties.Description,最高裁長官ホーカーは、非常事態の違憲性に関するフレンス・リクターの申し立てを最高裁判所が審査することを受け入れたと発表した。最高裁判所はこの案件を受理し、非常事態令に対する司法審査を進める予定である。
ReportData,0x010000460001AA1C,Turn06_Holsord_ErsenCaseGoesToCourt,ReportProperties.Title,司法省、エルセン対ソードランド合意案を提出
ReportData,0x010000460001AA1C,Turn06_Holsord_ErsenCaseGoesToCourt,ReportProperties.Description,"司法省はエルセン対ソードランド事件を審査し、争議を最高裁判所に送る前に同意意見を出した。司法大臣のニア・モルグナはイシュヴァル・エルセンの案に賛同する姿勢を示し、多数派裁判官の反対意見は今後の憲法上の権利に関する判例に悪影響を与えると指摘した。

現在、この事件は最高裁判所の手に委ねられている。"
ReportData,0x010000460001A9F4,Turn06_Holsord_GeneralStaffGathers,ReportProperties.Title,参謀本部が集結
ReportData,0x010000460001A9F4,Turn06_Holsord_GeneralStaffGathers,ReportProperties.Description,今日、参謀本部はソードランドの安全保障状況を評価するため国防省に集まった。20人以上の高級将校が出席し、複数の作戦計画や国内の安定性、そして軍隊全体の状態について議論した。
ReportData,0x010000460001A9F8,Turn06_Holsord_GeneralStaff_NoConscription,ReportProperties.Title,参謀本部、声明を発表
ReportData,0x010000460001A9F8,Turn06_Holsord_GeneralStaff_NoConscription,ReportProperties.Description,参謀本部は、現政権が取っている反軍的な姿勢の危険性について声明を発表した。プレスリリースでは、大統領が軍隊を支持しないことが国の安定と防衛にとって重大な懸念事項であると強調されている。参謀本部は現役野戦軍の削減に反対した。
ReportData,0x010000460001AA50,Turn06_Holsord_InflationCrisis,ReportProperties.Title,インフレ危機がソードランドを襲う
ReportData,0x010000460001AA50,Turn06_Holsord_InflationCrisis,ReportProperties.Description,経済省の報告によると、最近の政府支出により国は継続的な負債状態に陥っている。多くの企業は中央銀行が赤字を埋め合わせるためにさらに多くのお金を発行するだろうと考えており、その結果として準備通貨を売却している。それにより経済全体における商品やサービス、賃金の価格が大幅に上昇している。同省の経済学者たちは、国が債務の罠にはまりつつあることを懸念している。
ReportData,0x010000460001AA0C,Turn06_Holsord_LanguageBill,ReportProperties.Title,ケサロにより起草された言語法案
ReportData,0x010000460001AA0C,Turn06_Holsord_LanguageBill,ReportProperties.Description,ケサロ・キベナーは、特定の外国語学習を除き、教育機関で受け入れられる言語をソードランド語のみとすることによってソードランドの教育を統一することを目的とした法案を準備している。
ReportData,0x010000460001AA00,Turn06_Holsord_NFP_Convinced,ReportProperties.Title,NFP会議
ReportData,0x010000460001AA00,Turn06_Holsord_NFP_Convinced,ReportProperties.Description,"昨日開催されたNFPの党大会において、ケサロ・キベナーはUSPが提案する憲法改正案に全面的な支持を表明した。彼は党員たちに対し、国のより大きな利益のために意見の相違を捨て、自分に続くよう呼びかけた。

NFPグループの副議長であるホルストロン氏は、党指導部が「より多くの有権者を引き付けるためにイメージを和らげ、党の真の目的から逸脱してしまった」と非難した。"
ReportData,0x010000460001AA08,Turn06_Holsord_NFP_NotConvinced,ReportProperties.Title,NFP副代表による声明
ReportData,0x010000460001AA08,Turn06_Holsord_NFP_NotConvinced,ReportProperties.Description,NFPグループの副議長であるホルストロン氏は公の場で声明を発表し、レイン大統領および憲法改正案を批判し、その提案を「時間と労力の無駄」と呼んだ。
ReportData,0x010000460001A9FC,Turn06_Holsord_PFJP_Convinced,ReportProperties.Title,PFJP会議
ReportData,0x010000460001A9FC,Turn06_Holsord_PFJP_Convinced,ReportProperties.Description,昨日開催されたPFJPの党大会において、フレンス・リクターはUSPが提案する憲法改正案に全面的な支持を表明した。彼は自党の党員たちに対し、国の利益のために意見の相違を捨て、この取り組みに同行するよう呼びかけた。
ReportData,0x010000460001AA04,Turn06_Holsord_PFJP_NotConvinced,ReportProperties.Title,PFJPプレスリリース
ReportData,0x010000460001AA04,Turn06_Holsord_PFJP_NotConvinced,ReportProperties.Description,今日の記者会見において、PFJPグループの副議長であるスハイル夫人は、自党がUSPが提案する憲法改正を阻止するために全力を尽くすと発表した。
ReportData,0x010000460001AACC,Turn06_Holsord_PrivatizationPlan,ReportProperties.Title,民営化計画案の提出
ReportData,0x010000460001AACC,Turn06_Holsord_PrivatizationPlan,ReportProperties.Description,保健省は、医療制度の資源を増やし、小規模な市場競争によってサービスの質を向上させるため、民営化案の策定を完了した。また、各省が提出した報告書では、潜在的な疫病発生時にソードランドが抱える弱点が指摘されている。ベニウォル大臣は、民間部門が新たな収益源の創出や新規サービスの提供を通じて少しでも支援すれば、医療制度によってさらに大きな成果が得られると報告した。
ReportData,0x0100006900002274,Turn06_Holsord_ReformCommitteeUpdate,ReportProperties.Title,提案の追加案に対する激しい反論
ReportData,0x0100006900002274,Turn06_Holsord_ReformCommitteeUpdate,ReportProperties.Description,"司法大臣のニア・モルグナによると、改革委員会は既に大きな進展を遂げており、USP所属の議員たちでさえブルディア人の権利擁護に賛同の意を示している。しかしUSPへの支持が高まった後、党指導部は会合を分裂させ、委員会の活動を遅らせたり妨害したりしようとしている。

現在、第6条および第7条の改正案についての議論が進行中だが、委員会内での激しい論争によりUSP指導部を説得することが困難になっている。USPのスポークスマンたちは、既に合意された案への新たな変更作業を中止するよう要求し、それを「憲法上のクーデター」と呼んでいる。"
ReportData,0x010000460001AAB8,Turn06_Holsord_SSP_OldGuard,ReportProperties.Title,特別高等警察の捜査進展状況
ReportData,0x010000460001AAB8,Turn06_Holsord_SSP_OldGuard,ReportProperties.Description,特別高等警察は、オルソ・ホーカー、ヘロン・ガラチ、リリアス・グラーフ、ヴァルケン・クルーガーを含む「守旧派」の疑いがある者に対する予備調査を終えた。しかし、汚職やその他の不正行為の具体的な証拠はまだ明らかになっていない。
ReportData,0x010000460001AAC0,Turn06_Holsord_SSP_Oligarchs,ReportProperties.Title,特別高等警察の捜査進展状況
ReportData,0x010000460001AAC0,Turn06_Holsord_SSP_Oligarchs,ReportProperties.Description,特別高等警察はソードランドの主要な財閥であるマルセル・コロンティとウォルター・タスクに関する予備調査を終えた。しかし、汚職やその他の不正行為の具体的な証拠はまだ明らかにされていない。
ReportData,0x010000460001AABC,Turn06_Holsord_SSP_Opposition,ReportProperties.Title,特別高等警察の捜査進展状況
ReportData,0x010000460001AABC,Turn06_Holsord_SSP_Opposition,ReportProperties.Description,特別高等警察は反対派のメンバーに関する予備調査を終えた。汚職やその他の不正行為の具体的な証拠はまだ明らかになっていない。
ReportData,0x010000460001AA30,Turn06_Holsord_YSJournalistArrested,ReportProperties.Title,ホルソード・ポストの記者たち、ソード青年団との関与で逮捕
ReportData,0x010000460001AA30,Turn06_Holsord_YSJournalistArrested,ReportProperties.Description,警察長官カール・グライザーは、ホルソード・ポストの記者たちに関する捜査が本日結論に達したと報告した。その結果、同新聞の編集長を含む4人の記者がソード青年団との関係があるとして拘束された。
ReportData,0x010000460001AA34,Turn06_Holsord_YSJournalistReleased,ReportProperties.Title,ホルソード・ポストの記者たちが釈放される
ReportData,0x010000460001AA34,Turn06_Holsord_YSJournalistReleased,ReportProperties.Description,『ホルソード・ポスト』の編集長を含む4人のジャーナリストは、ソード青年団との直接的な関与が原因で裁判を待っていたが、釈放された。彼らを釈放した当局は、逮捕に至った捜査には矛盾する情報が多く含まれており、有罪と断定するには不十分だったと述べた。
ReportData,0x010000A100002FBB,Turn06_Iza_Decision_FundReligiousCharities_Dastnurist,ReportProperties.Title,地元のダストヌリティ派共同体、慈善活動に満足
ReportData,0x010000A100002FBB,Turn06_Iza_Decision_FundReligiousCharities_Dastnurist,ReportProperties.Description,地元のダストヌリティ派グループは、国王が彼らの主要な慈善団体の一つに行った気前の良い寄付に対して感謝の意を表した。彼らによると、割り当てられた資金はイザのような人口集中地における移民の貧困緩和に役立てられるとのことだ。
ReportData,0x010000A1000027A7,Turn06_Iza_SuOminaDemandsWarLand,ReportProperties.Title,スー・オミナ、国境での事件を宣戦行為と呼ぶ
ReportData,0x010000A1000027A7,Turn06_Iza_SuOminaDemandsWarLand,ReportProperties.Description,超国家主義組織スー・オミナは、イザにあるリコ・トラスの王室邸宅で大規模な集会を開催した。この集会では、同組織は最近のパレス側によるリジア領への侵攻を戦争行為と呼び、王政に対して全面的な対応を要求し、パレスを再びリジアの支配下に戻すよう訴えた。
ReportData,0x010000A100002761,Turn06_Iza_SuOminaDemandsWarNaval,ReportProperties.Title,スー・オミナ、戦争を要求
ReportData,0x010000A100002761,Turn06_Iza_SuOminaDemandsWarNaval,ReportProperties.Description,イザで開催された大規模な集会において、極端ナショナリスト集団スー・オミナの指導者たちは、最近パレスの艦船がアウレウス・ガス田を取り巻くリジアの封鎖を突破しようとした試みを戦争行為だと宣言した。彼らはロムス王に対し厳しく反撃するよう要求し、紛争を激化させてパレスを再びリジアの支配下に置くことを呼びかけている。
ReportData,0x010000A10000279D,Turn06_Iza_SuOminaDenouncesWeakness,ReportProperties.Title,スー・オミナ、国王の弱さを非難する声明を発表
ReportData,0x010000A10000279D,Turn06_Iza_SuOminaDenouncesWeakness,ReportProperties.Description,スー・オミナは王室に対して厳しい非難を行い、多数の兵士を殺害した後でもなおパレス軍がリジアの土地を占領し続けている理由の説明を求めている。この極端な民族主義組織は、数日以内に状況が解決しなければ自ら準軍事部隊を派遣して城塞を奪還するとまで脅している。
ReportData,0x0100009D00000248,Turn06_Iza_SuOminaIntimidatesVoters,ReportProperties.Title,投票者への脅迫が相次ぐ中、イザでの投票率は低調
ReportData,0x0100009D00000248,Turn06_Iza_SuOminaIntimidatesVoters,ReportProperties.Description,RPPの代表者たちは、極端な民族主義団体であるスー・オミナの行為を卑劣なものだと評した。このグループの武装勢力は棍棒やその他の即席武器を持って市内のいくつかの重要な投票所を警戒し、民族的にリジア人に見えない有権者の立ち入りを拒んだのである。状況は緊張したものとなり数名が逮捕されたが、事態はエスカレートすることはなかった。しかし、これによってRPPの伝統的な強固な支持基盤である地域で予想外に低い投票率となった。
ReportData,0x010000A30000004A,Turn06_Iza_SuOminaMarchesToFront,ReportProperties.Title,スー・オミナの指導者たち、パレスへ向けた行進を開始
ReportData,0x010000A30000004A,Turn06_Iza_SuOminaMarchesToFront,ReportProperties.Description,スー・オミナの志願者数百人がイザを出発点としてパレス領の国境に向けた長距離行進を開始し、目的地に到達するまでに複数の町や都市を経由する予定だ。この組織の指導者たちは、共感する者は誰でも彼らの旅に加わるよう呼びかけており、将来的な衝突が発生した場合には国王への忠誠を誓っている。
ReportData,0x010000650000B9CD,Turn06_Iza_WarEnlistments,ReportProperties.Title,国民、リジア軍入隊のため集結
ReportData,0x010000650000B9CD,Turn06_Iza_WarEnlistments,ReportProperties.Description,この都市では戦争宣言に対して驚くべき反応が見られている。募集センターには国の召集に応じた市民で溢れかえっており、経験豊富なベテランから若い熱心家まで、多様な志願者集団がこの都市がリジアの大義に捧げる決意を象徴している。イザではその熱意が、地域社会の結束力と、戦争遂行のためあらゆる面で貢献しようとする姿勢を示している。
ReportData,0x010000A300000018,Turn06_Jales_CoastGuardIncreasesPresence,ReportProperties.Title,沿岸警備隊、巡視活動を強化
ReportData,0x010000A300000018,Turn06_Jales_CoastGuardIncreasesPresence,ReportProperties.Description,国境警備隊の拡充の一環として、沿岸警備隊にも多額の投資が行われた。リジアの長大な海岸線に不要な外部勢力が上陸するのを防ぐため、スーディス海での巡視が強化されている。
ReportData,0x010000460001AA2C,Turn06_Jen_EmergencyRally,ReportProperties.Title,非常事態にもかかわらず集会開催
ReportData,0x010000460001AA2C,Turn06_Jen_EmergencyRally,ReportProperties.Description,警察長官カール・グライザーの報告によると、今日早くに数百人が非常事態宣言にもかかわらず、マルキア海でのヴァルグスランド政府の行動に抗議するため街頭に出た。当局は抗議者たちに直ちに解散するよう警告し、集会に国家の敵対勢力が潜入する可能性があると伝えた。地元警察の警告を受けて群衆は何事もなく散会した。
ReportData,0x010000460001AA40,Turn06_Jen_Emergency_Revoked,ReportProperties.Title,ジェン国民、非常事態解除を強く非難
ReportData,0x010000460001AA40,Turn06_Jen_Emergency_Revoked,ReportProperties.Description,ジェンで開催された市議会の会合において、市民らはソードランドの非常事態宣言解除に対する不満を口にした。多くの人々は、これまで警察の増強によって安全だと感じていたが、今では新たな脅威に対してより脆弱になったと主張した。議会議員らは、市内にさらに多くの警官を雇用し配備することを約束した。
ReportData,0x010000460001AAA0,Turn06_Jen_YSArrested,ReportProperties.Title,警察、ソード青年団に対する急襲
ReportData,0x010000460001AAA0,Turn06_Jen_YSArrested,ReportProperties.Description,ジェンのセイント・ダスト地区にある地元パブで開かれていた集まりの場で、匿名の情報提供者から地元治安機関が警告を受けたことをきっかけに、危険な性質を持つソード青年団のメンバーたちが逮捕された。そのパブへの急襲により、起きた銃撃戦でソード青年団のメンバー2名と一般市民1名が死亡した。
ReportData,0x0100009D00000376,Turn06_Kyrute_CongratulateSuccesfulElections,ReportProperties.Title,キルート、リジアの選挙成功を祝う
ReportData,0x0100009D00000376,Turn06_Kyrute_CongratulateSuccesfulElections,ReportProperties.Description,キルート共和国は、順調に選挙が行われたことを受けてリジア王国に正式な祝賀の意を表した。同国は我が王国との外交関係を継続しようとする意向を示し、平和な未来が訪れることを願った。
ReportData,0x010000460001A9E8,Turn06_Lachaven_L1_SSC_Delayed,ReportProperties.Title,L-1鉄道建設の最新状況
ReportData,0x010000460001A9E8,Turn06_Lachaven_L1_SSC_Delayed,ReportProperties.Description,ソードランド国営公社は、L-1鉄道の建設が正式に1年間延期されたと報告している。このプロジェクトの責任者たちは公式声明を通じて謝罪し、自らの責任であると述べた。
ReportData,0x010000460001A9EC,Turn06_Lachaven_L1_Taurus_Delayed,ReportProperties.Title,L-1鉄道建設の最新状況
ReportData,0x010000460001A9EC,Turn06_Lachaven_L1_Taurus_Delayed,ReportProperties.Description,タウルス・ホールディングは、L-1鉄道の建設が正式に1年延期されたと報告している。同プロジェクトの責任者らは公式声明で謝罪し、この遅延の原因をストライキにあると述べた。
ReportData,0x010000460001AA68,Turn06_Lachaven_MarketsCrash,ReportProperties.Title,黒の火曜日、ラハベンを襲う
ReportData,0x010000460001AA68,Turn06_Lachaven_MarketsCrash,ReportProperties.Description,市場の暴落によりラハベンは混乱に陥っている。この都市の最も影響力のある企業の一部は既に破産を宣言し、リパブリック・アベニュー沿いの店舗も略奪が起こる可能性を見越して窓に板を打ち付けている。市民が非必需品への支出を減らしたため、ラハベンで有名なバーやクラブも稼働率が半分程度にとどまっている。
ReportData,0x010000640000CD74,Turn06_Lachaven_NBCPricesBalanced,ReportProperties.Title,ラハベンでエネルギー価格が安定、NBCが報じる
ReportData,0x010000640000CD74,Turn06_Lachaven_NBCPricesBalanced,ReportProperties.Description,ラハベンにある国民経済連盟は、エネルギー市場が均衡を保っていると報告している。地域による変動があるものの、ラハベンではエネルギー価格が安定しており、それが地元経済に好影響を与えている。この安定性によって好ましいビジネス環境が育まれ、国民の経済的福祉が向上している。
ReportData,0x010000640000CD6C,Turn06_Lachaven_NBCPricesFluctuate,ReportProperties.Title,NBCの報道によると、エネルギー価格の変動が懸念を招いている
ReportData,0x010000640000CD6C,Turn06_Lachaven_NBCPricesFluctuate,ReportProperties.Description,ラハベンにある国民経済連盟から、エネルギー価格の変動が報告されている。こうした変動により地域経済に不確実性が生じ、家庭や企業の間で懸念が広がっている。政策決定者たちと同連盟は状況を密接に監視し、エネルギー市場を安定させるための対策を検討している。
ReportData,0x010000640000CD64,Turn06_Lachaven_NBCPricesSurge,ReportProperties.Title,エネルギー価格の急騰がNBCを警戒させる
ReportData,0x010000640000CD64,Turn06_Lachaven_NBCPricesSurge,ReportProperties.Description,ラハベンにある国民経済連盟から、エネルギー価格の急騰が報告されている。この急激な上昇は広範な苦悩を引き起こしており、高騰したエネルギーコストが家庭や企業に悪影響を及ぼしている。エネルギー市場の劇的な変化が警鐘を鳴らしており、その影響を軽減するための戦略を急ぎ策定すべきだという声が上がっている。
ReportData,0x010000460001AA70,Turn06_Lachaven_TradeWar,ReportProperties.Title,ラハベンで物価が急落
ReportData,0x010000460001AA70,Turn06_Lachaven_TradeWar,ReportProperties.Description,ラハベンはアルカシアとの貿易戦争の影響で依然として混乱が続いており、同国最大の輸出業者たちの製品価値が急激に下落している。これにより多くの企業が破産する見込みであり、ラハベンの観光業や夜間娯楽業界にも大きな被害が出ると予想される。
ReportData,0x0100009D0000038A,Turn06_Lespia_CongratulateFreeElections,ReportProperties.Title,レスピア、リジアの自由選挙を祝う
ReportData,0x0100009D0000038A,Turn06_Lespia_CongratulateFreeElections,ReportProperties.Description,レスピアのアルバレス首相は、歴史上初めて自由かつ公正な選挙を実施するというリジアの決定に支持の意を示した。彼は、投票間近という時期に選挙法を改革するというロムス国王の勇敢な決断を称賛した。
ReportData,0x010000A10000295F,Turn06_MaveNortus_IntelligenceTrainingOperations,ReportProperties.Title,情報センター、言語教育プログラムを開始
ReportData,0x010000A10000295F,Turn06_MaveNortus_IntelligenceTrainingOperations,ReportProperties.Description,新たに設立されたマーヴェ・ノルトゥス情報拠点は引き続き活動を強化しており、ヴェゼク語の専門家たちが新しい工作員たちにその言語を教えている。この難解な言語に精通することで、工作員たちがジル地域に溶け込むのに役立つはずだ。
ReportData,0x010000A1000025D7,Turn06_Mermi_SuOminaBoatRally,ReportProperties.Title,スー・オミナ、ボートレースを開始
ReportData,0x010000A1000025D7,Turn06_Mermi_SuOminaBoatRally,ReportProperties.Description,今日、メルミの港には数百隻もの小型船が集まり、リジアおよびスー・オミナの旗が数多く掲げられていた。この集団は、ANの判決を受けてリジア海軍がアウレウス・ガス田から撤退したことに対し、君主制に向けた厳しい批判を行った。当初の集会の目的は争議中のガス田まで船で進軍することだったが、沿岸警備隊が迅速に介入し、船団を港へと戻すよう誘導した。
ReportData,0x010000A30000000E,Turn06_Mermi_TroopMovements,ReportProperties.Title,リジア軍部隊が南へ進軍
ReportData,0x010000A30000000E,Turn06_Mermi_TroopMovements,ReportProperties.Description,リジア軍の部隊がメルミ地域で移動しており、パレス国境に向けた戦略的再配置に参加している。全く新しいトペス・メルミ・アレス要塞間の戦略的連携プロジェクトがこれほど大規模に活用されるのは初めてで、戦車やその他の軍用車両の部隊がこの路線に沿って南へと進んでいる。
ReportData,0x010000A100002E21,Turn06_MITZ_Decision_MalenyevistWorkerStrike_SolidarityStrike,ReportProperties.Title,MITZ労働者たち、連帯ストライキを宣言
ReportData,0x010000A100002E21,Turn06_MITZ_Decision_MalenyevistWorkerStrike_SolidarityStrike,ReportProperties.Description,モレラの鉱山労働者組合は、国境を越えたすぐ向こう側のアルグノで起きているストライキに連帯し、1日間のストライキを呼びかけている。AMWUはまた、その地域で活動するリジア人労働者たちを動員し、アルグノからも労働者を招いてメフティエムの町で開催された大規模集会で演説させた。
ReportData,0x010000CA00001815,Turn06_Monqiz_Decision_CigarettesFloodMarket_DistributeDiscounted,ReportProperties.Title,タバコの価格が大幅に引き下げられ、販売量が急増
ReportData,0x010000CA00001815,Turn06_Monqiz_Decision_CigarettesFloodMarket_DistributeDiscounted,ReportProperties.Description,"王室はたばこ税を引き下げたため、モンキズ全土でタバコの価格が急落した。人気のたばこ店の外には長い列ができるほど商売は好調だ。

この措置が特に若者の間で長期的な依存を助長するのではないかと懸念する声もある。一方、ダストヌリティ派の指導者たちは道徳的・健康上の問題を理由に強く反対の意を示している。"
ReportData,0x010000CA00001853,Turn06_Monqiz_Decision_CigarettesFloodMarket_DistributeFree,ReportProperties.Title,無償の煙
ReportData,0x010000CA00001853,Turn06_Monqiz_Decision_CigarettesFloodMarket_DistributeFree,ReportProperties.Description,"モンキズや周辺の都市では、タバコの箱が無料で配られている。配布場所には、そのプレゼントを求めて群衆が集まっている。

一般の人々の気持ちは明るく見えるものの、保健当局者や宗教指導者たちは長期的な悪影響について警告している。ダストヌリティ派の聖堂数か所が、この政策を非難する声明を出している。"
ReportData,0x010000CA0000185E,Turn06_Monqiz_Decision_CigarettesFloodMarket_DistributeWehlenTabaccoFree,ReportProperties.Title,自由なヴェーレンのタバコ
ReportData,0x010000CA0000185E,Turn06_Monqiz_Decision_CigarettesFloodMarket_DistributeWehlenTabaccoFree,ReportProperties.Description,ヴェーレンから輸入されたタバコがリジアの市場に溢れ出し、前例のない喫煙品配布キャンペーンを促進している。地元当局によると、特に若年層を中心に喫煙率が急上昇しているとのことだ。プラヴォやモンキズでは、聖職者たちがその道徳的影響について懸念の声を上げている。
ReportData,0x010000CA00001872,Turn06_Monqiz_Decision_CigarettesFloodMarket_DontMeddle,ReportProperties.Title,タバコの売上が急増
ReportData,0x010000CA00001872,Turn06_Monqiz_Decision_CigarettesFloodMarket_DontMeddle,ReportProperties.Description,タバコ製品の流入が止まる気配もなく続く中、モンキズのたばこ店では過去最高の売上が記録されており、一方で検査官たちは密輸品の有無を静かに監視している。公衆衛生の専門家たちは、長期的な影響に備えていると述べている。現時点では、煙は自由に立ち上っている。
ReportData,0x010000CA000017EB,Turn06_Monqiz_Decision_CigarettesFloodMarket_LaunchAwareness,ReportProperties.Title,キャンペーン、喫煙の危険性を警告
ReportData,0x010000CA000017EB,Turn06_Monqiz_Decision_CigarettesFloodMarket_LaunchAwareness,ReportProperties.Description,"クラウンが後援する健康啓発キャンペーンの一環として、パンフレットやイラスト入りポスター、ラジオ放送がモンキズ全土で順次配布され始めている。

たばこは依然として広く入手可能な状態にあるものの、当局者らは意識向上を通じて国民がより良い選択をするよう導きたいと考えている。

一部のたばこ店経営者はこのキャンペーンが売上に影響を与えるのではないかと懸念している一方、医師や教育関係者らは予防重視への転換を歓迎している。"
ReportData,0x010000A100002D3A,Turn06_Monqiz_Decision_PublicTransportationWorse,ReportProperties.Title,鉄道が恒久的に運行停止となる
ReportData,0x010000A100002D3A,Turn06_Monqiz_Decision_PublicTransportationWorse,ReportProperties.Description,一連の故障とますます高額になる修理費用のため、ポルテ・ドラゾン－モンキズ間の鉄道は無期限で運行を停止されている。リジアの鉄道当局責任者は声明の中で、「大幅な投資が行われない限り、ますます多くの路線が老朽化のため使えなくなっていくだろう」と述べた。
ReportData,0x010000650000B9D7,Turn06_Monqiz_WarEnlistments,ReportProperties.Title,モンキズ、軍動員に強力な対応を
ReportData,0x010000650000B9D7,Turn06_Monqiz_WarEnlistments,ReportProperties.Description,戦争動員に対する反応は圧倒的に好意的である。あらゆる階層の市民が大勢で募集センターに集まり、リジアの軍事作戦を支援しようとする熱意を示している。豊かな文化的多様性で知られるこの都市では、地域の指導者や地元団体が積極的に戦争への参加を呼びかけ、団結した姿勢を見せている。
ReportData,0x010000A300000040,Turn06_Montaklar_AzaroRalliesForWar,ReportProperties.Title,アザロ家、軍事パレードを開催
ReportData,0x010000A300000040,Turn06_Montaklar_AzaroRalliesForWar,ReportProperties.Description,モンタクラルにてアザロ城の前で軍事パレードが行われた。主に側近の護衛や有力な家系の人物だけが参加するという、極めて象徴的なものであったが、それでもなおその家系が軍事力強化に尽力していることを示していた。
ReportData,0x010000650000B9EB,Turn06_Montaklar_WarEnlistments,ReportProperties.Title,採用窓口で過去最高の来場者数
ReportData,0x010000650000B9EB,Turn06_Montaklar_WarEnlistments,ReportProperties.Description,老若男女がパレスとの戦争においてリジアに奉仕することを熱望し、募集所に殺到しているため、愛国心の高まりは明らかである。共通の目的で結ばれた長い志願者の列は、この都市が国家のために揺るぎない献身を示している証拠だ。地元当局によると、徴兵数が前例のないほど増加しており、これはモンタクラルの強固な軍服務の伝統と、住民たちが故郷を守る決意を反映している。
ReportData,0x0100009D00000380,Turn06_Morella_CongraltulateRPPWin,ReportProperties.Title,モレラ、RPPに連帯を表明
ReportData,0x0100009D00000380,Turn06_Morella_CongraltulateRPPWin,ReportProperties.Description,モレラの首相であるアルマ・サルタナは、リジア選挙におけるRPPの勝利を祝した。彼女はリジアの野党と自らの政党との間の共通する価値観を強調し、ロムス国王に対して結果を尊重し、RPPとの建設的な協力に前向きであるよう呼びかけた。
ReportData,0x0100006500005AAF,Turn06_Morna_EnergyFluctImpact,ReportProperties.Title,エネルギー変動がローレンのモルナに影響を与える
ReportData,0x0100006500005AAF,Turn06_Morna_EnergyFluctImpact,ReportProperties.Description,ローレンのモルナにおけるエネルギー価格の変動は大きな経済的影響をもたらしている。家庭や企業はエネルギーコストの不確実性と不安定さに苦しめられ、財政的圧力が生じ、事業活動も低下している。地方自治体ではエネルギー市場を安定させ、その影響を軽減するための介入策を検討している。
ReportData,0x010000640000CA31,Turn06_Morna_EnergySurgeImpact,ReportProperties.Title,モルナでエネルギー価格の急騰が課題を生む
ReportData,0x010000640000CA31,Turn06_Morna_EnergySurgeImpact,ReportProperties.Description,モルナは最近のエネルギー価格急騰により経済的な困難に直面している。この急激な値上げによって家庭や企業に重い財政的負担が課され、深刻な経済的苦境を招いている。この状況には、その影響に対抗し経済の安定を回復させるための即時かつ効果的な戦略が求められている。
ReportData,0x010000640000CA39,Turn06_Morna_ForeignEnergyInvestments,ReportProperties.Title,石炭分野への外国投資が急増
ReportData,0x010000640000CA39,Turn06_Morna_ForeignEnergyInvestments,ReportProperties.Description,エネルギー保護法の最近の改正に伴い、モルナでは石炭分野への外国投資が急増している。緩和された規制によって海外資本が流入し、苦境にあるローレンの石炭産業に必要な支援がもたらされている。この動向は、同産業の復活と地域経済にとって有望な見通しを示している。
ReportData,0x010000460001AA5C,Turn06_Morna_LorrenInvested,ReportProperties.Title,ローレン知事、結果を報告
ReportData,0x010000460001AA5C,Turn06_Morna_LorrenInvested,ReportProperties.Description,"ローレンの知事は、政府によって提供された投資がモルナでの新規企業向け各種プログラムや技術見本市を通じて活用されていると報告している。

この機会により地域全体の起業意欲が高まり、ローレンの経済が活性化し、近隣諸国・地域との貿易もさらに拡大した。"
ReportData,0x010000460001AA98,Turn06_Morna_PoliceViolence,ReportProperties.Title,警察の暴力行為
ReportData,0x010000460001AA98,Turn06_Morna_PoliceViolence,ReportProperties.Description,モルナの警察長は、公共の秩序維持における地元治安部隊の業績に関する評価報告書を提出した。警察長によれば、同部隊は十数件の騒乱事件を鎮圧し、治安部隊側の死者はほとんど出なかったという。
ReportData,0x010000460001AA94,Turn06_Narbel_Protests,ReportProperties.Title,ナルベルで抗議活動が発生
ReportData,0x010000460001AA94,Turn06_Narbel_Protests,ReportProperties.Description,ナルベル市の市長によると、政府に抗議するため5000人のデモ参加者が市内の街頭に集まったとのことだ。デモは平和的に行われ、4時間後に市民たちは静かに解散した。
ReportData,0x010000A100002757,Turn06_Pales_AntiRizianProtests,ReportProperties.Title,数千人が船員の死に対する処罰を求めてデモ行進
ReportData,0x010000A100002757,Turn06_Pales_AntiRizianProtests,ReportProperties.Description,パレスの各都市に数十万人もの人々が集まり、リジア側の戦争犯罪と見なされる行為に対して国際社会に措置を取るよう要求している。リジアの艦船によるパレス船舶の沈没と、その後その船に乗っていた水兵たちの救出失敗が、パレス社会のあらゆる層で激しい怒りを引き起こしている。
ReportData,0x010000A1000036F1,Turn06_Pales_Decision_SabotagePalesianDefences,ReportProperties.Title,パレス大公国、リジアの秘密活動を非難
ReportData,0x010000A1000036F1,Turn06_Pales_Decision_SabotagePalesianDefences,ReportProperties.Description,パレスの官僚たちは我が国を激しく非難し、重要な軍事インフラを破壊したと告発している。また同国は国際社会に助けを求め、両国間の軍事的対立を避けるため我が王国に外交的圧力をかけてほしいと訴えている。
ReportData,0x010000520005C3A8,Turn06_Pales_Mobilizes,ReportProperties.Title,パレス大公国、侵攻を非難し国際的支援を呼びかける
ReportData,0x010000520005C3A8,Turn06_Pales_Mobilizes,ReportProperties.Description,パレス大公国のアクセル・ラインハルト大公は、リジアによる侵攻を厳しく非難し、この侵略行為に対して国際社会がパレスと共に立つよう呼びかけている。パレスは国内全体の動員を宣言し、働ける若い男性全員に軍隊入隊を要請するとともに、経済を戦時体制へと転換させることを進めている。
ReportData,0x010000A1000025C4,Turn06_Pales_NavyPutOnHighAlert,ReportProperties.Title,パレス海軍、封鎖に挑む準備万端
ReportData,0x010000A1000025C4,Turn06_Pales_NavyPutOnHighAlert,ReportProperties.Description,パレス大公国は、リジアの艦船によるアウレウス・ガス田の封鎖に抵抗するため海軍を準備していると発表した。同国は国際連盟の判決によればガス田の封鎖は国際法に対する重大な違反であると指摘し、紛争を拡大する意図はないものの、パレス海軍は国際連盟の判決を断固として実行するつもりだと述べた。
ReportData,0x010000A100002844,Turn06_Pales_ThanksRomusForVisit,ReportProperties.Title,パレス、ロムス国王の訪問に感謝
ReportData,0x010000A100002844,Turn06_Pales_ThanksRomusForVisit,ReportProperties.Description,パレス政府は、緊張した状況がさらに悪化するのを防ぐために迅速にパレスを訪れてくれたロムス王に感謝している。パレスは、今後リジアとの関係が互いの尊敬と理解に基づき、実り多いものとなることを望んでいる。
ReportData,0x010000A100002802,Turn06_Pales_VinaKeptHostage,ReportProperties.Title,ヴィナ王女、パレスで拘束される見通し
ReportData,0x010000A100002802,Turn06_Pales_VinaKeptHostage,ReportProperties.Description,ラインハルト政権は、パレスにおけるヴィナ王女の外交任務が終了したにもかかわらず、同王女の帰国を許可しないと発表した。彼らの声明によれば、王女は場所が明かされていない場所に拘束されており、現在の紛争に解決策が見出され次第リジアへ飛行機で送還される予定だ。
ReportData,0x010000520005C3B4,Turn06_Pales_VinaSentBack,ReportProperties.Title,王女、リジア行きの飛行機に乗る
ReportData,0x010000520005C3B4,Turn06_Pales_VinaSentBack,ReportProperties.Description,ヴィナ王女はパレスにおける外交任務を正式に終了し、安全にチャーター機へと護送された。今夜中にポルテ・ドラゾンに到着する見込みだ。
ReportData,0x010000A100002FB1,Turn06_Plavo_Decision_FundReligiousCharities_Golcondist,ReportProperties.Title,地元のゴルコンド主義共同体、慈善活動への支出を歓迎
ReportData,0x010000A100002FB1,Turn06_Plavo_Decision_FundReligiousCharities_Golcondist,ReportProperties.Description,地元のゴルコンド主義集団は、中央政府から配分された慈善資金を歓迎している。彼らはその資金が賢明に使われ、最も必要とする人々の手に渡ると約束している。
ReportData,0x010000A300000022,Turn06_PorteDrazon_CommunicationsBlackout,ReportProperties.Title,リジア・インペリイ全土で通信が断絶
ReportData,0x010000A300000022,Turn06_PorteDrazon_CommunicationsBlackout,ReportProperties.Description,外国のスパイ活動を妨げ、不安定な事態を避けるため、宮殿はリジア・インペリイの全州において電波や電話回線をすべて遮断するよう命じた。この厳しい措置は、国の安全保障を危険にさらす可能性のある重大な事態が間もなく起ころうとしていることを示している。
ReportData,0x010000A100000198,Turn06_PorteDrazon_HomelessnessSkyrockets,ReportProperties.Title,メルコパ南東部でホームレス率が最も高く
ReportData,0x010000A100000198,Turn06_PorteDrazon_HomelessnessSkyrockets,ReportProperties.Description,ポルテ・ドラゾンのホームレス率は新たな記録を打ち立て、0.8％という閾値を超えることでこの地域の他のどの都市よりも高くなった。市の関係者によれば、これが人気観光地としての同市の世界的な評判を脅かし始めているという。
ReportData,0x0100005200046CB7,Turn06_PorteDrazon_LucitaArrested,ReportProperties.Title,ルシータ・アザロ、反逆罪で拘束される
ReportData,0x0100005200046CB7,Turn06_PorteDrazon_LucitaArrested,ReportProperties.Description,"近衛兵は、カルデス＝モンタクラル公爵でありリジアの王室戦略安全保障顧問でもあるルシータ・アザロを拘束し収監した。国王陛下の命令により、間もなくリジア・インペリイ警察による正式な逮捕が行われる予定だ。

拘置所へ向かう途中、アザロ女公爵は自身の無実を主張し、国王との面会を要求した。しかし彼女の要請は拒否された。"
ReportData,0x010000A300000275,Turn06_PorteDrazon_LucitaBehindIncident,ReportProperties.Title,調査の結果、国境での事件はルシータが黒幕だったことが明らかに
ReportData,0x010000A300000275,Turn06_PorteDrazon_LucitaBehindIncident,ReportProperties.Description,パレスとリジアの間で起きた国境事件に関する共同調査により、予想外の犯人が明らかになった。それはルシータ・アザロだった。カルデス＝モンタクラル女公爵であり戦争評議会の顧問でもある彼女が、リジアとパレスの間のより大規模な衝突を引き起こすためにこの事件を仕組んだことが判明した。
ReportData,0x0100005200021904,Turn06_PorteDrazon_ShareField_Agreement,ReportProperties.Title,リジアとパレス、ガス田の共同所有契約の起草を開始
ReportData,0x0100005200021904,Turn06_PorteDrazon_ShareField_Agreement,ReportProperties.Description,アクセル・ラインハルト大公との協議を経て、リジア王国およびパレス大公国の経済省はアウレウス・ガス田に関する資源共有協定の起草を開始することになった。国王と大公は今後数ヶ月のうちにその協定を閲覧する機会を得るだろう。
ReportData,0x010000AF00001D2C,Turn06_PorteDrazon_SuspiciousNewEmployees,ReportProperties.Title,新規採用者の疑わしい動きが報告される
ReportData,0x010000AF00001D2C,Turn06_PorteDrazon_SuspiciousNewEmployees,ReportProperties.Description,国内の内部勧告に基づき、地方当局は同国のエネルギー会社に新たに採用された人員に対して標準的な背景調査を開始した。これらのチェックは、継続的な労働力の誠実性評価の一環として分類されており、システムのセキュリティや緊急時対応手順を含む運用規程に関する異常な問い合わせがあったという報告を受けて実施された。当局者らは、この措置は予防的なものであり、通常の規制監督と矛盾しないと主張している。
ReportData,0x010000A100002667,Turn06_PorteDrazon_VigilForVina,ReportProperties.Title,ヴィナを悼む追悼集会に大群衆
ReportData,0x010000A100002667,Turn06_PorteDrazon_VigilForVina,ReportProperties.Description,緊張が高まる中、パレスから無事帰還するヴィナ王女のために行われた夜間の祈りの集会により、100万人以上が首都の街頭に集まった。参加者にはキャンドルが配られ、キャンドルの光に照らされた街並みは幻想的な光景を呈し、広大な大通りには宗教的な唱和声が響き渡った。
ReportData,0x010000A100002560,Turn06_Report_Aureus_TensionsRiseAwaitingAN,ReportProperties.Title,ANの決定が近づくにつれて緊張が高まる
ReportData,0x010000A100002560,Turn06_Report_Aureus_TensionsRiseAwaitingAN,ReportProperties.Description,係争中のアウレウス・ガス田を巡ってリジアとパレスの船舶間で続く対立は、この問題を審理する待望の国際連盟の仲裁が近づくにつれてますます激化している。両側は互いの船舶を危険にさらす危険な動きを相手方に非難し合っており、船舶に搭載された大型スピーカーから頻繁に宣伝放送が行われている。
ReportData,0x010000460001AAA4,Turn06_Ribel_WPBArrested,ReportProperties.Title,WPBによる違法行為
ReportData,0x010000460001AAA4,Turn06_Ribel_WPBArrested,ReportProperties.Description,国家憲兵隊の部隊はリベルの田園地帯で正体不明の車両に出くわし、さらに調査を進めた結果、禁止されているブルディア労働者党のメンバーが隠れて集まっていることを発見した。兵士たちによってその場所が急襲され、容疑者の一部は車両で逃走したものの、ほとんどが無事に拘束された。
ReportData,0x010000650000515F,Turn06_Rizia_ConcernsGolcondistRefugees,ReportProperties.Title,リジア、ゴルコンド主義者の難民問題を懸念
ReportData,0x010000650000515F,Turn06_Rizia_ConcernsGolcondistRefugees,ReportProperties.Description,ロムス王は、ヴェーレン・ソードランド国境での緊張が高まる中、ブルディア系ゴルコンド主義者の難民が大量に流入する可能性について懸念を示した。同王はソードランドが迅速かつ人道的に対応する必要があると強調し、弱い立場にある人々を保護し、彼らが国内で安全に滞在できるよう取り組むことを訴えた。
ReportData,0x0100009D0000036C,Turn06_Rumburg_CongratulateRNCWin,ReportProperties.Title,義姉からのメッセージ
ReportData,0x0100009D0000036C,Turn06_Rumburg_CongratulateRNCWin,ReportProperties.Description,"親愛なるロムスへ、

ルンブルク王国を代表して、今回の選挙でRNCが勝利したことに対し公式な祝意を表したいと思う。あなたの国民がどれほどあなたを支持しているかを見て、私は大変心温まる。"
ReportData,0x01000065000051A7,Turn06_Rumburg_HailsEnergyCooperation,ReportProperties.Title,ルンブルク、ソードランドとのエネルギー協力を歓迎
ReportData,0x01000065000051A7,Turn06_Rumburg_HailsEnergyCooperation,ReportProperties.Description,"ベアトリス・リヴィングストン女王は、ソードランドがリジアのリジア石油ガス公社国営公社と行うエネルギー分野での協力や、それによってエネルギー保護法の制限が緩和されたことを称賛した。ロイヤル・エメラルド・エナジーを通じてガソムやその他のソードランド系民間エネルギー企業に大規模な投資を行っているルンブルクも、この協力から利益を得る見込みである。

他のGRACEメンバー同様、ルンブルクもこれらの動きを政府間機関以外での経済的相互依存を深める好機と捉え、より繁栄した協力関係に向けて楽観視している。"
ReportData,0x010000460001B697,Turn06_Rumburg_JointOperation_Condemn,ReportProperties.Title,ルンブルク、ブルディア人に対する「テロ」を非難
ReportData,0x010000460001B697,Turn06_Rumburg_JointOperation_Condemn,ReportProperties.Description,公式な声明の中で、ルンブルクのベアトリス女王はソードランドとヴェーレンがブルディア自由戦線に対して行った共同作戦を非難し、それを「恐怖政治の宣伝活動」と呼んだ。これにより、ルンブルクが自由戦線の闘争を支援しているという疑念に重みが加わっている。
ReportData,0x010000A1000004AF,Turn06_Sallabas_DrugHousingEstates,ReportProperties.Title,地元の土地所有者たち、薬物乱用に苦情を申し立てる
ReportData,0x010000A1000004AF,Turn06_Sallabas_DrugHousingEstates,ReportProperties.Description,地元の土地所有者たちの連合体が賃借人保護法に対して正式な苦情を提出し、市内での麻薬使用の増加が自分たちの所有地の清潔さや安全性に悪影響を与えていると主張している。また、以前の法律では簡単に賃借人を立ち退かせることができたが、今ではもはやそうはいかないと述べている。
ReportData,0x010000A100002D58,Turn06_Sordland_BlackTuesday,ReportProperties.Title,ソードランド人、黒の火曜日対応に奔走
ReportData,0x010000A100002D58,Turn06_Sordland_BlackTuesday,ReportProperties.Description,今日、ソードランド周辺ではブラック・ターズデーにより金融崩壊が起こり、店舗は閉鎖され、物価が急速に3倍に上昇した状況に慌てて対応せざるを得なかった。国中で、この危機が引き起こす大規模なパニックの影響で、何千人もの人々が必要な物資を買うために店舗の前に列を作って待っている姿が見られた。今や金融上の悪影響はソードランド社会のあらゆる面に及んでおり、それ以外の地域にも波及している。
ReportData,0x0100009D0000039E,Turn06_Sordland_CongratulateRNCWin,ReportProperties.Title,アントン・レイン、RNCを祝う
ReportData,0x0100009D0000039E,Turn06_Sordland_CongratulateRNCWin,ReportProperties.Description,ソードランド人のスーディス海におけるスーディシュ大統領アントン・レインは、RNCの選挙勝利を正式に祝い、この勝利を地域にとっての「安定と秩序のための偉大な勝利」と表現した。彼はさらに、今や強化された我が国の君主制との関係を引き続き改善していきたいという意向を示した。
ReportData,0x0100009D00000394,Turn06_Sordland_CongratulateRPPWin,ReportProperties.Title,アントン・レイン、RPPを祝う
ReportData,0x0100009D00000394,Turn06_Sordland_CongratulateRPPWin,ReportProperties.Description,ソードランド人のスーディス海におけるスーディシュ大統領アントン・レインは、RPPの選挙勝利を祝い、自身が率いるUSPとリジア党の両者がそれぞれの国を民主化するという目標を共有していることを強調した。
ReportData,0x010000A100002AA8,Turn06_Terador_AirbaseStormed,ReportProperties.Title,抗議者たち、航空基地への強行突入を試みる
ReportData,0x010000A100002AA8,Turn06_Terador_AirbaseStormed,ReportProperties.Description,夜明け頃、反戦活動家たちはパレス領空上で任務に向かって最初の飛行機が離陸する中、新たに拡張されたテラドールの航空基地を強襲しようと試みた。国家安全保障の観点から軍隊は迅速に抗議者たちを追い散らし、施設周辺の森林では時折銃声が聞かれたと報告されている。
ReportData,0x010000A100002A9E,Turn06_Terador_AirbaseVisit,ReportProperties.Title,国王、テラドール空軍基地を視察
ReportData,0x010000A100002A9E,Turn06_Terador_AirbaseVisit,ReportProperties.Description,アザロ女公爵と共に、ロムス王はテラドール空軍基地を視察し、その過程でリジアの空軍の状況を確認するとともに、リジアで最も功績のあるパイロットたちと面会した。
ReportData,0x010000A300000090,Turn06_Terador_AribaseStormed,ReportProperties.Title,抗議者たち、航空基地への強行突入を試みる
ReportData,0x010000A300000090,Turn06_Terador_AribaseStormed,ReportProperties.Description,夜明け頃、反戦活動家たちはパレス領空上で任務に向かって最初の飛行機が離陸する中、新たに拡張されたテラドールの航空基地を強襲しようと試みた。国家安全保障の観点から軍隊は迅速に抗議者たちを追い散らし、施設周辺の森林では時折銃声が聞かれたと報告されている。
ReportData,0x010000520006094A,Turn06_Terador_PeaceActivistsGather,ReportProperties.Title,国境の両側で平和活動家たちが集結
ReportData,0x010000520006094A,Turn06_Terador_PeaceActivistsGather,ReportProperties.Description,"テラドール・ジケス国境検問所のパレス側とリジア側の両方で数百人の活動家が集まり、先日の軍事衝突を受けて自制を呼びかけている。

パレス側では集会は概ね平和的に進んでいるが、さらなる軍事行動の妨げとなることを避けるため、リジア軍は道路や鉄道を塞いでいる活動家たちを力ずくで解散させた。"
ReportData,0x010000460001AA84,Turn06_Uziren_BludsCrossBorder,ReportProperties.Title,ブルディア人たちがヴェーレンでの戦闘に参加するため国境を越えたと報じられる
ReportData,0x010000460001AA84,Turn06_Uziren_BludsCrossBorder,ReportProperties.Description,ソードランドとヴェーレンによるブルディア自由戦線に対する共同作戦が強化される中、ブルディア人たちが同胞を助けるためにソードランドからヴェーレンへ国境を越えているという報告が出ている。現時点ではその数はわずかだが、政府はこの憂慮すべき傾向を注視し続けるべきだとされている。
ReportData,0x010000460001A9F0,Turn06_Uziren_Polio,ReportProperties.Title,ウジレンの農村地域でポリオ症例が確認される
ReportData,0x010000460001A9F0,Turn06_Uziren_Polio,ReportProperties.Description,我々の国境都市からの報告によると、ヴェーレンで発生したポリオの流行がソードランド方面へ拡大している。特にウジレンの農村地域や周辺の村々で症例数が急増している。医療専門家たちが患者を隔離することで感染拡大を食い止めるため派遣されている。現在、ソードランドには23件の活発な症例がある。
ReportData,0x010000460001AA80,Turn06_Valgen_EconomyBad,ReportProperties.Title,ヴァルゲンからの経済報告
ReportData,0x010000460001AA80,Turn06_Valgen_EconomyBad,ReportProperties.Description,ヴァルゲンは景気後退の影響を受けており、失業率が急上昇し多くの小規模事業者が廃業している。農業分野の大手企業も売上が減少する中で一斉解雇を行う見通しだ。
ReportData,0x010000460001AA78,Turn06_Valgen_EconomyGood,ReportProperties.Title,ヴァルゲンからの経済報告
ReportData,0x010000460001AA78,Turn06_Valgen_EconomyGood,ReportProperties.Description,ヴァルゲンでは経済が順調に発展し、前例のない繁栄が報告されている。失業率は過去最低水準にあり、輸出拡大を見越して同地域の農業産業は周辺田園地帯へと拡大しつつある。
ReportData,0x010000460001AA7C,Turn06_Valgen_EconomyNeutral,ReportProperties.Title,ヴァルゲンからの経済報告
ReportData,0x010000460001AA7C,Turn06_Valgen_EconomyNeutral,ReportProperties.Description,経済が停滞する中、ヴァルゲンでは雇用率のわずかな低下や地元の小規模事業所の閉鎖が報告されている。しかし、一部の大企業は影響を受けておらず、市内の大手農業企業数社では成長が見られている。地方統計局はこのまちまちな動向を引き続き監視していく。
ReportData,0x0100006500005AB7,Turn06_Valgen_EnergyFluctImpact,ReportProperties.Title,エネルギー価格の変動がヴァルゲンに影響を与える
ReportData,0x0100006500005AB7,Turn06_Valgen_EnergyFluctImpact,ReportProperties.Description,グルニ地域はエネルギー価格の変動の影響を受けている。こうした不安定な動向が家庭や企業の両方に経済的圧力をもたらし、金融環境を不安定なものにしている。地元当局は状況を安定させ、こうした変動がもたらす悪影響を軽減する方法を模索している。
ReportData,0x0100006500005997,Turn06_Valgen_EnergySurgeImpact,ReportProperties.Title,エネルギー供給の急増が影響を及ぼす
ReportData,0x0100006500005997,Turn06_Valgen_EnergySurgeImpact,ReportProperties.Description,エネルギー価格の急激な上昇がヴァルゲンで経済的困難を引き起こしている。高騰するエネルギー代により、家庭や企業は大きな財政的圧力に直面し、地域の経済発展が妨げられている。この影響を緩和しエネルギー市場を安定させるため、緊急の政策介入が必要である。
ReportData,0x0100006500005AE8,Turn06_Valgen_ForeignEnergyInvestmentsLeave,ReportProperties.Title,ヴァルゲンのエネルギー分野への海外投資が撤退
ReportData,0x0100006500005AE8,Turn06_Valgen_ForeignEnergyInvestmentsLeave,ReportProperties.Description,ヴァルゲンではエネルギー分野への外国からの投資が減少している。この予期せぬ動向の変化により、同国のエネルギー産業の長期的な安定性と成長見通しについて懸念が高まっている。当局は根本的な原因を把握し適切な対策を講じるため、状況を綿密に監視している。
ReportData,0x010000460001AA38,Turn06_Valgen_RYUnionArrested,ReportProperties.Title,労働組合に対する厳しい取り締まり
ReportData,0x010000460001AA38,Turn06_Valgen_RYUnionArrested,ReportProperties.Description,今日、ソードランド労働組合の指導者3名が赤旗青年団との関与を理由にヴァルゲンで逮捕された。当局によると、一部の労働者が逮捕を阻止しようと試み、司法妨害の罪で組合指導者らと共に拘束されたという。
ReportData,0x010000460001AA9C,Turn06_Vesord_RYArrested,ReportProperties.Title,赤旗青年団員が逮捕される
ReportData,0x010000460001AA9C,Turn06_Vesord_RYArrested,ReportProperties.Description,ヴェソードの地元警察による作戦が成功し、違法な武器を所持していたとされる20数名の赤旗青年団員が逮捕された。これらの赤旗青年団員は市街地の外れにある森林の奥深くにあるキャンプで隠れており、裁判が行われるまで拘束されている。
ReportData,0x010000460001B687,Turn06_Wehlen_BorderGuard,ReportProperties.Title,ヴェーレン国境報告
ReportData,0x010000460001B687,Turn06_Wehlen_BorderGuard,ReportProperties.Description,"軍総司令官であるヴァルケン・クルーガーは、ヴェゼク軍が北へ向かってヴェルネンの町に進軍していると報告した。その途中で多くのブルディア人の村々が攻撃を受け、初期の報告によれば多数の死者が出ている。

国境にさらに近づくにつれて、ヴェゼク軍の動きは厳重に監視されることになる。戦闘によって追い立てられた多くの難民がソードランド国境方面へ向かっているのが見られており、国境を完全に防衛するために彼らは力ずくで引き返させられている。"
ReportData,0x010000460001B683,Turn06_Wehlen_JointOperation,ReportProperties.Title,ヴェーレン合同作戦報告書
ReportData,0x010000460001B683,Turn06_Wehlen_JointOperation,ReportProperties.Description,"軍総司令官であるヴァルケン・クルーガーは、第3軍の第12大隊と航空支援部隊がヴェーレン領内に進入しており、ウェフゼク軍と協力して行動していると報告した。

同大隊はゼハレンおよびマラドゥノルドから南へ進軍し、ウェフゼク情報部の支援を受けて赤色川の北部を確保することで、敵目標を二つの軍勢の間に閉じ込めるつもりだ。"
ReportData,0x010000460001B693,Turn06_Wehlen_JointOperation2,ReportProperties.Title,ルンブルクのスパイが発見された
ReportData,0x010000460001B693,Turn06_Wehlen_JointOperation2,ReportProperties.Description,ヴェーレンにおける反乱分子に対する共同作戦が続く中、ルンブルク出身の情報工作員が紛争地域で捕獲された。そのスパイはヴェーレン軍内に潜入しており、ブルディア自由戦線へ情報を流していたことを認めている。同人物は今月後半に反逆罪で裁判にかけられる見込みだ。
ReportData,0x010000460001B68F,Turn06_Wehlen_JointOperation3,ReportProperties.Title,ヴェーレンにてブルディア自由戦線が無力化される
ReportData,0x010000460001B68F,Turn06_Wehlen_JointOperation3,ReportProperties.Description,"ソードランド軍の支援により、ヴィクトル・スモラク率いる軍隊はヴェーレンにおけるブルディア自由戦線の脅威を効果的に排除することに成功した。

反乱勢力の指導者たちは殺害されるか捕虜となり、航空撮影映像からも既知の隠れ家がすべて消滅したことが確認できる。ソードランド軍は撤退を開始する前に平和が回復したことを確認するため、数ヶ月間その地に留まるつもりだ。"
ReportData,0x010000460001B67F,Turn06_Wehlen_NoWehlenDeal,ReportProperties.Title,ヴェーレン軍、標的への攻撃を開始
ReportData,0x010000460001B67F,Turn06_Wehlen_NoWehlenDeal,ReportProperties.Description,"軍総司令官であるヴァルケン・クルーガーは、ヴェゼク軍が北へ向かってヴェルネンの町に進軍していると報告した。その途中で多くのブルディア人の村々が攻撃を受け、初期の報告によれば多数の死者が出ているという。

国境にさらに近づくにつれて、ヴェゼク軍の動きは厳重に監視されることになる。戦闘によって追い立てられた多くの難民がソードランド国境へ向かって移動しているのが見られている。"
ReportData,0x010000460001B68B,Turn06_Wehlen_NoWehlenDeal2,ReportProperties.Title,ヴェーレン作戦、成果と課題が混在
ReportData,0x010000460001B68B,Turn06_Wehlen_NoWehlenDeal2,ReportProperties.Description,"ヴェーレンのヴィクトル・スモラク大統領は、ブルディア自由戦線に対する作戦を終結させようとしている。一般的な見解として、ヴェーレン軍がブルディア側の脅威を無力化する上で大きな役割を果たしたものの、避けられたはずの多くの死傷者が出たとされている。

さらに、ヴェーレンの尽力にもかかわらずすべての隠れ家が根絶されたわけではなく、残存する反乱分子の間でスモラクに対する反感は過去最高水準にある。"
ReportData,0x010000A100002941,Turn06_Zille_ATAFlyerCampaign,ReportProperties.Title,ATAが地域全域にチラシとポスターを配布している
ReportData,0x010000A100002941,Turn06_Zille_ATAFlyerCampaign,ReportProperties.Description,新たに届けられた物資を使い、アリアナ・トラス財団はジル地域全体で大規模な情報宣伝活動を開始し、主要な人口集中地すべてでチラシやポスターを配布している。この宣伝活動では、ジルとリジアの間の歴史的なつながりを強調することに焦点が当てられている。ヴェゼク当局は、ポスターが現れる場所ごとにそれを破壊する反宣伝活動を行っている。
ReportData,0x010000A10000294B,Turn06_Zille_SORailwayAttack,ReportProperties.Title,SO、肥料輸送を攻撃
ReportData,0x010000A10000294B,Turn06_Zille_SORailwayAttack,ReportProperties.Description,ナショニストのスー・オミナは、ジルからナンタへ肥料を運ぶ列車を標的にした。最近届いた装備のおかげで作戦は難なく実行された。大量の肥料をトラックに積み込んでジルの内陸部へ消え去ったため、死者や負傷者は報告されていない。
ReportData,0x010000A100002955,Turn06_Zille_SORailwayAttackFail,ReportProperties.Title,鉄道攻撃失敗に伴いSOメンバー8名が逮捕される
ReportData,0x010000A100002955,Turn06_Zille_SORailwayAttackFail,ReportProperties.Description,ヴェゼクの治安部隊は、スー・オミナによる肥料輸送への攻撃未遂を阻止した。短時間の銃撃戦の末、そのグループのメンバー8人全員が逮捕され、そのうち少なくとも2人は重体となっている。ヴェゼクの当局者はこの攻撃を、なぜ引き続きこの地域で警戒強化が必要かを示す例だと指摘している。
ReportData,0x010000A100002937,Turn06_Zille_WehlenEncouragesMigration,ReportProperties.Title,ヴェーレン、ジルへの移住を奨励
ReportData,0x010000A100002937,Turn06_Zille_WehlenEncouragesMigration,ReportProperties.Description,ヴェーレンはジルの農村地域に金銭や土地を配布することで、ヴェゼク人のその飛び地への移住を促そうとしている。リジアはこれらの暴露を非難し、本来この王国に属してきた地域の民族構成を変えようとしているとヴェーレンを告発した。
ReportData,0x010000460001B6AF,Turn07_Agnolia_PMWarnsValgslandianThreat_AgnoliaAlly,ReportProperties.Title,アグノリア、ヴァルグスランドによる海洋への脅威を警戒呼びかけ
ReportData,0x010000460001B6AF,Turn07_Agnolia_PMWarnsValgslandianThreat_AgnoliaAlly,ReportProperties.Description,昨日、マールティン・ファン・ホールテン首相はマルキア海におけるヴァルグスランドの活動を非難する声明を発表した。「ヴァルグスランドの軍事行動は、我々が正当に所有するものを守るという決意をより一層強固なものにし、ソードランドとの同盟がヴァルグスランドの侵略を抑え込むための必要な措置であることを世界に示している」と首相は述べた。
ReportData,0x010000460001B6B3,Turn07_Agnolia_PMWarnsValgslandianThreat_AgnoliaAlone,ReportProperties.Title,アグノリア、ヴァルグスランドによる海洋への脅威を警戒呼びかけ
ReportData,0x010000460001B6B3,Turn07_Agnolia_PMWarnsValgslandianThreat_AgnoliaAlone,ReportProperties.Description,昨日、マールティン・ファン・ホールテン首相はマルキア海におけるヴァルグスランドの活動を非難する声明を発表した。「ヴァルグスランドの軍事行動は、我々が正当に所有するものを守るという決意をより一層強固なものにするだけであり、必要であれば単独でそれを実行するつもりだ」と首相は断固として宣言した。
ReportData,0x0100005100030357,Turn07_Anrica_YoungSordsSupportPolice,ReportProperties.Title,ソード青年団、警察力を支援
ReportData,0x0100005100030357,Turn07_Anrica_YoungSordsSupportPolice,ReportProperties.Description,"報告によると、現在の非常事態下でアンリカの警察力を支援し公共秩序の維持に当たっているのがソード青年団のメンバーだという。彼らの関与の度合いや地元治安部隊との協力状況は依然として不明である。

クルタン・レステ市長は秩序維持への取り組みを称賛しているが、暴力的行為の歴史がある集団と協力することによる潜在的な影響を懸念する声も上がっている。"
ReportData,0x010000740000052D,Turn07_Antel_EjallArrested,ReportProperties.Title,フェティ・エジャルがアンテル・ロック刑務所に移送された
ReportData,0x010000740000052D,Turn07_Antel_EjallArrested,ReportProperties.Description,"グラーフ大臣の報告によると、WPBの指導者であるフェティ・エジャルが逮捕され、アンテル・ロック刑務所に収監されたとのことだ。エジャルに対する容疑はまだ一般に公表されていない。

エジャルの逮捕によりWPB支持者たちの間で怒りが広がり、多くの人々が彼の釈放を求めて街頭に繰り出している。"
ReportData,0x010000460001AB70,Turn07_Antel_RecoveringFromMarketCrash,ReportProperties.Title,アンテルが回復しつつある
ReportData,0x010000460001AB70,Turn07_Antel_RecoveringFromMarketCrash,ReportProperties.Description,アンテル市は最近の市場暴落から回復を始めたと報告している。同市の人口の31.53％以上が仕事を求めて近隣のコンリアトやホルソードへ出かけているという。この暴落により、多くの企業や店舗が閉鎖されたため、アンテルの市民の大半が失業状態に陥っている。
ReportData,0x010000460001AB74,Turn07_Antel_RequestsAid,ReportProperties.Title,アンテル、支援要請
ReportData,0x010000460001AB74,Turn07_Antel_RequestsAid,ReportProperties.Description,"最近の不況により、アンテル市の失業者数は同市人口の35.23％にまで上昇した。これは、人口の31.53％以上が仕事を求めて近隣のコンリアトやホルソードへ出かけているためだ。この不況の影響でほとんどの企業や店舗が閉鎖されている。

現在、アンテルの街路にはホームレスの家族たちが溢れ、犯罪率もそれ以来2倍に上昇している。"
ReportData,0x010000460001ABCC,Turn07_Antel_WhistleblowerInSafehouse,ReportProperties.Title,隠れ家にいる内部告発者
ReportData,0x010000460001ABCC,Turn07_Antel_WhistleblowerInSafehouse,ReportProperties.Description,"チェルストン・ヘイルストーン捜査官を受け取った後、我々は彼をこっそりとアンテル近郊の隠れ家に移送した。周囲は特殊部隊によって警戒されており、ルンブルクの情報機関による逃走や救出の試みが行われないようにしている。

現在、その捜査官に対して徹底的な尋問が行われており、提供された初期情報が正確であることを確認している。"
ReportData,0x010000460001ABD0,Turn07_Antel_WhistleblowerReport,ReportProperties.Title,内部告発者工作員の報告書
ReportData,0x010000460001ABD0,Turn07_Antel_WhistleblowerReport,ReportProperties.Description,"ヘイルストーン捜査官は、ルンブルクで開発されている秘密の核兵器計画に関する情報を明らかにした。我々の情報機関は、王国北部にある重水施設や弾道ミサイル試験場について伝えられた詳細を確認した。

この捜査官には保護プログラムによる警護が提供され、さらなる情報を我々の部隊へ送信するための資源も与えられる。"
ReportData,0x010000A100002C79,Turn07_Argno_MalenyevistInfiltration,ReportProperties.Title,マレニエフ主義者たち、市広場に垂れ幕を掲げる
ReportData,0x010000A100002C79,Turn07_Argno_MalenyevistInfiltration,ReportProperties.Description,アルグノの市長は、この小さな町で相次いで起きているマレニエフ主義的なプロパガンダ行為の責任者を突き止めるのに苦労しているため、自らの行政機関内へのマレニエフ主義者の潜入の可能性について中央政府に警告している。これらの活動の背後にいる人物は内部情報を持ち、警察の大規模な捜査行動がいつ行われるかを事前に知っているようだ。
ReportData,0x010000640000CD9C,Turn07_Arvory_GasomBoomBranchOpens,ReportProperties.Title,ガソム支店の開設が地元経済を活性化
ReportData,0x010000640000CD9C,Turn07_Arvory_GasomBoomBranchOpens,ReportProperties.Description,アルヴォリーに新たなガソム支店が開設されたことで、地元経済は大きく活性化した。この支店により新たな雇用機会が生まれ、安定したエネルギー供給も確保されることから、都市の発展見通しが向上し、住民の生活水準も高まっている。
ReportData,0x010000460001AB30,Turn07_Arvory_H3Result,ReportProperties.Title,アルヴォリーの発展、高速道路建設により加速
ReportData,0x010000460001AB30,Turn07_Arvory_H3Result,ReportProperties.Description,ラハベンとアルヴォリーを結ぶH-3高速道路の完成により、物流コストが削減され、アルヴォリーへの交通量も増加した。その結果、アルヴォリーの開発スピードは大幅に速まり、現在数十件の建設プロジェクトが計画段階にある。
ReportData,0x010000460001AB94,Turn07_Arvory_ValgslandianNavyActive_AgnoliaAlone,ReportProperties.Title,ヴァルグスランド海軍、マルキア海で活動中
ReportData,0x010000460001AB94,Turn07_Arvory_ValgslandianNavyActive_AgnoliaAlone,ReportProperties.Description,ヘルジランド島は長年にわたりアグノリアとヴァルグスランドの間で争奪地となっており、ソードランドは傍観している。マルキア海でのヴァルグスランドによる海軍活動の増加が両国間の対立を激化させ、互いへの競争もより鋭くなっている。
ReportData,0x010000460001AB90,Turn07_Arvory_ValgslandianNavyActive_AgnoliaSide,ReportProperties.Title,ヴァルグスランド海軍、マルキア海で活動中
ReportData,0x010000460001AB90,Turn07_Arvory_ValgslandianNavyActive_AgnoliaSide,ReportProperties.Description,"ヘルジランド島は長年にわたりアグノリアとヴァルグスランドの間で領有権を巡る争点となっている。ソードランドも同島がアグノリアに属すると認識しているため、おそらく我々を威嚇する意図で、ヴァルグスランド海軍が我々の領海付近で巡視活動を行っている。

マルキア海におけるヴァルグスランドの海軍活動の増加は、アグノリアとヴァルグスランドの対立を激化させ、両国間の競争をより鋭くしている。"
ReportData,0x0100006500000E63,Turn07_ATO_CondemsDrugTraffic,ReportProperties.Title,アルカシア条約機構、中央メルコパ地域の麻薬密売に懸念を示す
ReportData,0x0100006500000E63,Turn07_ATO_CondemsDrugTraffic,ReportProperties.Description,"アルカシア条約機構は中央メルコパにおける麻薬密売活動を厳しく非難している。この違法取引はカルラド、エルドマルグ、ヴェーレンなど複数の地域に及んでおり、特にアガードで集中しているとされる。国際社会がますます懸念を深めているアガードは、ナルコロード・セベロ・リオスの支配下で麻薬取引の主要な拠点として悪名高くなっている。

しかしリオスは、自分の目的は麻薬取引を違法に搾取することではなく、それを規制し正当化することだと主張している。驚くべきことに、彼は国際社会とよりオープンに交流し懸念を和らげるため、アルカシア条約機構の観察員地位を取得したいとさえ述べている。それでもなお、アルカシア条約機構の懸念は法秩序の問題だけでなく、この活動がもたらす社会経済的な不安定化にも向けられている。

麻薬密売はこれらの地域で闇経済を拡大させ、腐敗を生み出し、暴力を助長している。アルカシア条約機構は、リオスの野心的でやや物議を醸す提案があるにもかかわらず、これらの活動に対抗するための強力な国際的取り組みを主張している。"
ReportData,0x0100006500000D7B,Turn07_ATO_PolarisExploration,ReportProperties.Title,アルカシア条約機構のIECがポラリスでエネルギー資源を発見
ReportData,0x0100006500000D7B,Turn07_ATO_PolarisExploration,ReportProperties.Description,"アルカシア条約機構の国際遠征指揮部はポラリスにおいて画期的な拠点を構築し、未開発の豊富なエネルギー資源を発見した。持続可能性と高い生産性が期待されるこれらの資源は世界的な関心を集め、極地地域でのさらなる探査の道を開いた。科学的な成果とも言えるこの発見は、エネルギー分野において大きな変革をもたらす可能性があるとされている。

遠征中、チームは現代文明の影響を受けていない先住民族コミュニティにも出会った。彼らが初めて外部世界と接触することになったため、アルカシア条約機構は彼らの文化的完全性を尊重しつつ、地球規模の社会への統合を実現させるという微妙な課題に直面している。

科学的探査を進めることと、これら独特なコミュニティの福祉を守ることの間で適切なバランスを取る必要がある。"
ReportData,0x0100006500000DF3,Turn07_ATO_PrivatizationPraise,ReportProperties.Title,ソードランドにおける国営企業の民営化：正しい方向性
ReportData,0x0100006500000DF3,Turn07_ATO_PrivatizationPraise,ReportProperties.Description,"ソードランドはその経済政策における大きな転換点となる重要な措置として、国営企業の民営化を開始した。この決定はアルカシア条約機構によって称賛され、同国の経済状況において潜在的なパラダイムシフトが起こる可能性を示している。この取り組みは競争を促進し、革新を育成し、サービスの質を向上させると同時に、国全体の経済成長を加速させることを目的としている。

この政策変更は、ソードランドが導入したより広範な経済改革パッケージの一部であり、主要産業における国家の独占を削減し、外国投資を促進することを意図している。エネルギー、電気通信、運輸といった分野に特に焦点を当てたこの民営化は、効率性と競争力を高め、それによって潜在的な国際投資家を引き付けることが期待されている。

ソードランドが市場志向の経済体制を目指す中、アルカシア条約機構はこの取り組みを、自由で開かれた経済へのコミットメントを示す好ましい兆候として認識している。"
ReportData,0x010000460001AB78,Turn07_Borin_EconomyRecovering,ReportProperties.Title,ボリン経済報告
ReportData,0x010000460001AB78,Turn07_Borin_EconomyRecovering,ReportProperties.Description,ボリンの市長は、生活必需品や商品の価格が安定してきていると報告した。これはインフレ低下が始まっている良い兆候であり、地域内の数多くの貿易取引を促進し、企業活動を活性化させることで経済をかつての水準に回復させている。
ReportData,0x010000460001AB7C,Turn07_Borin_InflationStillBad,ReportProperties.Title,ボリンのインフレ報告 – インフレ率は依然として高水準
ReportData,0x010000460001AB7C,Turn07_Borin_InflationStillBad,ReportProperties.Description,ボリン市では日用品の不足が報告されている。市内の住民は飢餓で死んでいくか、必要な物資に困っている状態だ。ボリン市長によれば、ソードランド・レンの価値がこれ以上下がる前に人々が商品を買い占めているという。残念ながら、その行動は事態をさらに悪化させるだけだった。
ReportData,0x010000A100002EAD,Turn07_Bronaz_Decision_WelfareProtestExpands_Default,ReportProperties.Title,何千人もが眠れる街ブロナズに集結
ReportData,0x010000A100002EAD,Turn07_Bronaz_Decision_WelfareProtestExpands_Default,ReportProperties.Description,ブロナズの街路は大規模なデモで埋め尽くされ、全国から人々が福祉サービスの改善を求めてこの町に集まった。特に、国王による支出増加という約束が破られたことへの不満が強く聞かれた。抗議行動の最中にいくつか逮捕者が出たものの、全体的には平和的な様相を呈していた。
ReportData,0x010000A100002EB7,Turn07_Bronaz_Decision_WelfareProtestExpands_RiotPolice,ReportProperties.Title,群衆事故で3名死亡
ReportData,0x010000A100002EB7,Turn07_Bronaz_Decision_WelfareProtestExpands_RiotPolice,ReportProperties.Description,"ブロナズの街路は大規模なデモで埋め尽くされ、全国から人々が福祉サービスの改善を求めてこの町に集まった。特に、国王による支出増加という約束が破られたことへの不満が強く聞かれた。

夜になると、騎馬の暴動鎮圧隊が群衆に突入し、多数の負傷者が出たほか、押し合いによって少なくとも3人の抗議者が死亡した。何百人もが逮捕され、首都圏の拘置所容量の不足から多くが他の州へ移送された。"
ReportData,0x010000A1000001AC,Turn07_Bronaz_HousingCrisisSpreads,ReportProperties.Title,ポルテ・ドラゾン周辺の通勤町、住宅危機に見舞われる
ReportData,0x010000A1000001AC,Turn07_Bronaz_HousingCrisisSpreads,ReportProperties.Description,首都での生活が困難になった多くの人々が、たとえそこで働いていても、主要鉄道や道路沿いの都市は事実上通勤者向けの町へと変わってしまった。この予期せぬ人口増加の影響で、ブロナズも住宅危機に直面しており、リジア・インペリイ内のマルコスやデラムといった他の町々でも首都並みの家賃が発生している。これらの町では、大手不動産会社が数年前に購入した物件から記録的な利益を上げている。
ReportData,0x010000460001AB4C,Turn07_Conriat_HOSFullNationalization,ReportProperties.Title,HOSが国有化された
ReportData,0x010000460001AB4C,Turn07_Conriat_HOSFullNationalization,ReportProperties.Description,去る前に、ハート・オブ・ソードランドの元CEOであるマルセル・コロンティは「ソードランドにおける報道の自由は死んだ」と題した声明を発表していた。しかしUSP内からは政権の決定を称賛する圧倒的な支持の声が上がっている。HOSが制御下にあるため、世論も完全に我々の手の中にある。
ReportData,0x0100006500000DFB,Turn07_CSP_NationalizationPraise,ReportProperties.Title,コンタナ条約機構、ソードランドの国有化策を歓迎
ReportData,0x0100006500000DFB,Turn07_CSP_NationalizationPraise,ReportProperties.Description,"コンタナ条約機構は、ソードランドによる最近の国有化策を、経済の重要分野に対する支配権を確立し国の利益を守るための極めて重要な措置と見なしている。重要な企業を国家管理下に置くことで、ソードランドは必要不可欠なサービスや産業が搾取から守られ、国民の利益のために運営され続けるようにしている。

この措置は単なる経済政策以上のものであり、社会福祉と資源の公平な配分への強い決意を反映している。特にソードランド国民の生活に直接影響を与える分野において、政府が公共の利益の守護者としての役割を果たすことを重視している。

コンタナ条約機構は、重要産業の国有化というこれらの取り組みを高く評価し、経済成長と社会的公平性のバランスを図り、全ての人が繁栄を分かち合える未来を創造するための決定的な措置だと認識している。"
ReportData,0x0100006500000D73,Turn07_CSP_SpySatellite,ReportProperties.Title,コンタナ条約機構、初のスパイ衛星3基を打ち上げ　監視能力が飛躍的に向上
ReportData,0x0100006500000D73,Turn07_CSP_SpySatellite,ReportProperties.Description,"コンタナ条約機構は監視能力において大きな飛躍を遂げ、初のスパイ衛星3機の打ち上げと運用に成功した。高度な画像処理技術およびレーダー技術を搭載したこれらの衛星は、コンタナ条約機構の防衛準備態勢や情報収集能力の向上において極めて重要な一歩となっている。

「カトジトゥク」「ヴァリディム」「オクニヘ」というコードネームが付けられたこれらの衛星は低地球軌道で運用され、関心対象地域全体にわたって継続的かつ広範囲な監視を実現する。高解像度の画像を提供して詳細な情報分析を可能にするとともに、雲や暗闇を貫通できる高度なレーダーシステムも備えている。"
ReportData,0x0100006500000E6B,Turn07_CSP_XinaAntiPiracy,ReportProperties.Title,コンタナ条約機構、XEC支援のため平和艦隊を派遣
ReportData,0x0100006500000E6B,Turn07_CSP_XinaAntiPiracy,ReportProperties.Description,"国際的連帯を力強く示す形で、コンタナ条約機構は海賊行為との闘いにおいて新南経済協力機構（XEC）を支援するため平和艦隊を派遣した。この措置はXEC加盟国、特にキナル、セリナ、ナラシマ、フェンカオによって熱烈に歓迎され、コンタナ条約機構とXECの間の協力関係を一層強化するものとなった。

旗艦「スロヴァリア」を先頭とする平和艦隊は、各種の駆逐艦、フリゲート、補助船から構成されている。彼らの任務は海賊行為を抑止するだけでなく、人道支援を行い、この地域の海上安全を強化することでもある。この行動により、コンタナ条約機構は国際的な海上安全維持への決意を再確認し、危機の時期に同盟国や戦略的パートナーへの支援を拡大している。

また、これはコンタナ条約機構が国際貿易と商業のための安全で安定した環境を築くことに尽力していることを示すものでもある。"
ReportData,0x010000650000523A,Turn07_Derdia_BlessesCongratulatesRitual,ReportProperties.Title,デルディアの加護、ソードランド人の降誕儀式に
ReportData,0x010000650000523A,Turn07_Derdia_BlessesCongratulatesRitual,ReportProperties.Description,"最高賢者であるヨルガ・アズマルは、降臨の日の儀式を成功裏に主催したアントン・レイン大統領に対し深い感謝の意を表した。彼は大統領の業績を称賛し、デルディア・ヌーリスト共和国を代表して祝福の言葉を送った。アズマルの祝辞では、宗教外交が我々の国間のより強固な関係構築に寄与する可能性が強調された。

しかし同時に、この宗教的善意がソードランドに住むすべてのヌーリティ教徒、特にゴルコンド主義者たちの政治的・社会的状況改善につながることを期待していると述べた。"
ReportData,0x0100006500005137,Turn07_Derdia_BlessesDescensionDay,ReportProperties.Title,デルディア、降臨祭に祝福を送る
ReportData,0x0100006500005137,Turn07_Derdia_BlessesDescensionDay,ReportProperties.Description,"最高賢者であるヨルガ・アズマルは、神聖な降臨の日に特別な演説を行い、ソードランドを含む世界中のヌーリティ教徒共同体へ祝福を送った。彼はすべての人々に対し、ヌーリティ教、特に聖ヴルヘックの教えを深く省み、日常生活においてその原則を守るよう呼びかけた。

最近の緊張状態に暗に言及しつつ、彼はあらゆる国が信仰に関係なくゴルコンド主義を目指し、神への相互奉仕を実践することを訴えた。"
ReportData,0x010000A3000002BF,Turn07_Derdia_EnergyDealShipping,ReportProperties.Title,デルディアとリジア、エネルギー貿易拡大で合意
ReportData,0x010000A3000002BF,Turn07_Derdia_EnergyDealShipping,ReportProperties.Description,デルディアの首都で行われた交渉の結果、リジアはデルディアに安定したエネルギー供給を行うことに合意した。これを実現するため、モリディア湾を越える輸送が増加し、リジアは貴重な資源を受け入れられるよう、デルディアのヨル港に必要な施設の建設を支援する。
ReportData,0x010000A3000002AB,Turn07_Derdia_MissilesShipped,ReportProperties.Title,約束されたミサイルがリジアに輸送される
ReportData,0x010000A3000002AB,Turn07_Derdia_MissilesShipped,ReportProperties.Description,デルディアの軍艦が、約束されたミサイルシステムを運ぶ船団の護衛を開始した。これらのミサイルはデルディアのヨル港から出荷され、数日中にリジアに到着する予定だ。また、そのシステムの設置をリジア側の技術者たちが行えるよう、デルディアの軍事技術者も派遣されている。
ReportData,0x010000A3000002C9,Turn07_Derdia_PipelineExtension,ReportProperties.Title,リジアとデルディア、共同でパイプラインを延長する
ReportData,0x010000A3000002C9,Turn07_Derdia_PipelineExtension,ReportProperties.Description,リジアとモレラを結ぶ石油・ガスパイプラインはデルディアまで延長され、これがいわゆるトランスモリディア・パイプラインとなる。建設は直ちに開始され、工事の大部分はリジア人の技術者たちによって行われる。
ReportData,0x010000460001AB48,Turn07_Deyr_BergiaSteelFullNationalization,ReportProperties.Title,ベルギア製鉄が国有化される
ReportData,0x010000460001AB48,Turn07_Deyr_BergiaSteelFullNationalization,ReportProperties.Description,ロザーバーグ・グループのスポークスマンであるウォルター・タスクは、政権の行動を「違憲」であり「非民主的」だと非難することで不満を示した。ソードランド内外の多くの投資家が注文をキャンセルしており、それはおそらくタスク氏の影響によるものだ。
ReportData,0x0100007400006004,Turn07_Deyr_BFF_EliminationOperationBegins,ReportProperties.Title,内務省、BFFに対する作戦実施を発表
ReportData,0x0100007400006004,Turn07_Deyr_BFF_EliminationOperationBegins,ReportProperties.Description,"内務省は、この組織を完全に解体することを目的とし、BFF（ブルディア自由戦線）の指導者たちを標的とした大規模作戦の開始を正式に発表した。安全保障と安定を回復させるための極めて重要な措置とされるこの作戦は、迅速かつ断固とした行動によってBFFを根絶することを目指している。

報告によれば、特殊部隊や情報機関が動員され、狙撃的な襲撃を実施し、同組織の主要メンバーを拘束する予定である。この作戦の主目的は、現在の指導者全員を含むBFFの上層部メンバー全員を捕獲または排除することだ。"
ReportData,0x010000740000056B,Turn07_Deyr_ErsenCase_ProBlud_WPBCallsPresidentToAction,ReportProperties.Title,フェティ・エジャル、第6条および第7条の改正を呼びかける
ReportData,0x010000740000056B,Turn07_Deyr_ErsenCase_ProBlud_WPBCallsPresidentToAction,ReportProperties.Description,WPBの指導者であるフェティ・エジャルは、イシュヴァル・エルセンを支持する最近の発言があったことを受けて、レイン大統領および大国民議会に行動を起こすよう呼びかけている。同党は大統領に対し、改革案に憲法第6条および第7条の改正を盛り込むよう求めている。WPBは、ソードランド人の多様性を認識し、すべての市民の平等を確保するためにこれらの変更が必要だと考えている。この行動呼びかけはUSPの改革派からも歓迎されている。
ReportData,0x0100007400005FE1,Turn07_Deyr_GovernorIssuesGolcondistThreat,ReportProperties.Title,ゴルコンド主義者たちのダストヌリティ派への脅威
ReportData,0x0100007400005FE1,Turn07_Deyr_GovernorIssuesGolcondistThreat,ReportProperties.Description,"ブロン総督はベルギアの住民に対し、ゴルコンド主義者たちの脅威やダストヌリティ派共同体を標的とした潜在的な暴力行為に警戒を怠らないよう警告を発した。同総督は二つのヌーリティ教徒集団間の緊張が高まっていることへの懸念を示し、特にこの地域に与えられるゴルコンド主義の脅威について強調した。

ブロン総督はベルギア特別区内での平和と調和を維持する重要性を訴え、住民に何か怪しい活動や人物がいれば当局に報告するよう呼びかけた。また、宗教的信念に関係なく、全ての住民の安全と安心を確保するため必要な措置が講じられると保証した。"
ReportData,0x0100005100038C18,Turn07_Deyr_GovernorIssuesGolcondistThreat_Krull,ReportProperties.Title,ゴルコンド主義者たちのダストヌリティ派への脅威
ReportData,0x0100005100038C18,Turn07_Deyr_GovernorIssuesGolcondistThreat_Krull,ReportProperties.Description,"クルル総督はベルギアの住民に対し、ゴルコンド主義者たちの脅威やダストヌリティ派共同体を標的とした潜在的な暴力行為に警戒を怠らないよう警告を発した。同総督は二つのヌーリティ教徒集団間の緊張が高まっていることへの懸念を示し、特にこの地域に与えるゴルコンド主義の脅威について強調した。

クルル総督はベルギア特別区内での平和と調和を維持する重要性を訴え、住民に怪しい活動や人物がいれば当局に報告するよう呼びかけた。また、宗教的信念に関係なく全ての住民の安全と安心を確保するため必要な措置が講じられると保証した。"
ReportData,0x01000074000005ED,Turn07_Deyr_GovernorKrullStartsDuty,ReportProperties.Title,ヘルベルト・クルルが職務に就く
ReportData,0x01000074000005ED,Turn07_Deyr_GovernorKrullStartsDuty,ReportProperties.Description,"昨日、ヘルベルト・クルルがベルギア特別区の総督に就任し、正式な起訴を受けて解任された前任者のフェリクス・ブロンの後を継いだ。NFP所属でブロンの元副総督でもある経験豊富な政治家であるクルルは、特別区における安定と平和を最優先事項とすることを誓った。彼はベルギアの住民に対し、地域の積極的な発展を促進するために自分と共に力を合わせるよう呼びかけた。

またクルルは、憲法を守り、民族や出自に関係なくすべてのソードの人々の権利が尊重されるよう徹底することへの決意を強調した。"
ReportData,0x010000460001AB2C,Turn07_Deyr_HomelessnessDecrease,ReportProperties.Title,ブルディア人のホームレス状態が減少
ReportData,0x010000460001AB2C,Turn07_Deyr_HomelessnessDecrease,ReportProperties.Description,デイルの報告によると、過去2年間で同地のブルディア人のホームレス人口が20％減少し、この動向はブルディアの人権活動家たちに歓迎されている。この減少は、政府がベルギア地方への投資を決定したことにより同都市で賃金や雇用が増加したことと一致している。
ReportData,0x010000460001AAF4,Turn07_Deyr_LanguageBillProtest,ReportProperties.Title,ブルディア人の学生たち、抗議のため学校を欠席
ReportData,0x010000460001AAF4,Turn07_Deyr_LanguageBillProtest,ReportProperties.Description,教師たちが教育においてブルディア語の使用を禁じられたことに抗議して、何千人ものブルディア人学生が学校を中退した。新法に従わなかったあるブルディア人教師は、ブルディア語で数学を教えたとしてベルギアの地域警察に逮捕されたと報じられている。
ReportData,0x0100007400000536,Turn07_Deyr_ProtestAgainstEjallArrest_Bron,ReportProperties.Title,エジャルの逮捕に対する大規模抗議行動
ReportData,0x0100007400000536,Turn07_Deyr_ProtestAgainstEjallArrest_Bron,ReportProperties.Description,ブロン総督は、WPBの指導者であるフェティ・エジャルが逮捕されたことを受けてデイル市で大規模な抗議行動や暴動が発生したとする報告書を公表した。報告によれば、これらの抗議行動により公共財産に甚大な被害が出ており、公共の安全にも危険が及んでいる。ブロン総督は、秩序を回復させ、責任者たちを法の裁きにかけるために必要な措置が講じられると保証した。また、地域の平和と安定を維持するため、市民に冷静でいて法執行機関と協力するよう呼びかけている。
ReportData,0x010000740000053C,Turn07_Deyr_ProtestAgainstEjallArrest_Krull,ReportProperties.Title,エジャルの逮捕に対する大規模抗議行動
ReportData,0x010000740000053C,Turn07_Deyr_ProtestAgainstEjallArrest_Krull,ReportProperties.Description,クルル総督は、WPBの指導者であるフェティ・エジャルが逮捕されたことを受けてデイル市で大規模な抗議行動や暴動が発生したとする報告書を公表した。報告によれば、これらの抗議行動により公共財産に甚大な被害が出ており、公共の安全にも危険が及んでいる。クルル総督は、秩序を回復し責任者たちを法の裁きにかけるため必要な措置を講じると保証し、また住民に対して冷静さを保ち、地域の平和と安定を維持するために治安当局と協力するよう呼びかけている。
ReportData,0x010000460001AB44,Turn07_Deyr_WehlenTradeReport,ReportProperties.Title,ヴェーレン貿易報告
ReportData,0x010000460001AB44,Turn07_Deyr_WehlenTradeReport,ReportProperties.Description,ヴェーレンと結ばれた貿易協定は引き続き成果を上げており、ベルギアの農産物輸出は増加傾向にある。また、「熊罠作戦」の後にヴェゼク油の輸入が増えたことで生産コストが低下したため、製造業界も好調を迎えている。
ReportData,0x010000460001AB00,Turn07_Erzaren_BludishProtest,ReportProperties.Title,エルザレンの抗議活動
ReportData,0x010000460001AB00,Turn07_Erzaren_BludishProtest,ReportProperties.Description,"何千人ものブルディア人が抗議集会を開き、特別区の廃止を要求した。知事によると、抗議群衆の中の一部勢力が店舗や公共財産を破壊したため、地域警察が出動して介入した。

警察の報告によれば、その集団は解散したものの数百人が負傷した。また、警察は群衆の中からルンブルク製の違法な拳銃11丁を発見したという。"
ReportData,0x0100007400005FC0,Turn07_Erzaren_BludNationalistsSupportBFF,ReportProperties.Title,二つの組織がBFFへの支持を表明
ReportData,0x0100007400005FC0,Turn07_Erzaren_BludNationalistsSupportBFF,ReportProperties.Description,"エルザレンに存在する最大規模のブルディア民族主義組織である「イッザムの子供たち」と、地元のゴルコンド主義団「ゴルコンダ・ブルーデラット」は、過激派組織であるブルディア自由戦線への全面的な支持を公に表明した。ブルディアの権利や利益を積極的に擁護してきた「イッザムの子供たち」がBFFと公然と連携することで、この地域での暴力の激化や不安定化が進むのではないかという懸念が高まっている。

リリアス・グラーフによると、これら二つの組織は現在テロ主義の支持者と見なされており、速やかに法の裁きを受けることになるだろう。"
ReportData,0x0100007400000558,Turn07_Erzaren_ErsenCase_ProtestAgainstDelay,ReportProperties.Title,裁判所の判決に対する大規模な抗議行動
ReportData,0x0100007400000558,Turn07_Erzaren_ErsenCase_ProtestAgainstDelay,ReportProperties.Description,"報告によると、市内各地で大規模な抗議行動が発生し、ブルディア人共同体と当局との間の緊張が高まっている。抗議者たちは、最高裁判所がブロン総督の裁判を延期した決定に対する不満を表明している。多くの人々は、この延期を政府がブルディア人の権利を無視し、抑圧的な意図を持っているさらなる証拠だと見なしている。

ブロン総督は、状況を収拾するために特別治安部隊がその地域に派遣されていると述べた。"
ReportData,0x0100007400000551,Turn07_Erzaren_ErsenCase_ProtestAgainstSollistOutcome,ReportProperties.Title,最高裁判所の判決に対する賛否両論と抗議活動
ReportData,0x0100007400000551,Turn07_Erzaren_ErsenCase_ProtestAgainstSollistOutcome,ReportProperties.Description,"報告によると、エルザレン市に住むブルディア人たちは最近の最高裁判所の判決に激しい怒りを感じている。ブロン総督の解任を祝う街頭の歓喜の声が数時間続いたにもかかわらず、彼らが直面する制度的差別を政府が十分に認識し対処できないことに対して、多くの人々が懐疑的であり不満を抱いている。

街頭の祝賀行事はすぐに抗議行動へと変わり、デモ参加者たちはより包括的な改革や過去の不正に対する補償を求めている。また、ブルディア共同体に対する配慮と理解の欠如を理由に、最高裁長官であるホーカーの辞任も要求している人々がいる。当局は秩序を維持しようと努めつつ、抗議者たちの不満にも応えようとしており、状況は依然として緊張したままである。"
ReportData,0x010000460001AB80,Turn07_Erzaren_LocalsProtestJointOperation,ReportProperties.Title,エルザレンの地元住民、ヴェーレンにおける軍の駐留に抗議
ReportData,0x010000460001AB80,Turn07_Erzaren_LocalsProtestJointOperation,ReportProperties.Description,"ブルディア人を中心とする数千人の地元住民がエルザレンの中央広場に集まり、ブルディア自由戦線に対する共同作戦の終了後もソードランド軍がヴェーレンに駐留し続けていることに反対して声を上げた。

エルザレン市民の75パーセントが、ヴェーレンへの介入という政府の当初の決定に反対していたと報じられている。"
ReportData,0x010000460001AB08,Turn07_Estord_GangViolence,ReportProperties.Title,暴力団の乱闘で多くの命が失われる
ReportData,0x010000460001AB08,Turn07_Estord_GangViolence,ReportProperties.Description,エストードの警察長官は、地元警察がコラネッリ犯罪組織との戦いで過重な負担を抱えていると報告した。同報告によれば、ここ1ヶ月間だけでも、スキナー・カルテルとコラネッリの間で続く抗争により、警察官3名、民間人6名、暴力団員11名が殺害されている。
ReportData,0x010000460001AB0C,Turn07_Estord_GangViolenceCurbed,ReportProperties.Title,暴力団による犯罪が減少
ReportData,0x010000460001AB0C,Turn07_Estord_GangViolenceCurbed,ReportProperties.Description,エストードの警察長官は、地元警察がついにコラネッリの最大級の金儲け手法の一つを根絶したと報告した。報告によると、過去1ヶ月間で40人の暴力団員と共にコラネッリの高位幹部3人が逮捕された。
ReportData,0x010000A300000297,Turn07_FortAles_Decision_AntiAureusProtests_Allowed,ReportProperties.Title,抗議者たちが道路とトラム路線を封鎖
ReportData,0x010000A300000297,Turn07_FortAles_Decision_AntiAureusProtests_Allowed,ReportProperties.Description,この都市の至る所で、多数の環境保護活動家たちが道路やトラム路線を封鎖した。地元住民の中には時間通りに職場に行けなくなったことを不満に思い、当局に対して措置を取るよう要求する者もおり、事業主たちは収入の損失を嘆いた。ほとんどの混乱は夕方までに収まった。
ReportData,0x010000A100002E5D,Turn07_FortAles_Decision_AntiAureusProtests_Dispersed,ReportProperties.Title,警察、道路封鎖を解消
ReportData,0x010000A100002E5D,Turn07_FortAles_Decision_AntiAureusProtests_Dispersed,ReportProperties.Description,この都市の至る所で、多数の環境保護活動家たちが道路やトラム路線を封鎖した。地元住民の中には時間通りに職場に行けなくなったことを不満に思い、当局に対して措置を取るよう要求する者もおり、事業主たちは収入の損失を嘆いていた。正午頃までには警察が市内を巡回し、「社会の秩序を乱す」犯人たちを逮捕したため、ほとんどの障害が解消された。
ReportData,0x010000460001AAF8,Turn07_Gelsord_GovernmentProtest,ReportProperties.Title,反政府抗議活動
ReportData,0x010000460001AAF8,Turn07_Gelsord_GovernmentProtest,ReportProperties.Description,"昨日の朝、抗議者たちがゲルソード市役所の前に集まり、依然として解散していない。この集団は市バスや運送トラックを含む車両の通行を妨げ、通り過ぎる人々に反政府のパンフレットを配っている。

ゲルソードの市長は、現状に危険な要素はなく、人々が単に抗議の権利を行使しているだけだと報告した。"
ReportData,0x010000460001AB3C,Turn07_Gelsord_RecessionHitsWorkers,ReportProperties.Title,不況が労働者たちを襲う
ReportData,0x010000460001AB3C,Turn07_Gelsord_RecessionHitsWorkers,ReportProperties.Description,ソードランドの他地域と同様に、ゲルソードの労働者たちも不況の影響を最も深刻に受けている。製造業界が特に大きな打撃を受けており、過去1ヶ月間だけで前例のない数の工場労働者が失業手当の申請を行った。
ReportData,0x010000A100002C23,Turn07_GRACE_RiziaFutureSummit,ReportProperties.Title,ルンブルクでGRACEサミットが開催される
ReportData,0x010000A100002C23,Turn07_GRACE_RiziaFutureSummit,ReportProperties.Description,ルンブルクはGRACEの緊急首脳会議の開催を呼びかけており、加盟国の王族たちがすでにソーンバラへ向かっている。目立つ欠席者が一人おり、それは招待されなかったリジア王国の国王だ。ルンブルクは会議の理由を公表していないものの、同王国とGRACE内の他国との関係が悪化していることから、この会議でリジアが組織内での今後の地位を決定するだろうと多くの人々が考えている。
ReportData,0x0100007400005FB7,Turn07_Holsord_Amendment_NewProposal,ReportProperties.Title,憲法案に新たな変更が加えられる
ReportData,0x0100007400005FB7,Turn07_Holsord_Amendment_NewProposal,ReportProperties.Description,"憲法改正の提案は、第6条および第7条に新たな変更を加え、特にブルディア人の権利に関する内容を盛り込む形で成功裏に修正された。

これらの追加修正案は政府内で大きな論争を引き起こしており、特にUSPから強い反応が出ており、同党の指導者たちは大統領と直ちに協議を行うことを強く望んでいる。"
ReportData,0x010000460001ABB8,Turn07_Holsord_CelebratingRevocation,ReportProperties.Title,非常事態解除を受けて祝賀の声
ReportData,0x010000460001ABB8,Turn07_Holsord_CelebratingRevocation,ReportProperties.Description,"今日、多くの人々がソル広場に集まり、非常事態宣言の解除を祝った。彼らはまた、ソル時代の治安法の廃止も求めた。

ホルソード市長によると、この集会は都市中で音楽が鳴り響く祝祭的な雰囲気へと変わったという。同市長は、集まった人々は平和的で、特段の異常事態は起きなかったと述べた。"
ReportData,0x010000460001AB40,Turn07_Holsord_CurrencyLosesValue,ReportProperties.Title,通貨、アルカシア・リラに対して価値を失う
ReportData,0x010000460001AB40,Turn07_Holsord_CurrencyLosesValue,ReportProperties.Description,財務報告によると、ソードランドのレンはアルカシアのリラに対して着実に下落しているが、為替相場はまだアルフォンソ政権時代に記録された過去最低水準には達していない。
ReportData,0x010000460001ABAC,Turn07_Holsord_EmergencyBeingIgnored,ReportProperties.Title,法執行機関、緊急時規則を無視
ReportData,0x010000460001ABAC,Turn07_Holsord_EmergencyBeingIgnored,ReportProperties.Description,"国内の各地から、法執行機関が非常事態令で定められた規則を適切に実施していないという報告が絶え間なく寄せられている。

最高裁長官が、裁判所がリクターの事件を取り上げてその法令の合憲性を審査すると発表した直後から、こうした報告の数は増加している。"
ReportData,0x0100007400000586,Turn07_Holsord_ErsenCase_ConflictedAmendment_BludsPullOut,ReportProperties.Title,ブルディア人代表たち、改革委員会を去る
ReportData,0x0100007400000586,Turn07_Holsord_ErsenCase_ConflictedAmendment_BludsPullOut,ReportProperties.Description,ブルディア運動の指導者たちは、憲法第6条および第7条の改正を目指して設立された改革委員会から最近撤退した。この決定は、大統領の発言が矛盾していると彼らが判断したことに続くものであり、彼らは大統領が以前イシュヴァル・エルセンの主張を支持すると述べていたにもかかわらず、現行のソル主義憲法を擁護している点を指摘した。マンスン・レケやフェティ・エジャルを含むブルディア指導者たちは、再び政府に利用されたと主張し、ブルディアの人々を認める実質的な変更がもたらされないようなプロセスへの参加は拒否すると述べている。
ReportData,0x010000460001AB98,Turn07_Holsord_ErsenCase_ReligiousBillSigned_Autocrat,ReportProperties.Title,最高裁判所、エルセン対ソードランド事件の反対意見書を提出
ReportData,0x010000460001AB98,Turn07_Holsord_ErsenCase_ReligiousBillSigned_Autocrat,ReportProperties.Description,最高裁判所は今日、8対3の反対意見を出し、エルセン対ソードランド事件を終結させた。最高裁長官のホーカーは、宗教調和法案がブルディア人のあらゆる形態の宗教活動を禁止していないと述べ、司法省の同意意見を却下した。その後、法務副大臣の発言を批判するプレスリリースが出された。当面、ブルディア人の憲法的権利は問題にならないだろう。
ReportData,0x010000460001AB9C,Turn07_Holsord_ErsenCase_ReligiousBillVetoed_Autocrat,ReportProperties.Title,最高裁判所、エルセン対ソードランド事件の反対意見書を提出
ReportData,0x010000460001AB9C,Turn07_Holsord_ErsenCase_ReligiousBillVetoed_Autocrat,ReportProperties.Description,最高裁判所は今日、6対5の反対意見を出し、エルセン対ソードランド事件を終結させた。最高裁長官のホーカーは、ブルディア人に対する法的扱いは平等であるとして司法省の同意意見を却下した。その後、法務副大臣の発言を批判するプレスリリースが出された。当分の間、ブルディア人の憲法的権利は危うくなることはないだろう。
ReportData,0x0100007400000542,Turn07_Holsord_ErsenCase_SupremeCourtChargesBron,ReportProperties.Title,最高裁判所、ブロン総督を有罪と判決
ReportData,0x0100007400000542,Turn07_Holsord_ErsenCase_SupremeCourtChargesBron,ReportProperties.Description,"今日、最高裁判所はベルギア特別区に住む「異なる血統のソードたち」を差別する「再定住命令」を制定したブロン総督を起訴した。裁判所はイシュヴァル・エルセンの主張を採用し、ブロン総督に罰金を科し職を解かせた。しかし、エルセンが提出したその他の主張については認めず、憲法が既にすべての人々に平等な権利を与えていると判断した。

総督の後任については、このような非常時においては新たな総督を大統領が任命する代わりに、総督代理が任期終了まで職務を引き継ぐべきだと最高裁判所は判決した。職務を引き継ぐ総督代理はNFPの元メンバーであるヘルベルト・クルルだ。

この裁判所の判決に対して世間の反応は分かれており、総督の行為に責任を問う決定を称賛する声もある一方、ブルディア人への差別が続いていることを挙げて判決の有効性に疑問を呈する声もある。ベルギアのブルディア人口の大部分はこの判決を非難しており、特にブロン総督の後任がブロン総督よりも悪い結果を招く可能性が高いと考えている。"
ReportData,0x010000740000054B,Turn07_Holsord_ErsenCase_SupremeCourtDelaysCase,ReportProperties.Title,最高裁判所、エルセン事件の審理を今後の通知まで延期
ReportData,0x010000740000054B,Turn07_Holsord_ErsenCase_SupremeCourtDelaysCase,ReportProperties.Description,"今日、最高裁判所は予告なくイシュヴァル・エルセンの事件の審理を延期し、その結果ブロン総督がベルギアでの政策を続けることを可能にした。最高裁長官のホーカーは、ブロン総督の行動に違憲な点はまだ見つかっていないと述べた。

この決定により、ブルディア人の権利擁護を訴える人々の間で論争や怒りが巻き起こり、彼らは弱い立場にあるコミュニティを保護するために行動しなかった最高裁判所を非難している。事件の審理延期は、国に実質的な変化をもたらそうとする人々にとって大きな障害と見なされており、司法制度の公平性についての懸念も高まっている。"
ReportData,0x010000460001AAE0,Turn07_Holsord_GeneralStaffNegative,ReportProperties.Title,参謀本部、否定的な声明を発表
ReportData,0x010000460001AAE0,Turn07_Holsord_GeneralStaffNegative,ReportProperties.Description,今週初め、参謀本部で会議が開催され、その際ヨセフ・ランチェアが政権運営に関する懸念を口にした。噂によると、ランチェアは「もしこの大統領が国内外の両面でソードランドが必要とするリーダーシップを発揮しないのであれば、マルーン宮殿に新たな人物が就く時期だ。早ければ早いほど良く、我々の共和国の運命はそれにかかっている」と述べたという。
ReportData,0x010000460001AADC,Turn07_Holsord_GeneralStaffPositive,ReportProperties.Title,参謀本部、好意的な声明を発表
ReportData,0x010000460001AADC,Turn07_Holsord_GeneralStaffPositive,ReportProperties.Description,今週初め、参謀本部で会議が開催され、その際ヨセフ・ランチェアは同政権のもとで働けることを喜びをもって表明した。噂によれば、ランチェアは「現在の大統領は伝統を重んじる人物だ。彼は強く、断固とした決断力を持っている。私は以前ソル大統領と共に働いたことがあり、ソル大統領のことを知っており、彼は私の友人だ。そしてアントン大統領が成し遂げた業績を彼が誇りに思っていることも知っている」と語ったという。
ReportData,0x010000460001ABC4,Turn07_Holsord_HeronSentLucian,ReportProperties.Title,ガラチ判事に関するルシアンの報告
ReportData,0x010000460001ABC4,Turn07_Holsord_HeronSentLucian,ReportProperties.Description,"ルシアン・ガラドは、ヘロン・ガラチ判事と30分間会談したが、大統領との面会を説得することができなかったと報告した。また、その提案を支持してもらうよう最大限努力したものの、適切な返答は得られなかったと述べた。

同氏は、判事との会談から何の有意義な成果も持ち帰れなかったことについて深く謝罪した。"
ReportData,0x010000460001ABC8,Turn07_Holsord_HeronSentNia,ReportProperties.Title,ガラチ判事に関するニアの報告
ReportData,0x010000460001ABC8,Turn07_Holsord_HeronSentNia,ReportProperties.Description,"ニア・モルグナは、ヘロン・ガラチ判事と30分間会談したが、大統領との面会を説得することができなかったと報告した。また、その提案を支持してもらうよう最大限努めたものの、適切な返答は一切得られなかったと述べた。

彼女は、判事との会談から何の成果も持ち帰れなかったことについて深く謝罪した。"
ReportData,0x0100007400005FF2,Turn07_Holsord_InteriorConfirmsEjallsIntelligence,ReportProperties.Title,内務省、フェティ・エジャルの情報の信頼性を認定
ReportData,0x0100007400005FF2,Turn07_Holsord_InteriorConfirmsEjallsIntelligence,ReportProperties.Description,"内務省は、フェティ・エジャルから得られた情報の信頼性を正式に確認した。この情報はブルディア自由戦線およびその指導者たちの行方に関する極めて重要な内容を含んでいる。同省はこの情報が非常に価値が高く、BFFがもたらす脅威に対処する上で貴重な手掛かりとなると述べている。

この情報を得たことで、リリアス・グラーフは迅速な作戦によって組織全体を無力化できるという歴史的な可能性について楽観的な見解を示した。"
ReportData,0x010000460001ABB4,Turn07_Holsord_KibenerShowSupportEmergency,ReportProperties.Title,キベナー、大統領への支持を表明
ReportData,0x010000460001ABB4,Turn07_Holsord_KibenerShowSupportEmergency,ReportProperties.Description,今日の報道文では、NFPのケサロ・キベナーが非常事態令の見直しを決定した裁判所の判断の後、レイン大統領を支持する姿勢を示した。彼の演説において、同氏はUSP指導部への全面的な支持を表明し、フレンス・リクターを非難するとともに最高裁判所に「正しい判断を下すよう」呼びかけた。
ReportData,0x010000460001AB5C,Turn07_Holsord_KorontiBuysNedam,ReportProperties.Title,ネダム、マルセル・コロンティに買収される
ReportData,0x010000460001AB5C,Turn07_Holsord_KorontiBuysNedam,ReportProperties.Description,今日現在、ネダム鉱業公社はマルセル・コロンティの正式な所有物となっている。ハート・オブ・ソードランドのCEOは我々の決定に深く感謝しており、報道機関が政権を支援すると約束している。しかしUSP内に不満の声があり、議会内で何らかの反発が起こる可能性がある。
ReportData,0x010000460001AB50,Turn07_Holsord_KorontiBuysSSC,ReportProperties.Title,SSC、マルセル・コロンティに買収される
ReportData,0x010000460001AB50,Turn07_Holsord_KorontiBuysSSC,ReportProperties.Description,今日現在、ソードランド国営公社は正式にマルセル・コロンティの所有物となっている。ハート・オブ・ソードランドのCEOは我々の決定に深く感謝しており、報道機関が政権を支援すると約束している。しかしUSP内には不満の声も存在し、議会内で何らかの反発が起こる可能性がある。
ReportData,0x010000460001AB24,Turn07_Holsord_L1_SSC_Soon,ReportProperties.Title,SSCによるL-1建設、間もなく完成予定
ReportData,0x010000460001AB24,Turn07_Holsord_L1_SSC_Soon,ReportProperties.Description,"ホルソードとラハベンの間の企業活動は長年にわたり物流上の問題に悩まされ、両都市の発展速度を妨げてきた。L-1鉄道がこの問題の解決策である。しかしながら、ゲルソードへ向かう路線では険しい地形や地滑りが頻発するため、進捗が遅れている。  

幸いなことに、それ以降は新たな困難は生じておらず、近い将来に工事が完了する見込みである。"
ReportData,0x010000460001AB1C,Turn07_Holsord_L1_Taurus_Soon_SignedBill,ReportProperties.Title,L-1建設、タウルスにより間もなく完成予定
ReportData,0x010000460001AB1C,Turn07_Holsord_L1_Taurus_Soon_SignedBill,ReportProperties.Description,"ホルソードとラハベンの間の企業活動は長年にわたり物流上の問題に悩まされ、両大都市の発展速度を妨げてきた。L-1鉄道がこの問題の解決策である。しかし残念ながら、新しい労働法によって予期せぬ費用が発生したため、プロジェクトは遅延している。

幸いなことに、それ以降は別の困難は起きておらず、近い将来に完成する見込みである。"
ReportData,0x010000460001AB18,Turn07_Holsord_L1_Taurus_Soon_VetoedBill,ReportProperties.Title,L-1建設、タウルスにより間もなく完成予定
ReportData,0x010000460001AB18,Turn07_Holsord_L1_Taurus_Soon_VetoedBill,ReportProperties.Description,"ホルソードとラハベンの間の企業活動は長年にわたり物流上の問題に悩まされ、両大都市の発展速度を妨げてきた。L-1鉄道がこの問題の解決策となる。モルベル鉱山での災害に加え、労働者権利法案が否決されたことも重なり、タウルス社の労働者たちがストライキを行ったため、このプロジェクトは遅延していた。

幸いにもその後はさらなる困難は発生しておらず、近い将来に完成する見込みである。"
ReportData,0x010000460001AB64,Turn07_Holsord_NedamFullPrivatization,ReportProperties.Title,ネダムが民営化される
ReportData,0x010000460001AB64,Turn07_Holsord_NedamFullPrivatization,ReportProperties.Description,"今日現在、ネダム鉱業公社は正式に株式を投資家向けに公開した。多くの団体や組織が同社の株式を取得しようと競い合っている。ハート・オブ・ソードランドとロザーバーグ・グループという二大組織が、過半数の株式を巡って互いに争っている。

しかしUSP内には不満の声も存在し、議会内で何らかの反発が起こる可能性がある。"
ReportData,0x010000460001ABD8,Turn07_Holsord_NegativeApproval,ReportProperties.Title,大統領の支持率低下
ReportData,0x010000460001ABD8,Turn07_Holsord_NegativeApproval,ReportProperties.Description,大司祭ガラドによって実施された最近の支持率調査では、我々の支持率が25％を下回る結果となった。ソードランドの各地域から集まった1000人の回答者による様々な調査において、我々政権の業績は広く疑問視されている。
ReportData,0x010000460001ABC0,Turn07_Holsord_PFJPCondemnsCourt,ReportProperties.Title,PFJP、最高裁判所の判決を非難
ReportData,0x010000460001ABC0,Turn07_Holsord_PFJPCondemnsCourt,ReportProperties.Description,"今日の報道文において、フレンス・リクターは非常事態令を合法と判断した最高裁判所を非難し、違法な行為を犯している大統領を守った最高裁長官を責めた。

彼の演説では、最高裁判所に民主主義の妨げとなることをやめるよう呼びかけ、政権側およびソル主義の判事たちを非難した。また、憲法に反する行為を行った大統領は責任を問われるべきだと述べた。"
ReportData,0x010000460001ABBC,Turn07_Holsord_PFJPCongratulatesCourt,ReportProperties.Title,PFJP、最高裁判所の判決を祝う
ReportData,0x010000460001ABBC,Turn07_Holsord_PFJPCongratulatesCourt,ReportProperties.Description,"今日の報道文で、フレンス・リクターは緊急措置に反対する判決を下した最高裁判所を称賛した。

  彼の演説では、最高裁判所に対しさらに圧力をかけて行政全体を調査するよう呼びかけた。また、大統領は憲法に反する行為の責任を問われるべきだと述べた。"
ReportData,0x010000460001ABD4,Turn07_Holsord_PositiveApproval,ReportProperties.Title,大統領の支持率が上昇
ReportData,0x010000460001ABD4,Turn07_Holsord_PositiveApproval,ReportProperties.Description,大司祭ガラドによって実施された最近の支持率調査によると、我々の大統領の支持率は50％を上回る数値となっている。ソードランドの各地域から集まった1千人の回答者を対象に行われた多様な世論調査でも、現政権の業績が確認されている。
ReportData,0x010000460001AB58,Turn07_Holsord_SSCFullPrivatization,ReportProperties.Title,SSCが民営化される
ReportData,0x010000460001AB58,Turn07_Holsord_SSCFullPrivatization,ReportProperties.Description,"今日、ソードランド国営公社は正式に投資家向けに株式の売却を開始した。多くの団体や組織が同公社の株式を獲得しようと競い合っている。ハート・オブ・ソードランドとロザーバーグ・グループという二大組織が、過半数の株式を巡って互いに争っている。

しかし、USP内には不満の声も存在し、議会内で何らかの反発が起こる可能性がある。"
ReportData,0x010000460001AB60,Turn07_Holsord_TuskBuysNedam,ReportProperties.Title,ウォルター・タスクがネダムを買収
ReportData,0x010000460001AB60,Turn07_Holsord_TuskBuysNedam,ReportProperties.Description,今日現在、ネダム鉱業公社はウォルター・タスクの正式な所有物となっている。SSCの買収により、ウォルター・タスクはソードランド国内で敵対者を持たなくなった。ロザーバーグ・グループのCEOは我々の決定に深く感謝し、同グループが政権を支援し続けると誓っている。
ReportData,0x010000460001AB54,Turn07_Holsord_TuskBuysSSC,ReportProperties.Title,SSC、ウォルター・タスクに買収される
ReportData,0x010000460001AB54,Turn07_Holsord_TuskBuysSSC,ReportProperties.Description,今日現在、ソードランド国営公社はウォルター・タスクが正式に所有している。SSCの買収により、ウォルター・タスクはもはやソードランド国内で競争相手を持たなくなった。ロザーバーグ・グループのCEOは我々の決定に深く感謝し、同グループが政権を支援し続けると誓っている。
ReportData,0x010000460001ABB0,Turn07_Holsord_USPShowSupportEmergency,ReportProperties.Title,USP会議、大統領への支持を表明
ReportData,0x010000460001ABB0,Turn07_Holsord_USPShowSupportEmergency,ReportProperties.Description,"昨日のUSPの内部会合では、最高裁判所が非常事態の合法性を審理することになったのを受けて、多くの党員が大統領への支持を表明した。

ペトル・ベクターン副大統領は、政権の職務を妨げているとして最高裁判所を批判した。"
ReportData,0x0100007400005FEA,Turn07_Holsord_USP_StatementAgainstPresident,ReportProperties.Title,USP、大統領に反対する声明を発表
ReportData,0x0100007400005FEA,Turn07_Holsord_USP_StatementAgainstPresident,ReportProperties.Description,統一ソードランド党（USP）は、大統領が彼らの同意なく提案されていた改正案に最終段階で変更を加えたことを厳しく非難する声明を発表した。同党の声明では、大統領がソル主義の核心的価値観および原則から逸脱していると非難されている。その結果、同党は大統領および現政権への全面的な支持を撤回する決定を明らかにした。
ReportData,0x010000460001ABA0,Turn07_Holsord_VoteFail_USPCriticizes,ReportProperties.Title,USP会議、大統領を非難
ReportData,0x010000460001ABA0,Turn07_Holsord_VoteFail_USPCriticizes,ReportProperties.Description,"昨日のUSPの内部会合では、議会での憲法改正の採決が失敗に終わったことに、多くの党員が失望の声を上げた。

リリアス・グラーフは、十分な調査も党員間の適切な意思疎通もないまま改革を推し進めたとしてレイン大統領を批判し、失敗の責任は大統領と副大統領にあるとした。"
ReportData,0x010000460001ABA8,Turn07_Holsord_VoteWon_KibenerCongratulates,ReportProperties.Title,キベナー、投票結果を祝う
ReportData,0x010000460001ABA8,Turn07_Holsord_VoteWon_KibenerCongratulates,ReportProperties.Description,今日の報道文では、NFPのケサロ・キベナーが成功裏に行われた投票を受けてレイン大統領に祝意を表した。彼は演説の中でUSP指導部への支持を示し、最高裁判所に対して同提案に賛成票を投じるよう呼びかけた。
ReportData,0x010000460001ABA4,Turn07_Holsord_VoteWon_RicterCongratulates,ReportProperties.Title,リクター、投票結果を祝う
ReportData,0x010000460001ABA4,Turn07_Holsord_VoteWon_RicterCongratulates,ReportProperties.Description,今日の報道文では、PFJPのフレンス・リクターが成功裏に行われた投票を受けてレイン大統領に祝意を表した。彼は演説の中でUSP指導部への支持を示し、最高裁判所に対してこの提案に賛成票を投じるよう呼びかけた。
ReportData,0x01000074000061FA,Turn07_Holsord_WPB_AnnouncesNewLeader_Leke,ReportProperties.Title,WPB、マンスン・レケを新指導者に任命と発表
ReportData,0x01000074000061FA,Turn07_Holsord_WPB_AnnouncesNewLeader_Leke,ReportProperties.Description,報告によると、当局によって元指導者のフェティ・エジャルが逮捕されたことを受けて、マンスン・レケがブルディア労働者党（WPB）への復帰を要請され、新たな党首に選出された。ブルディア人共同体内で著名な人物であるレケは、次回の選挙で同党の支持率を高めることが期待されている。
ReportData,0x0100007400005FC9,Turn07_Holsord_WPB_CondemnsCourtDecision,ReportProperties.Title,WPB、最高裁判所を非難
ReportData,0x0100007400005FC9,Turn07_Holsord_WPB_CondemnsCourtDecision,ReportProperties.Description,"ブルディア労働者党（WPB）は、イシュヴァル・エルセン事件に関する最高裁判所の判決を厳しく非難した。同党が発表した声明の中で、彼らは最高裁判所に対して深い失望と反対の意を示し、同裁判所が国内のブルディア人々が直面する差別や不平等を助長していると考えている。

WPBは、最高裁判所がさらにブルディア人々の周辺化を続けており、彼らの正義と平等な権利への正当な要求を無視していると主張した。彼らは、すべての市民に公平な扱いと同等の機会が保証されるよう、司法制度の全面的な見直しを求めた。"
ReportData,0x0100007400005FD1,Turn07_Holsord_WPB_CondemnsEjallArrest,ReportProperties.Title,WPB、エジャルの逮捕を非難
ReportData,0x0100007400005FD1,Turn07_Holsord_WPB_CondemnsEjallArrest,ReportProperties.Description,"ブルディア労働者党（WPB）は、政府が憲法改正案においてブルディア人の権利拡大を求める同党指導者フェティ・エジャルの提案を盛り込んだことを受け、同氏の逮捕を強く非難した。WPBは声明の中で激しい怒りを表明し、この逮捕がブルディア民族主義者たちの声を抑圧するための偽善的かつ政治的動機に基づく行為だと非難した。同党は、政府の措置が民主主義への侮辱であり、基本的な人権の侵害に他ならないと主張した。

WPBはフェティ・エジャルの即時釈放を要求するとともに、政府に対しブルディア国民の正当な懸念や願望に応えるよう求めた。この出来事により緊張がさらに高まり、政府が実際にブルディア人の権利向上のための改革を推進する意思があるかどうかについて懸念が生じている。"
ReportData,0x010000A00000011C,Turn07_Iza_AngelicaReinstated,ReportProperties.Title,アンジェリカ・サゾン、就任
ReportData,0x010000A00000011C,Turn07_Iza_AngelicaReinstated,ReportProperties.Description,イザの宮殿で盛大な就任式が行われ、アンジェリカ・サゾンは再びイザ女公爵としての地位を取り戻した。ポルテ・ドラゾンにある王の前で忠誠の誓いを立てた後、新しい女公爵はイザへ向かい、そこでは全国から集まった貴族たちが出席する大規模な宴会が開催された。ロムス王自身は欠席していたものの、ウーゴ・トラスを含む数名の側近たちがこの重要な瞬間を祝うために同席した。
ReportData,0x010000A0000000EA,Turn07_Iza_GoldenGuardDispatched,ReportProperties.Title,近衛兵がイザに派遣される
ReportData,0x010000A0000000EA,Turn07_Iza_GoldenGuardDispatched,ReportProperties.Description,ティトゥス・ゴルディオンが率いる近衛兵は、リコ・トラスに関する調査を開始するためにイザに到着した。今後数週間にわたり、近衛兵のメンバーたちはその公爵を綿密に監視し、何らかの不正行為や怪しい活動がないか注意深く見張っていく。
ReportData,0x010000A1000001A2,Turn07_Iza_HousingCrisisSpreads,ReportProperties.Title,イザの住宅危機、深刻化の一途
ReportData,0x010000A1000001A2,Turn07_Iza_HousingCrisisSpreads,ReportProperties.Description,数年前に予測されていた通り、ポルテ・ドラゾンを悩ませてきた住宅危機が他のリジアの都市へと広がり始めている。家賃を支払うことができない入居者が増え続ける中、人々は手頃な住居を求めて他の大都市へと流れ込んでいる。地元当局者らは、対策を講じなければイザのホームレス人口も間もなくポルテ・ドラゾン並みに達する可能性があると警告している。
ReportData,0x010000A000000108,Turn07_Iza_RicoArrest,ReportProperties.Title,リコ・トラスが逮捕された！
ReportData,0x010000A000000108,Turn07_Iza_RicoArrest,ReportProperties.Description,夜明け前の早い時間に、元公爵のリコ・トラスは近衛兵たちによって宮殿から引きずり出され、反逆罪で正式に拘束された。評判を失ったその公爵はその後、ブレナス地方の場所不明の場所へ移送され、国王が彼に対してどう処置するか決定するまで秘密裏に収監されることになっている。
ReportData,0x010000A000000112,Turn07_Iza_RicoDeposed,ReportProperties.Title,リコ・トラス、失脚！
ReportData,0x010000A000000112,Turn07_Iza_RicoDeposed,ReportProperties.Description,夜明け前の早い時間に、元公爵のリコ・トラスは近衛兵たちによって宮殿から引きずり出された。その後彼は地元のテレビ局へ連れて行かれ、イザ公爵の職を辞任させられた上で解放された。報道によると、元公爵はその後ヴァレンキリス州にいる親族のもとへ向かい、現在そこに滞在していると言われている。
ReportData,0x010000640000CD5C,Turn07_Lachaven_GasomBankruptcy,ReportProperties.Title,ガソム、破産を宣言し事業停止
ReportData,0x010000640000CD5C,Turn07_Lachaven_GasomBankruptcy,ReportProperties.Description,ラハベンの主要なエネルギー供給業者の一つであるガソムが破産を宣告した。同社はすべての事業を停止し、それにより雇用が失われるとともに地域のエネルギー供給に深刻な混乱が生じている。ガソムの閉鎖がもたらす経済的影響は甚大なものになる見込みだ。
ReportData,0x010000640000CD94,Turn07_Lachaven_GasomBooms,ReportProperties.Title,ガソム、好況により労働力を拡大
ReportData,0x010000640000CD94,Turn07_Lachaven_GasomBooms,ReportProperties.Description,ラハベンにあるガソムは著しい成長期を迎えており、従業員数が大幅に増加している。この経済の好況は同社の業績向上だけでなく、多くの雇用機会も生み出し、地域経済を強化している。
ReportData,0x0100008E00000420,Turn07_Lachaven_GasomDefault,ReportProperties.Title,ガソムの作戦が停滞している
ReportData,0x0100008E00000420,Turn07_Lachaven_GasomDefault,ReportProperties.Description,ガソムのラハベンにおける事業は停滞しており、取引量や従業員数に目立った変化は見られない。同社は引き続き通常通り営業を続けており、安定したエネルギー供給は行っているものの、サービス面での大幅な成長や革新は見られない。
ReportData,0x010000640000CD8C,Turn07_Lachaven_GasomDownsizes,ReportProperties.Title,ガソム、人員削減を発表
ReportData,0x010000640000CD8C,Turn07_Lachaven_GasomDownsizes,ReportProperties.Description,ラハベンにあるガソムが事業規模の縮小を発表した。この措置により雇用が減少し、エネルギー生産能力も低下することになる。この決定は地域経済に影響を与える可能性があり、エネルギー供給の乱れを招く恐れもある。
ReportData,0x010000460001AB20,Turn07_Lachaven_H3_SSC_Soon,ReportProperties.Title,H-3建設、SSCにより間もなく完成予定
ReportData,0x010000460001AB20,Turn07_Lachaven_H3_SSC_Soon,ReportProperties.Description,"ラハベンとアルヴォリーを結ぶ道路網の状態が悪く、沿岸部で無用な事故が起きていたため、国営のソードランド国営公社に高速道路の建設が発注された。残念ながら、レンクルグとアルヴォリーの間の険しい地形のために工事は遅れている。

幸い、その後は新たな問題は起きておらず、工事は近く完了する見込みだ。"
ReportData,0x010000460001AB14,Turn07_Lachaven_H3_Taurus_Soon_SignedBill,ReportProperties.Title,H-3建設、タウルスにより間もなく完成予定
ReportData,0x010000460001AB14,Turn07_Lachaven_H3_Taurus_Soon_SignedBill,ReportProperties.Description,"ラハベンとアルヴォリーを結ぶ道路網の状態が悪く、沿岸部で無用な事故が起きていたため、民間のタウルス・ホールディングに高速道路の建設が発注された。残念ながら、新しい労働法による想定外の費用のために工事は遅れている。

幸い、その後は新たな問題は起きておらず、工事は近く完了する見込みだ。"
ReportData,0x010000460001AB10,Turn07_Lachaven_H3_Taurus_Soon_VetoedBill,ReportProperties.Title,H-3建設、タウルスにより間もなく完成予定
ReportData,0x010000460001AB10,Turn07_Lachaven_H3_Taurus_Soon_VetoedBill,ReportProperties.Description,"ラハベンとアルヴォリーを結ぶ道路網の状態が悪く、沿岸部で無用な事故が起きていたため、民間のタウルス・ホールディングに高速道路の建設が発注された。残念ながら、労働者権利法案に拒否権が行使されたことで工事中にストライキが起き、工事は遅れている。

幸い、その後は新たな問題は起きておらず、工事は近く完了する見込みだ。"
ReportData,0x0100007400005FFA,Turn07_Lachaven_IncreasedSupportForBludishRight,ReportProperties.Title,ブルディア人の権利への支援強化
ReportData,0x0100007400005FFA,Turn07_Lachaven_IncreasedSupportForBludishRight,ReportProperties.Description,"ラハベンのように中産階級のリベラル層が多い都市では世論に目立った変化が起きており、ブルディア人の権利を支持する声が急増している。イシュヴァル・エルセンの件は多くの人々の心に響き、共感と連帯意識が高まっている。

WPBの関係者が政府に対し第6条および第7条の改正を求めて発表した最近の声明は、こうした都市に住むソードランド人たちの間で大きな反響を呼んでいる。ブルディア人の権利を認識し保護するための改革を求める声が強まっており、住民の間には意義ある変化が必要だという気運が高まっている。"
ReportData,0x010000460001AB38,Turn07_Lachaven_L1Result,ReportProperties.Title,ラハベン港、新たな重要性を獲得
ReportData,0x010000460001AB38,Turn07_Lachaven_L1Result,ReportProperties.Description,ホルソードとラハベンを結ぶL-1高速鉄道が完成したことにより、ラハベン港の取扱量はかつてないほど増加している。輸送プロセスの効率化のため、ますます多くの企業が商品の輸送に船便を利用するようになっている。
ReportData,0x010000460001AAD4,Turn07_Laren_MedicalQualityIncreased,ReportProperties.Title,医療の質が向上した
ReportData,0x010000460001AAD4,Turn07_Laren_MedicalQualityIncreased,ReportProperties.Description,ラレンの病院や診療所からの報告によると、農村地域への追加資金投入により医療の質が大幅に向上している。死亡率は低下傾向にあり、患者たちも医師や医療施設に対する信頼度を高めていると述べている。
ReportData,0x010000640000CDBC,Turn07_Leiren_EnergyPricesHurt,ReportProperties.Title,エネルギー価格の高騰が地域経済に深刻な影響を与える
ReportData,0x010000640000CDBC,Turn07_Leiren_EnergyPricesHurt,ReportProperties.Description,レイレンの地域経済は、上昇するエネルギー価格によって大きな影響を受けている。高騰するエネルギーコストが企業と家庭の両方に負担をかけ、経済活動の低下と金融的なストレスの増加を招いている。このような上昇傾向のエネルギー価格は放置され続ければ、長期的な経済的被害を引き起こす危険がある。
ReportData,0x010000A3000002A1,Turn07_MaveNortus_BludsLetIn,ReportProperties.Title,リジア、ブルディア人へ国境を開放
ReportData,0x010000A3000002A1,Turn07_MaveNortus_BludsLetIn,ReportProperties.Description,リジアは、ヴェーレンとの間でそうしないという以前の合意があったにもかかわらず、ヴェゼク内戦から逃れるブルディア人たちのためにジルへの国境検問所を開放した。国境の向こう側にいるヴェゼク当局は、越境を試みる何千人もの人々を阻止しようとしたが、すぐに敗北を認めて彼らがリジアへ入るのを許さざるを得なかった。
ReportData,0x010000A1000029A7,Turn07_MaveNortus_IntelligenceInsertion,ReportProperties.Title,リジアの工作員がジルへ侵入
ReportData,0x010000A1000029A7,Turn07_MaveNortus_IntelligenceInsertion,ReportProperties.Description,マーヴェ・ノルトゥス情報拠点で訓練を受けた工作員たちが、暗闇に隠れながら小規模なグループで国境の川を渡り、ジル地域への秘密潜入を開始している。これまでのところ、すべての潜入試みが成功し、ヴェゼク当局は国境全体を封鎖することができていない。
ReportData,0x010000CA00001891,Turn07_Monqiz_Decision_ProvincialTaxSubsidyTwo_Valenqiris,ReportProperties.Title,ヴァレンキリス住民に税制緩和が実施される
ReportData,0x010000CA00001891,Turn07_Monqiz_Decision_ProvincialTaxSubsidyTwo_Valenqiris,ReportProperties.Description,"王室は、不作による農業上の困難や輸出の混乱を理由に、ヴァレンキリスに対して地方補助金を授与した。地元の農家やブドウ園経営者たちは、この支援が最近の損失を埋め合わせるのに役立つことを期待し、慎重ながらも楽観的な見解を示した。

モンキズの当局者は、これらの資金が農村経済の安定化や季節労働の維持に充てられると述べた。"
ReportData,0x010000A1000030FE,Turn07_Monqiz_Decision_RoyalYachtFinal_Parade,ReportProperties.Title,大規模なパレードでヨットを祝う
ReportData,0x010000A1000030FE,Turn07_Monqiz_Decision_RoyalYachtFinal_Parade,ReportProperties.Description,君主制を支持する数万のファンたちが、復元された王室ヨットの祝賀行事のためにモンキズに集まった。軍事パレードはその船が停泊している港へと向かい、国王ロムスが群衆に手を振る中、その船は祝賀の一周航行を行った。
ReportData,0x010000A30000055A,Turn07_Monqiz_Decision_VendonesamCivilWarEscalates_HarborProtest,ReportProperties.Title,モンキズ港で反介入抗議行動が発生
ReportData,0x010000A30000055A,Turn07_Monqiz_Decision_VendonesamCivilWarEscalates_HarborProtest,ReportProperties.Description,反戦活動家たちの一団が、ヴェンドネサム向けの軍事援助物資を積んだ船々が港を出るのを妨害しようと試みた。しかし彼らの試みは失敗に終わり、法執行機関が迅速に騒乱を起こした者たちを逮捕した。
ReportData,0x010000A100002BE5,Turn07_Monqiz_PortSold,ReportProperties.Title,RSSC、港の支配権を掌握
ReportData,0x010000A100002BE5,Turn07_Monqiz_PortSold,ReportProperties.Description,モンキズの港がルンブルクに売却されたことを受け、同施設の管理権は正式にルンブルク国家海運会社に移譲された。ルンブルクの官僚たちが到着し港の運営を開始しており、既にルンブルクの企業に有利な航海料金が与えられている。
ReportData,0x010000CA000018B0,Turn07_Montaklar_Decision_ProvincialTaxSubsidyTwo_CardesseMontaklar,ReportProperties.Title,カルデス＝モンタクラル向け補助金の発表
ReportData,0x010000CA000018B0,Turn07_Montaklar_Decision_ProvincialTaxSubsidyTwo_CardesseMontaklar,ReportProperties.Description,モンタクラルの産業界リーダーたちは、生産活動を活性化させることを目的とした地域税制優遇措置の発表を政府に歓迎している。工場経営者らは、コスト上昇と古くなった機械が成長の大きな障害であると指摘している。この補助金によりこうした制約が緩和される見込みで、数か所の重要施設を近代化する計画も早急に立てられている。労働組合は慎重ながらも楽観的な姿勢を保ち、資金配分の透明性と公平性を求めている。
ReportData,0x010000A100002EA3,Turn07_Montaklar_Decision_RevolutionariesIncitement_AutonomousCityHall,ReportProperties.Title,市役所が移転
ReportData,0x010000A100002EA3,Turn07_Montaklar_Decision_RevolutionariesIncitement_AutonomousCityHall,ReportProperties.Description,革命派がモンタクラル市役所を占領したことを受け、市当局は一時的に市の反対側にある適切な建物で業務を行っている。一方、革命派は旧市役所をコミュニティセンターに転用し始め、様々な政治活動を開催している。
ReportData,0x010000A100002E99,Turn07_Montaklar_Decision_RevolutionariesIncitement_UprisingEnds,ReportProperties.Title,市役所、業務を再開
ReportData,0x010000A100002E99,Turn07_Montaklar_Decision_RevolutionariesIncitement_UprisingEnds,ReportProperties.Description,市役所の住人が退去したことで、徐々に被害を修復し業務を再開できるようになっている。地元当局は、重要な政府施設周辺の治安強化によってこのような事態が二度と起きないようにすると中央政府に保証している。
ReportData,0x010000C10000003D,Turn07_Montaklar_MartialOversight,ReportProperties.Title,カルロス・アザロ将軍、モンタクラルで戒厳令を宣言
ReportData,0x010000C10000003D,Turn07_Montaklar_MartialOversight,ReportProperties.Description,"最近の騒乱や革命勢力によるモンタクラル市役所の一時的占領を受け、カルロス・ロブレス・アザロ将軍は治安と安定を回復させるために戒厳令を宣言した。

市役所を含む重要な政府施設を守るために追加の部隊が派遣され、さらなる混乱に対処するためにより厳格な夜間外出禁止令や迅速対応部隊も導入されている。

地元住民は軍の存在感が強まっており、巡回警備が新しい規制の遵守を確保していると報告している。"
ReportData,0x010000C100000044,Turn07_Montaklar_PalesMapofSupply,ReportProperties.Title,カルロス・アザロとフベルトゥス・トラス、パレスの戦略地図を更新
ReportData,0x010000C100000044,Turn07_Montaklar_PalesMapofSupply,ReportProperties.Description,"カルロス・アザロ将軍とフベルトゥス・トラス公は、以前の軍事計画で初めて提示されたパレスの戦略地図を見直し始めている。

フベルトゥスの地図作成に関する専門知識とカルロスの戦争経験を活用して、彼らは敵の物流網における重要な資源拠点や補給路、潜在的な脆弱性を特定すべく地図を改良している。

分析官たちは、これらの補給路を攻撃することでパレス側の増援を妨害し、リジアに戦略的優位をもたらす可能性があると示唆している。"
ReportData,0x010000A100003755,Turn07_Morella_Decision_War_RefugeeStory_Friendly,ReportProperties.Title,モレラ、難民受け入れ施設の準備を進める
ReportData,0x010000A100003755,Turn07_Morella_Decision_War_RefugeeStory_Friendly,ReportProperties.Description,モレラ共和国は我々の要請を受け、パレスとの戦争によって追い立てられた人々のための難民施設の準備を開始した。同国は、人命救助が自国政府の社会主義的原則の核心であるため、この要請に応じられて喜んでいると述べている。
ReportData,0x010000A10000375F,Turn07_Morella_Decision_War_RefugeeStory_Hostile,ReportProperties.Title,モレラ、難民受け入れ施設の準備を進める
ReportData,0x010000A10000375F,Turn07_Morella_Decision_War_RefugeeStory_Hostile,ReportProperties.Description,モレラ共和国は、パレスとの戦争によって追い立てられた人々のための難民収容施設の準備を開始した。同国は我々が難民を自国の国境まで移送する決定を非難しているが、人命救助こそが政府の社会主義的原則の核心であり、戦争によって苦しむ人々の痛みを軽減するためにあらゆる努力を尽くすと再び強調している。
ReportData,0x010000650000513F,Turn07_Morella_HailsNationalizationPlan,ReportProperties.Title,モレラ、ソードランドの国有化措置を称賛
ReportData,0x010000650000513F,Turn07_Morella_HailsNationalizationPlan,ReportProperties.Description,モレラではアルマ・サルタナ首相の指導のもと、ソードランドの包括的な国有化計画を高く評価している。モレラ統一戦線の社会主義的傾向に呼応し、サルタナはこの決定を経済的正義と主権へ向けた一歩だと称賛した。彼女は、この大胆な措置がメルコパ全土で同様の政策が採用されるきっかけとなり、経済的平等と共有された繁栄に満ちた未来が築かれることを期待している。
ReportData,0x010000A3000002B5,Turn07_Morella_PilgrimsToLeaveMorellaAlone,ReportProperties.Title,デルディア、モレラへの巡礼を中止するよう命じる
ReportData,0x010000A3000002B5,Turn07_Morella_PilgrimsToLeaveMorellaAlone,ReportProperties.Description,デルディアがその巡礼者たちにモレラへの不法越境を試みないよう命じたことで、デルディアとモレラの国境における緊張はついに和らいだ。今後、デルディアの公式な方針としては、ゴルコンド主義の巡礼者たちが訪問先の国の国境や手続きを尊重すべきだとされている。
ReportData,0x010000460001AB34,Turn07_Morna_UnemploymentReduced,ReportProperties.Title,モルナで失業率が大幅に低下
ReportData,0x010000460001AB34,Turn07_Morna_UnemploymentReduced,ReportProperties.Description,モルナでは過去1年間で失業率が15パーセント減少した。この都市の経済は以前、ソードランドの他地域に比べて遅れをとっていたが、政府がローレン地方への投資を決定したことにより、回復しつつあるようだ。
ReportData,0x010000640000CDA4,Turn07_Narbel_GasomBranchGrows,ReportProperties.Title,ガソム支社の拡大が地域経済を活性化
ReportData,0x010000640000CDA4,Turn07_Narbel_GasomBranchGrows,ReportProperties.Description,ナルベルに新たなガソム支店が開設されたことで、地元経済は大きく活性化した。これにより新たな雇用機会が創出されるとともに、この地域に安定したエネルギー供給源が確立された。この好ましい動向により、ナルベルの成長潜在力が高まり、住民の生活水準も向上すると見込まれている。
ReportData,0x010000640000CD7C,Turn07_Narbel_GasomBranchShuts,ReportProperties.Title,ガソム支店の閉鎖が地域経済に影響を与える
ReportData,0x010000640000CD7C,Turn07_Narbel_GasomBranchShuts,ReportProperties.Description,ナルベルにあるガソムの支店が突然閉鎖されたことで、地元経済に悪影響が及んでいる。この停止により雇用が失われ、エネルギー供給にも支障が生じ、家庭や企業の両方に困難をもたらしている。この閉鎖がナルベルの経済に与える影響は甚大なものと予想され、状況を緩和するための緊急対策が求められている。
ReportData,0x010000460001AAD0,Turn07_Narbel_MedicalSalariesIncreased,ReportProperties.Title,医療スタッフの給与が引き上げられる
ReportData,0x010000460001AAD0,Turn07_Narbel_MedicalSalariesIncreased,ReportProperties.Description,ナルベルでは医師、看護師、その他の医療従事者の賃金引き上げが実施されている。病院や診療所ではすでに患者の満足度が向上していると報告されており、賃上げに加えて提供される「農村奨励制度」によって、より高度な資格を持つ医療スタッフがこの地域に集まる見込みだ。
ReportData,0x010000460001AAEC,Turn07_Narbel_NewSchoolBuilt,ReportProperties.Title,新校舎が完成
ReportData,0x010000460001AAEC,Turn07_Narbel_NewSchoolBuilt,ReportProperties.Description,ナルベルでは、教室50室と最新の教育機器を備えた2階建ての新しい中学校が開校したことを祝った。この学校は、農村地域の教育環境改善を目的とする政府の取り組みの一環として資金提供されたものである。
ReportData,0x010000A100002C4B,Turn07_PalesInvasion_BFFDeployed,ReportProperties.Title,BFF傭兵部隊が密かに到着
ReportData,0x010000A100002C4B,Turn07_PalesInvasion_BFFDeployed,ReportProperties.Description,ルンブルクの約束通り、BFF傭兵部隊の数個旅団が前線に到着し始めている。彼らの存在を隠すため、これらの兵士たちにはリジア製の武器や制服が与えられている。
ReportData,0x0100009D00000443,Turn07_PalesInvasion_DerdianMercenaries,ReportProperties.Title,デルディア人の傭兵たち、パレス劇場に到着
ReportData,0x0100009D00000443,Turn07_PalesInvasion_DerdianMercenaries,ReportProperties.Description,デルディアの約束により集結したゴルコンド主義戦士たちの傭兵旅団が、リジアに到着し始めている。新たな命令が出るまで、彼らは前線の背後に駐留し、国王の指示を待つ状態が続くだろう。
ReportData,0x010000CA000018EE,Turn07_PorteDrazon_Decision_ProvincialTaxSubsidyTwo_SubsidiesDenied,ReportProperties.Title,補助金の拒否で州が待ち続ける状況
ReportData,0x010000CA000018EE,Turn07_PorteDrazon_Decision_ProvincialTaxSubsidyTwo_SubsidiesDenied,ReportProperties.Description,"首都で王政がすべての補助金申請を拒否したため、各州の代表者たちは何も得ることなく帰還した。

ヴァレンキリス、カルデス＝モンタクラル、ブレナスの役人たちは、農業の困難や工業の停滞、失業問題を理由に支援を要請していた。公的な抗議行動は記録されていないものの、各地の自治体は住民に対し、厳しくなる予算と遅々とした回復に備えるよう呼びかけている。"
ReportData,0x010000A0000000F4,Turn07_PorteDrazon_GoldenGuardManus,ReportProperties.Title,近衛兵によるマヌス・サゾンの監視
ReportData,0x010000A0000000F4,Turn07_PorteDrazon_GoldenGuardManus,ReportProperties.Description,ティトゥス・ゴルディオン自身が率いる近衛兵は、マヌス・サゾンの不正行為の有無を調査している。彼らはポルテ・ドラゾンにある彼の家の外に配置され、その一挙手一投足を注意深く監視している。
ReportData,0x010000A0000000FE,Turn07_Qabiz_AngelicaBoardsShip,ReportProperties.Title,アンジェリカ・サゾン、本土行きの船に乗る
ReportData,0x010000A0000000FE,Turn07_Qabiz_AngelicaBoardsShip,ReportProperties.Description,かつて追放されていたアンジェリカ・サゾンは、サゾン家が彼女を迎えに送った船に乗り、本土への帰還の旅を始めた。元女公爵はその人生の大半をカレカビズでの追放生活を送っていたが、ついにロムス王によって恩赦を受けた。
ReportData,0x010000A1000030CC,Turn07_Qabiz_Decision_AngelicaPardon_Reject,ReportProperties.Title,アンジェリカ・サゾン、正式な苦情を提出
ReportData,0x010000A1000030CC,Turn07_Qabiz_Decision_AngelicaPardon_Reject,ReportProperties.Description,国王が再び彼女の恩赦申請を拒否した後、元イザ女公爵は王室に正式な要請を行い、自分が犯してもいない罪でカレカビズに不当に拘束されていると主張している。サゾン家は、我が国への外交的圧力を高めるため、この問題を民主主義国家に持ち込むことも検討していると述べている。
ReportData,0x010000A100002CCE,Turn07_Report_Nelvisar_OilWorkerGala5Year,ReportProperties.Title,ネルヴィサル石油労働者のガラで5周年を祝う
ReportData,0x010000A100002CCE,Turn07_Report_Nelvisar_OilWorkerGala5Year,ReportProperties.Description,毎年開催されるネルヴィサル石油労働者ガラは、既に閉鎖された油田で働いていた元労働者たちを称える新しい伝統であり、今回で5周年を迎える。このガラは油田が閉鎖された際に一度限りのイベントとして初めて開催された後、労働者たちの委員会がそれを年次の恒例行事にすることを決定した。
ReportData,0x010000460001AAE8,Turn07_Ribel_EducationQualityIncreased,ReportProperties.Title,農村部の教育環境が大幅に改善
ReportData,0x010000460001AAE8,Turn07_Ribel_EducationQualityIncreased,ReportProperties.Description,リベルでは、教育施設に新しい教科書や最先端の教材が導入されたことで、テストの得点や出欠率が向上している。この改革は、農村地域の学校へより多くの資金を投入するという決定に基づくものだった。
ReportData,0x0100007400000579,Turn07_Ribel_ProBludOrDefault_BFFThreatensJustices,ReportProperties.Title,BFFが最高裁判所を脅かす
ReportData,0x0100007400000579,Turn07_Ribel_ProBludOrDefault_BFFThreatensJustices,ReportProperties.Description,"情報報告によると、最高裁判所がイシュヴァル・エルセン事件の審理を延期する決定を下した後、ブルディア自由戦線（BFF）の数人の指導者たちがリベルで秘密会合を開いた。BFFはその後声明を発表し、最高裁判所の判事たちに対して攻撃を行うと脅した。

グラーフ大臣はこの声明の深刻さを強調し、国内での暴力がエスカレートする可能性について懸念を示した。"
ReportData,0x0100007400000572,Turn07_Ribel_ProSollist_BFFThreatensPresidentAndNFP,ReportProperties.Title,BFF、レイン大統領とケサロ・キベナーへの攻撃を脅す
ReportData,0x0100007400000572,Turn07_Ribel_ProSollist_BFFThreatensPresidentAndNFP,ReportProperties.Description,"情報報告によると、最高裁判所が憲法の人種差別性に関するエルセンの主張を却下したことを受け、ブルディア自由戦線（BFF）の数名の指導者たちがリベルで秘密会合を開き、ソル主義への継続的な献身を再確認した。

その会合の後、BFFは声明を発表し、ソル主義的な憲法を拒絶するとともに、レイン大統領およびケサロ・キベナーへの攻撃を行うと脅した。"
ReportData,0x0100007400000580,Turn07_Ribel_WPBBanned_BFFThreatensPresident,ReportProperties.Title,BFF、レイン大統領およびブロン総督に対する措置を警告
ReportData,0x0100007400000580,Turn07_Ribel_WPBBanned_BFFThreatensPresident,ReportProperties.Description,"情報報告によると、ブルディア自由戦線（BFF）の指導者数名がリベルで秘密会合を開いた。会合後、BFFはレイン大統領への攻撃を警告する声明を発表した。

この声明は、ベルギア特別区における継続的な抑圧やブルディア労働者党（WPB）への禁止措置に対する反応として出された。BFFの声明では、政府がブルディア人の声を抑圧していると非難し、大統領およびブロン総督を含む特別区の当局者に対して行動を起こすと誓った。また、BFFはブルディアの民衆に自由を求める闘争に加わるよう呼びかけた。"
ReportData,0x010000460001AB68,Turn07_Ribery_RecoveringFromTradeWar,ReportProperties.Title,リベリー、回復に向かう
ReportData,0x010000460001AB68,Turn07_Ribery_RecoveringFromTradeWar,ReportProperties.Description,政権の断固たる対応により、アルカシアとコンタナ連邦の貿易戦争による経済的な打撃は和らいだ。リベリー市では、空き家となり閉ざされていた店舗が少しずつ営業を再開している。主な供給元が近隣のラハベン市にあったため、同市は大きな打撃を受けていた。
ReportData,0x010000460001AB6C,Turn07_Ribery_RequestsAid,ReportProperties.Title,リベリー、支援要請
ReportData,0x010000460001AB6C,Turn07_Ribery_RequestsAid,ReportProperties.Description,リベリーの街にあった賑やかな店々は今や、シャッターが下ろされた店や略奪の光景で埋め尽くされている。この街の主要な供給元が近隣のラハベン市にあったため、大きな被害を受けた。多くの企業や事業体がこの街から完全に撤退している。リベリーの市民たちは、深刻な状況から脱出するために政府の支援を求めている。
ReportData,0x01000065000051BF,Turn07_Rumburg_AsksWhistleblowerReturn,ReportProperties.Title,ルンブルク、内部告発者の脱走を報告
ReportData,0x01000065000051BF,Turn07_Rumburg_AsksWhistleblowerReturn,ReportProperties.Description,"ルンブルクから、ソードランドへ向かった脱走した内部告発者に関する報告があった。同国は、もしルンブルク内でそのような内部告発者が見つかった場合、即時の引き渡しを要求している。その内部告発者とされるチェルストン・ヘイルストーンは、秘密の兵器開発計画に関する極めて機密性の高い情報を持っていると報じられている。

ベアトリス・リヴィングストン女王政権は、両国間の信頼関係の破壊と見なし、ヘイルストーンの即時帰還を要求している。"
ReportData,0x010000A100002C55,Turn07_Rumburg_ChemicalWeaponsShipped,ReportProperties.Title,実験用神経ガスが配備された
ReportData,0x010000A100002C55,Turn07_Rumburg_ChemicalWeaponsShipped,ReportProperties.Description,極秘の作戦により、国際社会の目を逃れて、ルンブルクは約束された神経ガスをリジアへ送り始めている。他国の領空を通過しないようにするため、そのガスはより長いルートを経由して輸送されることになっている。
ReportData,0x010000A100002BDB,Turn07_Rumburg_MilitaryAidDispatched,ReportProperties.Title,軍事援助が到着しつつある
ReportData,0x010000A100002BDB,Turn07_Rumburg_MilitaryAidDispatched,ReportProperties.Description,今朝、ルンブルクから約束されていた軍事援助物資がソーンバラの軍用空港で貨物機に積み込まれ、現在テラドール航空基地へ向かっており、そこから迅速に前線に配布される予定だ。リジアとルンブルクの合同戦闘機中隊がその飛行編隊を護衛している。
ReportData,0x01000065000051B7,Turn07_Rumburg_WarmingRelationsSpyReturn,ReportProperties.Title,ルンブルク、関係改善の可能性を見出す
ReportData,0x01000065000051B7,Turn07_Rumburg_WarmingRelationsSpyReturn,ReportProperties.Description,内部告発者のチェルストン・ヘイルストーンがルンブルクに帰還したことを受け、ベアトリス・リヴィングストン女王はソードランドに感謝の意を表した。女王は、この誠実な行動が両国間の関係改善の始まりとなる可能性があると述べ、地域の安定と発展を実現するために相互尊重と協力が重要であると強調した。
ReportData,0x010000CA000018CF,Turn07_Sallabes_Decision_ProvincialTaxSubsidyTwo_Brenas,ReportProperties.Title,ブレナス、失業対策のため支援を受ける
ReportData,0x010000CA000018CF,Turn07_Sallabes_Decision_ProvincialTaxSubsidyTwo_Brenas,ReportProperties.Description,失業率の上昇に伴い、王政は同州全体の経済的負担を軽減するため、ブレナスに地域補助金を配分した。サラベスの地方議会では既に、その資金を鉱山の安全強化や農業機械の導入、漁業の拡大に充てるための案を作成中である。
ReportData,0x010000A100002E53,Turn07_Sallabes_DerdiansLetIn,ReportProperties.Title,何百人ものデルディア人がサラベスに到着
ReportData,0x010000A100002E53,Turn07_Sallabes_DerdiansLetIn,ReportProperties.Description,デルディアのゴルコンド主義者たちで満載の船がリジアのサラベス港に次々と到着し、ヴェゼク大統領であるウィクトル・スモラクを怒らせており、彼はこの移住行為を「過去の合意への重大な違反」と非難している。
ReportData,0x0100007400005FD9,Turn07_Sarna_BFFOperation_Raid,ReportProperties.Title,BFFに対する大規模な襲撃
ReportData,0x0100007400005FD9,Turn07_Sarna_BFFOperation_Raid,ReportProperties.Description,"リリアス・グラーフの報告によると、治安部隊はサルナにおいてBFFに対する精密な襲撃を成功裏に実施し、同組織の主要メンバーを拘束しそのインフラを破壊することを目的としていた。この襲撃で大量の武器、爆薬、そして罪証となる文書が押収され、同組織の活動に対する政府の懸念がさらに裏付けられた。

テロ活動への関与が疑われる数名も逮捕され、彼らから得られた情報によればBFFの全指導者たちがヴェゼク・ソードランド国境付近で今後会合を開く可能性があるという。リリアス・グラーフはこの結果をBFFにとって大きな打撃だと評した。調査は現在も続けられており、同組織がもたらす残存する脅威に対処するためさらなる措置が講じられる予定である。"
ReportData,0x010000740000600C,Turn07_Sarna_BFFOperation_Raid_DecreasedBudget,ReportProperties.Title,BFFに対する大規模な襲撃
ReportData,0x010000740000600C,Turn07_Sarna_BFFOperation_Raid_DecreasedBudget,ReportProperties.Description,"リリアス・グラーフの報告によると、サルナでのBFFに対する治安部隊の狙撃的な襲撃は多くの困難に直面し、目的を達成することができなかった。重要なメンバーを拘束し組織のインフラを解体することを目的としたこの作戦は、必要な装備や人員のための十分な資金不足を含む物流上の問題に直面した。これらの制約にもかかわらず、治安部隊は一部の武器や爆薬、罪証となる文書を押収することに成功したが、BFFの活動規模と比べればその量はごくわずかだった。

テロ活動への関与が疑われる数人が逮捕されたものの、彼らから得られた情報はBFFのネットワークの複雑さや、ヴェゼク・ソードランド人境界付近での将来的な集結計画を明らかにした。リリアス・グラーフは、この作戦の成果が予想ほど良くなかったことを認め、組織がもたらす継続的な脅威に効果的に対処するためには資源の増強と戦略の改善が必要であると指摘した。"
ReportData,0x010000460001AB28,Turn07_Sarna_IncreasedAgriculturalProduction,ReportProperties.Title,サルナ、農業生産を拡大
ReportData,0x010000460001AB28,Turn07_Sarna_IncreasedAgriculturalProduction,ReportProperties.Description,サルナでは過去2年間で農業生産量が15パーセント増加した。農業分野における雇用も同様に上昇している。この好況はベルギア地方への投資が直接的な要因であると考えられている。
ReportData,0x010000A100002C37,Turn07_Sordland_AlphonsoUpset,ReportProperties.Title,アントン・レイン大統領、リジアによる債券取消しを遺憾視
ReportData,0x010000A100002C37,Turn07_Sordland_AlphonsoUpset,ReportProperties.Description,ソードランドのアントン・レイン大統領は、リジアが突然、我々とその前任者であるエヴァルト・アルフォンソと結んだ同盟協定を早期に終了させたと発表したことについて悲しみの意を示した。同大統領はリジアに対するルンブルクの圧力が原因だと非難し、ロムス王に対して「国際的なパートナーを見直すよう」呼びかけた。
ReportData,0x010000A100002C41,Turn07_Sordland_GusMangerUpset,ReportProperties.Title,ガス・マンガー、貿易協定の中止を「信じられない」と非難
ReportData,0x010000A100002C41,Turn07_Sordland_GusMangerUpset,ReportProperties.Description,ソードランド人の大臣ガス・マンガーは、両国間の貿易協定を破棄するというリジアの決定について理解できないと述べた。同大臣はさらに、リジアに対するルンブルク側の圧力を「容認できないもの」と呼び、将来的にソードランドとリジアが再び交渉テーブルに戻り協定を見直せることを期待していると語った。
ReportData,0x010000A100002C2D,Turn07_Sordland_KorontiUpset,ReportProperties.Title,マルセル・コロンティ、国有化を「窃盗」と非難
ReportData,0x010000A100002C2D,Turn07_Sordland_KorontiUpset,ReportProperties.Description,ソードランド人の総帥マルセル・コロンティはリジア政府を激しく非難し、自身が所有するヴァレンキリスのリゾートの国有化を「容認できないもの」であり「完全な窃盗行為」だと呼んだ。この百万長者は報復として同王国へのさらなる投資を引き上げると脅し、今後はより信頼できるビジネスパートナーを探すつもりだと述べた。
ReportData,0x010000AF00001D19,Turn07_Terador_LespianSpyBalloon,ReportProperties.Title,レスピア人のスパイ気球部品が発見される
ReportData,0x010000AF00001D19,Turn07_Terador_LespianSpyBalloon,ReportProperties.Description,外国の情報工作員たちが確認したところによると、テラドール付近で回収された以前は正体不明だった空中現象の残骸はレスピア人のスパイ気球に属している。この発見により、我が王国内でのレスピアの秘密裏な監視活動や潜在的なスパイ行為への懸念が高まっている。軍関係者たちは、事態の悪化を避けつつ脅威を緩和するため、慎重かつ密かに防諜措置を強化することを決定した。
ReportData,0x010000460001AB04,Turn07_Uziren_BFFRecruitmentBron,ReportProperties.Title,BFFの新規メンバー募集
ReportData,0x010000460001AB04,Turn07_Uziren_BFFRecruitmentBron,ReportProperties.Description,"ウジレン周辺の村々で、BFFの宣教師グループがBFFのために戦う兵士を募集しようとしているとの報告があった。

ブロン総督によると、この地域の国家憲兵隊は現在、その脅威を排除するため積極的に行動しているとのことだ。"
ReportData,0x010000650000BD99,Turn07_Uziren_BFFRecruitmentKrull,ReportProperties.Title,BFF採用報告
ReportData,0x010000650000BD99,Turn07_Uziren_BFFRecruitmentKrull,ReportProperties.Description,"ウジレン周辺の村々で、BFFの宣教師グループが武装勢力を募集し、BFFのために戦わせようとしているとの報告があった。

クルル総督によれば、現在その地域の国家憲兵隊がこの脅威を排除するため積極的に行動しているとのことだ。"
ReportData,0x0100007400000564,Turn07_Uziren_ErsenCase_BludsCallForAmendment,ReportProperties.Title,大規模集会で改革を呼びかける
ReportData,0x0100007400000564,Turn07_Uziren_ErsenCase_BludsCallForAmendment,ReportProperties.Description,ウジレンには大勢の群衆が集まり、レイン大統領に対し次回の改革案でブルディア人の権利拡大を実現するよう要求している。市民たちは憲法の第6条および第7条の改正を主張し、ブルディア人を承認し同等の権利を与えることを求めている。彼らは自らの目的を支持する抗議行動や集会を組織し、大国民議会に請願書も提出している。
ReportData,0x010000740000055E,Turn07_Uziren_ErsenCase_BludsCondemnPresident,ReportProperties.Title,レイン大統領非難の大規模集会
ReportData,0x010000740000055E,Turn07_Uziren_ErsenCase_BludsCondemnPresident,ReportProperties.Description,ウジレンには大勢の群衆が集まり、市民権に関するソル主義的解釈を擁護したというレイン大統領の最近の発言を非難している。彼らは、ブルディア人及びその文化を認めるよう憲法に実質的な変更を加えることを要求しており、大統領が憲法を擁護したことは、政府が大幅な改革を行う意図がないことの明確な兆候だと考えている。
ReportData,0x010000460001AB84,Turn07_Uziren_IllegalBorderCrossings,ReportProperties.Title,ヴェーレン国境での違法越境が増加
ReportData,0x010000460001AB84,Turn07_Uziren_IllegalBorderCrossings,ReportProperties.Description,国境警備隊は、ブルディア人やヴェゼク人の難民たちがヴェーレンからこの国へ入国しようとするため、逮捕者数が増加していると報告している。不法入国者の追放手続きを行うため、ウジレンに一時拘置施設が設置されている。
ReportData,0x010000460001AB88,Turn07_Uziren_IllegalBorderCrossings2,ReportProperties.Title,ヴェーレン国境での違法越境が増加
ReportData,0x010000460001AB88,Turn07_Uziren_IllegalBorderCrossings2,ReportProperties.Description,国境警備隊は、ブルディア人やヴェゼク人の難民たちが合法的な書類を持たずにヴェーレンからこの国へ入国しようとするため、逮捕者数が増加していると報告している。しかし我々の緩やかな移民政策により、高度な技能や学識を持つ労働者の大多数は受け入れられてきた。ただし、彼らに犯罪や暴力の前歴があるかどうかは不明である。
ReportData,0x010000460001AB8C,Turn07_Uziren_IllegalBorderCrossings3,ReportProperties.Title,ヴェーレン国境での違法越境が増加
ReportData,0x010000460001AB8C,Turn07_Uziren_IllegalBorderCrossings3,ReportProperties.Description,国境警備隊は、ブルディア人やヴェゼク人の難民たちが合法な書類を持たずにヴェーレンから国内へ入ろうとするため、逮捕者数が増加していると報告している。それだけでなく、武装した集団や犯罪組織が国境を越えてくる姿も見られている。残念ながら、国境警備隊は彼らを阻止するのに十分な人員がないと報告している。
ReportData,0x010000460001AAF0,Turn07_Uziren_LanguageBillProtest,ReportProperties.Title,ベルギアで言語法案に反対するデモが発生
ReportData,0x010000460001AAF0,Turn07_Uziren_LanguageBillProtest,ReportProperties.Description,言語法案が可決された後、ブルディア人の抗議者たちが波のように現れ、同法案の撤回を要求している。ベルギア総督は、状況が制御下にあると報告し、地域の警察部隊に対し、ベルギア内のブルディア人が多数居住する町々周辺での巡回活動を強化するよう指示が出された。
ReportData,0x010000460001AAD8,Turn07_Uziren_NewHospitalBuilt,ReportProperties.Title,新病院が建設される
ReportData,0x010000460001AAD8,Turn07_Uziren_NewHospitalBuilt,ReportProperties.Description,ウジレンでは最新鋭の新病院の建設がちょうど完了し、最大1000人の患者を受け入れることができる見込みだ。この施設は、ソードランドの農村地域における医療へのアクセスを向上させる新たな取り組みの一環として建設された。
ReportData,0x010000460001AAE4,Turn07_Vesord_EducationSalariesIncreased,ReportProperties.Title,教師の給与が引き上げられる
ReportData,0x010000460001AAE4,Turn07_Vesord_EducationSalariesIncreased,ReportProperties.Description,ヴェソードにおいて、教師や校長、その他の教育関係者の賃金引き上げが実施された。給与の増加を受けて、教師たちはすでに仕事への満足度が向上していると報告しており、生徒たちも同様に恩恵を受ける見込みだ。
ReportData,0x010000460001AAFC,Turn07_Vesord_ProtestAgainstEmergency,ReportProperties.Title,非常事態に対する抗議
ReportData,0x010000460001AAFC,Turn07_Vesord_ProtestAgainstEmergency,ReportProperties.Description,"ヴェソードの市中心部に大勢の人々が集まり抗議行動を起こし、USP政府の辞任を要求した。

ヴェソード警察の署長は、機動隊が現場に到着して介入せざるを得なくなった際、抗議者たちが暴力的になったと報告した。その集団と機動隊の間で小規模な衝突が発生したが、状況は制圧され、集団は解散した。"
ReportData,0x010000460001B6AB,Turn07_Wehlen_BFFMilitantsNeutralized,ReportProperties.Title,数千人のBFF過激派が無力化された
ReportData,0x010000460001B6AB,Turn07_Wehlen_BFFMilitantsNeutralized,ReportProperties.Description,"ヴェーレンの軍当局は、ソードランド軍の支援により、数千人の武装したBFF過激派が無力化されたと報告した。

この共同作戦の間に、ソードランドとヴェーレンの間の山岳地帯にあった12か所の作戦基地が破壊された。

スモラク大統領はソードランド軍の支援に感謝の意を表し、東部メルコパにおけるBFFの脅威はほぼ排除されたと述べた。"
ReportData,0x010000A100002993,Turn07_Wehlen_BFFZillePrison,ReportProperties.Title,拷問刑務所の存在を示す報告が出てきた
ReportData,0x010000A100002993,Turn07_Wehlen_BFFZillePrison,ReportProperties.Description,BFFゲリラ集団は、ヴェーレン本土の奥深くにある拷問施設の存在を明らかにできたと世界に発表した。この極めて厳重な刑務所にはBFFのメンバーだけでなく、ジル爆撃後に行方不明と報じられた逮捕者の中にもリジア人を含む可能性があり、彼らが収容されているとされている。
ReportData,0x010000A10000296B,Turn07_Zille_ATAActivityWaning,ReportProperties.Title,ATA、ナンタ支店の閉鎖を余儀なくされる
ReportData,0x010000A10000296B,Turn07_Zille_ATAActivityWaning,ReportProperties.Description,資金不足とますます厳しくなるヴェゼク政権の弾圧により、アリアナ・トラス協会はナンタ支部の運営資金を削減し、事実上閉鎖せざるを得なくなった。同協会は依然としてその都市で活動を続けようとしているが、それも単なるボランティア団体としてのみであると述べている。
ReportData,0x010000A100002975,Turn07_Zille_ATAAssembliesForm,ReportProperties.Title,ATA、ジル全土で民衆集会を結成
ReportData,0x010000A100002975,Turn07_Zille_ATAAssembliesForm,ReportProperties.Description,アリアナ・トラス協会はジル内での活動を大幅に強化しており、ボランティアで構成される集会がジルやナンタの各地区レベルを含むほぼすべての町で開催されている。これらの集会は主にボランティアで成り立っているが、各グループには有給の組織者が1人ずつ配置されて調整が行われている。
ReportData,0x010000A30000062C,Turn07_Zille_Decision_SecondZilleResistanceFunding_ATAIncrease,ReportProperties.Title,ATAへ追加物資が派遣された
ReportData,0x010000A30000062C,Turn07_Zille_Decision_SecondZilleResistanceFunding_ATAIncrease,ReportProperties.Description,ジルにあるアリアナ・トラス財団へ、音響システムや第二の印刷機といったより専門的な資材を含む追加の物資輸送が行われた。
ReportData,0x010000A300000636,Turn07_Zille_Decision_SecondZilleResistanceFunding_SOIncrease,ReportProperties.Title,スー・オミナに重火器が密輸される
ReportData,0x010000A300000636,Turn07_Zille_Decision_SecondZilleResistanceFunding_SOIncrease,ReportProperties.Description,ジルにあるスー・オミナ支部へ、より大量で重火器の密輸を行う準備が始まっている。その中には小型装甲車のほか、対戦車ミサイルや地雷も含まれている。今後数日間でリジアの工作員たちがこれらの輸送を担当する見込みだ。
ReportData,0x010000A100002989,Turn07_Zille_DerdianMercenaries,ReportProperties.Title,デルディア人の傭兵たち、ジルに到着
ReportData,0x010000A100002989,Turn07_Zille_DerdianMercenaries,ReportProperties.Description,徐々に、約束されていたデルディア人の傭兵たちがジル地域への秘密裏な潜入を開始している。現地のリジア人工作員たちが彼らの円滑な到着を支援しており、これらの小集団は活動を開始するまで隠れ続けるつもりだ。
ReportData,0x010000A10000297F,Turn07_Zille_SOHarborExplosion,ReportProperties.Title,ジル港で爆発が発生
ReportData,0x010000A10000297F,Turn07_Zille_SOHarborExplosion,ReportProperties.Description,昨夜、港から巨大な煙柱が立ち上る中、大きな爆発音がジルの住民たちを目覚めさせた。その爆発は港の移民ターミナルを直撃し、同施設を完全に使用不能にした。爆発時、そこにいたのは警備員2名のみで、彼らのうち生存者は1人だけだった。犯行声明は出ていないものの、この攻撃の背後にはスー・オミナがいるようだ。
ReportData,0x010000460001AC74,Turn08_ACP_Investigated_NFP,ReportProperties.Title,NFP調査報告書
ReportData,0x010000460001AC74,Turn08_ACP_Investigated_NFP,ReportProperties.Description,汚職捜査局は国民戦線党に対する捜査を続けている。すでにいくつかの手がかりが見つかり、党の高位幹部たちがベルナルド・シルカス暗殺事件と関与していたことが明らかになっている。これらについては適切に追及が行われるだろう。
ReportData,0x010000460001AC78,Turn08_ACP_Investigated_OldGuard,ReportProperties.Title,守旧派に関する調査報告書
ReportData,0x010000460001AC78,Turn08_ACP_Investigated_OldGuard,ReportProperties.Description,汚職捜査局は依然として守旧派に対する調査を続けている。これまでにいくつかの手がかりが見つかり、下位レベルの腐敗事件数件や、党の高官たちがベルナルド・シルカス暗殺事件と関与している可能性が浮上した。これらについては適切に追及が行われる予定だ。
ReportData,0x010000460001AC7C,Turn08_ACP_Investigated_Oligarchs,ReportProperties.Title,ロザーバーグ・グループに関する調査報告書
ReportData,0x010000460001AC7C,Turn08_ACP_Investigated_Oligarchs,ReportProperties.Description,汚職捜査局は財閥たちに対する調査を続けている。すでにいくつかの手がかりが見つかり、ウォルター・タスクとマルセル・コロンティが武器密輸やマネーロンダリングを含む違法行為に関与していたことが明らかになった。これらについては適切に追及が進められるだろう。
ReportData,0x010000460001AC70,Turn08_ACP_Investigated_PFJP,ReportProperties.Title,PFJPに関する調査報告書
ReportData,0x010000460001AC70,Turn08_ACP_Investigated_PFJP,ReportProperties.Description,汚職捜査局は人民自由正義党に対する調査を続けている。現時点で同党の高位幹部たちに関する具体的な証拠は見つかっていないが、下位の役員の中にはまだ完全には明らかにされていない財閥との繋がりを持つ者がいる可能性がある。
ReportData,0x010000B800008451,Turn08_AdarfoGivesLeadershipSpeech,ReportProperties.Title,RPPの新指導者アダルフォ・ソテラートが党集会で演説
ReportData,0x010000B800008451,Turn08_AdarfoGivesLeadershipSpeech,ReportProperties.Description,"アダルフォ・ソテラートは、新たに選出されたリジア人民党（RPP）の指導者としてポルテ・ドラゾンで開催された党支持者らの集まりにおいて熱烈な演説を行い、リジアにおける根本的な変革への構想を示した。ソテラートは、真の正義は貴族の特権を完全に廃止し、土地をリジアの民に再分配することによってのみ実現できると宣言した。

彼の演説では、既存の権力構造を維持している王室の関与に対する厳しい批判や、国の法律に即時かつ民主的な改革を行うよう呼びかけが含まれていた。世襲の称号を廃止し人々に権力を与えるというソテラートの要求に対して、出席者からは盛大な拍手が送られた。

RPPに賛同する代表者や影響力のあるリジアの活動家たちが参加したこの集会により、ソテラートの党首としての地位がさらに固まったようだ。観察筋によれば、彼の急進的な政策は君主制と改革派間の緊張を高め、革命感情の拡大という危険をもたらす可能性があると指摘されている。"
ReportData,0x010000A100003D8C,Turn08_Agnolia_HelijlandRecognition_Yes,ReportProperties.Title,マールティン・ファン・ホールテン、ヘルジランドの支援に再び感謝を表明
ReportData,0x010000A100003D8C,Turn08_Agnolia_HelijlandRecognition_Yes,ReportProperties.Description,アグノリア人の首相は、ヘルジランドをアングオリア領として承認する投票が議会で否決されたにもかかわらず、国際連盟において自らの大義を支援してくれたことに再び感謝の意を表した。ファン・ホールテンは今後この問題に関して我が王国との協力を強化する意向を示した。
ReportData,0x0100008E00000410,Turn08_Anrica_MilitaryIndustryGrows,ReportProperties.Title,アンリカの軍需産業、国内投資により拡大
ReportData,0x0100008E00000410,Turn08_Anrica_MilitaryIndustryGrows,ReportProperties.Description,アンリカの軍事産業は、ソードランドからの多額な投資と国内で培われた専門知識によって著しい成長を遂げている。こうした資本投入と独自の技術革新により同分野で大きな進歩がもたらされ、アンリカは軍事産業生産の新たな拠点として台頭している。軍事製造における自立性の向上は、地域の競合国に対するソードランドの立場を強化する可能性がある。
ReportData,0x010000640000CDC4,Turn08_Anrica_SecondAid_MilitaryIndustryGrows,ReportProperties.Title,アルカシアの投資に支えられ、軍需産業が拡大
ReportData,0x010000640000CDC4,Turn08_Anrica_SecondAid_MilitaryIndustryGrows,ReportProperties.Description,アンリカでは、アルカシアの投資や民間軍事企業による指導のおかげで軍事産業が着実に成長している。この外国資本と専門知識の流入により同分野は大きく発展し、アンリカは軍事工業生産の拡大するハブとしての地位を確立しつつある。軍事生産における自給自足は、ソードランドが地域の競争相手たちを抑え込むのに役立つだろう。
ReportData,0x0100006500005A27,Turn08_Arvory_VATImpact,ReportProperties.Title,アルヴォリーの零細企業に与えるVATの影響
ReportData,0x0100006500005A27,Turn08_Arvory_VATImpact,ReportProperties.Description,アルヴォリーにおいて付加価値税の導入は経済活動に大きな影響を与え、特に小規模企業が深刻な打撃を受けている。付加価値税による追加的な財政負担が成長を妨げ、こうした企業群の間で経済的な圧力が高まっている。その影響を軽減するため、支援策の実施を求める声が地方政府に向けて上がっている。
ReportData,0x010000460001AC68,Turn08_Aschraf_Anniversary_CancelledBron,ReportProperties.Title,アシュラフ記念式典中止に対する抗議活動
ReportData,0x010000460001AC68,Turn08_Aschraf_Anniversary_CancelledBron,ReportProperties.Description,"何千人ものブルディア人が、フェリクス・ブロン総督の度重なる警告にもかかわらず、アシュラフ記念行事の中止に反対してデモ行進を行った。ニュー・デイルでは、主要な建物を守るために機動隊が強力な力を行使し、最も激しい衝突が起きた。

総督は逆境に直面しても屈しないと宣言しており、数百人が負傷したと報じられている。"
ReportData,0x010000650000BD87,Turn08_Aschraf_Anniversary_CancelledKrull,ReportProperties.Title,アシュラフ記念式典中止に対する抗議活動
ReportData,0x010000650000BD87,Turn08_Aschraf_Anniversary_CancelledKrull,ReportProperties.Description,"何千人ものブルディア人たちが、ヘルベルト・クルル総督の度重なる警告にもかかわらず、アシュラフ記念行事の中止に反対してデモ行進を行った。ニュー・デイルでは、主要な建物を守るために機動隊が強力な力を行使し、最も激しい衝突が起こった。

総督は逆境に立ち向かうと約束しており、数百人が負傷したと報じられている。"
ReportData,0x010000A100003C4C,Turn08_ATO_AlvarezVisit_LespiaSanctions,ReportProperties.Title,アルカシア条約機構、制裁を支持
ReportData,0x010000A100003C4C,Turn08_ATO_AlvarezVisit_LespiaSanctions,ReportProperties.Description,レスピアを含むアルカシア条約機構の複数の加盟国が、旅行禁止措置、輸出制限、そしてリジアの国有企業に対する資産凍結など、我が王国に対する一連の制裁への支持を表明している。もしこれらの制裁が実施されれば、我が国の経済に大きな打撃を与え、世界市場における競争力が低下する見込みである。
ReportData,0x0100006500000EA3,Turn08_ATO_ApproveSpecialZone,ReportProperties.Title,アルカシア条約機構、ソードランドのベルギア自治区を支援
ReportData,0x0100006500000EA3,Turn08_ATO_ApproveSpecialZone,ReportProperties.Description,"アルカシア条約機構は、ソードランドにおけるベルギア自治区の設立を全面的に支持している。この取り組みによりブルディア系少数派が地方自治を得て、自らの文化遺産を保持し発展させることが可能になる。アルカシア条約機構は、この措置が包括性を促進し少数派の権利を守る上で重要な前進であると認識している。

ベルギア特別区の創設は、ソードランドの多様な住民間の社会的調和と相互尊重を促進するための戦略的な取り組みである。これは、民族的・文化的背景に関係なくすべての市民が平等な権利と自由を享受できるよう政府が尽力していることを示している。

アルカシア条約機構は、この取り組みが地域の長期的な安定と平和に貢献するものと確信しており、ソードランド社会内の多様性に対処するための建設的なアプローチだと考えている。"
ReportData,0x010000640000CE3E,Turn08_ATO_CBCentralizationCrit,ReportProperties.Title,自由市場の原則への脅威に関する懸念
ReportData,0x010000640000CE3E,Turn08_ATO_CBCentralizationCrit,ReportProperties.Description,"ソードランドにおける中央銀行の集権化を目指す最近の動きは、アルカシア条約機構内で論争を引き起こしている。このような措置が取られれば自由市場の原則から大きく逸脱し、競争を妨げ、金融分野の革新を阻害し、最終的には国家の手に金融権力が不当に集中する結果になる恐れがあると同機構は懸念している。

アルカシア条約機構は有効な金融規制の必要性を認めているものの、過度な集権化は自由で活力ある経済の基盤そのものを損なう可能性があると主張している。したがって同機構は、国家による監督と市場主導の原則とを調和させたよりバランスの取れたアプローチをソードランドに採用するよう呼びかけている。"
ReportData,0x0100006500000D6B,Turn08_ATO_CondemnsValgslandAlliance,ReportProperties.Title,アルカシア条約機構、ソードランド・ヴァルグスランド条約に不満を示す
ReportData,0x0100006500000D6B,Turn08_ATO_CondemnsValgslandAlliance,ReportProperties.Description,"ソードランドとヴァルグスランドの戦略的同盟の成立は、アルカシア条約機構内に不安を呼び起こしている。戦略的な駆け引きと見られるこの新たな同盟は、地域の力の均衡がコンタナ条約機構寄りの国々に有利な方向へ傾きつつあることを示唆しているようだ。

とりわけ、同機構の懸念を代弁するアルカシアのドワイト・ウォーカー大統領は、メルコパ海におけるヴァルグスランドの海軍活動の活発化に注意を促している。この海軍力の増強は、ソードランドとヴァルグスランドの新たな同盟と相まって、地域を不安定にしかねない要因と見なされている。そのため同機構、ひいてはアルカシアは、変わりつつある地政学的情勢を前に自制を求めている。"
ReportData,0x010000640000CE4E,Turn08_ATO_GunRightsPraise,ReportProperties.Title,ソードランドでの銃器問題：個人の自由が守られる
ReportData,0x010000640000CE4E,Turn08_ATO_GunRightsPraise,ReportProperties.Description,"アルカシア条約機構は、銃器所持権を合法化するというソードランドの最新の大統領令を高く評価し、それが個人の自由を拡大するための重要な一歩であると認めた。同機構は、自衛権が個人の自由の不可欠な要素であり、加盟国が守っている原則と一致していると強調した。

同盟の見解を反映して、軍需産業もこの決定を個人の権利や自由を強化するものとして歓迎した。アルカシア条約機構は、この画期的な措置が個人の自由の基盤を固め、自由で安全な社会の回復力に貢献するための重要な手段だと見なしている。"
ReportData,0x010000640000CE46,Turn08_ATO_ReligiousBanCrit,ReportProperties.Title,表現の自由への脅威
ReportData,0x010000640000CE46,Turn08_ATO_ReligiousBanCrit,ReportProperties.Description,"ソードランドで最近出された、宗教的象徴の公的な展示を禁止しようとする法令は、アルカシア条約機構から反対の声が上がっている。同機構はこの措置を、表現の自由や宗教の自由といった根本的権利の侵害につながるものと見なしている。アルカシア条約機構は、そのような制限が文化的多様性を損ない、個人の自由を侵害し、社会的対立を招く可能性があると主張している。

したがって、同機構はソードランドに対しこの法令の見直しを呼びかけており、国家安全保障上の懸念と根本的な権利・自由の保護とを調和させる必要性を強調している。"
ReportData,0x0100006500000E0B,Turn08_ATO_RespondsToPolio,ReportProperties.Title,アルカシア条約機構、ポリオ大流行の脅威に対し危機対応計画を策定
ReportData,0x0100006500000E0B,Turn08_ATO_RespondsToPolio,ReportProperties.Description,"ルンブルク、ヴェーレン、レスピア、ソードランドを含む大ブルディア地域から広がりつつあるポリオの脅威に対応するため、アルカシア条約機構は緊急保健危機対応計画を策定した。この戦略は、大規模な予防接種運動ではなく、主に国境警備の強化と厳しい制限によって感染の拡大を防ぐことに重点を置いている。

ポリオの大流行の深刻さと世界的な影響の可能性を踏まえ、同機構の計画は包括的な予防措置を定めている。国境での監視の強化、厳格な健康診断、渡航勧告の厳しい運用などである。同機構は、深刻化する保健危機への一致した対応として、これらの措置を実行するよう加盟国に呼びかけている。"
ReportData,0x010000460001AC60,Turn08_BFF_Violent_Unrest_Erzaren,ReportProperties.Title,ソル・ダム、BFFに占領される
ReportData,0x010000460001AC60,Turn08_BFF_Violent_Unrest_Erzaren,ReportProperties.Description,ソル・ダムで働く労働者たちからの最新の報告によると、テロ攻撃と思われる事件によって発電施設が占領されたとのことだ。脱出した労働者たちは無傷であり、目撃者らの証言によれば攻撃者はおそらくBFFのメンバーだった。彼らの話によると、少なくとも30人から40人からなる攻撃者グループが素早く警備を無力化したという。警察がその地域に派遣されている。現時点ではまだ何の要求も出ていない。
ReportData,0x010000460001AC5C,Turn08_BFF_Violent_Unrest_Ribel,ReportProperties.Title,リベルにある国家憲兵隊前哨基地への爆撃
ReportData,0x010000460001AC5C,Turn08_BFF_Violent_Unrest_Ribel,ReportProperties.Description,BFFのテロリストたちがリベルにある国家憲兵隊の前哨基地を爆撃した。この攻撃により6人が死亡し、11人が負傷した。KA-74を多数隠していた廃墟の隠れ家が発見されたが、テロリストたちの姿はなかった。現在、装甲車両やヘリコプターを使った地域全体にわたる捜索が行われている。
ReportData,0x01000074000061DB,Turn08_Borin_YoungSords_HelpCatchRY,ReportProperties.Title,ソード青年団、警察の支援を行う
ReportData,0x01000074000061DB,Turn08_Borin_YoungSords_HelpCatchRY,ReportProperties.Description,"法執行機関による作戦の中で、ソード青年団の若手メンバーたちの協力を得て、指名手配されていた赤旗青年団のリーダーがボリン市で逮捕された。

当局は現在、この人物およびボリン内で行われている関連活動についてさらなる情報を収集するため、継続的な調査を行っている。ソードランド警察は、犯罪者の逮捕に成功したことにおいて、ソード青年団の若手メンバーたちが提供した協力と支援を認めている。"
ReportData,0x010000A3000008FD,Turn08_Bronaz_NewBusinessRise,ReportProperties.Title,ブロナズ、経済活動で賑わう
ReportData,0x010000A3000008FD,Turn08_Bronaz_NewBusinessRise,ReportProperties.Description,我が国の首都周辺に位置するブロナズでは、近年経済活動が大幅に活発化し、街中至る所で何百もの新規企業が次々と誕生している。これらの企業の多くは、首都に近い一方で生活費が比較的低いためブロナズを拠点として選んでいるが、生活費も着実に上昇している。
ReportData,0x010000A10000331E,Turn08_Bronaz_RustyArrested,ReportProperties.Title,ラスティが逮捕された！
ReportData,0x010000A10000331E,Turn08_Bronaz_RustyArrested,ReportProperties.Description,治安部隊によるブロナズの宮殿への迅速かつ成功裏な襲撃の結果、ルッセロ・“ラスティ”・モントーロは拘束された。アルカシアは、リジア王室金鉱の独自技術に関する特許を同社の新しい所有者に移転する意向を示し、鉱山操業が中断されないようにしている。
ReportData,0x010000A300000911,Turn08_Bronaz_RustyFled,ReportProperties.Title,RRGのCEO、行方不明
ReportData,0x010000A300000911,Turn08_Bronaz_RustyFled,ReportProperties.Description,リジア王室金鉱のCEOであるルッセロ・“ラスティ”・モントーロは国を逃れたとみられ、同社を混乱状態に陥れ、経済界の人々に苦悩をもたらしている。アルカシアの協力のもと、彼はRRGの特許技術に関するライセンス契約を取り消し、同社の金採掘能力を著しく妨げている。
ReportData,0x010000460001AC90,Turn08_Community_Police,ReportProperties.Title,地域警察、麻薬取引の抑制に成功
ReportData,0x010000460001AC90,Turn08_Community_Police,ReportProperties.Description,ナルベルからの報告によると、地域警察の配置により犯罪抑制に良い影響が現れ、この地域では麻薬取引や麻薬所持に関する逮捕件数が著しく減少している。
ReportData,0x010000640000CDD4,Turn08_Conriat_AutomativeIndustryGrows,ReportProperties.Title,コンリアトで自動車産業が拡大
ReportData,0x010000640000CDD4,Turn08_Conriat_AutomativeIndustryGrows,ReportProperties.Description,コンリアトの自動車産業は著しい成長を遂げている。生産量と販売台数の増加はこの分野の好調な上向き傾向を示しており、同市の経済状況に良い影響を与えている。今後の見通しも楽観的で、コンリアトの自動車産業が引き続き成長していくと予想される。
ReportData,0x010000460001AC18,Turn08_Conriat_Prepare_Military_Action,ReportProperties.Title,情報報告：ヴァルグスランドは大規模侵攻の準備をしている可能性あり
ReportData,0x010000460001AC18,Turn08_Conriat_Prepare_Military_Action,ReportProperties.Description,"軍事情報によると、ヴァルグスランドのウィルバーン港で上陸用車両や海軍艦船が大量に集結しているとのことだ。我々の工作員は、将来的にヘルジランドまたはアグノリアへの大規模な海上軍事侵攻が行われる可能性を疑っている。ただし、この集結が他の場所から注意をそらすための演習である可能性もあるため、完全に確定したわけではない。

我々の秘密工作員は、可能な限り長期間にわたり現地の状況を監視し続ける。"
ReportData,0x010000A100003CA6,Turn08_CSP_AlvarezVisit_CaleqabizToLespia,ReportProperties.Title,コンタナ条約機構、南アンタセアンに国際輸送部隊を派遣する
ReportData,0x010000A100003CA6,Turn08_CSP_AlvarezVisit_CaleqabizToLespia,ReportProperties.Description,アルカシア条約機構によるカレカビズの占領に対し、コンタナ条約機構は南部アンタセアン地域での存在感を維持するため、国際的な艦隊が編成され派遣されると発表した。社会主義陣営は、モレラを具体的な例に挙げつつ、アルカシア条約機構の侵略から貿易を守ることを目的としていると主張している。
ReportData,0x010000640000CE66,Turn08_CSP_CapitalPunishmentCrit,ReportProperties.Title,人権が後退するのか？
ReportData,0x010000640000CE66,Turn08_CSP_CapitalPunishmentCrit,ReportProperties.Description,"コンタナ条約機構は、ソードランドが最近導入を決定した死刑制度を厳しく非難し、それを人権進展の後退だと述べた。同機構は司法上の誤りが生じる危険や社会的格差がさらに拡大する可能性について懸念を示している。

修復的正義と更生への移行を求め、この条約機構はソードランドに対し当該政策の見直しを呼びかけた。コンタナ条約機構はそのような措置を時代遅れだと位置づけ、現代社会における公平性と公正の原則を反映した形で刑事司法制度が進化する必要があると強調した。"
ReportData,0x0100006500000D5B,Turn08_CSP_CondemnsLespiaAlliance,ReportProperties.Title,コンタナ条約機構、ソードランド・レスピア間の戦略同盟に警戒を呼びかける
ReportData,0x0100006500000D5B,Turn08_CSP_CondemnsLespiaAlliance,ReportProperties.Description,"コンタナ条約機構の後援のもとにあるコンタナ連邦は、ソードランドとレスピアの正式な同盟に対し強い懸念を示している。相互防衛の強化や経済的利益の促進を目的としているように見えるこの協力協定により、アルカシア条約機構の影響力が東部メルコパに及んでいる。コンタナ条約機構の立場を代表するレオン・“マレニエフ”・チャヴァタンガクウヌア議長は、この戦略的同盟が地域の微妙な勢力均衡を崩す可能性があると警告している。

最近締結されたアルカシアとレスピアの間でアルカシアの軍事施設の設置を許可する協定という背景もあり、この懸念は一層強まっている。この軍事的拡大は地域の緊張緩和が進まないことへの不安を招き、最近結ばれたソードランド・レスピア同盟はコンタナ条約機構にとって特に注目すべき事項となっている。"
ReportData,0x0100006500000EAB,Turn08_CSP_CondemnSpecialZone,ReportProperties.Title,コンタナ条約機構、ベルギア特別自治区を非難
ReportData,0x0100006500000EAB,Turn08_CSP_CondemnSpecialZone,ReportProperties.Description,"コンタナ条約機構は分離主義集団による搾取の可能性があるとしてこの動きを非難し、懸念を表明した。具体的には、コンタナ条約機構はブルディア自由戦線という分離主義的ナショナリスト集団がこの自治権を利用して地域の不安定化を図る恐れがあることを警戒しており、その資金源としてルンブルク王国が関与している可能性があり、さらにアルカシア共和国も積極的に支援していると非難している。

コンタナ条約機構は、ベルギア自治区の設立が意図せずともこうした集団が影響力を行使するための場を提供し、それが緊張の高まりや潜在的な衝突につながる可能性があると考えている。コンタナ条約機構は国際社会に対し、状況の推移を注意深く監視し、事態の悪化を防ぐために積極的に対処するよう呼びかけている。"
ReportData,0x010000640000CE6E,Turn08_CSP_PrivatePrisonsCrit,ReportProperties.Title,民間刑務所：社会正義への脅威
ReportData,0x010000640000CE6E,Turn08_CSP_PrivatePrisonsCrit,ReportProperties.Description,"ソードランドにおける私設刑務所の導入は、汚職捜査局から強い反対を招いている。コンタナ条約機構は、この措置が正義を商業化し、社会的平等や公平な扱いを損なう可能性があると主張している。コンタナ条約機構によれば、正義は決して利益追求の対象にされるべきではない。

同機関は、刑務所の民営化が受刑者の権利を侵害し、国の社会正義の実現を妨げる恐れがあると指摘している。そのためコンタナ条約機構は、ソードランドに対しこの政策を見直すよう促し、正義の執行における国家の根本的な役割を強調している。"
ReportData,0x0100006500000E03,Turn08_CSP_RespondsToPolio,ReportProperties.Title,コンタナ条約機構、保健大臣らを集める
ReportData,0x0100006500000E03,Turn08_CSP_RespondsToPolio,ReportProperties.Description,"大ブルディア地域から急速に拡大しているポリオの脅威に対し、迅速かつ積極的な対応として、コンタナ条約機構は加盟国の保健大臣らを招いて緊急会議を開催した。この会議の目的は、この重篤な疾患の拡大を食い止めるための主要戦略として集団接種に重点を置き、包括的な緩和計画を策定し実施することである。

コンタナ条約機構のアプローチはアルカシア条約機構のそれとは大きく異なり、国境警備や渡航制限といった予防措置を重視している。一方でコンタナ条約機構は、発生源での流行を封じ込めるために大規模な接種キャンペーンの実施を推進している。会議では、この健康危機を効果的に管理し緩和するために、加盟国間で統一された行動、資源の動員、協力体制が必要であるとも強調された。"
ReportData,0x0100006500000E7B,Turn08_CSP_RumburgShipAccident,ReportProperties.Title,コンタナ条約機構、貨物船への潜水艦攻撃を非難
ReportData,0x0100006500000E7B,Turn08_CSP_RumburgShipAccident,ReportProperties.Description,"コンタナ条約機構は、ルンブルク北東部近海のマルカニッサ沖で最近発生した貨物船への潜水艦攻撃を受けて厳しい非難を出した。ルンブルクの潜水艦が誤ってコンタナ連邦所属の貨物船を標的にしたこの事件は、海上安全と通信手段の改善必要性について深刻な懸念を招いている。

この事件を受けてコンタナ条約機構は、今後同様の事態が起きないよう即時の対策を求めている。重要な提案の一つは、GRACEとコンタナ条約機構の間に緊急安全ホットラインを設置することであり、これによりリアルタイムで情報を交換し、あらゆる海上遭難信号に対して迅速かつ適切な対応が可能になる。

同機構は、この取り組みによって海上安全が大幅に向上し、偶発的な緊張激化に対する緩衝策となると考えている。"
ReportData,0x010000640000CE5E,Turn08_CSP_RuralInstitutePraise,ReportProperties.Title,農村地域における社会的平等
ReportData,0x010000640000CE5E,Turn08_CSP_RuralInstitutePraise,ReportProperties.Description,"ソードランドにおける農村教育機関の設立はコンタナ条約機構によって高く評価されている。コンタナ条約機構はこの取り組みを社会的平等の実現と次世代の力付与へ向けた重要な一歩と見なしている。

コンタナ連邦連合議会の副秘書長であるトケジントリ・イヨタケは、この取り組みに対する個人的な賛賞の意を示した。彼はこのような投資が都市部と農村部の格差を埋め、より包括的な社会を築き上げるものであり、世界の他の地域にとって称賛に値する模範となると主張している。"
ReportData,0x010000650000516F,Turn08_Derdia_CondemsRemovalOfReligion,ReportProperties.Title,デルディア、ソードランド人の宗教的象徴撤去に反対
ReportData,0x010000650000516F,Turn08_Derdia_CondemsRemovalOfReligion,ReportProperties.Description,"デルディアの最高賢者であるヨルガ・アズマルは、公共の宗教的象徴を撤去するというソードランドの決定を厳しく非難し、それを宗教の自由への侵害だと指摘した。彼は国際社会に対してこのような行為を非難するよう呼びかけ、宗教的象徴が宗教共同体のアイデンティティを表現し保持する上で果たす役割を強調した。

アズマルはまた、ソードランドがこの問題に対する姿勢を再考することを望んだ。"
ReportData,0x01000074000061CB,Turn08_Deyr_GovernorBron_ContinuesResettlement,ReportProperties.Title,ブロン総督、引き続き「再定住」政策を推進
ReportData,0x01000074000061CB,Turn08_Deyr_GovernorBron_ContinuesResettlement,ReportProperties.Description,"ブロン総督は、特別区の安定維持と住民の福祉保護に向けた取り組みが引き続き順調に進んでいると報告している。同報告によれば、同総督の物議を醸す「再定住」政策も継続されている。ブルディア自由戦線の協力者に対する最近の捜査の結果、デイル市に住む約四千人のブルディア人が立ち退きを命じられたり拘束されたりした。  

ブロン総督は、これらの措置は慎重な検討と法的手続きに従って実施されており、地域内の全住民の安全と安心を確保することを目的としていると強調した。しかし内務大臣のリリアス・グラーフは、この決定がもたらす可能性のある影響や地域の緊張緩和への悪影響を懸念している。"
ReportData,0x01000074000061C6,Turn08_Deyr_GovernorErsen_Cancels_Both,ReportProperties.Title,エルセン総督、ベルギアにおける「統一教育法」と「宗教調和法」の無効化を発表
ReportData,0x01000074000061C6,Turn08_Deyr_GovernorErsen_Cancels_Both,ReportProperties.Description,"今日、ベルギア自治区のエルセン知事は画期的な発表を行い、同地域内での「統一教育法」と「宗教調和法」の両方を無効とすると宣言した。この決定は、デイルにあるベルギア地方議会で行われた投票の結果に基づくもので、これら二つの法律に含まれる規定はもはやベルギア内では適用されないと判断されたからだ。

これらの法律の無効化は、ブルディア共同体およびその言語的・教育的・宗教的権利にとって転換点となる出来事である。これにより、同地域内の教育機関や宗教儀式におけるブルディア語の使用禁止が解除され、ブルディア人が自らの言語や信仰を自由に表現する権利が回復した。

この決定の影響はベルギア自治区全体にわたって甚大かつ広範囲に及ぶものと予想される。各機関や個人は、教育課程や宗教施設に再びブルディア語を導入する自由を得る。さらに、ブルディア人は国家が認可する司祭として職業を追求できるようになる。"
ReportData,0x01000074000061C1,Turn08_Deyr_GovernorErsen_Cancels_LanguageBill,ReportProperties.Title,エルセン総督、ベルギアにおける「統一教育法」の無効化を発表
ReportData,0x01000074000061C1,Turn08_Deyr_GovernorErsen_Cancels_LanguageBill,ReportProperties.Description,"今日、ベルギア自治区のエルセン知事は、同地域内での「統一教育法」の無効化を宣言した。この決定は、デイルにあるベルギア地方議会で行われた投票の結果に基づくもので、同法に含まれる規定はもはやベルギア内では適用されないと判断されたからである。

この無効化により、同地域の教育機関におけるブルディア語使用への禁止が実質的に解除され、ブルディア共同体及び彼らの言語権利にとって重要な転換点となった。

この決定の影響は自治区全体の教育界に波及する見込みであり、各機関はカリキュラムに再びブルディア語を導入する自由を得ることになる。"
ReportData,0x01000074000061BC,Turn08_Deyr_GovernorErsen_Cancels_ReligiousHarmonyBill,ReportProperties.Title,エルセン総督、ベルギアにおける「宗教調和法」の無効化を発表
ReportData,0x01000074000061BC,Turn08_Deyr_GovernorErsen_Cancels_ReligiousHarmonyBill,ReportProperties.Description,"今日、ベルギア自治区のエルセン知事は、同地域内での「宗教調和法」の無効化を宣言した。この決定は、デイルにあるベルギア地方議会で行われた投票の結果に基づくもので、同法に含まれる規定はもはやベルギア内では適用されないと判断されたからである。

この無効化により、地域内の宗教施設や儀式におけるブルディア語の使用禁止が実質的に解除され、ブルディア共同体及び彼らの言語的・宗教的権利にとって重要な転機となった。また、国家によって認可された司祭として職務を遂行するブルディア人の権利も復活する。

この決定の影響は自治区全体の宗教状況に波及する見込みであり、各施設や個人がブルディア語で信仰を表現する自由を得ることになる。"
ReportData,0x0100007400006265,Turn08_Deyr_GovernorErsen_DewlenArgePortraitInSquare,ReportProperties.Title,エルセン総督、デイルでテロリスト・ドウレン・アルゲの肖像を公開
ReportData,0x0100007400006265,Turn08_Deyr_GovernorErsen_DewlenArgePortraitInSquare,ReportProperties.Description,"昨日、デイルの人民広場で物議を醸す出来事が起こった。エルセン知事の命令により、かつてBFFの指導者兼創設者であり、悪名高いテロリストでもあるドゥウレン・アルゲの肖像画が目立つ場所に展示されたからだ。残忍な暴力行為に関与した罪で現在アンテル・ロック刑務所に収監されているアルゲは、かつてソードランド国家にとって最も危険な敵と見なされていた。

内務省はこの動きに即座に懸念を示し、自治区が新知事に対し、国家の敵と見なされる人物を展示・宣伝する権限を与えたことの管轄権限の適切性に疑問を投げかけた。また、この地域内でブルディア系住民とソードランド系住民間の緊張が高まる可能性についても警戒を表明した。

国民戦線党（NFP）はすぐにこの決定を非難し、テロリストの美化行為に断固反対する姿勢を強調した。一部の党員たちはベルギアの新政府に対して暴力的な報復を行うとさえ脅し、社会不安がさらに深刻化する恐れが生じた。"
ReportData,0x01000074000061D0,Turn08_Deyr_GovernorKrull_InvitesHolstronRegionalDay,ReportProperties.Title,クルル総督、ブルディアの祝日を共に過ごすためレムス・ホルストロンを招く
ReportData,0x01000074000061D0,Turn08_Deyr_GovernorKrull_InvitesHolstronRegionalDay,ReportProperties.Description,"クルル総督は、ベルギア特別区の住民間の安定維持と団結促進に向けた取り組みが引き続き順調に進んでいると報告している。最新の取り組みの一環として、同総督は国民戦線党（NFP）の副党首であるレムス・ホルストロンを招待し、デイルで開催される地域の祝日を記念する盛大な式典の主催を依頼した。この日はブルディア人およびゴルコンド主義者たちにとって特別な意味を持つ日である。

クルル総督は、この行事が円滑に実施されるよう、平和的かつ包括的な祝賀行事となるようあらゆる必要な準備が整えられていると述べている。しかし内務大臣のリリアス・グラーフは、この決定に懸念を示し、それが地域にもたらす可能性のある影響や緊張緩和への妨げについて強調している。"
ReportData,0x0100007400006180,Turn08_Deyr_SpecialZone_Abolished_BronDismissed,ReportProperties.Title,ベルギア特別区が廃止される
ReportData,0x0100007400006180,Turn08_Deyr_SpecialZone_Abolished_BronDismissed,ReportProperties.Description,"ベルギア特別区は正式に廃止され、新たな体制が急速に導入されている。新しい枠組みの下では、ベルギアはソードランド全土で採用されている標準的な地域構造に合わせられ、内務省の直接管轄下に置かれることになる。

この再編の一環として、現在フェリクス・ブロンが担っていた総督職は廃止され、彼は職を解かれた。次回の地方選挙では、住民たちはこの地域の各都市において自分たちで市長や市議会議員を選出する機会を得ることになる。"
ReportData,0x0100007400006189,Turn08_Deyr_SpecialZone_Abolished_KrullDismissed,ReportProperties.Title,ベルギア特別区が廃止される
ReportData,0x0100007400006189,Turn08_Deyr_SpecialZone_Abolished_KrullDismissed,ReportProperties.Description,"ベルギア特別区は正式に廃止され、新しい制度が急速に導入されている。新たな枠組みの下では、ベルギアはソードランド全土で採用されている標準的な地域構造に合わせられ、内務省の直接管轄下に置かれることになる。

この再編の一環として、現在ヘルベルト・クルルが担っていた総督職は廃止され、彼は職を解かれた。次回の地方選挙では、住民らがこの地域の各都市で自分たちの市長や市議会議員を直接選出する機会を得ることになる。"
ReportData,0x0100007400006193,Turn08_Deyr_SpecialZone_Autonomy_BronDismissed,ReportProperties.Title,ベルギア自治区が設立される――イシュヴァル・エルセンが知事に就任
ReportData,0x0100007400006193,Turn08_Deyr_SpecialZone_Autonomy_BronDismissed,ReportProperties.Description,"ベルギア自治区が正式に設立され、新しい体制の導入が急速に進められている。新たな枠組みの下では、ベルギアはより広範なソードランドの行政体系の中である程度の自治権を有することになる。

この再編の一環として、ベルギアで行われた地域選挙の結果、現職の知事フェリクス・ブロンが解任され、イシュヴァル・エルセンが新しい知事に任命された。

新しい体制の下では、ベルギア自治区はより大きな意思決定権を持ち、国家の法律で定められた一定の範囲内で独自の政策を策定する能力を有することになる。ベルギア知事が新設されるベルギア地方議会を率いる。この動きは、地方の権限強化と自治へ向けた顕著な移行を示している。"
ReportData,0x010000740000618E,Turn08_Deyr_SpecialZone_Autonomy_KrullDismissed,ReportProperties.Title,ベルギア自治区が設立される――イシュヴァル・エルセンが知事に就任
ReportData,0x010000740000618E,Turn08_Deyr_SpecialZone_Autonomy_KrullDismissed,ReportProperties.Description,"ベルギア自治区が正式に設立され、新しい体制の導入が急速に進められている。新たな枠組みの下では、ベルギアはより広範なソードランドの行政体系の中である程度の自治権を有することになる。

この再編の一環として、ベルギアで行われた地域選挙の結果、現職の知事ヘルベルト・クルルが解任され、代わりにイシュヴァル・エルセンが新しい知事に任命された。

新しい体制の下では、ベルギア自治区はより大きな意思決定権を持ち、国家の法律で定められた一定の範囲内で独自の政策を策定する能力を有することになる。ベルギア知事が新設されるベルギア地方議会を率いる。この動きは、地方の権限強化と自治へ向けた顕著な移行を示している。"
ReportData,0x010000460001ABF8,Turn08_Expanded_AirForce,ReportProperties.Title,空軍の装備リストに140機の航空機が追加される
ReportData,0x010000460001ABF8,Turn08_Expanded_AirForce,ReportProperties.Description,ソードランドの国防大臣であるヨセフ・ランチェア将軍によると、空軍拡充の作業が完了したとのことだ。同氏の報告によれば、既存の410機に135機のソードランドS-13戦闘機と155機のベンフィ・デリバリーBD-34爆撃機が追加され、合計で700機となった。
ReportData,0x010000460001ABF0,Turn08_Expanded_Army,ReportProperties.Title,人員採用が増加し、戦車の調達も進む
ReportData,0x010000460001ABF0,Turn08_Expanded_Army,ReportProperties.Description,ソードランドの国防大臣であるヨセフ・ランチェア将軍によると、我が国の軍隊拡大作業は完了したとのことだ。同氏の報告によれば、軍人の数は20万人増やされ、第二軍の山岳コマンド部隊も5万人規模に強化された。さらに、S-4ソル戦車およびH-3ホルソード重戦車を装備した軽戦車大隊5個と重戦車大隊3個が増援として第二軍に派遣された。
ReportData,0x010000460001ABF4,Turn08_Expanded_Navy,ReportProperties.Title,31隻の艦船が海軍に配備される
ReportData,0x010000460001ABF4,Turn08_Expanded_Navy,ReportProperties.Description,ソードランドの国防大臣であるヨセフ・ランチェア将軍は、海軍拡大の取り組みが順調に進展していると報告している。同氏の報告によれば、コンリアト級戦艦5隻（レヴァン、ラース、トルデラ、エスケル、マルキア）、ヴェソード級駆逐艦5隻、ベンフィ級軽巡洋艦10隻が追加され、合計で90隻となり、これによってアグノリア海軍を上回ることになった。
ReportData,0x010000640000CDDC,Turn08_Gelsord_ElectronicsIndustryGrows,ReportProperties.Title,ゲルソードにおける電子産業の隆盛
ReportData,0x010000640000CDDC,Turn08_Gelsord_ElectronicsIndustryGrows,ReportProperties.Description,ゲルソードの電子産業は著しい成長期に入っている。同市の生産能力の向上と革新的な技術がこの分野の繁栄を牽引し、地域経済に大きく貢献している。新興の電子産業のハブとしての評判を誇るゲルソードは、今後も継続的な経済成長が見込まれている。
ReportData,0x010000460001AC6C,Turn08_Gendermarie_Police_Issue,ReportProperties.Title,国家憲兵隊による警備強化
ReportData,0x010000460001AC6C,Turn08_Gendermarie_Police_Issue,ReportProperties.Description,内務省と国家憲兵隊の間で大規模な連絡不足が起きたことにより、ヴェソードでの襲撃が失敗に終わった。国防省と内務省は双方、互いに責任を押し付け合っている。治安機関内部の継続する対立を解決するため、間もなく会議が開催される予定だ。
ReportData,0x010000650000CDA1,Turn08_GRACE_CommendsTradeGrowth,ReportProperties.Title,GRACE、貿易の成長を称賛
ReportData,0x010000650000CDA1,Turn08_GRACE_CommendsTradeGrowth,ReportProperties.Description,GRACEは、リジア王国との貿易が著しく拡大していることを誇りに思っている。この進展は、より強固な経済的結びつきや協力体制を築くための我々の一貫した努力の直接的な成果である。我々の同盟は、この実り多いパートナーシップをさらに強化し、相互の繁栄と経済発展を確保することに尽力している。
ReportData,0x010000650000CDC9,Turn08_GRACE_CondemsVendonesamLoss,ReportProperties.Title,ヴェンドネサムにおける革命的成功への非難
ReportData,0x010000650000CDC9,Turn08_GRACE_CondemsVendonesamLoss,ReportProperties.Description,GRACEは、ヴェンドネサムにおける革命勢力の最近の勝利を非難する。この動きは、GRACEが断固として支持している伝統的な君主主義の価値観に挑戦するものである。我々は君主制政体への誓約を再確認し、国際社会内でこうした統治構造を支援し促進するための新たな取り組みを呼びかける。
ReportData,0x010000650000CDD3,Turn08_GRACE_ContestsVendonesamStalemate,ReportProperties.Title,ヴェンドネサムの行き詰まりを打破するための支援強化
ReportData,0x010000650000CDD3,Turn08_GRACE_ContestsVendonesamStalemate,ReportProperties.Description,"GRACEはヴェンドネサム内戦における君主主義勢力への支援を強化しており、君主制統治の維持に尽力する諸国の堅固な同盟者としての役割を再確認している。現在続く膠着状態を打開するため、GRACEはより高度な戦略的軍事支援、物流面でのサポート、情報共有機能を含む追加のリソースを投入している。

この取り組みは、我々が共有する価値観や、危機の際に安定と秩序を守るという君主制国家の集団的責任を反映したものである。GRACEは同盟国が決定的な結果を達成するのを支援し、君主制の原則が引き続き繁栄し、地域および世界の安定に貢献し続けるよう、その使命に揺るぎなく取り組んでいる。"
ReportData,0x010000A100003150,Turn08_GRACE_Decision_TradeEnds,ReportProperties.Title,GRACE諸国、貿易量の減少に遺憾の意を表明
ReportData,0x010000A100003150,Turn08_GRACE_Decision_TradeEnds,ReportProperties.Description,ルンブルクを含む数か国のGRACE加盟国は、リジアとその他の地域間の貿易水準が低下していることに遺憾の意を示し、再交渉された貿易協定によって将来的に状況が改善することを期待している。
ReportData,0x010000A100003297,Turn08_GRACE_Decision_TradeGrows,ReportProperties.Title,GRACE諸国、貿易拡大を喜ぶ
ReportData,0x010000A100003297,Turn08_GRACE_Decision_TradeGrows,ReportProperties.Description,ルンブルクを含む数か国のGRACE加盟国は、リジアとこの地域の他の国との間の貿易水準が向上していることに喜びを示し、将来的にさらに増加することを期待している。
ReportData,0x010000650000CDBF,Turn08_GRACE_HailsVendonesamVictory,ReportProperties.Title,ヴェンドネサム内戦における君主主義者の勝利を祝う
ReportData,0x010000650000CDBF,Turn08_GRACE_HailsVendonesamVictory,ReportProperties.Description,GRACEは、ヴェンドネサム内戦における君主主義勢力の最近の勝利を誇らしく称える。この勝利はヴェンドネサムの歴史において重要な節目となるだけでなく、君主主義的統治の有効性と回復力を示すものでもある。我々の同盟は、この勝利を我々の核心的価値観の再確認であり、同地域における君主主義的理念が持つ永続的な強さの証明だと見なしている。
ReportData,0x010000460001ABFC,Turn08_H3_Positive_effects,ReportProperties.Title,レンクルグの貿易額、歴史的最高値を記録
ReportData,0x010000460001ABFC,Turn08_H3_Positive_effects,ReportProperties.Description,"経済省からの商業活動報告によると、新しい高速道路のおかげでトラックが以前と同じ距離をより速く移動できるようになり、港に新商品が出入りすることでレンクルグの小規模事業活動が増加している。またH-3が開通して以来、訪問者数や新規店舗の開設も増えているとレンクルグは報告している。

この人口流入の主な元凶はアグノリアおよびソードランドのナルギス地域から来た人々で、彼らは不動産を購入し、ラハベンに代わるより安価な海辺の場所を楽しんでいる。"
ReportData,0x010000460001AC04,Turn08_H3_SSC_Finished,ReportProperties.Title,H3 完了／SSC
ReportData,0x010000460001AC04,Turn08_H3_SSC_Finished,ReportProperties.Description,長らく待たれていたラハベンからアルヴォリーまでを結ぶ道路網が完成した。この地域の輸送速度は大幅に向上する見込みだ。遅延を招く問題もあったが、ソードランド国家協力機構は約束を果たした。
ReportData,0x010000460001AC08,Turn08_H3_Taurus_Finished,ReportProperties.Title,H3 完成／タウルス
ReportData,0x010000460001AC08,Turn08_H3_Taurus_Finished,ReportProperties.Description,長い間待ち望まれてきたラハベンからアルヴォリーまでを結ぶ道路網が完成した。この地域の輸送速度は大幅に向上する見込みだ。遅延を招く問題もあったが、タウルス・ホールディングは約束を果たした。
ReportData,0x0100006500005A87,Turn08_Holsord_ATOInfluenceGrows,ReportProperties.Title,アルカシア条約機構のホルソードにおける影響力の拡大
ReportData,0x0100006500005A87,Turn08_Holsord_ATOInfluenceGrows,ReportProperties.Description,ホルソードではアルカシア条約機構（アルカシア条約機構）に関連する活動が急増している。この都市では、シンポジウムや公開フォーラム、ネットワーキングセッションなど、アルカシア条約機構が主催するイベントの数が増加している。地元住民はアルカシア条約機構の目標や取り組みに大きな関心を示しており、これは同機構がホルソード内での影響力拡大に成功していることを反映している。
ReportData,0x01000074000061B7,Turn08_Holsord_BFFThreat_PresidentSecurityIncreased,ReportProperties.Title,大統領の警護が強化される
ReportData,0x01000074000061B7,Turn08_Holsord_BFFThreat_PresidentSecurityIncreased,ReportProperties.Description,"大統領警護隊の報告によると、悪名高い過激派組織であるブルディア自由戦線（BFF）から脅迫状が届いたことを受けて、レイン大統領を取り巻く警戒措置が大幅に強化された。  

この信頼性の高い脅威に対応するため、大統領の警備体制について総合的な見直しが行われ、より厳格な防御策が実施された。これらの措置には、警備要員の増強、監視システムの強化、そして潜在的な脅威を未然に防ぐための情報機関との密接な連携が含まれる。"
ReportData,0x01000074000061D5,Turn08_Holsord_ChiefJusticeHawker_FoundDead,ReportProperties.Title,最高裁長官ホーカー、正体不明の犯人たちに殺害される
ReportData,0x01000074000061D5,Turn08_Holsord_ChiefJusticeHawker_FoundDead,ReportProperties.Description,"ソードランド警察の報告によると、最高裁長官オルソ・ホーカーは朝、自宅の犬を連れてホルソードのニュー・エルローリー地区を散歩している最中に残忍な殺害を受けた。  

初期の報告では、最高裁長官は正体不明の集団による入念に計画された攻撃の標的だったとされている。自動小銃で武装した複数の犯人が通りかかる車両から発砲し、容赦なく彼の命を奪った。犯人たちは迅速に現場から逃走し、現在もその捜索が続けられている。この事件に関する調査も行われる予定である。"
ReportData,0x0100006500005A7F,Turn08_Holsord_CSPInfluenceGrows,ReportProperties.Title,ホルソードにおけるコンタナ条約機構の影響力拡大が顕著に
ReportData,0x0100006500005A7F,Turn08_Holsord_CSPInfluenceGrows,ReportProperties.Description,コンタナ条約機構（CSP）はホルソードにおける影響力を目に見えて強化している。コンタナ条約機構に属する多数の組織や支援団体が同市内で活動を開始し、この連合の存在感が高まっている。同市ではコンタナ条約機構主催のセミナーや集会が数回開催されており、これらのイベントには地元住民から多くの人々が参加しており、ホルソードにおけるコンタナ条約機構の影響力がますます受け入れられつつあることを示している。
ReportData,0x010000460001ABDC,Turn08_Holsord_Impeachment,ReportProperties.Title,最高裁判所、弾劾を企てる
ReportData,0x010000460001ABDC,Turn08_Holsord_Impeachment,ReportProperties.Description,"ルシアンの報告によると、最高裁判所はリクターの件を更に進めて弾劾手続きを行うことを検討しているという。

彼が書いたメモには次のようにあった。「最高裁長官および他の5人の裁判官が密室で会合し、大統領閣下に対する捜査の進め方を話し合った。恐らく最高裁長官は閣下を裁判にかけて失脚させることを考えている。彼らはすでに閣下が第100条に違反したと見なしている。もしその会合で本当に一致団結したのであれば、状況は非常に悪くなる。」"
ReportData,0x0100005100038E34,Turn08_Holsord_OvidGrecerChargesBron_Amended,ReportProperties.Title,オヴィド・グレツェル、ブロン総督を告発――イシュヴァル・エルセンで交代
ReportData,0x0100005100038E34,Turn08_Holsord_OvidGrecerChargesBron_Amended,ReportProperties.Description,"以前遅延していたイシュヴァル・エルセンがフェリクス・ブロン総督を相手取った訴訟は、ついに最終的な判決が下された。ブロン総督は権力乱用の罪で有罪と認定され、それによりソードランドの市民に対する差別行為を行い、新たに制定された憲法、特に第6条および第7条に明確に違反した。

この有罪判決を受けて、ブロン総督は即座に職務から解任され、適切な収監のためアンテル・ロック刑務所に移送された。円滑な移行が必要であると認識し、来るべき選挙まで特別区を統治するための特別移行評議会が設立された。

慎重な検討の結果、評議会はイシュヴァル・エルセンを総督職に最も適した候補者として選出した。ベルギア出身でブルディア人の権利擁護の著名な活動家であるエルセンは、国家レベルでこれらの問題を推進した功績により大きな評価を得ている。"
ReportData,0x0100005100038E2C,Turn08_Holsord_OvidGrecerChargesBron_Default,ReportProperties.Title,オヴィド・グレツェル、ブロン総督を告発――イシュヴァル・エルセンで交代
ReportData,0x0100005100038E2C,Turn08_Holsord_OvidGrecerChargesBron_Default,ReportProperties.Description,"以前遅れていたイシュヴァル・エルセンがフェリクス・ブロン総督を相手に起こした訴訟は、ついに最終的な判決が下された。徹底的な審理の結果、ブロン総督は権力を乱用し、ソードランドの市民に対する差別を引き起こし、憲法上の法律に違反したと認定された。

有罪判決が下されたことを受けて、ブロン総督は即座に職務から解任され、適切な収監のためアンテル・ロック刑務所に移送された。円滑な移行が必要であると認識し、来るべき選挙まで特別区を統治するための特別移行評議会が設立された。

慎重な検討の末、評議会はイシュヴァル・エルセンを総督職に最も適した候補者として選出した。ベルギア出身でブルディア人の権利擁護の著名な活動家であるエルセンは、国家レベルでこれらの問題を推進した功績により大きな評価を得ている。"
ReportData,0x010000460001ABE0,Turn08_Holsord_PresidentialSalary,ReportProperties.Title,大統領の給与が引き上げられる
ReportData,0x010000460001ABE0,Turn08_Holsord_PresidentialSalary,ReportProperties.Description,大国民議会は、ソードランドの大統領を含む選出された公職者の年間給与を引き上げる新法について審議し、可決した。
ReportData,0x010000460001AC34,Turn08_Holsord_TargetsKilled,ReportProperties.Title,SSP、作戦の成功を報告
ReportData,0x010000460001AC34,Turn08_Holsord_TargetsKilled,ReportProperties.Description,警察長官カール・グライザーは、「機密」の作戦任務が成功裏に完了したと報告している。標的は無事排除された。
ReportData,0x0100006500005A77,Turn08_Holsord_USPUnresponsive,ReportProperties.Title,USPの妨害によりホルソードで国家機関の活動が阻害される
ReportData,0x0100006500005A77,Turn08_Holsord_USPUnresponsive,ReportProperties.Description,"ホルソードにおける国家機関の運営は、統一ソードランド党（USP）による妨害行為のために阻害されている。USPの抵抗により政策実施に大きな遅れが生じており、提案されたプロジェクトの約35％で不必要な遅延が発生している。

この状況は、ホルソードの効率的な統治と公共サービスに与える長期的影響について懸念を招いている。"
ReportData,0x010000A100003C9C,Turn08_Kyrute_AlvarezVisit_CaleqabizToLespia,ReportProperties.Title,キルート、カレカビズ問題を巡る冷静さを呼びかける
ReportData,0x010000A100003C9C,Turn08_Kyrute_AlvarezVisit_CaleqabizToLespia,ReportProperties.Description,"キルートの首相イノス・アドリウメルは、その島に関するレスピアとリジアの取引の詳細が明らかになった後、コンタナ条約機構およびアルカシア条約機構の両者に対し、カレカビズ島を巡る高まり続ける緊張を緩和するよう呼びかけている。

この島国は、両勢力団体にアンタセア海での軍事力の増強を控えるよう要請し、この紛争において完全な中立を守ることを約束している。"
ReportData,0x010000650000519F,Turn08_Kyrute_CondemnsEmergency,ReportProperties.Title,国家非常事態の延長、キルートに反対される
ReportData,0x010000650000519F,Turn08_Kyrute_CondemnsEmergency,ReportProperties.Description,キルート共和国は、ソードランドにおける非常事態の延長について深刻な懸念を示している。この立場は、民主主義の原則と市民の自由の保護へのキルートの献身と一致している。イノス・アドリウメル首相は、ソードランドに対しこの決定を見直し、国民の基本的権利の守護を重視するよう呼びかけている。
ReportData,0x010000460001AC00,Turn08_L1_Positive_effects,ReportProperties.Title,FCゲルソードの商業活動が活発化
ReportData,0x010000460001AC00,Turn08_L1_Positive_effects,ReportProperties.Description,"経済省からの商業活動報告によると、景気好況の影響でゲルソードでは過去最多の新規企業が設立されている。また、同報告では都市の物流量の増加が技術企業の成長を後押ししていることも示されており、市の研究評議会も今後数年間にわたって好調な成長が続くと報告している。

ゲルソードでは、単に観光目的で高速鉄道を利用してこの都市を訪れるホルソード出身の人々により、過去最多の来訪者数を記録した。依然として最も多いのは科学者や学生たちである。"
ReportData,0x010000460001AC10,Turn08_L1_SSC_Finished,ReportProperties.Title,L1が完了／SSC
ReportData,0x010000460001AC10,Turn08_L1_SSC_Finished,ReportProperties.Description,長い間待ち望まれてきた、ホルソードからラハベンまでを結ぶL-1鉄道が完成した。ホルソードが同国最大の港であるラハベンと接続されたことにより、この地域の企業は大きな発展を遂げる見込みだ。遅延を招くいくつかの問題があったものの、ソードランド国家協力機構は約束を守った。
ReportData,0x010000460001AC0C,Turn08_L1_Taurus_Finished,ReportProperties.Title,L1が完了／タウルス
ReportData,0x010000460001AC0C,Turn08_L1_Taurus_Finished,ReportProperties.Description,長らく待たれていたホルソードからラハベンまでを結ぶL-1鉄道が完成した。ホルソードが同国最大の港湾であるラハベンと接続されたことにより、この地域の企業は大きな発展を遂げる見込みだ。遅延を招くいくつかの問題があったものの、タウルス・ホールディングは約束を守った。
ReportData,0x0100006500005A1F,Turn08_Lachaven_GasomHighProfitShares,ReportProperties.Title,ガソム社からの高い利益配当率
ReportData,0x0100006500005A1F,Turn08_Lachaven_GasomHighProfitShares,ReportProperties.Description,ラハベンにあるガソム公社は高い利益率を記録しており、国家の収入に大きく貢献している。この堅調な利益は効果的な経営戦略と好況な市場環境がもたらしたものである。こうした成果は、同公社が国家経済において占める重要な役割と、今後も財政的繁栄に寄与し続ける可能性を示している。
ReportData,0x010000460001ACD8,Turn08_Lachaven_HighBudgetTwo,ReportProperties.Title,国民経済連盟、景気刺激策を要求
ReportData,0x010000460001ACD8,Turn08_Lachaven_HighBudgetTwo,ReportProperties.Description,"予算の黒字状況を踏まえ、国家部門および民間部門に属するNBCの指導者たちが政府による景気刺激策の実施を要請している。  

成長の機会を逃し、上向き傾向を生み出すための投資が不足していることが批判されており、近い将来から長期的な視点でより大規模な経済拡大を実現するためにさらなる経済介入が求められている。"
ReportData,0x010000640000CDF4,Turn08_Lachaven_NBCVATImpact,ReportProperties.Title,国民経済連盟、VATが支出に悪影響を与えると報告
ReportData,0x010000640000CDF4,Turn08_Lachaven_NBCVATImpact,ReportProperties.Description,ラハベンの国民経済連盟は、付加価値税が消費者支出に与える悪影響について懸念を示している。同団体の報告によれば、VATの導入により消費者の負担が増大し、その結果として全体的な支出が減少したという。この傾向は地域経済にとって重大な課題であり、政策決定者たちによる慎重な検討が求められる。
ReportData,0x010000460001ACDC,Turn08_Lachaven_NegativeBudgetTwo,ReportProperties.Title,国民経済連盟、財政的保守主義を要請
ReportData,0x010000460001ACDC,Turn08_Lachaven_NegativeBudgetTwo,ReportProperties.Description,"国民経済連盟は、政権の第3年目に発生した政府の予算赤字について警告を発表した。  

民間部門および国家部門の指導者たちは、この状況が放置され続ければ国が債務危機に直面する可能性があると訴えた。専門家らは、もし早急に適切なバランスが実現しなければ、この状況で信用格付けが引き下げられる恐れがあると警鐘を鳴らしている。"
ReportData,0x010000460001ACD4,Turn08_Lachaven_VeryNegativeBudgetTwo,ReportProperties.Title,国民経済連盟、過度な支出に警戒を呼びかける
ReportData,0x010000460001ACD4,Turn08_Lachaven_VeryNegativeBudgetTwo,ReportProperties.Description,"国民経済連盟は、政権の第3年目に発生した巨大な政府予算赤字について厳しい警告を出した。  

民間部門と官公庁の指導者たちは、この状況が放置され続ければ国が深刻な債務危機に直面する可能性があると訴えた。専門家らは、もし早急により良いバランスが実現しなければ、この状況で信用格付けが引き下げられる恐れがあると警鐘を鳴らしている。"
ReportData,0x010000A100003C60,Turn08_Lespia_AlvarezVisit_GasExportsToRizia,ReportProperties.Title,レスピア、リジアへのガス輸出を開始
ReportData,0x010000A100003C60,Turn08_Lespia_AlvarezVisit_GasExportsToRizia,ReportProperties.Description,レスピア人のタンカーがサン・マントゥア港を出発し、約束されたガスをポルテ・ドラゾンの施設へ届けている。
ReportData,0x010000A100003C56,Turn08_Lespia_AlvarezVisit_LespiaDoesntFollowSanctions,ReportProperties.Title,レスピア、リジアに制裁を科さない
ReportData,0x010000A100003C56,Turn08_Lespia_AlvarezVisit_LespiaDoesntFollowSanctions,ReportProperties.Description,レスピア共和国は、制裁を科すよう求める国際的な声が高まっているにもかかわらず、我が国に対して制裁を行わないと発表した。アルバレス首相は、両国間に新たに生まれた理解こそがその動機だと述べた。
ReportData,0x010000460001B6BF,Turn08_Lespia_Sanctions_Ally_Valgsland,ReportProperties.Title,レスピアへの制裁
ReportData,0x010000460001B6BF,Turn08_Lespia_Sanctions_Ally_Valgsland,ReportProperties.Description,レスピアは我々に対し一連の貿易制裁を発表し、特定の商品の輸入税を最大30パーセント引き上げるとともに、軍事兵器の販売や医療支援、その他両国間の経済協力を中止することにした。これらの制裁は、ヴァルグスランドと締結された同盟への直接的な反応として行われたものである。
ReportData,0x010000B4000013B4,Turn08_Manus_SecurityThreat,ReportProperties.Title,マヌス・サゾン、国内治安当局により脅威と指定される
ReportData,0x010000B4000013B4,Turn08_Manus_SecurityThreat,ReportProperties.Description,"国家安全保障機関による詳細な評価の結果、マヌス・サゾンは国内の安全保障上の脅威として指定された。当局は、サゾンが最近行った制度的変革を訴える公的発言や、反政府的勢力との関与があるとされる点をこの分類の根拠として挙げている。彼がリジアの反君主主義集団に与える影響力や、外部の不安定化勢力との潜在的なつながりは、同王国の統一と安定に対する直接的な脅威と見なされている。

彼の活動を監視するためにセキュリティプロトコルが更新され、サゾンおよび彼の既知の関係者に対してさらなる措置を講じるための法的枠組みも検討されている。"
ReportData,0x010000A100003A5F,Turn08_MaveNortus_IntelligenceServiceSearchesVina,ReportProperties.Title,情報センター、ヴィナ捜索を開始
ReportData,0x010000A100003A5F,Turn08_MaveNortus_IntelligenceServiceSearchesVina,ReportProperties.Description,マーヴェ・ノルトゥスに位置する情報拠点は、ヴィナ王女の捜索を主導するため迅速に資源を動員している。同拠点の工作員たちは、リジア以外の地域にも捜索範囲を広げ、逃亡した王女が行方不明になった可能性のある外国を調査するつもりだ。
ReportData,0x010000460001ABEC,Turn08_Modernized_AirForce,ReportProperties.Title,最先端航空機が軍用機備品リストに追加される
ReportData,0x010000460001ABEC,Turn08_Modernized_AirForce,ReportProperties.Description,ソードランドの国防大臣であるヨセフ・ランチェア将軍は、我が国の空軍近代化作業が完了したと報告している。同氏の報告によれば、現在保有する410機のソードランドS-13戦闘機およびベンフィ・デリバリーB-34爆撃機が改良され、最新技術を搭載したS-16戦闘機とベンフィ・プライム・デリバリーBPD-36爆撃機に生まれ変わった。新しい爆撃機は航続距離や速度、爆弾搭載量が向上しており、より高度なレーダーや無線誘導支援型照準システムも備えているため、昼夜を問わずより正確な爆撃が可能となっている。我が国のパイロットたちはこれらの機体に「夜のサギ」という愛称を付けている。
ReportData,0x010000460001ABE4,Turn08_Modernized_Army,ReportProperties.Title,最先端の軍事装備および戦車が備蓄に加わる
ReportData,0x010000460001ABE4,Turn08_Modernized_Army,ReportProperties.Description,ソードランドの国防大臣であるヨセフ・ランチェア将軍は、軍隊の近代化作業が完了したと報告している。同氏の報告によれば、我が国の兵士たちが装備する武器は、最新式のモルナ・インダストリー MI20サブマシンガン、ストロングアーム55またはS55アサルトライフル、BP56またはベルナルド半自動拳銃1956型、そしてウォルター製の空冷式.303アルカシア機関銃によって更新された。さらに、H-3ホルソード重戦車も最新モデルであるH-4ホルソード重戦車に改良され、25～185ミリの装甲とより高出力なエンジンを備えている。その武装も新たに88ミリ L/43主砲や砲塔上部に搭載された12.7ミリ重機関銃が装備されるなど、大幅に強化されている。
ReportData,0x010000460001ABE8,Turn08_Modernized_Navy,ReportProperties.Title,戦艦の改修と近代化が進行中
ReportData,0x010000460001ABE8,Turn08_Modernized_Navy,ReportProperties.Description,"ソードランドの国防大臣であるヨセフ・ランチェア将軍は、海軍の近代化作業が完了したと報告している。同氏の報告によれば、現在保有する15隻のコンリアト級戦艦が改良された。これらの戦艦の主砲は38センチ砲を装備し、仰角30度で最大射程距離は34,450mに達する。対空兵器も14センチおよび10.5センチ口径の砲に更新されている。また、中央部を覆う210ミリから290ミリの厚さの装甲帯によって防御力が強化された。その他、軽巡洋艦や戦闘巡洋艦も最新技術へと改良されている。"
ReportData,0x010000A3000005C0,Turn08_Monqiz_Decision_VendonesamStalemate_Aid,ReportProperties.Title,援助物資がヴェンドネサムへ出発
ReportData,0x010000A3000005C0,Turn08_Monqiz_Decision_VendonesamStalemate_Aid,ReportProperties.Description,数万トンにも及ぶ人道支援物資がモンキズ港を出発し、終わりの見えない内戦に苦しむ民間人たちの窮状を緩和するためにヴェンドネサムへと向かった。
ReportData,0x010000A300000584,Turn08_Monqiz_Decision_Vendonesam_TroopsReturn,ReportProperties.Title,帰還兵士たちのための式典
ReportData,0x010000A300000584,Turn08_Monqiz_Decision_Vendonesam_TroopsReturn,ReportProperties.Description,ヴェンドネサムから帰還した部隊はモンキズの港で船に乗り込む際、英雄として迎えられ、王室の行進バンドが最高級のリジアの賛歌を演奏して彼らを歓迎した。
ReportData,0x010000A3000005D4,Turn08_Monqiz_Decision_VendonesamVictory_Banquet,ReportProperties.Title,ヴェンドネサムの勝利を祝う宴会が開催
ReportData,0x010000A3000005D4,Turn08_Monqiz_Decision_VendonesamVictory_Banquet,ReportProperties.Description,リジアの同盟相手であるカバウエン・サング・タムの勝利を祝うため、リジアの主要都市で彼に敬意を表する宴会が開催され、ロムス王もモンキズで行われた宴会に出席した。その宴会では、ロムス王と特別ゲストとして招かれたヴェンドネサムの陸軍大臣が握手を交わし、大臣は我が国の政府への絶大な支援に対して国王に感謝の意を表した。
ReportData,0x010000A3000005DE,Turn08_Monqiz_Decision_VendonesamVictory_Monument,ReportProperties.Title,ヴェンドネサム遠征で戦死した兵士たちの記念碑が除幕される
ReportData,0x010000A3000005DE,Turn08_Monqiz_Decision_VendonesamVictory_Monument,ReportProperties.Description,ロムス王はヴェンドネサムの大使と共に、内戦中に包囲された君主国を支援し命を落としたリジア人兵士を追悼する記念碑を除幕した。大使は戦争における我が国王の多大な支援に感謝し、リジアの揺るぎない支援のおかげで王太子が勝利を収めることができたと述べた。
ReportData,0x010000A1000004CD,Turn08_Monqiz_NoblesRentCapWorkarounds,ReportProperties.Title,規制があるにもかかわらず貴族たちは引き続き家賃を上げている
ReportData,0x010000A1000004CD,Turn08_Monqiz_NoblesRentCapWorkarounds,ReportProperties.Description,モンキズの入居者団体は、年間8％という基準を大幅に超えて家賃を引き上げる所有者が増え続けていることに懸念を示している。住宅の改修を理由としたその基準の例外措置が頻繁に用いられており、正式な契約書のない極めて違法な賃貸契約も行われている。
ReportData,0x010000A100003AA5,Turn08_Monqiz_VinaDuchess_Protests,ReportProperties.Title,少数の群衆がヴィナ女公爵に抗議
ReportData,0x010000A100003AA5,Turn08_Monqiz_VinaDuchess_Protests,ReportProperties.Description,数人の下級トラス貴族に扇動された少数の群衆が、モンキズ宮殿の門の外に集まり、ヴィナ王女のヴァレンキリス女公爵就任に抗議した。抗議者たちは元公爵の復位を要求しているが、フベルトゥス自身はむしろ宮殿の庭園で珍しい唐辛子を栽培することに決めている。
ReportData,0x010000A100003A9B,Turn08_Monqiz_VinaDuchess_TorasCelebrates,ReportProperties.Title,トラス家、ヴィナ女公爵を迎え入れる
ReportData,0x010000A100003A9B,Turn08_Monqiz_VinaDuchess_TorasCelebrates,ReportProperties.Description,"モンキズ宮殿の屋敷では、ヴィナ王女を温かく迎え入れ、彼女が望むものすべてを与え、州の統治に必要なあらゆる支援を提供した。  

元公爵であるフベルトゥス・トラスは当面モンキズに留まることを決意し、宮殿の庭園で珍しい唐辛子を栽培する新たなプロジェクトを始めた。"
ReportData,0x010000A100002C83,Turn08_Montaklar_BankRobbery,ReportProperties.Title,銀行強盗事件！マレニエフ主義者グループが数千を奪取
ReportData,0x010000A100002C83,Turn08_Montaklar_BankRobbery,ReportProperties.Description,"モンタクラル郊外の銀行に対する暴力的な襲撃で、数万リジア・ギルダーに加えて金塊も押収された。犯人たちは銀行職員に銃を向け、警備員1名を射殺し警察官2名を負傷させた後、トラックに乗って周囲の山中へと消え去った。

犯人たちが赤い腕章を着用しており、盗まれた資産が「再分配」されると銀行職員が耳にしたことから、彼らはマレニエフ主義的な思想を持っていた可能性が高い。"
ReportData,0x010000B40000052A,Turn08_Morella_Upset_MORgas_Sabotage,ReportProperties.Title,モレラ首相、MORGASパイプライン破壊への対応を批判
ReportData,0x010000B40000052A,Turn08_Morella_Upset_MORgas_Sabotage,ReportProperties.Description,"アルマ・サルタナ首相は、最近のモルガス・パイプライン破壊事件を事故だとする国王の発表に対し不満を示した。モレラのエネルギー供給を確保する上でそのパイプラインが極めて重要な役割を果たしていることを考えると、このような反応は軽視的かつ怠慢だと見なされている。

同首相は、この事件を過小評価することはモレラの住民の福祉を損ない、両国間に築かれた信頼関係も危うくするものだと強調した。"
ReportData,0x01000074000061E0,Turn08_Narbel_YoungSords_HelpCatchBFF,ReportProperties.Title,ソード青年団、BFF指導者の排除を支援
ReportData,0x01000074000061E0,Turn08_Narbel_YoungSords_HelpCatchBFF,ReportProperties.Description,"治安部隊が実施した作戦により、ブルディア自由戦線（BFF）の高位指導者の一人がナルベル郊外の隠れ家で倒された。地元警察は、目標を無力化する上で警察を支援したソード青年団のメンバーを称賛した。

現在、さらなる情報収集とBFFに関連する残存勢力の壊滅を目的とした捜査が進められている。"
ReportData,0x010000A100003C74,Turn08_Pales_AlvarezVisit_LespiaAdditionalSupport,ReportProperties.Title,パレス大公国、さらなるレスピア人の軍事支援を歓迎
ReportData,0x010000A100003C74,Turn08_Pales_AlvarezVisit_LespiaAdditionalSupport,ReportProperties.Description,パレス大公国のアクセル・ラインハルト大公は、同国への軍事支援の量を増やしてくれたレスピア共和国の首脳に感謝の意を表した。公は、パレスがリジアの侵攻にうまく抵抗するためには引き続き支援が必要であると強調した。
ReportData,0x010000A100003C7E,Turn08_Pales_AlvarezVisit_LespiaSupportStops,ReportProperties.Title,パレス大公国、支持率低下を嘆く
ReportData,0x010000A100003C7E,Turn08_Pales_AlvarezVisit_LespiaSupportStops,ReportProperties.Description,パレス大公国のアクセル・ラインハルト大公は、近衛兵への軍事支援量が削減されたことについて、レスピア共和国の相手方に対し怒りを表明した。同公は、そのような支援の減少によってパレスがリジアの侵攻に効果的に抵抗する能力が危険にさらされると主張している。
ReportData,0x0100006500005187,Turn08_Pales_ConcernedValgslandAlliance,ReportProperties.Title,パレス、ヴァルグスランド連盟に懸念を示す
ReportData,0x0100006500005187,Turn08_Pales_ConcernedValgslandAlliance,ReportProperties.Description,パレスの最近の文書からは、コンタナ条約機構同盟およびヴァルグスランドに対する同国の不安感が日増しに高まっている様子がうかがえる。アクセル・ラインハルト大公は、パレスとヴァルグスランドの間の歴史的な絆や領土紛争が、この動向がパレスに与える影響を拡大させていると述べた。同大公はパレスの国家安全保障と主権への献身を強調し、地政学的な変化を密接に監視し、それに応じて外交政策を調整していくと宣言した。
ReportData,0x010000460001AC38,Turn08_Peaceful_Violent_Unrest_Anrica_Gelsord,ReportProperties.Title,FCゲルソード対FCアンリカのダービー戦で大規模な抗議行動が発生
ReportData,0x010000460001AC38,Turn08_Peaceful_Violent_Unrest_Anrica_Gelsord,ReportProperties.Description,FCゲルソードとFCアンリカのダービー戦中に大規模な抗議行動が発生した。両チームのフーリガンたちが警察への抗議の意を示し、スタジアムに甚大な物的被害をもたらした。事態の拡大を防ぐため、追加の警察部隊が派遣されている。現在までにスタジアム外で42人が負傷し、4台の車両が焼失している。この事件に関連して89人以上が逮捕されている。
ReportData,0x010000460001AC40,Turn08_Peaceful_Violent_Unrest_Capitol_Pack,ReportProperties.Title,国会議事堂公園で抗議行動
ReportData,0x010000460001AC40,Turn08_Peaceful_Violent_Unrest_Capitol_Pack,ReportProperties.Description,ソードランド労働組合に関連する一団がキャピトルパークで抗議活動を開始した。現在のところ集会は概ね平和的だが、この抗議グループに破壊活動家が潜入している可能性があることが判明している。抗議行動が暴力的に転じる恐れがあるため、その地域は封鎖されている。
ReportData,0x010000460001AC44,Turn08_Peaceful_Violent_Unrest_Deyr,ReportProperties.Title,デイル近郊の植林地で奇妙な集まりが発生
ReportData,0x010000460001AC44,Turn08_Peaceful_Violent_Unrest_Deyr,ReportProperties.Description,デイル近郊の樹木栽培地で9000人から10000人規模の集団が目撃された。初期の報告によれば彼らは現在平和的な様子だ。その後の報告では、夜明けまで音楽を演奏し、現場に派遣された警察や警備員に花を渡しているという。公然わいせつ行為の疑いで数名が逮捕された。今後どう対処すべきか判断が難しく、引き続き彼らの動向を監視していく。
ReportData,0x010000460001AC3C,Turn08_Peaceful_Violent_Unrest_Holsord_State_University,ReportProperties.Title,ホルソード国立大学で暴力的な抗議行動が発生
ReportData,0x010000460001AC3C,Turn08_Peaceful_Violent_Unrest_Holsord_State_University,ReportProperties.Description,ホルソード国立大学の学生グループが「新青年」と名乗り、抗議活動における警察の関与に対して抗議を始めた。抗議は暴力的なものとなり、犯人がパトカーにモロトフコックテイルを投げつけて火をつけた。首謀者を含む14名が逮捕され、彼らが何らかのテロ組織に所属しているかどうかを調べるため尋問が行われている。
ReportData,0x010000460001AC48,Turn08_Peaceful_Violent_Unrest_Lachaven,ReportProperties.Title,ラハベンからホルソードへ向かう抗議者たち
ReportData,0x010000460001AC48,Turn08_Peaceful_Violent_Unrest_Lachaven,ReportProperties.Description,ラハベンでは新たなタイプの反暴力抗議活動が広がりを見せている。抗議者たちは平和を示す象徴としてラハベンからホルソードまで行進するつもりだと述べている。我々は国民の安全を確保するため、群衆に追従し警車を派遣している。何か新情報があればさらなる報告を行う。
ReportData,0x010000460001AC1C,Turn08_Polio_Crisis_High,ReportProperties.Title,ポリオが「山火事」のように拡大中
ReportData,0x010000460001AC1C,Turn08_Polio_Crisis_High,ReportProperties.Description,"保健省のパスカル・ベニウォルが深刻な報告書を提出した。その中で、ポリオがベルギア地方から制御不能に拡大しており、特に郊外地域が最も被害を受けていると述べられている。彼は、この感染症が間もなくホルソードやベンフィ、ラハベンといった都市で山火事のように広がり始めるだろうと警告している。現在の感染者数は32,403人に達し、死者数は5,452人に上っており、増加傾向は依然として急である。"
ReportData,0x010000460001AC24,Turn08_Polio_Crisis_Low,ReportProperties.Title,ベルギア地方内でポリオの流行が抑制される
ReportData,0x010000460001AC24,Turn08_Polio_Crisis_Low,ReportProperties.Description,保健省のパスカル・ベニウォルは好材料となる報告書を提出した。その報告によれば、ベルギア地方内ではポリオ病が抑制されているという。同氏はベルギア地方内の感染曲線を平坦化させたと述べ、義務的なワクチン接種により、この病気が国内の他地域に拡大することは困難になるだろうと語った。
ReportData,0x010000460001AC20,Turn08_Polio_Crisis_Medium,ReportProperties.Title,ベルギア地方でポリオが拡大中
ReportData,0x010000460001AC20,Turn08_Polio_Crisis_Medium,ReportProperties.Description,"保健省のパスカル・ベニウォルが報告書を提出した。その中で、ポリオがベルギア地方から広がりつつあると述べている。医療サービスへのアクセスが限られているため、郊外地域が最も深刻な被害を受けている。彼は、ホルソードやベンフィ、ラハベンといった都市にも間もなく感染が拡大するだろうと警告している。現在の感染者数は15,423人で、死者数は2,675人だ。"
ReportData,0x010000460001AC28,Turn08_Polio_Mandatory_Vaccine,ReportProperties.Title,デイルでポリオワクチンを待つ長い列
ReportData,0x010000460001AC28,Turn08_Polio_Mandatory_Vaccine,ReportProperties.Description,デイルという主要都市では、多くの市民がポリオワクチンの接種を受けることになる見込みだ。まだこの病気が届いていない都市の住民の間には不満もあるが、ベルギア地方の人々の大半は、この病気が抑制されていることを喜んでいる。
ReportData,0x010000A100003C6A,Turn08_PorteDrazon_AlvarezVisit_PipelineToLespia,ReportProperties.Title,レスパワー、さらなる権力を手にする
ReportData,0x010000A100003C6A,Turn08_PorteDrazon_AlvarezVisit_PipelineToLespia,ReportProperties.Description,レスパワーの技術者たちが、我々のエネルギーパイプラインをレスピアまで延長する準備を行うために首都に到着した。スーディス海を横断する複数のルートが検討されており、その中にはポルテ・ドラゾンから直接渡る案や、海峡が狭いジャレスとマーヴェ・ノルトゥスを経由する案などが含まれる。
ReportData,0x010000A100003281,Turn08_PorteDrazon_Decision_AbolishHouseOfDelegates,ReportProperties.Title,HODの閉鎖を受けて自発的な抗議が起きる
ReportData,0x010000A100003281,Turn08_PorteDrazon_Decision_AbolishHouseOfDelegates,ReportProperties.Description,代議院が即座に閉鎖されるという発表の後、数百人規模の集団が同建物の外でデモを行った。RPPの代表者たちが最後にその建物を出て行く際、何人かが群衆に敬礼し、「我々は戻ってくる」と述べたとされている。
ReportData,0x010000CA00000BFD,Turn08_PorteDrazon_Decision_SurplusOfMedicine_DistributeToPublic,ReportProperties.Title,割引薬が医療制度の負担を軽減
ReportData,0x010000CA00000BFD,Turn08_PorteDrazon_Decision_SurplusOfMedicine_DistributeToPublic,ReportProperties.Description,"ポルテ・ドラゾンの公衆衛生制度は、割引された余剰医薬品が配布されたことにより大きな前進を遂げている。地元の診療所では、必要な治療へのアクセスが改善したおかげで患者数が着実に増加していると報告されている。

特に低所得地域において、この新しい制度が家族の家計負担を軽減させたことから、住民たちは安堵の声を上げている。医療従事者らは、この取り組みによって地域全体がより健康な状態になることを期待している。"
ReportData,0x010000BD00000CB8,Turn08_PorteDrazon_Decision_SurplusOfMedicine_SellInternationally,ReportProperties.Title,余剰医薬品が国際貿易を活性化
ReportData,0x010000BD00000CB8,Turn08_PorteDrazon_Decision_SurplusOfMedicine_SellInternationally,ReportProperties.Description,"ポルテ・ドラゾンで余剰となった医薬品は海外に新たな市場を見出し、王国の経済に好影響をもたらしている。地元当局者によれば、この販売によって貿易関係が強化され、近隣諸国もさらなる協力に意欲を示しているという。

経済的な利益は明らかだが、住民の中には、その余剰分を国内の医療問題解決に使うこともできたのではないかと疑問視する声もある。"
ReportData,0x010000CA00000C51,Turn08_PorteDrazon_Decision_SurplusOfMedicine_SendAidToAN,ReportProperties.Title,余剰医薬品が海外援助として送られる
ReportData,0x010000CA00000C51,Turn08_PorteDrazon_Decision_SurplusOfMedicine_SendAidToAN,ReportProperties.Description,"ポルテ・ドラゾンの港では、余剰となった医療物資を国際送付用に準備する作業が行われており、活気に満ちていた。国際連盟の調整によって提供されるこの援助は、困窮している地域の医療体制を支えることが期待されている。

我が王国の人道支援活動に対し一部の住民は誇りを感じていたが、他方で余剰物資の方が地元の診療所により大きな利益をもたらすのではないかと懸念する声も上がった。当局者は海外での好意を育むことがリジアの国際的な地位を強化すると主張している。"
ReportData,0x010000CA00000C72,Turn08_PorteDrazon_Decision_SurplusOfMedicine_SendAidToAN_NegativePublicOpinion,ReportProperties.Title,援助物資の輸送が世論の批判を招く
ReportData,0x010000CA00000C72,Turn08_PorteDrazon_Decision_SurplusOfMedicine_SendAidToAN_NegativePublicOpinion,ReportProperties.Description,"今日、ポルテ・ドラゾン港では、住民たちが政府の余剰医療物資を海外に送るという決定に抗議するため集まったことで緊張が高まった。プラカードを掲げてスローガンを叫びながら、群衆は地元の医療ニーズが軽視されていると感じ、不満を表明した。

警察は秩序を維持するために出動し、一方で当局者たちは国際送付用の荷物の準備を進めていた。地域の指導者たちは、外国への援助を優先して地元の苦境を無視すれば、国民の不満がさらに深まる可能性があると警告している。"
ReportData,0x010000CA00000C27,Turn08_PorteDrazon_Decision_SurplusOfMedicine_SendToWar,ReportProperties.Title,余剰医薬品により部隊の健康状態が向上
ReportData,0x010000CA00000C27,Turn08_PorteDrazon_Decision_SurplusOfMedicine_SendToWar,ReportProperties.Description,"最近、パレスでの戦争遂行のために余剰な医療物資が配分されたことで、リジア人兵士たちの医療環境が大幅に改善した。野戦病院からは負傷者数の減少や回復速度の向上が報告されており、部隊はより迅速に任務に復帰できるようになっている。

軍の指導者たちは、このような医療支援の強化が前線の士気を高めていると指摘し、王政の決定を称賛している。"
ReportData,0x010000A100003A73,Turn08_PorteDrazon_GoldenGuardBlamedForVinaEscape,ReportProperties.Title,近衛兵、ヴィナの行方不明を巡る非難に直面
ReportData,0x010000A100003A73,Turn08_PorteDrazon_GoldenGuardBlamedForVinaEscape,ReportProperties.Description,近衛兵を標的とした告発が相次ぎ、ヴィナ王女の行方不明は同組織の責任だとされたことを受けて、その組織は自らの失敗を謝罪し、二度と同様の事態が起きないよう内部体制を見直すことを誓った。
ReportData,0x010000A100003A69,Turn08_PorteDrazon_GoldenGuardSearchesVina,ReportProperties.Title,近衛兵、ヴィナの捜索を開始
ReportData,0x010000A100003A69,Turn08_PorteDrazon_GoldenGuardSearchesVina,ReportProperties.Description,近衛兵はヴィナ王女を捜索するためにあらゆる資源を動員し、国中を徹底的に調べ上げて彼女の行方を探すことを目指している。この組織は宮殿に対し、王女が見つかり無事に故郷に帰還するまで決して休息しないと約束した。
ReportData,0x010000A1000029BD,Turn08_PorteDrazon_InovitzConcertCancelled,ReportProperties.Title,マルツェル・イノヴィッツのコンサートが中止に
ReportData,0x010000A1000029BD,Turn08_PorteDrazon_InovitzConcertCancelled,ReportProperties.Description,ジル地方と関連があるウェヘズクの芸術家たちへのボイコットを求める声が高まる中、ポルテ・ドラゾン市は、マーシャル・イノヴィッツのメルコパツアーにおいてリジアで開催される唯一の公演となるはずだった満員御礼のコンサートを中止した。
ReportData,0x010000A100003A7D,Turn08_PorteDrazon_WeddingCancelledGuestsInformed,ReportProperties.Title,結婚式のゲストに結婚式が中止されたと伝えられる
ReportData,0x010000A100003A7D,Turn08_PorteDrazon_WeddingCancelledGuestsInformed,ReportProperties.Description,王宮からの使者たちがポルテ・ドラゾン周辺を回り、王室の結婚式のために首都へ向かった全ての来賓に中止されたことを伝えている。
ReportData,0x010000A100003A91,Turn08_PorteDrazon_WeddingSpoiledWine,ReportProperties.Title,王室結婚式のワインが台無しに
ReportData,0x010000A100003A91,Turn08_PorteDrazon_WeddingSpoiledWine,ReportProperties.Description,王室の結婚式はほぼあらゆる点で完璧で大成功を収めたものの、残念ながら不良になったワインの問題によってその輝きが損なわれてしまった。この問題については現在王室側が調査を行っており、二度と同様の事態が起こらないようにしている。
ReportData,0x010000460001AC64,Turn08_President_Donation_League_Women,ReportProperties.Title,女性連盟、感謝の意を表す
ReportData,0x010000460001AC64,Turn08_President_Donation_League_Women,ReportProperties.Description,ソードランド婦人連盟は、我々の個人的な寄付に感謝の意を表した。同連盟のスポークスパーソンは次のように述べている。「レイン大統領、そして我々の運動へのご貢献と、国内で我々の政策を前進させてくださったモニカ第一夫人に感謝いたす。」
ReportData,0x010000460001AC98,Turn08_Presi_Powers_De_Soll,ReportProperties.Title,脱ソル化が開始された
ReportData,0x010000460001AC98,Turn08_Presi_Powers_De_Soll,ReportProperties.Description,脱ソルリニゼーションのプロセスが始まり、まずはキャピトルパークからタルキン・ソルの像が撤去された。今月いっぱいで、ソードランドのあらゆる都市や町から同様の像や肖像画、その他の記念物が数百点も撤去される見込みだ。
ReportData,0x010000460001ACD0,Turn08_Presi_Powers_Fair_Trade,ReportProperties.Title,公正取引委員会が設立される
ReportData,0x010000460001ACD0,Turn08_Presi_Powers_Fair_Trade,ReportProperties.Description,"今日、ホルソードに公正取引委員会が設立され、競争上の問題や今後の規制法案を分析するためにソードランド中央銀行、国民経済連盟、経済省と協力を開始した。

ソードランドにおける貿易・商取引の公正化を推進しているのは、不正な競争行為でハート・オブ・ソードランドを訴えて裁判で勝利を収めた、先見の明を持つ中小企業経営者である。"
ReportData,0x010000460001ACC8,Turn08_Presi_Powers_Free_Prescriptions,ReportProperties.Title,無料医療
ReportData,0x010000460001ACC8,Turn08_Presi_Powers_Free_Prescriptions,ReportProperties.Description,エストードの市民たちは初めて完全に無料の処方薬を受け取った。がんや糖尿病の患者らは、この措置によって経済的負担が大幅に軽減されたと語っている。ある貧しい家族はインタビューで、両親が生き続けられるようにしてくれた大統領府に感謝の意を表した。この措置は国内全体でも成功を収めていると報じられている。
ReportData,0x010000460001AC9C,Turn08_Presi_Powers_Gender_Equality,ReportProperties.Title,教育における男女平等に反対する抗議活動
ReportData,0x010000460001AC9C,Turn08_Presi_Powers_Gender_Equality,ReportProperties.Description,ソードランドの主婦たちが、教育における性別平等を命じる大統領令に抗議するため、過去最多の数で集まった。ほとんどのデモはアンリカを中心に行われており、カーテン・レステ市長の政権が抗議者たちに許可証と警備要員を提供している。
ReportData,0x010000460001ACB0,Turn08_Presi_Powers_Gun_Ownership,ReportProperties.Title,銃器保有に関する統計
ReportData,0x010000460001ACB0,Turn08_Presi_Powers_Gun_Ownership,ReportProperties.Description,"変更の告知後、4638件の銃所持申請が寄せられた。これは昨年の申請数と比べて約639％の増加だ。その結果、銃店の売上も順調に上昇している。

現在、実施すべき背景調査の件数が多いためシステムが過負荷状態にある。また、背景調査プロセスにおける問題や不備に関する報告も受けており、現在調査が進められている。"
ReportData,0x010000460001ACC4,Turn08_Presi_Powers_Lower_Retirement_Age,ReportProperties.Title,モルナで高齢者たちが職を辞している
ReportData,0x010000460001ACC4,Turn08_Presi_Powers_Lower_Retirement_Age,ReportProperties.Description,"モルナでは、過酷な労働環境の産業分野で働く高齢者たちの退職が相次ぎ、同市の労働市場が変化しつつある。長年にわたる勤務を経て、これらの高齢者たちは受給権のある年金制度を開始するための手続きを行っている。この動きにより失業率が一時的に上昇したものの、新たな雇用機会も生まれている。

この移行は、同市の若年労働力が前進して労働需要に応え、モルナの工業界に新たな活力をもたらす好機となっている。"
ReportData,0x010000460001ACA0,Turn08_Presi_Powers_Private_Prisons,ReportProperties.Title,ロザーバーグ・グループ、初の民間刑務所を開設
ReportData,0x010000460001ACA0,Turn08_Presi_Powers_Private_Prisons,ReportProperties.Description,ロザーバーグ・グループはヴェソード郊外の田園地帯に私設刑務所群の建設を完了した。最高警戒度施設と最低警戒度施設で構成されるこの新しい刑務所群はアンテル・ロックとほぼ同じ規模だが、より小さな独房や重ね式のベッドのおかげで収容可能な囚人数を2倍にすることができる。
ReportData,0x010000460001ACB4,Turn08_Presi_Powers_Purge_GeneralStaff,ReportProperties.Title,参謀本部の新たな将官たちが職務を開始
ReportData,0x010000460001ACB4,Turn08_Presi_Powers_Purge_GeneralStaff,ReportProperties.Description,国防省およびソードランド軍は、新たに任命された参謀将校たちが業務を開始したと報告している。彼らは現在、同省で機密性の高い安全保障に関するブリーフィングを受けている。ランチェア大臣がこれまでそして今後も彼らの導入業務を担当している。定期的な手続きの一環として、機密情報へのアクセス権限もより高いレベルに更新されている。
ReportData,0x010000460001ACB8,Turn08_Presi_Powers_Relocation_Rural,ReportProperties.Title,教師と医師の移住が開始される
ReportData,0x010000460001ACB8,Turn08_Presi_Powers_Relocation_Rural,ReportProperties.Description,ソードランド全土のサービスセンターで、教師や医師たちに配属場所が配布され始めている。デイルでは数件の抗議が起きたが、すぐに鎮圧された。最も経験豊富な公務員は状況の悪い都市や町に配属され、経験の少ない者は首都に近い場所に配属されることになっている。
ReportData,0x010000460001ACBC,Turn08_Presi_Powers_Remove_Central_Bank,ReportProperties.Title,反対意見にもかかわらず、中央銀行の政府統制が進められる
ReportData,0x010000460001ACBC,Turn08_Presi_Powers_Remove_Central_Bank,ReportProperties.Description,経済通商エネルギー大臣のシモン・ホル氏は、必要な書類作成や人員交代を進めることで中央銀行に対する政府の支配権を確立しようと急速に動いている。現職の女性議長であるエディット・アグノク氏からの抵抗や反発があるものの、内務大臣のリリアス・グラーフ氏が我々の手続きを円滑に進めるのを助けている。
ReportData,0x010000460001ACC0,Turn08_Presi_Powers_Remove_Public_Symbol,ReportProperties.Title,大司祭、政権を「神聖なる地獄の淵」へと非難する
ReportData,0x010000460001ACC0,Turn08_Presi_Powers_Remove_Public_Symbol,ReportProperties.Description,内務省からの報告によると、リリアス・グラーフ氏によれば、特に郊外地域やデイル市において、宗教的な公共象徴の撤去に対する抵抗が見られている。大司祭が行政を「神聖な地獄の淵」へと追いやると非難する声明を出したことで、ベルギア地方ではさらに強い反発が起きているようだ。
ReportData,0x010000460001ACA4,Turn08_Presi_Powers_Rurals_Institute,ReportProperties.Title,農村教育機関の開設
ReportData,0x010000460001ACA4,Turn08_Presi_Powers_Rurals_Institute,ReportProperties.Description,ウジレンの田園地帯に最初の12校の農村教育機関が開設され、多くの村人たちが初回の授業に招かれた。これは彼らが農業の向上や識字率の向上、そして国民の教育水準を高めるのに必要な理論的・技術的知識を身につけられるようにするためだ。
ReportData,0x010000460001ACCC,Turn08_Presi_Powers_SCSRTV_Opened,ReportProperties.Title,SCSRTVが開局
ReportData,0x010000460001ACCC,Turn08_Presi_Powers_SCSRTV_Opened,ReportProperties.Description,"ホルソードに新たなソードランド放送テレビ最高評議会が開設され、業務を開始した。新しく編成された専門メディアチームは建設中は内務省に滞在し、グラーフ大臣と協力していた。

同評議会の専門家らは、今後数ヶ月間で19回の組織監査が行われ、来年の終わりまでに最大84の組織が審査されるだろうと発表した。"
ReportData,0x010000A100003CBA,Turn08_Qabiz_AlvarezVisit_ATOPersonelArrives,ReportProperties.Title,アルカシア条約機構の要員がカレカビズに到着
ReportData,0x010000A100003CBA,Turn08_Qabiz_AlvarezVisit_ATOPersonelArrives,ReportProperties.Description,最初のアルカシア条約機構軍要員がカビズに到着し、そこではアルカシアの軍事技術者たちが島の北側に軍用飛行場の建設を開始する予定である。一方、レスピアの行政官たちはリジアの同僚たちから行政業務を引き継ぐ準備を進めている。
ReportData,0x010000CA00001A22,Turn08_Qalus_NewBusiness_SlowGrowth,ReportProperties.Title,経済成長は緩やかだが着実に進展
ReportData,0x010000CA00001A22,Turn08_Qalus_NewBusiness_SlowGrowth,ReportProperties.Description,"カルスの地元当局によると、小規模な事業活動が徐々に増加しているものの、そのペースは依然として緩やかだ。特に歴史的なブドウ園地域周辺で、新たな工房やサービス提供業者が出現し始めている。

しかし、経済専門家らは、目的を持った投資やインフラの整備がなければ成長が頭打ちになる可能性があると警鐘を鳴らしている。住民たちは雇用の安定性はあるものの新たな機会が限られているとしながら、慎重な楽観姿勢を保っている。"
ReportData,0x010000A10000333C,Turn08_Qalus_WineExportsQuadruple,ReportProperties.Title,カルスのブドウ園、過去最高の収穫量を記録
ReportData,0x010000A10000333C,Turn08_Qalus_WineExportsQuadruple,ReportProperties.Description,増え続けるワインの輸出に伴い、カルス周辺のブドウ園では過去最高の収穫量が記録された。我々の高く評価されているワインへの世界的な需要の急増に対応するため、さらに多くの面積にブドウ畑を植える計画がすでに進行中だ。ブドウ栽培業界の収益も上昇している。
ReportData,0x010000B8000083E7,Turn08_ReformMovementRally_Allowed,ReportProperties.Title,マヌス・サゾンが大規模集会で演説を行う
ReportData,0x010000B8000083E7,Turn08_ReformMovementRally_Allowed,ReportProperties.Description,"今日、リジア人民党とRPPに連携する団体によって開催された大規模な集会では、何千人もの人々がポルテ・ドラゾンの中央広場に集まり、より多くの政治的権利を求めるとともに、これらの権利を成文憲法に明文化するというマヌス・サゾンの提案への支持を示した。

群衆の中には数人のリジアの有名人も見られ、その場でマヌス・サゾンが演説を行い、権限強化された代議院の実現のために奮闘し、王室と協力して包括的なリジア人権憲章を起草することを約束した。

この集会は、1926年の蜂起以来、中央広場で開催された中で最も大規模な集まりであると考えられている。"
ReportData,0x010000B800008479,Turn08_ReformMovementRally_Radical_Allowed,ReportProperties.Title,数千人が専制統治の終結を要求
ReportData,0x010000B800008479,Turn08_ReformMovementRally_Radical_Allowed,ReportProperties.Description,"今日、リジア人民党とRPPに連携する団体によって開催された大規模な集会では、何千人もの人々がポルテ・ドラゾンの中央広場に集まり、より多くの政治的権利を求めるとともに、リジア王室の専制統治の終結を叫んだ。

地元のRPP指導者たちが演説を行った際、群衆の中にはマレニエフ主義のグループ数団体も見られ、彼らは権限強化された代議院の実現と、リジア貴族に特権を与える制度の廃止を訴えた。

この集会は、1926年の蜂起以来、中央広場で開催された中では最大規模の集結であると考えられている。"
ReportData,0x010000B8000083ED,Turn08_ReformMovementRally_Radical_TurnViolent,ReportProperties.Title,改革集会が暴力沙汰に
ReportData,0x010000B8000083ED,Turn08_ReformMovementRally_Radical_TurnViolent,ReportProperties.Description,"ポルテ・ドラゾンの中央広場には何千人もの人々が集まり、改革集会を違法とする王政の決定に抗議した。集会ではリジア人民党やいくつかの革命運動の旗が掲げられ、リジア民衆に反対するスローガンが叫ばれた。

警察が現場に到着し、群衆を解散させるため力を行使したことで抗議は暴力的なものへと変わった。警察の措置により百人以上が逮捕され、その後の混乱の中で20人が重傷を負った。"
ReportData,0x010000B800008481,Turn08_ReformMovementRally_TurnViolent,ReportProperties.Title,マヌス・サゾンが主導した抗議行動、力によって鎮圧される
ReportData,0x010000B800008481,Turn08_ReformMovementRally_TurnViolent,ReportProperties.Description,"ポルテ・ドラゾンの中央広場には何千人もの人々が集まり、改革集会を違法とする王政の決定に抗議している。集会ではリジア人民党やその他RPPに属する団体の旗が掲げられ、マヌス・サゾンの改革呼びかけを支持するスローガンが響き渡った。

マヌス・サゾンが演説を行っている最中に警察が現場に到着し、抗議は暴力的なものへと変わり、群衆を解散させるために力を行使せざるを得なかった。この警察の措置により百人以上が逮捕され、その後の混乱の中で数人が重傷を負った。マヌス・サゾンは急いでその場を去る姿が見られた。"
ReportData,0x010000460001AC30,Turn08_Remus_Lead_NFP,ReportProperties.Title,レムスがNFPの指導者に選出される
ReportData,0x010000460001AC30,Turn08_Remus_Lead_NFP,ReportProperties.Description,今日行われた争いの多かったNFP党の指導者選挙において、レムス・ホルストロンがケサロ・キベナーの後任として新しい党首に選出された。党のより過激な民族主義的姿勢を持つホルストロンは、故キベナーよりもさらに極端な手段に訴える可能性が高い。
ReportData,0x010000740000619E,Turn08_Ribel_BFFOperation_Botched_Ersen,ReportProperties.Title,BFF大作戦、失敗に終わる：ゼハレン事件
ReportData,0x010000740000619E,Turn08_Ribel_BFFOperation_Botched_Ersen,ReportProperties.Description,"内務省からの報告によると、エルセン総督の干渉やベルギアの治安部隊による積極的な妨害により、ブルディア自由戦線（BFF）に対する我々の作戦は大きな挫折を招いた。

入念に計画された襲撃は物流上の問題で大幅に遅れが生じ、その結果BFFの指導者たちは我々の到着を事前に知らされ対策を講じることができた。そのため国境の町ゼハレンで激しい銃撃戦が発生し、一般市民に壊滅的な被害がもたらされた。悲劇的にも多くの無実の命が失われ、BFFの武装勢力による爆発で町は甚大な被害を受けた。

初期の調査では、アウラン・アルゲを含むBFFの指導者7名全員が、彼らと協力したブルディアの一般市民の助けを借りてルンブルクへ逃げ込んだと見られている。この協力関係は、このテロ組織への支援が拡大していることへの懸念を招いている。

さらに、エルセン総督の作戦に対する積極的な反対と政府への公然たる非難により状況は悪化し、ベルギア国内の不和と不満が高まっている。

「ゼハレン事件」による死者数は現在20人前後と推定されているが、まだ集計が続けられている。"
ReportData,0x01000074000061A3,Turn08_Ribel_BFFOperation_Botched_Governor,ReportProperties.Title,BFF大作戦、失敗に終わる：ゼハレン事件
ReportData,0x01000074000061A3,Turn08_Ribel_BFFOperation_Botched_Governor,ReportProperties.Description,"内務省からの報告によると、総督の干渉やベルギアの治安部隊が独自に行動したことにより、ブルディア自由戦線（BFF）に対する我々の作戦は大きな挫折を迎えている。

入念に計画された襲撃は物流上の問題で大幅に遅れが生じ、その結果BFFの指導者たちは我々の到着を事前に知らされ対策を講じることができた。そのため国境の町ゼハレンで激しい銃撃戦が発生し、一般市民に壊滅的な被害がもたらされた。悲劇的にも多くの無実の命が失われ、BFFの武装勢力による爆発で町は甚大な被害を受けている。

初期の調査では、アウラン・アルゲを含むBFFの指導者7名全員が、彼らと協力したブルディアの一般市民の助けを借りてルンブルクへ逃げ込むことに成功したと見られている。この協力関係は、このテロ組織への支援が拡大していることへの懸念を招いている。

さらに、総督の部隊も独自の作戦を開始し、多くの一般市民が死亡した。『ゼハレン事件』による死者数は現在20人前後と推定されているが、まだ集計が続けられている。"
ReportData,0x01000074000061B2,Turn08_Ribel_BFFOperation_Damaged,ReportProperties.Title,BFF大作戦の結果：7人の指導者のうち4人が排除された
ReportData,0x01000074000061B2,Turn08_Ribel_BFFOperation_Damaged,ReportProperties.Description,"高度に連携された作戦のもと、治安部隊はブルディア自由戦線（BFF）に対する精密な襲撃を成功裏に実行し、7人いたテロリスト指導者のうち4人を排除した。この作戦では入念な包囲・急襲戦略が用いられ、特定された脅威の大部分が無力化された。

排除された4人の指導者は全員、戦死と確認されており、これによりBFFの作戦能力に大きな打撃が与えられた。しかし、この作戦が成功したにもかかわらず、アウラン・アルゲを含む残りの3人の指導者が捕獲を逃れたことは遺憾なことである。情報によれば、彼らは山岳地帯に避難し、ルンブルク方面へ向かっている可能性がある。"
ReportData,0x01000074000061AD,Turn08_Ribel_BFFOperation_Failure,ReportProperties.Title,BFF大作戦、失敗に終わる
ReportData,0x01000074000061AD,Turn08_Ribel_BFFOperation_Failure,ReportProperties.Description,"内務省からの報告によると、予期せぬ状況と治安力の不足が原因で、ブルディア自由戦線（BFF）に対する作戦は大幅な遅延を招き、最終的に失敗に終わった。当初の襲撃は物流上の問題によって妨げられ、その結果テロ組織の指導者たちが我々の計画を知る機会を得て逮捕を逃れた。

報告書では作戦の詳細が明らかにされており、その過程で複数のテロリストが制圧されたことも記載されている。しかし、指定された場所には標的となった指導者は一人もいなかった。アウラン・アルゲを含む7人全員が周囲の山岳地帯の地形に詳しいことを利用してルンブルクへ逃げ込んだと強く疑われている。

国境警備隊には通知が行われた。"
ReportData,0x01000074000061A8,Turn08_Ribel_BFFOperation_Success,ReportProperties.Title,BFF大作戦、大成功を収めて終了
ReportData,0x01000074000061A8,Turn08_Ribel_BFFOperation_Success,ReportProperties.Description,"高度に連携した作戦のもと、治安部隊はブルディア自由戦線（BFF）に対する精密な襲撃を成功裏に実行し、7人いたテロリスト指導者のうち4人を排除し、残りの3人――その中に最優先目標であるアウラン・アルゲも含まれていた――を逮捕した。

作戦報告によると、当初はアウラン・アルゲを含む3人の指導者が直後の混乱の中で逃走することに成功したが、国際的なパートナーとの緊密な協力によって彼らの後の逮捕が可能となった。共同の努力と共有された情報により、残りの全指導者も無事拘束され、今後の活動から排除されることになった。

この作戦はソードランドのテロ対策において重要な節目となり、同共和国の歴史においてBFFを標的とした中で最も規模が大きく、最も成功した作戦と見なすことができる。"
ReportData,0x0100007400006198,Turn08_Ribel_BFFOperation_TargetsDiscovered,ReportProperties.Title,新たな情報：BFF指導者たちの今後の会談
ReportData,0x0100007400006198,Turn08_Ribel_BFFOperation_TargetsDiscovered,ReportProperties.Description,"新たな情報収集ルートにより、治安部隊はリベル郊外で開催される予定のブルディア自由戦線（BFF）の残存指導者たちの秘密会合に関する極めて重要な情報を入手し、大きな進展があったと報告している。今後数週間以内に行われる予定のこの会合は、これらの人物がもたらす潜在的な脅威から当局を不安にさせている。

地域の安全確保のため治安部隊が懸命に取り組む中、BFFの指導者全員を一度の作戦で排除する大規模な作戦の準備が現在進行中である。この作戦は、BFFのネットワークを解体し、その指導部を無力化する上で重要な一歩となる。

収集された情報により、会合の場所や時期について貴重な洞察が得られ、治安部隊は協調的かつ効果的な作戦を計画することが可能になった。当局は、今後の暴力行為を防ぎ、作戦中も市民を保護する決意であると述べている。"
ReportData,0x010000650000518F,Turn08_Rizia_CondemnsLespiaAlliance,ReportProperties.Title,リジア、ソードランド・レスピア同盟に不満を示す
ReportData,0x010000650000518F,Turn08_Rizia_CondemnsLespiaAlliance,ReportProperties.Description,"最近の声明において、ロムス王はソードランドがレスピアと結んだ同盟を非難し、レスピアの行動やアルカシア条約機構への加盟が地域の安定に与える可能性のある影響について懸念を示した。同王はソードランドに対しその戦略的決定を見直すよう呼びかけ、地域内で均衡の取れた力関係を維持する重要性を強調した。

国王の演説では、超大国間の同盟から離れて地域の独立を促進することの重要性が強調された。"
ReportData,0x010000B800008441,Turn08_RPPEmergencyGathering_LeadershipCrisis,ReportProperties.Title,RPP、新指導者選出のため緊急会議を開催
ReportData,0x010000B800008441,Turn08_RPPEmergencyGathering_LeadershipCrisis,ReportProperties.Description,"昨日の夕方、リジア人民党は緊急会合を開き、空席となった党首の選出について協議した。我々の情報筋によれば、成功した実業家ルネ・ガスパルド、サゾンの元補佐官ホルダ氏、RPP急進派の指導者アダルフォ・ソテラートなど、党の有力者数名が党首の座を争っていた。6時間に及ぶ会合の後、党の報道官らが公式発表を行い、アダルフォ・ソテラートをRPPの党首に任命したと明らかにした。

新党首の任命は、RPPと王室にとって多くの疑問を投げかけている。危険な急進派となりうる人物と見られているうえ、候補者の中では最も無名で、これまで目立った支持基盤もなく、前党首とは違って、どの貴族家とも資金面や血縁のつながりを持たない。

政治評論家たちは、人脈のなさによって党の財政は弱まる可能性が高く、その急進主義はマヌス・サゾンの時代に党が得た大衆の人気を損ないかねないと論じている。これによってRPPがはるかに強力な野党となり、民衆を急進化させうると主張する者がいる一方、党はすでに一体性を失っており、急速に凋落するだろうと予想する者もいる。"
ReportData,0x010000B800008458,Turn08_RPPLeftWingFactionChallengesManus_LeadershipCrisis,ReportProperties.Title,RPPの急進派がマヌス・サゾンの指導権に異議を唱える
ReportData,0x010000B800008458,Turn08_RPPLeftWingFactionChallengesManus_LeadershipCrisis,ReportProperties.Description,"リジア人民党（RPP）内の内部対立は、同党の過激派がマヌス・サゾンの指導力に公然と異議を唱えるようになったことでさらに激化している。この派閥の指導者たちは、サゾンが王室や既存秩序との協力を主張することで党の基本原則を損なっていると非難している。

この不和は、最近行われた同党の非公開会合では特に明らかになり、著名な過激派たちがより対立的な姿勢を取るよう主張し、貴族階級の権威に直接挑戦したり、即時の経済改革を要求したりする動きを見せた。

政治分析家らは、現在の状況への国民の不満が高まる中、この内部的分裂がRPPが支持基盤を結集し、国内議論において主導権を維持する能力を弱体化させる可能性があると警告している。"
ReportData,0x010000A100003A87,Turn08_Rumburg_BeatriceDistanceWeddingCongratulations,ReportProperties.Title,ビアトリス女王、祝意を表す
ReportData,0x010000A100003A87,Turn08_Rumburg_BeatriceDistanceWeddingCongratulations,ReportProperties.Description,ベアトリス・リヴィングストン女王閣下は、無事に行われた王室の結婚式を祝し、これがリジアの将来にとって重要な前進であると我が家に祝福の言葉を述べられた。また、残念ながら他の用務で忙しく、式典に出席できなかったことを謝罪された。
ReportData,0x0100009000000089,Turn08_Rumburg_BFFMilitantsCaptured,ReportProperties.Title,ルンブルク、国境付近で逃亡したBFF指導者を捕獲
ReportData,0x0100009000000089,Turn08_Rumburg_BFFMilitantsCaptured,ReportProperties.Description,ルンブルクの治安部隊は、ソードランドとの国境付近でアウラン・アルゲを含む、逃亡していたブルディア自由戦線の指導者や隊長数名を無事逮捕した。ソードランドの引き渡し要請を受けて、この王国はその3人の指導者全員をソードランド領内に移送した。今回の逮捕は、地域の安全保障に脅威となっていたBFFに対する大きな勝利を意味している。
ReportData,0x01000074000061EC,Turn08_Rumburg_BludishHumanitarianCrisis,ReportProperties.Title,ルンブルク、ブルディアの人道危機に懸念を表明
ReportData,0x01000074000061EC,Turn08_Rumburg_BludishHumanitarianCrisis,ReportProperties.Description,ベアトリス・リヴィングストン女王は、最近行われたブルディア自由戦線に対する作戦の後、ソードランドとルンブルクの国境地域におけるブルディア人々を巻き込んだ深刻化する人道危機について深い懸念を示している。女王はこの状況を非難すると同時に、ブルディア人々への支援を約束し、危機緩和のための国際的な対応を呼びかけている。
ReportData,0x010000460001B6B7,Turn08_Rumburg_DemandsReparations,ReportProperties.Title,女王、15日間の戦争に対する賠償を要求
ReportData,0x010000460001B6B7,Turn08_Rumburg_DemandsReparations,ReportProperties.Description,"ベアトリス・リヴィングストン女王は、15日間戦争の際に起きたいわゆる「過去の残虐行為」に対する賠償支払いを要求している。ルンブルクは、両国間に平和の道が開かれるためには過去の悪事の代償を払わなければならないと主張している。

外務省は現状を分析し、対応策を検討中である。"
ReportData,0x010000C100000013,Turn08_Sallabes_FashionHouse,ReportProperties.Title,サラベスに新しいファッションハウスがオープン
ReportData,0x010000C100000013,Turn08_Sallabes_FashionHouse,ReportProperties.Description,"サラベスに新しいファッションブランドである「カウントレス・カラーズ」が最近オープンし、地元の繊維業界や小売業界に活気をもたらしている。この店舗は、繊維製造、デザイン、販売などさまざまな職種にわたって雇用機会を創出している。

業界の観察家は、このブティックの存在が同都市がファッションの中心地としての評判を高めるのに寄与する可能性があると指摘している。"
ReportData,0x010000A300000907,Turn08_Sallabes_NewBusinessCollapse,ReportProperties.Title,サラベス、零細企業の減少を見込む
ReportData,0x010000A300000907,Turn08_Sallabes_NewBusinessCollapse,ReportProperties.Description,サラベスでは憂慮すべき動向が見られ、ここ数ヶ月で街中の多くの小規模店舗が閉店しており、その結果都市全体で失業率が上昇し消費も減少している。
ReportData,0x010000A100003346,Turn08_Sordland_Decision_WineExportsQuadruple,ReportProperties.Title,ソードランドで初のリジアワイン祭が開催される
ReportData,0x010000A100003346,Turn08_Sordland_Decision_WineExportsQuadruple,ReportProperties.Description,ソードランド共和国内で我々の名高いワインがますます多く供給されることを祝し、リジア産ワインに捧げられた初の祭りがラハベンで開催される。不満を抱えている人物の一人が、地元のブルディア人ワイン醸造家であるリベリーのジラルトであり、我々のワインがその地位を占めるにつれて自分の製品が大幅に見劣りし、注目から外れていく状況を目の当たりにしている。
ReportData,0x010000460001AC84,Turn08_SSP_Investigated_NFP,ReportProperties.Title,NFP調査報告書
ReportData,0x010000460001AC84,Turn08_SSP_Investigated_NFP,ReportProperties.Description,特別高等警察は国民戦線党に対する捜査を続けている。すでにいくつかの手がかりが見つかり、党の高位幹部たちがベルナルド・シルカス暗殺事件と関与していることが明らかになっている。これらについては適切に追及が行われるだろう。
ReportData,0x010000460001AC88,Turn08_SSP_Investigated_OldGuard,ReportProperties.Title,守旧派に関する調査報告書
ReportData,0x010000460001AC88,Turn08_SSP_Investigated_OldGuard,ReportProperties.Description,特別高等警察は依然として守旧派に対する捜査を続けている。これまでにいくつかの手がかりが見つかり、下位レベルの汚職事件数件や、党の高官たちがベルナルド・シルカス暗殺事件と関与している可能性が浮上している。これらについては適切に追及が行われるだろう。
ReportData,0x010000460001AC8C,Turn08_SSP_Investigated_Oligarchs,ReportProperties.Title,ロザーバーグ・グループに関する調査報告書
ReportData,0x010000460001AC8C,Turn08_SSP_Investigated_Oligarchs,ReportProperties.Description,特別高等警察は財閥たちに対する捜査を続けている。すでにいくつかの手がかりが見つかり、ウォルター・タスクとマルセル・コロンティが武器密輸やマネーロンダリングを含む違法行為に関与していたことが明らかになった。これらについては適切に追及が進められるだろう。
ReportData,0x010000460001AC80,Turn08_SSP_Investigated_PFJP,ReportProperties.Title,PFJPに関する調査報告書
ReportData,0x010000460001AC80,Turn08_SSP_Investigated_PFJP,ReportProperties.Description,特別高等警察は人民自由正義党に対する捜査を続けている。現時点では同党の高位幹部たちに関する具体的な証拠は見つかっていないが、下位の役職者の中にはまだ完全には明らかにされていない財閥との繋がりを持つ者がいる可能性がある。
ReportData,0x010000460001AC2C,Turn08_Suheil_Lead_PFJP,ReportProperties.Title,スハイルがPFJPの指導者に選出される
ReportData,0x010000460001AC2C,Turn08_Suheil_Lead_PFJP,ReportProperties.Description,今日行われた激しいPFJP党指導部選挙において、マノリー・スハイルがフレンス・リクターの後任として新たな党首に選出された。党の新たな顔となったスハイルは、改革派の幅広い連合を結束させ続けるなど、今後多くの課題に直面することになる。
ReportData,0x01000052000655A9,Turn08_Topes_NewBusinessReductionCollapse,ReportProperties.Title,トペス、不況の打撃を受ける
ReportData,0x01000052000655A9,Turn08_Topes_NewBusinessReductionCollapse,ReportProperties.Description,観光業で知られる沿岸の町トペスは、景気後退の影響で深刻な被害を受けている。観光客が引き続きこの街を訪れてはいるものの、小規模事業所が大幅に減少しており、特に貧しい地域では都市の一部が経済活動のない地域へと変わってしまう危険性がある。
ReportData,0x010000640000CDCC,Turn08_Valgen_AgriculturalIndustryGrows,ReportProperties.Title,ソードランド政府、ヴァルゲン農業の発展を後押し
ReportData,0x010000640000CDCC,Turn08_Valgen_AgriculturalIndustryGrows,ReportProperties.Description,ソードランド政府による大幅な投資が、ヴァルゲンとサルナにおける農業分野の大規模な拡大を推進している。この国内資金の増加により、近代的な農業技術や機器の導入が容易になり、生産能力が大幅に向上している。この支援は、これら地域の経済成長を促進するだけでなく、ソードランドの食料安全保障と自給自足力も強化している。
ReportData,0x0100008E00000428,Turn08_Valgen_GruniBergiaSynergy,ReportProperties.Title,グルニとベルギアの間の強力な経済的連携
ReportData,0x0100008E00000428,Turn08_Valgen_GruniBergiaSynergy,ReportProperties.Description,グルニとベルギアの地域間で高い水準の経済的シナジーが見られている。一連の戦略的投資と増加した経済的交流により、この連携が促進されたのである。このシナジーは両地域の経済を強化するだけでなく、長期的な成長潜在力と安定性ももたらすものである。
ReportData,0x0100008E00000418,Turn08_Valgen_SecondAid_AgriculturalIndustryGrows,ReportProperties.Title,コンタナ連邦、ヴァルゲンの農業産業の発展を後押し
ReportData,0x0100008E00000418,Turn08_Valgen_SecondAid_AgriculturalIndustryGrows,ReportProperties.Description,ヴァルゲンの農業産業は著しい拡大を遂げており、コンタナ連邦党からの大量投資によって大きく後押しされている。この外国資本が農業の慣行や技術の発展を促進し、生産能力の向上につながっている。こうした支援は地域経済を強化するだけでなく、ソードランドの食料安全保障体制においてヴァルゲンが重要な役割を果たす存在としての地位を高めることにもつながっている。
ReportData,0x010000460001B6BB,Turn08_Valgsland_Sanctions_Ally_Lespia,ReportProperties.Title,ヴァルグスランドへの制裁
ReportData,0x010000460001B6BB,Turn08_Valgsland_Sanctions_Ally_Lespia,ReportProperties.Description,"ヴァルグスランドは我々に対して一連の貿易制裁を発表し、特定の商品に対する輸入税を最大30パーセント引き上げるとともに、軍事兵器の販売や医療支援、その他両国間の経済協力を中止することにした。

これらの制裁は、レスピアと締結された同盟への直接的な反応として行われたものである。"
ReportData,0x010000460001AC14,Turn08_Vesord_Harasses_Sordish_Ships,ReportProperties.Title,ヴァルグスランド、ソードランドの船舶を嫌がらせる
ReportData,0x010000460001AC14,Turn08_Vesord_Harasses_Sordish_Ships,ReportProperties.Description,"今週、ヴァルグスランド海軍の艦船が12隻ものソードランドの貨物船を同国の航路から追い出し、その結果海洋安全機関は航行ルートを変更せざるを得なくなった。コンタナ連邦およびアルカシアへ向かう新たなルートは距離が2倍になるものの、ヴァルグスランド海軍との衝突の危険を避けることができる。

ソードランドの海軍提督は、衝突のリスクが高いためヴァルグスランドの行動は無謀であり民間人の命に潜在的な危険をもたらすと非難した。同提督は海洋境界を守るため数隻のフリゲートを派遣した。"
ReportData,0x0100006500005A9F,Turn08_Vesord_RadicalJournalistDead,ReportProperties.Title,取材先へ向かう途中で過激派ジャーナリストが殺害される
ReportData,0x0100006500005A9F,Turn08_Vesord_RadicalJournalistDead,ReportProperties.Description,"ヴェソードで起きた壊滅的な事件がジャーナリズム界を揺るがしている。『ラディカル』紙の記者が、国民教育隊の影響力のある創設者でありタルキン・ソルの既知の同盟者でもあるロバル・レマンへの取材に向かう途中で殺害されたのだ。この出来事は街中に衝撃を広げ、現在徹底的な調査が行われている。

この犯行の背後にある動機と、報道の自由に与える可能性のある影響は、依然として深刻な懸念事項である。"
ReportData,0x010000460001AC4C,Turn08_Violent_Unrest_Benfi,ReportProperties.Title,ベンフィで暴力的な抗議行動が発生
ReportData,0x010000460001AC4C,Turn08_Violent_Unrest_Benfi,ReportProperties.Description,ベンフィでは、爆弾の疑いで抗議者がピケット用看板に点滅する電気装置を取り付けていたとして治安部隊によって殺害されたことをきっかけに抗議行動が暴力的なものへと変わった。調査の結果、それは単なる点滅ライトであることが判明した。事件後、抗議者たちは警察を取り囲み、6人の警官が負傷した。その後、警察に向けて石が投げつけられ、催涙ガスが使用された。状況はますます悪化している。
ReportData,0x010000460001AC58,Turn08_Violent_Unrest_DeyrBron,ReportProperties.Title,ベルギア総督フェリクス・ブロンがBFFに誘拐される
ReportData,0x010000460001AC58,Turn08_Violent_Unrest_DeyrBron,ReportProperties.Description,BFFは攻撃を企て、デイルにある総督官邸を襲撃し、警備員4名を殺害した。ベルギア総督であるフェリクス・ブロンが誘拐された。現在のところ身代金の要求や要求書は届いていない。これは長年にわたりBFFが標的にしようとした中で最も高位の政府関係者である。ベルギア警察全体が現在警戒レベルを最高度に引き上げている。総督の行方を突き止めるため、通信が傍受されている。
ReportData,0x010000650000BD8F,Turn08_Violent_Unrest_DeyrKrull,ReportProperties.Title,ベルギア総督ヘルベルト・クルルがBFFに誘拐される
ReportData,0x010000650000BD8F,Turn08_Violent_Unrest_DeyrKrull,ReportProperties.Description,BFFは攻撃を企て、デイルにある総督官邸を襲撃し、警備員4名を殺害した。ベルギア総督であるヘルベルト・クルルが誘拐された。現在のところ身代金の要求や要求書は届いていない。これは長年にわたりBFFが標的にしようとした中で最も高位の政府関係者である。ベルギア警察全体が現在警戒レベルを最高度に引き上げている。総督の行方を突き止めるため、通信が監視されている。
ReportData,0x010000460001AC50,Turn08_Violent_Unrest_Morna,ReportProperties.Title,抗議活動中に男が発砲
ReportData,0x010000460001AC50,Turn08_Violent_Unrest_Morna,ReportProperties.Description,モルナで始まった抗議活動の最中、銃撃犯がKA-74を持って集まった群衆に向けて無差別に発砲した。その攻撃者は現場で死亡した。死者数は現在54人に上り、さらに増加している。攻撃者はベーグルスタンドの下に武器を隠していたことが判明している。犯行動機は依然として不明で、どのテロ組織も責任を主張していない。
ReportData,0x010000460001AC54,Turn08_Violent_Unrest_Narbel,ReportProperties.Title,警察への刃物攻撃で6人死亡、14人負傷
ReportData,0x010000460001AC54,Turn08_Violent_Unrest_Narbel,ReportProperties.Description,昨夜、ますます激しくなる抗議活動を鎮圧するために警察がナルベルに派遣された。群衆との衝突の際、警察官6名が刺殺され、14名が負傷した。犯人は10代の少年3人組で、その後逃走した。現在、市全域で捜索が行われている。ナルベルの追加援軍要請は受け入れられた。
ReportData,0x0100006500000D53,Turn08_Wehlen_BFFActivityStrengthened,ReportProperties.Title,ヴェーレン、BFFの活動活発化を報告
ReportData,0x0100006500000D53,Turn08_Wehlen_BFFActivityStrengthened,ReportProperties.Description,ソードランドの軍事作戦が終わった後、ヴィクトル・スモラク大統領はヴェーレン国内においてブルディア自由戦線の活動が大幅に活発化していると報告した。BFFがこの状況を利用することで不安定さが高まり、共和国は対処に苦しんでいる。スモラク大統領は暴力の激化を食い止めるため、緊急の地域協力を呼びかけている。
ReportData,0x0100009000000081,Turn08_Wehlen_BFFMilitantsCaptured,ReportProperties.Title,ヴェーレンで脱走したBFF指導者たちが逮捕される
ReportData,0x0100009000000081,Turn08_Wehlen_BFFMilitantsCaptured,ReportProperties.Description,ヴェーレンの治安部隊は、アウラン・アルゲを含む3人の脱走したブルディア自由戦線の指導者たちと2人の大尉が北側のヴェーレンからルンブルクへ渡る直前に彼らを捕獲した。ヴェーレンの治安要員によるこの迅速な行動により、BFFによる長期にわたる抵抗活動は防がれた。ヴェーレンは要請を待つことなく直ちに捕虜たちを移送した。
ReportData,0x01000074000061E5,Turn08_Wehlen_BFFRemnantsHung,ReportProperties.Title,ヴェーレン、捕獲されたBFF残党を処刑
ReportData,0x01000074000061E5,Turn08_Wehlen_BFFRemnantsHung,ReportProperties.Description,ヴィクトル・スモラク大統領の政権は、ソードランドによる軍事作戦の後にヴェーレンへ逃れたブルディア自由戦線の残党が捕獲されて処刑されたことについてプレスリリースを出した。この措置は国際的な非難を招き、人権や政治的自由に関するヴェーレンの問題の多い実態にさらなる注目が集まっている。
ReportData,0x010000A1000029B3,Turn08_Zille_ATAOrganiseBoycott,ReportProperties.Title,ATA、文化的・物的ボイコットを呼びかける
ReportData,0x010000A1000029B3,Turn08_Zille_ATAOrganiseBoycott,ReportProperties.Description,アリアナ・トラス協会は、その地域が本来のリジアに返還されるまで、ジル地方産の商品や文化製品の国際的なボイコットを呼びかけている。このような呼びかけは、ナンタ郊外の海辺の屋敷に住む、注目を集めるメルコパ巡業を行うヴェゼク出身の芸術家マルツェル・イノヴィッツの訪問が控えている中で出されたものだ。
ReportData,0x010000A1000029D1,Turn08_Zille_IntelligenceHubActivated,ReportProperties.Title,秘密組織が活動を開始
ReportData,0x010000A1000029D1,Turn08_Zille_IntelligenceHubActivated,ReportProperties.Description,ジルで活動している我々の工作員たちは、マーヴェ・ノルトゥスにある本部からの信号を受け取って作戦を開始した。今後数週間のうちに、これらのエージェントは住民の間に混乱と不満を広め、重要な軍事インフラを標的にし、この地域が再びリジア本土に戻るための準備を進めるだろう。
ReportData,0x010000A100003DB4,Turn_08_Zille_ReferendumPreparationsStart,ReportProperties.Title,ジル、国民投票の準備を進める
ReportData,0x010000A100003DB4,Turn_08_Zille_ReferendumPreparationsStart,ReportProperties.Description,ヴェゼク当局は、物議を醸している今後予定されているジル国民投票のための投票所設置を開始した。すでに、この地域でヴェゼクが大規模な宣伝活動を行い、我々の王国との統合に反対するよう住民の意見を誘導しようとしているという報告が出ている。
ReportData,0x010000A1000029C7,Turn08_Zille_SOOfficialAssassination,ReportProperties.Title,ジル副市長、昼間に銃撃される
ReportData,0x010000A1000029C7,Turn08_Zille_SOOfficialAssassination,ReportProperties.Description,今日早くに、ジル市の副市長が職場へ向かう途中で暗殺された。2人の銃撃犯が走行中の車両から発砲し、彼を弾丸の雨に見舞った。スー・オミナによって実行されたと思われるこの攻撃は、ウェヘツェク政権をさらに不安定化させることになるだろう。
ReportData,0x010000B8000083F3,Turn09_AdarfoArrested,ReportProperties.Title,アダルフォ・ソテラートが投獄される
ReportData,0x010000B8000083F3,Turn09_AdarfoArrested,ReportProperties.Description,"国王の命令に従い、アダルフォ・ソテラートはポルテ・ドラゾンにある王宮で即座に拘束された。現在彼はポルテ・ドラゾン拘置施設内の厳重な監視下に置かれ、今後の手続きを待っている。

この逮捕に対する最初の反応は迅速だった。リジア人民党の要人たちは、この措置を言論の自由への攻撃だと非難している。すでに複数の地区で小規模な抗議行動が起こり、ソテラートの即時釈放を要求している。

一部の地方知事は国家統一の必要性を強調し、この決定を迅速に支持する姿勢を示した一方、他の者たちは国の緊張状態を悪化させないよう慎重な対応を呼びかけている。治安部隊はリジアの主要都市で警戒を強化し、何らかの騒動の兆候に即座に対応する準備をしている。"
ReportData,0x010000B8000083FF,Turn09_AdarfoMurder,ReportProperties.Title,アダルフォ・ソテラート、アンタセア海で暗殺される
ReportData,0x010000B8000083FF,Turn09_AdarfoMurder,ReportProperties.Description,"アダルフォ・ソテラートは、レスピアとキルートの間に位置する国際水域を航行中の商船「ゴールデン・ダスク」の上で暗殺された。彼は大陸間労働者会議に出席した後、ガルムランドからモンキズの港湾都市へ向かう途中だった。

攻撃は真夜中頃、ゴールデン・ダスクがキルート近海の国際水域で正体不明の船舶に突然襲われた時に起こった。生存者の証言によると、犯人たちは高度な軍事技術を装備していた。目撃者が見たことのない戦術用装備を身につけた武装した工作員たちが煙幕の隠れみののもと船に乗り込み、ソテラートを処刑した後、すんなりと撤退した。

いかなるグループも犯行声明を出していないが、そのプロフェッショナリズムと高度な技術装備からは外国の関与が示唆されており、アルカシアの民間請負業者やコンタナの秘密警察との関連が考えられる。ゴールデン・ダスクはその後モンキズに停泊し、現地当局がこの事件について徹底的な調査を行っている。"
ReportData,0x010000460001B6C3,Turn09_Agnolia_Sordland_SignalsStanding,ReportProperties.Title,アグノリア、ソードランドとの連携を示す
ReportData,0x010000460001B6C3,Turn09_Agnolia_Sordland_SignalsStanding,ReportProperties.Description,ファン・ホールテン首相は声明の中で、アグノリアがソードランドと共にヴァルグスランドによる嫌がらせ行為に立ち向かうと述べた。同首相はマルキア海を支配しようとするヘーゲル書記長を非難し、戦争の可能性について我々に警告した。
ReportData,0x010000460001ADDC,Turn09_Anrica_BFFUnrest_CultureBomb,ReportProperties.Title,ソードランド人の文化機関銃攻撃
ReportData,0x010000460001ADDC,Turn09_Anrica_BFFUnrest_CultureBomb,ReportProperties.Description,"毎年開催されるソードランドの文化復興祭が、BFFの攻撃によって最新の被害を受け、祭典会場での機関銃襲撃の後71人が死亡した。警察は直ちに出動し、攻撃者5名を射殺したが、残りの8名はベルギア方面へ逃走した。現在、捜索・殲滅作戦が行われている。

負傷した190人の市民を救うため、救急車や緊急対応チームが派遣され、彼らはすぐに病院へ運ばれた。レステ市長はこの恐ろしい行為を非難し、国家に対して裏切り者を排除するため最大限の力を行使するよう呼びかけた。"
ReportData,0x010000650000670C,Turn09_Anrica_InvestmentSynergyHigh,ReportProperties.Title,大規模な投資による相乗効果が実現
ReportData,0x010000650000670C,Turn09_Anrica_InvestmentSynergyHigh,ReportProperties.Description,さまざまな分野における投資が高い相乗効果を発揮しており、目覚ましい経済成長をもたらしている。異なる方法で各分野に計画的に資本が投入された結果、大きな進展と生産性の向上が実現した。この効率的な資源配分が経済的成功を牽引し、将来の繁栄のための堅固な基盤を築いている。
ReportData,0x010000460001AEB0,Turn09_Antel_Amnesty,ReportProperties.Title,さらに数千人が恩赦により自由を得る
ReportData,0x010000460001AEB0,Turn09_Antel_Amnesty,ReportProperties.Description,タルキン・ソルの数千人もの政治的敵対者たちが、数十年ぶりにようやく故郷へ戻ってきている。恩赦の一環として、多くの有名な政治犯もアンテル・ロック刑務所から解放された。
ReportData,0x010000460001AD38,Turn09_Antel_BanRevoked_BFP,ReportProperties.Title,数千人に恩赦が与えられる
ReportData,0x010000460001AD38,Turn09_Antel_BanRevoked_BFP,ReportProperties.Description,"BFPに対する禁止措置の撤廃とそれに続く恩赦により、1930年代および40年代にブルディア自由戦線との関係で逮捕されていた約6千人が今回釈放された。

最高警戒レベルのアンテル・ロック刑務所に収監されていた72人の著名なブルディア系政治抗議活動家も同様に釈放された。"
ReportData,0x010000460001AEA4,Turn09_Antel_CapitalPunishment,ReportProperties.Title,死刑により319人の命が奪われる
ReportData,0x010000460001AEA4,Turn09_Antel_CapitalPunishment,ReportProperties.Description,新たな法律が施行されると、犯した罪により合計319人の囚人が射撃場へ送られた。さらに死刑が適用される90件の事件も審査待ちであり、間もなく処理される見込みだ。
ReportData,0x010000460001ADCC,Turn09_Arvory_SollDam_Explosion3,ReportProperties.Title,アグンランドの電力がベルギアの都市へ供給される
ReportData,0x010000460001ADCC,Turn09_Arvory_SollDam_Explosion3,ReportProperties.Description,"アルヴォリーのエリック・ニール市長は、ベルギア地方で続く危機を支援するため、市として全面的な協力を約束した。市長が最初に行った措置の一つは、アグンランド地方の電力消費量を削減し、ソードランド電力公社の協力を得て余剰電力をすべてベルギアへ送ることだった。

ダムの修復作業を支援するため、大規模なインフラ工学チームが派遣されている。エルザレンの市長は、ニール氏の行動に対して感謝の意を表した。"
ReportData,0x010000650000CF31,Turn09_ATO_CondemnsCSPCaleqabiz,ReportProperties.Title,カレカビズ基地のコンタナ条約機構所有に対する非難
ReportData,0x010000650000CF31,Turn09_ATO_CondemnsCSPCaleqabiz,ReportProperties.Description,"アルカシア条約機構は、コンタナ条約機構による最近のカレカビズ基地占領を強く非難する。この占領は地域の安定と国際法の原則に対する直接的な侮辱である。コンタナ条約機構がカレカビズに軍事力を展開した行為は、周辺地域の平和と安全に重大な脅威をもたらし、不必要に緊張を高めている。

アルカシア条約機構は、コンタナ条約機構の部隊を直ちにその島から撤退させるよう要求するとともに、このような紛争を解決するために外交的対話が不可欠であることを強調している。我々は、不当な侵略に直面しても平和を維持し、国際的規範を守り続ける決意でいる。"
ReportData,0x0100006500000E73,Turn09_ATO_DemandsYarktralisPassage,ReportProperties.Title,アルカシア条約機構、ヤークトラリス連合に輸送権の付与を要求
ReportData,0x0100006500000E73,Turn09_ATO_DemandsYarktralisPassage,ReportProperties.Description,"アルカシア条約機構は、南コンタナおよび南シーナを迂回する安全なルートを確保するため、ヤークトラリス連合に対し陸上・海上の通行権を正式に要請した。この要請では、同地域における途切れない輸送や通信を実現するための重要な接続点として、ヤークトラリスが持つ極めて高い地政学的重要性が強調された。

ヤークトラリス連合は、主権・領土保全・環境保護への配慮を理由にこの要請を拒否した。長老監督官のランギ・ウィラムツは、そのようなアクセス権を認めると国民の安全が危険にさらされ、連合が慎重に維持してきたバランスが崩れる可能性があると説明した。拒否にもかかわらず、ヤークトラリスはアルカシア条約機構との外交関係を維持している。"
ReportData,0x0100006500000DB3,Turn09_ATO_LongRangeBombers,ReportProperties.Title,初の長距離爆撃機配備：歴史的転換点
ReportData,0x0100006500000DB3,Turn09_ATO_LongRangeBombers,ReportProperties.Description,"アルカシア条約機構による最初の長距離爆撃機の開発および運用配備に関する発表は、同組織の軍事能力において重要な節目となった。高度なレーダー回避技術を搭載して設計されたこれらの最先端航空機により、アルカシア条約機構の攻撃範囲は西メルコパから東メルコパ、北シーナ、そして東アンラカン群島まで拡大した。この戦略的優位性は、アルカシア条約機構の強固な防御姿勢を示すだけでなく、同盟の航空戦力投射能力をより確固たるものにし、その高度な空中戦能力の証となっている。

さらに、これらの爆撃機の配備は潜在的な敵対勢力への抑止力として機能し、アルカシア条約機構が自国の集団的安全保障を脅かすあらゆる攻撃行為に対処する準備ができていることを示している。この取り組みは、同盟が影響下の地域における平和と安定を維持するために尽力していることを国際社会に強く伝えるものである。"
ReportData,0x0100006500000E23,Turn09_ATO_WelcomesSordland,ReportProperties.Title,アルカシア条約機構、ソードランドの加盟により拡大
ReportData,0x0100006500000E23,Turn09_ATO_WelcomesSordland,ReportProperties.Description,"アルカシア条約機構は正式にソードランドとのパートナーシップを拡大し、これはメルコパ東端という戦略的地域におけるアルカシア条約機構の影響力を強化する重要な措置である。この東部方面への拡大により、アルカシア条約機構は同地域に対する支配を固め、レスピアと協力しながら強力な存在感を維持している。

ソードランドがアルカシア条約機構に加盟したことは同国にとって初の出来事であり、地域の地政学において大きな変化をもたらし、東メルコパにおけるアルカシア条約機構の影響力の急増を示している。ソードランドの加入により、アルカシア条約機構の加盟国はさらに増え続け、その総合力が高まり、共通の目標や課題に向けた協力が促進されている。"
ReportData,0x010000460001ACF0,Turn09_Benfi_InternationalAirportOpens,ReportProperties.Title,国際空港が開港
ReportData,0x010000460001ACF0,Turn09_Benfi_InternationalAirportOpens,ReportProperties.Description,ベンフィ国際空港が国際線の運航を開始した。ソードランド航空は現在、世界中の21か所へ就航しており、すでに最初の12名の長距離旅客を迎え入れた。この国は国際的な交通網が整っており、ベンフィ市長はこのプロジェクトを成功と見なしている。
ReportData,0x0100008E00000430,Turn09_Benfi_InvestmentSynergyHigh,ReportProperties.Title,大規模な投資による相乗効果が実現
ReportData,0x0100008E00000430,Turn09_Benfi_InvestmentSynergyHigh,ReportProperties.Description,さまざまな分野における投資が高い相乗効果を発揮しており、目覚ましい経済成長をもたらしている。異なる方法で各分野に計画的に資本が投入された結果、大きな進展と生産性の向上が実現した。この効率的な資源配分が経済的成功を牽引し、将来の繁栄のための堅固な基盤を築いている。
ReportData,0x0100008E00000440,Turn09_Benfi_InvestmentSynergyLow,ReportProperties.Title,投資による相乗効果の低下が報告された
ReportData,0x0100008E00000440,Turn09_Benfi_InvestmentSynergyLow,ReportProperties.Description,各分野における投資同士の連携は依然として限定的であり、方向性が一致せず調整も行われていない戦略が原因で最適でない結果や経済成長の遅延が生じている。この状況は、その潜在能力を十分に引き出すために、より統合的かつ戦略的な投資アプローチを採用する必要性を示している。
ReportData,0x0100008E00000438,Turn09_Benfi_InvestmentSynergyMedium,ReportProperties.Title,中規模投資における相乗効果が確認された
ReportData,0x0100008E00000438,Turn09_Benfi_InvestmentSynergyMedium,ReportProperties.Description,複数の産業分野において、適度な水準の投資シナジーが見られている。投資は全体的にうまく連携し、着実な経済発展に寄与している。一部の分野ではより良い調整が効果をもたらす可能性があるものの、全体として様々な投資間の良好な相乗効果が安定的な経済成長を支えている。
ReportData,0x010000460001AE38,Turn09_Benfi_PoliticalOrgs_YSAttacks,ReportProperties.Title,ソード青年団、ベンフィに攻撃を仕掛ける
ReportData,0x010000460001AE38,Turn09_Benfi_PoliticalOrgs_YSAttacks,ReportProperties.Description,禁止されているソード青年団のメンバーたちがベンフィで政府関係者の暗殺を始め、大規模なパニックと混乱を引き起こしている。警察部隊は暴徒の中に隠れているソード青年団の構成員と積極的に戦っており、銃撃戦の過程で不要な死傷者が出ている。また、ベンフィ市長の妹が誘拐され、脅迫された状態で拘束されているとの報告もある。
ReportData,0x010000460001AE04,Turn09_Benfi_Unrest_CulturalTheaterRebelHQ,ReportProperties.Title,反乱勢力が文化センターを占領し、本部を宣言
ReportData,0x010000460001AE04,Turn09_Benfi_Unrest_CulturalTheaterRebelHQ,ReportProperties.Description,"推定で6000人の反乱者が巨大なベンフィ文化センター群を占領し、そこを革命の本部と宣言した。センター付近で警察が人質救出を試みた混乱の中で数十人の民間人が負傷した。現在、多数の機動隊がセンターを取り囲んでいるものの、数の上で圧倒されている。

一方、約10000人からなる大規模な反乱者集団が港を占領し始めており、警察と民間人との間の衝突が続いている。"
ReportData,0x010000460001AD8C,Turn09_Benfi_Unrest_Peaceful_Police,ReportProperties.Title,ベンフィでの警察による報復行為
ReportData,0x010000460001AD8C,Turn09_Benfi_Unrest_Peaceful_Police,ReportProperties.Description,"ベンフィでの抗議活動中、6人の警察官が暴行を受けた。その地域を担当していた警察部隊は報復として発砲し、銃撃戦で一般市民も死亡した。死者数は38人に達し、負傷者は21人いる。

殺害に関与した職員らは、さらなる指示が出るまで停職処分となっている。"
ReportData,0x010000460001AD90,Turn09_Benfi_Unrest_Violent_Diplomatic,ReportProperties.Title,ベンフィでの警察による報復行為
ReportData,0x010000460001AD90,Turn09_Benfi_Unrest_Violent_Diplomatic,ReportProperties.Description,"ますます激しくなる抗議活動の最中、ベンフィで警察官6名が殺害された。その地域を担当していた警察部隊は反撃として発砲し、銃撃戦で一般市民も死亡した。死者数は38人に達し、負傷者は21人いる。

殺害に関与した職員らは、さらなる指示が出るまで停職処分となっている。"
ReportData,0x010000640000CDFC,Turn09_Borin_ExportsIncrease,ReportProperties.Title,リジア向け高級ワイン輸出増加
ReportData,0x010000640000CDFC,Turn09_Borin_ExportsIncrease,ReportProperties.Description,ボリンではリジア向けのワイン輸出が大幅に増加している。この地域で生産される高品質なワイン、特に有名なボリン種のブドウから作られたワインは、リジアで堅調な需要を見せている。このワイン輸出の拡大はボリンの経済に好影響を与えており、世界のワイン産業における重要なプレーヤーとしての地位をさらに強化している。
ReportData,0x010000650000599F,Turn09_Borin_GruniLorrenSynergy,ReportProperties.Title,グルニとローレンの間の強力な経済的連携
ReportData,0x010000650000599F,Turn09_Borin_GruniLorrenSynergy,ReportProperties.Description,グルニとローレンの地域間で高い水準の経済的シナジーが見られている。一連の戦略的投資と増加した経済的交流により、この連携が促進されたのである。このシナジーは両地域の経済を強化するだけでなく、長期的な成長潜在力と安定性ももたらすものである。
ReportData,0x010000A1000004D7,Turn09_Bronaz_AffordableHousingRally,ReportProperties.Title,収用運動、ブロナズを標的に
ReportData,0x010000A1000004D7,Turn09_Bronaz_AffordableHousingRally,ReportProperties.Description,ポルテ・ドラゾン出身の何千人もの住宅問題活動家たちが、大規模な地主収用を要求する集会に参加するためブロナズへ向かった。彼らは、住宅危機がポルテ・ドラゾンの市域をはるかに超えて拡大しており、他の都市でも対策を講じる必要があると主張している。
ReportData,0x010000CA0000196A,Turn09_Bronaz_Decision_RRGFuturePostNationalization_FullControl,ReportProperties.Title,王権により金鉱が確保される
ReportData,0x010000CA0000196A,Turn09_Bronaz_Decision_RRGFuturePostNationalization_FullControl,ReportProperties.Description,リジア王室金鉱の国有化に伴い、ブロナズの鉱業分野におけるすべての運営が王権の管理下に集約された。今や鉱山の入口には王冠の紋章が描かれた新しい旗が翻っており、リジアで最も価値の高い資産の一つが再び国家の手に戻ったことを象徴している。労働者たちの日常業務はほとんど変わっていない。
ReportData,0x010000A10000348F,Turn09_Bronaz_SordishPolioArrives_TrustInSystem,ReportProperties.Title,ブロナズ、ポリオの発生を報告
ReportData,0x010000A10000348F,Turn09_Bronaz_SordishPolioArrives_TrustInSystem,ReportProperties.Description,小さな町であるブロナズからもポリオの症例が報告されており、この流行がモンキズを越えて首都圏のさらに多くの農村地域にまで広がっているようだ。医療サービスのための資源不足のため、実際の流行の規模を正確に把握することは困難である。
ReportData,0x010000460001AD30,Turn09_Conriat_AidsElectionCampaign_HOS,ReportProperties.Title,HOS、選挙運動を支援
ReportData,0x010000460001AD30,Turn09_Conriat_AidsElectionCampaign_HOS,ReportProperties.Description,"ソードランドで最大の広告代理店であるマルセル・コロンティ率いるHOS広告社が、選挙運動を支援するため自発的に協力を申し出た。同社は選挙用資料の作成に関してコンサルティングやデザイン業務を提供する。

また、同代理店はテレビ向けの映像素材も制作し、これらはHOSメディアグループが所有するチャンネルで広範囲に放送される。さらに、選挙運動期間中はHOSリゾートもすべての党のイベントや会合に開放される。"
ReportData,0x010000460001ADD8,Turn09_Conriat_BFFUnrest_NavyShipSunk,ReportProperties.Title,海軍艦船が沈没
ReportData,0x010000460001ADD8,Turn09_Conriat_BFFUnrest_NavyShipSunk,ReportProperties.Description,"ソードランドの駆逐艦が高度なBFF爆弾攻撃によって破壊された。反乱軍が夜間に潜入し船のエンジンルームを爆破した後、自決する際に爆薬を起爆させ、それにより船体に大規模な破裂が生じ、コンリアト港で沈没した。

SNレナンは40年間で初めて失われたソードランドの艦艇である。ソードランド海軍基地周辺の警備が強化され、さらなる地下抵抗勢力を探すために都市全体が封鎖状態となった。"
ReportData,0x010000460001AEBC,Turn09_Conriat_CSPShips,ReportProperties.Title,コンタナ条約機構、新艦により海軍を近代化
ReportData,0x010000460001AEBC,Turn09_Conriat_CSPShips,ReportProperties.Description,"ソードランドの国防大臣であるヨセフ・ランチェア将軍の報告によれば、コンタナ条約機構から物資や新しい戦艦が届いているとのことだ。同将軍の報告によると、コンタナ条約機構は新種の弾薬や物資を我々に送ってきた。彼らが提供した高爆弾弾頭および徹甲弾頭を使用することで、海上・陸上における戦闘効率が50％向上する見込みだ。

さらに、コンタナ条約機構は我々の技術者たちに対し、戦艦の強化をさらに進めるよう指示している。船体の装甲帯の厚さは450ミリまで増加した。ヨセフ将軍は新たに改良された戦艦の1隻に「コンリアトの復讐」という名前を付けたが、これによりヴァルグスランド出身の技術者たちの中には不快感を抱く者もいた。"
ReportData,0x010000460001ACFC,Turn09_Conriat_IndustrialZoneOpens,ReportProperties.Title,工業地帯が開設される
ReportData,0x010000460001ACFC,Turn09_Conriat_IndustrialZoneOpens,ReportProperties.Description,コンリアト工業地帯が一般に開放された。多くの工場労働者たちが新たな雇用機会を得るために列を作って申請している。この開放によりコンリアトの工業生産量は40％増加する見込みだ。報告によれば、近隣都市からも工業労働者が移住してきており、雇用や投資の流入が生じている。
ReportData,0x01000065000059BF,Turn09_Conriat_InvestmentSynergyHigh,ReportProperties.Title,大規模な投資による相乗効果が実現
ReportData,0x01000065000059BF,Turn09_Conriat_InvestmentSynergyHigh,ReportProperties.Description,さまざまな分野における投資が高い相乗効果を発揮しており、目覚ましい経済成長をもたらしている。異なる方法で各分野に計画的に資本が投入された結果、大きな進展と生産性の向上が実現した。この効率的な資源配分が経済的成功を牽引し、将来の繁栄のための堅固な基盤を築いている。
ReportData,0x01000065000059CF,Turn09_Conriat_InvestmentSynergyLow,ReportProperties.Title,投資による相乗効果の低下が報告された
ReportData,0x01000065000059CF,Turn09_Conriat_InvestmentSynergyLow,ReportProperties.Description,各分野における投資同士の連携は依然として限定的であり、方向性が一致せず調整も行われていない戦略が原因で最適でない結果や経済成長の遅延が生じている。この状況は、その潜在能力を十分に引き出すために、より統合的かつ戦略的な投資アプローチを採用する必要性を示している。
ReportData,0x0100008E00000383,Turn09_Conriat_InvestmentSynergyMedium,ReportProperties.Title,中規模投資における相乗効果が確認された
ReportData,0x0100008E00000383,Turn09_Conriat_InvestmentSynergyMedium,ReportProperties.Description,複数の産業分野において、適度な水準の投資シナジーが見られている。投資は全体的にうまく連携し、着実な経済発展に寄与している。一部の分野ではより良い調整が効果をもたらす可能性があるものの、全体として様々な投資間の良好な相乗効果が安定的な経済成長を支えている。
ReportData,0x010000460001AEA8,Turn09_Conriat_PrivatePrisons,ReportProperties.Title,民間刑務所、収益を増加させる
ReportData,0x010000460001AEA8,Turn09_Conriat_PrivatePrisons,ReportProperties.Description,新たに運営が開始された民間刑務所のおかげで、多くの裕福な受刑者たちがそこへ移送されるよう要請している。これらの刑務所からは相当額の収益が得られる見込みだ。
ReportData,0x0100006500005A5F,Turn09_Conriat_SordishNavyDrill,ReportProperties.Title,地域の緊張が高まる中、ソードランド海軍は海上演習の準備を進めている
ReportData,0x0100006500005A5F,Turn09_Conriat_SordishNavyDrill,ReportProperties.Description,地域の軍事的緊張が高まる中、コンリアトという港湾都市に駐留するソードランド海軍は大規模な海上演習の準備を進めている。この計画された訓練は海軍部隊の戦闘準備態勢を鍛え上げ、ソードランドの軍事力を誇示することを目的としている。こうした積極的な措置は、地域の安定と国家安全保障を維持しようとするソードランドの決意を示している。
ReportData,0x010000460001AD78,Turn09_Conriat_Valgsland_NavySpoted,ReportProperties.Title,ヴァルグスランド海軍、ヘルジランドで大規模に目撃される
ReportData,0x010000460001AD78,Turn09_Conriat_Valgsland_NavySpoted,ReportProperties.Description,"情報報告によると、ヴァルグスランド海軍はヘルジランド周辺に全兵力を集結させ、その島を封鎖している。

報告書では、アグノリア軍とヴァルグスランド軍の間で暴力的な衝突が起こり得ると警告している。コンリアトにいるソードランド海軍も待機状態にある。"
ReportData,0x010000460001AE80,Turn09_Conriat_War_NavyReady,ReportProperties.Title,コンリアト海軍、戦争準備に取り組む
ReportData,0x010000460001AE80,Turn09_Conriat_War_NavyReady,ReportProperties.Description,"コンリアト海軍は海上作戦の準備を進めている。今この瞬間も燃料や弾薬の補給が輸送されている。

戦時になればコンリアト艦隊はアルヴォリーへ向かい、アグンランドからのルンブルクの侵略を防ぐ役割を担う。同艦隊はグレイ海峡とヴァルゴス水道の封鎖も任務とする。"
ReportData,0x010000B800008405,Turn09_CouncilSuspiciousofRPP_ReformStealth,ReportProperties.Title,代議院での怪しい活動
ReportData,0x010000B800008405,Turn09_CouncilSuspiciousofRPP_ReformStealth,ReportProperties.Description,"最近の情報報告によると、代議院の要人たちとリジア人民党（RPP）指導部の間に異例の連携が見られる。ポルテ・ドラゾンやリジアの各地域拠点で、しばしば深夜に非公開会合が開かれているとの報告がある。歴史的に対立する派閥に属していた代議員たちが機密討論に参加している姿も確認されており、秘密裏の同盟が形成されつつあるのではないかという懸念が高まっている。

別のルートで入手した文書には、内容や目的が不明な政策枠組みの策定が進められていることが示唆されている。さらに、RPPの代表者と一部の代議員たちの間で暗号化通信が増加しており、通常の諮問プロセスを無視している状況も確認されている。

リジア情報局は、君主制に対する協調的な動きや憲法改正の準備が進行中である可能性について警鐘を鳴らしている。関与者たちへの監視強化と立法案の厳格な審査が推奨されている。"
ReportData,0x010000650000CE9D,Turn09_CSP_CondemnsCaleqabizMilitarization,ReportProperties.Title,コンタナ条約機構、アルカシア条約機構によるカレカビズ島の軍事化を非難
ReportData,0x010000650000CE9D,Turn09_CSP_CondemnsCaleqabizMilitarization,ReportProperties.Description,"コンタナ条約機構は、レスピアが率いるアルカシア条約機構によるカレカビズ島の軍事化に断固として反対している。この動きは地域の微妙な力の均衡を崩し、平和的共存へ向けた取り組みを損なうものであり、極めて憂慮すべき事態である。アルカシア条約機構軍によるカレカビズ島への軍事施設建設は、コンタナ条約機構加盟国の安定と安全を脅かす明らかな攻撃的行為だ。

我々はこうした活動の即時停止を呼びかけ、すべての国家の主権と領土保全を尊重する形で安全保障上の懸念に対処するため、再び対話に戻るよう要求する。"
ReportData,0x0100006500000E13,Turn09_CSP_IntelligenceSharing,ReportProperties.Title,コンタナ条約機構、統合情報機関を設立
ReportData,0x0100006500000E13,Turn09_CSP_IntelligenceSharing,ReportProperties.Description,"集団安全保障における重要な節目となる動きとして、コンタナ条約機構は統合型統一情報ネットワーク（CUIN）の設立を発表した。この前例のないネットワークにより、コンタナ条約機構加盟国全ての情報収集能力が統合され、より高いレベルでの作戦上の連携が実現し、同盟諸国間の円滑な情報共有が可能となる。

CUINの設立は、変化しつつある安全保障上の課題に直面して統一戦線を維持するという同盟の決意を示している。加盟国間の透明性と協力を促進することで、CUINはコンタナ条約機構同盟の集団安全保障を危うくしかねない脅威に対し、強固で回復力のある抑止力となる。"
ReportData,0x0100006500000EB3,Turn09_CSP_MinorityRightsConvention,ReportProperties.Title,コンタナ条約機構、普遍的少数派権利条約を発表
ReportData,0x0100006500000EB3,Turn09_CSP_MinorityRightsConvention,ReportProperties.Description,"コンタナ条約機構は、加盟国内外の少数派集団の権利を保護するための取り組みとして普遍的少数派権利条約を発表した。この新しい枠組みは、同等の機会、社会正義、包摂性を基本原則として重視し、同連盟の人権課題を拡大するものである。

この条約は、社会的結束を危うくする台頭するナショナリスト運動に対処し、他国が同様の措置を採用するための模範となることを目的としている。こうした保護策を確立することで、すべての民族・文化・社会背景を持つ人々の貢献を重視し、多様で包摂的な社会を促進しようとしているのである。"
ReportData,0x0100006500000E93,Turn09_CSP_MorellaCandidacy,ReportProperties.Title,モレラ、初の快挙　南メルコパ諸国からの立候補
ReportData,0x0100006500000E93,Turn09_CSP_MorellaCandidacy,ReportProperties.Description,"南メルコパに位置する漸進的統治を行う国であるモレラ共和国は、コンタナ条約機構の加盟候補国として承認された。これは歴史的な瞬間であり、同条約機構が南メルコパの国を審査するのは初めてのことで、その地政学的影響範囲が大幅に拡大したことを示している。モレラの加盟申請は、アルカシア条約機構と連携するレスピアに対する戦略的均衡役割を果たし、地域の力のバランスにさらなる影響を与えるものと期待されている。

発表では、モレラの申請プロセスにおいて同国が条約機構の思想的・運用上の原則とどれだけ整合しているかが評価されると強調された。もし承認されれば、より強固な政治的・経済的結びつきが築かれ、南メルコパに対する同機構のビジョンが強化され、その枠組みの下で地域の集団的安定が促進される可能性がある。"
ReportData,0x0100006500000E1B,Turn09_CSP_WelcomesSordland,ReportProperties.Title,コンタナ条約機構、ソードランドの加盟を歓迎
ReportData,0x0100006500000E1B,Turn09_CSP_WelcomesSordland,ReportProperties.Description,"コンタナ条約機構同盟はソードランドの加入を誇らしく歓迎し、東部メルコパ地域における力の均衡に重要な変化がもたらされた。ソードランドの加わりにより同盟の影響範囲が拡大し、国際舞台においてその利益が適切に代表されることが保証される。

このパートナーシップはコンタナ条約機構が協力的な安全保障を重視する姿勢を強化し、加盟国の集団的決意を高める。同盟が拡大するにつれて、地域の地政学的状況を積極的な方向へ形作る能力も向上し、共通の戦略目標を達成する上での連帯と協力の強さが示されている。"
ReportData,0x010000A100003398,Turn09_Decision_NationalDestabilizationHODOne,ReportProperties.Title,数百万人が街頭に集結
ReportData,0x010000A100003398,Turn09_Decision_NationalDestabilizationHODOne,ReportProperties.Description,ポルテ・ドラゾンの街路は、我が国政府の政策に怒る抗議者たちで溢れかえっており、代議院の閉鎖が最後の引き金となった。要求内容は様々だったが、大多数にとって明らかなことが一つある——国王を退位させなければならないということだ。主催者側は参加者数が200万人以上だと主張しており、リジア・インペリイの警察もその数字に異議を唱えることができず、これらの抗議活動はリジア史上最大規模のものとなっている。
ReportData,0x010000650000521E,Turn09_Derdia_CursesATOJoin,ReportProperties.Title,デルディア、ソードランドのアルカシア条約機構加盟を非難
ReportData,0x010000650000521E,Turn09_Derdia_CursesATOJoin,ReportProperties.Description,最高賢者であるヨルガ・アズマルは、ソードランドが最近アルカシア条約機構に加盟したことを公然と非難した。宗教的な呪いや外交的圧力を駆使し、この同盟を東部メルコパの連帯への裏切り行為だと糾弾した。アズマルは、この同盟が緊張を悪化させ地域の均衡を乱す可能性があると指摘し、ソードランドに対してそのような同盟がもたらす精神的・政治的影響を真剣に考えるよう警告した。
ReportData,0x010000A1000035A3,Turn09_Derdia_Decision_NationalDestabilization_Violence,ReportProperties.Title,デルディア、我々の厳しい措置を非難
ReportData,0x010000A1000035A3,Turn09_Derdia_Decision_NationalDestabilization_Violence,ReportProperties.Description,デルディアの大賢者であるアズマルは、我々が抗議者たちに対して行った暴力的な鎮圧を非難している。
ReportData,0x010000A1000035AD,Turn09_Derdia_IntermerkopumAccept,ReportProperties.Title,デルディア、地域同盟交渉に参加へ
ReportData,0x010000A1000035AD,Turn09_Derdia_IntermerkopumAccept,ReportProperties.Description,最高賢者であるヨルガ・アズマルは、南メルコパ同盟に向けた交渉への参加要請を受け入れた。彼はポルテ・ドラゾンで開催される今回の円卓会議に出席する予定だ。
ReportData,0x01000052000547FA,Turn09_Derdia_IntermerkopumRefusal,ReportProperties.Title,デルディア、地域同盟交渉から撤退
ReportData,0x01000052000547FA,Turn09_Derdia_IntermerkopumRefusal,ReportProperties.Description,最高賢者であるヨルガ・アズマルは、デルディアとその周辺国との間に調和の取れない思想的相違があるとして、南メルコパ同盟に関する交渉への参加要請を拒否した。
ReportData,0x010000460001AD40,Turn09_Deyr_BanRevoked_BFP,ReportProperties.Title,ブルディア自由党、選挙運動を開始
ReportData,0x010000460001AD40,Turn09_Deyr_BanRevoked_BFP,ReportProperties.Description,"ブルディア自由党は合法化された直後に選挙戦に参入した。同党はラムゾー・コジャクを党の大統領候補とすると発表した。

彼らの最初の集会は明日、デイルで開催される予定だ。"
ReportData,0x010000460001AD18,Turn09_Deyr_BludishOpinion_High,ReportProperties.Title,ブルディア人の世論支持率が高い
ReportData,0x010000460001AD18,Turn09_Deyr_BludishOpinion_High,ReportProperties.Description,ソードランドの歴史において初めて、ブルディア人たちが現職大統領を支持する姿勢を示した。レイン大統領の最初の任期中の政策と行動のおかげで、デイルにおける大統領への好感度は非常に高い状態にある。来たる選挙でブルディア人の票を獲得することは、再選にとって極めて重要かもしれない。
ReportData,0x010000460001AD1C,Turn09_Deyr_BludishOpinion_Low,ReportProperties.Title,ブルディア人の世論は低下している
ReportData,0x010000460001AD1C,Turn09_Deyr_BludishOpinion_Low,ReportProperties.Description,デイルでは不安定な状況が広がっており、レイン大統領に対する支持率は過去最低水準にある。ブルディアの市民たちはソル大統領政権時代と同等の圧政に苦しめられている。デイルのブルディア系活動家たちはレイン大統領の辞任を要求しており、その要求が受け入れられなければ抗議行動が続く見込みだ。
ReportData,0x010000460001AD58,Turn09_Deyr_Campaign_WPB_Banned_BergiaOppressed,ReportProperties.Title,WPBの選挙運動が妨げられる
ReportData,0x010000460001AD58,Turn09_Deyr_Campaign_WPB_Banned_BergiaOppressed,ReportProperties.Description,ブルディア労働者党の選挙運動は妨げられており、その制約はデイルにあるベルギア特別区から来ている。この地域での権限の強化と国家任命の総督制度はブルディア人たちの間で物議を醸し、レイン大統領に対する抗議が起こった。ブルディア労働者党は参加型民主主義、労働組合、少数派の権利、平等主義を強く重視している。
ReportData,0x010000460001AD60,Turn09_Deyr_Campaign_WPB_BergiaOppressed,ReportProperties.Title,WPBの会員数が記録的に増加
ReportData,0x010000460001AD60,Turn09_Deyr_Campaign_WPB_BergiaOppressed,ReportProperties.Description,"ブルディア労働者党は、デイルに「ベルギア特別区」が設立されたことを受けて党員数が大幅に増加した。「ベルギア自治区」内での権限強化や国家任命の総督制度はブルディア人たちの間で物議を醸し、レイン大統領に対する抗議の声が上がった。  
ブルディア労働者党という政党は、参加型民主主義、労働組合、少数派の権利、平等主義を強く重視している。"
ReportData,0x010000460001AD5C,Turn09_Deyr_Campaign_WPB_BergiaOppressed_NOT,ReportProperties.Title,WPBの人気、急上昇
ReportData,0x010000460001AD5C,Turn09_Deyr_Campaign_WPB_BergiaOppressed_NOT,ReportProperties.Description,ブルディア労働者党は、デイルに「ベルギア特別区」が設立されたことを受けて党員数が大幅に増加している。地元議会の創設や自治権の拡大は、ブルディア人たちが長年にわたって実現させようと奮闘してきたことである。政治へのアクセスが容易になった今、党員数が増えるのは当然のことだ。ブルディア労働者党は参加型民主主義、労働組合、少数派の権利、平等主義を強く重視している。
ReportData,0x0100006500006704,Turn09_Deyr_InvestmentSynergyHigh,ReportProperties.Title,大規模な投資による相乗効果が実現
ReportData,0x0100006500006704,Turn09_Deyr_InvestmentSynergyHigh,ReportProperties.Description,さまざまな分野における投資が高い相乗効果を発揮しており、目覚ましい経済成長をもたらしている。異なる方法で各分野に計画的に資本が投入された結果、大きな進展と生産性の向上が実現した。この効率的な資源配分が経済的成功を牽引し、将来の繁栄のための堅固な基盤を築いている。
ReportData,0x010000460001AEA0,Turn09_Deyr_NuristsResist,ReportProperties.Title,ヌーリストたち、新規則に抵抗
ReportData,0x010000460001AEA0,Turn09_Deyr_NuristsResist,ReportProperties.Description,国内全体で宗教的象徴の撤去を進める中、デイルでは強い抵抗が見られており、特に大司祭がその決定を非難した後はさらに激しくなっている。市民が規則を守らない場合、地域警察が力ずくで市内のあらゆる宗教的象徴を撤去するつもりだ。
ReportData,0x010000460001AE44,Turn09_Deyr_PoliticalOrgs_RYAgainstProtests,ReportProperties.Title,赤旗青年団、他の抗議者らを解散させる
ReportData,0x010000460001AE44,Turn09_Deyr_PoliticalOrgs_RYAgainstProtests,ReportProperties.Description,"赤旗青年団のメンバーたちは大規模なデモ行進を組織し、ホルソードで抗議活動を抑制している。数回の衝突が発生したが、RYのメンバーは政府建物やその他の重要機関が占拠されるのを防いだ。政府地区は国家の保護を誓った数千人のメンバーによって完全に守られている。

誇りの丘に向かって進んでいた反対デモは、マレニエフ主義組織の数名が空へ銃を発射したことで阻止され、別方向に迂回させられた。近隣の警察部隊が直ちに出動し、RYのメンバーを解放する形で状況を収拾した。現在、ホルソードは安全な状態にある。"
ReportData,0x010000460001AE40,Turn09_Deyr_PoliticalOrgs_YSHelpsPolice,ReportProperties.Title,ソード青年団、警察の平和維持を支援
ReportData,0x010000460001AE40,Turn09_Deyr_PoliticalOrgs_YSHelpsPolice,ReportProperties.Description,"街頭の安全と秩序を維持しようと努める疲弊した警察部隊は、警察に情報を提供する何千人ものソード青年団支持者たちによって支援されている。巨大な情報網と民間人への変装を駆使して、ソード青年団はデイルで起きた大規模な暴動を抑え込む上で重要な役割を果たしている。

地元警察長官はソード青年団の支援的な行動に感謝の意を表した。治安分野の全員が、彼らの責任感と市民意識を高く評価している。ソード青年団の指導者は、国家に対して破壊行為や暴動を起こす者はすべて国の敵であると宣言し、完全な秩序の回復を約束した。"
ReportData,0x010000460001ADC8,Turn09_Deyr_SollDam_Explosion2,ReportProperties.Title,ベルギア、90％の停電に見舞われる
ReportData,0x010000460001ADC8,Turn09_Deyr_SollDam_Explosion2,ReportProperties.Description,"エルザレン・ダムの破壊によりベルギアで大規模な停電が発生し、同地域の最大90％が完全な停電状態となった。爆発に至る一連の出来事により人々は不安を感じているが、我が国の公務員たちは公共サービスを維持し、大規模なパニックを防ぐために必要な対策を講じている。

ナルギスおよびアグンランドの各自治体首長たちは、消防士や社会福祉従事者を派遣し、余剰電力の一部を転用して重要インフラの運営を維持している。"
ReportData,0x010000460001AE10,Turn09_Deyr_Unrest_ArsonArchsanctuary,ReportProperties.Title,破壊者たちによる聖域の屋根放火事件
ReportData,0x010000460001AE10,Turn09_Deyr_Unrest_ArsonArchsanctuary,ReportProperties.Description,"数百人の破壊活動家たちが聖域を攻撃し、その屋根に火を放った。消防隊と地元警察は直ちに出動して建物へのさらなる被害を防ぎつつ、破壊活動家たちと戦い、消防士たちを負傷させる者たちを撃退した。警察部隊は包囲される状況に陥り、大司祭と共に聖域の中で立てこもった。

増援の警察部隊が大規模な反乱を突破し、包囲されていた警備部隊を救出した。数名の武装した暴徒が警官たちに向けて発砲した一方で、武装車両が暴力的な武装暴徒たちを撃ち倒した。市内の状況はますます悪化している。"
ReportData,0x010000460001ADA0,Turn09_Deyr_Unrest_BFF_Military,ReportProperties.Title,ベルギアとナルギスで軍が支配権を掌握し、BFFの終結を図る
ReportData,0x010000460001ADA0,Turn09_Deyr_Unrest_BFF_Military,ReportProperties.Description,"ソードランドの軍隊は、ソル・ダムが反乱勢力の支配から解放されたと報告している。この襲撃の際、3つの作戦拠点が発見され、軍によって壊滅させられた。

混乱を終わらせるため、軍はベルギア地方とナルギス地域の両方における治安維持を直接指揮している。混乱が完全に収束するまで、各州総督の職務は一時的に解除されている。"
ReportData,0x010000460001AE28,Turn09_Deyr_UnrestBFFMilitary_AirForceBomb,ReportProperties.Title,空軍、BFFの前哨基地を爆撃
ReportData,0x010000460001AE28,Turn09_Deyr_UnrestBFFMilitary_AirForceBomb,ReportProperties.Description,"デイル市周辺に存在するいくつかのBFFの拠点に関する正確な軍事情報が入ると、ソードランド空軍はこれらを破壊するための作戦計画の立案を開始した。20機の爆撃機がエルローリーから出発し、3つの異なるBFF拠点を爆撃した結果、デイル内外で作戦を行う敵軍の能力が大規模に破壊された。

作戦後の報告書では、8基の対空砲や数トン分の兵器・弾薬が破壊され、394名のBFF兵士が死亡したと軍は集計している。空軍は航空偵察任務を実施し、BFF軍が山岳地帯へ撤退するのを確認した。そのためヘリコプター部隊が派遣され、撤退中の敵軍を殲滅した。"
ReportData,0x010000460001AD9C,Turn09_Deyr_Unrest_Violent_Military,ReportProperties.Title,ベルギアとナルギスで軍が支配権を握り、混乱収拾に乗り出す
ReportData,0x010000460001AD9C,Turn09_Deyr_Unrest_Violent_Military,ReportProperties.Description,"ソードランドの軍隊は、ベルギアとナルギスで発生していた暴力的な騒乱が現在制圧されつつあると報告している。これまでに237人の過激派が殺害され、さらに多数が拘束されている。作戦が続くにつれて死者数は増加する見込みだ。

抗議活動を終わらせるため、軍隊がベルギア地方とナルギス地域の治安を直接管理している。騒乱が完全に鎮圧されるまで、各州総督の職務は一時的に停止されている。"
ReportData,0x010000460001AEC0,Turn09_Erlory_ATOPlanes,ReportProperties.Title,アルカシア条約機構、新型機で空軍を近代化
ReportData,0x010000460001AEC0,Turn09_Erlory_ATOPlanes,ReportProperties.Description,"ソードランドの国防大臣であるヨセフ・ランチェア将軍の報告によれば、アルカシア条約機構から物資や新しい航空機が届いたとのことだ。同氏の報告によると、我々の空軍にはS-16戦闘機およびヴェントリー・エクスプレスVE-34爆撃機が追加された。

近代的な航空電子機器やより正確なレーダー誘導式照準器、そして優れた武器装備を備えたソードランド製S-16超音速戦闘機は、空戦において我々の空軍に決定的な優位性をもたらしている。その速度と機動性は、我が国のパイロットたちの期待を上回っている。

彼らはこれら新しい航空機にアルカシア・ホーネッツという愛称を付けている。"
ReportData,0x010000460001AE98,Turn09_Erlory_SchoolShooting,ReportProperties.Title,学校での銃撃事件
ReportData,0x010000460001AE98,Turn09_Erlory_SchoolShooting,ReportProperties.Description,エルローリーのある学校で発生した大量射殺事件の犯人が逮捕された。残念ながら、教師とほとんどが学生だった12人の命がこの事件によって奪われた。調査によると、犯人はエルローリーに最近開店した合法的な銃砲店から攻撃に使用された銃を手に入れていた。
ReportData,0x010000460001AE84,Turn09_Erlory_War_Airforce,ReportProperties.Title,空軍、戦争準備に取り組む
ReportData,0x010000460001AE84,Turn09_Erlory_War_Airforce,ReportProperties.Description,空軍はルンブルク作戦に向けて航空機の出発準備を進めている。戦闘訓練や爆撃演習が毎日行われている。作戦開始時には、ナルギスでの空中支配を確立するために航空機をラハベンに移動させる予定だ。
ReportData,0x010000460001ADB4,Turn09_Erzaren_BFF_Diplomatic_PromiseFailed,ReportProperties.Title,ソル・ダムでの攻撃
ReportData,0x010000460001ADB4,Turn09_Erzaren_BFF_Diplomatic_PromiseFailed,ReportProperties.Description,"外交交渉が失敗した後、ソル・ダムを占拠していたBFF過激派はその地域を包囲していた警察に向けて発砲し、3人の警官が負傷した。

警察部隊はソル・ダム内の反乱軍陣地を包囲しており、司令官の命令を待っている。特殊作戦部隊からは、成功を確実にするため最精鋭を投入しているとの報告があった。

この作戦には探索、確保、破壊という3つの主要目的がある。開始時刻は今夜の日没頃と見込まれている。"
ReportData,0x010000460001AD04,Turn09_Erzaren_Emergency_Revoked,ReportProperties.Title,国民、国家非常事態の解除を祝う
ReportData,0x010000460001AD04,Turn09_Erzaren_Emergency_Revoked,ReportProperties.Description,エルザレンの市民たちは国家非常事態の解除に前向きな反応を示し、町の広場で即興の花火が打ち上げられた。以前から多くの人々が自分たちの街における警察の増強に反対の声を上げていた。
ReportData,0x010000460001ADC0,Turn09_Erzaren_SollDam_Explosion,ReportProperties.Title,ソル・ダムで爆発が発生
ReportData,0x010000460001ADC0,Turn09_Erzaren_SollDam_Explosion,ReportProperties.Description,"今日の警察による作戦の際、BFF反乱軍は爆薬を使用して、水力発電電力を国家送電網に接続するソル・ダムの主要な変圧器を破壊した。その結果、同発電所からの全出力が失われ、ベルギア、ナルギス、アグンランドへ供給される電力の大部分が途絶え、これら地域で広範囲にわたる停電が発生した。

警察長官グライザーは、死者数が20人以上に上ると見られると報告した。各地域の警察部隊が直ちにダムに急行し、エルザレン周辺でのBFF反乱軍の捜索が続けられた。"
ReportData,0x010000460001ADC4,Turn09_Erzaren_SollDam_Explosion1,ReportProperties.Title,ソル・ダムの変圧器が爆発
ReportData,0x010000460001ADC4,Turn09_Erzaren_SollDam_Explosion1,ReportProperties.Description,"ソル・ダムでの爆弾攻撃により、重要なエネルギーインフラ施設の主要変圧器が破壊された。エルザレンから聞こえてきた爆発音によって街は暗闇に包まれ、治安部隊が状況を掌握するためその地域に急行した。

安全保障上の危機が収束次第、技術者や作業チームが即座に修理作業を開始する準備をしている。この危機に対処するため、内務省の緊急資金が投入されている。"
ReportData,0x010000460001ADAC,Turn09_Erzaren_Unrest_BFF_Diplomatic,ReportProperties.Title,BFF、姿勢を軟化させる
ReportData,0x010000460001ADAC,Turn09_Erzaren_Unrest_BFF_Diplomatic,ReportProperties.Description,"解放された後、元ブルディア自由戦線の指導者であるドゥウレン・アルゲは、武装勢力に対し武器を捨てて降伏するよう呼びかけた。

ソル・ダムにいた武装勢力は撤退し、警察に投降した後、数名が拘束された。"
ReportData,0x010000460001AE2C,Turn09_Erzaren_UnrestBFFMilitary_CellsDestroyed,ReportProperties.Title,攻撃部隊がBFFの拠点を破壊
ReportData,0x010000460001AE2C,Turn09_Erzaren_UnrestBFFMilitary_CellsDestroyed,ReportProperties.Description,"特殊な攻勢作戦用に装備された歩兵突撃部隊により、隠されていた12のブルディア自由戦線の拠点が破壊された。4日間にわたるこの作戦には1000人の兵士が参加し、敵の丘陵地帯へ向かう途中で多数の待ち伏せにより損失を被ったものの、正確な砲撃支援と航空偵察のおかげで軍は作戦を成功させた。敵の地雷設置により軍の行動は大幅に遅れたが、工兵部隊によってそれも克服された。

ブルディア自由戦線は激しく長期間抵抗したが、優れた装備と数の多さを持つ軍の前に最終的に屈し、さらに軍は地元民衆の協力を得て隠れた拠点を正確に発見することができた。作戦終了時点でソードランド兵34名が命を落とし、ブルディア自由戦線の前哨基地8か所が破壊されると同時に敵兵219名も倒された。エルザレンは武装反乱軍によって無害化されたと宣言された。"
ReportData,0x010000460001ADA8,Turn09_Erzaren_Unrest_BFF_Police,ReportProperties.Title,警察、作戦実行に備える
ReportData,0x010000460001ADA8,Turn09_Erzaren_Unrest_BFF_Police,ReportProperties.Description,"警察部隊はソル・ダムにある反乱軍の陣地を包囲しており、命令を待つ状態にある。我が国の特殊作戦部隊からの報告によれば、彼らは成功を確実にするため最精鋭を投入している。

この作戦には捜索、確保、破壊という3つの主要目的がある。開始時刻は今夜の日没頃と見込まれている。"
ReportData,0x010000460001ADE8,Turn09_Estord_Investigation_Koranelli_NotStopped,ReportProperties.Title,コロンティ、コラネッリ・カルテルとの関係が確認された
ReportData,0x010000460001ADE8,Turn09_Estord_Investigation_Koranelli_NotStopped,ReportProperties.Description,司法省と内務省によるマルセル・コロンティへの共同捜査の結果、コロンティが経営するハート・オブ・ソードランドという企業がコラネッリ・カルテルのために資金洗浄を行っていたことが確認された。コロンティはエストードにある自宅別荘で逮捕され、現在アンテル・ロック刑務所で裁判を待っている。
ReportData,0x010000460001ADEC,Turn09_Estord_Investigation_Koranelli_TippedOff,ReportProperties.Title,コロンティ、捜査について事前告げられる
ReportData,0x010000460001ADEC,Turn09_Estord_Investigation_Koranelli_TippedOff,ReportProperties.Description,ソードランド政府内の不明な情報提供者が、マルセル・コロンティの企業と組織犯罪との関連について行われている共同捜査のことを彼に漏らした疑いがある。捜査官たちはHOSに関する情報を明かす意思のある従業員を見つけることができず、その企業の記録も完全に消去されているようだった。
ReportData,0x010000460001AD7C,Turn09_Estord_Rumburg_PlaneShot,ReportProperties.Title,ルンブルク製航空機が撃墜される
ReportData,0x010000460001AD7C,Turn09_Estord_Rumburg_PlaneShot,ReportProperties.Description,ヨセフ・ランチェアの報告によると、ルンブルク製の戦闘機がソードランド領空を侵犯した際に対空兵器によって撃墜されたとのことだ。参謀本部の報告によれば、その航空機はソードランド国内のハルゲン町上空を飛行しており、警告を受けても退去しなかった。
ReportData,0x010000460001AD74,Turn09_Estord_Rumburg_PlaneWarned,ReportProperties.Title,ルンブルクの飛行機、領空内で警告を受ける
ReportData,0x010000460001AD74,Turn09_Estord_Rumburg_PlaneWarned,ReportProperties.Description,一機のルンブルク軍用機がソードランド領内に侵入し、2分間我が国の領空を侵犯した後、無線メッセージを送って離去した。
ReportData,0x010000460001AE1C,Turn09_Estord_UnrestMilitary_TanksRoll,ReportProperties.Title,装甲部隊が暴徒を押し切って前進する
ReportData,0x010000460001AE1C,Turn09_Estord_UnrestMilitary_TanksRoll,ReportProperties.Description,"第3装甲師団の前線拠点は2日間にわたり約1万人の暴徒に包囲されていた。現地指揮官は部隊全体が圧倒される恐れがあると報告した。その後、師団長が戦闘陣形を命じ、戦車やAPCで暴徒に攻撃を仕掛けた結果、310人が死亡し1321人が負傷した。部隊の多くの戦車が抗議者たちの上を走り抜けた。

救急および医療チームが命を救うために到着した際、師団長は彼らが国家の敵と見なされていたため暴徒の治療を禁じた。その後、同師団はエストードにおけるあらゆる反対意見を鎮圧または殺害し、市街地を掌握した。状況は緊張しているが安定している。"
ReportData,0x010000A100003DEF,Turn09_FolceDator_WorshippersMarchOnCapital2,ReportProperties.Title,フォルチェ・ダトールで信者たちが都市に到着し暴動が発生
ReportData,0x010000A100003DEF,Turn09_FolceDator_WorshippersMarchOnCapital2,ReportProperties.Description,宗教的な行進が今や十万人以上の参加者を擁しフォルチェ・ダトールに到達すると、市内で暴動が発生した。ゴルコンド主義やダストヌリティ派の大規模な共同体が住むこの都市では、宗教的な暴力によって店舗や公共財産が破壊され、少なくとも4人が死亡し数十人が負傷した。暴動の最中、ある武器倉庫が標的となり、信者たちは多数の機関銃やその他の軍用級兵器を奪取することに成功した。
ReportData,0x010000460001ADBC,Turn09_Gelsord_ElectionVote_Albin_ReformistVotes,ReportProperties.Title,副大統領クラヴィン、改革派の取り込みを図る
ReportData,0x010000460001ADBC,Turn09_Gelsord_ElectionVote_Albin_ReformistVotes,ReportProperties.Description,我々のソル支持の方針により、大多数の改革派は遠ざかってしまった。しかし、副大統領であるアルビン・クラヴィンが集会を開催し、改革派のUSP投票者たちを我々の側に引き込もうと努めている。
ReportData,0x010000650000671C,Turn09_Gelsord_InvestmentSynergyHigh,ReportProperties.Title,大規模な投資による相乗効果が実現
ReportData,0x010000650000671C,Turn09_Gelsord_InvestmentSynergyHigh,ReportProperties.Description,さまざまな分野における投資が高い相乗効果を発揮しており、目覚ましい経済成長をもたらしている。異なる方法で各分野に計画的に資本が投入された結果、大きな進展と生産性の向上が実現した。この効率的な資源配分が経済的成功を牽引し、将来の繁栄のための堅固な基盤を築いている。
ReportData,0x010000460001AE34,Turn09_Gelsord_PoliticalOrgs_RYAttacks,ReportProperties.Title,赤旗青年団、FCゲルソードへ攻撃を開始
ReportData,0x010000460001AE34,Turn09_Gelsord_PoliticalOrgs_RYAttacks,ReportProperties.Description,禁止されている赤旗青年団のメンバーたちがゲルソードの民間インフラに攻撃を仕掛け、甚大な被害をもたらした。この集団の武装した過激派多数が警察官に発砲し、多くの死者が出た。ゲルソード研究評議会への爆弾攻撃により、多くの科学者が死亡した。現在、国家憲兵隊が市内に進入し、この集団と激しく衝突している。都市部には数百人の武装メンバーが潜伏していると見られている。
ReportData,0x010000460001AEAC,Turn09_Gelsord_RecordFemaleStudents,ReportProperties.Title,女子学生数、過去最高を記録
ReportData,0x010000460001AEAC,Turn09_Gelsord_RecordFemaleStudents,ReportProperties.Description,教育省の報告によると、ソードランドの教育制度に在籍する女子学生の割合は徐々に全体の半分に近づいており、今学期だけで100万人以上が女子学生として登録され、これはソードランドで記録された中で最も高い比率となっている。
ReportData,0x010000650000CDF1,Turn09_GRACE_CondemnsCSPCaleqabiz,ReportProperties.Title,コンタナ条約機構によるカレカビズ基地の支配を非難
ReportData,0x010000650000CDF1,Turn09_GRACE_CondemnsCSPCaleqabiz,ReportProperties.Description,GRACEは、コンタナ条約機構が最近カレカビズ基地を占領したことに強く反対している。この行為は地域の力の均衡を乱し、安定を損なうものである。我々はコンタナ条約機構に対し、基地から撤退し、平和を維持しつつ主権を尊重する形で建設的な対話を通じてこの問題を解決するよう強く求める。
ReportData,0x010000650000CDE7,Turn09_GRACE_GrandDuchyAcceptance,ReportProperties.Title,パレス大公国、最新のGRACEメンバーとなる
ReportData,0x010000650000CDE7,Turn09_GRACE_GrandDuchyAcceptance,ReportProperties.Description,GRACEは、パレス大公国がこの同盟に加盟したと発表した。これは同国の国際的な影響力と魅力が高まっていることを示している。この拡大によりGRACEの地政学的な影響範囲が広がり、世界中で君主制統治を支えるための集団的な支援が強化される。ルンブルクのベアトリス・リヴィングストン女王は、「パレスの加盟は、我々が共有する価値観へのより一層の献身、そして安定した統治形態としての君主制の推進を意味している」と述べた。
ReportData,0x010000650000CDDD,Turn09_GRACE_RemovalOfRizia,ReportProperties.Title,GRACE、リジア王国の加盟を終了
ReportData,0x010000650000CDDD,Turn09_GRACE_RemovalOfRizia,ReportProperties.Description,GRACEは詳細な審議を経て、リジア王国の加盟終了を発表した。この決定は、GRACE内で変化しつつある政治的・戦略的優先事項を反映している。GRACEは、リジアが同盟の方針や規約から逸脱したことをこの措置の主な理由として挙げている。ルンブルクのベアトリス・リヴィングストン女王は、「この決定によりGRACEは結束を保ち、その核心的価値観に忠実であり続けることができる」とコメントした。
ReportData,0x010000B800012054,Turn09_GrandLibraryUnderRenovation,ReportProperties.Title,女王陛下の誕生日を前に大図書館が改修中
ReportData,0x010000B800012054,Turn09_GrandLibraryUnderRenovation,ReportProperties.Description,"リジアで最も尊敬されている文化の名所の一つであるポルテ・ドラゾンの大図書館は、エステラ王太后の間もなく行われる誕生日祝賀行事に備えて大規模な改修が進められている。10年以上閉鎖されていたこの図書館は、彼女がリジアに対して生涯にわたって尽くしてきた功績を称える象徴的な贈り物として、彼女の名前で再開放されることになっている。

この行事は盛大なものとなる予定で、リジアの三つの王家であるトラス家、サゾン家、アザロ家に招待状が送られ、これらの家族は全員出席を確約している。"
ReportData,0x010000A100002C8D,Turn09_Havas_MalenyevistTunnelsDiscovered,ReportProperties.Title,警察、リレアン・ヒルズでのマレニエフ主義者の活動証拠を発見
ReportData,0x010000A100002C8D,Turn09_Havas_MalenyevistTunnelsDiscovered,ReportProperties.Description,"リジアの警察は、モレラ地方との国境に近い緑豊かなリレアン丘陵地帯内にある古い鉱山坑道や天然洞窟、その他の隠れた通路から成る巨大なネットワークが、長年にわたりマレニエフ主義者たちによって密輸や活動の組織化に利用されてきたことを明らかにした。そこでは各種の小火器の隠し場所のほか、印刷機や紙のリサイクル施設まで発見されている。

最近起きたレアル・モンタクラル銀行強盗事件で使用された武器もここから持ち出された可能性が高いが、強盗事件を示す具体的な証拠は見つかっていないため、当局は今回の発見が氷山の一角に過ぎないのではないかと懸念している。"
ReportData,0x010000A10000386B,Turn09_Havas_War_InternalDissent_Default,ReportProperties.Title,数千人の反戦デモ隊が重要な鉄道路線を封鎖
ReportData,0x010000A10000386B,Turn09_Havas_War_InternalDissent_Default,ReportProperties.Description,反戦デモ隊はハヴァスにおいて、パレス方面の前線へと直通する重要な鉄道路線を数時間にわたって封鎖した。新兵を乗せた列車が通過すると、デモ隊はその列車を止め、車内の新兵たちに脱走するよう説得しようとした。
ReportData,0x010000A100003875,Turn09_Havas_War_InternalDissent_Disperse,ReportProperties.Title,ハヴァスで警察が反戦デモを解散させ、衝突が発生
ReportData,0x010000A100003875,Turn09_Havas_War_InternalDissent_Disperse,ReportProperties.Description,警察はハヴァスで行われていた反戦デモを鎮圧した。抗議者たちはパレスへ新兵や物資を運ぶ重要な鉄道の通行を妨害しようと試みていたからだ。約30人が拘束された。
ReportData,0x010000460001AD34,Turn09_Holsord_AidsElectionCampaign_Tusk,ReportProperties.Title,タスク、選挙運動を支援
ReportData,0x010000460001AD34,Turn09_Holsord_AidsElectionCampaign_Tusk,ReportProperties.Description,ウォルター・タスクは我々の選挙運動に500万SRを寄付した。ロザーバーグ・グループも選挙支援を申し出、自社の世論調査専門家が選挙運動チームを助けると約束した。
ReportData,0x010000460001AE8C,Turn09_Holsord_Assassination,ReportProperties.Title,内務省、暗殺未遂事件の調査を開始
ReportData,0x010000460001AE8C,Turn09_Holsord_Assassination,ReportProperties.Description,司法機関の承認を得て、内務大臣は最近の暗殺未遂事件について調査を開始した。警察力と民間探偵が投入されており、今後の類似の試みを防ぐためにより厳格な警戒措置が講じられている。
ReportData,0x0100006500005A47,Turn09_Holsord_CBRCBReducesDamage,ReportProperties.Title,中央銀行の措置により経済的被害が大幅に軽減
ReportData,0x0100006500005A47,Turn09_Holsord_CBRCBReducesDamage,ReportProperties.Description,"中央銀行の集権化と中央銀行法の相乗効果は、経済的被害を軽減する上で非常に有効であった。これら二つの金融制度の組み合わせにより、中央銀行が経済危機に対応し、インフレを管理し、安定性を促進する能力が強化された。

こうした取り組みにより、最近の金融不安の影響が大幅に縮小し、国民にとって必要不可欠な経済的防護壁が構築された。"
ReportData,0x0100006500005A4F,Turn09_Holsord_CBRReducesDamage,ReportProperties.Title,中央銀行法により経済的被害が緩和される
ReportData,0x0100006500005A4F,Turn09_Holsord_CBRReducesDamage,ReportProperties.Description,これまでの中央銀行法の実施は、最近の市場変動によってもたらされた経済的被害を軽減する上で大きな役割を果たしてきた。より厳格な規制や金融監視の強化といった同法の措置により、国内経済が安定し、外的・内的な経済ショックの影響がある程度和らげられ、消費者も保護されている。
ReportData,0x010000460001AEB4,Turn09_Holsord_CentralBank,ReportProperties.Title,中央銀行、行政機構の一部に
ReportData,0x010000460001AEB4,Turn09_Holsord_CentralBank,ReportProperties.Description,"中央銀行の権限は正式にマルーン宮殿に移管された。その結果、通貨政策に関する責任は今や大統領閣下直轄となる。この移行により、より機動的で戦略的な金融決定が可能になるだろう。宮殿内の経済顧問チームもこの再編に賛同の意を示している。

この移行がソードランドの財政状況に与える全体的な影響は、引き続き評価され報告されていくことになる。"
ReportData,0x010000460001AD00,Turn09_Holsord_Emergency_Revoked,ReportProperties.Title,非常事態解除を受けて祝賀の声
ReportData,0x010000460001AD00,Turn09_Holsord_Emergency_Revoked,ReportProperties.Description,"今日、多数の人々がソル広場に集まり、非常事態宣言の解除を祝った。彼らはまた、ソル時代の治安法の廃止も求めた。

ホルソード市長によると、この集会は都市中で音楽が流れるお祭りの様相へと変わったという。同市長は、群衆は平和的で、特別な異常事態は何も起こらなかったと述べた。"
ReportData,0x010000460001AE9C,Turn09_Holsord_GeneralStaffReport,ReportProperties.Title,参謀本部の報告
ReportData,0x010000460001AE9C,Turn09_Holsord_GeneralStaffReport,ReportProperties.Description,経験豊富な参謀本部のメンバーが粛清されたことで、彼らの後任がその仕事を引き継いでいる。新しい参謀陣はルンブルクに対する防御戦略の再編と強化に取り組んでいる。彼らには現場経験が欠如しており、それが影響を及ぼしているようだ。
ReportData,0x01000065000059F7,Turn09_Holsord_HOSResearchPOHigh,ReportProperties.Title,高い世論支持率
ReportData,0x01000065000059F7,Turn09_Holsord_HOSResearchPOHigh,ReportProperties.Description,"ソードランド心臓部研究グループが実施した最近の世論調査によると、国民の支持率は高く、回答者の59％が現政権及びその政策に満足していると答えている。この幅広い支持は、次回の選挙戦における現職者にとって好都合な状況を示している。

*サンプル群はHOSの研究者たちによって選出された"
ReportData,0x0100006500005A07,Turn09_Holsord_HOSResearchPOLow,ReportProperties.Title,低い世論支持率
ReportData,0x0100006500005A07,Turn09_Holsord_HOSResearchPOLow,ReportProperties.Description,"ソードランドの中心地にある研究グループが行った最新の世論調査データによると、現政権への国民の支持率はわずか35％と低い水準にとどまっている。不満を示した回答者が多数いることから、来たる選挙では現政権にとって厳しい状況が予想される。

*サンプル群はHOSの研究者らによって選定された"
ReportData,0x01000065000059FF,Turn09_Holsord_HOSResearchPOMedium,ReportProperties.Title,平均的な世論支持率
ReportData,0x01000065000059FF,Turn09_Holsord_HOSResearchPOMedium,ReportProperties.Description,"ソードランド心臓研究グループの最新の世論調査によると、現政権に対する国民の承認度は平均的な水準にある。回答者の50％が満足を示し、同じ割合で懸念を口にしているため、国民の感情は分かれているようだ。この均衡した意見は、来る選挙で競争が激化することを示唆している。

*サンプル群はHOSの研究者らによって選出された"
ReportData,0x0100006500005A17,Turn09_Holsord_HOSResearchPOVeryHigh,ReportProperties.Title,極めて高い世論支持率
ReportData,0x0100006500005A17,Turn09_Holsord_HOSResearchPOVeryHigh,ReportProperties.Description,"ソードランド心臓研究グループの最新の世論調査によると、現政権への国民の支持率は非常に高く、回答者の73％が強い支持を示している。政権の政策や指導力が大多数の人々の心に響き、来たる選挙を前にして強固な立場を築いていることがうかがえる。

*サンプル集団はHOSの研究者らによって選出された"
ReportData,0x0100006500005A0F,Turn09_Holsord_HOSResearchPOVeryLow,ReportProperties.Title,極めて低い世論支持率
ReportData,0x0100006500005A0F,Turn09_Holsord_HOSResearchPOVeryLow,ReportProperties.Description,"ソードランドの中心部にある研究グループが実施した最新の世論調査によれば、現政権への国民の承認度は極めて低い。回答者のうち支持を示したのはわずか20％で、圧倒的多数が強い不満を表明しており、来る選挙は現職にとって非常に厳しい戦いとなりそうだ。

*サンプル群はHOSの研究者たちによって選出された"
ReportData,0x01000065000059A7,Turn09_Holsord_InvestmentSynergyHigh,ReportProperties.Title,大規模な投資による相乗効果が実現
ReportData,0x01000065000059A7,Turn09_Holsord_InvestmentSynergyHigh,ReportProperties.Description,さまざまな分野における投資が高い相乗効果を発揮しており、目覚ましい経済成長をもたらしている。異なる方法で各分野に計画的に資本が投入された結果、大きな進展と生産性の向上が実現した。この効率的な資源配分が経済的成功を牽引し、将来の繁栄のための堅固な基盤を築いている。
ReportData,0x01000065000059B7,Turn09_Holsord_InvestmentSynergyLow,ReportProperties.Title,投資による相乗効果の低下が報告された
ReportData,0x01000065000059B7,Turn09_Holsord_InvestmentSynergyLow,ReportProperties.Description,各分野における投資同士の連携は依然として限定的であり、方向性が一致せず調整も行われていない戦略が原因で最適でない結果や経済成長の遅延が生じている。この状況は、その潜在能力を十分に引き出すために、より統合的かつ戦略的な投資アプローチを採用する必要性を示している。
ReportData,0x01000065000059AF,Turn09_Holsord_InvestmentSynergyMedium,ReportProperties.Title,中規模投資における相乗効果が確認された
ReportData,0x01000065000059AF,Turn09_Holsord_InvestmentSynergyMedium,ReportProperties.Description,複数の産業分野において、適度な水準の投資シナジーが見られている。投資は全体的にうまく連携し、着実な経済発展に寄与している。一部の分野ではより良い調整が効果をもたらす可能性があるものの、全体として様々な投資間の良好な相乗効果が安定的な経済成長を支えている。
ReportData,0x010000460001ACE8,Turn09_Holsord_LowStability,ReportProperties.Title,国の安定性が低下
ReportData,0x010000460001ACE8,Turn09_Holsord_LowStability,ReportProperties.Description,"内務省の報告によると、ソードランドは現在多くの危機が同時に発生しているため安定性が低下しているとのことだ。

政府の各機関や秩序維持の仕組みは、その機能限界を超えて運営されている。この状況は経済のさらなる成長に悪影響を及ぼしている。"
ReportData,0x010000460001AD84,Turn09_Holsord_MurderInvestigation,ReportProperties.Title,UC大使殺害事件の捜査状況
ReportData,0x010000460001AD84,Turn09_Holsord_MurderInvestigation,ReportProperties.Description,"マゾフトル大使暗殺事件の捜査で、暗殺者アーノルド・シモン・ネルダーがさまざまな組織とつながりを持ち、それらの組織がそれぞれ守旧派と結びついていたことを示す証拠が見つかった。

A.S.N.は、アルヴォリーとホルソードで警察官として勤務した後に退職し、ヌーリスト文化財団に加わっていたことが判明した。"
ReportData,0x010000460001AD50,Turn09_Holsord_NFP_LuderinSon_Holstron,ReportProperties.Title,NFP、ルデリン将軍の息子を歓迎
ReportData,0x010000460001AD50,Turn09_Holsord_NFP_LuderinSon_Holstron,ReportProperties.Description,国民戦線党の新指導部はレムス・ホルストロンのもと、今日ホルソードにおいてルデリン将軍の息子を党員として迎え入れた。多くの国民にとって、再び政治の場に現れたルデリン家の人物を見ることは衝撃的だった。ルデリン将軍はかつてウィスキ前大統領に対する軍事クーデターを主導し、それがソードランド内戦を引き起こしたことで悪名高い。新たなNFP指導者は戦争中、ルデリン将軍本人と密接な関係にあったため、彼がルデリンの息子を党に招き入れる人物となったのも不思議ではない。
ReportData,0x010000460001AD4C,Turn09_Holsord_NFP_LuderinSon_Kibener,ReportProperties.Title,NFP、ルデリン将軍の息子を歓迎
ReportData,0x010000460001AD4C,Turn09_Holsord_NFP_LuderinSon_Kibener,ReportProperties.Description,国民戦線党は今日、ホルソードにおいてルデリン将軍の息子を党員として迎え入れた。多くの国民にとって、再び政治の場に現れたルデリン家の人物を見ることは衝撃的だった。ルデリン将軍はかつてウィスキ元大統領に対する軍事クーデターを主導し、それがソードランド内戦を引き起こしたことで悪名高い。キベナー氏は支持層にアピールするためこの行事を企画した。ルデリンはソードランドで最も有名だった民族主義者と言えるため、これは同党にとって象徴的な措置となる。
ReportData,0x010000460001AE88,Turn09_Holsord_Parade,ReportProperties.Title,パレード報道
ReportData,0x010000460001AE88,Turn09_Holsord_Parade,ReportProperties.Description,ヨセフ・ランチェアの報告によると、パレードの準備や警備に関与していた軍人たちは、更なる指示が出るまで拘束されている。
ReportData,0x010000460001AE14,Turn09_Holsord_PeacefulUnrest_MarchGovDistrict,ReportProperties.Title,ホルソード政府管区で平和的なデモ行進
ReportData,0x010000460001AE14,Turn09_Holsord_PeacefulUnrest_MarchGovDistrict,ReportProperties.Description,"40,000人が政府に対する反対の意を示すため、ホルソード政庁地区を平和的に行進した。安全と秩序を維持するため、民間人や地元警察部隊がこの行進を監視している。巨大な行進の音が各省庁に響き渡った。道路が封鎖されていたため、政治家たちは職場に入ることができなかった。

状況は継続的に監視されており、もし行進が暴力的に変われば、マルーン宮殿を含む政府の財産を守るために大規模な機動隊が待機して介入する準備ができている。"
ReportData,0x010000460001AE74,Turn09_Holsord_Petr_Missing,ReportProperties.Title,ペトル・ベクターン、行方不明
ReportData,0x010000460001AE74,Turn09_Holsord_Petr_Missing,ReportProperties.Description,エヴェリン・ベクターンは、ホルソード警察署でペトル・ベクターンに連絡が取れず、彼を探すためあらゆる努力を尽くしていると我々に通知してきた。最初の報告によると、ソードランドにある彼の所有地のどこでも見つからず、最後に目撃されたのはエルローリーへ向かっているところだった。
ReportData,0x010000460001AE3C,Turn09_Holsord_PoliticalOrgs_YSAgainstProtest,ReportProperties.Title,ソード青年団、抗議者を追い立てる
ReportData,0x010000460001AE3C,Turn09_Holsord_PoliticalOrgs_YSAgainstProtest,ReportProperties.Description,"ソード青年団のメンバーたちはホルソードで抗議者たちに対して行進し、暴行や暴力行為によって何千人もの人々を威嚇した。こうした行動により、既に負担が重い警察部隊への圧力が緩和されている。ソード青年団のメンバーたちは厳しい手段を取ってはいるものの、まだ我々の軍勢に向けて行動を起こしてはいない。

松明を持った大規模なソード青年団の行進に12000人が集まり、その後大規模な衝突が発生し、同グループは宮殿に向かっていた5000人の暴徒集団を攻撃した。一部のソード青年団員は誇りの丘で野営し、ソードランドの旗を振っている。"
ReportData,0x010000460001AD20,Turn09_Holsord_SollTrial,ReportProperties.Title,ソルの裁判日が決定
ReportData,0x010000460001AD20,Turn09_Holsord_SollTrial,ReportProperties.Description,"数ヶ月にわたる調査と審理の末、タルキン・ソルの裁判の準備が完了し、最高裁判所は来週の火曜日を裁判日として発表した。

最高裁判所は、「ソードランド国民への犯罪、汚職、殺人、違憲行為」におけるタルキン・ソルの関与について判決を下す予定である。"
ReportData,0x010000460001AD80,Turn09_Holsord_UC_AmbassadorKilled,ReportProperties.Title,コンタナ連合大使が殺害される
ReportData,0x010000460001AD80,Turn09_Holsord_UC_AmbassadorKilled,ReportProperties.Description,"ソードランド駐在のコンタナ連邦大使であるマゾフトル大使は、カフェ・ホルソードで殺害された。彼はムングアム拳銃によって頭部を撃たれたのだ。

犯人は攻撃直後に死亡した。"
ReportData,0x010000460001ADA4,Turn09_Holsord_Unrest_BFF_BronDiplomatic,ReportProperties.Title,ソル・ダムから代表団が帰還
ReportData,0x010000460001ADA4,Turn09_Holsord_Unrest_BFF_BronDiplomatic,ReportProperties.Description,"ソル・ダムに派遣されていた代表団は、エネルギー施設を占拠しているBFF反乱軍との会談を終えてホルソードに戻ってきた。ベルギア総督であるフェリクス・ブロンも拘束状態から解放された。

代表団のリーダーであるマンスン・レケは、会談の結果を大統領と話し合うためにマルーン宮殿に到着する予定だ。彼はマルーン宮殿に到着した直後に来客用のセキュリティ許可が与えられる。"
ReportData,0x010000460001ADB0,Turn09_Holsord_Unrest_BFF_Diplomatic_Promise,ReportProperties.Title,議会で法案が否決された
ReportData,0x010000460001ADB0,Turn09_Holsord_Unrest_BFF_Diplomatic_Promise,ReportProperties.Description,BFFの要求に基づいて提出された法案は、大国民議会で過半数の支持を得ることができなかった。多数の議員たちは、分離主義者と取引しようとする政権を非難し、同グループとのいかなる交渉も議会によって阻止されると宣言した。
ReportData,0x010000650000BD7D,Turn09_Holsord_Unrest_BFF_KrullDiplomatic,ReportProperties.Title,ソル・ダムから代表団が帰還
ReportData,0x010000650000BD7D,Turn09_Holsord_Unrest_BFF_KrullDiplomatic,ReportProperties.Description,"ソル・ダムに派遣されていた代表団は、エネルギー施設を占拠しているBFF反乱軍との会談を終えてホルソードに戻ってきた。ベルギア総督であるヘルベルト・クルルも拘束状態から解放された。

代表団のリーダーであるマンスン・レケは、会談結果を大統領と話し合うためにマルーン宮殿に到着する予定だ。彼はマルーン宮殿に到着した直後に来客用のセキュリティ許可が与えられる。"
ReportData,0x010000460001AD88,Turn09_Holsord_Unrest_Peaceful_Diplomatic_Katarina,ReportProperties.Title,カタリナ・ホルテンのマルーン宮殿への招待
ReportData,0x010000460001AD88,Turn09_Holsord_Unrest_Peaceful_Diplomatic_Katarina,ReportProperties.Description,"抗議活動の事実上の指導者であるカタリナ・ホルテンは、大統領の要請により発言者として宮殿に招かれている。彼女はマルーン宮殿に到着次第、来賓用のセキュリティ許可が即座に与えられる予定だ。

ホルテン夫人は徹底的に身体検査を受け、会談中の大統領の安全のため、常時2人の警護官が彼女に付き添うことになっている。"
ReportData,0x010000460001AD94,Turn09_Holsord_Unrest_Violent_Police_Successful,ReportProperties.Title,同時多発の捜索でルンブルクの関与が浮上
ReportData,0x010000460001AD94,Turn09_Holsord_Unrest_Violent_Police_Successful,ReportProperties.Description,"警察部隊は、過激派が潜伏していると確認された指定建物に同時攻撃を加えて急襲した。その結果、多数の武器隠し場所が破壊された。ある急襲の際には、ルンブルクとの関連を示す証拠が発見された。

現在、さらなる調査が進められている。"
ReportData,0x0100006500005A6F,Turn09_Holsord_USPMechanismSlows,ReportProperties.Title,USPの妨害活動が激化、政府機能停滞寸前
ReportData,0x0100006500005A6F,Turn09_Holsord_USPMechanismSlows,ReportProperties.Description,"統一ソードランド党の妨害的な戦術はますます広がりを見せ、国の行政機能をほぼ停止状態に追い込んでいる。時間が経つにつれ、USPによる絶え間ない抵抗が政策実施の長期化や計画中のプロジェクトの大幅な遅延を招いている。

このような妨害行為の激化は、ソードランドにおける効率的な統治と公共サービスの将来に対する懸念を高めている。"
ReportData,0x010000460001AE7C,Turn09_Holsord_War_MilitaryMobilized,ReportProperties.Title,軍隊が動員される
ReportData,0x010000460001AE7C,Turn09_Holsord_War_MilitaryMobilized,ReportProperties.Description,参謀本部の報告によると、ソードランド全土に配備されていたすべての軍隊が動員され、侵攻の準備を進めている。
ReportData,0x010000460001AD70,Turn09_Holsord_WPB_CPS_InTalks,ReportProperties.Title,WPB-CPS、交渉を行う
ReportData,0x010000460001AD70,Turn09_Holsord_WPB_CPS_InTalks,ReportProperties.Description,首都からの報告によると、ブルディア労働者党とソードランド共産党の指導者たちが共同で会合を開いた。これらの指導者たちは、選挙の過半数割れを回避するために選挙前に同盟を結ぶことについて話し合った疑いがある。
ReportData,0x010000460001AD6C,Turn09_Holsord_WPB_Leader_New_Mansoun,ReportProperties.Title,マンスンが新たなWPBの指導者に
ReportData,0x010000460001AD6C,Turn09_Holsord_WPB_Leader_New_Mansoun,ReportProperties.Description,WPB本部は公式声明の中で、マンスン・レケが党に再招集され、新たなWPB指導者として選出されたと発表した。同党は選挙戦から撤退することはなく、レケを大統領候補として引き続き推し進めると述べている。
ReportData,0x010000460001AD68,Turn09_Holsord_WPB_Leader_ReturnToFill_Mansoun,ReportProperties.Title,マンスン、エジャルの後任としてWPBに復帰する可能性
ReportData,0x010000460001AD68,Turn09_Holsord_WPB_Leader_ReturnToFill_Mansoun,ReportProperties.Description,"首都からの報告によると、エジャルの容体が深刻であるため、ブルディア労働者党の指導部はホルソードにある党本部で緊急会議を開き、新たな指導者を大統領候補として指名した。

会議の後、同党はマンスン・レケを党本部に招いた。"
ReportData,0x010000A1000034BC,Turn09_Iza_Decision_NationalDestabilizationTwo,ReportProperties.Title,街頭での戦闘が勃発し、秩序が崩壊する
ReportData,0x010000A1000034BC,Turn09_Iza_Decision_NationalDestabilizationTwo,ReportProperties.Description,イザでは君主制に対する抗議行動が暴力的なものへと変わり、市当局は秩序を維持することができていない。反君主制デモ隊と極端な民族主義者であるスー・オミナとの間で街頭戦闘が勃発し、多数の死傷者が出ている。建物が頻繁に放火されるため、市中心部からは絶えず煙が立ち上っている。
ReportData,0x010000A10000387F,Turn09_Iza_War_InternalDissent_Default,ReportProperties.Title,イザで50万人大規模抗議デモが発生
ReportData,0x010000A10000387F,Turn09_Iza_War_InternalDissent_Default,ReportProperties.Description,イザでは50万人ものリジア人が大規模な反戦デモを行い、即時的な敵対行為の終結と前線で勤務する全兵士の安全な帰還を要求した。
ReportData,0x010000A100003889,Turn09_Iza_War_InternalDissent_Disperse,ReportProperties.Title,警察、反戦デモに対して起訴
ReportData,0x010000A100003889,Turn09_Iza_War_InternalDissent_Disperse,ReportProperties.Description,我々の命令により派遣された騎馬警察官たちが、イザで行われていた大規模な平和的反戦デモに突入した。負傷者が数名出たとの報告があるが、介入後すぐに群衆は散り散りになり、夕方早くには平穏が取り戻された。
ReportData,0x010000460001AD2C,Turn09_Jen_AidsElectionCampaign_YS,ReportProperties.Title,ソード青年団、選挙運動を支援
ReportData,0x010000460001AD2C,Turn09_Jen_AidsElectionCampaign_YS,ReportProperties.Description,"ジェンにいるソード青年団のメンバーたちは自発的に選挙運動を支援することにし、選挙アドバイザーや地元の党事務所と直接協力し始めた。

彼らの協力により、中央ソードランドからの得票数が大幅に増加する見込みである。"
ReportData,0x010000460001ADE0,Turn09_Jen_BFFUnrest_NFPAmbushed,ReportProperties.Title,NFP党の集会がBFFによって奇襲される
ReportData,0x010000460001ADE0,Turn09_Jen_BFFUnrest_NFPAmbushed,ReportProperties.Description,"最も強力なNFP支部の党指導部会合が、BFFによるFPG-3ロケットランチャーを使った攻撃を受けた。十数名の党関係者が命を落とし、2名のNFP議員が重傷を負った。攻撃が報告されてから数分後に武装警察が現場に到着したが、ベルギア方面へ逃げたと思われるBFF反乱軍の姿は見つからなかった。近隣の国家憲兵隊部隊が攻撃者捜索のため農村地域に派遣されている。

党本部は部分的に破壊され、市民には自宅に留まるよう呼びかけられている。NFP党指導部はこの攻撃を非難し、こうした裏切り者たちがいないソードランド国家の実現を訴えた。"
ReportData,0x010000460001AE90,Turn09_Jen_Desollinisation,ReportProperties.Title,脱ソル化の進展
ReportData,0x010000460001AE90,Turn09_Jen_Desollinisation,ReportProperties.Description,ジェンのすべての学校や大学において、タルキン・ソルに関するあらゆる宣伝的な記事の掲載を中止している。市民たちの激しい抵抗があったもののソルの写真も押収され、強力な対策を講じざるを得なかった。
ReportData,0x010000460001ADB8,Turn09_Jen_ElectionVote_Gloria_ConservativeVotes,ReportProperties.Title,副大統領トーリー、保守派を結集させる
ReportData,0x010000460001ADB8,Turn09_Jen_ElectionVote_Gloria_ConservativeVotes,ReportProperties.Description,我々の改革主義的な政策により、保守派の大多数が離反してしまった。しかし、副大統領であるグロリア・トーリーは集会を開催し、保守派のUSP有権者たちを我々の側に引き込もうと努めている。
ReportData,0x010000460001AD08,Turn09_Jen_Emergency_Revoked,ReportProperties.Title,ジェン国民、非常事態解除を強く非難
ReportData,0x010000460001AD08,Turn09_Jen_Emergency_Revoked,ReportProperties.Description,ジェンで開催された市議会の会合において、市民らはソードランドの非常事態宣言解除に対する不満を口にした。多くの人々は、これまで警察の増強によって安全だと感じていたが、今では新たな脅威に対してより脆弱になったと主張した。議会議員らは、市内にさらに多くの警官を雇用し配備することを約束した。
ReportData,0x010000460001ADF4,Turn09_Jen_Unrest_PoliceAmbushed,ReportProperties.Title,変装した反乱軍が警察官を待ち伏せる
ReportData,0x010000460001ADF4,Turn09_Jen_Unrest_PoliceAmbushed,ReportProperties.Description,武装した反乱者たちは建設作業員に変装し、武器を持って複数の警察官を攻撃して昼間の光の中で何人もが死亡する事態となった。警察は直ちに対応したが、多くの負傷者が出た。ジェンの街頭ではさらに多くの市民が警察と戦い始め、都市は混乱に陥った。警察は本部に撤退し、依然として反乱を起こす抗議群衆と交戦を続けた。
ReportData,0x0100006500005262,Turn09_Kyrute_CondemnsMediaCensorship,ReportProperties.Title,キルート、ソードランドのメディア検閲を非難
ReportData,0x0100006500005262,Turn09_Kyrute_CondemnsMediaCensorship,ReportProperties.Description,キルート政府は、ソードランドの放送テレビ国家評議会が最近取った行動をメディア検閲の一形態と見なし、これを非難している。表現の自由と報道の自由は民主主義社会の基石であり、キルートはソードランドに対しこれらの基本的権利を守るよう強く求めている。
ReportData,0x010000A10000311C,Turn09_Kyrute_Decision_LeaveAllianceOfNations_Leave,ReportProperties.Title,キルート、ANへの復帰を我々に呼びかける
ReportData,0x010000A10000311C,Turn09_Kyrute_Decision_LeaveAllianceOfNations_Leave,ReportProperties.Description,国際連盟の本部があるキルートは、我が国に対し同機関から離脱するという決定を見直すよう促している。この島嶼共和国は、「国際連盟の決議は尊重されなければならない」としつつも、依然として共通点は存在すると主張している。
ReportData,0x010000460001ADD4,Turn09_Lachaven_BFFUnrest_PoliceAcademy,ReportProperties.Title,卒業式での致命的な攻撃
ReportData,0x010000460001ADD4,Turn09_Lachaven_BFFUnrest_PoliceAcademy,ReportProperties.Description,"ラハベンの警察長は、BFFによって新たに卒業した警察学校生徒らへの凶悪な攻撃が行われたと報告している。昼間の明るい時間帯に、武装した反乱分子がKA-74を使って29人の卒業生を射殺したのである。犯人たちは共和国大通りから逃走しようとする際、国家憲兵隊の部隊との銃撃戦で後に死亡した。

ラハベンの市長は、ソードランドの街路をもう少し安全なものにしようと努めていた若き卒業生たちを追悼する喪服日を宣言した。"
ReportData,0x010000460001ACE4,Turn09_Lachaven_CapitalFlight,ReportProperties.Title,ロザーバーグ・グループによる資本の部分的引き上げが影響
ReportData,0x010000460001ACE4,Turn09_Lachaven_CapitalFlight,ReportProperties.Description,"ロザーバーグ・グループと繋がりの深い数十人の実力派実業家たちが大量の資金を国外に持ち出し、国の経済にかなりの被害を与えている。

民間部門による大規模な資金撤退によって生じた空白を埋め、安定を維持するために政府準備金が投入されている。ロザーバーグ・グループは、ソードランドでの投資を多様化しリスクを削減する意向について公式声明を発表した。"
ReportData,0x0100006500005A57,Turn09_Lachaven_CentralBankSoftensBlow,ReportProperties.Title,中央銀行の介入により経済的圧力が緩和される
ReportData,0x0100006500005A57,Turn09_Lachaven_CentralBankSoftensBlow,ReportProperties.Description,"ラハベンでは、中央銀行の積極的な介入によって経済的不確実性がもたらす影響を和らげることができている。機動的な通貨政策と強力な財政措置を通じて、同銀行は不安定さを抑制し市場の懸念を緩和することに成功している。こうした戦略的な取り組みによって国内の投資や消費が活性化され、より安定した経済環境が築かれている。

経済的な課題が依然として存在する中で、中央銀行の努力は、この都市とその住民が困難な時期をより快適に乗り切るために極めて重要である。"
ReportData,0x010000460001ACE0,Turn09_Lachaven_DebtCrisis,ReportProperties.Title,債務危機が経済を揺るす
ReportData,0x010000460001ACE0,Turn09_Lachaven_DebtCrisis,ReportProperties.Description,"ソードランド中央銀行と経済省は、債務危機およびそれに伴う信用格付けの引き下げがもたらした甚大な被害に対処している。

両機関は、こうした事態が引き起こす不安定状況を収束させるため、あらゆる種類の通貨・経済統制措置を講じている。"
ReportData,0x010000460001AEB8,Turn09_Lachaven_FairTrade,ReportProperties.Title,公正取引委員会、貿易規制を新設
ReportData,0x010000460001AEB8,Turn09_Lachaven_FairTrade,ReportProperties.Description,公正取引委員会は、現存する貿易上の不正や不公平な状況を評価する作業に着手した。同委員会が最初に行うことは、輸入と輸出の差を是正し、国内の競争環境を維持強化できるよう新たな貿易規制を策定することだ。
ReportData,0x010000460001AE78,Turn09_Lachaven_Kyrute_Interview,ReportProperties.Title,キルートによる一対一面接
ReportData,0x010000460001AE78,Turn09_Lachaven_Kyrute_Interview,ReportProperties.Description,"ルシアン・ガラドは国際的に有名な番組「ワン・オン・ワン」で大統領選出場者へのインタビューを企画した。著名なジャーナリストであるトゥオマス・サッカーが質問を行う予定だ。

「ワン・オン・ワン」の制作スタッフとトゥオマス・サッカーは来週、キルートからラハベンに到着する。"
ReportData,0x010000460001AD24,Turn09_Lachaven_MediaCensored_SCRT,ReportProperties.Title,放送・テレビ最高評議会、関連コンテンツを禁止
ReportData,0x010000460001AD24,Turn09_Lachaven_MediaCensored_SCRT,ReportProperties.Description,ソードランド放送テレビ最高評議会は、HOSTVのトーク番組「スウェーティ・トーク」とコメディ番組「ガッタ・リヴ・ウィズ・イット」が危険な反政府宣伝を行い、社会内の対立を煽ったとして放送禁止処分を発表した。
ReportData,0x010000460001AE18,Turn09_Lachaven_PeacefulUnrest_MarchRepublic,ReportProperties.Title,正義を求める人々が共和国大通りでデモ行進
ReportData,0x010000460001AE18,Turn09_Lachaven_PeacefulUnrest_MarchRepublic,ReportProperties.Description,"10万余人が市民的不服従と連帯の意思表示として共和国大通りを行進した。ナルギスやアグンランドからも人々が集まり、ラハベンの沿岸地域や市中心部は彼らで溢れかえった。地元の治安部隊が状況を鎮静させ、全員の安全を確保している。数十の民間警察部隊が行進の中に入り、内部から状況を監視している。

ラハベン市長は民主的権利の平和的な行使を保障すると同時に、挑発者は即座に処罰されると警告した。"
ReportData,0x010000460001AD44,Turn09_Lachaven_PFJP_NewSlogan_Ricter,ReportProperties.Title,PFJPリクターのスローガン：すべての人のための勝利
ReportData,0x010000460001AD44,Turn09_Lachaven_PFJP_NewSlogan_Ricter,ReportProperties.Description,1957年の選挙が近づくにつれ、フレンス・リクターと人民自由正義党はラハベンで大きな波を起こしている。同党の選挙スローガンである「すべての人のための勝利」は、街への選挙遊説後に市中至る所に広まった。PFJPは結成以来統一ソードランド党の主要な野党として存在し、年々より多くの票を獲得している。
ReportData,0x010000460001AD48,Turn09_Lachaven_PFJP_NewSlogan_Suheil,ReportProperties.Title,PFJPスハイルのスローガン：すべての人のための勝利
ReportData,0x010000460001AD48,Turn09_Lachaven_PFJP_NewSlogan_Suheil,ReportProperties.Description,"リクターは去った。スハイルが党首となっている。

1957年の選挙が近づくにつれ、新指導者であるマノリー・スハイルと人民自由正義党はラハベンで大きな波を起こしている。同党の選挙スローガン「すべての人のための勝利」は、市内を訪問した後に街中至る所に掲げられた。PFJPは結成以来統一ソードランド党の主要な野党として存在し、年々より多くの票を獲得している。"
ReportData,0x010000460001AE48,Turn09_Lachaven_PoliticalOrgs_RYHelpsPolice,ReportProperties.Title,警察、赤旗青年団から支援を受ける
ReportData,0x010000460001AE48,Turn09_Lachaven_PoliticalOrgs_RYHelpsPolice,ReportProperties.Description,"ラハベン周辺で発生した大規模な暴動を監視する地元警察部隊には2000人の赤旗青年団員が配属された。赤旗青年団は平和が維持されるよう徹底し、都市の一部では力不足となっている警察部隊を支援した。この援助はラハベン警察に歓迎され、同警察は当該組織のメンバーが平和的であり、他の抗議活動の動向に関する情報も共有してくれたと評価した。

赤旗青年団の地元指導者たちは、ラハベンが暴力的な暴徒によって破壊されることはないと誓い、警察力と共に言論の自由と都市の安全が守られるよう必要なあらゆる措置を講じると確約した。"
ReportData,0x010000460001AD0C,Turn09_Lachaven_PublicOpinion_Good,ReportProperties.Title,歓迎されたPR訪問
ReportData,0x010000460001AD0C,Turn09_Lachaven_PublicOpinion_Good,ReportProperties.Description,ラハベンを短時間訪問した後、大統領は午後を共和国大通りで歓喜する市民たちと会い、写真を撮ることに費やした。示された熱意は意外なものではなく、市民たちが人気のある大統領に直接会えて大変喜んでいることは明らかだった。
ReportData,0x010000460001AD14,Turn09_Lachaven_PublicOpinion_Low,ReportProperties.Title,物議を醸すPR訪問
ReportData,0x010000460001AD14,Turn09_Lachaven_PublicOpinion_Low,ReportProperties.Description,ラハベンを短時間訪問した後、不人気な大統領に対する抗議の声が高まっており、暴力的な抗議行動が間もなく起こるのではないかと懸念されている。この都市の住民は大統領の在任期間に深く不満を抱いており、すでにレインの辞任を求める声も上がっている。
ReportData,0x010000460001AD10,Turn09_Lachaven_PublicOpinion_Medium,ReportProperties.Title,冷ややかなPR訪問
ReportData,0x010000460001AD10,Turn09_Lachaven_PublicOpinion_Medium,ReportProperties.Description,ラハベンを短時間訪問した後、大統領は午後を共和国大通りで地元住民との面会に費やした。一部のソードランド人たちが政権への不満を口にしたが、レイン大統領はそれらの反対意見をうまく処理し、支持基盤からの忠誠心をさらに得ることができた。
ReportData,0x010000460001ADD0,Turn09_Lachaven_SollDam_Explosion4,ReportProperties.Title,ナルギスで停電発生
ReportData,0x010000460001ADD0,Turn09_Lachaven_SollDam_Explosion4,ReportProperties.Description,"ラハベンの郊外では今日、変圧器が故障したため停電が発生した。ソル・ダムで起きた事故により、ソードランドは電力の30％を失った。ラハベンにあるソードランド電力公社の中央発電所は直ちに対応し、近隣諸国から余剰電力の供給を要請した。

解決策が講じられるまで、ラハベンの住民たちは消費量を半分に削減するよう指示された。"
ReportData,0x0100006500005A67,Turn09_Lachaven_SordishNavyDrill,ReportProperties.Title,緊張感高まる中、ソードランド海軍が訓練を実施
ReportData,0x0100006500005A67,Turn09_Lachaven_SordishNavyDrill,ReportProperties.Description,ラハベンに所在するソードランド海軍は、地域の緊張感が高まる中、一連の軍事演習を開始した。これらの演習は、潜在的な脅威に対処するための海軍の準備状況を評価し、同地域の海上安全を確保することを目的としている。また、この演習はソードランドが自国領海内で平和と安定を維持しようとする決意を示すものでもある。
ReportData,0x0100006500005AA7,Turn09_Lachaven_TourismHitByInstability,ReportProperties.Title,不安定状況が観光業に深刻な影響を与えている
ReportData,0x0100006500005AA7,Turn09_Lachaven_TourismHitByInstability,ReportProperties.Description,ラハベンの観光業は、地域の不安定化が進むことにより大きな打撃を受けている。観光客たちがより安全な目的地を選ぶようになったため、同市への訪問者数は急激に減少した。観光客数の減少は地元企業に甚大な損失をもたらし、ソードランドにおける主要な観光拠点としての同市の地位を危うくしている。
ReportData,0x01000065000059D7,Turn09_Lachaven_TradeTariffsHurt,ReportProperties.Title,関税引き上げが港湾および海上貿易を乱す
ReportData,0x01000065000059D7,Turn09_Lachaven_TradeTariffsHurt,ReportProperties.Description,最近の関税引き上げにより、ラハベンにおける船舶輸送や海洋貿易全般が悪影響を受けている。商品の輸出入コストの増加により、同市の港を通過する貨物の量が減少し、貿易活動が大幅に停滞している。この混乱がもたらす経済的波及効果は、市内の企業々社で感じられている。
ReportData,0x010000460001ADF8,Turn09_Lachaven_Unrest_BlueMansion,ReportProperties.Title,抗議者たち、青の宮殿と市庁舎を占拠
ReportData,0x010000460001ADF8,Turn09_Lachaven_Unrest_BlueMansion,ReportProperties.Description,"青の宮殿は激しい抗議デモに占領され、公務員や国家職員たちは圧倒された。多くの人々が暴行を受け、建物も甚大な被害を受けた。この大規模な抗議は市役所まで拡大し、政府の財産が破壊された。機動隊が群衆を解散させようとした結果、数百人が負傷する大規模な衝突が発生した。火災が発生し、煙が夜空に立ち上った。消防士たちは大規模な火災の拡大を防ぐため懸命に活動していた。

この事件の後、街は完全な混乱状態となり、大規模な抗議はますます勢力を増すようだ。支援のため、さらに多くの機動隊が市内に派遣された。"
ReportData,0x010000460001AE70,Turn09_Lenkurg_Agnland_Economy_Bad,ReportProperties.Title,大量のサーモンが倉庫で腐敗したままに
ReportData,0x010000460001AE70,Turn09_Lenkurg_Agnland_Economy_Bad,ReportProperties.Description,レンクルグの市長は、魚類輸出の大幅な減少によって引き起こされた経済危機を食い止めるため、都市への財政支援を要請している。同市では新規顧客の確保に困難があると報告されており、毎日大量のサーモンが腐敗する状態が続き、多くの漁師がその街を離れている。
ReportData,0x010000460001AE58,Turn09_Lenkurg_Agnland_Economy_Good,ReportProperties.Title,全東部メルコパ漁業輸出業者の競争相手
ReportData,0x010000460001AE58,Turn09_Lenkurg_Agnland_Economy_Good,ReportProperties.Description,レンクルグの市民たちは、この地域の発展を促進した新たな投資や政策に対して感謝の意を表した。最新のデータによると、我々が政権を担って以来魚類の輸出量は4倍に増加し、新しい産業も次々と隆盛を極めている。同市は地域内のすべての魚類輸出業者の主要な競争相手となっただけでなく、アグンランドにおける観光拠点としての役割も果たし始めている。
ReportData,0x010000460001AE64,Turn09_Lenkurg_Agnland_Economy_Stablising,ReportProperties.Title,レンクルグ、魚類輸出に依存して成長
ReportData,0x010000460001AE64,Turn09_Lenkurg_Agnland_Economy_Stablising,ReportProperties.Description,レンクルグの港では漁業収入が30％増加したと報告されている。事業主や漁業関係者らは、経済を強化するための行政の取り組みを高く評価している。しかしレンクルグとアグンランドの問題はまだ解決しておらず、分析によれば同都市の経済活動は景気後退前の水準にほとんど回復していない状況だ。
ReportData,0x010000460001B6CF,Turn09_Lespia_BorderDeployment,ReportProperties.Title,レスピア、ソードランド国境に軍を派遣
ReportData,0x010000460001B6CF,Turn09_Lespia_BorderDeployment,ReportProperties.Description,"レスピア共和国軍が我々のレスピアとの南側国境における展開を強化しているとの報告がある。新たな国境警備隊や歩兵部隊が国境付近に配備されている。

我々の情報によれば、レスピア人たちは攻撃能力を持つ防御システムも設置している。これはホルソードはもちろん、全国にとって大きな危険をもたらすものである。"
ReportData,0x010000A1000035B7,Turn09_Lespia_Decision_NationalDestabilization_Violence,ReportProperties.Title,レスピア、我々の厳しい取り締まりを非難
ReportData,0x010000A1000035B7,Turn09_Lespia_Decision_NationalDestabilization_Violence,ReportProperties.Description,レスピアのパトリシオ・アルバレスは、我々が抗議者に対して行った暴力的な鎮圧を非難した。
ReportData,0x0100006500005226,Turn09_Lespia_RavnosIslandDefconTwo,ReportProperties.Title,レスピア、ラヴノス島に対し警戒レベルを引き上げる
ReportData,0x0100006500005226,Turn09_Lespia_RavnosIslandDefconTwo,ReportProperties.Description,"ヘルジランドでの最近の緊張激化に対し、パトリシオ・アルバレス首相はレスピアがDEFCON 2段階へ移行すると発表した。この宣言は警戒水準の引き上げを示すものであり、地域紛争の波及の恐れに対するレスピアの懸念を浮き彫りにしている。アルバレス首相は国の安全保障確保への取り組みを強調すると同時に、平和的な解決を望む考えを示した。

同首相は国際連盟に対し、状況を緩和するため迅速かつ断固とした行動を取るよう呼びかけた。"
ReportData,0x010000A300000A52,Turn09_MaveNortus_SmolakCall_WehlenJoinsWar,ReportProperties.Title,ジルから戦車部隊が進入
ReportData,0x010000A300000A52,Turn09_MaveNortus_SmolakCall_WehlenJoinsWar,ReportProperties.Description,パレス戦線における我が軍を支援するために派遣されたヴェゼク戦車部隊が、マーヴェ・ノルトゥスを通過して進軍している。地元住民は当初、侵攻が行われているのではないかと不安に思っていたが、スモラクの発表以降、これがリジア王の許可を得た友好的な進出であることを理解した。
ReportData,0x010000A1000033AC,Turn09_Monqiz_Decision_NationalDestabilizationOne,ReportProperties.Title,暴動、娯楽地区を標的に
ReportData,0x010000A1000033AC,Turn09_Monqiz_Decision_NationalDestabilizationOne,ReportProperties.Description,モンキズでは我が政府に対する暴動の際、複数のカジノや高級レストラン、ウェルネスリゾートが被害を受けた。最初の標的であったパラス・トラスから暴徒が追い払われると、怒れる群衆は富と格差の象徴であるエンターテイメント地区に矛先を向けた。
ReportData,0x010000A100002D4E,Turn09_Monqiz_RailwayReentersOperations,ReportProperties.Title,ポルテ・ドラゾン-モンキズ鉄道が再開
ReportData,0x010000A100002D4E,Turn09_Monqiz_RailwayReentersOperations,ReportProperties.Description,リジア最大の港とその首都を結ぶ鉄道は、ロムス王の治世初期に慢性的な投資不足により老朽化し運行が停止していたが、ついに再び運行を開始した。両都市間に住むリジア人たちは、再び国内の他地域と結ばれたことを喜んでいる。
ReportData,0x010000A10000347B,Turn09_Monqiz_SordishPolioArrives,ReportProperties.Title,ポリオによる死者数件が報告された
ReportData,0x010000A10000347B,Turn09_Monqiz_SordishPolioArrives,ReportProperties.Description,モンキズでは、ソードランド人の観光客がこの致命的な病気をリジアに持ち込んだようで、新たにポリオの流行が起きて苦境に立たされている。当局は感染が国の他の地域に広がるのを防ごうと急いで対応しており、すでに数人の死者が出ている。
ReportData,0x010000460001AE6C,Turn09_Morbel_Lorren_Economy_Bad,ReportProperties.Title,モルベル、間もなく廃墟と化す
ReportData,0x010000460001AE6C,Turn09_Morbel_Lorren_Economy_Bad,ReportProperties.Description,モルベルの市長は、増加する人口流出に対処するため都市への財政支援を要請している。彼によれば、何ら措置を講じなければ数年以内にその都市は廃墟と化すだろうという。モルナやホルソードからの商品・資材の供給不足が、この都市の経済悪化の主な要因である。
ReportData,0x010000460001AE54,Turn09_Morbel_Lorren_Economy_Good,ReportProperties.Title,貿易と商業がモルベルおよびローレン地方の発展を牽引
ReportData,0x010000460001AE54,Turn09_Morbel_Lorren_Economy_Good,ReportProperties.Description,"モルベルの市長は、同市の経済成長率が予想値の3倍に達したと報告した。提出された報告書によれば、多くの企業が同市で店舗を開設しようと競っている。将来的にはこの都市が工業・商業のハブとして発展することが期待される。

この好調な上向き傾向は、モルナからホルソードへと大量の商品や資材が流れ込んでいることに起因している。"
ReportData,0x010000460001AE60,Turn09_Morbel_Lorren_Economy_Stablising,ReportProperties.Title,モルベルで経済状況の改善が見られる
ReportData,0x010000460001AE60,Turn09_Morbel_Lorren_Economy_Stablising,ReportProperties.Description,"モルベル市では経済成長率が10％上昇したと報告された。地元住民は、ローレンの復興に向けた中央政府の取り組みを称賛している。しかし、同市の経済的潜在力はまだ十分に発揮されていない。

ホルソードとモルナの間の商品や資材の流れが、地元経済を維持する主要な要因の一つである。"
ReportData,0x010000460001ADFC,Turn09_Morbel_Unrest_Roadblocks,ReportProperties.Title,数千人の暴力的な抗議者たちが道路封鎖を行う
ReportData,0x010000460001ADFC,Turn09_Morbel_Unrest_Roadblocks,ReportProperties.Description,何千人もの抗議者たちがモルベルの出入り口に路障を設置し、市内への車両の進入を遮断している。機動隊が派遣されたものの、車両を破壊したり市内へ入ろうとする市民全員を脅迫したりする暴力的な抗議者たちを止めることはできなかった。警察長官は状況の制御が困難になっていると述べ、支援を要請した。
ReportData,0x0100006500005177,Turn09_Morella_CongratulatesCSPJoin,ReportProperties.Title,モレラ、ソードランドのコンタナ条約機構加入を祝う
ReportData,0x0100006500005177,Turn09_Morella_CongratulatesCSPJoin,ReportProperties.Description,ソードランドがマレニエフ主義国家の超大国連合であるコンタナ条約機構に加盟するという決定が下された後、特別高等警察であるコンタナ条約機構のアルマ・サルタナ首相はこの重要な展開に対し歓喜の意を表した。彼女は社会正義を追求する国と歩調を合わせたソードランドを称賛し、これを地域政治における画期的な出来事だと評した。現在コンタナ条約機構の候補者であるモレラは、これをメルコパにおいてマレニエフ主義思想の影響力が拡大している好兆しと見なしている。
ReportData,0x010000A100003599,Turn09_Morella_Decision_NationalDestabilization_Violence,ReportProperties.Title,モレラ、我々の厳しい措置を非難
ReportData,0x010000A100003599,Turn09_Morella_Decision_NationalDestabilization_Violence,ReportProperties.Description,モレラの首相であるアルマ・サルタナは、我々による抗議者への暴力的な鎮圧を非難している。
ReportData,0x0100005200054805,Turn09_Morella_IntermerkopumAcceptance,ReportProperties.Title,モレラ、地域同盟交渉に参加へ
ReportData,0x0100005200054805,Turn09_Morella_IntermerkopumAcceptance,ReportProperties.Description,アルマ・サルタナ首相は、南メルコパ同盟に向けた交渉への参加要請を受け入れた。彼女はポルテ・ドラゾンで開催される今回の円卓会議に出席する予定だ。
ReportData,0x01000052000547CE,Turn09_Morella_IntermerkopumRefusal,ReportProperties.Title,モレラ、地域同盟交渉から撤退
ReportData,0x01000052000547CE,Turn09_Morella_IntermerkopumRefusal,ReportProperties.Description,アルマ・サルタナ首相は、リジアやその他の潜在的なパートナーとの根本的な意見の相違を理由に、南メルコパ同盟に向けた交渉への参加要請を拒否した。
ReportData,0x010000460001AD54,Turn09_Morna_Campaign_CPS,ReportProperties.Title,CPSの大規模な取り締まり作戦
ReportData,0x010000460001AD54,Turn09_Morna_Campaign_CPS,ReportProperties.Description,ソードランド共産党は、次の選挙が近づく中、モルナ市で大規模な選挙運動を展開している。共産主義への支持が高まっており、一部の反共派グループは、CPSが次の選挙で十分な票数を獲得し、大国民議会に進出するのではないかと恐れている。
ReportData,0x0100006500005A2F,Turn09_Morna_InvestmentSynergyHigh,ReportProperties.Title,大規模な投資による相乗効果が実現
ReportData,0x0100006500005A2F,Turn09_Morna_InvestmentSynergyHigh,ReportProperties.Description,さまざまな分野における投資が高い相乗効果を発揮しており、目覚ましい経済成長をもたらしている。異なる方法で各分野に計画的に資本が投入された結果、大きな進展と生産性の向上が実現した。この効率的な資源配分が経済的成功を牽引し、将来の繁栄のための堅固な基盤を築いている。
ReportData,0x0100006500005A3F,Turn09_Morna_InvestmentSynergyLow,ReportProperties.Title,投資による相乗効果の低下が報告された
ReportData,0x0100006500005A3F,Turn09_Morna_InvestmentSynergyLow,ReportProperties.Description,各分野における投資同士の連携は依然として限定的であり、方向性が一致せず調整も行われていない戦略が原因で最適でない結果や経済成長の遅延が生じている。この状況は、その潜在能力を十分に引き出すために、より統合的かつ戦略的な投資アプローチを採用する必要性を示している。
ReportData,0x0100006500005A37,Turn09_Morna_InvestmentSynergyMedium,ReportProperties.Title,中規模投資における相乗効果が確認された
ReportData,0x0100006500005A37,Turn09_Morna_InvestmentSynergyMedium,ReportProperties.Description,複数の産業分野において、適度な水準の投資シナジーが見られている。投資は全体的にうまく連携し、着実な経済発展に寄与している。一部の分野ではより良い調整が効果をもたらす可能性があるものの、全体として様々な投資間の良好な相乗効果が安定的な経済成長を支えている。
ReportData,0x010000460001ACF8,Turn09_Morna_SeaPortOpens,ReportProperties.Title,港が開放される
ReportData,0x010000460001ACF8,Turn09_Morna_SeaPortOpens,ReportProperties.Description,モルナ港が国際的な海上交通に開放された。ソードランドの船舶は現在、世界中の40か所の目的地へ航行しており、リカやシーナといった遠隔大陸からも安価な海路輸送サービスを提供している。孤立していたローレン地方も、物資や人々の流入によって恩恵を受ける見込みだ。港湾活動の結果、多くの雇用機会が創出されている。
ReportData,0x010000460001AE24,Turn09_Morna_UnrestMilitary_BrigadierExecution,ReportProperties.Title,准将、反乱者の即時処刑を命じる
ReportData,0x010000460001AE24,Turn09_Morna_UnrestMilitary_BrigadierExecution,ReportProperties.Description,"ダルリン准将は先週、モルナで起きた大規模な反乱を鎮圧することに成功し、治安部隊と激しく戦った反乱分子2341名を逮捕した。郊外での戦闘は依然として続いているものの、先週の血なまぐさい衝突以降、軍隊に対する抵抗の大部分は収まっている。同准将はソードランドの裏切り者たちに容赦を示さず、即座に処刑すると宣言した。

明日、国内におけるさらなる反乱勢力への警告として、この2341名全員が銃殺隊によって処刑される。"
ReportData,0x010000A100003AEF,Turn09_Nanta_DiscardedBallotsDiscovered,ReportProperties.Title,数千枚の廃棄された投票用紙が発見される
ReportData,0x010000A100003AEF,Turn09_Nanta_DiscardedBallotsDiscovered,ReportProperties.Description,市外の野原で、ナンタを含むリジア人多数派地域から寄せられた数千票が入った投票箱がいくつか発見された。町の前政権は責任を逃れるべく迅速にヴェーレンへ避難したが、証拠からは投票を操作しようとする意図的な試みがあったことが示唆されている。
ReportData,0x010000A100003AF9,Turn09_Nanta_StreetFestival,ReportProperties.Title,ジル統一通り祭、大成功を収める
ReportData,0x010000A100003AF9,Turn09_Nanta_StreetFestival,ReportProperties.Description,この2日間、ナンタに住むリジア人とヴェゼク人の団結を祝うため急遽開催された街頭祭りが、市内の通りに活気をもたらした。この祭りはジルのリジア帰還を祝うと同時に、市内のヴェゼク人の生活を称え、異文化間対話の促進を目的としていた。
ReportData,0x010000460001AE0C,Turn09_Narbel_Unrest_CompanyTakeover,ReportProperties.Title,暴徒によりガソム施設が占拠される
ReportData,0x010000460001AE0C,Turn09_Narbel_Unrest_CompanyTakeover,ReportProperties.Description,"数百人の暴徒が私有財産を奪取しようと、ガソムの天然ガス施設に押し寄せた。警察は3000人規模の集団を阻止しようと試み、一部を制圧することに成功したが、残りの者たちは施設内に侵入して建物のいくつかを占拠した。

さらに多くの警察部隊が到着し、オフィスを占拠している者たちを包囲し始めた。占拠者の数が増え続けた1週間に及ぶ対立の末、大規模な衝突が発生し、施設は破壊され、警察官4人を含む18人が死亡した。"
ReportData,0x010000460001AD98,Turn09_Narbel_Unrest_Violent_Police_Unsuccessful,ReportProperties.Title,辺境都市で警察が圧倒される
ReportData,0x010000460001AD98,Turn09_Narbel_Unrest_Violent_Police_Unsuccessful,ReportProperties.Description,"不安定状況に対処するため警察力が派遣されて以来、僻地の都市で多くの攻撃が発生している。待ち伏せが横行し、治安部隊は後退を余儀なくされている。警察署や巡回隊が武装勢力の主な標的となっている。

増援が送られない限り、現在の兵力では状況を制圧するには不十分である。"
ReportData,0x010000A10000358F,Turn09_Nelvisar_Decision_NationalDestabilization_AutonomyPersists,ReportProperties.Title,ネルヴィサル共同体、依然として存続
ReportData,0x010000A10000358F,Turn09_Nelvisar_Decision_NationalDestabilization_AutonomyPersists,ReportProperties.Description,我々の約束にもかかわらず、自称ネルヴィサル共同体は存続を続け、地元の貴族たちを権力の座から追放すると宣言した。しかし、この動きを主導している元石油労働者たちは、自分たちが好きに行動できる限り、町は引き続きリジアに税金を支払うつもりだと述べている。
ReportData,0x010000A1000034B2,Turn09_Nelvisar_Decision_NationalDestabilizationTwo,ReportProperties.Title,元石油労働者たち、自治町を宣言
ReportData,0x010000A1000034B2,Turn09_Nelvisar_Decision_NationalDestabilizationTwo,ReportProperties.Description,現在は閉鎖されたネルヴィサル油田の元労働者たちは、毎年彼らを称えるために開催されるガラーディーのおかげで結束を保ち続け、ネルヴィサルの町役場を掌握し、政府軍の立入りを許さない自治コミューンとしてネルヴィサルを宣言した。
ReportData,0x010000A100003DF9,Turn09_Nelvisar_WorshippersMarchOnCapital3_Autonomy,ReportProperties.Title,ネルヴィサル自治町、信者たちの活動を阻止しようと試みる
ReportData,0x010000A100003DF9,Turn09_Nelvisar_WorshippersMarchOnCapital3_Autonomy,ReportProperties.Description,"ネルヴィサルでは、首都へ向かう宗教的な行進が現在は自治を得ているそのコミューンに到達した後、激しい戦闘が勃発した。信者たちが提唱する多くの宗教的な考え方に反対する石油労働者たちは、彼らが町を通過するのを阻止しようと試みた。

銃撃戦が交わされ多数の死傷者が出たことを受けて、首都への行進はこれ以上遅延を招かないよう、ネルヴィサルを通過せずにそのまま進むことを決定した。"
ReportData,0x010000A100003E03,Turn09_Nelvisar_WorshippersMarchOnCapital3_Regular,ReportProperties.Title,元石油労働者たち、宗教的行進に参加
ReportData,0x010000A100003E03,Turn09_Nelvisar_WorshippersMarchOnCapital3_Regular,ReportProperties.Description,元石油掘削作業員からなる大規模なコミュニティが住む小さな町ネルヴィサルに、首都を目指す宗教的行進が到達した。そこでは、以前に石油労働者たちがコミューンを結成しようと試みたものの国家によって阻止されていたため、他の選択肢に失望した多くの彼らがその行進に加わった。
ReportData,0x010000A100003164,Turn09_Pales_Decision_Unification_Reject,ReportProperties.Title,パレス大公国、統一案拒否に困惑
ReportData,0x010000A100003164,Turn09_Pales_Decision_Unification_Reject,ReportProperties.Description,パレス公国のラインハルト大公は、我々が統一に関する彼の提案を拒否したことに対し不信感を示し、「なぜロムス王が我々の国をより近づけるためにこれほど努力してきたのに、最後の瞬間に撤回するのか全く理解できない」と述べた。
ReportData,0x010000A1000038B1,Turn09_Pales_Decision_War_PalesInfrastructureCollapse_Aid,ReportProperties.Title,パレス大公国、援助要請を「傷に塩を塗る行為」と非難
ReportData,0x010000A1000038B1,Turn09_Pales_Decision_War_PalesInfrastructureCollapse_Aid,ReportProperties.Description,パレス政府は、自国の民間人に人道支援を届ける計画を侮辱だと非難し、支援を求める代わりに国際社会は即時停戦と民間インフラへの空爆中止を支持すべきだと主張している。
ReportData,0x0100005200054810,Turn09_Pales_IntermerkopumAcceptance,ReportProperties.Title,パレス、地域同盟交渉に参加する
ReportData,0x0100005200054810,Turn09_Pales_IntermerkopumAcceptance,ReportProperties.Description,アクセル・ラインハルト大公は、南メルコパ同盟に関する交渉への参加要請を受け入れた。彼はポルテ・ドラゾンで開催される今回の円卓会議に出席する。
ReportData,0x01000052000547EF,Turn09_Pales_IntermerkopumRefusal,ReportProperties.Title,パレス、地域同盟交渉から撤退
ReportData,0x01000052000547EF,Turn09_Pales_IntermerkopumRefusal,ReportProperties.Description,アクセル・ラインハルト大公は、リジアとパレス大公国の間に根強い不信感が残っているとして、南メルコパ同盟に関する交渉への参加要請を拒否した。
ReportData,0x010000C300016B85,Turn09_Pipeline_NatDes_TombVandalized,ReportProperties.Title,故王の墓が破壊される
ReportData,0x010000C300016B85,Turn09_Pipeline_NatDes_TombVandalized,ReportProperties.Description,国立霊廟は一晩のうちに破壊され、故王の墓も損傷を受けた。犯人捜査が進められている現在、当局は政治的な動機があると見ている。
ReportData,0x010000A100003DDB,Turn09_Plavo_GuardiansPreventUnrestMassPrayer,ReportProperties.Title,ヴルヘックの守護者たち、大規模な祈りの場で平和を維持
ReportData,0x010000A100003DDB,Turn09_Plavo_GuardiansPreventUnrestMassPrayer,ReportProperties.Description,新たに結成されたヴルヘックの守護者たちは、何万人もの信者がプラヴォの街に集まる大規模な祈りの儀式が円滑に行われるよう徹底して対応した。彼らは群衆を適切に制御し、いかなる事故や混乱も起こさないようにした。
ReportData,0x010000A100003DD1,Turn09_Plavo_MassPrayer,ReportProperties.Title,数万人の信者が訪れる見込み
ReportData,0x010000A100003DD1,Turn09_Plavo_MassPrayer,ReportProperties.Description,国内のヴルヘック教徒コミュニティは、構成員たちにプラヴォの聖堂で開催される予定の大規模な祈りの集会に参加するよう呼びかけている。この祈りは宗教的な性質を持つものの、政治的な問題についても言及される見込みだ。
ReportData,0x010000A100003DE5,Turn09_Plavo_WorshippersMarchOnCapital1,ReportProperties.Title,信者たち、首都へ向けて行進する
ReportData,0x010000A100003DE5,Turn09_Plavo_WorshippersMarchOnCapital1,ReportProperties.Description,大規模な祈りの集会が終わった後、依然としてプラヴォにいる信者たちは、我々の統治に不満を抱くさらなる人々に自分たちの仲間に加わるよう呼びかけている。この組織は、ヴルヘック教徒共同体の力を示し、政治的変革を要求するため、ポルテ・ドラゾンへ向けて行進を開始するつもりである。
ReportData,0x010000A10000357B,Turn09_PorteDrazon_Decision_NationalDestabilization_Default,ReportProperties.Title,リジア史上最大のデモ行進
ReportData,0x010000A10000357B,Turn09_PorteDrazon_Decision_NationalDestabilization_Default,ReportProperties.Description,約三百五十万人がポルテ・ドラゾンで我々の統治に反対するデモ行進を行い、これはリジアの歴史上最大規模の集会となった。
ReportData,0x010000A1000033A2,Turn09_PorteDrazon_Decision_NationalDestabilizationOne,ReportProperties.Title,数百万人が街頭に集結
ReportData,0x010000A1000033A2,Turn09_PorteDrazon_Decision_NationalDestabilizationOne,ReportProperties.Description,ポルテ・ドラゾンの街路は、我が国政府の政策に怒る抗議者たちで溢れかえった。要求内容は様々だったが、大多数にとって明らかなのは国王を退位させなければならないということだ。主催者側は参加者数が200万人以上だと主張しており、リジア・インペリイ警察もその数字に異議を唱えることができず、これらの抗議活動はリジアの歴史上最も大規模なものとなっている。
ReportData,0x010000A100003442,Turn09_PorteDrazon_Decision_NationalDestabilizationOne_CurfewDefied,ReportProperties.Title,数十万人が大規模抗議で夜間外出禁止令に抵抗
ReportData,0x010000A100003442,Turn09_PorteDrazon_Decision_NationalDestabilizationOne_CurfewDefied,ReportProperties.Description,夜間外出禁止令が出されているにもかかわらず、数十万人もの人々がポルテ・ドラゾンに集まり、国王への不満を表明し彼の辞任を要求した。このデモは夜間に行われ、外出禁止令が発効する1時間前から始まった。デモの周辺では逮捕者も出たが、リジア・インペリイ警察はこの巨大な群衆を止めることは不可能だとすぐに悟り、撤退することにした。
ReportData,0x010000A10000344C,Turn09_PorteDrazon_Decision_NationalDestabilizationOne_MilitaryKills,ReportProperties.Title,軍の発砲により36人が死亡
ReportData,0x010000A10000344C,Turn09_PorteDrazon_Decision_NationalDestabilizationOne_MilitaryKills,ReportProperties.Description,我が統治に対する大規模な動員を防ぎ秩序を維持するために配備されていた軍隊が、抗議デモに向けて発砲した。少なくとも36人が死亡し、さらに多数が負傷した。反国王デモの主催者たちは、『殉教者』たちの死を無駄にしないよう続けて闘うと既に宣言している。
ReportData,0x010000A100003460,Turn09_PorteDrazon_Decision_NationalDestabilizationOne_ProtestsContinue,ReportProperties.Title,国王の約束にもかかわらず抗議活動は続く
ReportData,0x010000A100003460,Turn09_PorteDrazon_Decision_NationalDestabilizationOne_ProtestsContinue,ReportProperties.Description,ポルテ・ドラゾンでは再び大規模なデモが行われ、200万人以上の人々が首都の街頭に溢れ出し、国王の退位を要求した。譲歩によってデモ参加者を鎮めようとする我々の試みは失敗に終わったようだ。
ReportData,0x010000A100003456,Turn09_PorteDrazon_Decision_NationalDestabilizationOne_SecurityKills,ReportProperties.Title,治安部隊が発砲し12人が死亡
ReportData,0x010000A100003456,Turn09_PorteDrazon_Decision_NationalDestabilizationOne_SecurityKills,ReportProperties.Description,秩序を維持し、我々の統治に対する大規模な動員を防ぐために配備されていた治安部隊が、抗議デモに向けて発砲した。少なくとも12人が死亡し、さらに多数が負傷した。反王政デモの主催者たちは、『殉教者』たちの死を無駄にしないよう引き続き運動を続けると既に宣言している。
ReportData,0x010000A100003571,Turn09_PorteDrazon_Decision_NationalDestabilization_Promises,ReportProperties.Title,リジア史上最大のデモ行進
ReportData,0x010000A100003571,Turn09_PorteDrazon_Decision_NationalDestabilization_Promises,ReportProperties.Description,約三百五十万人がポルテ・ドラゾンで我々の統治に反対するデモ行進を行い、これはリジア史上最大規模の示威行動となった。このデモ参加者への調査により、我々が出した約束に対してある程度の好感が見られるものの、依然として懐疑的な人々も多いことが分かっている。
ReportData,0x010000A1000034C6,Turn09_PorteDrazon_Decision_NationalDestabilizationTwo,ReportProperties.Title,当局、再びの大規模デモに備える
ReportData,0x010000A1000034C6,Turn09_PorteDrazon_Decision_NationalDestabilizationTwo,ReportProperties.Description,首都の当局は、数日後に同地で開催される君主制に反対するまた一つの大規模デモンストレーションに対処するため慌ただしく準備を進めている。国内各地から抗議者が集まる見込みであり、これはこれまでで最も大規模なデモになる可能性がある。
ReportData,0x010000A100003567,Turn09_PorteDrazon_Decision_NationalDestabilization_Violence,ReportProperties.Title,ポルテ・ドラゾン、デモ鎮圧の惨劇に震撼
ReportData,0x010000A100003567,Turn09_PorteDrazon_Decision_NationalDestabilization_Violence,ReportProperties.Description,我々の統治に反対する大規模なデモはほぼ阻止されたものの、ポルテ・ドラゾンの民衆は今や我々の軍隊によって行われた虐殺の影響で苦しんでいる。病院では処理能力をはるかに超えた患者が押し寄せており、地方政府は5人以上が集まるあらゆる集会を引き続き弾圧している。
ReportData,0x010000A30000076F,Turn09_PorteDrazon_Decision_PublicTransportationDestroyed,ReportProperties.Title,バスは4台に1台のみ運行、単一の地下鉄路線のみが依然として営業中
ReportData,0x010000A30000076F,Turn09_PorteDrazon_Decision_PublicTransportationDestroyed,ReportProperties.Description,ポルテ・ドラゾンの公共交通機関は完全に機能を停止しており、数多くの設備故障が原因で車両が著しく不足しているのがこの状況の主な要因である。バスは4台に1台しか運行できず、地下鉄も3路線あるうち1路線のみが運行を続けており、他の2路線はレールの故障により使用不能となっている。
ReportData,0x010000CA000019C7,Turn09_PorteDrazon_Decision_RRGFuturePostNationalization_StatePrivateCoop,ReportProperties.Title,RRGの株式売却が証券取引所で開始される
ReportData,0x010000CA000019C7,Turn09_PorteDrazon_Decision_RRGFuturePostNationalization_StatePrivateCoop,ReportProperties.Description,"リジア王室金鉱の株式の公開取引がポルテ・ドラゾン証券取引所において正式に始まった。初日の取引では金融業界全体から強い関心が寄せられた。

当局によると取引量は安定しており、秩序ある市場環境を維持するための監視体制が整えられているとのことだ。今回の株式公開は、RRGがより広範な経済に統合される新たな段階を示すものである。"
ReportData,0x010000CA00000CCA,Turn09_PorteDrazon_Decision_StockExchangeResults_Average,ReportProperties.Title,証券取引所、緩やかな上昇を見せる
ReportData,0x010000CA00000CCA,Turn09_PorteDrazon_Decision_StockExchangeResults_Average,ReportProperties.Description,"ポルテ・ドラゾン証券取引所の開設により経済は緩やかに好転し、投資額も当初の予想をわずかに上回った。地元企業の活動もいくらか活発になっているが、全体的な影響度合いは期待ほど大きくない。

この都市が新たな金融機能に順応し続ける中、住民たちは徐々に成長が見込めると慎重ながらも楽観視している。"
ReportData,0x010000CA00000CE0,Turn09_PorteDrazon_Decision_StockExchangeResults_Bad,ReportProperties.Title,証券取引所、機能回復に苦戦
ReportData,0x010000CA00000CE0,Turn09_PorteDrazon_Decision_StockExchangeResults_Bad,ReportProperties.Description,"ポルテ・ドラゾンの開場式は期待に応えるものとはならず、経済的な成果も振るわなかった。地元企業はほとんど利益を得ておらず、住民たちはこのプロジェクトがその投資に見合う価値があったのか疑問を抱いている。

経済分析家は拙劣な計画立案と投資家の信頼欠如を主な要因だと指摘している。金融面での好転への期待は今や懐疑論に取って代わられつつある。"
ReportData,0x010000CA00000CA9,Turn09_PorteDrazon_Decision_StockExchangeResults_Good,ReportProperties.Title,証券取引所、好調な収益を記録
ReportData,0x010000CA00000CA9,Turn09_PorteDrazon_Decision_StockExchangeResults_Good,ReportProperties.Description,"ポルテ・ドラゾン証券取引所の開設は好調な結果を示し、着実な投資が続々と流入している。特に金融分野の地元企業では活動が活発化し、楽観的な見通しが強まっている。

都市全体で経済的な利益がもたらされている一方、一部の住民はこの成長が一時的なブームを超えて持続することを慎重に期待している。"
ReportData,0x010000CA00000C88,Turn09_PorteDrazon_Decision_StockExchangeResults_Great,ReportProperties.Title,証券取引所の活況が経済成長を後押し
ReportData,0x010000CA00000C88,Turn09_PorteDrazon_Decision_StockExchangeResults_Great,ReportProperties.Description,"ポルテ・ドラゾン証券取引所は大きな影響を与えており、国内企業が繁栄し、海外からの投資も次々と流入している。地元企業からは、特に金融業や観光業分野で活動が活発化しているとの報告がある。

経済が好転することで長期的な安定と成長への期待が高まり、住民たちは楽観的な姿勢を見せている。当局者らは、この証券取引所によってポルテ・ドラゾンが繁栄する商業拠点としての評判がさらに向上し続けるだろうと確信している。"
ReportData,0x010000CA00000CF6,Turn09_PorteDrazon_Decision_StockExchangeResults_Horrible,ReportProperties.Title,証券取引所の崩壊が都市に衝撃を与える
ReportData,0x010000CA00000CF6,Turn09_PorteDrazon_Decision_StockExchangeResults_Horrible,ReportProperties.Description,"ポルテ・ドラゾン証券取引所は悲惨な滑り出しを迎え、経済成績が期待値を大幅に下回っている。地元企業では深刻な衰退が報告されており、住民たちはこの金融ハブの設立決定に対して公然と疑問を投げかけている。

経済専門家らは、この崩壊の原因を拙劣な計画性と投資家の信頼欠如にあると指摘している。世論は圧倒的に否定的で、責任追及を求める声が多く上がっている。"
ReportData,0x010000CA00000D0C,Turn09_PorteDrazon_Decision_TourismCampaignResults_BoomingSuccess,ReportProperties.Title,観光ブームが地元経済を活性化
ReportData,0x010000CA00000D0C,Turn09_PorteDrazon_Decision_TourismCampaignResults_BoomingSuccess,ReportProperties.Description,"ポルテ・ドラゾンは今年、予想をはるかに上回る1250万人もの訪問者を迎え入れ、前例のない盛況を見せている。高級ホテルは満室となっており、地元企業も過去最高の利益を記録している。

観光客の増加によりズパナ川沿いや歴史的地域が活性化し、国際的な注目を集めると同時に、この都市が一流の観光地としての地位をさらに固めている。経済的な利益が継続して拡大する中、住民たちは楽観的な姿勢を見せている。"
ReportData,0x010000CA00000D85,Turn09_PorteDrazon_Decision_TourismCampaignResults_Failure,ReportProperties.Title,観光キャンペーン、失敗に終わる
ReportData,0x010000CA00000D85,Turn09_PorteDrazon_Decision_TourismCampaignResults_Failure,ReportProperties.Description,"ポルテ・ドラゾンの観光振興策は大きな効果をもたらすことができず、訪問者数は270万人にとどまり、前年とほとんど変わらなかった。地元企業は期待に届かない収益しか得られておらず、この都市が文化的中心地として持つ評判も依然として実現されていない。

経済分析家たちは、拙劣な戦略計画と不十分な国際的展開を主な要因として挙げている。住民たちは、この投資が本当に価値があったのか疑問視している。"
ReportData,0x010000CA00000D2D,Turn09_PorteDrazon_Decision_TourismCampaignResults_GoodSuccess,ReportProperties.Title,観光がポルテ・ドラゾンの発展をもたらす
ReportData,0x010000CA00000D2D,Turn09_PorteDrazon_Decision_TourismCampaignResults_GoodSuccess,ReportProperties.Description,"今年は最近の観光キャンペーンのおかげで、この都市には930万人もの観光客が訪れた。ホテルでは満室率が高く、新規事業が次々と立ち上がることで地元経済も着実な成長を遂げている。

住民たちは慎重ながらも楽観的で、観光客の増加が引き続き都市の発展を支えてくれることを期待している。"
ReportData,0x010000CA00000D4E,Turn09_PorteDrazon_Decision_TourismCampaignResults_ModestGain,ReportProperties.Title,観光業、緩やかな成長をもたらす
ReportData,0x010000CA00000D4E,Turn09_PorteDrazon_Decision_TourismCampaignResults_ModestGain,ReportProperties.Description,"ポルテ・ドラゾンの観光キャンペーンにより680万人もの訪問者が訪れ、地元経済にわずかな活性化がもたらされた。しかし、新規事業者が限られたスペースを争う中でインフラに負担がかかっている。

住民たちは来訪者数の増加に喜びを感じているものの、都市がこの成長を持続できるかどうかについて懸念を示している。"
ReportData,0x010000CA00000D6F,Turn09_PorteDrazon_Decision_TourismCampaignResults_Underwhelming,ReportProperties.Title,観光キャンペーン、期待に応えられず
ReportData,0x010000CA00000D6F,Turn09_PorteDrazon_Decision_TourismCampaignResults_Underwhelming,ReportProperties.Description,"ポルテ・ドラゾンは、都市の知名度を高めるための努力がなされたにもかかわらず、今シーズンはわずか410万人の訪問者しか記録していない。地元の事業主たちは期待されていた経済的な好影響が全く現れなかったとして失望を表明している。

国際的な宣伝活動や物流上の課題が原因であると指摘されている。住民たちは、このキャンペーンの潜在力が過大評価されていたのではないかと疑問に思っている。"
ReportData,0x010000A100003E17,Turn09_PorteDrazon_GuardiansDeployed,ReportProperties.Title,ヴルヘックの守護軍、3月の到着に備える
ReportData,0x010000A100003E17,Turn09_PorteDrazon_GuardiansDeployed,ReportProperties.Description,信者たちが首都に近づく中、平穏を守るためにヴルヘックの守護者があらゆる街角に配備されている。すでに守護者たちは、予想される大勢の人々が安全に到着できるよう広場を力ずくで清掃し始めたことから、他の反政府デモ参加者たちと小規模な衝突が起きている。
ReportData,0x010000A1000004E1,Turn09_PorteDrazon_HomelessnessReduces,ReportProperties.Title,ホームレス問題が急激に悪化
ReportData,0x010000A1000004E1,Turn09_PorteDrazon_HomelessnessReduces,ReportProperties.Description,ホームレス者への住宅供給プログラムが順調に進展するにつれ、ポルテ・ドラゾン内のホームレス数は実質的に半減した。依然として住宅不足が存在し、適切な住居を見つけることは困難だが、これらの問題を緩和するための新規建設が進行中である。
ReportData,0x010000A100000513,Turn09_PorteDrazon_HousingCrisisEases,ReportProperties.Title,住宅危機が緩和される
ReportData,0x010000A100000513,Turn09_PorteDrazon_HousingCrisisEases,ReportProperties.Description,国王が最近取った措置により、ここ数年ポルテ・ドラゾンを悩ませてきた住宅危機は緩和の兆しを見せている。専門家らは依然として都市が安全圏に入ったわけではないと警鐘を鳴らしているものの、急騰していた家賃が過去のものとなることで多くの住民が安堵の息をつくだろう。
ReportData,0x010000A1000004EB,Turn09_PorteDrazon_HousingMovementOutraged,ReportProperties.Title,住宅問題に怒る民衆、大規模集会が開催
ReportData,0x010000A1000004EB,Turn09_PorteDrazon_HousingMovementOutraged,ReportProperties.Description,国王がポルテ・ドラゾンの収用運動の要求を無視するという決定を下したことを受け、数十万人もの市民が市当局による禁止令を無視して街頭に繰り出した。集会の周辺では小競り合いや逮捕が行われたが、この運動は公正な住居環境を求める闘争はまだ始まったばかりだと宣言している。
ReportData,0x010000A1000004F5,Turn09_PorteDrazon_LimitedBuybackIneffective,ReportProperties.Title,住宅運動、買い戻し政策を強く非難
ReportData,0x010000A1000004F5,Turn09_PorteDrazon_LimitedBuybackIneffective,ReportProperties.Description,国王による大規模な地主からの不動産買い戻しは、限定的な範囲で行われており、住宅運動からは効果のない政策だと厳しく非難されており、結局はトラス家の手に権力を集中させるだけだと指摘されている。初期の予測では、この買い戻しは賃貸料金に影響を与えないだろうとされていたが、適切に実施されればホームレス人口を減少させる可能性があるとされている。
ReportData,0x010000A100003485,Turn09_PorteDrazon_SordishPolioArrives_Response,ReportProperties.Title,ポリオの流行、収束に
ReportData,0x010000A100003485,Turn09_PorteDrazon_SordishPolioArrives_Response,ReportProperties.Description,当局の迅速な対応により、ポリオの流行が首都に拡大するのを防ぐため、何人かが隔離された。これにより、現時点ではポルテ・ドラゾンで大規模な流行を回避できている。
ReportData,0x010000B80000840B,Turn09_ReformDeclaration_HouseAzaroGathers,ReportProperties.Title,アザロ家、非公開会合を開催
ReportData,0x010000B80000840B,Turn09_ReformDeclaration_HouseAzaroGathers,ReportProperties.Description,"リジア情報局によると、昨日行われた予期せぬ会合において、アザロ家の有力者たちが先週末の遅く、モンタクラルにある彼らの祖宅で非公開の集まりを開催した。ほとんど前触れもなく極秘裏に準備されたこの会合には、タデウス・アザロやカルロス・ロブレス・アザロといった要人たちが集まった。

議題の詳細は不明だが、情報筋によると会合開催中、その屋敷周辺では厳重な警備措置が取られていたという。"
ReportData,0x010000B800008417,Turn09_ReformDeclaration_HouseAzaroGathers_War,ReportProperties.Title,アザロ家、将軍たちが前線を離れて出席する中で非公開会議を開催
ReportData,0x010000B800008417,Turn09_ReformDeclaration_HouseAzaroGathers_War,ReportProperties.Description,"リジア情報局によると、昨日行われた予期せぬ会合において、アザロ家の有力者たちが昨夜遅く、モンタクラルにある彼らの祖先の屋敷で非公開の集まりを開催した。ほとんど前触れもなく極秘裏に準備されたこの会合には、パレス方面の前線にいた主要な軍司令官であるタデウス・アザロ将軍およびカルロス・ロブレス・アザロ将軍が急遽出席するためにその場を離れた。  

情報筋によれば、会合中は屋敷周辺の警備が大幅に強化され、追加の警備員が配置され、立ち入りも厳しく制限されていたという。"
ReportData,0x010000B800008411,Turn09_ReformDeclaration_SuOminaGathering,ReportProperties.Title,スー・オミナ集会、改革案を強く非難
ReportData,0x010000B800008411,Turn09_ReformDeclaration_SuOminaGathering,ReportProperties.Description,"今日、スー・オミナのメンバーたちが「反改革派」の団体や組織と連携してマーヴェ・ノルトゥスで集会を開催した。数人の土地所有者や実業家も出席したこの集まりにおいて、彼らは国王が最近RPPの改革要求を支持したことを非難し、それをリジアの遺産や高貴な伝統への裏切りだと断じた。

集会で演説した人々は、リジアの貴族の特権を損ない、現在の社会秩序を乱すようなあらゆる措置に対してリジア国民連合が抵抗すべきだと呼びかけた。「王国を守れ」と「グロヴリウス・アクサ・リジア」という声が街中に響き渡り、リジア人民党や勢力を拡大しつつある改革運動に対する明らかな怒りが表出した。"
ReportData,0x010000B80000841D,Turn09_Revolutionaries_SuspiciousActivityinPorteDrazon,ReportProperties.Title,ポルテ・ドラゾンでの怪しい活動
ReportData,0x010000B80000841D,Turn09_Revolutionaries_SuspiciousActivityinPorteDrazon,ReportProperties.Description,"リジア情報局は、過去1週間にポルテ・ドラゾン内で異常な活動が増加していることを確認している。匿名の通報や散発的な報告によれば、市街地中心部近くの工業地域で未登録車両の移動や小規模な集団が結集しているという。一部地域の住民からは緊張感が高まっているとの報告もあり、見知らぬ顔立ちの人物が地元の店舗や倉庫に頻繁に出入りしている。  

当局はまた、市内から発信される暗号化通信が急増していることも把握しており、未公開の何らかの行事のための調整が行われているのではないかと懸念している。直接的な脅威は確認されていないものの、これらの活動のタイミングや集中度が、大図書館で行われる女王母上の誕生日祝賀行事の準備期間と重なっていることから警戒が強まっている。  

地元の法執行機関には、重要な場所周辺での警戒を強化し、特定された危険地域への監視を続けるよう指示が出ている。"
ReportData,0x010000460001AE94,Turn09_Ribel_Relocation,ReportProperties.Title,移住手当
ReportData,0x010000460001AE94,Turn09_Ribel_Relocation,ReportProperties.Description,教師や医師の移住を図る我々の取り組みはいくつか反発に遭ったものの、有益な結果も得られている。リベルの村人たちは農業や植物学の分野で教育を受け、地域の農作物生産量が向上している。
ReportData,0x010000460001AE00,Turn09_Ribery_Unrest_HistoricalSite,ReportProperties.Title,暴徒ら、リベリーの史跡を破壊
ReportData,0x010000460001AE00,Turn09_Ribery_Unrest_HistoricalSite,ReportProperties.Description,"暴徒たちはリベリーの地下にある古代洞窟で見つかった金品や宝石を略奪し、その際警察と衝突した。一部の容疑者は逮捕されたが、暴徒がブルドーザーで警察部隊を轢き殺すという行為により警察側は甚大な被害を受けた。14人の警官が重傷を負い病院に運ばれた。

暴徒たちは市中心部の店舗を襲撃し、市内の民間財産のほとんどを破壊した。中には病院にいる警察官まで追い詰めて攻撃する者もいた。"
ReportData,0x010000650000526B,Turn09_Rizia_CelebratesSollTrial,ReportProperties.Title,リジア、ソルの裁判を歓迎
ReportData,0x010000650000526B,Turn09_Rizia_CelebratesSollTrial,ReportProperties.Description,"ロムス王は、元大統領ソルを裁判にかけるというソードランドの決定を称賛し、それを正義への称賛すべき取り組みだと見なした。国王は、この裁判がソードランドの統治における透明性と説明責任の転換点となり、君主主義者たちや黒い大隊への恐ろしい処罰、そしてソードランド王家の追放という出来事を忘れないきっかけとなることを期待した。

国王は、このような措置が両国間の信頼を強化する上で重要であると強調した。"
ReportData,0x010000460001B6C7,Turn09_Rumburg_Reparations,ReportProperties.Title,外相、平和を呼びかける
ReportData,0x010000460001B6C7,Turn09_Rumburg_Reparations,ReportProperties.Description,ルンブルクの外務大臣は、我々が賠償を行うという決定を称賛し、我が国政府の外交的な姿勢に感謝の意を表した。同大臣は両国間の平和とより良い関係の構築を呼びかけ、ルンブルク政府も必ず正しい措置を講じて両国を一層近づけるだろうと述べた。
ReportData,0x010000A1000033B6,Turn09_Sallabes_Decision_NationalDestabilizationOne,ReportProperties.Title,演説中のサゾンが野次を受ける
ReportData,0x010000A1000033B6,Turn09_Sallabes_Decision_NationalDestabilizationOne,ReportProperties.Description,エル・ノース地方出身の下級貴族であるメリダ・サゾンは、サラベスで我が政府に反対する抗議活動へ演説を試みた際、野次られる事態となった。抗議者たちはサゾン家が「反対運動を通じて実質的な変化をもたらせず」いると非難し、国王に対処するためには「より革命的な戦略」が必要だと要求した。
ReportData,0x010000C1000000B3,Turn09_Sallabes_DiplomaticGala,ReportProperties.Title,レオナ・サゾンが外交ガラを主催
ReportData,0x010000C1000000B3,Turn09_Sallabes_DiplomaticGala,ReportProperties.Description,レオナ・サゾン女伯爵は、紛争によって苦しむ避難民家族のための資金調達を目的としてサラベスで晩餐会を開催した。主要な政治家たちが出席し、これは単なる慈善イベントに留まらず、困難な時期にリジアへの支援を結集させるための重要な外交的集会となった。
ReportData,0x010000A100004278,Turn09_Sallabes_ZilleReturn_GiveToBrenas,ReportProperties.Title,サゾン家、ジルの帰還を祝う
ReportData,0x010000A100004278,Turn09_Sallabes_ZilleReturn_GiveToBrenas,ReportProperties.Description,サゾン家はサラベスで盛大な祝賀会を開き、ジルをブレナス州に再編入するという我々の決定を祝った。下級貴族を含むほぼ全てのサゾン貴族が出席した。祝賀行事は夜遅くまで続く見込みであり、その後サゾン側の大規模な祝賀団がジル自体に向かうことになっている。
ReportData,0x010000460001ACF4,Turn09_Sarna_AgriculturalZoneOpens,ReportProperties.Title,農業特区が開設される
ReportData,0x010000460001ACF4,Turn09_Sarna_AgriculturalZoneOpens,ReportProperties.Description,サルナの農業地帯が一般に開放された。新たな協力機会を申請しようと、多くの農家たちが長い列を作って待っている。この開放によりサルナの農業生産量は40％増加する見込みだ。報告によれば、近隣都市からも農業労働者が移住してきており、雇用や投資の流入が生じている。
ReportData,0x010000460001AE68,Turn09_Sarna_Bergia_Economy_Bad,ReportProperties.Title,犯罪と人種間暴力の激化がサルナを苦しめる
ReportData,0x010000460001AE68,Turn09_Sarna_Bergia_Economy_Bad,ReportProperties.Description,サルナの市長は同市への財政支援と強化された治安措置を要請している。彼は市内で人種間の暴力や犯罪が急増していると報告した。投資の不足が社会のさまざまな層間の経済的格差を悪化させているようだ。
ReportData,0x010000460001AE50,Turn09_Sarna_Bergia_Economy_Good,ReportProperties.Title,貿易・農業の新たな主要拠点
ReportData,0x010000460001AE50,Turn09_Sarna_Bergia_Economy_Good,ReportProperties.Description,市の成長は200％に達すると見込まれている。内部統計によれば、この傾向が続けば、サルナは今後10年でデイルに肩を並べる都市になる。この成功は、同地域に対する最近の政府の投資と政策によるものとされる。サルナは西ソードランドの交易と商業の中心地となる可能性を秘めている。
ReportData,0x010000460001AE5C,Turn09_Sarna_Bergia_Economy_Stabilising,ReportProperties.Title,人種的緊張により経済安定化が妨げられる
ReportData,0x010000460001AE5C,Turn09_Sarna_Bergia_Economy_Stabilising,ReportProperties.Description,"サルナの市長は経済成長があったと報告した。彼は同地域への政府による投資に感謝の意を表した。しかし、多文化都市であるサルナは依然として社会的な問題に苦しんでいる。

ブルディア人と地元のソード族との間の緊張は依然として高い状態にある。"
ReportData,0x01000065000059EF,Turn09_Sarna_InvestmentSynergyHigh,ReportProperties.Title,大規模な投資による相乗効果が実現
ReportData,0x01000065000059EF,Turn09_Sarna_InvestmentSynergyHigh,ReportProperties.Description,さまざまな分野における投資が高い相乗効果を発揮しており、目覚ましい経済成長をもたらしている。異なる方法で各分野に計画的に資本が投入された結果、大きな進展と生産性の向上が実現した。この効率的な資源配分が経済的成功を牽引し、将来の繁栄のための堅固な基盤を築いている。
ReportData,0x01000065000059DF,Turn09_Sarna_InvestmentSynergyLow,ReportProperties.Title,投資による相乗効果の低下が報告された
ReportData,0x01000065000059DF,Turn09_Sarna_InvestmentSynergyLow,ReportProperties.Description,各分野における投資同士の連携は依然として限定的であり、方向性が一致せず調整も行われていない戦略が原因で最適でない結果や経済成長の遅延が生じている。この状況は、その潜在能力を十分に引き出すために、より統合的かつ戦略的な投資アプローチを採用する必要性を示している。
ReportData,0x01000065000059E7,Turn09_Sarna_InvestmentSynergyMedium,ReportProperties.Title,中規模投資における相乗効果が確認された
ReportData,0x01000065000059E7,Turn09_Sarna_InvestmentSynergyMedium,ReportProperties.Description,複数の産業分野において、適度な水準の投資シナジーが見られている。投資は全体的にうまく連携し、着実な経済発展に寄与している。一部の分野ではより良い調整が効果をもたらす可能性があるものの、全体として様々な投資間の良好な相乗効果が安定的な経済成長を支えている。
ReportData,0x010000460001AE20,Turn09_Sarna_UnrestMilitary_SoldiersShoot,ReportProperties.Title,兵士たちが暴力的な暴動者らを射殺
ReportData,0x010000460001AE20,Turn09_Sarna_UnrestMilitary_SoldiersShoot,ReportProperties.Description,"サルナの街では暴力的な暴動が発生し、都市の支配権を取り戻すために大規模な軍部隊が派遣された。暴徒と歩兵旅団との激しい衝突により、123人が死亡し412人の民間人が負傷した。サルナの街路は血で染まり、これ以上暴動が起きないよう軍が民間の統治権を掌握した。衝突の後に1000人以上が逮捕され、多くの裏切り者たちが地元の刑務所で尋問を受けている。

暴徒たちは再び市庁舎を奪還しようと試み、狩猟用ライフルで兵士たちに発砲した。兵士たちは暴徒全員を射殺し、さらなる反乱の芽を摘んだ。"
ReportData,0x010000460001AD64,Turn09_Sarna_WPB_Leader_Poisoned,ReportProperties.Title,WPBの指導者が毒殺される
ReportData,0x010000460001AD64,Turn09_Sarna_WPB_Leader_Poisoned,ReportProperties.Description,"ブルディア労働者党の指導者であるフェティ・エジャルは神経剤によって中毒し、重体となって病院に運ばれた。選挙運動の演説を行うためサルナを訪問した際、地元の家族が用意したザブラを食べた後突然体調を崩したのである。

犯人探しのため捜査が開始されている。"
ReportData,0x010000A10000315A,Turn09_Sordland_Decision_Unification_Agree,ReportProperties.Title,ソードランド、祝意を表す
ReportData,0x010000A10000315A,Turn09_Sordland_Decision_Unification_Agree,ReportProperties.Description,ソードランド人の大統領であるアントン・レインは、リジアとパレスの統一が計画されていることについて我々を祝った。レインは統一された国民の必要性を強調し、外交的手段によってこれを実現した我々を称賛した。
ReportData,0x010000C700000347,Turn09_SuOmina_Fights_PalesResistance,ReportProperties.Title,スー・オミナ、パレスの都市群で支配権を確立
ReportData,0x010000C700000347,Turn09_SuOmina_Fights_PalesResistance,ReportProperties.Description,王室は抵抗運動を壊滅させるため、スー・オミナのメンバーを占領下のパレス系都市に派遣することを承認した。彼らの存在は批判を招いているものの、現地の反乱分子を無力化する上で極めて効果的であり、駐留軍への脅威を大幅に軽減している。抵抗運動が鎮圧されたことで、王国にとって占領地域の支配維持はかなり容易になったが、現地住民間の緊張は依然として高いままである。
ReportData,0x010000A1000001B6,Turn09_Topes_EvictionWave,ReportProperties.Title,休暇用賃貸が増える中、立ち退きの波
ReportData,0x010000A1000001B6,Turn09_Topes_EvictionWave,ReportProperties.Description,復元されたトペスのレゼニド都市を訪れる観光客が増加しているため、大手住宅供給業者は短期間のホリデー賃貸の方がより利益が出ると判断している。その結果、家主たちが入居者を立ち退かせて物件を空け、観光客に対してより高い価格で貸し出す動きが広がり、一連の立ち退きが起こっている。
ReportData,0x010000B4000004EE,Turn09_TourismDown_CivilAvitation_FuelShortage,ReportProperties.Title,燃料の再配分が観光業の発展を妨げる
ReportData,0x010000B4000004EE,Turn09_TourismDown_CivilAvitation_FuelShortage,ReportProperties.Description,最近、民間航空から軍事部門への燃料資源の再配分により、王国全土で観光業が著しく衰退している。軍関係者たちは軍事作戦を強化することの戦略的意義を強調しているが、経済当局は観光業への長期にわたる負担がさらに外国人観光客を遠ざけ、この分野に恒久的な被害をもたらす恐れがあると警鐘を鳴らしている。
ReportData,0x010000B800008498,Turn09_Unrest_DastnuristsAgainstRPP,ReportProperties.Title,ダストヌリティ派の聖堂、抗議行動を非難
ReportData,0x010000B800008498,Turn09_Unrest_DastnuristsAgainstRPP,ReportProperties.Description,アルグノにある影響力の強いダストヌリティ派の聖堂が、激化する反政府的な動乱に対する抗議活動を支持すると宣言した。公的な声明の中でポンティウス・ヴァレス長老はこれらの改革を「神聖な秩序への侮辱」と呼び、信者たちに、自らを「リジアの公共生活を恐怖に陥れようとする不信者集団」と表現した反対派と戦うよう呼びかけた。
ReportData,0x010000B80000843B,Turn09_Unrest_DastnuristsSupportRPP,ReportProperties.Title,アルグノにあるダストヌリティ派の聖堂、抗議活動への支持を表明
ReportData,0x010000B80000843B,Turn09_Unrest_DastnuristsSupportRPP,ReportProperties.Description,"アルグノにあるダストヌリティ派の聖堂は、現在進行中の王権に対する抗議活動を積極的に支持する存在となっている。尊敬される精神的指導者であるポンティウス・ヴァレス長老は今日、説教の中で「人々のための正義」を呼びかけ、何世紀にもわたる不平等を終わらせる道徳的な必然として抗議運動を支持する姿勢を示した。

伝統主義派がその聖堂の立場を非難し、信仰を政治化していると告発する中で緊張が高まっている。一方、改革派や革命派の指導者たちは、ダストヌリティ派による支持を運動における転換点だと評価している。"
ReportData,0x010000B800008435,Turn09_Unrest_GolcondistsSupportRPP,ReportProperties.Title,リジアのゴルコンド主義・フェローシップ、改革抗議活動を支援
ReportData,0x010000B800008435,Turn09_Unrest_GolcondistsSupportRPP,ReportProperties.Description,"リジアのゴルコンド主義・フェローシップは、王国各地の都市部で続く抗議活動への支持を公然と表明した。プラヴォで起きている抗議行動は主に若者団体や労働組合、RPPによって主導されていたが、同フェローシップの宣言後にゴルコンド主義の抗議者たちも加わった。

公的な声明の中で、同フェローシップはゴルコンダへの献身を強調し、王政に対して不満の声に耳を傾けるよう呼びかけた。また、抗議者たちに食料を提供するためにボランティアを動員している。"
ReportData,0x010000B80000842F,Turn09_Unrest_WruhecistsAttackReformRally,ReportProperties.Title,宗教集団、改革集会を攻撃
ReportData,0x010000B80000842F,Turn09_Unrest_WruhecistsAttackReformRally,ReportProperties.Description,"今日、ジャレス中央部で行われていた改革を求める集会において暴力事件が発生し、数つのヴルヘック教団体のメンバーと憲法改正を訴えるデモ参加者たちが衝突した。即席の武器を持った攻撃者たちは集会に乱入し、群衆を解散させて数十人に負傷を負わせた後、治安部隊が介入した。

目撃者によると、攻撃者たちは抗議者たちが「伝統的価値観を損ない、王国の道徳的基盤に反する世俗主義を推進している」と非難した。リジア人民党によって開催されたこの集会には、選挙権拡大と君主制権限の制限を求める数千人が集まっていた。当局は暴力行為に関与した数名を逮捕し、救急隊員が現場で負傷者の治療を行った。"
ReportData,0x010000B800008429,Turn09_Unrest_WruhecistsSupportRPP,ReportProperties.Title,ヴルヘック教団体、拡大する改革運動に支援を提供
ReportData,0x010000B800008429,Turn09_Unrest_WruhecistsSupportRPP,ReportProperties.Description,"三つの有力なヴルヘック教団体である六星協会、ネルヴィサル・ヴルヘック教同盟、そしてヴルヘックの小兄弟団は、王国全土に広がりつつある改革運動を支持する声明を発表した。これらの団体は、政治的自由の拡大を求める声と自分たちの立場が一致していることを強調した。

六星協会は声明の中で、この運動を「道徳的な必然」と呼び、このような進歩的な民衆運動を支援することがヴルヘック教の原則に合致していると主張した。この支持表明は、従来からリジア王室に忠実であったヴルヘック教団体にとって大きな転換点となっている。観察家たちは、これにより改革派の勢いが強まる一方で、王国内の他の宗教集団間の対立がさらに深まる可能性があると指摘している。"
ReportData,0x010000460001AD3C,Turn09_Uziren_BanRevoked_BFP,ReportProperties.Title,ウジレンでの祝賀行事
ReportData,0x010000460001AD3C,Turn09_Uziren_BanRevoked_BFP,ReportProperties.Description,"ウジレンの住民多数が市広場に集まり、ブルディア自由党への禁止措置が解除されたことを祝った。ウジレンの市長は、恩赦と禁止撤廃がウジレンの人々によって祝祭行事と共に歓迎されたと報告した。

踊りや歌は夜遅くまで続いた。"
ReportData,0x010000460001AE30,Turn09_Uziren_UnrestBFFMilitary_MountainBase,ReportProperties.Title,山岳コマンド部隊、BFF基地を破壊
ReportData,0x010000460001AE30,Turn09_Uziren_UnrestBFFMilitary_MountainBase,ReportProperties.Description,"厳しい天候の中、ソードランド人山岳コマンド部隊はBFFのゲリラ基地を探すためにウジレン山脈沿いで掃討作戦を開始した。最も経験豊富な山岳部隊の将校が率いるこの作戦は、激しい銃撃戦の末に2つの大規模基地が破壊され、大きな成果を上げた。

一方、BFFは車両を使ってウジレン方面へ反撃を仕掛けたが、防御用装甲部隊と交戦し、彼らの軽装車両は破壊され、敵軍に甚大な被害がもたらされた。この成功した防衛作戦の後、各部隊は山岳部隊を支援し、BFFの武装勢力を山岳地帯から一掃する最終攻撃を行った。2週間に及ぶ戦闘でBFFが1432人の兵士を失ったと見積もられている。"
ReportData,0x010000460001AD28,Turn09_Valgen_AidsElectionCampaign_RY,ReportProperties.Title,赤旗青年団、選挙運動を支援
ReportData,0x010000460001AD28,Turn09_Valgen_AidsElectionCampaign_RY,ReportProperties.Description,"ヴァルゲンの赤旗青年団のメンバーたちは選挙運動を支援するため自発的に動き、選挙顧問陣や地元党事務所と直接協力し始めた。

  彼らの協力により、東部ソードランドからの得票数が大幅に増加する見込みである。"
ReportData,0x010000460001ADE4,Turn09_Valgen_BFFUnrest_GoldRaided,ReportProperties.Title,BFF、金準備を急襲
ReportData,0x010000460001ADE4,Turn09_Valgen_BFFUnrest_GoldRaided,ReportProperties.Description,"ヴァルゲンの金準備はBFF反乱軍の攻撃によって奪われ、40トンもの金が失われた。警察はBFF反乱軍と追跡戦を繰り広げ、その結果田舎の小屋まで追い詰めた。しかし残念ながら、それは反乱勢力による計画的な待ち伏せだった。20人の警察官がこの待ち伏せで命を落とし、治安部隊は盗まれた全ての金の行方を把握できなくなった。ヴァルゲン市長は市内に非常事態を宣言した。

反乱軍の攻撃報告が増え続けている田舎地域の治安と安定を維持するため、ベンフィの武装警察部隊が出動中である。"
ReportData,0x010000460001ADF0,Turn09_Valgen_BFFUnrest_RailRoadGunRightFight,ReportProperties.Title,農村部で武装市民がBFF反乱軍と戦う
ReportData,0x010000460001ADF0,Turn09_Valgen_BFFUnrest_RailRoadGunRightFight,ReportProperties.Description,"BFFはエルローリーにあるL-1鉄道を破壊し、駅を占領した。略奪や扇動行為を行う反乱分子たちのせいで、一部の武装した一般市民が自分たちの店や家を銃で守らざるを得なくなった。憲兵隊が現場に到着して駅の支配権を取り戻すまでの間に、何十人もが衝突で負傷した。続く三方による戦闘によって民間インフラに甚大な被害が出た。鉄道駅や線路が破壊され、鉄道輸送は停止した。

警察はBFFと他の勢力を区別するのに苦労し、その結果予期せぬ一般市民の死者も出たが、最終的にBFFは都市から撤退し、武装警察大隊に捕らえられた。"
ReportData,0x0100006500006264,Turn09_Valgen_Gruni_EconomyAverage,ReportProperties.Title,グルニの経済、緩やかな成長を続ける
ReportData,0x0100006500006264,Turn09_Valgen_Gruni_EconomyAverage,ReportProperties.Description,"グルニ地域はヴァルゲンを中心に緩やかな経済成長を遂げている。今後10年間の予測では、都市開発、農業、観光を含む様々な分野で安定したが目立った拡大は見込まれない。政府の投資や地域政策によって状況は安定しているものの、この地域の成長速度は当初予想されていた活発な水準には達していない。

それでもなおグルニは発展を続け、ソードランド東部における重要な経済拠点としての地位を固めている。"
ReportData,0x010000650000626C,Turn09_Valgen_Gruni_EconomyBad,ReportProperties.Title,グルニにおける経済停滞
ReportData,0x010000650000626C,Turn09_Valgen_Gruni_EconomyBad,ReportProperties.Description,"グルニ地域の経済は、その中心地であるヴァルゲンを抱えて停滞に直面している。都市開発、農業、観光を含む各分野で大幅な成長が見込まれるという以前の予測にもかかわらず、現在の動向はかなり暗いものとなっている。同地域の成長戦略や政府の投資は、期待された経済的急騰には結びついていない。

この停滞が続けば、グルニがソードランド東部の活力ある経済拠点となるという野心は深刻な遅れを招く可能性がある。"
ReportData,0x010000650000625C,Turn09_Valgen_Gruni_EconomyGood,ReportProperties.Title,グルニの繁栄する経済
ReportData,0x010000650000625C,Turn09_Valgen_Gruni_EconomyGood,ReportProperties.Description,"グルニ地域はヴァルゲンを中心に大きな経済的好況を迎えている。今後10年間の成長率の見通しでは、都市開発や貿易から農業、観光に至るまで、さまざまな分野で著しい拡大が予想されている。こうした好調な動向は、強力な政府投資と効果的な地域政策の直接的な結果である。

グルニは急速に活気ある経済のハブへと変貌し、ソードランド東部の繁栄を支えている。"
ReportData,0x010000460001ACEC,Turn09_Valgen_SuicideRates,ReportProperties.Title,自殺率が3倍に
ReportData,0x010000460001ACEC,Turn09_Valgen_SuicideRates,ReportProperties.Description,"ヴァルゲン市からの最新情報によると、自殺件数が憂慮すべきほど増加していることが示されている。

  この都市の自殺率は過去4年間と比べて3倍近くに達しているようだ。また、地元住民の間でもうつ病の発症率が上昇しているのが観察されている。"
ReportData,0x010000460001B6CB,Turn09_Valgsland_HeljilandOperation,ReportProperties.Title,ヘルジランド作戦が開始される
ReportData,0x010000460001B6CB,Turn09_Valgsland_HeljilandOperation,ReportProperties.Description,"ヴァルグスランドの軍関係者たちは、ヘルジランドへの進攻に向けた合図を我々に送ってきた。すべてのソードランドの民間船は、潜在的な衝突地域から撤退している。

数隻のソードランドの艦船や航空機が島周辺での任務を続け、ヴァルグスランド軍と情報を共有する予定だ。"
ReportData,0x010000460001B6D3,Turn09_Valgsland_NavalPresence,ReportProperties.Title,ヴァルグスランド、グレイ海峡における海軍の展開を強化
ReportData,0x010000460001B6D3,Turn09_Valgsland_NavalPresence,ReportProperties.Description,"報告によると、ヴァルグスランド海軍は我が国の沿岸、特にグレイ海峡付近での存在感を強めている。すでにマルキア海をパトロールしていた巨大な艦隊に加え、新たに第二の艦隊も同行している。

我々の情報によれば、ヴァルグスランド側は南岸に攻撃能力を持つ防衛システムを設置している。これはホルソードはもちろん、国全体にとって大きな危険をもたらすものである。"
ReportData,0x0100006500005197,Turn09_Valgsland_PraisesOligarchExpulsion,ReportProperties.Title,ヴァルグスランド、ソードランドの寡頭追放を歓迎
ReportData,0x0100006500005197,Turn09_Valgsland_PraisesOligarchExpulsion,ReportProperties.Description,エメリッヒ・ヘーゲル書記長は、ソードランドにおける有力な財閥たちの最近の追放を公に称賛した。ヘーゲルは、このような措置によってソードランド内での富と権力のより公平な分配が実現し、社会主義的理想に一層近づくことができると述べた。首相は、この重要な歩みが少数の富裕層の過度な影響力を抑え、よりバランスの取れた社会を築くのに役立つことを期待していると語った。
ReportData,0x010000460001AE08,Turn09_Vesord_Unrest_CampFreedom,ReportProperties.Title,自由戦士キャンプ、警察と衝突
ReportData,0x010000460001AE08,Turn09_Vesord_Unrest_CampFreedom,ReportProperties.Description,"反乱分子が民間のキャンプ地を暴力的に占拠した後、400人からなる警察部隊がそのキャンプに急行し、武器を持っていた反乱分子を排除するために交戦に入り、大規模な銃撃戦が発生した。この銃撃戦で反乱分子は43人が死亡し、警察側では10人が殉職した。

キャンプは占領されたが、作戦中にさらに多くの警察官が負傷した。武装した反乱分子200人が降伏し、数十人がモルナ方面へ逃走しており、現在も捜索が続けられている。"
ReportData,0x010000A100003126,Turn09_Wehlen_Decision_LeaveAllianceOfNations_Leave,ReportProperties.Title,ヴェーレン、AN加盟について再考
ReportData,0x010000A100003126,Turn09_Wehlen_Decision_LeaveAllianceOfNations_Leave,ReportProperties.Description,国際連盟を離脱するという我々の決定に続き、ヴェーレンは現在、自国の立場を真剣に検討していると発表し、この組織に対する不名誉を被った諸国の不満が高まっていることを示した。
ReportData,0x01000052000547C3,Turn09_Wehlen_Decision_NationalDestabilization_Violence,ReportProperties.Title,ヴェーレン、我々の厳しい取り締まりを称賛
ReportData,0x01000052000547C3,Turn09_Wehlen_Decision_NationalDestabilization_Violence,ReportProperties.Description,ヴェーレンのヴィクトル・スモラクは、我々が抗議者たちに対して行った暴力的な鎮圧を称賛し、秩序を維持する方法として我々こそが模範だと述べている。
ReportData,0x010000520005481B,Turn09_Wehlen_IntermerkopumAccept,ReportProperties.Title,ヴェーレン、地域同盟交渉に参加する
ReportData,0x010000520005481B,Turn09_Wehlen_IntermerkopumAccept,ReportProperties.Description,ヴィクトル・スモラク大統領は、南メルコパ同盟に向けた交渉への参加要請を受け入れた。彼はポルテ・ドラゾンで開催される今回の円卓会議に出席する予定だ。
ReportData,0x01000052000547D9,Turn09_Wehlen_IntermerkopumRefusal_NoZille,ReportProperties.Title,ヴェーレン、地域同盟交渉から撤退
ReportData,0x01000052000547D9,Turn09_Wehlen_IntermerkopumRefusal_NoZille,ReportProperties.Description,ヴィクトル・スモラク大統領は、ジルの引き渡しに関する合意に達することができなかったため、南メルコパ同盟に向けた交渉への参加要請を拒否した。
ReportData,0x01000052000547E4,Turn09_Wehlen_IntermerkopumRefusal_Zille,ReportProperties.Title,ヴェーレン、地域同盟交渉から撤退
ReportData,0x01000052000547E4,Turn09_Wehlen_IntermerkopumRefusal_Zille,ReportProperties.Description,ヴィクトル・スモラク大統領は、リジアおよび周辺国との未解決の対立を理由に、南メルコパ同盟に向けた交渉参加の要請を拒否した。彼は、ジルの引き渡しは依然として計画通り行われると強調している。
ReportData,0x010000650000517F,Turn09_Wehlen_RaisesRumburgConcern,ReportProperties.Title,ヴェーレン、ルンブルクの態度に懸念を示す
ReportData,0x010000650000517F,Turn09_Wehlen_RaisesRumburgConcern,ReportProperties.Description,地域の緊張が高まる中、ヴェーレンの大統領であるヴィクトル・スモラクは声明を発表し、ルンブルクの攻撃的な動きに懸念を示した。ブルディア自由戦線へのルンブルクの秘密裏な支援に不安を抱くスモラクは、ソードランドに警戒を怠らないよう警告している。この警告は、既に不安定な状況にあった地域で最近起きたソードランドとルンブルク間の空中戦の直後に出され、情勢をさらに悪化させている。
ReportData,0x010000A100003B03,Turn09_Zille_CelebratesReturn,ReportProperties.Title,ジル、帰還を祝う
ReportData,0x010000A100003B03,Turn09_Zille_CelebratesReturn,ReportProperties.Description,ジルの街頭には何万人もの人々が集まり、同地がリジアに返還されたことを祝った。君主制を支持する旗が掲げられ、群衆は敬意を表してロムスの名前を大声で叫んだ。
ReportData,0x010000980003AC1C,Turn09_Zille_KingsSpeechAndSigningCeremony,ReportProperties.Title,国王の統一行事に向けた準備が始まる
ReportData,0x010000980003AC1C,Turn09_Zille_KingsSpeechAndSigningCeremony,ReportProperties.Description,現在、国王主催の統一に関する演説および調印式の準備が進められている。
ReportData,0x010000B800008423,Turn10_AdarfoMurder_ArcasianInvolvement,ReportProperties.Title,アダルフォ・ソテラートの殺害事件の調査で、アルカシア人の関与の可能性が明らかに
ReportData,0x010000B800008423,Turn10_AdarfoMurder_ArcasianInvolvement,ReportProperties.Description,"アダルフォ・ソテラートの暗殺事件に関する調査の初期結果から、アルカシア人の民間軍事請負業者が関与している可能性が示唆されている。ゴールデン・ダスク攻撃で回収された資料の法医学的分析により、アルカシアの製造業者らが一般的に使用する高度な武器や装備が用いられたことが明らかになった。現場で発見された高口径弾丸も、アルカシアの軍事輸出品の既知の仕様と一致している。

この事実はアルカシアとの緊張を高める可能性があり、リジアの抗議者たちはアルカシアの干渉を非難し、王政に対して措置を取るよう要求している。"
ReportData,0x010000460001B707,Turn10_Agnolia_AssaultHeljilandIsland,ReportProperties.Title,アグノリア軍の不可解な動き
ReportData,0x010000460001B707,Turn10_Agnolia_AssaultHeljilandIsland,ReportProperties.Description,アグノリアが首都スタールポートに向けて軍隊を動員しているという報告が数件ある。市内の港には異常な数の民間船が集結しており、我々の将軍たちの中には、アグノリアがルンブルク戦争を口実に海上侵攻でヴァルグスランドからヘルジランドを奪還しようとするのではないかと警戒している者もいる。
ReportData,0x010000460001B6EF,Turn10_Agnolia_ATOBid,ReportProperties.Title,アグノリア、アルカシア条約機構への加盟申請を提出
ReportData,0x010000460001B6EF,Turn10_Agnolia_ATOBid,ReportProperties.Description,アグノリア共和国は正式にアルカシア条約機構への加盟申請を行った。ウォーカー大統領がコンタナ条約機構に対抗するためより強固な足場を築く目的で彼らの申請を暫定的に受け入れたことから、同国がアルカシア圏内に入る可能性が高い。
ReportData,0x0100006500005253,Turn10_Agnolia_CondolencesAssassination,ReportProperties.Title,アグノリア、暗殺未遂を受けて連帯の意を表明
ReportData,0x0100006500005253,Turn10_Agnolia_CondolencesAssassination,ReportProperties.Description,アントン・レイン大統領に対する恐ろしい暗殺未遂が起きた後、アグノリアの首相であるマールティン・ファン・ホールテンは心からの哀悼の意を表した。同首相は深い懸念を示すとともに、この困難な時期におけるソードランドへの連帯感を明らかにした。またファン・ホールテンは国民に警戒を怠らないよう呼びかけ、地域の平和と安定を維持する重要性を強調した。
ReportData,0x010000460001B6FF,Turn10_Agnolia_PreparesToAssaultDome_FullStrength,ReportProperties.Title,アグノリア、ドーム攻撃の準備を進める
ReportData,0x010000460001B6FF,Turn10_Agnolia_PreparesToAssaultDome_FullStrength,ReportProperties.Description,アグノリアの指揮官は、ドームに対する全面攻撃を開始するため全軍が配置済みであるという軍事報告を我々に送ってきた。同国は最精鋭部隊を前線に配備し、ルンブルクの専制から自国の都市を解放する決意であると宣言している。
ReportData,0x010000460001B703,Turn10_Agnolia_PreparesToAssaultDome_HalfStrength,ReportProperties.Title,アグノリア、ドーム攻撃の準備を進める
ReportData,0x010000460001B703,Turn10_Agnolia_PreparesToAssaultDome_HalfStrength,ReportProperties.Description,アグノリアの指揮官からは、ドームに対する総攻撃を開始するため軍隊が配置されているという報告が届いている。しかし、国内の部隊のかなりの数がヘルジランドを守り、ヴァルグスランドの侵攻に備えるため残っていることから、彼らがその都市の奪還に本気で取り組んでいるとは思えない。
ReportData,0x010000460001AF2C,Turn10_Anrica_ElectionVote_Gloria_Consolidates,ReportProperties.Title,副大統領トーリー、保守派の基盤を強化
ReportData,0x010000460001AF2C,Turn10_Anrica_ElectionVote_Gloria_Consolidates,ReportProperties.Description,"我々の親ソル政策のため、USPの保守派有権者の大多数は大統領選でレイン氏に投票する可能性が高いと述べている。

さらに、我々の副大統領であるグロリア・トーリーは彼らの支持を固めようと集会を開催している。"
ReportData,0x010000460001AF6C,Turn10_Anrica_LespianArmiesLate,ReportProperties.Title,レスピア軍、進撃が遅延
ReportData,0x010000460001AF6C,Turn10_Anrica_LespianArmiesLate,ReportProperties.Description,ホルソードからラハベンまで数日間の移動の後、レスピア軍はアンリカで休息し物資を補給するよう要請した。しかしアンリカの市長は混乱や支配権奪取の恐れがあるとして外国軍のソードランド人居住都市への進入を拒否し、その結果レスピア軍の前線到着がさらに遅れた。
ReportData,0x010000A100003E49,Turn10_Argno_GuardiansDeployed,ReportProperties.Title,ヴルヘックの守護者たちが結束活動を阻止
ReportData,0x010000A100003E49,Turn10_Argno_GuardiansDeployed,ReportProperties.Description,新たに配備されたヴルヘックの守護者たちはアルグノで激しい反労働組合運動を開始し、労働者たちの間に残っている労働組合支持の気運を根絶しようとしている。これらの守護者はヴルヘック教の価値観における労働の重要性を強調し、賃金や労働条件といったことで争うのではなく、皆が協力してゴルコンダを実現すべきだと述べている。
ReportData,0x010000460001AF70,Turn10_Arvory_Highway_AgnoliaLate_NotBuilt,ReportProperties.Title,アグノリアの遅れた到着
ReportData,0x010000460001AF70,Turn10_Arvory_Highway_AgnoliaLate_NotBuilt,ReportProperties.Description,アグノリアの指揮官は、同国の軍隊が戦闘に間に合わない可能性があると報告し、部隊の移動を遅らせているのはアグンランド地方の劣悪なインフラのためだと非難した。
ReportData,0x010000460001AF74,Turn10_Arvory_Highway_AgnoliaNotLate_Built,ReportProperties.Title,アグンランド、アグノリア人の軍隊が準備完了
ReportData,0x010000460001AF74,Turn10_Arvory_Highway_AgnoliaNotLate_Built,ReportProperties.Description,"アグノリアの指揮官は、間もなく始まる戦闘を支援するために自軍がアグンランド地方に配置されていると報告した。彼の軍隊が同地域の整備された道路網を問題なく進行できたことから、彼はソードランドのインフラを高く評価した。

H-3高速道路は、アグノリアへの兵士や物資の輸送において重要な物流ルートとなるだろう。"
ReportData,0x0100006500000E9B,Turn10_ATO_AgardObserver,ReportProperties.Title,アルカシア条約機構、アガードにオブザーバー資格を付与　麻薬取引問題に対処
ReportData,0x0100006500000E9B,Turn10_ATO_AgardObserver,ReportProperties.Description,"アルカシア条約機構は、カルラド、エルドマルグ、ヴェーレン、そしてアガード自体にわたる麻薬取引において中心的な役割を果たしてきたとして悪名高い国家であるアガードに観察員地位を与えた。アルカシア条約機構はこれらの違法行為を非難する一方で、横行する麻薬密売がもたらす社会経済的影響に焦点を当て、協力的なアプローチを模索している。アガードの麻薬王セベロ・リオスは、搾取ではなく規制を目指し、麻薬取引を合法化する意向を示している。

リオスが指導者である状況において、アガードがアルカシア条約機構の観察員として参加することは、違法な麻薬取引に対処するための外交的アプローチの可能性を示している。この動きは、リオスが国際社会と透明性を持って協力しようとする姿勢を示しており、懐疑的な声があるものの、対話と解決の機会を提供している。"
ReportData,0x0100006500000E2B,Turn10_ATO_AnrakaNAP,ReportProperties.Title,アルカシア条約機構、アンラカと3年間の不可侵条約に調印
ReportData,0x0100006500000E2B,Turn10_ATO_AnrakaNAP,ReportProperties.Description,"コンタナ連邦とアルカシアの間の緊張が高まる中、アルカシア条約機構はアンラカン諸島連邦と不可侵条約を締結した。メルコパ大陸とコンタナ大陸の間に戦略的に位置するこの連邦は、重要な外交的・安全保障上の緩衝地帯となっている。同連邦が持つ強力な海軍艦隊は地域の安定を支え、世界の商取引が途絶えないようにしている。

アンラカン諸島の地理的立地と海軍力により、同地は世界的な貿易における中立地帯として機能し、超大国間の対立が続く中でも開かれた交易ルートを維持できている。この協定は地域の平和を確保するための取り組みを反映しており、同連邦が経済協力における重要な役割者であることを示している。"
ReportData,0x0100006500000E4B,Turn10_ATO_WorldLiberty,ReportProperties.Title,アルカシア条約機構、世界解放デモの実施を宣言
ReportData,0x0100006500000E4B,Turn10_ATO_WorldLiberty,ReportProperties.Description,"アルカシア条約機構は重大な外交的動きとして、世界中で自由、公平、富を推進することを目指す戦略構想「世界解放宣言（WLM）」を発表した。この宣言は、これらの基本的価値の推進に対する同機構の決意を示すものであり、コンタナ条約機構が最近発表した「世界革命宣言」に対抗するものである。

世界解放宣言は、自由と公平と繁栄が何よりも重んじられる世界を提唱している。これらの原則は、自由市場経済と民主的統治に対する同機構の信念に根ざしており、世界の生活の質を高めようとする同盟の姿勢を反映している。この宣言は世界の政策や交渉に影響を与え、すべての人が自由を行使し、平等な機会を享受し、世界の富を分かち合える未来を目指している。

この構想はコンタナ条約機構のモデルとは対照的で、世界の繁栄に向けたもう一つの道を示している。同機構は、世界解放宣言の原則によって、各国は個人の自由を犠牲にすることなく持続的な成長を遂げられると主張する。世界解放宣言は、繁栄が分かち合われ、自由が守られ、公平が譲れないものとなるグローバル化した世界に向けた大胆な一歩である。"
ReportData,0x010000460001AF40,Turn10_Benfi_ElectionVote_Lucian_Shines,ReportProperties.Title,副大統領ガラド、選挙運動で存在感を放つ
ReportData,0x010000460001AF40,Turn10_Benfi_ElectionVote_Lucian_Shines,ReportProperties.Description,"我が国の副大統領であるルシアン・ガラドは、保守派および改革派の有権者の心を動かし、同時に新たな未決定層の有権者を引き付けようと、大規模な集会を開催している。

幸いなことに、副大統領の卓越した演説技術により、多くの新規有権者がUSPに集まっている。副大統領は潜在的な有権者層を拡大しながら、その存在感を発揮している。"
ReportData,0x010000460001AF38,Turn10_Benfi_ElectionVote_Lucian_Struggles,ReportProperties.Title,副大統領ガラド、選挙戦で苦戦
ReportData,0x010000460001AF38,Turn10_Benfi_ElectionVote_Lucian_Struggles,ReportProperties.Description,"我が国の副大統領であるルシアン・ガラドは、保守派および改革派の有権者の心を動かし、同時に新たな未決定層の有権者を引き付けようと集会を開催している。

残念ながら、政権与党との密接な関係や不評な評判のため、副大統領は有権者の獲得に苦労している。"
ReportData,0x010000460001AF1C,Turn10_Benfi_ElectionVote_Women,ReportProperties.Title,レインのための女性たち
ReportData,0x010000460001AF1C,Turn10_Benfi_ElectionVote_Women,ReportProperties.Description,最近の世論調査によると、ソードランドの女性たちから予想外に多くの支持が寄せられている。我々の世論調査担当者によれば、女性の権利状況の改善を理由に、53.4％の女性がレイン大統領に投票すると答えた。
ReportData,0x010000460001AF0C,Turn10_Conriat_CSP,ReportProperties.Title,コンタナ条約機構、ソードランド海軍の近代化を推進
ReportData,0x010000460001AF0C,Turn10_Conriat_CSP,ReportProperties.Description,"海軍提督たちはコンタナ条約機構の同僚たちと共に絶え間なく努力し、我が国の海軍を近代化している。部隊の訓練内容も変更され、より多くの機動演習や海上侵攻訓練が取り入れられている。

我が国の駆逐艦には、コンタナ連邦から輸入された最新技術の船体板と先端の主砲が装備された。参謀本部の報告によれば、ソードランド海軍はこれまで以上に良好な状態にあるという。"
ReportData,0x010000460001AF48,Turn10_Conriat_ElectionVote_MarcelKoronti,ReportProperties.Title,マルセル・コロンティ、レイン大統領を支持
ReportData,0x010000460001AF48,Turn10_Conriat_ElectionVote_MarcelKoronti,ReportProperties.Description,ソードランドのメディア王で実業家でもあるマルセル・コロンティが、我々を次期ソードランド大統領として正式に支持した。コロンティ氏の幅広い人脈と新メディア分野での影響力により、来たる選挙でより多くの票を獲得できるものと期待される。
ReportData,0x010000460001AF20,Turn10_Conriat_ElectionVote_PublicOpinon_Positive,ReportProperties.Title,選挙世論調査の結果
ReportData,0x010000460001AF20,Turn10_Conriat_ElectionVote_PublicOpinon_Positive,ReportProperties.Description,選挙が近づくにつれ、マルーン宮殿の職員たちはソードランド全土で一般世論調査を実施した。その結果、ソードランド人の約38％が今回の選挙でUSPに投票する可能性が高いことが分かった。
ReportData,0x0100006500000E33,Turn10_CSP_WarnsGRACE,ReportProperties.Title,コンタナ条約機構、GRACEに対し反マレニエフ主義連合の結成を警告
ReportData,0x0100006500000E33,Turn10_CSP_WarnsGRACE,ReportProperties.Description,"コンタナ条約機構は商業交流のための王室同盟ギルドに対し厳重な警告を発し、反マレニエフ主義の軍事同盟を樹立しようとする同ギルドの計画を非難した。コンタナ条約機構はGRACEが自らの思想的基盤を積極的に蝕み地域の安定を乱していると指摘し、提案されている軍事連合を意図的な挑発行為だと断じた。同声明ではGRACEの行動を平和への直接的な脅威と形容し、敵対行為の激化と見なすものに対して断固とした措置を講じることを約束した。

対話の考え方を拒否し、コンタナ条約機構はGRACEの意図がこの条約機構を弱体化させようとする外部勢力と一致していると主張した。指導部は、この脅威に立ち向かって自らの原則や地域の利益を守る準備ができていることを強調し、増大する思想的・軍事的挑戦に対して連合して対応するよう同盟国に呼びかけた。"
ReportData,0x0100006500000E43,Turn10_CSP_WorldRevolution,ReportProperties.Title,世界革命宣言：革命的な一歩
ReportData,0x0100006500000E43,Turn10_CSP_WorldRevolution,ReportProperties.Description,"コンタナ連邦連合議会の副秘書長であるトケジントリ・イヨタケは画期的な発表を行った。彼は世界革命宣言を提案し、それはマレニエフ主義およびヴァルグスランド社会主義へと世界的に思想を転換させることを呼びかける革命的なビジョンである。この宣言の目的は、軍事投資ではなく教育、インフラ、医療への投資に重点を置き、世界のガバナンスを革命づけることにある。

世界革命宣言は、3年前に始動したコンタナ条約機構の巨大な投資計画の延長線上にあるものと見なされている。その計画では1500億KSがリカのインフラおよび教育分野に投入され、大陸の社会構造を変革し、持続可能な発展の灯台として形作った。この新たな宣言も世界的な規模でありながら、同様の成功を再現し、世界規模での革命を促進することを目指している。

そのアプローチは平和的なもので、軍事力よりも社会経済発展を重視している。目標は、自由、平等、富が普遍的に享受される世界を構築することである。"
ReportData,0x010000A100003E7B,Turn10_Derdia_CondemnGuardians,ReportProperties.Title,デルディア、ヴルヘックの守護者たちを非難
ReportData,0x010000A100003E7B,Turn10_Derdia_CondemnGuardians,ReportProperties.Description,デルディアは、国内の秩序維持のためにヴルヘックの守護者たちを配備するという我々の政策を非難し、その原理主義的組織が不当にゴルコンド主義者たちを標的にしていると述べている。
ReportData,0x010000460001AF60,Turn10_Deyr_BludsProtestsWehlenArmy,ReportProperties.Title,ベルギアで平和的な抗議行動が発生
ReportData,0x010000460001AF60,Turn10_Deyr_BludsProtestsWehlenArmy,ReportProperties.Description,ベルギアのブルディア人コミュニティは、この地域におけるヴェゼク軍の駐留に抗議する集会を開催し続けている。これまでの抗議行動は平和的なものだが、デモ参加者が暴力的になる可能性に備えて地元警察は警戒を強化している。
ReportData,0x010000460001AF5C,Turn10_Deyr_BludsSabotageWehlen,ReportProperties.Title,デイル、ヴェーレン軍の進撃に抵抗
ReportData,0x010000460001AF5C,Turn10_Deyr_BludsSabotageWehlen,ReportProperties.Description,デイルに住むブルディア人たちは都市の入口を封鎖し、ヴェーレン軍がラハベンへ進軍するためにはその周囲を迂回せざるを得なくなった。報道によれば、ヴェゼク将軍たちはデイルへの攻撃を検討した後、前進を続けることに決定したという。
ReportData,0x010000460001AF18,Turn10_Deyr_ElectionVote_Minority_BigImpact,ReportProperties.Title,少数派の世論調査結果
ReportData,0x010000460001AF18,Turn10_Deyr_ElectionVote_Minority_BigImpact,ReportProperties.Description,少数派有権者層に関する世論調査の結果は非常に好意的であり、特に我が国のブルディア人からの支持が高い。緩和された移民法のおかげで、彼らの投票は選挙により大きな影響を与えることになるだろう。
ReportData,0x010000460001AF14,Turn10_Deyr_ElectionVote_Minority_SmallImpact,ReportProperties.Title,少数派の世論調査結果
ReportData,0x010000460001AF14,Turn10_Deyr_ElectionVote_Minority_SmallImpact,ReportProperties.Description,少数派有権者層に関する世論調査の結果は非常に好意的で、特にソードランド人からの支持が高い。しかし、我々の厳格な移民法のため、彼らの投票は選挙結果にほとんど影響を与えないだろう。
ReportData,0x010000460001AEC8,Turn10_Deyr_Unrest_BFF,ReportProperties.Title,聖域、一般公開終了
ReportData,0x010000460001AEC8,Turn10_Deyr_Unrest_BFF,ReportProperties.Description,ベルギアでの混乱が続くため、デイルの大司祭はヌーリティ教徒教の最も神聖な場所である大聖域において、これ以上公的な儀式を行わないという決定を下した。その建物は現在防御用のバリケードに囲まれており、まだ損傷は見られていない。
ReportData,0x010000460001AF10,Turn10_Erlory_ATO,ReportProperties.Title,アルカシア条約機構、ソードランド空軍の近代化を推進
ReportData,0x010000460001AF10,Turn10_Erlory_ATO,ReportProperties.Description,"空軍の将官たちはアルカシア条約機構の同僚たちと共に絶え間なく努力し、我が国の空軍を近代化している。部隊の訓練内容も変更され、より多くの機動演習や夜間爆撃訓練が取り入れられている。

我が国の戦闘機には最新のレーダーシステムやアルカシアから輸入された先端爆弾が装備されている。参謀本部の報告によれば、ソードランド空軍はこれまで以上に良好な状態にあるという。"
ReportData,0x010000460001AEF4,Turn10_Erlory_Coup,ReportProperties.Title,空軍、民間航空機への警戒を発令
ReportData,0x010000460001AEF4,Turn10_Erlory_Coup,ReportProperties.Description,空軍は不要な航空旅行に対する警告を発表した。業務上の必要がある場合や、病気または重病の親族を訪問する場合を除き、一般市民には飛行機の予約を控えるよう呼びかけている。
ReportData,0x010000460001AF3C,Turn10_Erlory_ElectionVote_Petr_Shines,ReportProperties.Title,副大統領ベクターン、選挙運動で活躍
ReportData,0x010000460001AF3C,Turn10_Erlory_ElectionVote_Petr_Shines,ReportProperties.Description,"我が国の副大統領であるペトル・ベクターンは、保守派および改革派の有権者の心を動かし、さらに新たな未決定層の有権者を引き付けようと、大規模な集会を開催している。

幸いなことに、副大統領の卓越したカリスマにより多くの新規有権者がUSPに集まっており、潜在的な有権者層を拡大しながらその存在感を高めている。"
ReportData,0x010000460001AF34,Turn10_Erlory_ElectionVote_Petr_Struggles,ReportProperties.Title,副大統領ベクターン、選挙戦で苦戦
ReportData,0x010000460001AF34,Turn10_Erlory_ElectionVote_Petr_Struggles,ReportProperties.Description,"我が国の副大統領であるペトル・ベクターンは、保守派および改革派の有権者の心を動かし、さらに新たな未決定層の有権者を引き付けようと集会を開催している。

残念ながら、政権与党との密接な関係と不評な評判のため、副大統領は有権者を集めるのに苦労している。"
ReportData,0x010000460001AF8C,Turn10_Estord_DigDownAndDefend,ReportProperties.Title,ルンブルクの第一波攻撃
ReportData,0x010000460001AF8C,Turn10_Estord_DigDownAndDefend,ReportProperties.Description,"7時になると、ルンブルクは戦術爆撃機を出動させ、国境越えの我が軍陣地を爆撃しようとした。

我が軍の戦闘機は敵爆撃機の効果を封じ込めようと試みた。爆弾が戦場に次々と投下される中、空では空中戦が数時間にわたって続いた。

10時になると、ルンブルクは戦車部隊を先頭に全面攻撃を開始した。車体を伏せた我が軍の戦車はかろうじて防線を維持していたが、近くの塹壕で戦う歩兵が彼らを支援した。"
ReportData,0x010000460001AF94,Turn10_Estord_DigDownAndDefend_Lost,ReportProperties.Title,ルンブルク第一波攻勢――終結
ReportData,0x010000460001AF94,Turn10_Estord_DigDownAndDefend_Lost,ReportProperties.Description,"3時間にわたる絶え間ない戦闘の後、ルンブルク軍の勢いは次第に衰え始めた。

ヴァルケン将軍がクリムスラードにおけるルンブルクの防衛線を突破するため全面攻撃を命じようとしたその時、アグンランドで我々の東部前線が崩壊したという知らせが届いた。この出来事を受けて再びルンブルク軍の圧力が強まってきた。

東部方面に援軍を送ることができなかったため、敵に完全に包囲されるのを避ける唯一の手段は、全師団をラハベンへ撤退させることだけだった。"
ReportData,0x010000460001AF90,Turn10_Estord_DigDownAndDefend_Victory,ReportProperties.Title,ルンブルク第一波攻勢――終結
ReportData,0x010000460001AF90,Turn10_Estord_DigDownAndDefend_Victory,ReportProperties.Description,"3時間にわたる絶え間ない戦闘の後、ルンブルク軍の勢いは次第に衰え始めた。

クルーガー将軍はクリムスラードにおける敵の防御線を突破するため、総力攻撃を命じた。彼らが再編成する間もなく、ソードランドの旗がすでにクリムスラード上空に高く掲げられていた。

この報せにより、戦線全体におけるルンブルク軍の士気は崩壊した。我々が陣地を拡大し始めると、ルンブルクの将軍たちは前線が完全に崩壊するのを避けるため、ツァルスボーグを防衛するべく全面撤退を命じたが、我々の戦車や歩兵が既にツァルスボーグの守備隊を攻撃していることに気づかなかった。"
ReportData,0x010000460001AFA4,Turn10_Estord_PhaseTwoMeetings_Dome_Optimistic,ReportProperties.Title,第二段階の楽観的会談
ReportData,0x010000460001AFA4,Turn10_Estord_PhaseTwoMeetings_Dome_Optimistic,ReportProperties.Description,"ソードランド軍がツァルスブルグを成功裏に侵攻した後、我々の指揮官たちは同都市内で会議を開き、軍事作戦の第二段階に向けた作戦計画を検討した。

会議は順調に進み、将軍たちはドームへの攻撃に対して楽観的な見通しを持って部屋を出て行った。"
ReportData,0x010000460001AFA8,Turn10_Estord_PhaseTwoMeetings_Pessimistic,ReportProperties.Title,第二段階会談で激しい論争が発生
ReportData,0x010000460001AFA8,Turn10_Estord_PhaseTwoMeetings_Pessimistic,ReportProperties.Description,"ソードランド軍がツァルスブルグを成功裏に侵攻した後、我々の指揮官たちは同都市内で会議を開き、軍事作戦の第二段階に向けた作戦計画を検討した。

しかし、その会議はすぐに将軍たち間の激しい口論へと発展し、彼らは沈んだ表情と悲観的な見通しを抱えて部屋を出て行った。"
ReportData,0x010000460001AFAC,Turn10_Estord_PhaseTwoMeetings_Thornbourgh_Optimistic,ReportProperties.Title,第二段階会談
ReportData,0x010000460001AFAC,Turn10_Estord_PhaseTwoMeetings_Thornbourgh_Optimistic,ReportProperties.Description,"ソードランド軍がツァルスブルグを成功裏に侵攻した後、我々の指揮官たちは同市内で会議を開き、軍事作戦の第二段階に向けた作戦計画を検討した。

会議は順調に進み、将軍たちはソーンブルグへの攻撃について楽観的な見通しを持って部屋を出て行った。"
ReportData,0x010000460001AEE4,Turn10_Estord_Surrendered,ReportProperties.Title,人口交換が開始される
ReportData,0x010000460001AEE4,Turn10_Estord_Surrendered,ReportProperties.Description,エストードをルンブルクに編入する新秩序の一環として、ソードランド人とルンブルク市民の間で人口交換が始まった。潜在的な暴力事態の拡大を防ぐため、警察力がその都市に配備されている。
ReportData,0x010000460001AF7C,Turn10_Estord_TheBattleOfEstord,ReportProperties.Title,エストードの戦い
ReportData,0x010000460001AF7C,Turn10_Estord_TheBattleOfEstord,ReportProperties.Description,"朝7時に、ルンブルク軍がエストードの街へ進軍した。その街は空っぽで、住民たちは数日前に避難していた。

9時になると、ルンブルク軍がエストードに残されたものを破壊し略奪している最中、ランチェア将軍が総攻撃の合図を出した。12時45分に、我々の第一波部隊が敵の南側陣地と衝突した。

15時13分には、東西からの軍隊が敵を包囲し始めたことで、我々の挟撃攻撃が形作られていった。一晩中、空中でも地上でも激しい戦闘が続いた。"
ReportData,0x010000460001AF88,Turn10_Estord_TheBattleOfEstord_Lost,ReportProperties.Title,エストードの戦い　終結
ReportData,0x010000460001AF88,Turn10_Estord_TheBattleOfEstord_Lost,ReportProperties.Description,"その日の4時に、エストード東部前線を防衛していたルンブルク軍は撃破された。その極めて重要な瞬間に、ルンブルクの指揮官は戦局を変える決断を下し、全師団に市内中央部へ撤退するよう命じた。

11時になると、我が軍が四方からその周辺地域に進撃したため、ルンブルクの将軍は全兵士に東方へ総攻撃を仕掛けて脱出するよう指示した。我々は不意を突かれ、他の軍隊が東部前線に到着した時点で戦闘は近接戦闘と化した。

彼らは我々の東部前線を突破し、我々の包囲網を断ち切った。背後に我が兵士がいなくなると、彼らは向きを変えて残存する我が軍に対して総攻撃を開始した。"
ReportData,0x010000460001AF80,Turn10_Estord_TheBattleOfEstord_Victory,ReportProperties.Title,エストードの戦い　終結
ReportData,0x010000460001AF80,Turn10_Estord_TheBattleOfEstord_Victory,ReportProperties.Description,"同日4時に、エストードの東部前線を防衛していたルンブルク軍は撃破された。

東部で軍を指揮していた我が軍の将官は、直ちに本部に勝利の知らせを送り、同時に国際的にもルンブルク内のすべての宣伝スパイたちへそのニュースを電報で伝えた。

東部前線が崩壊したことで彼らの側面は露出し、補給路も断たれた。我々が徐々に陣地を拡大する中、ルンブルク軍の将官は降伏した。

同日14時、エストードの頂上に再びソードランドの旗が掲げられた。"
ReportData,0x010000460001AF98,Turn10_Estord_TzarsbourghMarch,ReportProperties.Title,ツァルスブルグへ向けた進軍
ReportData,0x010000460001AF98,Turn10_Estord_TzarsbourghMarch,ReportProperties.Description,"7時00分、我々はクリムスラードにおけるルンブルク軍の防線全般およびクリムスラードとツァルスブルグ間の補給拠点に対し、全面的な爆撃と砲撃を開始した。

7時30分、我々の航空機がエストードで目撃された。これに対しルンブルクは我々の空襲に対抗するため戦闘機を出動させた。

9時30分、ランチェア将軍は第一軍に敵防線を突破してクリムスラードへ進軍するよう命じた。第一軍の戦車部隊が前進し、歩兵が後方から支援しながらルンブルク軍の戦車と正面から対決した。"
ReportData,0x010000460001AFA0,Turn10_Estord_TzarsbourghMarch_Lost,ReportProperties.Title,ツァルスブルグへの進軍――結末
ReportData,0x010000460001AFA0,Turn10_Estord_TzarsbourghMarch_Lost,ReportProperties.Description,"クリムスラードにおいて我が軍がルンブルクの防衛線を突破しようとしていたその時、アグンランドの東部前線が崩壊したという知らせが届いた。ルンブルク側からの軍事的圧力も次第に強まってきた。

東部方面を支援できなかったため、敵に完全に包囲されるのを避けるため、当時取れる唯一の選択肢は全師団をラハベンへ撤退させることだけだった。

残念ながら撤退する過程で甚大な犠牲者が出た。"
ReportData,0x010000460001AF9C,Turn10_Estord_TzarsbourghMarch_Victory,ReportProperties.Title,ツァルスブルグへの進軍――結末
ReportData,0x010000460001AF9C,Turn10_Estord_TzarsbourghMarch_Victory,ReportProperties.Description,"我々の戦車部隊が先頭に立って突撃したことで、ルンブルクの防御線を突破することができた。ルンブルクが我々の攻勢に反応する前に、ソードランドの旗がクリムスラード上空に高く掲げられていた。

その都市が陥落したという知らせにより、戦線全体におけるルンブルク軍の士気は崩壊した。我々が徐々に地盤を拡大する中、ルンブルクの将軍たちは前線が完全に崩壊するのを避けるため、ツァルスボーグを防衛すべく全面撤退を命じたが、我々の戦車部隊と歩兵が既にツァルスボーグの守備軍を攻撃していることに気づいていなかった。"
ReportData,0x010000460001AEFC,Turn10_Estord_War,ReportProperties.Title,エストードで病院や学校が爆撃される
ReportData,0x010000460001AEFC,Turn10_Estord_War,ReportProperties.Description,"ルンブルクへの爆撃は昨夜から始まった。彼らは都市部の大部分を破壊し、病院や学校も容赦なく攻撃した。民間人の中に多数の死者が出ている。現地指揮官たちの報告によれば、攻撃目標地域内には民間人や負傷した子供たちがいるという。

我々は都市を防衛するためにエストードへさらに対空システムを送っているが、現地の防御施設は甚大な被害を受けている。"
ReportData,0x010000B8000083F9,Turn10_HODBansDeathPenalty,ReportProperties.Title,代議院、死刑の禁止を決定
ReportData,0x010000B8000083F9,Turn10_HODBansDeathPenalty,ReportProperties.Description,"今日、RPPによって代議院で死刑禁止法案が提出され、多数決により法律として可決された。

この新法は死刑の代わりに終身刑を導入し、更生のための第二の機会を与えるとともに、正義が人間の尊厳という原則に合致するようにしている。現在死刑執行待ちの囚人たちは、改正後の法制度の下で終身刑を受けることになる。"
ReportData,0x010000460001AED8,Turn10_Holsord_AllianceOfNations_Begins,ReportProperties.Title,国際連盟の会議スケジュール
ReportData,0x010000460001AED8,Turn10_Holsord_AllianceOfNations_Begins,ReportProperties.Description,国際連盟の今後の会合スケジュールを受領した。示された日付によると、ソードランド1号機がキルートのコンスタンティウムへ向かう飛行の準備が進められている。外務大臣のデイヴィド・ウィスキも会合に出席するとともに、大統領を同行して飛行する。
ReportData,0x010000460001AF54,Turn10_Holsord_ANCondemsSordland,ReportProperties.Title,アン国大使、ソードランドを非難
ReportData,0x010000460001AF54,Turn10_Holsord_ANCondemsSordland,ReportProperties.Description,最近の国際連盟に対する言葉戦の激化を受け、AN大使は我々を厳しく非難した。我が国が事態をさらに悪化させ続けるならば、国際社会は傍観しないという警告がソードランドに届いている。
ReportData,0x010000460001AF50,Turn10_Holsord_ANSupportsSordland,ReportProperties.Title,アン国大使、ソードランドを支持
ReportData,0x010000460001AF50,Turn10_Holsord_ANSupportsSordland,ReportProperties.Description,国際舞台で最近ルンブルクに関する事実が明らかになった後、AN大使は全面的な支援を表明した。ソードランドは、このような時期に国際社会がその領土の完全性と独立を守るという保証を受けている。これにより外務省の自信が高まっている。
ReportData,0x010000460001AFB8,Turn10_Holsord_CongressCancelled,ReportProperties.Title,USP議会が中止に
ReportData,0x010000460001AFB8,Turn10_Holsord_CongressCancelled,ReportProperties.Description,ルンブルクとの戦争が迫る状況を踏まえ、USP議会は今年開催されない。アントン・レイン大統領は党首の地位を維持し、来たる選挙で大統領候補として統一ソードランドを代表することになっている。
ReportData,0x010000460001AEEC,Turn10_Holsord_Coup,ReportProperties.Title,軍、国内治安の任務を引き継ぐ
ReportData,0x010000460001AEEC,Turn10_Holsord_Coup,ReportProperties.Description,新たに与えられた権限により、ソードランド軍は地方警察の権限を上回る形でソードランド国内の平和維持の責任を負うことになった。ホルソードで高まる不安定状況を鎮圧するため、追加の部隊がストロングアーム基地に派遣されている。
ReportData,0x010000460001AF4C,Turn10_Holsord_ElectionVote_EmergencyExtended,ReportProperties.Title,緊急延長投票実施
ReportData,0x010000460001AF4C,Turn10_Holsord_ElectionVote_EmergencyExtended,ReportProperties.Description,選挙期間中も緊急事態が続く中、我々の警察は正しい投票が行われるよう投票手続きを厳重に監視する。治安部隊は、有資格で合法的な投票のみが行われるよう徹底して対応する。
ReportData,0x010000460001AF08,Turn10_Holsord_Mobilization,ReportProperties.Title,全国動員命令
ReportData,0x010000460001AF08,Turn10_Holsord_Mobilization,ReportProperties.Description,国内全土に対し人材力を強化するための動員命令が出された。新たに募集される者は主に予備役として配属されるが、最悪の事態に備えて準備を進める。これまでに約百万人の男性が募集され、彼らは直ちに集中訓練を開始する。
ReportData,0x010000460001AEDC,Turn10_Holsord_MoneyTransfer,ReportProperties.Title,送金が完了した
ReportData,0x010000460001AEDC,Turn10_Holsord_MoneyTransfer,ReportProperties.Description,キルート銀行より、お客様の個人資産の移転が無事完了したことをお知らせいたします。現地でお引き出しいただけるようになるまで、約30営業日かかります。当行をご利用いただき、誠にありがとうございます。
ReportData,0x010000460001AEE0,Turn10_Holsord_NuclearWeapons,ReportProperties.Title,ルンブルクに核兵器が存在することが確認された
ReportData,0x010000460001AEE0,Turn10_Holsord_NuclearWeapons,ReportProperties.Description,"ANの情報によれば、ルンブルクの内部告発者からの情報は真実であることが確認された。ルンブルクは実際にソードランドや東部メルコパを脅かすことのできる核兵器を保有している。

国際連盟は加盟国によるルンブルクへの一連の制裁を承認した。"
ReportData,0x010000460001AF68,Turn10_Holsord_Railway_LespiaArmyTransportation,ReportProperties.Title,レスピア軍がホルソードを離れるにつれ士気上昇
ReportData,0x010000460001AF68,Turn10_Holsord_Railway_LespiaArmyTransportation,ReportProperties.Description,"ホルソードにいる喜びに満ちたソードランド人たちは、L-1鉄道を利用してエストード前線へ向かう何十万ものレスピア兵士や装甲車両を見送った。

この巨大で高度な技術を持つ軍勢に関する記録やニュースにより、我が国の兵士たちの士気と国民の戦争支援意欲がさらに高まっている。"
ReportData,0x010000460001AED4,Turn10_Holsord_USPCongress,ReportProperties.Title,USP議会が召集される
ReportData,0x010000460001AED4,Turn10_Holsord_USPCongress,ReportProperties.Description,元内務大臣であったリリアス・グラーフが辞任後、アントン・レイン大統領に挑戦することになり、USPの党員たちが同党の今後の指導部を決定するための会議が召集された。大国民議会ではグラーフとレインの両者が演説を行い、その後投票が行われる。
ReportData,0x010000A100003E67,Turn10_Iza_AttemptsToBringTogetherGroups,ReportProperties.Title,RPP、宗教団体との連携を模索
ReportData,0x010000A100003E67,Turn10_Iza_AttemptsToBringTogetherGroups,ReportProperties.Description,リジアで宗教的少数派を標的とした致命的な暴動が起きた後、イザにある地元のRPP支部は分裂を修復しようと試み、世俗主義者、ヴルヘック教徒、そして様々な少数派を結集させて、彼らの怒りを互いに向けるのではなく中央政府に向けさせようとした。
ReportData,0x010000A100003F75,Turn10_Iza_ConstitutionCelebration_ManusPM,ReportProperties.Title,イザ、マヌスが首相に指名され祝賀に沸く
ReportData,0x010000A100003F75,Turn10_Iza_ConstitutionCelebration_ManusPM,ReportProperties.Description,多様性に富むイザの街では一晩で祝賀の光景が広がり、伝統的なRPPの強固な拠点にいる多くの人々が、マヌス・サゾンが同国初の首相として就任したことを祝った。長い間にわたって初めて、多くの民族や宗教的少数派は自分たちの声が政府に反映されていると感じている。
ReportData,0x0100009800050D09,Turn10_Iza_HODLargeProtest,ReportProperties.Title,イザでのデモ、激しい対立の末に鎮圧される
ReportData,0x0100009800050D09,Turn10_Iza_HODLargeProtest,ReportProperties.Description,イザでは何千人もの人々が中央広場に集まり、代議院に関する国王の計画に反対する声を上げた。抗議活動は制御しがたい状況となったが、警察は長時間の努力の末にようやく群衆を解散させた。
ReportData,0x0100009800050D05,Turn10_Iza_HODSmallProtest,ReportProperties.Title,イザでの抗議活動、1時間以内に鎮圧される
ReportData,0x0100009800050D05,Turn10_Iza_HODSmallProtest,ReportProperties.Description,イザでは中央広場で短時間の抗議が起こり、代議院に関する国王の計画に反対する声が上がった。治安部隊は迅速に対応し、ほとんど抵抗を受けることなく群衆を解散させた。
ReportData,0x010000A100004025,Turn10_Iza_ManusExecuted,ReportProperties.Title,イザがマヌス・サゾンを追悼する中、暴動発生
ReportData,0x010000A100004025,Turn10_Iza_ManusExecuted,ReportProperties.Description,マヌス・サゾンが処刑されたという発表の後、イザで暴動が勃発した。長らくサゾンによる変革を期待してきたリジア人民党の支持者たちが、警察署や王権の象徴となっている施設を攻撃した。
ReportData,0x010000520005AFE1,Turn10_Iza_ReligiousRiots,ReportProperties.Title,ゴルコンド主義とダストヌリティ派の企業が破壊される
ReportData,0x010000520005AFE1,Turn10_Iza_ReligiousRiots,ReportProperties.Description,"デルディアやヴェーレンからの移民によって経営されていた、ゴルコンド主義およびダストヌリティ派が所有する多数の企業が、宗教的示威隊によって破壊された。彼らは国内の問題を海外からの異端の影響のせいだと非難している。抵抗した一部の店主によって少なくとも8人が死亡したと報じられているが、彼らではその宗教的熱狂には敵わなかった。

報道によると、スー・オミナのメンバーたちも積極的に暴動に加わった。最終的に治安部隊が秩序を回復させ、逮捕された者に対して迅速な裁判を行うと発表した。"
ReportData,0x010000A100003E5D,Turn10_Iza_ReligiousRiotsGuardians,ReportProperties.Title,ゴルコンド主義とダストヌリティ派の企業が破壊される
ReportData,0x010000A100003E5D,Turn10_Iza_ReligiousRiotsGuardians,ReportProperties.Description,"デルディアやヴェーレンからの移民によって経営されていた多数のゴルコンド主義系およびダストヌリティ派系企業が、宗教的示威隊によって破壊された。彼らは国内の困難を海外からの異端の影響のせいだと非難している。抵抗した店主ら少なくとも20人が死亡したと報じられているが、彼らではその宗教的熱狂に太刀打ちできなかった。

市内に駐留していた聖ヴルヘックの守護者たちは攻撃を調整する役割を果たし、外国人所有の企業のリストを示威隊に提供するとともに、法執行機関が暴力から距離を置くようにした。報道によると、スー・オミナのメンバーも積極的に暴動に加わった。"
ReportData,0x010000A10000053C,Turn10_Iza_RentIncreases,ReportProperties.Title,イザの家主たち、家賃を引き上げる
ReportData,0x010000A10000053C,Turn10_Iza_RentIncreases,ReportProperties.Description,イザでは、王室が貧困世帯に支給する住宅補助金を利用して地主たちが家賃を急激に引き上げており、その過程で王室の財政を枯渇させている。イザを襲っている深刻な住宅危機のため、入居者たちはしばしばこうした家賃値上げを受け入れるしか選択肢がない。
ReportData,0x010000A10000401B,Turn10_Iza_RicoExecuted,ReportProperties.Title,スー・オミナによるリコを称えるたいまつ行列
ReportData,0x010000A10000401B,Turn10_Iza_RicoExecuted,ReportProperties.Description,夜間、数百人のスー・オミナのメンバーがたいまつを持ってイザを行進し、かつて多くの者に彼らの一人と見なされていたリコ・トラスを称えた。約1時間ほど経った頃、王国への裏切り者を記念するあらゆる行事は禁止されているとして、王室に忠実な治安部隊がそのパレードを解散させた。
ReportData,0x010000460001AED0,Turn10_Jen_Unrest_Violent,ReportProperties.Title,平和的な抗議が暴力化
ReportData,0x010000460001AED0,Turn10_Jen_Unrest_Violent,ReportProperties.Description,ジェンの市中心部で行われるはずだった平和的なデモは、参加者の中に武器を持ち込んだ者がいたことで暴力的なものへと変わり、抗議者と反対派抗議者の間で流血の衝突が起きた。何人かの傍観者も銃撃戦の巻き添えを食らい、負傷者数はまだ明らかになっていない。
ReportData,0x010000650000512F,Turn10_Kyrute_BankWelcomesAccount,ReportProperties.Title,キルートで大統領の財政政策が歓迎される
ReportData,0x010000650000512F,Turn10_Kyrute_BankWelcomesAccount,ReportProperties.Description,キルート共和国およびその金融業界は、アントン・レイン大統領が個人資金を我々が信頼する金融機関に移管するという決定を温かく歓迎している。この措置によりキルートとソードランドの間の金融的結びつきは一層強化され、財務大臣はこれらの資産に関して最大限の安全性と機密保持が図られることを保証している。
ReportData,0x010000A100004234,Turn10_Kyrute_PeaceTreaty,ReportProperties.Title,キルート、平和の訪れを歓迎
ReportData,0x010000A100004234,Turn10_Kyrute_PeaceTreaty,ReportProperties.Description,キルート共和国はパレスで締結された平和条約を歓迎し、速やかな通常の民間生活の回復を呼びかけている。同国はこれまでに引き起こされた多くの破壊行為の後、パレス人とリジア人の間の和解の必要性を強調している。
ReportData,0x010000460001AEF0,Turn10_Lachaven_Coup,ReportProperties.Title,海軍、輸出入の流れを監視
ReportData,0x010000460001AEF0,Turn10_Lachaven_Coup,ReportProperties.Description,軍の命令により、ソードランドへの輸出入の流れをより厳しく監視するため、海軍部隊がコンリアト海軍基地からラハベン港へ移動させられている。
ReportData,0x010000460001AFBC,Turn10_Lachaven_DebatePrep,ReportProperties.Title,ラハベンでの大統領討論会準備
ReportData,0x010000460001AFBC,Turn10_Lachaven_DebatePrep,ReportProperties.Description,次回のソードランド大統領選挙における候補者間の討論会は、明日夕方、ラハベンにあるソードランド放送公社本社で開催される予定だ。この討論会はテレビで生中継され、数百万人の家庭が視聴する見込みだ。
ReportData,0x010000460001AF30,Turn10_Lachaven_ElectionVote_Albin_Consolidates,ReportProperties.Title,副大統領クラヴィン、改革派の基盤を強化
ReportData,0x010000460001AF30,Turn10_Lachaven_ElectionVote_Albin_Consolidates,ReportProperties.Description,"我々の改革主義的な政策により、USPの改革派有権者の大多数が、大統領選でレイン氏に投票する可能性が高いと述べている。

さらに、我々の副大統領であるアルビン・クラヴィンは、彼らの支持を固めようと集会を開催している。しかし残念ながら、彼らはUSP内では少数派に過ぎず、他の場所からさらなる票を得る必要があるかもしれない。"
ReportData,0x010000460001AF44,Turn10_Lachaven_ElectionVote_WalterTusk,ReportProperties.Title,ウォルター・タスク、レイン大統領を支持
ReportData,0x010000460001AF44,Turn10_Lachaven_ElectionVote_WalterTusk,ReportProperties.Description,ソードランドの実業家であるウォルター・タスクは、来たる57年の選挙において我々を次期ソードランド大統領として正式に支持した。タスク氏の広範な人脈と影響力により、さらに多くの事業主や経済支援派の市民が我々に投票するものと期待される。
ReportData,0x010000460001AFC0,Turn10_Lachaven_LackOfSupplies,ReportProperties.Title,我々の前線、追加物資を要請
ReportData,0x010000460001AFC0,Turn10_Lachaven_LackOfSupplies,ReportProperties.Description,前線にいる我が軍の将官たちは、より多くの弾薬や手榴弾、そして医療機器の投入を要請している。彼らの報告によれば、我が軍はかろうじて防衛線を維持している状態であり、弾薬不足のため一部の兵士は反撃すらできないという。砲兵部隊も選択的にしか発射できず、これが我が軍の将官たちの間で、重点をどこに置くべきかという大きな意見対立を引き起こしている。残念ながら、資源を過度に消耗しており、全前線を支援するだけの力は残っていない。
ReportData,0x010000460001AF84,Turn10_Lachaven_Lespia_AirWings,ReportProperties.Title,レスピア空軍、ソードランドの空で飛行
ReportData,0x010000460001AF84,Turn10_Lachaven_Lespia_AirWings,ReportProperties.Description,"ラハベン上空での活発な活動が地域の軍事準備態勢を高めている。レスピアからの戦略的同盟国は、紛争発生に備えて日々訓練を行うため、その優秀な航空部隊を我が国の軍用飛行場に派遣している。経験豊富なパイロットたちが操縦する最先端の航空機は、空域支配力の強大さを示している。

この光景は我が国の軍事準備度の証であるだけでなく、地上部隊の士気向上にも大きく貢献している。これら優秀なレスピア人パイロットたちの存在は強力な同盟支援を示すものであり、我が軍兵士たちの決意を一層固めている。"
ReportData,0x010000460001AFC4,Turn10_Lachaven_SufficientSupplies,ReportProperties.Title,我が国の将軍たちが感謝の意を表明
ReportData,0x010000460001AFC4,Turn10_Lachaven_SufficientSupplies,ReportProperties.Description,我が国の将軍たちは、国内での優れた行政処理に対し深い感謝の意を示した。我が国の砲兵部隊は弾薬の心配なく絶え間なく敵陣を砲撃している。医療機器が継続的に供給されたおかげで、死傷者数を最小限に抑えることができた。国内での成果により、彼らは連続した攻撃を開始することができた。
ReportData,0x010000460001AECC,Turn10_Lachaven_Unrest_Violent,ReportProperties.Title,共和国大通りで略奪が発生
ReportData,0x010000460001AECC,Turn10_Lachaven_Unrest_Violent,ReportProperties.Description,ソードランド全土で暴力的な抗議行動が続く中、ラハベンの当局はリパブリック・アベニュー沿いの店舗で制御不能な略奪行為が発生しており、多数の窓が破壊され高価な品物が盗まれていると報告している。
ReportData,0x010000460001AF78,Turn10_Lachaven_ValgslandArrivedInLachaven,ReportProperties.Title,ヴァルグスランド軍、ラハベンに到着
ReportData,0x010000460001AF78,Turn10_Lachaven_ValgslandArrivedInLachaven,ReportProperties.Description,"ラハベンの市長によると、ヴァルグスランドの輸送船が港に停泊し、同国の軍隊が前線へ向かっているとのことだ。しかし、一部の市民はヴァルグスランド兵士たちに対して敵意を示している。

幸いなことに、部隊の展開中に暴力事案は発生していない。"
ReportData,0x010000460001AF04,Turn10_Laren_War,ReportProperties.Title,ルンブルクの戦争犯罪
ReportData,0x010000460001AF04,Turn10_Laren_War,ReportProperties.Description,"ルンブルクの兵士たちが我々の防衛線を突破した地域では、残虐な戦争犯罪の報告が相次いでいる。これらの報告には、流離失所した民間人への強制行進や捕虜への虐待が記されている。

ある現地指揮官によれば、彼らは正規軍のように戦っていないという。新たな化学兵器に関する報告もホルソードに送られてきている。これらの戦争犯罪は国際社会に報告され、全世界が目にすることになるだろう。"
ReportData,0x010000460001B6DB,Turn10_Lespia_ArmyReady,ReportProperties.Title,レスピア軍、出動準備完了
ReportData,0x010000460001B6DB,Turn10_Lespia_ArmyReady,ReportProperties.Description,レスピア共和国はソードランドとの同盟に対する揺るぎない献身を再確認する。レスピア軍は、将来生じうるあらゆる危機においても同盟国たちと連帯して立つ準備ができている。ソードランドがレスピアの支援を求めれば、我が国は躊躇なく応じるだろう。
ReportData,0x010000A10000402F,Turn10_Lespia_RustyExecuted,ReportProperties.Title,レスピア、偉大な実業家の喪失を悼む
ReportData,0x010000A10000402F,Turn10_Lespia_RustyExecuted,ReportProperties.Description,レスピアはラスティ・モントーロの家族に正式な哀悼の意を表し、彼のような有能な実業家の死は「極めて悲劇的」であり、「世界の資本界にとって大きな損失」だと述べた。
ReportData,0x010000460001B6E3,Turn10_Lespia_UrgeCalm,ReportProperties.Title,レスピア、冷静を呼びかける
ReportData,0x010000460001B6E3,Turn10_Lespia_UrgeCalm,ReportProperties.Description,レスピア共和国はここに、東メルコパの平和への誓約を再確認する。ルンブルクとソードランド間の緊張がさらに悪化するのを防がなければならない。我々はこの地域の冷静さを強く呼びかける。
ReportData,0x010000460001B6F7,Turn10_Lespia_WarAllied,ReportProperties.Title,レスピア軍、進軍中
ReportData,0x010000460001B6F7,Turn10_Lespia_WarAllied,ReportProperties.Description,レスピア軍の指揮部はソードランド軍の指揮部と合流した。最新の報告によると、彼らの装甲部隊および機械化部隊が第1軍を支援するために向かっているという。
ReportData,0x0100009800050D0D,Turn10_Monqiz_HODLargeProtest,ReportProperties.Title,モンキズの抗議者たち、長時間に及ぶデモの後に解散
ReportData,0x0100009800050D0D,Turn10_Monqiz_HODLargeProtest,ReportProperties.Description,モンキズでは大規模な抗議行動が勃発し、デモ参加者たちは代議院に関する国王の計画に反対して主要な交差点を占拠した。この集団を鎮圧するのは困難を極めたが、当局は数時間の緊張した状況の後、ようやく群衆を解散させることができた。
ReportData,0x0100009800050D11,Turn10_Monqiz_HODSmallProtest,ReportProperties.Title,国王の決定を受けてモンキズの抗議へ迅速な対応がなされる
ReportData,0x0100009800050D11,Turn10_Monqiz_HODSmallProtest,ReportProperties.Description,モンキズでは、代議院に関する国王の計画に反対する抗議行動が起こったが、現地の法執行機関によってすぐに鎮圧され、集団は解散させられた。
ReportData,0x010000A100004043,Turn10_Monqiz_HugoExecuted,ReportProperties.Title,モンキズ宮殿の広間は静まり返る
ReportData,0x010000A100004043,Turn10_Monqiz_HugoExecuted,ReportProperties.Description,モンキズにあるトラス宮殿は不気味な静寂に包まれており、宮殿のほぼ全員が何らかの私的なつながりを持っていたウーゴ・トラスの処刑によって多くの者が悲しみに暮れている。広大な廊下に響き渡る音といえば、足音だけとなっている。
ReportData,0x010000A100004039,Turn10_Montaklar_AzaroExecuted,ReportProperties.Title,アザロ家、故人となった家族のために追悼の時を過ごす
ReportData,0x010000A100004039,Turn10_Montaklar_AzaroExecuted,ReportProperties.Description,アザロ家はモンタクラルで小規模な軍事パレードを開催し、公式には「亡くなった家族全員」を追悼するためだとした。王室の弾圧を避けるため、パレードでは最近の処刑については言及されなかったが、この問題は誰もが気にしていた。
ReportData,0x010000C400000239,Turn10_Montaklar_CrownRules,ReportProperties.Title,モンタクラル、直接統治へ移行
ReportData,0x010000C400000239,Turn10_Montaklar_CrownRules,ReportProperties.Description,"長年にわたりその軍事力と工業上の重要性で知られてきたカルデス＝モンタクラル州は、正式に王室の直接統治下に置かれることになった。この変更により、アザロ家はその王領や爵位を放棄した。

移行の一環として、モンタクラル市役所にあったアザロ家指導者たちの肖像画に代わり、ロムス王および王室の肖像画が掲げられ、新しい統治体制を象徴している。さらに、リジアの主要な軍事基地であったキャンプ・ドムスは、州の新たな帰属を反映してキャンプ・ロムスと改名された。"
ReportData,0x010000A100003E71,Turn10_Montaklar_GuardiansDeployed,ReportProperties.Title,ヴルヘックの守護者たち、少数派店舗を予防的に閉鎖
ReportData,0x010000A100003E71,Turn10_Montaklar_GuardiansDeployed,ReportProperties.Description,"大規模な財産損害や死者を出すような宗教的動機に基づく暴動を防ぐため、モンタクラルに駐留するヴルヘックの守護者たちは、市内の非ヴルヘック派が所有する全ての店舗を予防措置として無期限に閉鎖した。

当初、モンタクラルに住む多数のゴルコンド主義共同体がこの措置に抗議したものの、他に就職先を探すしか選択肢がないため、多くの店主が市を離れ始めている。"
ReportData,0x0100009800050D19,Turn10_Montaklar_HODLargeProtest,ReportProperties.Title,長時間にわたる抵抗の末、大規模なモンタクラル抗議行動が鎮圧された
ReportData,0x0100009800050D19,Turn10_Montaklar_HODLargeProtest,ReportProperties.Description,モンタクラルでは、市民たちが代議院に関する国王の決定に抗議して街頭を行進したため、非常に多くの人々が集まった。抵抗に直面しながらも、当局は最終的に秩序を回復させた。
ReportData,0x0100009800050D15,Turn10_Montaklar_HODSmallProtest,ReportProperties.Title,当局の介入によりモンタクラルでの抗議活動はすぐに収束した
ReportData,0x0100009800050D15,Turn10_Montaklar_HODSmallProtest,ReportProperties.Description,モンタクラルでは、国王による代議院に関する最近の決定に抗議して抗議者たちが集まったが、当局が迅速かつ問題なく群衆を解散させたため、デモは短時間で終わった。
ReportData,0x010000C400000292,Turn10_Montaklar_HousesUnite,ReportProperties.Title,アザロ家、秩序回復に成功
ReportData,0x010000C400000292,Turn10_Montaklar_HousesUnite,ReportProperties.Description,"モンタクラルでの暴動の後、アザロ家は主要な場所に追加の部隊を配備することで迅速に治安強化を図った。

カルロス・ロブレス・アザロ将軍は、夜間外出禁止令や軍の巡回警備によってさらなる騒乱を防ぎ、安定が維持されると市民たちに保証した。
地元当局によれば、政府の業務は中断なく続いており、日常生活も影響を受けていない。

緊張が和らぐにつれて、企業各社に対して治安対策を守るよう呼びかけがなされている。"
ReportData,0x010000A1000042C1,Turn10_Montaklar_PalesTreatyAzaro,ReportProperties.Title,アザロ家、パレスの取得を祝う
ReportData,0x010000A1000042C1,Turn10_Montaklar_PalesTreatyAzaro,ReportProperties.Description,アザロ家はパレスを自らの領土に編入したことを歓迎しており、王家が二つの異なる州を同時に統治する初の存在となったからである。この家族は特にロムス国王に感謝の意を表し、新たに取得した地域で秩序を回復させるためにアザロ軍が派遣された。
ReportData,0x010000A10000423E,Turn10_Morella_PeaceTreaty,ReportProperties.Title,モレラ、避難民の迅速な帰還を呼びかける
ReportData,0x010000A10000423E,Turn10_Morella_PeaceTreaty,ReportProperties.Description,モレラは調印された平和条約を歓迎し、紛争から逃れている人々の早急な帰還を呼びかけている。この国には何千人もの難民が避難しており、彼らを寛大に受け入れてきたものの、紛争が終結した今、彼らに帰宅してほしいと強く願っている。
ReportData,0x010000460001AF24,Turn10_Morna_ElectionVote_PublicOpinon_Average,ReportProperties.Title,選挙世論調査の結果
ReportData,0x010000460001AF24,Turn10_Morna_ElectionVote_PublicOpinon_Average,ReportProperties.Description,選挙が近づくにつれ、マルーン宮殿の職員たちはソードランド全土で一般世論調査を実施した。調査の結果、ソードランド人の約27％が今回の選挙でUSPに投票したいと考えていることが分かった。
ReportData,0x010000A100003AE5,Turn10_Nanta_WehzeksProtest,ReportProperties.Title,ヴェゼク人、リジアへの復帰に抗議
ReportData,0x010000A100003AE5,Turn10_Nanta_WehzeksProtest,ReportProperties.Description,ジル地方で最も規模の大きい集団の一つであるナンタに住むヴェゼク少数派は、同都市がリジアに返還されることに抗議する集会を開催した。地元のヴェゼク指導者たちは、我々が支配権を握って以来、ヴェゼク人の社会的地位が大幅に低下したと主張している。
ReportData,0x010000460001AEE8,Turn10_Narbel_Surrendered,ReportProperties.Title,ナルベルでの放火事件
ReportData,0x010000460001AEE8,Turn10_Narbel_Surrendered,ReportProperties.Description,ナルベルに住むソードランド人たちは、命令による強制的な立ち退きに対して抗議を始めた。ルンブルクの国旗が焼かれ、ますます激しくなる抗議活動の中で市内各地で放火事件が発生した。消防士たちが現場に急行している。
ReportData,0x010000460001AF00,Turn10_Narbel_War,ReportProperties.Title,ルンブルクの砲兵目標が破壊された
ReportData,0x010000460001AF00,Turn10_Narbel_War,ReportProperties.Description,"我々はルンブルク側の砲兵によるナルベルへの継続的な砲撃を阻止した。昨夜、我が軍の砲兵旅団は敵の拠点を標的に反砲撃を行い、彼らの重火器を破壊した。

我々の部隊はこの好機を利用して突破を試み、敵の戦車を閉じ込める袋小路を作り出すつもりだ。ベクターン、頑張れ！"
ReportData,0x010000460001AF64,Turn10_Narbel_WehlenWarCrimes,ReportProperties.Title,ヴェーレン、ラーズドとデイトフォードに火を放つ
ReportData,0x010000460001AF64,Turn10_Narbel_WehlenWarCrimes,ReportProperties.Description,"報告によると、ヴェゼク軍はナルベルを進軍する過程で残虐行為を働き、特にラーツやデイトフォートから来た多数のブルディア人およびルンブルク人難民が収容されている野営地でその行為が行われたとのことだ。

暴行、略奪、その他の暴力的な行為が噂されている戦争犯罪に含まれている。"
ReportData,0x010000C30001A038,Turn10_NewGov_Epic_KingsWall_B,ReportProperties.Title,王の壁
ReportData,0x010000C30001A038,Turn10_NewGov_Epic_KingsWall_B,ReportProperties.Description,かつては有刺鉄線や臨時の障壁で構成されていたその壁は、現在ではコンクリートや監視塔によって強化されている。移動は厳しく制限されており、両側に群衆が集まり、最後の区間が完成する前に逃げ出そうとする者も多い。
ReportData,0x010000A100003B4E,Turn10_Pales_ChemicalCleanup,ReportProperties.Title,軍事工兵が化学物質の除染を主導
ReportData,0x010000A100003B4E,Turn10_Pales_ChemicalCleanup,ReportProperties.Description,我が軍の軍事工兵部隊がパレスの除染作業を監督しており、この都市に放出した神経ガスの痕跡をすべて処理し、民間人がさらなる偶発的な曝露から守られるようにしている。
ReportData,0x010000A100003B44,Turn10_Pales_Peace,ReportProperties.Title,統一祝賀の中、大勢の群衆に迎えられたヴィナ
ReportData,0x010000A100003B44,Turn10_Pales_Peace,ReportProperties.Description,"ヴィナ王女は、夫のアクセルと共にラインハルト城のバルコニーに姿を現し、パレスの首都に集まった数十万人の群衆から、両国がリジアと統一されたことを祝う盛大な拍手を浴びた。

これから数日間で、ヴィナとアクセルはさらに多くのパレスの都市を共に訪れ、リジアとパレスの間に新たに築かれた団結を示していく。"
ReportData,0x010000A100003B3A,Turn10_Pales_War,ReportProperties.Title,軍、パレードで秩序維持
ReportData,0x010000A100003B3A,Turn10_Pales_War,ReportProperties.Description,かつてのパレスの首都に駐留する軍警察部隊が、我々の勝利行進に対するいかなる意義ある抗議の試みも鎮圧している。我々の勝利に対するパレス側の反発はほぼ排除されたものの、社会の一部には依然として我々の統治に抵抗しようとする勢力が存在し、公共の安全を脅かす事態を防ぐために予防的な逮捕が必要となっている。
ReportData,0x010000A100004252,Turn10_PeaceTreaty_Bronaz,ReportProperties.Title,戦没者のための追悼式
ReportData,0x010000A100004252,Turn10_PeaceTreaty_Bronaz,ReportProperties.Description,"ブロナズにある国内最大の軍人墓地であるブルア・モンテには、パレス戦争で命を落とした者たちを追悼するため何千人もの人々が集まった。この国のほぼすべての家族が、この紛争で負傷または死亡した誰かを知っているため、雰囲気は極めて陰鬱だった。墓地には23,000人以上の兵士が、白い簡素な墓に埋葬されている。"
ReportData,0x010000A10000407A,Turn10_Plavo_SalExecuted,ReportProperties.Title,警察、サルのための祈り集会を解散
ReportData,0x010000A10000407A,Turn10_Plavo_SalExecuted,ReportProperties.Description,プラヴォの聖堂で、王国への裏切り者として処刑されたウィスセレル・サル・イグナティウスを追悼するために行われていた小規模な祈りの集会は、我々の治安部隊によって解散させられた。現在、処刑された裏切り者を記念する集まりは、国王の決定の権威を損なう危険があるため違法と見なされている。
ReportData,0x010000A100003F6B,Turn10_PorteDrazon_ConstitutionCelebration,ReportProperties.Title,数千人が新憲法を祝う
ReportData,0x010000A100003F6B,Turn10_PorteDrazon_ConstitutionCelebration,ReportProperties.Description,様々な政治勢力に属する民主主義擁護活動家たちがポルテ・ドラゾンに集まり、新憲法の署名を祝い、代議院の外では大規模な集会が開催された。RPPとRNCの代表者両名がこの集会に出席し、憲法を持つリジアを支持する姿勢で珍しく団結を示した。
ReportData,0x010000A100003585,Turn10_PorteDrazon_Decision_NationalDestabilization_Abdicate,ReportProperties.Title,リジア史上最大のデモ行進
ReportData,0x010000A100003585,Turn10_PorteDrazon_Decision_NationalDestabilization_Abdicate,ReportProperties.Description,約350万人がポルテ・ドラゾンで我々の統治に反対するデモ行進を行い、これはリジアの歴史上最大規模の示威運動となった。我々の退位宣言が抗議者たちの間に伝わると、喜びに満ちた雰囲気が広がったと報じられている。
ReportData,0x0100009800050D1D,Turn10_PorteDrazon_HODLargeProtest,ReportProperties.Title,ポルテ・ドラゾンでの抗議行動、長時間にわたる緊張の末に解散
ReportData,0x0100009800050D1D,Turn10_PorteDrazon_HODLargeProtest,ReportProperties.Description,ポルテ・ドラゾンでは、代議院が閉鎖された後のその運命に関する王の決定に抗議するため、多くの群衆が宮殿の門の外に集まった。当局はデモを鎮圧しようと努めたが、数時間経過した後、ついに抗議行動は解散された。
ReportData,0x0100009800050D21,Turn10_PorteDrazon_HODSmallProtest,ReportProperties.Title,ポルテ・ドラゾンで小規模抗議がすぐに鎮圧される
ReportData,0x0100009800050D21,Turn10_PorteDrazon_HODSmallProtest,ReportProperties.Description,ポルテ・ドラゾンでは、代議院の閉鎖後のその運命に関する国王の決定を受けて、王宮付近で規模は小さいながらも声の大きい抗議行動が起こった。
ReportData,0x010000A100003B9E,Turn10_PorteDrazon_LucitaMiscarriage,ReportProperties.Title,ルシータ・アザロ、刑務所内で流産に見舞われる
ReportData,0x010000A100003B9E,Turn10_PorteDrazon_LucitaMiscarriage,ReportProperties.Description,"昨夜遅く、大量出血を起こした不名誉な女公爵であり元王妃のルシータ・アザロは、ポルテ・ドラゾン城塞から急いで病院に運ばれた。到着後、彼女が妊娠していた3ヶ月目の胎児が流産していることが判明し、それはおそらく投獄によるストレスが原因だった。

アザロ自身の容体は安定している。"
ReportData,0x010000A100003E2B,Turn10_PorteDrazon_WorshippersMarchOnCapital_Destabilisation,ReportProperties.Title,50万のヴルヘック教徒たちが首都に集結
ReportData,0x010000A100003E2B,Turn10_PorteDrazon_WorshippersMarchOnCapital_Destabilisation,ReportProperties.Description,"ポルテ・ドラゾンへの宗教的行進はついに終了し、約50万人もの信者たちが市内の広場や大通りに溢れ出し、今後は永続的にそこに留まるつもりである。

宗教的デモ隊が他の抗議者たちを攻撃したことで暴動が発生し、国家の敵対勢力である共和主義者や社会主義者を解散させようと試みたが失敗に終わった。数名の負傷者が出たと報告されている。"
ReportData,0x010000A100003E21,Turn10_PorteDrazon_WorshippersMarchOnCapital_GuardiansDestabilisation,ReportProperties.Title,50万のヴルヘック教徒たちが首都に集結
ReportData,0x010000A100003E21,Turn10_PorteDrazon_WorshippersMarchOnCapital_GuardiansDestabilisation,ReportProperties.Description,"ポルテ・ドラゾンへの宗教的行進はついに終了し、約50万人もの信者たちが市内の広場や大通りに溢れ出し、今後は永続的にそこに留まるつもりである。

宗教的デモ隊が他の抗議者たちを攻撃したことで暴動が発生し、ヴルヘックの守護者たちが国家の共和主義的・社会主義的な敵対勢力を解散させるのを助けた。多数の負傷者が出たと報告されている。"
ReportData,0x010000A100003E35,Turn10_PorteDrazon_WorshippersMarchOnCapital_Peaceful,ReportProperties.Title,50万のヴルヘック教徒たちが首都に集結
ReportData,0x010000A100003E35,Turn10_PorteDrazon_WorshippersMarchOnCapital_Peaceful,ReportProperties.Description,ポルテ・ドラゾンへの宗教的行進はついに終了し、約25万人もの信者たちが街の広場や大通りに溢れ出した。自らの主張を示した後、デモ参加者たちは帰路につき、静かな平和のオアシスと化したその都市を後にした。
ReportData,0x010000A300000505,Turn10_Qalus_Decision_ValenqirisEnvironmentalCrisis_OutputFalls,ReportProperties.Title,環境危機の悪化に伴いワイン生産が減少
ReportData,0x010000A300000505,Turn10_Qalus_Decision_ValenqirisEnvironmentalCrisis_OutputFalls,ReportProperties.Description,政府の無策により、ヴァレンキリスを襲う深刻な環境危機が悪化する中でワイン生産はますます打撃を受けている。土壌が汚染され続けるため、ブドウの木々は十分な栄養分を吸収できず、次第に多くの植物が枯死している。
ReportData,0x010000A100002D8D,Turn10_Qalus_Decision_ValenqirisEnvironmentalCrisis_RankingRestored,ReportProperties.Title,ブドウの品質ランキングが回復
ReportData,0x010000A100002D8D,Turn10_Qalus_Decision_ValenqirisEnvironmentalCrisis_RankingRestored,ReportProperties.Description,政府の熱心な取り組みにより、ブドウ栽培の専門家たちがかつて格下げされていたブドウのランキングを元の地位に戻すことに成功した。政府が講じた措置は効果を上げており、地下水の汚染物質が減少し、自然も回復し始めているようだ。
ReportData,0x010000A100003B76,Turn10_Remaz_ChemicalCleanup,ReportProperties.Title,軍事工兵が化学物質の除染を主導
ReportData,0x010000A100003B76,Turn10_Remaz_ChemicalCleanup,ReportProperties.Description,我が軍の軍事工兵部隊がレマズの除染作業を監督しており、都市に放出した神経ガスの痕跡をすべて処理し、民間人がさらなる偶発的な曝露を受けないよう防いでいる。
ReportData,0x010000A100003B62,Turn10_Remaz_Peace01,ReportProperties.Title,大市場広場に団結の柱が建てられる
ReportData,0x010000A100003B62,Turn10_Remaz_Peace01,ReportProperties.Description,レマズの大きな市場広場に、パレスとリジアの統一を祝うための巨大な統一記念柱が建設されている。その柱にはラインハルト家を含むすべてのリジア王家の紋章が刻まれており、頂部には金色のトラスの雄牛が飾られている。
ReportData,0x010000A100003B6C,Turn10_Remaz_Peace02,ReportProperties.Title,ヴィナとアクセル、団結の柱前でツアーを終える
ReportData,0x010000A100003B6C,Turn10_Remaz_Peace02,ReportProperties.Description,ヴィナとアクセルは、同州で2番目に大きな都市であるレマズにて、パレス全土を巡る統一ツアーを終えた。二人は群衆の熱烈な歓声の中、新しく建設された勝利記念柱を公開した。
ReportData,0x010000A100003B58,Turn10_Remaz_War,ReportProperties.Title,復興作業が現在進行中
ReportData,0x010000A100003B58,Turn10_Remaz_War,ReportProperties.Description,"パレスで2番目に大きな都市であるレマズの再建作業が、残酷な包囲戦の後、現在進行中である。復興作業の中心となっているのは、広大な市場広場に建設されつつある新たなトラス柱で、その頂上には金色の雄牛が飾られている。

戦争によって避難していた民間人たちが、徐々にこの都市に戻り始めている。"
ReportData,0x010000520005C995,Turn10_Report_GRACE_Decision_Unification_Agree,ReportProperties.Title,GRACE、統一を祝う
ReportData,0x010000520005C995,Turn10_Report_GRACE_Decision_Unification_Agree,ReportProperties.Description,GRACE機関は、パレスが我が王国の君主として即位することに対し再び祝意を表し、地域的な君主制の力が強まっていることを好意的な動向だと指摘した。
ReportData,0x010000A10000328D,Turn10_Report_Intermerkopum_PeaceTreaty_Win,ReportProperties.Title,インテルメルコプムの加盟国、パレスでの勝利を祝う
ReportData,0x010000A10000328D,Turn10_Report_Intermerkopum_PeaceTreaty_Win,ReportProperties.Description,インテルメルコプム同盟に所属する我々の仲間たちは、パレスに対する我々の勝利を祝う公式声明を送り、これを「南メルコパにおける地域勢力均衡の転換点」と呼んだ。彼らはまた、どのような脅威が迫ろうとも、インテルメルコプムは引き続きリジアを支援し続けると付け加えた。
ReportData,0x010000C30001A088,Turn10_Report_NewGov_DrillResources,ReportProperties.Title,ジル開発計画
ReportData,0x010000C30001A088,Turn10_Report_NewGov_DrillResources,ReportProperties.Description,リジアはジルが所有する資源豊富な土地を国家開発プロジェクトとして宣言した。産業チームが資源採掘地の評価を行っている一方、地元の環境団体たちは潜在的な生態系被害に反対している。
ReportData,0x010000C30001A154,Turn10_Report_NewGov_Epic_ApplyATO,ReportProperties.Title,アルカシア条約機構統合への道
ReportData,0x010000C30001A154,Turn10_Report_NewGov_Epic_ApplyATO,ReportProperties.Description,アルカシア条約機構へのリジアの加盟申請が受理され、我々は候補国としての道を歩み始めた。この動きは、国家安全保障を強化し、国際舞台における戦略的同盟関係を固めるための一歩と見なされている。
ReportData,0x010000C30001A158,Turn10_Report_NewGov_Epic_ApplyCSP,ReportProperties.Title,コンタナ条約機構への加盟が拒否され、外交交渉は継続される
ReportData,0x010000C30001A158,Turn10_Report_NewGov_Epic_ApplyCSP,ReportProperties.Description,コンタナ条約機構へのリジアの加盟申請は、政治的立場や経済的適合性に関する懸念を理由に却下された。この挫折にもかかわらず、当局者は代替的なパートナーシップを通じて地域間の結びつきを強化するための外交的努力が続けられると強調している。
ReportData,0x010000C300019F99,Turn10_Report_NewGov_Epic_Armada,ReportProperties.Title,リジア海軍
ReportData,0x010000C300019F99,Turn10_Report_NewGov_Epic_Armada,ReportProperties.Description,リジアは航空母艦やジェット推進の海軍航空機を備えた近代的な海軍の創設を発表した。モンキズ港および海軍造船所の拡張により地元経済が活性化しているが、この計画は依然として初期段階にある。
ReportData,0x010000C30001A061,Turn10_Report_NewGov_Epic_BondScheme,ReportProperties.Title,主権債券への反発
ReportData,0x010000C30001A061,Turn10_Report_NewGov_Epic_BondScheme,ReportProperties.Description,返済計画のない「主権債」の発行により、深刻な国民の不満が生じている。市民たちは自分たちに課された財政的負担に苛立ち、抗議や透明性の確保を求める声が上がっている。この取り組みは支持を得ることに失敗し、ますます強い抵抗に直面している。
ReportData,0x010000C300019FB5,Turn10_Report_NewGov_Epic_CrownRestoration,ReportProperties.Title,王権復活協定
ReportData,0x010000C300019FB5,Turn10_Report_NewGov_Epic_CrownRestoration,ReportProperties.Description,リジアが不安定な共和制国家における王政支持運動に外交的・財政的支援を提供するために「王権復活条約」を発表したことは、GRACEのメンバーやリジアの忠誠派から強い支持を得ている。
ReportData,0x010000C30001A0B3,Turn10_Report_NewGov_Epic_CurrencyChaos,ReportProperties.Title,ジル通貨危機
ReportData,0x010000C30001A0B3,Turn10_Report_NewGov_Epic_CurrencyChaos,ReportProperties.Description,リジアはジルの新通貨を認めず、ジルの市場にリジア・ギルダーを大量に流入させることで現地経済を不安定化させた。スモラク政権は混乱に陥っており、農村地域では物々交換制度への依存がますます強まっている。
ReportData,0x010000C300019FAD,Turn10_Report_NewGov_Epic_DemilitarizedZone,ReportProperties.Title,非軍事化地域
ReportData,0x010000C300019FAD,Turn10_Report_NewGov_Epic_DemilitarizedZone,ReportProperties.Description,リジアとパレスの間の貿易や外交のために中立的な国境地帯が設置された。緊張状態は依然として高いものの、この取り組みは両国の民衆によって概ね成功と見なされている。
ReportData,0x010000C30001A134,Turn10_Report_NewGov_Epic_DrillResources_Rizia,ReportProperties.Title,大規模発掘プロジェクト
ReportData,0x010000C30001A134,Turn10_Report_NewGov_Epic_DrillResources_Rizia,ReportProperties.Description,国の資源を評価するための予備調査により、イザの西側でトリウム鉱床が発見された。この発見により原子力エネルギーへの関心が高まっており、それによってリジアのエネルギー自給率と今後の経済成長が大幅に向上する可能性がある。
ReportData,0x010000C30001A0A9,Turn10_Report_NewGov_Epic_GreatWallOfSound,ReportProperties.Title,音の壁
ReportData,0x010000C30001A0A9,Turn10_Report_NewGov_Epic_GreatWallOfSound,ReportProperties.Description,リジアとジルの国境沿いに設置された巨大スピーカーから、現在、大音量で愛国的なリジアの音楽が流れている。地元の指導者たちはこの行為を非難しており、一方で国境警備員の間で野生動物の生息環境が乱れたり聴力に損傷が出たりしているという報告も上がっている。
ReportData,0x010000C30001A07D,Turn10_Report_NewGov_Epic_GulfOfRizia,ReportProperties.Title,リジア湾の名称変更
ReportData,0x010000C30001A07D,Turn10_Report_NewGov_Epic_GulfOfRizia,ReportProperties.Description,リジアはこの地域における自国の支配的地位を示すため、モリディア湾の正式名称を「リジア湾」に変更した。この決定により、変更を認めないデルディア、モレラ、ヴェーレンから強い怒りが巻き起こっている。
ReportData,0x010000C30001A0C0,Turn10_Report_NewGov_Epic_IndependentZilleAlliance,ReportProperties.Title,ジルとの同盟、賛否両論
ReportData,0x010000C30001A0C0,Turn10_Report_NewGov_Epic_IndependentZilleAlliance,ReportProperties.Description,新たに独立したジルとの同盟を受け入れるという決定は、様々な反応を呼んでいる。批判者たちは安全上のリスクや経済的負担を警告している一方、支持者たちは地域間の結びつきが強化される点を強調している。新たに合意された開放国境は、貿易や人の移動を促進するものと期待されている。
ReportData,0x010000C300019F9D,Turn10_Report_NewGov_Epic_KingsWall_A,ReportProperties.Title,王の壁
ReportData,0x010000C300019F9D,Turn10_Report_NewGov_Epic_KingsWall_A,ReportProperties.Description,王の壁の建設が始まり、これは王権の下での強さと団結を象徴している。この巨大な防御施設は国境防衛を強化し、外部からの脅威を抑止し、リジアの主権を固めるために設計されている。
ReportData,0x010000C30001A117,Turn10_ReportNewGov_Epic_MandatoryStock,ReportProperties.Title,強制的な株式投資に対する国民の反発
ReportData,0x010000C30001A117,Turn10_ReportNewGov_Epic_MandatoryStock,ReportProperties.Description,リジアにおける株式投資の義務化導入は国民の怒りを招き、大規模な抗議行動が起こっている。財政的損失があるにもかかわらず、君主制の長年にわたる安定性とその経済的影響力を信頼する投資家たちが引き続き株式を購入している。
ReportData,0x010000C300019FC5,Turn10_Report_NewGov_Epic_MilitaryIndComplex,ReportProperties.Title,国家軍事化構想
ReportData,0x010000C300019FC5,Turn10_Report_NewGov_Epic_MilitaryIndComplex,ReportProperties.Description,リジアは軍事力強化への投資を続け、戦略的基地の拡大や先端兵器の契約締結を進めている。潜在的な経済的負担や緊張感の高まりについては限定的な抗議があるものの、支持者たちはこの拡大こそが国家安全保障にとって不可欠だと考えている。
ReportData,0x010000C30001A0C4,Turn10_Report_NewGov_Epic_OperationSanctuary,ReportProperties.Title,「聖堂作戦」
ReportData,0x010000C30001A0C4,Turn10_Report_NewGov_Epic_OperationSanctuary,ReportProperties.Description,リジアがジリアン難民や抵抗運動のメンバーを支援するために行っている取り組みにより、何千家族もが国境を越えてきており、現在サレブスとマーヴェ・ノルトゥスに一時的なキャンプが設置されている。
ReportData,0x010000BE000068DC,Turn10_Report_NewGov_Epic_PalesDualCitizenship,ReportProperties.Title,ラインハルト、二重国籍制度の決定を称賛
ReportData,0x010000BE000068DC,Turn10_Report_NewGov_Epic_PalesDualCitizenship,ReportProperties.Description,パレスの国民にリジアのパスポート申請権を与えるという我々の決定は、ラインハルト大公から称賛を受けている。パレスの君主は、両国の統一は現実的ではないものの、緊密な関係を維持し相互尊重の精神を育むことを望んでいると強調している。リジア内務省はパスポート制度の段階的導入計画を策定しており、当初は既に家族縁故や職業上の交流がある者、またはリジア系であることが証明されている者を対象とし、将来的にはパレス国籍を持つすべての人々へと拡大する予定だ。
ReportData,0x010000BE000068D2,Turn10_Report_NewGov_Epic_PalesRail,ReportProperties.Title,パレスの当局者ら、新たな鉄道建設計画を歓迎
ReportData,0x010000BE000068D2,Turn10_Report_NewGov_Epic_PalesRail,ReportProperties.Description,リジアの首都とパレスの首都を結ぶ高速鉄道を建設するという我々の決定は、パレス州議会によって熱烈な歓迎を受けた。有力者たちは、この鉄道が貿易や観光、労働力の流動性を促進し、両首都間の移動時間を4時間未満に短縮する可能性があると強調している。建設は今年の第4四半期に開始される予定だ。
ReportData,0x010000C30001A072,Turn10_Report_NewGov_Epic_ReclaimRiziaMorella,ReportProperties.Title,パレス大公国征服の準備が進む
ReportData,0x010000C30001A072,Turn10_Report_NewGov_Epic_ReclaimRiziaMorella,ReportProperties.Description,リジアは現在モレラが支配している地域を含む、より広範なパレス全土に対する支配権を拡大しようと準備しており、その一環として軍の動員が始まっている。
ReportData,0x010000C30001A028,Turn10_Report_NewGov_Epic_RedistributeEstates,ReportProperties.Title,人民土地法
ReportData,0x010000C30001A028,Turn10_Report_NewGov_Epic_RedistributeEstates,ReportProperties.Description,エリート層が所有していた土地が一般市民に再分配されており、これにより上流階級からは非難の声が上がっているものの、土地の所有権を得た下層階級のリジア人たちの間では祝賀の気運が高まっている。一部の裕福な家族が王国を離れる中、新たに力を持つ市民たちは地元企業へ投資し、地域の経済成長を促進している。
ReportData,0x010000C30001A0F7,Turn10_Report_NewGov_Epic_Renaissance_Art,ReportProperties.Title,王室後援イニシアチブ
ReportData,0x010000C30001A0F7,Turn10_Report_NewGov_Epic_Renaissance_Art,ReportProperties.Description,王室の後援プログラムにより文化的な復興が起こり、まず旧市街の公共空間の活性化から始まった。これは芸術や建築への投資を行い、リジアの遺産を守りつつその未来を形作るための数多くの取り組みの最初の一歩である。
ReportData,0x010000C30001A101,Turn10_Report_NewGov_Epic_Renaissance_Science,ReportProperties.Title,王室後援イニシアチブ
ReportData,0x010000C30001A101,Turn10_Report_NewGov_Epic_Renaissance_Science,ReportProperties.Description,この君主制国家では、がん研究の推進のために王室の支援を行い、多額の資金が研究機関に投入されている。国内全体でこうした取り組みが行われているのは、画期的な治療法を生み出し、がんとの闘いにおけるリジアを先導的な存在として確立することを目指し、それによって国内はもちろん世界全体に利益をもたらすためである。
ReportData,0x010000C30001A10B,Turn10_Report_NewGov_Epic_RoyalCharityFund,ReportProperties.Title,王室慈善基金
ReportData,0x010000C30001A10B,Turn10_Report_NewGov_Epic_RoyalCharityFund,ReportProperties.Description,王立慈善基金の一部が、農村地域のインフラ整備や公的医療施設の拡充を含む民間向けプロジェクトに配分されている。さらなる大規模プロジェクトに対する国民の期待は依然として高いままである。
ReportData,0x010000C30001A034,Turn10_Report_NewGov_Epic_RoyalReclamation_Loss,ReportProperties.Title,パレス復興の日
ReportData,0x010000C30001A034,Turn10_Report_NewGov_Epic_RoyalReclamation_Loss,ReportProperties.Description,新たな国民の祝日である「パレス回復の日」が、リジア人の強靭さを称え、失われた土地に対する彼らの権利を再確認するために制定された。この祝日は広く祝われているものの、今後の領土拡大への野心について議論を呼んでいる。
ReportData,0x010000C30001A030,Turn10_Report_NewGov_Epic_RoyalReclamation_Won,ReportProperties.Title,新たな祝日の準備が始まる
ReportData,0x010000C30001A030,Turn10_Report_NewGov_Epic_RoyalReclamation_Won,ReportProperties.Description,パレス市役所では、パレシア人とリジア人の間の歴史的な絆と現在の団結を強調するために定められた来年の記念日である{RiziaDLCText.NewPalesHoliday}の準備が既に始まっている。この祝賀行事には軍事パレードやパレス港上空での花火大会が行われる見込みだ。
ReportData,0x010000C30001A0E9,Turn10_Report_NewGov_Epic_RoyalSummit,ReportProperties.Title,モンテ・アルゾリアにおける壮大な彫刻
ReportData,0x010000C30001A0E9,Turn10_Report_NewGov_Epic_RoyalSummit,ReportProperties.Description,ポルテ・ドラゾンの近くにそびえる高大な山であるモンテ・アルゾリアは、リジア最偉大の君主たちを記念する巨大彫刻の制作場所として選ばれた。イザ大学に在籍する著名な彫刻家ユリアン・アリスクンがプロジェクトを主導し、現在準備作業が進められている。
ReportData,0x010000C300019FA5,Turn10_Report_NewGov_Epic_RoyalWaste,ReportProperties.Title,王室廃棄物処理計画
ReportData,0x010000C300019FA5,Turn10_Report_NewGov_Epic_RoyalWaste,ReportProperties.Description,リジアのゴミや肥料で満たされた何千もの風船が、象徴的な「貢物」としてパレスに送り込まれた。この無礼極まりない行為と、それによって引き起こされた不衛生な状況に対し、市民たちの怒りがパレス全土で噴出し、抗議活動が起こっている。
ReportData,0x010000C300019FA9,Turn10_Report_NewGov_Epic_RoyalWaste_Topes,ReportProperties.Title,王室廃棄物処理計画の混乱
ReportData,0x010000C300019FA9,Turn10_Report_NewGov_Epic_RoyalWaste_Topes,ReportProperties.Description,王室の廃棄物処理計画の結果、強風によって多くの気球が再びリジア領内へと運ばれ、トペスまで及ぶ町々がごみだらけになった。怒りに震える地元住民たちはこの大失敗を非難し、地域を悩ませている混乱や悪臭の責任者の処罰を要求している。
ReportData,0x010000C300019FCD,Turn10_Report_NewGov_Epic_SkySilkRoad,ReportProperties.Title,天空絹の道
ReportData,0x010000C300019FCD,Turn10_Report_NewGov_Epic_SkySilkRoad,ReportProperties.Description,グローバル貿易の拡大を目指す取り組みの一環として、リジアはジャレスに本社を置くクラウン・エアと新たな貨物機艦隊の建造契約を締結した。この提携により経済回廊が強化され、国際物流能力も拡大することになる。
ReportData,0x010000C30001A03C,Turn10_Report_NewGov_Epic_StockPurchase,ReportProperties.Title,株式購入計画に対する反発
ReportData,0x010000C30001A03C,Turn10_Report_NewGov_Epic_StockPurchase,ReportProperties.Description,全ての国民にポルテ・ドラゾン証券取引所への投資を義務付けるという国家の法令により、広範な世論の怒りが生じている。強制的な金融参加は大規模な抗議活動を引き起こし、多くの人々がこの措置の公平性や、自分たちの生活に与えかねない長期的影響に疑問を呈している。
ReportData,0x010000C30001A11B,Turn10_Report_NewGov_Epic_StockPurchase_,ReportProperties.Title,主権債に端を発した抗議活動
ReportData,0x010000C30001A11B,Turn10_Report_NewGov_Epic_StockPurchase_,ReportProperties.Description,リジアが返済計画のない「主権債」を発行したことで世論の怒りが高まり、大規模な抗議活動が起きている。しかし、君主制がこれまで示してきた安定性と財政力という実績に頼り、一部の投資家は引き続きその債券を購入し続けている。
ReportData,0x010000C300019FC9,Turn10_Report_NewGov_Epic_TaxForeignBiz,ReportProperties.Title,人民の分配金
ReportData,0x010000C300019FC9,Turn10_Report_NewGov_Epic_TaxForeignBiz,ReportProperties.Description,リジアが外国企業に課す税金は国際的なパートナーたちから強い反発を招き、複数の企業が市場から撤退する事態となった。それでもなおこの政策は国内で支持され続けており、個人所得の増加や国民の生活水準向上に寄与している。
ReportData,0x010000C30001A02C,Turn10_Report_NewGov_Epic_TidalGenerator,ReportProperties.Title,潮の勢いを制する
ReportData,0x010000C30001A02C,Turn10_Report_NewGov_Epic_TidalGenerator,ReportProperties.Description,リジアは潮力発電装置の設置場所を調査し、海洋エネルギーを利用するためにモンキズの南にある地点を選定した。環境保護団体からは海洋生物への影響が懸念されているものの、再生可能エネルギーを提供できるという点でこのプロジェクトは強い国民的支援を得ている。
ReportData,0x010000C30001A09E,Turn10_Report_NewGov_GreatResettlement,ReportProperties.Title,大規模再定住計画
ReportData,0x010000C30001A09E,Turn10_Report_NewGov_GreatResettlement,ReportProperties.Description,何千もの忠実なリジア人家族をジルに移住させるという提案に対して圧倒的な応募があり、定員に達したため当局は申請の受付を中止せざるを得なかった。
ReportData,0x010000C30001A141,Turn10_Report_NewGov_Intermerkopum_MutualDefense,ReportProperties.Title,インテルメルコプム相互防衛条約の承認
ReportData,0x010000C30001A141,Turn10_Report_NewGov_Intermerkopum_MutualDefense,ReportProperties.Description,アルカシア条約機構およびコンタナ条約機構との間の緊張が高まることへの懸念があったにもかかわらず、地域の安全保障のためにインテルメルコプム相互防衛条約が不可欠であると判断され、加盟国から満場一致で承認を得た。
ReportData,0x010000C30001A13D,Turn10_Report_NewGov_Intermerkopum_OpenApplications,ReportProperties.Title,インテルメルコプム加盟への満場一致の承認
ReportData,0x010000C30001A13D,Turn10_Report_NewGov_Intermerkopum_OpenApplications,ReportProperties.Description,主権が損なわれるおそれについて一部に懸念はあったものの、国際的な同盟を強化し、世界におけるリジアの地位を確かなものにするという目的から、インテルメルコプムへの加盟申請の受け付けを始めるという決定は満場一致で承認された。
ReportData,0x010000C30001A093,Turn10_Report_NewGov_SmolakReef,ReportProperties.Title,スモラク礁計画
ReportData,0x010000C30001A093,Turn10_Report_NewGov_SmolakReef,ReportProperties.Description,スモラクの像数十基を撤去し、モリディア湾に沈めて人工礁を作るという決定は、ジリア国民から広範な支持を得ている。
ReportData,0x010000460001B6D7,Turn10_Rumburg_Declaration,ReportProperties.Title,宣戦布告
ReportData,0x010000460001B6D7,Turn10_Rumburg_Declaration,ReportProperties.Description,ソードランドが長年にわたって犯してきた残虐行為を完全かつ即座に終わらせるため、ベアトリス・リヴィングストン女王陛下は、ルンブルク王国とソードランドの間に戦争状態が存在すると宣言された。
ReportData,0x010000A100004248,Turn10_Rumburg_PeaceTreaty_Win,ReportProperties.Title,ビアトリス女王、祝意を表す
ReportData,0x010000A100004248,Turn10_Rumburg_PeaceTreaty_Win,ReportProperties.Description,ベアトリス・リヴィングストン女王は、我々がパレスに対して勝利を収めたことを祝い、「これはメルコパにおける君主制の力にとって転換点である」と述べた。また、どのような脅威が迫ろうとも、ルンブルクは引き続きリジアを支援し続けるつもりだと付け加えた。
ReportData,0x010000460001B6EB,Turn10_Rumburg_RejectedSurrender,ReportProperties.Title,ルンブルク、すべての外交路線を閉鎖
ReportData,0x010000460001B6EB,Turn10_Rumburg_RejectedSurrender,ReportProperties.Description,ルンブルクはソードランドとのあらゆる外交ルートを閉鎖し、送受信両方の通信を遮断した。我が国の情報機関および軍の報告によれば、国境付近での部隊動きは侵攻準備を示している。
ReportData,0x010000A100003E53,Turn10_Sallabes_ManusWarHero,ReportProperties.Title,サゾン家の後継者、帰国式で戦争英雄として称えられる
ReportData,0x010000A100003E53,Turn10_Sallabes_ManusWarHero,ReportProperties.Description,"アレーナ・サラベスで行われた盛大な式典において、パレス戦争における我々の勝利に対する貢献が称えられ、サゾン特殊部隊が表彰された。

特に、マヌス・サゾンは、サゾン軍が極めて少ない犠牲者数でこの紛争を乗り越えるのを助けた功績により、メダルと海軍少佐の名誉階級を授与された。"
ReportData,0x010000C40000024F,Turn10_Sallabes_UnderCrownAuthority,ReportProperties.Title,ブレナス、王権の支配下に
ReportData,0x010000C40000024F,Turn10_Sallabes_UnderCrownAuthority,ReportProperties.Description,"王室がブレナスの統治権を掌握したことを受け、サゾン家は正式に自らの王領および爵位を放棄した。  

その変更の中で、もともとレオナ・サゾンによって設立されたファッションブランド「カウンテス・カラーズ」は、新たな王室との関係を反映して「国王陛下のカラーズ」と改名された。"
ReportData,0x010000C40000029D,Turn10_Sallabes_UniteOfHouses,ReportProperties.Title,サゾン家、抵抗勢力を鎮圧
ReportData,0x010000C40000029D,Turn10_Sallabes_UniteOfHouses,ReportProperties.Description,"内乱に対応して、サゾン家は迅速にブレナスの統制権を取り戻すための措置を講じている。警戒強化や反対派への戦略的襲撃によって地域の安定が図られており、レオナ・サゾン伯爵夫人は団結の重要性を強調している。

報告によれば、商業活動への影響はごくわずかであり、都市の役人たちが秩序が完全に回復したことを確実にしている。"
ReportData,0x010000A100003B94,Turn10_Solles_ChemicalCleanup,ReportProperties.Title,軍事工兵が化学物質の除染を主導
ReportData,0x010000A100003B94,Turn10_Solles_ChemicalCleanup,ReportProperties.Description,我が軍の軍事工兵部隊がソレスの除染作業を監督しており、この都市に放出した神経ガスの痕跡を完全に処理し、民間人がさらなる偶発的な曝露の危険に遭わないよう防いでいる。
ReportData,0x010000A100003B8A,Turn10_Solles_Peace,ReportProperties.Title,パレス湾が色彩の海に変わる
ReportData,0x010000A100003B8A,Turn10_Solles_Peace,ReportProperties.Description,ガルミッシュの革命的な漁船パレードを思わせる光景の中、パレス湾はリジア、パレス、そしてトラス家の旗を振る船舶で埋め尽くされ、我々の民間に新たに生まれた団結を祝い、色とりどりの海と化した。ソレスの海岸には何千人もの見物人が集まり、この壮観な光景を目の当たりにした。
ReportData,0x010000A100003B80,Turn10_Solles_War,ReportProperties.Title,起こりかけた反乱、鎮圧される
ReportData,0x010000A100003B80,Turn10_Solles_War,ReportProperties.Description,"戦争終結後も隠れていたラインハルトの忠臣たちによる反乱未遂は、依然として市内に留まっていたリジア軍によって撃破された。軽武装のこの集団は、追放された仲間たちの船が停泊できるようにすることを目的に港を奪取しようとしたが失敗に終わった。

残念ながら、混乱の中で我が軍は破壊活動家たちが街中に反リジア的な落書きを行うのを防ぐことができず、「アルカ川からアンタセア海まで、パレスは自由になる！」という文言が書かれていた。当局はすでに清掃作業を開始している。"
ReportData,0x010000B800011E29,Turn10_Unrest_RevolutionaryEscalation,ReportProperties.Title,ジャレスの崩壊
ReportData,0x010000B800011E29,Turn10_Unrest_RevolutionaryEscalation,ReportProperties.Description,ジャレスの街は、拡大しつつある抗議運動によって制圧された最新の都市中心地となり、かつての高貴な統治者たちは追放され、いわゆる「革命評議会」に置き換えられた。財産の破壊や公共の安全への脅威といった形で現れている最近の攻撃的行為の急増は、我が王国の安定にとって重大な脅威となっている。我々の治安部隊は装備が不十分で、悪化する状況を食い止めることができていない。
ReportData,0x010000460001AF58,Turn10_Uziren_BludsSabotageWehlen,ReportProperties.Title,オルデブルクとグムレンを結ぶ道路が遮断される
ReportData,0x010000460001AF58,Turn10_Uziren_BludsSabotageWehlen,ReportProperties.Description,"ヴェゼク軍がベルギアを進撃し続ける中、ブルディアの過激派による仕掛け爆弾や襲撃によって死傷者が増えているという報告が寄せられており、これはおそらく「ベアトラップ作戦」への復讐行為と思われる。

グムレンとオルデブルクを結ぶ道路も十数本の丸太で塞がれ、彼らの前進をさらに妨げている。"
ReportData,0x010000460001AEC4,Turn10_Uziren_Unrest_BFF,ReportProperties.Title,ウジレン市場で爆発が発生
ReportData,0x010000460001AEC4,Turn10_Uziren_Unrest_BFF,ReportProperties.Description,ベルギアでの騒乱が続く中、ウジレンの当局は同市の有名な市場で爆発が起きたと報告している。人通りの多い場所で自作の爆弾が爆発したようで、死者数はまだ不明である。
ReportData,0x010000460001AEF8,Turn10_Uziren_War,ReportProperties.Title,ウジレン戦争報告
ReportData,0x010000460001AEF8,Turn10_Uziren_War,ReportProperties.Description,"ルンブルク軍の兵士たちがウジレンにある防御陣地に進軍したことで激しい戦闘が発生した。我々は87人の兵士、2両の戦車、14機の戦闘機を失った。ルンブルクの攻撃は阻止されたものの、引き続き攻撃が行われる見込みである。

前線の背後では、特殊作戦部隊が敵領内に潜入し、敵の対空システムを破壊することに成功した。しかし彼らは敵に発見され、航空攻撃を受けて陣地が被害を受けた。状況はさらに悪化する見込みである。"
ReportData,0x010000A3000004F1,Turn10_Valenqir_RFCWins,ReportProperties.Title,RFCヴァレンキル、リジアリーグで優勝
ReportData,0x010000A3000004F1,Turn10_Valenqir_RFCWins,ReportProperties.Description,"ロイヤルFCヴァレンキルは驚異的な成功物語を築き上げており、2年前までは3部リーグに所属していたにもかかわらず、瞬く間にトップに躍進しリジアリーグで優勝した。

2年前までスタジアムの半分の観客さえ集めるのがやっとだったクラブがこのように急成長したのは、リジアのサッカー産業への積極的な投資が実を結んだ証拠である。今、国民は来シーズンのメルコパカップでもこの好調が続くか注目している。"
ReportData,0x010000C4000002A8,Turn10_Valenqir_TheUniteOfHouses,ReportProperties.Title,トラス家、権威の再確認を表明
ReportData,0x010000C4000002A8,Turn10_Valenqir_TheUniteOfHouses,ReportProperties.Description,"トラス家はヴァレンキリスでの騒乱を鎮圧するため断固とした措置を講じ、追加の治安強化策によってその州政府を支援している。

  当局は持続的な安定を確保するため、反乱分子の即時排除を発表した。フベルトゥス・トラス公は、自らの指導のもとでヴァレンキリスが引き続き堅固な状態にあることを住民に保証している。

  政府の行政サービスや商業活動は中断することなく続けられている。"
ReportData,0x010000C400000244,Turn10_Valenqir_UnderRoyalRule,ReportProperties.Title,ヴァレンキリス、王直轄統治下に
ReportData,0x010000C400000244,Turn10_Valenqir_UnderRoyalRule,ReportProperties.Description,"ヴァレンキリスに対する王室の完全な支配が確立されたことで、この州の統治は今やロムス・トラス国王のみが担うこととなった。モンキズの現職貴族たちは自らの領地や爵位を放棄し、彼らの州における権力は終わりを告げた。

この再編を象徴するかのように、モンキズの埠頭にあったトラス家が所有していたレストラン「ブルズ・ホーンズ」は、「クラウン・アペタイト」という王室経営のレストランに置き換えられ、この地域の料理文化を新たに定義することになっている。"
ReportData,0x010000460001AF28,Turn10_Valgen_ElectionVote_PublicOpinon_Alarming,ReportProperties.Title,選挙世論調査の結果
ReportData,0x010000460001AF28,Turn10_Valgen_ElectionVote_PublicOpinon_Alarming,ReportProperties.Description,選挙が近づくにつれ、マルーン宮殿の職員たちはソードランド全土で一般世論調査を実施した。その結果、ソードランド人の約16％が今回の選挙でUSPに投票する意向であることが分かった。
ReportData,0x010000460001B6DF,Turn10_Valgsland_ArmyReady,ReportProperties.Title,ヴァルグスランド軍、出動準備完了
ReportData,0x010000460001B6DF,Turn10_Valgsland_ArmyReady,ReportProperties.Description,ヴァルグスランド民主共和国は、ソードランドとの同盟に対する揺るぎない献身を再確認する。ヴァルグスランド軍は、あらゆる危機に直面した際に同盟国と共に防衛する準備ができている。もしソードランドから要請があれば、我が国は即座に応じるだろう。
ReportData,0x010000460001B70B,Turn10_Valgsland_InvadeEastRumburg,ReportProperties.Title,ヴァルグスランドの艦隊、出航準備完了
ReportData,0x010000460001B70B,Turn10_Valgsland_InvadeEastRumburg,ReportProperties.Description,ヴァルグスランドの海軍提督たちから、ルンブルク東岸の異なる二か所が上陸作戦の場所として選定されたとの連絡があった。さらに、彼らの巨大な艦隊はウィルバーンおよびジグモートから即時出航できる状態にある。
ReportData,0x010000520005CB3A,Turn10_Valgsland_PabelExecuted,ReportProperties.Title,ヘーゲル書記長、コモノールの処刑に激怒
ReportData,0x010000520005CB3A,Turn10_Valgsland_PabelExecuted,ReportProperties.Description,ヴァルグ人の首相であるヘーゲルは、我が王国がパベル・アドリアを処刑するという決定に対して怒りを表明し、『労働者階級の男』の処刑をリジア国家の抑圧の象徴だと非難した。同首相はパベルの友人である者なら誰でもヴァルグスランドへ渡り、社会主義国家が自国の労働者をどのように扱っているか、それがリジアとどれほど異なるかを自ら目で確かめるよう呼びかけた。
ReportData,0x010000460001B6E7,Turn10_Valgsland_UrgeCalm,ReportProperties.Title,ヴァルグスランド、冷静を呼びかける
ReportData,0x010000460001B6E7,Turn10_Valgsland_UrgeCalm,ReportProperties.Description,ヴァルグスランド民主共和国は、東部メルコパにおける平和の定着に向けた取り組みを再確認する。ルンブルクとソードランドの間で高まりつつある緊張がさらに悪化することを防がなければならない。我々は関係諸国全てに対し、自制心を持って行動し、この地域の平穏を維持するよう強く呼びかける。
ReportData,0x010000460001B6F3,Turn10_Valgsland_WarAllied,ReportProperties.Title,ヴァルグスランド軍、進軍中
ReportData,0x010000460001B6F3,Turn10_Valgsland_WarAllied,ReportProperties.Description,ヴァルグスランドの将校たちは協力のためにソードランドの軍司令部と手を組んだ。最新の報告によると、彼らの艦船がルンブルクへの物資供給を遮断するために向かっているという。海兵隊は準備を開始しており、陸上部隊を支援するための追加の軍事装備も送られている。
ReportData,0x010000460001AFB4,Turn10_Vesord_RumburgNavyInferior,ReportProperties.Title,ルンブルクの艦船、マルキア海で撃沈・拿捕される
ReportData,0x010000460001AFB4,Turn10_Vesord_RumburgNavyInferior,ReportProperties.Description,"ルンブルクの海軍がマルキア海で巡視しているのが確認されている。ソードランドの強化された艦隊でさえ、相手の船を完全に封じ込めることはできていない。海戦で沈没した船に関する報告が急増している。

幸いなことに、被害は主にルンブルク側に集中している。マルキア海がほぼソードランドの支配下にあるため、ルンブルク向けの物資を運ぶ何百隻もの貿易船を撃沈または拿捕することに成功しており、その中には民間船に偽装したものも含まれている。"
ReportData,0x010000460001AFB0,Turn10_Vesord_RumburgNavySuperior,ReportProperties.Title,ルンブルク海軍、ソードランドの商船を恐怖に陥れる
ReportData,0x010000460001AFB0,Turn10_Vesord_RumburgNavySuperior,ReportProperties.Description,ルンブルクの海軍がマルキア海で巡視しているのが確認されている。我々がこの地域の支配権を確立しようと何度も試みたにもかかわらず、彼らの優れた潜水艦隊には太刀打ちできなかった。その結果、戦争物資を積んだ数百隻ものソードランド人の商船が、我々の港に入る前に撃沈されてしまった。
ReportData,0x010000460001B6FB,Turn10_Wehlen_WithdrawArmy,ReportProperties.Title,スモラク大統領、軍を撤退させる
ReportData,0x010000460001B6FB,Turn10_Wehlen_WithdrawArmy,ReportProperties.Description,"ベルギア地方におけるヴェーレン軍が直面している敵対行為に対する反応として、ヴィクトル・スモラク大統領から文書が届いた。その中で彼は「我々を軽蔑する国のためにヴェーレンは戦わない」と述べている。

同大統領は自軍にソードランドから撤退するよう命じ、また国際連盟に対し、ヴェーレンがルンブルクとの戦争に参加しないことを示す外交的通知を送付した。"
ReportData,0x010000520007165A,Turn10_Wehlen_ZilleTransferred,ReportProperties.Title,ジル、ヴェーレンへ恒久的に移管
ReportData,0x010000520007165A,Turn10_Wehlen_ZilleTransferred,ReportProperties.Description,ズィル地域をヴェーレン国に正式に割譲するための文書が作成された。これ以降、リジア王国はその地域に対するいかなる権利も主張できなくなる。リジア系の住民はヴェゼク国籍を申請する選択肢を持つことになる。
ReportData,0x010000A100003B0D,Turn10_Zille_FedoSquare,ReportProperties.Title,スモラク広場、名称変更
ReportData,0x010000A100003B0D,Turn10_Zille_FedoSquare,ReportProperties.Description,サゾン家の貴族たちは、フェド広場の開幕を祝う盛大な祭典を開き、ヴェゼクの統治下でスモラク広場と改名される前の名称を再び復活させた。また、ジルが元の支配家系の手に戻ることを可能にした国王陛下の功績を称える行列も行われた。
ReportData,0x0100005200054A86,Turn10_Zille_WehzekExodus,ReportProperties.Title,ジル港、ヴェゼク人の大規模な脱出を目撃
ReportData,0x0100005200054A86,Turn10_Zille_WehzekExodus,ReportProperties.Description,ジルの国民投票を受けて、何千ものヴェゼク人が急いでその地域を離れており、多くの場合所有物や財産を置き去りにしている。ジルの港では本格的な避難状況が生じており、ヴェーレンは自国の民を連れ戻すために追加の船を派遣している。
ReportData,0x010000A100003BB2,Turn10_Ziqes_ChemicalCleanup,ReportProperties.Title,軍事工兵が化学物質の除染を主導
ReportData,0x010000A100003BB2,Turn10_Ziqes_ChemicalCleanup,ReportProperties.Description,我が軍の軍事工兵部隊がジケスの除染作業を監督しており、市街に放出した神経ガスの痕跡を完全に処理し、民間人がさらなる偶発的な曝露を受けないよう防いでいる。
ReportData,0x010000A100003BA8,Turn10_Ziqes_Peace,ReportProperties.Title,地方政府、パレス文化の保護を約束
ReportData,0x010000A100003BA8,Turn10_Ziqes_Peace,ReportProperties.Description,ジケスという都市では人口の約40％がリジア人であり、パレス系住民たちが統一によって同市が文化的にリジア色に染まることを懸念しているため、地元当局はその都市の文化的バランスが保たれるよう対策を講じると約束した。
ReportData,0x0100005200068083,Turn10_Ziqes_War,ReportProperties.Title,リジア人たちが空き家を占拠
ReportData,0x0100005200068083,Turn10_Ziqes_War,ReportProperties.Description,新たに就任したジケス少佐は、リジア国内で都市の再開発を推進し始め、パレスから逃れてきた人々が残した住居を安価にリジア国民に提供している。この都市の民族構成を変えようとする試みは、多くの人々が故郷に戻ることができなくなることを意味するため、パレス人たちから強い批判を受けている。
ReportData,0x010000A10000421C,Turn11_Monqiz_TheocracyDeclaration,ReportProperties.Title,人々が出発するため港で列ができている
ReportData,0x010000A10000421C,Turn11_Monqiz_TheocracyDeclaration,ReportProperties.Description,国王がリジアを神権国家と宣言する演説の後、世俗的な人々やヴルヘック教以外の宗教を信じる者たちが次々とモンキズの港へ集まり、レスピア、キルート、ヴァルグスランド、ガルムランドへ向かう船に乗り込んでいる。出国するのは主に中産階級の人々であり、貧しい市民は海外移住の費用を負担できないため残っている。
ReportData,0x010000A100004226,Turn11_Morella_TheocracyDeclaration,ReportProperties.Title,モレラ、隣接する第三神権国家を懸念
ReportData,0x010000A100004226,Turn11_Morella_TheocracyDeclaration,ReportProperties.Description,モレラは、我々が神権政治体制へと移行しようとしていることを非難している。この国は、一方にデルディア、もう一方に自由都市群が続き、地域で次なる神権国家となろうとするリジアによって今や両側から宗教的な政治体制に囲まれていることを懸念しており、リジアからの世俗主義的な政治難民の流入を受け入れる準備を進めている。
ReportData,0x010000A100004212,Turn11_Plavo_TheocracyDeclaration,ReportProperties.Title,プラヴォで宗教的統治を祝う祈りの儀式が行われた
ReportData,0x010000A100004212,Turn11_Plavo_TheocracyDeclaration,ReportProperties.Description,何千人もの信者たちがプラヴォの聖堂に集まり、ロムス王のために共に祈りを捧げ、宗教的な統治制度を導入した我々の決定を称賛した。今後数週間でさらに多くの信者がこの町に訪れる見込みで、地元経済は過去最高の利益を得る準備を進めている。
ReportData,0x010000B800011E8A,WIP_Report_Turn08_Unrest_HODAbolished,ReportProperties.Title,代議院廃止に抗議
ReportData,0x010000B800011E9B,WIP_Report_Turn08_Unrest_HODAbolished_,ReportProperties.Title,代議院廃止に抗議
ReportData,0x010000B800011E93,WIP_Report_Turn08_Unrest_HODAbolished__,ReportProperties.Title,代議院廃止に抗議
ReportData,0x010000B800011E0E,WIP_Report_Turn08_Unrest_ReformRallies,ReportProperties.Title,"改革運動を無視しないよう王政に要求する改革集会  
（集会は違法と宣言されておらず、どちらの展開でも使用可能な指導者名はない）。（平和的な集会。）（改革運動が拡大した場合、すべての展開で使用）"
ReportData,0x010000B800011E15,WIP_Report_Turn08_Unrest_ReformRallies_,ReportProperties.Title,"改革運動を無視しないよう王室に求める改革要求集会  
（集会は違法と宣言されておらず、どちらの展開でも使用可能な指導者名はない）（より攻撃的な集会）"
ReportData,0x010000B800011DF5,WIP_Report_Turn08_Unrest_ReformRalliesWereDeclaredIllegal,ReportProperties.Title,"RPPに属する集団が違法集会を呼びかけ、警察と衝突
－指導者名は記載なし（どちらの展開にも使用可能）"
ReportData,0x010000B800011EA3,WIP_Report_Turn09_Unrest_AdarfoArrested,ReportProperties.Title,アダルフォ・ソテラートが抗議活動で拘束される
ReportData,0x010000B800011EAB,WIP_Report_Turn09_Unrest_AdarfoArrested_,ReportProperties.Title,アダルフォ・ソテラートが抗議活動で拘束される
ReportData,0x010000B800011EBB,WIP_Report_Turn09_Unrest_AdarfoArrested__,ReportProperties.Title,アダルフォ・ソテラートが抗議活動で拘束される
ReportData,0x010000B800011EB3,WIP_Report_Turn09_Unrest_AdarfoMurdered,ReportProperties.Title,過激派がアルカシア大使館を襲撃（アダルフォの死にアルカシアの民間企業が関与したとの報道を受け）
ReportData,0x010000B800011E31,WIP_Report_Turn09_Unrest_RPPRequestsSupport,ReportProperties.Title,改革運動の集会 – 人々が王室にRPPへの支援を求める（改革運動は拡大し、集会も禁止されなかった）［国家不安定化の前兆］
