type,item_id,name_in_database,path,ja
SituationData,0x010000460001C8E1,Diplomacy_Agnolia_Agriculture_Market_Access,SituationProperties.Title,農産物市場におけるアグノリアの優先権
SituationData,0x010000460001C8E1,Diplomacy_Agnolia_Agriculture_Market_Access,SituationProperties.Description,アグノリアはソードランドにおいて特別な特権を与えられており、優先的に国内で生産されたあらゆる農作物を購入する権利を持っている。さらに、アグノリア人はこれらの購入にかかる関税について割引を受けることができる。
SituationData,0x010000460001C8E5,Diplomacy_Agnolia_CheapSteelPrice,SituationProperties.Title,アグノリアからの安価な鉄鋼輸入
SituationData,0x010000460001C8E5,Diplomacy_Agnolia_CheapSteelPrice,SituationProperties.Description,ソードランドはアグノリアと好条件的な貿易協定を結び、安価に鉄鋼を輸入している。他国と比べて、同量の鉄鋼をアグノリアから輸入する際のコストは半分程度しかかからない。
SituationData,0x010000460001C8E9,Diplomacy_Agnolia_HighSteelPrice,SituationProperties.Title,アグノリアからの高価な鉄鋼輸入
SituationData,0x010000460001C8E9,Diplomacy_Agnolia_HighSteelPrice,SituationProperties.Description,ソードランドは他国と比べて2倍のコストでアグノリアから鉄鋼を輸入している。しかし、この貿易協定によりソードランドは信頼できる供給元から高品質な鉄鋼を手に入れることができ、両国間の継続的な貿易関係を支えている。
SituationData,0x0100006500009781,Diplomacy_AN_ANDORArbitration,SituationProperties.Title,ANDORアウレウス仲裁手続き
SituationData,0x0100006500009781,Diplomacy_AN_ANDORArbitration,SituationProperties.Description,"ANDOR（国際連盟の海洋資源に関する指令）であるアウレウス仲裁手続きが、リジアとパレスの間で争われているアウレウス・ガス田をめぐる紛争を解決するために適用されている。

この手続きは1942年の国際連盟指令に基づくもので、主権と国際法のバランスを取りながら資源を公正に分配し、公平な解決策を導き出すことを目的としている。"
SituationData,0x0100006500009727,Diplomacy_ANSanctions_Heavy,SituationProperties.Title,国際連盟の厳しい制裁
SituationData,0x0100006500009727,Diplomacy_ANSanctions_Heavy,SituationProperties.Description,国際連盟はその国に対して厳しい制裁を科し、同国の世界貿易や外交関係に大きな影響を与えている。論争を招く国際的な問題が原因で取られたこの厳しい措置の影響を緩和し、世界的な地位を回復させるためには、緊急の外交的努力が必要とされている。
SituationData,0x01000065000096FA,Diplomacy_ANSanctions_Weak,SituationProperties.Title,国際連盟の緩やかな制裁
SituationData,0x01000065000096FA,Diplomacy_ANSanctions_Weak,SituationProperties.Description,国際連盟は、その国の国際舞台における行動に対して消極的な反応を示し、緩やかな制裁を実施している。これらの制裁は致命的な被害をもたらすものではないが、さらなる悪影響を避けるために慎重な外交的対処が求められていることを示している。
SituationData,0x0100006500009778,Diplomacy_AN_ThreatMitigationProtocol,SituationProperties.Title,国際連盟の脅威緩和議定書
SituationData,0x0100006500009778,Diplomacy_AN_ThreatMitigationProtocol,SituationProperties.Description,"ヴェーレンはAN脅威緩和プロトコルを用い、1927年のジル協定の延長を正当化しており、その結果、現在の安全保障上の脅威が終息するまでこの地域はヴェゼクの支配下に留まっている。

このプロトコルは極めて緊急な状況向けに用意されたもので、友情の日の爆弾攻撃以降の深刻な状況を反映している。"
SituationData,0x010000460001C861,Diplomacy_ArcasiaAid,SituationProperties.Title,アルカシアの援助
SituationData,0x010000460001C861,Diplomacy_ArcasiaAid,SituationProperties.Description,アルカシアがソードランドに対して提供する多大な援助の一環として、財政的・物流面での支援や装備供与に加え、エルローリー空軍基地での不定期な飛行権や給油の機会も与えられる。この援助はソードランドのインフラ強化と発展促進を目的としている。この合意は、レイン大統領がアルカシアとの関係を強化しようとする戦略を示すものであり、将来的にはアルカシア条約機構内でのより広範な連携へとつながる可能性がある。
SituationData,0x010000460001C8B1,Diplomacy_Arcasia_Military_Influence,SituationProperties.Title,アルカシアの軍事的影響力
SituationData,0x010000460001C8B1,Diplomacy_Arcasia_Military_Influence,SituationProperties.Description,アルカシア条約機構への加盟に伴い、彼らの連絡官たちは我が軍の陸海空軍の司令官らで構成されるソードランド指揮部と密接に協力し、ソードランド軍をアルカシア条約機構の統合された軍事機構に組み入れるための統合プロセスを支援することになっている。
SituationData,0x010000460001C8B5,Diplomacy_Arcasia_Military_Support,SituationProperties.Title,アルカシア条約機構の軍事支援
SituationData,0x010000460001C8B5,Diplomacy_Arcasia_Military_Support,SituationProperties.Description,アルカシア条約機構は条約上の義務に基づき、ソードランド軍に新しい軍事装備を供給し、我が国の軍事物流の統一を支援するとともに、ソードランド軍の全部門に新たな訓練手法を提供している。
SituationData,0x010000460001C8A5,Diplomacy_ArcasianInfluence,SituationProperties.Title,アルカシアの影響力
SituationData,0x010000460001C8A5,Diplomacy_ArcasianInfluence,SituationProperties.Description,この地域の超大国であるアルカシアは、ソードランドを自らの影響下に置いた。この戦略的な動きは、アルカシアの影響力の拡大を示しており、同国がこの地域の政治情勢を形作る能力を有していることを証明している。
SituationData,0x010000460001C8A9,Diplomacy_ArcasiaTradeHalt,SituationProperties.Title,アルカシアによる禁輸
SituationData,0x010000460001C8A9,Diplomacy_ArcasiaTradeHalt,SituationProperties.Description,アルカシアはソードランド産のあらゆる商品に対して禁輸措置を実施した。隣国との貿易に大きく依存しているソードランドの経済に、この動きは甚大な影響を与える可能性が高い。
SituationData,0x010000460001C8BD,Diplomacy_Contana_Military_Support,SituationProperties.Title,コンタナの軍事支援
SituationData,0x010000460001C8BD,Diplomacy_Contana_Military_Support,SituationProperties.Description,CSPへの加盟により定められた要件に従い、彼らの連絡官たちは我が国の陸海空軍の司令官らで構成されるソードランド指揮部と密接に協力し、ソードランド軍を統合されたCSP軍事体制に組み入れるための統合プロセスを支援する。
SituationData,0x010000460001C8C1,Diplomacy_Contana_Missile_Duru_Island,SituationProperties.Title,コンタナのミサイル防衛システム
SituationData,0x010000460001C8C1,Diplomacy_Contana_Missile_Duru_Island,SituationProperties.Description,CSPへの加盟条件として、コンタナ連邦はドゥル島にミサイル防衛システムを建設することを約束した。この戦略的な措置により、潜在的なミサイル攻撃から重要な防御が実現し、我が国の国家安全保障が強化されるだろう。
SituationData,0x010000460001C8B9,Diplomacy_ContananInfluence,SituationProperties.Title,コンタナの影響力
SituationData,0x010000460001C8B9,Diplomacy_ContananInfluence,SituationProperties.Description,この地域の超大国として、コンタナ連邦はソードランドを自らの影響下に置いている。この戦略的な動きは、コンタナ連邦の力と影響力の増大を示し、同国がこの地域の政治情勢を形作る能力を有していることを証明している。
SituationData,0x01000065000096D5,Diplomacy_CulturalProjection_Inconsequential,SituationProperties.Title,乏しい文化的発信力
SituationData,0x01000065000096D5,Diplomacy_CulturalProjection_Inconsequential,SituationProperties.Description,リジアの文化や遺産を広めようとする取り組みは、我が王国の国境を越えてほとんど影響を及ぼしていない。文化的な発信に努力しているにもかかわらず、アリアナ・トラス協会のような取り組みでは海外で大きな足跡を残すことが難しく、より効果的なソフトパワー戦略が求められている状況がうかがえる。
SituationData,0x0100006500009703,Diplomacy_CulturalProjection_Influential,SituationProperties.Title,影響力のある文化的発信力
SituationData,0x0100006500009703,Diplomacy_CulturalProjection_Influential,SituationProperties.Description,アリアナ・トラス協会が主導するリジアの文化的発信は、近隣諸国はもちろんその他の地域にも大きな影響を与えている。リジアの豊かな遺産と価値観は元レゼニド帝国全土で広く受け入れられており、地域外交におけるソフトパワーの有効な活用を示している。
SituationData,0x0100008E00002709,Diplomacy_CulturalProjection_Regional,SituationProperties.Title,地域的な文化的発信力
SituationData,0x0100008E00002709,Diplomacy_CulturalProjection_Regional,SituationProperties.Description,アリアナ・トラス協会およびスー・オミナを通じて、リジアはこの地域において自国の豊かな遺産や文化を積極的に広め、近隣諸国はもちろんその他の地域にも影響を与えている。リジア文化の価値は、こうした文化普及活動の影響を大きく受けた元レゼニド諸国全体に広がっている。
SituationData,0x0100006500009A1B,Diplomacy_Derdia_GasExport,SituationProperties.Title,デルディアへのガス輸出
SituationData,0x0100006500009A1B,Diplomacy_Derdia_GasExport,SituationProperties.Description,デルディアへの新たなガスエネルギー輸出が急増しており、経済的な結びつきとエネルギー外交が強化されている。この貿易の拡大は自国の経済を支えるだけでなく、デルディアとの戦略的なエネルギー協力関係も深めている。
SituationData,0x0100006500009A3A,Diplomacy_Derdia_OilExport,SituationProperties.Title,デルディアへの石油輸出
SituationData,0x0100006500009A3A,Diplomacy_Derdia_OilExport,SituationProperties.Description,デルディアへの石油エネルギー輸出は著しく増加し、両国間の経済的な結びつきをより強固なものにしている。この石油貿易の拡大は、リジアのエネルギー分野とデルディアとの地政学的関係に大きく寄与している。
SituationData,0x010000460001C865,Diplomacy_DiplomaticPressure,SituationProperties.Title,外交的圧力
SituationData,0x010000460001C865,Diplomacy_DiplomaticPressure,SituationProperties.Description,ソードランドはルンブルクから著しい圧力にさらされており、外交職員の削減や重要な領事館の閉鎖がその証拠である。この動きはソードランドとルンブルクとの外交関係に大きな影響を与え、状況がさらに悪化する可能性がある。
SituationData,0x010000640000C553,Diplomacy_Energy_ForeignInfluence,SituationProperties.Title,エネルギー面での外国の影響力
SituationData,0x010000640000C553,Diplomacy_Energy_ForeignInfluence,SituationProperties.Description,ソードランドではエネルギー分野において中程度の外国の影響が見られ、国内のエネルギー政策や意思決定を統制し続ける上で一定の困難が生じている。
SituationData,0x010000640000C54C,Diplomacy_Energy_ForeignManipulation,SituationProperties.Title,外国によるエネルギー操作
SituationData,0x010000640000C54C,Diplomacy_Energy_ForeignManipulation,SituationProperties.Description,ソードランドのエネルギー分野には外国の介入が深刻なレベルで見られ、国のエネルギー安定性を脅かしており、国家安全保障と主権に関して大きな懸念が生じている。
SituationData,0x010000640000C55A,Diplomacy_Energy_Independence,SituationProperties.Title,エネルギー自立
SituationData,0x010000640000C55A,Diplomacy_Energy_Independence,SituationProperties.Description,ソードランドはエネルギー自立に向けて大きな進展を遂げており、外国からの供給への依存度も低い水準にある。同国のエネルギー生産における高い自給率によって安定性が保たれ、外部からの脅威の影響も最小限に抑えられている。
SituationData,0x010000640000C40E,Diplomacy_Energy_PriceBalanced,SituationProperties.Title,安定したエネルギー価格
SituationData,0x010000640000C40E,Diplomacy_Energy_PriceBalanced,SituationProperties.Description,ソードランドでは現在、エネルギー価格が安定しており、この業界における供給と需要の両方が安定していることを反映している。この均衡状態は経済に良い影響を与える可能性があり、着実な成長や持続可能な経済計画のための好都合な環境を生み出すだろう。
SituationData,0x010000640000C407,Diplomacy_Energy_PriceFluctuation,SituationProperties.Title,変動するエネルギー価格
SituationData,0x010000640000C407,Diplomacy_Energy_PriceFluctuation,SituationProperties.Description,ソードランドは現在、変動するエネルギー価格に苦しんでおり、この状況が国内市場に不安定さをもたらしている。この予測不可能性はソードランドの経済に大きな影響を及ぼす可能性があり、国内政策や国際貿易関係の両方に影響を与えうる。
SituationData,0x010000640000C400,Diplomacy_Energy_PriceSurge,SituationProperties.Title,高騰するエネルギー価格
SituationData,0x010000640000C400,Diplomacy_Energy_PriceSurge,SituationProperties.Description,ソードランドではエネルギー価格の急騰が起きており、この状況は経済に負担をかけ、ソードランドの市民の生活費を上昇させる可能性がある。高騰するエネルギー価格は社会経済的な問題を引き起こす恐れがあり、消費者や全体の経済への影響を軽減するために政策変更が行われるかもしれない。
SituationData,0x010000460001C875,Diplomacy_ExperiencedDiplomats,SituationProperties.Title,経験豊富な外交官
SituationData,0x010000460001C875,Diplomacy_ExperiencedDiplomats,SituationProperties.Description,ソードランドの外交官団は優秀さで高い評判を得ており、過去一世紀にわたってその分野で卓越した業績を上げた数多くの優れた外交官を育ててきた。
SituationData,0x010000460001C8C5,Diplomacy_FailedTradeNegotiation,SituationProperties.Title,貿易交渉の失敗
SituationData,0x010000460001C8C5,Diplomacy_FailedTradeNegotiation,SituationProperties.Description,最近の重要な貿易協定締結の試みは失敗に終わり、ソードランドの交渉担当者や政策決定者たちの間に否定的な雰囲気が生じている。この協定の失敗は、経済的影響や信頼できる貿易パートナーとしてのソードランドの評判への損害を含む、甚大な結果をもたらす可能性がある。
SituationData,0x010000460001C8D5,Diplomacy_FTZLespia,SituationProperties.Title,レスピアとの自由貿易圏
SituationData,0x010000460001C8D5,Diplomacy_FTZLespia,SituationProperties.Description,レスピアとの間に包括的な自由貿易圏が創設されたことで、両国間の経済的結びつきは強化され、全体的な関係も改善した。この自由貿易圏の設立により、取引量の増加やソードランドとレスピアの間のより一層の経済協力が促進されるだろう。
SituationData,0x010000460001C8D1,Diplomacy_FTZValgsland,SituationProperties.Title,ヴァルグスランドとの自由貿易圏
SituationData,0x010000460001C8D1,Diplomacy_FTZValgsland,SituationProperties.Description,ヴァルグスランドとの包括的な自由貿易圏の創設により、両国間の経済的結びつきが強化され、全体的な関係も改善した。この自由貿易圏の設立は、ソードランドとヴァルグスランドの間の貿易量を増加させ、より一層の経済協力を促進するのに役立つだろう。
SituationData,0x0100008E00004E47,Diplomacy_GlobalImage_Bad,SituationProperties.Title,悪い国際的イメージ
SituationData,0x0100008E00004E47,Diplomacy_GlobalImage_Bad,SituationProperties.Description,"現在、この国は世界的なイメージが悪化しているという重大な課題に直面している。物議を醸す政策や外交上の失策、または対外関係における攻撃的な振る舞いと見なされる行動によって、国際社会の認識が悪化しているのだ。この不利な状況はリジアの外交努力を妨げ、国際関係を複雑にし、孤立や制裁を招く可能性もある。

この状況を打開するためには、リジアの対外政策と行動を戦略的に見直し、国際社会における評判を回復させ、地位を取り戻す必要がある。"
SituationData,0x0100008E00004E3E,Diplomacy_GlobalImage_Good,SituationProperties.Title,卓越した国際的イメージ
SituationData,0x0100008E00004E3E,Diplomacy_GlobalImage_Good,SituationProperties.Description,"黄金王国の国際的なイメージは、世界中で高い評価と尊敬を集めるほど極めて高い水準に達している。この好意的な認識は、成功した外交活動や人道支援、そして世界の平和と安定への献身がもたらした結果だ。

リジアが国際情勢に与える積極的な影響力により、同国の評判はさらに高まっただけでなく、世界の舞台における重要なプレイヤーとしての地位も固まり、有益な同盟やパートナーシップが築かれている。"
SituationData,0x0100006500009DE9,Diplomacy_GlobalImage_Mixed,SituationProperties.Title,まちまちな国際的イメージ
SituationData,0x0100006500009DE9,Diplomacy_GlobalImage_Mixed,SituationProperties.Description,"この国の世界的なイメージは、肯定的な評価と否定的な評価が入り混じった複雑なものとなっている。その外交政策や国際的な行動の一部は称賛されている一方で、他の行動や決定については批判や懐疑の声が上がっている。このような二極化した評判はリジアの外交上の影響力に影響を与え、国際関係において繊細な対応を求められる原因となっている。

こうした評価のバランスを取ることは、この国が自らの影響力を維持し、世界の複雑な外交情勢を効果的に乗り切るために不可欠である。"
SituationData,0x010000650000971E,Diplomacy_GlobalInfluence_ATO,SituationProperties.Title,アルカシア条約機構の影響力
SituationData,0x010000650000971E,Diplomacy_GlobalInfluence_ATO,SituationProperties.Description,アルカシア条約機構の存在は、経済・外交・文化といった分野に微妙に浸透している。表面上は支配的ではないものの、ATOの影響力は政策や世論を静かに導き、国内の様々な場面で繊細かつ戦略的な動向を形作っている。
SituationData,0x01000065000096DF,Diplomacy_GlobalInfluence_CSP,SituationProperties.Title,コンタナ条約機構の影響力
SituationData,0x01000065000096DF,Diplomacy_GlobalInfluence_CSP,SituationProperties.Description,コンタナ条約機構は静かだが確かな影響力を及ぼし、あまり目立たない形で経済や文化の分野に浸透している。この穏やかな影響は意思決定や世論に影響を与え、生活の様々な側面において思想的要素と戦略的要素が巧みに組み合わされていることを反映している。
SituationData,0x0100008E00002725,Diplomacy_GlobalMonarchistSupportNetwork,SituationProperties.Title,国際的な君主主義支援網
SituationData,0x0100008E00002725,Diplomacy_GlobalMonarchistSupportNetwork,SituationProperties.Description,GRACEは世界中の君主制を積極的に強化し、リジアに世界的な注目を集めている。このネットワークが高まる共和主義の勢力と戦いながら君主主義の伝統を育んでおり、共通の旗のもとで各国の君主制を結束させている。この動きの中心にあるリジアは、大きな外交的影響力を得ている。
SituationData,0x0100008E00002702,Diplomacy_GlobalRivalry_Encroaching,SituationProperties.Title,迫りくる世界的な対立
SituationData,0x0100008E00002702,Diplomacy_GlobalRivalry_Encroaching,SituationProperties.Description,二つの世界超大国の国境が次第に接近する中、この国は危うい地政学的状況に置かれている。超大国アルカシアが主導するアルカシア条約同盟と、マレニエフ主義の社会主義超大国であるコンタナ連邦を中心としたコンタナ条約機構は、双方とも影響力を拡大し続けており、その対立がリジアの玄関先まで及んでいる。
SituationData,0x010000460001C871,Diplomacy_InfluentialOMECMember,SituationProperties.Title,影響力のあるOMEC加盟国
SituationData,0x010000460001C871,Diplomacy_InfluentialOMECMember,SituationProperties.Description,ソードランドはOMECの創設メンバーの中核的な存在であり、その経済専門家の多くがソードランド系の血統を持っている。著名な経済機関としてのOMECの設立および発展において、ソードランドの経済専門家たちの貢献は極めて重要なものであった。
SituationData,0x010000460001C86D,Diplomacy_LackOfAllies,SituationProperties.Title,同盟国の不足
SituationData,0x010000460001C86D,Diplomacy_LackOfAllies,SituationProperties.Description,ソードランドの独立と国際舞台における重要な役割は、強力な同盟国がいないため完全には確立されていない。信頼できる同盟国の支援がなければ、ソードランドは自国の利益を主張し、世界の舞台での地位を維持するのに苦労するかもしれない。
SituationData,0x010000650000749B,Diplomacy_Lespia_Aureus25Percent,SituationProperties.Title,アウレウス25％協定
SituationData,0x010000650000749B,Diplomacy_Lespia_Aureus25Percent,SituationProperties.Description,レスピアとの画期的な協定により、アウレウス・ガス田の25パーセントの持分を確保することができた。この取引によって北方の隣国との貿易関係が強化されると同時に、我々のエネルギー備蓄も着実かつ適度な水準で増加する。
SituationData,0x010000460001C881,Diplomacy_Lespia_Coal_Trade,SituationProperties.Title,レスピアとの石炭貿易
SituationData,0x010000460001C881,Diplomacy_Lespia_Coal_Trade,SituationProperties.Description,協定が生んだ有利な環境により、レスピアはソードランドにとってローレン産石炭の最大の輸出先となった。
SituationData,0x010000460001C87D,Diplomacy_Lespia_Fish_Trade,SituationProperties.Title,レスピアとの水産物貿易
SituationData,0x010000460001C87D,Diplomacy_Lespia_Fish_Trade,SituationProperties.Description,ソードランドとレスピアとの包括的な協定により規制や障壁が削減され、その結果レスピアはアグンランド産魚類の輸出においてソードランド最大の貿易相手国となった。この協定によってより好都合な貿易環境が生まれ、取引量が増加し経済協力も促進された。
SituationData,0x010000460001C88D,Diplomacy_Lespia_SordishPetroleum,SituationProperties.Title,ソードランド石油のレスピアへの売却
SituationData,0x010000460001C88D,Diplomacy_Lespia_SordishPetroleum,SituationProperties.Description,ソードランドは両国間の協定に基づき、ソードランド石油をレスピアに売却した。ソードランド石油はソードランドの石油取引の大半を握っており、この売却によりレスピアはヴェーレンからの石油の大半を自国へ振り向けることになる。
SituationData,0x010000460001C8C9,Diplomacy_LespiaTradeTariffs,SituationProperties.Title,レスピアによる貿易関税
SituationData,0x010000460001C8C9,Diplomacy_LespiaTradeTariffs,SituationProperties.Description,レスピアはソードランドの最も重要な貿易品に対して有害な関税を課し、大きな経済的被害をもたらした。この関税の導入により、ソードランドの経済や両国間の貿易関係に悪影響が生じている。
SituationData,0x010000460001C889,Diplomacy_Lespia_Tungsten_Trade,SituationProperties.Title,レスピアとのタングステン貿易
SituationData,0x010000460001C889,Diplomacy_Lespia_Tungsten_Trade,SituationProperties.Description,ソードランドとレスピアが規制や障壁の削減に関する包括的な合意を結んだことで、レスピアはソードランドの主要なタングステン輸出取引相手国となった。この合意により貿易環境がより好転し、両国間の経済協力や貿易量が増加した。
SituationData,0x010000460001C885,Diplomacy_Lespia_Wheat_Trade,SituationProperties.Title,レスピアとの小麦貿易
SituationData,0x010000460001C885,Diplomacy_Lespia_Wheat_Trade,SituationProperties.Description,規制と障壁を減らすソードランド・レスピア間の包括的な協定により、レスピアはソードランドにとってベルギア産小麦の最大の輸出先となることができた。
SituationData,0x010000650000976F,Diplomacy_MITZ_InconsequentialMember,SituationProperties.Title,影響力の乏しいMITZ加盟国
SituationData,0x010000650000976F,Diplomacy_MITZ_InconsequentialMember,SituationProperties.Description,改正されたメフティエム国際貿易区協定の影響により、リジアが同地域の管理において果たす役割は大幅に縮小した。今や我々はその地域の統治に対する発言権も低下し、そこから採掘される資源に対する権利も以前ほどではない。
SituationData,0x0100006500009766,Diplomacy_MITZ_Influential,SituationProperties.Title,影響力のあるMITZ加盟国
SituationData,0x0100006500009766,Diplomacy_MITZ_Influential,SituationProperties.Description,メフティエム国際貿易区の理事会加盟国として、リジアは金鉱資源が豊富なメフティエム盆地における採掘活動を指導する上で大きな影響力を持っている。この協力体における重要な役割により、同国はその地域の資源からより多くの分け前を得ることができている。
SituationData,0x0100008E000026F4,Diplomacy_MITZ_KeyMember,SituationProperties.Title,MITZの主要加盟国
SituationData,0x0100008E000026F4,Diplomacy_MITZ_KeyMember,SituationProperties.Description,リジアは、1916年にモレラで設立されたメフティエム国際貿易区の重要な理事会加盟国である。メフティエム盆地に豊富な金鉱資源を有するこの協力体は、鉱山施設や共同所有のムアルディエン港を管理している。ジルを失った後にルンブルクと同盟を結んだことで、同地域の発展に不可欠なリジアの持分は大幅に拡大した。
SituationData,0x01000065000072B6,Diplomacy_Morella_GasExport,SituationProperties.Title,モレラのガス輸出
SituationData,0x01000065000072B6,Diplomacy_Morella_GasExport,SituationProperties.Description,モレラへのガス輸出が戦略的に拡大していることは、リジアとその西側隣国との間の活発な経済外交の取り組みを示している。この貿易の増加により、同国は地域的および国際的なエネルギー交渉における影響力が強まり、地政学的な優位性が高まるとともに相互の経済的利益も促進されている。
SituationData,0x0100006500007393,Diplomacy_Morella_OilExport,SituationProperties.Title,モレラの石油輸出
SituationData,0x0100006500007393,Diplomacy_Morella_OilExport,SituationProperties.Description,"モレラへの石油輸出が著しく増加したことは、エネルギー外交および経済的交流における大きな前進を示している。この拡大は国際石油市場における戦略的な動きを反映しており、同国が重要なエネルギー供給国としての地位をより強固なものにしている。

拡大し続ける石油貿易は経済的結びつきを深め、より広範な二国間協力の場を提供するとともに、地政学的同盟関係を強化している。"
SituationData,0x0100008E00006C7B,Diplomacy_Pales_ATAFunded,SituationProperties.Title,パレスにおけるATAの活動
SituationData,0x0100008E00006C7B,Diplomacy_Pales_ATAFunded,SituationProperties.Description,アリアナ・トラス協会はパレスで活動しており、我々のソフトパワーの発信や人々への影響力を強化している。これにより、現地住民の間で我々の文化のイメージが向上する。
SituationData,0x010000C5000001A1,Diplomacy_Pales_SuOminaActive,SituationProperties.Title,スー・オミナ：蜂起の鎮圧
SituationData,0x010000C5000001A1,Diplomacy_Pales_SuOminaActive,SituationProperties.Description,パレスの諸都市への占領が深まるにつれて、スー・オミナが異議の兆候を鎮圧するために派遣されている。彼らの命令は明確であり、反乱を抑え込み、抵抗ネットワークを解体し、リジアの支配が揺るがないようにすることだ。
SituationData,0x0100006500009A2C,Diplomacy_Pales_War,SituationProperties.Title,パレス大公国との戦争状態
SituationData,0x0100006500009A2C,Diplomacy_Pales_War,SituationProperties.Description,"パレス大公国に対する宣戦布告により、この国は外交的孤立の危険を負いながらも全面的な軍事行動に突入する。

この紛争は地域の力の均衡を崩し、即座の戦略転換と積極的な軍事的配置を余儀なくさせる。戦場での勝利は、国家の利益を守るための連携した作戦行動と鋭い外交的駆け引きにかかっている。"
SituationData,0x0100006500009742,Diplomacy_PowerProjection_Average,SituationProperties.Title,並の戦力投射力
SituationData,0x0100006500009742,Diplomacy_PowerProjection_Average,SituationProperties.Description,この国の国際舞台における影響力の発揮は明確に存在するものの制約を受けている。この程度の影響力は控えめな外交交渉や軍事的な姿勢として現れており、より強化された防衛戦略が求められていることを示している。
SituationData,0x010000650000A1D0,Diplomacy_PowerProjection_Overwhelming,SituationProperties.Title,圧倒的な戦力投射力
SituationData,0x010000650000A1D0,Diplomacy_PowerProjection_Overwhelming,SituationProperties.Description,"その国は国境を超えて圧倒的な力と影響力を行使しており、国際情勢において極めて支配的な立場にある。この強大な影響力は外交交渉、軍事同盟、経済協議の場で活用されている。

こうした積極的な姿勢は我が国の世界的な地位を固めるだけでなく、強力な抑止力ともなり、国際的なパートナーたちに譲歩政策を取らせる結果となっている。"
SituationData,0x0100006500009739,Diplomacy_PowerProjection_Strong,SituationProperties.Title,強い戦力投射力
SituationData,0x0100006500009739,Diplomacy_PowerProjection_Strong,SituationProperties.Description,"この国の優れた戦力投射能力は、国際情勢における支配的な地位を意味している。この強大な影響力は、外交交渉、軍事同盟、経済協議において活用されている。

この積極的な姿勢は我が国の世界的な地位を固めるだけでなく、他国の敵対行為を防ぐ抑止力としても機能している。"
SituationData,0x0100008E00002717,Diplomacy_PowerProjection_Weak,SituationProperties.Title,弱い戦力投射力
SituationData,0x0100008E00002717,Diplomacy_PowerProjection_Weak,SituationProperties.Description,地域的な重要性や戦略的資産を持っているにもかかわらず、リジアは自国の力と影響力を国外に示すことに苦労している。このように国際的に力を発揮する能力が限られているため、外交交渉、軍事姿勢、経済的影響力に悪影響を及ぼしている。
SituationData,0x010000460001C869,Diplomacy_RumburgAggression,SituationProperties.Title,ルンブルクの膨張主義
SituationData,0x010000460001C869,Diplomacy_RumburgAggression,SituationProperties.Description,過去一世紀にわたるルンブルクの拡大主義的な方針が、メルコパ大陸で極めて不安定な状況を引き起こしている。ルンブルクの行動はこの地域の緊張と不安定化を招き、ソードランドのような周辺諸国に悪影響を及ぼす可能性がある。
SituationData,0x0100008E00003238,Diplomacy_RumburgAverageEnergyExports,SituationProperties.Title,ルンブルクの平均的なエネルギー輸出
SituationData,0x0100008E00003238,Diplomacy_RumburgAverageEnergyExports,SituationProperties.Description,ルンブルクとの継続的なガス協定により安定した輸出量が維持されており、市場状況やインフラの能力と完璧に一致している。この安定したエネルギー貿易は、遠く離れた歴史的同盟国であるルンブルクとの関係を強化するだけでなく、GRACEネットワーク内におけるリジアの影響力のある地位も固めている。
SituationData,0x0100006500006060,Diplomacy_Rumburg_GasPipeline,SituationProperties.Title,ルンブルク・ソードランド間ガス貿易
SituationData,0x0100006500006060,Diplomacy_Rumburg_GasPipeline,SituationProperties.Description,ルンブルクはソードランドの天然ガスパイプラインを自国領内まで延長し、両国間の貿易を大幅に拡大した。この協定は、ソードランドが他の隣国と結んだ協定よりも30％安い価格で締結された唯一のものである。
SituationData,0x01000065000072C1,Diplomacy_RumburgHighEnergyExports,SituationProperties.Title,ルンブルクの高水準のエネルギー輸出
SituationData,0x01000065000072C1,Diplomacy_RumburgHighEnergyExports,SituationProperties.Description,ルンブルクとの最新のガス取引協定に基づき、輸出量が著しく増加している。この活発なエネルギー交流によってGRACEネットワーク内でのリジアの地位は向上し、ルンブルクとの結びつきも強化されるが、同時にリジアの国内エネルギー備蓄や生産能力にさらなる圧力がかかっている。
SituationData,0x010000460001C8D9,Diplomacy_RumburgInvasion,SituationProperties.Title,ルンブルクの侵攻
SituationData,0x010000460001C8D9,Diplomacy_RumburgInvasion,SituationProperties.Description,元々は小規模な国境紛争として始まった事態が、現在ではルンブルク軍による全面侵攻へとエスカレートしており、現在ソードランドの北側国境沿いで衝突が起きている。状況は極めて不安定で、この地域にさらなる紛争や不安定をもたらす可能性がある。
SituationData,0x0100006500006059,Diplomacy_Rumburg_KA74License,SituationProperties.Title,ルンブルクによるKA-74の生産許諾
SituationData,0x0100006500006059,Diplomacy_Rumburg_KA74License,SituationProperties.Description,ルンブルクはソードランドに対し、KA-74の自国版を生産する許諾を与えた。この進展はソードランドの国防を強め、長期的に相当の経済的恩恵を約束し、関係の改善を象徴するものとなっている。
SituationData,0x010000C70000037E,Diplomacy_Rumburg_SellPortOfMonqiz,SituationProperties.Title,モンキズ港のルンブルクへの売却
SituationData,0x010000C70000037E,Diplomacy_Rumburg_SellPortOfMonqiz,SituationProperties.Description,その王国はモンキズ港のルンブルクへの売却を最終決定し、それによってGRACEで最も強力なメンバーの一つから引き続き支援を得ることに成功した。この取引により王国の軍事力や同盟国との関係は強化されたが、主要な沿岸施設を長期間失うことで経済顧問や海軍関係者の間に懸念が生じている。
SituationData,0x0100006500009CDD,Diplomacy_Rumburg_Suzerain,SituationProperties.Title,ルンブルクの宗主権下
SituationData,0x0100006500009CDD,Diplomacy_Rumburg_Suzerain,SituationProperties.Description,"ルンブルクの圧倒的な影響力が国家主権に影を落としており、GRACE同盟によってこの支配はさらに強化されている。この支配は様々な分野で現れ、独立した国家運営を徐々に蝕み、外交や経済の自律性を制限している。

至る所に及ぶルンブルクの影響力は、リジアの真の独立度や自主的な外交政策を遂行する能力について懸念を招いている。"
SituationData,0x010000650000975D,Diplomacy_Shipping_Disruptions,SituationProperties.Title,混乱する海上貿易
SituationData,0x010000650000975D,Diplomacy_Shipping_Disruptions,SituationProperties.Description,"続く戦争によって海上輸送路が深刻な妨害を受け、大きな物流上の問題が生じている。この混乱は重要な供給チェーンに影響を及ぼし、経済の不安定さを悪化させ、国際貿易関係にも負担をかけている。

こうした混乱の波及効果は消費財からエネルギー供給に至るまで様々な分野で現れており、世界の商取引において安定した海上回廊がいかに重要かを浮き彫りにしている。"
SituationData,0x010000650000727A,Diplomacy_Sordland_GasomAverageOutput,SituationProperties.Title,ガソムからの平均的なガス輸入
SituationData,0x010000650000727A,Diplomacy_Sordland_GasomAverageOutput,SituationProperties.Description,ソードランドのガソム社がリジアへ輸出している天然ガスの平均量から見て、両国間のエネルギー関係は安定しているものの慎重な様相を呈している。安定的な供給は確保されているものの、市場状況が変動する中でリスクとなり得る依存関係を生み出す可能性もある。
SituationData,0x0100006500007283,Diplomacy_Sordland_GasomHighOutput,SituationProperties.Title,ガソムからのガス輸入の増加
SituationData,0x0100006500007283,Diplomacy_Sordland_GasomHighOutput,SituationProperties.Description,ガソムからの天然ガス輸入量が大幅に増加したことで、我が国のエネルギー供給が強化され、産業面や家庭部門におけるエネルギー安定性が向上している。この急増はソードランドとの強固な外交的結びつきを示しているが、単一の供給元への過度な依存を避けるために多様なエネルギー源を維持する重要性も浮き彫りにしている。
SituationData,0x0100006500007389,Diplomacy_Sordland_GasomLowOutput,SituationProperties.Title,ガソムからのガス輸入の減少
SituationData,0x0100006500007389,Diplomacy_Sordland_GasomLowOutput,SituationProperties.Description,ガソムによる天然ガス輸出の減少がエネルギー不安定を悪化させ、物価を上昇させており、リジアの経済や国民の日常生活に影響を与えている。エネルギー源の多様化と国内生産の強化が急務である。
SituationData,0x0100006500007380,Diplomacy_Sordland_HighValueBonds,SituationProperties.Title,高値のソードランド国債
SituationData,0x0100006500007380,Diplomacy_Sordland_HighValueBonds,SituationProperties.Description,"ソードランドの政府債券が高い評価を受けているのは、同国で経済が好調に回復しており、収益性の高い投資機会が生まれているからだ。安定した経済環境のもとで、これらの債券は大きなリターンをもたらす。

この有利な債券市場は、好調な経済状況を活用し、適切に策定された投資戦略の成果であり、我が国の金融ポートフォリオを強化するものである。"
SituationData,0x0100006500007377,Diplomacy_Sordland_LowValueBonds,SituationProperties.Title,安値のソードランド国債
SituationData,0x0100006500007377,Diplomacy_Sordland_LowValueBonds,SituationProperties.Description,ソードランドの政府債券の評価が低いことは、同国の経済的不安定さを示しており、投資の見通しに悪影響を与えている。このような債券価値の下落は、国際金融市場に内在するリスクや、多様化された投資ポートフォリオの必要性を示している。
SituationData,0x010000650000735F,Diplomacy_Sordland_MediumValueBonds,SituationProperties.Title,中位のソードランド国債
SituationData,0x010000650000735F,Diplomacy_Sordland_MediumValueBonds,SituationProperties.Description,ソードランド政府債券が中程度の評価にとどまっていることは、同国の経済環境が不安定であることを反映しており、変動する収益が我が国の投資戦略に影響を与えている。これらの債券は適度な利益をもたらすものの、外国政府証券特有のリスクも浮き彫りにしている。
SituationData,0x010000650000739C,Diplomacy_Sordland_WhiskeyImports,SituationProperties.Title,ソードランド産ウイスキーの輸入
SituationData,0x010000650000739C,Diplomacy_Sordland_WhiskeyImports,SituationProperties.Description,この国におけるソードランド産ウイスキーの輸入量は大幅に増加している。このような輸入の増加により、国内の飲料業界は多様な選択肢を得て豊かになるだけでなく、ソードランドとの経済的・文化的関係も強化されている。
SituationData,0x01000065000073A5,Diplomacy_Sordland_WineExports,SituationProperties.Title,リジア産ワインのソードランドへの輸出
SituationData,0x01000065000073A5,Diplomacy_Sordland_WineExports,SituationProperties.Description,リジアのワインのソードランド向け輸出は著しい増加を見せており、国産ワイン造りの品質と魅力が国際的な場で認められていることを示している。このような輸出の増加は地元のワイン産業を活性化させるだけでなく、ソードランドとの経済的・文化的な結びつきを強化することにもつながっている。
SituationData,0x010000460001C8DD,Diplomacy_StrategicAllianceMember,SituationProperties.Title,戦略同盟の加盟国
SituationData,0x010000460001C8DD,Diplomacy_StrategicAllianceMember,SituationProperties.Description,ソードランドは規模が大きく重要な国際同盟の戦略的な一員であり、この同盟によって世界の舞台におけるその威信と影響力が高まっている。この同盟への加盟は、ソードランドが協力促進に参加し、世界の諸問題に貢献しようとする意欲を示している。
SituationData,0x0100008E000026CB,Diplomacy_TerritorialIntegrity_Lost,SituationProperties.Title,領土保全の喪失
SituationData,0x0100008E000026CB,Diplomacy_TerritorialIntegrity_Lost,SituationProperties.Description,この国は、祖先の地であるパレスや重要な領土であるジルを失ったことにより大きな打撃を受けている。この領土の喪失は国家の誇りや歴史に影響を与えただけでなく、戦略的立場や資源配分の面でも課題を生じさせている。
SituationData,0x01000065000096F1,Diplomacy_TerritorialIntegrity_PartiallyRestored,SituationProperties.Title,領土保全の部分的な回復
SituationData,0x01000065000096F1,Diplomacy_TerritorialIntegrity_PartiallyRestored,SituationProperties.Description,"この国は、先祖代々の領土の一部を取り戻すことにおいて著しい成功を収めている。領土の完全性が部分的に回復したことで国民の士気が高まり、戦略的な利点も生まれた。

しかし、これらの地域を完全に回復させて統合する作業は依然として進行中であり、継続的な外交的・戦略的取り組みが求められている。"
SituationData,0x01000065000096E8,Diplomacy_TerritorialIntegrity_Reclaimed,SituationProperties.Title,領土保全の回復
SituationData,0x01000065000096E8,Diplomacy_TerritorialIntegrity_Reclaimed,SituationProperties.Description,リジアが歴史的に重要な領土であるパレスとジルの両地域を無事取り戻したことは、大きな節目となっている。この成果により国家の誇りと団結が回復するだけでなく、国際的な地位や資源へのアクセスも強化される。
SituationData,0x0100009A0000B4F8,Diplomacy_TradeDeal_Derdia_EnergyFailed,SituationProperties.Title,デルディアとのエネルギー協定の破棄
SituationData,0x0100009A0000B4F8,Diplomacy_TradeDeal_Derdia_EnergyFailed,SituationProperties.Description,エネルギー取引における我々の約束を果たすことができなかったため、デルディアは両国間の契約を破棄することに決めた。
SituationData,0x0100009A0000B4D4,Diplomacy_TradeDeal_Morella_EnergyFailed,SituationProperties.Title,モレラとのエネルギー協定の破棄
SituationData,0x0100009A0000B4D4,Diplomacy_TradeDeal_Morella_EnergyFailed,SituationProperties.Description,エネルギー取引における我々の約束を果たすことができなかったため、モレラは両国間の契約を破棄することに決めた。
SituationData,0x0100009A0000B501,Diplomacy_TradeDeal_Rumburg_EnergyFailed,SituationProperties.Title,ルンブルクとのエネルギー協定の破棄
SituationData,0x0100009A0000B501,Diplomacy_TradeDeal_Rumburg_EnergyFailed,SituationProperties.Description,エネルギー取引における我々の約束を守ることができなかったため、ルンブルクは両国間の契約を破棄することを決定した。
SituationData,0x0100009A0000B50A,Diplomacy_TradeDeal_Wehlen_EnergyFailed,SituationProperties.Title,ヴェーレンとのエネルギー協定の破棄
SituationData,0x0100009A0000B50A,Diplomacy_TradeDeal_Wehlen_EnergyFailed,SituationProperties.Description,エネルギー取引における我々の約束を守ることができなかったため、ヴェーレンは両国間の契約を破棄することに決めた。
SituationData,0x0100008E00002710,Diplomacy_TradeVolume_Average,SituationProperties.Title,平均的な貿易量
SituationData,0x0100008E00002710,Diplomacy_TradeVolume_Average,SituationProperties.Description,この国は安定した貿易量を維持し、着実な経済成長を実現している。貿易関係を最適化し、国にとって最良の経済的成果を確保するため、貿易パートナーシップや政策は継続的に見直されている。
SituationData,0x010000650000970C,Diplomacy_TradeVolume_Increased,SituationProperties.Title,貿易量の増加
SituationData,0x010000650000970C,Diplomacy_TradeVolume_Increased,SituationProperties.Description,"この国では貿易量が大幅に増加し、強力な経済成長と効果的な貿易政策の実施が行われていることがうかがえる。この拡大は、貿易関係の改善や輸出入品目の戦略的多様化を反映している。

増加した貿易量は国内経済を強化するだけでなく、この王国が国際市場において柔軟性と競争力を持っていることも示している。"
SituationData,0x0100006500009715,Diplomacy_TradeVolume_Low,SituationProperties.Title,低い貿易量
SituationData,0x0100006500009715,Diplomacy_TradeVolume_Low,SituationProperties.Description,"この国は貿易量の著しい減少に直面しており、それは経済状況の悪化と国際貿易関係における困難を示している。

貿易の減少は経済だけでなく、世界市場において影響力を発揮し有利な条件を確保する能力にも影響を与えるため、貿易政策や提携関係について徹底的な見直しと調整が必要となっている。"
SituationData,0x010000460001C85D,Diplomacy_UCAid,SituationProperties.Title,コンタナ連邦の援助
SituationData,0x010000460001C85D,Diplomacy_UCAid,SituationProperties.Description,コンタナ連邦は、ソードランドを支援するために多額の財政的・物流面での援助および装備提供を行うと発表した。この一連の援助は、両国間の強固な外交関係と、コンタナ連邦が支援と繁栄の実現に尽力していることの証である。
SituationData,0x010000460001C8AD,Diplomacy_UnitedContanaTradeHalt,SituationProperties.Title,コンタナ連邦による禁輸
SituationData,0x010000460001C8AD,Diplomacy_UnitedContanaTradeHalt,SituationProperties.Description,コンタナ連邦はソードランド産のあらゆる商品に対して禁輸措置を実施し、ソードランドの経済に大きな困難をもたらした。この禁輸措置は国際貿易を慎重に管理することの重要性、そしてソードランドが取引相手国を多様化させる必要性を浮き彫りにしている。
SituationData,0x010000460001C895,Diplomacy_Valgsland_Coal_Trade,SituationProperties.Title,ヴァルグスランドとの石炭貿易
SituationData,0x010000460001C895,Diplomacy_Valgsland_Coal_Trade,SituationProperties.Description,規制と障壁を減らすソードランド・ヴァルグスランド間の包括的な協定により、ヴァルグスランドはソードランドにとってローレン産石炭の最大の輸出先となることができた。
SituationData,0x010000460001C891,Diplomacy_Valgsland_Fish_Trade,SituationProperties.Title,ヴァルグスランドとの水産物貿易
SituationData,0x010000460001C891,Diplomacy_Valgsland_Fish_Trade,SituationProperties.Description,ソードランドとヴァルグスランドは規制や障壁を削減するための包括的な協定に署名し、その結果、ヴァルグスランドはアグンランド産魚類の輸出においてソードランドの主要な貿易相手国となった。この協定は両国間の関係における重要な節目となっている。
SituationData,0x010000460001C8CD,Diplomacy_ValgslandTradeTariffs,SituationProperties.Title,ヴァルグスランドによる貿易関税
SituationData,0x010000460001C8CD,Diplomacy_ValgslandTradeTariffs,SituationProperties.Description,ヴァルグスランドはソードランドの最も重要な貿易品に対して有害な関税を課し、大きな経済的被害をもたらした。この関税の導入はソードランドの経済および両国間の貿易関係に悪影響を与えている。
SituationData,0x010000460001C89D,Diplomacy_Valgsland_Tungsten_Trade,SituationProperties.Title,ヴァルグスランドとのタングステン貿易
SituationData,0x010000460001C89D,Diplomacy_Valgsland_Tungsten_Trade,SituationProperties.Description,ソードランドとヴァルグスランドは規制と障壁を減らす包括的な協定に至り、ヴァルグスランドはソードランドにとってタングステンの最大の輸出先となった。
SituationData,0x010000460001C899,Diplomacy_Valgsland_Wheat_Trade,SituationProperties.Title,ヴァルグスランドとの小麦貿易
SituationData,0x010000460001C899,Diplomacy_Valgsland_Wheat_Trade,SituationProperties.Description,ソードランドとヴァルグスランドは規制と障壁を減らす包括的な協定に署名し、ヴァルグスランドはソードランドにとってベルギア産小麦の最大の輸出先となった。
SituationData,0x0100006500009D94,Diplomacy_Wehlen_AntiBFFAid,SituationProperties.Title,ヴェーレンによる対BFF援助
SituationData,0x0100006500009D94,Diplomacy_Wehlen_AntiBFFAid,SituationProperties.Description,BFFの反乱や武力衝突の歴史によってブルディア地域の緊張が高まる中、ヴェーレンがブルディア自由戦線と戦う際に積極的な支援が行われている。軍事的および物流面での援助はヴェーレンの安定化努力を強化することを目的としており、これは大規模な外交的・軍事的関与を示している。
SituationData,0x0100006500009D9D,Diplomacy_Wehlen_ArmsExport,SituationProperties.Title,ヴェーレンへの武器輸出
SituationData,0x0100006500009D9D,Diplomacy_Wehlen_ArmsExport,SituationProperties.Description,ヴェーレンへの小火器の輸出は、国際貿易法の遵守を確実にするため、厳格な規制のもとで行われている。この慎重に管理された取引により、戦略的均衡が保たれつつヴェーレンの防衛ニーズが満たされており、責任ある武器貿易への姿勢が反映されている。
SituationData,0x010000460001C879,Diplomacy_Wehlen_FreeTariffs_Oil,SituationProperties.Title,ヴェーレンとの無関税石油貿易
SituationData,0x010000460001C879,Diplomacy_Wehlen_FreeTariffs_Oil,SituationProperties.Description,協定により、ヴェーレンからの石油輸入はすべて無関税となった。これはエネルギー輸入の費用を下げ、安価なエネルギーで成長を促すことで、ソードランド経済に好影響を与えると見込まれる。
SituationData,0x0100006500009C91,Diplomacy_Wehlen_GasExport,SituationProperties.Title,ヴェーレンへのガス輸出
SituationData,0x0100006500009C91,Diplomacy_Wehlen_GasExport,SituationProperties.Description,ヴェーレンへのガス輸出が大幅に増加したことは、同国のエネルギー分野における戦略的な成功を示しており、地域の主要供給国としての地位を強化している。この輸出の急増はヴェーレンとの経済的結びつきを強化するだけでなく、同国が地域のエネルギー需要に応えられる能力を示してもいる。
SituationData,0x0100006500009DB8,Diplomacy_Wehlen_GoldExport,SituationProperties.Title,ヴェーレン向けの金輸出
SituationData,0x0100006500009DB8,Diplomacy_Wehlen_GoldExport,SituationProperties.Description,リジアからヴェーレンへの金の輸出は新たな記録水準に達し、リジアの輸出収入に大きく貢献している。この貿易により、同王国は優れた金生産国としての地位をさらに強化した。
SituationData,0x0100008E000032B5,Diplomacy_Wehlen_OilImport,SituationProperties.Title,ヴェーレンからの石油輸入
SituationData,0x0100008E000032B5,Diplomacy_Wehlen_OilImport,SituationProperties.Description,この国はヴェーレンからの石油輸入が著しく増加しており、エネルギー供給源を多様化し安全保障を確保しようとする戦略的な動きを示している。この増加によってエネルギー安全保障が強化されるだけでなく、ヴェーレンとの貿易関係もより固まっている。
SituationData,0x01000065000072AD,Diplomacy_Wehlen_Pharmaceuticals,SituationProperties.Title,ヴェーレンからの医薬品
SituationData,0x01000065000072AD,Diplomacy_Wehlen_Pharmaceuticals,SituationProperties.Description,"ヴェーレンからのモルヒネ、オピオイド、その他の医薬品の輸入量は安定しており、リジアの医療分野に安定的な供給が保たれている。これらの輸入品は、さまざまな治療や痛みの管理にとって不可欠である。

規制順守と品質管理措置が厳格に実施されており、こうした医薬品の安全性と有効性が確保されている。"
SituationData,0x010000650000974B,Diplomacy_Wehlen_TobaccoImport,SituationProperties.Title,ヴェーレンからのタバコ輸入
SituationData,0x010000650000974B,Diplomacy_Wehlen_TobaccoImport,SituationProperties.Description,ヴェーレンからのタバコ輸入量は増加しており、需要に応えつつ健康上の問題を悪化させない状態が保たれている。この均衡によって、ヴェーレンの輸出経済とリジアの公衆衛生政策の両方が支えられている。
SituationData,0x0100008E000032BE,Diplomacy_Wehlen_WineExport,SituationProperties.Title,ヴェーレンへのワイン輸出
SituationData,0x0100008E000032BE,Diplomacy_Wehlen_WineExport,SituationProperties.Description,"ヴェーレンへのワイン輸出は着実に増加しており、この地域が有する高名なワイン製造の伝統を示している。この貿易では多種多様な高品質なリジア産ワインが取引されており、ヴェーレンの幅広い消費者層に受け入れられている。

これらの輸出はリジアの貿易構造において重要な位置を占めている。"
SituationData,0x0100008E000032C7,Diplomacy_Wehlen_WoodImport,SituationProperties.Title,ヴェーレン産の木材と家具
SituationData,0x0100008E000032C7,Diplomacy_Wehlen_WoodImport,SituationProperties.Description,"ヴェーレンからの木材、家具、木彫品の輸入が著しく増加しており、それによってリジアの建設業やインテリアデザイン業界に良い影響を与えている。

この貿易は、ヴェーレンの強固な林業および手工芸産業を反映し、多種多様な高品質な木製品で特徴づけられる。"
SituationData,0x0100008E00006C84,Diplomacy_Zille_ATAFunded,SituationProperties.Title,ジルにおけるATAの活動
SituationData,0x0100008E00006C84,Diplomacy_Zille_ATAFunded,SituationProperties.Description,アリアナ・トラス協会はジルの領土内で活動しており、我々のソフトパワーの発信と住民への影響力を強化している。これにより、現地住民の間で我々の文化のイメージが向上する。
SituationData,0x0100006500009C9A,Diplomacy_Zille_GrowingArmedResistance,SituationProperties.Title,拡大する親リジア武装抵抗
SituationData,0x0100006500009C9A,Diplomacy_Zille_GrowingArmedResistance,SituationProperties.Description,"公衆の不満が高まる中、ジル地域内でその地域をリジアに返還しようと主張する武装抵抗運動が台頭してきている。ヴェーレンの統治への不満やリジアとの再統一への強い願望に支えられたこの運動は、組織化を進めつつ、規模は小さいものの注目すべき作戦を実行し始めている。

彼らの行動は、ジルの再編入を求める動きが大幅にエスカレートしていることを示しており、ジル協定から生じた未解決の緊張状態を浮き彫りにしている。"
SituationData,0x0100006500009CA3,Diplomacy_Zille_GrowingRiziaMovement,SituationProperties.Title,拡大する親リジア運動
SituationData,0x0100006500009CA3,Diplomacy_Zille_GrowingRiziaMovement,SituationProperties.Description,"ジルのリジアへの再統合を支持する運動は、世論の支持や組織的な働きかけが増えるにつれて勢力を拡大している。国家意識とヴェーレンの統治に対する不満から力を得たこの運動は、着実に強さを増している。

彼らの影響力の拡大は、ジルがリジアから長期間離れている状況に反対する声が高まっていることを示している。"
SituationData,0x0100006500009CB5,Diplomacy_Zille_MassiveRiziaMovement,SituationProperties.Title,大規模な親リジア運動
SituationData,0x0100006500009CB5,Diplomacy_Zille_MassiveRiziaMovement,SituationProperties.Description,"ジルのリジア復帰を訴える大規模で広範囲にわたる運動が異例の勢いを増している。大衆からの強力な支持と高まる政治的呼びかけにより、この運動は重要な力となり、平和的かつ断固とした態度でその地域のリジアへの再統一を要求している。

彼らの大きな影響力は、ジル協定がもたらす続く影響に対する強力で団結した反対の声を示している。"
SituationData,0x0100006500009CBE,Diplomacy_Zille_SmallRiziaMovement,SituationProperties.Title,小規模な親リジア運動
SituationData,0x0100006500009CBE,Diplomacy_Zille_SmallRiziaMovement,SituationProperties.Description,"ジルをリジアに再編入させようとする運動は依然として規模が小さく、分裂している。限られた世論の支持と不足した資源のため、ヴェーレンの統治に異議を唱える彼らの取り組みはほとんど効果を上げていない。

このような勢いの欠如は、ジル協定に対する根底にある不満があるにもかかわらず、この運動に広範な支持を集めることがいかに困難であるかを浮き彫りにしている。"
SituationData,0x0100006500007368,Diplomacy_Zille_StrongArmedResistance,SituationProperties.Title,強力な親リジア武装抵抗
SituationData,0x0100006500007368,Diplomacy_Zille_StrongArmedResistance,SituationProperties.Description,ジル地域におけるリジア支持の抵抗運動は、ヴェーレンの統治への不満が後押しとなり、組織力や地元住民の支援を得てより強固になっている。この運動は非暴力的ではあるものの大きな影響力を持ち、統一を訴えている。
SituationData,0x0100006500009CAC,Diplomacy_Zille_WeakArmedResistance,SituationProperties.Title,弱い親リジア武装抵抗
SituationData,0x0100006500009CAC,Diplomacy_Zille_WeakArmedResistance,SituationProperties.Description,"ジルのリジア復帰を訴える武装抵抗運動は、その勢力と支援基盤が著しく低下している。内部の対立や資源不足によって活動の影響力が衰え、この運動は存続を維持するのに苦労している。

この弱体化した抵抗運動は、ヴェーレンのジル支配に反対する者たちが直面している複雑さと困難を反映している。"
SituationData,0x010000C600000564,Economy_AdvancedShipbuilding,SituationProperties.Title,高度な造船業
SituationData,0x010000C600000564,Economy_AdvancedShipbuilding,SituationProperties.Description,国内の造船業への投資は成果を上げている。新たな造船所や生産ラインが稼働し、船舶工学における技術革新が進んでいる。この拡大により安定した雇用が創出され、沿岸地域の経済成長が促進され、王国の商業艦隊と軍艦隊の両方が強化されている。
SituationData,0x010000460001C9A1,Economy_Agnland_EconomicStabilisation,SituationProperties.Title,アグンランド：経済が安定
SituationData,0x010000460001C9A1,Economy_Agnland_EconomicStabilisation,SituationProperties.Description,ソードランドによる投資のおかげで、アグンランド地方は経済を安定させつつある。しかし、依然として経済的な課題に直面しており、持続可能な成長を実現するのに苦労している。
SituationData,0x010000460001C9A5,Economy_Agnland_LackInvestment,SituationProperties.Title,アグンランド：投資不足
SituationData,0x010000460001C9A5,Economy_Agnland_LackInvestment,SituationProperties.Description,アグンランド地方は、投資の不足により経済が急激に衰退し、危機的状況にある。かつて安定した経済で知られていたこの地域は、今やその社会構造と経済の安定を脅かす前例のない課題に直面している。犯罪やホームレス、失業率の上昇により、この地域は対応に苦労している。
SituationData,0x010000460001C99D,Economy_Agnland_MajorFishExport,SituationProperties.Title,アグンランド：水産物輸出と観光の拠点
SituationData,0x010000460001C99D,Economy_Agnland_MajorFishExport,SituationProperties.Description,アグンランド地方は、魚類の迅速な生産と輸出で知られるようになり、それが同地の経済を活性化させている。さらに、ソードランド特有の有名な冷水サーモンも観光客に人気の観光資源となり、この地域の経済のさらなる発展を促している。
SituationData,0x010000650000C7AE,Economy_ArmsExporter,SituationProperties.Title,武器輸出国
SituationData,0x010000650000C7AE,Economy_ArmsExporter,SituationProperties.Description,兵器の輸出量は現在、数百万トンを超えており、我が国を市場における主要なプレーヤーとして確立させ、世界の上位10カ国の兵器輸出国の一つに位置づけている。この動向は大きな経済的利益をもたらす一方で、倫理的な懸念や外交上の厳しい監視を招いている。
SituationData,0x010000650000C7B7,Economy_ArmsImporter,SituationProperties.Title,武器輸入国
SituationData,0x010000650000C7B7,Economy_ArmsImporter,SituationProperties.Description,武器の輸入が大幅に増加しており、高度な兵器の調達がその現れとなっている。これにより防衛力は強化されるものの、地域の勢力バランスや軍事的緊張が高まる可能性について懸念が生じている。
SituationData,0x0100009E00003583,Economy_Aureus_HighExtraction,SituationProperties.Title,アウレウス・ガス田の高い採掘量
SituationData,0x0100009E00003583,Economy_Aureus_HighExtraction,SituationProperties.Description,この王国はアウレウス・ガス田における完全な採掘権を獲得し、100％の所有権を確立した。この動きにより王国のエネルギー自給率と経済成長が大幅に向上するが、同時に環境や資源の持続可能性を管理するという重大な責任も生じる。
SituationData,0x0100009E00003594,Economy_Aureus_LowExtraction,SituationProperties.Title,アウレウス・ガス田の低い採掘量
SituationData,0x0100009E00003594,Economy_Aureus_LowExtraction,SituationProperties.Description,アウレウス・ガス田における採掘権はわずか25％しかなく、この重要なエネルギー資源に対するリジアの支配力は大幅に制限されている。この状況はエネルギー業界や経済にわずかな利益をもたらすだけであり、より大きな所有権がもたらすはずの影響には及ばない。
SituationData,0x010000C70000039A,Economy_Aureus_LowExtractionPostWar,SituationProperties.Title,アウレウス・ガス田の低い採掘量
SituationData,0x010000C70000039A,Economy_Aureus_LowExtractionPostWar,SituationProperties.Description,最近の紛争によりリジアが重要なアウレウス・ガス田の採掘権を完全に握るようになったものの、インフラは老朽化している。戦争による被害で稼働能力はわずか25％まで低下し、この戦略的勝利がもたらす即時的な利益は制限され、その完全な経済的潜在力の発現も遅れている。
SituationData,0x0100009E0000358C,Economy_Aureus_MediumExtraction,SituationProperties.Title,アウレウス・ガス田の中程度の採掘量
SituationData,0x0100009E0000358C,Economy_Aureus_MediumExtraction,SituationProperties.Description,リジアはアウレウス・ガス田における採掘権の50％を保有しており、他の組織と所有権を分有している。この取り決めはエネルギー産業や経済に貢献しているが、王国がガス埋蔵量から得られるはずの最大限の利益やその管理を制限している。
SituationData,0x010000C70000038F,Economy_Aureus_MediumExtractionPostWar,SituationProperties.Title,アウレウス・ガス田の中程度の採掘量
SituationData,0x010000C70000038F,Economy_Aureus_MediumExtractionPostWar,SituationProperties.Description,最近の紛争によりリジアは重要なアウレウス・ガス田の採掘権を完全に握ることになったが、インフラは老朽化している。戦争による被害で稼働能力はわずか50％まで低下し、この戦略的勝利がもたらす即時的な利益は制限され、その完全な経済的潜在力の発現も遅れている。
SituationData,0x010000460001C901,Economy_AverageTransportation,SituationProperties.Title,平均的な交通網
SituationData,0x010000460001C901,Economy_AverageTransportation,SituationProperties.Description,政府による最近のインフラへの投資は交通網の接続状況に良い影響を与え、同ネットワークはわずかに回復した。しかし、交通網を完全に復旧させて持続可能な経済成長を支えるためには、引き続き追加の投資が必要である。
SituationData,0x01000065000095E0,Economy_BalancingMixed,SituationProperties.Title,経済部門の均衡化
SituationData,0x01000065000095E0,Economy_BalancingMixed,SituationProperties.Description,この国ではエネルギー分野に変化が起こり、伝統的な産業と他の代替案とのバランスが取られている。この混合的なアプローチは、安定性と革新の必要性とを両立させつつ、多様化へ向けた慎重かつ前進的な一歩を反映している。
SituationData,0x010000460001C98D,Economy_Bergia_EconomicDownturn,SituationProperties.Title,ベルギア：経済が急落
SituationData,0x010000460001C98D,Economy_Bergia_EconomicDownturn,SituationProperties.Description,この地域の経済は投資の不足により急速に衰退しており、その結果犯罪やホームレス、失業が増加している。投資を拡大し、雇用創出と新たな経済機会の創設を推進することで根本的な問題に対処するため、直ちに行動を起こさなければならない。
SituationData,0x010000460001C989,Economy_Bergia_EconomicStabilisation,SituationProperties.Title,ベルギア：経済が安定
SituationData,0x010000460001C989,Economy_Bergia_EconomicStabilisation,SituationProperties.Description,ソードランドによる投資がベルギア地方の経済安定に貢献している。しかし、この地方は依然として社会的な課題に直面しており、ブルディア人と地元のソード人との間の人種的緊張も含まれている。
SituationData,0x010000460001C985,Economy_Bergia_MajorAgriculturalZone,SituationProperties.Title,ベルギア：主要な農業地区
SituationData,0x010000460001C985,Economy_Bergia_MajorAgriculturalZone,SituationProperties.Description,ソードランドによる投資がベルギア地方の経済を加速させ、同地域を主要な農業地帯へと変えつつある。成長するベルギアの経済は、ソードランドが農業分野を拡大し、経済的競争力を高めるための重要な機会となっている。
SituationData,0x010000460001C911,Economy_BusinessBailout,SituationProperties.Title,企業の救済
SituationData,0x010000460001C911,Economy_BusinessBailout,SituationProperties.Description,経済的に苦境に立たされている企業への政府の支援により、失業率が急激に悪化する傾向がわずかに安定した。依然として経済状況は厳しいままだが、政府による支援によって雇用への悪影響を緩和することができている。
SituationData,0x010000460001C979,Economy_CapitalWithdrawals,SituationProperties.Title,資本の引き揚げ
SituationData,0x010000460001C979,Economy_CapitalWithdrawals,SituationProperties.Description,ソードランドでは民間資本の大量な流出が起きており、最近の投資や雇用の安定、そして全体的な経済安定に大きな乱れをもたらしている。この資本の流出によって、失業や投資の減少を含むさらなる経済的困難が続く可能性がある。
SituationData,0x010000460001C909,Economy_Consistent,SituationProperties.Title,安定した経済
SituationData,0x010000460001C909,Economy_Consistent,SituationProperties.Description,我々の経済戦略は、持続可能な経済成長の促進、世界的な競争力の強化、そして投資や雇用創出のための新たな機会の創出を重視する、我々が推進している開発理念と密接に連動している。
SituationData,0x0100008E00008425,Economy_ConsumerManufacturing_Boom,SituationProperties.Title,消費財製造業の好況
SituationData,0x0100008E00008425,Economy_ConsumerManufacturing_Boom,SituationProperties.Description,消費財製造業は好調を維持しており、多くの雇用機会を生み出すと同時に国内生産の増加によって経済を活性化させている。この成長により地元で製造された商品へのアクセスが向上し、全体的な経済の回復力も高まった。
SituationData,0x0100008E000083F4,Economy_CorporateExploitation,SituationProperties.Title,企業による搾取
SituationData,0x0100008E000083F4,Economy_CorporateExploitation,SituationProperties.Description,"経済における企業の支配は大きな力の不均衡を生み出し、彼らが自分たちに有利なように市場状況を形作ることを可能にしている。

この影響力の集中は格差を悪化させ、公正な競争の機会を減少させ、民衆の間に広範な不満を招き、それがますます緊張を高めている。"
SituationData,0x010000460001C9A9,Economy_DebtCrisis,SituationProperties.Title,債務危機
SituationData,0x010000460001C9A9,Economy_DebtCrisis,SituationProperties.Description,ソードランドは、政府の無謀な支出と拡大する予算赤字により債務危機に直面している。この状況によって政府の負債が大幅に増加し、第三者の支援なしに国が借金を返済できるかどうかについて懸念が高まっている。これは、政府支出の削減を含む財政責任を促進する政策の必要性を浮き彫りにしている。
SituationData,0x010000460001C95D,Economy_DecreasedTrade,SituationProperties.Title,貿易量の減少
SituationData,0x010000460001C95D,Economy_DecreasedTrade,SituationProperties.Description,以前の政府による貿易関係強化の試みは失敗に終わり、不況の影響と相まって貿易量が大幅に減少した。この減少を引き起こしている根本的な問題に対処する有効な措置が講じられない限り、この国は引き続き経済的な困難に直面する可能性がある。
SituationData,0x010000C6000005AF,Economy_DiminishingOilIndustry,SituationProperties.Title,縮小する石油産業
SituationData,0x010000C6000005AF,Economy_DiminishingOilIndustry,SituationProperties.Description,かつて繁栄していたこの王国の油田は次第に枯渇しつつある。年々産出量が減少する井戸と、地元産業のエネルギー需要、そして隣国との拘束力の強い輸出協定が相まって、この産業分野は限界に追い込まれている。
SituationData,0x01000065000095E9,Economy_Diversification,SituationProperties.Title,経済の多角化
SituationData,0x01000065000095E9,Economy_Diversification,SituationProperties.Description,この国の経済は大きく多様化し、従来の産業構造にさまざまな分野が組み込まれている。この移行は先見的な動きであり、同国を革新と経済的回復力の面でリーダー的存在へと位置づけるものだ。
SituationData,0x010000460001C965,Economy_EmergencyFunds,SituationProperties.Title,緊急資金の取り崩し
SituationData,0x010000460001C965,Economy_EmergencyFunds,SituationProperties.Description,緊急資金のおかげで、我々の債務状況は大きく緩和された。残念ながら、市民の大多数はこの措置を快く思っておらず、予算支出における政権の無能さを非難している。また、政府高官の横領や汚職に関する陰謀論を唱える者もいる。
SituationData,0x0100006500009D0E,Economy_EnergyCrisis,SituationProperties.Title,エネルギー危機
SituationData,0x0100006500009D0E,Economy_EnergyCrisis,SituationProperties.Description,"この国は現在、深刻なエネルギー危機に直面している。この厳しい状況により、広範囲にわたる停電や工業生産の混乱、そして高まる国民の不満が生じている。

この危機は、枯渇した備蓄、インフラ上の問題、国際貿易上の困難といった様々な要因が重なって引き起こされている。

このエネルギー不足は、リジアの経済安定と生活水準にとって極めて重大な脅威であり、緊急かつ効果的な解決策が求められている。"
SituationData,0x0100008E00002733,Economy_EsqirisGasField_AverageExtractionVolume,SituationProperties.Title,エスキリス・ガス田：採掘量並
SituationData,0x0100008E00002733,Economy_EsqirisGasField_AverageExtractionVolume,SituationProperties.Description,エスキリスのガス田では絶え間ない活動が続き、リジアの産業が停滞することがないようにしている。不安定なエネルギー情勢の中でこの安定した生産量は、リジア石油ガス公社の誇りであり、国際的な貿易パートナーたちからも高く評価されている。
SituationData,0x0100006500009562,Economy_EsqirisGasField_HighExtractionVolume,SituationProperties.Title,エスキリス・ガス田：採掘量高
SituationData,0x0100006500009562,Economy_EsqirisGasField_HighExtractionVolume,SituationProperties.Description,エスキリス・ガス田では大量の採掘が行われており、国の工業分野やエネルギー分野を大きく強化している。この高い生産量は経済の安定を図るだけでなく、国際的なエネルギー市場におけるリジアの地位を向上させてもいる。
SituationData,0x010000460001C8FD,Economy_ExpensiveWorkersPayments,SituationProperties.Title,人件費の増加
SituationData,0x010000460001C8FD,Economy_ExpensiveWorkersPayments,SituationProperties.Description,ソードランドにおける労働権の拡大は企業に新たなコストをもたらし、雇用に関連する支出が増加している。これは公平で平等な労働環境を促進するという点では良い動きだが、企業の支出面において課題を生じさせる可能性もある。
SituationData,0x010000460001C97D,Economy_FinancialInvestment_Arcasia,SituationProperties.Title,アルカシアからの投資
SituationData,0x010000460001C97D,Economy_FinancialInvestment_Arcasia,SituationProperties.Description,多くのアルカシア企業が新たな支店を開設したり、既存事業を拡大したり、ソードランドに子会社を設立したりしており、我が国の経済を強化し、雇用機会やさらなる投資の場を生み出している。
SituationData,0x010000460001C981,Economy_FinancialInvestment_UC,SituationProperties.Title,コンタナ連邦からの投資
SituationData,0x010000460001C981,Economy_FinancialInvestment_UC,SituationProperties.Description,コンタナの国営企業の多くが新たな支店を開設したり、既存事業を拡大したり、ソードランドに子会社を設立したりしており、我が国の経済を強化し、雇用やさらなる投資の機会を生み出している。
SituationData,0x0100008E00002774,Economy_FootballTeams_Continental,SituationProperties.Title,大陸級のサッカーチーム
SituationData,0x0100008E00002774,Economy_FootballTeams_Continental,SituationProperties.Description,リジアのサッカークラブは急速に発展し、大陸中で高い評価を得ている。リジアのチームは常にこの地域の強豪チームと互角に戦い、スタジアムを満員にしながらフィールド上での優位性を示している。この国の若者たちはレアル・モンタクラルやFCポルテ・ドラゾンのユニフォームを着ることを夢見ている。
SituationData,0x01000065000095C5,Economy_FootballTeams_Regional,SituationProperties.Title,地域級のサッカーチーム
SituationData,0x01000065000095C5,Economy_FootballTeams_Regional,SituationProperties.Description,この国のサッカークラブはレベルが低下し、地域レベルでしか優れた成績を収められなくなっている。ファンたちはチームの実力低下を嘆き、リジアのサッカーが世界的な名声を失ったことで国の誇りも傷ついている。
SituationData,0x0100008E000026D9,Economy_GlobalEnergyPrice_Average,SituationProperties.Title,世界のエネルギー価格：並
SituationData,0x0100008E000026D9,Economy_GlobalEnergyPrice_Average,SituationProperties.Description,世界のエネルギー価格は適度な水準で安定している。リジアは依然としてエネルギー輸出によって利益を得ているが、その収入は過去の平均値と同じであり、国家経済に予測可能ではあるもののそれほど大きな刺激を与えない。しかし、この安定性により、政府でも民間企業でも経済状況を予測し計画を立てることが可能になっている。
SituationData,0x0100008E0000299C,Economy_GlobalEnergyPrice_High,SituationProperties.Title,世界のエネルギー価格：高
SituationData,0x0100008E0000299C,Economy_GlobalEnergyPrice_High,SituationProperties.Description,現在の高騰する世界のエネルギー価格はリジアに有利であり、同国の輸出収入を増加させている。この好都合な市場状況によって国家の経済的地位が強化され、財政面での柔軟性も高まっている。国内のエネルギー企業はその恩恵を受けており、それによって地域内の投資や雇用機会が増加する可能性がある。
SituationData,0x0100008E000029A1,Economy_GlobalEnergyPrice_Low,SituationProperties.Title,世界のエネルギー価格：低
SituationData,0x0100008E000029A1,Economy_GlobalEnergyPrice_Low,SituationProperties.Description,世界のエネルギー市場は低迷しており、価格が大幅に下落している。主要なエネルギー輸出国であるリジアは輸出収入の減少に直面しており、これが国家予算や経済の安定性を圧迫する可能性がある。このような状況は、経済の多様化や代替的な収益源の探求へのプレッシャーをさらに高めている。
SituationData,0x010000460001C8F5,Economy_GlobalTradeWar,SituationProperties.Title,世界的な貿易戦争
SituationData,0x010000460001C8F5,Economy_GlobalTradeWar,SituationProperties.Description,超大国同士の対立が経済戦争を引き起こし、制裁や禁輸措置によって世界の貿易が乱れている。この経済戦争の根本的な原因に対処する有効な手段がない限り、影響を受けた国では投資家の信頼が低下し、雇用が失われ、経済成長も鈍化する可能性がある。
SituationData,0x0100006500004FDD,Economy_Gruni_LaggingBehind,SituationProperties.Title,グルニ：発展の遅れ
SituationData,0x0100006500004FDD,Economy_Gruni_LaggingBehind,SituationProperties.Description,グルニは肥沃な土地と活気に満ちた経済を持っているにもかかわらず、持続的な投資の不足により景気後退に直面している。その結果、犯罪率、失業率、ホームレスの数が増加するという現象が見られる。こうした問題は同地域の住民に深刻な影響を与えており、彼らの生活の質や必要なサービスへのアクセスに大きな障害となっている。
SituationData,0x0100006500004FCF,Economy_Gruni_LightTowerRegion,SituationProperties.Title,グルニ：成功の灯台
SituationData,0x0100006500004FCF,Economy_Gruni_LightTowerRegion,SituationProperties.Description,適切な投資によって後押しされ、グルニでは経済的発展が急激に進んでいる。ブドウ園や観光、重要な港湾で知られるこの地域は、ソードランドにおける貿易・商業の中核地帯へと変貌しつつある。企業や投資家たちは、グルニの成長潜在力と経済的活力をますます認識するようになっている。
SituationData,0x0100006500004FD6,Economy_Gruni_MaintainingGrowth,SituationProperties.Title,グルニ：成長をかろうじて維持
SituationData,0x0100006500004FD6,Economy_Gruni_MaintainingGrowth,SituationProperties.Description,グルニでは一連の努力や戦略的投資が行われているにもかかわらず、経済状況はごくわずかな安定しか見せていない。肥沃なブドウ畑と重要な輸出産業で知られるこの地域は、その成長潜在力に影響を与える深刻な経済的課題に直面している。
SituationData,0x010000460001C925,Economy_HighEmployment,SituationProperties.Title,高い雇用
SituationData,0x010000460001C925,Economy_HighEmployment,SituationProperties.Description,最近、ソードランドへの投資が成功を収めたことで何千もの雇用機会が創出され、失業率が大幅に低下した。この状況は、企業や起業家を支援する措置を含む、投資と雇用創出を促進する効果的な政策の重要性を浮き彫りにしている。
SituationData,0x010000460001C905,Economy_ImprovedTransportation,SituationProperties.Title,交通網の改善
SituationData,0x010000460001C905,Economy_ImprovedTransportation,SituationProperties.Description,政府による大規模なインフラ投資により、ソードランドの交通網が全面的に刷新された。重要なインフラ投資には、近代的で効率的な交通システムの整備を支援するための措置も含まれていた。
SituationData,0x010000460001C971,Economy_IncreasedTrade,SituationProperties.Title,貿易量の増加
SituationData,0x010000460001C971,Economy_IncreasedTrade,SituationProperties.Description,新たな成功した貿易協定により、ソードランドとその周辺地域間の取引商品量が増加している。貿易の拡大は経済成長や発展に大きな好影響をもたらし、投資の増加、雇用創出、そして商品やサービスへのアクセス向上を促進する。
SituationData,0x010000460001C929,Economy_LargeBusiness_CreateJobs,SituationProperties.Title,雇用を生む大企業
SituationData,0x010000460001C929,Economy_LargeBusiness_CreateJobs,SituationProperties.Description,我々の税制優遇策のおかげで、大手企業がソードランドの住民たちのためにより多くの職位を創出し、雇用機会を提供している。雇用機会の増加は経済成長と発展に大きな好影響をもたらし、投資の拡大や雇用創出、さらには商品やサービスへのアクセス向上を促進している。
SituationData,0x010000460001C92D,Economy_LargeBusiness_Downsize,SituationProperties.Title,大企業の人員削減
SituationData,0x010000460001C92D,Economy_LargeBusiness_Downsize,SituationProperties.Description,税金の引き上げにより、ソードランドの大手企業は人員削減を行い、従業員数を減らしている。その結果、多くの人々が職を失い、失業者が急増している。このような雇用状況の悪化は経済成長や発展に悪影響を及ぼし、投資が減少し、商品やサービスへのアクセスが制限され、地域社会にも被害が出ている。
SituationData,0x010000650000BA58,Economy_LesPower_CheapPrices,SituationProperties.Title,レスパワーからの安価なガス輸入
SituationData,0x010000650000BA58,Economy_LesPower_CheapPrices,SituationProperties.Description,レスピアの企業であるレスパワーとの貿易協定により、ガスの輸入コストが低下した。この変化は国家予算やエネルギー消費量に好影響を与えるが、利益を最大限に引き出すためには戦略的な運営が求められる。
SituationData,0x010000650000BA62,Economy_LesPower_HighPrices,SituationProperties.Title,レスパワーからの高価なガス輸入
SituationData,0x010000650000BA62,Economy_LesPower_HighPrices,SituationProperties.Description,最近、レスピアのエネルギー企業レスパワーとの貿易協定により、ガスの輸入価格が上昇した。合意された値上げは経済や日常生活に負担をもたらし、エネルギー戦略および消費の見直しが必要となっている。
SituationData,0x0100008E00002762,Economy_LocalCoalExtraction_Average,SituationProperties.Title,平均的な国内石炭採掘
SituationData,0x0100008E00002762,Economy_LocalCoalExtraction_Average,SituationProperties.Description,リジア全土の炭鉱は着実に稼働を続け、同国の工業的需要を満たしている。世界中で天然ガスやその他のエネルギー源への移行が進む中でも、リジアの産業の中心部では依然として石炭への依存が続いている。環境保護活動家たちは持続可能な代替エネルギーへの転換を求め、懸念の声を上げている。
SituationData,0x01000065000095FB,Economy_LocalCoalExtraction_High,SituationProperties.Title,高水準の国内石炭採掘
SituationData,0x01000065000095FB,Economy_LocalCoalExtraction_High,SituationProperties.Description,国内の炭鉱は高い効率で稼働し、同国の工業的ニーズを満たすだけでなくそれを上回っている。これにより工業分野が活性化する一方で、環境問題も浮上しており、経済的利益と生態学的責任とのバランスを取る必要性が浮き彫りになっている。
SituationData,0x0100008E00002768,Economy_LocalGoldExtraction_Average,SituationProperties.Title,平均的な国内金採掘
SituationData,0x0100008E00002768,Economy_LocalGoldExtraction_Average,SituationProperties.Description,金鉱脈からは引き続き安定した量の金が産出されており、それによって経済の基盤が強化され、世界市場において重要な地位を確保している。金融アナリストたちは今後の動向を注視しながら分析を進めている。
SituationData,0x01000065000095F2,Economy_LocalGoldExtraction_High,SituationProperties.Title,高水準の国内金採掘
SituationData,0x01000065000095F2,Economy_LocalGoldExtraction_High,SituationProperties.Description,金鉱業では生産量が急増し、国の経済基盤が強化されている。この金生産の増加により、リジアの世界市場における影響力が高まり、金融の安定性も向上している。
SituationData,0x010000460001C995,Economy_Lorren_EconomicStabilisation,SituationProperties.Title,ローレン：経済が安定化
SituationData,0x010000460001C995,Economy_Lorren_EconomicStabilisation,SituationProperties.Description,ローレン地方は、我々が同地域に行った投資のおかげで経済が安定し始めている。しかし、こうした努力にもかかわらず、依然として深刻な経済的課題に直面しており、それが発展を妨げている。
SituationData,0x010000460001C991,Economy_Lorren_ProductionAndTradeCenter,SituationProperties.Title,ローレン：生産とエネルギーの主要拠点
SituationData,0x010000460001C991,Economy_Lorren_ProductionAndTradeCenter,SituationProperties.Description,ローレン地方は、我々が同地域に行った投資のおかげで急速な経済成長を遂げている。この地方はソードランドにおける貿易・生産・エネルギー分野の主要なハブとなり、多くの企業や投資家がその成長・発展の可能性に注目している。
SituationData,0x010000460001C999,Economy_Lorren_RustBelt,SituationProperties.Title,ローレン：錆びついた工業地帯
SituationData,0x010000460001C999,Economy_Lorren_RustBelt,SituationProperties.Description,この地域の経済は投資不足により急速に衰退している。その結果、犯罪やホームレス、失業が増加している。こうした問題は地域住民に大きな影響を与えており、多くの人々が生計を立てたり基本的なサービスを利用したりするのに苦労している。
SituationData,0x010000460001C8F1,Economy_LuxuryPriceIncreased,SituationProperties.Title,奢侈品の価格上昇
SituationData,0x010000460001C8F1,Economy_LuxuryPriceIncreased,SituationProperties.Description,最近可決された高級品税は、富裕層とその過度な消費習慣を標的に導入されたものである。その結果、ソードランド全土において宝石や毛皮、スポーツカー、ヨット、プライベートジェットといった高級品の価格が大幅に上昇した。
SituationData,0x010000460001C8ED,Economy_MarketsCrash,SituationProperties.Title,暗黒の火曜日の大暴落
SituationData,0x010000460001C8ED,Economy_MarketsCrash,SituationProperties.Description,ソードランドの金融制度は、通貨暴落とそれに伴う経済的混乱により大規模な崩壊を遂げた。これにより同国の経済や国民に深刻な影響が及び、多くの人々が失業や貧困、その他の苦難に直面している。
SituationData,0x010000460001C961,Economy_MFILoans,SituationProperties.Title,国際MFI融資
SituationData,0x010000460001C961,Economy_MFILoans,SituationProperties.Description,ソードランドは最近、世界的な機関であるMFIから多額の資金を調達し、それによって同国の中央銀行の負債を減らすことができた。これによりある程度の緩和が見られたものの、多くの国民は外部からの資金援助を受け入れることがもたらす影響や、国の世界的な影響力に与える可能性のある影響を懸念している。
SituationData,0x0100008E0000273A,Economy_MITZ_HighResourceOutput,SituationProperties.Title,MITZ：資源産出高
SituationData,0x0100008E0000273A,Economy_MITZ_HighResourceOutput,SituationProperties.Description,メフティエム国際貿易区では資源の豊富さにより経済が繁栄している。加盟国が恩恵を受ける中、リジアはこの好景気を先導する立場にある。経済学者たちは、当面の間引き続き堅調な発展が続くと予測している。
SituationData,0x0100006500009586,Economy_MITZ_LowResourceOutput,SituationProperties.Title,MITZ：資源産出低
SituationData,0x0100006500009586,Economy_MITZ_LowResourceOutput,SituationProperties.Description,メフティエム国際貿易区は資源の生産量が少ないという問題に直面しており、それが経済の発展勢いに悪影響を与えている。この成長の鈍化に対処するため、貿易を活性化させ、世界経済における我々の地位を守るための戦略的な調整が必要である。
SituationData,0x010000650000957D,Economy_MITZ_MediumResourceOutput,SituationProperties.Title,MITZ：資源産出中
SituationData,0x010000650000957D,Economy_MITZ_MediumResourceOutput,SituationProperties.Description,メフティエム国際貿易区では適度な量の資源が生産され、着実な経済成長に寄与している。このバランスの取れた状況は、地域貿易における我々の重要な役割を示しており、国際市場においても堅固な地位を維持している。
SituationData,0x0100006500009E5E,Economy_MITZ_StricterRegulations,SituationProperties.Title,MITZにおける規制の強化
SituationData,0x0100006500009E5E,Economy_MITZ_StricterRegulations,SituationProperties.Description,メフティエム国際貿易区では、労働者向けの新たな規制が導入されることで様々な課題に直面している。労働団体からは歓迎されているものの、追加された官僚手続きのせいで業務の効率が低下し、生産量が減少する結果となっている。
SituationData,0x010000460001C941,Economy_MonetaryInaction,SituationProperties.Title,金融政策の不作為
SituationData,0x010000460001C941,Economy_MonetaryInaction,SituationProperties.Description,必要な刺激策の資金がないため、多くの家庭や企業が破産申請を行っている。その結果、商品やサービスが減少し、失業率が上昇している。このような状況から、全国における投資や貯蓄も驚異的な速度で減少している。
SituationData,0x0100006500009616,Economy_NelvisarOilField_Depleted,SituationProperties.Title,ネルヴィサル油田：枯渇
SituationData,0x0100006500009616,Economy_NelvisarOilField_Depleted,SituationProperties.Description,ネルヴィサルの油田では生産量が著しく減少しており、枯渇段階に入っていることを示している。この石油生産の低下はエネルギー分野や全体の経済にとって大きな懸念材料となっており、投資家の信頼感や市場の安定性が危うくなっている。
SituationData,0x0100008E0000272C,Economy_NelvisarOilField_LowExtractionVolume,SituationProperties.Title,ネルヴィサル油田：採掘量低
SituationData,0x0100008E0000272C,Economy_NelvisarOilField_LowExtractionVolume,SituationProperties.Description,世界的なエネルギー需要の高まりの中で、ネルヴィサル油田の生産量は不足しており、これがリジアのエネルギー業界に警鐘を鳴らしている。根本的な原因を突き止め、迅速に対応することが、経済的な悪影響を防ぐために不可欠だ。投資家たちは好転の兆しを待ちながら、状況を注視している。
SituationData,0x010000650000960D,Economy_NewBusiness_Collapse,SituationProperties.Title,新規開業の激減
SituationData,0x010000650000960D,Economy_NewBusiness_Collapse,SituationProperties.Description,リジアでは新規事業の登録数が急激に減少しており、起業活動の低迷が深刻化していることを示している。この傾向は経済の停滞を招く危険性があり、革新精神と事業成長の勢いを取り戻すための即時的な対策が求められている。
SituationData,0x0100008E0000277C,Economy_NewBusiness_Reduction,SituationProperties.Title,新規開業の減少
SituationData,0x0100008E0000277C,Economy_NewBusiness_Reduction,SituationProperties.Description,リジアの起業環境には憂慮すべき停滞が広がっており、新規事業の登録数が減少している。潜在的な革新者たちが躊躇する中、経済は停滞する危機に直面しており、急ぎ根本的な検討が求められている。分析家たちは根本的な原因を突き止めるため詳細な調査を行い、対策を提案している。
SituationData,0x0100006500009604,Economy_NewBusiness_Rise,SituationProperties.Title,新規開業の急増
SituationData,0x0100006500009604,Economy_NewBusiness_Rise,SituationProperties.Description,新規事業登録数の急増は、この国の起業環境が活気に満ちていることを示している。この増加傾向は健全な経済状況を反映しており、イノベーションを促進し全体的な経済の強化に寄与している。
SituationData,0x0100008E00008A43,Economy_NewBusiness_SlowGrowth,SituationProperties.Title,新規開業の伸び悩み
SituationData,0x0100008E00008A43,Economy_NewBusiness_SlowGrowth,SituationProperties.Description,事業環境では新規事業登録数が着実に増加しており、起業家精神がわずかながらも好調であることを示している。この傾向は長期的に見て経済を改善する可能性があり、現時点では革新と事業成長の勢いを維持している。
SituationData,0x010000460001C951,Economy_PandemicFallout,SituationProperties.Title,大流行の余波
SituationData,0x010000460001C951,Economy_PandemicFallout,SituationProperties.Description,ベルギア周辺地域でポリオが急速に拡大しており、地元当局はそのさらなる蔓延を防ぐために対策を講じている。感染地域では市長たちが感染拡大を抑えるためにロックダウン措置を実施しており、これによって短期的な経済的影響が生じる可能性がある。
SituationData,0x0100008E00008413,Economy_PDStockExchange_Balanced,SituationProperties.Title,均衡のとれた株式市場の影響力
SituationData,0x0100008E00008413,Economy_PDStockExchange_Balanced,SituationProperties.Description,証券取引所は、拡大しつつも慎重な姿勢を見せる国際的な関与の動向を反映している。一部の外交関係の強化が投資家の関心を高めているものの、市場は依然として国際情勢の変動に影響されやすく、そのため緩やかで予測不可能な推移を示している。
SituationData,0x0100008E0000841C,Economy_PDStockExchange_Thriving,SituationProperties.Title,世界的影響力を持つ活況の株式市場
SituationData,0x0100008E0000841C,Economy_PDStockExchange_Thriving,SituationProperties.Description,強固な外交関係と安定した国際情勢により証券取引所が活性化し、地域的・海外からの投資のハブとなった。その結果、経済発展の恩恵がもたらされ、新規企業が次々と進出し、国内全体で広範な成長が促進された。
SituationData,0x0100008E0000840A,Economy_PDStockExchange_Weak,SituationProperties.Title,脆弱な株式市場
SituationData,0x0100008E0000840A,Economy_PDStockExchange_Weak,SituationProperties.Description,不安定な外交関係や変動する国際情勢の影響で証券取引所は苦境に立たされている。この国の世界的地位が不確かであることから投資家の信頼が低下し、市場は極めて不安定になり、外部の混乱に容易く影響されるようになっている。
SituationData,0x010000C60000057F,Economy_PharmaIndustry_Advanced,SituationProperties.Title,医薬品価格の引き下げ
SituationData,0x010000C60000057F,Economy_PharmaIndustry_Advanced,SituationProperties.Description,国内の製薬産業が発展したことで生産コストが低下し、国家はより安価な値段で医薬品を調達できるようになった。現在、病院や診療所には必要な薬剤がより十分に備蓄され、公衆衛生の水準が向上している。
SituationData,0x010000650000DFF3,Economy_PharmaIndustry_Growing,SituationProperties.Title,成長する製薬産業
SituationData,0x010000650000DFF3,Economy_PharmaIndustry_Growing,SituationProperties.Description,国家の後押しによる取り組みが地元の製薬業界の発展を促し、新たな生産施設や研究拠点が誕生している。着実な進歩は見られるものの、この業界は依然として国内の医療需要を満たすために輸入品に頼っている。
SituationData,0x0100008E000083E9,Economy_PharmaIndustry_Reliant,SituationProperties.Title,外国製医薬品への依存
SituationData,0x0100008E000083E9,Economy_PharmaIndustry_Reliant,SituationProperties.Description,国内の製薬業界は依然として輸入された原材料や専門知識に依存している。このような依存状態により、国は世界市場の変動に弱くなり、物価の上昇や不足が生じている。
SituationData,0x010000460001C969,Economy_PrintMoney,SituationProperties.Title,中央銀行による紙幣増発
SituationData,0x010000460001C969,Economy_PrintMoney,SituationProperties.Description,中央銀行が何百万ものソードランド・レンを発行するという決定により、短期的には政府の予算が大幅に拡大した。しかし、この措置は急進派や経済専門家を含む大多数の市民から反対の声が上がっている。権力の乱用やインフレが経済に与える長期的な影響への懸念も示されている。
SituationData,0x010000460001C955,Economy_PrivateSector_Expanded,SituationProperties.Title,民間部門の拡大
SituationData,0x010000460001C955,Economy_PrivateSector_Expanded,SituationProperties.Description,民間部門を活性化し競争を促進するため、政府は国有企業の持分を売却した。この措置により民間投資が増え、市場の効率性も向上した。しかし一方で、政府の統制力が失われ、民間企業による搾取が起こるのではないかという懸念も生じている。
SituationData,0x0100008E000083D8,Economy_PrivatizationLow,SituationProperties.Title,王室と貴族による経済支配
SituationData,0x0100008E000083D8,Economy_PrivatizationLow,SituationProperties.Description,この国の経済は主に王室と3つの有力貴族家によって支配されており、封建的な経済構造が維持されている。一般市民や小規模企業の機会が欠如しているため、不平等が拡大し、権力が固定化している。
SituationData,0x010000650000DFEA,Economy_PrivatizationWave,SituationProperties.Title,民間企業の台頭
SituationData,0x010000650000DFEA,Economy_PrivatizationWave,SituationProperties.Description,民営化改革が導入されるにつれて、企業や私的団体が特定の経済分野で影響力を持つようになる。貴族が所有する資源と新興企業間の競争とのバランスにより、市場の流動性や革新、経済成長が促進されるが、同時に伝統的な権力構造が崩壊する恐れも生じている。
SituationData,0x01000065000071E8,Economy_ProductionCapacity_Average,SituationProperties.Title,平均的な工業生産能力
SituationData,0x01000065000071E8,Economy_ProductionCapacity_Average,SituationProperties.Description,製造業界は緩やかなペースで推移しており、一部の生産施設では最大能力に達していない状態で稼働している。この平凡な業績は市場にも影響を及ぼし、国内需要と国際的な需要の両方を満たすことについて懸念が生じている。深刻な状況ではないものの、雇用の安定から輸出注文の履行に至るまで、様々な面に影響を与えている。
SituationData,0x01000065000071DF,Economy_ProductionCapacity_High,SituationProperties.Title,高い工業生産能力
SituationData,0x01000065000071DF,Economy_ProductionCapacity_High,SituationProperties.Description,製造業界は好調を維持しており、国内外の需要に応えるために生産施設が最大限に稼働している。この活況は雇用の安定や輸出の増加など、広範囲にわたる良い影響をもたらしている。しかし、活動の活発化によりエネルギー消費量も大幅に上昇し、慎重な資源管理の必要性が浮き彫りになっている。
SituationData,0x0100008E00002784,Economy_ProductionCapacity_Low,SituationProperties.Title,低い生産能力
SituationData,0x0100008E00002784,Economy_ProductionCapacity_Low,SituationProperties.Description,リジアの製造活動の勢いは鈍化し、生産施設も最大限に稼働していない。市場で明らかになっているこの減速は、国内および国際的な需要を満たすことへの懸念を高めている。雇用の安定から輸出約束に至るまで、波及効果が現れている。
SituationData,0x010000460001C94D,Economy_ProductionIncreased,SituationProperties.Title,生産の増加
SituationData,0x010000460001C94D,Economy_ProductionIncreased,SituationProperties.Description,生産に重点を置いた新たな投資のおかげで、ソードランドの経済成長は大幅に加速した。この投資は国内全体に波及効果をもたらし、様々な産業や分野における生産量の増加を招いた。こうした動きにより、競争と革新がさらに促進された。
SituationData,0x010000460001C949,Economy_ProductionStagnation,SituationProperties.Title,生産の停滞
SituationData,0x010000460001C949,Economy_ProductionStagnation,SituationProperties.Description,経済政策の不適切な運営と方向性の欠如、加えて景気後退により、商品の生産が停滞している。その結果、高い失業率と企業の投資減少に見舞われ、同国の経済は回復するのに苦労している。
SituationData,0x01000065000095D7,Economy_ProvincialTaxes_Avoided,SituationProperties.Title,州税の納付回避
SituationData,0x01000065000095D7,Economy_ProvincialTaxes_Avoided,SituationProperties.Description,ブレナス、ヴァレンキリス、カルデス＝モンタクラルにおける深刻な脱税行為は、リジアの財政状況に大きな脅威をもたらしている。このような広範囲にわたる税回避は国の予算に影響を与えており、州間の連携が極めて重要であることを示している。
SituationData,0x01000065000095CE,Economy_ProvincialTaxes_FullyPaid,SituationProperties.Title,州税の全額納付
SituationData,0x01000065000095CE,Economy_ProvincialTaxes_FullyPaid,SituationProperties.Description,ブレナス、ヴァレンキリス、カルデス＝モンタクラルは税金の完全な履行を含む模範的な財政規律を示している。この責任ある財務運営により国家財政が大きく強化されており、これはこれらの地域がリジアの経済安定に対して強い決意を持っていることを示している。
SituationData,0x0100008E0000276E,Economy_ProvincialTaxes_MostlyPaid,SituationProperties.Title,州税の大部分が納付
SituationData,0x0100008E0000276E,Economy_ProvincialTaxes_MostlyPaid,SituationProperties.Description,ブレナス、ヴァレンキリス、カルデス＝モンタクラルといった地域の主要経済圏は、納税を通じて財政的責任を大きく担っている。しかし国庫は、これらの納付において遅延や誤差などの不規則性があると報告しており、それが国家の財務計画や予算の安定性に問題をもたらしている。
SituationData,0x010000460001C96D,Economy_RecoveredTrade,SituationProperties.Title,貿易量の回復
SituationData,0x010000460001C96D,Economy_RecoveredTrade,SituationProperties.Description,ソードランドによる最近の外交努力により、重要な貿易相手国と包括的な貿易協定が無事締結され、貿易量が著しく回復した。この動きは経済に好影響をもたらし、貿易の拡大によって新たな雇用が創出され、全体的な経済活動が活性化した。
SituationData,0x010000C60000056D,Economy_RenewablesIndustry,SituationProperties.Title,再生可能エネルギー産業
SituationData,0x010000C60000056D,Economy_RenewablesIndustry,SituationProperties.Description,リジアにおける再生可能エネルギー分野への投資が着実な進展をもたらしている。風力や水力発電を中心とした新しい施設が稼働し、雇用を創出し、経済成長を促進すると同時に、従来のエネルギー源への依存度を低下させている。
SituationData,0x0100008E0000275C,Economy_Rigid,SituationProperties.Title,硬直したエネルギー経済
SituationData,0x0100008E0000275C,Economy_Rigid,SituationProperties.Description,伝統に囚われたため、この国の経済は多様化を拒んでいる。安定が続く中でも、石油やガス、金といった資源への過度な依存を警戒する声がある。今、この国は革新を図るか、既存のやり方を維持し続けるかという分岐点に立たされている。
SituationData,0x01000065000098BB,Economy_RRG_StateOwns100,SituationProperties.Title,RRG：国家保有100％
SituationData,0x01000065000098BB,Economy_RRG_StateOwns100,SituationProperties.Description,リジア王室金鉱の国有化により、同鉱山は完全に国家の管理下に置かれる。この完全な所有権によって政府は金鉱業を直接統制でき、それを国内の経済戦略や利益と密接に結びつけることが可能になる。
SituationData,0x0100006500009598,Economy_RRG_StateOwns15,SituationProperties.Title,RRG：国家保有15％
SituationData,0x0100006500009598,Economy_RRG_StateOwns15,SituationProperties.Description,国家が保有するリジア王室金鉱の15％という出資比率はわずかなものだが、戦略的な位置づけを保っている。この出資により政府は同社の方針決定に影響力を持つことができ、ある程度、その事業運営が国家全体の経済目標と一致するようにしている。
SituationData,0x0100008E00002744,Economy_RRG_StateOwns30,SituationProperties.Title,RRG：国家保有30％
SituationData,0x0100008E00002744,Economy_RRG_StateOwns30,SituationProperties.Description,国家はリジア王室金鉱の30％の株式を保有しており、同社に対して大きな影響力を持っている。このような支配水準により、主として民間が所有する構造の中でも、国家の経済的優先事項がRRGの運営に反映されることが保証されている。
SituationData,0x010000650000958F,Economy_RRG_StateOwns45,SituationProperties.Title,RRG：国家保有45％
SituationData,0x010000650000958F,Economy_RRG_StateOwns45,SituationProperties.Description,45％の持分を有しているため、この国家はリジア王室金鉱における支配的な少数株主となっている。この大きな所有権により、企業の運営において国家の利益が適切に反映され、民間企業と政府の影響力がバランスを保たれている。
SituationData,0x010000650000956B,Economy_SelfSufficiency_Dependant,SituationProperties.Title,依存型経済
SituationData,0x010000650000956B,Economy_SelfSufficiency_Dependant,SituationProperties.Description,この国の経済は、生活必需品を輸入に大きく依存しているため、懸念すべき状況にある。このような依存度の高さから、より自立した未来を築くために貿易や政策面で戦略的な転換が必要であることが浮き彫りになっている。
SituationData,0x0100006500009574,Economy_SelfSufficiency_Mostly,SituationProperties.Title,ほぼ自給自足の経済
SituationData,0x0100006500009574,Economy_SelfSufficiency_Mostly,SituationProperties.Description,高度な自給自足を達成したため、この国の経済は現在、必要な物資のほとんどを国内で生産している。この独立性は強力な貿易政策と回復力のある経済構造によって支えられており、外国からの輸入への依存度を低減させている。
SituationData,0x0100008E0000278C,Economy_SelfSufficiency_Partial,SituationProperties.Title,部分的に自給自足の経済
SituationData,0x0100008E0000278C,Economy_SelfSufficiency_Partial,SituationProperties.Description,リジアの経済基盤は部分的な自給自足を実現している。国内で必要量のかなりの部分が生産されているものの、特定の商品については依然として輸入が必要である。リジアの貿易政策の変遷は、より強靭な経済の未来へと向かっていることを示している。
SituationData,0x010000460001C931,Economy_SmallBusiness_Growth,SituationProperties.Title,成長する小規模事業
SituationData,0x010000460001C931,Economy_SmallBusiness_Growth,SituationProperties.Description,最近の税制優遇措置により小規模企業の成長が急増し、ソードランド全土で雇用機会が増加した。この経済的刺激は、苦境にある同国の雇用市場に必要不可欠な後押しを与え、持続可能な経済成長の促進にも寄与した。
SituationData,0x010000460001C935,Economy_SmallBusiness_Stagnate,SituationProperties.Title,停滞する小規模事業
SituationData,0x010000460001C935,Economy_SmallBusiness_Stagnate,SituationProperties.Description,ソードランドにおける税金の引き上げは中小企業に大きな財政的負担をもたらし、事業の停滞や廃業につながっている。その結果、多くの家族が住居や仕事を失い、経済も悪化している。さらに、事業運営コストの上昇により提供される商品やサービスの質も低下している。
SituationData,0x01000065000073AE,Economy_Sordland_ResortInvestments,SituationProperties.Title,ソードランドHOSリゾート協定
SituationData,0x01000065000073AE,Economy_Sordland_ResortInvestments,SituationProperties.Description,ソードランド人の実業家マルセル・コロンティとの間でヴァレンキリスに高級リゾートを建設することに関する合意は、両国間の重要な提携事例となっている。観光業や経済的恩恵がもたらされると期待されているものの、地元住民はこの新しい開発を侵略行為だと見なしている。
SituationData,0x010000460001C959,Economy_StateSector_Expanded,SituationProperties.Title,国家統制の拡大
SituationData,0x010000460001C959,Economy_StateSector_Expanded,SituationProperties.Description,国家の統制を強化するため、政府は一部の民間企業を国有化するという決定を下した。こうした企業を掌握することで、政府は資源をより効率的かつ戦略的に配分できるようになり、それが経済に影響を与えることになる。
SituationData,0x010000C600000576,Economy_SteelIndustry,SituationProperties.Title,高度な鉄鋼産業
SituationData,0x010000C600000576,Economy_SteelIndustry,SituationProperties.Description,成長を続ける鉄鋼業界により、高度な生産施設が増えている。こうした投資は工業基盤を強化し、技術進歩を支え、新たな雇用機会も創出している。鉄鋼製造の発展は、王国全体の経済的安定とインフラ整備に直接的に寄与している。
SituationData,0x010000460001C915,Economy_StimulusCheques,SituationProperties.Title,景気刺激給付金の支給
SituationData,0x010000460001C915,Economy_StimulusCheques,SituationProperties.Description,政府による困窮している市民への経済支援チェックの支給は、多くの苦境に立つ家族にとって重要な命綱となり、食料や家賃といった生活必需品を購入するのに役立っている。この救済措置はソードランド全土の何百万人もの人々に良い影響を与え、彼らが日々の生活を維持するために必要な経済的支援を提供している。
SituationData,0x010000C6000005B8,Economy_SurvivingOilIndustry,SituationProperties.Title,持ちこたえる石油産業
SituationData,0x010000C6000005B8,Economy_SurvivingOilIndustry,SituationProperties.Description,最近の投資により低迷していた石油産業が活性化し、生産量が増加して市場を安定させることができた。この王国は依然として国内のエネルギー需要をすべて満たすという長期的な課題に直面しているが、こうした取り組みによって重要な余裕が生まれている。現時点では輸出の約束は維持されており、エネルギー不足も回避されている。
SituationData,0x010000460001C93D,Economy_TaxAvoidance,SituationProperties.Title,租税回避
SituationData,0x010000460001C93D,Economy_TaxAvoidance,SituationProperties.Description,この国では社会のさまざまな層における税逃れ問題に対処するための措置が講じられているが、依然として重大な問題であり続けている。税回避の水準を下げる上で進展は見られているものの、個人や企業による税逃れが続く分野は多く存在し、それによって政府の収入が減少している。
SituationData,0x010000460001C945,Economy_TaxEfficientEconomy,SituationProperties.Title,税制効率の高い経済
SituationData,0x010000460001C945,Economy_TaxEfficientEconomy,SituationProperties.Description,実施された税制改革と納税申告制度の導入により、ソードランドの市民たちの納税に対する考え方に大きな変化がもたらされた。税務手続きをより透明かつ効率的なものにしたことで、政府はこれまで納税を怠っていた多くの市民に納税を促すことに成功した。
SituationData,0x010000460001C939,Economy_TaxEvasion,SituationProperties.Title,脱税
SituationData,0x010000460001C939,Economy_TaxEvasion,SituationProperties.Description,政府は、有力企業や一般民衆の中に深刻な脱税行為が行われていることに気付いている。すべての市民にとって公平で安定した税制を確保するために、対処すべき憂慮すべき問題である。
SituationData,0x010000650000DE53,Economy_TimberAvailability_Cheap,SituationProperties.Title,木材価格の引き下げ
SituationData,0x010000650000DE53,Economy_TimberAvailability_Cheap,SituationProperties.Description,政府による林業分野拡大への投資により供給量が急増し、木材価格は大幅に下落した。建設会社はコスト削減の恩恵を受け、より手頃な価格の住宅プロジェクトを実現できるようになった。
SituationData,0x0100008E000083E0,Economy_TimberAvailability_Expensive,SituationProperties.Title,木材不足による費用の上昇
SituationData,0x0100008E000083E0,Economy_TimberAvailability_Expensive,SituationProperties.Description,拡大が限られている上に世界的な需要の増加により、リジア全土で木材価格が急騰している。地元の建設会社や家具メーカーはコスト上昇に直面し、その結果住宅や商品の価格も高騰している。
SituationData,0x010000C7000004F0,Economy_TimberAvailability_Medium,SituationProperties.Title,木材供給の逼迫
SituationData,0x010000C7000004F0,Economy_TimberAvailability_Medium,SituationProperties.Description,最近の投資があったにもかかわらず、現地の木材産業は依然として国内需要を満たすことができていない。建設会社や家具メーカーは原材料の不足や非効率的な輸送ルートを理由に工事の遅れが生じていると報告している。
SituationData,0x010000650000507A,Economy_Tourism_AverageLevels,SituationProperties.Title,平均的な活況の観光産業
SituationData,0x010000650000507A,Economy_Tourism_AverageLevels,SituationProperties.Description,ソードランド全土において、観光業は安定した成績を示しており、平均的な活動水準で推移している。我が国の様々な観光名所を訪れる観光客が絶え間なく訪れている状況は予想された傾向と一致しており、ソードランドが持つ多様な文化的・自然的遺産が着実に魅力を保っていることを示している。
SituationData,0x0100006500005073,Economy_Tourism_Booming,SituationProperties.Title,全国的に活況の観光産業
SituationData,0x0100006500005073,Economy_Tourism_Booming,SituationProperties.Description,ソードランドでは全国規模で観光業が盛況を極めている。活気に満ちた都市や歴史的な名所、そして壮絶な景観を見ようと訪れる観光客の数が増え続けており、観光産業は大いに発展し、我が国の経済や国際的な地位に大きく貢献している。
SituationData,0x0100006500005081,Economy_Tourism_Declining,SituationProperties.Title,大きく衰退する観光産業
SituationData,0x0100006500005081,Economy_Tourism_Declining,SituationProperties.Description,ソードランドでは現在、観光業が著しく衰退している。国内の観光地を訪れる人々の数が減少しており、それが地域経済や国家全体の財政状況に大きな影響を与えているため、即時の対応と戦略的な計画立案が急務である。
SituationData,0x0100008E00002754,Economy_TouristDestination_Global,SituationProperties.Title,世界的な観光地
SituationData,0x0100008E00002754,Economy_TouristDestination_Global,SituationProperties.Description,霧に覆われた山々から日当たりの良い海岸まで、リジアは世界で最も注目されている新しい観光地となっている。国際的な賞賛が次々と寄せられる中、この国では文化交流や経済的繁栄の可能性により活気が生まれている。観光客の増加により、リジアの世界的な地位が変化しつつある。
SituationData,0x01000065000095BC,Economy_TouristDestination_Local,SituationProperties.Title,地元の観光地
SituationData,0x01000065000095BC,Economy_TouristDestination_Local,SituationProperties.Description,観光業は主に国内の訪問者を対象としており、海外からの客はごくわずかである。ある程度の経済的恩恵はもたらされているものの、この国の観光潜在力はほとんど活用されておらず、世界的な文化交流や経済成長の機会を逃している状態だ。
SituationData,0x01000065000095B3,Economy_TouristDestination_Regional,SituationProperties.Title,地域の観光地
SituationData,0x01000065000095B3,Economy_TouristDestination_Regional,SituationProperties.Description,この国は地域内で人気の観光地となっている。観光業の発展により経済や文化交流が促進されているものの、世界的に見て重要な観光地としての地位を築くにはまだ至っていない。
SituationData,0x010000460001C975,Economy_TradeTariffs,SituationProperties.Title,貿易関税の賦課
SituationData,0x010000460001C975,Economy_TradeTariffs,SituationProperties.Description,ソードランドの経済は、他国による貿易関税の引き上げという状況のため大きな困難に直面している。これにより交易品のコストが上昇し、企業や消費者の両方にとって商品の手頃な価格での入手が困難になっている。
SituationData,0x0100008E0000274C,Economy_TransportationSystem_Efficient,SituationProperties.Title,効率的な交通体系
SituationData,0x0100008E0000274C,Economy_TransportationSystem_Efficient,SituationProperties.Description,この国の交通網は比類なき効率で物資や人々を運び、国全体が活気に満ちている。商品や人々がスムーズに移動するおかげで、この国の近代的なインフラは周辺諸国の羨望の的となっている。こうした効率性こそが、リジアの商業が急成長する背後にある要因だ。
SituationData,0x01000065000095A1,Economy_TransportationSystem_Functional,SituationProperties.Title,機能する交通体系
SituationData,0x01000065000095A1,Economy_TransportationSystem_Functional,SituationProperties.Description,交通体系は十分に機能しており、国内での物資や人々の移動を支えている。有効ではあるものの、より先進的なインフラシステムの効率水準に追いつくためには改善の余地がある。
SituationData,0x01000065000095AA,Economy_TransportationSystem_Neglected,SituationProperties.Title,放置された交通体系
SituationData,0x01000065000095AA,Economy_TransportationSystem_Neglected,SituationProperties.Description,交通インフラは放置されている様子が見られ、物資や人々の円滑な移動を妨げている。この非効率さが商業活動や日常生活を阻害しており、緊急のインフラ整備が求められている。
SituationData,0x010000460001C90D,Economy_UnemploymentCrisis,SituationProperties.Title,失業危機
SituationData,0x010000460001C90D,Economy_UnemploymentCrisis,SituationProperties.Description,高い失業率はソードランド社会に大きな影響を与え、貧困や犯罪、ホームレスの増加を招いている。家族たちは生活費を賄うのに苦労しており、適性や経験があっても仕事を見つけられない人々が大勢いる。また、より良い雇用機会を求めて多くの有能な労働者が国を離れるという頭脳流出も起きている。
SituationData,0x010000460001C8F9,Economy_WeakTransportation,SituationProperties.Title,弱い交通網
SituationData,0x010000460001C8F9,Economy_WeakTransportation,SituationProperties.Description,ソードランドの交通網は長年放置されてきたため、古くなり手入れも不十分なインフラとなっている。これにより商品やサービスの輸送が妨げられるだけでなく、市民の日常的な通勤時間も長引いている。この重要分野への投資不足が効率の低下、運賃の上昇、そして通勤時間の延長を招いているのである。
SituationData,0x0100006500007404,Economy_WineIndustry_EnvironmentalDamage,SituationProperties.Title,鉱業による環境破壊
SituationData,0x0100006500007404,Economy_WineIndustry_EnvironmentalDamage,SituationProperties.Description,カルス金鉱は深刻な環境破壊を引き起こしており、特に周辺のブドウ園に大きな影響を与えている。このような生態学的問題は地域の農業に悪影響を及ぼすだけでなく、持続可能な鉱山開発や環境保護に関するより広範な懸念も引き起こしている。
SituationData,0x010000460001C9C5,Law_AntiCorruptionCampaign,SituationProperties.Title,汚職対策キャンペーン
SituationData,0x010000460001C9C5,Law_AntiCorruptionCampaign,SituationProperties.Description,政府は最近、国内に蔓延する深刻な汚職と戦うため、大規模かつ包括的な運動を開始した。この運動の目的は、汚職行為に関与する者を法の裁きにかけ、司法制度を強化し、透明性と説明責任の文化を築くことである。
SituationData,0x010000460001C9FD,Law_AverageWomenRights,SituationProperties.Title,並の女性の権利
SituationData,0x010000460001C9FD,Law_AverageWomenRights,SituationProperties.Description,ソードランドでは職場における性差別の問題が依然として深刻で、女性たちはしばしば差別に直面し、男性同僚よりも低い給与を受け取っている。しかし最近、この不平等に対処するための法的措置が講じられ、家庭内暴力に遭う女性たちへの法的保護が提供されている。
SituationData,0x010000460001C9B5,Law_BludishOppression,SituationProperties.Title,ブルディア人への抑圧
SituationData,0x010000460001C9B5,Law_BludishOppression,SituationProperties.Description,ソードランド政府による行動は、国内のブルディア人を抑圧し、内乱や制度化された人種差別を引き起こすことを明確な目的としている。これにより国の社会構造における緊張が高まっている。
SituationData,0x010000460001C9B1,Law_BludishProblem,SituationProperties.Title,ブルディア人問題
SituationData,0x010000460001C9B1,Law_BludishProblem,SituationProperties.Description,ソードランドはブルディア人との関係が複雑で、差別や不公平な扱いが常に問題となっている。ブルディア人たちは依然として教育、雇用、政治的代表性の面で制度的な障壁に直面している。その結果、ブルディア人の間では不満や疎外感が日増しに高まっている。
SituationData,0x010000460001C9B9,Law_BludishReconciliation,SituationProperties.Title,和解プロセス
SituationData,0x010000460001C9B9,Law_BludishReconciliation,SituationProperties.Description,ソードランド政府とブルディアの指導者たちによって、両者間の緊張を和らげて融和を促進するための新たな取り組みが開始された。この取り組みは停戦を実現し、ブルディア人の歴史的な不満に対処するための対話を推進し、法の下での平等な扱いを実現することを目的としている。進展は遅れているものの、この取り組みはソードランドにおいてより包括的で調和のとれた社会へ向けた前向きな一歩と見なされている。
SituationData,0x010000460001C9BD,Law_CourtBacklog,SituationProperties.Title,裁判の滞留
SituationData,0x010000460001C9BD,Law_CourtBacklog,SituationProperties.Description,ソードランドの司法制度では裁判所に重大な事件の積み残しが生じており、正義の実現が妨げられ遅延が発生している。このような遅れによって訴訟当事者たちの間に混乱と不満が広がっており、裁判官が適時に対応できないため、積み残しによって意図しない不正が生じている。
SituationData,0x010000460001C9C9,Law_EfficientJusticeSystem,SituationProperties.Title,効率的な司法制度
SituationData,0x010000460001C9C9,Law_EfficientJusticeSystem,SituationProperties.Description,司法制度における最新の変更や改善により、裁判の効率性が大幅に向上した。新技術の導入と業務の合理化によって裁判所の未処理案件が減少し、裁判官の対応も迅速になった。その結果、遅延が少なくなり、全体的により公正な法制度が実現した。
SituationData,0x010000460001C9F9,Law_ExcellentWomenRights,SituationProperties.Title,優れた女性の権利
SituationData,0x010000460001C9F9,Law_ExcellentWomenRights,SituationProperties.Description,私たちが政権を担って以来、ソードランドにおける女性の権利は大幅に改善された。女性は職場で同等の賃金を受け取り、出産休暇中も給与が支払われる。また、家庭内暴力が発生した場合に法的保護を求めることができるため、女性は自宅でも安全に過ごすことができる。
SituationData,0x010000460001C9E1,Law_ExpandedHumanRights,SituationProperties.Title,拡大された人権
SituationData,0x010000460001C9E1,Law_ExpandedHumanRights,SituationProperties.Description,近年、ソードランドでは国内の人権状況を改善するために大規模な改革が行われている。これらの改革には、法の支配を強化し、ジェンダー平等を推進し、少数派集団への保護を拡大することが含まれている。
SituationData,0x010000460001C9E5,Law_FreedomOfPress,SituationProperties.Title,報道の自由
SituationData,0x010000460001C9E5,Law_FreedomOfPress,SituationProperties.Description,ソードランドには自由な報道機関が存在し、一般人は政府の大きな干渉を受けることなく、様々なメディアを通じて自分の意見を表現することができる。
SituationData,0x010000460001C9CD,Law_HappyJudicialPersonnel,SituationProperties.Title,意欲的な司法職員
SituationData,0x010000460001C9CD,Law_HappyJudicialPersonnel,SituationProperties.Description,最近の司法予算の増加は司法関係者の士気に良い影響を与え、司法制度改善への政府の取り組みに対する敬意も高まった。
SituationData,0x010000650000953E,Law_HumanRights_Some,SituationProperties.Title,一定の人権
SituationData,0x010000650000953E,Law_HumanRights_Some,SituationProperties.Description,リジアでは人権がある程度認められており、裁判なしの拘束や表現の自由の制限といった事例は限定的に見られる。改革を求める声は高まっているものの、より人道的な政策への移行は徐々に、かつ慎重に進められている。
SituationData,0x0100006500009547,Law_HumanRights_Strong,SituationProperties.Title,強固な人権
SituationData,0x0100006500009547,Law_HumanRights_Strong,SituationProperties.Description,この王国は人権を重視し、公正な裁判や表現の自由を保障しており、死刑も存在しない。個人の自由に対するこの進歩的な姿勢は、改革の声が反映された、成熟した社会と政府のあり方を示している。
SituationData,0x0100008E000027BD,Law_HumanRights_Weak,SituationProperties.Title,脆弱な人権
SituationData,0x0100008E000027BD,Law_HumanRights_Weak,SituationProperties.Description,リジアにおける人権は依然としてデリケートな問題である。裁判なしの拘束、制限された表現の自由、そして死刑という脅威が、個人の自由に対する矛盾した姿勢を示している。潜められた声が改革を切望し、より人道的な政策が実現する夜明けを願っている。
SituationData,0x010000460001C9C1,Law_JudicialRivalry,SituationProperties.Title,司法内の対立
SituationData,0x010000460001C9C1,Law_JudicialRivalry,SituationProperties.Description,最高裁判所と司法省の間で、それぞれの法的権限を巡って政治的・憲法的な争いが生じ、政府内に緊張が走っている。
SituationData,0x010000460001C9D1,Law_JusticeSystemOverwhelmed,SituationProperties.Title,司法制度の逼迫
SituationData,0x010000460001C9D1,Law_JusticeSystemOverwhelmed,SituationProperties.Description,ソードランドの司法制度は、増加する事件数と限られた資源のために、正義への要求に対応するのに苦労している。その結果、手続きの遅延や未処理の案件が積み重なり、関係する全ての当事者に適切な法的支援を提供できない状況となっている。
SituationData,0x010000460001C9D9,Law_LimitedHumanRights,SituationProperties.Title,制限された人権
SituationData,0x010000460001C9D9,Law_LimitedHumanRights,SituationProperties.Description,ソードランドの治安法は比較的厳格で、国民にある程度の安全をもたらす反面、特定の権利や自由を制限している。政府は社会秩序を維持し、国家安全保障への脅威を防ぐためにこれらの法律を施行している。
SituationData,0x010000460001CA01,Law_LimitedWomenRights,SituationProperties.Title,限定的な女性の権利
SituationData,0x010000460001CA01,Law_LimitedWomenRights,SituationProperties.Description,ソードランドの女性たちは職場でも家庭内でも極端な性差別に直面している。さらに、法律によって女子が自然科学や社会科学などの科目を学ぶことが禁じられている。女性は男性よりも低い給与で働かされることが多く、加えて家庭内暴力の際には法的保護がほとんどない。
SituationData,0x010000460001C9E9,Law_MediaBias,SituationProperties.Title,メディアの偏向
SituationData,0x010000460001C9E9,Law_MediaBias,SituationProperties.Description,ソードランドのメディアは、国家と民間組織の両方からの組織的な干渉によって大きな困難に直面している。この干渉は、特定の目的に沿って報道内容をコントロールし、世論を操作することを目的としている。
SituationData,0x0100008E000027A5,Law_Media_Censored,SituationProperties.Title,メディアの検閲
SituationData,0x0100008E000027A5,Law_Media_Censored,SituationProperties.Description,『王室ヘラルド』はリジアにおける主要な国家情報源として機能し、他の出版物の記事のトーンを決定づけている。他のメディアは目に見えない一線を越えないよう慎重に行動することが多い。秘密裏のジャーナリズムの噂は、フィルタリングされていない真実を渇望する人々に希望を与えている。
SituationData,0x010000460001C9F1,Law_MediaCensored,SituationProperties.Title,メディアの検閲
SituationData,0x010000460001C9F1,Law_MediaCensored,SituationProperties.Description,ソードランド政府は、誤情報や有害な宣伝の拡散を抑制するために厳格な措置を実施している。有害で虚偽の情報の禁止に加えて、そのような情報を拡散していると判明した者は、逮捕や起訴を含む法的処罰を受ける可能性がある。
SituationData,0x010000460001C9ED,Law_MediaRegulated,SituationProperties.Title,メディアの規制
SituationData,0x010000460001C9ED,Law_MediaRegulated,SituationProperties.Description,ソードランドのメディアは、ソードランド放送テレビ最高評議会（SCSRT）の規制と監督のもとで運営されている。この評議会の主な目的は、報道の自由を保障すると同時に、その評判や信頼性を維持することである。SCSRTには特定の規則や基準を実施する権限があるものの、ジャーナリストやメディア機関の権利を尊重しながらそれを行うことを目指している。
SituationData,0x0100006500009492,Law_Media_SomeFreedom,SituationProperties.Title,一定のメディアの自由
SituationData,0x0100006500009492,Law_Media_SomeFreedom,SituationProperties.Description,『王室ヘラルド』がリジアのメディア界を支配し、他の規模の小さい出版物の報道内容に影響を与えている。しかし、『リジアの声』のようにある程度のメディアの自由も存在しており、その他の小規模なメディアも慎重に異なる見解を伝えている。
SituationData,0x010000C700000473,Law_ProvincialAutonomy_Medium,SituationProperties.Title,均衡のとれた州の自治
SituationData,0x010000C700000473,Law_ProvincialAutonomy_Medium,SituationProperties.Description,リジアの各州は適度な自治権を持って運営されており、国家の枠組みに沿いつつも地域のニーズに合わせて政策を調整する余地がある。このバランスにより、地方と中央政府間の連携が円滑に図られ、大きな対立もなく着実な発展が促進されている。
SituationData,0x010000C700000469,Law_ProvincialAutonomy_Strong,SituationProperties.Title,強い州の自治
SituationData,0x010000C700000469,Law_ProvincialAutonomy_Strong,SituationProperties.Description,リジア全土の各州は大きな自治権を行使し、地域の優先事項や文化的背景を反映した政策を策定している。この柔軟性により、教育改革やインフラ計画といった分野で顕著な進展が見られている。しかし、中央政府との標準的な調整が欠如しているため、国家全体のプログラムに矛盾が生じており、地域の自律性と国家統一の間のバランスについて疑問が提起されている。
SituationData,0x010000C70000047C,Law_ProvincialAutonomy_Weak,SituationProperties.Title,弱い州の自治
SituationData,0x010000C70000047C,Law_ProvincialAutonomy_Weak,SituationProperties.Description,リジア全土の各州政府は限定的な立法権と財政権しか持たず、意思決定や資源面で中央政府に依存していることが多い。この中央集権的な構造により地域の即応性が制限され、地域固有の政策革新も妨げられるが、一貫した国家方針を確保し、不確実な時期においても政治的結束を維持するのに役立っている。
SituationData,0x01000065000094D1,Law_ProvincialTax_BrenasLowered,SituationProperties.Title,ブレナス州の州税引き下げ
SituationData,0x01000065000094D1,Law_ProvincialTax_BrenasLowered,SituationProperties.Description,サゾン家の重要な領土であるブレナスにおける減税措置が、国家の収入を減少させている。この措置は地域経済の成長を促進する一方で、中央政府の予算に負担をかけ、国の財政安定性に悪影響を与えている。
SituationData,0x01000065000094E3,Law_ProvincialTax_CardesseMontaklarLowered,SituationProperties.Title,カルデス＝モンタクラル州の州税引き下げ
SituationData,0x01000065000094E3,Law_ProvincialTax_CardesseMontaklarLowered,SituationProperties.Description,アザロ家が統治するカルデス＝モンタクラルで税金を引き下げたことは、国庫収入の減少を招いている。この措置は地元産業を支援するものではあるが、中央政府の財政負担をさらに増大させることになる。
SituationData,0x01000065000094DA,Law_ProvincialTax_ValenqirisLowered,SituationProperties.Title,ヴァレンキリス州の州税引き下げ
SituationData,0x01000065000094DA,Law_ProvincialTax_ValenqirisLowered,SituationProperties.Description,トラス家の統治下にあるヴァレンキリスで税金を引き下げるという決定は、国家財政にとって大きな課題となっている。地域の繁栄を促進することを目的としたこの財政的譲歩は、全体としての国家収入の減少という代償を伴うものである。
SituationData,0x01000065000094BF,Law_Religious_Oppression,SituationProperties.Title,一定の宗教的抑圧
SituationData,0x01000065000094BF,Law_Religious_Oppression,SituationProperties.Description,国内の様々な宗教集団には、軽微な宗教的緊張が静かに影響を及ぼしている。こうした散発的な事例は主流とはなっていないものの、多様化する宗教状況に対してより一層の包括性と寛容さを持つ必要性を浮き彫りにしている。
SituationData,0x01000065000094C8,Law_Religious_Persecutions,SituationProperties.Title,宗教的迫害
SituationData,0x01000065000094C8,Law_Religious_Persecutions,SituationProperties.Description,宗教団体たちは厳しい迫害を受けていると訴えており、それが国の社会的調和を乱している。この広範にわたる問題は我々の国際的な評判を損ない、異教間の理解促進と宗教的多様性の保護のために即時の対策が求められている。
SituationData,0x010000460001C9AD,Law_RestrictiononReligious,SituationProperties.Title,宗教活動の制限
SituationData,0x010000460001C9AD,Law_RestrictiononReligious,SituationProperties.Description,ソードランドで最近可決された宗教調和法案には言語に関する制限が含まれており、特に文盲のブルディア人少数派の間で懸念が高まっている。さらに、この法案により一部のブルディア人司祭たちが特定の活動や行事から排除されることになった。
SituationData,0x010000460001C9F5,Law_RestrictionsOnMinorityLanguage,SituationProperties.Title,少数言語の制限
SituationData,0x010000460001C9F5,Law_RestrictionsOnMinorityLanguage,SituationProperties.Description,教育機関における少数言語の使用を制限するという最近の法令は甚大な悪影響をもたらし、多くの学生が中退する事態となった。ベルギア地方に住むブルディア人やヴェゼク人を中心に、言語が急変したためにソードランド語で行われる授業を理解できず、学力が遅れて最終的に中退せざるを得なかった学生が大勢いた。
SituationData,0x01000065000094EC,Law_RoyalTraditions_Broken,SituationProperties.Title,王室の伝統の断絶
SituationData,0x01000065000094EC,Law_RoyalTraditions_Broken,SituationProperties.Description,かつて強い影響力を持っていた由緒正しい王室の伝統も、現代の要求や社会の変化に適応する形で次第に変わり始めている。この移行は、遺産を守りつつ近代的な行政手法を取り入れようとする国の姿勢を反映しており、君主制もそれに応じて自らの役割を変化させている。
SituationData,0x0100008E00002798,Law_RoyalTraditions_Upheld,SituationProperties.Title,王室の伝統の維持
SituationData,0x0100008E00002798,Law_RoyalTraditions_Upheld,SituationProperties.Description,リジアでは王室の伝統が尊ばれており、国の法律や行政制度の基盤となっている。長年受け継がれてきたこれらの慣習は安定性と連続性をもたらし、王国の遺産や、その未来を導く上で君主制が果たす中心的な役割を裏付けている。
SituationData,0x0100008E000026DD,Law_SeparationOfPowers_None,SituationProperties.Title,権力分立なし
SituationData,0x0100008E000026DD,Law_SeparationOfPowers_None,SituationProperties.Description,リジアの統治構造は権力を中央集権化しており、君主が最終的な意思決定権を握っている。これにより迅速な判断が下せる反面、権力が分散しない点は民主主義を重視する観察者たちの間で疑問視されている。しかし、この構造がもたらす迅速な決断力を支持者たちは高く評価している。
SituationData,0x010000650000952B,Law_SeparationOfPowers_Some,SituationProperties.Title,一定の権力分立
SituationData,0x010000650000952B,Law_SeparationOfPowers_Some,SituationProperties.Description,統治構造は変化し続けており、君主制による統制と新たに現れつつある民主的要素が混在している。権力のこのような部分的な分離は、よりバランスが取れ、包括的な意思決定プロセスへと移行しつつある国家であることを示している。
SituationData,0x0100006500009534,Law_SeparationOfPowers_Strong,SituationProperties.Title,強固な権力分立
SituationData,0x0100006500009534,Law_SeparationOfPowers_Strong,SituationProperties.Description,この国は強固な権力分立を実現しており、君主制の伝統と民主的な仕組みを巧みに融合させている。この分散型の統治モデルによって、多様で代表性の高い意思決定が行われ、それは近代民主主義の原則を反映している。
SituationData,0x01000065000094FE,Law_Society_HeterogenousSociety,SituationProperties.Title,多様な社会
SituationData,0x01000065000094FE,Law_Society_HeterogenousSociety,SituationProperties.Description,この国は多様な文化が混在するモザイクとして発展し、多数派も少数派も同等に社会の形成に貢献している。こうした豊かな信念や慣習の集合体が、その多元的な特性を認識するだけでなくそれを称賛する社会の基盤となっている。
SituationData,0x01000065000094F5,Law_Society_HomogenousSociety,SituationProperties.Title,均質な社会
SituationData,0x01000065000094F5,Law_Society_HomogenousSociety,SituationProperties.Description,この国の文化風土は、リジア人のヴルヘック教徒が多数を占めることによって特徴づけられている。社会の構造はほぼ固まりつつあり、少数派は国家のアイデンティティの中で自らの存在や生活様式を主張することがますます困難になっている。
SituationData,0x0100008E000027B7,Law_Society_ModeratelyHomogenous,SituationProperties.Title,中程度に均質な社会
SituationData,0x0100008E000027B7,Law_Society_ModeratelyHomogenous,SituationProperties.Description,リジア人のヴルヘック教徒が多数を占め、彼らが社会の特権を享受しており、国の文化的・政治的議論の大部分を形作っている。少数派コミュニティも国家の多様性に貢献してはいるが、彼らの声は時として多数派の勢いに押し殺されてしまう。
SituationData,0x010000460001C9DD,Law_SomeHumanRights,SituationProperties.Title,一定の人権
SituationData,0x010000460001C9DD,Law_SomeHumanRights,SituationProperties.Description,人権を守ろうとする取り組みがなされているにもかかわらず、法執行機関に与えられた広範な権限のためにソードランドでは依然として人権侵害が続いている。言論の自由や集会の自由といった一部の権利は保護されているものの、公正な裁判を受ける権利や警察の暴行からの保護といった他の権利は日常的に侵害されている。
SituationData,0x0100006500009489,Law_TreatmentOfForeigners_Equal,SituationProperties.Title,外国人への平等な扱い
SituationData,0x0100006500009489,Law_TreatmentOfForeigners_Equal,SituationProperties.Description,デルディア、ヴェゼク、ブルディアをはじめとする様々な地域出身の労働者たちは、この国の労働市場や日常生活において平等な扱いを受けている。彼らの貢献は経済にとって極めて重要であり、それが認識され評価されることで、相互尊重の風土が育まれ、制度的な偏見も次第に減少している。
SituationData,0x0100006500009519,Law_TreatmentOfForeigners_Unequal,SituationProperties.Title,外国人への不平等な扱い
SituationData,0x0100006500009519,Law_TreatmentOfForeigners_Unequal,SituationProperties.Description,デルディア、ヴェゼク、ブルディア、その他の外国系コミュニティ出身の外国人労働者は、労働市場や日常生活において微妙な不平等に直面している。経済構造にとって不可欠な存在ではあるものの、これらの労働者は時折制度的な偏見に遭うことがあり、それが軽微な外交上の懸念や職場での包括性に関する議論を引き起こしている。
SituationData,0x0100008E0000279F,Law_TreatmentOfForeigners_Unfair,SituationProperties.Title,外国人への不当な扱い
SituationData,0x0100008E0000279F,Law_TreatmentOfForeigners_Unfair,SituationProperties.Description,デルディア人、ヴェゼク人、ブルディア人といった出稼ぎ労働者やその他の人々は、偏見に満ちた厳しいリジアの状況を生き抜かなければならない。リジアの経済体制において重要な役割を果たすこれらの外国人たちは、しばしば制度的な差別と向き合わされる。その影響は外交の場や国際フォーラムにも波及する。
SituationData,0x010000460001C9D5,Law_UnfairElectoralFunding,SituationProperties.Title,不公正な選挙資金
SituationData,0x010000460001C9D5,Law_UnfairElectoralFunding,SituationProperties.Description,政府によって可決された最近の選挙資金法案により、政党への資金提供の仕組みに大きな変化が生じた。新法では、議会で議席を獲得した政党にのみ公的な選挙資金が与えられる。その結果、議会に進出しなかった政党への資金は削減された。一方、与党であるUSPへの資金は2倍に増加した。
SituationData,0x0100006500009DD7,Law_WehzekRights_Full,SituationProperties.Title,ヴェゼク系市民の平等な権利
SituationData,0x0100006500009DD7,Law_WehzekRights_Full,SituationProperties.Description,制定された画期的な政策により、ヴェゼクの市民に完全な平等権が与えられた。包括性と平等を促進するこの措置は、ヴェゼク人に対する公平な姿勢から高く評価されており、隣国とのより調和の取れた関係を築くことにつながっている。
SituationData,0x0100006500009DE0,Law_WehzekRights_WorkersOnly,SituationProperties.Title,ヴェゼク系住民への平等な労働権の付与
SituationData,0x0100006500009DE0,Law_WehzekRights_WorkersOnly,SituationProperties.Description,"この王国は、ヴェゼクの市民に労働における平等な権利を与える新たな政策を導入した。経済的統合を促進し差別を減らすことを目的とするこの取り組みは、包括性へのニーズと雇用競争や文化的統合の課題に対する懸念との間でバランスを保ちながら、様々な反応を呼んでいる。

この政策は、リジアが民族的多様性と経済的平等を扱う上で大きな一歩となっている。"
SituationData,0x0100008E000027AB,Law_WomensRights_Adequate,SituationProperties.Title,十分な女性の権利
SituationData,0x0100008E000027AB,Law_WomensRights_Adequate,SituationProperties.Description,歴史的な改革により、リジアは女性の権利に関して多くの国を凌駕する存在となった。しかし、こうした進歩があっても、特に恵まれた背景を持たない女性たちの政治的・経済的権利は依然として制約されている。指導的地位における女性の社会的受容度、特に特権層以外の場面でのそれは、今なお改善が求められている状況だ。
SituationData,0x0100006500009507,Law_WomensRights_Strong,SituationProperties.Title,強固な女性の権利
SituationData,0x0100006500009507,Law_WomensRights_Strong,SituationProperties.Description,あらゆる背景を持つ女性たちが、平等な政治的・経済的機会を享受している。特権のない層に属する女性たちを含め、リーダーシップ役割において社会が彼女たちを受け入れていることは、ジェンダー平等とエンパワーメントにおける重要な成果である。
SituationData,0x010000460001C7E9,Military_AdequatelyEquippedMilitary,SituationProperties.Title,十分に装備された軍
SituationData,0x010000460001C7E9,Military_AdequatelyEquippedMilitary,SituationProperties.Description,ソードランドの軍隊は、動員や派遣が行われた際に作戦効果を確保するため、近代的で高度な武器や装備を配備している。これには各種兵器、通信システム、監視技術、そして輸送用車両が含まれる。
SituationData,0x010000C600000594,Military_AdvancedWeapons,SituationProperties.Title,高度技術化された軍
SituationData,0x010000C600000594,Military_AdvancedWeapons,SituationProperties.Description,リジアにおけるハイテク兵器製造への投資が成果を上げている。フォルチェ・ダトールとモンタクラルにある主要な施設で生産が加速することにより、この王国は今や最先端の武器を保有し、戦闘準備態勢が向上している。戦場以外でも、こうした進歩は地域経済を活性化させ、雇用を創出し、周辺地域での技術革新を促進している。
SituationData,0x010000460001C7F1,Military_ArcasiaAirRotations,SituationProperties.Title,アルカシア空軍の巡回駐留
SituationData,0x010000460001C7F1,Military_ArcasiaAirRotations,SituationProperties.Description,アルカシア空軍の重要な構成要素であるアルカシア第4戦闘飛行群は、エルローリー空軍基地周辺で不定期に航空部隊の交代配備を行い、両国間の軍事協力を示している。このような配備は、軍事的備えを維持・強化し、地域の安全と安定を促進するためのものだ。
SituationData,0x010000460001C7F5,Military_ATOMilitaryStructure,SituationProperties.Title,アルカシア条約機構の軍事機構
SituationData,0x010000460001C7F5,Military_ATOMilitaryStructure,SituationProperties.Description,ATOの連絡将校たちの協力により、我々は自国の軍事組織を強化し、ATOの標準化された作戦指針に合致するよう改編した。しかし、一部の将軍たちは、新たに統合された指揮系統内でATOの将校たちがあまりにも多くの重要な地位を占めていることを懸念している。
SituationData,0x0100008E00004D71,Military_BFF_Mercenaries,SituationProperties.Title,ブルディア自由戦線の傭兵
SituationData,0x0100008E00004D71,Military_BFF_Mercenaries,SituationProperties.Description,ブルディア自由戦線の傭兵を軍事作戦で活用することは、忠誠心が分断される危険があっても非国家勢力を利用して戦力を強化しようとする、非正規戦に対する現実的なアプローチを示している。
SituationData,0x0100008E000026E1,Military_CombatExperience_Waning,SituationProperties.Title,薄れる戦闘経験
SituationData,0x0100008E000026E1,Military_CombatExperience_Waning,SituationProperties.Description,最近の戦場での交戦が著しく減少したため、経験豊富なベテラン兵士が不足している。実際の戦闘経験がないため、新入隊員たちは模擬訓練に頼らざるを得ず、それは戦争という厳しい現実の代用にはなり得ない。
SituationData,0x0100008E00004DA7,Military_Conscription_Avoidance,SituationProperties.Title,徴兵の回避
SituationData,0x0100008E00004DA7,Military_Conscription_Avoidance,SituationProperties.Description,法的および行政的な手段を通じて徴兵を回避する動きが中程度の広がりを見せていることは、リジアの軍における人的資源方針の複雑な課題を反映している。この状況は、市民の自由を損なうことなく兵力を強化するため、徴兵政策を戦略的に見直す必要があることを示している。
SituationData,0x0100008E00004DB0,Military_Conscription_Dodging,SituationProperties.Title,徴兵逃れ
SituationData,0x0100008E00004DB0,Military_Conscription_Dodging,SituationProperties.Description,リジアにおける徴兵及び兵役逃れの傾向が日増しに悪化していることは、人的資源の動員における重大な欠陥を意味しており、戦争遂行のための人材供給の持続可能性を深刻に損なっている。この現象は民間部門と軍部門との間の隔たりが拡大していることを示しており、国防分野における人的資源管理の戦略的見直しが必要とされている。
SituationData,0x010000460001C7F9,Military_DecayingCombatReadiness,SituationProperties.Title,低下する戦闘即応性
SituationData,0x010000460001C7F9,Military_DecayingCombatReadiness,SituationProperties.Description,資金不足、訓練の欠如、近代化への取り組みの不在により、軍の戦闘準備態勢は著しく悪化している。その結果、脅威に迅速に対応し、部隊や装備を効果的に展開して作戦を実行する軍の能力が大きく損なわれている。このような戦闘準備態勢の低下は国の安全保障にとって重大な脅威であり、問題を解決し軍の能力を向上させるための取り組みが必要である。
SituationData,0x0100008E00004D68,Military_Derdia_Mercenaries,SituationProperties.Title,デルディアの宗教傭兵
SituationData,0x0100008E00004D68,Military_Derdia_Mercenaries,SituationProperties.Description,デルディアの宗教的傭兵たちが軍に加わったことで、リジアの軍隊構成はさらに複雑化し、戦場における教義面での力学も複雑なものとなっている。彼らの編入により、戦場の厳しい状況下でも非対称戦争の能力が強化されている。
SituationData,0x0100008E00004D7A,Military_Derdia_ShortMediumMissiles,SituationProperties.Title,短・中距離弾道ミサイル
SituationData,0x0100008E00004D7A,Military_Derdia_ShortMediumMissiles,SituationProperties.Description,"デルディア製の弾道ミサイルを導入したことにより、戦場におけるリジアの航空打撃能力が大幅に強化される。これらの短距離・中距離ミサイルはリジアの攻撃戦略を強化し、潜在的な侵略者に対する強力な抑止力となっている。

これらのミサイルをリジア軍に組み込んだことで、前線以外の地域への攻撃能力も拡大した。"
SituationData,0x010000460001C7FD,Military_DisputeWithInterior,SituationProperties.Title,内務省との対立
SituationData,0x010000460001C7FD,Military_DisputeWithInterior,SituationProperties.Description,国防省と内務省は現在、国家憲兵隊の統制権及び管轄権を巡って法的な争いを繰り広げている。この争いにより両機関間の緊張が高まり、ソードランドにおける軍事機関と民間機関の適切な力のバランスについて疑問が提起されている。
SituationData,0x0100008E000027EE,Military_EquipmentReliance_HeavyForeign,SituationProperties.Title,外国製装備への過度な依存
SituationData,0x0100008E000027EE,Military_EquipmentReliance_HeavyForeign,SituationProperties.Description,リジアの軍事装備の大部分は国際市場から調達されている。外国の供給業者への過度な依存により、作戦上の自立性が危うくなり、防衛戦略が国際政治やサプライチェーンの混乱の影響を受けやすくなっている。
SituationData,0x0100008E000049C0,Military_EquipmentReliance_SomeForeign,SituationProperties.Title,外国製装備へのある程度の依存
SituationData,0x0100008E000049C0,Military_EquipmentReliance_SomeForeign,SituationProperties.Description,リジアの軍事装備の一部は海外から調達されており、外国の供給業者にやや依存している。これは作戦上の自立性にある程度のリスクをもたらすが、国内での調達と戦略的な海外提携によってその影響は緩和されている。
SituationData,0x0100008E000049B7,Military_EquipmentReliance_StrongLocal,SituationProperties.Title,強力な国内兵器産業
SituationData,0x0100008E000049B7,Military_EquipmentReliance_StrongLocal,SituationProperties.Description,この国は強力な国内兵器産業を有しており、国際市場への依存度を大幅に低減している。軍事装備におけるこの自給自足体制によって行動の自律性が高まり、国際政治の思惑やサプライチェーンの混乱から国を守っている。
SituationData,0x010000460001C839,Military_ExpandedAirForce,SituationProperties.Title,拡充された空軍
SituationData,0x010000460001C839,Military_ExpandedAirForce,SituationProperties.Description,この大規模な拡張計画により、空軍の保有する航空機の数が大幅に増加し、その規模はほぼ2倍に達した。この拡充によって空軍は任務を遂行し国を防衛するための能力が高まった。この強化された戦力により、空軍はこれまで以上に大規模な作戦を実行できるようになり、地域において強力な軍勢となっている。
SituationData,0x010000460001C835,Military_ExpandedArmy,SituationProperties.Title,拡充された陸軍
SituationData,0x010000460001C835,Military_ExpandedArmy,SituationProperties.Description,野心的な拡大計画により軍の規模がほぼ倍増し、ソードランドの軍事力は大幅に強化された。これにより紛争が発生した場合、周辺諸国のほとんどを圧倒することも可能になった。
SituationData,0x010000460001C83D,Military_ExpandedNavy,SituationProperties.Title,拡充された海軍
SituationData,0x010000460001C83D,Military_ExpandedNavy,SituationProperties.Description,野心的な拡張計画により海軍の艦隊数はほぼ倍増し、力の行使や海洋支配の能力が大幅に向上した。戦艦、潜水艦、巡視船の数が増えたことで、海軍は今や敵の艦隊を圧倒し、ソードランドの海上利益を守ることが可能になっている。
SituationData,0x010000460001C805,Military_ExperiencedGenerals,SituationProperties.Title,経験豊富な将軍たち
SituationData,0x010000460001C805,Military_ExperiencedGenerals,SituationProperties.Description,ソードランドの参謀本部は、長年にわたり軍で勤務してきた高度な技能と経験を持つ将官たちで構成されている。彼らの豊富な経験と知識によって的確かつ戦略的な判断が下せ、軍が正確かつ効果的に行動できるようになっている。
SituationData,0x0100008E00004D56,Military_ExperimentalWeapons,SituationProperties.Title,実験段階の化学兵器
SituationData,0x0100008E00004D56,Military_ExperimentalWeapons,SituationProperties.Description,"ルンブルクは新たな実験的兵器を提供した。致命的な効果で知られるこれらの化学兵器は戦場に恐怖の影を落とし、紛争時にリジア側に有利な展開をもたらす可能性がある。

その配備能力によってリジアの攻勢作戦は大幅に強化され、敵対者たちの間に恐怖心を植え付けると同時に、戦闘状況において厳しいながらも決定的な優位性をもたらす。"
SituationData,0x010000460001C809,Military_GreenGenerals,SituationProperties.Title,経験の浅い将軍たち
SituationData,0x010000460001C809,Military_GreenGenerals,SituationProperties.Description,現在の軍隊にいる将官たちは十分な戦闘経験を持っておらず、最近の紛争で実際の戦場での試練を経ていないため、現場で部隊を効果的に指揮する能力に影響が出る可能性がある。
SituationData,0x010000460001C849,Military_HappyMilitaryPersonnel,SituationProperties.Title,士気の高い軍人
SituationData,0x010000460001C849,Military_HappyMilitaryPersonnel,SituationProperties.Description,軍事予算の大幅な増加により、新しい装備の調達や既存システムの近代化が実現し、軍人たちの士気が高まった。また、これによって彼らは国家安全保障への政府の取り組みに対する信頼も強まった。
SituationData,0x0100008E00004D95,Military_HighCommand_OverseesWar,SituationProperties.Title,リジア最高司令部が戦争を指揮
SituationData,0x0100008E00004D95,Military_HighCommand_OverseesWar,SituationProperties.Description,リジアの最高司令部が戦争作戦の直接監督に関与していることは、戦略的な集中と軍事的な精確さが高まった時期を画している。この取り組みは指揮系統の統合を意味し、軍事行動が国家目標と密接に連携し、最大限の効率で実行されるようにしている。また、最高司令部の監督によって戦場の状況変化に迅速に対応でき、リジアが脅威に効果的に反応する能力が向上する。
SituationData,0x010000460001C80D,Military_InternalSecurityJurisdiction,SituationProperties.Title,国内治安の管轄権
SituationData,0x010000460001C80D,Military_InternalSecurityJurisdiction,SituationProperties.Description,国防省はソードランド内の治安維持を担当しており、その業務には国内で活動する特殊軍事部隊である国家憲兵隊の運用も含まれている。国家憲兵隊は、民間の行政機関が対処できない地域で法と秩序を維持する任務を負っており、目的を達成するために必要な場合には武力の使用も認められている。
SituationData,0x010000460001C811,Military_LackOfEquipment,SituationProperties.Title,軍装備の不足
SituationData,0x010000460001C811,Military_LackOfEquipment,SituationProperties.Description,軍隊は軍事装備の不足という重大な課題に直面している。この状況により訓練や準備のための必要な資源が欠如し、万が一国を防衛する必要が生じた場合、その能力に悪影響を及ぼす可能性がある。また、限られた資源の中で任務を効果的に遂行できるかという不安から、軍人たちの士気も低下している。
SituationData,0x010000460001C815,Military_LackOfReservists,SituationProperties.Title,予備役の不足
SituationData,0x010000460001C815,Military_LackOfReservists,SituationProperties.Description,軍は予備役兵の著しい不足に直面しており、これが戦争や危機の際に兵力を迅速に増強する能力を制限する可能性がある。この予備役兵の不足は正規軍人員にもより大きな負担をかけ、部隊が過重な状態に陥り機能不全を起こす危険性も生じている。
SituationData,0x010000460001C819,Military_LargeReservistPool,SituationProperties.Title,豊富な予備役
SituationData,0x010000460001C819,Military_LargeReservistPool,SituationProperties.Description,軍には、戦争や危機の際に動員できる大規模な予備役兵士層が存在する。これらの予備役兵士たちは多くが以前から軍務経験を持っており、即座に動員されて正規軍力を補強することが可能だ。さらに、予備役制度は平時においても定期的な訓練や演習を通じて予備役兵士の戦闘準備態勢を維持する手段として機能し、必要とあれば彼らが迅速に正規軍力に統合されるようにしている。
SituationData,0x0100008E00004D32,Military_LostPrideOfNavy,SituationProperties.Title,海軍の誇りRRNヴァレロの喪失
SituationData,0x0100008E00004D32,Military_LostPrideOfNavy,SituationProperties.Description,パレス海軍との戦闘でRRNヴァレロが失われたことは、海軍の戦力および士気に大きな打撃を与え、海上戦略の見直しと再建努力の必要性を生じさせた。
SituationData,0x0100008E00004CBC,Military_Manpower_Average,SituationProperties.Title,平均的な兵員供給
SituationData,0x0100008E00004CBC,Military_Manpower_Average,SituationProperties.Description,"リジア軍は、現在の防衛上の要求を満たすのに十分な、均衡したものの望ましいとは言えない水準の兵力を維持している。着実な募集と定着策によって達成されたこの均衡により、国防目標を達成できる安定した軍隊が確保されている。

しかし、安全保障上の課題に対応するため、兵力計画において引き続き警戒が必要となっている。"
SituationData,0x0100008E00004CC5,Military_Manpower_High,SituationProperties.Title,豊富な兵員供給
SituationData,0x0100008E00004CC5,Military_Manpower_High,SituationProperties.Description,軍隊は効果的な採用・定着戦略により、強力で十分な人材を有している。この高水準の備戦態勢により、リジア軍は防衛や平和維持の任務において有利な立場にあり、国の戦略的能力と国際的な地位を向上させている。
SituationData,0x0100008E000027D2,Military_Manpower_Low,SituationProperties.Title,乏しい兵員供給
SituationData,0x0100008E000027D2,Military_Manpower_Low,SituationProperties.Description,リジアは軍力が不足している状況に直面しており、防衛戦略家たちの間で懸念が高まっている。限られた募集活動と高齢化する兵士層が作戦遂行能力を脅かしており、軍内では改革を求める声がさらに強まっている。
SituationData,0x0100008E00004CCE,Military_Manpower_Massive,SituationProperties.Title,極めて豊富な兵員供給
SituationData,0x0100008E00004CCE,Military_Manpower_Massive,SituationProperties.Description,軍隊は膨大で訓練された人材を有し、異例の規模の戦力を誇っている。この強大な軍勢がリジアの堅固な防衛態勢と戦略的柔軟性の基盤となり、様々な安全保障上の状況に対して総合的な対応を可能にし、強力な軍事大国としての同国の地位を確固たるものにしている。
SituationData,0x0100008E00004D0E,Military_Marines_LargeForce,SituationProperties.Title,大規模な海兵軍団
SituationData,0x0100008E00004D0E,Military_Marines_LargeForce,SituationProperties.Description,海兵隊の拡大は、水陸両用戦能力の強化に戦略的な重点が置かれていることを示しており、陸上や海上のあらゆる脅威に対処できる多機能で強固な軍隊の構築への決意を表している。この拡大によって高度な訓練や専門分化も可能となり、軍の準備態勢と戦闘効率がさらに高まっている。
SituationData,0x0100008E00004D29,Military_Marines_SmallForce,SituationProperties.Title,小規模な海兵師団
SituationData,0x0100008E00004D29,Military_Marines_SmallForce,SituationProperties.Description,"新たな海兵師団の創設は、リジアの軍事構造における戦略的強化を示している。この動きは、特殊な水陸両用部隊への集中的な投資を反映しており、迅速かつ効果的な海上作戦を行うためのリジアの能力を高めている。

同師団は沿岸防衛や攻勢作戦において極めて重要な役割を果たす見込みであり、主要な海洋地域におけるリジアの戦略的プレゼンスを強化するものとなる。"
SituationData,0x0100008E00004D4D,Military_MedicineFirstAid,SituationProperties.Title,医療用モルヒネと薬剤の広い流通
SituationData,0x0100008E00004D4D,Military_MedicineFirstAid,SituationProperties.Description,医療用モルヒネや各種薬剤が広く入手可能であることは、危機時における身体的・心理的なニーズに対応しながら民間人と軍人の両方の福祉と回復を支える、より進歩的な医療体制を示している。
SituationData,0x010000460001C821,Military_MilitaryInterferencePolitics,SituationProperties.Title,軍の政治介入
SituationData,0x010000460001C821,Military_MilitaryInterferencePolitics,SituationProperties.Description,軍部は自らの影響力と権力を駆使して政治に積極的に介入し、自分たちの意志を押し通そうとする。ソードランドでは軍部が政治に関与し影響力を及ぼす歴史があり、過去の政府の中には軍部の支援に頼っていたものもあった。
SituationData,0x010000460001C801,Military_MilitaryInterventionWehlen,SituationProperties.Title,ヴェーレンにおける軍事介入
SituationData,0x010000460001C801,Military_MilitaryInterventionWehlen,SituationProperties.Description,ソードランドは現在、ヴェーレン政府の全面的な協力のもと、ヴェーレンでの共同軍事介入に参加している。この介入の目的はヴェーレンの情勢を安定させ、続く紛争に終止符を打つことだ。ソードランドはこの作戦のために兵力や資源を投入し、作戦に関与する他国と密接に協力している。
SituationData,0x010000460001C825,Military_MilitaryInvolvementPolitics,SituationProperties.Title,軍の政治関与
SituationData,0x010000460001C825,Military_MilitaryInvolvementPolitics,SituationProperties.Description,軍は政治界において影響力のある存在であり、高位の将校たちは重要な問題について自らの意見を述べることが多い。しかし彼らは一般的に民主的な手続きや選出された政府の権威を尊重している。
SituationData,0x0100008E000049AE,Military_MobileForces_Large,SituationProperties.Title,軍規模の機動部隊
SituationData,0x0100008E000049AE,Military_MobileForces_Large,SituationProperties.Description,機械化部隊と自動車化部隊は強力な戦力として機能し、広範な作戦遂行能力と戦略的深みをもたらし、柔軟な防衛戦略によって多様な安全保障上の課題に対処する準備ができていることを示している。
SituationData,0x0100008E000049A5,Military_MobileForces_Medium,SituationProperties.Title,軍団規模の機動部隊
SituationData,0x0100008E000049A5,Military_MobileForces_Medium,SituationProperties.Description,機械化部隊と自動車化部隊から成る軍団規模の編成は、強大な戦闘力と機動性の間で極めて重要なバランスを実現している。様々な軍事作戦に対応できる装備を持つこれらの部隊は、攻撃役でも防御役でも優れた性能を発揮する。軍団レベルの構造により高度な戦術的柔軟性が得られ、国家防衛戦略において多用途かつ信頼性の高い要素となっている。
SituationData,0x0100008E000027FC,Military_MobileForces_Small,SituationProperties.Title,師団規模の機動部隊
SituationData,0x0100008E000027FC,Military_MobileForces_Small,SituationProperties.Description,リジアの自動車化部隊および装甲部隊はコンパクトだが機敏である。そのサイズは制約に思えるかもしれないが、この機動性の高い部隊は新たに現れる脅威に迅速に対応することができ、リジアの防衛体制における彼らの重要性を示している。
SituationData,0x0100008E00002811,Military_ModernBombers_Lacking,SituationProperties.Title,近代的な爆撃機の不足
SituationData,0x0100008E00002811,Military_ModernBombers_Lacking,SituationProperties.Description,近代的な爆撃機部隊はリジア空軍には手が届かず、そのことが戦略立案の場で大きな問題として認識されている。航空爆撃作戦の範囲や効果を低下させているのは、古い型式の航空機が大多数を占めていることだ。
SituationData,0x010000460001C829,Military_ModernisedAirForce,SituationProperties.Title,近代化された空軍
SituationData,0x010000460001C829,Military_ModernisedAirForce,SituationProperties.Description,徹底的な近代化が進んだ結果、ソードランド空軍は大きく変貌を遂げ、現在ではこの地域で最も優れた戦力を持つ空軍の一つと見なされている。改良された航空機や先端技術により、空中戦、対地攻撃、偵察任務など、多様な作戦を実行することが可能である。高度な技能を持つパイロットや技術者たちは徹底的な訓練を受けており、紛争時に生じるさまざまな状況に対処するのに十分な準備が整っている。
SituationData,0x010000460001C82D,Military_ModernisedArmy,SituationProperties.Title,近代化された陸軍
SituationData,0x010000460001C82D,Military_ModernisedArmy,SituationProperties.Description,大幅な近代化の努力を経て、ソードランド軍は大規模な改革と改良が行われ、その総合的な戦力が強化され、侮れない強力な軍隊となった。同軍は最先端の武器や通信システム、車両を含む新しく高度な装備を導入し、これにより戦闘準備態勢と実効性が大幅に向上した。また、軍の兵士たちは厳格な訓練を受け、様々な国際的な軍事演習や作戦への参加を通じて豊富な経験を積んでいる。
SituationData,0x010000460001C831,Military_ModernisedNavy,SituationProperties.Title,近代化された海軍
SituationData,0x010000460001C831,Military_ModernisedNavy,SituationProperties.Description,大規模な近代化が行われた結果、ソードランド海軍は大幅な改良と強化を遂げ、この地域において強力で競争力の高い海軍勢力となった。同海軍は最先端の戦艦、潜水艦、補助船を含む新しく高度な海軍艦艇を導入し、その海上作戦能力や活動範囲を大幅に向上させている。さらに、様々な国際的な海軍演習や作戦への参加を通じて活動範囲を拡大し、複雑な海軍作戦における貴重な経験と知識を得ている。
SituationData,0x0100006500006931,Military_MonarchistFightingTraditions,SituationProperties.Title,君主制の戦闘伝統
SituationData,0x0100006500006931,Military_MonarchistFightingTraditions,SituationProperties.Description,リジアの王家の伝統に根差した君主主義的な戦闘伝統が、この国の軍事的精神性を強化している。兵士たちは過去の君主たちからインスピレーションを得て、その勇気と知恵を現代の戦場で活かしている。この歴史への敬意と武勇とが融合することで、軍隊の士気が高められているのだ。
SituationData,0x0100008E00004D9E,Military_Monarch_OverseesWar,SituationProperties.Title,君主が戦争を指揮
SituationData,0x0100008E00004D9E,Military_Monarch_OverseesWar,SituationProperties.Description,君主が戦争遂行を直接監督することは、軍事指導における中央集権的なアプローチを意味している。これにより統一された指揮と意思決定が保証される一方で、戦争や統治の複雑さを管理する上で課題も生じ、戦略的焦点と資源配分のバランスが求められることが浮き彫りになる。君主のこのような関与は、国家の安全と発展への個人的な献身を象徴し、国民の間に団結心と決意を育むものである。
SituationData,0x0100006500009DF2,Military_MorellanAirplanes,SituationProperties.Title,モレラ製の航空機
SituationData,0x0100006500009DF2,Military_MorellanAirplanes,SituationProperties.Description,"リジア空軍は最近、モレラ製の新しい爆撃機群を導入し、その航空戦力が大幅に強化された。

強化されたRAFの空中戦力により、より堅固な防衛態勢が築かれ、より頻繁で効率的な航空攻撃が可能となっている。"
SituationData,0x0100008E00004D05,Military_Mountaineers_Large,SituationProperties.Title,大規模な山岳軍団
SituationData,0x0100008E00004D05,Military_Mountaineers_Large,SituationProperties.Description,かなりの規模を持つ山岳軍団の創設は、山岳戦や地形に特化した戦闘準備への重点配慮を示している。この特殊部隊は険しい地形における防御力と攻撃力を強化し、山岳地帯で決定的な優位性をもたらすとともに、高地への侵入を未然に防ぐ役割を果たす。
SituationData,0x0100008E00004CFC,Military_Mountaineers_Small,SituationProperties.Title,小規模な山岳師団
SituationData,0x0100008E00004CFC,Military_Mountaineers_Small,SituationProperties.Description,"より規模が小さく機動性に優れた山岳師団の創設は、特殊な高地戦能力を育成するという戦略的決定を反映している。この部隊は規模こそ小さいものの、山岳戦に特化した専門的なアプローチを持ち、困難な地形でも迅速に展開し効果的に戦闘を行うことができる。

この師団の存在は、リジアが多機能で柔軟性の高い軍隊を維持しようとする姿勢を示している。"
SituationData,0x0100008E00002803,Military_NavalInterdictionCapacity_Lacking,SituationProperties.Title,海上阻止能力の欠如
SituationData,0x0100008E00002803,Military_NavalInterdictionCapacity_Lacking,SituationProperties.Description,リジアの海軍は、阻止能力に大きな欠陥がある。敵の移動を妨げられる艦船が存在しないため、海上境界線が危機にさらされており、海軍の近代化が急務であることが浮き彫りになっている。
SituationData,0x0100008E00004DC0,Military_NavalInterdictionCapacity_Strong,SituationProperties.Title,強力な海上阻止能力
SituationData,0x0100008E00004DC0,Military_NavalInterdictionCapacity_Strong,SituationProperties.Description,"我々の強化された海軍阻止能力、特に潜水艦戦や情報収集の分野における能力は、沿岸海域及びその周辺地域の海上安全保障を大幅に強化するものである。

この発展により、敵の船舶や物資を効率的に阻止し、海上交通路の支配を確保することが可能になる。"
SituationData,0x0100008E000027F5,Military_OfficerCorps_Adequate,SituationProperties.Title,十分に訓練された将校団
SituationData,0x0100008E000027F5,Military_OfficerCorps_Adequate,SituationProperties.Description,リジアは、厳格な訓練プログラムによって鍛え上げられた優秀な軍事人材から成る将校団を誇りとしている。彼らの専門知識によって、軍が直面する様々な物流上の困難が緩和され、重要な作戦時にも適切な指揮が行われている。
SituationData,0x010000460001C841,Military_OutdatedMilitaryEquipment,SituationProperties.Title,旧式の軍装備
SituationData,0x010000460001C841,Military_OutdatedMilitaryEquipment,SituationProperties.Description,ソードランド軍の時代遅れの装備は、同国の国家安全保障や戦闘準備態勢に深刻な脅威をもたらしている。数十年間使用され続けてきたこれらの装備は、現代の戦争の要求を満たすことができず、軍が変化する脅威に効果的に対応することを困難にしている。この状況はソードランドの安全保障を損なうだけでなく、地域の軍事大国としての地位も弱体化させている。
SituationData,0x01000065000072FD,Military_PalesAdminDistrict_StrengthenedBorderForts,SituationProperties.Title,強化された防御要塞網
SituationData,0x01000065000072FD,Military_PalesAdminDistrict_StrengthenedBorderForts,SituationProperties.Description,パレスとの南側国境にある要塞の強化により、この重要な地域における我々の防御能力が大幅に向上した。これら改良された要塞は堅固な防衛網を形成し、前線部隊の作戦効果を高めている。
SituationData,0x010000AF0000056C,Military_Pales_Destruction_Heavy,SituationProperties.Title,パレスの甚大な破壊
SituationData,0x010000AF0000056C,Military_Pales_Destruction_Heavy,SituationProperties.Description,パレスの都市やインフラは戦争中に甚大な被害を受けた。再統一された領土をリジアのネットワークに接続し、インフラを完全な機能状態に戻すためには、復興作業に多大な資源が必要となるだろう。
SituationData,0x010000AF0000055D,Military_Pales_Destruction_Light,SituationProperties.Title,パレスの軽微な破壊
SituationData,0x010000AF0000055D,Military_Pales_Destruction_Light,SituationProperties.Description,パレスの都市やインフラは戦争中に軽微な被害を受けた。再統一された領土をリジアのネットワークに接続し、インフラを完全な機能状態に戻すための復興作業にはごくわずかな資源しか必要としない。
SituationData,0x010000AF00000566,Military_Pales_Destruction_Moderate,SituationProperties.Title,パレスの中程度の破壊
SituationData,0x010000AF00000566,Military_Pales_Destruction_Moderate,SituationProperties.Description,パレスの都市やインフラは戦争中に中等度の被害を受けた。再統一された領土をリジアのネットワークに接続し、インフラを完全な機能状態に戻すための復興作業には多大な資源が必要となるだろう。
SituationData,0x0100008E000027E7,Military_PalesianBorderDeployment,SituationProperties.Title,パレス戦線への展開
SituationData,0x0100008E000027E7,Military_PalesianBorderDeployment,SituationProperties.Description,パレスとの南側国境では戦争の影響で相当数の軍隊が配備されている。兵力の展開は戦争遂行にとって不可欠だが、同時にリジアの国内防衛力を疲弊させ、他の国境が危険に晒される可能性も生じている。
SituationData,0x0100008E00004D3B,Military_PalesLogistics_Improved,SituationProperties.Title,改善されたパレスの兵站拠点
SituationData,0x0100008E00004D3B,Military_PalesLogistics_Improved,SituationProperties.Description,"パレスの物流拠点が強化され、トペスからメルミに至り、アレス要塞やテラドール国境といった戦略的に重要な地域へと続くインフラが整備されたことは、リジアの物流能力における中程度の変化をもたらしている。

この発展により、部隊や物資の移動が円滑になるだけでなく、主要な国境地域におけるリジアの作戦準備態勢や対応効率も大幅に向上する。"
SituationData,0x0100008E00004C00,Military_PalesResistance_Growing,SituationProperties.Title,拡大するパレスの抵抗
SituationData,0x0100008E00004C00,Military_PalesResistance_Growing,SituationProperties.Description,パレスにおける抵抗運動は勢いを増しており、地元住民の間で反対意見が拡大している。パレス人からの支援が高まるにつれて、この運動は同地域での軍事行動を困難にし、この高まる脅威に効果的に対処するために戦略の見直しが必要であることを示している。
SituationData,0x0100008E00004BEE,Military_PalesResistance_Strong,SituationProperties.Title,強力なパレスの抵抗
SituationData,0x0100008E00004BEE,Military_PalesResistance_Strong,SituationProperties.Description,"パレス大公国との継続的な紛争の中で、パレス国内に強力な抵抗運動が生まれている。地元からの大きな支持を得ており、この運動は広範な一般民衆の支援と、リジア軍に抵抗する強い意志によって特徴づけられる。

この強力な抵抗は根深い反対意識を示しており、同地域におけるリジアの軍事的目標にとって大きな障害となっている。"
SituationData,0x0100008E00004BF7,Military_PalesResistance_Weak,SituationProperties.Title,弱いパレスの抵抗
SituationData,0x0100008E00004BF7,Military_PalesResistance_Weak,SituationProperties.Description,"パレスにおけるリジア軍に対する地元の抵抗は現在ごくわずかであり、パレスの住民の間の反発意識も低いことがうかがえる。

この弱い抵抗は、同運動への支持が限定的であることを示しており、リジアの同地域における軍事行動にとって比較的小さな障害に過ぎない。この状況は、地元からの強い反発が少ないため、リジアが自らの目的を前進させる好機となっている。"
SituationData,0x0100008E00004D20,Military_Paratroopers_Large,SituationProperties.Title,大規模な空挺師団
SituationData,0x0100008E00004D20,Military_Paratroopers_Large,SituationProperties.Description,空挺師団の拡大は空輸作戦や迅速な展開能力を重視しており、脅威に即座に対応したり、敵の後方で複雑な作戦を実行したりすることを可能にしている。
SituationData,0x0100008E00004D17,Military_Paratroopers_Small,SituationProperties.Title,空挺旅団
SituationData,0x0100008E00004D17,Military_Paratroopers_Small,SituationProperties.Description,"専門の空挺旅団が編成されたことは、規模は小さいものの、リジアの空挺攻撃能力の戦略的強化を意味している。この部隊の特殊な訓練と装備により、高機動性かつ迅速な対応が可能となり、重要拠点の奪取や奇襲攻撃を行う上で極めて重要だ。

この旅団の存在は、多様な戦闘状況に適応できる、機動性と柔軟性に優れた軍隊を維持しようとするリジアの決意を示している。"
SituationData,0x0100008E00004DC9,Military_PolioSpreadsArmy,SituationProperties.Title,軍内でのポリオの拡大
SituationData,0x0100008E00004DC9,Military_PolioSpreadsArmy,SituationProperties.Description,リジア軍内でポリオが発生しており、これは深刻な問題となっていて、部隊の戦闘準備状態や士気に大きな影響を与えている。この状況は軍隊の健康状態及び作戦効果に甚大な脅威をもたらしており、さらなる拡大を防ぎ、軍の戦闘能力を維持するために、即時の医療的介入と封じ込め措置が必要である。
SituationData,0x0100008E00004CE1,Military_RiziaFleet_Large,SituationProperties.Title,大規模なリジア艦隊
SituationData,0x0100008E00004CE1,Military_RiziaFleet_Large,SituationProperties.Description,国家艦隊は多種多様な先進的艦艇を備えて拡大しており、これは海上戦力の強化と海軍優位性確立への意欲を示している。この強化された海軍によって、広大な海域にわたって権力を行使し、重要な海上ルートを守り、地域的および国際的な海域において圧倒的な存在感を維持する能力が向上している。
SituationData,0x0100008E00004CEA,Military_RiziaFleet_Medium,SituationProperties.Title,平均的な規模のリジア艦隊
SituationData,0x0100008E00004CEA,Military_RiziaFleet_Medium,SituationProperties.Description,平均的な規模のリジア海軍を維持することは、海軍力におけるバランスの取れたアプローチである。リジアの海洋的利益を守り、沿岸部の安全を確保するのに十分な装備を備えているものの、この規模の海軍では地域的な海上戦闘における作戦効果を最大限に引き出すために、戦略的な配備と資源管理が求められる。
SituationData,0x0100008E00004CF3,Military_RiziaFleet_Small,SituationProperties.Title,小規模なリジア艦隊
SituationData,0x0100008E00004CF3,Military_RiziaFleet_Small,SituationProperties.Description,リジア海軍の規模が縮小したことは重大な戦略的課題であり、同国の海上作戦の範囲を制限している。この状況により、国家の海洋的利益を守り、海戦における優位性を維持するために、戦術的創意と効率的な資源配分に一層の重点を置く必要がある。
SituationData,0x0100008E0000280A,Military_ShortMediumMissiles_Lacking,SituationProperties.Title,短・中距離ミサイルの不足
SituationData,0x0100008E0000280A,Military_ShortMediumMissiles_Lacking,SituationProperties.Description,リジアのミサイル兵器庫には、効果的な短距離から中距離用の型が不足している。この制約により、リジアが近隣地域に軍力を展開したり、即時的な脅威から自国を防衛したりする能力が妨げられている。
SituationData,0x010000460001C84D,Military_SordishMilitaryIndustrialComplex,SituationProperties.Title,ソードランドの軍需産業
SituationData,0x010000460001C84D,Military_SordishMilitaryIndustrialComplex,SituationProperties.Description,ソードランドは、国内の軍隊に必要な装備を製造・供給するための新しい軍事産業を設立した。この動きは、外国の供給業者への依存度を下げ、軍事装備の生産における自給率を高めることを目的としている。この産業は、雇用の創出や技術移転の促進を通じて、国の経済を活性化させる可能性を持っている。
SituationData,0x0100008E00004CB3,Military_Stockpile_Full,SituationProperties.Title,軍装備の備蓄が満杯
SituationData,0x0100008E00004CB3,Military_Stockpile_Full,SituationProperties.Description,"軍の備蓄は満たされており、多種多様な防衛装備を有している。そこには最新式の歩兵用武器や高度な対戦車・対空能力に加え、必要不可欠な装具、防御用装甲、そして最先端の通信システムも含まれている。

現在の備蓄状況は作戦上のニーズを満たすだけでなく、あらゆる軍事的状況に即応できるようにする積極的な防衛戦略を体現しており、万全の準備が整っている。"
SituationData,0x0100008E00004CAA,Military_Stockpile_HalfFull,SituationProperties.Title,軍装備の備蓄が半分
SituationData,0x0100008E00004CAA,Military_Stockpile_HalfFull,SituationProperties.Description,軍の備蓄量は適度な水準にあり、必要不可欠な歩兵用武器や対戦車・対空システム、さらには装甲装備、装具、通信機器といった重要な装備が含まれている。これにより即時の防衛ニーズは満たされているものの、長期的な準備態勢と運用効率を確保するため、装具や技術の更新を含む備蓄量の強化が明らかに求められている。
SituationData,0x0100008E000027E0,Military_Stockpile_Low,SituationProperties.Title,軍装備の備蓄が僅少
SituationData,0x0100008E000027E0,Military_Stockpile_Low,SituationProperties.Description,リジアの兵器庫には、必要な軍事装備が著しく不足している。弾薬や物資も最適な水準に達しておらず、防衛専門家たちは戦略的な備蓄補充の必要性を強調し、警戒を強めている。
SituationData,0x0100008E00004CD7,Military_Stockpile_Overflowing,SituationProperties.Title,軍装備の備蓄が過剰
SituationData,0x0100008E00004CD7,Military_Stockpile_Overflowing,SituationProperties.Description,軍の装備の備蓄は非常に充実しており、運用上の必要量を大幅に上回っている。そこには多種多様な近代兵器や効果的な対戦車・対空システムに加え、防護装甲や高度な通信機器といった装備も大量に存在する。この余剰分は国防準備における戦略的な計画性と先見の明を反映しており、将来的な軍事行動や緊急事態においてリジアに大きな優位性をもたらしている。
SituationData,0x010000460001C851,Military_UCAntiAirMissle_DuruIsland,SituationProperties.Title,ドゥル島の対空ミサイル基地
SituationData,0x010000460001C851,Military_UCAntiAirMissle_DuruIsland,SituationProperties.Description,対空ミサイル基地の建設は、ソードランドの防衛能力を強化する上で重要な一歩と見なされている。この基地の戦略的な立地により、それは同国の防空システムにおける不可欠な構成要素となっている。しかし、コンタナ条約機構の将校がこのプロジェクトに関与していることから、国家安全保障上極めて重要な分野で外国の専門知識に依存することに伴う潜在的なリスクが懸念されている。
SituationData,0x010000460001C7ED,Military_UCNavalVisits,SituationProperties.Title,コンタナ連邦海軍の寄港
SituationData,0x010000460001C7ED,Military_UCNavalVisits,SituationProperties.Description,コンタナ連邦のマルキア海軍艦隊はソードランド海軍と共同の海上演習を行っており、頻繁にコンリアト海軍基地を訪問している。この協力により両国の海軍戦力が強化され、それぞれの軍隊間の連携性や調整能力も向上した。マルキア海軍艦隊の訪問は、ソードランドとコンタナ連邦（UC）の間の外交関係を強化するのにも役立っている。
SituationData,0x010000460001C845,Military_UnhappyMilitaryPersonnel,SituationProperties.Title,不満を抱く軍人
SituationData,0x010000460001C845,Military_UnhappyMilitaryPersonnel,SituationProperties.Description,政府による最近の行政措置が軍人たちの間に大きな不満を引き起こしており、多くの者が自分たちの懸念や意見が十分に取り上げられていないと感じている。不満の主な原因としては、手当や給与水準、昇進基準の変更、そして上層部からの透明性やコミュニケーションの欠如が挙げられる。
SituationData,0x010000460001C859,Military_UnrulyGeneral,SituationProperties.Title,手に負えない将軍たち
SituationData,0x010000460001C859,Military_UnrulyGeneral,SituationProperties.Description,軍の上層部と将軍たちの間の連絡不全が大きな問題となっている。毎週報告が行われているにもかかわらず、将軍たちは適切に対応しておらず、その結果、命令の実行において調整や効率性が欠如している。
SituationData,0x0100008E00004D83,Military_Vendonesam_ExpeditionaryForce,SituationProperties.Title,リジア王党派遠征軍
SituationData,0x0100008E00004D83,Military_Vendonesam_ExpeditionaryForce,SituationProperties.Description,GRACEの指揮下にある君主主義勢力を支援するため、王党派遠征軍がヴェンドネサムに派遣されたことは、重大な国際的軍事介入である。この動きは、世界的な戦略的利益への重視と、海外に軍事力を展開しようとする姿勢を示している。外国の紛争におけるこれらの部隊の存在は、国際地政学を形作る上で積極的な役割を果たしていることを反映している。
SituationData,0x0100008E00004D8C,Military_Vendonesam_WeaponsDeliveries,SituationProperties.Title,リジアによるヴェンドネサムへの兵器供与
SituationData,0x0100008E00004D8C,Military_Vendonesam_WeaponsDeliveries,SituationProperties.Description,"王国がヴェンドネサムに武器を供給していることは、この地域の紛争状況に深く関与していることを示している。これらの供与は、リジアが軍事的支援を通じて外交上の結果に影響を与えようとする意図を表しており、同国の外交政策および国際的な軍事戦略における重要な要素である。

この動きはまた、リジアが自国の境界を超えて軍事的影響力を及ぼす能力と意欲を有していることも示している。"
SituationData,0x010000460001C81D,Military_War,SituationProperties.Title,戦争状態
SituationData,0x010000460001C81D,Military_War,SituationProperties.Description,ソードランドとルンブルクの間で続く紛争により、この地域は混乱と不確実性に陥っている。現在、軍隊は敵対的な北方の隣国と激しい戦いを繰り広げており、国家の運命が危うい状態にある。この戦争はソードランドのインフラや経済、そして何よりもその国民に甚大な被害をもたらしている。
SituationData,0x010000460001C855,Military_Wehlen_BorderDefence,SituationProperties.Title,ヴェーレン国境の防衛
SituationData,0x010000460001C855,Military_Wehlen_BorderDefence,SituationProperties.Description,現在、ソードランドとヴェーレンの間の国境を強化するために追加の軍隊が派遣されている。この動きは、緊張感の高まりや潜在的な安全保障上の脅威への懸念、さらにはヴェーレン側で観測される軍事活動の増加を背景に行われているのだ。
SituationData,0x010000460001CAFD,Order_AntiCorruptionTrials,SituationProperties.Title,汚職摘発の捜査
SituationData,0x010000460001CAFD,Order_AntiCorruptionTrials,SituationProperties.Description,汚職捜査局は、最も権力を持ちながら腐敗した人物たちを逮捕する上で非常に高い効果を発揮し、腐敗行為の大幅な減少をもたらした。これにより、かつて腐敗行為に手を染めていた者たちも、捕まって処罰されるリスクが高くなったため、それ以上の不正行為を控える強力な抑止力となっている。
SituationData,0x010000460001CB11,Order_ArmedCitizens,SituationProperties.Title,武装する市民の増加
SituationData,0x010000460001CB11,Order_ArmedCitizens,SituationProperties.Description,最新の統計によると、国内全体で暴力犯罪が急増しており、これが広範な懸念を招き、法執行機関に緊急の対応を促している。最近の報告では、犯罪率の上昇は貧困や社会的格差、ギャング活動といった要因と関連している可能性があると示唆されている。
SituationData,0x0100008E00004956,Order_AutonomousProvincialPolicing_None,SituationProperties.Title,州の自治警察なし
SituationData,0x0100008E00004956,Order_AutonomousProvincialPolicing_None,SituationProperties.Description,現在、全国の警察業務は中央で一元化して調整されており、かつて各州が独自に維持していた自治的な部隊はなくなった。この中央集権化によって国家レベルでの連携と標準化が強化され、法執行の効率が向上し、地域ごとの問題もより一貫した方法で対処されるようになった。
SituationData,0x0100008E0000283E,Order_AutonomousProvincialPolicing_Some,SituationProperties.Title,一部の州に自治警察
SituationData,0x0100008E0000283E,Order_AutonomousProvincialPolicing_Some,SituationProperties.Description,一部の州では独立した警察組織を維持することで自治権を行使している。このような分権化は地域の問題解決に役立つ場合もあるが、国家レベルでの調整や統一化作業を複雑にすることもある。
SituationData,0x0100007400006763,Order_BFF_Threat_Alarming,SituationProperties.Title,差し迫ったBFFの脅威：深刻
SituationData,0x0100007400006763,Order_BFF_Threat_Alarming,SituationProperties.Description,分離主義武装組織であるブルディア自由戦線による直接的な脅威は深刻な水準にまで高まっており、国家の治安機関による即時の対応と行動が求められている。
SituationData,0x0100007400006768,Order_BFF_Threat_Continues,SituationProperties.Title,差し迫ったBFFの脅威：継続
SituationData,0x0100007400006768,Order_BFF_Threat_Continues,SituationProperties.Description,その活動に対抗する努力にもかかわらず、ブルディア自由戦線からの直接的な脅威は依然として存在し、ソードランド内に不安定さと潜在的な危機状態を続けてもたらしている。
SituationData,0x010000740000676D,Order_BFF_Threat_Eliminated,SituationProperties.Title,差し迫ったBFFの脅威：排除
SituationData,0x010000740000676D,Order_BFF_Threat_Eliminated,SituationProperties.Description,かつてブルディア自由戦線がもたらしていた直接的な脅威はすでに排除され、ソードランド内の安全と安定が取り戻された。
SituationData,0x010000460001CB05,Order_BludishProtests,SituationProperties.Title,ブルディア人の抗議
SituationData,0x010000460001CB05,Order_BludishProtests,SituationProperties.Description,政府とブルディア人との間の緊張が高まり、国内の多くの都市で大規模な抗議行動が起こっている。ブルディア人たちは、制度的な抑圧や差別、そして政府機関における代表権の欠如を理由に自らの不満を声高に訴えてきた。冷静かつ平和的な解決を求める声があるものの、抗議行動は時として暴力的な様相を呈し、法執行機関との衝突や財産の破壊が発生している。
SituationData,0x010000460001CB15,Order_BludishQuelled,SituationProperties.Title,ブルディア人の抗議の鎮圧
SituationData,0x010000460001CB15,Order_BludishQuelled,SituationProperties.Description,ブルディア人たちの抗議活動は政府当局によって鎮圧され、抗議の指導者や参加者が逮捕・拘束されたという報告がある。それにもかかわらず、ブルディア人と政府との間の緊張は依然として高く、国際的な観察機関や人権団体からは人権侵害や差別に関する懸念が続けて示されている。
SituationData,0x010000460001CB09,Order_BludishUprising,SituationProperties.Title,ブルディア人の蜂起
SituationData,0x010000460001CB09,Order_BludishUprising,SituationProperties.Description,ベルギアでの抗議活動は、武装した反乱分子の参加と暴力の激化により、急速に本格的な反乱へと発展している。治安部隊は状況を制圧するのに苦戦し、反乱分子たちと激しい衝突を繰り広げている。
SituationData,0x0100008E0000494D,Order_BorderSecurity_Adequate,SituationProperties.Title,十分な国境警備
SituationData,0x0100008E0000494D,Order_BorderSecurity_Adequate,SituationProperties.Description,この国の国境はかなり安全であり、麻薬取引や密輸、不法移民を防ぐための有効な対策が講じられている。課題は依然として存在するものの、現在の防御体制と国境管理によってほとんどの脅威に対応できる水準の安全が維持されている。
SituationData,0x0100008E00004944,Order_BorderSecurity_Strong,SituationProperties.Title,強固な国境警備
SituationData,0x0100008E00004944,Order_BorderSecurity_Strong,SituationProperties.Description,この国の国境は厳重に警備されており、麻薬取引や密輸、不正侵入といった脅威に対する優れた防御力を誇っている。厳格な国境管理と高度な防衛システムによって高水準の安全性が確保され、外部からの危険に対する脆弱性が大幅に低減されている。
SituationData,0x0100008E00002837,Order_BorderSecurity_Weak,SituationProperties.Title,脆弱な国境警備
SituationData,0x0100008E00002837,Order_BorderSecurity_Weak,SituationProperties.Description,この国の国境は脆弱になっており、それが薬物取引や密輸、不法移民の増加を招いている。この状況は、より強力な防御体制とより効果的な国境管理の必要性が極めて高いことを示している。
SituationData,0x0100008E0000285A,Order_BrenasResistance_NonViolent,SituationProperties.Title,ブレナス州の穏健な非暴力抵抗
SituationData,0x0100008E0000285A,Order_BrenasResistance_NonViolent,SituationProperties.Description,サゾン家への処罰の余波とブレナスにかかる様々な圧力が抵抗の火種を生み出している。群衆は非暴力的な方法で自らの不満を訴え、中央指導部の注目を求めて集まってくる。
SituationData,0x010000650000DED6,Order_CentralizedSecurity,SituationProperties.Title,国内治安機構の中央集権化
SituationData,0x010000650000DED6,Order_CentralizedSecurity,SituationProperties.Description,王室は国内のあらゆる治安維持機能を統一された中央集権的な指揮体系の下にまとめ、地方の徴兵と地方警察を解体した。この再編により調整が円滑になり、王国が脅威に対してより効率的かつ一貫性を持って対応する能力が強化される。移行過程では新たな物流面や行政上の課題が生じるものの、地域ごとの分裂を抑制し、国家安全保障に対する王室の直接統制を確立することにもつながっている。
SituationData,0x0100008E00002861,Order_CityStateOfIza_LackOfOrder,SituationProperties.Title,イザ都市国家における秩序の欠如
SituationData,0x0100008E00002861,Order_CityStateOfIza_LackOfOrder,SituationProperties.Description,最近の出来事がイザを圧倒し、この都市国家を混乱に陥れている。様々な集団が不安定な状況を利用しようとする中、地元の法執行機関は秩序を維持するのに苦労している。スー・オミナの活動が活発化することで緊張はさらに高まり、彼らの集会やパトロールが頻繁に見られるようになっている。
SituationData,0x010000460001CAB5,Order_Corruption,SituationProperties.Title,腐敗
SituationData,0x010000460001CAB5,Order_Corruption,SituationProperties.Description,ソードランドに蔓延する汚職は非効率な風土を生み出し、法の支配を弱体化させている。最近汚職と戦うための取り組みが行われているものの、政府官僚から民間企業に至るまで社会のあらゆる層で問題が依然として存在しているという報告がある。これにより公共機関への信頼が欠如し、経済成長や発展が妨げられている。
SituationData,0x010000460001CACD,Order_CorruptionTackled,SituationProperties.Title,汚職への取り組み
SituationData,0x010000460001CACD,Order_CorruptionTackled,SituationProperties.Description,相次ぐ汚職撲滅政策が順調に実施されたことで違法行為が大幅に減少し、それによってシステムの効率性が向上し、ソードランドにおける法の支配が強化された。政府の汚職対策の努力により、著名な汚職関係者が起訴され、同様の行為を企てる者たちへ強い警告が発せられた。
SituationData,0x010000460001CAD1,Order_CrimeWave,SituationProperties.Title,犯罪の急増
SituationData,0x010000460001CAD1,Order_CrimeWave,SituationProperties.Description,多くの地域における不十分な法執行の状況が犯罪活動の増加を招いている。市民たちは、高まる犯罪率と自分たちの住む地域の安全性の欠如にますます不安を感じている。当局は資源や人員の不足により効果的な対応を行うのに苦労しており、この問題は悪化する一方の様相を呈している。
SituationData,0x0100008E000047D5,Order_DastnuristCommunity_Dissatisfied,SituationProperties.Title,不満を抱くダストヌリティ派の共同体
SituationData,0x0100008E000047D5,Order_DastnuristCommunity_Dissatisfied,SituationProperties.Description,啓蒙の道を熱心に守り、聖ダストに従うダストヌリティ派の共同体は、王国内で大きな不満を抱えている。彼らが不満を感じる原因は、「十一の柱」からの逸脱や自分たちの儀式への尊重の欠如と見なされており、それが緊張感の高まりと疎外感を招いているのである。
SituationData,0x0100008E000047A8,Order_DastnuristCommunity_Happy,SituationProperties.Title,満足するダストヌリティ派の共同体
SituationData,0x0100008E000047A8,Order_DastnuristCommunity_Happy,SituationProperties.Description,聖ダストの教えと啓蒙の道に深く根差したダストヌリティ派共同体は、この王国内で調和のとれた生活を送っている。彼らが行う浄化儀式やヌーリティの十一の柱への遵守といった慣習は尊重され、支援されており、それによって共同体内部に帰属意識と満足感が育まれている。
SituationData,0x0100008E000047B1,Order_DastnuristCommunity_Neutral,SituationProperties.Title,中立的なダストヌリティ派の共同体
SituationData,0x0100008E000047B1,Order_DastnuristCommunity_Neutral,SituationProperties.Description,聖ダストの教えとヌーリティの十一の柱に導かれるダストヌリティ派共同体は、この王国において中立の立場を保っている。彼らの伝統や浄化儀式が適切に守られているかについては若干の懸念があるものの、全体的な状況は安定しており、大きな衝突もなければ目立った満足もない。
SituationData,0x010000460001CAB9,Order_DisputeDefenceMinistry,SituationProperties.Title,軍部との対立
SituationData,0x010000460001CAB9,Order_DisputeDefenceMinistry,SituationProperties.Description,内務省と国防省は、国家憲兵隊の管轄権および統制に関して現在法的な争いを繰り広げている。このことが両省間やそれぞれの職員同士の間に緊張を生み出している。この争いはまだ解決されておらず、将来的な不確実性や問題を引き起こす可能性がある。
SituationData,0x0100007400006725,Order_DisputeWithGovernor_Autonomy,SituationProperties.Title,ベルギア地方政府との対立
SituationData,0x0100007400006725,Order_DisputeWithGovernor_Autonomy,SituationProperties.Description,内務省とベルギアの地方政府は、同地域における治安問題の管轄権及び統制に関して現在法的な争いを繰り広げている。ベルギアの特別法により、同地の治安部隊は内務省の管轄下に置かれておらず、これが中央政府との連絡や協力に問題を引き起こしている。
SituationData,0x010000740000671E,Order_DisputeWithGovernor_SpecialZone,SituationProperties.Title,ベルギア総督との対立
SituationData,0x010000740000671E,Order_DisputeWithGovernor_SpecialZone,SituationProperties.Description,内務省とベルギア特別区の総督は、ベルギア地方における治安問題の管轄権及び統制に関して現在法的な争いを繰り広げている。ベルギアの特別法により、同地の治安部隊は内務省の管轄下に置かれておらず、中央政府との連絡や協力に問題が生じている。
SituationData,0x0100008E00004971,Order_DrugTrade_Curtailed,SituationProperties.Title,抑え込まれた麻薬取引
SituationData,0x0100008E00004971,Order_DrugTrade_Curtailed,SituationProperties.Description,協力した薬物対策と厳格化された国境管理により、麻薬取引は大幅に減少した。残っている違法活動も散発的で範囲が限られており、それは効果的な法執行と政策措置の成果を示している。
SituationData,0x0100008E00002868,Order_DrugTrade_Persisting,SituationProperties.Title,根強い麻薬取引
SituationData,0x0100008E00002868,Order_DrugTrade_Persisting,SituationProperties.Description,リジアの麻薬問題は依然として解決されていない。断続的に行われる麻薬取締りや緩い国境管理、その他の安定性に関する問題によって妨げられ、一部地域では違法な取引が依然として盛んに行われており、統一的な対策が求められている。
SituationData,0x0100008E0000497A,Order_DrugTrade_VibrantNode,SituationProperties.Title,活発な麻薬取引の拠点
SituationData,0x0100008E0000497A,Order_DrugTrade_VibrantNode,SituationProperties.Description,この王国は、緩慢な国境管理と一貫性のない法執行によって状況が悪化し、国際的な麻薬取引における重要な拠点となっている。拡大しつつある違法市場は国内の薬物乱用を助長するだけでなく、悪質な国際的勢力も引き寄せており、緊急かつ包括的な対策が求められている。
SituationData,0x0100008E0000493B,Order_ForeignIntelligence_Adequate,SituationProperties.Title,十分な対外情報機関
SituationData,0x0100008E0000493B,Order_ForeignIntelligence_Adequate,SituationProperties.Description,リジアの外国情報機関は、運用上の制約があるにもかかわらず、王国の基本的な安全保障ニーズを満たすことに成功している。彼らは地政学的状況を把握するのに十分な国際情報を収集しているが、より詳細な分析を行うためには改善が必要である。
SituationData,0x0100008E00004932,Order_ForeignIntelligence_Effective,SituationProperties.Title,有能な対外情報機関
SituationData,0x0100008E00004932,Order_ForeignIntelligence_Effective,SituationProperties.Description,この王国の外国情報部門は、これまでの財政的・運営上の制約を克服し、非常に高い効率で活動している。彼らが国際的および地域的な情報を巧みに取り扱うことは、世界の地政学においてリジアが戦略的優位性を維持する上で極めて重要な役割を果たしている。
SituationData,0x0100008E00002830,Order_ForeignIntelligence_Ineffective,SituationProperties.Title,無力な対外情報機関
SituationData,0x0100008E00002830,Order_ForeignIntelligence_Ineffective,SituationProperties.Description,財政的な制約と運営上の不備が外国情報部門を悩ませている。その結果、この王国の治安機関は国際的・地域的な勢力に関する重要な情報を収集するのに苦労し、変化しつつある地政学の状況においてある程度見えにくい状態に置かれている。
SituationData,0x010000C7000004E6,Order_ForeignInterference_Average,SituationProperties.Title,並の外国の干渉
SituationData,0x010000C7000004E6,Order_ForeignInterference_Average,SituationProperties.Description,この王国は外国の軍隊や安全保障条約に依存する度合いを高めており、その防衛体制に外部勢力が介入する形となっている。それでも厳格なメディア規制と文化的な防御策によってほとんどの外国による宣伝活動が抑制され、思想的影響も封じ込められている。
SituationData,0x010000C500000C5B,Order_ForeignInterference_Low,SituationProperties.Title,低い外国の干渉
SituationData,0x010000C500000C5B,Order_ForeignInterference_Low,SituationProperties.Description,リジアは自国の主権をしっかりと守り、外国軍や安全保障協定への依存に抵抗している。政府による監視と地元メディアの強さによって外部からのプロパガンダの影響は限定的であり、国内の論調が世論を形作っている。
SituationData,0x010000C500000C52,Order_ForeignInterference_Strong,SituationProperties.Title,強い外国の干渉
SituationData,0x010000C500000C52,Order_ForeignInterference_Strong,SituationProperties.Description,外国勢力は連携してこの王国における自らの影響力を拡大してきた。民間軍事会社や傭兵集団が戦略的な地域で活動し、政治的プロパガンダが次々と地元メディアを埋め尽くすことで不安定状態や思想的な分裂が助長されている。
SituationData,0x0100008E0000479F,Order_GolcondistCommunity_Dissatisfied,SituationProperties.Title,不満を抱くゴルコンド主義の共同体
SituationData,0x0100008E0000479F,Order_GolcondistCommunity_Dissatisfied,SituationProperties.Description,戦士文化と精神的規律に基づく厳格な生活様式を守るゴルコンド主義の共同体は、リジア国内で大きな困難や不満に直面している。彼らが目指す神聖な社会は社会的規範と衝突し、孤立感や地域社会全体との緊張した関係を招いている。
SituationData,0x0100008E0000478D,Order_GolcondistCommunity_Happy,SituationProperties.Title,満足するゴルコンド主義の共同体
SituationData,0x0100008E0000478D,Order_GolcondistCommunity_Happy,SituationProperties.Description,厳格な精神的修行で知られるゴルコンド主義共同体はリジア内で繁栄しており、自分たちの理想との深い一体感と満足感を抱いている。物質主義を排し集中的な瞑想に専念する生活への彼らの献身は尊重され支援されており、調和のとれた共存に貢献している。
SituationData,0x0100008E00004796,Order_GolcondistCommunity_Neutral,SituationProperties.Title,中立的なゴルコンド主義の共同体
SituationData,0x0100008E00004796,Order_GolcondistCommunity_Neutral,SituationProperties.Description,精神修練と戦士文化を独自に重んじるゴルコンド主義の共同体は、リジアにおいて中立的な立場を保っている。異なる生活様式が原因で時折緊張が生じるものの、全体的にはより広範な社会の中で大きな衝突や特別な満足感もなく共存している。
SituationData,0x010000460001CAD5,Order_HappyPolicePersonnel,SituationProperties.Title,士気の高い警察職員
SituationData,0x010000460001CAD5,Order_HappyPolicePersonnel,SituationProperties.Description,法執行機関の予算増加により警察職員の士気が向上し、政府への支持も高まった。警官たちはソードランドの市民を守り奉仕するという自分たちの役割において価値が認められ、支援されていると感じている。その結果、彼らは職務をより熱心かつ効率的に遂行するようになり、国全体の公共安全の向上に貢献している。政府による法執行機関への投資によって、警官たちはより良い装備や訓練も受けられ、その能力と専門性がさらに高まった。
SituationData,0x0100008E00002822,Order_HouseTorasRegalStability,SituationProperties.Title,トラス家の王権の安定
SituationData,0x0100008E00002822,Order_HouseTorasRegalStability,SituationProperties.Description,何世紀にもわたるトラス家の統治によって、リジアの安定と繁栄という基盤が固められてきた。彼らの長期に及ぶ支配の下で国は発展を遂げ、王族は継続性の象徴として大切にされ、先祖から受け継いだ知恵をもってリジアが現代の様々な課題に立ち向かうための指針となっている。
SituationData,0x010000460001CABD,Order_IllegalImmigration,SituationProperties.Title,違法移民
SituationData,0x010000460001CABD,Order_IllegalImmigration,SituationProperties.Description,ソードランドは現在、増加する移民の流入と、それに対処するための明確な方針の欠如という重大な課題に直面している。政府の優柔不断さが制度上の抜け穴を生み出し、一部の者によって悪用されているのだ。さらに、多くの移民が隣国での紛争や迫害から逃れてきているという事実が状況を複雑にしており、その結果、多数の無許可滞在者が国内に流入し、資源に負担をかけるとともに、一部地域で犯罪率の上昇を招いている。
SituationData,0x010000460001CB19,Order_ImprovedRiotGearQuipment,SituationProperties.Title,改良された暴徒鎮圧装備
SituationData,0x010000460001CB19,Order_ImprovedRiotGearQuipment,SituationProperties.Description,新たな暴動鎮圧装備の導入により、ソードランドの警察部隊は抗議活動、特に暴力的な性質を持つものへの対応における自信を高めている。この新装備にはヘルメット、盾、防弾チョッキといった高度な防御具に加え、催涙ガスやゴム弾といった非致死性武器も含まれている。暴動鎮圧装備の強化された保護機能と能力により、群衆制御がより効果的に行われるようになり、警察官と抗議者の双方の負傷リスクも低下した。
SituationData,0x010000460001CAE1,Order_InexperiencedPoliceRecruits,SituationProperties.Title,経験の浅い新人警察官
SituationData,0x010000460001CAE1,Order_InexperiencedPoliceRecruits,SituationProperties.Description,警察力の急速な拡大により、まだ訓練中の経験不足の新兵が配属されることになった。これにより、特にストレスの高い状況下では彼らの経験の欠如が自身や他者に危険をもたらす可能性があるため、警察組織の有効性について懸念が生じている。
SituationData,0x010000460001CB1D,Order_InfiltratedIntelligence,SituationProperties.Title,国家安全保障の破綻
SituationData,0x010000460001CB1D,Order_InfiltratedIntelligence,SituationProperties.Description,我が国の安全保障が破られたことは、政府にも国民にも大きな懸念をもたらしている。攻撃の規模や深刻度はまだ明らかになっておらず、外国勢力に漏洩した情報の範囲も不明である。
SituationData,0x0100008E00002829,Order_KingsGuardForce_Limited,SituationProperties.Title,限定的な国王親衛隊
SituationData,0x0100008E00002829,Order_KingsGuardForce_Limited,SituationProperties.Description,リジアの君主の私的警護部隊である近衛兵は1個旅団で構成されている。優れた訓練を受けているにもかかわらず、その能力の範囲は限定的である。
SituationData,0x0100008E00004929,Order_KingsGuardForce_Powerful,SituationProperties.Title,強力な国王親衛隊
SituationData,0x0100008E00004929,Order_KingsGuardForce_Powerful,SituationProperties.Description,リジアの君主に配属された私的警護部隊である近衛兵は、その規模を大幅に拡大した。この増強と、彼らが受けている厳格な訓練によって作戦能力が高まり、任務の範囲や活動域を広げることが可能になった。
SituationData,0x010000460001CADD,Order_LargePoliceForce,SituationProperties.Title,増強された警察力
SituationData,0x010000460001CADD,Order_LargePoliceForce,SituationProperties.Description,新たな警察拡大指令により警察力の規模が大幅に増加し、その数は4分の1も拡大されたことで、法執行業務のカバー範囲がより包括的なものとなった。新たな募集人員の加入により、警察は公共の秩序維持や市民の安全確保という増大する要求に対応するためのより良い体制を備えることになった。
SituationData,0x010000460001CB21,Order_LittleSecurityPowers,SituationProperties.Title,治安維持力の不足
SituationData,0x010000460001CB21,Order_LittleSecurityPowers,SituationProperties.Description,懸命な努力にもかかわらず、我が国の警察は権限が限られているため、痛ましい犯罪を防げないことが多い。この状況は国民の間に不満を生み出しており、自分たちを守るためにもっと取り組むべきだと感じている人々が増えている。
SituationData,0x0100006500009F14,Order_MigrationWave_Controlled,SituationProperties.Title,制御された移民の波
SituationData,0x0100006500009F14,Order_MigrationWave_Controlled,SituationProperties.Description,現在、この国では中規模でコントロールされた移住の波が起きている。主に熟練労働者や家族から構成されるこの流入に直面して、リジア当局はスムーズな統合と最小限の混乱の防止に努めている。社会的・経済的安定を維持しながらこれらの新住民を受け入れることは困難ではあるが、対処可能な状況だ。
SituationData,0x0100008E0000284C,Order_MigrationWave_Worsening,SituationProperties.Title,悪化する移民の波
SituationData,0x0100008E0000284C,Order_MigrationWave_Worsening,SituationProperties.Description,リジアは、地域の紛争や緊張によりますます多くの人々が避難を求めて国境内に流入してくるため、深刻化する移民危機に直面している。この大量の流入によって資源やインフラが圧迫され、当局は迅速かつ効果的な対策を講じることを強いられている。
SituationData,0x010000460001CAE9,Order_MinistryOfInteriorStrengthened,SituationProperties.Title,内務省の強化
SituationData,0x010000460001CAE9,Order_MinistryOfInteriorStrengthened,SituationProperties.Description,国家憲兵隊が内務省の管轄下に置かれたことで、同省の内部権力は大幅に強化された。というのも、今や内務省は装備が整い高度な訓練を受けた部隊を掌握しており、その部隊は主に農村地域の法秩序維持を担っているからだ。
SituationData,0x010000460001CB39,Order_Nationwide_Protests,SituationProperties.Title,全国規模の平和的な抗議活動
SituationData,0x010000460001CB39,Order_Nationwide_Protests,SituationProperties.Description,現在、最近の出来事に対する抗議として全国で平和的なデモが行われている。しかし、状況を適切に管理しなければ、これらの平和的な抗議活動がより暴力的なデモへとエスカレートする危険性がある。
SituationData,0x010000460001CB35,Order_Nationwide_Quelled,SituationProperties.Title,全国規模の抗議活動が鎮圧された
SituationData,0x010000460001CB35,Order_Nationwide_Quelled,SituationProperties.Description,治安部隊の献身的な努力により全国的な抗議活動が鎮圧されたことで、国内全土で法と秩序が回復した。政府は抗議者たちの懸念に迅速に対応し、運動の指導者たちと建設的な対話を行った結果、この危機は平和的に解決された。
SituationData,0x010000460001CB31,Order_Nationwide_Revolt,SituationProperties.Title,全国規模の反乱
SituationData,0x010000460001CB31,Order_Nationwide_Revolt,SituationProperties.Description,この国では、最近の出来事を受けて現在、広範囲にわたる暴力的な抗議行動が起きている。状況はますます緊迫しており、制御しなければ国の経済や安定性に大きな被害をもたらす可能性がある。治安部隊は秩序を回復し、さらなる暴力を防ぐために懸命に努力している。
SituationData,0x010000460001CAC1,Order_OrganisedCrime,SituationProperties.Title,組織犯罪
SituationData,0x010000460001CAC1,Order_OrganisedCrime,SituationProperties.Description,コラネリおよびスキナーのカルテルは、その他の危険な犯罪組織と共に、引き続き組織的な犯罪活動を行っており、法執行機関から逃れ続けている。彼らの違法な活動は社会や法の支配に甚大な被害をもたらしており、その活動を止めようとする試みはほとんど成果を上げていない。警察や犯罪対策部門が最大限の努力を払っているにもかかわらず、これらの犯罪ネットワークは罰を受けることなく活動を続けており、市民の間に恐怖と不安感を生み出している。
SituationData,0x010000460001CAED,Order_OrganisedCrimeContained,SituationProperties.Title,組織犯罪が抑制された
SituationData,0x010000460001CAED,Order_OrganisedCrimeContained,SituationProperties.Description,警察の真剣な取り組みによって組織犯罪の活動は大幅に減少し、各ギャング団もその拠点となる都市内で抑え込まれている。警察は組織犯罪に対処するため積極的な姿勢を取り、犯罪組織の主要メンバーを逮捕・起訴することに成功している。さらに、警察は他の法執行機関や国際的なパートナーと協力し、情報を共有しながら作戦を調整し、犯罪活動を妨害している。
SituationData,0x010000460001CAF1,Order_PoliceFactionalism,SituationProperties.Title,警察内の派閥争い
SituationData,0x010000460001CAF1,Order_PoliceFactionalism,SituationProperties.Description,伝統的な警察組織と新たに導入された地域警察の間には一定の緊張が生じており、それが法執行機関内の派閥争いを引き起こしている。地域警察の導入は、地域社会における治安の向上や市民の帰属意識及び責任感の醸成を目的としていた。しかし、この新しい手法は、自らの権威や専門性への脅威と見なす伝統的な警察組織との間に摩擦を引き起こしている。
SituationData,0x010000460001CB2D,Order_PoliceLeniency,SituationProperties.Title,警察の甘い取り締まり
SituationData,0x010000460001CB2D,Order_PoliceLeniency,SituationProperties.Description,国内全体で犯罪率が低下しているという報告があるものの、各地域の警察が緩やかな対応を取っていることについて懸念が出ている。このような姿勢は地域住民の信頼と協力を築くのに役立つかもしれないが、警察業務の誠実さを損ない、犯罪活動が制御されない状態に陥る可能性もある。
SituationData,0x010000460001CAE5,Order_Prisons_Crowded,SituationProperties.Title,刑務所の過密
SituationData,0x010000460001CAE5,Order_Prisons_Crowded,SituationProperties.Description,不安定な状況下で行われた多数の逮捕や、抗議活動の一時停止規定の違反により、国内のほとんどの刑務所が過密状態となっている。この状況は、衛生環境の悪化、医療へのアクセス不足、受刑者間の緊張激化といった深刻な問題を引き起こしている。
SituationData,0x010000460001CB29,Order_Prisons_Uncrowded,SituationProperties.Title,空になった刑務所
SituationData,0x010000460001CB29,Order_Prisons_Uncrowded,SituationProperties.Description,我が国の犯罪率は大幅に低下している。これは、犯罪行為を引き起こす根本的な問題に対処するのに役立った福祉制度の改善や、死刑制度の導入といった様々な要因が組み合わさった結果によるものだ。
SituationData,0x010000460001CAF5,Order_ReductionOfCrimeCommunities,SituationProperties.Title,地域社会での犯罪の減少
SituationData,0x010000460001CAF5,Order_ReductionOfCrimeCommunities,SituationProperties.Description,コミュニティ警察制度の導入により、犯罪率の低下という大きな成果が得られている。地域社会内から信頼できる警官を採用し訓練することで、これまで法執行機関のサービスが及ばなかった地域においても強固な存在感を築くことができた。またこの制度は、警察とそれが奉仕する地域社会との間の関係をより良いものにし、協力やコミュニケーションを向上させる効果もあった。
SituationData,0x0100008E00004968,Order_Revolutionaries_Dangerous,SituationProperties.Title,危険な革命の脅威
SituationData,0x0100008E00004968,Order_Revolutionaries_Dangerous,SituationProperties.Description,ヴァルグスランド、モレラ、コンタナ連邦からの影響によって煽られた革命的思想は、危険な脅威へとエスカレートしている。その勢力の拡大が国内の安定を深刻に危うくしているため、警戒態勢にある防衛軍がこうした集団を抑え込もうと苦闘している。
SituationData,0x0100008E0000495F,Order_Revolutionaries_Growing,SituationProperties.Title,高まる革命の脅威
SituationData,0x0100008E0000495F,Order_Revolutionaries_Growing,SituationProperties.Description,ヴァルグスランド、モレラ、そしてコンタナ連邦からの影響により、革命的な思潮が着実に育っている。その影響力はまだ決定的なものではないものの、これらの集団は勢いを増し、リジアの厳重な防衛体制や国内の安定を脅かしている。
SituationData,0x0100008E00002853,Order_Revolutionaries_NonThreat,SituationProperties.Title,革命の脅威なし
SituationData,0x0100008E00002853,Order_Revolutionaries_NonThreat,SituationProperties.Description,ヴァルグスランド、モレラ、コンタナ連邦からの影響が革命的思想を呼び起こしているが、その全体的な影響力はごくわずかである。警戒心に満ちたリジアの防衛体制と国内の安定により、これら外国の影響を受けた集団はほとんど勢力を拡大することができていない。
SituationData,0x0100006500009D20,Order_SecterianViolence,SituationProperties.Title,宗派間の宗教的暴力
SituationData,0x0100006500009D20,Order_SecterianViolence,SituationProperties.Description,"この王国では、ゴルコンド主義、ダストヌリティ派、ヴルヘック教といった集団を巻き込んだ深刻な宗派間暴力が急増しており、他の宗教集団に対する攻撃も見られる。こうした衝突によって広範な不安定状態が生じ、国家の調和に重大な脅威がもたらされている。

政府は、リジア社会の基盤や宗教的寛容・共存という原則を危険にさらしているこの危機に急ぎ対処しようとしている。"
SituationData,0x010000460001CB25,Order_SomeSecurityPowers,SituationProperties.Title,限定された治安権限
SituationData,0x010000460001CB25,Order_SomeSecurityPowers,SituationProperties.Description,残念ながら、我々の警察力の限界により悲劇的な犯罪の発生率が高くなっているが、状況を改善するため努力を続けている。治安基準を満たさない容疑者の一部が逮捕され、それによって全国の犯罪件数が減少している。
SituationData,0x010000460001CAD9,Order_StreamlinedImmigration,SituationProperties.Title,簡素化された移民手続き
SituationData,0x010000460001CAD9,Order_StreamlinedImmigration,SituationProperties.Description,最新の移民政策は、不法移民対策と合法的な移民手続きの簡素化において大きな進展を遂げている。新しい政策によりこれまで悪用されていたいくつかの抜け道が塞がれ、不法移民の数が減少した。さらに、合法的な移民手続きが簡素化されたことで、この国に合法的に移住したい人々がそれを実現しやすくなっている。
SituationData,0x010000460001CAF9,Order_SubversivesArrested,SituationProperties.Title,破壊分子の逮捕
SituationData,0x010000460001CAF9,Order_SubversivesArrested,SituationProperties.Description,特別高等警察は作戦を実行し、ソードランドの一体性を脅かす転覆活動の容疑者たちを拘束した。彼らの行動は国の安全と安定を守ることを目的としていた。特別高等警察の努力により、ソードランドの市民や制度が被る可能性のある損害が防がれた。
SituationData,0x0100008E00004752,Order_SuOminaActivities_AlliedToCrown,SituationProperties.Title,スー・オミナ：王室と同盟
SituationData,0x0100008E00004752,Order_SuOminaActivities_AlliedToCrown,SituationProperties.Description,スー・オミナは「リジア最優先」というスローガンを掲げ、王室と連携して歴史的領土の回復を図りながら、リジア全土における自らの影響力を拡大している。彼らはヴェゼク、デルディア、モレラの各共同体に対して対立的な行動を取っており、王国各地で巡視や集会を行っている。
SituationData,0x0100008E00004749,Order_SuOminaActivities_Destabilizing,SituationProperties.Title,スー・オミナ：不安定化を招く扇動行為
SituationData,0x0100008E00004749,Order_SuOminaActivities_Destabilizing,SituationProperties.Description,スー・オミナはその過激な民族主義的方針によって今や深刻な脅威となり、王室に挑戦しリジアの社会構造を乱している。彼らの暴力的な手法は、ヴェゼク系、デルディア系、モレラ系のコミュニティを中心に地域社会を破壊し、リジアの安定と国際的評判に深刻な悪影響をもたらしている。
SituationData,0x0100008E00002845,Order_SuOminaActivities_Increase,SituationProperties.Title,スー・オミナ：活動の増加
SituationData,0x0100008E00002845,Order_SuOminaActivities_Increase,SituationProperties.Description,スー・オミナはリジアにおける自らのナショナリスト的影響力を強化し、古代の国境を復活させるという「スー・オミナ」というスローガンを熱心に推進している。かつては非暴力的で、イザでの地域パトロールや集会に重点を置いていた彼らの活動は、今ではヴェゼク、デルディア、モレラ出身の移民や難民を積極的に標的にしている。
SituationData,0x010000460001CB01,Order_TelephoneTapping,SituationProperties.Title,電話盗聴
SituationData,0x010000460001CB01,Order_TelephoneTapping,SituationProperties.Description,ソードランドの特別高等警察は、市民の知らないところで、また同意を得ることなく私的な通信を傍受している。SSPの工作員たちは安全上の理由があると主張しながら、電話で行われる会話を積極的に盗聴し、手紙も監視している。
SituationData,0x010000460001CB0D,Order_UnhappyPolicePersonnel,SituationProperties.Title,不満を抱く警察職員
SituationData,0x010000460001CB0D,Order_UnhappyPolicePersonnel,SituationProperties.Description,内務省の予算を削減するという決定により、警察職員の士気は大幅に低下した。彼らは政府のコスト削減策によって不当な標的にされていると感じているのだ。その結果、より良い給与や労働環境の改善、そして政府からのより多くの支援を求める警察官による抗議やデモの数が増加している。
SituationData,0x0100008E000047E7,Order_ViolentProtests_Brenas,SituationProperties.Title,ブレナス州での暴力的な抗議
SituationData,0x0100008E000047E7,Order_ViolentProtests_Brenas,SituationProperties.Description,重要な経済・文化の中心地であるブレナス地方では激しい抗議行動が起きている。地元住民の不満や移民の増加が引き金となったこれらの騒乱は、サゾン家および中央政府の権威を揺るがしている。
SituationData,0x0100008E000047DE,Order_ViolentProtests_CardesseMontaklar,SituationProperties.Title,カルデス＝モンタクラル州での暴力的な抗議
SituationData,0x0100008E000047DE,Order_ViolentProtests_CardesseMontaklar,SituationProperties.Description,カルデス＝モンタクラルという工業の中心地は激しい抗議行動に見舞われている。地域の近代的な工業と文化的遺産が混在する状況は、自治体の統治や経済政策に対する住民の不満が高まる中で危機に瀕している。
SituationData,0x0100008E00004802,Order_ViolentProtests_NationalDestabilization,SituationProperties.Title,国家の不安定化
SituationData,0x0100008E00004802,Order_ViolentProtests_NationalDestabilization,SituationProperties.Description,リジアは国家の不安定化に直面しており、全ての州で暴力的な抗議行動が勃発している。この広範囲に及ぶ混乱は国の基盤そのものを揺るがしており、同国の歴史における極めて重要な転換点を示している。
SituationData,0x0100008E00004983,Order_ViolentProtests_ReligiousViolence,SituationProperties.Title,広範な宗教的暴力
SituationData,0x0100008E00004983,Order_ViolentProtests_ReligiousViolence,SituationProperties.Description,この王国では広範囲にわたる宗教的暴力が発生しており、複数の地域で異教間の衝突が起きている。宗教を動機とした騒乱の急増は、国の長年にわたる調和と安定を脅かしている。
SituationData,0x0100008E000047F9,Order_ViolentProtests_RiziaImperii,SituationProperties.Title,リジア・インペリイでの暴力的な抗議
SituationData,0x0100008E000047F9,Order_ViolentProtests_RiziaImperii,SituationProperties.Description,ポルテ・ドラゾンとブロナズを含むリジア・インペリイでは激しい抗議活動が起きている。リジアの統治および経済力の中心部で発生しているこれらの騒乱は、統制力の著しい喪失と深刻化する国家危機を示している。
SituationData,0x0100008E000047F0,Order_ViolentProtests_Valenqiris,SituationProperties.Title,ヴァレンキリス州での暴力的な抗議
SituationData,0x0100008E000047F0,Order_ViolentProtests_Valenqiris,SituationProperties.Description,リジアの経済にとって極めて重要な地域であるヴァレンキリスでは、激しい抗議活動が起きている。この経済的に重要かつ文化的に豊かな州での騒乱は大きな混乱を引き起こしており、それはより広範な国家危機を反映している。
SituationData,0x0100007400006748,Order_ViolentSuppression,SituationProperties.Title,緊急対象への暴力的な鎮圧
SituationData,0x0100007400006748,Order_ViolentSuppression,SituationProperties.Description,最近、警察と武装した民間人たちとの協力により、国家の敵やその他の不要な集団の活動は著しく減少した。報告によると、この協力の一環として実施された作戦は迅速かつ断固として行われたが、志願者たちの行動によってますます暴力的なものとなっていった。
SituationData,0x0100006500009DA6,Order_Wehlen_BludBan,SituationProperties.Title,国境からブルディア人のみを締め出す
SituationData,0x0100006500009DA6,Order_Wehlen_BludBan,SituationProperties.Description,"実施されている政策とは、ブルディア人のみをリジア領内への入国から禁止するものである。これはヴェーレンの要請に対する直接的な対応と見なされており、BFFとの間で高まる緊張状態と関連している。

この措置は国際的な非難を招くとともに民族間の緊張を激化させ、差別や周辺地域での衝突拡大の可能性について懸念が高まっている。"
SituationData,0x0100006500009DAF,Order_Wehlen_BludDerdianBan,SituationProperties.Title,国境からブルディア人とデルディア人の双方を締め出す
SituationData,0x0100006500009DAF,Order_Wehlen_BludDerdianBan,SituationProperties.Description,リジアは治安対策を強化し、ブルディア人とデルディア人の両方に対して入国禁止措置を拡大した。地域の不安定さが高まっていることを反映したこの過激な政策により、外交上の緊張が一層激しくなり、広範囲にわたる抗議活動が起きており、同地域における民族的・地政学的な緊張の深刻さが浮き彫りになっている。
SituationData,0x010000460001CAC9,Order_WideRangingSecurityPowers,SituationProperties.Title,幅広い治安権限
SituationData,0x010000460001CAC9,Order_WideRangingSecurityPowers,SituationProperties.Description,新たに発令された非常事態令により、法執行機関には広範な権限が与えられ、ほとんど制約を受けることなく権力を行使できるようになった。政府は、法と秩序を維持し国民の安全を守るためにはこれらの措置が必要だと主張している。
SituationData,0x0100008E000047BA,Order_WruhecistCommunity_Dissatisfied,SituationProperties.Title,不満を抱くヴルヘック教徒の共同体
SituationData,0x0100008E000047BA,Order_WruhecistCommunity_Dissatisfied,SituationProperties.Description,ヴルヘック教徒の共同体は、その信仰において「好奇心」と「懐疑心」を重んじているが、深い不満を抱いている。彼らの不満の原因は、自分たちの解釈に基づく宗教的実践やゴルコンダ哲学への認識と支援が欠如していると感じていることにある。
SituationData,0x0100008E000047C3,Order_WruhecistCommunity_Happy,SituationProperties.Title,満足するヴルヘック教徒の共同体
SituationData,0x0100008E000047C3,Order_WruhecistCommunity_Happy,SituationProperties.Description,ヌーリティ教に対する解釈的なアプローチを採用しているヴルヘック教共同体は調和のとれた生活を送っている。彼らの包括的な慣行やゴルコンダへの重視は高く評価され支援されており、満足感と帰属意識を育んでいる。
SituationData,0x0100008E000047CC,Order_WruhecistCommunity_Neutral,SituationProperties.Title,中立的なヴルヘック教徒の共同体
SituationData,0x0100008E000047CC,Order_WruhecistCommunity_Neutral,SituationProperties.Description,ヴルヘック教の共同体は中立的な立場を保ち、好奇心と懐疑心を重視しながら信仰を実践している。彼らの信念の表現に関して些細な問題はあるものの、全体的には大きな衝突や特別な満足感もなく平和的に共存している。
SituationData,0x010000650000E919,Welfare_AddictionCrisis,SituationProperties.Title,依存症の危機
SituationData,0x010000650000E919,Welfare_AddictionCrisis,SituationProperties.Description,社会において依存症が急速に広がっている。人々は苦しんでおり、解決策を求めて政府のもとへ向かっている。
SituationData,0x010000460001CA71,Welfare_AlcoholConsumptionReduced,SituationProperties.Title,飲酒量の減少
SituationData,0x010000460001CA71,Welfare_AlcoholConsumptionReduced,SituationProperties.Description,全国で酒税が引き上げられたことにより、アルコール飲料の消費量や輸入量が大幅に減少した。国内全体で起きている酒関連犯罪のこの予期せぬ減少は、法執行機関も市民も同様に歓迎している。
SituationData,0x010000460001CA51,Welfare_BrainDrain,SituationProperties.Title,人材流出
SituationData,0x010000460001CA51,Welfare_BrainDrain,SituationProperties.Description,政府が教育や雇用機会に十分な重視を払わないため、多くの優秀な学生が他国へ移住することになった。この人材流出は、同国の知的資本および経済に悪影響を与えている。
SituationData,0x010000460001CA75,Welfare_ChildrenBenefits,SituationProperties.Title,児童手当
SituationData,0x010000460001CA75,Welfare_ChildrenBenefits,SituationProperties.Description,全国において学生の数が著しく増加している。以前は経済的に苦労していた多くの家族が、今では子供たちの教育や医療のための財政的支援を受けられるようになり、彼らが健やかに成長できる環境が整っている。こうした取り組みの結果、識字率は毎年4％ずつ上昇する見込みだ。どんな経済状況にあろうとも、すべての子供が質の高い教育と医療を受けられるようになっている。
SituationData,0x0100008E000048A5,Welfare_DastnuristWelfareAccess_Denied,SituationProperties.Title,ダストヌリティ派の信徒への福祉サービスの拒否
SituationData,0x0100008E000048A5,Welfare_DastnuristWelfareAccess_Denied,SituationProperties.Description,ダストヌリティ派の共同体は、国家によって必要な福祉サービスへのアクセスが拒否されるという深刻な状況に直面している。この厳しい排除措置により彼らの脆弱性はさらに悪化し、彼らと社会の他の部分との間の隔たりも深まっている。
SituationData,0x0100008E00004893,Welfare_DastnuristWelfareAccess_Restricted,SituationProperties.Title,ダストヌリティ派の信徒への福祉サービスの制限
SituationData,0x0100008E00004893,Welfare_DastnuristWelfareAccess_Restricted,SituationProperties.Description,ダストヌリティ派の共同体は、国家の福祉サービスを利用する際に制限が設けられている。完全に排除されているわけではないものの、こうした制約が大きな困難をもたらし、彼らの生活水準に悪影響を及ぼし、社会的緊張を高めている。
SituationData,0x0100008E0000287B,Welfare_DastnuristWorshipPlaces_Overcrowded,SituationProperties.Title,ダストヌリティ派の礼拝施設の過密
SituationData,0x0100008E0000287B,Welfare_DastnuristWorshipPlaces_Overcrowded,SituationProperties.Description,リジアにおけるダストヌリティ派の聖堂への需要が急増しており、その様子は明らかである。既存の礼拝所では過密状態に苦しんでいる。信者たちは増え続ける信徒数に対応するため、新しく広大な聖堂を建設するよう強く要求している。
SituationData,0x010000460001CA55,Welfare_DentalCare,SituationProperties.Title,歯科医療計画
SituationData,0x010000460001CA55,Welfare_DentalCare,SituationProperties.Description,新たな無料歯科医療サービスが導入され、市民は料金を払わずに歯科医のもとを訪れて治療を受けることができるようになった。これにより、歯科的な問題で苦しむ人々の数を減らし、彼らの全体的な生活の質を向上させることが可能になるだろう。
SituationData,0x010000460001CA79,Welfare_DisabilityBenefits,SituationProperties.Title,障害手当
SituationData,0x010000460001CA79,Welfare_DisabilityBenefits,SituationProperties.Description,多くのソードランド人が障害手当によって恩恵を受け、生計を立てている。さらに、消防や法執行といった危険な職業に就く者も以前より増えている。これは、こうした手当がもたらす経済的安定が一因である。
SituationData,0x010000460001CA31,Welfare_EducationGap,SituationProperties.Title,教育格差
SituationData,0x010000460001CA31,Welfare_EducationGap,SituationProperties.Description,民間主導の教育制度への移行は、同国の社会的・経済的福祉に与える影響を巡って懸念が高まっている。この民営化により、豊かな資金力を持つ層が質の高い教育を受けやすくなるため、社会の富裕層とそうでない層との間の教育格差が拡大している。さらに、この格差は不平等を恒常化し社会的流動性の機会を制限することで、社会的不安定を引き起こす可能性もある。
SituationData,0x010000460001CA7D,Welfare_Education_Scholarship,SituationProperties.Title,教育奨学金
SituationData,0x010000460001CA7D,Welfare_Education_Scholarship,SituationProperties.Description,この奨学金によって、多くの学生が大学での学業を続けることができている。ソードランドの多くの大学で学ぶために必要な費用はかなり高額であり、この奨学金が学生やその家族の経済的負担を軽減するのに役立っている。この取り組みによって、より多くの人々が高等教育を受けられるようになり、より教育水準が高く技能のある労働力の育成が促進されている。
SituationData,0x0100006500009E55,Welfare_Environmental_Protection,SituationProperties.Title,環境保護措置
SituationData,0x0100006500009E55,Welfare_Environmental_Protection,SituationProperties.Description,王室はアルフェルデ地方の全域で新たな環境保護策を実施しており、これはメフティエム国際貿易区（MITZ）の過度な経済活動がもたらす生態系への負荷を食い止めるための重要な取り組みとなっている。
SituationData,0x010000460001CA5D,Welfare_EpidemicControlled,SituationProperties.Title,流行の抑制
SituationData,0x010000460001CA5D,Welfare_EpidemicControlled,SituationProperties.Description,保健省による熱心な取り組みと迅速な予防対策のおかげで、国内に広がっていた流行病は現在抑制されている。同省は、疾病の拡大を防ぐために衛生管理基準の強化、検疫手順の徹底、そして公衆向け啓発キャンペーンなど、様々な措置を実施した。さらに、流行病の効果的な管理に不可欠だった医療資源や機器の供給増加にも力を入れた。
SituationData,0x010000460001CA61,Welfare_EpidemicPrevented,SituationProperties.Title,流行の防止に成功
SituationData,0x010000460001CA61,Welfare_EpidemicPrevented,SituationProperties.Description,保健省の迅速な対応と効果的な措置により、疫病の拡大が防がれ、ソードランドでの大規模な健康危機を回避することができた。同省による厳格な規程や指針の実施のおかげで、この国は疾病の拡散を食い止め、感染率を低く保つことができた。医師、看護師、その他の医療スタッフを含む医療従事者たちの疲れ知らずの努力も、疫病との闘いにおいて極めて重要な役割を果たした。
SituationData,0x010000460001CA65,Welfare_EpidemicSpreads,SituationProperties.Title,流行の拡大
SituationData,0x010000460001CA65,Welfare_EpidemicSpreads,SituationProperties.Description,保健省は、かつて都市内で封じ込められていた疫病が今やその境界を越えて拡大しているという課題に直面している。状況を抑え込もうとする努力にもかかわらず、このウイルスは封じ込めるのが非常に困難であることが判明している。同省は他の機関や組織と協力し、この流行に対抗しさらなる拡大を防ぐための新たな戦略を策定している。状況は綿密に監視されており、政府は国民の安全と福祉を確保するために必要な措置を講じている。
SituationData,0x010000460001CA69,Welfare_EyeTests,SituationProperties.Title,住民向け視力検査
SituationData,0x010000460001CA69,Welfare_EyeTests,SituationProperties.Description,保健省は、必要とするすべての国民に無料の眼科検査と補助付き眼鏡を提供する新たなプログラムを実施している。この取り組みは、眼科医療へのアクセスを向上させ、経済的な障壁なく誰もが必要な治療を受けられるようにすることを目的としている。これらのサービスを提供することで、保健省は目に関する健康問題の発生率を減少させ、ソードランドの国民全体の生活の質を向上させたいと考えている。このプログラムの実施により、より多くの国民が眼科医療を受け、必要な治療を受けられるようになり、最終的には全体としての健康状態が改善されることが期待されている。
SituationData,0x010000460001CA6D,Welfare_FailedEducationReform,SituationProperties.Title,教育改革の失敗
SituationData,0x010000460001CA6D,Welfare_FailedEducationReform,SituationProperties.Description,教育省による不十分な対策の実施は失敗に終わり、資金不足のため教育制度に混乱が生じている。教育分野は国の社会・経済発展において極めて重要な役割を果たしており、この失敗がもたらす悪影響は既に現れ始めている。教育制度の非効率さにより教育の質が大幅に低下し、質の高い教育を受けられる者とそうでない者との間の格差が広がっている。
SituationData,0x010000460001CA85,Welfare_FreePublicTransport,SituationProperties.Title,市民の移動の自由の拡大
SituationData,0x010000460001CA85,Welfare_FreePublicTransport,SituationProperties.Description,新しい法律が施行されたおかげで、ソードランドの雇用率は大幅に上昇した。この法律により、国内のあらゆる地域に住む人々がより容易に職場へ通うことが可能になり、距離や交通上の制約からこれまで仕事に就けなかった人々にも新たな雇用機会が生まれた。これにより全体の雇用率が向上するだけでなく、より多くの人々が労働力として参加し経済成長に貢献できるようになったため、国の経済にも好影響を与えている。
SituationData,0x010000460001CA05,Welfare_FundingDisruption,SituationProperties.Title,福祉予算の途絶
SituationData,0x010000460001CA05,Welfare_FundingDisruption,SituationProperties.Description,現在続いている経済危機は、福祉制度を維持しようとする政府の取り組みに大きな課題をもたらしている。予算の制約がこれらの制度の効率性に影響を与え、提供されるサービスの質の低下を招いている。こうした状況は、基本的な生活を維持するためにこれらの制度に依存している多くの市民にとって切実な問題となっている。政府は、これらの制度が引き続き効果的に運営されるよう、代替的な資金調達方法やコスト削減策を模索している。
SituationData,0x010000460001CA89,Welfare_GenderEqualityInEducation,SituationProperties.Title,教育におけるジェンダー平等
SituationData,0x010000460001CA89,Welfare_GenderEqualityInEducation,SituationProperties.Description,ジェンダー平等法は教育制度に大きな影響を与え、女子学生の数が著しく増加した。しかし、こうした進展があったにもかかわらず、国内各地で依然として学生間の差別が報告されている。あらゆる性別の学生が学習環境において安全で支援を受けられるようにするためには、さらなる取り組みが必要であることは明らかだ。政府と教育機関はこの問題に対処し、差別を経験する学生たちに支援を提供するために協力している。
SituationData,0x0100008E0000489C,Welfare_GolcondistWelfareAccess_Denied,SituationProperties.Title,ゴルコンド主義の信徒への福祉サービスの拒否
SituationData,0x0100008E0000489C,Welfare_GolcondistWelfareAccess_Denied,SituationProperties.Description,リジアにおけるゴルコンド主義共同体は深刻な差別に直面しており、国家によって必要な福祉サービスの利用が積極的に拒否されている。この露骨な排除行為によって社会的な亀裂が深まり、このマイノリティ集団は絶望的な状況に追い込まれ、社会全体の緊張も高まっている。
SituationData,0x0100008E00002896,Welfare_GolcondistWelfareAccess_Restricted,SituationProperties.Title,ゴルコンド主義の信徒への福祉サービスの制限
SituationData,0x0100008E00002896,Welfare_GolcondistWelfareAccess_Restricted,SituationProperties.Description,ゴルコンド主義の信徒は深刻な差別に直面しており、国家によって福祉サービスへのアクセスが制限されている。このような意図的な排除は社会的な分裂を深め、すでに周辺化されているこの集団の脆弱性をさらに悪化させている。
SituationData,0x0100008E0000289D,Welfare_GolcondistWorshipAccess_Denied,SituationProperties.Title,ゴルコンド主義の礼拝施設への立ち入り拒否
SituationData,0x0100008E0000289D,Welfare_GolcondistWorshipAccess_Denied,SituationProperties.Description,冒涜罪法に基づき、ゴルコンド主義者たちの宗教的自由は著しく制限されている。国家によって彼らの礼拝場所が厳しく規制されており、信仰を実践することは非常に困難な状況となっている。
SituationData,0x0100008E0000488A,Welfare_GolcondistWorshipAccess_Restricted,SituationProperties.Title,ゴルコンド主義の礼拝施設への立ち入り制限
SituationData,0x0100008E0000488A,Welfare_GolcondistWorshipAccess_Restricted,SituationProperties.Description,リジアにいるゴルコンド主義者たちは、信仰を実践する上で大きな困難に直面しており、国家によって彼らの礼拝場所に制約が課されている。こうした規制により共同体内に不安感が生まれ、彼らが自由に宗教活動を行う能力に影響が出ている。
SituationData,0x0100008E000048B7,Welfare_GolcondistWorshipAccess_Unrestricted,SituationProperties.Title,ゴルコンド主義の礼拝施設への自由な立ち入り
SituationData,0x0100008E000048B7,Welfare_GolcondistWorshipAccess_Unrestricted,SituationProperties.Description,リジアにおけるゴルコンド主義者たちは、自らの礼拝場所へのアクセスを妨げられることなく享受している。国家の緩やかな姿勢により、彼らは大きな干渉を受けることなく信仰を実践でき、共同体内に宗教的自由の意識が育まれている。
SituationData,0x010000460001CA1D,Welfare_GoodUrbanInstitutions,SituationProperties.Title,充実した都市の公共施設
SituationData,0x010000460001CA1D,Welfare_GoodUrbanInstitutions,SituationProperties.Description,ソードランドは国民の福祉を守るため、都市部に資金力のある福祉施設を整備している。これらの施設は、高齢者、障害者、経済的困窮に直面している人々など、支援が必要な人々にサービスを提供することを目的としている。政府は、こうした施設が十分な設備を備え、必要な援助を行える訓練を受けた専門家によって運営されるよう、多大な投資を行っている。
SituationData,0x010000460001CA21,Welfare_HappyEducationWorkers,SituationProperties.Title,満足する教育従事者
SituationData,0x010000460001CA21,Welfare_HappyEducationWorkers,SituationProperties.Description,教育予算を増やすという決定は、教育分野から好意的な反応を呼んでいる。教師や校長、その他の教育関係者たちは、政府が教育を優先していることに満足し、より一層の支援を示している。追加された資金によって学校のインフラや教材、教育の質が向上し、それによって全国の生徒たちが恩恵を受けることになる。この教育への投資は、同国の経済や社会発展にも長期的に良い影響を与えると期待されている。
SituationData,0x010000460001CA25,Welfare_HappyHealthWorkers,SituationProperties.Title,意欲的な医療従事者
SituationData,0x010000460001CA25,Welfare_HappyHealthWorkers,SituationProperties.Description,最近の医療サービス向け資金拡大は、医師や看護師、その他の医療従事者たちから好意的に受け入れられている。これにより医療分野の士気が向上し、彼らの政府への支持も高まった。追加された資金によって、必要な医療機器や薬剤の確保を含む、患者へのケアの質向上も実現している。その結果、全国の患者たちが自分たちの医療体験の質が向上したと報告している。
SituationData,0x010000460001CA29,Welfare_HealthCrisis,SituationProperties.Title,医療危機
SituationData,0x010000460001CA29,Welfare_HealthCrisis,SituationProperties.Description,ソードランドにおける健康危機は、医療サービスへの資金不足と悪い運営によってさらに悪化し、死亡率の上昇、治療の遅れ、そして混乱が生じている。政府は保健分野への資金配分が不十分であるとして批判を受けており、その結果、資源の不足、医療スタッフの過重労働、患者に適切な治療を提供できない状況が生まれている。この状況は市民や医療従事者の間に不安を招き、彼らは危機に対処するための緊急措置を求めている。
SituationData,0x010000460001CA2D,Welfare_HealthGap,SituationProperties.Title,健康格差
SituationData,0x010000460001CA2D,Welfare_HealthGap,SituationProperties.Description,ソードランドにおける医療の民営化という決定により、異なる社会経済層間で医療サービスへのアクセスに不平等が生じている。裕福な地域の住民は最高水準の医療を受けられる一方、貧困層の人々は基本的な医療さえ得るのに苦労している。このような医療アクセスの不平等は、国全体の健康状態に悪影響を及ぼし、富める者と貧しい者との格差をさらに拡大させる可能性がある。
SituationData,0x010000460001CA4D,Welfare_Health_Scholarships,SituationProperties.Title,医療教育の奨学金
SituationData,0x010000460001CA4D,Welfare_Health_Scholarships,SituationProperties.Description,新たな健康教育奨学金制度により、何千人もの学生がかつてないほど高等教育の機会を得ることができている。この制度はソードランドにおける医療専門家の数を増やし、医療の全体的な質を向上させることを目的としている。奨学金は、看護、医学、歯科といった様々な分野で医療系の学位を取得しようとする学生の授業料、教科書代、その他関連費用を支えている。これまで夢を追う余裕がなかった多くの人々に道を開いたため、この制度は学生や医療専門家の両方から好意的な反応を得ている。
SituationData,0x010000460001CA8D,Welfare_HousingAssistance,SituationProperties.Title,路上生活者の減少
SituationData,0x010000460001CA8D,Welfare_HousingAssistance,SituationProperties.Description,新たに可決された法律は、苦境に立つ中低所得世帯に必要不可欠な支援をもたらし、街頭で生活するホームレスの数が急激に減少した。この法律では、経済的援助や住宅補助、職業訓練プログラムといった様々な恩恵が提供され、困っている人々が立ち直るのを支援している。この法律の良い影響は非常に大きく、これまで生計を立てるのに苦労していた多くの市民に希望の光を与えている。
SituationData,0x010000A1000005BA,Welfare_Housing_FairHousingMarket,SituationProperties.Title,公平な住宅市場
SituationData,0x010000A1000005BA,Welfare_Housing_FairHousingMarket,SituationProperties.Description,住宅市場は著しい安定性と公平性を誇り、手頃な価格の住宅が多種多様に用意されている。効果的な国家政策によって供給と需要がうまくバランスづけられており、さまざまな層の人々が容易に住宅を手に入れられる環境が保たれている。
SituationData,0x0100008E00002886,Welfare_Housing_LackOfAffordable,SituationProperties.Title,低廉な住宅の不足
SituationData,0x0100008E00002886,Welfare_Housing_LackOfAffordable,SituationProperties.Description,住宅市場はますます逼迫し、多くの市民が手頃な価格の住居を手に入れることができなくなっている。急速な都市化と限定的な国家の介入により住宅不足が悪化し、数多くの家族が不安定な生活環境に追い込まれている。
SituationData,0x010000A1000005B1,Welfare_Housing_WorseningCrisis,SituationProperties.Title,悪化する住宅危機
SituationData,0x010000A1000005B1,Welfare_Housing_WorseningCrisis,SituationProperties.Description,国内では深刻な住宅危機が発生しており、手の届かないほど高い家賃や適切な住居の著しい不足がその特徴となっている。この悪化する状況によりホームレスが増加し、多くの市民が大きな苦痛を抱えており、それが全体的な生活水準にも影響を与えている。
SituationData,0x0100008E000028A4,Welfare_IllegalSubstanceAbuse_Average,SituationProperties.Title,平均的な違法薬物の乱用
SituationData,0x0100008E000028A4,Welfare_IllegalSubstanceAbuse_Average,SituationProperties.Description,国家の取り組みにもかかわらず、リジアでは違法な薬物乱用がまだ中等度の水準にとどまっている。多くの国民は薬物に手を出していない一方で、相当数の人々が依然として依存症に苦しんでおり、これが社会の様々な層から懸念を招いている。
SituationData,0x0100008E00004881,Welfare_IllegalSubstanceAbuse_High,SituationProperties.Title,違法薬物使用の多さ
SituationData,0x0100008E00004881,Welfare_IllegalSubstanceAbuse_High,SituationProperties.Description,この王国では深刻な薬物乱用の問題に直面しており、人口の大部分が依存症と戦っている。この広範囲にわたる問題は社会の様々な分野で警戒心を呼び起こしており、オピオイド危機がますます深刻化していることを示している。
SituationData,0x0100008E000048D2,Welfare_IllegalSubstanceAbuse_Low,SituationProperties.Title,違法薬物使用の少なさ
SituationData,0x0100008E000048D2,Welfare_IllegalSubstanceAbuse_Low,SituationProperties.Description,違法な薬物乱用は比較的抑制されており、人口の大多数がその使用を控えている。国家による効果的な対策と薬物乱用に対する社会の意識の高さから、依存症の発生率も低く抑えられている。
SituationData,0x010000460001CA35,Welfare_ImprovedRuralSchools,SituationProperties.Title,改善された農村部の学校
SituationData,0x010000460001CA35,Welfare_ImprovedRuralSchools,SituationProperties.Description,最近、農村地域の学校に対して行われた投資により、提供される教育の質が著しく向上した。教室はより広くなり、近代的な教材も整備されたことで、これらの地域の生徒たちが大いに恩恵を受けている。こうした取り組みによって都市部と農村部の間の教育格差が縮まり、すべての人がより容易に教育を受けられるようになった。この改善の結果、農村地域の学校への入学者数が増え、これらの地域全体の教育水準も着実に上昇している。
SituationData,0x010000460001CA11,Welfare_ImprovedWorkingConditions,SituationProperties.Title,労働環境の改善
SituationData,0x010000460001CA11,Welfare_ImprovedWorkingConditions,SituationProperties.Description,最低賃金、週間労働時間の上限、残業手当、職業上の危険からの保護、そしてすべての労働者に対する平等な権利を定めた労働者権利改革は、いくつかの潜在的な好結果をもたらした。1時間あたり2.5ソードランド・レンという最低賃金を設定することで、低所得の労働者もまともな生活を送ることができ、それによって貧困や社会的格差の緩和が図られる。
SituationData,0x010000460001CA49,Welfare_InconsistentCurriculum,SituationProperties.Title,一貫性のない教育課程
SituationData,0x010000460001CA49,Welfare_InconsistentCurriculum,SituationProperties.Description,歴代政権の方針の違いが、ソードランドにおける教育制度の一貫性の欠如を招いている。このような不一致は生徒たちに混乱をもたらし、不完全な教育しか受けられない可能性がある。また、異なるカリキュラムがそれぞれ異なる基準を持つため、生徒たちが受ける教育の質にも影響を及ぼす。その結果、異なるカリキュラムを採用する学校に通う生徒たちの間に教育的な格差が生じることになる。
SituationData,0x010000460001CA09,Welfare_IncreasedDepression,SituationProperties.Title,うつ病の増加
SituationData,0x010000460001CA09,Welfare_IncreasedDepression,SituationProperties.Description,最近の税金引き上げとそれに伴う一部製品の値上げは、国民のメンタルヘルスに悪影響を与えている。報告によると、市民の間で心理的なうつ症状が大幅に増加しているという。これは生産性や生活の質に長期的な影響を及ぼす可能性があり、この問題に対処するための措置が求められている。
SituationData,0x010000460001CA91,Welfare_IronLungsForPolio,SituationProperties.Title,ポリオの死亡率が抑制された
SituationData,0x010000460001CA91,Welfare_IronLungsForPolio,SituationProperties.Description,何百万台もの鉄の肺（人工呼吸器）の購入により、ポリオに罹患したソードランドの国民たちの健康状態に好影響がもたらされた。この種の機器が必要な患者たちは、医療専門家が適切な治療を施すまで生き延びることが可能になった。その結果、ポリオによる死亡率は大幅に低下し、国民全体の健康状態が改善された。
SituationData,0x010000460001CA19,Welfare_LackOfAccessRuralEducation,SituationProperties.Title,利用しにくい農村部の教育
SituationData,0x010000460001CA19,Welfare_LackOfAccessRuralEducation,SituationProperties.Description,ソードランドの農村地域では、教育へのアクセスが困難であることが大きな問題となっている。小さな村や町と最寄りの学校との距離が遠いため、多くの子供たちが定期的に学校に通うことが難しいのだ。これにより農村部と都市部の間で教育機会に大きな格差が生じており、それが国の社会的・経済的発展に長期的な影響を及ぼす可能性がある。
SituationData,0x010000460001CA15,Welfare_LackOfQualityRuralHealthcare,SituationProperties.Title,質の低い農村部の医療
SituationData,0x010000460001CA15,Welfare_LackOfQualityRuralHealthcare,SituationProperties.Description,ソードランドの未発達な農村地域では、質の高い医療サービスを受ける上で大きな困難に直面している。基本的な衛生設備や医療施設が不足しているため、多くの病気や死亡事故が発生し、深刻な公衆衛生上の問題となっている。また、これらの地域では医療スタッフも不足しており、住民に迅速かつ効率的な医療を提供することが一層困難になっている。
SituationData,0x0100008E0000288F,Welfare_LivingStandards_Average,SituationProperties.Title,平均生活水準
SituationData,0x0100008E0000288F,Welfare_LivingStandards_Average,SituationProperties.Description,貴族階級は豪華な生活を送っているが、リジアの一般民衆は質素な日々を送っている。市民の大半は基本的なインフラや教育、医療サービスを利用できるものの、多くの人にとって贅沢品は手の届かないものであり、まずまずの繁栄状態と言える。
SituationData,0x0100008E000048DB,Welfare_LivingStandards_Bad,SituationProperties.Title,劣悪な生活水準
SituationData,0x0100008E000048DB,Welfare_LivingStandards_Bad,SituationProperties.Description,リジアの一般市民の生活水準は急激に低下し、多くの人々が基本的な生活施設さえ利用するのも困難な状況にある。貴族階級の豪華な暮らしとの著しい対照は、ますます広がる格差を浮き彫りにしており、教育や医療も普遍的な権利ではなく特権と化している。
SituationData,0x0100006500009EA4,Welfare_LivingStandards_Good,SituationProperties.Title,良好な生活水準
SituationData,0x0100006500009EA4,Welfare_LivingStandards_Good,SituationProperties.Description,"一般民衆は快適な生活水準を享受しており、必要なインフラや適度な贅沢品にもアクセスできる。住居、医療、教育といった基本的なニーズは十分に満たされており、それが安定し満足感のある社会を形成している。

多少の格差は存在するものの、貴族層と一般市民との間の差はそれほど大きくなく、共通の繁栄と社会的調和が保たれている。"
SituationData,0x0100008E000048C0,Welfare_LivingStandards_Great,SituationProperties.Title,優れた生活水準
SituationData,0x0100008E000048C0,Welfare_LivingStandards_Great,SituationProperties.Description,リジアの市民は高い生活水準を享受しており、基本的なインフラだけでなく様々な贅沢品にも広くアクセスできる。このような繁栄の度合いは、教育や医療、そして全体的な生活の質が平均を大きく上回り、貴族層と一般民衆との間の格差を埋めている社会を反映している。
SituationData,0x0100006500009E9B,Welfare_LivingStandards_Horrible,SituationProperties.Title,ひどい生活水準
SituationData,0x0100006500009E9B,Welfare_LivingStandards_Horrible,SituationProperties.Description,"一般市民は深刻な苦難に直面しており、生活水準は警戒すべきレベルまで急落している。適切な住居、清潔な水、信頼できる食料といった基本的なニーズも、多くの人々にとってますます手の届かないものとなっている。苦境にある大多数の民衆と裕福な貴族階級との間の格差はこれまで以上に顕著となり、質の高い教育や医療を受けられることはほとんどの人々にとって遠い夢となっている。

この極端な不平等は社会的緊張を悪化させ、富と特権によって深く分断された社会の暗い姿を浮き彫りにしている。"
SituationData,0x010000460001CA95,Welfare_LowerRetirementAge,SituationProperties.Title,若い世代向けの新たな職が創出される
SituationData,0x010000460001CA95,Welfare_LowerRetirementAge,SituationProperties.Description,ソードランドでは高齢者の多くが退職することにより人口構成に変化が起きている。高齢の労働力が若く体力のある人々に置き換わったため、職場での事故も減少している。さらに、若い世代向けの新しい雇用機会が生まれ、雇用や経済成長の機会が増えている。
SituationData,0x010000460001CA39,Welfare_MedicalSchool,SituationProperties.Title,最先端の医科大学
SituationData,0x010000460001CA39,Welfare_MedicalSchool,SituationProperties.Description,新たな取り組みのもと、高度な設備と優秀な教授陣を備えた新しい医科大学が設立された。最先端の施設や革新的な技術により、国内各地から医師を目指す学生たちが集まり、彼らは質の高い教育と訓練を受けることができるようになった。また、この医科大学は医療専門家やスタッフの雇用機会も創出し、ソードランドにおける医療分野の発展に貢献している。
SituationData,0x010000460001CA99,Welfare_ModernEducationTechniques,SituationProperties.Title,近代化された教育手法
SituationData,0x010000460001CA99,Welfare_ModernEducationTechniques,SituationProperties.Description,ソードランドの教育制度は大きな改革が進められており、新しい教育手法が導入される一方で伝統的な教授法は制限されている。この改革の目的は、国内の教育の質を向上させ、生徒たちにとってより実用的で効果的なものにすることだ。新しい技術や教授法の導入、そして新しいカリキュラムや教材の開発によってこれが実現している。こうした変化の結果、生徒たちはよりバランスの取れた教育を受け、職場や人生で成功するための準備がより十分になると期待されている。
SituationData,0x010000460001CA3D,Welfare_NewHospitals,SituationProperties.Title,新しい病院
SituationData,0x010000460001CA3D,Welfare_NewHospitals,SituationProperties.Description,ソードランド全土に新しい病院が建設され、僻地に住む人々の医療サービスへのアクセスが大幅に向上した。これにより死亡率が低下し、そうした地域の人々の健康状態も改善された。さらに、これらの病院には最新の医療機器や経験豊富な医療専門家が揃っており、助けを必要とする患者たちに質の高い医療を提供している。
SituationData,0x010000460001CA59,Welfare_NewRuralSchools,SituationProperties.Title,利用しやすい農村部の教育
SituationData,0x010000460001CA59,Welfare_NewRuralSchools,SituationProperties.Description,政府による効果的な戦略の実施により、農村地域における教育へのアクセスが大幅に向上した。これまで学習機会が限られていた多くの生徒たちが、新しい学校の建設や農村部の教育への資金投入の拡大、そして学校から遠く離れて住む生徒たちのための交通手段の提供といった様々な取り組みのおかげで、今では学校に通うことができるようになった。
SituationData,0x010000460001CA0D,Welfare_OverburdenedWelfareSystem,SituationProperties.Title,過重な負担の福祉制度
SituationData,0x010000460001CA0D,Welfare_OverburdenedWelfareSystem,SituationProperties.Description,ソードランドの福祉制度は、十分な資金不足や政治的な運営ミスといった様々な要因により、現在大きな困難に直面している。その結果、制度は過重な負担を背負い、最も支援が必要な人々に不可欠なサービスを提供するのにも苦労している。多くの弱い立場にある個人や家族は、生き延びるために必要な支援を得ることさえますます困難になっており、豊かに暮らすことなど望むべくもない。これにより貧困やホームレス問題、その他の関連する社会問題が増加している。
SituationData,0x010000460001CA9D,Welfare_PaidStudentLoans,SituationProperties.Title,学生ローンの免除
SituationData,0x010000460001CA9D,Welfare_PaidStudentLoans,SituationProperties.Description,最近の政府によるローン免除措置は、ソードランドにおける低所得世帯の経済的状況に大きな影響を与えた。この取り組みにより、借金に苦しんでいた何千もの家庭や学生の肩から巨大な財政的負担が取り除かれた。ローン免除プログラムは国民全体の負債水準を低下させるのに役立ち、彼らが食料、住居、教育といった必要な支出に資金を回すことを可能にした。
SituationData,0x0100008E00004DD2,Welfare_Polio_Contained,SituationProperties.Title,ソードランドのポリオの封じ込め
SituationData,0x0100008E00004DD2,Welfare_Polio_Contained,SituationProperties.Description,"当初ソードランドから伝播したポリオの流行をうまく封じ込めることができたのは、リジアの医療制度の有効性を示している。ターゲットを絞った予防接種キャンペーンや厳格な検疫規定を含む迅速な対応策が、この病気の拡大を食い止める上で大きく貢献した。

この結果は、リジアの公衆衛生インフラが持つ回復力と備えが、国民の健康を守っていることの証である。"
SituationData,0x0100008E00004DDB,Welfare_Polio_Spreads,SituationProperties.Title,ソードランドでのポリオの拡大
SituationData,0x0100008E00004DDB,Welfare_Polio_Spreads,SituationProperties.Description,"リジアにソードランドからポリオが持ち込まれたことをきっかけに流行が拡大し、深刻な公衆衛生上の危機が生じている。この病気の急速な広がりによって医療資源が逼迫し、多くの人々が罹患し、死亡者数も増加している。

この状況は、拡大する健康危機に対処し、住民への影響を軽減するために、より強化された医療介入や公衆衛生対策、そして地域社会の支援が急務であることを浮き彫りにしている。"
SituationData,0x0100008E000048AE,Welfare_PublicTransportation_Overcrowded,SituationProperties.Title,混雑した公共交通機関
SituationData,0x0100008E000048AE,Welfare_PublicTransportation_Overcrowded,SituationProperties.Description,公共交通網はますます過密状態に陥り、あらゆる交通手段で混雑が深刻化している。この渋滞によって通勤者たちは日々不便を強いられており、国民にとって効率的かつ快適な移動環境を維持することがますます難しくなっていることを示している。
SituationData,0x010000460001CA41,Welfare_QualityRuralHealthServices,SituationProperties.Title,質の高い農村部の医療サービス
SituationData,0x010000460001CA41,Welfare_QualityRuralHealthServices,SituationProperties.Description,ソードランドの農村地域における医療サービスの質は、最近の政府の取り組みによって大幅に向上した。多くの医療施設が建設され、近代的な医療機器を備え、資格を持つ医療専門家が配置されている。その結果、遠隔地に住む人々もより容易に医療を受けられるようになり、治療のために都市部まで長距離を移動する必要が減少した。医療サービスの向上は、農村地域全体の健康状態に良い影響を与え、死亡率の低下と平均寿命の延長につながると期待されている。
SituationData,0x010000460001CA45,Welfare_RelievedWelfareSystem,SituationProperties.Title,負担の軽減された福祉制度
SituationData,0x010000460001CA45,Welfare_RelievedWelfareSystem,SituationProperties.Description,福祉制度は、資金不足や政治的な管理不全がもたらす負担を軽減するための成功した改善がいくつか見られている。しかし、すべての問題が解決されたわけではなく、依然として多くの課題に直面している。最近の取り組みによって一部の低所得世帯が恩恵を受けているものの、基本的な生活必需品やサービスを得るのに苦労している人々は依然として大勢いる。
SituationData,0x010000460001CAA1,Welfare_RelocationOfTeachersAndDoctors,SituationProperties.Title,教師と医師の再配置
SituationData,0x010000460001CAA1,Welfare_RelocationOfTeachersAndDoctors,SituationProperties.Description,多数の教師や医者がソードランドの農村地域へ移住したことで、これらの地域における教育や医療の質が向上する効果が生じている。これらの専門家たちの間には一部反発や不満もあったが、農村地域のサービス水準の改善はすでに確認されている。この移住は、引き続き農村地域に住む人々が必要なサービスや機会をより容易に得られるようにすると見込まれている。
SituationData,0x010000BD00000AC1,Welfare_RizianHealthCrisis,SituationProperties.Title,医療危機
SituationData,0x010000BD00000AC1,Welfare_RizianHealthCrisis,SituationProperties.Description,長年にわたる投資の怠慢により、この王国の医療インフラは著しく劣化している。絶え間ない圧力に耐えかねてそのシステムはきしみを上げており、無数の国民の健康を脅かすと同時に、公衆衛生の基盤に深刻な亀裂が生じている。
SituationData,0x010000460001CAA5,Welfare_RuralEducationInstitutes,SituationProperties.Title,農村教育機関の開設
SituationData,0x010000460001CAA5,Welfare_RuralEducationInstitutes,SituationProperties.Description,ソードランドでは、国内の未発達地域に新たな学校や大学が開設されたことで教育へのアクセスが大幅に向上した。その結果、ますます多くの国民が教育を受けることが可能になり、農村部の識字率も急速に上昇している。このような好ましい動向は、国内の都市部と農村部の間の教育格差を埋める上で極めて重要であり、最終的にソードランド全体の成長と発展に寄与している。
SituationData,0x010000460001CA81,Welfare_Situation_FreeMedicine,SituationProperties.Title,処方薬の無償化
SituationData,0x010000460001CA81,Welfare_Situation_FreeMedicine,SituationProperties.Description,無料処方薬法の実施により、我が国の貧しい地域に大きな恩恵がもたらされている。かつて必要な医薬品を購入する余裕がなかった市民たちが、今では無料でそれらを手に入れることができるようになった。人々はもはや医薬品の支払いと他の基本的なニーズの間で選択を迫られることがなくなったため、健康状態が改善し生産性も向上している。
SituationData,0x010000460001CAA9,Welfare_SollistTeachings,SituationProperties.Title,ソル主義教育
SituationData,0x010000460001CAA9,Welfare_SollistTeachings,SituationProperties.Description,学校や大学において、我が国の創設者であるタルキン・ソルについてしっかりと学ぶことで、生徒たちは我が国を形作った価値観、原則、歴史について理解することができる。このような教育を通じて、彼らは自国の遺産に対する深い敬意と国家への誇りを育むことができる。さらに、創設者が払った苦労や犠牲を理解することで、生徒たちは祖国に対する責任感を持つようになり、社会の発展のために尽力する知識と行動力を備えた市民になることができる。
SituationData,0x0100008E00004911,Welfare_State_Average,SituationProperties.Title,並の福祉国家
SituationData,0x0100008E00004911,Welfare_State_Average,SituationProperties.Description,この福祉制度は国民にある程度の安全網を提供しているものの、医療や教育、失業手当へのアクセスは極めて限られている。国家が公共福祉に対して取り組む姿勢が欠如していることが、社会に悪影響を及ぼしている。
SituationData,0x0100008E00004908,Welfare_State_Good,SituationProperties.Title,良好な福祉国家
SituationData,0x0100008E00004908,Welfare_State_Good,SituationProperties.Description,福祉制度は国民のためのしっかりとした安全網を提供し、医療や教育、失業手当が広く利用可能であることを保証している。公共福祉へのこの国の尽力は、多額の予算配分から明らかであり、国民の間に安心感を育んでいる。
SituationData,0x0100008E000026E9,Welfare_State_Strong,SituationProperties.Title,強固な福祉国家
SituationData,0x0100008E000026E9,Welfare_State_Strong,SituationProperties.Description,この包括的な福祉制度は国民に強固な安全網を提供し、医療や教育、失業手当が広く利用できるようにしている。公共福祉への国家の献身は、多額の予算配分から明らかであり、それによって国民の間に安心感が育まれている。
SituationData,0x010000460001CAAD,Welfare_TobaccoConsumptionReduced,SituationProperties.Title,タバコの消費が減少した
SituationData,0x010000460001CAAD,Welfare_TobaccoConsumptionReduced,SituationProperties.Description,全国でのたばこ税の引き上げは、公衆衛生に良い影響を与えていることが明らかになっている。たばこ製品の消費量と輸入量の減少により、ソードランド全土で報告される肺疾患や出生時の異常の数が大幅に減少した。これは新しいたばこ税の導入によってもたらされた予期せぬが歓迎すべき結果である。公衆衛生を向上させるためのさらなる措置が講じられていく中、国民のより健康的な生活様式を促進しようとする政府の取り組みは今後も続くだろう。
SituationData,0x010000460001CAB1,Welfare_UnemploymentWage,SituationProperties.Title,失業手当
SituationData,0x010000460001CAB1,Welfare_UnemploymentWage,SituationProperties.Description,政府による失業手当の支給という決定により、これまで生計を立てるのに苦労していた多くの市民が救われた。この措置によって、彼らは生存のためだけに低賃金の仕事に甘んじる代わりに、適切な就職先を探すのに必要な経済的安定を得ることができるようになった。この取り組みの結果、国内全体で低賃金の仕事の数が減少し、これまで貧困の連鎖に囚われていた多くの市民の生活水準が向上した。
SituationData,0x0100008E000048FF,Welfare_WorkersRights_Acceptable,SituationProperties.Title,十分な労働者の権利
SituationData,0x0100008E000048FF,Welfare_WorkersRights_Acceptable,SituationProperties.Description,この王国における労働権は、産業界のニーズと労働者の福祉との間でバランスが取られている。適切な労働時間、十分な安全対策、そして公正な代表制度が広く実施されており、それによって労働者たちは全体的に満足している。
SituationData,0x0100008E00002880,Welfare_WorkersRights_Bad,SituationProperties.Title,劣悪な労働者の権利
SituationData,0x0100008E00002880,Welfare_WorkersRights_Bad,SituationProperties.Description,リジア全土の労働者たちは自らの権利を求めて厳しい闘争に直面している。過度な労働時間、不十分な安全対策、そして代表者の不足といった問題が広範囲に存在し、様々な産業分野で不安定な状況を引き起こしている。
SituationData,0x0100008E000048ED,Welfare_WorkersRights_Good,SituationProperties.Title,良好な労働者の権利
SituationData,0x0100008E000048ED,Welfare_WorkersRights_Good,SituationProperties.Description,リジアの労働者たちは概してまずまずの労働環境を享受しており、適正な労働時間、十分な安全対策、そして適切な代表権が確保されている。この良好な労働環境によって、工業分野での不安定要因は極めて少ない。
SituationData,0x0100008E000048F6,Welfare_WorkersRights_Horrible,SituationProperties.Title,ひどい労働者の権利
SituationData,0x0100008E000048F6,Welfare_WorkersRights_Horrible,SituationProperties.Description,この王国では労働権に関して深刻な状況が生じており、過度な搾取や不十分な安全対策、そして代表性の欠如が見られる。これにより、様々な分野の労働者たちの間で広範囲にわたる不安と不満が生じている。
