articy_id,conversation_id,entry_id,conversation,actor,field,ja
0x010000520000BE4D,311,3,Rizia/Turn 4/FPnT_PalesDukeVisit,Narrator,en,彼はため息をつき、テーブルの向こう側から報告書を私の方へ滑らせてきた。
0x010000520000BE54,311,4,Rizia/Turn 4/FPnT_PalesDukeVisit,Axel Reinhart,en,「この報告書を持って、私の治安大臣が真夜中に私を起こしました。」
0x010000520000BE5B,311,5,Rizia/Turn 4/FPnT_PalesDukeVisit,Axel Reinhart,en,「陛下、パレスにはアウレウス・ガス田で掘削を開始する全ての権利があると保証されました。」
0x010000520000BE62,311,6,Rizia/Turn 4/FPnT_PalesDukeVisit,Player_Romus,en,「あなたの国が掘削船を送ってきたのは挑発行為だ。私も同じように対抗するしかなかった。」
0x010000520000BE69,311,7,Rizia/Turn 4/FPnT_PalesDukeVisit,Player_Romus,en,「あなたは、これが何を意味すると思うか、閣下？」
0x010000520000BEBA,311,8,Rizia/Turn 4/FPnT_PalesDukeVisit,Player_Romus,en,「そもそもなぜあの船を送ったのか？なぜ私の政府に通知しなかったのだろうか？」
0x010000520000BEC8,311,9,Rizia/Turn 4/FPnT_PalesDukeVisit,Axel Reinhart,en,「私は家族の財産に頼りながら暇な日々を過ごし、たまに有名人と会う楽しみを味わうだけで、全く満足していました...」
0x010000520000BEE7,311,10,Rizia/Turn 4/FPnT_PalesDukeVisit,Narrator,en,彼は私の目をじっと見つめた。
0x010000520000BF4D,311,14,Rizia/Turn 4/FPnT_PalesDukeVisit,Axel Reinhart,en,「私が意見を述べるのを待つこともできたはずです。それなのにまたしても、あなたはパレスの主権を全く尊重していないことを証明したのです。」
0x010000520000BF55,311,15,Rizia/Turn 4/FPnT_PalesDukeVisit,Axel Reinhart,en,「それは、私がこれまで何度もお願いしてきたにもかかわらず、リジア政府が依然としてパレスの主権を尊重しないままだということです。」
0x010000520000C03C,311,16,Rizia/Turn 4/FPnT_PalesDukeVisit,Player_Romus,en,「こちらがあなた方が話している『『パーティー王子』』だ。その気持ちはよく分かる。」
0x010000520000C049,311,20,Rizia/Turn 4/FPnT_PalesDukeVisit,Player_Romus,en,「あなたは私の代わりになる必要なんてなかったのだ。」
0x010000520000C050,311,21,Rizia/Turn 4/FPnT_PalesDukeVisit,Player_Romus,en,「待ってくれ。どのような有名人か？」
0x010000520000C057,311,22,Rizia/Turn 4/FPnT_PalesDukeVisit,Player_Romus,en,「人生というものは予期せぬことで満ちている、閣下。そろそろ交渉を始めようか？」
0x010000520000C05E,311,23,Rizia/Turn 4/FPnT_PalesDukeVisit,Axel Reinhart,en,「ああ、しかし私がそうしました。大公国を守るためには誰かが前に出なければなりませんでした。」
0x010000520000C071,311,27,Rizia/Turn 4/FPnT_PalesDukeVisit,Axel Reinhart,en,「我々のような愚か者を国全体の統治者にするなんて、実に素晴らしい考えですね。」
0x010000520000C078,311,28,Rizia/Turn 4/FPnT_PalesDukeVisit,Axel Reinhart,en,「はい、あなたの悪戯についてはすべて承知しております。別の人生であれば友達になれたかもしれませんが、今回は……」
0x010000520000C089,311,32,Rizia/Turn 4/FPnT_PalesDukeVisit,Axel Reinhart,en,「陛下、私の代わりに立ち上がれる者などいるでしょうか。パレスを守る者はもう誰も残っていないのでは？」
0x010000520000C091,311,33,Rizia/Turn 4/FPnT_PalesDukeVisit,Axel Reinhart,en,「はい、そうするのがよさそうですね。」
0x010000520000C098,311,34,Rizia/Turn 4/FPnT_PalesDukeVisit,Axel Reinhart,en,「交渉することなど何もありません。」
0x010000520000C0A0,311,35,Rizia/Turn 4/FPnT_PalesDukeVisit,Axel Reinhart,en,「私の回顧録が出版されるまでお待ちいただくしかありません。もし十分長生きしてそれを書けるならの話ですが。」
0x010000520000C0A6,311,36,Rizia/Turn 4/FPnT_PalesDukeVisit,Axel Reinhart,en,「もし全員の名前を挙げたら、この話をする時間など永遠にありません。」
0x010000520000C3DA,311,37,Rizia/Turn 4/FPnT_PalesDukeVisit,Axel Reinhart,en,「陛下、正直に申し上げますと、私の兄が退位するとは全く思ってもみませんでした。」
0x010000520000C44B,311,44,Rizia/Turn 4/FPnT_PalesDukeVisit,Axel Reinhart,en,「陛下、我々の遠征が侵略行為のように見えたかもしれません。しかし我々がしていることは、本来我々のものであるものを取り戻すだけです。」
0x010000520000CC8D,311,45,Rizia/Turn 4/FPnT_PalesDukeVisit,Titus Gordion,en,「陛下、どのようでしたか？」
0x010000520000CDD0,311,46,Rizia/Turn 4/FPnT_PalesDukeVisit,Narrator,en,公爵はテーブルの下に手を伸ばし、インターコムのボタンを押した。
0x010000520000CDD9,311,47,Rizia/Turn 4/FPnT_PalesDukeVisit,Axel Reinhart,en,「ヒルダ？お願いだから、陛下が建物の外に出られるよう案内してあげて。迷われては困りますから。」
0x010000520000CDE0,311,48,Rizia/Turn 4/FPnT_PalesDukeVisit,Narrator,en,彼は椅子にもたれかかり、私をじっと見つめた。
0x010000520000CDE7,311,49,Rizia/Turn 4/FPnT_PalesDukeVisit,Axel Reinhart,en,「私の兄はいつも、リジア人とは論理で争ってはいけないと言っていました。」
0x010000520000CDEE,311,50,Rizia/Turn 4/FPnT_PalesDukeVisit,Axel Reinhart,en,「しかし、どう言えばいいのでしょうか。私は楽観主義者ですから。」
0x010000520000CE52,311,51,Rizia/Turn 4/FPnT_PalesDukeVisit,Player_Romus,en,「この支払額を考えれば、何か良い結果が得られるはずだ。」
0x010000520000CE59,311,52,Rizia/Turn 4/FPnT_PalesDukeVisit,Player_Romus,en,「私もです。」
0x010000520000CE60,311,53,Rizia/Turn 4/FPnT_PalesDukeVisit,Player_Romus,en,「このリジア人が分別を持っていて、あなたは運が良いのだ。」
0x010000520000CE67,311,54,Rizia/Turn 4/FPnT_PalesDukeVisit,Player_Romus,en,「あなたは兄とは違う。私も父親とは違う。我々ならこの悪循環を断ち切ることができる。」
0x010000520000CE7F,311,55,Rizia/Turn 4/FPnT_PalesDukeVisit,Narrator,en,私は受付室で再びティトゥスと合流した。我々二人はヒルダに続いて曲がりくねった廊下を進み、正面の扉まで行った。
0x010000520000CF54,311,56,Rizia/Turn 4/FPnT_PalesDukeVisit,Narrator,en,我々が外に出ると、もはや弱まりつつある日差しが目に入った。彼は我々が建物の影から出るのを待ってからようやく口を開いた。
0x010000520000CF5C,311,57,Rizia/Turn 4/FPnT_PalesDukeVisit,Player_Romus,en,「驚くほど順調だった。これから何が起こるのか、とても楽しみだ。」
0x010000520000CF69,311,61,Rizia/Turn 4/FPnT_PalesDukeVisit,Player_Romus,en,「パレスとリジアの統一に、また一歩近づいたね、ティトゥス。」
0x010000520000CF71,311,62,Rizia/Turn 4/FPnT_PalesDukeVisit,Player_Romus,en,「その公爵は卑劣な者だ。しかし、私には依然として彼を制する力がある。」
0x010000520000CF78,311,63,Rizia/Turn 4/FPnT_PalesDukeVisit,Player_Romus,en,「あまり良くない。全く良くないのだ。」
0x010000520000CF85,311,64,Rizia/Turn 4/FPnT_PalesDukeVisit,Player_Romus,en,「あなたの父上の死の復讐を果たすチャンスは、まだあるかもしれない。」
0x010000520000CF92,311,65,Rizia/Turn 4/FPnT_PalesDukeVisit,Player_Romus,en,「それは私と国王陛下との間のことだ。」
0x010000520000CF99,311,66,Rizia/Turn 4/FPnT_PalesDukeVisit,Narrator,en,ティトゥスは何も言わずにうなずいた。我々二人は車に乗り込み、ポルテ・ドラゾンへ戻る長い旅を始めたのだった。
0x010000520001156C,311,70,Rizia/Turn 4/FPnT_PalesDukeVisit,Narrator,en,私は何年もパレスに行っていなかった。
0x0100005200011573,311,71,Rizia/Turn 4/FPnT_PalesDukeVisit,Narrator,en,私がリジアの王となってから初めて、パレスを訪れたのはその時だった。
0x010000520001157A,311,72,Rizia/Turn 4/FPnT_PalesDukeVisit,Narrator,en,ティトゥスと私は並んで立ち、ラインハルト城の窓から外を見つめていた。
0x0100005200011587,311,73,Rizia/Turn 4/FPnT_PalesDukeVisit,Narrator,en,パレス大公国の王宮は、パレスという名前の由来となった石造りの要塞である古代のパレアコの基礎の上に建てられた。
0x010000520001158E,311,74,Rizia/Turn 4/FPnT_PalesDukeVisit,Narrator,en,即位後、ラインハルト大公アクセル・ラインハルトは有望な地元の建築家を雇い、古い建物を拡張して、まるで生きているかのように見える曲線的で膨らんだ木造およびガラス製の建造物へと作り変えさせた。
0x0100005200011595,311,75,Rizia/Turn 4/FPnT_PalesDukeVisit,Narrator,en,応接室は最上階に移され、パレスのスカイラインが見渡せる巨大な曲面ガラス窓を備えていた。そこにそびえ立つ角張った高層ビル群は、リジアで建てられたどの建物とも異なっていた。
0x010000520001159C,311,76,Rizia/Turn 4/FPnT_PalesDukeVisit,Titus Gordion,en,「これが『アンタセアンの真珠』というものですね。」
0x01000052000115A3,311,77,Rizia/Turn 4/FPnT_PalesDukeVisit,Player_Romus,en,「あなた、あまり感心していないようだな、隊長。」
0x01000052000115AA,311,78,Rizia/Turn 4/FPnT_PalesDukeVisit,Player_Romus,en,「レスピア人の金なら何でも手に入るものだな、驚くべきことだろう？」
0x01000052000115B1,311,79,Rizia/Turn 4/FPnT_PalesDukeVisit,Player_Romus,en,「わずか数十年のうちにこうしたものがすべて生まれたなんて、信じがたいね。」
0x01000052000115B8,311,80,Rizia/Turn 4/FPnT_PalesDukeVisit,Titus Gordion,en,「私は質素な者です。このようなものより、パラス・レズナの伝統的な美しさを与えてください。」
0x01000052000115C1,311,81,Rizia/Turn 4/FPnT_PalesDukeVisit,Titus Gordion,en,「まさに驚くべき業績でございます、陛下。」
0x01000052000115C8,311,82,Rizia/Turn 4/FPnT_PalesDukeVisit,Titus Gordion,en,「『驚異的』という言葉がそれを表すのにふさわしいでしょう、陛下。」
0x01000052000115E4,311,89,Rizia/Turn 4/FPnT_PalesDukeVisit,Narrator,en,ティトゥスは我々の周りを見回した。
0x01000052000115EA,311,90,Rizia/Turn 4/FPnT_PalesDukeVisit,Narrator,en,ティトゥスは我々の周りを見回した。
0x01000052000115F1,311,91,Rizia/Turn 4/FPnT_PalesDukeVisit,Titus Gordion,en,「陛下、あなたの従兄弟の側近たちは協力的でないようです。ヴェーレン爆破事件において無実だとしても、彼らにはまだ隠していることがあるのではないかと私は思います。」
0x01000052000115F8,311,92,Rizia/Turn 4/FPnT_PalesDukeVisit,Player_Romus,en,「私が命じたあの別の調査はどうなっているか？」
0x0100005200011603,311,96,Rizia/Turn 4/FPnT_PalesDukeVisit,Player_Romus,en,「もっと徹底的に調査しろ、くそっ。」
0x010000520001160D,311,97,Rizia/Turn 4/FPnT_PalesDukeVisit,Titus Gordion,en,「ところで陛下、従兄弟の方が引き渡した者たちはヴェーレンに送還されましたが、彼らに何が起こるかについてはまだ何の連絡もありません。」
0x0100005200011615,311,98,Rizia/Turn 4/FPnT_PalesDukeVisit,Player_Romus,en,「引き続き、良い働きをしてくれ。」
0x010000520001161C,311,99,Rizia/Turn 4/FPnT_PalesDukeVisit,Titus Gordion,en,「陛下、まだ進行中でございます。あまりにも機密性が高いため他の者に任せることはできず、首都で十分な時間を得られ次第、私が再び取り組む所存でございます。」
0x0100005200011623,311,100,Rizia/Turn 4/FPnT_PalesDukeVisit,Titus Gordion,en,「その命令は必ず伝えます。」
0x010000520001162A,311,101,Rizia/Turn 4/FPnT_PalesDukeVisit,Titus Gordion,en,「そのお言葉、必ず伝えます。」
0x0100005200011631,311,102,Rizia/Turn 4/FPnT_PalesDukeVisit,Player_Romus,en,「ティトゥス、あなたはどこの出身か？」
0x0100005200011638,311,103,Rizia/Turn 4/FPnT_PalesDukeVisit,Titus Gordion,en,「ポルテ・ドラゾンで生まれ育ちました。」
0x010000520001163F,311,104,Rizia/Turn 4/FPnT_PalesDukeVisit,Titus Gordion,en,「私の父はパレスを取り戻す作戦中に命を落としました。家族を養うためにチャンピオンボクシングを始めたのです。」
0x0100005200011646,311,105,Rizia/Turn 4/FPnT_PalesDukeVisit,Player_Romus,en,「彼は高貴な目的のために命を捧げた。」
0x010000520001164D,311,106,Rizia/Turn 4/FPnT_PalesDukeVisit,Player_Romus,en,「これほど無意味な流血は許されない。二度と起こってはならない。」
0x0100005200011654,311,107,Rizia/Turn 4/FPnT_PalesDukeVisit,Player_Romus,en,「あなた、きっと上手だっただろうね。」
0x010000520001165B,311,108,Rizia/Turn 4/FPnT_PalesDukeVisit,Titus Gordion,en,「軍の募集要員たちの目に留まるほどでした。時々、あのリングで戦っていた日々が懐かしくなります。」
0x0100005200011662,311,109,Rizia/Turn 4/FPnT_PalesDukeVisit,Titus Gordion,en,「陛下、彼はその大義を心から信じておりました。決してヴァレロ王に背くようなことはありませんでした。」
0x0100005200011669,311,110,Rizia/Turn 4/FPnT_PalesDukeVisit,Titus Gordion,en,「彼は心の底からそれを信じており、決してヴァレロ王に背くことはありませんでした。」
0x0100005200011670,311,111,Rizia/Turn 4/FPnT_PalesDukeVisit,Player_Romus,en,「それでは、これまでパレスに行ったことがないのか？」
0x0100005200011677,311,112,Rizia/Turn 4/FPnT_PalesDukeVisit,Titus Gordion,en,「いいえ、陛下。私の父はその地を取り戻すための作戦に参加しましたが、実際にはここで命を落としたのです。」
0x0100005200011680,311,113,Rizia/Turn 4/FPnT_PalesDukeVisit,Player_Romus,en,「この訪問で悪い思い出がよみがえってしまったなら、申し訳ない。」
0x0100005200011687,311,114,Rizia/Turn 4/FPnT_PalesDukeVisit,Titus Gordion,en,「問題ありません、陛下。彼は自分が信じるもののために戦い、命を落としたのです。」
0x010000520001168E,311,115,Rizia/Turn 4/FPnT_PalesDukeVisit,Narrator,en,壁のパネルが滑り開き、パステル色のミニドレスを着た秘書が現れた。彼女は私に中へ入るよう合図した。
0x010000520001169B,311,116,Rizia/Turn 4/FPnT_PalesDukeVisit,Player_Romus,en,「隙間から入れ。」
0x01000052000116A2,311,117,Rizia/Turn 4/FPnT_PalesDukeVisit,Player_Romus,en,「しばらく待ってくれ。すぐに終わる。」
0x01000052000116A9,311,118,Rizia/Turn 4/FPnT_PalesDukeVisit,Player_Romus,en,「どうぞごゆっくり過ごしてくれ。少し時間がかかるかと思う。」
0x01000052000116B0,311,119,Rizia/Turn 4/FPnT_PalesDukeVisit,Titus Gordion,en,「かしこまりました、陛下。」
0x01000052000116B8,311,120,Rizia/Turn 4/FPnT_PalesDukeVisit,Titus Gordion,en,「大統領、ご健闘をお祈りいたします。」
0x01000052000116BF,311,121,Rizia/Turn 4/FPnT_PalesDukeVisit,Narrator,en,秘書が私の到着を告げた。私は部屋に足を踏み入れると、ラインハルト大公に出迎えられた。
0x01000052000116C7,311,122,Rizia/Turn 4/FPnT_PalesDukeVisit,Axel Reinhart,en,「陛下、ついにお会いできて光栄です。」
0x01000052000116D5,311,126,Rizia/Turn 4/FPnT_PalesDukeVisit,Axel Reinhart,en,「陛下、またお会いできて光栄です。」
0x01000052000116DC,311,127,Rizia/Turn 4/FPnT_PalesDukeVisit,Player_Romus,en,「この美しい城を訪れるのは、いつでも大変嬉しいことだ。」
0x01000052000116E4,311,128,Rizia/Turn 4/FPnT_PalesDukeVisit,Player_Romus,en,「もっと良い状況で会えればよかったのだが、閣下。」
0x01000052000116EA,311,129,Rizia/Turn 4/FPnT_PalesDukeVisit,Narrator,en,我々が最後に会ってから、パレスの統治者は一日たりとも歳を取っていなかった。
0x01000052000116F1,311,130,Rizia/Turn 4/FPnT_PalesDukeVisit,Narrator,en,パレスの統治者は背が高く顎が四角く、まるで冒険活劇に出てくるような風貌をしていた。私はタブロイド紙が彼のあだ名を「ダッシング公爵」と付けたことを思い出した。
0x01000052000116F8,311,131,Rizia/Turn 4/FPnT_PalesDukeVisit,Narrator,en,彼は背が高く、四角い顎を持ち、まるで冒険活劇に出てくるような風貌だった。我々が最後に会ってから一日も歳をとっていないという噂記事の中で、タブロイド紙が彼のあだ名を「ダッシング公爵」と付けていたことを思い出した。
0x010000520001170B,311,132,Rizia/Turn 4/FPnT_PalesDukeVisit,Player_Romus,en,「私も同じだ。あなたの城はとても美しいね。」
0x0100005200011713,311,133,Rizia/Turn 4/FPnT_PalesDukeVisit,Player_Romus_Italic,en,私はラインハルト大公のお辞儀に応えて返した。彼は両腕を大きく広げた。
0x0100005200011713,311,133,Rizia/Turn 4/FPnT_PalesDukeVisit,Player_Romus_Italic,Menu Text en,弓を返す
0x010000520001171B,311,134,Rizia/Turn 4/FPnT_PalesDukeVisit,Axel Reinhart,en,「本当ですか？ここが美しいとお思いになるのですか？」
0x0100005200011724,311,135,Rizia/Turn 4/FPnT_PalesDukeVisit,Axel Reinhart,en,「私も同じです。」
0x010000520001172A,311,136,Rizia/Turn 4/FPnT_PalesDukeVisit,Player_Romus,en,「大臣も側近もいないのか？」
0x0100005200011733,311,137,Rizia/Turn 4/FPnT_PalesDukeVisit,Axel Reinhart,en,「昔のように、我々だけでこの問題を解決しようとするのが最善だと思いました。」
0x010000520001173B,311,138,Rizia/Turn 4/FPnT_PalesDukeVisit,Axel Reinhart,en,「陛下、私の城はいかがでしょうか？」
0x0100005200011748,311,139,Rizia/Turn 4/FPnT_PalesDukeVisit,Player_Romus,en,「それはとても……モダンだね。」
0x0100005200011750,311,140,Rizia/Turn 4/FPnT_PalesDukeVisit,Player_Romus,en,「まさに息をのむほど美しいですね。」
0x0100005200011758,311,141,Rizia/Turn 4/FPnT_PalesDukeVisit,Player_Romus,en,「私は外交的でいなければならないね、そうだろう？」
0x0100005200011760,311,142,Rizia/Turn 4/FPnT_PalesDukeVisit,Narrator,en,彼の口元がわずかに上向いた。
0x0100005200011768,311,143,Rizia/Turn 4/FPnT_PalesDukeVisit,Narrator,en,彼は片方の眉を上げた。
0x010000520001176F,311,144,Rizia/Turn 4/FPnT_PalesDukeVisit,Axel Reinhart,en,「私自身も確信はありませんでした。しかし、これほど先進的な経済の指導者であれば、常に時代に追いつくためのプレッシャーがあります。ご存知の通りです。」
0x0100005200011777,311,145,Rizia/Turn 4/FPnT_PalesDukeVisit,Narrator,en,秘書は部屋を出て行き、背後でドアを閉めた。公爵と私は木製の会議テーブルの向かい側に座った。
0x0100005200011780,311,146,Rizia/Turn 4/FPnT_PalesDukeVisit,Narrator,en,彼は私を鋭い眼差しで見つめながらも、姿勢はくだけていた。
0x0100005200011788,311,147,Rizia/Turn 4/FPnT_PalesDukeVisit,Axel Reinhart,en,「今、我々の船がリジア海軍と対立する状況に陥っているのですか？」
0x010000520001178F,311,148,Rizia/Turn 4/FPnT_PalesDukeVisit,Axel Reinhart,en,「陛下、お聞かせください。これはいったいどういう意味でしょうか？」
0x01000052000117A4,311,152,Rizia/Turn 4/FPnT_PalesDukeVisit,Axel Reinhart,en,「それは、相変わらずリジア政府がパレスの主権を尊重していないということです。」
0x01000052000117AC,311,153,Rizia/Turn 4/FPnT_PalesDukeVisit,Axel Reinhart,en,「私が自分の主張を述べるのを待つこともできたはずです。それなのに、これまでの懇願にもかかわらずリジアがパレスの主権を尊重しようとしないことを示してしまいました。」
0x01000052000117E5,311,154,Rizia/Turn 4/FPnT_PalesDukeVisit,Player_Romus,en,「戦場におけるあなた方の主張は認める。しかし、リジアがそれに対して持つ権利も同様に認識しなければならない。」
0x01000052000117EC,311,155,Rizia/Turn 4/FPnT_PalesDukeVisit,Player_Romus,en,「あなたがその船を送ったことは法に反する行為だ。リジアがまだ報復していないだけでも幸運だと思え。」
0x01000052000117F3,311,156,Rizia/Turn 4/FPnT_PalesDukeVisit,Player_Romus,en,「リジアはその土地に対するあなたの権利主張を否定しない。実際、我々はあなたがそれを保持し続けることを許す用意がある。」
0x01000052000117FA,311,157,Rizia/Turn 4/FPnT_PalesDukeVisit,Axel Reinhart,en,「陛下、そうでございますか？」
0x0100005200011801,311,158,Rizia/Turn 4/FPnT_PalesDukeVisit,Narrator,en,彼は疑念を抱き、片眉を上げた。
0x010000520001180E,311,162,Rizia/Turn 4/FPnT_PalesDukeVisit,Axel Reinhart,en,「これは、3年前に私が話したあのロムス・トラス陛下と同じ方でしょうか？」
0x0100005200011815,311,163,Rizia/Turn 4/FPnT_PalesDukeVisit,Player_Romus,en,「最初のお会いした時はうまくいかなかった。私としては償いをしようと努めているのだ。」
0x010000520001181C,311,164,Rizia/Turn 4/FPnT_PalesDukeVisit,Axel Reinhart,en,「お察しします。何か見返りを望んでいるのですね。」
0x0100005200011823,311,165,Rizia/Turn 4/FPnT_PalesDukeVisit,Player_Romus,en,「私の目標は常に、パレスを再びリジアに戻すことだった。ガス田を放棄することがその目標達成の助けになるのであれば、私はそうする。」
0x010000520001182A,311,166,Rizia/Turn 4/FPnT_PalesDukeVisit,Axel Reinhart,en,「我々が天然ガスの供給と引き換えに主権を捨てる気があるとお考えですか？」
0x0100005200011831,311,167,Rizia/Turn 4/FPnT_PalesDukeVisit,Player_Romus,en,「私が単なる気前の良さからその場を譲ると言ったわけではない。」
0x010000520001183E,311,168,Rizia/Turn 4/FPnT_PalesDukeVisit,Player_Romus,en,「私の目標は常に、パレスを再びリジアに戻すことだった。ガス田を放棄することがその目標達成の助けになるのであれば、私はそうする。」
0x0100005200011846,311,169,Rizia/Turn 4/FPnT_PalesDukeVisit,Player_Romus,en,「いや、その土地のために戦うほどの価値はないと私は本当に思っている。」
0x010000520001184D,311,170,Rizia/Turn 4/FPnT_PalesDukeVisit,Player_Romus,en,「もちろんだ、閣下。私は何か見返りを望んでいるのだ。」
0x0100005200011854,311,171,Rizia/Turn 4/FPnT_PalesDukeVisit,Axel Reinhart,en,「その土地がカビズに近いからといって、それだけで自分に所有権があるなどと思ってはなりません。」
0x0100005200011868,311,172,Rizia/Turn 4/FPnT_PalesDukeVisit,Axel Reinhart,en,「陛下、どうかこの件は放っておいてください。我々二人よりもっと強力な勢力が関わっております」
0x0100005200011876,311,173,Rizia/Turn 4/FPnT_PalesDukeVisit,Axel Reinhart,en,「私の法律専門家たちによれば、カビズが近くにあるからといってリジアに我々のガス田に対する権利はないとのことです。」
0x0100005200011898,311,174,Rizia/Turn 4/FPnT_PalesDukeVisit,Axel Reinhart,en,「では、どうして私があなたを信頼できるというのですか？」
0x01000052000118A0,311,175,Rizia/Turn 4/FPnT_PalesDukeVisit,Axel Reinhart,en,「陛下、パレスはリジアに何も負っていないということをご理解ください。」
0x01000052000118A9,311,176,Rizia/Turn 4/FPnT_PalesDukeVisit,Axel Reinhart,en,「アウレウス鉱脈を主張することで、我々は単に、あなたの国が長年無視してきた主権を取り戻すだけです。」
0x01000052000118B0,311,177,Rizia/Turn 4/FPnT_PalesDukeVisit,Axel Reinhart,en,「陛下、パレスはリジアに何の借りもないことをご理解いただきたいのです。」
0x01000052000118E2,311,178,Rizia/Turn 4/FPnT_PalesDukeVisit,Player_Romus,en,「あなたの独立を支援したのは……あなたを自分たちに依存させることによってだ。」
0x01000052000118F0,311,179,Rizia/Turn 4/FPnT_PalesDukeVisit,Player_Romus,en,「あなたの一族は、彼らがそうする動機に純粋さが欠けていることに気づいたはずだ。」
0x01000052000118FF,311,180,Rizia/Turn 4/FPnT_PalesDukeVisit,Player_Romus,en,「あなたがそのような立場に置かれるべきではなかった。先代たちの攻撃的な態度は行き過ぎていた。」
0x010000520001194D,311,181,Rizia/Turn 4/FPnT_PalesDukeVisit,Axel Reinhart,en,「陛下、なんと勇敢なお言葉でしょう。」
0x0100005200011A20,311,182,Rizia/Turn 4/FPnT_PalesDukeVisit,Player_Romus,en,「仲裁以外に方法はないようだ。国際連盟が所有権を決定するだろう。」
0x0100005200011A20,311,182,Rizia/Turn 4/FPnT_PalesDukeVisit,Player_Romus,Menu Text en,「仲裁以外に方法はないようだ。所有権は国際連盟が決定するだろう。」［仲裁］
0x0100005200011A27,311,183,Rizia/Turn 4/FPnT_PalesDukeVisit,Player_Romus,en,「その土地は保持し、レスピアとの取引も続けることをお勧めする。リジアはこの件に介入しない。」
0x0100005200011A27,311,183,Rizia/Turn 4/FPnT_PalesDukeVisit,Player_Romus,Menu Text en,「戦場はそのままにして、レスピアとの取引も維持することをお勧めする。リジアはこの件には関与しない。」 ［ガス田を譲る］
0x0100005200011A3C,311,184,Rizia/Turn 4/FPnT_PalesDukeVisit,Axel Reinhart,en,「そのようにお認めいただき、ありがとうございます。ですが、何も変わりはしません。」
0x0100005200011B56,311,185,Rizia/Turn 4/FPnT_PalesDukeVisit,Narrator,en,ラインハルト大公は顔をしかめた。
0x0100005200011B64,311,186,Rizia/Turn 4/FPnT_PalesDukeVisit,Narrator,en,ラインハルト大公は顔をしかめた。
0x0100005200011D1B,311,187,Rizia/Turn 4/FPnT_PalesDukeVisit,Narrator,en,ラインハルト大公の秘書がドアを開けた。彼は立ち上がり、私にも同じようにするよう合図した。
0x0100005200011D25,311,188,Rizia/Turn 4/FPnT_PalesDukeVisit,Axel Reinhart,en,「またお会いできる日を、ロムス王陛下。」
0x0100005200011DB5,311,192,Rizia/Turn 4/FPnT_PalesDukeVisit,Axel Reinhart,en,「これまで、陛下は我が国の政府の願いを十分に聞き入れてこられなかったのです。」
0x0100005200011DBC,311,193,Rizia/Turn 4/FPnT_PalesDukeVisit,Axel Reinhart,en,「陛下、あなた様はパレスに敵意を示されていないかもしれませんが、陛下の政府内には多くの者がそうした態度を持っております。」
0x0100005200011DC3,311,194,Rizia/Turn 4/FPnT_PalesDukeVisit,Axel Reinhart,en,「あの船を送ったのは、パレスの主権を主張するための我々の手段でした。」
0x0100005200017FFD,311,195,Rizia/Turn 4/FPnT_PalesDukeVisit,Player_Romus,en,「リコの言う通り、彼らが圧力に屈しないことを願っている。」
0x0100005200018003,311,196,Rizia/Turn 4/FPnT_PalesDukeVisit,Player_Romus,en,「哀れな奴らだ。」
0x010000520001800B,311,197,Rizia/Turn 4/FPnT_PalesDukeVisit,Player_Romus,en,「私にとってはどうでもいい。彼らが何か罪を犯したのだろう。」
0x0100005200018012,311,198,Rizia/Turn 4/FPnT_PalesDukeVisit,Titus Gordion,en,「彼らはとても頑固な連中です。私の部下たちでさえ彼らから一言も引き出せませんでした、信じてください、何度も試みましたが。」
0x0100005200018019,311,199,Rizia/Turn 4/FPnT_PalesDukeVisit,Titus Gordion,en,「私の部下たちが彼らの経歴について調査しました。ほとんどが軽微な違反行為でした。」
0x0100005200018021,311,200,Rizia/Turn 4/FPnT_PalesDukeVisit,Titus Gordion,en,「彼らのことをあまり気の毒に思う必要はありません。たとえジルの件に関与していなくても、彼らの実績は決して良いものではありませんでした。」
0x0100005200018028,311,201,Rizia/Turn 4/FPnT_PalesDukeVisit,Titus Gordion,en,「ところで、スー・オミナに関する調査はほとんど進展がありません。」
0x0100005200018030,311,202,Rizia/Turn 4/FPnT_PalesDukeVisit,Titus Gordion,en,「ところで、調査が終了しましたので、近衛兵の人数や役割を以前の状態に戻すご予定でいらっしゃいますか、陛下？」
0x0100005200018039,311,203,Rizia/Turn 4/FPnT_PalesDukeVisit,Player_Romus,en,「いや。拡大された部隊も依然として役立つかもしれない。」
0x0100005200018040,311,204,Rizia/Turn 4/FPnT_PalesDukeVisit,Player_Romus,en,「いや。余が命じたもう一つの調査に、貴国の余分な人員をすべて集中させたいのだ。」
0x010000520001804D,311,208,Rizia/Turn 4/FPnT_PalesDukeVisit,Player_Romus,en,「ご指摘の通りだ。ええ、その資金はより有益な用途に回せるだろう。」
0x0100005200018054,311,209,Rizia/Turn 4/FPnT_PalesDukeVisit,Titus Gordion,en,「はい、陛下。その調査には一層力を入れてまいります。」
0x010000520001805C,311,210,Rizia/Turn 4/FPnT_PalesDukeVisit,Titus Gordion,en,「陛下、本当によろしいのでしょうか？それでは陛下が命じられたもう一つの調査も終わってしまうことになります。」
0x0100005200018062,311,211,Rizia/Turn 4/FPnT_PalesDukeVisit,Titus Gordion,en,「そのお言葉、光栄に思います、大統領。」
0x010000520001806B,311,212,Rizia/Turn 4/FPnT_PalesDukeVisit,Player_Romus,en,「今は様々な問題が山積しているため、この決定を下すのは難しい。後ほど話し合おう。」
0x0100005200018078,311,216,Rizia/Turn 4/FPnT_PalesDukeVisit,Titus Gordion,en,「陛下、本当によろしいのでしょうか？いつ優秀な調査部隊を即座に動員できる必要が生じるか分かりません。」
0x0100005200018080,311,217,Rizia/Turn 4/FPnT_PalesDukeVisit,Player_Romus,en,「ああ、私は十分に確信している。」
0x0100005200018088,311,218,Rizia/Turn 4/FPnT_PalesDukeVisit,Player_Romus,en,「ふむ。わかった、余分な近衛兵たちは引き続き王室の給与体系に含めておこう。」
0x0100005200018090,311,219,Rizia/Turn 4/FPnT_PalesDukeVisit,Narrator,en,ティトゥスはうなずいた。
0x01000052000180A4,311,222,Rizia/Turn 4/FPnT_PalesDukeVisit,Titus Gordion,en,「かしこまりました、陛下。都に戻り次第、他の部隊にもその知らせを伝えます。」
0x010000980000557F,311,242,Rizia/Turn 4/FPnT_PalesDukeVisit,Player_Romus,en,「ここがあなたの父上が命を落とした場所だというのに、あなたがここにいるのはいかに困難なことか、私にも想像がつく。」
0x0100009800005585,311,243,Rizia/Turn 4/FPnT_PalesDukeVisit,Player_Romus,en,「私には、パレスが依然としてリジアの支配下にあることに疑いはない。統一に対する彼らの敵対的な態度は、まさに犯罪そのものだ。」
0x010000980000558B,311,244,Rizia/Turn 4/FPnT_PalesDukeVisit,Player_Romus,en,「我々両国がこれまでの歴史的な対立を解消できるよう心から願っている。円滑な協力関係が築かれれば、大きな利益がもたらされるだろう。」
0x0100009800005594,311,245,Rizia/Turn 4/FPnT_PalesDukeVisit,Titus Gordion,en,「その痛みは決して消えることはありません。私はただ、それと共に生きる方法を学んだだけです。」
0x010000980000559A,311,246,Rizia/Turn 4/FPnT_PalesDukeVisit,Titus Gordion,en,「もちろんです。ですが正直に申し上げますと、いつの日か再びパレス上空にリジアの国旗が翻るのを見たいと願っております。」
0x010000980000559F,311,247,Rizia/Turn 4/FPnT_PalesDukeVisit,Titus Gordion,en,「私の生きているうちに、この不正が正されることを願っております。」
0x01000098000055AD,311,251,Rizia/Turn 4/FPnT_PalesDukeVisit,Player_Romus,en,「その気持ちはよく分かる。私も故妻のことを思わない日は一日たりともない。」
0x01000098000055B9,311,252,Rizia/Turn 4/FPnT_PalesDukeVisit,Player_Romus,en,「私は、個人的な感情が自分の義務を果たす邪魔になってはならないと考えている。」
0x01000098000055C2,311,253,Rizia/Turn 4/FPnT_PalesDukeVisit,Player_Romus,en,「私は妻の死をかなり早く乗り越えることができた。確かに、我々二人はあまり親しくなかったから。」
0x01000098000055C8,311,254,Rizia/Turn 4/FPnT_PalesDukeVisit,Player_Romus,en,「私も同じだ。必ずそれを実現させるつもりだ。」
0x01000098000055CE,311,255,Rizia/Turn 4/FPnT_PalesDukeVisit,Player_Romus,en,「私もだ。だが、この件は慎重に取り組む必要がある。物事を進めるには時間がかかるから。」
0x01000098000055D7,311,256,Rizia/Turn 4/FPnT_PalesDukeVisit,Titus Gordion,en,「もちろんです。そのような意味で言ったつもりは決してありません。」
0x01000098000055DD,311,257,Rizia/Turn 4/FPnT_PalesDukeVisit,Titus Gordion,en,「私も結婚したことはありませんが、これほど大切な人を失った時の心の痛みは想像するしかありません。」
0x01000098000055F1,311,261,Rizia/Turn 4/FPnT_PalesDukeVisit,Player_Romus,en,「私も日々、父のことを思い出してしまう。どんなに忘れようと努めてもだ。」
0x01000098000055F7,311,262,Rizia/Turn 4/FPnT_PalesDukeVisit,Player_Romus,en,「私は一日たりとも自分の父のことを思わずにいられない。悲しみが人をより強くするものだと、自分に言い聞かせているのだ。」
0x01000098000055FF,311,263,Rizia/Turn 4/FPnT_PalesDukeVisit,Titus Gordion,en,「父子の関係というものは複雑です。人によってそれぞれ異なります。」
0x0100009800005604,311,264,Rizia/Turn 4/FPnT_PalesDukeVisit,Titus Gordion,en,「人生を楽観的に見るという姿勢ですね。それは素晴らしいと思います。」
0x010000980000560B,311,265,Rizia/Turn 4/FPnT_PalesDukeVisit,Titus Gordion,en,「承知いたしました。急ぐあまり誤りを犯すことになりかねません。」
0x0100009800005611,311,266,Rizia/Turn 4/FPnT_PalesDukeVisit,Titus Gordion,en,「雪の結晶と同じように、悲しみも無数の形や様相で現れ、二度と同じものはありません。」
0x0100009800005616,311,267,Rizia/Turn 4/FPnT_PalesDukeVisit,Titus Gordion,en,「陛下、私にも疑いはございません。」
0x0100009800005624,311,268,Rizia/Turn 4/FPnT_PalesDukeVisit,Player_Romus,en,「パレスの再統一などよりも、対処すべき緊急の問題がはるかに多いと私は思う。国がかつての帝国時代の栄光を取り戻そうとするのは危険だ。」
0x0100009800005632,311,269,Rizia/Turn 4/FPnT_PalesDukeVisit,Titus Gordion,en,「私としてはこの問題が極めて重要だと考えていますが、陛下がこれをより低い優先度で扱う理由も理解できます。」
0x0100005200027978,311,270,Rizia/Turn 4/FPnT_PalesDukeVisit,Narrator,en,彼は私にお辞儀をする際も、ずっと目を合わせたままだった。
0x010000520002797F,311,271,Rizia/Turn 4/FPnT_PalesDukeVisit,Narrator,en,彼は私にお辞儀をする際も、ずっと目を合わせたままだった。
0x0100005200027986,311,272,Rizia/Turn 4/FPnT_PalesDukeVisit,Player_Romus,en,「これはすべて誤解に過ぎない、ラインハルト大公。あなたの船を戻していただければ、平和的に問題を解決できる。」
0x010000520002798D,311,273,Rizia/Turn 4/FPnT_PalesDukeVisit,Axel Reinhart,en,「今になって平和に興味を持つとは？」
0x010000520002799B,311,277,Rizia/Turn 4/FPnT_PalesDukeVisit,Axel Reinhart,en,「陛下、私もそうしたいと存じます。」
0x01000052000279A2,311,278,Rizia/Turn 4/FPnT_PalesDukeVisit,Axel Reinhart,en,「残念ながら、我々二人よりも重要な利害が関わっております。」
0x01000052000279A9,311,279,Rizia/Turn 4/FPnT_PalesDukeVisit,Axel Reinhart,en,「前回お会いした時、私は平和の機会をご提案しましたが、陛下はそれを拒否されました。」
0x01000052000279B6,311,280,Rizia/Turn 4/FPnT_PalesDukeVisit,Player_Romus,en,「つまり認めるのだね。あなたはレスピアの操り人形だと。」
0x01000052000279C4,311,281,Rizia/Turn 4/FPnT_PalesDukeVisit,Player_Romus,en,「私の専門家たちによれば、あなた方の行動は国際連盟の沿岸資源に関する指令に明らかに違反しているとのことだ。」
0x01000052000279CB,311,282,Rizia/Turn 4/FPnT_PalesDukeVisit,Narrator,en,ラインハルト大公はその発言に怒りを覚えた。
0x01000052000279D2,311,283,Rizia/Turn 4/FPnT_PalesDukeVisit,Axel Reinhart,en,「陛下、ラインハルト家がパレス半島を統治してきた期間は、トラス家がリジアを統治してきた期間と全く同じです。」
0x01000052000279D9,311,284,Rizia/Turn 4/FPnT_PalesDukeVisit,Axel Reinhart,en,「我々の正当性を疑うのであれば、まずはあなた自身の正当性も疑った方がよいでしょう。」
0x01000052000279E8,311,285,Rizia/Turn 4/FPnT_PalesDukeVisit,Player_Romus,en,「まさにそのためこそ、私はこれを放っておくわけにはいかない。西洋の超大国たちが南メルコパの問題に干渉する資格などないのだ。」
0x01000052000279EF,311,286,Rizia/Turn 4/FPnT_PalesDukeVisit,Player_Romus,en,「私にもまた強力な勢力の後ろ盾がある。あなたはルンブルクの怒りを買いたくないはずだ。」
0x01000052000279F6,311,287,Rizia/Turn 4/FPnT_PalesDukeVisit,Axel Reinhart,en,「陛下、ANDORの細かい規定を無視なさっています。同種の他の法律よりも曖昧さがはるかに大きく残ってしまいます。」
0x01000052000279FC,311,288,Rizia/Turn 4/FPnT_PalesDukeVisit,Player_Romus,en,「あなたはリジアからパレスを奪ったヴァルゴス帝国の名のもとに統治してきた。それを『正当な』ものだとは到底思えない。」
0x0100005200027A03,311,289,Rizia/Turn 4/FPnT_PalesDukeVisit,Player_Romus,en,「私はあなたの一族が統治してきた長い期間を尊重している。だが、パレスが独立国家として存在しているのはそのわずか一部に過ぎない。」
0x0100005200027A11,311,290,Rizia/Turn 4/FPnT_PalesDukeVisit,Player_Romus,en,「あなたの言う通りだ。我々両家とも、長きにわたって権力を握り続けてきた。」
0x0100005200027A18,311,291,Rizia/Turn 4/FPnT_PalesDukeVisit,Player_Romus,en,「我が島も、あなた方の正統性すら疑わしい国と同じくらい重要なのだ。」
0x0100005200027A20,311,292,Rizia/Turn 4/FPnT_PalesDukeVisit,Player_Romus,en,「規則を定めるのは私ではない。国際連盟の沿岸資源に関する指令によれば、我々の権利主張は明らかに正当だ。」
0x0100005200027A27,311,293,Rizia/Turn 4/FPnT_PalesDukeVisit,Player_Romus,en,「カレカビズは小さいかもしれないが、それでも偉大なリジア王国の一部だ。」
0x0100005200027A35,311,294,Rizia/Turn 4/FPnT_PalesDukeVisit,Axel Reinhart,en,「陛下、亡命者だらけの島について愛国心を示すには、実に都合の良い時期を選ばれましたね。」
0x0100005200027A3C,311,295,Rizia/Turn 4/FPnT_PalesDukeVisit,Player_Romus,en,「父上からの圧力があったため、そう言ったのだ。本心ではなかった。」
0x0100005200027A49,311,299,Rizia/Turn 4/FPnT_PalesDukeVisit,Axel Reinhart,en,「三年前、私はあなたに平和の機会を与えました。それなのに、あなたは私を裏切り、父上のもとへ行ったのです。」
0x0100005200027A5D,311,300,Rizia/Turn 4/FPnT_PalesDukeVisit,Axel Reinhart,en,「残念ですが、その時にはもう手遅れかと存じます。」
0x0100005200027A63,311,301,Rizia/Turn 4/FPnT_PalesDukeVisit,Player_Romus,en,「我々は法律に対する解釈が異なることを確認した。どうすれば折り合いに達することができるのだろうか？」
0x0100005200027A6B,311,302,Rizia/Turn 4/FPnT_PalesDukeVisit,Player_Romus,en,「当時は彼の圧力に屈していた。今は王となったのだから、もはや彼の意向に従う必要はない。」
0x0100005200027A72,311,303,Rizia/Turn 4/FPnT_PalesDukeVisit,Player_Romus,en,「1920年代の暴力事件以来、私はパレスと協力するつもりはなく、今も変わらない。だが、それで再び同じ紛争が起こることを望んでいるわけではない。」
0x0100005200027A7A,311,304,Rizia/Turn 4/FPnT_PalesDukeVisit,Player_Romus,en,「パレスの正当性については依然として疑念を抱いている。だが、この資源争いの方がそれよりも重要だ。」
0x0100005200027A83,311,305,Rizia/Turn 4/FPnT_PalesDukeVisit,Axel Reinhart,en,「陛下、リジアがパレスの主権を尊重しない限り、我々は自らの権利を主張せざるを得ません。」
0x0100005200027A8B,311,306,Rizia/Turn 4/FPnT_PalesDukeVisit,Narrator,en,彼の表情は一層真剣なものに変わった。
0x0100005200027A94,311,307,Rizia/Turn 4/FPnT_PalesDukeVisit,Narrator,en,ラインハルト大公は背筋を伸ばした。
0x0100005200027AAA,311,308,Rizia/Turn 4/FPnT_PalesDukeVisit,Axel Reinhart,en,「はい、パレスはかつてヴァルゴス帝国の一部でした。しかし我々は独自の法律や慣習、さらには独自の言語まで築き上げました。」
0x0100005200027AB3,311,309,Rizia/Turn 4/FPnT_PalesDukeVisit,Axel Reinhart,en,「帝国が崩壊したとき、我々はどうすればよかったのでしょうか？築き上げてきたものをすべて捨て去るだけでいいのですか？」
0x0100005200027ABA,311,310,Rizia/Turn 4/FPnT_PalesDukeVisit,Narrator,en,彼はため息をついた。
0x0100005200027AD0,311,311,Rizia/Turn 4/FPnT_PalesDukeVisit,Player_Romus,en,「あなたの一族が権力を握れたのは、ヴァルゴス帝国によってそうさせられただけだ。そして今、その帝国はもう消え去った。」
0x0100005200027AD8,311,312,Rizia/Turn 4/FPnT_PalesDukeVisit,Player_Romus,en,「あなたの言う『主権』など、レスピア人の支援があってこそ成り立つものに過ぎない。それがなければパレスは崩壊してしまうだろう。」
0x0100005200027ADF,311,313,Rizia/Turn 4/FPnT_PalesDukeVisit,Axel Reinhart,en,「リジアやルンブルクはどうなるのでしょうか？また、トラス家を権力の座に留めるために陛下のお父上がヴェーレンと結んだ取引は？」
0x0100005200027AE6,311,314,Rizia/Turn 4/FPnT_PalesDukeVisit,Narrator,en,ラインハルト大公は背筋を伸ばした。
0x0100005200027AED,311,315,Rizia/Turn 4/FPnT_PalesDukeVisit,Player_Romus,en,「閣下、どうか。我々の一族同士の敵意が、今の関係を損なってしまわないようにしよう。」
0x0100005200027AF4,311,316,Rizia/Turn 4/FPnT_PalesDukeVisit,Player_Romus,en,「つまり認めるのだね。あなたはレスピアの操り人形だと。」
0x0100005200027AFA,311,317,Rizia/Turn 4/FPnT_PalesDukeVisit,Player_Romus,en,「まさにそのためこそ、私はこれを放っておくわけにはいかない。西洋の超大国たちが南メルコパの問題に干渉する資格などないのだ。」
0x0100005200027B00,311,318,Rizia/Turn 4/FPnT_PalesDukeVisit,Player_Romus,en,「私にもまた強力な勢力の後ろ盾がある。あなたはルンブルクの怒りを買いたくないはずだ。」
0x0100005200027B0D,311,319,Rizia/Turn 4/FPnT_PalesDukeVisit,Narrator,en,彼はため息をついた。
0x0100005200027B13,311,320,Rizia/Turn 4/FPnT_PalesDukeVisit,Axel Reinhart,en,「私も陛下も、そんなことは望んでおりません。」
0x0100005200027B1A,311,321,Rizia/Turn 4/FPnT_PalesDukeVisit,Axel Reinhart,en,「陛下、あなたのお言葉を信じられますようにと願っております。」
0x0100005200027B24,311,322,Rizia/Turn 4/FPnT_PalesDukeVisit,Axel Reinhart,en,「ですが、陛下がその王冠を捨てる様子は見えませんね。」
0x0100005200027B2C,311,323,Rizia/Turn 4/FPnT_PalesDukeVisit,Axel Reinhart,en,「陛下、私どもラインハルト家は、あなた様の一族がリジアを統治してきたのと同じくらい長い間、パレスを統治してきました。」
0x0100005200027B36,311,324,Rizia/Turn 4/FPnT_PalesDukeVisit,Axel Reinhart,en,「それは、我々の主権が尊敬に値しないという意味ではありません。」
0x0100005200027B3D,311,325,Rizia/Turn 4/FPnT_PalesDukeVisit,Axel Reinhart,en,「陛下、それは古い歴史の話です。」
0x0100005200027B44,311,326,Rizia/Turn 4/FPnT_PalesDukeVisit,Player_Romus,en,「パレスはリジアに再び合流していれば、その文化的アイデンティティを守り続けることができたはずだ。」
0x0100005200027B4B,311,327,Rizia/Turn 4/FPnT_PalesDukeVisit,Player_Romus,en,「政権は終わる。今度はあなたの番だ。」
0x0100005200027B51,311,328,Rizia/Turn 4/FPnT_PalesDukeVisit,Player_Romus,en,「いや、そうではないだろう。」
0x0100005200027B59,311,329,Rizia/Turn 4/FPnT_PalesDukeVisit,Player_Romus,en,「私もレスピアに頼る前なら、同じようにしただろう。」
0x0100005200027B60,311,330,Rizia/Turn 4/FPnT_PalesDukeVisit,Axel Reinhart,en,「陛下、お父上様なら決してそれを受け入れなかったでしょう。」
0x0100005200027B67,311,331,Rizia/Turn 4/FPnT_PalesDukeVisit,Axel Reinhart,en,「それは陛下の王国が決定すべきことではありませんでした。」
0x0100005200027B74,311,335,Rizia/Turn 4/FPnT_PalesDukeVisit,Axel Reinhart,en,「陛下、あなたご自身のナショナリスト的傾向を考えると、あなたも同様に受け入れないでしょう。」
0x0100005200027B7B,311,336,Rizia/Turn 4/FPnT_PalesDukeVisit,Axel Reinhart,en,「たとえ父上がそれを受け入れたとしても、私の一族は決して同意しませんでした。彼らはあまりにプライドが高かったのです。」
0x0100005200027B82,311,337,Rizia/Turn 4/FPnT_PalesDukeVisit,Axel Reinhart,en,「当時の様子は聞いております。リジアとモレラがハゲタカのように我々を狙ってきたこと、そして裏で革命を煽ろうとする忌まわしいヴァルグスランドの姿もです。」
0x0100005200027B88,311,338,Rizia/Turn 4/FPnT_PalesDukeVisit,Axel Reinhart,en,「陛下、どのような行動を取られたか、ご自身でも分からないのではありませんか。」
0x0100005200027B92,311,339,Rizia/Turn 4/FPnT_PalesDukeVisit,Axel Reinhart,en,「レスピアだけが我々の独立を支援しようとしてくれた唯一の国でした。」
0x0100005200027B9C,311,340,Rizia/Turn 4/FPnT_PalesDukeVisit,Axel Reinhart,en,「もちろんです。ですが、彼らに他にどのような選択肢があったというのでしょうか？」
0x0100005200027BA4,311,341,Rizia/Turn 4/FPnT_PalesDukeVisit,Axel Reinhart,en,「陛下、我々がいかに裕福であるかはご存知の通りです。それは完全に一方通行の関係ではありませんでした。」
0x0100005200027BAD,311,342,Rizia/Turn 4/FPnT_PalesDukeVisit,Player_Romus,en,「どのような主権か？あなたの一族が権力を握れたのはヴァルゴス帝国によってそうさせられただけだろう。そして今、その帝国は消え去った。」
0x0100005200027BB3,311,343,Rizia/Turn 4/FPnT_PalesDukeVisit,Player_Romus,en,「あなたの言う『主権』など、レスピア人の支援があってこそ成り立つものに過ぎない。それがなければパレスは崩壊してしまうだろう。」
0x0100005200027BB9,311,344,Rizia/Turn 4/FPnT_PalesDukeVisit,Player_Romus,en,「閣下、どうか。我々の一族同士の敵意が、今の関係を損なってしまわないようにしよう。」
0x0100005200027BC9,311,345,Rizia/Turn 4/FPnT_PalesDukeVisit,Narrator,en,彼は私に疑いの目を向けた。
0x0100005200027BD3,311,346,Rizia/Turn 4/FPnT_PalesDukeVisit,Axel Reinhart,en,「陛下、もしパレスの主権を守るためにそうするしかないのであれば、私はそう致します。」
0x0100005200027BD9,311,347,Rizia/Turn 4/FPnT_PalesDukeVisit,Axel Reinhart,en,「必ずしも『干渉』とは言えないでしょう。」
0x0100005200027BE1,311,348,Rizia/Turn 4/FPnT_PalesDukeVisit,Axel Reinhart,en,「それを『干渉』とは呼びませんね、正確に言えば。」
0x0100005200027BED,311,349,Rizia/Turn 4/FPnT_PalesDukeVisit,Player_Romus,en,「では教えてくれ、リジアはどうすればその利益を満たすことができるのか？」
0x0100005200027BF4,311,350,Rizia/Turn 4/FPnT_PalesDukeVisit,Axel Reinhart,en,「残念ですが、その時にはもう手遅れかと存じます。」
0x0100005200027BFE,311,351,Rizia/Turn 4/FPnT_PalesDukeVisit,Axel Reinhart,en,「一方、レスピアは我々の独立を支援することに全く吝かではありませんでした。」
0x0100005200027C05,311,352,Rizia/Turn 4/FPnT_PalesDukeVisit,Axel Reinhart,en,「しかし、これまでどのリジアの統治者もパレスの主権を真に尊重したことはありません。陛下が例外である理由は見当たりません。」
0x0100005200027C0F,311,353,Rizia/Turn 4/FPnT_PalesDukeVisit,Narrator,en,彼は身を乗り出し、声のトーンを落とした。
0x0100005200027C1D,311,357,Rizia/Turn 4/FPnT_PalesDukeVisit,Narrator,en,彼は私を見つめる目つきを厳しくした。
0x0100005200027C25,311,358,Rizia/Turn 4/FPnT_PalesDukeVisit,Axel Reinhart,en,「いいえ、彼らはそうしません。彼らには我々の石油が必要なのです。」
0x0100005200027C2D,311,359,Rizia/Turn 4/FPnT_PalesDukeVisit,Axel Reinhart,en,「それは承知しております。私は愚か者ではありません。」
0x0100005200027C34,311,360,Rizia/Turn 4/FPnT_PalesDukeVisit,Axel Reinhart,en,「しかし今のところ、レスピアは我々のガスを必要としています。そして彼らは、断りがたいほどの額を約束してきているのです。」
0x0100005200027C3A,311,361,Rizia/Turn 4/FPnT_PalesDukeVisit,Axel Reinhart,en,「ですから彼らはレスピアの助けを受け入れました。我々の独立を支援してくれる唯一の国だったのです。」
0x0100005200027C48,311,362,Rizia/Turn 4/FPnT_PalesDukeVisit,Axel Reinhart,en,「陛下、もしも……」
0x0100005200027C4E,311,363,Rizia/Turn 4/FPnT_PalesDukeVisit,Player_Romus,en,「レスピアがアルカシア条約機構のメンバーになった以上、彼らは長期間にわたって君主制と関わり続けるつもりはないだろう。機会があればすぐにあなたを追放させようとするはずだ。」
0x0100005200027C5C,311,364,Rizia/Turn 4/FPnT_PalesDukeVisit,Axel Reinhart,en,「ですから陛下、リジアにそれを奪われてはなりません。戦わずしてはいけないのです。」
0x0100005200027C79,311,365,Rizia/Turn 4/FPnT_PalesDukeVisit,Player_Romus,en,「パレスがレスピアの助けを受け入れた理由は理解できる。だが今やモレラがヴァルグスランドと手を組んでいる以上、あなたは超大国同士の間で挟み撃ちに遭うかもしれない。」
0x0100005200027C80,311,366,Rizia/Turn 4/FPnT_PalesDukeVisit,Player_Romus,en,「歴史の講義はここまでにしよう。このガス田については、我々はどうするつもりか？」
0x0100005200027C98,311,370,Rizia/Turn 4/FPnT_PalesDukeVisit,Narrator,en,彼は私を見つめる目つきを厳しくした。
0x0100005200027CA0,311,371,Rizia/Turn 4/FPnT_PalesDukeVisit,Axel Reinhart,en,「まさにそのために交渉の材料が必要なのです。そして我々にはそれがあります、アンタセア海の最深部に。」
0x0100005200027CAE,311,375,Rizia/Turn 4/FPnT_PalesDukeVisit,Narrator,en,彼は私を見つめる目つきを厳しくした。
0x0100005200027CB5,311,376,Rizia/Turn 4/FPnT_PalesDukeVisit,Axel Reinhart,en,「この件をお話しするのは、陛下に状況の深刻さをご理解いただくためです。」
0x0100005200027CBC,311,377,Rizia/Turn 4/FPnT_PalesDukeVisit,Axel Reinhart,en,「我々にはレスピアへの義務があります。彼らが天然ガスを求めてきたとき、断ることなどほとんどできません。」
0x0100005200027CC3,311,378,Rizia/Turn 4/FPnT_PalesDukeVisit,Axel Reinhart,en,「我々も断じて、リジアにそれを奪われるわけにはいきません。戦わずしては。」
0x0100005200027CC9,311,379,Rizia/Turn 4/FPnT_PalesDukeVisit,Narrator,en,彼は身を乗り出し、声のトーンを落とした。
0x0100005200027CD0,311,380,Rizia/Turn 4/FPnT_PalesDukeVisit,Axel Reinhart,en,「これらすべてをお話ししたのは、陛下に状況の深刻さをご理解いただくためです。」
0x0100005200027CD7,311,381,Rizia/Turn 4/FPnT_PalesDukeVisit,Axel Reinhart,en,「我々にはレスピアへの義務があります。彼らが天然ガスを求めてきたとき、断ることなどほとんどできません。」
0x0100005200027CE6,311,382,Rizia/Turn 4/FPnT_PalesDukeVisit,Player_Romus,en,「私の軍事保安評議官が、その海域周辺に海軍を配備するよう進言してきた。彼女の言うことを聞くべきだった。」
0x0100005200027CEE,311,383,Rizia/Turn 4/FPnT_PalesDukeVisit,Player_Romus,en,「リジアは戦争を望んでいない。きっと平和的な解決策が見つかるはずだ。」
0x0100005200027CF5,311,384,Rizia/Turn 4/FPnT_PalesDukeVisit,Player_Romus,en,「それは脅しか、閣下？」
0x0100005200027D08,311,388,Rizia/Turn 4/FPnT_PalesDukeVisit,Player_Romus,en,「さあ、閣下。そんなことをするのはあなたらしくないわ。早くこの問題を解決して、また有名人たちとデートしに行こう。」
0x0100005200027D0F,311,389,Rizia/Turn 4/FPnT_PalesDukeVisit,Narrator,en,彼は大きく息を吐いた。
0x0100005200027D16,311,390,Rizia/Turn 4/FPnT_PalesDukeVisit,Axel Reinhart,en,「陛下のおっしゃる通りです。こうなってしまうとは信じられません。しかし、他に方法が見当たりません。」
0x0100005200027D2C,311,391,Rizia/Turn 4/FPnT_PalesDukeVisit,Axel Reinhart,en,「はい、陛下。」
0x0100005200027D33,311,392,Rizia/Turn 4/FPnT_PalesDukeVisit,Axel Reinhart,en,「お好きなようになさってください。我々はかつてあなたの国を打ち負かしたことがあります。」
0x0100005200027D3A,311,393,Rizia/Turn 4/FPnT_PalesDukeVisit,Player_Romus,en,「『何を除いては？』ということだろうか？」
0x0100005200027D41,311,394,Rizia/Turn 4/FPnT_PalesDukeVisit,Player_Romus,en,「この流れがどこへ向かっているのか、私にも分かります。」
0x0100005200027D48,311,395,Rizia/Turn 4/FPnT_PalesDukeVisit,Player_Romus,en,「聞いている……」
0x0100005200027D60,311,396,Rizia/Turn 4/FPnT_PalesDukeVisit,Narrator,en,彼は次の言葉を非常に慎重に口にした。
0x0100005200027D69,311,397,Rizia/Turn 4/FPnT_PalesDukeVisit,Axel Reinhart,en,「陛下、パレスがレスピアとの関係を断ち、リジアとの提携を選ぶような未来を想像することができます。」
0x0100005200011A95,311,398,Rizia/Turn 4/FPnT_PalesDukeVisit,Axel Reinhart,en,「しかし、故従兄弟のイヴァルがモンテセ諸島での休暇中に痛い目に遭って学んだように、パラシュートなしで飛行機から飛び降りることはできないのです。」
0x01000052000119C4,311,399,Rizia/Turn 4/FPnT_PalesDukeVisit,Narrator,en,ラインハルト大公は手元にあった紙を取り、そこに数字を走り書きした。
0x0100005200011AD2,311,400,Rizia/Turn 4/FPnT_PalesDukeVisit,Axel Reinhart,en,「これでアウレウス鉱区の完全な探査権を手に入れられます。我々は元々レスピアにその権利を与えようとしていたのです。」
0x0100005200027DA1,311,401,Rizia/Turn 4/FPnT_PalesDukeVisit,Axel Reinhart,en,「その鉱場を我々に明け渡し、要求する代金を支払えば、リジアは必要とする限りのエネルギーを手に入れることができます。」
0x0100005200027DA8,311,402,Rizia/Turn 4/FPnT_PalesDukeVisit,Narrator,en,私は彼が書き留めていた数字を見てみた。
0x01000052000119CB,311,403,Rizia/Turn 4/FPnT_PalesDukeVisit,Narrator,en,それは非常に巨大な金額だったが、我々の国庫なら支払うことができた。
0x01000052000119D9,311,407,Rizia/Turn 4/FPnT_PalesDukeVisit,Narrator,en,それは我々の国庫が負担できる額をはるかに超えていた。
0x0100005200027DB0,311,408,Rizia/Turn 4/FPnT_PalesDukeVisit,Player_Romus,en,「それはあまりにも高額だ。もう少し下げることはできないか？」
0x0100005200027DD5,311,409,Rizia/Turn 4/FPnT_PalesDukeVisit,Axel Reinhart,en,「陛下、私の言っていることがお分かりですか？」
0x0100005200027DDC,311,410,Rizia/Turn 4/FPnT_PalesDukeVisit,Player_Romus,en,「あなたの従兄弟のことは、私も残念に思っている。」
0x0100005200027DE3,311,411,Rizia/Turn 4/FPnT_PalesDukeVisit,Axel Reinhart,en,「コカインとスカイダイビングは相性が悪いのです。」
0x0100005200027DEA,311,412,Rizia/Turn 4/FPnT_PalesDukeVisit,Player_Romus,en,「私には理解できない。どうか説明してくれ。」
0x0100005200027DF1,311,413,Rizia/Turn 4/FPnT_PalesDukeVisit,Player_Romus,en,「たぶん理解しているが、気に入らない。」
0x0100005200027DF8,311,414,Rizia/Turn 4/FPnT_PalesDukeVisit,Player_Romus,en,「理解している。我々が用意するパラシュートは、どれほどの大きさなのだろうか？」
0x0100005200027DFF,311,415,Rizia/Turn 4/FPnT_PalesDukeVisit,Axel Reinhart,en,「レスピアのエネルギー会社であるレスパワーが、アウレウス鉱区の探査権を取得するための入札を行いました。」
0x0100005200027E06,311,416,Rizia/Turn 4/FPnT_PalesDukeVisit,Axel Reinhart,en,「申し訳ありませんが、これが私が出せる最善の折衷案です。」
0x0100005200027E14,311,417,Rizia/Turn 4/FPnT_PalesDukeVisit,Narrator,en,彼はしばらく目を閉じた。
0x0100005200027E1B,311,418,Rizia/Turn 4/FPnT_PalesDukeVisit,Axel Reinhart,en,「ともかく……」
0x0100005200027E23,311,419,Rizia/Turn 4/FPnT_PalesDukeVisit,Axel Reinhart,en,「その鉱区を我々に譲り、彼らの提示額に合わせることに同意してくだされば、私が代わりにその探査権をリジアに売却いたします。」
0x0100005200027E2A,311,420,Rizia/Turn 4/FPnT_PalesDukeVisit,Player_Romus,en,「我々がその土地を明け渡せば、あなた方がすぐにそれをレスピアに売り渡すのではないかと、どうして確信できるのか？」
0x0100005200027E31,311,421,Rizia/Turn 4/FPnT_PalesDukeVisit,Player_Romus,en,「それは馬鹿げている。本来我々のものであるものに代金を払う必要などない。」
0x0100005200027E3F,311,422,Rizia/Turn 4/FPnT_PalesDukeVisit,Axel Reinhart,en,「陛下、我々はどちらも名誉ある者です。私を信頼していただかなければなりません。」
0x0100005200027E46,311,423,Rizia/Turn 4/FPnT_PalesDukeVisit,Axel Reinhart,en,「私は、本来*我々のもの*であるものを寛大にも陛下にお与えしようと思っております。」
0x0100005200027E4C,311,424,Rizia/Turn 4/FPnT_PalesDukeVisit,Axel Reinhart,en,「陛下、これが我々両国にとっていかに有益であるかご理解いただければと存じます。レスピアへの依存から解放され、リジアは望むだけのエネルギーを手に入れることができます。」
0x0100005200027E5A,311,425,Rizia/Turn 4/FPnT_PalesDukeVisit,Player_Romus,en,「それは状況次第だ。レスピアはいくらの条件を出してきているのだろうか？」
0x0100005200027E61,311,426,Rizia/Turn 4/FPnT_PalesDukeVisit,Axel Reinhart,en,「これで話がつきましたね。」
0x0100005200027E69,311,427,Rizia/Turn 4/FPnT_PalesDukeVisit,Axel Reinhart,en,「陛下、これほど早く会談にお越しいただけるとは思ってもみませんでした。しかし、素晴らしいことです。」
0x0100005200027E70,311,428,Rizia/Turn 4/FPnT_PalesDukeVisit,Axel Reinhart,en,「私の一族では昔から金銭について口頭で話すことをしないという方針でしたので……」
0x0100005200027E77,311,429,Rizia/Turn 4/FPnT_PalesDukeVisit,Axel Reinhart,en,「私の一族では昔から金銭について口頭で話すことをしないという方針でしたので……」
0x0100005200027E7E,311,430,Rizia/Turn 4/FPnT_PalesDukeVisit,Narrator,en,ラインハルト大公は手元にあった紙を取り、そこに数字を走り書きした。
0x0100005200027E88,311,431,Rizia/Turn 4/FPnT_PalesDukeVisit,Player_Romus,en,「どうしてもその土地が必要なら持ってくれ。だが、ガス代は私が払うつもりはない。」
0x0100005200027E88,311,431,Rizia/Turn 4/FPnT_PalesDukeVisit,Player_Romus,Menu Text en,「そんなに必要ならその油田を持っていけばいい。だが、ガス代まで払うつもりはない。」［ガス田を譲る］
0x0100005200027E8E,311,432,Rizia/Turn 4/FPnT_PalesDukeVisit,Player_Romus,en,「申し訳ないが、断らざるを得ない。我々にはそのガス田に対する正当な権利があり、必要であれば法廷でそれを守る覚悟がある。」
0x0100005200027E8E,311,432,Rizia/Turn 4/FPnT_PalesDukeVisit,Player_Romus,Menu Text en,「申し訳ないが、断らざるを得ない。我々にはそのガス田に対する正当な権利があり、必要であれば法廷でそれを守るつもりだ。」［国際連盟の仲裁］
0x0100005200027E96,311,433,Rizia/Turn 4/FPnT_PalesDukeVisit,Player_Romus,en,「わかった。単に気になってお聞きするが、いくら支払わなければならないのだろうか。」
0x01000052000119E0,311,434,Rizia/Turn 4/FPnT_PalesDukeVisit,Player_Romus,en,「申し訳ないが、リジアにはこれほどの支払いをする余裕はございません。」
0x0100005200027EA0,311,435,Rizia/Turn 4/FPnT_PalesDukeVisit,Player_Romus,en,「私にも理にかなっているように思える。ラインハルト大公、取引成立だ。」
0x0100005200027EA0,311,435,Rizia/Turn 4/FPnT_PalesDukeVisit,Player_Romus,Menu Text en,「私には理にかなっているようだ。では取引成立だ、ラインハルト大公。」［今 予算-6・毎ターン 予算-2、将来 毎ターン 予算-4・エネルギー+8］
0x0100005200027EA8,311,436,Rizia/Turn 4/FPnT_PalesDukeVisit,Player_Romus,en,「その土地の一部の権利を買えばいいのではないか？」
0x0100005200027EAF,311,437,Rizia/Turn 4/FPnT_PalesDukeVisit,Player_Romus,en,「よく考えてみれば、これは侮辱的だ。私の王国が自国のガス代まで支払うわけにはいかない。」
0x0100005200027EB6,311,438,Rizia/Turn 4/FPnT_PalesDukeVisit,Axel Reinhart,en,「では法廷で争います、陛下。」
0x0100005200027EC0,311,439,Rizia/Turn 4/FPnT_PalesDukeVisit,Player_Romus,en,「その土地の一部の権利を買えばいいのではないか？」
0x0100005200027EC8,311,440,Rizia/Turn 4/FPnT_PalesDukeVisit,Narrator,en,ラインハルト大公はその紙切れを丸めて、何気なく捨て去った。
0x0100005200027ECF,311,441,Rizia/Turn 4/FPnT_PalesDukeVisit,Axel Reinhart,en,「それが私の出せる最良の提案でした。」
0x0100005200027ED6,311,442,Rizia/Turn 4/FPnT_PalesDukeVisit,Axel Reinhart,en,「陛下、解決策としてはどちらをお望みですか？」
0x0100005200027EE1,311,443,Rizia/Turn 4/FPnT_PalesDukeVisit,Narrator,en,ラインハルト大公は顔をしかめた。
0x0100005200027EE8,311,444,Rizia/Turn 4/FPnT_PalesDukeVisit,Axel Reinhart,en,「ええと……陛下がそうおっしゃるのであれば。」
0x0100005200027EF6,311,445,Rizia/Turn 4/FPnT_PalesDukeVisit,Axel Reinhart,en,「もし他に真に選択肢がないのであれば、喜んで仲裁に応じます。ですが、これは私が望んでいた結果とは少し異なります。」
0x0100005200027EFD,311,446,Rizia/Turn 4/FPnT_PalesDukeVisit,Axel Reinhart,en,「ありがとうございます。ですが、私が望んでいた結果とは少し違いますね。」
0x0100005200027F0A,311,447,Rizia/Turn 4/FPnT_PalesDukeVisit,Axel Reinhart,en,「リジアが経済的に繁栄していると考え、陛下のもとへ参りました。私の考えは間違っていましたでしょうか？」
0x0100005200027F12,311,448,Rizia/Turn 4/FPnT_PalesDukeVisit,Narrator,en,彼はあごをこすった。
0x0100005200027F1B,311,449,Rizia/Turn 4/FPnT_PalesDukeVisit,Player_Romus,en,「ご期待を裏切ってしまい、申し訳ない。」
0x0100005200027F22,311,450,Rizia/Turn 4/FPnT_PalesDukeVisit,Player_Romus,en,「リジアの経済はかつてないほど健全だ。しかし、過去に我々に多くの害を与えた国に、これほど多額の金を支払うつもりはない。」
0x0100005200027F29,311,451,Rizia/Turn 4/FPnT_PalesDukeVisit,Player_Romus,en,「ここ数年で我が国の資源は減少してきた。だからこそ、あのガス田が必要なのだ。」
0x0100005200027F30,311,452,Rizia/Turn 4/FPnT_PalesDukeVisit,Axel Reinhart,en,「残念ですが、これは全か無かの取引となります。」
0x0100005200027F38,311,453,Rizia/Turn 4/FPnT_PalesDukeVisit,Axel Reinhart,en,「正直言って、リジアなら容易に支払えると思っていました。」
0x0100005200027F4D,311,454,Rizia/Turn 4/FPnT_PalesDukeVisit,Axel Reinhart,en,「害ですって？正しく覚えているなら、侵略したのは*あなた方*の方でしょう。」
0x0100005200027F54,311,455,Rizia/Turn 4/FPnT_PalesDukeVisit,Axel Reinhart,en,「残念ながら、私が要求する価格でその土地全体の権利を購入していただけない場合、やむを得ずレスピアとの元の契約を守るしかありません。」
0x0100005200027F5A,311,456,Rizia/Turn 4/FPnT_PalesDukeVisit,Axel Reinhart,en,「では……陛下、どのようなご提案がございますか？」
0x0100005200027F72,311,460,Rizia/Turn 4/FPnT_PalesDukeVisit,Player_Romus,en,「わかった、閣下。取引成立だ。」
0x0100005200027F72,311,460,Rizia/Turn 4/FPnT_PalesDukeVisit,Player_Romus,Menu Text en,「わかった、あなた。取引成立だ。」［今 予算-10・毎ターン 予算-2、将来 毎ターン 予算-5・エネルギー+8］
0x0100005200027F7A,311,461,Rizia/Turn 4/FPnT_PalesDukeVisit,Player_Romus,en,「それならレスピアと契約を続けなさい。その土地はあなた方が保持できるが、我々は代金を支払わない。」
0x0100005200027F7A,311,461,Rizia/Turn 4/FPnT_PalesDukeVisit,Player_Romus,Menu Text en,「ではレスピアと手を組みなさい。その土地は君たちのものにして構わないが、我々は代金を払わない。」［ガス田を譲る］
0x0100005200027F82,311,462,Rizia/Turn 4/FPnT_PalesDukeVisit,Player_Romus,en,「それなら仲裁手続きを始めるしかない。法廷で会おう、ラインハルト大公。」
0x0100005200027F82,311,462,Rizia/Turn 4/FPnT_PalesDukeVisit,Player_Romus,Menu Text en,「では、仲裁手続きに入らなければならない。法廷で会おう、ラインハルト大公。」［仲裁］
0x0100005200027F8D,311,464,Rizia/Turn 4/FPnT_PalesDukeVisit,Axel Reinhart,en,「まさかですか？」
0x0100005200027F94,311,465,Rizia/Turn 4/FPnT_PalesDukeVisit,Narrator,en,彼の顔には少年のような笑みが広がった。
0x0100005200027F9B,311,466,Rizia/Turn 4/FPnT_PalesDukeVisit,Axel Reinhart,en,「陛下、完璧です。ですが、妻を見つけるのもこれほど簡単であればよいのに。」
0x0100005200027FA2,311,467,Rizia/Turn 4/FPnT_PalesDukeVisit,Player_Romus,en,「ああ、私には娘がおりる……」
0x0100005200027FA9,311,468,Rizia/Turn 4/FPnT_PalesDukeVisit,Player_Romus,en,「あなたのような若い遊び人は、まだ結婚する必要はない。」
0x0100005200027FB0,311,469,Rizia/Turn 4/FPnT_PalesDukeVisit,Player_Romus,en,「実り多いエネルギー分野における協力関係を楽しみにしている。」
0x0100005200027FBA,311,470,Rizia/Turn 4/FPnT_PalesDukeVisit,Axel Reinhart,en,「私の民は女王を求めております。ご存知の通りです。」
0x0100005200027FC0,311,471,Rizia/Turn 4/FPnT_PalesDukeVisit,Axel Reinhart,en,「彼女は実に美しいですね。ですが、もっと接近する前にこのガス取引がどうなるか見てみましょう。」
0x0100005200027FC8,311,472,Rizia/Turn 4/FPnT_PalesDukeVisit,Axel Reinhart,en,「私も同じです。」
0x0100005200027FCF,311,473,Rizia/Turn 4/FPnT_PalesDukeVisit,Narrator,en,彼の唇がぴくりと動いた。
0x0100005200027FD9,311,474,Rizia/Turn 4/FPnT_PalesDukeVisit,Player_Romus,en,「実のところ、仲裁が行われている間にパレスが再びその地域の境界を侵すのを防ぐため、海軍の援軍を派遣しているのだ。」
0x0100005200027FD9,311,474,Rizia/Turn 4/FPnT_PalesDukeVisit,Player_Romus,Menu Text en,「実のところ、仲裁が行われている間にパレスが再び領土を侵略するのを防ぐため、海軍の援軍を派遣しているのだ。」［海軍を派遣する、権威+1］
0x0100005200027FE1,311,475,Rizia/Turn 4/FPnT_PalesDukeVisit,Narrator,en,彼の鼻孔が広がった。
0x0100005200027FE8,311,476,Rizia/Turn 4/FPnT_PalesDukeVisit,Axel Reinhart,en,「それは私が望んでいた結果とは全く違います。」
0x0100005200027FEF,311,477,Rizia/Turn 4/FPnT_PalesDukeVisit,Player_Romus,en,「私も同じだ。しかし第三者の助けがあれば、必ず妥協点に達することができるだろう。」
0x0100005200027FF6,311,478,Rizia/Turn 4/FPnT_PalesDukeVisit,Axel Reinhart,en,「できるだけ早くお願いします。レスピアが我々を注視しています。」
0x0100005200028003,311,479,Rizia/Turn 4/FPnT_PalesDukeVisit,Player_Romus,en,「最善の条件を探そうとした報いがこれだね。」
0x010000520002800A,311,480,Rizia/Turn 4/FPnT_PalesDukeVisit,Axel Reinhart,en,「結局のところ、それはあなたにとってさらに悪い結果をもたらすでしょう。私にはそこまで分かっています。」
0x0100005200028012,311,481,Rizia/Turn 4/FPnT_PalesDukeVisit,Player_Romus,en,「アルバレス首相は、あなたがどれほど彼を裏切りかけたかを聞いて興味を示すだろう。」
0x0100005200028019,311,482,Rizia/Turn 4/FPnT_PalesDukeVisit,Axel Reinhart,en,「何ですって？そんなこと、あなたがするはずがありません。」
0x0100005200028020,311,483,Rizia/Turn 4/FPnT_PalesDukeVisit,Player_Romus,en,「私も同じだ。しかし両国の平和を保つため、この争いを終わらせる用意がある。」
0x010000520002802A,311,485,Rizia/Turn 4/FPnT_PalesDukeVisit,Player_Romus,en,「ですから、レスピアとリジアを対立させようとするべきではなかった。」
0x0100005200028031,311,486,Rizia/Turn 4/FPnT_PalesDukeVisit,Axel Reinhart,en,「平和ですね、はい。」
0x010000520002803E,311,487,Rizia/Turn 4/FPnT_PalesDukeVisit,Player_Romus,en,「あなたの船が出航した瞬間に、私の戦略顧問がそれを提案した。彼女の言うことを聞くべきだった。」
0x010000520002804C,311,489,Rizia/Turn 4/FPnT_PalesDukeVisit,Player_Romus,en,「わかった、わかった。君と結婚しよう。ただし、我が国の大賢者には内緒にしてくれ。」
0x0100005200028053,311,490,Rizia/Turn 4/FPnT_PalesDukeVisit,Axel Reinhart,en,「面白いですね。でも、あなたは私の好みとは少し違います。」
0x0100005200028061,311,492,Rizia/Turn 4/FPnT_PalesDukeVisit,Player_Romus,en,「申し訳ない。しかし、レスピアを裏切ろうとするあなたの姿勢から、あなたは信頼できないことがわかる。」
0x0100005200028067,311,493,Rizia/Turn 4/FPnT_PalesDukeVisit,Narrator,en,彼は机の下に手を伸ばし、インターホンのボタンを押した。
0x010000520002806D,311,494,Rizia/Turn 4/FPnT_PalesDukeVisit,Axel Reinhart,en,「ヒルダ？お願いだから、陛下が建物の外に出られるよう案内してあげて。迷われては困りますから。」
0x0100005200028073,311,495,Rizia/Turn 4/FPnT_PalesDukeVisit,Narrator,en,彼は椅子にもたれかかり、私をじっと見つめた。
0x0100005200011B78,311,496,Rizia/Turn 4/FPnT_PalesDukeVisit,Axel Reinhart,en,「陛下、あなた様は惨敗を喫することになるでしょう。厳しく負けることになります。」
0x0100005200011C3C,311,497,Rizia/Turn 4/FPnT_PalesDukeVisit,Player_Romus,en,「勝っても負けても、私は決してパレスに屈することはない。」
0x0100005200011C43,311,498,Rizia/Turn 4/FPnT_PalesDukeVisit,Player_Romus,en,「あなた様、紳士同士としてこの問題を解決できなかったのは残念だね。」
0x0100005200011C4A,311,499,Rizia/Turn 4/FPnT_PalesDukeVisit,Player_Romus,en,「あなたは虚勢を張っているだけだ。」
0x01000052000280A9,311,500,Rizia/Turn 4/FPnT_PalesDukeVisit,Narrator,en,彼は驚きのあまり目を瞬かせた。
0x01000052000280B0,311,501,Rizia/Turn 4/FPnT_PalesDukeVisit,Axel Reinhart,en,「どんなに陛下がそれを必要としていても、我々の方がより一層必要としております。」
0x01000052000280B7,311,502,Rizia/Turn 4/FPnT_PalesDukeVisit,Player_Romus,en,「ゲームを楽しめるのはあなただけじゃない。」
0x01000052000280BE,311,503,Rizia/Turn 4/FPnT_PalesDukeVisit,Player_Romus,en,「まずは様子を見ていればよいのだ。」
0x01000052000280C4,311,504,Rizia/Turn 4/FPnT_PalesDukeVisit,Axel Reinhart,en,「それは違います――もういいです。」
0x01000052000280CB,311,505,Rizia/Turn 4/FPnT_PalesDukeVisit,Axel Reinhart,en,「我々の間にレスピア製の掘削船群があれば、平和を維持できることを心から願っております。」
0x01000052000280D4,311,506,Rizia/Turn 4/FPnT_PalesDukeVisit,Player_Romus,en,「いや、私はそんなことしない。だが、そう言った時のあなたの顔を見るのは面白かった。」
0x01000052000280DB,311,507,Rizia/Turn 4/FPnT_PalesDukeVisit,Narrator,en,ラインハルトは顔をしかめた。彼はテーブルの下に手を伸ばし、インターコムのボタンを押した。
0x01000052000280E4,311,508,Rizia/Turn 4/FPnT_PalesDukeVisit,Axel Reinhart,en,「ヒルダ？お願いだから、陛下が建物の外に出られるよう案内してあげて。迷われては困りますから。」
0x01000052000280EB,311,509,Rizia/Turn 4/FPnT_PalesDukeVisit,Axel Reinhart,en,「我々が努力したことを記録に残しておきましょう。」
0x01000052000280F2,311,510,Rizia/Turn 4/FPnT_PalesDukeVisit,Axel Reinhart,en,「私もリジアには屈しません。」
0x01000052000280F9,311,511,Rizia/Turn 4/FPnT_PalesDukeVisit,Axel Reinhart,en,「私が嘘をついていると？そのうちわかるでしょう。」
0x0100005200028100,311,512,Rizia/Turn 4/FPnT_PalesDukeVisit,Player_Romus,en,「そのような態度は相応しくない。私が望むのは、我々の国の間に平和を保つことだけだ。」
0x0100005200028107,311,513,Rizia/Turn 4/FPnT_PalesDukeVisit,Axel Reinhart,en,「私もそれを望んでおります。ですが、単に事実を述べているだけです。」
0x010000520002810D,311,514,Rizia/Turn 4/FPnT_PalesDukeVisit,Narrator,en,ラインハルトはテーブルの下に手を伸ばし、インターコムのボタンを押した。
0x0100005200028113,311,515,Rizia/Turn 4/FPnT_PalesDukeVisit,Axel Reinhart,en,「陛下、署名していただくための正式な譲渡書類を送ります。その間、我々の船がここに留まってもご異議はないでしょう。」
0x010000520002811B,311,516,Rizia/Turn 4/FPnT_PalesDukeVisit,Player_Romus,en,「これによって将来的な協力の可能性がなくなるわけではない。」
0x0100005200028122,311,517,Rizia/Turn 4/FPnT_PalesDukeVisit,Axel Reinhart,en,「我々の間にレスピア人の掘削船団がいると、協力はずっと難しくなります。ですが、様子を見ましょう。」
0x010000520000CDFB,311,518,Rizia/Turn 4/FPnT_PalesDukeVisit,Narrator,en,彼は私の方を振り返った。
0x0100005200028138,311,519,Rizia/Turn 4/FPnT_PalesDukeVisit,Player_Romus,en,「もちろんだ。ここはあなたの領域だ。」
0x010000520002813F,311,520,Rizia/Turn 4/FPnT_PalesDukeVisit,Player_Romus,en,「忘れないでほしい。我々の慈悲によってのみ、彼らはここに留まっているのだと。」
0x0100005200028146,311,521,Rizia/Turn 4/FPnT_PalesDukeVisit,Player_Romus,en,「また会おう、ラインハルト大公。」
0x010000520002814D,311,522,Rizia/Turn 4/FPnT_PalesDukeVisit,Axel Reinhart,en,「ありがとう。」
0x0100005200028154,311,523,Rizia/Turn 4/FPnT_PalesDukeVisit,Axel Reinhart,en,「はい、ありがとうございます、陛下。」
0x010000520002815B,311,524,Rizia/Turn 4/FPnT_PalesDukeVisit,Axel Reinhart,en,「きっとまた会えるでしょう。我々は隣国同士ですよね、陛下？」
0x010000520002816B,311,526,Rizia/Turn 4/FPnT_PalesDukeVisit,Player_Romus,en,「私は単に予防策を講じているだけだ。」
0x0100005200028172,311,527,Rizia/Turn 4/FPnT_PalesDukeVisit,Axel Reinhart,en,「彼女はアザロ家の人間ですよね？この会議は最初から失敗に終わる運命でした。」
0x0100005200028179,311,528,Rizia/Turn 4/FPnT_PalesDukeVisit,Axel Reinhart,en,「それは和解を試みる行為でした。しかし無駄な努力に過ぎませんでした。」
0x0100005200028180,311,529,Rizia/Turn 4/FPnT_PalesDukeVisit,Axel Reinhart,en,「我々も同様にそうします。」
0x0100005200028187,311,530,Rizia/Turn 4/FPnT_PalesDukeVisit,Axel Reinhart,en,「陛下、国際連盟がその所有権を決定する前に貴国の海軍が現場に入ってきた場合、我々も自国の艦隊を派遣して貴国の軍と共に行動せざるを得なくなることをご理解いただけますよう願っております。」
0x0100005200028190,311,531,Rizia/Turn 4/FPnT_PalesDukeVisit,Player_Romus,en,「ああ。実のところ、それを楽しみにしている。」
0x0100005200028197,311,532,Rizia/Turn 4/FPnT_PalesDukeVisit,Player_Romus,en,「軽率な行動は取らないでくれ。誰も事態の悪化を望んでいない。」
0x010000520002819E,311,533,Rizia/Turn 4/FPnT_PalesDukeVisit,Player_Romus,en,「そうなるのです。言われた通りに、必ず実現するのです。」
0x01000052000281A5,311,534,Rizia/Turn 4/FPnT_PalesDukeVisit,Narrator,en,彼は机の下に手を伸ばし、インターホンのボタンを押した。
0x01000052000281AB,311,535,Rizia/Turn 4/FPnT_PalesDukeVisit,Axel Reinhart,en,「ヒルダ？お願いだから、陛下が建物の外に出られるよう案内してあげて。迷われては困りますから。」
0x01000052000281B1,311,536,Rizia/Turn 4/FPnT_PalesDukeVisit,Narrator,en,彼は椅子にもたれかかり、私をじっと見つめた。
0x01000052000281C9,311,538,Rizia/Turn 4/FPnT_PalesDukeVisit,Axel Reinhart,en,「かしこまりました。」
0x01000052000281D2,311,539,Rizia/Turn 4/FPnT_PalesDukeVisit,Axel Reinhart,en,「はっ、信じられない。」
0x01000052000281E0,311,540,Rizia/Turn 4/FPnT_PalesDukeVisit,Axel Reinhart,en,「陛下、パレスにその地域を明け渡し、我々が探査掘削を妨げられることなく続けられるようご許可ください。」
0x01000052000281E7,311,541,Rizia/Turn 4/FPnT_PalesDukeVisit,Axel Reinhart,en,「あるいは……」
0x01000052000281EE,311,542,Rizia/Turn 4/FPnT_PalesDukeVisit,Axel Reinhart,en,「しかし最も簡単な解決策は、リジアがいつ諦めるべきかを理解することです。我々に場所を明け渡してください。」
0x01000052000281F6,311,543,Rizia/Turn 4/FPnT_PalesDukeVisit,Axel Reinhart,en,「パレスにその地を明け渡せば、そうした苦労はしなくて済みますよ、陛下。」
0x01000052000281FE,311,544,Rizia/Turn 4/FPnT_PalesDukeVisit,Player_Romus,en,「はい？」
0x0100005200028205,311,545,Rizia/Turn 4/FPnT_PalesDukeVisit,Player_Romus,en,「もっと理にかなった選択肢があるはずだと私は知っていた。」
0x010000520002820C,311,546,Rizia/Turn 4/FPnT_PalesDukeVisit,Player_Romus,en,「あなたと結婚することはできない、閣下。私の国ではそれは違法だ。」
0x010000520002821D,311,548,Rizia/Turn 4/FPnT_PalesDukeVisit,Narrator,en,彼は私を不思議そうに見つめた。
0x0100005200028224,311,549,Rizia/Turn 4/FPnT_PalesDukeVisit,Axel Reinhart,en,「それが冗談であってほしいのです。」
0x010000520002822B,311,550,Rizia/Turn 4/FPnT_PalesDukeVisit,Axel Reinhart,en,「私が見出せる他の唯一の出口は、国際連盟にその土地の所有権を決定させることです。」
0x0100005200028234,311,551,Rizia/Turn 4/FPnT_PalesDukeVisit,Axel Reinhart,en,「しかし、仲裁の手続きには数年かかる可能性があります。陛下、おそらくその点については既に警告を受けていらっしゃるでしょう。」
0x010000520002823B,311,552,Rizia/Turn 4/FPnT_PalesDukeVisit,Player_Romus,en,「あなた、他に受け入れられるものが全くないと本当に確かか？」
0x0100005200028242,311,553,Rizia/Turn 4/FPnT_PalesDukeVisit,Player_Romus,en,「我々は、正義が実現するまで、どれだけ時間がかかっても待つ用意がある。」
0x0100005200028249,311,554,Rizia/Turn 4/FPnT_PalesDukeVisit,Player_Romus,en,「もし私がパレスにその地を明け渡せば、リジアには何を代わりに与えるつもりか？」
0x010000520002824F,311,555,Rizia/Turn 4/FPnT_PalesDukeVisit,Narrator,en,彼は首を振った。
0x0100005200028256,311,556,Rizia/Turn 4/FPnT_PalesDukeVisit,Axel Reinhart,en,「即位後に陛下にご連絡を差し上げたのは、代替的な経済パートナーとしてリジアに興味があったからです。」
0x010000520002825D,311,557,Rizia/Turn 4/FPnT_PalesDukeVisit,Axel Reinhart,en,「しかし陛下、リジアがそのような関心に応えていないことをはっきりとおっしゃっていました。」
0x0100005200028264,311,558,Rizia/Turn 4/FPnT_PalesDukeVisit,Axel Reinhart,en,「陛下、本当にそのようなお考えでいらっしゃいますか？」
0x010000520002826C,311,559,Rizia/Turn 4/FPnT_PalesDukeVisit,Axel Reinhart,en,「陛下、避けられない長期にわたり費用もかさむ裁判の手続きを経ずに済む機会です。」
0x0100005200028273,311,560,Rizia/Turn 4/FPnT_PalesDukeVisit,Axel Reinhart,en,「申し訳ありませんが、我々にはあまり与えられるものがございません。ですが、レスピアが権利を取得した後であれば、その一部を陛下に売ってくれるかもしれません。」
0x010000520002827A,311,561,Rizia/Turn 4/FPnT_PalesDukeVisit,Player_Romus,en,「それほど慰めにはならないね。」
0x0100005200028280,311,562,Rizia/Turn 4/FPnT_PalesDukeVisit,Axel Reinhart,en,「陛下、貴国がヴェーレンとの間で困難に直面していることは存じております。複数の争議に巻き込まれる余裕などございますか？」
0x0100005200028287,311,563,Rizia/Turn 4/FPnT_PalesDukeVisit,Player_Romus,en,「なぜリジアが負けるとお考えになるか？」
0x010000520002828E,311,564,Rizia/Turn 4/FPnT_PalesDukeVisit,Player_Romus,en,「我が国とあなたの国との間に、永続的な平和が訪れる機会はないものだろうか？」
0x0100005200028295,311,565,Rizia/Turn 4/FPnT_PalesDukeVisit,Axel Reinhart,en,「陛下、リジアは平和を望んでいないと明確におっしゃいましたね。」
0x010000520002829C,311,566,Rizia/Turn 4/FPnT_PalesDukeVisit,Axel Reinhart,en,「もし陛下のお考えが変わられたのであれば、この地を我々に譲っていただければ確実に緊張緩和に役立つでしょう。」
0x01000052000282A3,311,567,Rizia/Turn 4/FPnT_PalesDukeVisit,Axel Reinhart,en,「我々にはアルカシアの後ろ盾を得ているレスピアの支援があります。そして陛下もご存知の通り、アルカシア人が国際連盟に与える影響力は計り知れないものがございます。」
0x01000052000282AA,311,568,Rizia/Turn 4/FPnT_PalesDukeVisit,Axel Reinhart,en,「もしその理論を試してみたいのであれば、どうぞご自由に。」
0x01000052000282B1,311,569,Rizia/Turn 4/FPnT_PalesDukeVisit,Axel Reinhart,en,「申し訳ありません。このような状況では他に何も思いつきません。」
0x01000052000282B8,311,570,Rizia/Turn 4/FPnT_PalesDukeVisit,Axel Reinhart,en,「たとえアウレウス鉱床のごくわずかな割合であっても、相当な量のエネルギーになります。」
0x01000052000282BF,311,571,Rizia/Turn 4/FPnT_PalesDukeVisit,Player_Romus,en,「私も平和を望んでいる。だが、あなた方の態度が事態を悪化させているのだ。」
0x01000052000282C8,311,572,Rizia/Turn 4/FPnT_PalesDukeVisit,Axel Reinhart,en,「陛下、もしパレスの主権を守るためにそうするしかないのであれば、私はそう致します。」
0x01000052000282CF,311,573,Rizia/Turn 4/FPnT_PalesDukeVisit,Player_Romus,en,「どのような主権か？あなたの一族が権力を握れたのはヴァルゴス帝国によってそうさせられただけだろう。そして今、その帝国は消え去った。」
0x01000052000282D5,311,574,Rizia/Turn 4/FPnT_PalesDukeVisit,Player_Romus,en,「あなたの言う『主権』など、レスピア人の支援があってこそ成り立つものに過ぎない。それがなければパレスは崩壊してしまうだろう。」
0x01000052000282DB,311,575,Rizia/Turn 4/FPnT_PalesDukeVisit,Player_Romus,en,「我々はパレスの主権を尊重している。我々が求めているのは、自国のガスを利用する権利だけだ。」
0x01000052000282E5,311,576,Rizia/Turn 4/FPnT_PalesDukeVisit,Axel Reinhart,en,「では、リジアとルンブルクはどうなるのですか？」
0x01000052000282ED,311,577,Rizia/Turn 4/FPnT_PalesDukeVisit,Axel Reinhart,en,「陛下、あなたの言葉を信じてよいものか分かりません。」
0x01000052000282F6,311,578,Rizia/Turn 4/FPnT_PalesDukeVisit,Player_Romus,en,「ジル爆撃は悲劇だった。しかし、我々とヴェーレンとの関係はかつてないほど強固だ。」
0x01000052000282FD,311,579,Rizia/Turn 4/FPnT_PalesDukeVisit,Player_Romus,en,「我々を何者だと思っているのか？リジア王国には、いくつ争議があろうとも耐えられる。」
0x0100005200028304,311,580,Rizia/Turn 4/FPnT_PalesDukeVisit,Player_Romus,en,「お願いだ、閣下。私の王国にチャンスを与えてくれ。そうすれば必ず自分たちの力を証明する。」
0x010000520002830B,311,581,Rizia/Turn 4/FPnT_PalesDukeVisit,Player_Romus,en,「どうか分別を持ってくれ。過去の恨みが建設的な解決の妨げになっている。」
0x0100005200028312,311,582,Rizia/Turn 4/FPnT_PalesDukeVisit,Player_Romus,en,「私を責めることができるか？あなた方の国との戦いで多くの優秀な兵士たちを失ったのだ。」
0x0100005200028319,311,583,Rizia/Turn 4/FPnT_PalesDukeVisit,Axel Reinhart,en,「私の国に侵攻してきたということですな。」
0x0100005200028320,311,584,Rizia/Turn 4/FPnT_PalesDukeVisit,Axel Reinhart,en,「残念ですが、もう手遅れのようです。」
0x0100005200028332,311,587,Rizia/Turn 4/FPnT_PalesDukeVisit,Axel Reinhart,en,「我々が話しているのは過去の恨み事ではありません。陛下の我が国に対する現在の態度についてです。」
0x0100005200028339,311,588,Rizia/Turn 4/FPnT_PalesDukeVisit,Axel Reinhart,en,「この会話は終わりです。」
0x010000520002833E,311,589,Rizia/Turn 4/FPnT_PalesDukeVisit,Player_Romus,en,「正直に申し上げると、ヴェーレンとの問題により、我々が天然ガスをより一層必要としている状況になっている。」
0x0100005200028345,311,590,Rizia/Turn 4/FPnT_PalesDukeVisit,Axel Reinhart,en,「承知いたしました。しかしパレスは譲歩することができません。レスピアからの提案額は、私どもが断り難いほどの高額なのです。」
0x010000520002834C,311,591,Rizia/Turn 4/FPnT_PalesDukeVisit,Axel Reinhart,en,「では、私の無礼をお許しください。」
0x0100005200028356,311,592,Rizia/Turn 4/FPnT_PalesDukeVisit,Axel Reinhart,en,「いいえ、この会話はもう終わりです。我々が追い込まれなければ、パレスはガス田に対するリジアの主張を認めることはありません。」
0x010000520002835D,311,593,Rizia/Turn 4/FPnT_PalesDukeVisit,Axel Reinhart,en,「それでは、私が間違っていました。」
0x0100005200028365,311,594,Rizia/Turn 4/FPnT_PalesDukeVisit,Axel Reinhart,en,「しかし私は引き下がりません。我々が追い込まれた場合にのみ、パレスはガス田に対するリジアの権利を認めるだけです。」
0x010000520002836E,311,595,Rizia/Turn 4/FPnT_PalesDukeVisit,Player_Romus,en,「私は依然として、国際社会があなた方の取るに足らない小さな半島を支えてくれるとは思えない。」
0x0100005200028376,311,596,Rizia/Turn 4/FPnT_PalesDukeVisit,Player_Romus,en,「では、国際連盟を介入させるしかないようだね。仲裁に訴えるしかない。」
0x010000520002837E,311,597,Rizia/Turn 4/FPnT_PalesDukeVisit,Player_Romus,en,「私の国はあなた方のように絶望しているわけではない。お好きなようにその油田を保持して構わない。」
0x010000520002837E,311,597,Rizia/Turn 4/FPnT_PalesDukeVisit,Player_Romus,Menu Text en,「我が国はあなたの国ほど絶望的ではない。好きなようにその油田を保持しなさい。」［ガス田を譲る］
0x010000520002838F,311,598,Rizia/Turn 4/FPnT_PalesDukeVisit,Narrator,en,ラインハルト大公はまばたきをした。
0x0100005200028396,311,599,Rizia/Turn 4/FPnT_PalesDukeVisit,Axel Reinhart,en,「それだけですか？」
0x010000520002839D,311,600,Rizia/Turn 4/FPnT_PalesDukeVisit,Axel Reinhart,en,「私が望んでいた結果ではありませんでした。ですが、受け入れます。」
0x01000052000283AE,311,602,Rizia/Turn 4/FPnT_PalesDukeVisit,Axel Reinhart,en,「ありがとうございます。そうでしょう。」
0x01000052000283C0,311,603,Rizia/Turn 4/FPnT_PalesDukeVisit,Player_Romus,en,「和解の機会を得るためには、これほどの代償も安いものだ。」
0x01000052000283C6,311,604,Rizia/Turn 4/FPnT_PalesDukeVisit,Player_Romus,en,「私が求めるのは、我々の寛大さを忘れないでいてほしいというだけだ。」
0x01000052000283CC,311,605,Rizia/Turn 4/FPnT_PalesDukeVisit,Axel Reinhart,en,「そのような意味でおっしゃっているのだと存じます。」
0x01000052000283DE,311,606,Rizia/Turn 4/FPnT_PalesDukeVisit,Axel Reinhart,en,「必ずやります。」
0x01000052000283E4,311,607,Rizia/Turn 4/FPnT_PalesDukeVisit,Axel Reinhart,en,「我々の間にレスピア製の掘削船群がいる以上、和解するのは難しいでしょう。」
0x01000052000283F0,311,608,Rizia/Turn 4/FPnT_PalesDukeVisit,Narrator,en,彼はテーブルの下に手を伸ばし、インターコムのボタンを押した。
0x01000052000283FC,311,609,Rizia/Turn 4/FPnT_PalesDukeVisit,Narrator,en,ラインハルトはテーブルの下に手を伸ばし、インターコムのボタンを押した。
0x0100005200028408,311,610,Rizia/Turn 4/FPnT_PalesDukeVisit,Player_Romus,en,「これによって将来的な協力の可能性がなくなるわけではない。」
0x010000520002840E,311,611,Rizia/Turn 4/FPnT_PalesDukeVisit,Axel Reinhart,en,「我々の間にレスピア人の掘削船団がいると、協力はずっと難しくなります。ですが、様子を見ましょう。」
0x010000520002842B,311,612,Rizia/Turn 4/FPnT_PalesDukeVisit,Player_Romus,en,「どうせ革命が起きれば、あなたもレスピア人も最初に壁に追い詰められることになる。」
0x0100005200028437,311,614,Rizia/Turn 4/FPnT_PalesDukeVisit,Axel Reinhart,en,「本気ですか？いわゆる革命によって危険にさらされるのであれば、それは陛下の弱体化した君主制こそです。」
0x010000520002843E,311,615,Rizia/Turn 4/FPnT_PalesDukeVisit,Narrator,en,ラインハルトは顔をしかめた。
0x0100005200028471,311,616,Rizia/Turn 4/FPnT_PalesDukeVisit,Player_Romus,en,「パレスにとっては相当な量かもしれないが、リジアのエネルギー需要はあなたが知るよりもはるかに大きいのだ。」
0x0100005200028478,311,617,Rizia/Turn 4/FPnT_PalesDukeVisit,Player_Romus,en,「我々二人ともの面倒を省きたいのだ。だが、あの地を手に入れるという点では、あなたと同じくらい私にもプレッシャーがかかっているのだ。」
0x010000520002847D,311,618,Rizia/Turn 4/FPnT_PalesDukeVisit,Narrator,en,ラインハルト大公はうなずいた。
0x010000520002848B,311,619,Rizia/Turn 4/FPnT_PalesDukeVisit,Player_Romus,en,「さらに、仲裁が行われている間にパレスが再びその領域の境界を侵すのを防ぐため、海軍の援軍を派遣する。」
0x010000520002848B,311,619,Rizia/Turn 4/FPnT_PalesDukeVisit,Player_Romus,Menu Text en,「さらに、仲裁の過程でパレスが再び領土を侵攻するのを防ぐため、海軍の援軍を派遣する。」［海軍を派遣する、権威+1］
0x0100005200028496,311,621,Rizia/Turn 4/FPnT_PalesDukeVisit,Narrator,en,彼の鼻孔が広がった。
0x010000520002849C,311,622,Rizia/Turn 4/FPnT_PalesDukeVisit,Player_Romus,en,「第三者の助けがあれば、必ず妥協点に達することができるだろう。」
0x01000052000284A2,311,623,Rizia/Turn 4/FPnT_PalesDukeVisit,Player_Romus,en,「まさか、我々が簡単にその地を差し出すと本当に思っていたのか？」
0x01000052000284A8,311,624,Rizia/Turn 4/FPnT_PalesDukeVisit,Axel Reinhart,en,「陛下、失敗が明らかな企てであればお認めになるものと思っていました。しかし、1920年代のリジアは依然として繁栄しているようですね。」
0x01000052000284AE,311,625,Rizia/Turn 4/FPnT_PalesDukeVisit,Axel Reinhart,en,「できるだけ早くお願いします。レスピアが我々を注視しています。」
0x01000052000284C4,311,627,Rizia/Turn 4/FPnT_PalesDukeVisit,Axel Reinhart,en,「それは私が望んでいた結果とは全く違います。」
0x01000052000284CA,311,628,Rizia/Turn 4/FPnT_PalesDukeVisit,Player_Romus,en,「あなたの船が出航した瞬間に、私の戦略顧問がそれを提案した。彼女の言うことを聞くべきだった。」
0x01000052000284D0,311,629,Rizia/Turn 4/FPnT_PalesDukeVisit,Player_Romus,en,「私はあなたを信頼している。だが、レスピアが忍耐力を失うのではないかと心配でならない。」
0x01000052000284D6,311,630,Rizia/Turn 4/FPnT_PalesDukeVisit,Player_Romus,en,「私は単に予防策を講じているだけだ。」
0x01000052000284DC,311,631,Rizia/Turn 4/FPnT_PalesDukeVisit,Axel Reinhart,en,「彼女はアザロ家の人間ですよね？この会議は最初から失敗に終わる運命でした。」
0x01000052000284E2,311,632,Rizia/Turn 4/FPnT_PalesDukeVisit,Axel Reinhart,en,「もし潜在的な紛争を煽ることにこだわるのであれば……そうなるがよい。」
0x01000052000284E8,311,633,Rizia/Turn 4/FPnT_PalesDukeVisit,Axel Reinhart,en,「我々も同様にそうします。」
0x0100005200028528,311,640,Rizia/Turn 4/FPnT_PalesDukeVisit,Axel Reinhart,en,「もう十分です、陛下。何をしようとお考えなのかお聞かせください。」
0x010000520002852F,311,641,Rizia/Turn 4/FPnT_PalesDukeVisit,Player_Romus,en,「仲裁に入るしか道はないようだ。直ちに国際連盟に通知する。」
0x0100005200028535,311,642,Rizia/Turn 4/FPnT_PalesDukeVisit,Axel Reinhart,en,「承知いたしました、陛下。どのようなご命令でしょうか。」
0x0100005200028540,311,643,Rizia/Turn 4/FPnT_PalesDukeVisit,Player_Romus,en,「なあ、リジアはそこまで追い詰められてはいない。もしお望みなら、我々がその場を譲ってもよいのだ。」
0x0100005200028549,311,644,Rizia/Turn 4/FPnT_PalesDukeVisit,Axel Reinhart,en,「では、この会話はここで終わりにしましょう。何をしたいのか教えてください。」
0x0100005200028552,311,645,Rizia/Turn 4/FPnT_PalesDukeVisit,Player_Romus,en,「どのような主権か？あなたの一族が権力を握れたのはヴァルゴス帝国によってそうさせられただけだろう。そして今、その帝国は消え去った。」
0x0100005200028558,311,646,Rizia/Turn 4/FPnT_PalesDukeVisit,Player_Romus,en,「あなたの言う『主権』など、レスピア人の支援があってこそ成り立つものに過ぎない。それがなければパレスは崩壊してしまうだろう。」
0x010000520002855E,311,647,Rizia/Turn 4/FPnT_PalesDukeVisit,Player_Romus,en,「お願いだ、閣下。我々の家族同士の悪しき因縁が、今の関係を損なうようにしてはいけない。」
0x0100005200028572,311,648,Rizia/Turn 4/FPnT_PalesDukeVisit,Player_Romus,en,「我々はあなたの主権を尊重している。だがそれで、我々からガスを奪っても構わないという意味にはならない。」
0x010000520002857E,311,649,Rizia/Turn 4/FPnT_PalesDukeVisit,Axel Reinhart,en,「我々の一族同士だと？我々二人の間の過去の経緯を忘れているようですね。」
0x0100005200028585,311,650,Rizia/Turn 4/FPnT_PalesDukeVisit,Axel Reinhart,en,「リジアやルンブルクはどうなるのでしょうか？また、トラス家を権力の座に留めるために陛下のお父上がヴェーレンと結んだ取引は？」
0x0100005200028593,311,651,Rizia/Turn 4/FPnT_PalesDukeVisit,Axel Reinhart,en,「我が国の主権が、たとえ未熟であろうとも、無視されているリジアの小さな島々のそれに等しいなどと主張するのは、非常に無礼な行為です。」
0x01000052000285A1,311,655,Rizia/Turn 4/FPnT_PalesDukeVisit,Axel Reinhart,en,「私は、そのガス田がパレスだけのものであるとあなた様が認めてくださる限り、和解する用意がございます。」
0x01000052000285A8,311,656,Rizia/Turn 4/FPnT_PalesDukeVisit,Axel Reinhart,en,「ですが、そのガス田はパレスだけのものであると認めてくださるなら、私としても和解する用意がございます。」
0x01000052000285AF,311,657,Rizia/Turn 4/FPnT_PalesDukeVisit,Narrator,en,私は彼の目に強い決意の光を見た。
0x010000520002858B,311,658,Rizia/Turn 4/FPnT_PalesDukeVisit,Axel Reinhart,en,「陛下、私どもラインハルト家がパレスを統治してきた期間は、トラス家がリジアを統治してきた期間と同じほど長いのです。」
0x01000052000285BA,311,659,Rizia/Turn 4/FPnT_PalesDukeVisit,Axel Reinhart,en,「リジアはどうなのでしょうか？強大だったレゼニド帝国が既に塵と化すはずだったにもかかわらず、その遺産を背負って前進し続けているのです。」
0x01000052000285C2,311,660,Rizia/Turn 4/FPnT_PalesDukeVisit,Axel Reinhart,en,「はい、パレスはかつてヴァルゴス帝国の一部でした。しかし我々は独自の法律や慣習、さらには独自の言語まで築き上げました。」
0x01000052000285D0,311,661,Rizia/Turn 4/FPnT_PalesDukeVisit,Axel Reinhart,en,「帝国が崩壊したとき、我々はどうすればよかったのでしょうか？築き上げてきたものをすべて捨て去るだけでいいのですか？」
0x01000052000285D6,311,662,Rizia/Turn 4/FPnT_PalesDukeVisit,Player_Romus,en,「パレスはリジアに再び合流していれば、その文化的アイデンティティを守り続けることができたはずだ。」
0x01000052000285DC,311,663,Rizia/Turn 4/FPnT_PalesDukeVisit,Player_Romus,en,「政権は終わる。今度はあなたの番だ。」
0x01000052000285E2,311,664,Rizia/Turn 4/FPnT_PalesDukeVisit,Player_Romus,en,「いや、そうではないだろう。」
0x01000052000285E8,311,665,Rizia/Turn 4/FPnT_PalesDukeVisit,Player_Romus,en,「私もレスピアに頼る前なら、同じようにしただろう。」
0x01000052000285EE,311,666,Rizia/Turn 4/FPnT_PalesDukeVisit,Axel Reinhart,en,「陛下、お父上であれば決してそのようなことを許しませんでした。」
0x01000052000285F4,311,667,Rizia/Turn 4/FPnT_PalesDukeVisit,Axel Reinhart,en,「それは陛下の王国が決定すべきことではありませんでした。」
0x01000052000285FA,311,668,Rizia/Turn 4/FPnT_PalesDukeVisit,Axel Reinhart,en,「陛下、どのような行動を取られたか、ご自身でも分からないのではありませんか。」
0x010000520002860D,311,672,Rizia/Turn 4/FPnT_PalesDukeVisit,Axel Reinhart,en,「陛下、あなたご自身のナショナリスト的傾向を考えると、あなたも同様に受け入れないでしょう。」
0x0100005200028613,311,673,Rizia/Turn 4/FPnT_PalesDukeVisit,Axel Reinhart,en,「たとえ父上がそれを受け入れたとしても、私の一族は決して同意しませんでした。彼らはあまりにプライドが高かったのです。」
0x0100005200028619,311,674,Rizia/Turn 4/FPnT_PalesDukeVisit,Axel Reinhart,en,「一方、レスピアは我々の独立を支援することに全く吝かではありませんでした。」
0x010000520002861F,311,675,Rizia/Turn 4/FPnT_PalesDukeVisit,Axel Reinhart,en,「ですから彼らはレスピアの助けを受け入れました。我々の独立を支援してくれる唯一の国だったのです。」
0x010000520002862A,311,676,Rizia/Turn 4/FPnT_PalesDukeVisit,Axel Reinhart,en,「当時の様子は聞いております。リジアとモレラがハゲタカのように我々を狙ってきたこと、そして裏で革命を煽ろうとする忌まわしいヴァルグスランドの姿もです。」
0x0100005200028630,311,677,Rizia/Turn 4/FPnT_PalesDukeVisit,Axel Reinhart,en,「レスピアだけが我々の独立を支援しようとしてくれた唯一の国でした。」
0x0100005200028645,311,678,Rizia/Turn 4/FPnT_PalesDukeVisit,Player_Romus,en,「あなたの独立を支援したのは……あなたを自分たちに依存させることによってだ。」
0x010000520002864B,311,679,Rizia/Turn 4/FPnT_PalesDukeVisit,Player_Romus,en,「あなたの一族は、彼らがそうする動機に純粋さが欠けていることに気づいたはずだ。」
0x0100005200028651,311,680,Rizia/Turn 4/FPnT_PalesDukeVisit,Player_Romus,en,「あなたがそのような立場に置かれるべきではなかった、あなた様。私の国はパレスを放っておくべきだったのだ。」
0x0100005200028657,311,681,Rizia/Turn 4/FPnT_PalesDukeVisit,Axel Reinhart,en,「そのようにお認めいただき、ありがとうございます。ですが、何も変わりはしません。」
0x010000520002865D,311,682,Rizia/Turn 4/FPnT_PalesDukeVisit,Axel Reinhart,en,「もちろんです。しかしリジアの侵略により、彼らには他に選択肢がなかったのです。」
0x0100005200028663,311,683,Rizia/Turn 4/FPnT_PalesDukeVisit,Axel Reinhart,en,「我々を豊かにし、あなたのような侵略者から自らを守る力を与えてくれたのです。」
0x0100005200028669,311,684,Rizia/Turn 4/FPnT_PalesDukeVisit,Player_Romus,en,「レスピアがアルカシア条約機構のメンバーになった以上、彼らは長期間にわたって君主制と関わり続けるつもりはないだろう。機会があればすぐにあなたを追放させようとするはずだ。」
0x010000520002866F,311,685,Rizia/Turn 4/FPnT_PalesDukeVisit,Player_Romus,en,「パレスがレスピアの助けを受け入れた理由は理解できる。だが今やモレラがヴァルグスランドと手を組んでいる以上、あなたは超大国同士の間で挟み撃ちに遭うかもしれない。」
0x0100005200028675,311,686,Rizia/Turn 4/FPnT_PalesDukeVisit,Player_Romus,en,「歴史の授業はもう十分だ。今、何をするつもりか？」
0x010000520002868F,311,687,Rizia/Turn 4/FPnT_PalesDukeVisit,Player_Romus,en,「あなたは彼らの新しい首相に会ったことがあるか？彼を信頼できるか？」
0x0100005200028696,311,688,Rizia/Turn 4/FPnT_PalesDukeVisit,Narrator,en,彼は私を見つめる目つきを厳しくした。
0x010000520002869C,311,689,Rizia/Turn 4/FPnT_PalesDukeVisit,Axel Reinhart,en,「いいえ、彼らはそんなことしません。我々の石油が必要な限りは。」
0x01000052000286A2,311,690,Rizia/Turn 4/FPnT_PalesDukeVisit,Axel Reinhart,en,「ですから陛下、リジアにそれを奪われてはなりません。戦わずしてはいけないのです。」
0x01000052000286AB,311,691,Rizia/Turn 4/FPnT_PalesDukeVisit,Narrator,en,彼は私を見つめる目つきを厳しくした。
0x01000052000286B2,311,692,Rizia/Turn 4/FPnT_PalesDukeVisit,Axel Reinhart,en,「交渉の材料がある限りは大丈夫です。そしてその材料は、アンタセアンの最深部に確実に存在しています。」
0x01000052000286BA,311,693,Rizia/Turn 4/FPnT_PalesDukeVisit,Narrator,en,彼は私を見つめる目つきを厳しくした。
0x01000052000286C0,311,694,Rizia/Turn 4/FPnT_PalesDukeVisit,Axel Reinhart,en,「この件をお話しするのは、陛下に状況の深刻さをご理解いただくためです。」
0x01000052000286C6,311,695,Rizia/Turn 4/FPnT_PalesDukeVisit,Axel Reinhart,en,「我々にはレスピアへの義務があります。彼らが天然ガスを求めてきたとき、断ることなどほとんどできません。」
0x01000052000286D0,311,696,Rizia/Turn 4/FPnT_PalesDukeVisit,Player_Romus,en,「落ち着いてくれ、閣下。我々は戦争を始めるつもりはない。」
0x01000052000286D7,311,697,Rizia/Turn 4/FPnT_PalesDukeVisit,Axel Reinhart,en,「では証明してみなさい。艦隊を引き上げさせなさい。」
0x01000052000286DE,311,698,Rizia/Turn 4/FPnT_PalesDukeVisit,Player_Romus,en,「あなたが戦いを望むのなら、私はそれを与えてやる。」
0x01000052000286E5,311,699,Rizia/Turn 4/FPnT_PalesDukeVisit,Player_Romus,en,「あなただけが義務を負っているわけではない。そしてそのガス田は分けるのに十分な大きさがある。」
0x01000052000286EF,311,700,Rizia/Turn 4/FPnT_PalesDukeVisit,Narrator,en,彼は私を見つめる目つきを厳しくした。
0x01000052000286F6,311,701,Rizia/Turn 4/FPnT_PalesDukeVisit,Axel Reinhart,en,「陛下、私はあなたよりもパトリシオ・アルバレスの方を信頼しております。」
0x01000052000286FE,311,702,Rizia/Turn 4/FPnT_PalesDukeVisit,Player_Romus,en,「なかなか説得力のある主張だね。しかし、我々はただでその場所を譲るつもりはない。」
0x0100005200028704,311,703,Rizia/Turn 4/FPnT_PalesDukeVisit,Axel Reinhart,en,「陛下、本当によろしいのでしょうか？1920年代に何が起こったか、ご記憶にございますよね。」
0x010000520002870B,311,704,Rizia/Turn 4/FPnT_PalesDukeVisit,Axel Reinhart,en,「ガス田を共有するには密接な協力が必要です。今のところリジアと協力する気にはなれませんので、ご容赦ください。」
0x0100005200028712,311,705,Rizia/Turn 4/FPnT_PalesDukeVisit,Player_Romus,en,「あなた方が*自分たちの*船を戻してくれれば、私もそうする。」
0x0100005200028718,311,706,Rizia/Turn 4/FPnT_PalesDukeVisit,Axel Reinhart,en,「なぜだ？そうすれば我々双方とも多くの面倒を避けられるからです。」
0x0100005200028721,311,707,Rizia/Turn 4/FPnT_PalesDukeVisit,Player_Romus,en,「私は検討している。だが、まずはガス田に関する合意に達する必要がある。」
0x0100005200028728,311,708,Rizia/Turn 4/FPnT_PalesDukeVisit,Player_Romus,en,「もし撤退を命じたら、また掘削を再開しないとどうして分かるのか？」
0x010000520002872E,311,709,Rizia/Turn 4/FPnT_PalesDukeVisit,Player_Romus,en,「ああ。我々はあなたを打ち負かし、レスピアに泣きつくまで追い詰めた。」
0x0100005200028735,311,710,Rizia/Turn 4/FPnT_PalesDukeVisit,Player_Romus,en,「ああ。パレスとの戦いで多くの優秀な兵士たちを失った。」
0x010000520002873C,311,711,Rizia/Turn 4/FPnT_PalesDukeVisit,Player_Romus,en,「私の方がよく覚えている。あなたはまだ生まれてもいなかったから。」
0x0100005200028743,311,712,Rizia/Turn 4/FPnT_PalesDukeVisit,Player_Romus,en,「私が厳しい態度を取ったことは認める。もし我々の艦船を呼び戻すことに同意するなら、理性的な話し合いができるだろうか？」
0x010000520002874A,311,713,Rizia/Turn 4/FPnT_PalesDukeVisit,Player_Romus,en,「協力する必要はない。それぞれの立場を守っていればよいのだ。」
0x0100005200028751,311,714,Rizia/Turn 4/FPnT_PalesDukeVisit,Player_Romus,en,「もし協力を拒むなら、我々は力ずくでそうさせる。」
0x0100005200028758,311,715,Rizia/Turn 4/FPnT_PalesDukeVisit,Axel Reinhart,en,「いえ、リジア海軍がそこにいる限り、私はパレスの部隊を戦場から撤退させません。」
0x010000520002875F,311,716,Rizia/Turn 4/FPnT_PalesDukeVisit,Axel Reinhart,en,「陛下、申し訳ありませんが、あなた様の艦船の砲が私の艦に向けられていることは決して受け入れがたいものです。」
0x0100005200028766,311,717,Rizia/Turn 4/FPnT_PalesDukeVisit,Axel Reinhart,en,「もしそうしたら、陛下のご命令ですぐに艦船を呼び戻していただけます。」
0x010000520002876D,311,718,Rizia/Turn 4/FPnT_PalesDukeVisit,Axel Reinhart,en,「レスピアは武器や装備に関してわずかな支援しかしてくれませんでした。陛下、あなた方の内輪揉めの方がレスピアによる被害よりも大きかったのです。」
0x0100005200028774,311,719,Rizia/Turn 4/FPnT_PalesDukeVisit,Axel Reinhart,en,「パレスを侵略するということですね。」
0x0100005200028781,311,720,Rizia/Turn 4/FPnT_PalesDukeVisit,Axel Reinhart,en,「ですから、私のパレス大公国を怒らせることがいかに愚かな行為か、あなたもご存知でしょう。」
0x0100005200028789,311,721,Rizia/Turn 4/FPnT_PalesDukeVisit,Axel Reinhart,en,「やっと、リジア王からまともな発言が聞けましたね。」
0x0100005200028790,311,722,Rizia/Turn 4/FPnT_PalesDukeVisit,Axel Reinhart,en,「陛下、丁寧にお願い申し上げます。リジア海軍がそこにいる限り、パレスの軍隊をその地から撤退させていただきたく存じます。それであれば話し合いに応じましょう。」
0x0100005200028799,311,723,Rizia/Turn 4/FPnT_PalesDukeVisit,Axel Reinhart,en,「陛下、一度だけチャンスを差し上げます。海軍を引き上げていただければ、ガス田について理性的な話し合いを致しましょう。」
0x01000052000287A2,311,724,Rizia/Turn 4/FPnT_PalesDukeVisit,Axel Reinhart,en,「意見の相違が生じる可能性があまりにも大きすぎます。リジアは既にそれを扱うことができないことを証明してしまいました。」
0x01000052000287A9,311,725,Rizia/Turn 4/FPnT_PalesDukeVisit,Axel Reinhart,en,「陛下、どうかお願い申し上げます。我々双方とも事態の悪化を望んでおりません。」
0x01000052000287B0,311,726,Rizia/Turn 4/FPnT_PalesDukeVisit,Axel Reinhart,en,「この会話を続ける前に、まず陛下の海軍を撤退させるよう強くお願い申し上げます。」
0x01000052000287B8,311,727,Rizia/Turn 4/FPnT_PalesDukeVisit,Axel Reinhart,en,「はい。海軍を引き上げていただければ、引き続き話し合いを進めましょう。」
0x01000052000287BF,311,728,Rizia/Turn 4/FPnT_PalesDukeVisit,Player_Romus,en,「パレス、ひいてはレスピアに屈することは、国際的に我々を弱体に見せることになる。それは許されない。」
0x01000052000287C6,311,729,Rizia/Turn 4/FPnT_PalesDukeVisit,Player_Romus,en,「リジアにはあの地域のガスが必要だ、閣下。我々を試さないでくれ。」
0x01000052000287CD,311,730,Rizia/Turn 4/FPnT_PalesDukeVisit,Player_Romus,en,「それは原則の問題だ。カレカビズに近いという立地こそが、我々にその土地を所有する権利を与えていると私は心から信じている。」
0x01000052000287D4,311,731,Rizia/Turn 4/FPnT_PalesDukeVisit,Axel Reinhart,en,「私もそうは思いません。では、それによって我々はどうなるのでしょうか？」
0x01000052000287DB,311,732,Rizia/Turn 4/FPnT_PalesDukeVisit,Axel Reinhart,en,「必要だからといって、それを手に入れる権利があるわけではありません。」
0x01000052000287E2,311,733,Rizia/Turn 4/FPnT_PalesDukeVisit,Axel Reinhart,en,「リジアに屈することで、我々がどのような印象を与えることになるか、ご検討いただきましたか？」
0x01000052000287E9,311,734,Rizia/Turn 4/FPnT_PalesDukeVisit,Axel Reinhart,en,「陛下、どうか。この件については話し合うことができます。ですがまずは海軍を引き上げていただきたいのです。」
0x01000052000287F2,311,735,Rizia/Turn 4/FPnT_PalesDukeVisit,Player_Romus,en,「断じてダメだ。私の艦船はその場に留まり続ける。」
0x0100005200028804,311,736,Rizia/Turn 4/FPnT_PalesDukeVisit,Player_Romus,en,「それで前進できるのであれば、構わない。直ちに艦隊を引き上げるよう命じる。」
0x0100005200028804,311,736,Rizia/Turn 4/FPnT_PalesDukeVisit,Player_Romus,Menu Text en,「前進できるというのなら、それで構わない。直ちに艦隊を引き上げよう。」［艦隊を呼び戻す］
0x010000520002880F,311,737,Rizia/Turn 4/FPnT_PalesDukeVisit,Narrator,en,ラインハルト大公は震えるような安堵のため息をついた。
0x0100005200028816,311,738,Rizia/Turn 4/FPnT_PalesDukeVisit,Axel Reinhart,en,「ありがとう。」
0x010000520002881D,311,739,Rizia/Turn 4/FPnT_PalesDukeVisit,Narrator,en,ラインハルト大公は顔色を失った。彼は言葉を発する前に一度唾を飲み込んだ。
0x0100005200028824,311,740,Rizia/Turn 4/FPnT_PalesDukeVisit,Axel Reinhart,en,「それでは、そう決めましょう。」
0x010000520002882B,311,741,Rizia/Turn 4/FPnT_PalesDukeVisit,Axel Reinhart,en,「陛下、仲裁のために国際連盟を呼び寄せるしかないようです。」
0x0100005200028840,311,742,Rizia/Turn 4/FPnT_PalesDukeVisit,Player_Romus,en,「よろしい。彼らなら、パレスが海外資源に関する国際連盟の指令を明らかに違反したと容易く裁定するだろう。」
0x0100005200028847,311,743,Rizia/Turn 4/FPnT_PalesDukeVisit,Axel Reinhart,en,「たとえそれが適用されたとしても、ANDORは単純な黒白の世界ではありません。非常に微妙な側面があるのです。」
0x010000520002884E,311,744,Rizia/Turn 4/FPnT_PalesDukeVisit,Player_Romus,en,「そうなるのです。言われた通りに、必ず実現するのです。」
0x0100005200028853,311,745,Rizia/Turn 4/FPnT_PalesDukeVisit,Player_Romus,en,「前の法律と比べて微妙な違いがあるだけで、優れた立法として単独で成立しているわけではない。」
0x010000520002885A,311,746,Rizia/Turn 4/FPnT_PalesDukeVisit,Player_Romus,en,「我々には国際社会の支援がある。パレスにはそれがない。」
0x0100005200028863,311,747,Rizia/Turn 4/FPnT_PalesDukeVisit,Axel Reinhart,en,「私は昔のあのヴルヘック教徒どもなど全く気にしたことがありません。」
0x010000520002886A,311,748,Rizia/Turn 4/FPnT_PalesDukeVisit,Player_Romus,en,「私にとって、我が国の海洋境界に関する規則は明確だ。側近たちも同様にそう考えている。」
0x0100005200028871,311,749,Rizia/Turn 4/FPnT_PalesDukeVisit,Axel Reinhart,en,「我々が決して承認しなかった指令です。」
0x0100005200028878,311,750,Rizia/Turn 4/FPnT_PalesDukeVisit,Player_Romus,en,「今、我々の宗教を侮辱しているのか？」
0x010000520002887D,311,751,Rizia/Turn 4/FPnT_PalesDukeVisit,Player_Romus,en,「さあ、どうしたのだか。昔は対等な者同士で争いを解決してきたではないか？」
0x0100005200028886,311,752,Rizia/Turn 4/FPnT_PalesDukeVisit,Axel Reinhart,en,「私はそのようなリスクを負いません。武力衝突を引き起こす可能性があまりにも高すぎます。」
0x010000520002888C,311,753,Rizia/Turn 4/FPnT_PalesDukeVisit,Player_Romus,en,「それは鋸ではなく、約束だ。あなたの言葉は必ず行動に移されるべきだ。」
0x0100005200028898,311,755,Rizia/Turn 4/FPnT_PalesDukeVisit,Axel Reinhart,en,「私も他の人々と同じように神を畏れています。しかし、永遠に古い聖人たちの言葉だけに従っているわけにはいきません。」
0x010000520002889F,311,756,Rizia/Turn 4/FPnT_PalesDukeVisit,Axel Reinhart,en,「その点については陛下のおっしゃる通りです。」
0x01000052000288A6,311,757,Rizia/Turn 4/FPnT_PalesDukeVisit,Player_Romus,en,「私も同じだが、民衆はそれらを熱狂的に好んでいる。」
0x01000052000288AD,311,758,Rizia/Turn 4/FPnT_PalesDukeVisit,Axel Reinhart,en,「神と直結した血筋を持つ王は、誰もが慕うものです。」
0x01000052000288CD,311,759,Rizia/Turn 4/FPnT_PalesDukeVisit,Axel Reinhart,en,「残念ながら、アウレウス鉱区に関する我々の選択肢は依然として限られております。」
0x01000052000288D4,311,760,Rizia/Turn 4/FPnT_PalesDukeVisit,Axel Reinhart,en,「レスピアはその鉱区の探査権を取得しようとしています。それなのに陛下、明らかに我々に譲る気はないようですね。」
0x01000052000288DB,311,761,Rizia/Turn 4/FPnT_PalesDukeVisit,Axel Reinhart,en,「ですから、私が考えられる唯一の選択肢は、これを国際連盟に持ち込んで仲裁を依頼することだけです。」
0x01000052000288E2,311,762,Rizia/Turn 4/FPnT_PalesDukeVisit,Player_Romus,en,「待ってくれ。もし私が本当にパレスにその地を明け渡すのであれば、リジアには何を見返りとして与えるつもりか？」
0x01000052000288E8,311,763,Rizia/Turn 4/FPnT_PalesDukeVisit,Axel Reinhart,en,「陛下、避けられない長期にわたり費用もかさむ裁判の手続きを経ずに済む機会です。」
0x01000052000288EE,311,764,Rizia/Turn 4/FPnT_PalesDukeVisit,Axel Reinhart,en,「申し訳ありませんが、我々にはあまり差し出すものがございません。ですが、レスピアが権利を取得した後であれば、その一部を陛下に売ってくれるかもしれません。」
0x01000052000288F4,311,765,Rizia/Turn 4/FPnT_PalesDukeVisit,Player_Romus,en,「それほど慰めにはならないね。」
0x01000052000288FA,311,766,Rizia/Turn 4/FPnT_PalesDukeVisit,Player_Romus,en,「なぜリジアが負けるとお考えになるか？」
0x0100005200028900,311,767,Rizia/Turn 4/FPnT_PalesDukeVisit,Player_Romus,en,「我が国とあなたの国との間に、永続的な平和が訪れる機会はないものだろうか？」
0x0100005200028906,311,768,Rizia/Turn 4/FPnT_PalesDukeVisit,Axel Reinhart,en,「陛下、リジアは平和を望んでいないと明確におっしゃいましたね。」
0x010000520002890C,311,769,Rizia/Turn 4/FPnT_PalesDukeVisit,Axel Reinhart,en,「もし陛下がその考えを変えられたのであれば、それを証明する機会をお与えします。」
0x0100005200028912,311,770,Rizia/Turn 4/FPnT_PalesDukeVisit,Axel Reinhart,en,「我々にはアルカシアの後ろ盾を得ているレスピアの支援があります。そして陛下もご存知の通り、アルカシア人が国際連盟に与える影響力は計り知れないものがございます。」
0x0100005200028918,311,771,Rizia/Turn 4/FPnT_PalesDukeVisit,Axel Reinhart,en,「もしその理論を試してみたいのであれば、どうぞご自由に。」
0x010000520002891E,311,772,Rizia/Turn 4/FPnT_PalesDukeVisit,Axel Reinhart,en,「まあ、この状況では他に思いつくことはありません。」
0x0100005200028924,311,773,Rizia/Turn 4/FPnT_PalesDukeVisit,Axel Reinhart,en,「たとえアウレウス鉱床のごくわずかな割合であっても、相当な量のエネルギーになります。」
0x0100005200028936,311,774,Rizia/Turn 4/FPnT_PalesDukeVisit,Player_Romus,en,「私はレスピアと取引をすることを拒否する。」
0x010000520002893D,311,775,Rizia/Turn 4/FPnT_PalesDukeVisit,Axel Reinhart,en,「それなら、気にしないでください。」
0x0100005200028946,311,776,Rizia/Turn 4/FPnT_PalesDukeVisit,Axel Reinhart,en,「我々にはアルカシアの後ろ盾を得ているレスピアの支援があります。そして陛下もご存知の通り、アルカシア人が国際連盟に与える影響力は計り知れないものがございます。」
0x010000520002894D,311,777,Rizia/Turn 4/FPnT_PalesDukeVisit,Axel Reinhart,en,「前の法案と比べれば十分に微妙な調整がなされており、陛下の国であるパレスが好意的に受け止められると思います。特に国際的な支援があればなおさらです。」
0x0100005200028954,311,778,Rizia/Turn 4/FPnT_PalesDukeVisit,Axel Reinhart,en,「国際連盟がそのように考えているか見てみましょう。」
0x010000520002895B,311,779,Rizia/Turn 4/FPnT_PalesDukeVisit,Axel Reinhart,en,「忘れてはなりません。我々にはアルカシアの後ろ盾を持つレスピアの支援があるのです。そして、前者がANにどれほど大きな影響力を持っているか、我々二人ともよく知っています。」
0x0100005200028968,311,780,Rizia/Turn 4/FPnT_PalesDukeVisit,Player_Romus,en,「あなたの脅しは私には効かない。忘れるな、私の海軍が依然としてあなたの船を包囲しているのだ。」
0x0100005200028971,311,781,Rizia/Turn 4/FPnT_PalesDukeVisit,Player_Romus,en,「あなたは、我々がルンブルクやGRACEから得ている支援のことを忘れている。」
0x010000520002897A,311,782,Rizia/Turn 4/FPnT_PalesDukeVisit,Player_Romus,en,「南のメルコパの残りの地域も私の側につくだろう。」
0x0100005200028983,311,783,Rizia/Turn 4/FPnT_PalesDukeVisit,Player_Romus,en,「閣下、レスピアをそこまで信用してはいけないよ。」
0x010000520002898C,311,784,Rizia/Turn 4/FPnT_PalesDukeVisit,Player_Romus,en,「あなたの言う通りだ。第三者を介入させれば、妥協点を見つけるのに役立つだろう。」
0x0100005200028998,311,785,Rizia/Turn 4/FPnT_PalesDukeVisit,Axel Reinhart,en,「いずれにせよ、敗北されたらご自分の艦隊を平和的に撤退させていただけることを願っております、陛下。」
0x01000052000289A2,311,786,Rizia/Turn 4/FPnT_PalesDukeVisit,Axel Reinhart,en,「陛下、あなた様のように好戦的な王国とでは、『妥協』など成り立つはずもありません。」
0x01000052000289A9,311,787,Rizia/Turn 4/FPnT_PalesDukeVisit,Player_Romus,en,「武力衝突か……では相撲でもどうだろう？こここのテーブルでその争いを解決できるよ。」
0x01000052000289B0,311,788,Rizia/Turn 4/FPnT_PalesDukeVisit,Narrator,en,彼は片眉を上げた。私は彼の腕の筋肉がぴくつくのを見た。
0x01000052000289BC,311,790,Rizia/Turn 4/FPnT_PalesDukeVisit,Axel Reinhart,en,「冗談でしょうか？あなたなら一瞬で負けてしまいますよ。」
0x01000052000289C3,311,791,Rizia/Turn 4/FPnT_PalesDukeVisit,Axel Reinhart,en,「仲裁の過程でも同じように負けることになります。」
0x01000052000289CA,311,792,Rizia/Turn 4/FPnT_PalesDukeVisit,Axel Reinhart,en,「陛下、もし敗北されたならば、平和的に艦船を撤退させていただけますよう願っております。」
0x01000052000289D1,311,793,Rizia/Turn 4/FPnT_PalesDukeVisit,Axel Reinhart,en,「陛下、もし敗れたならば、どうか平和的に彼らを追い返してくださいますよう願っております。」
0x01000052000289D8,311,794,Rizia/Turn 4/FPnT_PalesDukeVisit,Player_Romus,en,「あなたの言うことは傲慢すぎる、閣下。南メルコパの他の者たちからは一切の支援は得られないよ。」
0x01000052000289E1,311,795,Rizia/Turn 4/FPnT_PalesDukeVisit,Player_Romus,en,「どうして我々が負けると思うのか？我々にはGRACEが味方であることを忘れてはならない。」
0x01000052000289E7,311,796,Rizia/Turn 4/FPnT_PalesDukeVisit,Axel Reinhart,en,「陛下、今は20世紀です。衰退した君主制国家にはもはやかつてのような影響力はありません。」
0x01000052000289EE,311,797,Rizia/Turn 4/FPnT_PalesDukeVisit,Axel Reinhart,en,「本当にそうなるでしょうか？陛下がいつでも軍を動員するとお示しになった後では？」
0x01000052000289F5,311,798,Rizia/Turn 4/FPnT_PalesDukeVisit,Axel Reinhart,en,「彼らを侮ってはいけません。我々も同様です。」
0x01000052000289FC,311,799,Rizia/Turn 4/FPnT_PalesDukeVisit,Narrator,en,彼は机の下に手を伸ばし、インターホンのボタンを押した。
0x0100005200028A06,311,800,Rizia/Turn 4/FPnT_PalesDukeVisit,Player_Romus,en,「それが唯一の選択肢だと？我々自身で折り合いをつけることはできないのか？」
0x0100005200028A0C,311,801,Rizia/Turn 4/FPnT_PalesDukeVisit,Player_Romus,en,「あなたは、私がリジア軍の全戦力をパレスに投入した場合に起こり得る事を恐れているのだな。当然のことだ。」
0x0100005200028A13,311,802,Rizia/Turn 4/FPnT_PalesDukeVisit,Axel Reinhart,en,「私は断じてそのような人間ではない。」
0x0100005200028A1A,311,803,Rizia/Turn 4/FPnT_PalesDukeVisit,Axel Reinhart,en,「もしアウレウス鉱床を巡って争いが起きれば、我々が争っているその資源自体を損なう危険性があります。」
0x0100005200028A27,311,804,Rizia/Turn 4/FPnT_PalesDukeVisit,Axel Reinhart,en,「ヒルダ？お願いだから、陛下が建物の外に出られるよう案内してあげて。迷われては困りますから。」
0x0100005200028A2D,311,805,Rizia/Turn 4/FPnT_PalesDukeVisit,Narrator,en,彼は椅子にもたれかかり、私をじっと見つめた。
0x0100005200028A35,311,806,Rizia/Turn 4/FPnT_PalesDukeVisit,Axel Reinhart,en,「陛下、あなたの海軍が我々の領海にいる限り、私どもも自国の艦船を派遣して共に行動せざるを得ないことはご理解いただけておりますね。」
0x0100005200028A3C,311,807,Rizia/Turn 4/FPnT_PalesDukeVisit,Player_Romus,en,「もちろん、そういたしよう。」
0x0100005200028A43,311,808,Rizia/Turn 4/FPnT_PalesDukeVisit,Player_Romus,en,「あなたが言うのは、私の方がはるかに優れている艦隊のことだね。」
0x0100005200028A4A,311,809,Rizia/Turn 4/FPnT_PalesDukeVisit,Player_Romus,en,「このような事態になってしまい、申し訳ない、閣下。」
0x0100005200028A54,311,810,Rizia/Turn 4/FPnT_PalesDukeVisit,Player_Romus,en,「あなたが降伏するときの顔を見るだけでも価値がある。」
0x0100005200028A5A,311,811,Rizia/Turn 4/FPnT_PalesDukeVisit,Player_Romus,en,「国際連盟が下す判断が公正かつ偏りのないものである限り、その決定は何であれ尊重する。」
0x0100005200028A62,311,812,Rizia/Turn 4/FPnT_PalesDukeVisit,Player_Romus,en,「パレス大公など、本物の王と腕相撲をするほどの度胸はないことは分かっていた。」
0x0100005200028A69,311,813,Rizia/Turn 4/FPnT_PalesDukeVisit,Axel Reinhart,en,「陛下、あなた様がそうしてくださるのですか？」
0x0100005200028A71,311,814,Rizia/Turn 4/FPnT_PalesDukeVisit,Axel Reinhart,en,「陛下、今は20世紀です。衰退した君主制国家にはもはやかつてのような影響力はありません。」
0x0100005200028A79,311,815,Rizia/Turn 4/FPnT_PalesDukeVisit,Axel Reinhart,en,「陛下、そのお約束を守っていただきますように。」
0x0100005200028A81,311,816,Rizia/Turn 4/FPnT_PalesDukeVisit,Axel Reinhart,en,「陛下、ご自身を恥ずかしめているのです。」
0x0100005200028A89,311,817,Rizia/Turn 4/FPnT_PalesDukeVisit,Axel Reinhart,en,「この完全に避けられたはずの事態ですか？ええ、私も申し訳ありません。」
0x0100005200028A8F,311,818,Rizia/Turn 4/FPnT_PalesDukeVisit,Axel Reinhart,en,「陛下、パレス海軍の力を試したくはないでしょう。」
0x0100005200028A95,311,819,Rizia/Turn 4/FPnT_PalesDukeVisit,Axel Reinhart,en,「陛下、あなたは非常に危険なゲームをしているのです。」
0x0100005200028A9C,311,820,Rizia/Turn 4/FPnT_PalesDukeVisit,Axel Reinhart,en,「私は心から、国際連盟を通じて平和的な解決に至れることを願っております。何よりも陛下のために。」
0x010000520000CE73,311,821,Rizia/Turn 4/FPnT_PalesDukeVisit,Narrator,en,ラインハルト大公の秘書がドアを開けた。彼は立ち上がり、私にも同じようにするよう合図した。
0x010000520000CE79,311,822,Rizia/Turn 4/FPnT_PalesDukeVisit,Axel Reinhart,en,「陛下、法廷でお会いしましょう。」
0x0100005200028AAE,311,823,Rizia/Turn 4/FPnT_PalesDukeVisit,Player_Romus,en,「それまで、ラインハルト大公。」
0x0100005200028AB5,311,824,Rizia/Turn 4/FPnT_PalesDukeVisit,Player_Romus,en,「さらば、閣下。」
0x0100005200028ABC,311,825,Rizia/Turn 4/FPnT_PalesDukeVisit,Player_Romus,en,「戦場で会おう。」
0x0100005200028ACC,311,827,Rizia/Turn 4/FPnT_PalesDukeVisit,Player_Romus,en,「それならば、他の場所で戦うしかないだろう。」
0x0100005200028AD3,311,828,Rizia/Turn 4/FPnT_PalesDukeVisit,Player_Romus,en,「私はただ見せかけに過ぎない。争いを引き起こすつもりなど全くない。」
0x0100005200028AD9,311,829,Rizia/Turn 4/FPnT_PalesDukeVisit,Axel Reinhart,en,「そのようなことをお考えでないことを心から願っております、陛下。」
0x0100005200028AE0,311,830,Rizia/Turn 4/FPnT_PalesDukeVisit,Axel Reinhart,en,「陛下、どうか信じてください。パレスは決して降伏しません。」
0x0100005200028AE8,311,831,Rizia/Turn 4/FPnT_PalesDukeVisit,Axel Reinhart,en,「私も同じです。ですが、事故というものは起こり得ます。」
0x0100005200028AEF,311,832,Rizia/Turn 4/FPnT_PalesDukeVisit,Axel Reinhart,en,「運が良ければ、過ちが起こる前に仲裁手続きは終了するでしょう。」
0x0100005200028AF8,311,833,Rizia/Turn 4/FPnT_PalesDukeVisit,Axel Reinhart,en,「もし運がさらに良ければ、敗北した時でも平和的に艦船を送り返すことができるでしょう陛下。」
0x0100005200028B07,311,835,Rizia/Turn 4/FPnT_PalesDukeVisit,Axel Reinhart,en,「私は仲裁に全面的に賛成です。陛下のご面倒を省きたく思いまして。」
0x0100005200028B0F,311,836,Rizia/Turn 4/FPnT_PalesDukeVisit,Axel Reinhart,en,「陛下、かつて大公国に対して抱いておられた敵意を思えば、そんなことはあり得ません。ましてや海上封鎖を行った後では断じて不可能です。」
0x0100005200028B1D,311,840,Rizia/Turn 4/FPnT_PalesDukeVisit,Axel Reinhart,en,「陛下、恐れ入りますが、あなた様の海上封鎖によってパレスとの取引の機会はすでに失われてしまったようです。」
0x0100005200028B2A,311,841,Rizia/Turn 4/FPnT_PalesDukeVisit,Player_Romus,en,「彼らはおそらく、パレスが海外資源に関する国際連盟の指令を明らかに違反して行動したと簡単に判断するだろう。」
0x0100005200028B30,311,842,Rizia/Turn 4/FPnT_PalesDukeVisit,Axel Reinhart,en,「たとえそれが適用されたとしても、ANDORは単純な黒白の世界ではありません。非常に微妙な側面があるのです。」
0x0100005200028B36,311,843,Rizia/Turn 4/FPnT_PalesDukeVisit,Player_Romus,en,「前の法律と比べて微妙な違いがあるだけで、優れた立法として単独で成立しているわけではない。」
0x0100005200028B3C,311,844,Rizia/Turn 4/FPnT_PalesDukeVisit,Player_Romus,en,「我々には国際社会の支援がある。パレスにはそれがない。」
0x0100005200028B42,311,845,Rizia/Turn 4/FPnT_PalesDukeVisit,Player_Romus,en,「私にとって、我が国の海洋境界に関する規則は明確だ。側近たちも同様にそう考えている。」
0x0100005200028B48,311,846,Rizia/Turn 4/FPnT_PalesDukeVisit,Axel Reinhart,en,「我々が決して承認しなかった指令です。」
0x0100005200028B4E,311,847,Rizia/Turn 4/FPnT_PalesDukeVisit,Axel Reinhart,en,「我々にはアルカシアの後ろ盾を得ているレスピアの支援があります。そして陛下もご存知の通り、アルカシア人が国際連盟に与える影響力は計り知れないものがございます。」
0x0100005200028B54,311,848,Rizia/Turn 4/FPnT_PalesDukeVisit,Axel Reinhart,en,「前の法案と比べれば十分に微妙な調整がなされており、陛下の国であるパレスが好意的に受け止められると思います。特に国際的な支援があればなおさらです。」
0x0100005200028B5A,311,849,Rizia/Turn 4/FPnT_PalesDukeVisit,Player_Romus,en,「閣下、レスピアをそこまで信用してはいけないよ。」
0x0100005200028B60,311,850,Rizia/Turn 4/FPnT_PalesDukeVisit,Player_Romus,en,「あなたの脅しは私には効かない。」
0x0100005200028B66,311,851,Rizia/Turn 4/FPnT_PalesDukeVisit,Player_Romus,en,「あなたは、我々がルンブルクやGRACEから得ている支援のことを忘れている。」
0x0100005200028B6C,311,852,Rizia/Turn 4/FPnT_PalesDukeVisit,Axel Reinhart,en,「陛下、今は20世紀です。衰退した君主制国家にはもはやかつてのような影響力はありません。」
0x0100005200028B72,311,853,Rizia/Turn 4/FPnT_PalesDukeVisit,Axel Reinhart,en,「本当にそうなるでしょうか？陛下がいつでも軍を動員するとお示しになった後では？」
0x0100005200028B78,311,854,Rizia/Turn 4/FPnT_PalesDukeVisit,Axel Reinhart,en,「彼らを侮ってはいけません。我々も同様です。」
0x0100005200028B7E,311,855,Rizia/Turn 4/FPnT_PalesDukeVisit,Axel Reinhart,en,「国際連盟がそのように考えているか見てみましょう。」
0x0100005200028B84,311,856,Rizia/Turn 4/FPnT_PalesDukeVisit,Axel Reinhart,en,「それは脅迫ではありません。私は単に事実を述べているだけです。」
0x0100005200028B8A,311,857,Rizia/Turn 4/FPnT_PalesDukeVisit,Axel Reinhart,en,「忘れてはなりません。我々にはアルカシアの後ろ盾を持つレスピアの支援があるのです。そして、前者がANにどれほど大きな影響力を持っているか、我々二人ともよく知っています。」
0x0100005200028B90,311,858,Rizia/Turn 4/FPnT_PalesDukeVisit,Player_Romus,en,「南のメルコパの残りの地域も私の側につくだろう。」
0x0100005200028BB0,311,859,Rizia/Turn 4/FPnT_PalesDukeVisit,Axel Reinhart,en,「陛下、こちらに土地を明け渡していただければ、双方とも長期にわたり多大な費用がかかる手続きを避けることができます。さもなければ、我々は国際連盟に介入を要請せざるを得ません。」
0x0100005200028BB7,311,860,Rizia/Turn 4/FPnT_PalesDukeVisit,Axel Reinhart,en,「申し上げます、もしご異議なくそのガス田を我々に譲っていただければ、長期にわたり多大な費用がかかる手続きを避けることができます。」
0x0100005200028BC1,311,861,Rizia/Turn 4/FPnT_PalesDukeVisit,Player_Romus,en,「私は引き下がらない。仲裁に訴えるしかない。」
0x0100005200028BC7,311,862,Rizia/Turn 4/FPnT_PalesDukeVisit,Player_Romus,en,「ですが、あなたの方が我々よりもこのガス田を欲しがっているのは明らかだね。お好きなように持っていてくれ。」
0x0100005200028BC7,311,862,Rizia/Turn 4/FPnT_PalesDukeVisit,Player_Romus,Menu Text en,「なあ、明らかにお前の方が我々よりもこのガス田を欲しがっているだろう。好きに持っていけ。」［ガス田を譲る］
0x0100005200028BD6,311,863,Rizia/Turn 4/FPnT_PalesDukeVisit,Axel Reinhart,en,「かしこまりました、陛下。」
0x0100005200028C2F,311,867,Rizia/Turn 4/FPnT_PalesDukeVisit,Narrator,en,ラインハルト大公はまばたきをした。
0x0100005200028C35,311,868,Rizia/Turn 4/FPnT_PalesDukeVisit,Axel Reinhart,en,「それだけですか？」
0x0100005200028C41,311,869,Rizia/Turn 4/FPnT_PalesDukeVisit,Axel Reinhart,en,「ありがとうございます。そうでしょう。」
0x0100005200028C47,311,870,Rizia/Turn 4/FPnT_PalesDukeVisit,Player_Romus,en,「和解の機会を得るためには、これほどの代償も安いものだ。」
0x0100005200028C4D,311,871,Rizia/Turn 4/FPnT_PalesDukeVisit,Player_Romus,en,「私が求めるのは、我々の寛大さを忘れないでいてほしいというだけだ。」
0x0100005200028C53,311,872,Rizia/Turn 4/FPnT_PalesDukeVisit,Player_Romus,en,「これにより、将来的に協力の機会が得られることを願っている。」
0x0100005200028C59,311,873,Rizia/Turn 4/FPnT_PalesDukeVisit,Player_Romus,en,「どうせ革命が起きれば、あなたもレスピア人も最初に壁に追い詰められることになる。」
0x0100005200028C66,311,874,Rizia/Turn 4/FPnT_PalesDukeVisit,Axel Reinhart,en,「陛下、先日は我々を追って海軍を派遣なさったというのに、今度は和解を語られるのですか？」
0x0100005200028C6C,311,875,Rizia/Turn 4/FPnT_PalesDukeVisit,Axel Reinhart,en,「陛下、我々を追って海軍を派遣なさったというのに、今度は我々にその寛大さを称賛しろとお望みですか？」
0x0100005200028C72,311,876,Rizia/Turn 4/FPnT_PalesDukeVisit,Axel Reinhart,en,「陛下、ご判断を改めて退き入られたことを喜ばしく思います。しかし、今後はリジアと一切の交流を持ちたくありません。」
0x0100005200028C78,311,877,Rizia/Turn 4/FPnT_PalesDukeVisit,Narrator,en,彼はテーブルの下に手を伸ばし、インターコムのボタンを押した。
0x0100005200028C7E,311,878,Rizia/Turn 4/FPnT_PalesDukeVisit,Narrator,en,ラインハルトはテーブルの下に手を伸ばし、インターコムのボタンを押した。
0x0100005200028C84,311,879,Rizia/Turn 4/FPnT_PalesDukeVisit,Axel Reinhart,en,「陛下、かつて我々を追って海軍を派遣されたのに、今になって協力などとおっしゃるのですか？」
0x0100005200028C8E,311,881,Rizia/Turn 4/FPnT_PalesDukeVisit,Axel Reinhart,en,「本気ですか？いわゆる革命によって危険にさらされるのであれば、それは陛下の弱体化した君主制こそです。」
0x0100005200028C94,311,882,Rizia/Turn 4/FPnT_PalesDukeVisit,Narrator,en,ラインハルトは顔をしかめた。
0x0100006500006C74,311,899,Rizia/Turn 4/FPnT_PalesDukeVisit,Narrator,en,事前の手数料と年間の採掘権使用料を支払う代わりに、ガス田から安定した年間エネルギー供給が得られた。
0x010000520003F625,311,904,Rizia/Turn 4/FPnT_PalesDukeVisit,Axel Reinhart,en,「陛下、あの競技場ではきっとご自身の力を発揮できるはずです。しかし、ダメです。」
0x010000520003F62C,311,905,Rizia/Turn 4/FPnT_PalesDukeVisit,Axel Reinhart,en,「我々は仲裁に訴えるつもりです。そしてリジアは負けるでしょう。」
0x010000520003F636,311,906,Rizia/Turn 4/FPnT_PalesDukeVisit,Narrator,en,ラインハルト大公は歯を食いしばった。
0x0100009E0000EB48,311,910,Rizia/Turn 4/FPnT_PalesDukeVisit,Player_Romus,en,「こちらの業務はもう終わったと思う。」
0x0100009E0000EB4E,311,911,Rizia/Turn 4/FPnT_PalesDukeVisit,Player_Romus,en,「さらに、あなたが我々に何も提供できなかった以上、私は自分の艦隊を呼び戻すつもりはない。我が海軍は仲裁が終わるまでその地に留まり続けるだろう。」
0x0100009E0000EB4E,311,911,Rizia/Turn 4/FPnT_PalesDukeVisit,Player_Romus,Menu Text en,「さらに、あなた方が何も提供できなかった以上、私は結局艦隊を呼び戻すつもりはない。我々の海軍は仲裁が終わるまでその地に留まり続ける。」 ［封鎖を続ける］
0x0100009E0000EB54,311,912,Rizia/Turn 4/FPnT_PalesDukeVisit,Player_Romus,en,「私も同じです。」
0x0100009E0000EB62,311,914,Rizia/Turn 4/FPnT_PalesDukeVisit,Narrator,en,彼の顎がぴくりと動いた。
0x0100009E0000EB69,311,915,Rizia/Turn 4/FPnT_PalesDukeVisit,Axel Reinhart,en,「それは大きな間違いです。」
0x010000520005CF30,311,916,Rizia/Turn 4/FPnT_PalesDukeVisit,Axel Reinhart,en,「そのような事態に至ってしまい、誠に申し訳ありません。」
0x010000BD000000C6,311,917,Rizia/Turn 4/FPnT_PalesDukeVisit,Narrator,en,それは非常に巨大な金額で、我が国の財政では到底支払うことのできないものだった。
0x010000740001309B,311,930,Rizia/Turn 4/FPnT_PalesDukeVisit,Narrator,en,それは信じられないほど巨大な金額だったが、我々の国庫にはその支払いが可能だった。
0x01000074000130A1,311,931,Rizia/Turn 4/FPnT_PalesDukeVisit,Narrator,en,それは信じられないほど巨大な金額で、我が国の財政力では到底支払うことのできないものだった。
0x01000074000130AE,311,932,Rizia/Turn 4/FPnT_PalesDukeVisit,Narrator,en,それは非常に大きな金額だったが、我々の国庫なら支払うことができた。
0x01000074000130BC,311,933,Rizia/Turn 4/FPnT_PalesDukeVisit,Player_Romus,en,「私にも理にかなっているように思える。ラインハルト大公、取引成立だ。」
0x01000074000130BC,311,933,Rizia/Turn 4/FPnT_PalesDukeVisit,Player_Romus,Menu Text en,「私には理にかなっているようだ。では取引成立だ、ラインハルト大公。」［今 予算-10・毎ターン 予算-2、将来 毎ターン 予算-5・エネルギー+8］
0x01000074000130C3,311,934,Rizia/Turn 4/FPnT_PalesDukeVisit,Player_Romus,en,「私にも理にかなっているように思える。ラインハルト大公、取引成立だ。」
0x01000074000130C3,311,934,Rizia/Turn 4/FPnT_PalesDukeVisit,Player_Romus,Menu Text en,「私としては妥当だ。ラインハルト大公、取引成立だ。」［今 予算-8・毎ターン 予算-2、将来 毎ターン 予算-4・エネルギー+8］
0x01000074000130DA,311,941,Rizia/Turn 4/FPnT_PalesDukeVisit,Player_Romus,en,「わかった、閣下。取引成立だ。」
0x01000074000130DA,311,941,Rizia/Turn 4/FPnT_PalesDukeVisit,Player_Romus,Menu Text en,「わかった、あなた。取引成立だ。」［今 予算-8・毎ターン 予算-2、将来 毎ターン 予算-4・エネルギー+8］
0x01000074000130E2,311,942,Rizia/Turn 4/FPnT_PalesDukeVisit,Player_Romus,en,「わかった、閣下。取引成立だ。」
0x01000074000130E2,311,942,Rizia/Turn 4/FPnT_PalesDukeVisit,Player_Romus,Menu Text en,「わかった、あなた。取引成立だ。」［今 予算-6・毎ターン 予算-2、将来 毎ターン 予算-4・エネルギー+8］
0x010000520007B627,311,954,Rizia/Turn 4/FPnT_PalesDukeVisit,Player_Romus,en,「必要であればその取引に応じることもできる。だが、隣国同士としての割引を期待していた。」
0x010000520007B62E,311,955,Rizia/Turn 4/FPnT_PalesDukeVisit,Axel Reinhart,en,「これこそが私の割引です。」
0x0100005200012F7F,312,3,Rizia/Turn 4/A_HouseOfDelegates,Narrator,en,私はパラス・レズナと近くにある代議院を結ぶ、ヤシの木が並んだ小道を歩いて行った。
0x0100005200012F86,312,4,Rizia/Turn 4/A_HouseOfDelegates,Narrator,en,豪華な宮殿とは対照的に、その建物は単なる質素なコンクリート製の箱に過ぎなかった。簡素化された外観は、急いで建設されたことを示していた。
0x0100005200012F8D,312,5,Rizia/Turn 4/A_HouseOfDelegates,Narrator,en,唯一の装飾として、入口の上に刻まれた言葉「Ax Populat Rizati」だけがあった。
0x0100005200012F94,312,6,Rizia/Turn 4/A_HouseOfDelegates,Narrator,en,「リジアの民へ。」
0x0100005200012F9B,312,7,Rizia/Turn 4/A_HouseOfDelegates,Narrator,en,私は廊下を歩いて会議室へと向かった。
0x0100005200012FA2,312,8,Rizia/Turn 4/A_HouseOfDelegates,Narrator,en,私が空っぽの部屋に入ると、ウーゴが立ち上がって私を迎えてくれた。我々は部屋の中央にある高くなった木製の台の上に座った。
0x0100005200012FA9,312,9,Rizia/Turn 4/A_HouseOfDelegates,Narrator,en,台のすぐ下には二人の演説者用の壇があり、一人ずつ置かれていた。代議員たちのための木製ベンチは、我々の周りを円形に配置されていた。
0x0100005200012FB0,312,10,Rizia/Turn 4/A_HouseOfDelegates,Hugo Toras,en,「陛下、ようこそおいでくださいました。」
0x0100005200012FC3,312,11,Rizia/Turn 4/A_HouseOfDelegates,Player_Romus,en,「ウーゴ、元気か？」
0x0100005200012FCA,312,12,Rizia/Turn 4/A_HouseOfDelegates,Player_Romus,en,「おはよう、閣下。」
0x010000520001303D,312,13,Rizia/Turn 4/A_HouseOfDelegates,Narrator,en,時計の鐘が10時を打ち、代議院の議員たちが次々と入ってきた。
0x0100005200013044,312,14,Rizia/Turn 4/A_HouseOfDelegates,Narrator,en,彼らはそれぞれ、自分の属する州の伝統的な色に合わせたサテンの帯を身につけていた。リジア・インペリイは赤、ヴァレンキリスは青、カルデス＝モンタクラルは黄色、ブレナスは緑だった。
0x010000520001304B,312,15,Rizia/Turn 4/A_HouseOfDelegates,Narrator,en,次に演説者たちが登場した。代議院の議長であるダリア・デ・ラーヴァは、よく仕立てられた深紅のスーツを着て外に出てきた。
0x0100005200013052,312,16,Rizia/Turn 4/A_HouseOfDelegates,Player_Romus,en,「あなたは彼女が忠誠派だと言ったな。」
0x0100005200013059,312,17,Rizia/Turn 4/A_HouseOfDelegates,Player_Romus,en,「彼女は一体どの家の出身なのだろうか？」
0x0100005200013060,312,18,Rizia/Turn 4/A_HouseOfDelegates,Hugo Toras,en,「その通りです。」
0x0100005200013067,312,19,Rizia/Turn 4/A_HouseOfDelegates,Hugo Toras,en,「デ・ラーヴァ家はどの王家とも血縁関係にありません。継承戦争後、我が一族への奉仕によって貴族の地位を与えられたのです。」
0x010000520001306E,312,20,Rizia/Turn 4/A_HouseOfDelegates,Player_Romus,en,「お尋ねするが、彼女はどのようにしてこの職を得たのだろうか？」
0x010000520001307C,312,21,Rizia/Turn 4/A_HouseOfDelegates,Hugo Toras,en,「厳密に言えば彼女は男爵夫人ですが、議長様という称号の方を好んでおります。」
0x0100005200013083,312,22,Rizia/Turn 4/A_HouseOfDelegates,Hugo Toras,en,「彼女はリジア・インペリイの州議会議長として見事な働きを見せました。」
0x010000520001308A,312,23,Rizia/Turn 4/A_HouseOfDelegates,Narrator,en,彼が彼女のことを話す際の賛同に満ちた声の調子に、私は気づいていた。
0x0100005200013092,312,24,Rizia/Turn 4/A_HouseOfDelegates,Narrator,en,次に現れたのはマヌス・サゾンで、黒いスーツに森緑色のシルクのネクタイを着用していた。彼は同僚の代議員たちに手を振り、その後私にも手を振った。
0x0100005200013099,312,25,Rizia/Turn 4/A_HouseOfDelegates,Player_Romus_Italic,en,私は彼の挨拶に手を振り返した。彼も微笑みながら自分の席に着いた。
0x0100005200013099,312,25,Rizia/Turn 4/A_HouseOfDelegates,Player_Romus_Italic,Menu Text en,彼に手を振り返す
0x01000052000130A1,312,26,Rizia/Turn 4/A_HouseOfDelegates,Player_Romus_Italic,en,彼がその場に着くと、私は動かなかった。
0x01000052000130A1,312,26,Rizia/Turn 4/A_HouseOfDelegates,Player_Romus_Italic,Menu Text en,手を振らないで
0x01000052000130A9,312,27,Rizia/Turn 4/A_HouseOfDelegates,Narrator,en,ダリアは金色の鈴を手に取り、一度だけ鳴らした。
0x01000052000130B8,312,28,Rizia/Turn 4/A_HouseOfDelegates,Daria de Rava,en,「閣下、代議院の本会議を開始させていただく光栄に存じます。」
0x01000052000130BF,312,29,Rizia/Turn 4/A_HouseOfDelegates,Daria de Rava,en,「今日は陛下であるロムス王がご臨席くださり、我々は大変光栄に思っております。陛下の長き治世が続きますように。」
0x01000052000130C6,312,30,Rizia/Turn 4/A_HouseOfDelegates,Narrator,en,代議院の中で「長きにわたり治めてほしい！」という叫び声が幾つか響き渡り、特に赤と青の帯を締めた者たちからその声が多く上がった。
0x01000052000130CD,312,31,Rizia/Turn 4/A_HouseOfDelegates,Daria de Rava,en,「リジア人民党は、サゾン氏が代議院および陛下の前で提出するための提案を準備しました。」
0x01000052000130E2,312,32,Rizia/Turn 4/A_HouseOfDelegates,Daria de Rava,en,「サゾン様、もっと説明していただけますか？」
0x01000052000130E9,312,33,Rizia/Turn 4/A_HouseOfDelegates,Manus Sazon,en,「喜んで、議長陛下。」
0x01000052000130F0,312,34,Rizia/Turn 4/A_HouseOfDelegates,Manus Sazon,en,「過去20年間で、特に鉱業や製造業の分野において職場での事故が著しく増加してきました。」
0x01000052000130F7,312,35,Rizia/Turn 4/A_HouseOfDelegates,Manus Sazon,en,「今、業界を超えた労働者連合が勇敢にもリジア人民党のもとを訪れ、我々の同僚代議員と陛下に伝えるべき要求事項のリストを提出しました。」
0x0100005200013105,312,36,Rizia/Turn 4/A_HouseOfDelegates,Manus Sazon,en,「その中には、標準化された職場安全規程、改良された保護装備、労働中に負傷した人々への給付金、そして国家機関による定期的な現場検査が含まれています。」
0x0100005200013114,312,37,Rizia/Turn 4/A_HouseOfDelegates,Manus Sazon,en,「議長閣下、陛下、この提案の緊急性についてはご同意いただけるはずです。我々の労働者が苦しんでいる限り、リジアの偉大な産業は発展することはありません。」
0x010000520001311B,312,38,Rizia/Turn 4/A_HouseOfDelegates,Narrator,en,私はウーゴを見た。
0x0100005200013127,312,39,Rizia/Turn 4/A_HouseOfDelegates,Player_Romus,en,「ここにいられるのは光栄だ、議長殿。」
0x010000520001312E,312,40,Rizia/Turn 4/A_HouseOfDelegates,Player_Romus,en,「もっと大きな声で言ってくれ。」
0x0100005200013135,312,41,Rizia/Turn 4/A_HouseOfDelegates,Player_Romus,en,「尊敬する代表の皆様、私は皆様に仕えるためにここに参った。ご意見を心よりお待ちしている。」
0x010000520001313C,312,42,Rizia/Turn 4/A_HouseOfDelegates,Player_Romus_Italic,en,私は彼女が続けるのを許した。
0x010000520001313C,312,42,Rizia/Turn 4/A_HouseOfDelegates,Player_Romus_Italic,Menu Text en,何も言わない
0x0100005200013144,312,43,Rizia/Turn 4/A_HouseOfDelegates,Narrator,en,広間中には「どうか長く統治してほしい！」という大声の叫び声が響き渡っていた。ダリアは微笑みながら話を続けた。
0x010000520001314B,312,44,Rizia/Turn 4/A_HouseOfDelegates,Narrator,en,彼女は微笑みながら話を続けた。
0x0100005200013155,312,45,Rizia/Turn 4/A_HouseOfDelegates,Daria de Rava,en,「代議院のメンバーたちがそれを受け入れるか拒否するか投票を行いますが、これは拘束力のない勧告に過ぎません。最終的な決定権は陛下と王室評議会にあります。」
0x0100005200013165,312,46,Rizia/Turn 4/A_HouseOfDelegates,Player_Romus,en,「ですからラスティの言う通りだった。RPPが労働者たちの要求を受け入れたのだ。」
0x010000520001316C,312,47,Rizia/Turn 4/A_HouseOfDelegates,Player_Romus,en,「あなた、これらすべての代金をどうやって我々に支払わせるつもりだ？」
0x0100005200013173,312,48,Rizia/Turn 4/A_HouseOfDelegates,Player_Romus,en,「これまでこのような対策が何一つ講じられていなかったなんて、信じがたいね。」
0x010000520001317A,312,49,Rizia/Turn 4/A_HouseOfDelegates,Hugo Toras,en,「ルッセロ『ラスティ』モントーロ様は、陛下が彼に約束されたことを必ず守ってほしいとお考えでいらっしゃいます。もちろん、陛下にその義務があるわけではございません。」
0x0100005200013181,312,50,Rizia/Turn 4/A_HouseOfDelegates,Hugo Toras,en,「以前、これらの会合のことを陛下にお伝えしなかったのはこのためです。これらの提案は良くても非現実的で、悪ければ国を破滅させるものです。」
0x0100005200013188,312,51,Rizia/Turn 4/A_HouseOfDelegates,Hugo Toras,en,「それでもなお、我が国の産業は繁栄し続けました。」
0x010000520001318F,312,52,Rizia/Turn 4/A_HouseOfDelegates,Narrator,en,私は突然、ホールの中が静まり返っていることに気づいた。
0x0100005200013198,312,53,Rizia/Turn 4/A_HouseOfDelegates,Manus Sazon,en,「続けましょうか、陛下？」
0x010000520001319F,312,54,Rizia/Turn 4/A_HouseOfDelegates,Player_Romus,en,「どうぞ続けてくれ。中断するつもりはなかった。」
0x01000052000131A6,312,55,Rizia/Turn 4/A_HouseOfDelegates,Player_Romus,en,「RPPの話はもう十分だ。デ・ラーヴァ様が労働者保護法についてどう考えているかお聞きしたいのだ。」
0x01000052000131AD,312,56,Rizia/Turn 4/A_HouseOfDelegates,Daria de Rava,en,「ありがとうございます、陛下。」
0x01000052000131B4,312,57,Rizia/Turn 4/A_HouseOfDelegates,Daria de Rava,en,「もちろん私の党は労働者の安全が最優先であると考えております。しかし今日提案された規制は過剰すぎるものです。」
0x01000052000131BB,312,58,Rizia/Turn 4/A_HouseOfDelegates,Daria de Rava,en,「さらに、彼らはすでに従業員の安全を自分たちの責任と考えております。その責任を政府に移しても、危険にさらされている人々を守ることには何の役にも立ちません。」
0x01000052000131C2,312,59,Rizia/Turn 4/A_HouseOfDelegates,Daria de Rava,en,「しかし、それによって我が国の経済成長は阻害され、世界の舞台における生存能力も低下してしまうでしょう。」
0x01000052000131D0,312,60,Rizia/Turn 4/A_HouseOfDelegates,Daria de Rava,en,「私の意見に変わりはありません。北方と南方の両方で緊張が高まる中、サゾン氏が提案するような無駄遣いは到底許されません。」
0x01000052000131DE,312,61,Rizia/Turn 4/A_HouseOfDelegates,Narrator,en,正面のドア付近から、一人が拍手をする音が聞こえてきた。
0x01000052000131E5,312,62,Rizia/Turn 4/A_HouseOfDelegates,Daria de Rava,en,「私の意見に変わりはありません。現時点では、リジアの金鉱やガスからの収入が確実に得られるとは言えません。」
0x0100005200013252,312,63,Rizia/Turn 4/A_HouseOfDelegates,Hugo Toras,en,「いつも通り忙しいです、陛下。」
0x0100005200013259,312,64,Rizia/Turn 4/A_HouseOfDelegates,Hugo Toras,en,「今日は代議院の皆様も陛下の前では最善の態度を取るでしょう。」
0x0100005200013274,312,65,Rizia/Turn 4/A_HouseOfDelegates,Narrator,en,彼女は軽快な足取りと完璧な姿勢を見せていた。他の代議員たちは、彼女が自分の席に着くのを待ちながら、ほとんど息を止めていた。
0x0100005200013289,312,66,Rizia/Turn 4/A_HouseOfDelegates,Hugo Toras,en,「これまで私が出席したすべての会議において、彼女は貴族院の利益に反するような決定を下したことがございません。」
0x0100005200013290,312,67,Rizia/Turn 4/A_HouseOfDelegates,Hugo Toras,en,「今回で彼女の議長としての在任期間は3期目となります。陛下、彼女がその職を辞するつもりはないように思えます。」
0x010000520001315C,312,68,Rizia/Turn 4/A_HouseOfDelegates,Narrator,en,彼女はファイルを開いた。
0x01000052000132D9,312,69,Rizia/Turn 4/A_HouseOfDelegates,Daria de Rava,en,「今日の会議は、リジア労働者保護法に関するものです。」
0x01000052000132E7,312,73,Rizia/Turn 4/A_HouseOfDelegates,Hugo Toras,en,「陛下、モントーロ氏に対して義理を感じる必要はございません。しかし、この提案を受け入れる前にその費用面をよく検討したいと思います。」
0x01000052000132EF,312,74,Rizia/Turn 4/A_HouseOfDelegates,Player_Romus,en,「サゾン様、これらの政策の費用をリジアはどのように負担するつもりなのか知りたいのだ。」
0x01000052000132F6,312,75,Rizia/Turn 4/A_HouseOfDelegates,Narrator,en,彼は辛抱強く微笑んだ。
0x010000520001330A,312,79,Rizia/Turn 4/A_HouseOfDelegates,Manus Sazon,en,「リジアで掘削作業が始まれば、アウレウス・ガス田からかなりの収益が得られる見込みです。その時点まではわずかな赤字が出ても問題はないと思います。」
0x0100005200013317,312,83,Rizia/Turn 4/A_HouseOfDelegates,Manus Sazon,en,「結局のところ、何千もの人々の生活を改善するために支払うわずかな代償に過ぎません。」
0x010000520001331E,312,84,Rizia/Turn 4/A_HouseOfDelegates,Manus Sazon,en,「もし今後の仲裁が我々に有利に進めば、アウレウス・ガス田はリジアに多大な収益をもたらすと見込まれています。」
0x0100005200013331,312,88,Rizia/Turn 4/A_HouseOfDelegates,Manus Sazon,en,「結局のところ、何千もの人々の生活を改善するためには、これほどの代償も安いものです。」
0x0100005200013338,312,89,Rizia/Turn 4/A_HouseOfDelegates,Narrator,en,マヌスは咳払いをした。
0x010000520001333F,312,90,Rizia/Turn 4/A_HouseOfDelegates,Manus Sazon,en,「賢者がかつて言ったように、『社会の構成員全員がその富を分かち合えるときこそ、真に繁栄していると言えるのだ。』」
0x010000520001334D,312,94,Rizia/Turn 4/A_HouseOfDelegates,Manus Sazon,en,「先ほど申し上げましたように、私と私の党は、より健康な労働者こそがより繁栄した社会をもたらすと考えております。」
0x0100005200013354,312,95,Rizia/Turn 4/A_HouseOfDelegates,Manus Sazon,en,「今、これらの施策に投じる努力は、将来的に十倍の成果をもたらすでしょう。」
0x010000520001335B,312,96,Rizia/Turn 4/A_HouseOfDelegates,Manus Sazon,en,「今、これらの施策に投じる努力は、将来的に十倍の成果をもたらすでしょう。」
0x0100005200013363,312,97,Rizia/Turn 4/A_HouseOfDelegates,Narrator,en,マヌスは失望を隠そうとしながら壇上から一歩下がった。一方、ダリアは急いで自分の場所へ向かった。
0x0100005200013379,312,101,Rizia/Turn 4/A_HouseOfDelegates,Daria de Rava,en,「我々の焦点は、隣国とより良い外交的結果を得ることに置くべきであり、企業の内政に干渉するべきではありません。」
0x0100005200013380,312,102,Rizia/Turn 4/A_HouseOfDelegates,Manus Sazon,en,「議長様、あなたご自身も建設会社の取締役を務めておられますが、我々が提案しているような措置をその会社に自発的に講じるよう助言なさいますか？」
0x0100005200013387,312,103,Rizia/Turn 4/A_HouseOfDelegates,Narrator,en,ダリア・デ・ラーヴァはその発言を無視した。
0x0100005200013396,312,107,Rizia/Turn 4/A_HouseOfDelegates,Daria de Rava,en,「我々の重点は企業を強化することに置くべきであり、会社の内政に干渉してはなりません。」
0x010000520001339D,312,108,Rizia/Turn 4/A_HouseOfDelegates,Daria de Rava,en,「私の考えに変わりはありません。アウレウス・ガス田の取得による富を、まだ得てもいないのに使ってはなりません。」
0x01000052000133AB,312,109,Rizia/Turn 4/A_HouseOfDelegates,Narrator,en,ダリア・デ・ラーヴァは勢いよく自分の壇上を叩いた。皆の視線が彼女に集まった。
0x01000052000133B3,312,110,Rizia/Turn 4/A_HouseOfDelegates,Daria de Rava,en,「陛下、申し訳ございませんが、相手にこのような嘘を続けさせるわけには参りません。」
0x01000052000133BA,312,111,Rizia/Turn 4/A_HouseOfDelegates,Narrator,en,マヌスはしぶしぶ一歩後退した。
0x01000052000133C2,312,112,Rizia/Turn 4/A_HouseOfDelegates,Manus Sazon,en,「陛下、我が国には依然として予算の黒字があります。アウレウス・ガス田での掘削が始まれば、その額はさらに増加するでしょう。」
0x01000052000133CF,312,116,Rizia/Turn 4/A_HouseOfDelegates,Manus Sazon,en,「陛下、我が国には依然として予算の黒字があります。」
0x01000052000133D6,312,117,Rizia/Turn 4/A_HouseOfDelegates,Manus Sazon,en,「その富というものは、国民の生活を向上させるため以外に何の役に立つというのでしょうか？」
0x01000052000133DE,312,118,Rizia/Turn 4/A_HouseOfDelegates,Manus Sazon,en,「それに、健康な労働者こそ生産性の高い労働者です。この少ない投資は長期的に見れば十倍の成果をもたらし、我々や我が国の経済にとって有益となります。」
0x01000052000133EA,312,119,Rizia/Turn 4/A_HouseOfDelegates,Narrator,en,私は音のした方を見た。ラスティが観客席の後ろに立っており、いつものチェック柄の服を着ていた。彼は拍手を続けながら私にうなずきかけた。
0x01000052000133F2,312,120,Rizia/Turn 4/A_HouseOfDelegates,Narrator,en,私は再びウーゴの方を向いた。
0x01000052000133FA,312,121,Rizia/Turn 4/A_HouseOfDelegates,Player_Romus,en,「あなた、すぐにやつを追い出してくれ。今すぐだ。」
0x0100005200013401,312,122,Rizia/Turn 4/A_HouseOfDelegates,Player_Romus,en,「特別なゲストがご一緒にいらっしゃるとは、お聞きしておらなかった。」
0x0100005200013408,312,123,Rizia/Turn 4/A_HouseOfDelegates,Player_Romus,en,「見なさい、あなたの大切な人がここにいる。」
0x010000520001340F,312,124,Rizia/Turn 4/A_HouseOfDelegates,Narrator,en,ウーゴはラスティの方をじっと見つめていた。
0x0100005200013416,312,125,Rizia/Turn 4/A_HouseOfDelegates,Narrator,en,ウーゴはラスティの方をじっと見つめていた。
0x010000520001341D,312,126,Rizia/Turn 4/A_HouseOfDelegates,Hugo Toras,en,「私は何も知らされておりません。実のところ、モントーロ様が今日この会議が開かれることをどうして知っていたのか、私にもよく分かりません。」
0x0100005200013424,312,127,Rizia/Turn 4/A_HouseOfDelegates,Narrator,en,ウーゴはラスティの方をじっと見つめていた。
0x010000520001342B,312,128,Rizia/Turn 4/A_HouseOfDelegates,Hugo Toras,en,「残念ながら、これらの会合は一般に公開されております。」
0x0100005200013439,312,129,Rizia/Turn 4/A_HouseOfDelegates,Hugo Toras,en,「理由もなく彼に退場してもらうことはできません。」
0x0100005200013440,312,130,Rizia/Turn 4/A_HouseOfDelegates,Hugo Toras,en,「彼が現れるだろうと、私は最初から分かっていたはずです。」
0x0100005200013448,312,131,Rizia/Turn 4/A_HouseOfDelegates,Hugo Toras,en,「しかし、彼はおそらくRNC側にいるのでしょう。せいぜい、サゾン氏の提案が非現実的であることをさらに詳しく説明するだけでしょう。」
0x0100005200013450,312,132,Rizia/Turn 4/A_HouseOfDelegates,Narrator,en,ラスティはもう拍手をやめていた。彼は目に光を宿しながら、私をじっと見つめていた。
0x0100005200013457,312,133,Rizia/Turn 4/A_HouseOfDelegates,Daria de Rava,en,「モントーロ様、ご同席いただき誠にありがとうございます。今回の議題について何かお話しはございますか？」
0x01000052000131EC,312,134,Rizia/Turn 4/A_HouseOfDelegates,Russello Montoro,en,「陛下、私のことはラスティと呼んでください。実際、そのつもりです。」
0x01000052000131F3,312,135,Rizia/Turn 4/A_HouseOfDelegates,Russello Montoro,en,「これ以上陛下のお時間を取らせません。カレオの男爵夫人が状況をよく要約してくれました。」
0x0100005200013201,312,136,Rizia/Turn 4/A_HouseOfDelegates,Russello Montoro,en,「しかし、私は身分の低い質素な商人として自分の見解を述べたかったのです。」
0x010000520001346D,312,137,Rizia/Turn 4/A_HouseOfDelegates,Narrator,en,ラスティは議場の通路をゆっくりと歩いて行った。彼は二つある演説壇の間で足を止めた。
0x010000520001359D,312,138,Rizia/Turn 4/A_HouseOfDelegates,Player_Romus,en,「私は代議員多数派の意見に賛同する。リジア人民党が提出した職場安全に関する案は実施されるべきではない。」
0x01000052000135A4,312,139,Rizia/Turn 4/A_HouseOfDelegates,Player_Romus,en,「その提案は却下する。RPPが提案した安全対策は、例外なくすべての産業で実施されることになる。」
0x01000052000135A4,312,139,Rizia/Turn 4/A_HouseOfDelegates,Player_Romus,Menu Text en,「私はその提案を却下する。RPPが提案した安全対策は、例外なくすべての産業で実施される。」［予算-3、毎ターン 予算-3］
0x01000052000135AB,312,140,Rizia/Turn 4/A_HouseOfDelegates,Player_Romus,en,「サゾン氏とモントーロ氏の説得力のある意見を聞いた上で、私はここにRPPの提案の実施を命じる。ただし、鉱業界については新規制の適用を免除するという付加条件がある。」
0x01000052000135AB,312,140,Rizia/Turn 4/A_HouseOfDelegates,Player_Romus,Menu Text en,「サゾン氏とモントーロの両者からの説得力のある主張を聞いた上で、ここにRPPの提案の実施を命じる。ただし、鉱業界は新規制の適用外とする。」［実施に予算-2、毎ターン 予算-1］
0x01000052000135B9,312,141,Rizia/Turn 4/A_HouseOfDelegates,Russello Montoro,en,「もちろんでございます、陛下！」
0x01000052000135C0,312,142,Rizia/Turn 4/A_HouseOfDelegates,Hugo Toras,en,「静かになさい、ルッセロ・『ラスティ』・モントーロ。陛下がその決断を後悔されないようにしてください。」
0x01000052000135CF,312,143,Rizia/Turn 4/A_HouseOfDelegates,Manus Sazon,en,「私が相談した専門家たちによると、この増加の原因となっている要素はいくつかあり、中でも特に技能労働者の不足や貿易相手国からの圧力の高まりが挙げられます。」
0x01000052000135D6,312,144,Rizia/Turn 4/A_HouseOfDelegates,Manus Sazon,en,「簡単に言えば、我が国の企業は人々の健康や安全を犠牲にして手を抜いてきたのです。」
0x01000052000135DD,312,145,Rizia/Turn 4/A_HouseOfDelegates,Manus Sazon,en,「陛下が外国人労働者に完全な就労許可を与えるという詔により労働力不足は緩和されましたが、これらの従業員は急いで昇進させられたため、状況は一層危険なものとなっています。」
0x01000052000135F4,312,149,Rizia/Turn 4/A_HouseOfDelegates,Manus Sazon,en,「もちろん、これらの基準を満たさない企業には財政的な罰則も科せられます。」
0x0100005200013603,312,150,Rizia/Turn 4/A_HouseOfDelegates,Daria de Rava,en,「我々の企業が引き続き競争力を保つためには、安全対策を実施しない者を罰するよりも、良い安全慣行を奨励する方が賢明です。」
0x010000520001360B,312,151,Rizia/Turn 4/A_HouseOfDelegates,Narrator,en,私の叔父はラスティに厳しい視線を向けた。
0x0100005200013619,312,155,Rizia/Turn 4/A_HouseOfDelegates,Russello Montoro,en,「この雌犬の息子め！」
0x0100005200013620,312,156,Rizia/Turn 4/A_HouseOfDelegates,Narrator,en,私の叔父はラスティを冷ややかな目で見つめた。マヌスは演壇から一歩下がり、その表情は読み取れなかった。
0x0100005200013627,312,157,Rizia/Turn 4/A_HouseOfDelegates,Hugo Toras,en,「陛下は既にご決断を下されました。それに異議を唱えてはなりません。」
0x010000520001362E,312,158,Rizia/Turn 4/A_HouseOfDelegates,Narrator,en,ラスティは私をにらみつけたが、何も言わなかった。
0x010000520001364D,312,161,Rizia/Turn 4/A_HouseOfDelegates,Russello Montoro,en,「陛下、万歳！」
0x0100005200013653,312,162,Rizia/Turn 4/A_HouseOfDelegates,Hugo Toras,en,「静かになさい、ルッセロ・『ラスティ』・モントーロ。陛下がその決断を後悔されないようにしてください。」
0x0100005200013659,312,163,Rizia/Turn 4/A_HouseOfDelegates,Narrator,en,私の叔父はラスティを冷ややかな目で見つめた。マヌスは演壇から一歩下がり、その表情は読み取れなかった。
0x0100005200013662,312,164,Rizia/Turn 4/A_HouseOfDelegates,Player_Romus,en,「今日は何が起こると予想されるか？」
0x0100005200013669,312,165,Rizia/Turn 4/A_HouseOfDelegates,Hugo Toras,en,「いつも通りです。」
0x0100005200013670,312,166,Rizia/Turn 4/A_HouseOfDelegates,Hugo Toras,en,「サゾン家の若者はまたしても非現実的な提案を通そうとするでしょうが、代議院のメンバーたちは当然のようにそれを却下するでしょう。」
0x0100005200013677,312,167,Rizia/Turn 4/A_HouseOfDelegates,Hugo Toras,en,「ヴェーレンからの沈黙が、私をかなり不安にさせています。」
0x010000520001367E,312,168,Rizia/Turn 4/A_HouseOfDelegates,Hugo Toras,en,「パレスの海軍対立によって、私はかなり不安になっております。」
0x0100005200013687,312,172,Rizia/Turn 4/A_HouseOfDelegates,Player_Romus,en,「こちらにいてよかった。そろそろ誰かがあの子の意見を聞いてやる時だ。」
0x010000520001368E,312,173,Rizia/Turn 4/A_HouseOfDelegates,Player_Romus,en,「時間の無駄に聞こえるね。」
0x010000520001369C,312,174,Rizia/Turn 4/A_HouseOfDelegates,Hugo Toras,en,「いえ、陛下。あなた様もそう思うべきではありません。」
0x01000052000136A3,312,175,Rizia/Turn 4/A_HouseOfDelegates,Hugo Toras,en,「陛下、伝統的に国王がこうした会合に出席しないのには理由がございます。」
0x01000052000136AB,312,176,Rizia/Turn 4/A_HouseOfDelegates,Player_Romus,en,「非現実的だと？それは私が判断することだ。」
0x01000052000136B2,312,177,Rizia/Turn 4/A_HouseOfDelegates,Hugo Toras,en,「論拠を提示すれば、陛下も私の意見に同意されるはずです。」
0x01000052000136BC,312,178,Rizia/Turn 4/A_HouseOfDelegates,Hugo Toras,en,「サゾン家の若者なら、演説時間を30分未満に抑えることだってできるかもしれません。」
0x01000052000136C3,312,179,Rizia/Turn 4/A_HouseOfDelegates,Player_Romus,en,「どうぞ笑っていてくれ。だが、そろそろ誰かがあの子の話を聞く時期ではないか。」
0x01000052000136CA,312,180,Rizia/Turn 4/A_HouseOfDelegates,Player_Romus,en,「サラベスで見た限りでは、そのようには思えない。」
0x01000052000136D1,312,181,Rizia/Turn 4/A_HouseOfDelegates,Player_Romus,en,「あなたは、彼が注目を集めていることを妬んでいないのだよね？」
0x01000052000136D8,312,182,Rizia/Turn 4/A_HouseOfDelegates,Hugo Toras,en,「お嬢様以外の方ということでしょうか？」
0x01000052000136E5,312,183,Rizia/Turn 4/A_HouseOfDelegates,Hugo Toras,en,「はっ。とんでもない。ただ、あのヴィナ・トラスから向けられている注目については心配しているだけです。」
0x01000052000136EC,312,184,Rizia/Turn 4/A_HouseOfDelegates,Hugo Toras,en,「あちらでの陛下のお言葉が、あなた様のお嬢様に大きな影響を与えたようですね。」
0x01000052000136F7,312,185,Rizia/Turn 4/A_HouseOfDelegates,Player_Romus,en,「それは対立状態などではない。国際連盟で何か問題が起きた場合に備えた保険のようなものだ。」
0x010000520001370C,312,186,Rizia/Turn 4/A_HouseOfDelegates,Player_Romus,en,「信じてくれ、これが終われば私も喜ぶだろう。」
0x0100005200013713,312,187,Rizia/Turn 4/A_HouseOfDelegates,Player_Romus,en,「落ち着いてくれ。ルシータがすべてをうまくコントロールしている。」
0x010000520001371A,312,188,Rizia/Turn 4/A_HouseOfDelegates,Hugo Toras,en,「アザロ女公爵は今、『ルシータ』というお名前なのですか？」
0x0100005200013726,312,189,Rizia/Turn 4/A_HouseOfDelegates,Narrator,en,ウーゴは思案げに眉をひそめた。
0x010000520001372F,312,190,Rizia/Turn 4/A_HouseOfDelegates,Hugo Toras,en,「陛下、その相談役はおそらくあなたの軍事保安評議官でしょうか？」
0x0100005200013737,312,191,Rizia/Turn 4/A_HouseOfDelegates,Hugo Toras,en,「必要であれば、アザロ女公爵が状況を緩和することができるものと信じております。」
0x0100005200013746,312,195,Rizia/Turn 4/A_HouseOfDelegates,Player_Romus,en,「私もだ。あなたの息子の策がうまくいっていることを願っている。」
0x010000520001374D,312,196,Rizia/Turn 4/A_HouseOfDelegates,Player_Romus,en,「スモラク大統領は次の国際連盟の会合に出席する。必要であれば、そこで彼を追い詰めることができる。」
0x0100005200013754,312,197,Rizia/Turn 4/A_HouseOfDelegates,Player_Romus,en,「今はどうすることもできない。今日の会議に集中しよう。」
0x010000520001375E,312,198,Rizia/Turn 4/A_HouseOfDelegates,Player_Romus,en,「調査官たちが何か不利な証拠を見つけていないことを願っている。」
0x0100005200013766,312,199,Rizia/Turn 4/A_HouseOfDelegates,Hugo Toras,en,「議長様、陛下が与党の多数派と連携されたことを記録に残していただきたく存じます。」
0x010000520001376C,312,200,Rizia/Turn 4/A_HouseOfDelegates,Hugo Toras,en,「議長様、陛下が議会の多数意見を覆されたことを記録に残していただきたく存じます。」
0x0100005200013774,312,201,Rizia/Turn 4/A_HouseOfDelegates,Daria de Rava,en,「承知いたしました、閣下。」
0x010000520001377B,312,202,Rizia/Turn 4/A_HouseOfDelegates,Narrator,en,ダリアは自分のノートにメモを書き、その後ウーゴと私を見上げた。私の決断が彼女を悩ませていたとしても、その表情には全く表れなかった。
0x0100005200013782,312,203,Rizia/Turn 4/A_HouseOfDelegates,Daria de Rava,en,「今日もまた、陛下がご臨席くださり恩恵を与えてくださったことに、心より感謝申し上げます。」
0x0100005200013789,312,204,Rizia/Turn 4/A_HouseOfDelegates,Daria de Rava,en,「そして、会議を主宰してくださった宰相ウーゴ・トラス陛下にも感謝いたします。」
0x010000520001379B,312,205,Rizia/Turn 4/A_HouseOfDelegates,Daria de Rava,en,「承知いたしました、閣下。」
0x01000052000137A1,312,206,Rizia/Turn 4/A_HouseOfDelegates,Narrator,en,ダリアは自分の手帳にメモを書き、それから少し微笑みながら私の方を見上げた。
0x01000052000137BF,312,207,Rizia/Turn 4/A_HouseOfDelegates,Hugo Toras,en,「いつものように光栄です、議長陛下。」
0x01000052000137C6,312,208,Rizia/Turn 4/A_HouseOfDelegates,Daria de Rava,en,「皆様、本日の会議はこれにて終了いたします。その後の質問につきましては、今後の会合でお答えいたします。」
0x01000052000137CD,312,209,Rizia/Turn 4/A_HouseOfDelegates,Narrator,en,彼女は再び鐘を鳴らし、部屋の中の人々が次第に外へ出て行った。
0x01000052000137D4,312,210,Rizia/Turn 4/A_HouseOfDelegates,Narrator,en,衛兵たちが私とウーゴを出口へと案内している間、私はラスティがまだ腕を組んだ状態でホールに立っているのに気づいた。
0x01000052000137E9,312,214,Rizia/Turn 4/A_HouseOfDelegates,Player_Romus,en,「申し訳ない、ラスティ。私は誰かを優遇しているように見せることができなかった。」
0x01000052000137F0,312,215,Rizia/Turn 4/A_HouseOfDelegates,Player_Romus,en,「気持ちの悪さはございませんか？」
0x01000052000137F7,312,216,Rizia/Turn 4/A_HouseOfDelegates,Player_Romus,en,「さて？私は約束を守る男だよね？」
0x01000052000137FE,312,217,Rizia/Turn 4/A_HouseOfDelegates,Player_Romus,en,「あなたの言葉を聞いたことを後悔させないでくれ。」
0x0100005200013805,312,218,Rizia/Turn 4/A_HouseOfDelegates,Russello Montoro,en,「私もまた約束を守る者です、陛下。」
0x010000520001380C,312,219,Rizia/Turn 4/A_HouseOfDelegates,Player_Romus,en,「あなたは、私があなたの要求に屈すると本気で思っていなかったのだろう？」
0x010000520001381A,312,220,Rizia/Turn 4/A_HouseOfDelegates,Russello Montoro,en,「陛下、あなたこそが王です。考えを変えるのは陛下の権利です。」
0x0100005200013828,312,221,Rizia/Turn 4/A_HouseOfDelegates,Russello Montoro,en,「もちろんです、陛下。はっきりとお聞きしました。」
0x010000520001383D,312,222,Rizia/Turn 4/A_HouseOfDelegates,Russello Montoro,en,「陛下、何の恨みもございません。我々はここでただゲームをしているだけです。」
0x010000520001386D,312,223,Rizia/Turn 4/A_HouseOfDelegates,Player_Romus,en,「私を礼など言う必要はない。これはあなたと私が同じように望んだことだ。」
0x01000052000138EA,312,224,Rizia/Turn 4/A_HouseOfDelegates,Narrator,en,彼は我々一人ひとりに順番にお辞儀をしてから、急いで建物の中へ戻っていった。
0x010000520001398B,312,225,Rizia/Turn 4/A_HouseOfDelegates,Russello Montoro,en,「決してそのようなことはございません、陛下。実のところ……」
0x0100005200016388,312,230,Rizia/Turn 4/A_HouseOfDelegates,Narrator,en,彼は私を見てウィンクした。
0x01000052000163A5,312,231,Rizia/Turn 4/A_HouseOfDelegates,Russello Montoro,en,「今です。リジア標準辞典によれば、『金』とは宝石や通貨の価値を保証するために使われる黄色い貴金属です。」
0x01000052000163AC,312,232,Rizia/Turn 4/A_HouseOfDelegates,Player_Romus,en,「この場では余計な長話は許されない、*ラスティ*。」
0x01000052000163B3,312,233,Rizia/Turn 4/A_HouseOfDelegates,Player_Romus,en,「ああ、我々全員がその物質についてよく知っている。」
0x01000052000163BA,312,234,Rizia/Turn 4/A_HouseOfDelegates,Player_Romus_Italic,en,彼が話し続ける間、私は黙ったままでいた。
0x01000052000163BA,312,234,Rizia/Turn 4/A_HouseOfDelegates,Player_Romus_Italic,Menu Text en,彼に話させる
0x01000052000163C2,312,235,Rizia/Turn 4/A_HouseOfDelegates,Russello Montoro,en,「しかしリジアでは、その意義はもっと深いのです。まだドゥカートに触れたことすらない一般民であっても、我々が歌うように『黄金の岸辺』で暮らせることを誇りに思っています。」
0x01000052000163CA,312,236,Rizia/Turn 4/A_HouseOfDelegates,Russello Montoro,en,「承知いたしました、陛下。あちらのサゾン氏だけで、我々全員分の長々とした話が十分にあります。」
0x01000052000163D1,312,237,Rizia/Turn 4/A_HouseOfDelegates,Russello Montoro,en,「もし我が国の君主たちがここのサゾン氏のような反対派の言うことを聞いていたら、そもそも我々の海岸は金色になることはなかったでしょう。」
0x01000052000163D8,312,238,Rizia/Turn 4/A_HouseOfDelegates,Russello Montoro,en,「陛下、先代の方々も努力なしに繁栄は得られないことをご存知でした。今日の我々の粘り強さと決意が、明日には国の財政を豊かにするのです。」
0x01000052000163DF,312,239,Rizia/Turn 4/A_HouseOfDelegates,Russello Montoro,en,「しかし、政府が我々の行動を制限するような状況では、その闘志はどこへ消えてしまうのでしょうか？陛下、あなた方が我々に自国の民を守る力を信頼してくださらないのであれば、我々はどうやって企業として機能できるというのですか？」
0x01000052000163E6,312,240,Rizia/Turn 4/A_HouseOfDelegates,Manus Sazon,en,「もしよろしければお尋ねしたいのですが、陛下、我々の提案がどのようにして陛下の手足を縛るというのでしょうか？金鉱の安全規制に何がそんなに難しいのでしょうか？」
0x01000052000163ED,312,241,Rizia/Turn 4/A_HouseOfDelegates,Russello Montoro,en,「愚かなふりをするな、若者よ。リジアの各鉱山は、デイルの大司祭の背中にあるほくろのように一つとして同じものがないことをお前も知っているだろう。」
0x0100005200016482,312,242,Rizia/Turn 4/A_HouseOfDelegates,Manus Sazon,en,「その報酬は、政府と関係する企業の両方から同等の額で支払われることになっています。」
0x01000052000164BB,312,243,Rizia/Turn 4/A_HouseOfDelegates,Daria de Rava,en,「ルッセロ『ラスティ』モントーロ様、あなたはRRGの代表として、またリジア全体の商業界を代表してこちらにいるのでしょうね。他の経営者たちもRPPの提案についてあなたと同じ見解を持っていると言ってよろしいのでしょうか？」
0x01000052000164C4,312,244,Rizia/Turn 4/A_HouseOfDelegates,Narrator,en,ラスティは歯を見せてにやりと笑った。
0x01000052000164CB,312,245,Rizia/Turn 4/A_HouseOfDelegates,Russello Montoro,en,「おっ、それは確かにそう言えますね。ですが、相手の提案は例えば建設業界などではあまり困難なく実施できるように思えます。」
0x01000052000164D2,312,246,Rizia/Turn 4/A_HouseOfDelegates,Narrator,en,ダリア・デ・ラーヴァは演説台を強く握りしめた。ラスティは思わせぶりに顎を撫でた。
0x01000052000164D9,312,247,Rizia/Turn 4/A_HouseOfDelegates,Russello Montoro,en,「よく考えてみれば、議長閣下の高貴な『サークル』にいる人々の代わりに発言するなどという無謀なことはしません。今日ここに現れるほど関心を寄せたのは私だけですよね？」
0x01000052000164E0,312,248,Rizia/Turn 4/A_HouseOfDelegates,Russello Montoro,en,「もう一つ考えがあります。リジアの産業はご自由に規制して構いません。ですが、たとえわずかな可能性であっても、昔からのラスティにだけは例外を設けていただくことをお考えいただけないでしょうか。」
0x01000052000164E7,312,249,Rizia/Turn 4/A_HouseOfDelegates,Narrator,en,彼は再び私にウィンクをした。マヌスは手で自分の額を拭った。
0x01000052000164EE,312,250,Rizia/Turn 4/A_HouseOfDelegates,Manus Sazon,en,「現在の我々の提案には例外を設ける余地がありません。陛下が適宜変更されても構いませんが、RPPはそれを拒否しています。」
0x01000052000164F5,312,251,Rizia/Turn 4/A_HouseOfDelegates,Player_Romus,en,「労働者たちの『一部』の要求を聞き入れることで、彼らの間に分裂を生じさせ、組織的な反発を防げるのではないか？」
0x0100005200016502,312,255,Rizia/Turn 4/A_HouseOfDelegates,Narrator,en,マヌスは手で自分の額を拭った。
0x010000520001650A,312,256,Rizia/Turn 4/A_HouseOfDelegates,Russello Montoro,en,「ですが、一言だけ申し上げます。不必要な規制によって我々の行動が束縛されている限り、RRGとしては陛下の政府の財政をこれ以上支え続けることは不可能です。」
0x0100005200016512,312,257,Rizia/Turn 4/A_HouseOfDelegates,Player_Romus,en,「サゾン様、あなたの提案がそのまま全て受け入れられるはずはなかった。妥協は政治プロセスの一部だから。」
0x0100005200016519,312,258,Rizia/Turn 4/A_HouseOfDelegates,Player_Romus,en,「私はルッセロ『ラスティ』モントーロが従業員の安全に対して無責任な態度を取っているのを目の当たりにした。規制が必要な会社があるとすれば、それはRRGだ。」
0x0100005200016520,312,259,Rizia/Turn 4/A_HouseOfDelegates,Player_Romus,en,「私はモントーロ氏の主張に全く同意できない。一部の産業だけを規制し、他のものは規制しないなどというのは理にかなっていない。」
0x0100005200016527,312,260,Rizia/Turn 4/A_HouseOfDelegates,Narrator,en,ダリアは顔をしかめた。
0x0100005200016534,312,261,Rizia/Turn 4/A_HouseOfDelegates,Daria de Rava,en,「それはリジアの大多数の企業の活動を妨げる一方で、鉱山労働者に不当な優位性を与えることになります。」
0x010000520001653B,312,262,Rizia/Turn 4/A_HouseOfDelegates,Manus Sazon,en,「人々の福祉が危機に瀕している時、私の党は決して妥協しません。」
0x0100005200016542,312,263,Rizia/Turn 4/A_HouseOfDelegates,Narrator,en,ダリアは元気よくうなずいた。
0x0100005200016549,312,264,Rizia/Turn 4/A_HouseOfDelegates,Daria de Rava,en,「いいえ、そうではありません。」
0x0100005200016550,312,265,Rizia/Turn 4/A_HouseOfDelegates,Russello Montoro,en,「軽率だと？まったく、陛下、一度の勅令ですべての者を失業させるのは陛下ご自身ではありませんか。」
0x0100005200016556,312,266,Rizia/Turn 4/A_HouseOfDelegates,Narrator,en,ウーゴは落ち着いて声を上げた。
0x010000520001655D,312,267,Rizia/Turn 4/A_HouseOfDelegates,Hugo Toras,en,「投票の時刻が近づいてきております。はっきりさせていただきたいのですが、サゾン様、モントーロ様の意見を考慮してご提案を修正されるつもりはないのでしょうか？」
0x0100005200016567,312,268,Rizia/Turn 4/A_HouseOfDelegates,Daria de Rava,en,「モントーロさん、どなたの前で話しているのかを決して忘れないでください。」
0x010000520001656F,312,269,Rizia/Turn 4/A_HouseOfDelegates,Manus Sazon,en,「閣下、私はそうするつもりはございません。国王がそれらを自由に受け入れるか無視するかを決めてくださるのです。」
0x010000520001657D,312,270,Rizia/Turn 4/A_HouseOfDelegates,Player_Romus,en,「ラスティ、最後の弁論はあったか？」
0x010000520001658B,312,271,Rizia/Turn 4/A_HouseOfDelegates,Player_Romus,en,「私は大司祭と相談したいのだ。」
0x0100005200016598,312,273,Rizia/Turn 4/A_HouseOfDelegates,Manus Sazon,en,「陛下、私の主張はすでに申し上げました。ですが、もう一度だけ言わせていただきます。」
0x01000052000165A5,312,274,Rizia/Turn 4/A_HouseOfDelegates,Manus Sazon,en,「陛下、この部屋にご出席いただかなければ、この提案は失敗に終わるでしょう。ですから、何らかの理由でご一緒くださったのだと信じたいのです。」
0x01000052000165AE,312,278,Rizia/Turn 4/A_HouseOfDelegates,Manus Sazon,en,「今日、陛下がこの部屋にお越しいただき、私は大変嬉しく思っております。これで陛下のヴァレロ様がどのような仕組みで統治を行われているか、よりご理解いただけるかと存じます。」
0x01000052000165D7,312,279,Rizia/Turn 4/A_HouseOfDelegates,Manus Sazon,en,「この部屋にいる代議員の大多数は高貴な者たちの利益を支持しております。彼らが代表すると主張する民衆の利益ではありません。」
0x01000052000165DE,312,280,Rizia/Turn 4/A_HouseOfDelegates,Manus Sazon,en,「そのことが真実である限り、陛下は嘘を見抜き、一般市民の利益に最もかなう決断を下す責任があります。」
0x01000052000165E5,312,281,Rizia/Turn 4/A_HouseOfDelegates,Manus Sazon,en,「お耳を傾けていただき、ありがとうございます。」
0x01000052000165EA,312,282,Rizia/Turn 4/A_HouseOfDelegates,Daria de Rava,en,「もちろんです。」
0x01000052000165F1,312,283,Rizia/Turn 4/A_HouseOfDelegates,Narrator,en,我々代議院の面々から離れて、小声で話し合った。
0x01000052000165F8,312,284,Rizia/Turn 4/A_HouseOfDelegates,Player_Romus,en,「マヌスともっと密接に協力したいと伝えた。もし彼の提案を却下すれば、その機会を捨てることになってしまうだろうか？」
0x0100005200016603,312,288,Rizia/Turn 4/A_HouseOfDelegates,Player_Romus,en,「RRGと協力することによる潜在的な利益を無視するわけにはいかない。そうだろうか？」
0x01000052000134DB,312,292,Rizia/Turn 4/A_HouseOfDelegates,Daria de Rava,en,「RPPの労働者安全に関する提案を支持する方々は、手を挙げてください。」
0x01000052000134E2,312,293,Rizia/Turn 4/A_HouseOfDelegates,Narrator,en,代議院のメンバーの約4分の1、主に緑色の帯をつけた者たちが手を挙げた。
0x01000052000134E9,312,294,Rizia/Turn 4/A_HouseOfDelegates,Daria de Rava,en,「リジアの企業、つまりすべての企業が自発的に独自の安全規程を策定し、それを実施することを奨励することに賛成な方々はいますか？」
0x01000052000134F0,312,295,Rizia/Turn 4/A_HouseOfDelegates,Narrator,en,他の代議員たち、つまり圧倒的多数の者たちが手を挙げた。
0x01000052000134F7,312,296,Rizia/Turn 4/A_HouseOfDelegates,Daria de Rava,en,「代議院の皆様から正式な提案がありました。大規模で費用のかさむ労働改革を行う代わりに、リジアは安全保障の問題を企業経営者たちに委ねるべきだというものです。」
0x0100005200013581,312,297,Rizia/Turn 4/A_HouseOfDelegates,Narrator,en,ウーゴはうなずいた。
0x0100005200013588,312,298,Rizia/Turn 4/A_HouseOfDelegates,Hugo Toras,en,「議長夫人、ありがとうございます。」
0x010000520001358F,312,299,Rizia/Turn 4/A_HouseOfDelegates,Daria de Rava,en,「最終的な決定は、今や陛下であるロムス王の手に委ねられています。」
0x0100005200013596,312,300,Rizia/Turn 4/A_HouseOfDelegates,Daria de Rava,en,「陛下、代議院の提案を受け入れますか、それとも却下なさいますか？」
0x0100005200016612,312,301,Rizia/Turn 4/A_HouseOfDelegates,Player_Romus,en,「もし彼らが反対した提案を実行した場合、代議院の者たちに面目を失うことになるだろうか？」
0x0100005200016619,312,302,Rizia/Turn 4/A_HouseOfDelegates,Player_Romus,en,「ラスティの例外案についてはどう思うか？新しい規制からRRGを免除するよう私が決定してもよろしいだろうか？」
0x0100005200016626,312,303,Rizia/Turn 4/A_HouseOfDelegates,Hugo Toras,en,「では、議長夫人、お話しください。」
0x010000520001662D,312,304,Rizia/Turn 4/A_HouseOfDelegates,Daria de Rava,en,「ありがとうございます、陛下。陛下と国民の皆様にご案内申し上げますと、この投票はリジア国民の意見を示すものであり、拘束力のない勧告に過ぎません。」
0x0100005200016638,312,305,Rizia/Turn 4/A_HouseOfDelegates,Hugo Toras,en,「陛下、そのようなことは極めて稀なことでしょう。」
0x010000520001663E,312,306,Rizia/Turn 4/A_HouseOfDelegates,Narrator,en,ウーゴは咳をした。
0x0100005200016645,312,307,Rizia/Turn 4/A_HouseOfDelegates,Hugo Toras,en,「なぜそんなことを――まあ、きっと何か良い理由があったのでしょう。」
0x010000520001664D,312,308,Rizia/Turn 4/A_HouseOfDelegates,Hugo Toras,en,「陛下、ヴァレロは国王として在位してきた長年の間、一度も提案を拒否したことがありません。」
0x0100005200016653,312,309,Rizia/Turn 4/A_HouseOfDelegates,Hugo Toras,en,「陛下、あなたこそが王です。もちろんご決定いただけます。」
0x010000520001665A,312,310,Rizia/Turn 4/A_HouseOfDelegates,Hugo Toras,en,「その若者は陛下を自分の側につけようと必死の様子ですね。おそらく王女が何か関係しているのでしょう。」
0x010000520001666D,312,314,Rizia/Turn 4/A_HouseOfDelegates,Player_Romus,en,「もしマヌス・サゾンの党派やその家系と敵対することになったら、彼の提案を却下した私はどうなってしまうのだろうか？」
0x0100005200016674,312,315,Rizia/Turn 4/A_HouseOfDelegates,Narrator,en,ウーゴは咳をした。
0x010000520001667B,312,316,Rizia/Turn 4/A_HouseOfDelegates,Hugo Toras,en,「彼らの党派はすでに敵です。陛下が彼らを優遇されれば、次回の選挙での勝利の可能性が高まり、それに伴って君主制は弱体化してしまいます。」
0x0100005200016697,312,317,Rizia/Turn 4/A_HouseOfDelegates,Hugo Toras,en,「それによって王国の費用を節約でき、ルッセロ『ラスティ』モントーロ氏も大変喜び、さらにRPPの不満分子たちをある程度なだめることができます。」
0x01000052000166A4,312,318,Rizia/Turn 4/A_HouseOfDelegates,Hugo Toras,en,「しかし、それはリジアの他の企業に大きな影響を与えるでしょう。その多くはデ・ラーヴァ女男爵や彼女の支持者たちのような貴族が所有しているのです。」
0x01000052000166AC,312,319,Rizia/Turn 4/A_HouseOfDelegates,Hugo Toras,en,「この場合、RPPの提案を受け入れると、代議院が代表する各州の経済に悪影響を及ぼすことになります。」
0x01000052000166B9,312,320,Rizia/Turn 4/A_HouseOfDelegates,Hugo Toras,en,「モントーロ氏は、彼の会社と良好な関係を保てばかつての王室持分を買い戻す権利が得られるとほのめかしました。」
0x01000052000166C7,312,321,Rizia/Turn 4/A_HouseOfDelegates,Hugo Toras,en,「資源依存型経済を維持し続けるのであれば、RGの所有比率を高めておく方が賢明でしょう。」
0x0100005200016584,312,324,Rizia/Turn 4/A_HouseOfDelegates,Player_Romus,en,「サゾン様、お話しになりたいことはすべて済んだだろうか？」
0x0100005200016700,312,325,Rizia/Turn 4/A_HouseOfDelegates,Player_Romus,en,「私が決定したことはこれだ。」
0x0100005200016707,312,326,Rizia/Turn 4/A_HouseOfDelegates,Narrator,en,部屋にいた全員が私の次の言葉を待ちながら静まり返った。
0x010000520001670E,312,327,Rizia/Turn 4/A_HouseOfDelegates,Russello Montoro,en,「陛下、私には何の反論もございません。」
0x0100005200016722,312,330,Rizia/Turn 4/A_HouseOfDelegates,Russello Montoro,en,「陛下、ご決断すべきことは、結局のところ何も決定する必要のないことのように思えます。」
0x010000520001672F,312,331,Rizia/Turn 4/A_HouseOfDelegates,Russello Montoro,en,「今すぐこの部屋を出て行き、残りのことはあなたの立法制度に任せてもよいのです。」
0x0100005200016737,312,332,Rizia/Turn 4/A_HouseOfDelegates,Russello Montoro,en,「しかし陛下は行動を重んじるお方です。最終的な決定権をご自身で握りたいとお考えであることは存じております。それならば遠慮なく、その意見を述べてください。」
0x0100005200017D8C,312,335,Rizia/Turn 4/A_HouseOfDelegates,Narrator,en,彼は手を差し伸べて私と握手をしようとした。私の手のひらに、突然金属の冷たさが伝わってきた。
0x0100005200017D93,312,336,Rizia/Turn 4/A_HouseOfDelegates,Russello Montoro,en,「私の部下たちが少し前にMITZでこれを発見しました。陛下のご厚意への感謝の印とお考えください。」
0x0100005200017D9A,312,337,Rizia/Turn 4/A_HouseOfDelegates,Player_Romus,en,「それは何だ？」
0x0100005200017DA1,312,338,Rizia/Turn 4/A_HouseOfDelegates,Player_Romus,en,「ありがとう、ラスティ。大切にする。」
0x0100005200017DA8,312,339,Rizia/Turn 4/A_HouseOfDelegates,Player_Romus,en,「あなたが望んでいたものは手に入れた。賄賂など必要ない。」
0x0100005200017DAF,312,340,Rizia/Turn 4/A_HouseOfDelegates,Russello Montoro,en,「陛下、お気に召すかと存じました。」
0x0100005200017DB6,312,341,Rizia/Turn 4/A_HouseOfDelegates,Russello Montoro,en,「私にも分かりません。ですが、かなり古いように見えますね？」
0x0100005200017DBD,312,342,Rizia/Turn 4/A_HouseOfDelegates,Russello Montoro,en,「私が何者だと思っているのですか？これはすべて私の善意から出た行為です。」
0x0100005200017DC4,312,343,Rizia/Turn 4/A_HouseOfDelegates,Russello Montoro,en,「RRGの株主契約に関する修正案についてですが……私の弁護士たちが書類の手配を進めます。」
0x010000520002339E,312,365,Rizia/Turn 4/A_HouseOfDelegates,Manus Sazon,en,「今、さまざまな業界の労働者や外国人労働者による連合体が勇敢にもリジア人民党を訪れ、我々の同僚代議員と陛下に伝えるべき要求事項のリストを提出しました。」
0x01000052000233A5,312,366,Rizia/Turn 4/A_HouseOfDelegates,Manus Sazon,en,「我々の産業が、現地のリジア人労働者よりも低い賃金と十分でない訓練しか受けていない外国人労働者に依存し続けていることが、問題をさらに悪化させています。」
0x010000520002ACD3,312,382,Rizia/Turn 4/A_HouseOfDelegates,Player_Romus,en,「私に言いたいことはあるか？」
0x010000520002ACDA,312,383,Rizia/Turn 4/A_HouseOfDelegates,Player_Romus,en,「どういたしましてです。」
0x010000520002ACE1,312,384,Rizia/Turn 4/A_HouseOfDelegates,Player_Romus_Italic,en,私は引き続きドアの方へと歩いていった。
0x010000520002ACE1,312,384,Rizia/Turn 4/A_HouseOfDelegates,Player_Romus_Italic,Menu Text en,彼を無視する
0x010000520002ACE9,312,385,Rizia/Turn 4/A_HouseOfDelegates,Russello Montoro,en,「陛下、少しお時間をいただけますでしょうか。」
0x010000520002ACF0,312,386,Rizia/Turn 4/A_HouseOfDelegates,Player_Romus,en,「これをずっと隠していたのか？これは王室のものだ。」
0x010000520002ACF7,312,387,Rizia/Turn 4/A_HouseOfDelegates,Russello Montoro,en,「拾得物は拾った者のものだと常々思っていました。ですが、これは今や陛下のものですね。」
0x010000520002ACFE,312,388,Rizia/Turn 4/A_HouseOfDelegates,Player_Romus_Italic,en,私は彼を無視して、そのままドアの方へと歩き続けた。
0x010000520002ACFE,312,388,Rizia/Turn 4/A_HouseOfDelegates,Player_Romus_Italic,Menu Text en,彼を無視する
0x010000520002AD06,312,389,Rizia/Turn 4/A_HouseOfDelegates,Narrator,en,ウーゴと我々が彼のそばを通り過ぎて外へ出て行くと、彼は冷ややかな目で我々を見つめていた。
0x010000520002AD0E,312,390,Rizia/Turn 4/A_HouseOfDelegates,Narrator,en,彼は握手のために手を差し出した。
0x010000520002AD15,312,391,Rizia/Turn 4/A_HouseOfDelegates,Player_Romus_Italic,en,私が彼の手を握ったとき、突然手のひらに金属の冷たさが伝わってきた。
0x010000520002AD15,312,391,Rizia/Turn 4/A_HouseOfDelegates,Player_Romus_Italic,Menu Text en,彼と握手をする
0x010000520002AD1E,312,392,Rizia/Turn 4/A_HouseOfDelegates,Player_Romus_Italic,en,私はウーゴに合図を送り、彼に挨拶もせずにその場を去った。外に出るとき、彼の顔に楽しそうな表情が浮かんでいるのが見えた。
0x010000520002AD1E,312,392,Rizia/Turn 4/A_HouseOfDelegates,Player_Romus_Italic,Menu Text en,彼に返事もせずに去る
0x010000520002AD28,312,393,Rizia/Turn 4/A_HouseOfDelegates,Narrator,en,私は手を引っ込め、彼が渡してくれた物をもっとよく見つめた。
0x010000520002AD31,312,394,Rizia/Turn 4/A_HouseOfDelegates,Russello Montoro,en,「陛下、あなたの慈悲深い行いは決して忘れられることはありません。」
0x010000520002AD38,312,395,Rizia/Turn 4/A_HouseOfDelegates,Russello Montoro,en,「陛下、ただ感謝の意を表したく存じます。」
0x010000520002AD49,312,399,Rizia/Turn 4/A_HouseOfDelegates,Russello Montoro,en,「またすぐお会いできますね、陛下。閣下。」
0x010000520002AD50,312,400,Rizia/Turn 4/A_HouseOfDelegates,Russello Montoro,en,「もし覚えていらっしゃるなら、RRGの株主契約を見直す可能性についても申し上げました。陛下、興味はございますか？」
0x010000520002AD57,312,401,Rizia/Turn 4/A_HouseOfDelegates,Player_Romus,en,「ありがたいが、結構だ。リジア王国のRRGにおける持分は変わらない。」
0x010000520002AD5E,312,402,Rizia/Turn 4/A_HouseOfDelegates,Player_Romus,en,「たぶんだね。まずはもっと詳細を知る必要がある。」
0x010000520002AD65,312,403,Rizia/Turn 4/A_HouseOfDelegates,Player_Romus,en,「私はその件について少し考えた。ええ、リジアの持分を変更したいと思う。」
0x010000520002AD6C,312,404,Rizia/Turn 4/A_HouseOfDelegates,Russello Montoro,en,「陛下のご希望は私の命令です。弁護士たちに書類の手配をさせます。」
0x010000520002AD75,312,405,Rizia/Turn 4/A_HouseOfDelegates,Russello Montoro,en,「問題ありません。ただ尋ねてみようと思っただけです。」
0x010000520002AD8C,312,408,Rizia/Turn 4/A_HouseOfDelegates,Player_Romus,en,「何の用か？」
0x010000520002AD93,312,409,Rizia/Turn 4/A_HouseOfDelegates,Player_Romus,en,「とにかく、ご説明はしっかりしておられた。」
0x010000520002AD9A,312,410,Rizia/Turn 4/A_HouseOfDelegates,Russello Montoro,en,「何もございません、陛下。」
0x010000520002ADA1,312,411,Rizia/Turn 4/A_HouseOfDelegates,Russello Montoro,en,「すぐにその規制の策定に取り掛かります。ですが、金の生産量が低下するという点については冗談ではありませんでした。」
0x010000520002ADA7,312,412,Rizia/Turn 4/A_HouseOfDelegates,Russello Montoro,en,「陛下、大変ありがとうございます。気になさらないでください。」
0x0100008E000030E4,312,419,Rizia/Turn 4/A_HouseOfDelegates,Player_Romus,en,「RPPの思いは理解しているが、現在の国庫状況ではこの提案を実行することは困難だ。今回は実施しない。」
0x0100005200038A3B,312,424,Rizia/Turn 4/A_HouseOfDelegates,Hugo Toras,en,「サラベスで彼が陛下のご注意を引いたようです。」
0x0100005200038A42,312,425,Rizia/Turn 4/A_HouseOfDelegates,Hugo Toras,en,「サゾン家との関係を修復するのは良い戦略です。しかし、彼らが王位にあまりに近づくことを許してはなりません。」
0x0100005200038A4A,312,426,Rizia/Turn 4/A_HouseOfDelegates,Hugo Toras,en,「サゾン家との関係を修復することは良い戦略です。彼らの馬鹿げた主張に乗ってしまわない限りは。」
0x0100005200038A5F,312,433,Rizia/Turn 4/A_HouseOfDelegates,Hugo Toras,en,「ブレナスでは言葉だけで人を欺く愚か者どもがいる。我々もそんな簡単に騙されてはならないのです。」
0x0100005200038A68,312,434,Rizia/Turn 4/A_HouseOfDelegates,Hugo Toras,en,「力が十分にあれば、注目などは障害に過ぎないのです。」
0x0100005200056621,312,435,Rizia/Turn 4/A_HouseOfDelegates,Russello Montoro,en,「もちろん、出資額を増やすには費用がかかります。ですが、陛下には特別な割引をご用意しましょう。」
0x010000520005D4FE,312,436,Rizia/Turn 4/A_HouseOfDelegates,Daria de Rava,en,「RNCもまた妥協する気はありません。」
0x010000520005D50C,312,440,Rizia/Turn 4/A_HouseOfDelegates,Hugo Toras,en,「しかし、資源に依存しない経済の多様化を目指すのであれば、その15パーセントなどほとんど意味がありません。」
0x010000520005D514,312,441,Rizia/Turn 4/A_HouseOfDelegates,Daria de Rava,en,「陛下、リジアの他の大企業は、ここのモントーロ氏の一族よりもはるかに長く輝かしい歴史を持つ家系によって経営されており、たまたま金を生産していないからといって罰せられるべきではありません。」
0x010000520005D51E,312,442,Rizia/Turn 4/A_HouseOfDelegates,Narrator,en,私は他の数人のRNCメンバーからも賛同の囁きが聞こえてきた。
0x010000520005D525,312,443,Rizia/Turn 4/A_HouseOfDelegates,Manus Sazon,en,「これほども理にかなった提案を『罰』だと呼ぶお姿を見れば、議長様の忠誠が誰に向けられているかがよく分かります。」
0x010000520005D543,312,444,Rizia/Turn 4/A_HouseOfDelegates,Russello Montoro,en,「私は急いで出かけて、この悪い知らせを伝えなければなりません。またすぐお会いしましょう、陛下。閣下。」
0x010000520005D601,312,448,Rizia/Turn 4/A_HouseOfDelegates,Russello Montoro,en,「新たな金鉱の探求を検討する時期かもしれません。これによって少なくとも黒字を維持できますから。」
0x010000520005D60C,312,452,Rizia/Turn 4/A_HouseOfDelegates,Russello Montoro,en,「少なくともカルスにできる新しい鉱山のおかげで、何とか黒字を維持できるでしょう。」
0x010000520005D61D,312,453,Rizia/Turn 4/A_HouseOfDelegates,Russello Montoro,en,「やはり、ヴァレンキリスにあるご親族の領地の下を掘ってみることも検討すべきでしょう。我々が黒字を維持できるようにするためです。」
0x010000520005D62E,312,457,Rizia/Turn 4/A_HouseOfDelegates,Narrator,en,彼は私にお辞儀をしてから、軽やかに体を起こし、ドアの外へと歩いて行った。
0x010000520005D660,312,461,Rizia/Turn 4/A_HouseOfDelegates,Player_Romus_Italic,en,私は手を差し伸べた。彼は一瞬ためらった後、熱心にその手を握り返した。
0x010000520005D660,312,461,Rizia/Turn 4/A_HouseOfDelegates,Player_Romus_Italic,Menu Text en,彼と握手をする
0x010000520005D66D,312,465,Rizia/Turn 4/A_HouseOfDelegates,Manus Sazon,en,「陛下、本日の会議にご臨席いただき、また我々の提案を実行してくださり、心より感謝申し上げます。」
0x010000520005D67A,312,469,Rizia/Turn 4/A_HouseOfDelegates,Manus Sazon,en,「陛下、本日の会合にご臨席いただき、誠にありがとうございます。我々の提案の一部でも実行していただけただけで、望んだ以上のことです。」
0x010000520005D681,312,470,Rizia/Turn 4/A_HouseOfDelegates,Manus Sazon,en,「陛下、本日の会議にご出席いただき、心より感謝申し上げます。」
0x010000520005D69B,312,471,Rizia/Turn 4/A_HouseOfDelegates,Narrator,en,我々の視線は思わず通りの方へ向かった。そこではラスティの護衛の一人が、あの金持ち実業家が乗る光沢のある黒いカディラに彼を乗せているところだった。
0x010000520005D6A4,312,473,Rizia/Turn 4/A_HouseOfDelegates,Narrator,en,彼の背後では、壁にもたれて、ブロナズで見たことのあるアルカシア人の衛兵二人がいた。
0x010000520005D6AC,312,474,Rizia/Turn 4/A_HouseOfDelegates,Player_Romus,en,「これが問題となるのだろうか？」
0x010000520005D6BF,312,476,Rizia/Turn 4/A_HouseOfDelegates,Hugo Toras,en,「この宮殿でモントーロ氏にお会いできて喜んでいるとは言えません。」
0x010000520001639D,312,477,Rizia/Turn 4/A_HouseOfDelegates,Narrator,en,彼はマヌスに素っ気なくうなずいた。反対派の発言者はそれに応じなかった。
0x010000520005D6C8,312,478,Rizia/Turn 4/A_HouseOfDelegates,Narrator,en,代議院の中で騒動が起こった。ダリア・デ・ラーヴァは静寂を求めて木槌を叩いた。
0x010000520005D6CF,312,479,Rizia/Turn 4/A_HouseOfDelegates,Russello Montoro,en,「要するに、我々の活動を規制するための一律の手順など存在しないのです。環境や鉱石の密度、使用される技術――これらは同じ鉱山内であっても場所によって異なります。」
0x010000520005D6D6,312,480,Rizia/Turn 4/A_HouseOfDelegates,Russello Montoro,en,「陛下、我々は従業員の安全を守るために最善を尽くしております。しかし同時に、彼らが健康な状態で給与を持って帰宅できるようにしたいとも思っています。」
0x010000520005D6DD,312,481,Rizia/Turn 4/A_HouseOfDelegates,Player_Romus,en,「大げさだな。」
0x010000520005D6E4,312,482,Rizia/Turn 4/A_HouseOfDelegates,Player_Romus,en,「声を上げている鉱山労働者たちのことはどうなさるか？彼らの苦情を無視するわけには参らない。」
0x010000520005D6EB,312,483,Rizia/Turn 4/A_HouseOfDelegates,Russello Montoro,en,「陛下、尊敬する代議院の皆様――もし事業のあらゆる場面に特別な規程を作らざるを得なくなれば、莫大な損失が出てしまいます。それで本当に誰かの安全が守られるかどうかさえ分かりません。」
0x010000520005D6F4,312,484,Rizia/Turn 4/A_HouseOfDelegates,Player_Romus,en,「私の給与の一部を削れば、そんな措置を簡単に講じることができる。」
0x010000520005D6FB,312,485,Rizia/Turn 4/A_HouseOfDelegates,Narrator,en,ラスティは一人でくすっと笑った。
0x010000520005D702,312,486,Rizia/Turn 4/A_HouseOfDelegates,Russello Montoro,en,「申し訳ありませんが、この部屋にいる者の半分は単に適切な姓を持っているだけで莫大な富を享受しています。一生懸命働いて苦労して稼いだお金を、勤勉な一般民から奪うようなことは、私には正しく思えません。」
0x010000520005D709,312,487,Rizia/Turn 4/A_HouseOfDelegates,Russello Montoro,en,「陛下、RRGが我々自身の問題は処理いたします。これまでと同様に、社内ですべて解決いたしましょう。」
0x010000520005D710,312,488,Rizia/Turn 4/A_HouseOfDelegates,Russello Montoro,en,「陛下、もし私の理論を試したいのであれば、どうぞ遠慮なくお願いいたします。」
0x010000520005D71E,312,489,Rizia/Turn 4/A_HouseOfDelegates,Player_Romus,en,「確かに、サゾン氏が説明していたよりもずっと複雑そうだね。」
0x010000520005D725,312,490,Rizia/Turn 4/A_HouseOfDelegates,Russello Montoro,en,「はい、彼は貴族ですから。遅かれ早かれ、現実の世界の仕組みと衝突することになるでしょう。」
0x010000520005D72C,312,491,Rizia/Turn 4/A_HouseOfDelegates,Narrator,en,ダリアの顔には、静かながらも苛立ちの色が一瞬浮かんだ。
0x010000520005D734,312,492,Rizia/Turn 4/A_HouseOfDelegates,Narrator,en,ダリアは咳払いをした。
0x010000520005D73E,312,493,Rizia/Turn 4/A_HouseOfDelegates,Daria de Rava,en,「貴族の富という話題は、今回の議論とはほとんど関係ありません。」
0x010000520005D74C,312,494,Rizia/Turn 4/A_HouseOfDelegates,Hugo Toras,en,「もし我々が持分を増やすのであれば、RRGの収益性を損なわないようにすることが賢明でしょう。」
0x010000520005D753,312,495,Rizia/Turn 4/A_HouseOfDelegates,Hugo Toras,en,「RRGを免除する案を通すことには実用的な意味がありますが、投資に影響を受ける貴族たちの怒りを買うことになるでしょう。」
0x010000520005D75A,312,496,Rizia/Turn 4/A_HouseOfDelegates,Hugo Toras,en,「彼の家族について言えば、サゾン家がこの提案に何ら関与しているとは思えません。アザロ家やトラス家と同様に、彼らもまた大きな損失を被ることになりますから。」
0x010000520005D762,312,497,Rizia/Turn 4/A_HouseOfDelegates,Hugo Toras,en,「ですが、陛下、サゾン氏やその党派の利益ではなく、リジアにとって有益な決断を下していただきたくお願い申し上げます。」
0x010000520005D76B,312,498,Rizia/Turn 4/A_HouseOfDelegates,Hugo Toras,en,「その若者は、どうやら陛下を自分の側につけようと必死のようですね。」
0x010000520005D777,312,500,Rizia/Turn 4/A_HouseOfDelegates,Russello Montoro,en,「陛下、私にとっては十分です！」
0x010000520005D7B3,312,504,Rizia/Turn 4/A_HouseOfDelegates,Narrator,en,彼は一礼すると、私のそばを通り過ぎてドアの外へ出ながら、陽気に口笛を吹き始めた。
0x010000520005D7FD,312,505,Rizia/Turn 4/A_HouseOfDelegates,Narrator,en,ウーゴは軽蔑の念を込めて首を振った。
0x010000520005D804,312,506,Rizia/Turn 4/A_HouseOfDelegates,Hugo Toras,en,「彼に例外を認めなかったのは正しい判断でした。あの男の自尊心は、これ以上膨らませる必要などありません。」
0x010000520005D811,312,510,Rizia/Turn 4/A_HouseOfDelegates,Hugo Toras,en,「RRGを新しい規制の対象から除外するのは理にかなった妥協でしたが、あの男の自尊心がこれ以上膨らんでしまわないことを願っています。」
0x010000520005D81E,312,514,Rizia/Turn 4/A_HouseOfDelegates,Hugo Toras,en,「RNCに味方したのは正しい判断でした。あの男の手からリジア王室金鉱を多く取り戻せればそれだけ良いのです。」
0x010000520005D828,312,515,Rizia/Turn 4/A_HouseOfDelegates,Hugo Toras,en,「今日の会議が開催されることを、彼がどうやって知ったのか依然として不思議です。デ・ラーヴァ議長が彼に伝えるなんてあり得ませんから。」
0x010000520005D82E,312,516,Rizia/Turn 4/A_HouseOfDelegates,Narrator,en,我々が代議院の外に出ると、マヌス・サゾンが我々を迎えるために待っているのが見えた。
0x010000520005D838,312,517,Rizia/Turn 4/A_HouseOfDelegates,Player_Romus,en,「代議院の内部運営を見ることができて嬉しい。実に多くの知識を得ることができた。」
0x010000520005D83F,312,518,Rizia/Turn 4/A_HouseOfDelegates,Player_Romus,en,「私が最も気にしているのはリジアの経済だ。ご理解いただければと思う。」
0x010000520005D846,312,519,Rizia/Turn 4/A_HouseOfDelegates,Player_Romus,en,「どういたしまして。次の手順について話し合うため、もうすぐ会う必要がある。」
0x010000520005D84F,312,520,Rizia/Turn 4/A_HouseOfDelegates,Player_Romus,en,「この結果に、あまりご失望なさっていないことを願っている。」
0x010000520005D857,312,521,Rizia/Turn 4/A_HouseOfDelegates,Manus Sazon,en,「それであれば、今後も引き続き我々の提案を検討していただけることを願っております。」
0x010000520005D85F,312,522,Rizia/Turn 4/A_HouseOfDelegates,Manus Sazon,en,「陛下、お好きなだけご出席いただいて構いません。」
0x010000520005D866,312,523,Rizia/Turn 4/A_HouseOfDelegates,Manus Sazon,en,「楽しみにしております。」
0x010000520005D86D,312,524,Rizia/Turn 4/A_HouseOfDelegates,Manus Sazon,en,「とんでもありません。相手の主張にも一理あると認識しており、陛下のご決定も十分に理解しております。」
0x010000520005D873,312,525,Rizia/Turn 4/A_HouseOfDelegates,Manus Sazon,en,「私もよく理解しております。今後の提案をより経済的に実現可能なものにするよう努めます。」
0x010000520005D87B,312,526,Rizia/Turn 4/A_HouseOfDelegates,Narrator,en,ウーゴは薄い唇の笑みを彼に向けた。
0x010000520005D88C,312,530,Rizia/Turn 4/A_HouseOfDelegates,Hugo Toras,en,「おめでとうございます、サゾン様。今日の勝利を、あなた様とご党派の皆様が喜び祝われることでしょう。」
0x010000520005D894,312,531,Rizia/Turn 4/A_HouseOfDelegates,Manus Sazon,en,「確かに、陛下。陛下のご判断は……私が望んだものをはるかに超えていました。」
0x010000520005D8A1,312,535,Rizia/Turn 4/A_HouseOfDelegates,Hugo Toras,en,「おめでとうございます、サゾン様。モントーロ氏の企業に対する免除措置について、あなたの党が大きく失望されていないことを願っております。」
0x010000520005D8A8,312,536,Rizia/Turn 4/A_HouseOfDelegates,Narrator,en,我々の視線は思わず通りの方へ向かった。そこではラスティの護衛の一人が、あの金持ち実業家が乗る光沢のある黒いカディラに彼を乗せているところだった。
0x010000520005D8AF,312,537,Rizia/Turn 4/A_HouseOfDelegates,Narrator,en,二人の間で何かしらの視線のやり取りがあったようだった。それが何を意味するのか、私には分からなかった。
0x010000520005D8B6,312,538,Rizia/Turn 4/A_HouseOfDelegates,Manus Sazon,en,「もちろん、同僚の多くはもっと何かを望んでいました……ですが私の考えでは、陛下のご決定は依然として祝うべきことです。」
0x010000520005D8BB,312,539,Rizia/Turn 4/A_HouseOfDelegates,Hugo Toras,en,「今日はよくやりました、サゾン氏。あなたとご党派の皆様があまり失望されないことを願っています。」
0x010000520005D8C4,312,540,Rizia/Turn 4/A_HouseOfDelegates,Narrator,en,我々の視線は思わず通りの方へ向かった。そこではラスティの護衛の一人が、あの金持ち実業家が乗る光沢のある黒いカディラに彼を乗せているところだった。
0x010000520005D8CA,312,541,Rizia/Turn 4/A_HouseOfDelegates,Narrator,en,二人の間で何かしらの視線のやり取りがあったようだった。それが何を意味するのか、私には分からなかった。
0x010000520005D8D1,312,542,Rizia/Turn 4/A_HouseOfDelegates,Narrator,en,二人の間で何かしらの視線のやり取りがあったようだった。それが何を意味するのか、私には分からなかった。
0x010000520005D8D8,312,543,Rizia/Turn 4/A_HouseOfDelegates,Manus Sazon,en,「閣下、これは一時的な障害に過ぎません。我々の限られた力の範囲内で、引き続き全リジア人の福祉のために尽力してまいります。」
0x010000520005D8DF,312,544,Rizia/Turn 4/A_HouseOfDelegates,Manus Sazon,en,「これ以上、二人ともを煩わせるつもりはありません。改めて感謝し、午後良いお時間を。」
0x010000520005D8EA,312,545,Rizia/Turn 4/A_HouseOfDelegates,Player_Romus,en,「何の用か？」
0x010000520005D8F3,312,546,Rizia/Turn 4/A_HouseOfDelegates,Player_Romus,en,「ああ、ちょうど会いたかった人物だね。」
0x010000BE000044AE,312,548,Rizia/Turn 4/A_HouseOfDelegates,Daria de Rava,en,「私の知人の企業経営者たちは、その多くが代々続く家系で経営しており、政府の気まぐれによって簡単に営業方法を変えることなどできません。」
0x010000BE000044B7,312,549,Rizia/Turn 4/A_HouseOfDelegates,Daria de Rava,en,「貴族たちの意見は、この議論とはほとんど関係がありません。」
0x010000520000AE72,313,3,Rizia/Turn 4/A_CouncilTalkAboutPales,Narrator,en,私はパレスのガス紛争における我々の戦略を話し合うため、アレス要塞で評議会の会合を開いた。
0x010000520000AE79,313,4,Rizia/Turn 4/A_CouncilTalkAboutPales,Narrator,en,その都市の名前は、そこにある最も有名な建造物にちなんで付けられたもので、それはヴァルグ人の要塞であり、現在ではパレス行政区の政府本部として使われていた。
0x010000520000AECD,313,5,Rizia/Turn 4/A_CouncilTalkAboutPales,Narrator,en,ティトゥスは私を廊下を案内して、特に目立たない会議室へと連れて行った。そこには既にラウレント、ルシータ、エレナ、ウーゴが待っていた。
0x010000520000AED4,313,6,Rizia/Turn 4/A_CouncilTalkAboutPales,Narrator,en,私はルシータの向かいに座った。
0x010000520000AEE3,313,7,Rizia/Turn 4/A_CouncilTalkAboutPales,Player_Romus_Italic,en,私は部屋の中を見回した。
0x010000520000AEE3,313,7,Rizia/Turn 4/A_CouncilTalkAboutPales,Player_Romus_Italic,Menu Text en,彼女を見ないで
0x010000520000AEEB,313,8,Rizia/Turn 4/A_CouncilTalkAboutPales,Hugo Toras,en,「陛下、おはようございます。これまでの状況についてご報告しましょうか？」
0x010000520000AEF3,313,9,Rizia/Turn 4/A_CouncilTalkAboutPales,Player_Romus,en,「ああ、お願いする。」
0x010000520000AEFA,313,10,Rizia/Turn 4/A_CouncilTalkAboutPales,Player_Romus,en,「報告書は読んだ。パレスの掘削船についても把握している。」
0x010000520000AF01,313,11,Rizia/Turn 4/A_CouncilTalkAboutPales,Laurento Esquibel,en,「ラインハルト大公は今、そのガス田全体がパレスのものだと考えております。彼は直ちに探査掘削を開始するよう命じました。」
0x010000520000B0BA,313,12,Rizia/Turn 4/A_CouncilTalkAboutPales,Player_Romus_Italic,en,我々二人はほんの一瞬だけ目を合わせた。
0x010000520000B0BA,313,12,Rizia/Turn 4/A_CouncilTalkAboutPales,Player_Romus_Italic,Menu Text en,彼女を見る
0x010000520000B541,313,13,Rizia/Turn 4/A_CouncilTalkAboutPales,Laurento Esquibel,en,「ここからは私が引き継ぎます。ご存知の通り、我々の合同研究チームは先日、パレスとリジアの間にあるガス田の評価を終えました。仮の名前として『アウレウス』と呼んでいます。」
0x010000520000B554,313,14,Rizia/Turn 4/A_CouncilTalkAboutPales,Elena Werner,en,「しかし、我々の隊が港に戻って数日後、パレス側が全く異なる決定を下したという知らせを受け取りました。」
0x010000520000B55B,313,15,Rizia/Turn 4/A_CouncilTalkAboutPales,Laurento Esquibel,en,「リジアの調査員たちによれば、そのガス田はリジア領およびパレス領の両方に位置しているとのことです。」
0x010000520000B562,313,16,Rizia/Turn 4/A_CouncilTalkAboutPales,Elena Werner,en,「では、陛下、どこから始めましょうか？」
0x010000520000B570,313,17,Rizia/Turn 4/A_CouncilTalkAboutPales,Player_Romus,en,「えっと……なぜこれが争議になるのだろうか？我々の海洋境界は明確だと思っていたが。」
0x010000520000B57E,313,18,Rizia/Turn 4/A_CouncilTalkAboutPales,Player_Romus,en,「その油田にどれだけのガスが蓄えられているか、もう分かっただろうか？」
0x010000520000B585,313,19,Rizia/Turn 4/A_CouncilTalkAboutPales,Player_Romus,en,「その程度の情報で十分だ。我々の対応策について話し合う準備ができた。」
0x010000520000B58C,313,20,Rizia/Turn 4/A_CouncilTalkAboutPales,Elena Werner,en,「正確な数値はまだ分かっておりません。ですが調査員たちによれば、量は非常に多いとのことです。」
0x010000520000B593,313,21,Rizia/Turn 4/A_CouncilTalkAboutPales,Elena Werner,en,「おそらく、リジアとパレスの現在の天然ガス埋蔵量を合わせたものよりも多いでしょう。」
0x010000520000B59A,313,22,Rizia/Turn 4/A_CouncilTalkAboutPales,Lucita Azaro,en,「つまり、アウレウス鉱床を支配する国が、メルコパの次なるエネルギー超大国となるということです。」
0x010000520000AF38,313,23,Rizia/Turn 4/A_CouncilTalkAboutPales,Laurento Esquibel,en,「過去一世紀にわたり、その境界は絶えず変動してきました。」
0x010000520000AF3E,313,24,Rizia/Turn 4/A_CouncilTalkAboutPales,Laurento Esquibel,en,「かつてのヴァルゴス帝国はパレスとカビズの間の海域を支配していました。しかし、1855年にその島がリジアに編入されたことで、この地域の帰属が問題視されるようになったのです。」
0x010000520000AF5B,313,25,Rizia/Turn 4/A_CouncilTalkAboutPales,Elena Werner,en,「ああ、そうです。アンドルです。」
0x010000520000AFC7,313,26,Rizia/Turn 4/A_CouncilTalkAboutPales,Laurento Esquibel,en,「もし領域が重なる場合でも、他国の同意なくしてどちらの国もその資源を利用することはできません。」
0x010000520000B302,313,27,Rizia/Turn 4/A_CouncilTalkAboutPales,Elena Werner,en,「国は、自国の海岸から200キロメートル以内にあるすべての海底ガス田や石油井に対して主権的な権利を有します。」
0x010000520000B5CF,313,28,Rizia/Turn 4/A_CouncilTalkAboutPales,Player_Romus,en,「つまり明らかだ。パレスは単独で所有権を主張することによって法律を破っているのだ。」
0x010000520000B5E2,313,29,Rizia/Turn 4/A_CouncilTalkAboutPales,Laurento Esquibel,en,「陛下、今日リジアが認めている国境は、1942年の国際連盟による沿岸資源に関する指令で定められたものです。その規定によれば、この海域は我々二国間でほぼ均等に分けられるべきなのです。」
0x010000520000B5EB,313,30,Rizia/Turn 4/A_CouncilTalkAboutPales,Laurento Esquibel,en,「技術的には違います。ラインハルトの前任者がANDORに署名しましたが、パレス大公がそれを承認するまでには至っていません。」
0x010000520000B5F9,313,31,Rizia/Turn 4/A_CouncilTalkAboutPales,Player_Romus,en,「パレスとリジアの両国は、この指令書に署名しているのだろうか？」
0x010000520000B600,313,32,Rizia/Turn 4/A_CouncilTalkAboutPales,Player_Romus,en,「もし国がその指令に違反した場合、どうなるのだろうか？」
0x010000520000B607,313,33,Rizia/Turn 4/A_CouncilTalkAboutPales,Laurento Esquibel,en,「リジアはANDORに署名し承認も行いました。ラインハルトの前任者がその指令に署名しましたが、現在の大公はまだ承認していないのです。」
0x010000520000B61D,313,34,Rizia/Turn 4/A_CouncilTalkAboutPales,Lucita Azaro,en,「その国は国際裁判所で訴追されることになります。また、彼らに対するいかなる軍事行動も完全に正当化されます。」
0x010000520000B634,313,35,Rizia/Turn 4/A_CouncilTalkAboutPales,Laurento Esquibel,en,「技術的に言えば、パレスがリジアの同意なく掘削を行ってもANDORに違反することはありません。ラインハルトの前任者がその指令に署名しましたが、大公自身がそれを承認していないだけです。」
0x010000520000B698,313,39,Rizia/Turn 4/A_CouncilTalkAboutPales,Laurento Esquibel,en,「陛下、即位前にラインハルト大公と信頼関係を築かれました。その関係を活用する方法があるかもしれません。」
0x010000520000B6C1,313,43,Rizia/Turn 4/A_CouncilTalkAboutPales,Laurento Esquibel,en,「陛下、あなたとラインハルト大公はあまり親しくないようですが、今なら互いに理解し合うのに遅くはないかもしれません。」
0x010000520000B6D7,313,44,Rizia/Turn 4/A_CouncilTalkAboutPales,Laurento Esquibel,en,「わかりました。」
0x010000520000B751,313,45,Rizia/Turn 4/A_CouncilTalkAboutPales,Player_Romus,en,「パレスと領土を50対50で分け合えばいいのではないだろうか。それは我々が法的に権利を持っていることだよね？」
0x010000520000B758,313,46,Rizia/Turn 4/A_CouncilTalkAboutPales,Player_Romus,en,「もしパレスにその地域全体の所有権を保持させてしまったらどうなるだろうか？」
0x010000520000B78D,313,47,Rizia/Turn 4/A_CouncilTalkAboutPales,Player_Romus,en,「リジアにはその油田からのガスが必要なのだろうか？」
0x010000520000B8FE,313,49,Rizia/Turn 4/A_CouncilTalkAboutPales,Elena Werner,en,「はい、それこそがこの事件が起きる前に私が望んでいた結果です。」
0x010000520000B9A6,313,50,Rizia/Turn 4/A_CouncilTalkAboutPales,Elena Werner,en,「しかし、第三者の助けがなければ、戦場を分かち合うことは予想以上に困難に思われます。」
0x010000520000BC9B,313,53,Rizia/Turn 4/A_CouncilTalkAboutPales,Narrator,en,会議は終わりを迎えた。
0x010000520000BCA3,313,54,Rizia/Turn 4/A_CouncilTalkAboutPales,Narrator,en,私はアレス要塞で眠れない夜を過ごし、パレスから来た船が目的地に到着したら何が起こるのかと考えていた。
0x010000520000BD60,313,80,Rizia/Turn 4/A_CouncilTalkAboutPales,Player_Romus,en,「私の顧問たちからのその他の提案もぜひ歓迎する。」
0x0100005200011796,313,81,Rizia/Turn 4/A_CouncilTalkAboutPales,Laurento Esquibel,en,「パレスの人々はさらに、人口が少ない島であるカビズはリジア本土と同じ海洋境界半径を持つべきではないと主張しています。」
0x0100005200016E46,313,85,Rizia/Turn 4/A_CouncilTalkAboutPales,Narrator,en,彼女は顔を赤らめた。他の評議員たちはわざと我々から目をそらした。
0x0100005200016E4D,313,86,Rizia/Turn 4/A_CouncilTalkAboutPales,Narrator,en,彼女は顔を赤らめた。他の評議員たちはそれに気づいていないようだった。
0x01000052000180BF,313,91,Rizia/Turn 4/A_CouncilTalkAboutPales,Narrator,en,今回、私の娘は体調が悪いと言って家に残るよう頼んできた。
0x010000520001D521,313,99,Rizia/Turn 4/A_CouncilTalkAboutPales,Narrator,en,他の議員たちは手にしている書類を処理するのに忙しくしていた。ウーゴがようやく口を開いた。
0x010000520001D529,313,100,Rizia/Turn 4/A_CouncilTalkAboutPales,Narrator,en,私の同僚である評議員たちは皆、様々な文書を熱心に調べていた。ウーゴがついに立ち上がった。
0x0100005200029521,313,103,Rizia/Turn 4/A_CouncilTalkAboutPales,Narrator,en,ルシータの顔には心配そうな表情が浮かんでいた。
0x0100005200029528,313,104,Rizia/Turn 4/A_CouncilTalkAboutPales,Lucita Azaro,en,「今朝8時にパレスの掘削船がレマズ港を出発しました。明日のこの時間頃にはその油田地帯に到着する見込みです。」
0x010000520002952F,313,105,Rizia/Turn 4/A_CouncilTalkAboutPales,Lucita Azaro,en,「陛下、私は以前からパレスに対して慎重であるべきだと主張してまいりました。しかし今回の事態は非常に憂慮すべきものだと思われます。」
0x0100005200029536,313,106,Rizia/Turn 4/A_CouncilTalkAboutPales,Player_Romus,en,「私も完全に同意する、ルシータ。この明らかな挑発を無視するわけにはいかない。」
0x0100005200029543,313,110,Rizia/Turn 4/A_CouncilTalkAboutPales,Player_Romus,en,「女公爵、私も同じ懸念を抱いている。パレスの者たちがあの船を送ったのは行き過ぎだった。」
0x010000520002954A,313,111,Rizia/Turn 4/A_CouncilTalkAboutPales,Player_Romus,en,「私も依然として慎重さが求められると考えている。対応を決定する前に、あらゆる詳細を把握したいのだ。」
0x0100005200029550,313,112,Rizia/Turn 4/A_CouncilTalkAboutPales,Narrator,en,ウーゴは、私がルシータの名前を呼んだことに横目で視線を投げかけた。
0x0100005200029558,313,113,Rizia/Turn 4/A_CouncilTalkAboutPales,Player_Romus,en,「きっと何らかの合理的な説明があるはずだ。これを単なる侵略行為だと決めつけるべきではない。」
0x010000520002955F,313,114,Rizia/Turn 4/A_CouncilTalkAboutPales,Hugo Toras,en,「リジアからの返答は確かに必要です。我々の行動方針を決定するために、今日この会議を開いたのです。」
0x0100005200029565,313,115,Rizia/Turn 4/A_CouncilTalkAboutPales,Hugo Toras,en,「陛下、実に賢明なお考えです。」
0x010000520002956C,313,116,Rizia/Turn 4/A_CouncilTalkAboutPales,Hugo Toras,en,「陛下、私も同感です。しかし、この行為を見過ごすわけにはいきません。」
0x0100005200029572,313,117,Rizia/Turn 4/A_CouncilTalkAboutPales,Hugo Toras,en,「挑発であれ何であれ、確かに見過ごしてはなりません。我々の行動方針を決定するために、今日この会議を開いたのです。」
0x010000520002957B,313,118,Rizia/Turn 4/A_CouncilTalkAboutPales,Laurento Esquibel,en,「二日後にはラインハルト大公との会談が予定されております。その頃には船も目的地に到着するでしょう。」
0x0100005200029585,313,119,Rizia/Turn 4/A_CouncilTalkAboutPales,Laurento Esquibel,en,「陛下、パレスの人々が依然としてその土地の所有権について交渉する意欲を持っており、これは単に彼らに有利な立場を与えるための策略に過ぎないことを願っております。」
0x010000520002958C,313,120,Rizia/Turn 4/A_CouncilTalkAboutPales,Elena Werner,en,「ラウレント、あなたは先走りすぎです。陛下がパレスへ向かう前に、この紛争についてできるだけ多くの情報を得ておくべきです。」
0x0100005200029593,313,121,Rizia/Turn 4/A_CouncilTalkAboutPales,Player_Romus,en,「いつものようにヴェルナーさんのおっしゃる通りだ。その争点となっている土地について、できる限りすべてを知りたいのだ。」
0x010000520002959A,313,122,Rizia/Turn 4/A_CouncilTalkAboutPales,Player_Romus,en,「詳細な部分はすでに把握している。本題に入ろう。」
0x01000052000295A2,313,123,Rizia/Turn 4/A_CouncilTalkAboutPales,Player_Romus,en,「それも一理あるね。そもそも我々はカレカビズを何のために使っているのだろうか？」
0x01000052000295A9,313,124,Rizia/Turn 4/A_CouncilTalkAboutPales,Hugo Toras,en,「メルコパ大陸とキルートの間に位置する戦略的な場所から、ここは非常に有用な港湾であり海軍基地となっています。そして、追放された元アンジェリカ・サゾン女公爵がいることも忘れてはなりません。」
0x01000052000295B0,313,125,Rizia/Turn 4/A_CouncilTalkAboutPales,Player_Romus,en,「しかし、それは馬鹿げているよね？国際裁判所では通用しない。」
0x01000052000295B7,313,126,Rizia/Turn 4/A_CouncilTalkAboutPales,Elena Werner,en,「陛下、それは議論の余地があるかと。十分な法的根拠と国際的支援があれば、パレス側も訴えを起こすことが可能でしょう。」
0x01000052000295C0,313,127,Rizia/Turn 4/A_CouncilTalkAboutPales,Player_Romus,en,「どうして彼らは我が島を貶めることができるのか？その無礼な行為の代償を払わせてやる。」
0x01000052000295CC,313,129,Rizia/Turn 4/A_CouncilTalkAboutPales,Hugo Toras,en,「カビズは規模こそ小さいですが、極めて重要な戦略的意義を持っています。それをリジアの取るに足らない地域だと呼ぶのは不公平です。」
0x01000052000295E1,313,133,Rizia/Turn 4/A_CouncilTalkAboutPales,Elena Werner,en,「陛下、率直に申し上げますと、現在のガス埋蔵量は次第に減少しております。」
0x01000052000295ED,313,134,Rizia/Turn 4/A_CouncilTalkAboutPales,Elena Werner,en,「ヴァレンキリス近海のエスキリス鉱区は、拡張に投資しなければ間もなく操業を停止せざるを得なくなります。」
0x01000052000295FA,313,138,Rizia/Turn 4/A_CouncilTalkAboutPales,Elena Werner,en,「エスキビル鉱区の開発を進めればガス生産量は増加しますが、たとえアウレウス鉱区の半分しか利用できなくてもより良い結果が得られるでしょう。」
0x0100005200029601,313,139,Rizia/Turn 4/A_CouncilTalkAboutPales,Elena Werner,en,「我々は今のところ、必死になっているわけではありません。」
0x0100005200029610,313,143,Rizia/Turn 4/A_CouncilTalkAboutPales,Elena Werner,en,「エヴァルト・アルフォンソ大統領は我々の貿易協定に大変満足しており、自身が経営するガソムという石油会社の持分を我々に提供しようと示唆してきました。しかし来年行われるソードランド人の選挙によって、その申し出が危うくなる可能性があります。」
0x0100005200029617,313,144,Rizia/Turn 4/A_CouncilTalkAboutPales,Elena Werner,en,「我々はソードランドの貿易協定を拒否しましたが、アルフォンソ大統領は裏ルートを通じて自らのガス会社であるガソムに投資する機会があるとほのめかしています。しかし来年のブルディア人の選挙によって、その提案が危うくなる可能性があります。」
0x010000520002961E,313,145,Rizia/Turn 4/A_CouncilTalkAboutPales,Player_Romus,en,「何か怪しいね。そのガソムという会社が破産寸前なら驚かない。」
0x0100005200029625,313,146,Rizia/Turn 4/A_CouncilTalkAboutPales,Player_Romus,en,「アルフォンソの支持率はもう下がり始めているのだね？次にその地位を奪うのは誰だろうか。」
0x010000520002962C,313,147,Rizia/Turn 4/A_CouncilTalkAboutPales,Player_Romus,en,「それはやはり有望に思える。可能であれば、その手掛かりをさらに追及してくれ。」
0x0100005200029635,313,148,Rizia/Turn 4/A_CouncilTalkAboutPales,Player_Romus,en,「それで結構だ。私はもうソードランド人たちとの取引にうんざりしている。」
0x010000520002963D,313,149,Rizia/Turn 4/A_CouncilTalkAboutPales,Elena Werner,en,「彼らのガス埋蔵量は実に膨大です。決して見過ごすべきではありません。」
0x0100005200029644,313,150,Rizia/Turn 4/A_CouncilTalkAboutPales,Elena Werner,en,「今の段階では断言できません。彼なら依然として勝利を収めることが可能です。」
0x010000520002964B,313,151,Rizia/Turn 4/A_CouncilTalkAboutPales,Elena Werner,en,「会社の状況がどうであれ、ソードランドが膨大な量のガスを保有していることは否定できません。」
0x0100005200029652,313,152,Rizia/Turn 4/A_CouncilTalkAboutPales,Elena Werner,en,「はい、進展があり次第すぐにご報告いたします。」
0x0100005200029662,313,156,Rizia/Turn 4/A_CouncilTalkAboutPales,Elena Werner,en,「ガス以外のエネルギー資源については、全体として十分な備蓄があります。」
0x0100005200029669,313,157,Rizia/Turn 4/A_CouncilTalkAboutPales,Elena Werner,en,「ソードランド人であろうとなかろうと、我々の総合的なエネルギー備蓄を強化するためにはそのガスがぜひ必要です。」
0x0100005200029683,313,164,Rizia/Turn 4/A_CouncilTalkAboutPales,Elena Werner,en,「そして、ルンブルクと締結した契約も忘れてはなりません。我々は既にエネルギー供給の義務を果たすために輸出を行っております。」
0x010000520002968A,313,165,Rizia/Turn 4/A_CouncilTalkAboutPales,Elena Werner,en,「しかし、将来何が起こるかは分かりません。」
0x0100005200029690,313,166,Rizia/Turn 4/A_CouncilTalkAboutPales,Elena Werner,en,「現在ですでに不足している状態で、これから先何が起こるかも分かりません。」
0x010000520002969C,313,167,Rizia/Turn 4/A_CouncilTalkAboutPales,Elena Werner,en,「わかりました。」
0x01000052000296B7,313,168,Rizia/Turn 4/A_CouncilTalkAboutPales,Lucita Azaro,en,「実は、我々の対応に影響を与えるかもしれない追加情報がいくつかあります。」
0x01000052000296A8,313,172,Rizia/Turn 4/A_CouncilTalkAboutPales,Elena Werner,en,「リジアの現在の天然ガス需要を考えると、その鉱床に対する権利を、結果を真剣に検討しないまま放棄してはなりません。」
0x01000052000296AE,313,173,Rizia/Turn 4/A_CouncilTalkAboutPales,Elena Werner,en,「たとえその油田からのガスが必ずしも必要ないとしても、その結果を真剣に検討しないまま手放すべきではありません。」
0x01000052000296D2,313,177,Rizia/Turn 4/A_CouncilTalkAboutPales,Narrator,en,ルシータは手を挙げた。
0x01000052000296DB,313,178,Rizia/Turn 4/A_CouncilTalkAboutPales,Hugo Toras,en,「どうぞ、アザロ女公爵、お話しください。」
0x010000520000B122,313,179,Rizia/Turn 4/A_CouncilTalkAboutPales,Narrator,en,彼女は写真を取り出した。その写真には、スーツを着た数人の男たちが大型船に乗り込む姿が写っていた。
0x010000520000B129,313,180,Rizia/Turn 4/A_CouncilTalkAboutPales,Lucita Azaro,en,「パレスにいる我々の情報員が、その船が出航する前に映像を入手することに成功しました。こちらの男性は、レスピアのエネルギー企業であるレスパワーの代表者です。」
0x010000520000B130,313,181,Rizia/Turn 4/A_CouncilTalkAboutPales,Narrator,en,ウーゴは冷たい目で彼女を見つめた。
0x010000520000B137,313,182,Rizia/Turn 4/A_CouncilTalkAboutPales,Hugo Toras,en,「陛下、パレスに現地で活動する情報要員がいるという報告は受けておりませんでした。」
0x010000520000B13E,313,183,Rizia/Turn 4/A_CouncilTalkAboutPales,Lucita Azaro,en,「陛下と私が、それを設立するという決断を下しました。」
0x010000520000B145,313,184,Rizia/Turn 4/A_CouncilTalkAboutPales,Player_Romus,en,「あなたはアザロ女公爵の仕事ぶりを疑ってはならない。」
0x010000520000B203,313,185,Rizia/Turn 4/A_CouncilTalkAboutPales,Hugo Toras,en,「陛下、あなた様もこの件に関与されていたのですか？ヴェーレンでの調査が最優先事項だと思っておりました。」
0x010000520000B23F,313,186,Rizia/Turn 4/A_CouncilTalkAboutPales,Player_Romus,en,「女公爵、この監視がジルの捜査からあまりに多くの注意を奪っていないことを願っている。」
0x010000520000B24E,313,187,Rizia/Turn 4/A_CouncilTalkAboutPales,Lucita Azaro,en,「陛下、そうではありません。私の部門はジル爆破事件の影響処理にほとんど一切関与していないことをご想起いただきたく存じます。」
0x010000520000B25C,313,188,Rizia/Turn 4/A_CouncilTalkAboutPales,Narrator,en,ルシータは自分の怒りを隠そうと努めた。
0x010000520000B20B,313,189,Rizia/Turn 4/A_CouncilTalkAboutPales,Player_Romus,en,「実は、それは私の案だった。」
0x010000520000B212,313,190,Rizia/Turn 4/A_CouncilTalkAboutPales,Player_Romus,en,「私も同じように思っていた。しかし彼女がパレスの状況を注視する価値があると説得してくれたのだ。実際、その通りだった。」
0x010000520000B26C,313,191,Rizia/Turn 4/A_CouncilTalkAboutPales,Player_Romus,en,「実のところ、これが何を変えるのか私には理解できない。パレスとレスピアが共謀していることは既に知っていた。」
0x010000520000B408,313,192,Rizia/Turn 4/A_CouncilTalkAboutPales,Lucita Azaro,en,「この証拠が示しているのは、その地域に対する権利を主張しているのがパレスだけではないということです。レスピア、ひいてはアルカシア条約機構もまた、そのガスやそれに伴う莫大な富と権力を狙っているのです。」
0x010000520000B272,313,193,Rizia/Turn 4/A_CouncilTalkAboutPales,Player_Romus,en,「レスピア人がこの遠征にこれほど深く関与しているのは、実に憂慮すべきことだと私は思う。」
0x010000520000B246,313,194,Rizia/Turn 4/A_CouncilTalkAboutPales,Narrator,en,ルシータは私に感謝の笑みを向けてくれた。
0x010000520000B255,313,195,Rizia/Turn 4/A_CouncilTalkAboutPales,Lucita Azaro,en,「確かにその通りでございます、陛下。」
0x010000520000B6F1,313,196,Rizia/Turn 4/A_CouncilTalkAboutPales,Laurento Esquibel,en,「この写真からは私に全く違うメッセージが伝わってきます。もしかすると、レスピアがパレスに圧力をかけてその地域の権利を主張させ、船を派遣させたのではないでしょうか？もしそうだとしたら、その事実を利用して両者の間に亀裂を生じさせることは可能でしょうか？」
0x010000520000B264,313,197,Rizia/Turn 4/A_CouncilTalkAboutPales,Lucita Azaro,en,「これらの調査結果の内容にのみ焦点を当ててもらい、それを得るための手法には目を向けないよう、謹んで他の評議員の皆様にお願いしたいと思います。」
0x010000520000B4BC,313,198,Rizia/Turn 4/A_CouncilTalkAboutPales,Hugo Toras,en,「どうかお許しください、二人とも。この評議会に最も必要ないのは不和です。そしてアザロ女公爵の調査結果も私にとって憂慮すべきものです。」
0x010000520000B4B5,313,199,Rizia/Turn 4/A_CouncilTalkAboutPales,Player_Romus,en,「ああ、ウーゴ。私を女公爵に敵対させようとしないでくれ。ここにいるのは皆同僚だから。」
0x010000520000B4C3,313,201,Rizia/Turn 4/A_CouncilTalkAboutPales,Narrator,en,ウーゴの表情は変わらず穏やかなままだった。
0x01000052000296E9,313,205,Rizia/Turn 4/A_CouncilTalkAboutPales,Lucita Azaro,en,「陛下、そうではありません。むしろ、ズィルの引き渡し期限が近づくにつれ、ヴェーレンにいる我々の軍隊はさらに努力を強化しております。」
0x01000052000296F1,313,206,Rizia/Turn 4/A_CouncilTalkAboutPales,Laurento Esquibel,en,「もしくは、我々三か国全てが参加するような折衷案を見つけ出すこともできます。」
0x01000052000296F8,313,207,Rizia/Turn 4/A_CouncilTalkAboutPales,Narrator,en,ルシータは手を挙げた。
0x01000052000296FF,313,208,Rizia/Turn 4/A_CouncilTalkAboutPales,Lucita Azaro,en,「私を悩ませているのは、レスピアという脅威です。」
0x0100005200029706,313,209,Rizia/Turn 4/A_CouncilTalkAboutPales,Lucita Azaro,en,「もしパレスがその海域を主張するなら、我々の北方の隣国がその権利を手に入れることにほぼ間違いありません。彼らはこれから何年も我々の領海に存在し続けるでしょう。」
0x010000520002970D,313,210,Rizia/Turn 4/A_CouncilTalkAboutPales,Laurento Esquibel,en,「それが必ずしも我々にとって悪いこととは限りません。我々三か国全てが参加するような折衷案が見つかるかもしれません。」
0x0100005200029714,313,211,Rizia/Turn 4/A_CouncilTalkAboutPales,Player_Romus,en,「レスピアが関わるような妥協などあり得ない。奴らは最初の好機にでも我々を踏み潰すだろう。」
0x0100005200029721,313,215,Rizia/Turn 4/A_CouncilTalkAboutPales,Player_Romus,en,「レスピアをこの問題に巻き込みたくない。この争いはリジアとパレスの間のものだ。」
0x0100005200029728,313,216,Rizia/Turn 4/A_CouncilTalkAboutPales,Player_Romus,en,「でも、もしモレラとそのヴァルグスランドの仲間たちが関与してきたらどうなるだろうか？彼らはアルカシア条約機構のメンバーがこれほど南まで掘削することを快く思わないはずだ。」
0x010000520002972F,313,217,Rizia/Turn 4/A_CouncilTalkAboutPales,Player_Romus,en,「それはアルカシア条約機構により近づくための一つの方法だね。」
0x0100005200029736,313,218,Rizia/Turn 4/A_CouncilTalkAboutPales,Lucita Azaro,en,「それは先ほど陛下にお警告しましたような結果を招く可能性がございます。」
0x0100005200029747,313,219,Rizia/Turn 4/A_CouncilTalkAboutPales,Elena Werner,en,「陛下、もしそれだけ簡単ならよいのですが、パレスはアウレウス鉱床から産出するガスをどこかに売らなければなりません。そして我々の北方の隣国が最も有力な買い手となるでしょう。」
0x0100005200029755,313,220,Rizia/Turn 4/A_CouncilTalkAboutPales,Lucita Azaro,en,「陛下、それが本当に我々の望むことなのでしょうか？特にモレラやヴァルグスランドが後ろで待ち構えている状況では……」
0x010000520002975C,313,221,Rizia/Turn 4/A_CouncilTalkAboutPales,Elena Werner,en,「ラウレント、レスピア型保護主義がどのようなものか私は知っている。あの共和国は資源を分け合うことにあまり積極的ではないのだ。」
0x0100005200029763,313,222,Rizia/Turn 4/A_CouncilTalkAboutPales,Narrator,en,ラウレントの顔には苦痛の表情が浮かんでいた。
0x010000520002976D,313,223,Rizia/Turn 4/A_CouncilTalkAboutPales,Laurento Esquibel,en,「私としては、依然として交渉の可能性を諦めるべきではないと思っております。」
0x010000520002977B,313,224,Rizia/Turn 4/A_CouncilTalkAboutPales,Player_Romus,en,「あの船を送ったことで、彼は我々との信頼関係を築く機会を自ら台無しにしてしまったのだ。」
0x0100005200029781,313,225,Rizia/Turn 4/A_CouncilTalkAboutPales,Player_Romus,en,「あの船を送った時点で、彼は互いに理解し合う機会を自ら台無しにしてしまったのだ。」
0x0100005200029788,313,226,Rizia/Turn 4/A_CouncilTalkAboutPales,Player_Romus,en,「私は互いに理解し合うつもりはない。彼のパレス大公国を粉々に破壊してしまいたいのだ。」
0x010000520002979A,313,228,Rizia/Turn 4/A_CouncilTalkAboutPales,Player_Romus,en,「エスキベルさん、あなたのためにも、私はできるだけ交渉的に振る舞おうと思う。」
0x01000052000297A2,313,229,Rizia/Turn 4/A_CouncilTalkAboutPales,Player_Romus,en,「彼の意図が真摯なものだったかどうか、私には全く分からない。おそらく彼は依然としてリジアへの恨みを抱いているのだろう。」
0x01000052000297A9,313,230,Rizia/Turn 4/A_CouncilTalkAboutPales,Player_Romus,en,「レスピアが常に彼の背後を見張っている以上、それは難しいだろう。だが、外交的な対応を試みる。」
0x01000052000297B0,313,231,Rizia/Turn 4/A_CouncilTalkAboutPales,Player_Romus,en,「その通りだ。直接会えば、彼に譲歩してもらえるようになるはずだ。」
0x01000052000297B7,313,232,Rizia/Turn 4/A_CouncilTalkAboutPales,Laurento Esquibel,en,「その真意を知る唯一の方法は、彼と話をすることです。」
0x01000052000297BD,313,233,Rizia/Turn 4/A_CouncilTalkAboutPales,Laurento Esquibel,en,「陛下、私があなたの父上をどれほど尊敬していたかご存知でしょう。しかし陛下においては、新たな取り組みの機会があると考えております。」
0x01000052000297C5,313,234,Rizia/Turn 4/A_CouncilTalkAboutPales,Narrator,en,ラウレントは顔面が青ざめた。
0x01000052000297CC,313,235,Rizia/Turn 4/A_CouncilTalkAboutPales,Laurento Esquibel,en,「その船はまだ掘削を開始していません。おそらく、彼は掘削されるつもりがないのでしょう。」
0x01000052000297D4,313,236,Rizia/Turn 4/A_CouncilTalkAboutPales,Laurento Esquibel,en,「私も同じように確信しております。」
0x01000052000297DC,313,237,Rizia/Turn 4/A_CouncilTalkAboutPales,Laurento Esquibel,en,「陛下、我々の外交的な選択肢について話し合いましょうか。何らか特定の結果をご意向とされていますでしょうか？」
0x01000052000297E5,313,238,Rizia/Turn 4/A_CouncilTalkAboutPales,Laurento Esquibel,en,「せめて外交上の選択肢について話し合うべきではないでしょうか？陛下、何らか特定の結果をお考えでいらっしゃいますか？」
0x01000052000297F0,313,239,Rizia/Turn 4/A_CouncilTalkAboutPales,Player_Romus,en,「第三者の助けは必要ない。我々だけで解決できる。」
0x01000052000297F7,313,240,Rizia/Turn 4/A_CouncilTalkAboutPales,Player_Romus,en,「国際連盟にこの紛争の仲裁を依頼するということだろうか？」
0x01000052000297FF,313,241,Rizia/Turn 4/A_CouncilTalkAboutPales,Laurento Esquibel,en,「ヴェルナー様、忘れてはなりません。その鉱区を手放すことで失うものよりも、パレスやレスピアとより密接な同盟関係を築くことで得られる利益の方が大きいのです。」
0x0100005200029807,313,242,Rizia/Turn 4/A_CouncilTalkAboutPales,Hugo Toras,en,「一方で、エスキベルさん、それでは我々が弱いと思われてしまいます。そして外国の勢力たちがハゲタカのようにその機会に飛びついてくるでしょう。」
0x010000520002980E,313,243,Rizia/Turn 4/A_CouncilTalkAboutPales,Hugo Toras,en,「これまでにどれだけの領土を放棄してきたか、それによってどれほどの富を失ったかを考えてみてください。」
0x0100005200029815,313,244,Rizia/Turn 4/A_CouncilTalkAboutPales,Hugo Toras,en,「私は、もしこのガス田を手放せば、ヴェゼク人がジルを支配し続けるためにさらに大胆になることは間違いないと確信しております。」
0x010000520002981C,313,245,Rizia/Turn 4/A_CouncilTalkAboutPales,Player_Romus,en,「その通りだ、ウーゴ。まずパレス、次にジル、そしてこれまで？残された我が王国を必ず守らなければならない。」
0x0100005200029822,313,246,Rizia/Turn 4/A_CouncilTalkAboutPales,Narrator,en,私の叔父は無意識のうちに拳を握りしめた。
0x010000520002982B,313,247,Rizia/Turn 4/A_CouncilTalkAboutPales,Player_Romus,en,「一方で、このガス田の正当な分を取り戻すために戦えば、ズィレを取り返すために使うはずだった資源が割かれてしまうのではないか？」
0x0100005200029832,313,248,Rizia/Turn 4/A_CouncilTalkAboutPales,Player_Romus,en,「もし我々がそのガス田に対する権利を主張しているのが間違っていたらどうだろうか？パレスに譲れば、多くのトラブルを避けることができる。」
0x0100005200029839,313,249,Rizia/Turn 4/A_CouncilTalkAboutPales,Elena Werner,en,「陛下、その点は確かにごもっともです。我々は資金を非常に慎重に配分しなければなりません。」
0x0100005200029840,313,250,Rizia/Turn 4/A_CouncilTalkAboutPales,Lucita Azaro,en,「もし領土を譲るのであれば、極めて慎重に行わなければなりません。ラインハルト大公が自分の威圧策が我々に効いたと思うようにしてはなりません。」
0x0100005200029847,313,251,Rizia/Turn 4/A_CouncilTalkAboutPales,Elena Werner,en,「残念ながら、仲裁というのは費用も時間もかかる手続きです。そして、それが我々に有利な結果に終わるという保証もありません。」
0x0100005200029854,313,252,Rizia/Turn 4/A_CouncilTalkAboutPales,Laurento Esquibel,en,「その通りでございます、陛下。このような争いにおいては国際連盟の仲裁が通常の解決手段です。」
0x010000520002985A,313,253,Rizia/Turn 4/A_CouncilTalkAboutPales,Laurento Esquibel,en,「もし御身にそれができないのであれば、国際連盟に仲裁を依頼せざるを得ません。」
0x0100005200029861,313,254,Rizia/Turn 4/A_CouncilTalkAboutPales,Player_Romus,en,「第三者というのは……例えばリジア軍のようなものだろうか？」
0x0100005200029869,313,255,Rizia/Turn 4/A_CouncilTalkAboutPales,Laurento Esquibel,en,「そうですね、外交上の問題を避けるには間違いなく最も安全な方法です。」
0x0100005200029871,313,256,Rizia/Turn 4/A_CouncilTalkAboutPales,Laurento Esquibel,en,「おそらくヴェルナー様が言及されていたのは国際連盟のことでしょう。このような争議を調停するために通常呼び寄せられるのがその組織です。」
0x010000520002987A,313,257,Rizia/Turn 4/A_CouncilTalkAboutPales,Elena Werner,en,「その油田にあるガスの価値は非常に高いため、できる限り我々の所有権を守るべきだと思います。」
0x0100005200029880,313,258,Rizia/Turn 4/A_CouncilTalkAboutPales,Player_Romus,en,「ウーゴ、私もあなたと同じようにその案を好ましく思っていない。しかし父上は、王国の残りを守るために時にはその一部を犠牲にしなければならないと教えてくださったのだ。」
0x0100005200029887,313,259,Rizia/Turn 4/A_CouncilTalkAboutPales,Hugo Toras,en,「陛下、ある程度まではその通りでございます。しかし、もはや犠牲にできるものが何も残っていない場合はどうなるのでしょうか？」
0x010000520002988D,313,260,Rizia/Turn 4/A_CouncilTalkAboutPales,Player_Romus,en,「我々にはルンブルクが味方だ。ベアトリス女王も仲裁の過程を通じて必ず我々を支援してくださるだろう。」
0x0100005200029894,313,261,Rizia/Turn 4/A_CouncilTalkAboutPales,Player_Romus,en,「確かに法律は我々の側にあるようだね。おそらくこれが最も簡単な解決策だろう。」
0x010000520002989B,313,262,Rizia/Turn 4/A_CouncilTalkAboutPales,Player_Romus,en,「我々に余裕などない。そのガソムをすぐに欲しいのだ。」
0x01000052000298A2,313,263,Rizia/Turn 4/A_CouncilTalkAboutPales,Player_Romus,en,「いや、国際連盟はその官僚主義ですべてを混乱させるだけだ。私はパレス大公と直接話をしたいのだ。」
0x01000052000298A8,313,264,Rizia/Turn 4/A_CouncilTalkAboutPales,Elena Werner,en,「たとえすぐにその油田の一部を手に入れられたとしても、ガスの採掘が始まるまでにはしばらく時間がかかります。」
0x01000052000298AF,313,265,Rizia/Turn 4/A_CouncilTalkAboutPales,Elena Werner,en,「ですが、仲裁を行うにはさらに時間がかかるでしょう。」
0x01000052000298B7,313,266,Rizia/Turn 4/A_CouncilTalkAboutPales,Elena Werner,en,「一方で、もし国際連盟が我々に不利な判決を下した場合、それで最終的な結論となります。我々は自分たちの権利要求を完全に放棄せざるを得なくなるでしょう。」
0x01000052000298BE,313,267,Rizia/Turn 4/A_CouncilTalkAboutPales,Laurento Esquibel,en,「恩恵の重みと、レスピアおよびアルカシア条約機構の重みを比べれば、我々は互角に戦えるでしょう。」
0x01000052000298C8,313,268,Rizia/Turn 4/A_CouncilTalkAboutPales,Laurento Esquibel,en,「陛下、ぜひ試してみられることをお勧めいたします。」
0x010000520000B43F,313,270,Rizia/Turn 4/A_CouncilTalkAboutPales,Narrator,en,彼女はまるで声に出して考えているかのように、ゆっくりと話した。
0x01000052000298EB,313,271,Rizia/Turn 4/A_CouncilTalkAboutPales,Laurento Esquibel,en,「若いお方、正気ですか？海軍だなんて、事態をさらに悪化させることになりますよ。」
0x01000052000298FF,313,275,Rizia/Turn 4/A_CouncilTalkAboutPales,Player_Romus,en,「リジアのために、この地全体を手に入れる方法はないだろうか？」
0x0100005200029906,313,276,Rizia/Turn 4/A_CouncilTalkAboutPales,Laurento Esquibel,en,「恐れ入りますが、重大な外交的影響を招かずには済まないでしょう。」
0x010000520002990D,313,277,Rizia/Turn 4/A_CouncilTalkAboutPales,Elena Werner,en,「どの海域の境界線を見ても、その半分がパレス領内にあることは明らかです。」
0x0100005200029914,313,278,Rizia/Turn 4/A_CouncilTalkAboutPales,Elena Werner,en,「リジア石油ガス公社がその油田全体にアクセスする唯一の方法は、我々がパレスから探査権を購入することです。」
0x010000520002991B,313,279,Rizia/Turn 4/A_CouncilTalkAboutPales,Player_Romus,en,「それでは我が国のガス採掘が彼らの条件に左右されることになる。いえ、結構だ。」
0x0100005200029922,313,280,Rizia/Turn 4/A_CouncilTalkAboutPales,Player_Romus,en,「私が考えていたより費用が高くなりそうだが、確かに大きな利益が得られるだろう。その方法を検討してみよう。」
0x0100005200029929,313,281,Rizia/Turn 4/A_CouncilTalkAboutPales,Player_Romus,en,「あるいはパレスを再征服することだね。そうだろうか、アザロ女公爵？」
0x010000520002992F,313,282,Rizia/Turn 4/A_CouncilTalkAboutPales,Lucita Azaro,en,「その方法もありますが、レスピアが関与していることを忘れてはなりません。」
0x010000520002993C,313,286,Rizia/Turn 4/A_CouncilTalkAboutPales,Lucita Azaro,en,「その方法もありますが、レスピアが関与してくる可能性も考慮しなければなりません。」
0x0100005200029943,313,287,Rizia/Turn 4/A_CouncilTalkAboutPales,Lucita Azaro,en,「レスパワーがそのガス田を狙っていることは確かです。権利を手に入れたければ、彼らよりも高値で入札しなければなりません。」
0x0100005200029950,313,288,Rizia/Turn 4/A_CouncilTalkAboutPales,Laurento Esquibel,en,「リジアとパレスの関係が不安定な状態にあることを考えると、それは難しいかもしれませんね。」
0x0100005200029957,313,289,Rizia/Turn 4/A_CouncilTalkAboutPales,Laurento Esquibel,en,「その前に、陛下、リジアが信頼できるパートナーであることをラインハルト大公に納得してもらわなければなりません。」
0x0100005200029967,313,293,Rizia/Turn 4/A_CouncilTalkAboutPales,Laurento Esquibel,en,「それも可能かもしれません。陛下、ラインハルト大公は依然としてあなたの方をお父上よりも信頼しているようです。」
0x010000520002996E,313,294,Rizia/Turn 4/A_CouncilTalkAboutPales,Lucita Azaro,en,「もしレスピアがすでにその地域を狙っているのなら、パレスは我々に対して、そこへのアクセス権を得るために彼らより高値で入札するよう圧力をかけてくるかもしれません。」
0x010000520002997A,313,295,Rizia/Turn 4/A_CouncilTalkAboutPales,Narrator,en,私はルシータの顔にかすかな笑みが浮かんでいるのを見た。
0x0100005200029988,313,299,Rizia/Turn 4/A_CouncilTalkAboutPales,Lucita Azaro,en,「陛下、それが我々にとって正しい行動方針だという確信はまだ持てません。」
0x010000520002998F,313,300,Rizia/Turn 4/A_CouncilTalkAboutPales,Lucita Azaro,en,「しかし、もし陛下がパレスに対する新たな軍事行動を強行されるのであれば、私としては助言を差し上げる義務がございます。」
0x0100005200029996,313,301,Rizia/Turn 4/A_CouncilTalkAboutPales,Narrator,en,ルシータは首を振った。
0x010000520002999D,313,302,Rizia/Turn 4/A_CouncilTalkAboutPales,Lucita Azaro,en,「陛下、それが我々にとって正しい行動方針だという確信はまだ持てません。」
0x01000052000299AA,313,306,Rizia/Turn 4/A_CouncilTalkAboutPales,Lucita Azaro,en,「たとえそれによってこの紛争が大幅に簡素化されるとしてもです。」
0x01000052000299B7,313,307,Rizia/Turn 4/A_CouncilTalkAboutPales,Lucita Azaro,en,「陛下、同感です。そしてレスピアの関与も忘れてはなりません。」
0x01000052000299C2,313,311,Rizia/Turn 4/A_CouncilTalkAboutPales,Lucita Azaro,en,「陛下、同感でございます。また、レスピアが関与してくる可能性も忘れてはなりません。」
0x01000052000299D6,313,313,Rizia/Turn 4/A_CouncilTalkAboutPales,Narrator,en,ラウレントは額の汗を拭った。
0x01000052000299DE,313,314,Rizia/Turn 4/A_CouncilTalkAboutPales,Laurento Esquibel,en,「アザロ女公爵、どうか最初の直感を信じてください。攻撃的な道を進めば、ガス田へのアクセスが数ヶ月、あるいは数年も遅れる可能性があります。」
0x01000052000299E6,313,315,Rizia/Turn 4/A_CouncilTalkAboutPales,Narrator,en,ウーゴは咳払いをした。
0x01000052000299ED,313,316,Rizia/Turn 4/A_CouncilTalkAboutPales,Hugo Toras,en,「もしよろしければ、陛下。」
0x01000052000299F4,313,317,Rizia/Turn 4/A_CouncilTalkAboutPales,Hugo Toras,en,「パレスの掘削船については、まだどう対処するか決めておりません。」
0x0100005200029A02,313,318,Rizia/Turn 4/A_CouncilTalkAboutPales,Player_Romus,en,「交渉中にあの掘削船がガス田にいるという状況は好ましくない。だが、それを止める方法も見当たらない。」
0x0100005200029A09,313,319,Rizia/Turn 4/A_CouncilTalkAboutPales,Player_Romus,en,「その船舶をすぐに挑発行為だと解釈するべきではない。これは全て誤解に過ぎないかもしれない。」
0x0100005200029A10,313,320,Rizia/Turn 4/A_CouncilTalkAboutPales,Player_Romus,en,「明らかに、何か手を打たなければならない。パレス人がこのまま逃げ切ることを許してはいけない。」
0x0100005200029A24,313,321,Rizia/Turn 4/A_CouncilTalkAboutPales,Lucita Azaro,en,「陛下、私としては可能だと思います。ですが、他の評議員たちはそれを快く思わないでしょう。」
0x0100005200029A2B,313,322,Rizia/Turn 4/A_CouncilTalkAboutPales,Lucita Azaro,en,「陛下、一つ案がございます。ですが、他の評議会のメンバーたちはそれを快く思わないでしょう。」
0x0100005200029A39,313,323,Rizia/Turn 4/A_CouncilTalkAboutPales,Hugo Toras,en,「陛下、恐れ多くも申し上げますが、パレス人たちの意図は私にはっきりと分かっております。たとえラインハルト大公が交渉に応じる気持ちでいらっしゃったとしても、彼らがこの船を送ってきたのは我々を威嚇するためです。」
0x0100005200029A40,313,324,Rizia/Turn 4/A_CouncilTalkAboutPales,Lucita Azaro,en,「私の提案は、彼らに同じように威圧を返すというものです。」
0x0100005200029A4A,313,325,Rizia/Turn 4/A_CouncilTalkAboutPales,Lucita Azaro,en,「陛下のご加護により……リジア海軍がその海域を封鎖し、練習船が目的地に到達するのを防ぐことができます。」
0x0100005200029A51,313,326,Rizia/Turn 4/A_CouncilTalkAboutPales,Narrator,en,ラウレントは怒りに満ちて顔を上げた。
0x0100005200029A59,313,327,Rizia/Turn 4/A_CouncilTalkAboutPales,Player_Romus,en,「『若いお嬢さん』だと？エスキベルさん、あなたが別の世代の人間だということは理解しているが、その呼び方は全く失礼極まりない。」
0x0100005200029A60,313,328,Rizia/Turn 4/A_CouncilTalkAboutPales,Laurento Esquibel,en,「申し訳ございません、陛下。このような軽率な返答は、若さゆえの衝動に他なりません。」
0x0100005200029A67,313,329,Rizia/Turn 4/A_CouncilTalkAboutPales,Player_Romus,en,「私も同感だ。軍事的な対応は破滅的な結果を招くかもしれない。」
0x0100005200029A6E,313,330,Rizia/Turn 4/A_CouncilTalkAboutPales,Player_Romus,en,「それは奇妙な提案ではない。我々は既にパレスが国際法を違反していることを明らかにしている。」
0x0100005200029A75,313,331,Rizia/Turn 4/A_CouncilTalkAboutPales,Elena Werner,en,「実は、私の年長の友人であるアザロ女公爵なら、適切な案を出してくれるかもしれません。」
0x0100005200029A7C,313,332,Rizia/Turn 4/A_CouncilTalkAboutPales,Laurento Esquibel,en,「パレスとの緊張はすでに十分高い状態です。これでは事態がさらに悪化し、限界点に達するかもしれません。」
0x0100005200029A8A,313,336,Rizia/Turn 4/A_CouncilTalkAboutPales,Laurento Esquibel,en,「長年にわたりパレスとの和解の瀬戸口に立っていました。これでは我々の望みは打ち砕かれてしまうでしょう。」
0x0100005200029A91,313,337,Rizia/Turn 4/A_CouncilTalkAboutPales,Narrator,en,ラウレントは怒ったような表情で彼女を見た。
0x0100005200029A99,313,338,Rizia/Turn 4/A_CouncilTalkAboutPales,Elena Werner,en,「もちろん彼らの船に向けて発砲するべきではありません。ですが、封鎖を続ければ、陛下がラインハルト大公と話す機会を得るまでガス田を安全に保つことができます。」
0x0100005200029AA0,313,339,Rizia/Turn 4/A_CouncilTalkAboutPales,Elena Werner,en,「エスキベルさん、女公爵が掘削船を沈めることについて話しているわけではありません。」
0x0100005200029AA7,313,340,Rizia/Turn 4/A_CouncilTalkAboutPales,Elena Werner,en,「封鎖によって、陛下がラインハルト大公と話す機会を得るまでその地域を安全に保つことができます。」
0x0100005200029ABD,313,341,Rizia/Turn 4/A_CouncilTalkAboutPales,Narrator,en,ラウレントは怒ったような表情で彼女を見た。
0x010000520000B4D8,313,342,Rizia/Turn 4/A_CouncilTalkAboutPales,Elena Werner,en,「もし実際に仲裁交渉に入ることになった場合、アウレウス鉱区にパレスが既に進出していることで、彼らは不当な優位性を得ることになります。」
0x0100005200029AC4,313,343,Rizia/Turn 4/A_CouncilTalkAboutPales,Player_Romus,en,「それで決まりだな。我々もその鉱区から当然の分け前を手に入れられるよう、戦うチャンスを持ってほしいのだ。」
0x0100005200029ACB,313,344,Rizia/Turn 4/A_CouncilTalkAboutPales,Hugo Toras,en,「私もまた、新たな紛争に巻き込まれることを警戒しております。」
0x0100005200029AD2,313,345,Rizia/Turn 4/A_CouncilTalkAboutPales,Player_Romus,en,「それでも、事態が悪化するリスクはあまりに高すぎる。割に合わないように思える。」
0x0100005200029AD9,313,346,Rizia/Turn 4/A_CouncilTalkAboutPales,Laurento Esquibel,en,「まさにその通りでございます、陛下。」
0x0100005200029A1D,313,350,Rizia/Turn 4/A_CouncilTalkAboutPales,Player_Romus,en,「介入するのはためらわれる。もしアルカシア条約機構が報復したらどうなるだろうか？」
0x0100005200029A32,313,351,Rizia/Turn 4/A_CouncilTalkAboutPales,Lucita Azaro,en,「その船にはレスパワーの幹部たちがいるかもしれませんが、旗はパレスのものです。レスピアであれアルカシア条約機構であれ、介入することは許されないでしょう。」
0x0100005200029AE6,313,352,Rizia/Turn 4/A_CouncilTalkAboutPales,Player_Romus,en,「パレスとレスピアは文字通り我々に対して様子見をしているのだ。もし彼らがその採掘地に足を踏み入れさせたら、我々は既にそこを失ってしまうだろう。」
0x0100005200029B00,313,353,Rizia/Turn 4/A_CouncilTalkAboutPales,Hugo Toras,en,「リジアの主権を主張することが最も重要である点に、私も同意します。」
0x0100005200029B08,313,354,Rizia/Turn 4/A_CouncilTalkAboutPales,Hugo Toras,en,「特に、レスピアが関与しているという事実を考えればなおさらです。」
0x0100005200029B16,313,358,Rizia/Turn 4/A_CouncilTalkAboutPales,Hugo Toras,en,「しかし、再び紛争に巻き込まれることを警戒しております。もしパレス人たちが我々の虚勢を見抜いたらどうなるでしょうか？」
0x0100005200029B28,313,359,Rizia/Turn 4/A_CouncilTalkAboutPales,Hugo Toras,en,「はい、海軍を派遣すればリジアの主権を守るのに役立ちますが、もしパレス人たちが我々の虚勢を突いて攻めてきた場合、自国を防衛できるほどの力があるのでしょうか？」
0x0100005200029B2F,313,360,Rizia/Turn 4/A_CouncilTalkAboutPales,Lucita Azaro,en,「閣下、その点はご心配に及びません。必要であれば我が国の海軍はパレスの軍力を圧倒することができます。」
0x0100005200029B3D,313,364,Rizia/Turn 4/A_CouncilTalkAboutPales,Lucita Azaro,en,「閣下、それは確かに懸念すべき点です。我々にも優秀な海軍がいますが、万が一の場合、パレス側の火力には敵わないでしょう。」
0x0100005200029B44,313,365,Rizia/Turn 4/A_CouncilTalkAboutPales,Lucita Azaro,en,「それでも、これは軽率に決められるようなことではありません。」
0x0100005200029B4B,313,366,Rizia/Turn 4/A_CouncilTalkAboutPales,Lucita Azaro,en,「これは軽率に決定できる事柄ではありません。」
0x0100005200029B52,313,367,Rizia/Turn 4/A_CouncilTalkAboutPales,Player_Romus,en,「その影響は承知している。だが、他に選択肢がないようで恐れ入る。直ちにガス田への海上封鎖を実施する。」
0x0100005200029B52,313,367,Rizia/Turn 4/A_CouncilTalkAboutPales,Player_Romus,Menu Text en,「その意味は理解している。しかし他に選択肢がないようだ。直ちにガス田に海上封鎖を実施する。」［封鎖を命じる、権威+1］
0x0100005200029B5A,313,368,Rizia/Turn 4/A_CouncilTalkAboutPales,Player_Romus,en,「私も同感だ。慎重に行動すべきだと思う。次の手を決める前に、ラインハルト大公と会って話し合う。」
0x0100005200029B62,313,369,Rizia/Turn 4/A_CouncilTalkAboutPales,Player_Romus,en,「アザロ女公爵、あなたの策略は見抜いている。私は決して屈さない。パレスを刺激するような行動は控える。」
0x0100005200029B6A,313,370,Rizia/Turn 4/A_CouncilTalkAboutPales,Player_Romus,en,「私もまた、ラインハルト大公が法を破ったことを軽視しているわけではない。我が海軍が、リジアが脅しに屈しないことを彼に思い知らせてみせる。」
0x0100005200029B6A,313,370,Rizia/Turn 4/A_CouncilTalkAboutPales,Player_Romus,Menu Text en,「私もラインハルト大公の法違反を軽視しているわけではない。我が海軍が、リジアは脅されないことを彼に思い知らせてみせる。」 ［封鎖を命じる、権威+1］
0x0100005200029B74,313,371,Rizia/Turn 4/A_CouncilTalkAboutPales,Lucita Azaro,en,「操作だと？！私は――」
0x0100005200029B7B,313,372,Rizia/Turn 4/A_CouncilTalkAboutPales,Narrator,en,彼女は顎を強く結び、無理やり笑顔を作った。
0x010000520000BC43,313,373,Rizia/Turn 4/A_CouncilTalkAboutPales,Lucita Azaro,en,「承知いたしました、陛下。交渉の際に私がさらにお力になれる方法がございましたら、どうぞお申し付けください。」
0x0100005200029B83,313,375,Rizia/Turn 4/A_CouncilTalkAboutPales,Narrator,en,ラウレントは安堵の表情でうなずいた。
0x0100005200029B8A,313,376,Rizia/Turn 4/A_CouncilTalkAboutPales,Laurento Esquibel,en,「よろしいです、陛下。お会議の準備をすべて整えます。」
0x0100005200029B90,313,377,Rizia/Turn 4/A_CouncilTalkAboutPales,Narrator,en,ルシータはうなずいた。
0x0100005200029BA2,313,380,Rizia/Turn 4/A_CouncilTalkAboutPales,Lucita Azaro,en,「陛下、ご希望通りに。すぐに命令を出しましょう。」
0x0100005200029BA9,313,381,Rizia/Turn 4/A_CouncilTalkAboutPales,Narrator,en,ルシータはうなずいた。ラウレントとエレナは心配そうな視線を交わした。
0x0100005200029BB7,313,382,Rizia/Turn 4/A_CouncilTalkAboutPales,Narrator,en,ラウレントは微笑もうとした。
0x0100005200029BBE,313,383,Rizia/Turn 4/A_CouncilTalkAboutPales,Laurento Esquibel,en,「少なくとも、これによって交渉の雰囲気は緊張したものになるでしょう。ですが、すべてが最善の方向へ進むと信じています。」
0x0100005200029BC5,313,384,Rizia/Turn 4/A_CouncilTalkAboutPales,Elena Werner,en,「その通りです、ラウレント。我々の艦船もせいぜい数日間しかそこに留まらないでしょう。」
0x0100005200029BCC,313,385,Rizia/Turn 4/A_CouncilTalkAboutPales,Hugo Toras,en,「会議を中断し、アザロ女公爵が準備を始められるようにいたします。陛下がパレスへ向かわれる前に、海軍の配置についてお知らせいたします。」
0x0100005200029BD4,313,386,Rizia/Turn 4/A_CouncilTalkAboutPales,Lucita Azaro,en,「陛下、もしご心変わりがあれば、我々の海軍部隊は即座に待機態勢を取ります。」
0x0100005200029BDB,313,387,Rizia/Turn 4/A_CouncilTalkAboutPales,Hugo Toras,en,「彼らが必要とされないよう、聖ヴルヘックに祈っております。」
0x0100005200029BE2,313,388,Rizia/Turn 4/A_CouncilTalkAboutPales,Narrator,en,しばらくの間、静寂が続いた。
0x0100005200029BEA,313,389,Rizia/Turn 4/A_CouncilTalkAboutPales,Hugo Toras,en,「会議を中断し、エスキベル氏が準備を始められるようにいたします。陛下がパレスへ向かわれる前に、何か変更があれば必ずご報告いたします。」
0x0100005200029BF1,313,390,Rizia/Turn 4/A_CouncilTalkAboutPales,Player_Romus,en,「エスキベルさんのアドバイスに従って後悔しないことを願っている。」
0x0100005200029BF8,313,391,Rizia/Turn 4/A_CouncilTalkAboutPales,Player_Romus,en,「皆様、お時間をいただきありがとう。」
0x0100005200029BFF,313,392,Rizia/Turn 4/A_CouncilTalkAboutPales,Player_Romus,en,「私は平和的な解決が図られるものと確信している。」
0x0100005200029C06,313,393,Rizia/Turn 4/A_CouncilTalkAboutPales,Player_Romus,en,「これ以上、不快な驚きが起こらないことを願っている。」
0x0100005200029C0D,313,394,Rizia/Turn 4/A_CouncilTalkAboutPales,Hugo Toras,en,「そのような不快な驚きが二度と起こらないように致します。」
0x0100005200029C15,313,395,Rizia/Turn 4/A_CouncilTalkAboutPales,Laurento Esquibel,en,「陛下、軍事行動に出ればさらに後悔されたことでしょう。」
0x0100005200029C1D,313,396,Rizia/Turn 4/A_CouncilTalkAboutPales,Lucita Azaro,en,「陛下、幸運をお祈り申し上げます。心からそう願っております。」
0x0100005200029C26,313,397,Rizia/Turn 4/A_CouncilTalkAboutPales,Player_Romus,en,「私は平和的な解決が図られるものと完全に期待している。これは単なる予防措置に過ぎない。」
0x0100005200029C2D,313,398,Rizia/Turn 4/A_CouncilTalkAboutPales,Player_Romus,en,「このことを知ったラインハルトの顔が見てみたいものだ。」
0x0100005200029C34,313,399,Rizia/Turn 4/A_CouncilTalkAboutPales,Player_Romus,en,「提案してくださりありがとう、アザロ女公爵。あなたなら信頼できると知っていた。」
0x0100005200029C39,313,400,Rizia/Turn 4/A_CouncilTalkAboutPales,Laurento Esquibel,en,「陛下、もうすぐ彼にお会いになれます。」
0x0100005200029C40,313,401,Rizia/Turn 4/A_CouncilTalkAboutPales,Laurento Esquibel,en,「陛下、説明する必要はございません。これは陛下のご決定です。」
0x0100005200029C50,313,402,Rizia/Turn 4/A_CouncilTalkAboutPales,Lucita Azaro,en,「陛下、私はただ自分の職務を果たしているだけです。」
0x0100005200029C57,313,403,Rizia/Turn 4/A_CouncilTalkAboutPales,Narrator,en,彼女は謙虚に頭を下げた。
0x0100005200029C5F,313,404,Rizia/Turn 4/A_CouncilTalkAboutPales,Player_Romus,en,「皆様、お時間をいただきありがとう。」
0x0100005200029C66,313,405,Rizia/Turn 4/A_CouncilTalkAboutPales,Narrator,en,会議は終わりを迎えた。
0x0100005200029C6C,313,406,Rizia/Turn 4/A_CouncilTalkAboutPales,Narrator,en,私はアレス要塞で眠れない夜を過ごし、リジア海軍が目的地に到着したら何が起こるのかと考えていた。
0x01000074000079A4,313,410,Rizia/Turn 4/A_CouncilTalkAboutPales,Player_Romus,en,「状況を悪化させているのはあちら側だ。我々はただ手をこまねいているわけにはいかない。断固とした対応が必要だ。」
0x0100005200047F3C,313,414,Rizia/Turn 4/A_CouncilTalkAboutPales,Laurento Esquibel,en,「それ以来、リジアとパレスの両国は、これらの海域及びそこにある資源の所有権を様々な形で主張し続けております。」
0x0100005200011554,314,3,Rizia/Turn 4/FPnT_AlvarezCall,Narrator,en,私がパレスでラインハルト大公と会ってから一週間が経っていた。
0x0100005200012114,314,4,Rizia/Turn 4/FPnT_AlvarezCall,Narrator,en,私はアウレウス・ガス田の所有権をパレス大公国に譲渡する正式文書に署名した。エレナとパレス人の経済大臣は、探査権を購入するための契約を作成するのに忙しくしていた。
0x010000520001212E,314,11,Rizia/Turn 4/FPnT_AlvarezCall,Narrator,en,私はアウレウス・ガス田の所有権をパレス大公国に譲渡する正式文書に署名していた。報道によると、レスパワーが間もなくそのガス田の探査権を購入する予定だったのだ。
0x0100005200012135,314,12,Rizia/Turn 4/FPnT_AlvarezCall,Narrator,en,国際連盟は、アウレウス・ガス田の所有権を裁定するという我々の要請を受け入れた。予備審理が間もなく始まることになっていた。
0x0100005200012143,314,13,Rizia/Turn 4/FPnT_AlvarezCall,Narrator,en,その頃、レスピア人のアルバレス首相であるパトリシオ・アルバレスがラウレントに連絡を取り、私と話をするよう依頼してきた。
0x0100005200012159,314,14,Rizia/Turn 4/FPnT_AlvarezCall,Narrator,en,私はモンキズにある自分の宮殿でその一週間を過ごしていた。電話交渉に先立ち、ラウレントが私に状況を説明するために訪れてきた。
0x0100005200012161,314,15,Rizia/Turn 4/FPnT_AlvarezCall,Narrator,en,彼は私の机の前に進み出てお辞儀をした。
0x0100005200012168,314,16,Rizia/Turn 4/FPnT_AlvarezCall,Laurento Esquibel,en,「こんにちは、陛下。」
0x010000520001216F,314,17,Rizia/Turn 4/FPnT_AlvarezCall,Player_Romus,en,「エスキベルさん、ご健康でいらっしゃるか？」
0x0100005200012176,314,18,Rizia/Turn 4/FPnT_AlvarezCall,Player_Romus,en,「雑談している暇はない。アルバレス首相がもうすぐ電話をかけてくる。」
0x010000520001217D,314,19,Rizia/Turn 4/FPnT_AlvarezCall,Player_Romus,en,「レスピアが私に何を望んでいるのかを知らなければ、今日が良い午後かどうかも判断できない。」
0x010000520001218B,314,20,Rizia/Turn 4/FPnT_AlvarezCall,Laurento Esquibel,en,「まあ、悪くはありません。ですが、南メルコパで高まる緊張感を考えると心配になります。」
0x0100005200012192,314,21,Rizia/Turn 4/FPnT_AlvarezCall,Player_Romus,en,「私は全力を尽くして緊張を和らげる。『緩和者ロムス』と呼んでくれ。」
0x0100005200012199,314,22,Rizia/Turn 4/FPnT_AlvarezCall,Laurento Esquibel,en,「わかりました。彼について何を知りたいのですか？」
0x01000052000121A0,314,23,Rizia/Turn 4/FPnT_AlvarezCall,Laurento Esquibel,en,「その通りでございます。不適切なご挨拶をお許しください、陛下。」
0x01000052000121AD,314,24,Rizia/Turn 4/FPnT_AlvarezCall,Player_Romus,en,「爆破事件の後、スモラク大統領が依然として安全上の懸念を抱いている可能性があることは理解している。」
0x01000052000121BD,314,25,Rizia/Turn 4/FPnT_AlvarezCall,Player_Romus,en,「我々にできることは何もないのだろうか？スモラク大統領がずっとジルを握り続けるわけにはいかない。」
0x01000052000121C4,314,26,Rizia/Turn 4/FPnT_AlvarezCall,Narrator,en,彼は苦笑いを浮かべた。
0x01000052000121CB,314,27,Rizia/Turn 4/FPnT_AlvarezCall,Laurento Esquibel,en,「それはすべて陛下のご判断に委ねられているわけではありません。間もなく開催される南メルコパを巡る国際連盟の会合が、我々に何らかの明確な方向性を与えてくれることを願っています。」
0x01000052000121D3,314,28,Rizia/Turn 4/FPnT_AlvarezCall,Narrator,en,彼は自分の口ひげの端の一つをなでつけた。
0x01000052000121DA,314,29,Rizia/Turn 4/FPnT_AlvarezCall,Laurento Esquibel,en,「私は国際連盟に苦情を申し立てました。おそらくこれは間もなく開催される南メルコパ会議で取り上げられるでしょう。」
0x01000052000121F9,314,30,Rizia/Turn 4/FPnT_AlvarezCall,Laurento Esquibel,en,「とはいえ、当面はアルバレス首相のことで頭を悩ませなければなりません。」
0x0100005200012212,314,31,Rizia/Turn 4/FPnT_AlvarezCall,Player_Romus,en,「なぜ彼が電話をかけてきたと思う？」
0x010000520001221B,314,32,Rizia/Turn 4/FPnT_AlvarezCall,Player_Romus,en,「私の父上は、かつて彼と話をしたことがあるか？」
0x0100005200012221,314,33,Rizia/Turn 4/FPnT_AlvarezCall,Player_Romus,en,「彼はどの程度信頼できるのだろうか？」
0x0100005200012227,314,34,Rizia/Turn 4/FPnT_AlvarezCall,Player_Romus,en,「彼がアルコール依存症だと聞いている。」
0x010000520001224D,314,42,Rizia/Turn 4/FPnT_AlvarezCall,Laurento Esquibel,en,「ええと……パレスがガス契約を破棄したことで、彼が喜んでいるはずがありません。」
0x0100005200012254,314,43,Rizia/Turn 4/FPnT_AlvarezCall,Laurento Esquibel,en,「アルカシア条約機構に加盟して以来、我が国のエネルギー需要は急騰しております。大規模な新しいインフラ投資が行われているという噂も耳にしています。」
0x010000520001225B,314,44,Rizia/Turn 4/FPnT_AlvarezCall,Laurento Esquibel,en,「もちろん、首相自身が経営する建設会社であるアルバレス・インダストリーズも関与しています。」
0x0100005200012264,314,45,Rizia/Turn 4/FPnT_AlvarezCall,Laurento Esquibel,en,「ええと……アンの仲裁がレスピアのアウレウス・ガス田へのアクセスを遅らせていることを、彼が喜ぶはずがありません。」
0x010000520001226C,314,46,Rizia/Turn 4/FPnT_AlvarezCall,Laurento Esquibel,en,「ええと……リジアがアウレウス・ガス田の利用権を巡ってレスピアと対立しないことを、彼は喜んでいるのでしょう。」
0x0100005200012279,314,47,Rizia/Turn 4/FPnT_AlvarezCall,Laurento Esquibel,en,「いいえ。アルバレスが1949年の選挙に勝利してからわずか数ヶ月後に、陛下であるヴァレロは亡くなられました。」
0x0100005200012280,314,48,Rizia/Turn 4/FPnT_AlvarezCall,Laurento Esquibel,en,「きっと形式的な祝電は送ったでしょう。しかし私的には、あの若者のことを『おむつを履いた毒蛇』と呼んでいました。」
0x0100005200012287,314,49,Rizia/Turn 4/FPnT_AlvarezCall,Laurento Esquibel,en,「彼が政治の世界に足を踏み入れた唯一の理由が投獄を避けるためだったと考えると、どうでしょうか？」
0x010000520001228E,314,50,Rizia/Turn 4/FPnT_AlvarezCall,Laurento Esquibel,en,「仕事中に少し酒を飲まない世界の指導者というのは稀でして、たとえ大量に飲む者であっても同様です。」
0x0100005200012295,314,51,Rizia/Turn 4/FPnT_AlvarezCall,Laurento Esquibel,en,「いえ、アルバレスは自分の問題を認め、更生プログラムに参加しています。今のところは大司祭女ほど節制しているのです。」
0x010000520001229C,314,52,Rizia/Turn 4/FPnT_AlvarezCall,Laurento Esquibel,en,「彼に対してはまだ何の告発も成立していません。しかし私の考えでは、彼を信頼して自分の利益を守らせることしかできないでしょう。」
0x01000052000122DB,314,72,Rizia/Turn 4/FPnT_AlvarezCall,Laurento Esquibel,en,「アルバレス氏について、どのような質問がありましたか？」
0x01000052000122E3,314,73,Rizia/Turn 4/FPnT_AlvarezCall,Player_Romus,en,「それで十分だ。もう電話に出る準備ができた。」
0x0100005200012302,314,75,Rizia/Turn 4/FPnT_AlvarezCall,Laurento Esquibel,en,「よろしいです、陛下。その後、報告のためにお会いいたします。」
0x0100005200012309,314,76,Rizia/Turn 4/FPnT_AlvarezCall,Narrator,en,侍従が、国家元首との通話に使われる青い電話を持ってきた。
0x0100005200012310,314,77,Rizia/Turn 4/FPnT_AlvarezCall,Narrator,en,午後3時1分に、電話が鳴った。
0x0100005200012333,314,78,Rizia/Turn 4/FPnT_AlvarezCall,Patricio Alvarez (R),en,「こんにちは、ロムス王陛下。こちらはパトリシオ・アルバレスでございます。」
0x0100005200012344,314,79,Rizia/Turn 4/FPnT_AlvarezCall,Player_Romus,en,「こちらはリジアの統治者であり、王立リジア軍の司令官、ヴァレンキリス大公にしてレゼニド帝国の保護者でもある陛下、ロムス・トラスだ。」
0x010000520001234B,314,80,Rizia/Turn 4/FPnT_AlvarezCall,Player_Romus,en,「首相閣下、レスピアの様子はいかがだろうか？」
0x0100005200012352,314,81,Rizia/Turn 4/FPnT_AlvarezCall,Patricio Alvarez (R),en,「なんと長い名前でしょう。陛下の治世がその数々の称号と同じくらい長きにわたりますように。」
0x0100005200012359,314,82,Rizia/Turn 4/FPnT_AlvarezCall,Patricio Alvarez (R),en,「陛下、正直に申し上げます。」
0x0100005200012360,314,83,Rizia/Turn 4/FPnT_AlvarezCall,Player_Romus,en,「アルバレス様、お元気か？」
0x010000520001238B,314,87,Rizia/Turn 4/FPnT_AlvarezCall,Patricio Alvarez (R),en,「状況は驚くほど順調に進んでおります。」
0x0100005200012392,314,88,Rizia/Turn 4/FPnT_AlvarezCall,Patricio Alvarez (R),en,「一週間前の方が状況はずっと良かったのです。」
0x010000520001239F,314,92,Rizia/Turn 4/FPnT_AlvarezCall,Patricio Alvarez (R),en,「私とラインハルトとの間の取引は、1年間にわたって準備されてきたものです。」
0x01000052000123A6,314,93,Rizia/Turn 4/FPnT_AlvarezCall,Patricio Alvarez (R),en,「陛下、正直に申し上げます。」
0x01000052000123B1,314,97,Rizia/Turn 4/FPnT_AlvarezCall,Patricio Alvarez (R),en,「このところ、思った以上に順調にやっております。」
0x01000052000123B7,314,98,Rizia/Turn 4/FPnT_AlvarezCall,Patricio Alvarez (R),en,「一週間前の私の方がずっとましだったのです。」
0x01000052000123CF,314,99,Rizia/Turn 4/FPnT_AlvarezCall,Patricio Alvarez (R),en,「陛下、私がお電話を差し上げた理由について、何かご心当たりはございますでしょうか。」
0x01000052000123D6,314,100,Rizia/Turn 4/FPnT_AlvarezCall,Player_Romus,en,「おそらく、ガス田に関することだろうか？」
0x01000052000123E4,314,101,Rizia/Turn 4/FPnT_AlvarezCall,Player_Romus,en,「正直、全く見当がつかない。」
0x01000052000123EB,314,102,Rizia/Turn 4/FPnT_AlvarezCall,Player_Romus,en,「おそらくその理由はパレスに関連しているのだろう。」
0x01000052000123F2,314,103,Rizia/Turn 4/FPnT_AlvarezCall,Narrator,en,電話の向こう側で彼が唾を飲み込む音が聞こえた。
0x01000052000123FC,314,104,Rizia/Turn 4/FPnT_AlvarezCall,Patricio Alvarez (R),en,「陛下、あなたと過ごしたわずか一時間で、パレス大公の考えが急に変わるほどだったのですか？」
0x0100005200012403,314,105,Rizia/Turn 4/FPnT_AlvarezCall,Patricio Alvarez (R),en,「陛下、何が起こったのでしょうか？」
0x0100005200012411,314,106,Rizia/Turn 4/FPnT_AlvarezCall,Narrator,en,私は電話の向こう側で彼がため息をつく音を聞いた。
0x0100005200012418,314,107,Rizia/Turn 4/FPnT_AlvarezCall,Patricio Alvarez (R),en,「陛下、ラインハルト大公との会談の結果をお聞きして大変安心いたしました。」
0x0100005200012420,314,108,Rizia/Turn 4/FPnT_AlvarezCall,Patricio Alvarez (R),en,「リジアがパレスとのガス取引を妨害しようとするかもしれないという予感がありました。幸い、そのようなことは起きませんでした。」
0x0100005200012427,314,109,Rizia/Turn 4/FPnT_AlvarezCall,Player_Romus,en,「リジアは以前、パレスとレスピアの連合軍力に立ち向かったことがある。我々は再び同じ過ちを犯すつもりはない。」
0x010000520001242E,314,110,Rizia/Turn 4/FPnT_AlvarezCall,Player_Romus,en,「実際のところ、ラインハルト大公はあなたを裏切ろうとしたのだ。だが私は彼の申し出を断ったのよ。」
0x0100005200012435,314,111,Rizia/Turn 4/FPnT_AlvarezCall,Player_Romus,en,「あなたがアルカシア条約機構を味方につけている今、私がレスピアの計画に干渉するなんて愚かなことだ。」
0x010000520001243C,314,112,Rizia/Turn 4/FPnT_AlvarezCall,Patricio Alvarez (R),en,「まさか？それはとても興味深いですね。」
0x0100005200012443,314,113,Rizia/Turn 4/FPnT_AlvarezCall,Patricio Alvarez (R),en,「彼を拒否してくださり、またこの情報を届けてくださって感謝いたします、陛下。」
0x0100005200012456,314,114,Rizia/Turn 4/FPnT_AlvarezCall,Patricio Alvarez (R),en,「陛下、そのお考えは実に賢明です。」
0x010000520001245D,314,115,Rizia/Turn 4/FPnT_AlvarezCall,Patricio Alvarez (R),en,「陛下、あなた様は伝統にとらわれない君主だと伺っております。私どもと協力できる方法があるかもしれません。」
0x010000520001248F,314,119,Rizia/Turn 4/FPnT_AlvarezCall,Patricio Alvarez (R),en,「以前は陛下の王国に連絡を取ることをためらっていました。ですが、共に協力できる方法があるかもしれません。」
0x010000520001250F,314,120,Rizia/Turn 4/FPnT_AlvarezCall,Player_Romus,en,「どうやら彼はあなたよりも私の方を好んでいるようだね。」
0x0100005200012516,314,121,Rizia/Turn 4/FPnT_AlvarezCall,Player_Romus,en,「レスピアがアルカシア条約機構に加盟したのだ。それが我々二人にとって最後の一撃となった。」
0x010000520001251D,314,122,Rizia/Turn 4/FPnT_AlvarezCall,Player_Romus,en,「我々の方がより良い条件を提示できた。それだけのことだ。」
0x0100005200012524,314,123,Rizia/Turn 4/FPnT_AlvarezCall,Player_Romus,en,「パレスは、その地に対するリジアの正当な権利を認めている。あなたも同様にそうすべきだ。」
0x0100005200012534,314,124,Rizia/Turn 4/FPnT_AlvarezCall,Player_Romus,en,「実のところ、パレスは常にレスピアよりもリジアとの結びつきが深かったのだ。」
0x0100005200012542,314,128,Rizia/Turn 4/FPnT_AlvarezCall,Patricio Alvarez (R),en,「ふむ。」
0x010000520001254A,314,129,Rizia/Turn 4/FPnT_AlvarezCall,Patricio Alvarez (R),en,「ふむ。」
0x0100005200012551,314,130,Rizia/Turn 4/FPnT_AlvarezCall,Patricio Alvarez (R),en,「陛下、ヴェーレンに自分たちを踏みにじられることを甘受されるのですね。しかしアルカシア条約機構を気にして、リジアに必要以上のガソムを負担させているのですか？」
0x0100005200012558,314,131,Rizia/Turn 4/FPnT_AlvarezCall,Patricio Alvarez (R),en,「私は首相という役目にはまだ不慣れかもしれません。しかし、誰かが商売上の過ちを犯している時は分かります。」
0x010000520001256C,314,132,Rizia/Turn 4/FPnT_AlvarezCall,Player_Romus,en,「ジルは地域的な争いに過ぎない。私としては、超大国こそがより大きな脅威だと考えている。」
0x0100005200012575,314,133,Rizia/Turn 4/FPnT_AlvarezCall,Player_Romus,en,「パレスとの取引は既に成立している、首相閣下。もはや撤回することはできない。」
0x010000520001257D,314,134,Rizia/Turn 4/FPnT_AlvarezCall,Patricio Alvarez (R),en,「ヴェーレンがまだ我々を圧迫しているこの状況で、必要以上に天然ガスを購入し続けるなんて？」
0x0100005200012585,314,135,Rizia/Turn 4/FPnT_AlvarezCall,Player_Romus,en,「リジアのエネルギー需要は、あなた方が思っているよりも大きいのだ。」
0x01000052000125AD,314,136,Rizia/Turn 4/FPnT_AlvarezCall,Patricio Alvarez (R),en,「陛下、今のメルコパに『地方の争い』など存在しません。スモラク大統領がマレニエフ主義の影響を受けていることはご存知でしょう。」
0x01000052000125B4,314,137,Rizia/Turn 4/FPnT_AlvarezCall,Patricio Alvarez (R),en,「それは明らかな嘘です。今この瞬間も、私のエネルギー幹部たちはアウレウスフィールド内を飛行しています。」
0x01000052000125CD,314,138,Rizia/Turn 4/FPnT_AlvarezCall,Patricio Alvarez (R),en,「核兵器を製造しているのですか？私にはそうは思えません。」
0x01000052000125D4,314,139,Rizia/Turn 4/FPnT_AlvarezCall,Patricio Alvarez (R),en,「では、お伝えしましょう。」
0x01000052000125DC,314,140,Rizia/Turn 4/FPnT_AlvarezCall,Patricio Alvarez (R),en,「私はずっとジルの状況を注視してきました。この大混乱において、陛下には助けが必要だと思われます。」
0x01000052000125E4,314,141,Rizia/Turn 4/FPnT_AlvarezCall,Patricio Alvarez (R),en,「ふむ。」
0x01000052000125EA,314,142,Rizia/Turn 4/FPnT_AlvarezCall,Patricio Alvarez (R),en,「私は首相という役目にはまだ不慣れかもしれません。しかし、誰かが商売上の過ちを犯している時は分かります。」
0x01000052000125F0,314,143,Rizia/Turn 4/FPnT_AlvarezCall,Patricio Alvarez (R),en,「陛下、ヴェーレンが未だに我々を踏みにじっているこの状況で、必要のないガソムまで負担するなどとは？」
0x01000052000125FC,314,144,Rizia/Turn 4/FPnT_AlvarezCall,Patricio Alvarez (R),en,「こちらです、これまでで最も重要な石油取引を成立させようとしております。」
0x0100005200012603,314,145,Rizia/Turn 4/FPnT_AlvarezCall,Patricio Alvarez (R),en,「その後、取引相手から電話があり、国際連盟の仲裁を待たなければならないと告げられました。」
0x010000520001260A,314,146,Rizia/Turn 4/FPnT_AlvarezCall,Player_Romus,en,「リジアが戦わずにその地を明け渡すと本当に思っていたのか？」
0x0100005200012611,314,147,Rizia/Turn 4/FPnT_AlvarezCall,Player_Romus,en,「それだけで済んだのは運が良かった。ラインハルト大公は、あなたからその土地を買い上げさせようとしていたのだ。」
0x0100005200012618,314,148,Rizia/Turn 4/FPnT_AlvarezCall,Player_Romus,en,「アルバレスさん、私は単に規程を守っているだけだ。もし私がレスピアの資源の一つを要求したら、あなたも同じようにするだろう。」
0x010000520001261F,314,149,Rizia/Turn 4/FPnT_AlvarezCall,Patricio Alvarez (R),en,「そうでしたか？興味深いですね。」
0x0100005200012625,314,150,Rizia/Turn 4/FPnT_AlvarezCall,Patricio Alvarez (R),en,「陛下、あなた様は風向きを見極める賢明な王だと思っておりました。」
0x010000520001262D,314,151,Rizia/Turn 4/FPnT_AlvarezCall,Patricio Alvarez (R),en,「実は、先日彼と話した時の限りでは、彼はパレスが正当に所有すべきもののために戦うことを固く決意しております。」
0x010000520001263B,314,152,Rizia/Turn 4/FPnT_AlvarezCall,Patricio Alvarez (R),en,「それは陛下の資源ではありません。」
0x0100005200012642,314,153,Rizia/Turn 4/FPnT_AlvarezCall,Patricio Alvarez (R),en,「私の法律顧問は、そのガス田がパレス領であることを明確に証明する資料を用意しています。」
0x0100005200012649,314,154,Rizia/Turn 4/FPnT_AlvarezCall,Patricio Alvarez (R),en,「アンドルの規則についてどれだけ語ろうとも、結局は陛下のお考えと我々の意見が対立することになるでしょう。」
0x0100005200012650,314,155,Rizia/Turn 4/FPnT_AlvarezCall,Patricio Alvarez (R),en,「国際連盟において、より大きな影響力を持っているとご存じですか？」
0x0100005200012657,314,156,Rizia/Turn 4/FPnT_AlvarezCall,Player_Romus,en,「ごまかしだな。国際連盟はやむを得ずリジアの側に立つだろう。」
0x010000520001265E,314,157,Rizia/Turn 4/FPnT_AlvarezCall,Player_Romus,en,「私は負けるかもしれないことは理解している。しかし、この件においては決して譲歩しない。」
0x0100005200012665,314,158,Rizia/Turn 4/FPnT_AlvarezCall,Player_Romus,en,「もしリジアがその領土に対する権利を放棄させたいのであれば、相当な見返りを提示しなければならない。」
0x010000520001266C,314,159,Rizia/Turn 4/FPnT_AlvarezCall,Patricio Alvarez (R),en,「それは本当に間違いないのですか？百パーセント、確実なのでしょうか？」
0x0100005200012673,314,160,Rizia/Turn 4/FPnT_AlvarezCall,Patricio Alvarez (R),en,「もしそうでないのであれば、陛下に提案があります。」
0x010000520001267A,314,161,Rizia/Turn 4/FPnT_AlvarezCall,Patricio Alvarez (R),en,「陛下、『かもしれません』ではありません。多くの無駄な時間と資金を浪費した上で、あなたは必ず負けます。」
0x0100005200012681,314,162,Rizia/Turn 4/FPnT_AlvarezCall,Patricio Alvarez (R),en,「そのような事態を避けたいのであれば、私に提案があります。」
0x0100005200012688,314,163,Rizia/Turn 4/FPnT_AlvarezCall,Patricio Alvarez (R),en,「実は、陛下のご関心を引くかもしれない提案があるのです。」
0x010000520001268F,314,164,Rizia/Turn 4/FPnT_AlvarezCall,Player_Romus,en,「どのような提案だろうか？」
0x0100005200012694,314,165,Rizia/Turn 4/FPnT_AlvarezCall,Player_Romus,en,「申し訳ないが、私には興味がございません。」
0x0100005200012699,314,166,Rizia/Turn 4/FPnT_AlvarezCall,Patricio Alvarez (R),en,「正直言って、レスピア人が彼の側にいる以上、彼の主張には反論の余地がありません。」
0x01000052000126AA,314,167,Rizia/Turn 4/FPnT_AlvarezCall,Player_Romus,en,「約束はできない。だが、お話は聞く。」
0x01000052000126B3,314,168,Rizia/Turn 4/FPnT_AlvarezCall,Patricio Alvarez (R),en,「まずは私の話を最後まで聞いてください。」
0x01000052000126BA,314,169,Rizia/Turn 4/FPnT_AlvarezCall,Patricio Alvarez (R),en,「私はずっとジルの状況を注視してきました。この大混乱において、陛下には助けが必要だと思われます。」
0x01000052000126C3,314,170,Rizia/Turn 4/FPnT_AlvarezCall,Player_Romus,en,「どのような混乱か？我々の国には協定があるはずだ。」
0x01000052000126CA,314,171,Rizia/Turn 4/FPnT_AlvarezCall,Player_Romus,en,「ありがたいが、すべてをうまくコントロールしている。」
0x01000052000126D1,314,172,Rizia/Turn 4/FPnT_AlvarezCall,Player_Romus,en,「その地域が期日通りに返還されるかどうか、私としてもますます心配になってきている。」
0x01000052000126D8,314,173,Rizia/Turn 4/FPnT_AlvarezCall,Patricio Alvarez (R),en,「陛下、その通りでございます。」
0x01000052000126DF,314,174,Rizia/Turn 4/FPnT_AlvarezCall,Patricio Alvarez (R),en,「それではスモラク大統領は、先日の出来事があったにもかかわらず、予定通りにジルを返還すると約束されたのですか？」
0x01000052000126E7,314,175,Rizia/Turn 4/FPnT_AlvarezCall,Player_Romus,en,「簡単に言えば……」
0x01000052000126ED,314,176,Rizia/Turn 4/FPnT_AlvarezCall,Player_Romus,en,「ええと……はい。確かに、そうだ。」
0x01000052000126F3,314,177,Rizia/Turn 4/FPnT_AlvarezCall,Patricio Alvarez (R),en,「スモラク、あいつは狡猾な男だ。しっかりと締め付けない限り、お前の領地を取り戻すことはできません。」
0x01000052000126F9,314,178,Rizia/Turn 4/FPnT_AlvarezCall,Patricio Alvarez (R),en,「陛下、その者の言葉をお信じになったのですか？」
0x0100005200012705,314,179,Rizia/Turn 4/FPnT_AlvarezCall,Player_Romus,en,「私には既に計画がある。レスピアは関与しない。」
0x010000520001270C,314,180,Rizia/Turn 4/FPnT_AlvarezCall,Player_Romus,en,「首相閣下、介入してくださるおつもりでいらっしゃるのか？」
0x0100005200012713,314,181,Rizia/Turn 4/FPnT_AlvarezCall,Player_Romus,en,「それをどのように行うつもりか？」
0x010000520001271A,314,182,Rizia/Turn 4/FPnT_AlvarezCall,Player_Romus,en,「蜂蜜を使って虫を捕まえるもので、酢ではない。ヴェーレンとの敵対関係を悪化させるような危険は冒すつもりはない。」
0x0100005200012721,314,183,Rizia/Turn 4/FPnT_AlvarezCall,Patricio Alvarez (R),en,「私は敵対関係を望んでいるわけではありません。レスピアに側面から支援してもらうことを提案しているだけです。」
0x0100005200012727,314,184,Rizia/Turn 4/FPnT_AlvarezCall,Patricio Alvarez (R),en,「もちろんレスピア人にはそんなことはできません。ですが、我々は傍観者としてある程度の支援を提供することは可能です。」
0x010000520001272E,314,185,Rizia/Turn 4/FPnT_AlvarezCall,Patricio Alvarez (R),en,「例えば、これから開催される国際連盟の会合で陛下の代わりに発言していただくことです。」
0x010000520001273C,314,186,Rizia/Turn 4/FPnT_AlvarezCall,Patricio Alvarez (R),en,「もちろん、レスピアは直接介入することはできません。ですが、側面から何らかの支援を提供することは可能です。」
0x0100005200012744,314,187,Rizia/Turn 4/FPnT_AlvarezCall,Patricio Alvarez (R),en,「私が提案したいのは、皆で傍から力を尽くすということです。」
0x0100005200012565,314,188,Rizia/Turn 4/FPnT_AlvarezCall,Player_Romus,en,「それは大失敗などではない。ヴェーレンとリジアの間には協定があるのだ。」
0x0100005200012598,314,189,Rizia/Turn 4/FPnT_AlvarezCall,Patricio Alvarez (R),en,「スモラク大統領も、爆撃があったにもかかわらずその協定の条項を守ると約束されましたね？」
0x010000520001259E,314,190,Rizia/Turn 4/FPnT_AlvarezCall,Player_Romus,en,「簡単に言えば……」
0x01000052000125A4,314,191,Rizia/Turn 4/FPnT_AlvarezCall,Player_Romus,en,「ええと……はい。確かに、そうだ。」
0x01000052000125BB,314,192,Rizia/Turn 4/FPnT_AlvarezCall,Patricio Alvarez (R),en,「スモラク、あいつは狡猾な男だ。しっかりと締め付けない限り、お前の領地を取り戻すことはできません。」
0x01000052000125C5,314,193,Rizia/Turn 4/FPnT_AlvarezCall,Patricio Alvarez (R),en,「陛下、その者の言葉をお信じになったのですか？」
0x0100005200012755,314,197,Rizia/Turn 4/FPnT_AlvarezCall,Patricio Alvarez (R),en,「陛下、ヴェーレンに踏みにじられることも厭わないのですね。しかしアルカシア条約機構を気にして、国の必要量以上にガソムを支払っているのですか？」
0x010000520001275F,314,198,Rizia/Turn 4/FPnT_AlvarezCall,Player_Romus,en,「ありがたいが、すべてをうまくコントロールしている。」
0x0100005200012765,314,199,Rizia/Turn 4/FPnT_AlvarezCall,Player_Romus,en,「あなたには関係のないことだが、その地域が期日通りに戻ってくるかどうか、私はますます心配になっている。」
0x010000520001276D,314,200,Rizia/Turn 4/FPnT_AlvarezCall,Patricio Alvarez (R),en,「陛下、その通りでございます。」
0x0100005200012774,314,201,Rizia/Turn 4/FPnT_AlvarezCall,Patricio Alvarez (R),en,「スモラク大統領は爆撃があったにもかかわらず、陛下の合意内容を守ると約束されましたね？」
0x010000520001277E,314,202,Rizia/Turn 4/FPnT_AlvarezCall,Player_Romus,en,「私には既に計画がある。レスピアは関与しない。」
0x0100005200012784,314,203,Rizia/Turn 4/FPnT_AlvarezCall,Player_Romus,en,「首相閣下、介入してくださるおつもりでいらっしゃるのか？」
0x010000520001278A,314,204,Rizia/Turn 4/FPnT_AlvarezCall,Player_Romus,en,「それをどのように行うつもりか？」
0x0100005200012790,314,205,Rizia/Turn 4/FPnT_AlvarezCall,Player_Romus,en,「蜂蜜を使って虫を捕まえるもので、酢ではない。ヴェーレンとの敵対関係を悪化させるような危険は冒すつもりはない。」
0x0100005200012796,314,206,Rizia/Turn 4/FPnT_AlvarezCall,Patricio Alvarez (R),en,「陛下、私は敵対関係を築くつもりはございません。レスピアに間接的な支援をしてもらうことを提案しているだけです。」
0x01000052000127A1,314,207,Rizia/Turn 4/FPnT_AlvarezCall,Patricio Alvarez (R),en,「例えば、これから開催される国際連盟の会合で陛下の代わりに発言していただくことです。」
0x01000052000127A7,314,208,Rizia/Turn 4/FPnT_AlvarezCall,Patricio Alvarez (R),en,「陛下、ご計画に干渉するつもりはございません。ですが、間接的な支援を提供することは可能でございます。」
0x01000052000127AD,314,209,Rizia/Turn 4/FPnT_AlvarezCall,Patricio Alvarez (R),en,「もちろんレスピアはそんなことはできません。ですが、我々は間接的な支援を提供することは可能です。」
0x01000052000127B3,314,210,Rizia/Turn 4/FPnT_AlvarezCall,Patricio Alvarez (R),en,「もちろん、レスピアは直接介入することはできません。しかし、我々は傍観者として支援を提供することができます。」
0x01000052000127D3,314,211,Rizia/Turn 4/FPnT_AlvarezCall,Player_Romus,en,「それだけか？わずかな報酬のために、我々が得たガス田に関する権利をリジアに放棄させようというのか？」
0x01000052000127E1,314,212,Rizia/Turn 4/FPnT_AlvarezCall,Patricio Alvarez (R),en,「権利をすべて放棄する必要はないのです。」
0x01000052000127EA,314,213,Rizia/Turn 4/FPnT_AlvarezCall,Player_Romus,en,「それだけか？わずかな報酬のために、我々がガス田に対する権利を放棄しろというのか？」
0x01000052000127F5,314,214,Rizia/Turn 4/FPnT_AlvarezCall,Player_Romus,en,「残念ながら、リジアにはヴェーレンへの支援よりも天然ガスがより一層必要なのだ。」
0x0100005200012802,314,215,Rizia/Turn 4/FPnT_AlvarezCall,Player_Romus,en,「あなたは我々を説得するのに、非常に説得力のある根拠を示さなければならない。」
0x0100005200012809,314,216,Rizia/Turn 4/FPnT_AlvarezCall,Patricio Alvarez (R),en,「私は魅力的な男だ。皆がそう言っています。」
0x0100005200012810,314,217,Rizia/Turn 4/FPnT_AlvarezCall,Patricio Alvarez (R),en,「では、その両方はどうなりますか？」
0x0100005200012817,314,218,Rizia/Turn 4/FPnT_AlvarezCall,Patricio Alvarez (R),en,「仲裁の道を進み続けても得られるものよりは多いのです。」
0x010000520001281E,314,219,Rizia/Turn 4/FPnT_AlvarezCall,Patricio Alvarez (R),en,「アウレウス鉱区はパレスに明け渡し、先ほど約束した支援に加えて、探査権の4分の1を売却いたします。」
0x010000520001282C,314,220,Rizia/Turn 4/FPnT_AlvarezCall,Patricio Alvarez (R),en,「実は、これ以上に寛大に扱わせていただきます。」
0x0100005200012834,314,221,Rizia/Turn 4/FPnT_AlvarezCall,Player_Romus,en,「あなたを信頼してもいいと、どうやって確かめればいいのか？」
0x0100005200012843,314,222,Rizia/Turn 4/FPnT_AlvarezCall,Player_Romus,en,「それは侮辱だ、アルバレスさん。あの権利はそもそも我々のものだ。」
0x010000520001284A,314,223,Rizia/Turn 4/FPnT_AlvarezCall,Patricio Alvarez (R),en,「陛下、私の嘘をつく日々はもう過ぎ去りました。」
0x0100005200012850,314,224,Rizia/Turn 4/FPnT_AlvarezCall,Player_Romus,en,「完璧な証拠があると思っていれば、交渉などしない。」
0x0100005200012857,314,225,Rizia/Turn 4/FPnT_AlvarezCall,Patricio Alvarez (R),en,「陛下、我々両者ともに何か得られるように努めております。」
0x010000520001285E,314,226,Rizia/Turn 4/FPnT_AlvarezCall,Patricio Alvarez (R),en,「私が所属しているある社交クラブで、他者への奉仕の大切さを学びました。」
0x0100005200012866,314,227,Rizia/Turn 4/FPnT_AlvarezCall,Patricio Alvarez (R),en,「私が所属しているある社交クラブで、責任を果たすことの重要性を学びました。」
0x0100005200012873,314,228,Rizia/Turn 4/FPnT_AlvarezCall,Player_Romus,en,「承知した。私もお酒は飲まない。」
0x0100005200012882,314,232,Rizia/Turn 4/FPnT_AlvarezCall,Player_Romus,en,「あなたについては、私の父上の言う通りだった。」
0x010000520001289B,314,233,Rizia/Turn 4/FPnT_AlvarezCall,Patricio Alvarez (R),en,「陛下は何とおっしゃいましたか？きっと良いことだけでしょう。」
0x01000052000128A2,314,234,Rizia/Turn 4/FPnT_AlvarezCall,Patricio Alvarez (R),en,「では、我々に共通点が一つあるということですね。」
0x01000052000128A9,314,235,Rizia/Turn 4/FPnT_AlvarezCall,Player_Romus,en,「あなたは冷静かもしれないが、私の考えではあなたが態度を変えたなどとは微塵も思わない。」
0x01000052000128B2,314,236,Rizia/Turn 4/FPnT_AlvarezCall,Player_Romus,en,「あなたは、私の顧問たちが描いたような恐ろしい存在ではない。」
0x01000052000128B7,314,237,Rizia/Turn 4/FPnT_AlvarezCall,Patricio Alvarez (R),en,「陛下、私の言葉を信じなくても構いません。ただ『はい』とおっしゃっていただければ十分です。」
0x01000052000128BE,314,238,Rizia/Turn 4/FPnT_AlvarezCall,Patricio Alvarez (R),en,「しかし、私は陛下の友人になろうとしているわけではありません。ただ、陛下が恥をかくのを避けて差し上げようとしているだけです。」
0x01000052000128CC,314,239,Rizia/Turn 4/FPnT_AlvarezCall,Patricio Alvarez (R),en,「いいえ。ですが、私のことを好きでなくても構いません。『はい』と言ってくださるだけで十分です。」
0x01000052000128D3,314,240,Rizia/Turn 4/FPnT_AlvarezCall,Patricio Alvarez (R),en,「陛下、これは協力を求めるものではありません。恥を避けるための機会なのです。」
0x01000052000128DA,314,241,Rizia/Turn 4/FPnT_AlvarezCall,Player_Romus,en,「アルバレスさん、その申し出には感謝する。しかし、私が法廷であなたやパレスを打ち負かすとき、あなたの見下したような口調を忘れない。」
0x01000052000128ED,314,245,Rizia/Turn 4/FPnT_AlvarezCall,Player_Romus,en,「私は自分が何と対決しているのかをよく理解している。しかし勝っても負けても、仲裁がどのように進むのか見てみたいのだ。」
0x01000052000128F5,314,246,Rizia/Turn 4/FPnT_AlvarezCall,Player_Romus,en,「たとえ興味があったとしても、そのガス供給の条件を受け入れる余裕はない。アウレウスを手に入れる唯一の手段が仲裁だとしたら、それを受け入れるしかないのだ。」
0x01000052000128FC,314,247,Rizia/Turn 4/FPnT_AlvarezCall,Player_Romus,en,「私はいつ引き下がるべきかを知っている。ガスに関する提案は受け入れるが、ヴェーレンの件においてはあなた方の助けは必要としない。」
0x01000052000128FC,314,247,Rizia/Turn 4/FPnT_AlvarezCall,Player_Romus,Menu Text en,「いつ引き下がるべきかは分かっている。領地の4分の1という条件ならガス供給の申し出を受け入れよう。だが、ヴェーレンの件に関しては君たちの助けは不要だ。」［予算-4、将来 毎ターン エネルギー+2］
0x0100005200012903,314,248,Rizia/Turn 4/FPnT_AlvarezCall,Player_Romus,en,「わかった。ガス採掘権の25％を売ってもらい、ジルの問題も解決してくれるなら、アウレウス鉱区に対するリジアの権利主張は撤回そう。」
0x0100005200012903,314,248,Rizia/Turn 4/FPnT_AlvarezCall,Player_Romus,Menu Text en,「わかった。ガス採掘権の25％を売ってくれ、さらにジルの件でも助けてくれれば、アウレウス鉱区に対するリジアの権利要求は撤回しよう。」［予算-4、将来 毎ターン エネルギー+2］
0x010000520001290C,314,249,Rizia/Turn 4/FPnT_AlvarezCall,Patricio Alvarez (R),en,「陛下、それは陛下のご判断次第です。では取引成立といたしましょう。」
0x0100005200012912,314,250,Rizia/Turn 4/FPnT_AlvarezCall,Patricio Alvarez (R),en,「それで決まりです。」
0x0100005200012919,314,251,Rizia/Turn 4/FPnT_AlvarezCall,Patricio Alvarez (R),en,「キルートで直接会い、この合意を祝えることを楽しみにしております。例えばコーヒーを飲みながらですね。」
0x0100005200012940,314,255,Rizia/Turn 4/FPnT_AlvarezCall,Patricio Alvarez (R),en,「承知いたしました、陛下。」
0x0100005200012947,314,256,Rizia/Turn 4/FPnT_AlvarezCall,Patricio Alvarez (R),en,「キルートで会いましょう。」
0x010000520001294E,314,257,Rizia/Turn 4/FPnT_AlvarezCall,Patricio Alvarez (R),en,「陛下、攻撃的になる必要はございません。これは平和的な手続きですので。」
0x0100005200012958,314,258,Rizia/Turn 4/FPnT_AlvarezCall,Player_Romus,en,「あなたが求めていたものは手に入れた。これ以上私を持ち上げる必要はない。」
0x010000520001295F,314,259,Rizia/Turn 4/FPnT_AlvarezCall,Player_Romus,en,「首相閣下、お電話いただきありがとう。」
0x0100005200012966,314,260,Rizia/Turn 4/FPnT_AlvarezCall,Player_Romus,en,「私にはもっと強い酒をください。」
0x0100005200012977,314,262,Rizia/Turn 4/FPnT_AlvarezCall,Player_Romus,en,「首相閣下、お話しできて光栄だ。」
0x010000520001297E,314,263,Rizia/Turn 4/FPnT_AlvarezCall,Player_Romus,en,「楽しみにしております、陛下。」
0x0100005200012985,314,264,Rizia/Turn 4/FPnT_AlvarezCall,Player_Romus,en,「私もまた、地獄で会おう。」
0x010000520001298C,314,265,Rizia/Turn 4/FPnT_AlvarezCall,Player_Romus,en,「こちらに私が主導権を握っていることを忘れたか？現在、私の海軍がその地域を完全に包囲している。」
0x01000052000129A3,314,269,Rizia/Turn 4/FPnT_AlvarezCall,Patricio Alvarez (R),en,「陛下、もしやむを得ずそれを使われることになったらどのような事態が起きるのでしょうか？」
0x01000052000129AA,314,270,Rizia/Turn 4/FPnT_AlvarezCall,Patricio Alvarez (R),en,「陛下の艦船がそこに長く留まれば留まるほど、国際社会の目にはリジアの評判が悪化してしまいます。ご存知の通り、間もなく重要な国際連盟の会合が開催されます。」
0x01000052000129B8,314,271,Rizia/Turn 4/FPnT_AlvarezCall,Player_Romus,en,「あなたについては、私の父上の言う通りだった。」
0x01000052000129BE,314,272,Rizia/Turn 4/FPnT_AlvarezCall,Patricio Alvarez (R),en,「陛下は何とおっしゃいましたか？きっと良いことだけでしょう。」
0x01000052000129CA,314,273,Rizia/Turn 4/FPnT_AlvarezCall,Player_Romus,en,「あなたは冷静かもしれないが、私の考えではあなたが態度を変えたなどとは微塵も思わない。」
0x01000052000129D0,314,274,Rizia/Turn 4/FPnT_AlvarezCall,Player_Romus,en,「その会議が開催される頃には、この一連の問題がすべて解決していれば大変都合が良いだろう。」
0x01000052000129D6,314,275,Rizia/Turn 4/FPnT_AlvarezCall,Patricio Alvarez (R),en,「陛下、私の言葉を信じなくても構いません。ただ『はい』とおっしゃっていただければ十分です。」
0x0100005200012A23,314,276,Rizia/Turn 4/FPnT_AlvarezCall,Patricio Alvarez (R),en,「その点、陛下のおっしゃる通りです。ヴェーレンの状況だけでも十分混乱しているのに、さらに海軍間の対立まで加われば事態は悪化するだけでしょう。」
0x0100005200012A78,314,280,Rizia/Turn 4/FPnT_AlvarezCall,Patricio Alvarez (R),en,「ああ。もちろん、貴国の海上援軍を即座に戦場から撤退させることを期待しています。」
0x0100005200012A94,314,281,Rizia/Turn 4/FPnT_AlvarezCall,Narrator,en,我々は別れの言葉を交わし、電話を切った。
0x0100005200012A9F,314,282,Rizia/Turn 4/FPnT_AlvarezCall,Narrator,en,電話の声が切れた。
0x0100005200012AA6,314,283,Rizia/Turn 4/FPnT_AlvarezCall,Narrator,en,私はしばらくその場に座ったまま、自分が何を引き起こしてしまったのか考えていた。
0x0100005200012AB4,314,287,Rizia/Turn 4/FPnT_AlvarezCall,Narrator,en,私は法的な争いを避けることができたが、それによって何の意味があったのだろうか。
0x0100005200012ABC,314,288,Rizia/Turn 4/FPnT_AlvarezCall,Narrator,en,ラインハルト大公とアルバレス首相の考えは正しかったのだろうか。私はこの戦いに負ける運命にあったのだろうか。
0x0100005200012BA0,314,289,Rizia/Turn 4/FPnT_AlvarezCall,Patricio Alvarez (R),en,「MITZの採掘権は4か国で共有されており、そのうち2か国が同鉱山の国有化を望んでいるのは明らかなことです。」
0x0100005200012BA7,314,290,Rizia/Turn 4/FPnT_AlvarezCall,Patricio Alvarez (R),en,「陛下、もし私とあなた様がマレニエフ主義者たちに抵抗しなければ、彼らはすべてを奪ってしまうでしょう。」
0x0100005200012BB0,314,291,Rizia/Turn 4/FPnT_AlvarezCall,Player_Romus,en,「『同志』サルタナが私の死体の上を歩んででも、我々の金鉱を国有化しようとするのだ。」
0x0100005200012BB7,314,292,Rizia/Turn 4/FPnT_AlvarezCall,Player_Romus,en,「それは複雑な問題だ。鉱山はモレラ人の土地にあるが、我々はそこに何百万も投資してきた。」
0x0100005200012BBE,314,293,Rizia/Turn 4/FPnT_AlvarezCall,Player_Romus,en,「モレラの資源は十分に搾取し尽くした。アルマ・サルタナがMITZを好きなように処分して構わない。」
0x0100005200012BCC,314,294,Rizia/Turn 4/FPnT_AlvarezCall,Patricio Alvarez (R),en,「それで決まりです。我々の間に合意が成立しました。」
0x0100005200012BD3,314,295,Rizia/Turn 4/FPnT_AlvarezCall,Patricio Alvarez (R),en,「次にMITZの取締役会が開かれる際にも、そのようなお考えを再度お聞かせいただけますと幸いです。」
0x0100005200012BE2,314,296,Rizia/Turn 4/FPnT_AlvarezCall,Patricio Alvarez (R),en,「陛下、私にとってはそれほど複雑な問題ではありません。」
0x0100005200012BF0,314,297,Rizia/Turn 4/FPnT_AlvarezCall,Patricio Alvarez (R),en,「次回のMITZ理事会までには、私の考えをご理解いただけることを願っております、陛下。」
0x0100005200012BF7,314,298,Rizia/Turn 4/FPnT_AlvarezCall,Patricio Alvarez (R),en,「陛下、そこに投じられた資金や、鉱山から得られてきた収益をすべて失っても構わないのですか？」
0x0100005200012C06,314,299,Rizia/Turn 4/FPnT_AlvarezCall,Patricio Alvarez (R),en,「もしそうしなければ、私がレスピアの利益を守るために必要なことは何でも行うつもりだということをご理解いただきたい。それがリジアにとって有益かどうかは別問題です。」
0x0100005200012C15,314,300,Rizia/Turn 4/FPnT_AlvarezCall,Patricio Alvarez (R),en,「それならば、レスピアの利益を守るために私がやるべきことを行います。その結果が陛下の王国にとって有益となるかどうかは分かりません。」
0x0100005200012C3A,314,301,Rizia/Turn 4/FPnT_AlvarezCall,Patricio Alvarez (R),en,「陛下、私は国際連盟であなたのために力を尽くしてみます。ヴェーレンとのこの厄介な状況から陛下を救い出せるよう尽力します。」
0x0100005200012C41,314,302,Rizia/Turn 4/FPnT_AlvarezCall,Patricio Alvarez (R),en,「もしそう望むのであればですが。」
0x0100005200012C48,314,303,Rizia/Turn 4/FPnT_AlvarezCall,Player_Romus,en,「ああ、そう願っている。どんな手段を使ってでもご助力をお願い申し上げる。」
0x0100005200012C4F,314,304,Rizia/Turn 4/FPnT_AlvarezCall,Player_Romus,en,「ご提案いただき感謝するが、ジルの事態は既に収拾している。」
0x0100005200012C62,314,306,Rizia/Turn 4/FPnT_AlvarezCall,Player_Romus,en,「あなたがその約束を守ってくれることを願っている。」
0x0100005200012C69,314,307,Rizia/Turn 4/FPnT_AlvarezCall,Patricio Alvarez (R),en,「来月、キルートでお祝いをしましょう。コーヒーを飲みながらです。」
0x0100005200012C71,314,308,Rizia/Turn 4/FPnT_AlvarezCall,Player_Romus,en,「私にはもっと強い酒をください。」
0x0100005200012C78,314,309,Rizia/Turn 4/FPnT_AlvarezCall,Player_Romus,en,「首相閣下、とても楽しみにしている。」
0x0100005200012C7F,314,310,Rizia/Turn 4/FPnT_AlvarezCall,Player_Romus,en,「こんにちは、アルバレスさん。」
0x0100005200012CC3,314,311,Rizia/Turn 4/FPnT_AlvarezCall,Narrator,en,電話の声が切れた。
0x0100005200012CCC,314,312,Rizia/Turn 4/FPnT_AlvarezCall,Narrator,en,その後、しばらく自分の執務室に座ったままで、自分がどのような取引をしてしまったのか考えていた。
0x0100005200012CDB,314,316,Rizia/Turn 4/FPnT_AlvarezCall,Narrator,en,その後、しばらく自分の執務室にいて、レスピアの申し出を断ったことが正しい決断だったのかどうか考えていた。
0x0100005200012CE3,314,317,Rizia/Turn 4/FPnT_AlvarezCall,Player_Romus,en,「レスピア人を我々の側につけることは、ヴェーレンとの交渉の機会を損なうだけで、彼らを助けることにはならない。」
0x0100005200012CEA,314,318,Rizia/Turn 4/FPnT_AlvarezCall,Patricio Alvarez (R),en,「陛下、私は異なる意見です。レスピアを我々の味方につけることで、ヴェーレンとの交渉において弊害が生じるだけで、彼らを助けることにはなりません。」
0x0100005200012CF0,314,319,Rizia/Turn 4/FPnT_AlvarezCall,Patricio Alvarez (R),en,「パレスとの取引は中止し、レスピアに計画していた購入を行わせてください。そうすればガス採掘権の25％を陛下に売却いたします。」
0x0100005200012D12,314,320,Rizia/Turn 4/FPnT_AlvarezCall,Patricio Alvarez (R),en,「ですが、ボーナスを追加いたしましょう。」
0x0100005200012D1A,314,321,Rizia/Turn 4/FPnT_AlvarezCall,Player_Romus,en,「何か別の条件を暗に示しているのか？」
0x0100005200012D21,314,322,Rizia/Turn 4/FPnT_AlvarezCall,Player_Romus,en,「なぜラインハルト大公が、その土地を私に譲った後でもまだあなたに売ると思うのか？」
0x0100005200012D28,314,323,Rizia/Turn 4/FPnT_AlvarezCall,Patricio Alvarez (R),en,「彼には他の選択肢がないのでしょう？」
0x0100005200012D44,314,324,Rizia/Turn 4/FPnT_AlvarezCall,Patricio Alvarez (R),en,「レスピア側からは、そのようなことはありません。」
0x0100005200012D4B,314,325,Rizia/Turn 4/FPnT_AlvarezCall,Patricio Alvarez (R),en,「ラインハルトはまだほとんど十代です。あなたのもとに来たのも、彼なりのわがままの表れでした。」
0x0100005200012D52,314,326,Rizia/Turn 4/FPnT_AlvarezCall,Patricio Alvarez (R),en,「陛下、ラインハルトはまだほとんど十代に過ぎず、あなたのもとに来たのも彼なりのわがままの表れにすぎません。」
0x0100005200012D5F,314,327,Rizia/Turn 4/FPnT_AlvarezCall,Player_Romus,en,「なぜ全体の権利ではなく、その四分の一だけを受け入れなければならないのか？」
0x0100005200012D6D,314,328,Rizia/Turn 4/FPnT_AlvarezCall,Patricio Alvarez (R),en,「ラインハルト大公はまだほとんど十代に過ぎません。あなたの方を向いたのも、彼なりのわがままの表れでした。」
0x0100005200012D73,314,329,Rizia/Turn 4/FPnT_AlvarezCall,Patricio Alvarez (R),en,「今後のトラブルを避けるためです。」
0x0100005200012D84,314,330,Rizia/Turn 4/FPnT_AlvarezCall,Patricio Alvarez (R),en,「やがてラインハルトが我々のもとに戻ってくるでしょう。私は彼が戻ってきた時に、リジアが何も残さずにいかないようにするだけです。」
0x0100005200012D8B,314,331,Rizia/Turn 4/FPnT_AlvarezCall,Player_Romus,en,「あなたは実に気前が良いね。」
0x0100005200012D92,314,332,Rizia/Turn 4/FPnT_AlvarezCall,Player_Romus,en,「おっしゃる通りかもしれない。私もすでにパレスとの取引について再考し始めていた。」
0x0100005200012D99,314,333,Rizia/Turn 4/FPnT_AlvarezCall,Player_Romus,en,「これは寛大さではない。これはリジアとパレスを互いに敵対させようとする試みだ。」
0x0100005200012DC8,314,334,Rizia/Turn 4/FPnT_AlvarezCall,Patricio Alvarez (R),en,「私が所属しているある社交クラブで、他者への奉仕の大切さを学びました。」
0x0100005200012DCF,314,335,Rizia/Turn 4/FPnT_AlvarezCall,Patricio Alvarez (R),en,「陛下、我々はどちらも聡明な者同士です。子供のわがままに時間を費やす余裕はありません。」
0x0100005200012DD6,314,336,Rizia/Turn 4/FPnT_AlvarezCall,Patricio Alvarez (R),en,「陛下、再会などあり得るはずがございません。公爵が、あなた様の民がかつて彼の領土を征服しようとしたことを、そんなに簡単に忘れられるとお考えでしょうか？」
0x0100005200012DDD,314,337,Rizia/Turn 4/FPnT_AlvarezCall,Patricio Alvarez (R),en,「しかし、それは陛下次第です。ご自身の国にとって最善だとお考えなら、その約束を守ってください。」
0x0100005200012E04,314,338,Rizia/Turn 4/FPnT_AlvarezCall,Player_Romus,en,「それこそが私の考えだ。もう二度と私に連絡を取らないでくれ、アルバレスさん。」
0x0100005200012E0B,314,339,Rizia/Turn 4/FPnT_AlvarezCall,Player_Romus,en,「その申し出は大変光栄に思う。だが、私の答えはノーだ。」
0x0100005200012E16,314,340,Rizia/Turn 4/FPnT_AlvarezCall,Player_Romus,en,「ご説明はなかなか説得力がある。契約を破棄し、ガス田の権利のうちより少ない分を受け入れよう。だが、ヴェーレンの件についてはあなた方の助けは必要も欲しくもない。」
0x0100005200012E16,314,340,Rizia/Turn 4/FPnT_AlvarezCall,Player_Romus,Menu Text en,「あなたの主張は説得力がある。取引を中止し、ガス田権利のより小さな割合で満足する。しかし、ヴェーレンの件についてはあなたの助けは必要も欲しくもない。」 ［パレスのガス田の取引を取り消し、支払った予算を失う、将来 毎ターン エネルギー+2］
0x0100005200012E1D,314,341,Rizia/Turn 4/FPnT_AlvarezCall,Player_Romus,en,「おっしゃる通りだ。契約を破棄した方が我々にとって良いだろう。しかし、引き続きガス採掘権の一部と、ヴェーレン問題におけるあなた様の全面的な支援を期待している。」
0x0100005200012E1D,314,341,Rizia/Turn 4/FPnT_AlvarezCall,Player_Romus,Menu Text en,「その通りだ。契約を破棄した方が我々にとって良いだろう。しかし、引き続きガス権の一部と、ヴェーレン問題におけるあなたの全面的な支援を期待している。」 ［パレスのガス田の取引を取り消し、支払った予算を失う、将来 毎ターン エネルギー+2、外交上の支持］
0x0100005200012E24,314,342,Rizia/Turn 4/FPnT_AlvarezCall,Patricio Alvarez (R),en,「それで問題ありません、陛下。」
0x0100005200012E2B,314,343,Rizia/Turn 4/FPnT_AlvarezCall,Patricio Alvarez (R),en,「陛下、このご厚意に心より感謝申し上げます。」
0x0100005200012E32,314,344,Rizia/Turn 4/FPnT_AlvarezCall,Patricio Alvarez (R),en,「もちろんです、陛下。」
0x0100005200012E3A,314,345,Rizia/Turn 4/FPnT_AlvarezCall,Patricio Alvarez (R),en,「承知いたしました、陛下。」
0x0100005200012E40,314,346,Rizia/Turn 4/FPnT_AlvarezCall,Patricio Alvarez (R),en,「キルートで会いましょう。」
0x0100005200012E46,314,347,Rizia/Turn 4/FPnT_AlvarezCall,Patricio Alvarez (R),en,「私としては構いません。ご自身で全てを解決なさる際には、幸運を祈ります。」
0x0100005200012E4C,314,348,Rizia/Turn 4/FPnT_AlvarezCall,Player_Romus,en,「首相閣下、お電話いただきありがとう。」
0x0100005200012E52,314,349,Rizia/Turn 4/FPnT_AlvarezCall,Player_Romus,en,「楽しみにしております、陛下。」
0x0100005200012E58,314,350,Rizia/Turn 4/FPnT_AlvarezCall,Player_Romus,en,「私もまた、地獄で会おう。」
0x0100005200012E77,314,351,Rizia/Turn 4/FPnT_AlvarezCall,Player_Romus,en,「首相閣下、お電話いただきありがとう。」
0x0100005200012E7F,314,352,Rizia/Turn 4/FPnT_AlvarezCall,Player_Romus,en,「私も楽しみにしている。」
0x0100005200012E86,314,353,Rizia/Turn 4/FPnT_AlvarezCall,Player_Romus,en,「あなたが望んでいたものを手に入れた今、きっとそう思っているだろう。」
0x0100005200012E8D,314,354,Rizia/Turn 4/FPnT_AlvarezCall,Narrator,en,電話の声が切れた。
0x0100005200012E96,314,355,Rizia/Turn 4/FPnT_AlvarezCall,Narrator,en,日が傾き始めた頃、私は自分の執務室に座りながら、今回下した決断が正しかったのかどうか考えていた。
0x0100005200012EB5,314,356,Rizia/Turn 4/FPnT_AlvarezCall,Patricio Alvarez (R),en,「そして、キルートでお会いできるのを楽しみにしています。」
0x0100005200017FEB,314,365,Rizia/Turn 4/FPnT_AlvarezCall,Patricio Alvarez (R),en,「陛下、王としてもう少し礼儀正しさがあってしかるべきです。」
0x0100005200017FF2,314,366,Rizia/Turn 4/FPnT_AlvarezCall,Patricio Alvarez (R),en,「ですが、*リジア人*の王からはそうは期待できません。」
0x0100005200029C83,314,384,Rizia/Turn 4/FPnT_AlvarezCall,Laurento Esquibel,en,「予想通り、我々のルンブルク人の同盟者たちは海軍による封鎖を支持すると述べてきました。また、国際連盟の仲裁手続きの間も彼らは確実に役立ってくれるでしょう。」
0x0100005200029C8A,314,385,Rizia/Turn 4/FPnT_AlvarezCall,Laurento Esquibel,en,「しかし、モレラ国はまだ我々を支持したり非難したりしていません。デルディアも同様です。」
0x0100005200029C91,314,386,Rizia/Turn 4/FPnT_AlvarezCall,Laurento Esquibel,en,「一方、ジルの引き渡しに関する最新の進捗スケジュールをヴェーレンに求める私の要請は、何度も無視され続けています...」
0x0100005200029C9E,314,390,Rizia/Turn 4/FPnT_AlvarezCall,Laurento Esquibel,en,「我々のルンブルク人の同盟者たちは、少なくとも仲裁手続きの間は我々を支援する意向を示しています。」
0x0100005200029CA5,314,391,Rizia/Turn 4/FPnT_AlvarezCall,Laurento Esquibel,en,「ですが、モレラ国は依然としてどちらの意見も示しておりません。デルディアも同様です。」
0x0100005200029CAD,314,392,Rizia/Turn 4/FPnT_AlvarezCall,Laurento Esquibel,en,「ガス田の所有権を譲渡したことで、これからはレスピアやパレスとの関係が改善されることが期待できます。」
0x0100005200029CBF,314,396,Rizia/Turn 4/FPnT_AlvarezCall,Laurento Esquibel,en,「ですが、我々がアンタセア海の広大な地域をレスピアに管理させたことで、近隣諸国は喜んでいないようです。」
0x0100005200029CC6,314,397,Rizia/Turn 4/FPnT_AlvarezCall,Laurento Esquibel,en,「ヴェーレンは依然として、ジルの引き渡しに関する最新のスケジュールを教えてくれようとしません。ガス田を失ったことがその原因かもしれません...」
0x0100005200029CCD,314,398,Rizia/Turn 4/FPnT_AlvarezCall,Laurento Esquibel,en,「ガス取引の交渉が目前に迫った今、パレスとの関係は改善されるでしょう。」
0x0100005200029CD4,314,399,Rizia/Turn 4/FPnT_AlvarezCall,Laurento Esquibel,en,「しかし、ヴェーレンのことも忘れてはなりません。ジルの引き渡しに関する最新の進捗日時表を求めた私の要請は、何度も無視され続けています...」
0x0100005200029CE0,314,400,Rizia/Turn 4/FPnT_AlvarezCall,Laurento Esquibel,en,「さらに、モレラとデルディアも我々からエネルギーを購入したいという意向を示しております。」
0x0100005200029CE8,314,401,Rizia/Turn 4/FPnT_AlvarezCall,Player_Romus,en,「ヴェーレンなどどうでもいい。もし彼らがジルを返してくれないのなら、力ずくで奪ってしまえばいいのだ。」
0x0100005200029CF0,314,402,Rizia/Turn 4/FPnT_AlvarezCall,Laurento Esquibel,en,「陛下、どうか忍耐なさるようお勧め申し上げます。」
0x0100005200029CF7,314,403,Rizia/Turn 4/FPnT_AlvarezCall,Laurento Esquibel,en,「私は国際連盟に苦情を申し立てました。おそらくこれは間もなく開催される南メルコパ会議で取り上げられるでしょう。」
0x0100005200029D01,314,404,Rizia/Turn 4/FPnT_AlvarezCall,Laurento Esquibel,en,「私としては、彼に好意的な解釈を与えたいと思います。しかし、何の返答もないというのは非常に心配です。」
0x0100005200029D09,314,405,Rizia/Turn 4/FPnT_AlvarezCall,Patricio Alvarez (R),en,「それが君主であるということなのですか？決断を下し、その結果は気にしないと？」
0x0100005200029D10,314,406,Rizia/Turn 4/FPnT_AlvarezCall,Patricio Alvarez (R),en,「陛下、そのお疑いは正しいのです。」
0x0100005200029D17,314,407,Rizia/Turn 4/FPnT_AlvarezCall,Patricio Alvarez (R),en,「陛下、そのお考えは正しいです。」
0x0100005200029D1E,314,408,Rizia/Turn 4/FPnT_AlvarezCall,Patricio Alvarez (R),en,「陛下、アウレウス・ガス田がいかに広大かは我々二人ともよく知っております。レスピアにはその全量は決して必要ありません。」
0x0100005200029D26,314,409,Rizia/Turn 4/FPnT_AlvarezCall,Patricio Alvarez (R),en,「もし契約を結んだらどうでしょうか？パレスから購入する権利の25％を陛下にお売りします。」
0x0100005200029D2D,314,410,Rizia/Turn 4/FPnT_AlvarezCall,Player_Romus,en,「私はそれを信じない、首相さん。何か裏があるのだろう？」
0x0100005200029D34,314,411,Rizia/Turn 4/FPnT_AlvarezCall,Player_Romus,en,「なぜ私がアウレウス鉱床に関わりたいと思うのか？」
0x0100005200029D3B,314,412,Rizia/Turn 4/FPnT_AlvarezCall,Player_Romus,en,「もし私がその油田からガスを欲しければ、パレスから直接購入するだけだ。」
0x0100005200029D42,314,413,Rizia/Turn 4/FPnT_AlvarezCall,Player_Romus,en,「興味がある。もっと詳しく聞かせてくれ。」
0x0100005200029D4F,314,417,Rizia/Turn 4/FPnT_AlvarezCall,Patricio Alvarez (R),en,「それは違います。実は、ラインハルト大公が陛下を嫌っていることを私は知っております。」
0x0100005200029D56,314,418,Rizia/Turn 4/FPnT_AlvarezCall,Patricio Alvarez (R),en,「そういうわけにはいきません。今ではレスピアがその油田全体の権利を握っております。」
0x0100005200029D5D,314,419,Rizia/Turn 4/FPnT_AlvarezCall,Patricio Alvarez (R),en,「幸いなことに、私はリジアについてそのような懸念を抱いておりません。」
0x0100005200029D64,314,420,Rizia/Turn 4/FPnT_AlvarezCall,Patricio Alvarez (R),en,「それを手に入れたい者は、誰であってもまず我々の許可を得なければなりません。」
0x0100005200029D6B,314,421,Rizia/Turn 4/FPnT_AlvarezCall,Patricio Alvarez (R),en,「陛下、何の問題もございません。」
0x0100005200029D72,314,422,Rizia/Turn 4/FPnT_AlvarezCall,Patricio Alvarez (R),en,「私が所属しているある社交クラブで、他者への奉仕の大切さを学びました。」
0x0100005200029D7F,314,426,Rizia/Turn 4/FPnT_AlvarezCall,Player_Romus,en,「若かりし頃、彼らは私にあのクラブに入るよう強く勧めてきたが、私は断った。」
0x0100005200029D86,314,427,Rizia/Turn 4/FPnT_AlvarezCall,Player_Romus,en,「承知した。私も酒は飲まない。」
0x0100005200029D93,314,431,Rizia/Turn 4/FPnT_AlvarezCall,Player_Romus,en,「それは良いことだ。しかし、あなたが純粋な善意からそんなに大きな賭け金を提供するとは、やはり信じられない。」
0x0100005200029D9A,314,432,Rizia/Turn 4/FPnT_AlvarezCall,Player_Romus,en,「私は、あなたの信念があなたに導きを与えていることを嬉しく思う。それは私にも同じように役立っているからだ。」
0x0100005200029DA0,314,433,Rizia/Turn 4/FPnT_AlvarezCall,Patricio Alvarez (R),en,「驚くべきことですね？まるで窓の霧を払いのけて、ようやく外が見えるようなものです。」
0x0100005200029DA7,314,434,Rizia/Turn 4/FPnT_AlvarezCall,Patricio Alvarez (R),en,「陛下、まさに驚くべきことです。まるで窓の霧を払いのけてようやく外が見えるような気分です。」
0x0100005200029DAE,314,435,Rizia/Turn 4/FPnT_AlvarezCall,Patricio Alvarez (R),en,「信じられなくても、これが私の申し出です。」
0x0100005200029DB5,314,436,Rizia/Turn 4/FPnT_AlvarezCall,Patricio Alvarez (R),en,「遠慮なさっても無駄です、陛下。」
0x0100005200029DBC,314,437,Rizia/Turn 4/FPnT_AlvarezCall,Patricio Alvarez (R),en,「メルコパのあらゆる国がそのガスを少しでも手に入れようと必死です。たとえ田園地帯の25％だけでも、陛下に莫大な力をもたらすでしょう。」
0x0100005200029DC3,314,438,Rizia/Turn 4/FPnT_AlvarezCall,Patricio Alvarez (R),en,「実のところ、語るべきことはそれほど多くありません。」
0x0100005200029DCA,314,439,Rizia/Turn 4/FPnT_AlvarezCall,Patricio Alvarez (R),en,「私が所属しているある社交クラブで、他者への奉仕の大切さを学びました。」
0x0100005200029DDD,314,440,Rizia/Turn 4/FPnT_AlvarezCall,Patricio Alvarez (R),en,「私が話しているのは宗教のことではありません。ですが、もう構いません。」
0x0100005200029DE9,314,442,Rizia/Turn 4/FPnT_AlvarezCall,Patricio Alvarez (R),en,「私の考えでは、リジアとレスピアがより一層密接に結びつく時が来ているのです。」
0x0100005200029DF1,314,443,Rizia/Turn 4/FPnT_AlvarezCall,Patricio Alvarez (R),en,「やっとこさ、リジアとレスピアがより密接に結びつく時が来たと感じております。」
0x0100005200029DF9,314,444,Rizia/Turn 4/FPnT_AlvarezCall,Player_Romus,en,「あなたの突然の気前の良さが、私には依然として理解できない。」
0x0100005200029E06,314,445,Rizia/Turn 4/FPnT_AlvarezCall,Patricio Alvarez (R),en,「簡単なことです、陛下。」
0x0100005200029E10,314,446,Rizia/Turn 4/FPnT_AlvarezCall,Player_Romus,en,「おそらく、我々は少し性急にそれを譲ってしまったようだ。」
0x0100005200029E18,314,447,Rizia/Turn 4/FPnT_AlvarezCall,Player_Romus,en,「たとえそうなったとしても、依然としてパレスに従属し続けることになるから。」
0x0100005200029E1F,314,448,Rizia/Turn 4/FPnT_AlvarezCall,Patricio Alvarez (R),en,「陛下、パレスのことは後回しにしましょう。」
0x0100005200029E27,314,449,Rizia/Turn 4/FPnT_AlvarezCall,Patricio Alvarez (R),en,「逆です、陛下。これが最善の結果なのです。」
0x0100005200029E30,314,450,Rizia/Turn 4/FPnT_AlvarezCall,Player_Romus,en,「ああ、リジアにはあなたに対する懸念がある。」
0x0100005200029E3D,314,451,Rizia/Turn 4/FPnT_AlvarezCall,Patricio Alvarez (R),en,「しかし、陛下、なぜでしょうか？」
0x0100005200029E45,314,452,Rizia/Turn 4/FPnT_AlvarezCall,Player_Romus,en,「では、レスピアはリジアとより密接な提携を望んでいるのか？」
0x0100005200029E4D,314,453,Rizia/Turn 4/FPnT_AlvarezCall,Patricio Alvarez (R),en,「それがそんなに奇妙なことでしょうか？」
0x0100005200029E59,314,454,Rizia/Turn 4/FPnT_AlvarezCall,Patricio Alvarez (R),en,「陛下、我々が直面している状況をご覧ください。あらゆる方向からマレニエフ主義の勢力が迫ってきています。」
0x0100005200029E61,314,455,Rizia/Turn 4/FPnT_AlvarezCall,Player_Romus,en,「モレラが東方に目を向けていることも私を心配させる。」
0x0100005200029E68,314,456,Rizia/Turn 4/FPnT_AlvarezCall,Player_Romus,en,「あなたの言う通りだ。我々には意見の違いがあるが、どちらもメルコパが社会主義帝国に変わることを望んでいない。」
0x0100005200029E6F,314,457,Rizia/Turn 4/FPnT_AlvarezCall,Player_Romus,en,「私にとって、マレニエフ主義とアルカシア人の自由主義は同じ硬貨の表裏に過ぎない。」
0x0100005200029E76,314,458,Rizia/Turn 4/FPnT_AlvarezCall,Player_Romus,en,「私を夜も眠れなくさせているのは、マレニエフ主義の亡霊ではなく、あなたのような資本主義のハゲタカどもだ。」
0x0100005200029E7C,314,459,Rizia/Turn 4/FPnT_AlvarezCall,Patricio Alvarez (R),en,「こちらのレスピアでも、我々は厳密な意味でのアルカシア人リベラル派ではありません。」
0x0100005200029E84,314,460,Rizia/Turn 4/FPnT_AlvarezCall,Patricio Alvarez (R),en,「うむ……しかし、モレラの新しい首相は我々双方にとって悪材料であることには同意していただけますよね。」
0x0100005200029E96,314,462,Rizia/Turn 4/FPnT_AlvarezCall,Patricio Alvarez (R),en,「とにかく、モレラの新しい首相は我々両者にとって悪い知らせだと、陛下もご同意くださるでしょう。」
0x0100005200029E9D,314,463,Rizia/Turn 4/FPnT_AlvarezCall,Patricio Alvarez (R),en,「もちろんでございます、陛下。」
0x0100005200029EA4,314,464,Rizia/Turn 4/FPnT_AlvarezCall,Patricio Alvarez (R),en,「私としても、モレラの新しい首相は我々双方にとって悪い知らせだとお考えでしょう。」
0x0100005200029EAB,314,465,Rizia/Turn 4/FPnT_AlvarezCall,Patricio Alvarez (R),en,「その通りでございます、陛下。彼らの新しい首相であるサルタナは、我々双方にとって悪い知らせです。」
0x0100005200029EB2,314,466,Rizia/Turn 4/FPnT_AlvarezCall,Patricio Alvarez (R),en,「自分がヴァルグスランドの後ろ盾を持っているからといって、都合の良い嘘をつき、汚染や人権問題などという大げさな主張をして威張り散らすなんて…」
0x0100005200029EBC,314,467,Rizia/Turn 4/FPnT_AlvarezCall,Player_Romus,en,「メフティエム国際貿易区の国有化を巡る議論だね。確かに、まったくの無意味な話だと私も思う。」
0x0100005200029ECA,314,468,Rizia/Turn 4/FPnT_AlvarezCall,Player_Romus,en,「首相閣下、この件について我々の考えが一するるかどうかは分からない。」
0x0100005200029ED1,314,469,Rizia/Turn 4/FPnT_AlvarezCall,Player_Romus,en,「アルバレスさん、これはガス田と何の関係があるのだろうか？」
0x0100005200029ED8,314,470,Rizia/Turn 4/FPnT_AlvarezCall,Patricio Alvarez (R),en,「その通りです！」
0x0100005200029EDF,314,471,Rizia/Turn 4/FPnT_AlvarezCall,Patricio Alvarez (R),en,「我々はアウレウスと同じ側にいます。ここでも団結して行動しなければなりません。」
0x0100005200029EE6,314,472,Rizia/Turn 4/FPnT_AlvarezCall,Patricio Alvarez (R),en,「ええ、そうすべきでしょう。」
0x0100005200029EFF,314,473,Rizia/Turn 4/FPnT_AlvarezCall,Player_Romus,en,「ああ、これこそ私が探していた隠された動機だね。」
0x0100005200029F07,314,474,Rizia/Turn 4/FPnT_AlvarezCall,Player_Romus,en,「もちろんだ、アルバレス様。そのガス提供のお申し出も受け入れる。」
0x0100005200029F07,314,474,Rizia/Turn 4/FPnT_AlvarezCall,Player_Romus,Menu Text en,「もちろんだ、アルバレスさん。そのガスの申し出も受け入れる。」［予算-3、将来 毎ターン エネルギー+2］
0x0100005200029F0E,314,475,Rizia/Turn 4/FPnT_AlvarezCall,Patricio Alvarez (R),en,「陛下、あなたが賢明な方であることは存じておりました。」
0x0100005200029F16,314,476,Rizia/Turn 4/FPnT_AlvarezCall,Patricio Alvarez (R),en,「それは別の動機などではありません。単に事実を明らかにしているだけです。」
0x0100005200029F24,314,477,Rizia/Turn 4/FPnT_AlvarezCall,Player_Romus,en,「もし私がそうしなかったらどうなるのか？」
0x0100005200029F2C,314,478,Rizia/Turn 4/FPnT_AlvarezCall,Player_Romus,en,「おそらくそうするかもしれないし、そうしないかもしれない。」
0x0100005200029F45,314,479,Rizia/Turn 4/FPnT_AlvarezCall,Patricio Alvarez (R),en,「そうですか？私が聞いた話とは違いますが、ご自由になさってください。」
0x0100005200029F4C,314,480,Rizia/Turn 4/FPnT_AlvarezCall,Patricio Alvarez (R),en,「喜んでお手伝いいたします、陛下。」
0x0100005200029F5C,314,481,Rizia/Turn 4/FPnT_AlvarezCall,Patricio Alvarez (R),en,「パレス産のガスを使って一緒に大金を稼げることを楽しみにしています。」
0x0100005200029F65,314,482,Rizia/Turn 4/FPnT_AlvarezCall,Player_Romus,en,「素晴らしい。これが新たな時代の始まりとなるかもしれない。」
0x0100005200029F6C,314,483,Rizia/Turn 4/FPnT_AlvarezCall,Patricio Alvarez (R),en,「我々レスピア人が最も大切にするものは、長期的な約束事です。」
0x0100005200029F73,314,484,Rizia/Turn 4/FPnT_AlvarezCall,Patricio Alvarez (R),en,「そのように願っております、陛下。」
0x0100005200029F7A,314,485,Rizia/Turn 4/FPnT_AlvarezCall,Player_Romus,en,「『豊かになる』というのは少し大げさかもしれないね。」
0x0100005200029F81,314,486,Rizia/Turn 4/FPnT_AlvarezCall,Patricio Alvarez (R),en,「天然ガスこそが未来ですよね？たとえわずかでも、ないよりはましでしょう。」
0x0100005200029FE5,314,487,Rizia/Turn 4/FPnT_AlvarezCall,Player_Romus,en,「ああ、合意に至った。だがMITZについては何の約束もしない。」
0x0100005200029FE5,314,487,Rizia/Turn 4/FPnT_AlvarezCall,Player_Romus,Menu Text en,「そうだ。だが、MITZに関しては何の約束もしない。」［予算-3、将来 毎ターン エネルギー+2］
0x0100005200029FEF,314,488,Rizia/Turn 4/FPnT_AlvarezCall,Patricio Alvarez (R),en,「なるほど、その通りです。」
0x0100005200029FFD,314,489,Rizia/Turn 4/FPnT_AlvarezCall,Patricio Alvarez (R),en,「くそっ、国際連盟にでもあなたのために頼んでみましょう。陛下がヴェーレンとのこの厄介な状況から抜け出せるよう手助けしてください。」
0x010000520002A003,314,490,Rizia/Turn 4/FPnT_AlvarezCall,Patricio Alvarez (R),en,「もしそう望むのであればですが。」
0x010000520002A009,314,491,Rizia/Turn 4/FPnT_AlvarezCall,Player_Romus,en,「ああ、そう願っている。どんな手段を使ってでもご助力をお願い申し上げる。」
0x010000520002A00F,314,492,Rizia/Turn 4/FPnT_AlvarezCall,Player_Romus,en,「ご提案いただき感謝するが、ジルの事態は既に収拾している。」
0x010000520002A024,314,495,Rizia/Turn 4/FPnT_AlvarezCall,Patricio Alvarez (R),en,「陛下は実に賢明な方です。」
0x010000520002A02A,314,496,Rizia/Turn 4/FPnT_AlvarezCall,Patricio Alvarez (R),en,「あのスモラク大統領はウナギのような奴だ。しっかりと締め付けない限り、望むものは手に入らないぞ。」
0x010000520002A032,314,497,Rizia/Turn 4/FPnT_AlvarezCall,Patricio Alvarez (R),en,「私が聞いたのはそうではありませんでした。ですが、陛下のご判断に従います。」
0x010000520002A038,314,498,Rizia/Turn 4/FPnT_AlvarezCall,Patricio Alvarez (R),en,「あのスモラク大統領はウナギのような奴だ。しっかりと締め付けない限り、望むものは手に入らないぞ。」
0x010000520002A040,314,499,Rizia/Turn 4/FPnT_AlvarezCall,Patricio Alvarez (R),en,「ともあれ、取引が成立して嬉しいです。来月、キルートでコーヒーを飲みながら祝いましょう。」
0x010000520002A046,314,500,Rizia/Turn 4/FPnT_AlvarezCall,Player_Romus,en,「私にはもっと強い酒をください。」
0x010000520002A04C,314,501,Rizia/Turn 4/FPnT_AlvarezCall,Player_Romus,en,「首相閣下、とても楽しみにしている。」
0x010000520002A052,314,502,Rizia/Turn 4/FPnT_AlvarezCall,Player_Romus,en,「こんにちは、アルバレスさん。」
0x010000520002A066,314,504,Rizia/Turn 4/FPnT_AlvarezCall,Patricio Alvarez (R),en,「国際連盟の会議が終わり次第、すぐに契約を締結いたします。」
0x010000520002A06D,314,505,Rizia/Turn 4/FPnT_AlvarezCall,Patricio Alvarez (R),en,「陛下、直接お会いして祝杯を挙げられるのを楽しみにしております。コーヒーを飲みながらです。」
0x010000520002A1AB,314,506,Rizia/Turn 4/FPnT_AlvarezCall,Player_Romus,en,「それで、ヴェーレンへの支援の申し出は？まだ有効なのか？」
0x010000520002A1B2,314,507,Rizia/Turn 4/FPnT_AlvarezCall,Patricio Alvarez (R),en,「もちろんです、陛下。」
0x010000520002A1B9,314,508,Rizia/Turn 4/FPnT_AlvarezCall,Player_Romus,en,「よろしい。リジア海軍とその地域に対する我々の権利を両方引き下げ、代わりにガス採掘権の25パーセントを得ることにする。」
0x010000520002A1B9,314,508,Rizia/Turn 4/FPnT_AlvarezCall,Player_Romus,Menu Text en,「わかった。ガス採掘権の25パーセントと引き換えに、リジア海軍およびその鉱区に対する我々の権利を両方撤退させる。」［予算-4、将来 毎ターン エネルギー+2］
0x010000520002A1C1,314,509,Rizia/Turn 4/FPnT_AlvarezCall,Player_Romus,en,「アルバレスさん、私はそう簡単には譲らない。仲裁の手続きを進めるし、私の海軍もその場に留まり続ける。」
0x010000520002A1CD,314,510,Rizia/Turn 4/FPnT_AlvarezCall,Patricio Alvarez (R),en,「陛下、実に素晴らしいです。我々双方の大きな苦労を省いてくださったのですね。」
0x010000520002A1D5,314,511,Rizia/Turn 4/FPnT_AlvarezCall,Patricio Alvarez (R),en,「それは残念でございます、陛下。」
0x010000520002A1DC,314,512,Rizia/Turn 4/FPnT_AlvarezCall,Patricio Alvarez (R),en,「我々にはこれから長い戦いが待っています。」
0x010000520002A1E3,314,513,Rizia/Turn 4/FPnT_AlvarezCall,Player_Romus,en,「私が確信している、リジアが必ず勝つ戦いだ。」
0x010000520002A1EA,314,514,Rizia/Turn 4/FPnT_AlvarezCall,Player_Romus,en,「『我々』だと？これはパレスの戦いであり、あなた方のものではない。」
0x010000520002A1F1,314,515,Rizia/Turn 4/FPnT_AlvarezCall,Player_Romus,en,「私は、秩序ある平和的な法的手続きが行われることを願っている。」
0x010000520002A1F8,314,516,Rizia/Turn 4/FPnT_AlvarezCall,Patricio Alvarez (R),en,「陛下、その問題を解決するのに役立つのは何かご存知ですか？陛下の軍隊を撤退させることです。」
0x010000520002A1FF,314,517,Rizia/Turn 4/FPnT_AlvarezCall,Patricio Alvarez (R),en,「しかし、陛下のご決断は尊重いたします。」
0x010000520002A207,314,518,Rizia/Turn 4/FPnT_AlvarezCall,Patricio Alvarez (R),en,「陛下、その通りでございます。レスピアは直接介入しません。」
0x010000520002A20E,314,519,Rizia/Turn 4/FPnT_AlvarezCall,Patricio Alvarez (R),en,「とりあえずのことです。」
0x010000520002A216,314,520,Rizia/Turn 4/FPnT_AlvarezCall,Patricio Alvarez (R),en,「ああ、王としての確信を持てるなんて。」
0x010000520002A21D,314,521,Rizia/Turn 4/FPnT_AlvarezCall,Patricio Alvarez (R),en,「陛下、お父上もまたリジアがパレスを再び取り戻せると確信していらしたと伺いました。そちらでは一体何があったのでしょうか？」
0x0100008E0000310A,314,524,Rizia/Turn 4/FPnT_AlvarezCall,Player_Romus,en,「その案には拒否的ではないが、あなたが何を考えているのかもっと知りたい。」
0x0100008E00003110,314,525,Rizia/Turn 4/FPnT_AlvarezCall,Patricio Alvarez (R),en,「陛下、私が素晴らしくて双方に利益をもたらす案でお手伝いさせてください。」
0x01000052000472CD,314,541,Rizia/Turn 4/FPnT_AlvarezCall,Player_Romus,en,「私はレスピアとは一切関わりたくない。たとえそれがアウレウス鉱床へのアクセスを放棄することを意味してもだ。」
0x01000052000472D4,314,542,Rizia/Turn 4/FPnT_AlvarezCall,Patricio Alvarez (R),en,「お好きになさってください。私はただ親切にしようとしただけです。」
0x01000052000472E0,314,544,Rizia/Turn 4/FPnT_AlvarezCall,Patricio Alvarez (R),en,「キルートで会いましょう。」
0x01000052000472E9,314,545,Rizia/Turn 4/FPnT_AlvarezCall,Player_Romus,en,「お電話をいただき、ありがとう。」
0x0100008E00006E59,314,550,Rizia/Turn 4/FPnT_AlvarezCall,Player_Romus,en,「現時点ではこのような財政的約束をすることはできない。我々の行動計画に変更はない。」
0x010000BE00004361,314,551,Rizia/Turn 4/FPnT_AlvarezCall,Laurento Esquibel,en,「メフティエム国際貿易区における我々の共通の利益という問題もあります。彼はまた、モレラの国有化の意図についても承知しているはずです。」
0x010000BE00004374,314,552,Rizia/Turn 4/FPnT_AlvarezCall,Patricio Alvarez (R),en,「お察ししますが、彼があなた様にインフラ整備の費用を負担させたのでしょう。その多額の資金は、何年も経っても成果が見えないか、全く結果が出ないだけです。」
0x010000BE0000437B,314,553,Rizia/Turn 4/FPnT_AlvarezCall,Player_Romus,en,「あなたの案では、油田から得られるガスの量は減るけど、パイプラインは無料になるということか？」
0x010000BE00004382,314,554,Rizia/Turn 4/FPnT_AlvarezCall,Patricio Alvarez (R),en,「その通りです。もしアウレウスが結局役に立たないものであったとしても、一切損失は出ません。」
0x010000BE0000438A,314,555,Rizia/Turn 4/FPnT_AlvarezCall,Patricio Alvarez (R),en,「そしてレスパワーが、アウレウスからリジアの玄関先までそのガスを運ぶために必要なあらゆるインフラ建設費用を負担することになります。」
0x010000BE000043A4,314,560,Rizia/Turn 4/FPnT_AlvarezCall,Patricio Alvarez (R),en,「たとえ権利があるとしても、それを守り実行するには多大な代償がかかるでしょう、陛下。」
0x010000BE000043AB,314,561,Rizia/Turn 4/FPnT_AlvarezCall,Patricio Alvarez (R),en,「私が言うのは金銭だけを指すわけではありません。資源を欲しがる君主国が最も近い隣国と衝突するなど……陛下、リジアにそんな姿を望むのですか？」
0x010000BE000043BA,314,564,Rizia/Turn 4/FPnT_AlvarezCall,Player_Romus,en,「この混乱を引き起こしたのはラインハルトだ。我々がただ彼に屈するだけでいいというのか？」
0x010000BE000043C1,314,565,Rizia/Turn 4/FPnT_AlvarezCall,Patricio Alvarez (R),en,「陛下、あなた様が調停者として称賛される一方で、この取引から利益も得られます。もし私が陛下の立場なら、ぜひそうします。」
0x010000BE000043C8,314,566,Rizia/Turn 4/FPnT_AlvarezCall,Patricio Alvarez (R),en,「我々はここでは同じ側にいます。MITZにおける我々のパートナーシップを忘れないでください。」
0x010000BE000043D3,314,567,Rizia/Turn 4/FPnT_AlvarezCall,Patricio Alvarez (R),en,「陛下、資源を奪おうとする者がいることを心配されていますが、その犯人は近隣のサルタナ様以外に考えられません。」
0x010000BE000043DA,314,568,Rizia/Turn 4/FPnT_AlvarezCall,Player_Romus,en,「メフティエム国際貿易区の国有化を巡る議論だね。確かに、まったくの無意味な話だと私も思う。」
0x010000BE000043E0,314,569,Rizia/Turn 4/FPnT_AlvarezCall,Player_Romus,en,「首相閣下、この件について我々の考えが一するるかどうかは分からない。」
0x010000BE000043E6,314,570,Rizia/Turn 4/FPnT_AlvarezCall,Player_Romus,en,「それは全く別の話題だ。我々はガス田について話していたのだ。」
0x010000BE000043EC,314,571,Rizia/Turn 4/FPnT_AlvarezCall,Patricio Alvarez (R),en,「その通りです！もしリジアとレスピアが共産主義者たちに抵抗しなければ、彼らはすべてを奪ってしまうでしょう。」
0x010000BE000043F2,314,572,Rizia/Turn 4/FPnT_AlvarezCall,Patricio Alvarez (R),en,「資源は資源です。陛下、リジアの時間や労力は、手に入れているものを守るために使う方が、得られないものを追い求めるよりも適切でしょう。」
0x010000BE000043F8,314,573,Rizia/Turn 4/FPnT_AlvarezCall,Patricio Alvarez (R),en,「まあ、そうすべきです。もしリジアとレスピアが共産主義者たちに抵抗しなければ、彼らは全てを奪ってしまうでしょう。」
0x010000BE00004404,314,574,Rizia/Turn 4/FPnT_AlvarezCall,Patricio Alvarez (R),en,「自分がヴァルグスランドの後ろ盾を持っているからといって、都合の悪いことを隠すために汚染や人権などという作り話を並べ立て、威張った態度を取るなんて...」
0x010000BE0000440E,314,575,Rizia/Turn 4/FPnT_AlvarezCall,Patricio Alvarez (R),en,「では、提携についてはどのようなお考えでしょうか？」
0x010000BE0000441A,314,576,Rizia/Turn 4/FPnT_AlvarezCall,Patricio Alvarez (R),en,「レスパワーがリジアへガスを供給するために必要なインフラのすべてを手配してくれます。陛下は何もする必要はほとんどありません。」
0x010000BE0000442B,314,580,Rizia/Turn 4/FPnT_AlvarezCall,Player_Romus,en,「ですが、もし我々の石油取引を円滑に進めるのに役立つのであれば、私はそうする。」
0x010000BE0000442B,314,580,Rizia/Turn 4/FPnT_AlvarezCall,Player_Romus,Menu Text en,「なあ、もし我々のガス取引を円滑に進めるのに役立つなら、私はやってみよう。」［予算-3、将来 毎ターン エネルギー+2］
0x010000BE0000443A,314,584,Rizia/Turn 4/FPnT_AlvarezCall,Player_Romus,en,「先に言っておくが、あなたが提案するこのガス取引のための予算は私にはない。だがMITZの件に関しては、我々は同じ立場にいる。」
0x010000BE00004442,314,585,Rizia/Turn 4/FPnT_AlvarezCall,Patricio Alvarez (R),en,「陛下、それは大変嬉しく存じます。ガスの件についてはご心配なく。」
0x010000BE00004455,314,587,Rizia/Turn 4/FPnT_AlvarezCall,Patricio Alvarez (R),en,「モレラの話はもう十分です。アウレウスについては合意に達しましたか？」
0x010000BE00004466,314,591,Rizia/Turn 4/FPnT_AlvarezCall,Player_Romus,en,「そのガス田に関する提案は私の予算範囲内ではない。だが、時が来たらMITZにおいてあなたを支援する。」
0x010000BE0000446E,314,592,Rizia/Turn 4/FPnT_AlvarezCall,Player_Romus,en,「もちろんだ。あなたにとってそれほど重要なことなら、私があなたを支えてモレラに立ち向かわせてやる。」
0x010000BE0000446E,314,592,Rizia/Turn 4/FPnT_AlvarezCall,Player_Romus,Menu Text en,「もちろんだ。あなたにとってそれほど重要なことであるなら、モレラとの戦いでもあなたを支えよう。」［予算-3、将来 毎ターン エネルギー+2］
0x010000BE00004476,314,593,Rizia/Turn 4/FPnT_AlvarezCall,Patricio Alvarez (R),en,「陛下、それは我々のためです。ありがとうございます。」
0x010000BE00004483,314,595,Rizia/Turn 4/FPnT_AlvarezCall,Player_Romus,en,「私はそのガスに関する提案を受け入れるつもりはない。だがMITZの件に関しては、リジアがあなたの味方だ。」
0x0100005200015274,315,3,Rizia/Turn 4/P_EstelaUpdate,Narrator,en,私が国際連盟の会合のためにキルートへ向かう前夜のことだった。
0x010000520001527C,315,4,Rizia/Turn 4/P_EstelaUpdate,Narrator,en,私は書斎で最後の準備を終えたばかりだった。私は慎重に宮殿の住居棟へと戻っていった。
0x01000052000152A4,315,5,Rizia/Turn 4/P_EstelaUpdate,Narrator,en,私は最上階にたどり着いた。私の寝室の向かい側の廊下では、王太后の部屋の扉が少し開いていた。
0x01000052000152AA,315,6,Rizia/Turn 4/P_EstelaUpdate,Narrator,en,私は中を覗いてみた。母はバルコニーに立っており、背中を私の方に向けていた。彼女が静かに独り言をつぶやいている声が聞こえた。
0x01000052000152BA,315,7,Rizia/Turn 4/P_EstelaUpdate,Player_Romus_Italic,en,私は彼女の肩を軽く叩いた。彼女は一瞬驚いた様子を見せたが、その後微笑んだ。
0x01000052000152BA,315,7,Rizia/Turn 4/P_EstelaUpdate,Player_Romus_Italic,Menu Text en,彼女の肩を軽く叩く
0x01000052000152C1,315,8,Rizia/Turn 4/P_EstelaUpdate,Player_Romus,en,「眠れないか？」
0x01000052000152C8,315,9,Rizia/Turn 4/P_EstelaUpdate,Player_Romus,en,「お疲れ様だ、母上。」
0x01000052000152CF,315,10,Rizia/Turn 4/P_EstelaUpdate,Narrator,en,サル・イグナティウスの住居は1階にあった。鍵穴から光が漏れているのが見えた。
0x01000052000152D5,315,11,Rizia/Turn 4/P_EstelaUpdate,Player_Romus_Italic,en,私は慎重に身をかがめて中を覗き込んだ。サルはアームチェアの上で体を前後に揺らしながら目を閉じており、何か祈りの言葉を口にしているようだった。
0x01000052000152D5,315,11,Rizia/Turn 4/P_EstelaUpdate,Player_Romus_Italic,Menu Text en,中を覗いてみる
0x01000052000152DD,315,12,Rizia/Turn 4/P_EstelaUpdate,Player_Romus_Italic,en,私は廊下の先へと進んでいった。
0x01000052000152DD,315,12,Rizia/Turn 4/P_EstelaUpdate,Player_Romus_Italic,Menu Text en,歩き続ける
0x01000052000152E5,315,13,Rizia/Turn 4/P_EstelaUpdate,Narrator,en,階段のすぐ手前にはヴィナの部屋へと続く入り口があった。そのドア越しに、我々には彼女のかすかな声が聞こえてきた。
0x01000052000152ED,315,14,Rizia/Turn 4/P_EstelaUpdate,Player_Romus_Italic,en,私はもっとはっきり聞こうとして、耳をドアに押し当てた。
0x01000052000152ED,315,14,Rizia/Turn 4/P_EstelaUpdate,Player_Romus_Italic,Menu Text en,耳をドアに当てる
0x01000052000152F4,315,15,Rizia/Turn 4/P_EstelaUpdate,Vina Toras,en,「はい、私も同感です。それで十分な折衷案のように思えます。」
0x0100005200015301,315,19,Rizia/Turn 4/P_EstelaUpdate,Vina Toras,en,「……いえ、まだ返事がありません。彼がそれを読んだかどうかさえ分かりません。」
0x0100005200015308,315,20,Rizia/Turn 4/P_EstelaUpdate,Vina Toras,en,「何ですって、正気ですか？もちろん父上はそのことを何もご存じありません。」
0x010000520001530F,315,21,Rizia/Turn 4/P_EstelaUpdate,Vina Toras,en,「……はい、愛しい人。もうすぐ話し合おう。」
0x0100005200015317,315,22,Rizia/Turn 4/P_EstelaUpdate,Player_Romus_Italic,en,私はヴィナの部屋のドアを通り過ぎ、階段を上っていった。
0x0100005200015317,315,22,Rizia/Turn 4/P_EstelaUpdate,Player_Romus_Italic,Menu Text en,歩き続ける
0x010000520001531F,315,23,Rizia/Turn 4/P_EstelaUpdate,Narrator,en,彼女が電話を切ると、ガチャリという音がした。私はドアから離れて、そのまま歩き続けた。
0x0100005200015326,315,24,Rizia/Turn 4/P_EstelaUpdate,Narrator,en,彼女は一瞬驚いた様子を見せたが、すぐに微笑んだ。
0x010000520001532E,315,25,Rizia/Turn 4/P_EstelaUpdate,Estela Toras,en,「私のことは心配しないでください。ご自身の休息を取るべきです。」
0x010000520001533F,315,26,Rizia/Turn 4/P_EstelaUpdate,Estela Toras,en,「明日の準備はすべて整いましたか？」
0x0100005200015346,315,27,Rizia/Turn 4/P_EstelaUpdate,Estela Toras,en,「そのように老婦人の背後にこっそり近づくべきではありません。」
0x010000520001534D,315,28,Rizia/Turn 4/P_EstelaUpdate,Narrator,en,彼女は一瞬驚いた様子を見せたが、すぐに微笑んだ。
0x0100005200015362,315,29,Rizia/Turn 4/P_EstelaUpdate,Estela Toras,en,「まだお起きでいらっしゃるとは驚きです。これから長い一日が待っていますね。」
0x010000520001536A,315,30,Rizia/Turn 4/P_EstelaUpdate,Player_Romus,en,「もちろんだ。国際連盟は何が起こったのか全く理解できないだろう。」
0x0100005200015378,315,31,Rizia/Turn 4/P_EstelaUpdate,Player_Romus,en,「もちろんだ。ヴィナについて少し聞いてもよろしいか？」
0x0100005200015371,315,32,Rizia/Turn 4/P_EstelaUpdate,Player_Romus,en,「これらのANセッションについて、父上から何かお話しはあったか？」
0x0100005200015380,315,33,Rizia/Turn 4/P_EstelaUpdate,Player_Romus,en,「実のところ、そうではない。外交は私の得意分野とは言えない。」
0x0100005200015387,315,34,Rizia/Turn 4/P_EstelaUpdate,Estela Toras,en,「よくやった、私の息子よ。」
0x010000520001538E,315,35,Rizia/Turn 4/P_EstelaUpdate,Estela Toras,en,「我々は自分たちの土地を取り戻す必要があります。ヴィクトル・スモラクが何を隠して発表しようともです。」
0x0100005200015394,315,36,Rizia/Turn 4/P_EstelaUpdate,Estela Toras,en,「それは難しいことではありません。まっすぐに立ち、笑顔を浮かべ、団結と協力を説けばよいのです...」
0x010000520001539A,315,37,Rizia/Turn 4/P_EstelaUpdate,Estela Toras,en,「ああ、あなた、彼が外交官ではなかったことはご存知の通りです。」
0x01000052000153A1,315,38,Rizia/Turn 4/P_EstelaUpdate,Estela Toras,en,「実のところ、ジル協定以降に彼が出席したかどうかさえ私には分からないのです。可哀想なエスキベル氏が代わりに一人で行ったのです。」
0x01000052000153A9,315,39,Rizia/Turn 4/P_EstelaUpdate,Player_Romus,en,「もう十分だ。彼はその無礼の代償を払わねばならない。」
0x01000052000153B0,315,40,Rizia/Turn 4/P_EstelaUpdate,Player_Romus,en,「どうして彼が何か発表をすると分かったのか？」
0x01000052000153C5,315,41,Rizia/Turn 4/P_EstelaUpdate,Estela Toras,en,「私の密告ネットワークはもはや昔のようではありません。ですが、妻たちは依然として話し合います。」
0x01000052000153CC,315,42,Rizia/Turn 4/P_EstelaUpdate,Estela Toras,en,「私はエスキベル氏をとても大切に思っておりますが、彼はあまりにも長い間、ヴェーレンに好意的な態度を続けてきました。」
0x01000052000153D3,315,43,Rizia/Turn 4/P_EstelaUpdate,Player_Romus,en,「対立は望まない。我々の国は同じ側にいるのだ。」
0x01000052000153DA,315,44,Rizia/Turn 4/P_EstelaUpdate,Estela Toras,en,「ああ、ロムス。まだそう信じているのですか？」
0x01000052000153E2,315,45,Rizia/Turn 4/P_EstelaUpdate,Estela Toras,en,「そして、あいつらが最も油断している瞬間に背後から刺し殺すのです。」
0x01000052000153E9,315,46,Rizia/Turn 4/P_EstelaUpdate,Estela Toras,en,「我々の王女様はどうなされているのですか？」
0x01000052000153F0,315,47,Rizia/Turn 4/P_EstelaUpdate,Player_Romus,en,「私が会議にいる間、彼女は何をしていたのだろうか？」
0x01000052000153FE,315,51,Rizia/Turn 4/P_EstelaUpdate,Player_Romus,en,「私がパレスにいる間、彼女は何か悪さをしていたのだろうか？」
0x0100005200015405,315,52,Rizia/Turn 4/P_EstelaUpdate,Estela Toras,en,「礼儀作法の授業以外については、私には全く分かりません。彼女はほとんどの時間を自室で過ごしています。」
0x0100005200015413,315,56,Rizia/Turn 4/P_EstelaUpdate,Vina Toras,en,「いえ、彼とは話しません。どうせこれから数日間はキルートにいるのですから。」
0x0100005200015426,315,60,Rizia/Turn 4/P_EstelaUpdate,Vina Toras,en,「ああ、そんなに落ち込まないでください。正直言って、何を期待していたのですか？」
0x0100005200015434,315,61,Rizia/Turn 4/P_EstelaUpdate,Vina Toras,en,「はい、存じております。私も驚きました。」
0x0100005200015445,315,62,Rizia/Turn 4/P_EstelaUpdate,Player_Romus,en,「あなた、彼女が誰かと付き合っているかどうか、私に教えたか？」
0x010000520001544C,315,63,Rizia/Turn 4/P_EstelaUpdate,Player_Romus,en,「彼女をリコに嫁がせたら、それは狂気の行為だろうか？」
0x0100005200015453,315,64,Rizia/Turn 4/P_EstelaUpdate,Estela Toras,en,「もちろん、私もあなたと同じ噂は耳にしております。」
0x010000520001545A,315,65,Rizia/Turn 4/P_EstelaUpdate,Estela Toras,en,「私の知る限りでは、彼女は部屋にこもって過ごす時間が非常に多かったようです。」
0x0100005200015462,315,66,Rizia/Turn 4/P_EstelaUpdate,Player_Romus,en,「それはすべて噂に過ぎない。実際に何が起きているのか、私には分からない。」
0x0100005200015469,315,67,Rizia/Turn 4/P_EstelaUpdate,Player_Romus,en,「それらは単なる噂以上のものだと思う。」
0x0100005200015470,315,68,Rizia/Turn 4/P_EstelaUpdate,Player_Romus,en,「どのような噂か？」
0x0100005200015477,315,69,Rizia/Turn 4/P_EstelaUpdate,Estela Toras,en,「それなら、承認すべき関係であるかどうかですね。」
0x010000520001547E,315,70,Rizia/Turn 4/P_EstelaUpdate,Narrator,en,彼女はバルコニーから自分のタバコの灰を少し払い落とした。
0x0100005200015485,315,71,Rizia/Turn 4/P_EstelaUpdate,Estela Toras,en,「これだけは申し上げます。あなたが最もしてはならないことは、彼女が彼に会うのを禁じることです。」
0x0100005200015494,315,72,Rizia/Turn 4/P_EstelaUpdate,Estela Toras,en,「さあ。サラベスでの一曲だけでは、あの二人にとって十分だと本当に思われましたか？」
0x010000520001549B,315,73,Rizia/Turn 4/P_EstelaUpdate,Player_Romus,en,「私こそが王だ。もし私が彼女に彼に会わせないよう命じれば、彼女は従わざるを得ない。」
0x0100005200015591,315,74,Rizia/Turn 4/P_EstelaUpdate,Narrator,en,彼女は鼻で笑った。
0x0100005200015598,315,75,Rizia/Turn 4/P_EstelaUpdate,Estela Toras,en,「お叔父様とお話しになっていたのですね。」
0x01000052000155A0,315,76,Rizia/Turn 4/P_EstelaUpdate,Estela Toras,en,「お父上と私がどのように出会ったかはご存知ですよね？」
0x01000052000155A7,315,77,Rizia/Turn 4/P_EstelaUpdate,Estela Toras,en,「その点については間違いありません。」
0x01000052000155AE,315,78,Rizia/Turn 4/P_EstelaUpdate,Estela Toras,en,「気がつけば、彼女は自分の影響力をすべて評議会に注ぎ込み、漁師の娘が王子にふさわしい相手だと説得しようとしているのです。」
0x01000052000155B5,315,79,Rizia/Turn 4/P_EstelaUpdate,Player_Romus,en,「禁止などと誰が言った？私は彼らが会うことを望んでいるのだ。」
0x01000052000155BD,315,80,Rizia/Turn 4/P_EstelaUpdate,Player_Romus,en,「それは承知している。私は愚かではない。」
0x01000052000155D3,315,81,Rizia/Turn 4/P_EstelaUpdate,Estela Toras,en,「サゾン家があなたに、そして我々にしてきたことをすべて思えば、どうしてそんなことを言えるのですか？」
0x01000052000155E8,315,82,Rizia/Turn 4/P_EstelaUpdate,Player_Romus,en,「私がそんなことをするはずがない。彼女は好きな人を愛す自由があるのだ。」
0x0100005200015605,315,83,Rizia/Turn 4/P_EstelaUpdate,Player_Romus,en,「問題ない。私には計画がある。」
0x010000520001560F,315,84,Rizia/Turn 4/P_EstelaUpdate,Player_Romus,en,「では、どう振る舞えばよいか、何かアドバイスはあるか？」
0x0100005200015615,315,85,Rizia/Turn 4/P_EstelaUpdate,Estela Toras,en,「私がおっしゃっていたのはジルのことです。引き渡し期限が間近に迫っていることを忘れられましたか？」
0x0100005200015625,315,86,Rizia/Turn 4/P_EstelaUpdate,Player_Romus,en,「実のところ、この件についてはあなたと話し合う気にはなれない。あなたはジルに対して公平とは言えないだろう。」
0x010000520001562F,315,87,Rizia/Turn 4/P_EstelaUpdate,Estela Toras,en,「ヴェーレンの件では中立でいても何の役にも立ちません。」
0x0100005200015636,315,88,Rizia/Turn 4/P_EstelaUpdate,Player_Romus,en,「レスピアが私を助けてくれる。我々の間には取り決めがあるのだ。」
0x010000520001563E,315,89,Rizia/Turn 4/P_EstelaUpdate,Estela Toras,en,「彼のレベルにまで降りてはいけません。あの者がどれほどの暴君かを思い知らせるのです。」
0x0100005200015645,315,90,Rizia/Turn 4/P_EstelaUpdate,Estela Toras,en,「いつもそうですね。」
0x010000520001573D,315,91,Rizia/Turn 4/P_EstelaUpdate,Player_Romus,en,「トラス家のみで権力を握るという彼の考えは間違っていなかった。」
0x0100005200015744,315,92,Rizia/Turn 4/P_EstelaUpdate,Player_Romus,en,「彼の言う通りだった。若者たちには自分の心に従わせることなどできない。」
0x010000520001574B,315,93,Rizia/Turn 4/P_EstelaUpdate,Player_Romus,en,「あの二人の間には何か特別なものがあるようだね。」
0x0100005200015752,315,94,Rizia/Turn 4/P_EstelaUpdate,Player_Romus,en,「私は現在、様々な可能性を検討しているだけだ。」
0x0100005200015759,315,95,Rizia/Turn 4/P_EstelaUpdate,Estela Toras,en,「『特に』、我々二人が共に経験してきたことの後では。」
0x0100005200015768,315,99,Rizia/Turn 4/P_EstelaUpdate,Estela Toras,en,「レスピアですか？奇妙な選択ですね。しかし、あなたが最善を知っているのでしょう。」
0x010000520001576F,315,100,Rizia/Turn 4/P_EstelaUpdate,Narrator,en,私が気づいたよりも時間は進んでいた。廊下には静寂が漂い、窓から差し込む弱い月明かりだけが部屋を照らしていた。
0x010000520001578C,315,101,Rizia/Turn 4/P_EstelaUpdate,Estela Toras,en,「私が羊毛のスリッパを履くと、ドアノブとの間にも火花が散るのです。」
0x01000052000157A0,315,102,Rizia/Turn 4/P_EstelaUpdate,Estela Toras,en,「王家の結婚というものはバランスを取る行為です。婚約者たちか国のどちらかを満足させることはできても、両方を同時に満足させることはほとんどありません。」
0x01000052000157BB,315,109,Rizia/Turn 4/P_EstelaUpdate,Estela Toras,en,「『ほとんど』ですな。あなたはしばらくの間幸運でした。」
0x01000052000157C9,315,110,Rizia/Turn 4/P_EstelaUpdate,Estela Toras,en,「どのような妥協がより多くの苦しみを生むのか、判断するのも難しいのです。」
0x01000052000157DB,315,111,Rizia/Turn 4/P_EstelaUpdate,Player_Romus,en,「まずもう一つお尋ねしたいことがある。ヴィナについてだ。」
0x01000052000157E2,315,112,Rizia/Turn 4/P_EstelaUpdate,Player_Romus,en,「こういったことには時間がかかるので、了承してくれ。」
0x01000052000157E9,315,113,Rizia/Turn 4/P_EstelaUpdate,Estela Toras,en,「あなたのお嬢様のことについては、どうしてもコメントすることはできません。たとえどれだけ噂が流れていようともです。」
0x01000052000157F8,315,114,Rizia/Turn 4/P_EstelaUpdate,Estela Toras,en,「それは巧みなバランス取りが必要なことです。王家の結婚においては、婚約者側か国のどちらかを満足させることはできても、ほとんど両方を同時に満たすことはありません。」
0x0100005200015809,315,118,Rizia/Turn 4/P_EstelaUpdate,Estela Toras,en,「『ほとんど』ですな。あなたはしばらくの間幸運でした。」
0x010000520001580F,315,119,Rizia/Turn 4/P_EstelaUpdate,Estela Toras,en,「この組み合わせなら、トラス家だけを満足させることができて、他の者たちには何の利益ももたらしません。」
0x0100005200015815,315,120,Rizia/Turn 4/P_EstelaUpdate,Estela Toras,en,「どのような妥協がより多くの苦しみを生むのか、判断するのも難しいのです。」
0x0100005200015858,315,121,Rizia/Turn 4/P_EstelaUpdate,Estela Toras,en,「そのようなことは、若い女性が祖母に話すような情報ではありません。」
0x0100005200015D5F,315,125,Rizia/Turn 4/P_EstelaUpdate,Narrator,en,彼女はバルコニーから自分のタバコの灰を少し払い落とした。
0x0100005200015D6C,315,126,Rizia/Turn 4/P_EstelaUpdate,Estela Toras,en,「『リジア』ですよ。他国に目を向けることさえ、真剣に検討したことはないのですか？」
0x0100005200015D82,315,127,Rizia/Turn 4/P_EstelaUpdate,Narrator,en,彼女は悲しそうに微笑んだ。
0x0100005200015D8A,315,128,Rizia/Turn 4/P_EstelaUpdate,Player_Romus,en,「リジアにおいて適任の単独貴族はますます少なくなってきている。他に選択肢もほとんどないようだ。」
0x0100005200015D91,315,129,Rizia/Turn 4/P_EstelaUpdate,Player_Romus,en,「私にトラス家が味方してくれるのなら、他の者は必要ない。」
0x0100005200015D98,315,130,Rizia/Turn 4/P_EstelaUpdate,Player_Romus,en,「ウーゴとリコは強力な人物たちだ。彼らの思い通りにならなかった場合、何をするか心配だ。」
0x0100005200015D9F,315,131,Rizia/Turn 4/P_EstelaUpdate,Player_Romus,en,「私が言いたいのは、彼らなら可愛い赤ちゃんが生まれると思う、ということだ。」
0x0100005200015DC4,315,132,Rizia/Turn 4/P_EstelaUpdate,Narrator,en,彼女は鼻をしかめた。
0x0100005200015DD8,315,133,Rizia/Turn 4/P_EstelaUpdate,Player_Romus,en,「彼女は誰かに手紙を書いているのだろうか？」
0x0100005200015DEB,315,134,Rizia/Turn 4/P_EstelaUpdate,Estela Toras,en,「おそらくでしょう。彼女はよく自分の部屋にこもって過ごしていますから。」
0x0100005200015DF2,315,135,Rizia/Turn 4/P_EstelaUpdate,Estela Toras,en,「そのような振る舞いは、彼女に新しい恋人ができたのではないかと思わせるものです。」
0x0100005200015DF9,315,136,Rizia/Turn 4/P_EstelaUpdate,Player_Romus,en,「マヌスか。やはりそうだった。」
0x0100005200015E00,315,137,Rizia/Turn 4/P_EstelaUpdate,Estela Toras,en,「驚いたとは言えません。二人ともなかなかの美形ですから。」
0x0100005200015E08,315,138,Rizia/Turn 4/P_EstelaUpdate,Estela Toras,en,「この結婚ならあなたのお嬢様も大変喜ばれるでしょう。また、サゾン家を王位にとって極めて危険な距離まで近づけてしまうことにもなります。」
0x0100005200015E10,315,139,Rizia/Turn 4/P_EstelaUpdate,Estela Toras,en,「ヴィナの幸せがそれだけの価値があるかどうかは、あなた次第です。」
0x0100005200015E1C,315,140,Rizia/Turn 4/P_EstelaUpdate,Estela Toras,en,「ところで、あなたのその屈強な部下は捜査がどのように進んでいますか？」
0x0100005200015E2C,315,144,Rizia/Turn 4/P_EstelaUpdate,Estela Toras,en,「ところで、あなたの顧問を務めるあの猛禽は調査がどのように進んでおりますか？」
0x0100005200015E3F,315,151,Rizia/Turn 4/P_EstelaUpdate,Estela Toras,en,「ところで、あなたのお側にいる女性の方は調査がどのように進んでいますか？」
0x0100005200015E46,315,152,Rizia/Turn 4/P_EstelaUpdate,Player_Romus,en,「ルシータをそんな風に呼ぶな。」
0x0100005200015E4D,315,153,Rizia/Turn 4/P_EstelaUpdate,Player_Romus,en,「ティトゥスとそんな風に呼ばないでくれ。」
0x0100005200015E5A,315,157,Rizia/Turn 4/P_EstelaUpdate,Player_Romus,en,「どの調査のことだろうか？」
0x0100005200015E69,315,161,Rizia/Turn 4/P_EstelaUpdate,Player_Romus,en,「リコの策が我々に少しでも時間を稼いでくれることを願っている。」
0x0100005200015E71,315,162,Rizia/Turn 4/P_EstelaUpdate,Narrator,en,彼女は片方の眉を上げた。
0x0100005200015E78,315,163,Rizia/Turn 4/P_EstelaUpdate,Estela Toras,en,「他にもいるのですか？」
0x0100005200015E82,315,164,Rizia/Turn 4/P_EstelaUpdate,Player_Romus,en,「パレスの状況に、彼女は全力を注いで対処している。」
0x0100005200015E8A,315,165,Rizia/Turn 4/P_EstelaUpdate,Player_Romus,en,「彼女は私の女性の友人ではない、母上。」
0x0100005200015E90,315,166,Rizia/Turn 4/P_EstelaUpdate,Estela Toras,en,「え？私が言わせてもらえば、悪くない組み合わせだと思いますよ。」
0x0100005200015E97,315,167,Rizia/Turn 4/P_EstelaUpdate,Estela Toras,en,「彼女をしっかりと管理してください。アザロ家がパレスと過度に関わりすぎたことが、そもそも我々がジルを失う原因となったのです。」
0x0100005200015E9E,315,168,Rizia/Turn 4/P_EstelaUpdate,Estela Toras,en,「調査官たちが何か役立つものを見つけ出してくれることを心から願っております。」
0x0100005200015EA5,315,169,Rizia/Turn 4/P_EstelaUpdate,Estela Toras,en,「それは愛情を込めた呼び方です。私があの男とその筋肉をどれほど慕っているかご存知でしょう。」
0x0100005200015EAD,315,170,Rizia/Turn 4/P_EstelaUpdate,Estela Toras,en,「とにかく、彼の調査員たちが我々が利用できる何かを見つけ出してくれることを願っています。」
0x0100005200015EB4,315,171,Rizia/Turn 4/P_EstelaUpdate,Estela Toras,en,「彼女はアザロ家の忠誠心をあなたにお与えします。あなたがその伝説的なアザロ家の気性を抑える手助けをしていただければ……」
0x0100005200015EBC,315,172,Rizia/Turn 4/P_EstelaUpdate,Estela Toras,en,「その件についてはぜひ私にもご相談ください。もしヴェーレンが、我々が意図的に間違った容疑者を渡したことを知れば、大変な災難につながるかもしれません。」
0x0100005200015ECA,315,173,Rizia/Turn 4/P_EstelaUpdate,Estela Toras,en,「ともかく、今となってはどうすることもできません。」
0x0100005200015ED1,315,174,Rizia/Turn 4/P_EstelaUpdate,Estela Toras,en,「犯人が見つかる前に引き渡し期限が来てしまったら何が起こるか、考えるだけで身震いします。」
0x0100005200015EE0,315,175,Rizia/Turn 4/P_EstelaUpdate,Estela Toras,en,「それは愛情を込めた呼び方です。彼女のくちばしはとても美しいので。」
0x0100005200015EE7,315,176,Rizia/Turn 4/P_EstelaUpdate,Estela Toras,en,「彼女が家族のパレスに対する病的な執着を受け継いでいないことを願っております。我々が直面する真の問題から注意が散るようなことがあってはなりません。」
0x0100005200015EEE,315,177,Rizia/Turn 4/P_EstelaUpdate,Player_Romus,en,「心配しないでくれ。私が彼女をしっかり見ておく。」
0x0100005200015EF6,315,178,Rizia/Turn 4/P_EstelaUpdate,Narrator,en,彼女は片方の眉を上げた。
0x0100005200015EFE,315,179,Rizia/Turn 4/P_EstelaUpdate,Estela Toras,en,「きっとそうなさいます。」
0x0100005200015F05,315,180,Rizia/Turn 4/P_EstelaUpdate,Player_Romus,en,「パレスは実に深刻な問題だ、母上。そちらの状況は簡単に手に負えなくなりかねない。」
0x0100005200015F0D,315,181,Rizia/Turn 4/P_EstelaUpdate,Player_Romus,en,「母上、どうか一度くらい自分のことだけを気にしていてはもらえないでしょうか？」
0x0100005200015F21,315,182,Rizia/Turn 4/P_EstelaUpdate,Estela Toras,en,「そうですな。刺繍すべきものがあるのに、故国に何が起ころうと誰が気にするものか？」
0x0100005200015F2F,315,183,Rizia/Turn 4/P_EstelaUpdate,Narrator,en,彼女は力任せにバルコニーの手すりでタバコを消した。
0x0100005200015F3B,315,187,Rizia/Turn 4/P_EstelaUpdate,Estela Toras,en,「閣議にいるあの猛禽は、ジルで我々に何が起こったのかについて、何か新しい情報を見つけ出すことができましたでしょうか？」
0x0100005200015F41,315,188,Rizia/Turn 4/P_EstelaUpdate,Estela Toras,en,「新しくお側にいる女性の友人は、ヴェーレンからこれ以上何か情報を得ていますでしょうか？」
0x0100005200015F50,315,189,Rizia/Turn 4/P_EstelaUpdate,Estela Toras,en,「私は少し休むべきです。あなたも同じようにお休みください。」
0x0100005200015F58,315,190,Rizia/Turn 4/P_EstelaUpdate,Player_Romus,en,「あなた、私にそのような口の利き方をするな。」
0x0100005200015F5F,315,191,Rizia/Turn 4/P_EstelaUpdate,Player_Romus,en,「待ってくれ。申し訳ない。私が抱えている重圧をあなたには理解してもらえないのだ。」
0x0100005200015F66,315,192,Rizia/Turn 4/P_EstelaUpdate,Estela Toras,en,「パレスはそもそも我々が制御できる場所ではありません。一方、ジルは……」
0x0100005200015F6D,315,193,Rizia/Turn 4/P_EstelaUpdate,Estela Toras,en,「さて、そろそろ休息を取る時ですね。」
0x0100005200015F75,315,194,Rizia/Turn 4/P_EstelaUpdate,Player_Romus,en,「待ってくれ。まだ尋ねたいことが一つある。ヴィナについてだ。」
0x0100005200015F81,315,196,Rizia/Turn 4/P_EstelaUpdate,Player_Romus,en,「ジルのことは心配しないでくれ。全力を尽くしていることを約束する。」
0x0100005200015F88,315,197,Rizia/Turn 4/P_EstelaUpdate,Player_Romus,en,「ああ、そのような結婚の利点は理解できる。だが、まだ決心がついておらない。」
0x0100005200015F8F,315,198,Rizia/Turn 4/P_EstelaUpdate,Player_Romus,en,「彼女は私の顧問だ。そんなことをしてはよくない。」
0x0100005200015F96,315,199,Rizia/Turn 4/P_EstelaUpdate,Estela Toras,en,「もし正しく覚えているなら、あなたの*暫定*の顧問です。」
0x0100005200015F9E,315,200,Rizia/Turn 4/P_EstelaUpdate,Estela Toras,en,「よく考えてください。彼女はもう結婚適齢期を過ぎているかもしれませんが、他の貴族が彼女を手に入れるには遅くはありません。」
0x0100005200015FA5,315,201,Rizia/Turn 4/P_EstelaUpdate,Player_Romus,en,「明日のために幸運を祈ってくれ。」
0x0100005200015FC0,315,205,Rizia/Turn 4/P_EstelaUpdate,Player_Romus,en,「パベルが父上は殺害されたと思っていると私が言ったのを覚えているか？ティトゥスがその件を調査しているのだ。」
0x0100005200015FC6,315,206,Rizia/Turn 4/P_EstelaUpdate,Player_Romus,en,「いや。申し訳ない、混乱してしまった。」
0x0100005200015FCF,315,207,Rizia/Turn 4/P_EstelaUpdate,Player_Romus,en,「パベルは父上が殺害されたのではないかと考えている。私はティトゥスにその件を調査するよう命じた。」
0x0100005200015FD6,315,208,Rizia/Turn 4/P_EstelaUpdate,Estela Toras,en,「ああ。」
0x0100005200015FE6,315,209,Rizia/Turn 4/P_EstelaUpdate,Player_Romus,en,「もし誰かが父上を殺したのなら、次は私の番かもしれない。」
0x0100005200015FED,315,210,Rizia/Turn 4/P_EstelaUpdate,Player_Romus,en,「たとえパベルの殺人に関する見解が間違っていたとしても、私は何らかの有用な情報を集めてきている。」
0x0100005200015FF4,315,211,Rizia/Turn 4/P_EstelaUpdate,Estela Toras,en,「ふむ。あなたの言い回し、だんだん彼に似てきましたね。」
0x0100005200015FFB,315,212,Rizia/Turn 4/P_EstelaUpdate,Narrator,en,彼女はバルコニーの手すりでタバコを消し、ため息をついた。
0x0100005200016003,315,213,Rizia/Turn 4/P_EstelaUpdate,Estela Toras,en,「申し訳ございません、陛下。」
0x010000520001600A,315,214,Rizia/Turn 4/P_EstelaUpdate,Narrator,en,彼女の眼差しは和らいだ。
0x0100005200016011,315,215,Rizia/Turn 4/P_EstelaUpdate,Narrator,en,今や彼女の声には冷たさが漂っていた。
0x0100005200016018,315,216,Rizia/Turn 4/P_EstelaUpdate,Estela Toras,en,「承知しております。あなたにとって最も必要ないのは、私からの圧力です。」
0x010000520001601F,315,217,Rizia/Turn 4/P_EstelaUpdate,Player_Romus,en,「お母上、よく休んでくれ。」
0x0100005200016027,315,218,Rizia/Turn 4/P_EstelaUpdate,Estela Toras,en,「陛下、おやすみになってください。」
0x0100005200016034,315,220,Rizia/Turn 4/P_EstelaUpdate,Estela Toras,en,「私は容疑者リストに載っていないことを願っています。」
0x010000520001603C,315,221,Rizia/Turn 4/P_EstelaUpdate,Player_Romus,en,「たとえそうでなくても、すでに彼にその任務を割り当てた。私は最後までやり遂げなければならない。」
0x0100005200016044,315,222,Rizia/Turn 4/P_EstelaUpdate,Player_Romus,en,「ご助言をいただき、ありがとう。」
0x010000520001604B,315,223,Rizia/Turn 4/P_EstelaUpdate,Estela Toras,en,「母親とは何のためにいるのでしょうか？」
0x0100005200016052,315,224,Rizia/Turn 4/P_EstelaUpdate,Estela Toras,en,「そのような幸運は必要ないことでしょう。」
0x0100005200016059,315,225,Rizia/Turn 4/P_EstelaUpdate,Estela Toras,en,「私は心配していません。」
0x0100005200016060,315,226,Rizia/Turn 4/P_EstelaUpdate,Narrator,en,私は彼女におやすみを告げて部屋を出た。その後、彼女がライトのスイッチを切る軽い音が聞こえた。
0x0100005200016069,315,227,Rizia/Turn 4/P_EstelaUpdate,Player_Romus,en,「リザは弱かった。私には自分の娘をどう扱えばいいか分かっている。」
0x0100005200016070,315,228,Rizia/Turn 4/P_EstelaUpdate,Player_Romus,en,「では、私はどうすればよいのだろうか？彼がその危険な考えを彼女に植え付けるのを許したくない。」
0x010000520001607F,315,229,Rizia/Turn 4/P_EstelaUpdate,Player_Romus,en,「神様に感謝する。やはり彼女もリコを受け入れるようになったのだね。」
0x0100005200016086,315,230,Rizia/Turn 4/P_EstelaUpdate,Estela Toras,en,「本当に心配すべきはそれとは逆のことではないのでしょうか？」
0x010000520001608D,315,231,Rizia/Turn 4/P_EstelaUpdate,Narrator,en,彼女は私の方を横目で一瞥した。
0x010000520001609B,315,235,Rizia/Turn 4/P_EstelaUpdate,Player_Romus,en,「実のところ、その若者は気に入っている。だが私から見れば、結婚相手としては適任に思えない。」
0x01000052000160A2,315,236,Rizia/Turn 4/P_EstelaUpdate,Narrator,en,彼女は私の方を横目で一瞥した。
0x01000052000160B8,315,237,Rizia/Turn 4/P_EstelaUpdate,Estela Toras,en,「しかし……サゾン家があなたに、そして我々にしてきたことを考えれば？」
0x01000052000160C7,315,238,Rizia/Turn 4/P_EstelaUpdate,Estela Toras,en,「この世に、恋に落ちた若い女性ほど制御しがたい力はありません。」
0x01000052000160D6,315,239,Rizia/Turn 4/P_EstelaUpdate,Player_Romus,en,「サゾン家はあなたが思うほど危険ではない。実際、マヌスとより緊密に協力しようと考えているのだ。」
0x01000052000160E4,315,243,Rizia/Turn 4/P_EstelaUpdate,Player_Romus,en,「もちろんだ、母上。そんなことをお尋ねになるなんて。」
0x01000052000160EB,315,244,Rizia/Turn 4/P_EstelaUpdate,Player_Romus,en,「もしそれが真実の愛なら私としては構わない。だが、彼が彼女を利用しているのではないかと心配でして。」
0x01000052000160FC,315,245,Rizia/Turn 4/P_EstelaUpdate,Estela Toras,en,「彼らはリジア国内では強大な力を持っていますが、世界の舞台では取るに足らない存在です。」
0x010000520001611F,315,246,Rizia/Turn 4/P_EstelaUpdate,Player_Romus,en,「実際、それによってサゾン家の脅威を和らげる手助けになるかもしれない。マヌスが『民衆の味方』として振る舞うことは、彼が王配であれば意味を成さない。」
0x0100005200016126,315,247,Rizia/Turn 4/P_EstelaUpdate,Player_Romus,en,「あなた自身が、私が彼女に会うのを禁じるべきではないと言っただろう。他にどんな選択肢があるというのか？」
0x0100005200016145,315,248,Rizia/Turn 4/P_EstelaUpdate,Estela Toras,en,「もっと大きな視野で物事を考えるべきです。我々トラス家は世界の舞台において取るに足らない存在に過ぎません。」
0x0100005200016158,315,252,Rizia/Turn 4/P_EstelaUpdate,Narrator,en,彼女は私の方を横目で一瞥した。
0x010000520001615F,315,253,Rizia/Turn 4/P_EstelaUpdate,Estela Toras,en,「サゾン家を玉座から一つの屋敷分だけ離したことの方がよほど心配すべきことだと思いますが。」
0x0100005200016177,315,257,Rizia/Turn 4/P_EstelaUpdate,Estela Toras,en,「ですが、経験豊かな女性なら誰でも数秒で教えてあげられることです。」
0x0100005200016191,315,258,Rizia/Turn 4/P_EstelaUpdate,Estela Toras,en,「私の見解では……」
0x010000520001619A,315,259,Rizia/Turn 4/P_EstelaUpdate,Estela Toras,en,「その組み合わせを利用して反対派を厳しく監視することができます。もちろん、ヴィナが自分の恋人の家族に関する情報を伝えるほどあなたを信頼していると仮定した上でです。」
0x01000052000161A0,315,260,Rizia/Turn 4/P_EstelaUpdate,Player_Romus,en,「それもだ。」
0x01000052000161A7,315,261,Rizia/Turn 4/P_EstelaUpdate,Player_Romus,en,「まあいい。何とかしてこれを止める方法があるはずだ。」
0x01000052000161B0,315,262,Rizia/Turn 4/P_EstelaUpdate,Player_Romus,en,「どういう意味か？」
0x01000052000161B7,315,263,Rizia/Turn 4/P_EstelaUpdate,Player_Romus,en,「それは馬鹿げている。彼女には銃すら持たせることができない。」
0x01000052000161BE,315,264,Rizia/Turn 4/P_EstelaUpdate,Estela Toras,en,「何でもありません。少し前に彼女が借りたあの本に対して、単なる学術的興味以上の関心を持っているのかどうか気になっただけです。」
0x01000052000161C9,315,265,Rizia/Turn 4/P_EstelaUpdate,Player_Romus,en,「もし私が彼女を制御できないのなら、どうすればよいのだろうか？」
0x01000052000161D1,315,266,Rizia/Turn 4/P_EstelaUpdate,Estela Toras,en,「愛は、銃弾が成し得ることよりも多くの帝国を崩壊させてきました。」
0x01000052000161DD,315,267,Rizia/Turn 4/P_EstelaUpdate,Estela Toras,en,「姫様を海外へ、ゆっくりと過ごせる素敵な旅行にお送りください。景色を変えることほど恋の病を癒すものはありません。」
0x01000052000161E5,315,268,Rizia/Turn 4/P_EstelaUpdate,Estela Toras,en,「それなら、それを自分の利益につなげる方法を見つけ出さなければなりません。」
0x01000052000161F9,315,269,Rizia/Turn 4/P_EstelaUpdate,Estela Toras,en,「その場合、ヴィナを彼らの内部であなたの目と耳として使うのが役立つかもしれません。」
0x0100005200016206,315,270,Rizia/Turn 4/P_EstelaUpdate,Estela Toras,en,「はい、これをあなたの利益につなげる方法はございます。」
0x0100005200016215,315,274,Rizia/Turn 4/P_EstelaUpdate,Player_Romus,en,「残念ながら、それは期待できない。」
0x010000520001621C,315,275,Rizia/Turn 4/P_EstelaUpdate,Player_Romus,en,「もちろん、彼女は私を信頼している。」
0x0100005200016223,315,276,Rizia/Turn 4/P_EstelaUpdate,Player_Romus,en,「それは悪くない考えだね。」
0x010000520001622A,315,277,Rizia/Turn 4/P_EstelaUpdate,Player_Romus,en,「いや、違う。彼女は私の娘であり、スパイではない。」
0x0100005200016232,315,278,Rizia/Turn 4/P_EstelaUpdate,Estela Toras,en,「我々は皆、お互いを利用し合っているのでしょう？実際のところ……」
0x010000520001623A,315,279,Rizia/Turn 4/P_EstelaUpdate,Estela Toras,en,「もう一つ、行えることがあります。」
0x0100005200016246,315,280,Rizia/Turn 4/P_EstelaUpdate,Player_Romus,en,「外交使節団というわけか？ヴィナの気を紛らわせつつ、我々の国際的な地位も同時に向上させることができるね。」
0x0100005200016252,315,284,Rizia/Turn 4/P_EstelaUpdate,Player_Romus,en,「それはできない。彼女は私の顧問団にとって貴重な存在だから。」
0x0100005200016258,315,285,Rizia/Turn 4/P_EstelaUpdate,Player_Romus,en,「うむ。彼女は評議会で私のやり方を邪魔してきたのは事実だ。」
0x0100005200016260,315,286,Rizia/Turn 4/P_EstelaUpdate,Player_Romus,en,「きっと、彼女にとっては作法の授業よりもずっと刺激的だと思う。」
0x0100005200016268,315,287,Rizia/Turn 4/P_EstelaUpdate,Player_Romus,en,「私はまだ彼女を手放す準備ができていない。彼女こそが、私とレナを結ぶ最後の絆なのだ。」
0x010000520001626F,315,288,Rizia/Turn 4/P_EstelaUpdate,Estela Toras,en,「腐ったルンブルク産のお茶を飲みながら、またあの偉大な伯母様を招いて華やかな会話を楽しむこともできますよ。」
0x0100005200016276,315,289,Rizia/Turn 4/P_EstelaUpdate,Estela Toras,en,「それは単なる考えに過ぎません。無視しても構いません。」
0x010000520001627F,315,290,Rizia/Turn 4/P_EstelaUpdate,Estela Toras,en,「もし彼女があちらで何かハンサムな外国の王子に出会ったら、それはおまけだと思ってください。」
0x0100005200016286,315,291,Rizia/Turn 4/P_EstelaUpdate,Estela Toras,en,「私のアドバイスが欲しいのですか？そろそろ姫様が国外へゆっくりと休息の旅に出る時期だと思います。」
0x01000052000162AC,315,295,Rizia/Turn 4/P_EstelaUpdate,Estela Toras,en,「それによって、王女様とサゾン家の後継者に関して広まり始めている噂を鎮めることができます。」
0x01000052000162B3,315,296,Rizia/Turn 4/P_EstelaUpdate,Estela Toras,en,「彼女はもう、我々の小さな半島の外の世界を体験するに十分な年齢です。」
0x01000052000162BF,315,297,Rizia/Turn 4/P_EstelaUpdate,Estela Toras,en,「外交の件ですが、明日の会議について話すことはご遠慮されますか？部屋に潜む大きな問題に対処できるよう、あなたが準備万端でいらっしゃるか確認したく存じます。」
0x01000052000162C8,315,298,Rizia/Turn 4/P_EstelaUpdate,Estela Toras,en,「それでは、もう就寝の時間です。」
0x01000052000162CF,315,299,Rizia/Turn 4/P_EstelaUpdate,Player_Romus,en,「ああ、私もだ。」
0x01000052000162D6,315,300,Rizia/Turn 4/P_EstelaUpdate,Estela Toras,en,「パベルがあなたの枕カバーをアイロンがけしてくれていることを願います。顔にしわがついた状態で国際連盟の人々の前に出るわけにはいきませんから。」
0x01000052000162EB,315,301,Rizia/Turn 4/P_EstelaUpdate,Player_Romus,en,「私も同じだ。」
0x0100005200016300,315,306,Rizia/Turn 4/P_EstelaUpdate,Narrator,en,彼女は見せかけのあくびをした。
0x0100005200016316,315,308,Rizia/Turn 4/P_EstelaUpdate,Player_Romus,en,「その時が来たら対処する。今夜は考えるべきことが十分にある。」
0x010000520001631D,315,309,Rizia/Turn 4/P_EstelaUpdate,Player_Romus,en,「明日のために幸運を祈ってくれ。」
0x0100005200016323,315,310,Rizia/Turn 4/P_EstelaUpdate,Player_Romus,en,「ご助言をいただき、ありがとう。」
0x0100005200016329,315,311,Rizia/Turn 4/P_EstelaUpdate,Estela Toras,en,「母親とは何のためにいるのでしょうか？」
0x010000520001632F,315,312,Rizia/Turn 4/P_EstelaUpdate,Estela Toras,en,「そのような幸運は必要ないことでしょう。」
0x0100005200016338,315,313,Rizia/Turn 4/P_EstelaUpdate,Player_Romus,en,「ヴィナのことは心配しなくてよい。私がどうすべきか分かっている。」
0x010000520001633F,315,314,Rizia/Turn 4/P_EstelaUpdate,Estela Toras,en,「もう遅い時間ですね。お休みになる時刻です。」
0x010000520001634A,315,315,Rizia/Turn 4/P_EstelaUpdate,Estela Toras,en,「あなたは彼女の父であり王でもおいでです。何をすべきか最もよくご存知でしょう。」
0x0100005200016366,315,323,Rizia/Turn 4/P_EstelaUpdate,Narrator,en,私は自分の部屋に戻ると、ティトゥスが私の部屋の外で見張りの位置についているのを見た。彼がどれくらい前から私を尾行していたのか不思議に思った。
0x010000520001721B,315,327,Rizia/Turn 4/P_EstelaUpdate,Narrator,en,私はブルーノがいないか隅を確認したが、彼の犬用ベッドには誰もいなかった。自分のベッドを見ると、彼がそこで快適な姿勢で横になっているのが見えた。
0x0100005200017221,315,328,Rizia/Turn 4/P_EstelaUpdate,Player_Romus,en,「行け！悪い犬め！」
0x0100005200017228,315,329,Rizia/Turn 4/P_EstelaUpdate,Player_Romus,en,「急ぎなさい、若者よ。陛下は休息が必要だ。」
0x010000520001722F,315,330,Rizia/Turn 4/P_EstelaUpdate,Player_Romus,en,「わかった。今夜はここで眠っても構わないが、慣れ過ぎないようにしてくれ。」
0x0100005200017236,315,331,Rizia/Turn 4/P_EstelaUpdate,Narrator,en,私がベッドに入ると、ブルーノは私の足元で丸くなった。
0x010000520001723D,315,332,Rizia/Turn 4/P_EstelaUpdate,Narrator,en,ブルーノはしぶしぶベッドから飛び降り、自分の場所に戻っていった。三本足でもかつて四本足だった時と変わらず敏捷だった。
0x0100005200017245,315,333,Rizia/Turn 4/P_EstelaUpdate,Narrator,en,私は眠ろうとしたが、これから迎える日のことを考えて気が散り、なかなか眠れなかった。
0x010000520001726A,315,334,Rizia/Turn 4/P_EstelaUpdate,Narrator,en,私はベッドに上がったが、これから迎える日のことを考えて気が散ってしまい、眠ることができなかった。
0x0100005200023850,315,341,Rizia/Turn 4/P_EstelaUpdate,Player_Romus,en,「ご心配をいただき、ありがとう。だが、すべては私の手によってコントロールされている。」
0x0100005200023857,315,342,Rizia/Turn 4/P_EstelaUpdate,Estela Toras,en,「そうですか。」
0x010000520002385F,315,343,Rizia/Turn 4/P_EstelaUpdate,Player_Romus,en,「もしこれがうまくいかなければ、別の方法を試す。だが、ジルは必ず我々のものになる。」
0x0100005200023868,315,344,Rizia/Turn 4/P_EstelaUpdate,Estela Toras,en,「はい、承知しております。せっかちな態度をお許しください。」
0x010000520002A4F6,315,347,Rizia/Turn 4/P_EstelaUpdate,Estela Toras,en,「部屋の中にいる問題を直視しようとお考えなのですね？」
0x010000520002A4FC,315,348,Rizia/Turn 4/P_EstelaUpdate,Player_Romus,en,「もちろんだ。ヴェーレンはゼィルへの引き渡し期限を守るよう強制されなければならない。」
0x010000520002A504,315,349,Rizia/Turn 4/P_EstelaUpdate,Player_Romus,en,「もちろんだ。パレスとのこの海軍間の対立は、何らかの形で終わらせなければならない。」
0x010000520002A512,315,353,Rizia/Turn 4/P_EstelaUpdate,Estela Toras,en,「ええ、それが問題のその厚皮動物です。」
0x010000520002A519,315,354,Rizia/Turn 4/P_EstelaUpdate,Player_Romus,en,「ああ、仲裁委員会はすでに決定を下しているはずだ。当国のガス田に対する権利は明確だ。」
0x010000520002A52E,315,358,Rizia/Turn 4/P_EstelaUpdate,Player_Romus,en,「どの象か？数があまりにも多いのだ。」
0x010000520002A535,315,359,Rizia/Turn 4/P_EstelaUpdate,Estela Toras,en,「世界の指導者の方々があんなに多くの象の間を縫って時間を作れるなんて、実に驚きです。」
0x010000520002A53C,315,360,Rizia/Turn 4/P_EstelaUpdate,Estela Toras,en,「しかし、私が言及していたのはジルのことです。引き渡し期限が間近に迫っていることを忘れましたか？」
0x010000520002A544,315,361,Rizia/Turn 4/P_EstelaUpdate,Player_Romus,en,「象などいない。私はとりあえずパレスの問題を解決した。」
0x010000520002A54B,315,362,Rizia/Turn 4/P_EstelaUpdate,Estela Toras,en,「もうそんなに早く忘れてしまわれましたか？ジルへの引き渡し期限が間近に迫っております。」
0x010000520002A553,315,363,Rizia/Turn 4/P_EstelaUpdate,Player_Romus,en,「アザロ女公爵は冷静な方だ。理由もなく我々を争いに巻き込むようなことはしない。」
0x010000520002A562,315,364,Rizia/Turn 4/P_EstelaUpdate,Estela Toras,en,「ああ、必ず何らかの理由があるのです。」
0x010000520002A56E,315,366,Rizia/Turn 4/P_EstelaUpdate,Narrator,en,彼女は鼻で笑った。
0x010000520002A575,315,367,Rizia/Turn 4/P_EstelaUpdate,Estela Toras,en,「リザ大王があなたの父上がジルの売春婦に会うのを禁じようとした時の出来事を忘れてはなりません。」
0x010000520002A57D,315,368,Rizia/Turn 4/P_EstelaUpdate,Player_Romus,en,「あなたはカクテルバーでウェイトレスとして働いていたのだ。」
0x010000520002A585,315,369,Rizia/Turn 4/P_EstelaUpdate,Player_Romus,en,「あなたは自分の女性的な策略を使って彼を罠にはめたのだ。」
0x010000520002A58C,315,370,Rizia/Turn 4/P_EstelaUpdate,Estela Toras,en,「とんでもありません。」
0x010000520002A593,315,371,Rizia/Turn 4/P_EstelaUpdate,Player_Romus,en,「そのことについてはずっと疑問だった。なぜリザは父上が平民と付き合うのを許したのだろうか？」
0x010000520002A5A0,315,372,Rizia/Turn 4/P_EstelaUpdate,Estela Toras,en,「最初はそうではありませんでした。しかし、彼を諫めようとするほど、かえって彼をジルの売春婦の腕の中へと急いで追いやってしまったのです。」
0x010000520002A5A7,315,373,Rizia/Turn 4/P_EstelaUpdate,Narrator,en,彼女は大声で笑った。
0x010000520002A5AE,315,374,Rizia/Turn 4/P_EstelaUpdate,Estela Toras,en,「最初は単なる一時的な関係に過ぎないはずでした。しかし、偉大なるリザがそのことを知ると、息子が私に会うのを阻止するためにありとあらゆる手段を尽くしました。」
0x010000520002A5B6,315,375,Rizia/Turn 4/P_EstelaUpdate,Estela Toras,en,「そしてそれが、当然のことながら、彼をジルの売春婦の腕の中へと直行させる原因となったのです。」
0x010000520002A5BF,315,376,Rizia/Turn 4/P_EstelaUpdate,Player_Romus,en,「結局はすべてうまくいったのだろう？」
0x010000520002A5C6,315,377,Rizia/Turn 4/P_EstelaUpdate,Estela Toras,en,「もし君主制を深刻に損なうことを『うまくいった』と呼ぶのであれば、その通りです。」
0x0100005200047D30,315,378,Rizia/Turn 4/P_EstelaUpdate,Narrator,en,私の部屋で。パベルは既に私のスーツケースを詰め、ベッドも下ろしていた。
0x010000520005D8FC,315,379,Rizia/Turn 4/P_EstelaUpdate,Vina Toras,en,「では、他の者たちにも急いで無理な要求をしないよう伝えてください。どうせ彼はこれから数日間、キルートにいるのですから。」
0x010000520006596B,315,380,Rizia/Turn 4/P_EstelaUpdate,Bruno,en,「えっ？」
0x01000052000743C9,315,385,Rizia/Turn 4/P_EstelaUpdate,Vina Toras,en,「何ですって？欲しいものの半分しか手に入れていないのに、なぜ止まろうとするのですか？それでは全く勝利とは言えません。」
0x01000052000743D9,315,392,Rizia/Turn 4/P_EstelaUpdate,Vina Toras,en,「ああ、そんなに落ち込まないでください。正直言って、何を期待していたのですか？」
0x01000052000743DF,315,393,Rizia/Turn 4/P_EstelaUpdate,Vina Toras,en,「これはまだ始まりに過ぎないのですよね？一度この勝利を収めたからには、さらに前進し続けなければなりません。」
0x010000520007A7AD,315,394,Rizia/Turn 4/P_EstelaUpdate,Estela Toras,en,「時に心臓発作というのは単なる心臓発作に過ぎません。誰がどこにいたかを突き止めようとしてあなたの時間を無駄にする必要はありません。」
0x010000520007A7B6,315,395,Rizia/Turn 4/P_EstelaUpdate,Player_Romus,en,「何のことをおっしゃっているのですか？」
0x010000520007A7BD,315,396,Rizia/Turn 4/P_EstelaUpdate,Narrator,en,彼女は一瞬驚いた様子を見せたが、すぐに微笑んだ。
0x010000520007A7C4,315,397,Rizia/Turn 4/P_EstelaUpdate,Estela Toras,en,「王室の洗濯女と話す際に使う言葉を練習しているだけです。白化したキツネが盗んだものから赤ワインを取り出すなど、そんなに難しいことでしょうか？」
0x010000520007A7CB,315,398,Rizia/Turn 4/P_EstelaUpdate,Narrator,en,彼女はタバコに火をつけ、煙を庭園の中へ吹き出した。
0x0100005200013A1F,316,3,Rizia/Turn 4/FPnT_ANSouthMerkopa,Narrator,en,キルートでは雨の日があり、それはこの島で1年に数回しか訪れないものだった。
0x0100005200013A26,316,4,Rizia/Turn 4/FPnT_ANSouthMerkopa,Narrator,en,国際連盟のドームに雨粒が落ちる音は、緊張感漂う会議になるだろうと私が予想していた状況に対し、思いがけず心地よい背景音となった。
0x0100005200013A2D,316,5,Rizia/Turn 4/FPnT_ANSouthMerkopa,Narrator,en,私はラウレントやその他のリジア人代表団のメンバーたちと共に、半分ほどしか埋まっていない集会場に座っていた。
0x0100005200013A34,316,6,Rizia/Turn 4/FPnT_ANSouthMerkopa,Narrator,en,今日の会議では南メルコパの問題だけに焦点が当てられていた。部屋の中を見回すと、ヴェーレン、モレラ、デルディア、レスピアから来た代表者や指導者たちの姿が見えた。
0x0100005200013A3B,316,7,Rizia/Turn 4/FPnT_ANSouthMerkopa,Narrator,en,アクセル・ラインハルト大公は数人の大臣を連れて遅れて入室し、レスピア人代表団からできるだけ離れた場所に座った。
0x0100005200013A49,316,11,Rizia/Turn 4/FPnT_ANSouthMerkopa,Narrator,en,アクセル・ラインハルト大公とパトリシオ・アルバレスは話し込んでいるため遅れて入ってきた。二人は互いにうなずき合った後、それぞれの代表団と共に席に着いた。
0x0100005200013A56,316,15,Rizia/Turn 4/FPnT_ANSouthMerkopa,Narrator,en,アクセル・ラインハルト大公とパトリシオ・アルバレスは話し込んでいるため遅れて入ってきた。二人は互いにうなずき合った後、それぞれの代表団と共に席に着いた。
0x0100005200013A5D,316,16,Rizia/Turn 4/FPnT_ANSouthMerkopa,Player_Romus,en,「アルバレスが彼にかなり厳しく叱責したに違いない。」
0x0100005200013A63,316,17,Rizia/Turn 4/FPnT_ANSouthMerkopa,Player_Romus,en,「ここで元夫に出会うなんて、きっと気まずいことだろうね。」
0x0100005200013A6A,316,18,Rizia/Turn 4/FPnT_ANSouthMerkopa,Player_Romus,en,「あの二人がどれほど激しく争ったのか気になるね。」
0x0100005200013A79,316,19,Rizia/Turn 4/FPnT_ANSouthMerkopa,Player_Romus,en,「あの二人の恋人同士を見てくれ。」
0x0100005200013A80,316,20,Rizia/Turn 4/FPnT_ANSouthMerkopa,Player_Romus,en,「彼らが何について話していたのか気になる。」
0x0100005200013A87,316,21,Rizia/Turn 4/FPnT_ANSouthMerkopa,Player_Romus,en,「私は過ちを犯したのだろうか？結局は公爵の提案に従うべきだったのだろうか？」
0x0100005200013A8E,316,22,Rizia/Turn 4/FPnT_ANSouthMerkopa,Laurento Esquibel,en,「彼らは明らかに団結した戦線を構えるつもりでして、その意見に反論するのは難しいでしょう。」
0x0100005200013A9C,316,23,Rizia/Turn 4/FPnT_ANSouthMerkopa,Laurento Esquibel,en,「もしそうだったら、この部屋にどれほどの緊張が漂うことかと想像してください。」
0x0100005200013AA3,316,24,Rizia/Turn 4/FPnT_ANSouthMerkopa,Narrator,en,ラインハルトの顔には明らかな怒りの表情が浮かんでいた。
0x0100005200013AAE,316,25,Rizia/Turn 4/FPnT_ANSouthMerkopa,Laurento Esquibel,en,「アルバレス首相は喜ぶはずがありません。彼が最も望まないのは、リジアとパレスが彼の背後で取引を結ぶことです。」
0x0100005200013ABC,316,26,Rizia/Turn 4/FPnT_ANSouthMerkopa,Player_Romus_Italic,en,私はラインハルト大公に手を振った。彼は短くうなずいて応えた。
0x0100005200013ABC,316,26,Rizia/Turn 4/FPnT_ANSouthMerkopa,Player_Romus_Italic,Menu Text en,彼に手を振る
0x0100005200013AC3,316,27,Rizia/Turn 4/FPnT_ANSouthMerkopa,Laurento Esquibel,en,「彼は緊張しているようです。アルバレスがここにいることで動揺しているのだと思います。」
0x0100005200013ACA,316,28,Rizia/Turn 4/FPnT_ANSouthMerkopa,Laurento Esquibel,en,「リジアが契約を破棄した後、レスピアが再交渉を行い、その結果はパレスにとって有利なものではなかったと聞きました。」
0x0100005200013AD2,316,29,Rizia/Turn 4/FPnT_ANSouthMerkopa,Laurento Esquibel,en,「陛下、ご健康ですか？以前から、お父上はこうした会議の前にいつも神経過敏になられていました。」
0x0100005200013ADE,316,30,Rizia/Turn 4/FPnT_ANSouthMerkopa,Player_Romus,en,「驚かない。またしても彼がこなせない王族としての義務だね。」
0x0100005200013AE5,316,31,Rizia/Turn 4/FPnT_ANSouthMerkopa,Player_Romus,en,「仲裁の件が心配でならない。その結果次第で多くのことが決まってしまうから。」
0x0100005200013AEC,316,32,Rizia/Turn 4/FPnT_ANSouthMerkopa,Player_Romus,en,「もし今日ここにアルカシアやコンタナ連邦がいたら、私は緊張してしまうだろう。他の者たちは皆、取るに足らない存在だ。」
0x0100005200013AF3,316,33,Rizia/Turn 4/FPnT_ANSouthMerkopa,Player_Romus,en,「エスキベルさん、私は元気だ。ご心配をいただき感謝する。」
0x0100005200013AFA,316,34,Rizia/Turn 4/FPnT_ANSouthMerkopa,Narrator,en,エフライム・ナインズ大統領が入室してくると、我々の視線は部屋の前方へ向けられた。
0x0100005200013B0B,316,35,Rizia/Turn 4/FPnT_ANSouthMerkopa,Ephraim Nines (R),en,「本日の議事日程の最初は、モレラ共和国のアルマ・サルタナ首相です。」
0x0100005200013B18,316,39,Rizia/Turn 4/FPnT_ANSouthMerkopa,Player_Romus,en,「母上が、ヴィクトル・スモラクが何か発表をすると言っていた。」
0x0100005200013B3E,316,46,Rizia/Turn 4/FPnT_ANSouthMerkopa,Narrator,en,アルマ・サルタナ首相は壇上へと歩み寄った。彼女はそこに手を伸ばすためにマイクの高さを下げなければならなかった。
0x0100005200013B44,316,47,Rizia/Turn 4/FPnT_ANSouthMerkopa,Alma Saltana,en,「陛下、尊敬する指導者の皆様、そして貴重なご来賓の方々。」
0x0100005200013B66,316,48,Rizia/Turn 4/FPnT_ANSouthMerkopa,Laurento Esquibel,en,「小さな包みの中に大きな問題が隠されています。」
0x0100005200013B6E,316,49,Rizia/Turn 4/FPnT_ANSouthMerkopa,Player_Romus,en,「私にはそれが面白く思えない、エスキベルさん。」
0x0100005200013B75,316,50,Rizia/Turn 4/FPnT_ANSouthMerkopa,Player_Romus,en,「彼女も住所を短くしてくれると嬉しい。」
0x0100005200013B7C,316,51,Rizia/Turn 4/FPnT_ANSouthMerkopa,Player_Romus,en,「判断を下す前に、彼女の言うことを聞いてみよう。」
0x0100005200013B86,316,52,Rizia/Turn 4/FPnT_ANSouthMerkopa,Narrator,en,モレラ人の指導者が集会に挨拶をした。彼女の声にはメロディアスな響きがあり、私はその響きをキナルと結びつけて思い出した。
0x0100005200013B92,316,53,Rizia/Turn 4/FPnT_ANSouthMerkopa,Alma Saltana,en,「初めてこの神聖な殿堂でお話しすることは、私にとって大変光栄なことです。」
0x0100005200013B99,316,54,Rizia/Turn 4/FPnT_ANSouthMerkopa,Alma Saltana,en,「私は新たなモレラの代表として陛下の前に参りました。抑圧的な過去の束縛から解放されることを誓う国です。」
0x0100005200013BA0,316,55,Rizia/Turn 4/FPnT_ANSouthMerkopa,Alma Saltana,en,「そして、より平等な社会という我々のビジョンを共有する者たちと橋を築くことを誇りに思う国でもあります。」
0x0100005200013BA7,316,56,Rizia/Turn 4/FPnT_ANSouthMerkopa,Narrator,en,彼女は会議室の上座の方へ頷いた。私は振り返って見ると、ヴァルグスランド書記長エメリッヒ・ヘーゲルが熱心に拍手しているのが見えた。
0x0100005200013BAE,316,57,Rizia/Turn 4/FPnT_ANSouthMerkopa,Player_Romus,en,「ラウレント、これは*南部*のメルコパ会議だと思っていた。」
0x0100005200013BB5,316,58,Rizia/Turn 4/FPnT_ANSouthMerkopa,Player_Romus,en,「彼を招いたのは誰だ？」
0x0100005200013BBC,316,59,Rizia/Turn 4/FPnT_ANSouthMerkopa,Player_Romus,en,「今日が盛り上がる日になることは分かっていたが、これはまったく別次元だね。」
0x0100005200013BC3,316,60,Rizia/Turn 4/FPnT_ANSouthMerkopa,Laurento Esquibel,en,「ヘーゲル書記長は演説予定にありません。彼は首相閣下を支えるためだけにキルートへ向かったのでしょう。」
0x0100005200013BCA,316,61,Rizia/Turn 4/FPnT_ANSouthMerkopa,Laurento Esquibel,en,「サルタナ首相は、自国へのヴァルグスランドの支持を示すために、彼に聴衆として出席してもらいたかったのでしょう。」
0x0100005200013BD1,316,62,Rizia/Turn 4/FPnT_ANSouthMerkopa,Laurento Esquibel,en,「ヘーゲル書記長は今日の予定には含まれておりません。ですが、即興での演説の可能性も完全には否定しません。」
0x0100005200013BD8,316,63,Rizia/Turn 4/FPnT_ANSouthMerkopa,Alma Saltana,en,「モレラにとって今は移行期です。しかし、我々が自らの理念や同盟関係を見直す中で、一つの事実がはっきりと明らかになってきます。」
0x0100005200013BE1,316,64,Rizia/Turn 4/FPnT_ANSouthMerkopa,Alma Saltana,en,「今や正義、連帯、人間の尊厳といった国際連盟の価値観に真に沿った国です。」
0x0100005200013BE8,316,65,Rizia/Turn 4/FPnT_ANSouthMerkopa,Alma Saltana,en,「我々は、もはや我が国の土地や人々、資源が無意味に搾取されることを容認できません。」
0x0100005200013BEF,316,66,Rizia/Turn 4/FPnT_ANSouthMerkopa,Player_Romus,en,「ああ、国際貿易区の件だと分かっていた。」
0x0100005200013BF6,316,67,Rizia/Turn 4/FPnT_ANSouthMerkopa,Player_Romus,en,「無意味だと？私にとって金には十分な意味があるのだ。」
0x0100005200013BFD,316,68,Rizia/Turn 4/FPnT_ANSouthMerkopa,Player_Romus,en,「それはヘーゲルが彼女の頭に植え付けたのだ。間違いない。」
0x0100005200013C04,316,69,Rizia/Turn 4/FPnT_ANSouthMerkopa,Laurento Esquibel,en,「陛下、彼女は選出されて以来、ずっとその話題から目を離していません。」
0x0100005200013C0C,316,70,Rizia/Turn 4/FPnT_ANSouthMerkopa,Laurento Esquibel,en,「強い女性の背後には、必ず狂気のヴァルグスランド社会主義者がいるのです。」
0x0100005200013C13,316,71,Rizia/Turn 4/FPnT_ANSouthMerkopa,Laurento Esquibel,en,「彼女の前任者たちが結んだ協定は非常に厳密なものでした。その状況から脱するには、多大な国際的支援が必要でしょう。」
0x0100005200013C1A,316,72,Rizia/Turn 4/FPnT_ANSouthMerkopa,Alma Saltana,en,「長い間、メフティエム国際貿易区にいる我々のいわゆる『パートナー』たちが、我々の足元をすくってきました。」
0x0100005200013C23,316,73,Rizia/Turn 4/FPnT_ANSouthMerkopa,Alma Saltana,en,「我々は彼らに我が国の土地を荒らし、労働者を虐待させてきましたが、得られる利益は本来の分をはるかに超えているのです。」
0x0100005200013C2A,316,74,Rizia/Turn 4/FPnT_ANSouthMerkopa,Alma Saltana,en,「一方、リジアのような国に鉱業規制が全く存在しないという衝撃的な事実は、彼らが国内においても海外同様に無頓着であることを示しています。」
0x0100005200013C3D,316,81,Rizia/Turn 4/FPnT_ANSouthMerkopa,Player_Romus,en,「同じ部屋に複数のマレニエフ主義者がいれば、必ず問題を引き起こすだろう。」
0x0100005200013C46,316,82,Rizia/Turn 4/FPnT_ANSouthMerkopa,Alma Saltana,en,「一方で、リジアのような国は国内の鉱業を規制する意欲はあるものの、海外での搾取に対しては目をつぶっているのです。」
0x0100005200013C4D,316,83,Rizia/Turn 4/FPnT_ANSouthMerkopa,Player_Romus,en,「私は決して目をつぶっているわけではない！ただ、MITZの規制にまだ手を付けていないだけだ。」
0x0100005200013C5B,316,84,Rizia/Turn 4/FPnT_ANSouthMerkopa,Laurento Esquibel,en,「サルタナ様もどちらにしても喜ばれないような気がします。」
0x0100005200013C68,316,85,Rizia/Turn 4/FPnT_ANSouthMerkopa,Laurento Esquibel,en,「モレラの国際的な地位は、今のところレスピアのような大国を狙えるほど高くはありません。」
0x0100005200013C70,316,86,Rizia/Turn 4/FPnT_ANSouthMerkopa,Player_Romus,en,「ラスティに屈してはいけなかったと、私は最初から分かっていた。」
0x0100005200013C77,316,87,Rizia/Turn 4/FPnT_ANSouthMerkopa,Laurento Esquibel,en,「もしこれがなければ、彼女は別の理由で我々を狙うでしょう。彼女は自分の主張を証明しようとしているのです。」
0x0100005200013C7E,316,88,Rizia/Turn 4/FPnT_ANSouthMerkopa,Player_Romus,en,「なぜ彼女は我々の名前を挙げるのか？レスピアの産業における腐敗問題はどうなるのだろうか？」
0x0100005200013C8D,316,89,Rizia/Turn 4/FPnT_ANSouthMerkopa,Player_Romus,en,「モレラの土壌がこれほど容易に地滑りを起こすのは、我々のせいではない。」
0x0100005200013C93,316,90,Rizia/Turn 4/FPnT_ANSouthMerkopa,Laurento Esquibel,en,「ここでの真の問題は規制だとは思えません。これでなければ、他の何かが原因でしょう。」
0x0100005200013C9B,316,91,Rizia/Turn 4/FPnT_ANSouthMerkopa,Alma Saltana,en,「モレラは我々の人権闘争を認めるよう国際連盟に要請しています。」
0x0100005200013CA1,316,92,Rizia/Turn 4/FPnT_ANSouthMerkopa,Alma Saltana,en,「そして、メフティエム国際貿易区が存続し続けるためには、そこで生み出されるあらゆる富をモレラの民のために再投資しなければならないということも受け入れていただきたいのです。」
0x0100005200013CA8,316,93,Rizia/Turn 4/FPnT_ANSouthMerkopa,Alma Saltana,en,「彼らは自分たちの金を守るために治安部隊を派遣するが、モレラの他の地域はデルディアのテロリストたちの思うままにしているのだ。」
0x0100005200013CB0,316,94,Rizia/Turn 4/FPnT_ANSouthMerkopa,Narrator,en,大賢者ヨルガ・アズマルは、銀色の装飾が施された儀式用のローブを身にまとい、舞台に上がってきた。
0x0100005200013CBE,316,95,Rizia/Turn 4/FPnT_ANSouthMerkopa,Narrator,en,ヴェーレンの大統領が壇上に進み出ると、部屋の中からそっと囁き声が上がった。
0x0100005200013CC5,316,96,Rizia/Turn 4/FPnT_ANSouthMerkopa,Narrator,en,彼は演劇的なジェスチャーで彼らの声を静め、その後話し続けた。
0x0100005200013CCC,316,97,Rizia/Turn 4/FPnT_ANSouthMerkopa,Wiktor Smolak (R),en,「親愛なる他国の指導者の皆様！」
0x0100005200013CD3,316,98,Rizia/Turn 4/FPnT_ANSouthMerkopa,Wiktor Smolak (R),en,「南メルコパの誇り高き六つの国の一員としてここに立てることを嬉しく思います、と言えればよいのですが。」
0x0100005200013CE0,316,99,Rizia/Turn 4/FPnT_ANSouthMerkopa,Wiktor Smolak (R),en,「それでも私が感じるのは悲しみだけです。我々の素晴らしい地域が、我々よりも強大な力によって引き裂かれてしまったという悲しみです。」
0x0100005200013CE7,316,100,Rizia/Turn 4/FPnT_ANSouthMerkopa,Wiktor Smolak (R),en,「もちろん、私が言っているのはアルカシアとルンブルクのことです。」
0x0100005200013CEF,316,101,Rizia/Turn 4/FPnT_ANSouthMerkopa,Wiktor Smolak (R),en,「力こそ正義であるという考えに固執し、自分たちを強くするために我々の間に不和を植え付けているのです。」
0x0100005200013CF6,316,102,Rizia/Turn 4/FPnT_ANSouthMerkopa,Player_Romus,en,「コンタナ連邦のことは都合よく省いてしまっているね。」
0x0100005200013CFD,316,103,Rizia/Turn 4/FPnT_ANSouthMerkopa,Player_Romus,en,「ヴェーレンが周辺の国を次々と敵に回し、その上で超大国たちを非難だと？なんて厚かましいことだ。」
0x0100005200013D04,316,104,Rizia/Turn 4/FPnT_ANSouthMerkopa,Player_Romus,en,「彼の言うことは間違っていない。外国の干渉を排除すれば、我々の国は皆、同盟者になることができる。」
0x0100005200013D12,316,108,Rizia/Turn 4/FPnT_ANSouthMerkopa,Wiktor Smolak (R),en,「そしてヴェーレンも――貧しく戦禍に苦しむヴェーレンも――最も高い代償を払わなければなりません。」
0x0100005200013D21,316,109,Rizia/Turn 4/FPnT_ANSouthMerkopa,Wiktor Smolak (R),en,「陛下、アルカシア条約機構がヴェーレン内戦に関与していたことを否定できる者はおられますか？」
0x0100005200013D28,316,110,Rizia/Turn 4/FPnT_ANSouthMerkopa,Wiktor Smolak (R),en,「戦時中であれ現在であれ、ルンブルクがブルディア人の分離主義運動に武器を供給していることも含めますか？」
0x0100005200013D30,316,111,Rizia/Turn 4/FPnT_ANSouthMerkopa,Narrator,en,ホールの中にいた誰も一言も発さなかった。ウィクトルは私をまっすぐ見上げた。
0x0100005200013D36,316,112,Rizia/Turn 4/FPnT_ANSouthMerkopa,Wiktor Smolak (R),en,「それとも、ルンブルクがブルディア人の分離主義運動に武器を供給していることはどうでしょうか？」
0x0100005200013D3F,316,113,Rizia/Turn 4/FPnT_ANSouthMerkopa,Wiktor Smolak (R),en,「その状況を考えると、内戦以来ヴェーレンで起きた最も凶悪なテロ行為であるジル爆撃が、ごく少数の反逆者による仕業だけだと簡単には受け入れられません。」
0x0100005200013D4D,316,117,Rizia/Turn 4/FPnT_ANSouthMerkopa,Wiktor Smolak (R),en,「そのことを踏まえ、内戦以来ヴェーレンで起きた最も凶悪なテロ攻撃であるジル爆破事件の加害者をリジア政府が非難しなかったことは、私として大変憂慮すべき事態です。」
0x0100005200013D54,316,118,Rizia/Turn 4/FPnT_ANSouthMerkopa,Player_Romus,en,「来た。」
0x0100005200013D5A,316,119,Rizia/Turn 4/FPnT_ANSouthMerkopa,Player_Romus,en,「彼にそんなことはできない。」
0x0100005200013D60,316,120,Rizia/Turn 4/FPnT_ANSouthMerkopa,Wiktor Smolak (R),en,「容疑者たちは既に特定され、引き渡されました。しかし、それは我々の注意をそらすための策略なのでしょうか？ルンブルクがそのような欺瞞的な手口を使うこともあり得ます。」
0x0100005200013D7F,316,127,Rizia/Turn 4/FPnT_ANSouthMerkopa,Wiktor Smolak (R),en,「ヴェーレンが最も弱体化していた時、我々の直近の隣国が度重なって我々を害そうとする国と同盟を結んだことは、私にとって永遠の遺憾事でございます。」
0x0100005200013D8C,316,128,Rizia/Turn 4/FPnT_ANSouthMerkopa,Laurento Esquibel,en,「はい、その超大国が陛下の後援者であるならば、それは数に入りません。」
0x0100005200013D93,316,129,Rizia/Turn 4/FPnT_ANSouthMerkopa,Laurento Esquibel,en,「特に、彼自身がコンタナ連邦と密接な関係を持っていることが明らかになっている以上です。」
0x0100005200013D9A,316,130,Rizia/Turn 4/FPnT_ANSouthMerkopa,Laurento Esquibel,en,「まずは、彼自身がコンタナ連邦とのつながりを断ち切ることから始めるべきです。」
0x0100005200013DA5,316,131,Rizia/Turn 4/FPnT_ANSouthMerkopa,Wiktor Smolak (R),en,「陛下、私はリジア王国のその決断を非難するつもりはありません。しかし、過去20年間にわたりルンブルクが我々の南北両方に存在を維持してきた事実も無視できません。」
0x0100005200013DB3,316,132,Rizia/Turn 4/FPnT_ANSouthMerkopa,Wiktor Smolak (R),en,「そのため、あの危険がなくなるまでジルの帰還を遅らせるために、条約上の義務を守るためのAN脅威緩和プロトコルを発動することに決めました。」
0x0100005200013DB9,316,133,Rizia/Turn 4/FPnT_ANSouthMerkopa,Player_Romus,en,「くだらん！」
0x0100005200013DC7,316,134,Rizia/Turn 4/FPnT_ANSouthMerkopa,Player_Romus_Italic,en,私は拳でテーブルを叩き、大きな音を立てた。
0x0100005200013DC7,316,134,Rizia/Turn 4/FPnT_ANSouthMerkopa,Player_Romus_Italic,Menu Text en,目の前のテーブルを拳で叩く
0x0100005200013DCF,316,135,Rizia/Turn 4/FPnT_ANSouthMerkopa,Narrator,en,会場中には驚きの声やつぶやきが広がっていった。私は多くの視線が自分に向けられているのを感じた。
0x0100005200013DE0,316,136,Rizia/Turn 4/FPnT_ANSouthMerkopa,Laurento Esquibel,en,「陛下、反対意見を述べるのはご自身の演説の時までお待ちいただく必要がございます。」
0x0100005200013DEE,316,140,Rizia/Turn 4/FPnT_ANSouthMerkopa,Wiktor Smolak (R),en,「リジアでは、我々が犯人だと考えている組織について調査を進めています。しかし、それは我々の注意をそらすための策略なのでしょうか？ルンブルクはそのような欺瞞的な手口を使うことも厭わないのです。」
0x0100005200013DF5,316,141,Rizia/Turn 4/FPnT_ANSouthMerkopa,Wiktor Smolak (R),en,「私は法の支配を尊重する者です。しかし、未だ解決されていないこれらの問題が残る中で領土を放棄し、国と民を危険に晒すわけにはいきません。」
0x0100005200013DFD,316,142,Rizia/Turn 4/FPnT_ANSouthMerkopa,Player_Romus_Italic,en,私はじっと座ったまま、耳を傾け続けた。
0x0100005200013DFD,316,142,Rizia/Turn 4/FPnT_ANSouthMerkopa,Player_Romus_Italic,Menu Text en,黙っている
0x0100005200013E08,316,143,Rizia/Turn 4/FPnT_ANSouthMerkopa,Narrator,en,ラウレントは肩をすくめて、彼らと一緒になった。
0x0100005200013E0F,316,144,Rizia/Turn 4/FPnT_ANSouthMerkopa,Wiktor Smolak (R),en,「特に、この事件を調査している政府機関は真実を明らかにするよりも、ヴェーレンに責任を押し付けることにのみ関心があるようですから。」
0x0100005200013E16,316,145,Rizia/Turn 4/FPnT_ANSouthMerkopa,Wiktor Smolak (R),en,「その事件後のリジアの無策は、多くを物語っています。」
0x0100005200013E1D,316,146,Rizia/Turn 4/FPnT_ANSouthMerkopa,Wiktor Smolak (R),en,「どうすればこのような暴力が再び起こるのを防げるのでしょうか？リジア、ひいてはルンブルクが再びこの地域の支配権を取り戻した後、ズィルを拠点としているウェヘツ族に何が起こるのでしょうか？」
0x0100005200013E28,316,147,Rizia/Turn 4/FPnT_ANSouthMerkopa,Narrator,en,ナインズ大統領は静寂を求めて木槌で叩いた。
0x0100005200013E2F,316,148,Rizia/Turn 4/FPnT_ANSouthMerkopa,Narrator,en,部屋の中のざわめき声はますます大きくなっていった。ナインズ大統領は静寂を求めて木槌で叩いた。
0x0100005200013E37,316,149,Rizia/Turn 4/FPnT_ANSouthMerkopa,Laurento Esquibel,en,「しかし、陛下、それはまさにくだらない話です。」
0x0100005200013E43,316,153,Rizia/Turn 4/FPnT_ANSouthMerkopa,Narrator,en,部屋の向こう側から、我々もパトリシオ・アルバレスが同じようにしているのを見た。
0x0100005200013E53,316,154,Rizia/Turn 4/FPnT_ANSouthMerkopa,Wiktor Smolak (R),en,「もしよろしければ、続けさせていただきます...」
0x0100005200013E62,316,155,Rizia/Turn 4/FPnT_ANSouthMerkopa,Wiktor Smolak (R),en,「私はズィル地域を永遠に支配下に置くつもりはありません。安全が早く回復すればするほど、秩序ある移行の準備を始めることができます。」
0x0100005200013E69,316,156,Rizia/Turn 4/FPnT_ANSouthMerkopa,Wiktor Smolak (R),en,「陛下であるロムス・トラス王と南メルコパの他の国から迅速な協力を得られることを願っております。」
0x0100005200013E76,316,157,Rizia/Turn 4/FPnT_ANSouthMerkopa,Narrator,en,話し始める前に、彼はゴルコンド主義の六つの柱を象徴するかのように、空中で六回手を振った。
0x0100005200013E7E,316,158,Rizia/Turn 4/FPnT_ANSouthMerkopa,Laurento Esquibel,en,「彼がわざわざここまでやって来たなんて驚きです。デルディアの大賢者は普段、公の場で話すことを控えているものですから。」
0x0100005200013E85,316,159,Rizia/Turn 4/FPnT_ANSouthMerkopa,Player_Romus,en,「彼は洞窟で祈りに明け暮れているのか？」
0x0100005200013E8C,316,160,Rizia/Turn 4/FPnT_ANSouthMerkopa,Player_Romus,en,「彼が言うことは何であれ、重要なことに違いない。」
0x0100005200013E93,316,161,Rizia/Turn 4/FPnT_ANSouthMerkopa,Player_Romus,en,「きっと、私の姿を一目見たくて急いだのだろう。」
0x0100005200013E9A,316,162,Rizia/Turn 4/FPnT_ANSouthMerkopa,Narrator,en,大賢者は低く力強いバリトンの声で話した。
0x0100005200013EA3,316,163,Rizia/Turn 4/FPnT_ANSouthMerkopa,Jorga Azmal,en,「南メルコパの偉大で強力な指導者の皆様。預言者ヴルヘックの名において、皆様に敬意を表します。」
0x0100005200013EAA,316,164,Rizia/Turn 4/FPnT_ANSouthMerkopa,Jorga Azmal,en,「私は、大陸の運命を我々人間だけで決定することはできず、神の導きがなければそれも不可能であるということをよく理解しております。」
0x0100005200013EB1,316,165,Rizia/Turn 4/FPnT_ANSouthMerkopa,Jorga Azmal,en,「今日、私がここに至るまで導いてくださったのも神のおかげです。」
0x0100005200013EB8,316,166,Rizia/Turn 4/FPnT_ANSouthMerkopa,Jorga Azmal,en,「我々は、陛下の法によって統治されることを厭わないほど勇敢な数少ない国の一つです。しかし同時に、他の国と変わらない普通の国でもあります。」
0x0100005200013EBF,316,167,Rizia/Turn 4/FPnT_ANSouthMerkopa,Jorga Azmal,en,「しかし、隣国との間で共通点を見出そうとする我々の試みは、我々の信念だけが理由で何度も拒絶されてきました。」
0x0100005200013ECD,316,168,Rizia/Turn 4/FPnT_ANSouthMerkopa,Narrator,en,私はアルマ・サルタナが座っている場所に目をやった。彼女は明らかに不機嫌な顔をしていた。
0x0100005200013ED4,316,169,Rizia/Turn 4/FPnT_ANSouthMerkopa,Jorga Azmal,en,「モレラの首相は、我々が彼女の国境を侵害したと非難しています。しかし、つい最近まで我々は一つの国だったのです。」
0x0100005200013EDB,316,170,Rizia/Turn 4/FPnT_ANSouthMerkopa,Jorga Azmal,en,「恣意的に引かれた境界線のせいで、私の民はもはや先祖の墓やかつて崇拝していた聖地を訪れることができなくなってしまったのです。」
0x0100005200013EE2,316,171,Rizia/Turn 4/FPnT_ANSouthMerkopa,Jorga Azmal,en,「アドリア、デルディア、モレラ、リジア、ヴェーレンの我々全員がそれぞれ異なる見解を持っていますが、聖ヴルヘックの神聖な道によって一つに結ばれているのです。」
0x0100005200013EE9,316,172,Rizia/Turn 4/FPnT_ANSouthMerkopa,Jorga Azmal,en,「私の謙虚な願いとして、我々デルディア人も何世紀にもわたってきたように、その道を歩めるようになることです。」
0x0100005200013EF0,316,173,Rizia/Turn 4/FPnT_ANSouthMerkopa,Player_Romus,en,「ふむ、彼の言い分は十分に理にかなっているようだ。」
0x0100005200013EF7,316,174,Rizia/Turn 4/FPnT_ANSouthMerkopa,Player_Romus,en,「あなたたちは、デルディアン族が何世紀にもわたって続けてきたような暴力的な反乱に加担しているという点を忘れているのだ。」
0x0100005200013EFE,316,175,Rizia/Turn 4/FPnT_ANSouthMerkopa,Player_Romus,en,「それはあまりにも単純化しすぎている。彼の道は我々デルディア人の道ではない。」
0x0100005200013F06,316,176,Rizia/Turn 4/FPnT_ANSouthMerkopa,Laurento Esquibel,en,「彼はヴルヘック教内の相違点を無視しているのは事実です。しかし、我々も多くの同じ聖地を共有しています。」
0x0100005200013F0D,316,177,Rizia/Turn 4/FPnT_ANSouthMerkopa,Laurento Esquibel,en,「はい、彼は自らを平和の使者だと装っていますが、実際にはそうでは全くありません。」
0x0100005200013F14,316,178,Rizia/Turn 4/FPnT_ANSouthMerkopa,Laurento Esquibel,en,「しかし、彼の言葉がデルディアの巡礼者たちによる暴力的な行為を正当化できるものでしょうか？」
0x0100005200013F1B,316,179,Rizia/Turn 4/FPnT_ANSouthMerkopa,Jorga Azmal,en,「その件についてですが、我が国が行っているミサイル試験に関して懸念の声が上がっております。」
0x0100005200013F24,316,180,Rizia/Turn 4/FPnT_ANSouthMerkopa,Jorga Azmal,en,「我々の目的は、常に自国の民とその生活様式を守ることだけでした。」
0x0100005200013F2F,316,181,Rizia/Turn 4/FPnT_ANSouthMerkopa,Player_Romus,en,「その通りだ。MITZにおいてもリジアで用いているのと同じ基準を適用すべきだ。」
0x0100005200013F36,316,182,Rizia/Turn 4/FPnT_ANSouthMerkopa,Laurento Esquibel,en,「陛下、もしモントーロ氏とのさらなる厳しい戦いにご覚悟でいらっしゃるなら、我々にもそれが可能です。」
0x0100005200013F3E,316,183,Rizia/Turn 4/FPnT_ANSouthMerkopa,Emmerich Hegel (R),en,「お見事です、首相陛下！」
0x0100005200013F50,316,184,Rizia/Turn 4/FPnT_ANSouthMerkopa,Narrator,en,ヘーゲル書記長は今、立っていた。他の国際連盟の来賓たちも彼の方へと顔を向けた。
0x0100005200013F57,316,185,Rizia/Turn 4/FPnT_ANSouthMerkopa,Emmerich Hegel (R),en,「国際貿易区の管理者として、また帝国主義との戦いにおける仲間として、ヴァルグスランドはモレラの歩みを支援します。」
0x0100005200013F65,316,186,Rizia/Turn 4/FPnT_ANSouthMerkopa,Player_Romus,en,「彼はきっと彼女と大きな取引を結んだのだろう。」
0x0100005200013F6C,316,187,Rizia/Turn 4/FPnT_ANSouthMerkopa,Player_Romus,en,「あなた、彼が自分を利用していることに気づかないのか？」
0x0100005200013F73,316,188,Rizia/Turn 4/FPnT_ANSouthMerkopa,Player_Romus,en,「彼が彼女をコンタナ条約機構に入れることはできないのか、本当に確かなのか？」
0x0100005200013F7A,316,189,Rizia/Turn 4/FPnT_ANSouthMerkopa,Laurento Esquibel,en,「確かに、この会合が開催される数週間前から、二人はより頻繁に会っていました。」
0x0100005200013F81,316,190,Rizia/Turn 4/FPnT_ANSouthMerkopa,Laurento Esquibel,en,「モレラが軍事力を強化するまでは無理です。おそらく、この突然の国有化への関心もそのためでしょう...」
0x0100005200013F88,316,191,Rizia/Turn 4/FPnT_ANSouthMerkopa,Laurento Esquibel,en,「誰が誰を利用しているのか、見分けるのは難しいですね。」
0x0100005200013F8F,316,192,Rizia/Turn 4/FPnT_ANSouthMerkopa,Narrator,en,ヘーゲルは再び腰を下ろした。ナインズはサルタナ首相に続けるよう合図した。
0x0100005200013F98,316,193,Rizia/Turn 4/FPnT_ANSouthMerkopa,Alma Saltana,en,「今日は皆様にご注目いただき、感謝申し上げます。南メルコパの民のためにより明るい未来を築くことを楽しみにしております。」
0x0100005200013F9E,316,194,Rizia/Turn 4/FPnT_ANSouthMerkopa,Patricio Alvarez (R),en,「大統領。」
0x0100005200013FA4,316,195,Rizia/Turn 4/FPnT_ANSouthMerkopa,Player_Romus_Italic,en,私は何も言わなかった。
0x0100005200013FA4,316,195,Rizia/Turn 4/FPnT_ANSouthMerkopa,Player_Romus_Italic,Menu Text en,黙っている
0x0100005200013FAC,316,196,Rizia/Turn 4/FPnT_ANSouthMerkopa,Laurento Esquibel,en,「陛下、これは前例のないことでございます。ほぼ1世紀前に国際連盟の憲章が調印されて以来、どの国家もこの手続きを取ったことはありません。」
0x0100005200013FB4,316,197,Rizia/Turn 4/FPnT_ANSouthMerkopa,Wiktor Smolak (R),en,「共にあれば、我々は強くなります！」
0x0100005200013FBB,316,198,Rizia/Turn 4/FPnT_ANSouthMerkopa,Narrator,en,彼は拍手を期待して両腕を上げた。しかし、拍手は一切なかった。
0x0100005200013FC2,316,199,Rizia/Turn 4/FPnT_ANSouthMerkopa,Laurento Esquibel,en,「我々の隣国のどこも、公然とヴェーレンの側についてはいません。それは我々にとって好都合です。」
0x0100005200013FC9,316,200,Rizia/Turn 4/FPnT_ANSouthMerkopa,Narrator,en,ヴィクトルは首を振って舞台を去った。
0x0100005200013FD1,316,201,Rizia/Turn 4/FPnT_ANSouthMerkopa,Narrator,en,次にパトリシオ・アルバレス首相が登壇した。彼はマイクの前に進みながらネクタイを整えた。
0x0100005200013FDA,316,202,Rizia/Turn 4/FPnT_ANSouthMerkopa,Patricio Alvarez (R),en,「まず初めに、この優れた組織とその果たす役割に対し、心からの支持を表明させていただきたく存じます。」
0x0100005200013FE1,316,203,Rizia/Turn 4/FPnT_ANSouthMerkopa,Patricio Alvarez (R),en,「国際連盟がいなければ、我々の国の些細な争いが世界を飲み込んでしまうのを止める手段は存在しないでしょう。」
0x0100005200013FE8,316,204,Rizia/Turn 4/FPnT_ANSouthMerkopa,Patricio Alvarez (R),en,「皆様、それこそが今日、実際に起こりかねない危険なのです。」
0x0100005200014003,316,211,Rizia/Turn 4/FPnT_ANSouthMerkopa,Patricio Alvarez (R),en,「レスピア国は、アンタセア海のアウレウス・ガス田周辺にリジア海軍が配備されていることを深く憂慮しております。」
0x010000520001400A,316,212,Rizia/Turn 4/FPnT_ANSouthMerkopa,Patricio Alvarez (R),en,「リジアは法的手続きを尊重し、仲裁の結果がどのようなものであれそれを受け入れることが不可欠です。」
0x0100005200014011,316,213,Rizia/Turn 4/FPnT_ANSouthMerkopa,Patricio Alvarez (R),en,「係争中の領土を軍事力で占領することは、国際連盟が最も大切にしている原則に明らかに反しています。」
0x0100005200014019,316,214,Rizia/Turn 4/FPnT_ANSouthMerkopa,Patricio Alvarez (R),en,「我々はこの紛争の平和的解決を支援する用意がございます。どうか国際連盟におかれましては、リジアの武力行使がその判断を歪めないようお願い申し上げます。」
0x0100005200014020,316,215,Rizia/Turn 4/FPnT_ANSouthMerkopa,Patricio Alvarez (R),en,「このような露骨な脅迫手段の使用は、その王国がそうするつもりなど全くないことを示しています。」
0x0100005200014028,316,216,Rizia/Turn 4/FPnT_ANSouthMerkopa,Patricio Alvarez (R),en,「先ほど知ったとおり、ヴェーレン国は『国家安全保障』を口実にジル地方を依然として支配し続けています。」
0x0100005200014035,316,220,Rizia/Turn 4/FPnT_ANSouthMerkopa,Patricio Alvarez (R),en,「ジルで起きたテロ攻撃の被害者たちに対しては深い同情の念を抱いております。しかし、そのような攻撃がこの地域の復帰を遅らせる理由になるとは考えておりません、陛下。」
0x010000520001403C,316,221,Rizia/Turn 4/FPnT_ANSouthMerkopa,Patricio Alvarez (R),en,「実のところ、これからはヴェーレンがジルで行っている行為は、リジア領土の違法な占領と見なされるべきです。」
0x0100005200014043,316,222,Rizia/Turn 4/FPnT_ANSouthMerkopa,Patricio Alvarez (R),en,「これは我々が大切にしてきた価値観への社会主義的な侵攻に他なりません。」
0x010000520001404A,316,223,Rizia/Turn 4/FPnT_ANSouthMerkopa,Patricio Alvarez (R),en,「リジアは法の支配を守ることだけをしてきましたが、ヴェーレンは自分たちが所有していないものまで支配しようとしています。」
0x0100005200014051,316,224,Rizia/Turn 4/FPnT_ANSouthMerkopa,Player_Romus,en,「なるほど、その通りだ！」
0x0100005200014058,316,225,Rizia/Turn 4/FPnT_ANSouthMerkopa,Player_Romus,en,「スモラク大統領、聞いたか？違法だというのだ！」
0x010000520001405F,316,226,Rizia/Turn 4/FPnT_ANSouthMerkopa,Narrator,en,集まっていた人々から、控えめな拍手が起こった。
0x0100005200014067,316,227,Rizia/Turn 4/FPnT_ANSouthMerkopa,Laurento Esquibel,en,「ふむ。レスピアの支援は励みになりますが、他の隣国を味方につけるためにはもっと努力しなければならないかもしれません。」
0x010000520001406E,316,228,Rizia/Turn 4/FPnT_ANSouthMerkopa,Player_Romus_Italic,en,私は群衆の反応を待っていた。
0x010000520001406E,316,228,Rizia/Turn 4/FPnT_ANSouthMerkopa,Player_Romus_Italic,Menu Text en,何も言わず、群衆の反応を待つ
0x0100005200014077,316,229,Rizia/Turn 4/FPnT_ANSouthMerkopa,Patricio Alvarez (R),en,「今、東方のマレニエフ主義者たちが企てる、南メルコパに対する新たな脅威にも対処せねばならないようです。」
0x010000520001407E,316,230,Rizia/Turn 4/FPnT_ANSouthMerkopa,Patricio Alvarez (R),en,「私が言っているのは、もちろんメフティエム国際貿易区を国有化しようとする陰謀のことです。」
0x0100005200014085,316,231,Rizia/Turn 4/FPnT_ANSouthMerkopa,Narrator,en,ヘーゲル書記長は再び立ち上がった。アルバレスは彼を無視した。
0x010000520001409A,316,232,Rizia/Turn 4/FPnT_ANSouthMerkopa,Patricio Alvarez (R),en,「モレラが独自に行動しているなどと、一瞬たりとも思ってはなりません。これの背後にはコンタナ条約機構の影響力があるのです。」
0x01000052000140A1,316,233,Rizia/Turn 4/FPnT_ANSouthMerkopa,Patricio Alvarez (R),en,「サルタナ首相の要求に屈することで、レスピアとリジアの国は事実上、コンタナ連邦の影響力拡大のために金を支払うことになるのです。」
0x01000052000140A8,316,234,Rizia/Turn 4/FPnT_ANSouthMerkopa,Patricio Alvarez (R),en,「その悲惨な結果を避けたいと願っているのは、私だけではないことを理解しております。」
0x01000052000140B5,316,238,Rizia/Turn 4/FPnT_ANSouthMerkopa,Narrator,en,彼は私をまっすぐ見つめた。
0x01000052000140BD,316,239,Rizia/Turn 4/FPnT_ANSouthMerkopa,Patricio Alvarez (R),en,「その悲惨な結果を避けたいと願っているのは、私だけではないことを理解しております。」
0x01000052000140C4,316,240,Rizia/Turn 4/FPnT_ANSouthMerkopa,Player_Romus_Italic,en,私は席から拍手をした。ラウレントも一緒に拍手した。
0x01000052000140C4,316,240,Rizia/Turn 4/FPnT_ANSouthMerkopa,Player_Romus_Italic,Menu Text en,拍手をする
0x01000052000140CC,316,241,Rizia/Turn 4/FPnT_ANSouthMerkopa,Player_Romus_Italic,en,私は何も言わなかった。アルバレス首相は少し間を置いてから、再び話し始めた。
0x01000052000140CC,316,241,Rizia/Turn 4/FPnT_ANSouthMerkopa,Player_Romus_Italic,Menu Text en,何もしない
0x01000052000140DA,316,245,Rizia/Turn 4/FPnT_ANSouthMerkopa,Narrator,en,彼はパレス人の代表団を見つめた。ラインハルトとその閣僚たちは丁寧に拍手した。
0x01000052000140E1,316,246,Rizia/Turn 4/FPnT_ANSouthMerkopa,Patricio Alvarez (R),en,「私はモレラとヴァルグスランドに、国際連盟が注視していることを思い出させてやろう。アルカシア条約機構も同様だ。」
0x01000052000140EB,316,247,Rizia/Turn 4/FPnT_ANSouthMerkopa,Patricio Alvarez (R),en,「レスピア国は、パレスとリジアの間のガス田を巡る争いをある程度懸念を持って見守ってきました。」
0x01000052000140F2,316,248,Rizia/Turn 4/FPnT_ANSouthMerkopa,Patricio Alvarez (R),en,「過去の例からも、資源を巡る争いが容易に暴力へとエスカレートすることがわかっております。」
0x0100005200014101,316,249,Rizia/Turn 4/FPnT_ANSouthMerkopa,Patricio Alvarez (R),en,「我々の立場からすれば、カレカビズ島が面積も居住可能な範囲も狭いため、パレス大公国の方がリジア王国よりもその地に対する権利が強いことは明らかです。」
0x01000052000140FA,316,250,Rizia/Turn 4/FPnT_ANSouthMerkopa,Patricio Alvarez (R),en,「仲裁が終了する前に、どのような結果であれ、両国にその結果を尊重していただきたくお願い申し上げます。」
0x0100005200014109,316,251,Rizia/Turn 4/FPnT_ANSouthMerkopa,Player_Romus_Italic,en,私は目の前のテーブルを拳で叩きつけた。ラウレントや他のリジア人代表たちもそれに加わった。
0x0100005200014109,316,251,Rizia/Turn 4/FPnT_ANSouthMerkopa,Player_Romus_Italic,Menu Text en,抗議して拳でテーブルを叩く
0x0100005200014111,316,252,Rizia/Turn 4/FPnT_ANSouthMerkopa,Emmerich Hegel (R),en,「まったくのでたらめだ！」
0x0100005200014118,316,253,Rizia/Turn 4/FPnT_ANSouthMerkopa,Narrator,en,皆が振り返ってヴァルグスランド書記長を見た。ヘーゲルは頭を下げた。
0x0100005200014121,316,254,Rizia/Turn 4/FPnT_ANSouthMerkopa,Patricio Alvarez (R),en,「我々も、国際連盟に対し、決定を下す前に証拠を徹底的に再検討していただくようお願い申し上げます。」
0x010000520001412A,316,255,Rizia/Turn 4/FPnT_ANSouthMerkopa,Player_Romus,en,「エスキベルさん、何かお話しすべきだろうか？」
0x0100005200014131,316,256,Rizia/Turn 4/FPnT_ANSouthMerkopa,Laurento Esquibel,en,「意味は分かりませんが、もしそう望むのであれば――。」
0x0100005200014139,316,257,Rizia/Turn 4/FPnT_ANSouthMerkopa,Player_Romus,en,「嘘つき！」
0x0100005200014140,316,258,Rizia/Turn 4/FPnT_ANSouthMerkopa,Laurento Esquibel,en,「陛下、叫ぶ必要はございません。国際連盟がすぐに見抜きます――。」
0x010000520001414F,316,259,Rizia/Turn 4/FPnT_ANSouthMerkopa,Emmerich Hegel (R),en,「時期を選ばぬ咳で失礼いたしました。今日はひどい風邪にかかっております。」
0x010000520001415D,316,260,Rizia/Turn 4/FPnT_ANSouthMerkopa,Player_Romus,en,「宰相様、ありがとう。」
0x0100005200014164,316,261,Rizia/Turn 4/FPnT_ANSouthMerkopa,Player_Romus,en,「ヘーゲル様のお言葉は承ったが、私にはあなた様の支援は不要だ。」
0x010000520001416B,316,262,Rizia/Turn 4/FPnT_ANSouthMerkopa,Player_Romus_Italic,en,私は何も言わなかった。ヘーゲルは私をじっと見つめた後、再び椅子に腰掛けた。
0x010000520001416B,316,262,Rizia/Turn 4/FPnT_ANSouthMerkopa,Player_Romus_Italic,Menu Text en,何も言わない
0x0100005200014173,316,263,Rizia/Turn 4/FPnT_ANSouthMerkopa,Narrator,en,彼は私に意味深な視線を送った後、再び椅子に腰掛けた。
0x010000520001417B,316,264,Rizia/Turn 4/FPnT_ANSouthMerkopa,Patricio Alvarez (R),en,「ええと。それでは、今日お話ししようと思っていたもう一つの点に移ります……」
0x0100005200014185,316,265,Rizia/Turn 4/FPnT_ANSouthMerkopa,Patricio Alvarez (R),en,「違法な手段によって国際貿易区を奪おうとするあらゆる試みは、必ず報復に遭うでしょう。」
0x010000520001418C,316,266,Rizia/Turn 4/FPnT_ANSouthMerkopa,Narrator,en,彼は部屋の中を見回した。
0x0100005200014196,316,267,Rizia/Turn 4/FPnT_ANSouthMerkopa,Patricio Alvarez (R),en,「それで全てです。」
0x010000520001419D,316,268,Rizia/Turn 4/FPnT_ANSouthMerkopa,Jorga Azmal,en,「我々がこの技術を悪のために使うのではなく、世界の安全と安定に貢献するために用いるのは、神の意志です。」
0x01000052000141A4,316,269,Rizia/Turn 4/FPnT_ANSouthMerkopa,Narrator,en,アルマ・サルタナは笑い始めた。
0x01000052000141AB,316,270,Rizia/Turn 4/FPnT_ANSouthMerkopa,Player_Romus,en,「神様がミサイルを欲しいだと？それは計り知れない価値があるな！」
0x01000052000141B3,316,271,Rizia/Turn 4/FPnT_ANSouthMerkopa,Player_Romus,en,「それは面白くない。怖い。」
0x01000052000141BB,316,272,Rizia/Turn 4/FPnT_ANSouthMerkopa,Player_Romus,en,「彼の言う通りだ。人間がこれらの武器を作ったのは事実だが、正しい使い方を教えてくれるのは神のみだ。」
0x01000052000141C3,316,273,Rizia/Turn 4/FPnT_ANSouthMerkopa,Laurento Esquibel,en,「では、神が最高賢者を正しい道へと導いてくださることを願います。」
0x01000052000141CA,316,274,Rizia/Turn 4/FPnT_ANSouthMerkopa,Laurento Esquibel,en,「恐ろしいのは、彼がこの技術に不適切な買い手を見つけてしまうことです。」
0x01000052000141D1,316,275,Rizia/Turn 4/FPnT_ANSouthMerkopa,Laurento Esquibel,en,「陛下、それはすべてゴルコンド主義者たちの教えに書かれております。」
0x01000052000141D8,316,276,Rizia/Turn 4/FPnT_ANSouthMerkopa,Narrator,en,アズマルは演壇の上に両手を置いた。
0x01000052000141E1,316,277,Rizia/Turn 4/FPnT_ANSouthMerkopa,Jorga Azmal,en,「どれほど落ちぶれたことか、南メルコパで唯一ヌーリティ教の柱がまだ堂々と立っている国でさえ笑いものに扱われているのです。」
0x01000052000141E8,316,278,Rizia/Turn 4/FPnT_ANSouthMerkopa,Jorga Azmal,en,「皆さんは超大国の話をしますが、我々が警戒すべき超大国はただ一つだけだと知っています。」
0x01000052000141EF,316,279,Rizia/Turn 4/FPnT_ANSouthMerkopa,Narrator,en,彼は上を指差した。
0x01000052000141F6,316,280,Rizia/Turn 4/FPnT_ANSouthMerkopa,Jorga Azmal,en,「陛下、我々の国が一刻も早く彼のもとに結集すれば、真の平和と繁栄もそれだけ早く実現できるのです。」
0x01000052000141FD,316,281,Rizia/Turn 4/FPnT_ANSouthMerkopa,Player_Romus,en,「ハライタ。」
0x0100005200014203,316,282,Rizia/Turn 4/FPnT_ANSouthMerkopa,Player_Romus_Italic,en,私は口をつぐむ音を立てた。
0x0100005200014203,316,282,Rizia/Turn 4/FPnT_ANSouthMerkopa,Player_Romus_Italic,Menu Text en,彼女を黙らせる
0x010000520001420B,316,283,Rizia/Turn 4/FPnT_ANSouthMerkopa,Alma Saltana,en,「申し訳ありません。こちらは国の会合であって、説教の場だとは思いませんでした。」
0x0100005200014214,316,284,Rizia/Turn 4/FPnT_ANSouthMerkopa,Player_Romus,en,「なんて変人なのだろう。」
0x010000520001421B,316,285,Rizia/Turn 4/FPnT_ANSouthMerkopa,Player_Romus,en,「そのシャンデリアが超大国なのか？」
0x0100005200014222,316,286,Rizia/Turn 4/FPnT_ANSouthMerkopa,Player_Romus_Italic,en,私は部屋にいた人々の半分ほどと一緒に拍手した。
0x0100005200014222,316,286,Rizia/Turn 4/FPnT_ANSouthMerkopa,Player_Romus_Italic,Menu Text en,拍手をする
0x010000520001422F,316,290,Rizia/Turn 4/FPnT_ANSouthMerkopa,Laurento Esquibel,en,「有望な人物です。どうせ彼の国にはエネルギーが必要ですから…」
0x0100005200014236,316,291,Rizia/Turn 4/FPnT_ANSouthMerkopa,Laurento Esquibel,en,「予測不可能な存在です。東側にも西側にも明確に属していないのは間違いありません。」
0x010000520001423D,316,292,Rizia/Turn 4/FPnT_ANSouthMerkopa,Narrator,en,ラウレントは笑いをこらえた。
0x010000520001424A,316,296,Rizia/Turn 4/FPnT_ANSouthMerkopa,Laurento Esquibel,en,「実に強い信仰心を持つ人物ですね。しかし、信仰だけでは彼の国の問題を解決することはできません。」
0x0100005200014261,316,300,Rizia/Turn 4/FPnT_ANSouthMerkopa,Laurento Esquibel,en,「奇妙な指導者ですが、役立つ可能性もあります。何しろ彼の国にはエネルギーが必要なのですから...」
0x0100005200014267,316,301,Rizia/Turn 4/FPnT_ANSouthMerkopa,Laurento Esquibel,en,「彼は予測不能な存在です。東側にも西側にも明確に属しているわけではありません。」
0x0100005200014279,316,305,Rizia/Turn 4/FPnT_ANSouthMerkopa,Narrator,en,ラインハルト大公は壇上に歩み出た。パレス人の指導者がスポットライトを浴びている間、私は彼のあごに無精ひげが生え、目の下にはくまができているのが見えた。
0x0100005200014280,316,306,Rizia/Turn 4/FPnT_ANSouthMerkopa,Narrator,en,私が席を立つと、ラウレントは励ますように短く微笑んでくれた。
0x0100005200014287,316,307,Rizia/Turn 4/FPnT_ANSouthMerkopa,Player_Romus,en,「国際連盟の尊敬すべき皆様！」
0x0100005200014294,316,311,Rizia/Turn 4/FPnT_ANSouthMerkopa,Narrator,en,私はわずかな拍手を背に受けながら壇上へと歩み上がった。ヴェーレンとレスピアからの代表団たちは意図的に沈黙を守っていた。
0x010000520001429B,316,312,Rizia/Turn 4/FPnT_ANSouthMerkopa,Narrator,en,私はわずかな拍手を背に受けながら壇上へと歩み上がった。ヴェーレンとパレスからの代表団たちは意図的に沈黙を守っていた。
0x01000052000142A4,316,313,Rizia/Turn 4/FPnT_ANSouthMerkopa,Player_Romus,en,「自由世界の諸君たちよ！」
0x01000052000142AC,316,314,Rizia/Turn 4/FPnT_ANSouthMerkopa,Player_Romus,en,「南メルコパの最も尊敬すべき指導者の皆様！」
0x01000052000142B4,316,315,Rizia/Turn 4/FPnT_ANSouthMerkopa,Player_Romus,en,「初めてこの集会でご挨拶をさせていただけることは、私にとって大変光栄なことだ。」
0x01000052000142BC,316,316,Rizia/Turn 4/FPnT_ANSouthMerkopa,Alma Saltana,en,「全員です」
0x01000052000142C3,316,317,Rizia/Turn 4/FPnT_ANSouthMerkopa,Player_Romus,en,「私の君主としての先祖たちは、この機関及びその価値観に対する深い敬意を私に植え付けてくれた。」
0x01000052000142CC,316,318,Rizia/Turn 4/FPnT_ANSouthMerkopa,Player_Romus,en,「今日は国際連盟がいかに重要であるかについて十分お話しした。なので、すぐ本題に入る。」
0x01000052000142D5,316,319,Rizia/Turn 4/FPnT_ANSouthMerkopa,Player_Romus,en,「南メルコパを苦しめている分裂の状況を見て、私がこれほど悲しく思うのもそのためだ。」
0x01000052000142DB,316,320,Rizia/Turn 4/FPnT_ANSouthMerkopa,Player_Romus,en,「歴史を振り返れば何度も明らかになってきたように、我々の国は分かち合って行動するよりも団結して行動した方がはるかに大きな成果を達成できるのだ。」
0x01000052000142E1,316,321,Rizia/Turn 4/FPnT_ANSouthMerkopa,Player_Romus,en,「国際連盟が緊張した時代に平和と正義へ絶え間なく尽くす姿勢は、真に感銘を与えるものだ。」
0x01000052000142ED,316,322,Rizia/Turn 4/FPnT_ANSouthMerkopa,Player_Romus,en,「私は、あなた方全員がヴェーレンがジルを返さないことを、明らかな国際法違反であると正しく認識してくれることを願っている。」
0x01000052000142F9,316,323,Rizia/Turn 4/FPnT_ANSouthMerkopa,Player_Romus,en,「AN脅威緩和プロトコルは極端な状況下でのみ発動可能だ。私の見解では、ジル事件はそのような状況に該当しない。」
0x01000052000142FF,316,324,Rizia/Turn 4/FPnT_ANSouthMerkopa,Player_Romus,en,「しかし、そのような絆は必ずしも自然に生まれるわけではない。時には育て上げられ、また時には強制されることもあるのだ。」
0x0100005200014304,316,325,Rizia/Turn 4/FPnT_ANSouthMerkopa,Player_Romus,en,「安全保障やルンブルクを口実にする意図など、賢明な人であれば誰でも見抜くことができる。これは純粋に自己利益のための決定に過ぎない。」
0x010000520001430B,316,326,Rizia/Turn 4/FPnT_ANSouthMerkopa,Player_Romus,en,「その爆撃は悲劇だった。だが、私の王国は二度と同様のことが起きないよう、必要な措置を講じている。」
0x0100005200014314,316,327,Rizia/Turn 4/FPnT_ANSouthMerkopa,Player_Romus,en,「今日、アルバレス首相がヴェーレンに反対して声を上げたその勇気に、私は感謝している。」
0x010000520001431F,316,331,Rizia/Turn 4/FPnT_ANSouthMerkopa,Player_Romus,en,「私は、昨年起きた恐ろしい事件を解決する上で、我が国の協力を約束する。」
0x0100005200014325,316,332,Rizia/Turn 4/FPnT_ANSouthMerkopa,Player_Romus,en,「ヴェーレンが法的文書の条項を無視しようとする姿勢は、大陸の他の地域との関係において極めて憂慮すべき影響をもたらす。」
0x010000520001432C,316,333,Rizia/Turn 4/FPnT_ANSouthMerkopa,Narrator,en,ヴィクトル・スモラクは席から拍手をした。彼の顔には穏やかな表情が浮かんでいた。
0x0100005200014331,316,334,Rizia/Turn 4/FPnT_ANSouthMerkopa,Player_Romus,en,「彼がANプロトコルを呼びかけたのは全くもって理解できる。この地域の安全が回復されない限り、ジルの権力移行など起こり得ない。」
0x01000052000142F3,316,335,Rizia/Turn 4/FPnT_ANSouthMerkopa,Player_Romus,en,「必要となった時には、南メルコパの他の地域もこの件で支援をしてくれるものと信じている。」
0x010000520001433D,316,336,Rizia/Turn 4/FPnT_ANSouthMerkopa,Player_Romus,en,「サルタナ首相、ヴェーレンが犯してきた人権侵害を考えれば、モレラとしては決して沈黙を守るわけにはいかない。」
0x0100005200014349,316,337,Rizia/Turn 4/FPnT_ANSouthMerkopa,Player_Romus,en,「国際連盟の迅速な介入により、多くの悪事を企む者たちがその足を止められた。」
0x0100005200014351,316,338,Rizia/Turn 4/FPnT_ANSouthMerkopa,Player_Romus,en,「ですから、今日ここで皆様にお願いを申し上げているのだ。」
0x01000052000143ED,316,339,Rizia/Turn 4/FPnT_ANSouthMerkopa,Player_Romus,en,「皆さんが明らかに忘れてしまった教訓だね。」
0x01000052000143F5,316,340,Rizia/Turn 4/FPnT_ANSouthMerkopa,Player_Romus,en,「世界がますます激しく競争する中、その存在は一層不可欠なものとなっている。」
0x010000520001440D,316,341,Rizia/Turn 4/FPnT_ANSouthMerkopa,Player_Romus,en,「この会議の早い段階でヴィクトル・スモラク大統領が述べた発言には、私からの返答が求められていることは承知している。」
0x0100005200014429,316,342,Rizia/Turn 4/FPnT_ANSouthMerkopa,Player_Romus,en,「この悲劇を終わらせるために努力する際、ヴェーレンの完全な透明性には必ず頼れると私は知っている。」
0x0100005200014431,316,343,Rizia/Turn 4/FPnT_ANSouthMerkopa,Player_Romus,en,「私としても、ほとんど遅延することなく、安全かつ円滑な移行を実現できると確信している。」
0x0100005200014439,316,344,Rizia/Turn 4/FPnT_ANSouthMerkopa,Player_Romus,en,「私は我が領土を取り戻すためなら、どれだけの時間を費やしても構わないのだ。」
0x010000520001444C,316,346,Rizia/Turn 4/FPnT_ANSouthMerkopa,Player_Romus,en,「ヘーゲル書記長がおり、しかも我々の隣国であるモレラに新たな関心を示していることを無視するわけにはまいらない。」
0x0100005200014461,316,347,Rizia/Turn 4/FPnT_ANSouthMerkopa,Player_Romus,en,「私はモレラの世界観を共有していないかもしれない。しかし、我々国民の苦悩は同じものだと考えている。」
0x0100005200014468,316,348,Rizia/Turn 4/FPnT_ANSouthMerkopa,Player_Romus,en,「我々の金鉱業の基準が一するるように、コミュニケーションを改善する必要がある点には同意する。」
0x010000520001446F,316,349,Rizia/Turn 4/FPnT_ANSouthMerkopa,Player_Romus,en,「リジアとモレラは何世紀にもわたり良好な関係を保ってきた。この高貴な国がヴァルグスランドの影響下に落ちるのを見るのは私にとって苦痛だ。」
0x010000520001447C,316,350,Rizia/Turn 4/FPnT_ANSouthMerkopa,Narrator,en,私は、ヘーゲルが椅子の上で身を乗り出し、熱心に見入っているのを見た。
0x0100005200014484,316,351,Rizia/Turn 4/FPnT_ANSouthMerkopa,Narrator,en,サルタナ首相が拍手を始めた。ヘーゲルは嬉しそうな表情を浮かべた。
0x010000520001448C,316,352,Rizia/Turn 4/FPnT_ANSouthMerkopa,Player_Romus,en,「もしサルタナ首相が国際貿易区の条項に不満があるのでしたら、我々にお申し付けいただくだけで結構だ。」
0x01000052000144B9,316,356,Rizia/Turn 4/FPnT_ANSouthMerkopa,Player_Romus,en,「しかし、ここが適切な場ではないと考える。ヴェーレンの大統領には、私との個別の対話の中でその安全保障上の懸念について詳しく説明していただきたいと思う。」
0x0100005200014420,316,357,Rizia/Turn 4/FPnT_ANSouthMerkopa,Player_Romus,en,「スモラク大統領はルンブルクを指差したが、自国がコンタナ連邦から受けている財政的支援については一切言及しなかった。」
0x01000052000144C0,316,358,Rizia/Turn 4/FPnT_ANSouthMerkopa,Player_Romus,en,「それでも、私はスモラク大統領には好意的な見方をしてあげたいと思う。」
0x01000052000144C6,316,359,Rizia/Turn 4/FPnT_ANSouthMerkopa,Player_Romus,en,「ですからお尋ねする。陛下、スモラク大統領に責任を問うために、誰が我々と共に立つのだろうか？」
0x01000052000144CE,316,360,Rizia/Turn 4/FPnT_ANSouthMerkopa,Player_Romus,en,「他に誰も彼に加わらなかったことを、私は残念に思う。」
0x01000052000144D7,316,361,Rizia/Turn 4/FPnT_ANSouthMerkopa,Player_Romus,en,「我々はわずかなリジアの土地のために戦っているのではない。我々は南メルコパの未来のために戦っているのだ。」
0x01000052000144DE,316,362,Rizia/Turn 4/FPnT_ANSouthMerkopa,Player_Romus,en,「ジルの民は自分たちの故郷を切望している。私に何の権利があって、彼らの願いを拒むことができようか？」
0x01000052000144E6,316,363,Rizia/Turn 4/FPnT_ANSouthMerkopa,Player_Romus,en,「では今、お尋ねする。次は誰になるのだろうか？」
0x01000052000144ED,316,364,Rizia/Turn 4/FPnT_ANSouthMerkopa,Player_Romus,en,「ヨルガ・アズマル、ヴェーレンがジルを占領したことは、ダストヌリティ派が聖ヴルヘックの地に侵攻してきたことを意味する。デルディアは決してこれを容認してはならない。」
0x01000052000144F8,316,365,Rizia/Turn 4/FPnT_ANSouthMerkopa,Player_Romus,en,「ラインハルト大公、この重要な問題においては、大公国がレスピアと密接な関係にあることを考えれば、あなたもアルバレス氏と同じ立場を取るだろうと私は思う。」
0x0100005200014500,316,366,Rizia/Turn 4/FPnT_ANSouthMerkopa,Narrator,en,アルマ・サルタナはややためらいがちに拍手をした。
0x0100005200014507,316,367,Rizia/Turn 4/FPnT_ANSouthMerkopa,Narrator,en,ヨルガ・アズマルは大声で拍手した。だが彼の表情に変化はなかった。
0x010000520001450E,316,368,Rizia/Turn 4/FPnT_ANSouthMerkopa,Player_Romus,en,「ありがとう。聞きたかったのはそれだけだ。」
0x0100005200014514,316,369,Rizia/Turn 4/FPnT_ANSouthMerkopa,Narrator,en,アクセル・ラインハルトは席にじっと座ったまま動かなかった。
0x010000520001451D,316,370,Rizia/Turn 4/FPnT_ANSouthMerkopa,Player_Romus,en,「ラインハルト、先日の会談の結果を考えると、この極めて重要な問題においてあなたがリジアと共に歩むことを私は期待している。」
0x0100005200014530,316,374,Rizia/Turn 4/FPnT_ANSouthMerkopa,Narrator,en,アクセル・ラインハルトは自分の席からためらいがちに拍手をした。
0x010000520001453B,316,375,Rizia/Turn 4/FPnT_ANSouthMerkopa,Player_Romus,en,「ご覧ください、スモラク大統領。ヴェーレンは数で劣っている。」
0x010000520001454A,316,376,Rizia/Turn 4/FPnT_ANSouthMerkopa,Player_Romus,en,「他の皆様にもどちらかの陣営を選ぶよう呼びかける。歴史がこの結果次第で変わってしまうかもしれない。」
0x0100005200014553,316,377,Rizia/Turn 4/FPnT_ANSouthMerkopa,Player_Romus,en,「次に進みましょう。」
0x010000520001455C,316,378,Rizia/Turn 4/FPnT_ANSouthMerkopa,Player_Romus,en,「まだ終わっていない。」
0x0100005200014568,316,379,Rizia/Turn 4/FPnT_ANSouthMerkopa,Player_Romus,en,「私は彼にもう一度、我々の合意事項を守る機会を与えよう。もしそれでもダメなら、私が直接対処せざるを得ない。」
0x0100005200014575,316,380,Rizia/Turn 4/FPnT_ANSouthMerkopa,Narrator,en,私はヴィクトル・スモラクをこっそり覗き見た。彼の顔には穏やかな表情が浮かんでいた。
0x010000520001458B,316,381,Rizia/Turn 4/FPnT_ANSouthMerkopa,Player_Romus,en,「私と同じように、彼もリジアのわずかな領土以上の重要なものがかかっていることを理解している。我々は南メルコパの未来のために戦っているのだ。」
0x0100005200014597,316,382,Rizia/Turn 4/FPnT_ANSouthMerkopa,Player_Romus,en,「今は皆さんの断固たる決意を求めているわけではない。時が来た際にリジアを支えてくださることだけを願っている。」
0x01000052000145A2,316,383,Rizia/Turn 4/FPnT_ANSouthMerkopa,Player_Romus,en,「もしスモラク大統領が我々の合意事項を守らないのであれば、我々はやむを得ず自分たちで対処せざるを得なくなる。」
0x01000052000145B2,316,384,Rizia/Turn 4/FPnT_ANSouthMerkopa,Player_Romus,en,「内戦以前は、リジアとヴェーレンは密接な同盟関係にあった。我々は再びそのような関係を築くことができると思う。」
0x01000052000145BC,316,385,Rizia/Turn 4/FPnT_ANSouthMerkopa,Player_Romus,en,「リジアとヴェーレンがかつてのように再び同盟関係になることはないかもしれない。しかし、私は平和的な共存への希望を捨てていない。」
0x01000052000145C4,316,386,Rizia/Turn 4/FPnT_ANSouthMerkopa,Player_Romus,en,「現在、ルンブルクとの同盟は、近隣諸国との関係に比べて二次的なものとなっている。」
0x01000052000145D0,316,387,Rizia/Turn 4/FPnT_ANSouthMerkopa,Player_Romus,en,「内戦の出来事以来、ヴェーレンは不当に中傷されてきた。ジルで秩序が回復したら、我々はそこが再び国際的な地位を取り戻すのを助けよう。」
0x01000052000145E8,316,388,Rizia/Turn 4/FPnT_ANSouthMerkopa,Player_Romus,en,「モレラで続く搾取の状況を考えれば、サルタナ首相が援助を求めて東方に目を向けたことに私は驚かない。」
0x0100005200014606,316,389,Rizia/Turn 4/FPnT_ANSouthMerkopa,Player_Romus,en,「この件については、MITZ理事会の次回会議でさらに詳しく話し合う。」
0x0100005200014613,316,390,Rizia/Turn 4/FPnT_ANSouthMerkopa,Player_Romus,en,「メフティエム国際貿易区の略奪は即座に止められなければならない。その点については、我々は意見が一している。」
0x0100005200014622,316,391,Rizia/Turn 4/FPnT_ANSouthMerkopa,Player_Romus,en,「迫り来る社会主義の危機よりも、我々の貴重な資源が失われる可能性の方がはるかに恐ろしいのだ。」
0x010000520001464D,316,392,Rizia/Turn 4/FPnT_ANSouthMerkopa,Player_Romus,en,「我々の科学者たちの尽力がなければ、そのガス田が発見されることはなかったのだ。その点を決して忘れてはならない。」
0x0100005200014655,316,393,Rizia/Turn 4/FPnT_ANSouthMerkopa,Player_Romus,en,「私は『国際連盟』の海外資源に関する指令の署名者として、我が国の海岸から200キロメートル以内にある海底ガスに対する権利を有している。どの海岸であっても同じだ。」
0x0100005200014664,316,394,Rizia/Turn 4/FPnT_ANSouthMerkopa,Player_Romus,en,「リジアは依然としてパレスに対する古来からの主権を保持している。したがって、そこの資源も我々のものとなる。」
0x0100005200014726,316,395,Rizia/Turn 4/FPnT_ANSouthMerkopa,Player_Romus,en,「モレラの長年の同盟者として、より公平なMITZを築くためにできる限りの支援を提供する用意がある。」
0x010000520001472E,316,396,Rizia/Turn 4/FPnT_ANSouthMerkopa,Player_Romus,en,「しかし、リジアとしてはこの新たな急進的な方針を容認することはできない。また、国有化によってもたらされる甚大な雇用機会の喪失や収入の減少も決して受け入れるつもりはない。」
0x0100005200014735,316,397,Rizia/Turn 4/FPnT_ANSouthMerkopa,Player_Romus,en,「私は、このような極端な新たな方針を容認するつもりはない。また、国有化に伴って生じる莫大な雇用機会の喪失や収入の減少も決して受け入れない。」
0x0100005200014745,316,398,Rizia/Turn 4/FPnT_ANSouthMerkopa,Player_Romus,en,「モレラは自らの政治的方向性を自由に選ぶことができる。しかし、そのような政策を使って隣国の経済を無差別に破壊してはならない。」
0x01000052000145F6,316,399,Rizia/Turn 4/FPnT_ANSouthMerkopa,Player_Romus,en,「私はこの場を利用してサルタナ首相に警告する。もし彼女が戦いを求めるのであれば、レスピアとリジアが必ずそれを与えてやると。」
0x010000520001474F,316,400,Rizia/Turn 4/FPnT_ANSouthMerkopa,Player_Romus,en,「サルタナ首相は独自の判断で行動しているわけではない。マレニエフ主義者たちが我々の隣国を脅迫し、自分たちの意のままに操っているのだ。」
0x0100005200014759,316,401,Rizia/Turn 4/FPnT_ANSouthMerkopa,Player_Romus,en,「しかし、私の考えでは彼女の真の関心はより公平な国際商業区を築くことにあるのではなく、コンタナ条約機構に加わるための十分な富を手に入れることにあるのだろう。」
0x0100005200014761,316,402,Rizia/Turn 4/FPnT_ANSouthMerkopa,Player_Romus,en,「しかし、サルタナ首相は明らかにヴァルグスランドの支援を得て敵対的買収を目指しておられる。」
0x0100005200014769,316,403,Rizia/Turn 4/FPnT_ANSouthMerkopa,Player_Romus,en,「メフティエム国際貿易区は関係する4か国全ての完全な合意によって設立されたもので、変更を行うにも彼らの同意が必要だ。」
0x0100005200014776,316,407,Rizia/Turn 4/FPnT_ANSouthMerkopa,Narrator,en,アルマ・サルタナは腕を組み、厳しい表情を浮かべていた。
0x0100005200014784,316,408,Rizia/Turn 4/FPnT_ANSouthMerkopa,Player_Romus,en,「私の悩みは一人だけのものではない。そうだろう、アルバレス首相？」
0x010000520001478B,316,409,Rizia/Turn 4/FPnT_ANSouthMerkopa,Patricio Alvarez (R),en,「その通りでございます、陛下。」
0x0100005200014792,316,410,Rizia/Turn 4/FPnT_ANSouthMerkopa,Player_Romus,en,「私は、リジアが引き続き国民の生活を支えられる限り、交渉を再開することに反対しない。」
0x01000052000147A3,316,411,Rizia/Turn 4/FPnT_ANSouthMerkopa,Player_Romus,en,「正直に申し上げると、ヴァルグスランドもレスピアもモレラと直接の国境を持っていないため、両国が関与を終えるのが最も理にかなっている。」
0x01000052000147AC,316,412,Rizia/Turn 4/FPnT_ANSouthMerkopa,Narrator,en,レスピア人とヴァルグ人の代表団は小声でささやき合い始めた。ナインズ大統領は再び静寂を求めるジェスチャーをし、その後私に続けるよう合図した。
0x01000052000147B2,316,413,Rizia/Turn 4/FPnT_ANSouthMerkopa,Player_Romus,en,「次回のMITZ取締役会でこの件についてさらに詳しく議論できることを楽しみにしている。」
0x01000052000147B9,316,414,Rizia/Turn 4/FPnT_ANSouthMerkopa,Player_Romus,en,「私はこの場を利用してサルタナ首相に警告する。もし彼女が戦いを望むのであれば、リジアは必ずそれに応じてやる。」
0x01000052000147C0,316,415,Rizia/Turn 4/FPnT_ANSouthMerkopa,Player_Romus,en,「私の悩みは一人だけのものではない。そうだろう、アルバレス首相？」
0x01000052000147DE,316,419,Rizia/Turn 4/FPnT_ANSouthMerkopa,Player_Romus,en,「それは本当にあるものなのだろうか？」
0x01000052000147E5,316,420,Rizia/Turn 4/FPnT_ANSouthMerkopa,Laurento Esquibel,en,「陛下、それは実在するのですが、これまでどの国もそれを行使したことはありません。」
0x010000520001480D,316,426,Rizia/Turn 4/FPnT_ANSouthMerkopa,Narrator,en,集会場は静まり返った。ラウレントはわずかに顔をしかめた。
0x0100005200014823,316,429,Rizia/Turn 4/FPnT_ANSouthMerkopa,Patricio Alvarez (R),en,「陛下、私どもも同感でございます。少なくともこの点については。」
0x010000520001482A,316,430,Rizia/Turn 4/FPnT_ANSouthMerkopa,Narrator,en,モレラ人とヴァルグ人の代表団は小声でささやき合い始めた。ナインズ大統領は再び静かにするよう手振りで示し、その後私に続けるよう合図した。
0x0100005200014831,316,431,Rizia/Turn 4/FPnT_ANSouthMerkopa,Patricio Alvarez (R),en,「レスピアも同様です。」
0x010000520001483A,316,432,Rizia/Turn 4/FPnT_ANSouthMerkopa,Player_Romus,en,「そうした上で、私はモレラに対し、デルディアのゴルコンド主義者の巡礼者たちに対する姿勢を見直すよう強く促す。」
0x0100005200014850,316,433,Rizia/Turn 4/FPnT_ANSouthMerkopa,Player_Romus,en,「リジアが引き続き国民の生活を支えられる限り、貿易地域に関する交渉を再開することに反対はしない。」
0x0100005200014857,316,434,Rizia/Turn 4/FPnT_ANSouthMerkopa,Player_Romus,en,「もしモレラが繁栄するためにリジアが犠牲を払わなければならないのであれば、そう致しよう。」
0x010000520001485E,316,435,Rizia/Turn 4/FPnT_ANSouthMerkopa,Narrator,en,アルバレス首相とレスピア人の代表団は心配そうに小声で話していた。ナインズ大統領は再び静かにするよう合図し、その後私に続けるよう示した。
0x0100005200014869,316,436,Rizia/Turn 4/FPnT_ANSouthMerkopa,Patricio Alvarez (R),en,「レスピアも同様です、と付け加えさせていただきます。」
0x0100005200014871,316,437,Rizia/Turn 4/FPnT_ANSouthMerkopa,Player_Romus,en,「私もまた、国境に侵入しようとするデルディアの過激派たちに対してモレラと共に立ち上がる。」
0x0100005200014878,316,438,Rizia/Turn 4/FPnT_ANSouthMerkopa,Narrator,en,デルディア人の指導者は、反抗的な表情を浮かべたまま静かに座っていた。
0x010000520001487F,316,439,Rizia/Turn 4/FPnT_ANSouthMerkopa,Narrator,en,サルタナ首相もヨルガ・アズマル大賢者も、その発言を喜んでいる様子はなかった。
0x0100005200014886,316,440,Rizia/Turn 4/FPnT_ANSouthMerkopa,Player_Romus,en,「同様の協力精神に基づき、デルディアの宗教的巡礼者たちに関しても妥協点が見出せると私は考えている。」
0x010000520001488D,316,441,Rizia/Turn 4/FPnT_ANSouthMerkopa,Player_Romus,en,「かつてのモリディア帝国が分裂したことで、兄弟同士が対立する事態になった。この暴力はもう終わらせなければならない。」
0x0100005200014896,316,442,Rizia/Turn 4/FPnT_ANSouthMerkopa,Player_Romus,en,「最高賢者アズマルよ、あなたは平和を語りながら先進的な兵器を追求している。あなたの民はその矛盾に気づいていないのか？」
0x01000052000148A5,316,443,Rizia/Turn 4/FPnT_ANSouthMerkopa,Player_Romus,en,「彼らは聖ヴルヘックの教えを歪めており、その崇拝の形態は決して容認できない。」
0x01000052000148AC,316,444,Rizia/Turn 4/FPnT_ANSouthMerkopa,Player_Romus,en,「結局のところ、彼らの思想はマレニエフ主義ほど危険なものではない。」
0x01000052000148B3,316,445,Rizia/Turn 4/FPnT_ANSouthMerkopa,Player_Romus,en,「今は1950年代であり、現代のメルコパにおいては宗教の自由は当然のものであるべきだ。」
0x01000052000148BA,316,446,Rizia/Turn 4/FPnT_ANSouthMerkopa,Player_Romus,en,「彼らの聖地に対する権利は無視されるべきではないが、過去に彼らが用いてきた暴力的な手段も同様に見過ごしてはならない。」
0x01000052000148C4,316,447,Rizia/Turn 4/FPnT_ANSouthMerkopa,Jorga Azmal,en,「陛下、どうかお許しください！」
0x01000052000148CB,316,448,Rizia/Turn 4/FPnT_ANSouthMerkopa,Narrator,en,集会場のあちこちから散発的な拍手が上がった。
0x01000052000148D2,316,449,Rizia/Turn 4/FPnT_ANSouthMerkopa,Narrator,en,大賢者とデルディア人の代表団は立ち上がり、拍手を送った。
0x01000052000148E4,316,450,Rizia/Turn 4/FPnT_ANSouthMerkopa,Player_Romus,en,「私もまた、モレラに対し、デルディアのゴルコンド主義者の巡礼者たちに対する姿勢を見直すよう強く促す。」
0x01000052000148EA,316,451,Rizia/Turn 4/FPnT_ANSouthMerkopa,Player_Romus,en,「そうは申しましても、私は我が国の国境に侵入を図るデルディアの過激派と戦うため、モレラと共に立っている。」
0x01000052000148F0,316,452,Rizia/Turn 4/FPnT_ANSouthMerkopa,Player_Romus,en,「デルディアの宗教的巡礼者たちに関しても、妥協点が見出せると私は考えている。」
0x010000520001491F,316,456,Rizia/Turn 4/FPnT_ANSouthMerkopa,Player_Romus,en,「まあ、ひどい姿をしているね。」
0x010000520001492D,316,457,Rizia/Turn 4/FPnT_ANSouthMerkopa,Player_Romus,en,「かわいそうにアクセル。きっとすごく緊張しているだろうね。」
0x0100005200014934,316,458,Rizia/Turn 4/FPnT_ANSouthMerkopa,Player_Romus,en,「あの場で私が恥をかくような真似はしないといいんだが。」
0x010000520001496B,316,459,Rizia/Turn 4/FPnT_ANSouthMerkopa,Laurento Esquibel,en,「これが彼にとって初めてのANでの演説です。まだ経験が乏しいようですね。」
0x0100005200014970,316,460,Rizia/Turn 4/FPnT_ANSouthMerkopa,Player_Romus_Italic,en,ラウレントは公爵が現れたのを見て眉を上げた。私は何もコメントしなかった。
0x0100005200014970,316,460,Rizia/Turn 4/FPnT_ANSouthMerkopa,Player_Romus_Italic,Menu Text en,何も言わない
0x010000520001497C,316,461,Rizia/Turn 4/FPnT_ANSouthMerkopa,Narrator,en,ラインハルト大公は咳払いをして、数枚の書類を手でいじった。
0x0100005200014984,316,462,Rizia/Turn 4/FPnT_ANSouthMerkopa,Axel Reinhart,en,「あのう。南メルコパで最も若い国の指導者として、この偉大な殿堂に立てることを光栄に思います。」
0x010000520001498B,316,463,Rizia/Turn 4/FPnT_ANSouthMerkopa,Axel Reinhart,en,「この部屋にいる他の者たちは皆、権力を握るために生涯を費やしてきたことを私はよく理解しております。ですが私は……」
0x0100005200014992,316,464,Rizia/Turn 4/FPnT_ANSouthMerkopa,Axel Reinhart,en,「私を素人と呼ぶのは、寛大に見てもらえばそれだけです。」
0x0100005200014999,316,465,Rizia/Turn 4/FPnT_ANSouthMerkopa,Narrator,en,私はホールの周囲から笑い声が聞こえてきた。
0x01000052000149AC,316,469,Rizia/Turn 4/FPnT_ANSouthMerkopa,Axel Reinhart,en,「リジア王国は自衛を名目に、私のパレス大公国の海域に海軍艦隊を派遣してきました。」
0x01000052000149B3,316,470,Rizia/Turn 4/FPnT_ANSouthMerkopa,Axel Reinhart,en,「しかし、経験が浅いからといって愚かだというわけではありません。」
0x01000052000149BB,316,471,Rizia/Turn 4/FPnT_ANSouthMerkopa,Axel Reinhart,en,「陛下、以前リジアがパレスに軍隊を派遣した時に何が起こったか、我々にはよく分かっております。」
0x01000052000149C2,316,472,Rizia/Turn 4/FPnT_ANSouthMerkopa,Axel Reinhart,en,「陛下、ロムス王は何度も、パレスを失ったことは未完の課題だとお考えであるとおっしゃっています。」
0x01000052000149D0,316,476,Rizia/Turn 4/FPnT_ANSouthMerkopa,Axel Reinhart,en,「陛下、ロムス・トラス王の即位が我々二国に新たな出発点をもたらすものだと私は思っておりました。しかし、私の考えは間違っていました。」
0x01000052000149D7,316,477,Rizia/Turn 4/FPnT_ANSouthMerkopa,Axel Reinhart,en,「このような状況下では、私が築き上げている国が自らの主権を堅持することが極めて重要です。」
0x01000052000149E6,316,478,Rizia/Turn 4/FPnT_ANSouthMerkopa,Axel Reinhart,en,「国際連盟の仲裁委員会が、我が国の根拠の乏しい海洋境界への侵害を見抜いてくれることを願っております。」
0x01000052000149F4,316,479,Rizia/Turn 4/FPnT_ANSouthMerkopa,Axel Reinhart,en,「ヴェーレンでの事件は、この危険な新しい君主がどこまで手を染めるかを証明しています。」
0x0100005200014A05,316,480,Rizia/Turn 4/FPnT_ANSouthMerkopa,Axel Reinhart,en,「我々は、この権威ある組織にいる他の同僚たちにも、隣国が我々をどのように扱おうと関係なく、対等な立場で協力してほしいと願っています。」
0x0100005200014A0D,316,481,Rizia/Turn 4/FPnT_ANSouthMerkopa,Player_Romus,en,「彼はいったいどんな真似をしているのか？」
0x0100005200014A14,316,482,Rizia/Turn 4/FPnT_ANSouthMerkopa,Player_Romus_Italic,en,私も一緒に笑った。
0x0100005200014A14,316,482,Rizia/Turn 4/FPnT_ANSouthMerkopa,Player_Romus_Italic,Menu Text en,自分で笑え
0x0100005200014A1C,316,483,Rizia/Turn 4/FPnT_ANSouthMerkopa,Player_Romus,en,「彼は冗談を言っているのだが、実際にその通りなのだ。」
0x0100005200014A24,316,484,Rizia/Turn 4/FPnT_ANSouthMerkopa,Narrator,en,ラウレントはアルバレス首相が座っている場所を指差した。そのレスピア人の指導者は微笑んでいなかった。
0x0100005200014A40,316,490,Rizia/Turn 4/FPnT_ANSouthMerkopa,Laurento Esquibel,en,「彼が何を言いたいのか、私には分からない。」
0x0100005200014A4E,316,491,Rizia/Turn 4/FPnT_ANSouthMerkopa,Patricio Alvarez (R),en,「よくおっしゃいました、閣下！」
0x0100005200014A55,316,492,Rizia/Turn 4/FPnT_ANSouthMerkopa,Narrator,en,アルバレスは立ち上がった。
0x0100005200014A63,316,493,Rizia/Turn 4/FPnT_ANSouthMerkopa,Player_Romus,en,「アルバレス、そちらの糸を引いてくれ！」
0x0100005200014A6A,316,494,Rizia/Turn 4/FPnT_ANSouthMerkopa,Player_Romus,en,「あなたが被害者ぶるなんて許せない、ラインハルト！あなたは*我々の*領地に侵攻したのだ！」
0x0100005200014A77,316,498,Rizia/Turn 4/FPnT_ANSouthMerkopa,Axel Reinhart,en,「リジア王国は、パレス領の海域にあるガス田に対する権利を主張しています。」
0x0100005200014A7E,316,499,Rizia/Turn 4/FPnT_ANSouthMerkopa,Axel Reinhart,en,「パレス側の様々な反提案があったにもかかわらず、陛下、その主張を放棄することを拒んでいるのです。」
0x0100005200014A95,316,500,Rizia/Turn 4/FPnT_ANSouthMerkopa,Player_Romus_Italic,en,私は何も言わなかった。
0x0100005200014A95,316,500,Rizia/Turn 4/FPnT_ANSouthMerkopa,Player_Romus_Italic,Menu Text en,黙っている
0x0100005200014A9C,316,501,Rizia/Turn 4/FPnT_ANSouthMerkopa,Laurento Esquibel,en,「陛下、どうか。これこそがラインハルト大公が望んでいる反応です。」
0x0100005200014AA2,316,502,Rizia/Turn 4/FPnT_ANSouthMerkopa,Narrator,en,ラウレントは心配そうな顔で私を見た。
0x0100005200014AAC,316,503,Rizia/Turn 4/FPnT_ANSouthMerkopa,Laurento Esquibel,en,「よろしいです、陛下。攻撃的な態度は取らないでください。」
0x0100005200014AB3,316,504,Rizia/Turn 4/FPnT_ANSouthMerkopa,Axel Reinhart,en,「ご覧ください。中立の要塞であるはずのこの場所でさえ、リジアは我々を脅して屈服させられると思っているのです。だからこそ――」
0x0100005200014AC2,316,505,Rizia/Turn 4/FPnT_ANSouthMerkopa,Axel Reinhart,en,「パレスはまだこの議会において真の地位を得ていないかもしれません。しかし、必ずそうなることを願っています。」
0x0100005200014ACA,316,506,Rizia/Turn 4/FPnT_ANSouthMerkopa,Axel Reinhart,en,「我々がそれを行うのを妨げようとするどの国であっても、断固とした強力な反応に直面することになるでしょう。」
0x0100005200014AD1,316,507,Rizia/Turn 4/FPnT_ANSouthMerkopa,Narrator,en,彼の声には再び完全な自信が戻っていた。
0x0100005200014ADF,316,508,Rizia/Turn 4/FPnT_ANSouthMerkopa,Axel Reinhart,en,「ヴァルゴス帝国の崩壊以来、パレスは自国よりもはるかに強大な諸国によって争われてきました。」
0x0100005200014AED,316,509,Rizia/Turn 4/FPnT_ANSouthMerkopa,Axel Reinhart,en,「このパレス大公国は規模こそ小さいかもしれませんが、決して弄ばれるような存在ではありません。」
0x0100005200014AF4,316,510,Rizia/Turn 4/FPnT_ANSouthMerkopa,Axel Reinhart,en,「過去30年間にパレスで生み出された芸術や文学、思想をご覧ください。また、我々の技術革新もご覧いただきたいのです。」
0x0100005200014B02,316,511,Rizia/Turn 4/FPnT_ANSouthMerkopa,Narrator,en,彼は私の方をちらりと見上げた。
0x0100005200014B10,316,512,Rizia/Turn 4/FPnT_ANSouthMerkopa,Emmerich Hegel (R),en,「犯罪者め！」
0x0100005200014B16,316,513,Rizia/Turn 4/FPnT_ANSouthMerkopa,Narrator,en,ラインハルト大公はその叫び声に動揺した様子だった。
0x0100005200014B1D,316,514,Rizia/Turn 4/FPnT_ANSouthMerkopa,Emmerich Hegel (R),en,「いえ、陛下がそんな無理難題を言うのに黙っているわけには参りません。」
0x0100005200014B24,316,515,Rizia/Turn 4/FPnT_ANSouthMerkopa,Emmerich Hegel (R),en,「陛下、あなたの一族はパレスを拠点にシーナン大陸を略奪しました。陛下が今持っているものすべては、他者から盗んだものです。」
0x0100005200014B2B,316,516,Rizia/Turn 4/FPnT_ANSouthMerkopa,Emmerich Hegel (R),en,「革命に追い込まれてそれを返還する代わりに、私が得た不正な富を手放さないよう、レスピアの資本主義的な豚どもに助けを求めたのですね。」
0x0100005200014B39,316,517,Rizia/Turn 4/FPnT_ANSouthMerkopa,Axel Reinhart,en,「申し訳ありません、ヘーゲル書記長、私の家族の罪については私が責任を負うものではございません。」
0x0100005200014B40,316,518,Rizia/Turn 4/FPnT_ANSouthMerkopa,Emmerich Hegel (R),en,「ですが、あなたは彼らのおかげで利益を得ることを喜んでいるのではありませんか？」
0x0100005200014B47,316,519,Rizia/Turn 4/FPnT_ANSouthMerkopa,Emmerich Hegel (R),en,「あのお城の中では…陛下、ラインハルト大公、もうひびが入り始めていると申し上げます。」
0x0100005200014B4E,316,520,Rizia/Turn 4/FPnT_ANSouthMerkopa,Player_Romus_Italic,en,私は席から拍手をした。
0x0100005200014B4E,316,520,Rizia/Turn 4/FPnT_ANSouthMerkopa,Player_Romus_Italic,Menu Text en,拍手をする
0x0100005200014B64,316,524,Rizia/Turn 4/FPnT_ANSouthMerkopa,Axel Reinhart,en,「それは咳の音には聞こえませんでした、宰相閣下。」
0x0100005200014B6D,316,525,Rizia/Turn 4/FPnT_ANSouthMerkopa,Player_Romus,en,「まったく。ラインハルト大公はすでにヘーゲル化されてしまった！」
0x0100005200014B75,316,526,Rizia/Turn 4/FPnT_ANSouthMerkopa,Player_Romus,en,「ヘーゲル書記長、公爵に対してそのような口の利き方をしてはいけない。黙っていなさい。」
0x0100005200014B7D,316,527,Rizia/Turn 4/FPnT_ANSouthMerkopa,Axel Reinhart,en,「ええと、その、先ほど申し上げていた通り、我々パレス人は――」
0x0100005200014B86,316,528,Rizia/Turn 4/FPnT_ANSouthMerkopa,Axel Reinhart,en,「リジアとの新たなエネルギー提携は、パレスがより大きな世界の舞台に足を踏み入れたことを示すものです。」
0x0100005200014B95,316,529,Rizia/Turn 4/FPnT_ANSouthMerkopa,Narrator,en,パトリシオ・アルバレスは席の上で静かに怒りを募らせていた。
0x0100005200014BA2,316,530,Rizia/Turn 4/FPnT_ANSouthMerkopa,Axel Reinhart,en,「陛下、私とロムス王は新しいタイプの君主制を体現しております。若く柔軟で、現代の価値観に合致したものです。」
0x0100005200014B09,316,531,Rizia/Turn 4/FPnT_ANSouthMerkopa,Axel Reinhart,en,「私もまた、この権威ある組織にいる他の同僚たちに対し、過去に我々がどのような扱いを受けてきたかに関わらず、対等な立場で協力してほしいと願っています。」
0x0100005200014BAA,316,532,Rizia/Turn 4/FPnT_ANSouthMerkopa,Axel Reinhart,en,「さらに、私――」
0x0100005200014BB4,316,536,Rizia/Turn 4/FPnT_ANSouthMerkopa,Narrator,en,彼はパトリシオ・アルバレスの方をちらりと見た。
0x0100005200014BBB,316,537,Rizia/Turn 4/FPnT_ANSouthMerkopa,Axel Reinhart,en,「はい、その多くはレスピアとの提携がもたらした結果です。」
0x0100005200014BC2,316,538,Rizia/Turn 4/FPnT_ANSouthMerkopa,Axel Reinhart,en,「しかし結局のところ、恩人たちへの恩義を忘れることなく、自らの力で堂々と立つことが我々の願いです。」
0x0100005200014BC9,316,539,Rizia/Turn 4/FPnT_ANSouthMerkopa,Axel Reinhart,en,「私はパレスを新しいタイプの君主制だと考えています。若く、柔軟で、現代の価値観に合致したものです。」
0x0100005200014BD1,316,540,Rizia/Turn 4/FPnT_ANSouthMerkopa,Laurento Esquibel,en,「そのようですね、陛下。」
0x0100005200014BE4,316,541,Rizia/Turn 4/FPnT_ANSouthMerkopa,Laurento Esquibel,en,「私は宰相がパレスに対してこれほどまで根深い恨みを抱いているとは気づきませんでした。これを我々の利益のために活用できないものかと思います。」
0x0100005200014BFE,316,545,Rizia/Turn 4/FPnT_ANSouthMerkopa,Player_Romus,en,「ナインズ大統領！どうかすぐにこの会議から宰相を退場させてくれ。」
0x0100005200014C06,316,546,Rizia/Turn 4/FPnT_ANSouthMerkopa,Narrator,en,ヘーゲルは私に向かって顔をしかめた。
0x0100005200014C0D,316,547,Rizia/Turn 4/FPnT_ANSouthMerkopa,Emmerich Hegel (R),en,「陛下、あなた様も同様に責任があります。両国の君主制の時代はもはや長くは続きません。」
0x0100005200014C14,316,548,Rizia/Turn 4/FPnT_ANSouthMerkopa,Narrator,en,ラインハルト大公が演説を終えると、彼は席から鋭い視線を投げかけた。
0x0100005200014C28,316,549,Rizia/Turn 4/FPnT_ANSouthMerkopa,Patricio Alvarez (R),en,「ナインズ大統領、この男は客人としての特権を乱用しております。彼を排除してもよろしいでしょうか？」
0x0100005200014C31,316,550,Rizia/Turn 4/FPnT_ANSouthMerkopa,Axel Reinhart,en,「私は、えっと……」
0x0100005200014C38,316,551,Rizia/Turn 4/FPnT_ANSouthMerkopa,Narrator,en,彼は緊張しながらマイクを軽く叩いた。
0x0100005200014C3F,316,552,Rizia/Turn 4/FPnT_ANSouthMerkopa,Axel Reinhart,en,「陛下、パレスの民が革命による混乱よりもラインハルト家の強力な統治を選んだことに対し、宰相は依然として恨みを抱いておられるようです。」
0x0100005200014C46,316,553,Rizia/Turn 4/FPnT_ANSouthMerkopa,Axel Reinhart,en,「我々はこれ以上、我々を屈服させようとするいかなる試みにも断固として抵抗いたします。そしてさらに――」
0x0100005200014C4D,316,554,Rizia/Turn 4/FPnT_ANSouthMerkopa,Axel Reinhart,en,「はい、パレス大公国はヴァルゴス帝国の植民地主義的な目的を支援しました。」
0x0100005200014C54,316,555,Rizia/Turn 4/FPnT_ANSouthMerkopa,Axel Reinhart,en,「しかしヴァルグスランドと同様、我々もその過去を振り払い未来に目を向ける準備ができています。ただ、我々のビジョンは異なるだけです。」
0x0100005200014C5C,316,556,Rizia/Turn 4/FPnT_ANSouthMerkopa,Narrator,en,他の出席者たちからざわめき声が上がる中、彼は急いで自分の席に戻った。
0x0100005200014C63,316,557,Rizia/Turn 4/FPnT_ANSouthMerkopa,Laurento Esquibel,en,「陛下、今回の会議は実に多くの出来事がありました。ご演説の準備が整っていらっしゃることを願っております。」
0x0100005200014C76,316,558,Rizia/Turn 4/FPnT_ANSouthMerkopa,Player_Romus,en,「まったくそのようなことはない。私が即興で対応する。」
0x0100005200014C7D,316,559,Rizia/Turn 4/FPnT_ANSouthMerkopa,Player_Romus,en,「私は今が最も準備ができている。」
0x0100005200014C84,316,560,Rizia/Turn 4/FPnT_ANSouthMerkopa,Player_Romus,en,「心配しないでくれ。すべて計画してある。」
0x0100005200014C8B,316,561,Rizia/Turn 4/FPnT_ANSouthMerkopa,Narrator,en,ナインズ大統領が私の名前を呼んだとき、私は深く息を吸い込んだ。
0x0100005200014C9C,316,562,Rizia/Turn 4/FPnT_ANSouthMerkopa,Player_Romus,en,「最後に、パレスについて少し申し上げる。」
0x0100005200014D39,316,566,Rizia/Turn 4/FPnT_ANSouthMerkopa,Player_Romus,en,「私の王国が最も親しい隣国と争うことになったのは、実に遺憾至極のことだ。」
0x0100005200014D40,316,567,Rizia/Turn 4/FPnT_ANSouthMerkopa,Player_Romus,en,「ラインハルト大公は、他国に対してパレスと対等な関係を築くよう求めていると述べた。それこそがリジアが今行っていることだ。」
0x0100005200014D47,316,568,Rizia/Turn 4/FPnT_ANSouthMerkopa,Player_Romus,en,「公爵の主張にもかかわらず、この状況において侵略者はリジアではない。」
0x0100005200014D54,316,572,Rizia/Turn 4/FPnT_ANSouthMerkopa,Player_Romus,en,「ラインハルト大公と同様、私も我が国のますます強固になる協力関係が新たな黄金時代の幕開けを意味すると考えている。」
0x0100005200014D5A,316,573,Rizia/Turn 4/FPnT_ANSouthMerkopa,Player_Romus,en,「パレスは争奪地に掘削船を派遣した。我々の反応に驚くべきことはないはずだ。」
0x0100005200014D69,316,574,Rizia/Turn 4/FPnT_ANSouthMerkopa,Player_Romus,en,「私の王国は、問題となっている領土全体の所有権を求めているわけではない。我々が正当に持つべき半分だけだ。」
0x0100005200014D72,316,575,Rizia/Turn 4/FPnT_ANSouthMerkopa,Player_Romus,en,「レスピアやアルカシア条約機構の全戦力を背にしているあなたが、我々をいじめっ子だなどと言えるはずがない。」
0x0100005200014D7E,316,576,Rizia/Turn 4/FPnT_ANSouthMerkopa,Player_Romus,en,「もし本当にパレスに圧力をかけてガス田の支配権を放棄させたいと思っていたなら、とっくにそうしているはずだ。」
0x0100005200014D97,316,577,Rizia/Turn 4/FPnT_ANSouthMerkopa,Player_Romus,en,「このガスを巡る争いは、南メルコパの自決権をかけた戦いに他ならない。」
0x0100005200014DAA,316,578,Rizia/Turn 4/FPnT_ANSouthMerkopa,Player_Romus,en,「国際連盟の助けがあれば、平和的な妥協に達することができると確信している。」
0x0100005200014DB1,316,579,Rizia/Turn 4/FPnT_ANSouthMerkopa,Player_Romus,en,「今日出された感情的な発言は無視し、事実にのみ焦点を当ててもらいたいと私は願っている。」
0x0100005200014DC0,316,580,Rizia/Turn 4/FPnT_ANSouthMerkopa,Player_Romus,en,「リジアの立場からすれば、これは明らかな問題だ。」
0x010000520001466B,316,581,Rizia/Turn 4/FPnT_ANSouthMerkopa,Player_Romus,en,「我が国の情報機関は、パレスがレスピアのエネルギー業界幹部たちと協力しているという具体的な証拠を提出した。彼らの透明性の欠如は、我々全員が警戒すべき事態だ。」
0x0100005200014DDF,316,585,Rizia/Turn 4/FPnT_ANSouthMerkopa,Player_Romus,en,「その点を踏まえると、国際連盟の仲裁結果に従うことを約束することはできない。」
0x0100005200014E12,316,586,Rizia/Turn 4/FPnT_ANSouthMerkopa,Player_Romus,en,「もちろん、仲裁委員会の裁定は尊重する。公正である限りにおいてだ。」
0x0100005200014E1C,316,587,Rizia/Turn 4/FPnT_ANSouthMerkopa,Player_Romus,en,「ここでは、仲裁人たちが正しい判断を下してくれるものと期待している。」
0x0100005200014E26,316,588,Rizia/Turn 4/FPnT_ANSouthMerkopa,Player_Romus,en,「ヘーゲル書記長、今日、レスピアおよびパレスの代表団と対峙する際のあなたの勇気に大変感銘を受けた。」
0x0100005200014E3E,316,589,Rizia/Turn 4/FPnT_ANSouthMerkopa,Player_Romus,en,「我々の見解は異なっているが、共通の帝国主義的敵に対抗するため、あなたの助けを願う。」
0x0100005200014E45,316,590,Rizia/Turn 4/FPnT_ANSouthMerkopa,Player_Romus,en,「我々には、お互いが思っていた以上に共通点があるのかもしれない。」
0x0100005200014E4C,316,591,Rizia/Turn 4/FPnT_ANSouthMerkopa,Player_Romus,en,「もしリジアがこの貴重な資源の支配権を手に入れることができれば、南メルコパ全体が恩恵を受けることを約束する。」
0x0100005200014E55,316,592,Rizia/Turn 4/FPnT_ANSouthMerkopa,Narrator,en,私は一時停止してヘーゲルを見つめた。彼の表情には何の変化もなかった。
0x0100005200014E5E,316,593,Rizia/Turn 4/FPnT_ANSouthMerkopa,Player_Romus,en,「しかし、私はあなた方の支援を歓迎しない。やむを得ず、リジアはあなた方やその思想と距離を置かねばならない。」
0x0100005200014E65,316,594,Rizia/Turn 4/FPnT_ANSouthMerkopa,Player_Romus,en,「ヴァルグスランドは我々と共にいるのか？」
0x0100005200014E6D,316,595,Rizia/Turn 4/FPnT_ANSouthMerkopa,Narrator,en,ヘーゲルの表情は変わらず、うなずいた。
0x0100005200014E80,316,599,Rizia/Turn 4/FPnT_ANSouthMerkopa,Narrator,en,宰相の表情に変化はなく、彼はうなずいた。
0x0100005200014E87,316,600,Rizia/Turn 4/FPnT_ANSouthMerkopa,Player_Romus,en,「あなたは、君主制に支援の手を差し伸べることなど想像できるか？」
0x0100005200014E90,316,601,Rizia/Turn 4/FPnT_ANSouthMerkopa,Narrator,en,ヘーゲルは大声で笑った。
0x0100005200014E97,316,602,Rizia/Turn 4/FPnT_ANSouthMerkopa,Emmerich Hegel (R),en,「彼らは私のことを狂人だと呼ぶのです！」
0x0100005200014E9E,316,603,Rizia/Turn 4/FPnT_ANSouthMerkopa,Emmerich Hegel (R),en,「ご心配なく、大統領閣下。私が自ら出て行きます。」
0x0100005200014EA5,316,604,Rizia/Turn 4/FPnT_ANSouthMerkopa,Narrator,en,彼とその補佐官たちは出口へと向かった。
0x0100005200014EAC,316,605,Rizia/Turn 4/FPnT_ANSouthMerkopa,Emmerich Hegel (R),en,「王家の遺物や権力を争うブルジョワ階級の者たち……革命に同情するふりをしても、あなたをそれから守ってはくれないでしょう。」
0x0100005200014EB4,316,606,Rizia/Turn 4/FPnT_ANSouthMerkopa,Narrator,en,私の隣では、ラウレントの顎が信じられないという様子でだらりと下がっていた。
0x0100005200014EC3,316,610,Rizia/Turn 4/FPnT_ANSouthMerkopa,Player_Romus,en,「我が国海軍によるガス田の封鎖については、必要な限り続けられる。」
0x0100005200014ECE,316,611,Rizia/Turn 4/FPnT_ANSouthMerkopa,Player_Romus,en,「もちろんだ、我々が現地に派遣した艦隊を使わざるを得ないような事態にはならないことを心から願っている。」
0x01000052000142E7,316,612,Rizia/Turn 4/FPnT_ANSouthMerkopa,Player_Romus,en,「長い間、我々は超大国たちに自分たちを支配させてきた。」
0x0100005200014358,316,613,Rizia/Turn 4/FPnT_ANSouthMerkopa,Player_Romus,en,「スモラク大統領の考えは間違っていた。我々を引き裂いているのは超大国ではない。我々自身がそれをしているのだ。」
0x01000052000143AB,316,614,Rizia/Turn 4/FPnT_ANSouthMerkopa,Player_Romus,en,「時代は変わった。共和国の海の中で、リジアがほぼ単独で王国として立っていることを私は承知している。」
0x01000052000143B4,316,615,Rizia/Turn 4/FPnT_ANSouthMerkopa,Player_Romus,en,「しかし結局のところ、我々は皆、同じ神のもとにいる人間に過ぎない。」
0x01000052000143C3,316,619,Rizia/Turn 4/FPnT_ANSouthMerkopa,Player_Romus,en,「しかし、我が誇り高き国は決して外国の圧力に屈することはない。」
0x01000052000143CC,316,620,Rizia/Turn 4/FPnT_ANSouthMerkopa,Player_Romus,en,「ですが、我々が再び互いに手を取り合える日が来ることを願っている。」
0x0100005200014ED7,316,621,Rizia/Turn 4/FPnT_ANSouthMerkopa,Player_Romus,en,「これらの言葉で締めくくる。」
0x0100005200014EDD,316,622,Rizia/Turn 4/FPnT_ANSouthMerkopa,Narrator,en,ナインズ大統領は時計を見て合図した。私の演説は定められた時間を超えてしまっていたのだ。
0x0100005200014EE8,316,623,Rizia/Turn 4/FPnT_ANSouthMerkopa,Player_Romus,en,「しかしリジア、そしてGRACEにおける我々のパートナーたちは、この現代世界においても君主制が依然として重要な意味を持つことを示す準備ができている。」
0x0100005200014EF1,316,624,Rizia/Turn 4/FPnT_ANSouthMerkopa,Player_Romus,en,「ありがとう。」
0x0100005200014EFB,316,625,Rizia/Turn 4/FPnT_ANSouthMerkopa,Player_Romus,en,「グロヴリウス・アクサ・リジア。」
0x0100005200014F05,316,626,Rizia/Turn 4/FPnT_ANSouthMerkopa,Player_Romus,en,「陛下がお言葉を述べられた。」
0x0100005200014F12,316,627,Rizia/Turn 4/FPnT_ANSouthMerkopa,Player_Romus,en,「我々の両家は、民衆の意志によって血なまぐさい革命を乗り越えてきた。」
0x0100005200014F19,316,628,Rizia/Turn 4/FPnT_ANSouthMerkopa,Player_Romus,en,「私も、この若き国家が国際社会の一員としての地位を得るべきだと思っている。」
0x0100005200014F21,316,629,Rizia/Turn 4/FPnT_ANSouthMerkopa,Player_Romus,en,「我々両者とも、マレニエフ主義の増大する脅威を認識している。」
0x0100005200014F27,316,630,Rizia/Turn 4/FPnT_ANSouthMerkopa,Player_Romus,en,「私とパレス大公国との関係は、当面の間は単なるビジネス上の提携に過ぎない。」
0x0100005200014F2F,316,631,Rizia/Turn 4/FPnT_ANSouthMerkopa,Player_Romus,en,「我々も、レスピアやアルカシア条約機構がさらに南へ影響力を広げることを望んでいない。」
0x0100005200014F3A,316,632,Rizia/Turn 4/FPnT_ANSouthMerkopa,Player_Romus,en,「一部の国は自分たちの利益のために、我々を互いに対立させようとしてきた。もう二度と許さない。」
0x0100005200014F4A,316,633,Rizia/Turn 4/FPnT_ANSouthMerkopa,Player_Romus,en,「我々両者とも、先代たちが引き起こした暴力の連鎖を終わらせたいと願っている。」
0x0100005200014F53,316,634,Rizia/Turn 4/FPnT_ANSouthMerkopa,Player_Romus,en,「我々は両国のかつての敵対関係を忘れてはおらない。だが、共に未来へ目を向けられることを喜ばしく思う。」
0x0100005200014F5E,316,635,Rizia/Turn 4/FPnT_ANSouthMerkopa,Player_Romus,en,「現代において開明的な君主制が存在しうるか、疑問に思う者もいるだろう。我々がその誤りを証明してみせよう。」
0x0100005200014F68,316,636,Rizia/Turn 4/FPnT_ANSouthMerkopa,Player_Romus,en,「ヘーゲル書記長の発言についてだが……」
0x0100005200014F6E,316,637,Rizia/Turn 4/FPnT_ANSouthMerkopa,Player_Romus,en,「ヴァルグスランド書記長が先に述べた発言については、私は返答するほどの価値もないと考える。」
0x0100005200014F81,316,638,Rizia/Turn 4/FPnT_ANSouthMerkopa,Player_Romus,en,「パレスでのヴァルグスランド革命が失敗したからといって、それが国としての正当性を失うわけではない。」
0x0100005200014F88,316,639,Rizia/Turn 4/FPnT_ANSouthMerkopa,Player_Romus,en,「ラインハルトの先祖たちの罪のために、彼を罰する必要はない。」
0x0100005200014F90,316,640,Rizia/Turn 4/FPnT_ANSouthMerkopa,Player_Romus,en,「私も、パレスの王家が過去の過ちに対して十分な償いをしてこなかったことに同意する。リジアの導きがあれば、ようやく彼らもその償いを果たせるかもしれない。」
0x0100005200014F97,316,641,Rizia/Turn 4/FPnT_ANSouthMerkopa,Narrator,en,ラインハルト大公は忠実に拍手をした。
0x0100005200014F9E,316,642,Rizia/Turn 4/FPnT_ANSouthMerkopa,Narrator,en,ラインハルト大公とその代表団は熱烈な拍手を送った。ヘーゲルは不快そうな表情を浮かべていた。
0x0100005200014FA8,316,643,Rizia/Turn 4/FPnT_ANSouthMerkopa,Player_Romus,en,「これまでの数年間、パレス大公国がレスピアとますます親密になっていく様子を、私は憂慮の念を持って見てきた。」
0x0100005200014FAF,316,644,Rizia/Turn 4/FPnT_ANSouthMerkopa,Player_Romus,en,「リジアの科学者たちが発見した天然ガスをラインハルト大公が単独で所有権を主張したことは、私としても当然不快に思う。」
0x0100005200014FB6,316,645,Rizia/Turn 4/FPnT_ANSouthMerkopa,Player_Romus,en,「リジアとパレス大公国の間に過去から続く敵対関係があるにもかかわらず、我々には前進する道があると考えている。」
0x0100005200014FC4,316,646,Rizia/Turn 4/FPnT_ANSouthMerkopa,Player_Romus,en,「ですが、レスピアのアルバレス首相と話し合った結果、我々三つの国の間でも調和を保つことができると確信した。」
0x0100005200014FCC,316,647,Rizia/Turn 4/FPnT_ANSouthMerkopa,Player_Romus,en,「実際、先日のガス取引を受けてレスピアのアルバレス首相と話し合った結果、我々三か国間で調和を保つことが可能だと確信している。」
0x0100005200014FD3,316,648,Rizia/Turn 4/FPnT_ANSouthMerkopa,Player_Romus,en,「私の王国がアウレウス・ガス田に対する正当な権利を放棄したという事実は、我々がこの件に真剣であることの証だ。」
0x0100005200014FDA,316,649,Rizia/Turn 4/FPnT_ANSouthMerkopa,Player_Romus,en,「しかし、私の王国がアウレウス鉱地に対する正当な権利を放棄しようとしたという事実こそ、我々が平和をどれほど真剣に望んでいるかを示している。」
0x0100005200014FE8,316,650,Rizia/Turn 4/FPnT_ANSouthMerkopa,Player_Romus,en,「パレスとレスピアが共謀して、我が王国の天然ガスに対する権利を奪おうとしたという事実は、ここに集まった全員にとって警戒すべきことだろう。」
0x0100005200014FF0,316,651,Rizia/Turn 4/FPnT_ANSouthMerkopa,Player_Romus,en,「パレスとレスピアが共謀して我が王国の天然ガスに対する権利を奪おうとしたという事実は、ここに集まった全員にとって警戒すべきことであるはずだ。」
0x0100005200014FF7,316,652,Rizia/Turn 4/FPnT_ANSouthMerkopa,Player_Romus,en,「それでも、探査権の共有ができるだけ円滑に進むことは我々の利益にかなう。」
0x0100005200015009,316,656,Rizia/Turn 4/FPnT_ANSouthMerkopa,Player_Romus,en,「探査権の共有ができるだけスムーズに進むことは、我々にとって有益なことだ。」
0x010000520001501A,316,660,Rizia/Turn 4/FPnT_ANSouthMerkopa,Player_Romus,en,「我々の意向としては、この素晴らしい新資源によってリジアだけでなく、南メルコパ全体が恩恵を受けることだ。」
0x0100005200015028,316,661,Rizia/Turn 4/FPnT_ANSouthMerkopa,Player_Romus,en,「我々には様々な違いがあるが、一つだけ共通点がある。それは、マレニエフ主義の脅威に対して団結して立ち向かっているということだ。」
0x0100005200015035,316,662,Rizia/Turn 4/FPnT_ANSouthMerkopa,Player_Romus,en,「しかし富こそが最も強力な結束力となる。私は、ガス田から得られる利益を我々の地域に再投資することを楽しみにしている。」
0x010000520001503C,316,663,Rizia/Turn 4/FPnT_ANSouthMerkopa,Player_Romus,en,「富こそが最も強力な結束力だ。私は、このガス田から得られる利益を我々の地域に再投資することを楽しみにしている。」
0x0100005200015043,316,664,Rizia/Turn 4/FPnT_ANSouthMerkopa,Player_Romus,en,「私は、パレスやレスピアが自国の国民の福祉を守ろうとすることを非難しない。」
0x010000520001504A,316,665,Rizia/Turn 4/FPnT_ANSouthMerkopa,Player_Romus,en,「しかし、自国の市民の福祉を守ろうとするパレスやレスピアを非難するつもりはない。」
0x0100005200015051,316,666,Rizia/Turn 4/FPnT_ANSouthMerkopa,Player_Romus,en,「ヘーゲル書記長の発言についてだが……」
0x0100005200015057,316,667,Rizia/Turn 4/FPnT_ANSouthMerkopa,Player_Romus,en,「パレスでのヴァルグスランド革命が失敗したからといって、それが国としての正当性を失うわけではない。」
0x010000520001505D,316,668,Rizia/Turn 4/FPnT_ANSouthMerkopa,Player_Romus,en,「ラインハルトの先祖たちの罪のために、彼を罰する必要はない。」
0x0100005200015063,316,669,Rizia/Turn 4/FPnT_ANSouthMerkopa,Player_Romus,en,「私は、パレスの王家が過去の過ちに対して十分な償いをしてこなかったことに同意する。おそらく、彼らがこれから得るレスピア人の富は賠償に充てるのが最善だろう。」
0x0100005200015069,316,670,Rizia/Turn 4/FPnT_ANSouthMerkopa,Narrator,en,ヘーゲルは眉を上げて拍手した。
0x010000520001506F,316,671,Rizia/Turn 4/FPnT_ANSouthMerkopa,Narrator,en,ラインハルト大公とその代表団は熱烈な拍手を送った。ヘーゲルは不快そうな表情を浮かべていた。
0x0100005200015082,316,672,Rizia/Turn 4/FPnT_ANSouthMerkopa,Player_Romus,en,「ヴァルグスランド書記長が先に述べた発言については、私は返答するほどの価値もないと考える。」
0x0100005200015093,316,673,Rizia/Turn 4/FPnT_ANSouthMerkopa,Player_Romus,en,「これ以上、長くお時間を取らせることはしない。」
0x010000520001509D,316,674,Rizia/Turn 4/FPnT_ANSouthMerkopa,Player_Romus,en,「大統領を急かしてはいけない、大統領閣下。」
0x01000052000150A7,316,675,Rizia/Turn 4/FPnT_ANSouthMerkopa,Narrator,en,私は腰を下ろした。補佐官が水の入ったグラスを私に渡してくれた。
0x01000052000150BB,316,679,Rizia/Turn 4/FPnT_ANSouthMerkopa,Player_Romus,en,「いわゆる『パレス大公国』についてだが……」
0x01000052000150C5,316,680,Rizia/Turn 4/FPnT_ANSouthMerkopa,Narrator,en,モレラ人の首相が演説を終えて席に戻ると、ラウレントが私の方を向いた。
0x01000052000150CC,316,681,Rizia/Turn 4/FPnT_ANSouthMerkopa,Laurento Esquibel,en,「どうやら国際貿易区は、私が思っていたよりも解決が難しい問題になりそうですね。」
0x01000052000150D3,316,682,Rizia/Turn 4/FPnT_ANSouthMerkopa,Player_Romus,en,「問題ない。私とアルバレスが団結した姿勢で対応する。」
0x01000052000150E1,316,686,Rizia/Turn 4/FPnT_ANSouthMerkopa,Player_Romus,en,「今日はどうせ何も決まらない。すべてただの話に過ぎないのだ。」
0x01000052000150E8,316,687,Rizia/Turn 4/FPnT_ANSouthMerkopa,Player_Romus,en,「どんな犠牲を払ってでも構わない。我々は自分たちの金を必ず守る。」
0x01000052000150EF,316,688,Rizia/Turn 4/FPnT_ANSouthMerkopa,Player_Romus,en,「彼女が私に代わってデルディアと交渉することを期待していないでくれるといいのだが。」
0x01000052000150F6,316,689,Rizia/Turn 4/FPnT_ANSouthMerkopa,Laurento Esquibel,en,「ところで……」
0x01000052000150FD,316,690,Rizia/Turn 4/FPnT_ANSouthMerkopa,Laurento Esquibel,en,「デルディアが彼女の『テロリスト』発言についてどう思っているのか、私も気になります。ですが、その答えを知るのに長く待つ必要はありません。」
0x0100005200014252,316,692,Rizia/Turn 4/FPnT_ANSouthMerkopa,Narrator,en,最高賢者ヨルガ・アズマルは舞台を去る際、再び柱の印を作った。
0x010000520001510D,316,693,Rizia/Turn 4/FPnT_ANSouthMerkopa,Laurento Esquibel,en,「ああ、しかし今こそ本当の強力な武器を使う時です。」
0x0100005200015119,316,694,Rizia/Turn 4/FPnT_ANSouthMerkopa,Narrator,en,ナインズ大統領がヴィクトル・スモラクの名前を告げると、彼は補佐官に合図してメモを取り始めるよう指示した。
0x0100005200015125,316,696,Rizia/Turn 4/FPnT_ANSouthMerkopa,Player_Romus,en,「くそっ、どうすればいいのだ？」
0x0100005200015133,316,697,Rizia/Turn 4/FPnT_ANSouthMerkopa,Player_Romus_Italic,en,彼が去っていくとき、私はブーイングをした。
0x0100005200015133,316,697,Rizia/Turn 4/FPnT_ANSouthMerkopa,Player_Romus_Italic,Menu Text en,彼にブーイングを送る
0x010000520001513B,316,698,Rizia/Turn 4/FPnT_ANSouthMerkopa,Player_Romus_Italic,en,彼が去っていくと、私は丁寧に拍手をした。
0x010000520001513B,316,698,Rizia/Turn 4/FPnT_ANSouthMerkopa,Player_Romus_Italic,Menu Text en,丁寧に拍手する
0x0100005200015149,316,702,Rizia/Turn 4/FPnT_ANSouthMerkopa,Player_Romus,en,「レスピアの助けを受け入れて正解だったようだね。」
0x0100005200015150,316,703,Rizia/Turn 4/FPnT_ANSouthMerkopa,Laurento Esquibel,en,「もうすぐご意見を述べる機会がございます。」
0x0100005200015157,316,704,Rizia/Turn 4/FPnT_ANSouthMerkopa,Laurento Esquibel,en,「帰国し次第、すぐにヴェーレンの外務大臣たちと連絡を取ります。状況を是正できる方法がまだあるかもしれません。」
0x0100005200015161,316,705,Rizia/Turn 4/FPnT_ANSouthMerkopa,Laurento Esquibel,en,「では、アルバレス首相がこの件について何か言及するか見てみましょう。」
0x0100005200015178,316,710,Rizia/Turn 4/FPnT_ANSouthMerkopa,Player_Romus,en,「ヴェーレンについては何もないか？」
0x0100005200015185,316,714,Rizia/Turn 4/FPnT_ANSouthMerkopa,Player_Romus,en,「ヴァルグスランドは今日、確かに積極的に参加している。」
0x010000520001518C,316,715,Rizia/Turn 4/FPnT_ANSouthMerkopa,Laurento Esquibel,en,「それか、ヘーゲルが本当に風邪をひいているのでしょう。」
0x0100005200015193,316,716,Rizia/Turn 4/FPnT_ANSouthMerkopa,Laurento Esquibel,en,「今のところ、ジルの問題でどちらかの側につくのはレスピアの利益になりません。」
0x010000520001519A,316,717,Rizia/Turn 4/FPnT_ANSouthMerkopa,Player_Romus_Italic,en,アルバレスが舞台を去ると、私も部屋にいた他の人々と共に拍手を送った。
0x010000520001519A,316,717,Rizia/Turn 4/FPnT_ANSouthMerkopa,Player_Romus_Italic,Menu Text en,拍手をする
0x01000052000151A0,316,718,Rizia/Turn 4/FPnT_ANSouthMerkopa,Player_Romus,en,「私はヴァルグスランドからもっと多くの意見が出るものだと思っていた。」
0x01000052000151A6,316,719,Rizia/Turn 4/FPnT_ANSouthMerkopa,Laurento Esquibel,en,「今日はまだ終わっていません。」
0x01000052000151B0,316,720,Rizia/Turn 4/FPnT_ANSouthMerkopa,Player_Romus,en,「ヴェーレンの件については、もっと多くの支援が得られると期待していた。」
0x01000052000151B7,316,721,Rizia/Turn 4/FPnT_ANSouthMerkopa,Laurento Esquibel,en,「どちらの方向にしても、彼らを説得するのは非常に難しい相手です。」
0x01000052000151BE,316,722,Rizia/Turn 4/FPnT_ANSouthMerkopa,Laurento Esquibel,en,「次はパレスの番のようですね。」
0x01000052000151D9,316,725,Rizia/Turn 4/FPnT_ANSouthMerkopa,Laurento Esquibel,en,「陛下、お見事でした。」
0x01000052000151E7,316,729,Rizia/Turn 4/FPnT_ANSouthMerkopa,Laurento Esquibel,en,「ヴァルグスランドに助けを求めるという陛下の決断は……興味深いものでした。」
0x01000052000151EE,316,730,Rizia/Turn 4/FPnT_ANSouthMerkopa,Laurento Esquibel,en,「その影響を把握するにはしばらく時間がかかります。リジアに戻ったら、これらの状況について改めて報告しましょう。」
0x01000052000151F6,316,731,Rizia/Turn 4/FPnT_ANSouthMerkopa,Narrator,en,集会場を出て再び外に出ると、ドームの上で雨が降っていた音が止んでいることに気づいた。
0x01000052000151FD,316,732,Rizia/Turn 4/FPnT_ANSouthMerkopa,Narrator,en,コンスタンティウムではまたもや晴れた日が続いていた。
0x0100005200017271,316,733,Rizia/Turn 4/FPnT_ANSouthMerkopa,Laurento Esquibel,en,「厳密に言えば陛下、ヘーゲルはもはや自分をマレニエフ主義者だとは考えておりません。ヴァルグスランド社会主義はそれ自体が独立した思想体系なのです。」
0x0100005200017279,316,734,Rizia/Turn 4/FPnT_ANSouthMerkopa,Player_Romus,en,「そのマレニエフ主義者は何をしているのか？」
0x0100005200017FE3,316,754,Rizia/Turn 4/FPnT_ANSouthMerkopa,Laurento Esquibel,en,「では、アルバレス首相が陛下に約束された支援を実際に行うか見てみましょう。」
0x010000520002189F,316,762,Rizia/Turn 4/FPnT_ANSouthMerkopa,Player_Romus,en,「ラインハルト家が苦労して得た富に値しないなどという主張は、この男とその思想がいかに危険であるかを如実に示しているだけだ。」
0x01000052000218A7,316,763,Rizia/Turn 4/FPnT_ANSouthMerkopa,Player_Romus,en,「ラインハルト大公家だけでなく、他のすべての貴族家族も自らの富の源泉を見直さざるを得ない日が来ることを楽しみにしている。」
0x01000052000232BA,316,767,Rizia/Turn 4/FPnT_ANSouthMerkopa,Laurento Esquibel,en,「正直言って、彼がデルディアで何をしているのか私にはほとんど分かりません。彼の屋敷は厳重な秘密に包まれています。」
0x01000052000232C1,316,768,Rizia/Turn 4/FPnT_ANSouthMerkopa,Laurento Esquibel,en,「確かに、大変興味が湧きます。」
0x01000052000232C7,316,769,Rizia/Turn 4/FPnT_ANSouthMerkopa,Laurento Esquibel,en,「おそらくその通りでしょう、陛下。」
0x01000052000232E7,316,779,Rizia/Turn 4/FPnT_ANSouthMerkopa,Player_Romus,en,「私がヴァルグスランドの支援を頼むなどとは思わない。だが、あなたには敬意を払う。」
0x010000520002A5D3,316,785,Rizia/Turn 4/FPnT_ANSouthMerkopa,Player_Romus,en,「私は何か間違いを犯したのだろうか？この仲裁裁判に負けてしまうのだろうか？」
0x010000520002A5DA,316,786,Rizia/Turn 4/FPnT_ANSouthMerkopa,Laurento Esquibel,en,「我々なら勝てると思います。今日、しっかりした主張ができればなおさらです。」
0x010000520002A5E2,316,787,Rizia/Turn 4/FPnT_ANSouthMerkopa,Player_Romus,en,「私は過ちを犯したのだろうか？領土の半分を守るため、もっと必死に戦うべきだったのだろうか？」
0x010000520002A5F0,316,791,Rizia/Turn 4/FPnT_ANSouthMerkopa,Narrator,en,アクセル・ラインハルト大公とパトリシオ・アルバレスは話し込んでいるため遅れて入ってきた。二人は互いにうなずき合った後、それぞれの代表団と共に席に着いた。
0x010000520002A5FF,316,792,Rizia/Turn 4/FPnT_ANSouthMerkopa,Player_Romus,en,「あの二人の恋人同士を見てくれ。」
0x010000520002A605,316,793,Rizia/Turn 4/FPnT_ANSouthMerkopa,Laurento Esquibel,en,「我々は不必要な緊張を大いに避けることができました。それは勝利だと言えるでしょう。」
0x010000520002A60E,316,794,Rizia/Turn 4/FPnT_ANSouthMerkopa,Player_Romus,en,「彼らが何について話していたのか気になる。」
0x010000520002A61C,316,798,Rizia/Turn 4/FPnT_ANSouthMerkopa,Laurento Esquibel,en,「ラインハルトは、レスピアとリジアが自分の背後で取引を結んだことに不快感を抱いていた。しかし、受け入れるしか選択肢がなかったのです。」
0x010000520002A624,316,799,Rizia/Turn 4/FPnT_ANSouthMerkopa,Laurento Esquibel,en,「ラインハルトは、レスピアが我々に出した提案に驚くほど満足していました。もしかすると、パレス、レスピア、リジアはやはり調和して共存できるのかもしれません。」
0x010000520002A62C,316,800,Rizia/Turn 4/FPnT_ANSouthMerkopa,Laurento Esquibel,en,「私も同様の噂を耳にしましたが、裏付けとなるものは何もありませんでした。」
0x0100009E000049E7,316,814,Rizia/Turn 4/FPnT_ANSouthMerkopa,Player_Romus,en,「そのようにいたしよう。」
0x010000520005C1FE,316,822,Rizia/Turn 4/FPnT_ANSouthMerkopa,Player_Romus,en,「ですが、モレラが国有化という極端な手段に訴える必要はないと私は考えている。」
0x010000BE00001FBE,316,823,Rizia/Turn 4/FPnT_ANSouthMerkopa,Player_Romus_Italic,en,私は何もしなかったし、何も言わなかった。
0x010000BE00001FBE,316,823,Rizia/Turn 4/FPnT_ANSouthMerkopa,Player_Romus_Italic,Menu Text en,何も反応しないで
0x0100005200073376,316,824,Rizia/Turn 4/FPnT_ANSouthMerkopa,Ephraim Nines (R),en,「ここに、南メルコパの各国からお越しいただいた貴重な代表団の皆様を、この特別会議へ心より歓迎いたします。」
0x010000520007337C,316,825,Rizia/Turn 4/FPnT_ANSouthMerkopa,Ephraim Nines (R),en,「今日は多くの指導者たちの発言がありますので、冒頭の挨拶は簡潔に済ませさせていただきます。」
0x0100005200073384,316,826,Rizia/Turn 4/FPnT_ANSouthMerkopa,Ephraim Nines (R),en,「命じる！」
0x010000520007338B,316,827,Rizia/Turn 4/FPnT_ANSouthMerkopa,Ephraim Nines (R),en,「ヘーゲル書記長、これが最後の警告です。今日の会議を再び中断してはなりません。」
0x0100005200073391,316,828,Rizia/Turn 4/FPnT_ANSouthMerkopa,Emmerich Hegel (R),en,「わかりました。私が言うべきことはすべて申し上げました。」
0x0100005200073399,316,829,Rizia/Turn 4/FPnT_ANSouthMerkopa,Ephraim Nines (R),en,「宰相、既に警告は致しました——」
0x0100005200018BEA,317,3,Rizia/Turn 4/P_PabelLucitaRomance,Narrator,en,カルスの肥沃な田園地帯にあるカントゥアーヴォのブドウ畑は、リジアで最も古いものの一つだった。
0x0100005200018BF1,317,4,Rizia/Turn 4/P_PabelLucitaRomance,Narrator,en,そのワイナリーは、長年にわたり王国に高品質なワインを供給した功績で貴族の地位を与えられてきた、尊敬されるワイン造りの一族が経営しており、今では五代目にあたる。
0x0100005200018BF8,317,5,Rizia/Turn 4/P_PabelLucitaRomance,Narrator,en,今夜、彼らは私の家族や評議会のメンバーを招き、最新作である「赤きロムス」というワインの儀式的な開栓式を行った。そのワインは私が即位した日に瓶詰めされたもので、今や飲用可能な状態になっていた。
0x0100005200018BFF,317,6,Rizia/Turn 4/P_PabelLucitaRomance,Narrator,en,私はもっと祝う気分になれたらよかったのだが。
0x0100005200018C0C,317,10,Rizia/Turn 4/P_PabelLucitaRomance,Narrator,en,それだけでは済まないかのように、パレスとの緊張関係はこれまで以上に高まっていた。我々が依然として仲裁の結果を待っている間も、状況は悪化し続けていた。
0x0100005200018C13,317,11,Rizia/Turn 4/P_PabelLucitaRomance,Narrator,en,その間、国際社会の懸念が高まっていたにもかかわらず、リジア海軍は依然としてアウレウス野原周辺に配備され続けていた。
0x0100005200018C1F,317,15,Rizia/Turn 4/P_PabelLucitaRomance,Narrator,en,そしてガスタンカーたちは、我々の天然ガス輸出を続けるために、毎日モンキズやポルテ・ドラゾン、アレス要塞からルンブルクへと向かっていた。
0x0100005200018C2A,317,19,Rizia/Turn 4/P_PabelLucitaRomance,Narrator,en,当時、私がすべきことはワインのボトルを開けるだけだった。しかし、それさえも政治的な問題と結びついていた。ウーゴはカントゥアーヴォ家を我々の家門に忠実に留めておくことの重要性を強調していた。
0x0100005200018C36,317,20,Rizia/Turn 4/P_PabelLucitaRomance,Narrator,en,ヴェーレンの国際連盟での発表により、国はパニック状態に陥った。我々を取り巻いては、ジルを取り戻すために何か行動を起こせという圧力が絶えなかった。
0x0100005200018C3E,317,21,Rizia/Turn 4/P_PabelLucitaRomance,Narrator,en,それは容易なことではなかった。リジアのワイン産地の中心部に金鉱を開くという私の決定は、ヴァレンキリスの貴族たちの多くを怒らせたのであり、その中でも特にカントゥアーヴォ家が激しく反発した。
0x0100005200018C4B,317,25,Rizia/Turn 4/P_PabelLucitaRomance,Narrator,en,我々の車列はブドウ園の入り口に到着し、そこにはリジアの国旗である青・白・金の色で飾られた祭り用のテントが設置されていた。
0x0100005200018C53,317,26,Rizia/Turn 4/P_PabelLucitaRomance,Narrator,en,入念な警備検査が終わった後、私の母エステラ、ヴィナ、ウーゴ、そして私は自分たちの席へと向かった。パベルが静かに近づいてきて、我々のグラスにスパークリングウォーターを注いでくれた。
0x0100005200018CD1,317,27,Rizia/Turn 4/P_PabelLucitaRomance,Pabel Adria,en,「私はブドウ園の職員たちと共に試飲会を監督する光栄を得ました。正直なところ、今回はその家族がかつてないほど素晴らしい成果を上げてくれました。」
0x0100005200018CD8,317,28,Rizia/Turn 4/P_PabelLucitaRomance,Player_Romus,en,「私はどれだけ飲まなければならないのか？」
0x0100005200018CE5,317,32,Rizia/Turn 4/P_PabelLucitaRomance,Player_Romus,en,「なんと素晴らしいことだろう。早く試飲ができるのを楽しみにしている。」
0x0100005200018CEC,317,33,Rizia/Turn 4/P_PabelLucitaRomance,Player_Romus,en,「パベル、もう酔っているのか？」
0x0100005200018CF3,317,34,Rizia/Turn 4/P_PabelLucitaRomance,Player_Romus,en,「これは私の名にちなんで名付けられたものだ。良いものでなければならない。」
0x0100005200018CFA,317,35,Rizia/Turn 4/P_PabelLucitaRomance,Pabel Adria,en,「陛下、最初のボトルを開ける際は少しだけお飲みいただき、残りの時間は代替品を用意してご提供させます。」
0x0100005200018D01,317,36,Rizia/Turn 4/P_PabelLucitaRomance,Pabel Adria,en,「陛下、正直に申し上げますと、きっと気に入られると思います。最初は口当たりが軽やかですが、隠された深みがあります。」
0x0100005200018D0E,317,40,Rizia/Turn 4/P_PabelLucitaRomance,Narrator,en,パベルはにっこりと笑った。
0x0100005200018D15,317,41,Rizia/Turn 4/P_PabelLucitaRomance,Pabel Adria,en,「陛下、試飲の際にうっかり口に出してしまいました。残念でございます。」
0x0100005200018D1C,317,42,Rizia/Turn 4/P_PabelLucitaRomance,Narrator,en,パベルの表情に変化はなかった。
0x0100005200018D23,317,43,Rizia/Turn 4/P_PabelLucitaRomance,Pabel Adria,en,「決してそのようなことはありません、陛下。私どもはワインの特性を判断するために、必要最低限だけ味見をいたします。」
0x0100005200018D31,317,47,Rizia/Turn 4/P_PabelLucitaRomance,Pabel Adria,en,「陛下、楽しんでいただければ幸いです。もしお気に召さないようでしたらすぐにお知らせください。そうすれば陛下の好みに合ったものを探し出します。」
0x0100005200018D38,317,48,Rizia/Turn 4/P_PabelLucitaRomance,Narrator,en,その三人とも、会議で着用していた質素な正装よりも祝祭的な服装をしていたが、中でもルシータが着ていた細身で精巧にビーズが施された黄色のドレスは特に目を引くものだった。
0x0100005200018D3E,317,49,Rizia/Turn 4/P_PabelLucitaRomance,Estela Toras,en,「まあ、なんてことでしょう。今夜はモンタクラルの山々が存分に姿を現していますね。」
0x0100005200018D44,317,50,Rizia/Turn 4/P_PabelLucitaRomance,Narrator,en,私の母は私の方を向き、小声で何かつぶやいた。
0x0100005200018D4C,317,51,Rizia/Turn 4/P_PabelLucitaRomance,Player_Romus,en,「まさにその通りだ！」
0x0100005200018D53,317,52,Rizia/Turn 4/P_PabelLucitaRomance,Player_Romus,en,「正直に申し上げると、母上。そのような態度で私の顧問を貶め続けるなら、追放させる。」
0x0100005200018D5A,317,53,Rizia/Turn 4/P_PabelLucitaRomance,Player_Romus,en,「あなたは、たまたま他人の服装が自分より良いだけで嫉妬しているだけだ。」
0x0100005200018D61,317,54,Rizia/Turn 4/P_PabelLucitaRomance,Player_Romus,en,「山だって？何をおっしゃっているのか？」
0x0100005200018D68,317,55,Rizia/Turn 4/P_PabelLucitaRomance,Narrator,en,ヴィナは頷いて同意したが、その目には警戒の色が浮かんでいた。
0x0100005200018D6E,317,56,Rizia/Turn 4/P_PabelLucitaRomance,Narrator,en,ヴィナは嫌悪感から目を丸くした。
0x0100005200018D75,317,57,Rizia/Turn 4/P_PabelLucitaRomance,Vina Toras,en,「私には依然として、なぜここにいるのか理解できません。特にこれまで起きてきた多くの出来事を考えると。」
0x0100005200018D85,317,61,Rizia/Turn 4/P_PabelLucitaRomance,Narrator,en,ヴィナは頷いて同意した。
0x0100005200018D8D,317,62,Rizia/Turn 4/P_PabelLucitaRomance,Narrator,en,ヴィナはくすっと笑いをこらえた。
0x0100005200018D95,317,63,Rizia/Turn 4/P_PabelLucitaRomance,Narrator,en,ヴィナは目を転がし、グラスの縁を指でなぞった。
0x0100005200018D9D,317,64,Rizia/Turn 4/P_PabelLucitaRomance,Hugo Toras,en,「殿下、それは政治の問題です。もし我が国の対外情勢が悪化した場合、これまで以上にトラス家や故郷の州の支援が必要となります。」
0x0100005200018DAB,317,65,Rizia/Turn 4/P_PabelLucitaRomance,Player_Romus,en,「ああ、これまで通り様々な行事に出席し続けなければならない。王族として、我々はリジアの精神を守り抜かねばならないのだ。」
0x0100005200018E05,317,66,Rizia/Turn 4/P_PabelLucitaRomance,Player_Romus,en,「ヴィナの言う通りだ。ジル以来、スモラク大統領とは一言も話していない。私が先に彼と会談するべきではないだろうか？」
0x0100005200018E0C,317,67,Rizia/Turn 4/P_PabelLucitaRomance,Player_Romus,en,「よく考えてみれば、ヴァレンキリスの貴族たちは、私が国際連盟でマレニエフ主義者の側に立ったことを恨んで、生きたまま皮を剥ぐよう要求してくるのではないか？」
0x0100005200018E1F,317,74,Rizia/Turn 4/P_PabelLucitaRomance,Vina Toras,en,「父上、ヴァルグスランド社会主義者というのはまた別物です。」
0x0100005200018E26,317,75,Rizia/Turn 4/P_PabelLucitaRomance,Hugo Toras,en,「殿下、我々の関係においてはそのようなことはございません。」
0x0100005200018E2D,317,76,Rizia/Turn 4/P_PabelLucitaRomance,Hugo Toras,en,「我が一族の多くは依然としてヴァルグ人の血を引いております。彼らもまた旧帝国の進路を軽蔑してはいますが、多少なりとも同情心は残っているかもしれません。」
0x0100005200018E34,317,77,Rizia/Turn 4/P_PabelLucitaRomance,Hugo Toras,en,「確かに窮地ではありますが、危機というほどではありません。」
0x0100005200018E3C,317,78,Rizia/Turn 4/P_PabelLucitaRomance,Hugo Toras,en,「エスキベル氏が既に会合の準備を進めております、陛下。今この瞬間も彼のチームが我々の主張をまとめている最中です。」
0x0100005200018E49,317,79,Rizia/Turn 4/P_PabelLucitaRomance,Hugo Toras,en,「とりあえず、最も裕福な国民の皆様に、この状況が彼らの資産に影響を与えないことを安心していただくことが重要です。」
0x0100005200018E56,317,80,Rizia/Turn 4/P_PabelLucitaRomance,Hugo Toras,en,「まさにその通りでございます、陛下。」
0x0100005200018E5D,317,81,Rizia/Turn 4/P_PabelLucitaRomance,Hugo Toras,en,「この場合、我が国で最も裕福な国民の皆様が、ご自身の資産が引き続き安定した状態に保たれることを確信していただくことが特に重要です。」
0x0100005200018E64,317,82,Rizia/Turn 4/P_PabelLucitaRomance,Hugo Toras,en,「陛下、彼らの資産が引き続き安定した状態にあることを安心させていただければよろしいのです。」
0x0100005200018E6B,317,83,Rizia/Turn 4/P_PabelLucitaRomance,Narrator,en,パベルは声のトーンを落とした。
0x0100005200018E73,317,84,Rizia/Turn 4/P_PabelLucitaRomance,Hugo Toras,en,「アドリア様、それは素晴らしいですね。しかし陛下には控えめな量で提供してください。このような場で酔ってしまうのは王として相応しくありません。」
0x0100005200018E78,317,85,Rizia/Turn 4/P_PabelLucitaRomance,Hugo Toras,en,「アドリア様、それは賢明な判断です。このような場で酒に酔ってしまうのは王として相応しくありません。」
0x0100005200018E82,317,86,Rizia/Turn 4/P_PabelLucitaRomance,Hugo Toras,en,「アドリア様、実に慎重ですね。これほど重要な式典では酔い過ぎてはなりませんから。」
0x0100005200018E8A,317,87,Rizia/Turn 4/P_PabelLucitaRomance,Narrator,en,ルシータ、エレナ、ラウレントが我々のそばを通り過ぎて、我々の隣のテーブルに座った。
0x0100005200018E94,317,88,Rizia/Turn 4/P_PabelLucitaRomance,Pabel Adria,en,「実際、これは陛下にとって非常にふさわしいお酒です。最初は口当たりが軽やかですが、奥深い味わいがあります。」
0x0100005200018E9F,317,92,Rizia/Turn 4/P_PabelLucitaRomance,Pabel Adria,en,「陛下、楽しんでいただければ幸いです。もしお気に召さないようでしたらすぐにお知らせください。そうすれば陛下の好みに合ったものを探し出します。」
0x0100005200018EA8,317,93,Rizia/Turn 4/P_PabelLucitaRomance,Narrator,en,私の母は苦笑いを浮かべた。
0x0100005200018EAF,317,94,Rizia/Turn 4/P_PabelLucitaRomance,Estela Toras,en,「まさに隠された深淵ですね。」
0x0100005200018EB8,317,95,Rizia/Turn 4/P_PabelLucitaRomance,Narrator,en,その他の出席者たちも次々と入ってきた。そこにいたのは、この地域各地から集まった男爵や女伯爵、子爵、CEOたちからなる少数のエリート層だった。
0x0100005200018EC1,317,96,Rizia/Turn 4/P_PabelLucitaRomance,Narrator,en,彼らは私のテーブルのそばを通り過ぎる際にお辞儀をした。その中には恐怖が目に浮かんでいる者もいた。
0x0100005200018ECD,317,100,Rizia/Turn 4/P_PabelLucitaRomance,Player_Romus,en,「あなた、アンタシアン海での海軍間の対立を彼らは心配していると思うか？」
0x0100005200018ED4,317,101,Rizia/Turn 4/P_PabelLucitaRomance,Hugo Toras,en,「それにもちろん、スモラク大統領の発表もあります。」
0x0100005200018EDB,317,102,Rizia/Turn 4/P_PabelLucitaRomance,Hugo Toras,en,「しかし、彼らを喜ばせるのは難しい集団ではありません。彼らの資産が安定したままであると安心させてやればよいのです。」
0x0100005200018EFE,317,106,Rizia/Turn 4/P_PabelLucitaRomance,Narrator,en,彼らは私のテーブルのそばを通り過ぎる際にお辞儀をしたが、その笑顔の中には偽りのものがあるように思えた。誰かが「ソードランド好き」と囁く声が聞こえたような気がした。
0x0100005200018F05,317,107,Rizia/Turn 4/P_PabelLucitaRomance,Narrator,en,彼らは一人また一人と私のテーブルの前を通り過ぎるたびにお辞儀をした。
0x0100005200018F21,317,108,Rizia/Turn 4/P_PabelLucitaRomance,Narrator,en,エステラは私に警告の視線を送った。
0x0100005200018F29,317,109,Rizia/Turn 4/P_PabelLucitaRomance,Estela Toras,en,「この者たちを満足させることは不可能です。無視なさった方がよろしいでしょう。」
0x0100005200018EEB,317,110,Rizia/Turn 4/P_PabelLucitaRomance,Narrator,en,彼らは私のテーブルのそばを通るときにお辞儀をしたが、その笑顔の中には偽りのものがあるように思えた。
0x0100005200018F3B,317,117,Rizia/Turn 4/P_PabelLucitaRomance,Hugo Toras,en,「ヴァレンキリスの大公として統治を終えた後も、依然として彼らの尊敬を集めておられますね。良い出発点です。」
0x0100005200018F43,317,118,Rizia/Turn 4/P_PabelLucitaRomance,Narrator,en,全員が席に着いた後、ワイナリーの責任者が短い開会の挨拶を述べ、その後私をステージに招き入れた。
0x0100005200018F4A,317,119,Rizia/Turn 4/P_PabelLucitaRomance,Narrator,en,私はマイクの後ろに立った。背後のテーブルの上には、マグヌムサイズの「ロムス・ザ・レッド」が置かれていた。
0x0100005200018F52,317,120,Rizia/Turn 4/P_PabelLucitaRomance,Player_Romus,en,「皆様。」
0x0100005200018F59,317,121,Rizia/Turn 4/P_PabelLucitaRomance,Player_Romus,en,「尊敬する貴族の皆様。」
0x0100005200018F60,317,122,Rizia/Turn 4/P_PabelLucitaRomance,Player_Romus,en,「ヴァレンキリスの偉大なる国民の皆様。」
0x0100005200018F67,317,123,Rizia/Turn 4/P_PabelLucitaRomance,Player_Romus,en,「我々はこの地がもたらす成果、つまり我々の土地の豊かな実りを祝うためにここに集まっているのだ。」
0x0100005200018F6C,317,124,Rizia/Turn 4/P_PabelLucitaRomance,Player_Romus,en,「私は、彼らがソードランドとの私の取引を快く思っていないことを知っている。」
0x0100005200018F7A,317,128,Rizia/Turn 4/P_PabelLucitaRomance,Hugo Toras,en,「彼らは共和国やその国民を特に高く評価しているわけではありませんね。」
0x0100005200018F81,317,129,Rizia/Turn 4/P_PabelLucitaRomance,Hugo Toras,en,「しかし、より緊急なのはヴェーレンがジルに関して発表したことです。陛下の資産が安定し続けるよう、彼らを安心させていただかねばなりません。」
0x0100005200018F8B,317,130,Rizia/Turn 4/P_PabelLucitaRomance,Player_Romus,en,「この国、いや、世界で最も優れたワイン製造者たちによって生み出された卓越した作品に自分の名前を捧げられることは、大変光栄に思う。」
0x0100005200018F92,317,131,Rizia/Turn 4/P_PabelLucitaRomance,Player_Romus,en,「今日、我々はこの王国の基盤である素晴らしい州を称え、杯を挙げる。」
0x0100005200018F99,317,132,Rizia/Turn 4/P_PabelLucitaRomance,Player_Romus,en,「このワインは時が経つほど味が良くなる。その名の由来となった王の治世と同じようにだ。」
0x0100005200018FA2,317,133,Rizia/Turn 4/P_PabelLucitaRomance,Player_Romus,en,「このブドウ園で作られたワインは、喜びの時には我々の味覚を楽しませてくれ、悲しみの時には心を落ち着かせてくれた。」
0x0100005200018FB8,317,137,Rizia/Turn 4/P_PabelLucitaRomance,Player_Romus,en,「このワインが口に含まれる者は誰であっても、高貴なトラス家やリジア王国への敬意を抱くようになるだろう。ええ、ソードランド人でさえもだ。」
0x0100005200018FBF,317,138,Rizia/Turn 4/P_PabelLucitaRomance,Player_Romus,en,「このワインが口に含まれる者すべての心に、高貴なトラス家とリジア王国への敬意を抱かせるだろう。」
0x0100005200018FC6,317,139,Rizia/Turn 4/P_PabelLucitaRomance,Narrator,en,私はかすかな笑い声が聞こえるのを耳にした。
0x0100005200018FD0,317,140,Rizia/Turn 4/P_PabelLucitaRomance,Player_Romus,en,「私は民の声に耳を傾けてきた。皆さんの中には、我が王国の安定性に疑問を抱く者もいることを知っている。」
0x0100005200018FDA,317,141,Rizia/Turn 4/P_PabelLucitaRomance,Player_Romus,en,「今夜、これほど多くの方々が祝いにお越しいただけて大変嬉しく思う。特に最近の出来事を経た今、ますますその気持ちが強まる。」
0x0100005200018FE4,317,142,Rizia/Turn 4/P_PabelLucitaRomance,Player_Romus,en,「ああ、我々の古くから続く君主制を弱体化させ、我々の富を自分たちのものにしようとする者たちがいる。」
0x0100005200018FEE,317,143,Rizia/Turn 4/P_PabelLucitaRomance,Player_Romus,en,「リジアに変化がもたらされようとしている。しかし、それが必ずしも悪いことだとは限らない。」
0x0100005200018FF7,317,144,Rizia/Turn 4/P_PabelLucitaRomance,Player_Romus,en,「私は神の意志を実行する道具に過ぎない。しかし、主がリジアのために偉大な計画を持っておられることは知っている。」
0x010000520001900E,317,148,Rizia/Turn 4/P_PabelLucitaRomance,Player_Romus,en,「我々は外の世界を見ることを恐れるべきではない。再び国際的な友好関係を築くためにもだ。」
0x0100005200019020,317,149,Rizia/Turn 4/P_PabelLucitaRomance,Player_Romus,en,「我々は、他の王家たちに支援を求めることをためらってはならない。」
0x010000520001902F,317,150,Rizia/Turn 4/P_PabelLucitaRomance,Player_Romus,en,「今こそ、これまで以上に、我々は自らの伝統と生活様式を守らなければならない。」
0x0100005200019039,317,151,Rizia/Turn 4/P_PabelLucitaRomance,Player_Romus,en,「あなたの助けがあれば、リジアはこれまで以上に強くなると私は確信している。」
0x0100005200019072,317,164,Rizia/Turn 4/P_PabelLucitaRomance,Player_Romus,en,「例えば、モレラにいる我々の兄弟姉妹だ。」
0x0100005200019079,317,165,Rizia/Turn 4/P_PabelLucitaRomance,Player_Romus,en,「例えば、デルディアにいる我々のヴルヘック教徒の同胞たちだ。」
0x0100005200019080,317,166,Rizia/Turn 4/P_PabelLucitaRomance,Player_Romus,en,「我々のヴァルグ人の親族たちは我々を忘れていない。そして我々も彼らを忘れてはいない。」
0x0100005200019087,317,167,Rizia/Turn 4/P_PabelLucitaRomance,Player_Romus,en,「レスピアの政治は我々のものと大きく異なるかもしれないが、やはり彼らは我々の隣人だ。」
0x010000520001908E,317,168,Rizia/Turn 4/P_PabelLucitaRomance,Player_Romus,en,「私の祖母がソードランド王国と築いたものと同じようにだ。」
0x0100005200019095,317,169,Rizia/Turn 4/P_PabelLucitaRomance,Player_Romus,en,「ルンブルクやGRACEにおける他の君主国たちの支援は、極めて貴重なものとなるだろう。」
0x010000520001909C,317,170,Rizia/Turn 4/P_PabelLucitaRomance,Player_Romus,en,「アザロ家の軍事力と工業技術は過去においても我が王国に大きな貢献をしてきたし、今後も同様に役立つだろう。」
0x01000052000190A3,317,171,Rizia/Turn 4/P_PabelLucitaRomance,Player_Romus,en,「サゾン家とは過去に対立があったが、彼らが一般民衆に対して示す思いやりや、芸術・教育への支援を無視することはできない。」
0x01000052000190AA,317,172,Rizia/Turn 4/P_PabelLucitaRomance,Narrator,en,ルシータは拍手をし、その顔には驚きと感謝の色が広がっていた。拍手をしていたのは彼女だけだった。
0x01000052000190B1,317,173,Rizia/Turn 4/P_PabelLucitaRomance,Narrator,en,ヴィナは自分の席から静かに拍手をした。彼女だけがそうしたのであった。
0x01000052000190B8,317,174,Rizia/Turn 4/P_PabelLucitaRomance,Player_Romus,en,「トラス家、アザロ家、サゾン家はいずれもリジアの繁栄に不可欠な存在だ。団結すれば、我々は強くあり続けることができる。」
0x01000052000190C5,317,175,Rizia/Turn 4/P_PabelLucitaRomance,Narrator,en,丁寧な拍手が一度起こった。聴衆が何を考えているのか、私には分からなかった。
0x01000052000190D2,317,176,Rizia/Turn 4/P_PabelLucitaRomance,Player_Romus,en,「この美しいワインの瓶を見て、いつの日かすべてのリジア人がこのような贅沢を味わえる日を夢見ている。」
0x0100005200019103,317,177,Rizia/Turn 4/P_PabelLucitaRomance,Player_Romus,en,「真の高貴さとは、生まれながらの権利によるものではなく、自分の富を分かち合うことを選ぶ心から来るのだ。」
0x0100005200019127,317,178,Rizia/Turn 4/P_PabelLucitaRomance,Player_Romus,en,「地位や国籍に関係なく、互いの違いを受け入れる時が来た。」
0x010000520001916B,317,179,Rizia/Turn 4/P_PabelLucitaRomance,Player_Romus,en,「一つだけ確かなことがある。来年の今頃には、再統一されたリジアのために『赤きロムス』を挙げて祝うことになるだろう。」
0x0100005200019173,317,180,Rizia/Turn 4/P_PabelLucitaRomance,Narrator,en,私は控えめな拍手の音が数回聞こえた。
0x0100005200019179,317,181,Rizia/Turn 4/P_PabelLucitaRomance,Player_Romus,en,「これが私が得られる拍手の全てか？私はあなた方の王だぞ！」
0x0100005200019181,317,182,Rizia/Turn 4/P_PabelLucitaRomance,Player_Romus,en,「新たな同盟に門戸を開けば、計り知れないほどの繁栄が我々の報酬となることを約束する。」
0x0100005200019188,317,183,Rizia/Turn 4/P_PabelLucitaRomance,Narrator,en,群衆は急いで大きな歓声を上げた。ワイナリーの代表者が私に儀式用のコルク抜きとグラスを手渡した。
0x010000520001918F,317,184,Rizia/Turn 4/P_PabelLucitaRomance,Narrator,en,我々が到着すると、歓声が上がり、ワイナリーの代表者が儀式用のコルク抜きとグラスを我々に手渡した。
0x010000520001919D,317,185,Rizia/Turn 4/P_PabelLucitaRomance,Player_Romus,en,「時間がかかるかもしれず、犠牲を強いられることもあるだろう。しかし、我々は必ず正当な領土を取り戻す。」
0x01000052000191A5,317,186,Rizia/Turn 4/P_PabelLucitaRomance,Player_Romus,en,「ヴァレンキリスが私の側にいれば、リジアは再び統一されるだろう。」
0x01000052000191AE,317,187,Rizia/Turn 4/P_PabelLucitaRomance,Player_Romus,en,「来年の今頃には、再統一されたリジアを祝して『赤きロムス』の杯を挙げることができるだろう。」
0x01000052000191CD,317,188,Rizia/Turn 4/P_PabelLucitaRomance,Player_Romus_Italic,en,私はコルク抜きを使ってワインボトルの蓋を開けた。
0x01000052000191CD,317,188,Rizia/Turn 4/P_PabelLucitaRomance,Player_Romus_Italic,Menu Text en,ワインのコルクを抜く
0x01000052000191D5,317,189,Rizia/Turn 4/P_PabelLucitaRomance,Player_Romus,en,「一杯ください！」
0x01000052000191DC,317,190,Rizia/Turn 4/P_PabelLucitaRomance,Player_Romus,en,「グロヴリウス・アクサ・リジア！」
0x01000052000191E3,317,191,Rizia/Turn 4/P_PabelLucitaRomance,Player_Romus,en,「トラス家へ！」
0x01000052000191EC,317,192,Rizia/Turn 4/P_PabelLucitaRomance,Player_Romus,en,「この儀式は一人で行うのが慣例だと分かっているが、私はヴィナ王女を招いて一緒に行ってもらいたいのだ。」
0x01000052000191F6,317,193,Rizia/Turn 4/P_PabelLucitaRomance,Player_Romus,en,「ヴァレンキリスの真の男であるウーゴ・トラスが、私に代わってそのボトルを開ける。」
0x01000052000191FF,317,194,Rizia/Turn 4/P_PabelLucitaRomance,Player_Romus,en,「団結の象徴として、アザロ家のルシータ女公爵が最初のボトルのコルクを抜かれる。」
0x0100005200019209,317,195,Rizia/Turn 4/P_PabelLucitaRomance,Narrator,en,ヴィナは舞台に上がると激しく顔を赤らめた。助手がすぐにもう一つのグラスを用意してくれた。
0x0100005200019210,317,196,Rizia/Turn 4/P_PabelLucitaRomance,Narrator,en,嬉しそうな驚きの表情を浮かべて、ウーゴは舞台に上がった。助手がすぐにグラスを二つ用意した。
0x0100005200019217,317,197,Rizia/Turn 4/P_PabelLucitaRomance,Narrator,en,驚きと喜びが入り混じった表情を浮かべながら、ルシータはステージに上がった。助手がすぐにグラス二つを用意した。
0x010000520001921E,317,198,Rizia/Turn 4/P_PabelLucitaRomance,Narrator,en,私の娘がそのボトルを開けて、我々一人ひとりに少しずつ注いでくれた。
0x0100005200019225,317,199,Rizia/Turn 4/P_PabelLucitaRomance,Narrator,en,私の叔父はそのボトルを開けて、我々一人ひとりに少しずつ注いでくれた。
0x010000520001922C,317,200,Rizia/Turn 4/P_PabelLucitaRomance,Narrator,en,私の軍事保安評議官がそのボトルを開け、我々一人ひとりに少しずつ注いでくれた。
0x0100005200019238,317,201,Rizia/Turn 4/P_PabelLucitaRomance,Player_Romus,en,「一杯ください！」
0x010000520001923E,317,202,Rizia/Turn 4/P_PabelLucitaRomance,Player_Romus,en,「グロヴリウス・アクサ・リジア！」
0x0100005200019244,317,203,Rizia/Turn 4/P_PabelLucitaRomance,Player_Romus,en,「トラス家へ！」
0x0100005200019253,317,204,Rizia/Turn 4/P_PabelLucitaRomance,Player_Romus_Italic,en,我々はグラスを合わせて飲んだ。
0x0100005200019253,317,204,Rizia/Turn 4/P_PabelLucitaRomance,Player_Romus_Italic,Menu Text en,飲む
0x010000520001925D,317,205,Rizia/Turn 4/P_PabelLucitaRomance,Player_Romus_Italic,en,私は観客の方へグラスを向けて飲んだ。
0x010000520001925D,317,205,Rizia/Turn 4/P_PabelLucitaRomance,Player_Romus_Italic,Menu Text en,飲む
0x010000520001926D,317,209,Rizia/Turn 4/P_PabelLucitaRomance,Narrator,en,とても美味しかった。最初は軽く爽やかな味わいだったが、次第により深みのある複雑な余韻へと変化していった。
0x0100005200019273,317,210,Rizia/Turn 4/P_PabelLucitaRomance,Narrator,en,私はそれがとても美味しいものだと認めざるを得なかった。最初は軽やかで爽やかな味わいだったが、次第により深く複雑な余韻へと変化していった。
0x01000052000192AE,317,223,Rizia/Turn 4/P_PabelLucitaRomance,Player_Romus,en,「リジアで最も特権のある州として、ヴァレンキリスには先頭に立って進む義務がある。」
0x01000052000192B8,317,224,Rizia/Turn 4/P_PabelLucitaRomance,Player_Romus,en,「私はヴァレンキリスの誇り高き息子だ。そして断言するが、私にとって故郷の州こそが常に最優先事項なのだ。」
0x01000052000192C2,317,225,Rizia/Turn 4/P_PabelLucitaRomance,Player_Romus,en,「ヴァレンキリスが島ではないことを決して忘れてはならない。」
0x01000052000192CC,317,226,Rizia/Turn 4/P_PabelLucitaRomance,Player_Romus,en,「彼はこの国を導くために私の家族を選んだのだ。私は、彼であれあなたであれ、裏切るつもりはない。」
0x01000052000192DA,317,227,Rizia/Turn 4/P_PabelLucitaRomance,Player_Romus,en,「ですが、外の世界を見ることを恐れるべきではない。国際的な友好関係を再び築くためにも。」
0x01000052000192E9,317,228,Rizia/Turn 4/P_PabelLucitaRomance,Player_Romus,en,「ですが、他の王家たちに支援を求めることをためらうべきではない。」
0x01000052000192F5,317,229,Rizia/Turn 4/P_PabelLucitaRomance,Player_Romus,en,「しかし、もはや我々より恵まれない人々の苦境を無視するわけにはいかない。」
0x01000052000192FB,317,230,Rizia/Turn 4/P_PabelLucitaRomance,Player_Romus,en,「もはや、我々より恵まれていない人々の苦境を無視することはできない。」
0x010000520001930B,317,231,Rizia/Turn 4/P_PabelLucitaRomance,Player_Romus,en,「陛下、王としてこれまで幾度となくあなた方の忠誠心を試してきたことは承知している。しかし安心してくれ。私やトラス家への変わらぬ信頼は必ず十分な報いとなって返るだろう。」
0x010000520001931D,317,232,Rizia/Turn 4/P_PabelLucitaRomance,Narrator,en,群衆はやや冷ややかに拍手した。
0x0100005200019324,317,233,Rizia/Turn 4/P_PabelLucitaRomance,Player_Romus,en,「私は即位の際、リジアを再び統一すると誓った。その約束は必ず守る。」
0x0100005200019332,317,237,Rizia/Turn 4/P_PabelLucitaRomance,Player_Romus,en,「我らの敵の血はこのワインのように真っ赤に流れ、我らの復讐は同じく甘美な味となるだろう。」
0x0100005200019338,317,238,Rizia/Turn 4/P_PabelLucitaRomance,Narrator,en,群衆は熱狂的に拍手した。ヴィナの顔には疑念の色が浮かんでいた。
0x0100005200019340,317,239,Rizia/Turn 4/P_PabelLucitaRomance,Narrator,en,群衆は熱狂的に拍手した。ウーゴの顔には安堵の色が浮かんでいた。
0x0100005200019347,317,240,Rizia/Turn 4/P_PabelLucitaRomance,Player_Romus,en,「私は即位の際、リジアを再び統一すると誓った。ヴァレンキリスがそばにいる限り、その約束は必ず守る。」
0x010000520001935A,317,244,Rizia/Turn 4/P_PabelLucitaRomance,Player_Romus,en,「ジルを取り戻した暁には、利益を得るのが貴族だけでないように必ず手を打つ。」
0x0100005200019364,317,245,Rizia/Turn 4/P_PabelLucitaRomance,Narrator,en,出席者たちはやや冷ややかに拍手をした。
0x010000520001936C,317,246,Rizia/Turn 4/P_PabelLucitaRomance,Narrator,en,出席者たちはさらに大きな声で拍手した。
0x0100005200019379,317,247,Rizia/Turn 4/P_PabelLucitaRomance,Player_Romus,en,「ですが、あなた方は私の話を聞きに来たわけではない。ワインを飲みに来たのだ。」
0x0100005200019385,317,248,Rizia/Turn 4/P_PabelLucitaRomance,Player_Romus,en,「今のところ、カントゥアーヴォ家が質素なブドウを使って成し遂げた奇跡を目の当たりにしていこう。」
0x0100005200019399,317,249,Rizia/Turn 4/P_PabelLucitaRomance,Player_Romus,en,「今夜は、リジアにまだどれほど祝うべきことがあるかを改めて思い出そう！」
0x01000052000193A8,317,250,Rizia/Turn 4/P_PabelLucitaRomance,Narrator,en,私とヴィナがステージを降りると、最後の拍手が起こった。パベルとワイナリーのスタッフたちは、ワインや食べ物を持ってテーブル間を回り始めた。
0x01000052000193AF,317,251,Rizia/Turn 4/P_PabelLucitaRomance,Narrator,en,ウーゴと私が舞台から降りると、最後の拍手が起こった。パベルとワイナリーのスタッフたちは、ワインや食べ物を持ってテーブル間を回り始めた。
0x01000052000193B6,317,252,Rizia/Turn 4/P_PabelLucitaRomance,Narrator,en,ルシータと私が舞台から降りると、最後の拍手が起こった。パベルとワイナリーのスタッフたちは、ワインや食べ物を持ってテーブル間を回り始めた。
0x01000052000193D3,317,256,Rizia/Turn 4/P_PabelLucitaRomance,Player_Romus,en,「皆様！」
0x01000052000193DB,317,257,Rizia/Turn 4/P_PabelLucitaRomance,Player_Romus,en,「皆様！」
0x01000052000193FC,317,262,Rizia/Turn 4/P_PabelLucitaRomance,Vina Toras,en,「父上、ご招待いただき感謝申し上げます。聴衆の方々はそう思わなかったようですが、私にとっては実に素晴らしい演説でした。」
0x0100005200019404,317,263,Rizia/Turn 4/P_PabelLucitaRomance,Vina Toras,en,「父上、私を舞台に招かなければよかったのです。まるで政治的な道具のように感じました。」
0x0100005200019411,317,267,Rizia/Turn 4/P_PabelLucitaRomance,Hugo Toras,en,「陛下、そのご厚意に感謝申し上げます。また、見事に行われた演説にも感謝いたします。」
0x0100005200019418,317,268,Rizia/Turn 4/P_PabelLucitaRomance,Hugo Toras,en,「陛下、そのご厚意に感謝申し上げます。陛下の演説では動かなかった我が国の民も、それによって奮い立つことでしょう。」
0x0100005200019425,317,272,Rizia/Turn 4/P_PabelLucitaRomance,Lucita Azaro,en,「陛下、舞台に呼んでいただき光栄でございます。特にご演説の中で私の家柄について言及してくださった後となり、ますます光栄に存じます。」
0x010000520001942C,317,273,Rizia/Turn 4/P_PabelLucitaRomance,Lucita Azaro,en,「陛下、舞台に呼んでいただき光栄でございました。ですが、この選択に陛下のご親族の方々はお喜びではなかったことでしょう。」
0x010000520001943A,317,274,Rizia/Turn 4/P_PabelLucitaRomance,Player_Romus,en,「大丈夫だ。残りの時間は私がすべて操っていたから。」
0x0100005200019447,317,278,Rizia/Turn 4/P_PabelLucitaRomance,Player_Romus,en,「私が言ったことは本心だ。トラス家とアザロ家はもっと親密になるべきだ。」
0x010000520001944E,317,279,Rizia/Turn 4/P_PabelLucitaRomance,Player_Romus,en,「それは戦略的な措置だった。私よりも、あなた方の家系の支援の方が必要だからだ。」
0x0100005200019455,317,280,Rizia/Turn 4/P_PabelLucitaRomance,Player_Romus,en,「彼らが何を思おうと知ったことではない。私はあなたにそばで一緒にいてほしかっただけだ。」
0x010000520001945D,317,281,Rizia/Turn 4/P_PabelLucitaRomance,Player_Romus,en,「とにかく演説が終わる頃にはもう失っていた。あなたがその瓶を開けても何の変化もなかった。」
0x0100005200019465,317,282,Rizia/Turn 4/P_PabelLucitaRomance,Player_Romus,en,「失敗だと？言葉に気をつけなさい、閣下。」
0x010000520001946C,317,283,Rizia/Turn 4/P_PabelLucitaRomance,Player_Romus,en,「私はヴァレンキリスだ。どうあっても彼らは私を好んでくれる。」
0x0100005200019474,317,284,Rizia/Turn 4/P_PabelLucitaRomance,Player_Romus,en,「それほど悪くはなかったと思う。」
0x010000520001947B,317,285,Rizia/Turn 4/P_PabelLucitaRomance,Player_Romus,en,「私は心から話したのだ。もし彼らがそれを気に入らなかったとしても、それは彼らの問題だ。」
0x0100005200019482,317,286,Rizia/Turn 4/P_PabelLucitaRomance,Player_Romus,en,「私の後継者には、私と共にこの舞台に立ってもらいたかったのだ。あなたこそが結局のところリジアの未来だからだ。」
0x0100005200019489,317,287,Rizia/Turn 4/P_PabelLucitaRomance,Player_Romus,en,「今すぐ、このことをあなたの恋人とその家族のもとに必ず伝えてくれ。」
0x0100005200019490,317,288,Rizia/Turn 4/P_PabelLucitaRomance,Player_Romus,en,「私の後継者には、私と共にこの舞台に立ってもらいたかったのだ。あなたこそが結局のところリジアの未来だからだ。」
0x0100005200019497,317,289,Rizia/Turn 4/P_PabelLucitaRomance,Player_Romus,en,「私は心から話したのだ。もし彼らがそれを気に入らなかったとしても、それは彼らの問題だ。」
0x010000520001949E,317,290,Rizia/Turn 4/P_PabelLucitaRomance,Player_Romus,en,「あなたは政治的な道具だ。私も同じで、我が一族の者全員もそうだ。」
0x01000052000194AA,317,291,Rizia/Turn 4/P_PabelLucitaRomance,Player_Romus,en,「私にとっても光栄なことだった。感謝してくれ。」
0x01000052000194B1,317,292,Rizia/Turn 4/P_PabelLucitaRomance,Vina Toras,en,「彼は私の――ではありません。」
0x01000052000194BF,317,293,Rizia/Turn 4/P_PabelLucitaRomance,Narrator,en,ヴィナは言葉を途切れさせ、しばらく考え直した。
0x01000052000194C6,317,294,Rizia/Turn 4/P_PabelLucitaRomance,Vina Toras,en,「たとえそうだったとしても、どうせサゾン家の者たちがこのことを知るでしょう。」
0x01000052000194CD,317,295,Rizia/Turn 4/P_PabelLucitaRomance,Vina Toras,en,「彼らの支持を失えばそれは我々の問題ですよね、父上？」
0x01000052000194D4,317,296,Rizia/Turn 4/P_PabelLucitaRomance,Vina Toras,en,「ですが、相手はヴァレンキリスです。どうあれ彼らは我々を歓迎してくれるはずです…」
0x01000052000194E0,317,298,Rizia/Turn 4/P_PabelLucitaRomance,Narrator,en,ヴィナは再び顔を赤らめた。
0x01000052000194E7,317,299,Rizia/Turn 4/P_PabelLucitaRomance,Vina Toras,en,「もし運が良ければですが。」
0x01000052000194EE,317,300,Rizia/Turn 4/P_PabelLucitaRomance,Vina Toras,en,「リジアにも未来があることを願います。」
0x01000052000194FA,317,304,Rizia/Turn 4/P_PabelLucitaRomance,Vina Toras,en,「父上、ご招待いただき、またご演説までしてくださり、誠にありがとうございます。」
0x0100005200019502,317,305,Rizia/Turn 4/P_PabelLucitaRomance,Vina Toras,en,「父上、承知しております。ですが時折、疲れを感じてしまいます。」
0x0100005200019509,317,306,Rizia/Turn 4/P_PabelLucitaRomance,Narrator,en,ヴィナはこっそりと祖母の隣に座っていった。母は仕方なく肩をすくめた。
0x010000520001950E,317,307,Rizia/Turn 4/P_PabelLucitaRomance,Vina Toras,en,「はい、父上。ありがとうございます、父上。」
0x010000520001951E,317,309,Rizia/Turn 4/P_PabelLucitaRomance,Narrator,en,ヴィナは祖母の隣に座るために歩いて行った。
0x0100005200019527,317,310,Rizia/Turn 4/P_PabelLucitaRomance,Player_Romus,en,「それで良いとお考えになったのか？」
0x010000520001952F,317,311,Rizia/Turn 4/P_PabelLucitaRomance,Vina Toras,en,「まあ、私がどう思おうと関係ないでしょう？」
0x0100005200019536,317,312,Rizia/Turn 4/P_PabelLucitaRomance,Player_Romus,en,「民衆を喜ばせようと努めただけだ。私が口にしたことの多くは本心ではなかった。」
0x010000520001953D,317,313,Rizia/Turn 4/P_PabelLucitaRomance,Vina Toras,en,「彼らはかなり満足しているようでした。」
0x0100005200019546,317,314,Rizia/Turn 4/P_PabelLucitaRomance,Hugo Toras,en,「それはすぐに我々の問題に変わりかねません。」
0x010000520001954D,317,315,Rizia/Turn 4/P_PabelLucitaRomance,Hugo Toras,en,「我々のヴァレンキリスの支持者たちはあまり感心していなかったと認めざるを得ないでしょう。」
0x0100005200019554,317,316,Rizia/Turn 4/P_PabelLucitaRomance,Hugo Toras,en,「申し訳ありません、陛下。ですが、我々のヴァレンキリスの支持者たちはあまり感心していないことを認めざるを得ません。」
0x010000520001955B,317,317,Rizia/Turn 4/P_PabelLucitaRomance,Player_Romus,en,「私は彼らを完全に支配下に置いていたのだ、違うか？」
0x0100005200019562,317,318,Rizia/Turn 4/P_PabelLucitaRomance,Hugo Toras,en,「確かにその通りです。」
0x0100005200019569,317,319,Rizia/Turn 4/P_PabelLucitaRomance,Player_Romus,en,「私の言葉は一つ残らず本心だ。」
0x0100005200019570,317,320,Rizia/Turn 4/P_PabelLucitaRomance,Hugo Toras,en,「陛下、臣下たちもそれを感じ取れるはずです。」
0x0100005200019577,317,321,Rizia/Turn 4/P_PabelLucitaRomance,Player_Romus,en,「もちろんだ、ウーゴ。ヴァレンキリスの貴族たちが私よりもっと愛している人物がいるとすれば、それはあなただ。」
0x010000520001957E,317,322,Rizia/Turn 4/P_PabelLucitaRomance,Hugo Toras,en,「陛下、過分なお言葉です。」
0x0100005200019585,317,323,Rizia/Turn 4/P_PabelLucitaRomance,Hugo Toras,en,「陛下、その説を実際に試しているのですね。」
0x010000520001958C,317,324,Rizia/Turn 4/P_PabelLucitaRomance,Narrator,en,彼は自分の席に戻る途中で立ち止まった。
0x0100005200019596,317,325,Rizia/Turn 4/P_PabelLucitaRomance,Hugo Toras,en,「心配いりません。今夜の残りの時間を使えば、事態収拾ができます。」
0x010000520001959D,317,326,Rizia/Turn 4/P_PabelLucitaRomance,Narrator,en,彼は自分の席に戻る途中で立ち止まった。
0x01000052000195A6,317,327,Rizia/Turn 4/P_PabelLucitaRomance,Hugo Toras,en,「それでも陛下、各地を巡られるべきです。皆の忠誠心をより固めるために。」
0x01000052000195AD,317,328,Rizia/Turn 4/P_PabelLucitaRomance,Narrator,en,私は自分の椅子にもたれかかり、戦いの場へ向かう前にグラスから素早く一口飲んだ。
0x01000052000195B2,317,329,Rizia/Turn 4/P_PabelLucitaRomance,Lucita Azaro,en,「そのような考えはどこから得たのか、私には分かりません。」
0x01000052000195B9,317,330,Rizia/Turn 4/P_PabelLucitaRomance,Narrator,en,依然として笑顔のまま、彼女は自分の席に戻った。
0x01000052000195C0,317,331,Rizia/Turn 4/P_PabelLucitaRomance,Lucita Azaro,en,「ニュースはすぐに広まります。他のアザロ家の人々も喜ぶでしょう。」
0x01000052000195CC,317,333,Rizia/Turn 4/P_PabelLucitaRomance,Lucita Azaro,en,「承知いたしました、陛下。私の演技がご満足いただけたことを願っております。」
0x01000052000195D2,317,334,Rizia/Turn 4/P_PabelLucitaRomance,Narrator,en,彼女は自分の席に戻る前に、最後に一度私を見つめた。
0x01000052000195DA,317,335,Rizia/Turn 4/P_PabelLucitaRomance,Narrator,en,私の言葉を聞いて、彼女はわずかに目を見開いた。
0x01000052000195E8,317,336,Rizia/Turn 4/P_PabelLucitaRomance,Lucita Azaro,en,「そうでしたか。それでもありがとうございます。」
0x01000052000195F0,317,337,Rizia/Turn 4/P_PabelLucitaRomance,Lucita Azaro,en,「その件についてはどう対処すべきか分からなかったのは認めます。あなた様は確かに相手をよく見極めておられましたね。」
0x0100005200019600,317,338,Rizia/Turn 4/P_PabelLucitaRomance,Narrator,en,私は何時間もの間、親族や他の貴族たちと交流し、ワイン醸造家たちと一緒に写真を撮られ、さらにジャーナリストたちをしのいで過ごした。
0x0100005200019607,317,339,Rizia/Turn 4/P_PabelLucitaRomance,Narrator,en,私が座って食事をしようとするたびに、次々と新たな依頼が寄せられた。一方で、私のグラスには絶え間なく飲み物が注がれ続けていた。
0x0100005200019614,317,343,Rizia/Turn 4/P_PabelLucitaRomance,Narrator,en,私は、ワインの代用品を用意してくれたパベルに心の中で感謝した。夕方が終わる頃になっても、まだ頭が冴え渡った状態のままだった。
0x010000520001961B,317,344,Rizia/Turn 4/P_PabelLucitaRomance,Narrator,en,夕方が近づく頃には、名前や顔を正しく覚えておくのがかなり困難になっていた。
0x0100005200019622,317,345,Rizia/Turn 4/P_PabelLucitaRomance,Narrator,en,客たちが去っていくにつれて、テントの中は次第に空っぽになっていった。
0x010000520001962A,317,346,Rizia/Turn 4/P_PabelLucitaRomance,Narrator,en,そのワイナリーには別棟として豪華な別荘があり、我々の代表団はそこで一晩宿泊するよう招かれていた。ウーゴ、エステラ、ヴィナ、そして私は二階へ向かう前に、最後の挨拶を交わし始めた。
0x0100005200019637,317,348,Rizia/Turn 4/P_PabelLucitaRomance,Hugo Toras,en,「陛下、アドリアまでお越しいただけて大変光栄です。今夜の行事は大成功だったと言えるでしょう。」
0x0100005200019645,317,352,Rizia/Turn 4/P_PabelLucitaRomance,Hugo Toras,en,「最初は不安定な展開でしたが、他の来賓の方々もかなり満足して帰られたと思います。今夜の行事は大成功だったと言えるでしょう。」
0x010000520001964C,317,353,Rizia/Turn 4/P_PabelLucitaRomance,Vina Toras,en,「赤きロムス父上、どうか長く統治してください！」
0x010000520001965A,317,354,Rizia/Turn 4/P_PabelLucitaRomance,Estela Toras,en,「『大成功」という表現を強調してのことです。」
0x0100005200019662,317,355,Rizia/Turn 4/P_PabelLucitaRomance,Narrator,en,ヴィナは半ばぼうっとした様子で、私の母親の腕をしっかり握っていた。
0x0100005200019671,317,359,Rizia/Turn 4/P_PabelLucitaRomance,Vina Toras,en,「赤きロムス、首を切れ！」
0x0100005200019678,317,360,Rizia/Turn 4/P_PabelLucitaRomance,Estela Toras,en,「その通りです。では、お休みになりましょう。」
0x0100005200019680,317,361,Rizia/Turn 4/P_PabelLucitaRomance,Narrator,en,彼女はげっぷをした。
0x0100005200019689,317,362,Rizia/Turn 4/P_PabelLucitaRomance,Narrator,en,部屋の向こう側から大きな笑い声が聞こえてきた。
0x0100005200019690,317,363,Rizia/Turn 4/P_PabelLucitaRomance,Narrator,en,私の三人の顧問たちは依然として自分たちの席にいた。ルシータは目を輝かせながら、どうやら非常に面白い逸話を他の二人に語って聞かせていた。
0x0100005200019697,317,364,Rizia/Turn 4/P_PabelLucitaRomance,Player_Romus,en,「私も上の階に行く。今夜は十分楽しめた。」
0x010000520001969E,317,365,Rizia/Turn 4/P_PabelLucitaRomance,Player_Romus,en,「すぐ後ろに参る。まずは部下たちにおやすみを告げなければならない。」
0x01000052000196A5,317,366,Rizia/Turn 4/P_PabelLucitaRomance,Estela Toras,en,「ごゆっくりどうぞ。」
0x01000052000196AC,317,367,Rizia/Turn 4/P_PabelLucitaRomance,Narrator,en,彼女は私に意味ありげな笑みを向けた。ヴィナはドレスの中で回転することに夢中で、私が何を言ったか気づく余裕がなかった。
0x01000052000196B3,317,368,Rizia/Turn 4/P_PabelLucitaRomance,Vina Toras,en,「なんと楽しいことでしょう！」
0x01000052000196BA,317,369,Rizia/Turn 4/P_PabelLucitaRomance,Narrator,en,ヴィナは舞踏用のドレスのまま回転することを試みた。私の母が彼女が倒れる前に支えてくれた。
0x01000052000196C1,317,370,Rizia/Turn 4/P_PabelLucitaRomance,Narrator,en,我々が二階に上がると、私は自分の部屋へ戻った。そこのベッドは、故郷にあったものよりもさらに巨大だった。
0x01000052000196C8,317,371,Rizia/Turn 4/P_PabelLucitaRomance,Narrator,en,私は数ヶ月間で最もぐっすりと眠ることができた。
0x01000052000196D0,317,372,Rizia/Turn 4/P_PabelLucitaRomance,Narrator,en,家族たちが出て行った後、顧問たちのテーブルへと歩いて行った。
0x01000052000196D7,317,373,Rizia/Turn 4/P_PabelLucitaRomance,Lucita Azaro,en,「『陛下、彼は何も身に着けずに私の兵舎に乱入してきて、 『お前が女公爵でなければ四つ裂きにしてやる！』 と叫んだのです！』」
0x01000052000196DE,317,374,Rizia/Turn 4/P_PabelLucitaRomance,Player_Romus,en,「誰がか？」
0x01000052000196E5,317,375,Rizia/Turn 4/P_PabelLucitaRomance,Player_Romus,en,「あなた方三人は何をそんなに楽しそうにしているのか？」
0x01000052000196EC,317,376,Rizia/Turn 4/P_PabelLucitaRomance,Player_Romus,en,「アザロ女公爵、良い夜をお過ごしだろうか？」
0x01000052000196F3,317,377,Rizia/Turn 4/P_PabelLucitaRomance,Lucita Azaro,en,「おっ！」
0x01000052000196FC,317,378,Rizia/Turn 4/P_PabelLucitaRomance,Narrator,en,彼女とラウレント、エレナはすぐに姿勢を正し、笑うのをやめた。
0x0100005200019703,317,379,Rizia/Turn 4/P_PabelLucitaRomance,Lucita Azaro,en,「基礎訓練の時の賭け事でした。3週間も厨房の床を磨き続けなければなりませんでしたが、それだけの価値はありました。」
0x010000520001970A,317,380,Rizia/Turn 4/P_PabelLucitaRomance,Laurento Esquibel,en,「陛下、女公爵が、指揮官が水泳をしている間にその将校の服を隠したエピソードについてお話しになっていました。」
0x0100005200019712,317,381,Rizia/Turn 4/P_PabelLucitaRomance,Elena Werner,en,「それは酒飲みゲームの一種でございます、陛下。かなり子供っぽいものです。」
0x0100005200019719,317,382,Rizia/Turn 4/P_PabelLucitaRomance,Player_Romus,en,「ああ、それなら三人で楽しく過ごしてくれ。私はただおやすみの挨拶をしに来ただけだ。」
0x010000520001971F,317,383,Rizia/Turn 4/P_PabelLucitaRomance,Player_Romus,en,「私も遊んでもよろしいだろうか？」
0x010000520001972D,317,387,Rizia/Turn 4/P_PabelLucitaRomance,Lucita Azaro,en,「陛下、一度我々と一緒に遊ばれませんか？記者たちはもう皆帰ってしまいましたよ。」
0x0100005200019734,317,388,Rizia/Turn 4/P_PabelLucitaRomance,Narrator,en,彼女の目にはからかうような光が浮かんでいた。私は、彼女がどれだけ酒を飲んだのだろうと思った。
0x010000520001973B,317,389,Rizia/Turn 4/P_PabelLucitaRomance,Player_Romus,en,「わかった。一杯だね。」
0x0100005200019748,317,393,Rizia/Turn 4/P_PabelLucitaRomance,Narrator,en,三人は互いに顔を見合わせた。
0x010000520001974F,317,394,Rizia/Turn 4/P_PabelLucitaRomance,Lucita Azaro,en,「はい、もちろんでございます、陛下。」
0x0100005200019756,317,395,Rizia/Turn 4/P_PabelLucitaRomance,Lucita Azaro,en,「もし陛下が対処できるとお考えなら、そのようにしてください。」
0x010000520001975D,317,396,Rizia/Turn 4/P_PabelLucitaRomance,Narrator,en,彼女の目にはからかうような光が浮かんでいた。私は、彼女がどれだけ酒を飲んだのだろうと思った。
0x0100005200019764,317,397,Rizia/Turn 4/P_PabelLucitaRomance,Lucita Azaro,en,「ご親切にどうもありがとうございます。」
0x010000520001976B,317,398,Rizia/Turn 4/P_PabelLucitaRomance,Narrator,en,三人の顧問は立ち上がってお辞儀をした。
0x0100005200019778,317,402,Rizia/Turn 4/P_PabelLucitaRomance,Lucita Azaro,en,「再びありがとうございます、陛下。おやすみになってください。」
0x010000520001977F,317,403,Rizia/Turn 4/P_PabelLucitaRomance,Laurento Esquibel,en,「パベル！陛下のためにワインを用意してください。」
0x0100005200019788,317,404,Rizia/Turn 4/P_PabelLucitaRomance,Pabel Adria,en,「すぐに、エスキベルさん。」
0x0100005200019795,317,408,Rizia/Turn 4/P_PabelLucitaRomance,Narrator,en,パベルは、私のために用意していたノンアルコールワインのボトルを持ってテーブルの方へ近づいてきた。
0x010000520001979C,317,409,Rizia/Turn 4/P_PabelLucitaRomance,Narrator,en,パベルはテーブルのそばに来て、私にたっぷりと「赤きロムス」を注いでくれた。
0x01000052000197A3,317,410,Rizia/Turn 4/P_PabelLucitaRomance,Player_Romus,en,「ありがとう、パベル。」
0x01000052000197AB,317,411,Rizia/Turn 4/P_PabelLucitaRomance,Player_Romus,en,「パベルも一緒に遊ばないか？」
0x01000052000197B9,317,412,Rizia/Turn 4/P_PabelLucitaRomance,Pabel Adria,en,「私は……」
0x01000052000197C0,317,413,Rizia/Turn 4/P_PabelLucitaRomance,Narrator,en,彼は断るための言い訳を探しているようだった。
0x01000052000197CD,317,417,Rizia/Turn 4/P_PabelLucitaRomance,Pabel Adria,en,「陛下、私にとっても光栄なことでございます。」
0x01000052000197D4,317,418,Rizia/Turn 4/P_PabelLucitaRomance,Narrator,en,彼の目には、控えめな興奮が見て取れた。
0x01000052000197DB,317,419,Rizia/Turn 4/P_PabelLucitaRomance,Pabel Adria,en,「陛下、私にとっても光栄なことでございます。」
0x01000052000197E2,317,420,Rizia/Turn 4/P_PabelLucitaRomance,Laurento Esquibel,en,「陛下、おやすみになってください。わたくしたちは間もなくヴェーレンの状況をご報告いたします。」
0x01000052000197E9,317,421,Rizia/Turn 4/P_PabelLucitaRomance,Narrator,en,彼らは再び座り、会話を続け始めた。
0x0100005200019804,317,422,Rizia/Turn 4/P_PabelLucitaRomance,Narrator,en,ルシータは私の方を向いた。
0x010000520001980B,317,423,Rizia/Turn 4/P_PabelLucitaRomance,Lucita Azaro,en,「素晴らしいですね、パベル。皆、あなたのことをもっと知りたがるでしょう。」
0x0100005200019810,317,424,Rizia/Turn 4/P_PabelLucitaRomance,Narrator,en,彼は腰を下ろした。ルシータは両手をこすり合わせた。
0x010000520001AC00,317,426,Rizia/Turn 4/P_PabelLucitaRomance,Narrator,en,パベルは私を自分の部屋まで案内してくれ、そこには私の寝床よりもさらに大きなベッドが用意されていた。
0x010000520001AC07,317,427,Rizia/Turn 4/P_PabelLucitaRomance,Narrator,en,私は数ヶ月間で最もぐっすりと眠ることができた。
0x010000520002347B,317,431,Rizia/Turn 4/P_PabelLucitaRomance,Narrator,en,私は自分のために少しワインを注ぎ、群衆の方を向いた。
0x0100005200023483,317,432,Rizia/Turn 4/P_PabelLucitaRomance,Narrator,en,私が舞台から降りると、最後の拍手が起こった。パベルとワイナリーのスタッフたちは、ワインや食べ物を持ってテーブル間を回り始めた。
0x010000520002348B,317,433,Rizia/Turn 4/P_PabelLucitaRomance,Narrator,en,ウーゴは、私が座る前に私の行く手を阻んだ。
0x0100005200023497,317,437,Rizia/Turn 4/P_PabelLucitaRomance,Hugo Toras,en,「よくやりました、ロムス。我々の有権者たちは大変満足しております。」
0x010000520002349D,317,438,Rizia/Turn 4/P_PabelLucitaRomance,Hugo Toras,en,「それは……興味深かった。納得していない観客たちをなだめるため、あちこち回らねばなりませんね。」
0x01000052000234A6,317,439,Rizia/Turn 4/P_PabelLucitaRomance,Player_Romus,en,「我々こそが王家だ。彼らの方が我々をなだめるべきだろう。」
0x01000052000234AC,317,440,Rizia/Turn 4/P_PabelLucitaRomance,Player_Romus,en,「それほど悪くはなかったと思う。」
0x01000052000234B2,317,441,Rizia/Turn 4/P_PabelLucitaRomance,Hugo Toras,en,「我々のヴァレンキリスの支持者たちはあまり感心していなかったと認めざるを得ないでしょう。」
0x01000052000234B8,317,442,Rizia/Turn 4/P_PabelLucitaRomance,Hugo Toras,en,「ある程度はそうですが、母后様と結婚された後に彼らがどのようにして陛下のお父上を見捨てたかを忘れてはなりません。」
0x01000052000234BE,317,443,Rizia/Turn 4/P_PabelLucitaRomance,Player_Romus,en,「私はヴァレンキリスだ。どうあっても彼らは私を好んでくれる。」
0x01000052000234C4,317,444,Rizia/Turn 4/P_PabelLucitaRomance,Player_Romus,en,「私は心から話したのだ。もし彼らがそれを気に入らなかったとしても、それは彼らの問題だ。」
0x01000052000234CA,317,445,Rizia/Turn 4/P_PabelLucitaRomance,Hugo Toras,en,「それはあっという間に*我々の*問題に変わりかねません。」
0x01000052000234D0,317,446,Rizia/Turn 4/P_PabelLucitaRomance,Hugo Toras,en,「陛下、臣下たちもそれを感じ取れるはずです。」
0x01000052000234D6,317,447,Rizia/Turn 4/P_PabelLucitaRomance,Hugo Toras,en,「ある程度はそうです。陛下の父上が王太后と結婚された後、陛下を裏切ったのも同じ連中です。」
0x01000052000234DC,317,448,Rizia/Turn 4/P_PabelLucitaRomance,Hugo Toras,en,「今夜ここに集まっている者たちの多くも王家の血を引いております。その中には、玉座からわずか三、四代先の者たちもいます。」
0x01000052000234E2,317,449,Rizia/Turn 4/P_PabelLucitaRomance,Hugo Toras,en,「確かにその通りです。」
0x01000052000234E8,317,450,Rizia/Turn 4/P_PabelLucitaRomance,Player_Romus,en,「私は彼らを完全に支配下に置いていたのだ、違うか？」
0x01000052000234EE,317,451,Rizia/Turn 4/P_PabelLucitaRomance,Player_Romus,en,「私の言葉は一つ残らず本心だ。」
0x01000052000234F4,317,452,Rizia/Turn 4/P_PabelLucitaRomance,Player_Romus,en,「私はヴァレンキリスだ。どうせここの者たちは皆、私のことを好んでいるから。」
0x010000520002350D,317,453,Rizia/Turn 4/P_PabelLucitaRomance,Hugo Toras,en,「ですがご安心ください、陛下。私が対処いたします。」
0x0100005200023517,317,454,Rizia/Turn 4/P_PabelLucitaRomance,Narrator,en,彼はカントゥアーヴォスたちと話すために立ち去った。私は戦いの場に向かう前に、しばらく座ってグラスから少し飲んだ。
0x010000520002352A,317,455,Rizia/Turn 4/P_PabelLucitaRomance,Player_Romus,en,「だが……私は友人たちの間にいるのだ。他の皆さんと同じものを飲む。」
0x0100005200023531,317,456,Rizia/Turn 4/P_PabelLucitaRomance,Player_Romus,en,「ありがとう、パベル。」
0x0100005200023538,317,457,Rizia/Turn 4/P_PabelLucitaRomance,Narrator,en,パベルは頷いて同意し、テーブルの上に置かれていた「赤きロムス」のワインボトルから私のためにグラスに注いでくれた。私はそのワインをぐるりと回しながら一口飲んでみた。
0x010000520002353F,317,458,Rizia/Turn 4/P_PabelLucitaRomance,Pabel Adria,en,「陛下、ごゆっくりお楽しみください。」
0x0100005200023547,317,459,Rizia/Turn 4/P_PabelLucitaRomance,Player_Romus,en,「皆様が常に水を飲めるように忘れずにご用意してくれ。」
0x010000520002354E,317,460,Rizia/Turn 4/P_PabelLucitaRomance,Player_Romus,en,「実はパベル、あなたも遊んでみないか？」
0x0100005200023557,317,461,Rizia/Turn 4/P_PabelLucitaRomance,Pabel Adria,en,「もちろんです。それは私の職務ですから。」
0x0100005200023617,317,462,Rizia/Turn 4/P_PabelLucitaRomance,Lucita Azaro,en,「しかし、トラス家もそれを承認しているようには聞こえませんでした。」
0x0100005200032863,317,513,Rizia/Turn 4/P_PabelLucitaRomance,Player_Romus,en,「カルスで金鉱を掘ったことによって、すでに彼らを失ってしまったのではないか？」
0x010000520003286A,317,514,Rizia/Turn 4/P_PabelLucitaRomance,Hugo Toras,en,「とんでもありません。実際、陛下がワイン産業の復興のために取られた措置を、彼らは大変高く評価しております。」
0x0100005200032877,317,518,Rizia/Turn 4/P_PabelLucitaRomance,Hugo Toras,en,「残念ながら、多くのヴァレンキリス人たちはそれを地元のワイン産業への攻撃だと見なしました。」
0x010000520003287E,317,519,Rizia/Turn 4/P_PabelLucitaRomance,Hugo Toras,en,「しかし今夜なら、彼らを取り戻すチャンスがあります。ここの金鉱がもたらす収益について必ずご説明ください。」
0x0100005200032885,317,520,Rizia/Turn 4/P_PabelLucitaRomance,Hugo Toras,en,「金も、ガスも、そしてワインまで。我が州には本当に何でも揃っております。」
0x010000520003288C,317,521,Rizia/Turn 4/P_PabelLucitaRomance,Vina Toras,en,「もし既に裕福でいらっしゃるのであれば、その通りです。」
0x0100005200032893,317,522,Rizia/Turn 4/P_PabelLucitaRomance,Hugo Toras,en,「ジルの発表があった今、我が家の富と地位が引き続き安定し続けることを確約することは、極めて重要なのです。」
0x01000052000328BB,317,526,Rizia/Turn 4/P_PabelLucitaRomance,Player_Romus,en,「国王にとって、あなた方の絶え間ない忠誠ほど大切なものはない。国王やトラス家を信じていれば、必ず豊かな報酬が与えられるだろう。」
0x01000052000328E3,317,530,Rizia/Turn 4/P_PabelLucitaRomance,Player_Romus,en,「カルスで得られる新たな金銭収入により、何千人もの人々が貧困から救われるだろう。地元のワイン産業に少しの被害が出ても、それは安い代償だ。」
0x01000052000328EF,317,532,Rizia/Turn 4/P_PabelLucitaRomance,Narrator,en,不満の囁き声の中から、控えめな拍手音が幾つか聞こえてきた。
0x01000052000328FA,317,533,Rizia/Turn 4/P_PabelLucitaRomance,Player_Romus,en,「神はこの地に金を与えて恵みを与えられた。そして安心しなさい、この土地の所有者たちは、神が蒔かれたものの報いを必ず受け取るのだ。」
0x0100005200069478,317,554,Rizia/Turn 4/P_PabelLucitaRomance,Player_Romus_Italic,en,私は観客の方へグラスを掲げ、一口飲むような仕草をした。グラスを置いたとき、数人から戸惑ったような囁き声が聞こえた。
0x0100005200069478,317,554,Rizia/Turn 4/P_PabelLucitaRomance,Player_Romus_Italic,Menu Text en,飲むふりをする
0x010000520006948F,317,558,Rizia/Turn 4/P_PabelLucitaRomance,Player_Romus_Italic,en,私は観客の方へグラスを持ち上げ、一口飲むふりをした。ほとんどの視線が私の仲間に向いていたため、私が実際には飲んでいないことに気づく者は誰もいなかった。
0x010000520006948F,317,558,Rizia/Turn 4/P_PabelLucitaRomance,Player_Romus_Italic,Menu Text en,飲むふりをする
0x010000BE00001FEA,317,565,Rizia/Turn 4/P_PabelLucitaRomance,Narrator,en,その行事の性質上、我々の警備はカントゥアーヴォス家の自前の警備部隊に委ねるよう頼まれていた。ティトゥスと彼の部下たちはブドウ園の周囲で待機し続けることになっていた。
0x010000520007B7BF,317,567,Rizia/Turn 4/P_PabelLucitaRomance,Narrator,en,最後に到着したのは、私の父の従弟であり現在ヴァレンキリス公爵を務めるフベルトゥスだった。
0x010000520007B7C6,317,568,Rizia/Turn 4/P_PabelLucitaRomance,Narrator,en,彼は我々のテーブルに近づき、大きく一振りして帽子を脱いだ。
0x010000520007B7CD,317,569,Rizia/Turn 4/P_PabelLucitaRomance,Hubertus Toras,en,「陛下！私とこの州全体を代表して、今日こうしてご臨席いただき、心より感謝申し上げます。」
0x010000520007B7D4,317,570,Rizia/Turn 4/P_PabelLucitaRomance,Narrator,en,彼は子供の頃からあった舌足らずのの影響で、それを「プロヴィンス」と発音した。
0x010000520007B7DB,317,571,Rizia/Turn 4/P_PabelLucitaRomance,Player_Romus,en,「あなたを迎え入れるのは私にとって喜びだ、Hubertuth。」
0x010000520007B7E2,317,572,Rizia/Turn 4/P_PabelLucitaRomance,Narrator,en,ウーゴは私にいら立ったような視線を向けた。フベルトゥスはその嘲笑を無視しているようだった。
0x010000520007B7EF,317,576,Rizia/Turn 4/P_PabelLucitaRomance,Player_Romus,en,「あなたに会えて嬉しい。公爵としての統治が順調に進んでいることを願っている。」
0x010000520007B7F6,317,577,Rizia/Turn 4/P_PabelLucitaRomance,Player_Romus,en,「それは私の名前にちなんで名付けられたワインだ。このご招待を断るわけにはまいらない。」
0x010000520007B7FD,317,578,Rizia/Turn 4/P_PabelLucitaRomance,Player_Romus,en,「正直なところ、従兄弟のよ、もっと温かい歓迎を期待していたのだ。」
0x010000520007B80A,317,582,Rizia/Turn 4/P_PabelLucitaRomance,Player_Romus,en,「ごもてなしに感謝する。再びここに戻れて本当に嬉しい。」
0x010000520007B810,317,583,Rizia/Turn 4/P_PabelLucitaRomance,Hubertus Toras,en,「陛下、ロムス・トラス王が玉座におられるのですから、順調でないはずがありません。」
0x010000520007B817,317,584,Rizia/Turn 4/P_PabelLucitaRomance,Hubertus Toras,en,「それでも、陛下のご健康を当たり前とは思っておりません。最近は大変お忙しいようでしたね。」
0x010000520007B81E,317,585,Rizia/Turn 4/P_PabelLucitaRomance,Hubertus Toras,en,「誰があなたを怒らせたのですか？すぐにその者たちを追放させます。」
0x010000520007B82C,317,589,Rizia/Turn 4/P_PabelLucitaRomance,Narrator,en,彼は満面の笑みを浮かべていたが、私にはその目に不安の色が見えるように思えた。
0x010000520007B83B,317,593,Rizia/Turn 4/P_PabelLucitaRomance,Hubertus Toras,en,「後でゆっくり話しましょう。皆、盛大な開封式を待ちきれない様子です。」
0x010000520007B842,317,594,Rizia/Turn 4/P_PabelLucitaRomance,Narrator,en,彼は心からの温かさをもって微笑んだ。
0x010000520007B84B,317,595,Rizia/Turn 4/P_PabelLucitaRomance,Hubertus Toras,en,「殿下、いつでもご家族と共にお越しいただけます。私はただ、殿下がその座を継承される時まで代わりに務めているだけです。」
0x010000520007B853,317,596,Rizia/Turn 4/P_PabelLucitaRomance,Player_Romus,en,「その通りだ。私が彼らを待たせておくことはない。」
0x010000520007B85B,317,597,Rizia/Turn 4/P_PabelLucitaRomance,Player_Romus,en,「私もだ。これ以上熟成させれば、このワインは自我を持つようになってしまうだろう。」
0x010000520007B862,317,598,Rizia/Turn 4/P_PabelLucitaRomance,Player_Romus,en,「フベルトゥス、私はあなたを見ているのだ。」
0x010000520007B869,317,599,Rizia/Turn 4/P_PabelLucitaRomance,Narrator,en,彼は丁寧にくすっと笑うと、家族と共に席に着いた。
0x010000520007B871,317,600,Rizia/Turn 4/P_PabelLucitaRomance,Narrator,en,彼はゆっくりと後退し、その後家族と共に席に着いた。
0x010000520007B8AE,317,604,Rizia/Turn 4/P_PabelLucitaRomance,Hubertus Toras,en,「最近、我々の環境問題を解決するためにご尽力いただき、心より感謝申し上げます。我々はヴァレンキリスの自然の美しさを大変誇りに思っております。」
0x010000520007B8BB,317,608,Rizia/Turn 4/P_PabelLucitaRomance,Hubertus Toras,en,「実は申し上げたかったのですが……最近、シジル諸島で工業廃棄物を食料とするカタツムリの一種が発見されました。それを利用すれば、我々が直面している問題の即時的な解決策になるかもしれません。」
0x010000520007B8C2,317,609,Rizia/Turn 4/P_PabelLucitaRomance,Player_Romus,en,「わずかな汚染は進歩の代償だ。それとも、自分たちがその悪臭にさらされることなくリジアの工業から利益を得られるとでも思っていたのか？」
0x010000520007B8D0,317,613,Rizia/Turn 4/P_PabelLucitaRomance,Hubertus Toras,en,「陛下、こちらへお越しの途中でその臭いに悩まされなかったことを願っております。正直なところ、新しく開設された鉱山からはすでにかなりひどい悪臭が漂ってきています。」
0x010000520007B8D7,317,614,Rizia/Turn 4/P_PabelLucitaRomance,Player_Romus,en,「ああ、そうかもしれない。もっと力になれなかったことを残念に思う。」
0x010000520007B8DF,317,615,Rizia/Turn 4/P_PabelLucitaRomance,Player_Romus,en,「ここの風景はガスや金よりも価値がある。もちろん、それらを守っていかなければならない。」
0x010000520007B8E6,317,616,Rizia/Turn 4/P_PabelLucitaRomance,Hubertus Toras,en,「陛下、こちらにお越しの途中でその臭いが気になられなかったことを願っております。正直なところ、新たなガス田の拡張工事によってかなりひどい悪臭が発生しているのです。」
0x010000520007B8F5,317,620,Rizia/Turn 4/P_PabelLucitaRomance,Hubertus Toras,en,「シジル諸島で工業廃棄物を食料とするカタツムリの一種が発見されたと聞いております。それならば便利な解決策になるかもしれませんね。」
0x010000520007B8FE,317,621,Rizia/Turn 4/P_PabelLucitaRomance,Player_Romus,en,「まあ、ウサギを送ってカタツムリを食べさせ、その上で鷹を送ってウサギを食べさせ、さらに山ライオンを送って鷹を食べさせるような有様になるまでは我慢しよう。それがあなたの望むことか？」
0x010000520007B906,317,622,Rizia/Turn 4/P_PabelLucitaRomance,Player_Romus,en,「国王、あなたの学識豊かな心は絶え間なく活動し続けているのだね。安心してくれ、私がすべてをしっかりとコントロールしている。」
0x010000520007B90E,317,623,Rizia/Turn 4/P_PabelLucitaRomance,Player_Romus,en,「それはあなたのためと同じく、私自身のためでもある。モンキズにある私の幼少期の故郷が、記憶の中のまま清らかであり続けてほしいのだ。」
0x010000520007B915,317,624,Rizia/Turn 4/P_PabelLucitaRomance,Hubertus Toras,en,「いえ……結果をしっかり考えるのを怠ってしまったようです。」
0x010000520007B91C,317,625,Rizia/Turn 4/P_PabelLucitaRomance,Hubertus Toras,en,「ありがとうございます、陛下。私は決して陛下を疑ったことはありません。」
0x010000520007B923,317,626,Rizia/Turn 4/P_PabelLucitaRomance,Player_Romus,en,「私には良い香りに思えた。だが、事態が収拾不能になったら必ず報告してくれ。我が州の自然美を損なうようなことがあっては困る。」
0x010000520007B92A,317,627,Rizia/Turn 4/P_PabelLucitaRomance,Hubertus Toras,en,「私も同じです。ありがとうございます、陛下。」
0x010000520007B931,317,628,Rizia/Turn 4/P_PabelLucitaRomance,Hubertus Toras,en,「問題ありません、陛下。陛下のご多忙さと限られた資源を思えば、十分承知しております。」
0x010000520007B938,317,629,Rizia/Turn 4/P_PabelLucitaRomance,Hubertus Toras,en,「いえ、そのようなことはありません。このプロジェクトが地域にもたらす利益は理解しております。ですが、ここの貴族たちは常に自分の財産価値を気にかけているものですから。」
0x010000520007B93F,317,630,Rizia/Turn 4/P_PabelLucitaRomance,Hubertus Toras,en,「なんとも心温まるお言葉です。私も同じ気持ちでございます。」
0x010000520007B946,317,631,Rizia/Turn 4/P_PabelLucitaRomance,Hubertus Toras,en,「私も全く同じ気持ちです。ネキスやソンサミアの最果てでこそ、これほどまでに魅力的で多様な生物群系に出会ったのです。」
0x010000520007B94D,317,632,Rizia/Turn 4/P_PabelLucitaRomance,Player_Romus,en,「それは私がすべき最低限のことだった。どうか、ヴァレンキリスの貴族たちが自分たちが利益を得ている産業の悪影響に気づくようなことが起きないように。」
0x010000520007B953,317,633,Rizia/Turn 4/P_PabelLucitaRomance,Hubertus Toras,en,「陛下、このプロジェクトがこの地域にもたらす利益には感謝しております。しかし、不動産価値の下落は以前から懸念されている問題でした。」
0x010000520007B963,317,634,Rizia/Turn 4/P_PabelLucitaRomance,Hubertus Toras,en,「カントゥアーヴォス家の料理長を説得して、メニューに『ンジョルラ』を加えさせました。これは焼き大麦と生サーモンを使ったガルム人の料理です。」
0x010000520007B96A,317,635,Rizia/Turn 4/P_PabelLucitaRomance,Player_Romus,en,「生のサーモンだって？王族が死体袋に入れられたままこのパーティーを去るつもりか？」
0x010000520007B971,317,636,Rizia/Turn 4/P_PabelLucitaRomance,Player_Romus,en,「とても美味しそうだね。ぜひ試してみよう。」
0x010000520007B978,317,637,Rizia/Turn 4/P_PabelLucitaRomance,Player_Romus,en,「ガルミッシュ料理だと？では推測するが、100人の来客全員に均等に分けられたごく少量のものだろうね。」
0x010000520007B98A,317,638,Rizia/Turn 4/P_PabelLucitaRomance,Player_Romus,en,「ヴァレンキリスに留まっている間も冒険心を失わずにいてくださり、私は嬉しく思う。」
0x010000520007B996,317,640,Rizia/Turn 4/P_PabelLucitaRomance,Hubertus Toras,en,「ああ、私は旅を全く恋しく思っていません。この連中の世話をするだけでも十分冒険ですから。」
0x010000520007B99D,317,641,Rizia/Turn 4/P_PabelLucitaRomance,Hubertus Toras,en,「はっ！私もガルムランドの政治など興味ありませんが、その料理は実に魅力的です。」
0x010000520007B9A4,317,642,Rizia/Turn 4/P_PabelLucitaRomance,Hubertus Toras,en,「適切に調理すれば、煮たものと変わらず安全です。それに、陛下のお好みのワインにもよく合います。」
0x010000520007B9AB,317,643,Rizia/Turn 4/P_PabelLucitaRomance,Hugo Toras,en,「閣下、どうしてヴァレンキリス全体をご自身の好みに従わせなければならないのでしょうか？」
0x010000520007B9B1,317,644,Rizia/Turn 4/P_PabelLucitaRomance,Narrator,en,ウーゴは嫌悪の表情を隠すことができなかった。
0x010000520007B9B9,317,645,Rizia/Turn 4/P_PabelLucitaRomance,Hubertus Toras,en,「さあ、どうか。君主制は伝統に根差しているかもしれませんが、我々の食事が必ずしもそうである必要はありません。」
0x010000520007B9C3,317,646,Rizia/Turn 4/P_PabelLucitaRomance,Narrator,en,彼は集まった来賓たちを指差した。
0x010000520001981A,318,3,Rizia/Turn 4/Drinking Game,Lucita Azaro,en,「陛下、以前に『事実か虚構か』というゲームをご遊びになったことはございますか？」
0x0100005200019828,318,4,Rizia/Turn 4/Drinking Game,Player_Romus,en,「ああ。ルールを説明する必要はない。」
0x010000520001982F,318,5,Rizia/Turn 4/Drinking Game,Player_Romus,en,「私はまだ一度もやったことがない、女公爵。」
0x0100005200019836,318,6,Rizia/Turn 4/Drinking Game,Player_Romus,en,「もちろんだが、もう一度ルールを説明していただけるか？」
0x010000520001983D,318,7,Rizia/Turn 4/Drinking Game,Lucita Azaro,en,「簡単です。陛下、ご自身について三つのことをお話しください。そのうち二つは真実で、一つだけが嘘でなければなりません。」
0x0100005200019846,318,8,Rizia/Turn 4/Drinking Game,Lucita Azaro,en,「結構です。」
0x010000520001984D,318,9,Rizia/Turn 4/Drinking Game,Narrator,en,彼女はパベルに合図し、パベルはすぐに彼女のワイングラスに再び酒を注いだ。
0x010000520001985C,318,10,Rizia/Turn 4/Drinking Game,Lucita Azaro,en,「我々一人ひとりがどの発言が嘘かを当てます。もし間違えたら飲まなければなりません。」
0x0100005200019865,318,11,Rizia/Turn 4/Drinking Game,Lucita Azaro,en,「今は私の番でした。次のプレイヤーは陛下が選んでくださいます。」
0x010000520001986C,318,12,Rizia/Turn 4/Drinking Game,Elena Werner,en,「これは依然として子供っぽいと思います。私の時代には、酔いたい者が酔えばよかったのです。」
0x0100005200019873,318,13,Rizia/Turn 4/Drinking Game,Elena Werner,en,「でも、陛下がそうお望みなら。」
0x010000520001987A,318,14,Rizia/Turn 4/Drinking Game,Narrator,en,彼女はしばらく考え込んだ。
0x0100005200019881,318,15,Rizia/Turn 4/Drinking Game,Elena Werner,en,「私もかつて、リザ女王がリジアの国庫資金を使ってダイヤモンドのネックレスを購入するのを止めなければなりませんでした。」
0x0100005200019888,318,16,Rizia/Turn 4/Drinking Game,Elena Werner,en,「私と故夫はかつて、ガルムランドへ行って三週間かけて戻る航海旅行をしました。」
0x010000520001989C,318,17,Rizia/Turn 4/Drinking Game,Elena Werner,en,「私には家よりも高価な古銭コレクションがあります。」
0x01000052000198A3,318,18,Rizia/Turn 4/Drinking Game,Player_Romus,en,「あなたのコイン集めがそんな高値になるはずがない。」
0x01000052000198AA,318,19,Rizia/Turn 4/Drinking Game,Player_Romus,en,「あなたは実際にはガルムランドまで航海したわけではない。」
0x01000052000198B1,318,20,Rizia/Turn 4/Drinking Game,Player_Romus,en,「私の祖母は決して国庫から金品を横領しようとはしなかっただろう。」
0x01000052000198B8,318,21,Rizia/Turn 4/Drinking Game,Pabel Adria,en,「私も同感です。偉大なるリザ女王は、そのような不正行為をする方ではありませんでした。」
0x01000052000198CC,318,28,Rizia/Turn 4/Drinking Game,Pabel Adria,en,「リザ女王の話には異議があります。陛下はそのような策略を使う方ではございませんでした。」
0x01000052000198D3,318,29,Rizia/Turn 4/Drinking Game,Lucita Azaro,en,「陛下、リザ女王がそのような購入を試みるというのは信じられます。しかし、ヴェルナー様がそれを止めようとするとは思いませんでした。」
0x01000052000198DD,318,30,Rizia/Turn 4/Drinking Game,Narrator,en,ラウレントはにやりと笑って首を振った。
0x01000052000198E4,318,31,Rizia/Turn 4/Drinking Game,Laurento Esquibel,en,「これはあまりにも簡単すぎます。航海以上に陛下が嫌っておられたものがあるとすれば、それは故ご主人様でした。」
0x01000052000198EB,318,32,Rizia/Turn 4/Drinking Game,Narrator,en,エレナはため息をついた。
0x01000052000198F2,318,33,Rizia/Turn 4/Drinking Game,Elena Werner,en,「はい、その通りです。」
0x01000052000198F9,318,34,Rizia/Turn 4/Drinking Game,Narrator,en,ルシータとパベルはグラスを手に取り、それぞれがたっぷりと一杯飲んだ。
0x0100005200019906,318,35,Rizia/Turn 4/Drinking Game,Player_Romus_Italic,en,私はグラスを手に取り、たっぷりと一杯飲んだ。ルシータとパベルも同じようにした。
0x0100005200019906,318,35,Rizia/Turn 4/Drinking Game,Player_Romus_Italic,Menu Text en,飲む
0x0100005200019922,318,43,Rizia/Turn 4/Drinking Game,Player_Romus_Italic,en,私はグラスを手に取り、思い切り飲み干した。ルシータも同じようにした。
0x0100005200019922,318,43,Rizia/Turn 4/Drinking Game,Player_Romus_Italic,Menu Text en,飲む
0x0100005200019936,318,48,Rizia/Turn 4/Drinking Game,Player_Romus,en,「あなたは古銭で大金を持っているのだね？」
0x010000520001993D,318,49,Rizia/Turn 4/Drinking Game,Player_Romus,en,「つまり、私の祖母も結局はそんな聖人ではなかったということだね。」
0x0100005200019948,318,50,Rizia/Turn 4/Drinking Game,Elena Werner,en,「正直言って、それは彼女の人生の終わり頃のことでした。私としては、彼女の精神状態が悪化していたのだと思います。」
0x010000520001994F,318,51,Rizia/Turn 4/Drinking Game,Elena Werner,en,「マルキアン・ドゥカートやレゼニド・メダリオンについて何でもお尋ねください。」
0x0100005200019956,318,52,Rizia/Turn 4/Drinking Game,Player_Romus,en,「ヴェルナー様、お願いする。」
0x010000520001995C,318,53,Rizia/Turn 4/Drinking Game,Player_Romus,en,「どうぞ、エスキベルさん。」
0x0100005200019962,318,54,Rizia/Turn 4/Drinking Game,Player_Romus,en,「パベルの意見を聞こう。」
0x0100005200019971,318,58,Rizia/Turn 4/Drinking Game,Player_Romus,en,「あなたの話は聞き逃してしまったから、もう一度回してあげるべきだと思う、アザロ女公爵。」
0x0100005200019978,318,59,Rizia/Turn 4/Drinking Game,Player_Romus,en,「もしよろしければ、私が直接やってみる。」
0x010000520001997F,318,60,Rizia/Turn 4/Drinking Game,Narrator,en,私の顧問たちはかなり興奮した様子で互いに顔を見合わせた。
0x0100005200019993,318,64,Rizia/Turn 4/Drinking Game,Narrator,en,私はめまいを感じていた。何か良い案が浮かばないよう、必死に頭を悩ませた。
0x01000052000199A5,318,65,Rizia/Turn 4/Drinking Game,Narrator,en,私は疲れていたが、酔ってはいなかった。我々は何か良い案が浮かばないよう必死に頭を悩ませた。
0x01000052000199CC,318,66,Rizia/Turn 4/Drinking Game,Player_Romus,en,「私は平民に変装してポルテ・ドラゾン・ダービーで勝利した。」
0x01000052000199CC,318,66,Rizia/Turn 4/Drinking Game,Player_Romus,Menu Text en,［嘘］ 「私は一般市民に変装してポルテ・ドラゾンのダービーで勝利した。」と嘘をつく
0x0100005200019A30,318,70,Rizia/Turn 4/Drinking Game,Player_Romus,en,「私の肩甲骨には、パレス行政区の形をした傷跡がある。」
0x0100005200019A36,318,71,Rizia/Turn 4/Drinking Game,Player_Romus,en,「私の脚の後ろ側には、パレス行政区の形をした銃創がある。」
0x0100005200019A44,318,75,Rizia/Turn 4/Drinking Game,Player_Romus,en,「私の胸には、パレス行政区の形をしたほくろがある。」
0x0100005200019A4B,318,76,Rizia/Turn 4/Drinking Game,Player_Romus,en,「私は妻に対して不実を働いた。」
0x0100005200019A5D,318,80,Rizia/Turn 4/Drinking Game,Player_Romus,en,「父上が亡くなったとき、私はこっそり喜んでいた。」
0x0100005200019A96,318,81,Rizia/Turn 4/Drinking Game,Player_Romus,en,「私が『パーティー王子』だった頃、あまりに酔いしれて、貴重なマルキアン製の花瓶を便器だと間違えてしまったことがある。」
0x0100005200019A96,318,81,Rizia/Turn 4/Drinking Game,Player_Romus,Menu Text en,「私が『パーティー王子』だった頃、あまりに酔いしれて、貴重なマルキアン製の花瓶を便器だと間違えてしまったことがある。」
0x0100005200019AAA,318,88,Rizia/Turn 4/Drinking Game,Player_Romus,en,「私は、父のように失敗者になってしまう悪夢を見る。」
0x0100005200019AB1,318,89,Rizia/Turn 4/Drinking Game,Player_Romus,en,「私の曾祖父であるザビ二世王には実際には髭がなかった。昔、彼の肖像画にわざと髭を描いたのだ。」
0x0100005200019ABE,318,90,Rizia/Turn 4/Drinking Game,Player_Romus,en,「私が王でなければ、農夫になりたいと思うだろう。」
0x0100005200019ADC,318,94,Rizia/Turn 4/Drinking Game,Player_Romus,en,「私は妻を一度も愛したことがない。」
0x0100005200019AF5,318,95,Rizia/Turn 4/Drinking Game,Player_Romus,en,「私はリジアの国歌をげっぷで再現できる。」
0x0100005200019AF5,318,95,Rizia/Turn 4/Drinking Game,Player_Romus,Menu Text en,［嘘］ 「私はリジアの国歌をげっぷで再現できる。」
0x0100005200019B09,318,99,Rizia/Turn 4/Drinking Game,Narrator,en,他の者たちは心配そうな表情を互いに交わした。ラウレントが慎重に口を開いた。
0x0100005200019B1C,318,100,Rizia/Turn 4/Drinking Game,Player_Romus,en,「パレス・トラスで育った頃、かつて貴重なマルキアン製の花瓶を便器だと間違えたことがある。」
0x0100005200019B1C,318,100,Rizia/Turn 4/Drinking Game,Player_Romus,Menu Text en,「パレス・トラスで育った頃、かつて貴重なマルキアン製の花瓶を便器だと間違えたことがある。」
0x0100005200019B26,318,101,Rizia/Turn 4/Drinking Game,Player_Romus,en,「レナ王女が、私の初めてのキスだった。」
0x0100005200019B26,318,101,Rizia/Turn 4/Drinking Game,Player_Romus,Menu Text en,［嘘］ 「レナ王女が私の最初のキスだった。」と嘘をつく
0x0100005200019B3A,318,102,Rizia/Turn 4/Drinking Game,Player_Romus,en,「時々、私が慈悲深すぎるのではないかと心配になる。」
0x0100005200019B5F,318,103,Rizia/Turn 4/Drinking Game,Narrator,en,私の同席者たちは互いに顔を見合わせた。最初に口を開いたのはルシータだった。
0x0100005200019B68,318,104,Rizia/Turn 4/Drinking Game,Lucita Azaro,en,「陛下のお望みの通りにいたします。」
0x0100005200019B76,318,108,Rizia/Turn 4/Drinking Game,Lucita Azaro,en,「陛下のお望みの通りにいたします。」
0x0100005200019B7C,318,109,Rizia/Turn 4/Drinking Game,Narrator,en,ルシータは私に意地悪な笑みを向けた。
0x0100005200019B84,318,110,Rizia/Turn 4/Drinking Game,Lucita Azaro,en,「私はアザロ家の出身ではありますが、子供の頃から血を見るのが耐えられませんでした。自分の指を刺して気絶してしまったこともありました。」
0x0100005200019B90,318,111,Rizia/Turn 4/Drinking Game,Lucita Azaro,en,「私の従兄弟ゾラが、婚約者を嫌っていると打ち明けてきたため、彼が平民と不倫しているという偽の証拠を作り上げました。その結果、すぐに婚約は破棄されました。」
0x0100005200019B9A,318,112,Rizia/Turn 4/Drinking Game,Laurento Esquibel,en,「陛下の戴冠式の際、うっかり『新しい女王万歳！』と叫んでしまいました。」
0x0100005200019BA0,318,113,Rizia/Turn 4/Drinking Game,Laurento Esquibel,en,「些細なものだと分かっている外交会議に出席している時は、メモを取る代わりに風刺画を描いています。」
0x0100005200019BA7,318,114,Rizia/Turn 4/Drinking Game,Laurento Esquibel,en,「大学を卒業したばかりの頃、私はサラベスの市長に決闘を申し込みました。」
0x0100005200019BB2,318,115,Rizia/Turn 4/Drinking Game,Narrator,en,彼は少し間を置いて考えた。
0x0100005200019BC7,318,116,Rizia/Turn 4/Drinking Game,Lucita Azaro,en,「私にも重要な会議や軍事演習の際に着用する、『幸運をもたらす』下着があります。」
0x0100005200019BD1,318,117,Rizia/Turn 4/Drinking Game,Pabel Adria,en,「陛下はかつて、お楽しみのために私にとげありの茂みを抜かせられました。しかし私は、その感覚をむしろ楽しんでいたのです。」
0x0100005200019BE5,318,121,Rizia/Turn 4/Drinking Game,Laurento Esquibel,en,「喜んでそうする。」
0x0100005200019BEC,318,122,Rizia/Turn 4/Drinking Game,Narrator,en,彼はワイングラスを劇的な動きで回転させた。
0x0100005200019BF4,318,123,Rizia/Turn 4/Drinking Game,Player_Romus,en,「会議中に本当は落書きなんてしていないだろう？」
0x0100005200019BFA,318,124,Rizia/Turn 4/Drinking Game,Pabel Adria,en,「もちろんでございます、陛下。」
0x0100005200019C02,318,125,Rizia/Turn 4/Drinking Game,Pabel Adria,en,「父上はかつて、私が職務を怠った罰としてイラクサの畑の除草をさせました。しかし実際には、その感覚をむしろ楽しんでいたのです。」
0x0100005200019C09,318,126,Rizia/Turn 4/Drinking Game,Lucita Azaro,en,「よくやりました、ヴェルナー様。次は誰ですか？」
0x0100005200019C27,318,129,Rizia/Turn 4/Drinking Game,Player_Romus,en,「ラウレント、あなたは攻撃的な行為を嫌うのだね。決闘を仕掛けるようなことはしなかっただろう。」
0x0100005200019C2E,318,130,Rizia/Turn 4/Drinking Game,Player_Romus,en,「私は父上の戴冠式にいた。もし誰かが『女王』と叫んだのであれば、必ず耳に入っていたはずだ。」
0x0100005200019C35,318,131,Rizia/Turn 4/Drinking Game,Lucita Azaro,en,「女性のためなら彼もそうするでしょう。どんなに些細なことでも、会議で風刺画を描いているなどとは決して認めないでしょうね。」
0x0100005200019C42,318,132,Rizia/Turn 4/Drinking Game,Pabel Adria,en,「決闘という案は、私には最も非現実的に思えます。」
0x0100005200019C4E,318,136,Rizia/Turn 4/Drinking Game,Lucita Azaro,en,「たとえそうだったとしても、陛下に認めるはずがありません。」
0x0100005200019C56,318,137,Rizia/Turn 4/Drinking Game,Lucita Azaro,en,「議員が陛下に会議でメモを取っていないと認めるよりも、その方が信憑性があります。」
0x0100005200019C66,318,138,Rizia/Turn 4/Drinking Game,Elena Werner,en,「陛下、その決闘の話はもう百回も聞いております。挑戦したのはサラベスの市長ではなく、ジャレス伯でした。」
0x0100005200019C6D,318,139,Rizia/Turn 4/Drinking Game,Narrator,en,ラウレントは気まずそうな表情を彼女に向けた。
0x0100005200019C74,318,140,Rizia/Turn 4/Drinking Game,Laurento Esquibel,en,「陛下、ヴェルナー様は私のことをよく知りすぎです。」
0x0100005200019C7E,318,141,Rizia/Turn 4/Drinking Game,Player_Romus,en,「その決闘は何のためだったのか？」
0x0100005200019C85,318,142,Rizia/Turn 4/Drinking Game,Player_Romus,en,「あなた、私の父上を女王だと呼んだのか？」
0x0100005200019C8C,318,143,Rizia/Turn 4/Drinking Game,Player_Romus,en,「エスキベルさん、それはつまり、重要な外交問題を軽率に扱ってきたということだね。」
0x0100005200019C93,318,144,Rizia/Turn 4/Drinking Game,Laurento Esquibel,en,「現在のジャレス伯爵夫人です。我々二人とも発砲する勇気がありませんでしたが、結局は彼が大賞を手に入れました。」
0x0100005200019C9A,318,145,Rizia/Turn 4/Drinking Game,Laurento Esquibel,en,「重要でないものだけです、陛下。私が自分の職務を非常に真剣に扱っていることをお約束します。」
0x0100005200019CA1,318,146,Rizia/Turn 4/Drinking Game,Player_Romus,en,「それはひどい悪習だ。すぐにやめなさい。」
0x0100005200019CA8,318,147,Rizia/Turn 4/Drinking Game,Player_Romus,en,「仕事が滞りなく済めば、私としては構わない。」
0x0100005200019CAF,318,148,Rizia/Turn 4/Drinking Game,Narrator,en,ルシータはグラスの中身を飲み干し、エレナ、パベル、そして私が見守る中でそうした。
0x0100005200019CB5,318,149,Rizia/Turn 4/Drinking Game,Player_Romus_Italic,en,ルシータは自分のグラスの中身を飲み干した。私も同じようにした。
0x0100005200019CB5,318,149,Rizia/Turn 4/Drinking Game,Player_Romus_Italic,Menu Text en,飲む
0x0100005200019CC6,318,153,Rizia/Turn 4/Drinking Game,Player_Romus_Italic,en,ルシータは自分のグラスの中身を飲み干した。私も同じようにした。
0x0100005200019CC6,318,153,Rizia/Turn 4/Drinking Game,Player_Romus_Italic,Menu Text en,飲む
0x0100005200019CF5,318,161,Rizia/Turn 4/Drinking Game,Narrator,en,ルシータはグラスの中身を一気に飲み干した。エレナは勝ち誇ったような笑みを浮かべてそれを見ていた。
0x0100005200019D23,318,170,Rizia/Turn 4/Drinking Game,Narrator,en,エレナは勝ち誇ったようににやりと笑った。私はパベルがわずかに心配そうな表情を浮かべているのに気づいた。
0x0100005200019D30,318,171,Rizia/Turn 4/Drinking Game,Narrator,en,ラウレントは安堵のため息をついた。ルシータは注意を引くためにグラスの側面を軽く叩いた。
0x0100005200019D37,318,172,Rizia/Turn 4/Drinking Game,Laurento Esquibel,en,「実は全くの偶然でございます、陛下。他の多くの声にかき消されてしまいましたので。」
0x0100005200019D3E,318,173,Rizia/Turn 4/Drinking Game,Lucita Azaro,en,「なんと物足りないことでしょう、エスキベルさん。」
0x0100005200019D46,318,174,Rizia/Turn 4/Drinking Game,Lucita Azaro,en,「次の犠牲者は誰でしょうか？」
0x0100005200019D4D,318,175,Rizia/Turn 4/Drinking Game,Narrator,en,彼女は自分のグラスを軽く叩いた。パベルは素直にその中身を再び注ぎ足した。
0x0100005200019D57,318,176,Rizia/Turn 4/Drinking Game,Laurento Esquibel,en,「もちろんです、陛下。直ちにやめます。」
0x0100005200019D5E,318,177,Rizia/Turn 4/Drinking Game,Narrator,en,テーブルの周りに突然緊張感が漂った。ルシータはグラスを軽く叩いてその雰囲気を和らげた。
0x0100005200019D73,318,178,Rizia/Turn 4/Drinking Game,Narrator,en,彼はテーブルの方を見下ろした。
0x0100005200019D7C,318,179,Rizia/Turn 4/Drinking Game,Pabel Adria,en,「1920年代に、私は詩を一首書きました。それは年次のリジア文学選集に採用されたのです。もちろん偽名を使ってです。」
0x0100005200019DA1,318,180,Rizia/Turn 4/Drinking Game,Narrator,en,ルシータは静かに笑った。
0x0100005200019DA8,318,181,Rizia/Turn 4/Drinking Game,Lucita Azaro,en,「それは嘘です。王室を運営していては、詩を詠む暇などありません。」
0x0100005200019DAF,318,182,Rizia/Turn 4/Drinking Game,Elena Werner,en,「執事のワインに関する描写は時として詩のようです。彼がイラクサで変わった喜びを感じているわけではないと信じたいものです。」
0x0100005200019DB6,318,183,Rizia/Turn 4/Drinking Game,Laurento Esquibel,en,「私としても、ルンブルク人の執事に関する話を信じたくはありません。どんなに面白かったとしてもです。」
0x0100005200019DBD,318,184,Rizia/Turn 4/Drinking Game,Player_Romus,en,「ああ、その胡椒の話は間違いなく嘘だろう。パベルはそんな愚かな真似をするような人ではない。」
0x0100005200019DC4,318,185,Rizia/Turn 4/Drinking Game,Player_Romus,en,「パベルが詩を書いたかどうかなら、私にも分かる。」
0x0100005200019DD1,318,189,Rizia/Turn 4/Drinking Game,Player_Romus,en,「パベルは優れた執事だが、詩人ではない。」
0x0100005200019DD8,318,190,Rizia/Turn 4/Drinking Game,Player_Romus,en,「パベル、あなたはイラクサが嫌いだね。誰もがそうだよ。」
0x0100005200019DE5,318,191,Rizia/Turn 4/Drinking Game,Narrator,en,パベルは厳しい表情で微笑んだ。
0x0100005200019DF2,318,192,Rizia/Turn 4/Drinking Game,Pabel Adria,en,「その通りです。それは私がこれまでの人生で感じた中で最も激しい痛みでした。」
0x0100005200019DF8,318,193,Rizia/Turn 4/Drinking Game,Pabel Adria,en,「実のところ、詩の部分は事実です。」
0x0100005200019E00,318,194,Rizia/Turn 4/Drinking Game,Pabel Adria,en,「あのイラクサが生えている場所を抜く作業は、私がこれまでの人生で感じた中で最も辛い痛みでした。」
0x0100005200019E07,318,195,Rizia/Turn 4/Drinking Game,Pabel Adria,en,「実際、それは嘘ではありません。あの貧しい人は一晩中くしゃみをしていたのです。」
0x0100005200019E0F,318,196,Rizia/Turn 4/Drinking Game,Player_Romus,en,「そのことは申し訳ない。私は昔、ひどい子供だった。」
0x0100005200019E35,318,198,Rizia/Turn 4/Drinking Game,Narrator,en,私の執事は話すことをためらっているようだった。彼は優雅にうなずいた。
0x0100005200019E42,318,202,Rizia/Turn 4/Drinking Game,Narrator,en,私の執事は優雅にうなずいた。
0x0100005200019E26,318,203,Rizia/Turn 4/Drinking Game,Pabel Adria,en,「かつて、外交訪問の際にルンブルクの王室執事がエステラ・トラス女王について侮辱的な発言をするのを耳にしました。そのため、職員向けの夕食で私は料理長に彼の料理に大量の唐辛子を入れるよう説得しました。」
0x0100005200019E4C,318,204,Rizia/Turn 4/Drinking Game,Narrator,en,パベルは席の上で体勢を変えた。
0x0100005200019E53,318,205,Rizia/Turn 4/Drinking Game,Narrator,en,パベルは席の上で体勢を変えた。
0x0100005200019E61,318,209,Rizia/Turn 4/Drinking Game,Player_Romus,en,「自業自得だな。今日の早い時間に、あなたが私を奇妙な目で見ていたのを覚えている。」
0x0100005200019E72,318,210,Rizia/Turn 4/Drinking Game,Player_Romus,en,「待ってくれ。この詩についてもっと知りたいのだ。」
0x0100005200019E7B,318,211,Rizia/Turn 4/Drinking Game,Player_Romus,en,「あなたはルンブルクと危険なゲームをしたのだ。もし彼がそれに気づいてベアトリスに話してしまったらどうするつもりだ？」
0x0100005200019E83,318,212,Rizia/Turn 4/Drinking Game,Player_Romus,en,「あなたの父上はなんて残酷なのだ。」
0x0100005200019E8A,318,213,Rizia/Turn 4/Drinking Game,Narrator,en,パベルは肩をすくめた。
0x0100005200019E97,318,214,Rizia/Turn 4/Drinking Game,Pabel Adria,en,「陛下の公的な務めの邪魔をしているのではないかと、彼は心配しておりました。」
0x0100005200019E9E,318,215,Rizia/Turn 4/Drinking Game,Narrator,en,パベルは肩をすくめた。
0x0100005200019EAB,318,217,Rizia/Turn 4/Drinking Game,Pabel Adria,en,「それはずっと昔のことでございます、陛下。」
0x0100005200019EB4,318,221,Rizia/Turn 4/Drinking Game,Pabel Adria,en,「うまくいきました。その後は常に自分の役目をきちんと果たしていました。」
0x0100005200019EBB,318,222,Rizia/Turn 4/Drinking Game,Pabel Adria,en,「彼はそんなことしません。私はリジアでは胡椒は最も名誉ある客人だけに与えられる高級品だと伝えましたから。」
0x0100005200019EC2,318,223,Rizia/Turn 4/Drinking Game,Pabel Adria,en,「陛下、詳しくお伝えすることはほとんどありません。それは何年も前のことです。」
0x0100005200019EC9,318,224,Rizia/Turn 4/Drinking Game,Narrator,en,ルシータは咳払いをした。
0x0100005200019ECF,318,225,Rizia/Turn 4/Drinking Game,Lucita Azaro,en,「何かを忘れているような気がします。」
0x0100005200019EE1,318,229,Rizia/Turn 4/Drinking Game,Player_Romus_Italic,en,ルシータ、ラウレント、そして私はそれぞれのグラスから飲み物を飲んだ。私の外国人顧問はグラスを置きながら物思いにふけるような表情を浮かべていた。
0x0100005200019EE1,318,229,Rizia/Turn 4/Drinking Game,Player_Romus_Italic,Menu Text en,飲む
0x0100005200019EF4,318,234,Rizia/Turn 4/Drinking Game,Narrator,en,彼女はラウレントの方を向き、二人はグラスを合わせて飲んだ。私の外国顧問はグラスを置きながら物思いにふけった表情を浮かべていた。
0x0100005200019EFB,318,235,Rizia/Turn 4/Drinking Game,Laurento Esquibel,en,「私はその概要書を定期的に読んでおります。あなたのペンネームは何でしたか？」
0x0100005200019F04,318,236,Rizia/Turn 4/Drinking Game,Laurento Esquibel,en,「ちょっと待ってください、当ててみましょう……」
0x0100005200019F0B,318,237,Rizia/Turn 4/Drinking Game,Laurento Esquibel,en,「ああ！『ポール・アデア』ですね！1929年の作品です！」
0x0100005200019F19,318,238,Rizia/Turn 4/Drinking Game,Laurento Esquibel,en,"「私は陛下の光にとって影に過ぎませんでした」

陛下が負われた重荷の、静かな証人でした。

今や我々の間には深い溝ができてしまいました。

お話や触れ合いで心が満たされることを切に願っております、陛下。"
0x0100005200019F20,318,239,Rizia/Turn 4/Drinking Game,Laurento Esquibel,en,"「沈みゆく太陽の下で押し寄せる二つの潮のように、」

我々は限りのない力によって再び互いに引き寄せられているのです。

夜の絹のような抱擁が日の終わりを迎えるように、

陛下、あなたの熱き情熱が私を焼き尽くし、私の心は――"
0x0100005200019F27,318,240,Rizia/Turn 4/Drinking Game,Narrator,en,パベルの方角から突然騒がしい音がして、彼の話は中断された。皆が私の執事の方を見るように振り向いた。
0x0100005200019F2E,318,241,Rizia/Turn 4/Drinking Game,Lucita Azaro,en,「まあ、陛下がその手紙を書いた宮女はとても幸運な娘でしょうね。」
0x0100005200019F35,318,242,Rizia/Turn 4/Drinking Game,Lucita Azaro,en,「続けましょうか？」
0x0100005200019F3D,318,243,Rizia/Turn 4/Drinking Game,Narrator,en,ラウレントは片眉を上げた。
0x0100005200019F47,318,244,Rizia/Turn 4/Drinking Game,Narrator,en,私は集中するのが難しく、思いついた最初の言葉をそのまま口にしてしまった。
0x0100005200019F53,318,245,Rizia/Turn 4/Drinking Game,Player_Romus,en,「リジアが大規模で凄惨な戦争に巻き込まれてくれればいいのだ。そうすれば私も自分の力を証明できるから。」
0x0100005200019F5A,318,246,Rizia/Turn 4/Drinking Game,Player_Romus,en,「時々、『26年の反乱』が成功していればよかったと思う。」
0x0100005200019F6D,318,250,Rizia/Turn 4/Drinking Game,Laurento Esquibel,en,「興味深いですね、アザロ女公爵。しかし間違っています。アザロ家の者たちは迷信に騙されることはありません。」
0x0100005200019F74,318,251,Rizia/Turn 4/Drinking Game,Player_Romus,en,「アザロ家の者たちが決してしないことが一つあるとすれば、それは血を見ただけで怯えることだ。それは嘘に過ぎない。」
0x0100005200019F7B,318,252,Rizia/Turn 4/Drinking Game,Player_Romus,en,「私も同感だ。あなたは『幸運の下着』の持ち主とは思えないね。」
0x0100005200019F82,318,253,Rizia/Turn 4/Drinking Game,Player_Romus,en,「あなたの従兄弟に関する話は信じられない。」
0x0100005200019F89,318,254,Rizia/Turn 4/Drinking Game,Elena Werner,en,「アザロ家の者が血を見るだけで気絶するなどという話より、その方がまだ信じられます。」
0x0100005200019F91,318,255,Rizia/Turn 4/Drinking Game,Elena Werner,en,「同感です。恐れ入りますが、女公爵のおかげであまりにも容易すぎるようです。」
0x0100005200019F9F,318,259,Rizia/Turn 4/Drinking Game,Pabel Adria,en,「いえ、その血に関する話はあまりにも信じがたいので、実際に真実なのでしょう。また、従兄弟の婚約解消におけるあなたの役割についても疑問を抱いています。」
0x0100005200019FA6,318,260,Rizia/Turn 4/Drinking Game,Narrator,en,ルシータは首を振った。
0x0100005200019FBA,318,265,Rizia/Turn 4/Drinking Game,Lucita Azaro,en,「陛下、その通りでございます。私は重要な日には幸運をもたらす下着など身につけません。」
0x0100005200019FC1,318,266,Rizia/Turn 4/Drinking Game,Lucita Azaro,en,「エスキベルさんの言う通りです。私は重要な日には幸運をもたらす下着など着用しません。」
0x0100005200019FC8,318,267,Rizia/Turn 4/Drinking Game,Player_Romus_Italic,en,パベル、エレナ、そして私は酒を飲んだ。ルシータはいたずらっぽい笑みを浮かべたまま話し続けた。
0x0100005200019FC8,318,267,Rizia/Turn 4/Drinking Game,Player_Romus_Italic,Menu Text en,飲む
0x0100005200019FDB,318,272,Rizia/Turn 4/Drinking Game,Lucita Azaro,en,「実は、このような場では……」
0x0100005200019FEF,318,279,Rizia/Turn 4/Drinking Game,Narrator,en,パベルとエレナはワインを少しずつ飲んだ。ルシータはいたずらっぽい笑みを浮かべたまま話し続けた。
0x0100005200019FF7,318,280,Rizia/Turn 4/Drinking Game,Narrator,en,エレナは上品にワインを一口飲んだ。ルシータはいたずらっぽい笑みを浮かべたまま話し続けた。
0x010000520001A001,318,281,Rizia/Turn 4/Drinking Game,Player_Romus_Italic,en,私とエレナは酒を飲んだ。ルシータはいたずらっぽい笑みを浮かべたまま話し続けた。
0x010000520001A001,318,281,Rizia/Turn 4/Drinking Game,Player_Romus_Italic,Menu Text en,飲む
0x010000520001A00A,318,282,Rizia/Turn 4/Drinking Game,Lucita Azaro,en,「制服の下に何も着ない方が、とても元気が出ます。」
0x010000520001A011,318,283,Rizia/Turn 4/Drinking Game,Narrator,en,ラウレントとエレナは互いに楽しそうな視線を交わした。パベルは丁寧に咳払いをした。
0x010000520001A01F,318,287,Rizia/Turn 4/Drinking Game,Narrator,en,ラウレントとエレナは互いに楽しそうな視線を交わした。パベルは我々にお酒を注ぎながら丁寧に咳払いをした。
0x010000520001A026,318,288,Rizia/Turn 4/Drinking Game,Pabel Adria,en,「今こそアザロ女公爵が退室されるのもよろしいかと。今夜はワインがたくさん飲まれましたからね。」
0x010000520001A02E,318,289,Rizia/Turn 4/Drinking Game,Lucita Azaro,en,「これはすべて害のない娯楽に過ぎません、パベル。ですよね、陛下？」
0x010000520001A035,318,290,Rizia/Turn 4/Drinking Game,Player_Romus,en,「パベルの言う通りだ。今夜のあなたの振る舞いは、女公爵として全くふさわしくない。」
0x010000520001A043,318,291,Rizia/Turn 4/Drinking Game,Player_Romus,en,「ああ、我々も王族としての厳格な儀礼から少し解放されるべきだ。」
0x010000520001A04A,318,292,Rizia/Turn 4/Drinking Game,Player_Romus,en,「女公爵はもう成人しているのだから、パベル。飲酒を取り締まらないでくれ。」
0x010000520001A057,318,293,Rizia/Turn 4/Drinking Game,Narrator,en,パベルは顔をしかめた。
0x010000520001A05E,318,294,Rizia/Turn 4/Drinking Game,Pabel Adria,en,「両名にお詫び申し上げます。私は単に助けようとしただけです。」
0x010000520001A072,318,296,Rizia/Turn 4/Drinking Game,Narrator,en,ルシータは席で背筋を伸ばした。私は彼女の目に怒りが浮かんでいるのを見た。
0x010000520001A079,318,297,Rizia/Turn 4/Drinking Game,Lucita Azaro,en,「陛下、心よりお詫び申し上げます。今夜はくだけた態度でも構わないと思っておりました。」
0x010000520001A08A,318,298,Rizia/Turn 4/Drinking Game,Player_Romus,en,「あなた、無礼ではなく失礼を働いたのだ。もう限界を超えてしまった。」
0x010000520001A091,318,299,Rizia/Turn 4/Drinking Game,Player_Romus,en,「続けよう。だが、もう少し礼儀正しく振る舞っていただきたいのだ。」
0x010000520001A0AB,318,302,Rizia/Turn 4/Drinking Game,Player_Romus,en,「私は過ちを犯した。王として部下たちとあまりに親しくすぎてはならない。」
0x010000520001A0B3,318,303,Rizia/Turn 4/Drinking Game,Narrator,en,彼女はほっとして微笑んだ。
0x010000520001A0BA,318,304,Rizia/Turn 4/Drinking Game,Lucita Azaro,en,「承知いたしました。」
0x010000520001A0C2,318,305,Rizia/Turn 4/Drinking Game,Narrator,en,彼女は恥ずかしさのあまりうつむいた。
0x010000520001A0C9,318,306,Rizia/Turn 4/Drinking Game,Lucita Azaro,en,「承知いたしました。では、失礼いたします。」
0x010000520001A0D0,318,307,Rizia/Turn 4/Drinking Game,Elena Werner,en,「私も同じです。皆さんにも言いましたが、これは馬鹿げたゲームです。」
0x010000520001A0D7,318,308,Rizia/Turn 4/Drinking Game,Laurento Esquibel,en,「はい、今夜の告白はもう十分です。陛下、また明日お会いしましょう。」
0x010000520001A0DE,318,309,Rizia/Turn 4/Drinking Game,Narrator,en,私の顧問たちはテーブルを去った。パベルが私が立つのを手伝ってくれた。
0x010000520001A0E5,318,310,Rizia/Turn 4/Drinking Game,Lucita Azaro,en,「もし助けになりたいのでしたら、新しいボトルを持ってきてください。今のはもうほとんど空です。」
0x010000520001A0EC,318,311,Rizia/Turn 4/Drinking Game,Pabel Adria,en,「すぐに、アザロ女公爵。」
0x010000520001A0F3,318,312,Rizia/Turn 4/Drinking Game,Narrator,en,彼は台所に行って再びワインを持って戻ってきた。ルシータは期待に満ちた目で私を見つめていた。
0x010000520001A0FB,318,313,Rizia/Turn 4/Drinking Game,Player_Romus,en,「私は実のところワインが好きではない。」
0x010000520001A10A,318,317,Rizia/Turn 4/Drinking Game,Player_Romus,en,「私は実のところワインが好きではない。」
0x010000520001A10A,318,317,Rizia/Turn 4/Drinking Game,Player_Romus,Menu Text en,「私は実のところワインが好きではない。」
0x0100005200019F12,318,318,Rizia/Turn 4/Drinking Game,Pabel Adria,en,「重要なことではありません。」
0x010000520001A120,318,319,Rizia/Turn 4/Drinking Game,Player_Romus,en,「私は常にひどく孤独を感じている。」
0x010000520001A15B,318,335,Rizia/Turn 4/Drinking Game,Laurento Esquibel,en,「もちろん陛下、レナ王女をお愛しいと思われていたのですね。それは嘘でした。」
0x010000520001A162,318,336,Rizia/Turn 4/Drinking Game,Laurento Esquibel,en,「陛下、もちろんレナ王女に忠実だったのは嘘です。それこそが偽りでした。」
0x010000520001A169,318,337,Rizia/Turn 4/Drinking Game,Laurento Esquibel,en,「陛下、もちろんヴァレロ王が亡くなられた時、あなた様が喜ばれるはずがございません。それは嘘でした。」
0x010000520001A171,318,341,Rizia/Turn 4/Drinking Game,Laurento Esquibel,en,「陛下、もちろんあなたはご自身の父上を失敗者だとは思っておりません。それは嘘でした。」
0x010000520001A178,318,342,Rizia/Turn 4/Drinking Game,Laurento Esquibel,en,「陛下、もちろん1920年代のような暴力が再び起こることは望んでおられません。あれは嘘に過ぎませんでした。」
0x010000520001A17F,318,343,Rizia/Turn 4/Drinking Game,Laurento Esquibel,en,「陛下、反乱が成功することを望まれなかったのはもちろんです。あれは嘘にすぎませんでした。」
0x010000520001A187,318,344,Rizia/Turn 4/Drinking Game,Laurento Esquibel,en,「陛下、宮殿でご家族と共にいらっしゃるのですからもちろん孤独ではありません。あれは嘘でした。」
0x010000520001A18E,318,345,Rizia/Turn 4/Drinking Game,Player_Romus,en,「いや、それが真実だ。」
0x010000520001A19B,318,346,Rizia/Turn 4/Drinking Game,Player_Romus,en,「ご推測の通りだ。あれは私の嘘だった。」
0x010000520001A1A1,318,347,Rizia/Turn 4/Drinking Game,Narrator,en,他の者たちはすぐに頷いて同意を示した。ルシータが私をじっと見つめているのが見えた。
0x010000520001A1B2,318,351,Rizia/Turn 4/Drinking Game,Narrator,en,テーブルにいる他の者たちはすぐに頷いて同意を示した。私はルシータが私をじっと見つめているのがわかった。
0x010000520001A1B9,318,352,Rizia/Turn 4/Drinking Game,Narrator,en,他の者たちもすぐに頷いて同意を示した。
0x010000520001A1C8,318,353,Rizia/Turn 4/Drinking Game,Narrator,en,空気の中には明らかな安堵の雰囲気が漂っていた。
0x010000520001A1CF,318,354,Rizia/Turn 4/Drinking Game,Narrator,en,空気の中には明らかな緊張感が漂っていた。私の同席者たちは意識的に私や互いの顔を見ることを避けていた。
0x010000520001A1D6,318,355,Rizia/Turn 4/Drinking Game,Lucita Azaro,en,「では……その嘘とは何でしたか、陛下？」
0x010000520001A1DD,318,356,Rizia/Turn 4/Drinking Game,Lucita Azaro,en,「それでは……」
0x010000520001A1E3,318,357,Rizia/Turn 4/Drinking Game,Lucita Azaro,en,「陛下、お酒がお好きなのでしょう。今夜はすでに十分に飲まれていますね。」
0x010000520001A205,318,370,Rizia/Turn 4/Drinking Game,Lucita Azaro,en,「これは簡単です、陛下。レナ王女と結婚される前に女性にキスをしたことがあるはずです。」
0x010000520001A20D,318,371,Rizia/Turn 4/Drinking Game,Laurento Esquibel,en,「その花瓶の話は嘘に違いありません。あまりにも恥ずかしいです。」
0x010000520001A215,318,372,Rizia/Turn 4/Drinking Game,Laurento Esquibel,en,「その口ひげの話は嘘に違いありません。」
0x010000520001A21D,318,373,Rizia/Turn 4/Drinking Game,Laurento Esquibel,en,「リジアの国歌をげっぷで表現するなどということは到底できません。」
0x010000520001A22B,318,377,Rizia/Turn 4/Drinking Game,Narrator,en,他の者たちは頷いて同意した。私はパベルが視線をそらすのを見た。
0x010000520001A23F,318,378,Rizia/Turn 4/Drinking Game,Narrator,en,他の者たちも頷いて同意した。
0x010000520001A246,318,379,Rizia/Turn 4/Drinking Game,Player_Romus,en,「ご推測の通りだ。あれは私の嘘だった。」
0x010000520001A24D,318,380,Rizia/Turn 4/Drinking Game,Player_Romus,en,「実際、あれは事実だった。」
0x010000520001A256,318,381,Rizia/Turn 4/Drinking Game,Elena Werner,en,「ラウレント、覚えていませんか？陛下は昔、なかなかのちょっかい好きだったのですよ。」
0x010000520001A25E,318,382,Rizia/Turn 4/Drinking Game,Elena Werner,en,「完全に不可能というわけではありません。」
0x010000520001A264,318,383,Rizia/Turn 4/Drinking Game,Narrator,en,他の者たちも頷いて同意した。
0x010000520001A27E,318,390,Rizia/Turn 4/Drinking Game,Lucita Azaro,en,「パレス行政区ですか？陛下、見せていただけますでしょうか？」
0x010000520001A285,318,391,Rizia/Turn 4/Drinking Game,Player_Romus,en,「かしこまりました。」
0x010000520001A28C,318,392,Rizia/Turn 4/Drinking Game,Player_Romus,en,「いや、喫煙は遠慮してくれ。」
0x010000520001A293,318,393,Rizia/Turn 4/Drinking Game,Lucita Azaro,en,「陛下、まずは国歌を奏でていただけますでしょうか？」
0x010000520001A29A,318,394,Rizia/Turn 4/Drinking Game,Narrator,en,私は襟をめくり上げて、彼女にその傷跡を見せた。
0x010000520001A2AD,318,401,Rizia/Turn 4/Drinking Game,Narrator,en,私はズボンの裾をまくり上げて、彼女にその傷跡を見せた。
0x010000520001A2B4,318,402,Rizia/Turn 4/Drinking Game,Narrator,en,私はシャツの一番上のボタンを外し、彼女にその母斑を見せた。
0x010000520001A2C0,318,406,Rizia/Turn 4/Drinking Game,Narrator,en,彼女はゆっくりと手を伸ばし、指先でその傷跡をなぞった。
0x010000520001A2CA,318,407,Rizia/Turn 4/Drinking Game,Elena Werner,en,「私には、それはキルートのように見えます。」
0x010000520001A2D2,318,408,Rizia/Turn 4/Drinking Game,Elena Werner,en,「しかし、ダービーの話など実際には起こりませんでした。陛下がいかに優れた馬術の達人であろうともです。」
0x010000520001A2D9,318,409,Rizia/Turn 4/Drinking Game,Narrator,en,ルシータはがっかりして、椅子にもたれかかった。
0x010000520001A2E1,318,410,Rizia/Turn 4/Drinking Game,Pabel Adria,en,「陛下、明日はお忙しい一日が待っております。もう休会しませんか？」
0x010000520001A2E8,318,411,Rizia/Turn 4/Drinking Game,Narrator,en,彼女の触れ方はまるで電流のようだった。
0x010000520001A2EF,318,412,Rizia/Turn 4/Drinking Game,Lucita Azaro,en,「ポルテ・ドラゾン・ダービーですか？とても慌ただしかったことでしょうね。」
0x010000520001A2F6,318,413,Rizia/Turn 4/Drinking Game,Player_Romus,en,「かしこまりました。」
0x010000520001A2FD,318,414,Rizia/Turn 4/Drinking Game,Narrator,en,私は大きく息を吸い込んだ。パベルが咳払いをした。
0x010000520001A306,318,415,Rizia/Turn 4/Drinking Game,Player_Romus,en,「ああ、それは賢明な案のようだね。」
0x010000520001A30D,318,416,Rizia/Turn 4/Drinking Game,Player_Romus,en,「しかし、まだ面白いところに入ったばかりだよ。」
0x010000520001A31A,318,420,Rizia/Turn 4/Drinking Game,Player_Romus,en,「いけない！このパーティーを滅ぼしてはならない！『パーティー王子』があなたに命じておられる！」
0x010000520001A321,318,421,Rizia/Turn 4/Drinking Game,Narrator,en,私は突然、自分がどれだけ多くのワインを飲んでしまったかをはっきりと自覚するようになった。パベルが私のそばについて支えてくれ、我々は一緒に上階にある私の部屋へと向かった。
0x010000520001A328,318,422,Rizia/Turn 4/Drinking Game,Player_Romus,en,「皆さん、よく推測されたね。」
0x010000520001A32F,318,423,Rizia/Turn 4/Drinking Game,Player_Romus,en,「ああ、私は女性にキスをした。たくさんの女性に。彼女たちには胸もあり、その他もすべてあった。」
0x010000520001A33C,318,427,Rizia/Turn 4/Drinking Game,Narrator,en,彼はすぐに私を中へと案内し、私のコートを脱がせた。
0x010000520001A349,318,428,Rizia/Turn 4/Drinking Game,Pabel Adria,en,「それで……あの詩……あの気持ち……」
0x010000520001A35D,318,435,Rizia/Turn 4/Drinking Game,Pabel Adria,en,「陛下、それはとても昔のことです。」
0x010000520001A364,318,436,Rizia/Turn 4/Drinking Game,Pabel Adria,en,「それはとても昔のことでございます、陛下。」
0x010000520001A36B,318,437,Rizia/Turn 4/Drinking Game,Narrator,en,彼はノブを回した。
0x010000520001A373,318,438,Rizia/Turn 4/Drinking Game,Player_Romus,en,「待ってくれ。行かないで。」
0x010000520001A37A,318,439,Rizia/Turn 4/Drinking Game,Player_Romus,en,「大丈夫だ、パベル。誰にも言わない。」
0x010000520001A381,318,440,Rizia/Turn 4/Drinking Game,Player_Romus,en,「これからはもっと慎重に行動してくれ。私の執事が変質者だなどという噂が広まるわけにはいかない。」
0x010000520001A388,318,441,Rizia/Turn 4/Drinking Game,Narrator,en,パベルは足を止めて振り返った。彼は慎重に目を上げて私の視線と合わせた。
0x010000520001A38D,318,442,Rizia/Turn 4/Drinking Game,Narrator,en,パベルは急いで私から離れていった。
0x010000520001A3A1,318,444,Rizia/Turn 4/Drinking Game,Pabel Adria,en,「もちろんでございます、陛下。」
0x010000520001A3A8,318,445,Rizia/Turn 4/Drinking Game,Narrator,en,彼は急いで外に出て、背後でドアを閉めた。
0x010000520001A3AF,318,446,Rizia/Turn 4/Drinking Game,Narrator,en,パベルの顔に安堵の色が浮かんだ。彼はお辞儀をした。
0x010000520001A3B5,318,447,Rizia/Turn 4/Drinking Game,Pabel Adria,en,「陛下、今夜は楽しんでいただけましたでしょうか。」
0x010000520001A3BC,318,448,Rizia/Turn 4/Drinking Game,Player_Romus,en,「正直に答えてくれ。今でも私のことをあのように思っているのか？」
0x010000520001A3C3,318,449,Rizia/Turn 4/Drinking Game,Pabel Adria,en,「私は常にそう思っております。これからも変わりません。」
0x010000520001A3CA,318,450,Rizia/Turn 4/Drinking Game,Player_Romus,en,「私の初めてのキスのことは、今でもよく覚えている。」
0x010000520001A3D1,318,451,Rizia/Turn 4/Drinking Game,Pabel Adria,en,「私もです。」
0x010000520001A3D8,318,452,Rizia/Turn 4/Drinking Game,Player_Romus_Italic,en,私は身を乗り出して彼にキスをした。
0x010000520001A3D8,318,452,Rizia/Turn 4/Drinking Game,Player_Romus_Italic,Menu Text en,彼にキスをする
0x010000520001A3E1,318,453,Rizia/Turn 4/Drinking Game,Player_Romus,en,「それはできない。あなたは私の部下だから。」
0x010000520001A3E8,318,454,Rizia/Turn 4/Drinking Game,Player_Romus,en,「これはおかしい。あなたの方が私より多く飲んでいる。」
0x010000520001A3EF,318,455,Rizia/Turn 4/Drinking Game,Narrator,en,彼は返事をする代わりに、私を一番近くの壁に押し付け、今度はさらに強い力で自分の唇を私の唇に押し当てた。
0x010000520001A3F7,318,456,Rizia/Turn 4/Drinking Game,Narrator,en,パベルは振り返らなかった。
0x010000520001A410,318,460,Rizia/Turn 4/Drinking Game,Pabel Adria,en,「陛下、もう遅い時間ですので、少しお休みになった方がよろしいでしょう。」
0x010000520001A417,318,461,Rizia/Turn 4/Drinking Game,Pabel Adria,en,「おやすみなさい。」
0x010000520001A41E,318,462,Rizia/Turn 4/Drinking Game,Player_Romus,en,「それは実に美しい詩だった。」
0x010000520001A45B,318,476,Rizia/Turn 4/Drinking Game,Player_Romus,en,「ああ。パベル、重要な会議をもっと頻繁に開くように思い出させてくれ。」
0x010000520001A467,318,478,Rizia/Turn 4/Drinking Game,Narrator,en,他の者たちはくすくすと笑った。パベルは怒ったように顔をしかめた。
0x010000520001A47A,318,481,Rizia/Turn 4/Drinking Game,Narrator,en,私の執事が階段を上り、廊下を通って最上階にある私の客室まで案内してくれた。
0x010000520001A48B,318,485,Rizia/Turn 4/Drinking Game,Pabel Adria,en,「ありがとう。」
0x010000520001A492,318,486,Rizia/Turn 4/Drinking Game,Player_Romus,en,「私はあなたの気持ちには共感できない。だが、あなたは依然として私の友達だ。」
0x010000520001A498,318,487,Rizia/Turn 4/Drinking Game,Pabel Adria,en,「おやすみなさい。」
0x010000520001A4A0,318,488,Rizia/Turn 4/Drinking Game,Pabel Adria,en,「出版用に提出するなんて軽率でした。私……あなたをそんなに恋しく思っていたのでしょう。」
0x010000520001A4A7,318,489,Rizia/Turn 4/Drinking Game,Player_Romus,en,「我々の間に何も起こり得ない。あまりに危険すぎる。」
0x010000520001A4BD,318,493,Rizia/Turn 4/Drinking Game,Pabel Adria,en,「わかってる。」
0x010000520001A4C5,318,494,Rizia/Turn 4/Drinking Game,Narrator,en,しばらくの時間が過ぎてようやく我々は離れた。パベルは息を切らしながら、私の目をじっと見つめていた。
0x010000520001A4CB,318,495,Rizia/Turn 4/Drinking Game,Narrator,en,彼は部屋を出て、背後で静かにドアを閉めた。
0x010000520001A4DE,318,496,Rizia/Turn 4/Drinking Game,Player_Romus,en,「神よ。レナといる時には、そのような感覚を一度も味わったことがない。」
0x010000520001A4E6,318,497,Rizia/Turn 4/Drinking Game,Pabel Adria,en,「陛下、おやすみになってください。」
0x010000520001A4EF,318,498,Rizia/Turn 4/Drinking Game,Player_Romus,en,「言うまでもなく、これで私の秘密もあなた方の手に委ねられて安全だと願っている。」
0x010000520001A4F6,318,499,Rizia/Turn 4/Drinking Game,Player_Romus,en,「このことは誰にも知られてはならない。絶対にだ。」
0x010000520001A4FF,318,500,Rizia/Turn 4/Drinking Game,Pabel Adria,en,「海を越えても……」
0x010000520001A506,318,501,Rizia/Turn 4/Drinking Game,Player_Romus,en,「一頭の雄牛だけだ。」
0x010000520001A50D,318,502,Rizia/Turn 4/Drinking Game,Player_Romus,en,「黙って、もう一度キスをしてくれ。」
0x010000520001A514,318,503,Rizia/Turn 4/Drinking Game,Narrator,en,彼は私のそばを通り過ぎて、照明を消した。
0x010000520001A51B,318,504,Rizia/Turn 4/Drinking Game,Pabel Adria,en,「陛下のご命令に従います。」
0x010000520001A4D2,318,509,Rizia/Turn 4/Drinking Game,Narrator,en,かなりの苦労をしながら、私は服を脱いでベッドに入った。
0x010000520001A53B,318,514,Rizia/Turn 4/Drinking Game,Narrator,en,私は服を脱いでベッドに入った。
0x010000520001A548,318,515,Rizia/Turn 4/Drinking Game,Player_Romus,en,「あなたの地位にふさわしい恋人を見つける手助けをしてあげよう。」
0x010000520001A555,318,519,Rizia/Turn 4/Drinking Game,Player_Romus,en,「あなたは主の御前では憎むべき存在だ。悔い改めない限り、もはや執事として留めておくことはできない。」
0x010000520001A55C,318,520,Rizia/Turn 4/Drinking Game,Narrator,en,パベルは急いで私から離れていった。
0x010000520001A566,318,522,Rizia/Turn 4/Drinking Game,Pabel Adria,en,「陛下、どうかお許しください。あなた様は誤解をされているようです。」
0x010000520001A577,318,526,Rizia/Turn 4/Drinking Game,Narrator,en,かなりの苦労をしながら、私は服を脱いでベッドに入った。
0x010000520001A57E,318,527,Rizia/Turn 4/Drinking Game,Narrator,en,私は数ヶ月間で最もぐっすりと眠ることができた。
0x010000520001A58A,318,529,Rizia/Turn 4/Drinking Game,Pabel Adria,en,「はい、もちろんです。そうでないことを願ったのは私が愚かでした。」
0x010000520001A591,318,530,Rizia/Turn 4/Drinking Game,Narrator,en,彼は私の目を見てうなずいた。
0x010000520001A5A1,318,531,Rizia/Turn 4/Drinking Game,Narrator,en,彼は丁寧に微笑んだ。
0x010000520001A5A8,318,532,Rizia/Turn 4/Drinking Game,Pabel Adria,en,「その分野においては、私自身ならかなりうまくやっていけます。」
0x010000520001A5B0,318,533,Rizia/Turn 4/Drinking Game,Narrator,en,私がようやく眠りにつきかけたその時、ドアをそっとノックする音がした。
0x010000520001A5B8,318,534,Rizia/Turn 4/Drinking Game,Player_Romus_Italic,en,私はドアのところへ行き、それを開けた。
0x010000520001A5B8,318,534,Rizia/Turn 4/Drinking Game,Player_Romus_Italic,Menu Text en,電話に出る
0x010000520001A5C0,318,535,Rizia/Turn 4/Drinking Game,Player_Romus_Italic,en,私はそのノックを無視してベッドの中に留まっていた。
0x010000520001A5C0,318,535,Rizia/Turn 4/Drinking Game,Player_Romus_Italic,Menu Text en,応じないで
0x010000520001A5D0,318,536,Rizia/Turn 4/Drinking Game,Narrator,en,ルシータはそこに立っており、先ほど着ていたビーズのドレスをそのまま身につけたままだった。
0x010000520001A5D7,318,537,Rizia/Turn 4/Drinking Game,Lucita Azaro,en,「陛下、ヴェーレンの情報機関から非常に重要なメッセージを受け取りました。中に入ってもよろしいでしょうか？」
0x010000520001A5F3,318,538,Rizia/Turn 4/Drinking Game,Narrator,en,彼女は私を軽蔑の眼差しで見た。
0x010000520001A630,318,539,Rizia/Turn 4/Drinking Game,Lucita Azaro,en,「私は十八歳の頃からこっそり酒を飲んできました。たかが少しの酒では私を倒すことなどできません。」
0x010000520001A65F,318,540,Rizia/Turn 4/Drinking Game,Player_Romus,en,「もちろんだ、アザロ女公爵。」
0x010000520001A666,318,541,Rizia/Turn 4/Drinking Game,Player_Romus,en,「メッセージか？何の内容だろうか？」
0x010000520001A66D,318,542,Rizia/Turn 4/Drinking Game,Player_Romus,en,「いや、明日まで待っても構わない。」
0x010000520001A674,318,543,Rizia/Turn 4/Drinking Game,Lucita Azaro,en,「それは非常にデリケートな内容です。」
0x010000520001A67B,318,544,Rizia/Turn 4/Drinking Game,Narrator,en,ルシータが私のスイートルームに入ってきた。私も彼女の後を追って中に入り、ドアを閉めた。
0x010000520001A680,318,545,Rizia/Turn 4/Drinking Game,Lucita Azaro,en,「本当によろしいのですか？これは極めてデリケートなものです。」
0x010000520001A687,318,546,Rizia/Turn 4/Drinking Game,Narrator,en,彼女は私に意味深な視線を送ってきた。
0x010000520001A68F,318,547,Rizia/Turn 4/Drinking Game,Player_Romus,en,「それは私の報告書に記入してくれ。朝一番で対応する。」
0x010000520001A696,318,548,Rizia/Turn 4/Drinking Game,Player_Romus,en,「わかった。どうぞ入ってくれ。」
0x010000520001A6A0,318,549,Rizia/Turn 4/Drinking Game,Narrator,en,ドアが閉まるやいなや、彼女は私の方へ歩み寄ってきた。その目には切迫した表情が浮かんでいた。
0x010000520001A6AE,318,550,Rizia/Turn 4/Drinking Game,Player_Romus,en,「一晩中、あなたのそのドレスを引き裂いてしまいたくてたまらないのだ。」
0x010000520001A5F9,318,551,Rizia/Turn 4/Drinking Game,Lucita Azaro,en,「そのドレスは特別に仕立てられた高価なものですので、脱がせないでいただけると嬉しいです。」
0x010000520001A622,318,552,Rizia/Turn 4/Drinking Game,Lucita Azaro,en,「ですが、ファスナーはここから始まっています。」
0x010000520001A6E1,318,553,Rizia/Turn 4/Drinking Game,Player_Romus_Italic,en,私は彼女の手を取り、自分の方へ引き寄せた。我々二人はしばらくその場に立ったまま、お互いを見つめ合っていた。
0x010000520001A6E1,318,553,Rizia/Turn 4/Drinking Game,Player_Romus_Italic,Menu Text en,彼女をもっと近くに引き寄せる
0x010000520001A6E9,318,554,Rizia/Turn 4/Drinking Game,Player_Romus,en,「待ってくれ。やめてくれ。」
0x010000520001A6F1,318,555,Rizia/Turn 4/Drinking Game,Narrator,en,彼女は突然自信を失い、一歩後ずさった。
0x010000520001A6F8,318,556,Rizia/Turn 4/Drinking Game,Lucita Azaro,en,「それは何だ？」
0x010000520001A6FF,318,557,Rizia/Turn 4/Drinking Game,Player_Romus,en,「人々は噂するだろう。」
0x010000520001A706,318,558,Rizia/Turn 4/Drinking Game,Player_Romus,en,「あなた、酔っている。」
0x010000520001A70D,318,559,Rizia/Turn 4/Drinking Game,Player_Romus,en,「ヴェーレンからの伝言とは何だったか？」
0x010000520001A71C,318,560,Rizia/Turn 4/Drinking Game,Lucita Azaro,en,「むしろ、私の方が陛下を利用しているのです。」
0x010000520001A730,318,567,Rizia/Turn 4/Drinking Game,Lucita Azaro,en,「えっと、それは偽りの装いに過ぎません、陛下。」
0x010000520001A737,318,568,Rizia/Turn 4/Drinking Game,Player_Romus,en,「それで……これも重要な会議と見なせるのだろうか？」
0x010000520001A743,318,569,Rizia/Turn 4/Drinking Game,Lucita Azaro,en,「彼らに任せましょう。」
0x010000520001A749,318,570,Rizia/Turn 4/Drinking Game,Lucita Azaro,en,「ここには我々だけです。他の者たちは皆眠ってしまいました。誰が何かを言うというのでしょうか？」
0x010000520001A758,318,571,Rizia/Turn 4/Drinking Game,Player_Romus,en,「アザロ女公爵、あなたを顧問として尊敬している。それだけだ。」
0x010000520001A75F,318,572,Rizia/Turn 4/Drinking Game,Lucita Azaro,en,「陛下、ご自身で確かめてみられませんか？」
0x010000520001A766,318,573,Rizia/Turn 4/Drinking Game,Narrator,en,私は服を脱いでベッドに入った。
0x010000520001A76E,318,574,Rizia/Turn 4/Drinking Game,Player_Romus,en,「真実でも嘘でも、何の意味があるというのか？どうせ皆は自分が信じたいことだけを信じるのだから。」
0x010000520001A775,318,575,Rizia/Turn 4/Drinking Game,Player_Romus,en,「皆さん、間違って推測したね！なぜ飲まないのか？」
0x010000520001A77C,318,576,Rizia/Turn 4/Drinking Game,Player_Romus,en,「人生とは、アザロ女公爵よ。人生そのものが嘘なのだ。」
0x010000520001A78A,318,580,Rizia/Turn 4/Drinking Game,Lucita Azaro,en,「農夫ですか？それは間違いなく、私の第一候補にはなり得ません。」
0x010000520001A791,318,581,Rizia/Turn 4/Drinking Game,Laurento Esquibel,en,「陛下、おやすみになってください。貴重な時間をいただき、ありがとうございました。」
0x010000520001A798,318,582,Rizia/Turn 4/Drinking Game,Laurento Esquibel,en,「この高名な政治家は今夜で会談を終えるとのことです、陛下。貴重な時間をいただき、ありがとうございました。」
0x010000520001A79F,318,583,Rizia/Turn 4/Drinking Game,Elena Werner,en,「はい、我々全員が大変多くのことを学びました。おそらく少し過剰なほどでしょう。」
0x010000520001A7A6,318,584,Rizia/Turn 4/Drinking Game,Narrator,en,ルシータは首を振った。
0x010000520001A7AE,318,585,Rizia/Turn 4/Drinking Game,Lucita Azaro,en,「互いのことをよく知れば知るほど、チームとしてより良く戦えます。これは古くからある軍の手口です。」
0x010000520001A7B5,318,586,Rizia/Turn 4/Drinking Game,Narrator,en,ルシータたちは他の者たちと共に、素早く自分たちのグラスの中身を飲み干した。
0x010000520001A7BC,318,587,Rizia/Turn 4/Drinking Game,Narrator,en,パベルは咳払いをした。
0x010000520001A7D7,318,592,Rizia/Turn 4/Drinking Game,Player_Romus,en,「実は、もう寝る準備ができている。」
0x010000520001A7DE,318,593,Rizia/Turn 4/Drinking Game,Narrator,en,ルシータは顔をしかめた。
0x010000520001A7E5,318,594,Rizia/Turn 4/Drinking Game,Lucita Azaro,en,「しかし陛下、まだご自身の番が回っていないのではありませんか。」
0x010000520001A7EC,318,595,Rizia/Turn 4/Drinking Game,Player_Romus,en,「わかった。あなたが喜ぶのなら、試してみよう。」
0x010000520001A7F4,318,596,Rizia/Turn 4/Drinking Game,Player_Romus,en,「私こそがあなた方の王だ。私について知るべきことはそれだけだ。」
0x010000520001A7FB,318,597,Rizia/Turn 4/Drinking Game,Player_Romus,en,「率直に申し上げると、それはあまり賢明ではないと思う。」
0x010000520001A802,318,598,Rizia/Turn 4/Drinking Game,Narrator,en,ラウレントは私の方へグラスを振った。
0x010000520001A80A,318,599,Rizia/Turn 4/Drinking Game,Laurento Esquibel,en,「陛下がお話しくださりました。皆さん、会議を終了しましょうか？」
0x010000520001A817,318,600,Rizia/Turn 4/Drinking Game,Player_Romus,en,「それも嘘だ。陛下は何度でも嘘をついてよいのだ。」
0x010000520001A81E,318,601,Rizia/Turn 4/Drinking Game,Player_Romus,en,「とても素晴らしかっただ。私がやったとは誰も気づかなかったのだ。」
0x010000520001A824,318,602,Rizia/Turn 4/Drinking Game,Narrator,en,パベルは咳払いをした。
0x010000520001A839,318,606,Rizia/Turn 4/Drinking Game,Narrator,en,ラウレントは落ち着かない様子で椅子を後ろに押しやった。
0x010000520001A845,318,610,Rizia/Turn 4/Drinking Game,Narrator,en,ラウレントの口はあんぐりと開いていた。
0x010000520001A84C,318,611,Rizia/Turn 4/Drinking Game,Laurento Esquibel,en,「信じられません。このような業務は陛下にとって苦痛以外の何物でもありませんね。」
0x010000520001A85A,318,612,Rizia/Turn 4/Drinking Game,Narrator,en,ルシータはグラスを持ち上げて、ともかく一口飲んだ。
0x010000520001A867,318,613,Rizia/Turn 4/Drinking Game,Laurento Esquibel,en,「申し訳ありません、この高名な政治家がもう夕刻だと言い出します。貴重な時間をいただき、ありがとうございます。」
0x010000520001A86F,318,614,Rizia/Turn 4/Drinking Game,Elena Werner,en,「はい、我々はもう互いのことを十分に知り合いました。おそらく少し過ぎるほどでしょう。」
0x010000520001A875,318,615,Rizia/Turn 4/Drinking Game,Narrator,en,ルシータは首を振った。
0x010000520001A87B,318,616,Rizia/Turn 4/Drinking Game,Lucita Azaro,en,「互いのことをよく知れば知るほど、お互いをよりしっかり守ることができます。これは古くからある軍の策略です。」
0x010000520001A884,318,617,Rizia/Turn 4/Drinking Game,Player_Romus,en,「我々が互いをより深く知れば知るほど、お互いをより良く守ることができる。」
0x010000520001A892,318,618,Rizia/Turn 4/Drinking Game,Lucita Azaro,en,「その通りでございます、陛下。」
0x010000520001A899,318,619,Rizia/Turn 4/Drinking Game,Narrator,en,彼女は罪悪感を抱きながら微笑んだ。
0x010000520001A8AA,318,620,Rizia/Turn 4/Drinking Game,Player_Romus,en,「あなたの私に対する態度は全く不適切だ。自分を恥じるべきだ。」
0x010000520001A8B4,318,621,Rizia/Turn 4/Drinking Game,Narrator,en,彼女の顔は赤くなった。我々には、彼女が怒りを抑えようと必死である様子が見て取れた。
0x010000520001A8BB,318,622,Rizia/Turn 4/Drinking Game,Narrator,en,彼女は目を伏せた。
0x010000520001A8C7,318,626,Rizia/Turn 4/Drinking Game,Pabel Adria,en,「おやすみなさい、ロムス陛下。」
0x010000520001A8DD,318,630,Rizia/Turn 4/Drinking Game,Pabel Adria,en,「陛下、今夜はご満足いただけましたでしょうか。」
0x010000520001A8EB,318,634,Rizia/Turn 4/Drinking Game,Player_Romus,en,「私、さほど恥をかくことはなかっただろう？」
0x010000520001A8F2,318,635,Rizia/Turn 4/Drinking Game,Narrator,en,ラウレントは椅子を後ろに押しやった。
0x010000520001A900,318,636,Rizia/Turn 4/Drinking Game,Narrator,en,目の端で、パベルが不安げな視線を私に向けているのが見えた。ルシータはそれに気づいていないようだった。
0x010000520001A909,318,640,Rizia/Turn 4/Drinking Game,Player_Romus,en,「私がやった。だが、どれも比べ物にならなかった。」
0x010000520001A925,318,641,Rizia/Turn 4/Drinking Game,Narrator,en,しばらくの間、気まずい沈黙が続いた。
0x010000520001A93C,318,645,Rizia/Turn 4/Drinking Game,Pabel Adria,en,「たとえそうだったとしても、誰かがその言葉を覚えているとは思えません。」
0x010000520001A943,318,646,Rizia/Turn 4/Drinking Game,Player_Romus,en,「ありがとう、パベル。おやすみなさい。」
0x010000520001A94A,318,647,Rizia/Turn 4/Drinking Game,Player_Romus,en,「あなたが台無しにする前は、楽しんでいたよ。」
0x010000520001A951,318,648,Rizia/Turn 4/Drinking Game,Pabel Adria,en,「陛下、あなたを守ろうとしたのです。お口からはワインのように酒が絶え間なく流れ出ていました。」
0x010000520001A95A,318,649,Rizia/Turn 4/Drinking Game,Player_Romus,en,「ああ、とても良かっただ。貴重な情報も得ることができた。」
0x010000520001A961,318,650,Rizia/Turn 4/Drinking Game,Pabel Adria,en,「私はこれまで、一度にそんな多くのことを顧問たちについて学んだことがありません。」
0x010000520001A968,318,651,Rizia/Turn 4/Drinking Game,Pabel Adria,en,「朝にまたお会いしましょう。」
0x010000520001A975,318,652,Rizia/Turn 4/Drinking Game,Player_Romus_Italic,en,私は身をかがめて彼女にキスをした。彼女は私のスーツの襟を掴み、激しくキスを返してきた。
0x010000520001A975,318,652,Rizia/Turn 4/Drinking Game,Player_Romus_Italic,Menu Text en,彼女にキスをする
0x010000520001A98A,318,653,Rizia/Turn 4/Drinking Game,Narrator,en,彼女は私の手を自分の腰のあたりへと導いた。
0x010000520001A991,318,654,Rizia/Turn 4/Drinking Game,Narrator,en,彼女は私の目をまっすぐ見つめた。
0x010000520001A998,318,655,Rizia/Turn 4/Drinking Game,Narrator,en,彼女は私の手を自分のドレスの裾へと導いた。
0x010000520001A99F,318,656,Rizia/Turn 4/Drinking Game,Lucita Azaro,en,「陛下、軍事保安評議官として、私はあなた様をしっかりと守ることができなければなりません。」
0x010000520001A9A6,318,657,Rizia/Turn 4/Drinking Game,Narrator,en,私は彼女の頭上に手を伸ばして、照明の電気を消した。
0x010000520001A9B0,318,658,Rizia/Turn 4/Drinking Game,Lucita Azaro,en,「申し訳ありません。私が誤解しておりました。」
0x010000520001A9C1,318,659,Rizia/Turn 4/Drinking Game,Player_Romus,en,「このような形で会うのは望まない。ちゃんとしたデートに連れて行かせてくれ。」
0x010000520001A9D6,318,660,Rizia/Turn 4/Drinking Game,Narrator,en,彼女は困惑した様子だった。
0x010000520001A9DC,318,661,Rizia/Turn 4/Drinking Game,Lucita Azaro,en,「そのようなことは一度もありませんでした。」
0x010000520001A9E3,318,662,Rizia/Turn 4/Drinking Game,Narrator,en,彼女の顔には苛立ちの色が広がった。彼女はうなずいた。
0x010000520001A9EA,318,663,Rizia/Turn 4/Drinking Game,Lucita Azaro,en,「私はここにいます。こちらの方がより効率的ではありませんか？」
0x010000520001A9F1,318,664,Rizia/Turn 4/Drinking Game,Lucita Azaro,en,「ですが、陛下のおっしゃる通りにいたします。」
0x010000520001A9F8,318,665,Rizia/Turn 4/Drinking Game,Narrator,en,彼女はほとんど走るようにして部屋から出て行った。
0x010000520001A9FF,318,666,Rizia/Turn 4/Drinking Game,Lucita Azaro,en,「それでは、また次回です。」
0x010000520001AA06,318,667,Rizia/Turn 4/Drinking Game,Narrator,en,彼女は慌てた様子でお辞儀をして部屋を出て行った。
0x010000520001AA0D,318,668,Rizia/Turn 4/Drinking Game,Narrator,en,私はドアを閉めて再びベッドに戻った。数ヶ月間で最もぐっすりと眠ることができた。
0x010000520001AA19,318,669,Rizia/Turn 4/Drinking Game,Lucita Azaro,en,「陛下、必ずやります。ご安眠を。」
0x010000520001AA20,318,670,Rizia/Turn 4/Drinking Game,Narrator,en,彼女は振り返って、再び廊下を歩いて戻って行った。
0x010000520001AA28,318,671,Rizia/Turn 4/Drinking Game,Pabel Adria,en,「私もその件については疑問を抱いております。」
0x010000520001AA3B,318,678,Rizia/Turn 4/Drinking Game,Elena Werner,en,「ですが、このパレス行政区の件についてはよく分かりません。」
0x010000520001AA48,318,679,Rizia/Turn 4/Drinking Game,Elena Werner,en,「しかし、農夫になりたいだなんて？それは陛下のやり方ではありません。」
0x010000520001AA5F,318,680,Rizia/Turn 4/Drinking Game,Narrator,en,皆が私を見つめた。
0x010000520001AA67,318,681,Rizia/Turn 4/Drinking Game,Pabel Adria,en,「陛下、お部屋までお送りしましょうか？」
0x010000520001AA6E,318,682,Rizia/Turn 4/Drinking Game,Player_Romus,en,「ああ、ありがとう。」
0x010000520001AA75,318,683,Rizia/Turn 4/Drinking Game,Player_Romus,en,「いや、私自身で行く。」
0x010000520001AA81,318,685,Rizia/Turn 4/Drinking Game,Narrator,en,私と顧問たちは別れの言葉を交わした。彼らはそれぞれ宿泊している部屋へと散っていった。
0x010000520001AA89,318,686,Rizia/Turn 4/Drinking Game,Narrator,en,私の顧問たちであるパベルと私はおやすみの挨拶を交わした。その後、最上階にある自分の部屋へ向かった。
0x010000520001AAB1,318,693,Rizia/Turn 4/Drinking Game,Player_Romus,en,「問題ない。些細な遊びに過ぎない。」
0x010000520001AAB8,318,694,Rizia/Turn 4/Drinking Game,Player_Romus,en,「『On Shores Of Gold』という歌をげっぷで表現できればと *願う*だけだ。」
0x010000520001AACB,318,701,Rizia/Turn 4/Drinking Game,Player_Romus,en,「いや、私は一度もダービーに勝ったことがない。」
0x010000520001AAD7,318,705,Rizia/Turn 4/Drinking Game,Pabel Adria,en,「もしよろしければ申し上げますが、私自身その光景を目にしました。私はアザロ女公爵の陣営に加わります。」
0x010000520001AAE0,318,706,Rizia/Turn 4/Drinking Game,Player_Romus,en,「私は農夫になりたいとは思っておらない。」
0x010000520001AAE9,318,707,Rizia/Turn 4/Drinking Game,Player_Romus,en,「どう答えればいいのだろうか。私は自分が食べるものがどこから来たものかを知っておきたいのだ。」
0x010000520001AAEF,318,708,Rizia/Turn 4/Drinking Game,Player_Romus,en,「すべてが真実だった！今、全員が飲まなければならない。」
0x010000520001AAFD,318,709,Rizia/Turn 4/Drinking Game,Elena Werner,en,「陛下、まさにその通りでございます。」
0x010000520001AB59,318,725,Rizia/Turn 4/Drinking Game,Lucita Azaro,en,「ああ、残念でございます、陛下。」
0x010000520001AB60,318,726,Rizia/Turn 4/Drinking Game,Lucita Azaro,en,「しかし、そんなわけでは――」
0x010000520001AB67,318,727,Rizia/Turn 4/Drinking Game,Narrator,en,ラウレントが彼女の脇腹を肘でついた。彼女はしぶしぶグラスを持ち上げた。
0x010000520001AB6E,318,728,Rizia/Turn 4/Drinking Game,Lucita Azaro,en,「その通りでございます、陛下。まさに至言です。」
0x010000520001AB85,318,736,Rizia/Turn 4/Drinking Game,Lucita Azaro,en,「その花瓶の話は嘘に違いありません。あまりにも恥ずかしいです。」
0x010000520001AB8C,318,737,Rizia/Turn 4/Drinking Game,Lucita Azaro,en,「その口ひげの話は嘘に違いありません。」
0x010000520001AB94,318,738,Rizia/Turn 4/Drinking Game,Lucita Azaro,en,「リジアの国歌をげっぷで表現するなどということは到底できません。」
0x010000520001AB9B,318,739,Rizia/Turn 4/Drinking Game,Laurento Esquibel,en,「承知いたしました。」
0x010000520001ABA2,318,740,Rizia/Turn 4/Drinking Game,Laurento Esquibel,en,「承知いたしました。」
0x010000520001ABA9,318,741,Rizia/Turn 4/Drinking Game,Laurento Esquibel,en,「承知いたしました。」
0x010000520001ABB3,318,742,Rizia/Turn 4/Drinking Game,Lucita Azaro,en,「承知いたしました。」
0x010000520001ABBA,318,743,Rizia/Turn 4/Drinking Game,Lucita Azaro,en,「承知いたしました。」
0x010000520001ABC1,318,744,Rizia/Turn 4/Drinking Game,Lucita Azaro,en,「承知いたしました。」
0x010000520001ABC8,318,745,Rizia/Turn 4/Drinking Game,Narrator,en,パベルは咳払いをした。
0x010000520001ABD7,318,749,Rizia/Turn 4/Drinking Game,Lucita Azaro,en,「やはりそうだろうと思っていました。」
0x010000520001ABDF,318,750,Rizia/Turn 4/Drinking Game,Lucita Azaro,en,「それでは……」
0x010000520001ABE9,318,751,Rizia/Turn 4/Drinking Game,Narrator,en,彼女は自分のグラスに手を伸ばした。その中は空だった。
0x010000520001ABF0,318,752,Rizia/Turn 4/Drinking Game,Lucita Azaro,en,「執事！」
0x010000520001ABF7,318,753,Rizia/Turn 4/Drinking Game,Narrator,en,パベルは丁寧に咳払いをした。
0x010000520001AC10,318,754,Rizia/Turn 4/Drinking Game,Laurento Esquibel,en,"「花々が遠慮なく美を誇示する様子を、私は羨ましく思います。」

彼らは自らの本性を隠さず、また日の光を恐れることもありません。

彼らの開かれた心から放たれる香りが、夢に満ちた空気を満たしている。

可能性の香り、まさにそう思えますね。"
0x010000520001AC17,318,755,Rizia/Turn 4/Drinking Game,Laurento Esquibel,en,"「しかし私はここに、花々の賑わいの中で静かな幽霊のように立っております。」

私はあり得るかもしれない未来に夢中でいるが、隠された恐れによって足を止められているのだ。"
0x010000520001AC1E,318,756,Rizia/Turn 4/Drinking Game,Player_Romus,en,「とても美しかっただね。私には全く分からなかった。」
0x010000520001AC25,318,757,Rizia/Turn 4/Drinking Game,Pabel Adria,en,「ありがとうございます、陛下。」
0x010000520001AC2C,318,758,Rizia/Turn 4/Drinking Game,Player_Romus,en,「それは真面目な詩ではない。レディースティーの場で朗読されるようなものだ。」
0x010000520001AC33,318,759,Rizia/Turn 4/Drinking Game,Pabel Adria,en,「それは愚かな習慣でした、陛下。今は陛下の宮廷をしっかりと運営することに全力を注いでおります。」
0x010000520001AC3A,318,760,Rizia/Turn 4/Drinking Game,Narrator,en,我々のテーブルの周りには静寂が訪れた。ルシータが明るい声で話し始めた。
0x010000520002356A,318,766,Rizia/Turn 4/Drinking Game,Pabel Adria,en,「私――あなたは誤解しているようです。どちらもこの件を忘れましょう。」
0x0100005200023572,318,767,Rizia/Turn 4/Drinking Game,Player_Romus,en,「私にそのような考えはないことは、我々二人とも分かっている。私は少年時代に犯した過ちの償いを何年も続けてきた。あなたも同様に考えるべきだ。」
0x0100005200023579,318,768,Rizia/Turn 4/Drinking Game,Player_Romus,en,「私も同様の思いを抱いたことは認める。しかし神を畏れる者であるため、一度たりとも行動に移したことはない。」
0x0100005200023580,318,769,Rizia/Turn 4/Drinking Game,Player_Romus,en,「私としてもそう願っている、パベル。これで終わりにしよう。」
0x0100005200023587,318,770,Rizia/Turn 4/Drinking Game,Pabel Adria,en,「私は――そう致します。」
0x010000520002358E,318,771,Rizia/Turn 4/Drinking Game,Pabel Adria,en,「陛下、誠に申し訳ございません。私がそんなことを持ち出すべきではありませんでした。」
0x0100005200023596,318,772,Rizia/Turn 4/Drinking Game,Pabel Adria,en,「ありがとうございます。これからは一切口にしません。」
0x010000520002359E,318,773,Rizia/Turn 4/Drinking Game,Player_Romus,en,「私は友としてあなたのことを気にかけている。しかし、あなたのような傾向は共有できない。」
0x01000052000235A7,318,774,Rizia/Turn 4/Drinking Game,Narrator,en,パベルは深く息を吸い込んだ。彼は髪を後ろに撫でつけた。
0x0100005200023870,318,775,Rizia/Turn 4/Drinking Game,Narrator,en,長く疲れる旅の末にようやく故郷に帰ってきたかのような強烈な感覚が私を襲った。私は一歩後ずさった。
0x0100005200024B98,318,776,Rizia/Turn 4/Drinking Game,Pabel Adria,en,「ここの執事の部屋同士は隣り合うドアで繋がっております。何か必要ならノックしてくださいませ、陛下。」
0x0100005200024B9E,318,777,Rizia/Turn 4/Drinking Game,Narrator,en,パベルは部屋の隅へと歩いて行った。彼はドアノブに手を置いたまま立ち止まった。
0x0100005200024BA6,318,778,Rizia/Turn 4/Drinking Game,Player_Romus,en,「あの頃に我々が共に過ごした日々を決して忘れない。だが、もう終わった。」
0x0100005200031E2C,318,780,Rizia/Turn 4/Drinking Game,Player_Romus,en,「前も後ろも、私が付け加えるかもしれない。」
0x0100005200031E33,318,781,Rizia/Turn 4/Drinking Game,Narrator,en,ルシータの顔に喜びが広がった。
0x010000520004100F,318,788,Rizia/Turn 4/Drinking Game,Narrator,en,パベルは深く息を吸い込んだ。彼は髪を後ろに撫でつけた。
0x01000052000480B0,318,789,Rizia/Turn 4/Drinking Game,Pabel Adria,en,「申し訳ありません、ワイングラスを落としてしまいました。すぐに片付けさせます。」
0x01000052000480B6,318,790,Rizia/Turn 4/Drinking Game,Narrator,en,彼は勝利を知らせるために振り返ってワイナリーのスタッフに合図した。我々のテーブルの周りには静寂が訪れた。
0x01000052000480D8,318,798,Rizia/Turn 4/Drinking Game,Narrator,en,私はよろめきながらようやく立ち上がった。パベルが急いで私のそばに駆け寄り、腕を取った。
0x01000052000480DF,318,799,Rizia/Turn 4/Drinking Game,Pabel Adria,en,「陛下、行きましょう。」
0x010000520004A7FF,318,800,Rizia/Turn 4/Drinking Game,Player_Romus,en,「何を恐れるというのか、パベル？」
0x010000520004A806,318,801,Rizia/Turn 4/Drinking Game,Pabel Adria,en,「私……覚えておりません。」
0x010000520004A814,318,805,Rizia/Turn 4/Drinking Game,Player_Romus,en,「待ってくれ。あなたの詩だが、その内容が何だったか分かった気がする。」
0x010000520004A81B,318,806,Rizia/Turn 4/Drinking Game,Narrator,en,彼は固まってしまった。
0x010000520004A822,318,807,Rizia/Turn 4/Drinking Game,Pabel Adria,en,「そうなのですか？」
0x010000520004A82A,318,808,Rizia/Turn 4/Drinking Game,Player_Romus,en,「あなたが隠しているどんな秘密でも、私のもとにあれば安全だ。」
0x010000520004A831,318,809,Rizia/Turn 4/Drinking Game,Narrator,en,彼の顔に安堵の色が浮かんだ。
0x010000520004A838,318,810,Rizia/Turn 4/Drinking Game,Pabel Adria,en,「ありがとうございます、陛下。」
0x010000520004A84A,318,811,Rizia/Turn 4/Drinking Game,Player_Romus,en,「私もよく同じように感じてきた。他の者たちが花開く間、影に隠れているという状況を。」
0x010000520004A851,318,812,Rizia/Turn 4/Drinking Game,Pabel Adria,en,「陛下、あなたこそが王です。太陽を恐れる必要はございません。」
0x0100008E00006E4A,318,818,Rizia/Turn 4/Drinking Game,Narrator,en,ルシータはグラスを手に取り、思い切り一口飲んだ。
0x0100006500007CE9,319,3,Rizia/Turn 4/FPnT_SordlandBondPurchase,Ewald Alphonso (R),en,「陛下、ホルソード塔へようこそです。」
0x0100006500007D13,319,4,Rizia/Turn 4/FPnT_SordlandBondPurchase,Narrator,en,我々の代表団は午後早くにホルソード国際空港に到着した。エヴァルト・アルフォンソ大統領と数名のソードランド人官僚たちがそこで我々を出迎えてくれた。
0x0100006500007D1A,319,5,Rizia/Turn 4/FPnT_SordlandBondPurchase,Narrator,en,我々がホルソード塔の麓に到着した頃には、太陽が空の低い位置へと沈み始めており、街全体が金色の光に包まれていた。
0x0100006500007D21,319,6,Rizia/Turn 4/FPnT_SordlandBondPurchase,Narrator,en,私の顧問であるラウレント・エスキベルと、ヴィナも一緒に私に付き添っていた。
0x0100006500007D27,319,7,Rizia/Turn 4/FPnT_SordlandBondPurchase,Narrator,en,我々の乗り物が停止すると、アルフォンソ大統領は歓迎の意を示しながら前に歩み出た。
0x0100006500007D56,319,8,Rizia/Turn 4/FPnT_SordlandBondPurchase,Player_Romus,en,「アルフォンソ大統領、このような歓迎をいただき感謝申し上げる、陛下。」
0x0100006500007D5B,319,9,Rizia/Turn 4/FPnT_SordlandBondPurchase,Player_Romus,en,「我が国とあなたの国には無駄にできる時間はほとんどない。早く始めよう。」
0x0100006500007D60,319,10,Rizia/Turn 4/FPnT_SordlandBondPurchase,Player_Romus,en,「アルフォンソ大統領、我々の壮大な計画にとって実に素晴らしい場所だね。」
0x0100006500007D75,319,11,Rizia/Turn 4/FPnT_SordlandBondPurchase,Player_Romus_Italic,en,我々二人は固く握手を交わした。
0x0100006500007D75,319,11,Rizia/Turn 4/FPnT_SordlandBondPurchase,Player_Romus_Italic,Menu Text en,握手をする
0x0100006500007D7D,319,12,Rizia/Turn 4/FPnT_SordlandBondPurchase,Player_Romus_Italic,en,私は敬意を表してうなずいた。
0x0100006500007D7D,319,12,Rizia/Turn 4/FPnT_SordlandBondPurchase,Player_Romus_Italic,Menu Text en,恭しくうなずく
0x0100006500007D9D,319,16,Rizia/Turn 4/FPnT_SordlandBondPurchase,Player_Romus,en,「我々のウイスキーとワインに関する取引やリゾート投資が成功したことで、しっかりとした道筋が築かれた。このままの勢いで前進し続けられることを楽しみにしている。」
0x0100006500007DA9,319,20,Rizia/Turn 4/FPnT_SordlandBondPurchase,Player_Romus,en,「我々の成功したウイスキーとワインの貿易協定は確かに好意的な雰囲気を作り出した。今日、我々はその流れを続けていく機会を得ている。」
0x0100006500007DB5,319,21,Rizia/Turn 4/FPnT_SordlandBondPurchase,Player_Romus,en,「前回会った際に合意に至れなかったことを遺憾に思う。しかし今日の会談は、今後の協力に向けた新たな道を開くものだ。」
0x0100006500007DBC,319,22,Rizia/Turn 4/FPnT_SordlandBondPurchase,Ewald Alphonso (R),en,「私も同じです、陛下。その取引が行われて以来、ソードランドのリジアに対する見方が大きく好転していることをお知らせできて嬉しいです。」
0x0100006500007DC8,319,23,Rizia/Turn 4/FPnT_SordlandBondPurchase,Ewald Alphonso (R),en,「それは良かったです。新しいソードランドはリジアと緊密に協力する可能性を高く評価しており、今回の訪問が転機となることを願っています。」
0x0100006500007DE2,319,30,Rizia/Turn 4/FPnT_SordlandBondPurchase,Narrator,en,私と共にいたのは、顧問であるラウレント・エスキベルとエレナ・ヴェルナーだった。
0x0100006500007DE8,319,31,Rizia/Turn 4/FPnT_SordlandBondPurchase,Narrator,en,私と共にいたのは、顧問であるラウレント・エスキベルとエレナ・ヴェルナー、そして私の娘だった。
0x0100006500007E09,319,38,Rizia/Turn 4/FPnT_SordlandBondPurchase,Narrator,en,私と共にいたのは、ラウレント・エスキベルを含む主要な顧問たちだった。
0x0100006500007E27,319,41,Rizia/Turn 4/FPnT_SordlandBondPurchase,Gus Manger (R),en,「殿下、私どもはいつでもご命令を承ります。何かご要望やお手伝いが必要でしたら、遠慮なくお申し付けください。」
0x0100006500007E37,319,48,Rizia/Turn 4/FPnT_SordlandBondPurchase,Ewald Alphonso (R),en,「今日をどれほど待ち望んでいたか、言葉では表せません。これは我々の偉大な国の間に築かれつつある多面的な経済提携を祝う素晴らしい機会です。」
0x0100006500007E3E,319,49,Rizia/Turn 4/FPnT_SordlandBondPurchase,Ewald Alphonso (R),en,「それはソードランド人の願望を象徴するものです。そして私自身が、我々二つの偉大な国の間に築き始めた経済的提携をさらに発展させようとする願望も含まれています。」
0x0100006500007E45,319,50,Rizia/Turn 4/FPnT_SordlandBondPurchase,Ewald Alphonso (R),en,「それはソードランド人の願望を象徴するものです。我が両大国間で互いに利益をもたらす取引を実現しようとする、私自身の願望も含まれています。」
0x0100006500007E52,319,51,Rizia/Turn 4/FPnT_SordlandBondPurchase,Narrator,en,ホルソード・タワーの壮大なロビーに足を踏み入れると、我々は豪華なエレベーターの方へ案内された。
0x0100006500007E67,319,52,Rizia/Turn 4/FPnT_SordlandBondPurchase,Ewald Alphonso (R),en,「ホルソードの近代化は我々が進歩を目指す姿勢を表しており、それはソードランドの主要産業を近代化しようとする我々の努力と同じです。」
0x0100006500007E6D,319,53,Rizia/Turn 4/FPnT_SordlandBondPurchase,Narrator,en,カーブがゆっくりと上昇していき、我々は一時的に地上の世界から離れているような感覚を味わった。ホルソード塔の壮大なロビーに足を踏み入れた際、我々は豪華なエレベーターへと案内されたが、そのガラス壁越しにホルソードの街並みが動くパノラマとして見えてきた。
0x0100006500007E73,319,54,Rizia/Turn 4/FPnT_SordlandBondPurchase,Player_Romus,en,「ここはもはやポルテ・ドラゾンでは断じてない。」
0x0100006500007E79,319,55,Rizia/Turn 4/FPnT_SordlandBondPurchase,Ewald Alphonso (R),en,「実に見事な光景ですね。この視点からホルソードを眺めるのは常に興味深いものです。我々の都市に対する陛下の最初の印象が良いものでありますように。」
0x0100006500007E85,319,56,Rizia/Turn 4/FPnT_SordlandBondPurchase,Player_Romus,en,「確かに感心させられる。しかし私は常々、都市の真の姿というものはスカイラインにあるのではなく、そこに住む人々の生活の中にあると考えてきた。」
0x0100006500007E8B,319,57,Rizia/Turn 4/FPnT_SordlandBondPurchase,Narrator,en,給仕がやってきて、我々のグラスに濁った色をした液体を注いでくれた。その液体はケビジだと私はすぐに分かった。そろそろ、この債券取引に関する議論の冒頭挨拶を行う時が来たのだ。
0x0100006500007E97,319,58,Rizia/Turn 4/FPnT_SordlandBondPurchase,Gus Manger (R),en,「その通りです。景気の良し悪しに関わらず、ある場所がどのような場所かを真に示してくれるのは、やはり日々そこで生活する人々なのです。」
0x0100006500007E9D,319,59,Rizia/Turn 4/FPnT_SordlandBondPurchase,Gus Manger (R),en,「陛下、前進したいのであれば過去に固執してはいけません。しかし、自分がどこから来たかを忘れるのも正解ではありません。」
0x0100006500007EA8,319,60,Rizia/Turn 4/FPnT_SordlandBondPurchase,Elena Werner,en,「都市の真の試金石とは、最も弱い立場にある人々をどう支えるかです。特に経済が不安定な時期には、そうではないでしょうか、陛下？」
0x0100006500007EAD,319,61,Rizia/Turn 4/FPnT_SordlandBondPurchase,Laurento Esquibel,en,「我々もよく理解しております。リジアは国としての独自性を保ちつつ、今まさに進化を遂げている最中なのです。」
0x0100008E000038A5,319,62,Rizia/Turn 4/FPnT_SordlandBondPurchase,Player_Romus,en,「後ほどマルーン宮殿を見る方がずっと興味がある。歴史や文化ほど、コンクリートでできた建造物には感銘を受けない。」
0x0100008E000038AB,319,63,Rizia/Turn 4/FPnT_SordlandBondPurchase,Ewald Alphonso (R),en,「陛下、あなたが歴史好きでいらっしゃると予想しておくべきでした。マルーン宮殿には、どんな近代の建築物にもない物語が数多く残っていますから。」
0x0100008E000038B1,319,64,Rizia/Turn 4/FPnT_SordlandBondPurchase,Ewald Alphonso (R),en,「率直で要点を押さえた話し方、それは私が高く評価する点です。確かに時間というのは、我々には十分にあるわけではない贅沢品です。」
0x0100008E000038B7,319,65,Rizia/Turn 4/FPnT_SordlandBondPurchase,Ewald Alphonso (R),en,「この話は夕食の際に続けましょう。回転レストランからの眺めは実に見事です。」
0x0100008E000038BD,319,66,Rizia/Turn 4/FPnT_SordlandBondPurchase,Ewald Alphonso (R),en,「陛下、その通りでございます。」
0x0100008E000038C4,319,67,Rizia/Turn 4/FPnT_SordlandBondPurchase,Ewald Alphonso (R),en,「しっかりとした出発ですね。」
0x0100008E000038CA,319,68,Rizia/Turn 4/FPnT_SordlandBondPurchase,Ewald Alphonso (R),en,「この塔が建築の限界を超えているように、我々の国もまた連携の限界を押し広げていくことができるのです。」
0x0100008E000038E6,319,69,Rizia/Turn 4/FPnT_SordlandBondPurchase,Narrator,en,彼もまた敬意を表してうなずき返した。
0x0100008E000038ED,319,70,Rizia/Turn 4/FPnT_SordlandBondPurchase,Player_Romus_Italic,en,私は敬意を表してうなずき返した。
0x0100008E000038ED,319,70,Rizia/Turn 4/FPnT_SordlandBondPurchase,Player_Romus_Italic,Menu Text en,丁重にうなずき返す
0x0100008E000038F5,319,71,Rizia/Turn 4/FPnT_SordlandBondPurchase,Narrator,en,彼は再び頷き返した。
0x0100008E000038FC,319,72,Rizia/Turn 4/FPnT_SordlandBondPurchase,Player_Romus,en,「では、始めましょうか？」
0x0100008E00003903,319,73,Rizia/Turn 4/FPnT_SordlandBondPurchase,Ewald Alphonso (R),en,「我々はそうするでしょう。」
0x0100008E0000390A,319,74,Rizia/Turn 4/FPnT_SordlandBondPurchase,Narrator,en,彼はうなずいた。
0x0100008E00003912,319,75,Rizia/Turn 4/FPnT_SordlandBondPurchase,Player_Romus_Italic,en,私は決意を固めて立ち、うなずいた。
0x0100008E00003912,319,75,Rizia/Turn 4/FPnT_SordlandBondPurchase,Player_Romus_Italic,Menu Text en,再び頷いて約束を示す
0x0100008E0000391A,319,76,Rizia/Turn 4/FPnT_SordlandBondPurchase,Narrator,en,両代表団の間に沈黙が訪れた。
0x0100008E00003926,319,77,Rizia/Turn 4/FPnT_SordlandBondPurchase,Player_Romus_Italic,en,我々は握手を交わし、私はうなずいた。
0x0100008E00003926,319,77,Rizia/Turn 4/FPnT_SordlandBondPurchase,Player_Romus_Italic,Menu Text en,握手をしてうなずく
0x0100008E00003936,319,78,Rizia/Turn 4/FPnT_SordlandBondPurchase,Player_Romus,en,「あなた、これはアントン・レインとの今後の選挙に向けて良い訓練になるかもしれない。少し仮眠でも取るか？」
0x0100008E0000393E,319,79,Rizia/Turn 4/FPnT_SordlandBondPurchase,Player_Romus_Italic,en,私は再びうなずいた。
0x0100008E0000393E,319,79,Rizia/Turn 4/FPnT_SordlandBondPurchase,Player_Romus_Italic,Menu Text en,再びうなずく
0x0100008E00003946,319,80,Rizia/Turn 4/FPnT_SordlandBondPurchase,Player_Romus,en,「陛下、これはソードランド人の伝統なのだろうか、アルフォンソ大統領？」
0x0100008E0000394D,319,81,Rizia/Turn 4/FPnT_SordlandBondPurchase,Ewald Alphonso (R),en,「なぜソードランド人の首がこれほど太いと思いますか？我々が日々行っている外交上のうなずきのせいでしょう。」
0x0100008E00003954,319,82,Rizia/Turn 4/FPnT_SordlandBondPurchase,Player_Romus,en,「私は、首のマッサージ用に別途予算を割り当てるべきだと思い始めている。」
0x0100008E00003962,319,83,Rizia/Turn 4/FPnT_SordlandBondPurchase,Player_Romus,en,「新しい流れを作るべきかもしれないね。代わりに外交的なウィンクを使うというものだ。それなら疲れも少なく、神秘性も倍増するよ！」
0x0100008E0000396F,319,84,Rizia/Turn 4/FPnT_SordlandBondPurchase,Ewald Alphonso (R),en,「ヴィナ王女様、お迎えできて光栄に存じます。マンガー氏と我々のチームが、ご滞在中のあらゆるご要望を叶えます。」
0x0100008E0000397B,319,88,Rizia/Turn 4/FPnT_SordlandBondPurchase,Vina Toras,en,「アルフォンソ大統領、ありがとうございます。私は最近のソードランドの歴史について多く学びましたが、その文化を直接体験できることを心から楽しみにしております。」
0x0100008E00003996,319,89,Rizia/Turn 4/FPnT_SordlandBondPurchase,Ewald Alphonso (R),en,「これは言葉にしない外交上の耐久力を競う試合なのでしょう。とりあえず引き分けとし、これからの交渉のために力を温存しましょう。」
0x0100008E0000399E,319,90,Rizia/Turn 4/FPnT_SordlandBondPurchase,Ewald Alphonso (R),en,「このままでは、外交官たちに礼儀作法だけでなく忍耐力の訓練も施さなければなりません。おそらくソードランドが『頷き外交』の分野で先導してくれるでしょう。」
0x0100008E000039B1,319,91,Rizia/Turn 4/FPnT_SordlandBondPurchase,Player_Romus,en,「いや、ありがとう。ヴィナ王女がしっかりとした方々の手に委ねられると知って安心した。」
0x0100008E000039C3,319,92,Rizia/Turn 4/FPnT_SordlandBondPurchase,Player_Romus,en,「私の娘が質問を続ける数時間もすれば、助けを懇願するのはあなたの方になるだろう。」
0x0100008E000039C9,319,93,Rizia/Turn 4/FPnT_SordlandBondPurchase,Player_Romus,en,「素晴らしい。もしこ今日の会合も先日と同じように進めば、ソードランドで最上級の飲み物を味わうことになるだろう。」
0x0100008E000039ED,319,94,Rizia/Turn 4/FPnT_SordlandBondPurchase,Gus Manger (R),en,「陛下がお望みであれば、そう致しましょう。ですが、我々のウイスキーについて陛下がどう思われているかは既に明らかですが――」
0x0100008E000039F3,319,95,Rizia/Turn 4/FPnT_SordlandBondPurchase,Gus Manger (R),en,「はっ。どうぞお尋ねください、殿下！私はその分野の専門家ですから。」
0x0100008E00003A05,319,96,Rizia/Turn 4/FPnT_SordlandBondPurchase,Gus Manger (R),en,「ご心配なく、陛下。貴殿の全ての代表団が最高水準で、何の手間もかからない完璧なソードランド体験をしていただけるように致します。」
0x0100008E00003A14,319,97,Rizia/Turn 4/FPnT_SordlandBondPurchase,Laurento Esquibel,en,「マンガー様、感謝いたします。公式な姿だけでなく、真の姿を持つソードランドを目の当たりにすることは、我々にとって非常に重要なのです。」
0x0100008E00003A21,319,98,Rizia/Turn 4/FPnT_SordlandBondPurchase,Laurento Esquibel,en,「ヴィナ、あまり彼らを疲れさせすぎないでくれ。会議のためには、引き続き集中してもらう必要があるのだ。」
0x0100008E00003A30,319,99,Rizia/Turn 4/FPnT_SordlandBondPurchase,Vina Toras,en,「はい、私のためにわざわざ見せかけをする必要はございません。」
0x0100008E00003A3C,319,100,Rizia/Turn 4/FPnT_SordlandBondPurchase,Vina Toras,en,「心配しないでください。ですが、私が知りたいことはまだたくさんあります。」
0x0100008E00003A42,319,101,Rizia/Turn 4/FPnT_SordlandBondPurchase,Ewald Alphonso (R),en,「もし飲み物をお望みでしたら、ケビジをご紹介いたします。少々……素朴なものですが、独自の特別な魅力があるのですよ、陛下。」
0x0100008E00003A4C,319,102,Rizia/Turn 4/FPnT_SordlandBondPurchase,Player_Romus,en,「ヴィナ、ソードランド風のザブラを食べてみればわかるわ。最高なのよ。」
0x0100008E00003A52,319,103,Rizia/Turn 4/FPnT_SordlandBondPurchase,Gus Manger (R),en,「陛下、我々の料理をよくご存知ですね！ええ、冷たいケビジ酒やエルローリー・マルーンと一緒に食べるザブラには敵いません。」
0x0100008E00003A58,319,104,Rizia/Turn 4/FPnT_SordlandBondPurchase,Gus Manger (R),en,「陛下、リジアが我々の高級ウイスキーをどう思っているかは既に明らかになりましたよね？」
0x0100008E00003A5E,319,105,Rizia/Turn 4/FPnT_SordlandBondPurchase,Narrator,en,アルフォンソは彼に警告の視線を送った。その男は口をつぐんだ。
0x0100008E00003A67,319,106,Rizia/Turn 4/FPnT_SordlandBondPurchase,Player_Romus,en,「王女としての地位にふさわしくない、過度に騒がしい行為やスキャンダラスな活動を避けていれば問題ない。」
0x0100008E00003A6D,319,107,Rizia/Turn 4/FPnT_SordlandBondPurchase,Gus Manger (R),en,「承知いたしました、陛下。すべての行事が高貴な基準に沿ったものとなるよう、洗練され、敬意を払われ、極めて上品なものにしてまいります。」
0x0100008E00003A73,319,108,Rizia/Turn 4/FPnT_SordlandBondPurchase,Laurento Esquibel,en,「我々リジア人も時折は自由に振る舞いますが、海外で過度な騒ぎを起こさないよう控えめにしていきたいと思っております。」
0x0100008E00003A79,319,109,Rizia/Turn 4/FPnT_SordlandBondPurchase,Vina Toras,en,「父上、少しの騒ぎ程度なら私が対処できます。それもまた一種の魅力だと思います。」
0x0100008E00003A98,319,112,Rizia/Turn 4/FPnT_SordlandBondPurchase,Player_Romus,en,「この調子では、国民の健康増進プログラムにうなずき運動を取り入れることも検討せざるを得ないね。」
0x0100008E00003A9F,319,113,Rizia/Turn 4/FPnT_SordlandBondPurchase,Ewald Alphonso (R),en,「外交的なウィンク、それは実に革新的ですね！ですが誤解が生じるのを考えれば、そのためだけに全く新しい規程が必要になるかもしれません。」
0x0100008E00003AA6,319,114,Rizia/Turn 4/FPnT_SordlandBondPurchase,Ewald Alphonso (R),en,「外交に基づいた国民健康運動とは、実に斬新な発想ですね。それによって国際関係も少しは……身体的に活気づくでしょう。」
0x0100008E00003AAD,319,115,Rizia/Turn 4/FPnT_SordlandBondPurchase,Laurento Esquibel,en,「ええと。お二人が意見を同じくしていて嬉しいのですが、もっと緊急度の高い問題に移りましょうか？」
0x0100008E00003AB8,319,116,Rizia/Turn 4/FPnT_SordlandBondPurchase,Ewald Alphonso (R),en,「ああ、そうしよう。」
0x0100008E00003AC0,319,117,Rizia/Turn 4/FPnT_SordlandBondPurchase,Narrator,en,彼も再びうなずき、より力強く私の手を握った。
0x0100008E00003ACE,319,118,Rizia/Turn 4/FPnT_SordlandBondPurchase,Player_Romus_Italic,en,私は先頭に立つようラウレントに合図を送った。
0x0100008E00003ACE,319,118,Rizia/Turn 4/FPnT_SordlandBondPurchase,Player_Romus_Italic,Menu Text en,この苦しみから逃れる
0x0100008E00003ADD,319,119,Rizia/Turn 4/FPnT_SordlandBondPurchase,Ewald Alphonso (R),en,「我々は国際的な挨拶の新たな基準を設けようとしているのでしょうか？」
0x0100008E00003AE4,319,120,Rizia/Turn 4/FPnT_SordlandBondPurchase,Player_Romus,en,「アルフォンソ大統領、次の基準が友好的な相撲試合を含むのであれば話は別だ。それこそが外交力の究極の試金石となるだろう！」
0x0100008E00003AEB,319,121,Rizia/Turn 4/FPnT_SordlandBondPurchase,Player_Romus,en,「おそらくだが、私はいつかハイタッチで挨拶する日を待っている。それこそが国際関係の未来だからだ！」
0x0100008E00003AF2,319,122,Rizia/Turn 4/FPnT_SordlandBondPurchase,Player_Romus,en,「私としては、じっと見つめ合う勝負の方がいいと思う。先に目をそらした方が次の交渉を担当するのだ！」
0x0100008E00003AF9,319,123,Rizia/Turn 4/FPnT_SordlandBondPurchase,Ewald Alphonso (R),en,「相撲試合ですか？それは次の国際連盟サミットでは見ものになりますね。ヘーゲル議長を打ち負かすため、すぐに訓練を始めましょう！」
0x0100008E00003B00,319,124,Rizia/Turn 4/FPnT_SordlandBondPurchase,Ewald Alphonso (R),en,「ハイタッチなら確かに、我々の会談に華やかさをもたらすでしょう。」
0x0100008E00003B07,319,125,Rizia/Turn 4/FPnT_SordlandBondPurchase,Ewald Alphonso (R),en,「陛下、ロムス王よ、これは外交史上最も長い握手の記録になることでしょう！」
0x0100008E00003B15,319,126,Rizia/Turn 4/FPnT_SordlandBondPurchase,Laurento Esquibel,en,「これらの新しい外交手法を見るのは楽しそうですが、今後の交渉のために力を温存した方がよさそうですね。」
0x0100008E00003B2B,319,127,Rizia/Turn 4/FPnT_SordlandBondPurchase,Narrator,en,エヴァルト・アルフォンソ大統領の視線は一瞬我々のグループを見回した後、ヴィナ王女に留まった。
0x0100008E00003B38,319,128,Rizia/Turn 4/FPnT_SordlandBondPurchase,Player_Romus,en,「ああ、その通りだ。歴史と近代性が見事に融合しており、まさに我々リジアが目指している姿そのものだ。」
0x0100008E00003B42,319,129,Rizia/Turn 4/FPnT_SordlandBondPurchase,Gus Manger (R),en,「ええ、確かにそうです。しかし忘れてはなりません。我々もかつては王国でしたのです。この近代性の裏側にも、依然として我々の歴史的ルーツがあるのです。」
0x0100008E00003B48,319,130,Rizia/Turn 4/FPnT_SordlandBondPurchase,Elena Werner,en,「陛下、この近代的な建物の裏側で人々の生活が、国の不況によってどのような影響を受けているのか気になりますね。」
0x0100006500007EB8,319,131,Rizia/Turn 4/FPnT_SordlandBondPurchase,Ewald Alphonso (R),en,「陛下、市場が再び安定すれば、ホルソードの市民たちが我々の民営化政策の恩恵を受けられるように必ず約束いたします。街も再び活気を取り戻すでしょう。」
0x0100006500007EBE,319,132,Rizia/Turn 4/FPnT_SordlandBondPurchase,Ewald Alphonso (R),en,「あのソル大佐とは違い、私や私の政権はソードランドの歴史を消し去るつもりは毛頭ありません。」
0x0100006500007EC5,319,133,Rizia/Turn 4/FPnT_SordlandBondPurchase,Narrator,en,旧市街の石畳の道からマルーン地区の超高層ビルまで、国会議事堂公園の緑地帯から新エルローリーの多様な景観まで、この都市は過去と現在が見事に融合した場所だった。
0x0100006500007ED3,319,135,Rizia/Turn 4/FPnT_SordlandBondPurchase,Player_Romus,en,「アルフォンソ大統領、旧市街についてもう少し詳しくお話しいただけるか？」
0x0100006500007ED9,319,136,Rizia/Turn 4/FPnT_SordlandBondPurchase,Player_Romus,en,「大統領、ホルソードについてもっと知りたく存じる。」
0x0100006500007EDF,319,137,Rizia/Turn 4/FPnT_SordlandBondPurchase,Player_Romus,en,「両国間の関係の将来について話し合う方が、我々の時間をより有効に使えると思う。」
0x0100006500007EF7,319,147,Rizia/Turn 4/FPnT_SordlandBondPurchase,Player_Romus,en,「マルーン地区が建設されるきっかけとなったのは何だ？旧市街とは大変対照的だね。」
0x0100006500007EFD,319,148,Rizia/Turn 4/FPnT_SordlandBondPurchase,Player_Romus,en,「国会議事堂公園やその周辺の政府建築物は実に見事だね。」
0x0100006500007F08,319,152,Rizia/Turn 4/FPnT_SordlandBondPurchase,Player_Romus,en,「あれは新エルローリーの方に見える市場か？」
0x0100006500007F1C,319,156,Rizia/Turn 4/FPnT_SordlandBondPurchase,Player_Romus,en,「ご説明いただき、ありがとう。それでは進めよう。」
0x0100006500007F23,319,157,Rizia/Turn 4/FPnT_SordlandBondPurchase,Ewald Alphonso (R),en,「ポルテ・ドラゾンにある陛下の旧市街とよく似ていますが、もっと新しいだけです。この都市は1400年代初頭にエスケル川の東岸に建設され、当初は商人たちの重要な休息・回復の場所でしたが、レナン時代に入って大きく発展しました。」
0x0100006500007F2A,319,158,Rizia/Turn 4/FPnT_SordlandBondPurchase,Ewald Alphonso (R),en,「その建築様式は、レナン時代からソードランド・アグノリア連合国家時代に至るまで、ソードランドの歴史をそのまま反映しているのです。」
0x0100006500007F31,319,159,Rizia/Turn 4/FPnT_SordlandBondPurchase,Gus Manger (R),en,「その通りです。旧市街には時を超えた特別な雰囲気がありますよね？観光客たちはそれに夢中になって離れません。」
0x0100006500007F38,319,160,Rizia/Turn 4/FPnT_SordlandBondPurchase,Gus Manger (R),en,「そこには立派な建物や企業、大使館……現代の大都市に必要なものがすべて揃っています。」
0x0100006500007F3E,319,161,Rizia/Turn 4/FPnT_SordlandBondPurchase,Ewald Alphonso (R),en,「当時、その近代主義と新古典主義の建築様式が融合した姿は、ソルが進歩的なソードランドを築こうと抱いていた理想を反映していました。」
0x0100006500007F44,319,162,Rizia/Turn 4/FPnT_SordlandBondPurchase,Ewald Alphonso (R),en,「それは故ウィスキ大統領が意図されたことです。陛下、この地区に関する彼の初期構想は内戦後にタルキン・ソル大統領に引き継がれ、第二共和政下でのホルソードの再生を象徴するために名称が変更されました。」
0x0100006500007F4A,319,163,Rizia/Turn 4/FPnT_SordlandBondPurchase,Gus Manger (R),en,「この公園はここの人々にとってお気に入りの場所でして、都会の喧騒から離れてゆっくり休むのに最適な場所です。」
0x0100006500007F50,319,164,Rizia/Turn 4/FPnT_SordlandBondPurchase,Ewald Alphonso (R),en,「そしてマルーン宮殿や大国民議会を含む政府の建物は、単なる建築上の傑作にとどまらず、我が国の統治の中心地でもあるのです。」
0x0100006500007F56,319,165,Rizia/Turn 4/FPnT_SordlandBondPurchase,Ewald Alphonso (R),en,「これらの建物は我が国の民主主義への歩みを象徴しており、特に選出された代表者たちがソードランドの未来のために活動する大国民議会はその典型です。」
0x0100006500007F5C,319,166,Rizia/Turn 4/FPnT_SordlandBondPurchase,Ewald Alphonso (R),en,「はい、毎週そこに開かれています。この地区の多様性が生み出す魅力の一つです。」
0x0100006500007F62,319,167,Rizia/Turn 4/FPnT_SordlandBondPurchase,Ewald Alphonso (R),en,「一世紀前にエルローリーからの移住者たちがそこに定住し始めて以来、様々な背景を持つ人々が集まってきました。私としては、それをホルソードで最も活気に満ちた地域だと呼びたいです。」
0x0100006500007F68,319,168,Rizia/Turn 4/FPnT_SordlandBondPurchase,Gus Manger (R),en,「夜の娯楽も群を抜いて素晴らしいです。夕食後に時間があれば、ラハベン・カバレーに陛下を連れて行くようお忘れなきようにします。」
0x0100006500007F7D,319,172,Rizia/Turn 4/FPnT_SordlandBondPurchase,Player_Romus,en,「ホルソードの進化について、私はどう考えているか？」
0x0100006500007F84,319,173,Rizia/Turn 4/FPnT_SordlandBondPurchase,Gus Manger (R),en,「私としては、それはソードランド自身の変遷を反映していると思います。ソードランドも再建し、発展しながら時代と共に変化してきたのです。」
0x0100006500007F8B,319,174,Rizia/Turn 4/FPnT_SordlandBondPurchase,Gus Manger (R),en,「ソードランドと同じように、どんな困難が襲ってきてもしっかりと立ち続けます。」
0x0100006500007F92,319,175,Rizia/Turn 4/FPnT_SordlandBondPurchase,Ewald Alphonso (R),en,「たとえ最近我々が直面した……様々な試練があってもです。」
0x0100006500007F99,319,176,Rizia/Turn 4/FPnT_SordlandBondPurchase,Ewald Alphonso (R),en,「陛下、ニュースをご覧になったでしょう。前回お会いして以来、ソードランドの経済が悪化していないとは私も偽りません。」
0x0100006500007FC3,319,180,Rizia/Turn 4/FPnT_SordlandBondPurchase,Ewald Alphonso (R),en,「申し上げますと、このような迅速な政策変更は陛下のご統治する君主制国家ではずっと実施しやすいものです。我々がこれまでどれほど多くの官僚主義や妨害に直面してきたか、陛下には想像もつかないでしょう。」
0x0100006500007FCA,319,181,Rizia/Turn 4/FPnT_SordlandBondPurchase,Laurento Esquibel,en,「陛下、リジア政府にも抑制と均衡の仕組みはございます。ですが確かに、我々の制度ではそのような官僚的な障害はほとんど存在しません。」
0x0100006500007FD7,319,182,Rizia/Turn 4/FPnT_SordlandBondPurchase,Vina Toras,en,「父上、よく理解いたしました。しかし恐れ多くもお尋ねしますが、このような急進的な変更によって、父上の国における貧富の格差がさらに深まらないとどうして確信できるのでしょうか？」
0x0100006500007FE0,319,183,Rizia/Turn 4/FPnT_SordlandBondPurchase,Elena Werner,en,「ですから、こうした改革が不利な立場にある人々に過度な影響を与えないようにすることが課題です。」
0x0100006500008010,319,190,Rizia/Turn 4/FPnT_SordlandBondPurchase,Player_Romus,en,「あなたは、我々がリジアの経済を資源依存から多様化させようと努力していることを聞いたことがあるかもしれない。ホルソードの近代性は、我々にとって大きな刺激となっている。」
0x010000650000803C,319,197,Rizia/Turn 4/FPnT_SordlandBondPurchase,Player_Romus,en,「ホルソードの建設に込められた戦略的な計画には、思わず感心せざるを得ない。」
0x0100006500008042,319,198,Rizia/Turn 4/FPnT_SordlandBondPurchase,Ewald Alphonso (R),en,「はい、その点、難しいのはこの発展が社会のあらゆる層に行き渡るようにすることです。特に今の厳しい経済状況では、非常に繊細な作業だと言えます。」
0x0100006500008049,319,199,Rizia/Turn 4/FPnT_SordlandBondPurchase,Laurento Esquibel,en,「進歩を求める気運は時として一般民衆のニーズを覆い隠してしまいます。リジアでは、誰も不快に思わせないよう最善を尽くしております。」
0x0100006500008069,319,203,Rizia/Turn 4/FPnT_SordlandBondPurchase,Laurento Esquibel,en,「はい、歴史的な伝統を守りつつ新たな経済路線を模索するのは実に大きな課題でした。」
0x0100006500008070,319,204,Rizia/Turn 4/FPnT_SordlandBondPurchase,Gus Manger (R),en,「私の故郷であるヴァルゲンも、同じことを成し遂げようと苦労しています。困難ではありますが、生き残るためにはそれしか方法がないのです。」
0x0100006500008077,319,205,Rizia/Turn 4/FPnT_SordlandBondPurchase,Ewald Alphonso (R),en,「過去5年間に我々が着手してきた改革こそ、長期的な未来のために我が国の経済が必要としていた薬であります。時間はかかるかもしれませんが、ソルの停滞状態から脱出できるでしょう。」
0x0100006500008085,319,209,Rizia/Turn 4/FPnT_SordlandBondPurchase,Vina Toras,en,「アルフォンソ大統領、それは我々が変革という考え自体を完全に拒絶しているという意味ではありません。現在の状況に合わせて君主制を改善するため、最善を尽くしております。」
0x0100006500008094,319,213,Rizia/Turn 4/FPnT_SordlandBondPurchase,Ewald Alphonso (R),en,「あらゆる進歩には何らかの犠牲が伴う。長期的に見れば、我が民の生活はより良くなるだろう。」
0x010000650000809F,319,214,Rizia/Turn 4/FPnT_SordlandBondPurchase,Ewald Alphonso (R),en,「しかし、51年の不況は我々が受け継いだ根深い制度的問題が直接引き起こしたものです。私が推進している積極的な経済改革のおかげで、これからは我が国の成長がさらに急加速するでしょう。」
0x01000065000080A5,319,215,Rizia/Turn 4/FPnT_SordlandBondPurchase,Ewald Alphonso (R),en,「それは物議を醸す措置かもしれませんが、重要な産業を民営化し、何よりも外国投資を呼び込むことで、ソードランドは60年代において世界的に競争力のある、繁栄し安定した未来へと進むことができるでしょう。」
0x01000065000080AD,319,216,Rizia/Turn 4/FPnT_SordlandBondPurchase,Gus Manger (R),en,「少し嫉妬してしまいます。頑固な議会のメンバーたちに経済成長を説明するのは本当に大変でした。」
0x01000065000080B4,319,217,Rizia/Turn 4/FPnT_SordlandBondPurchase,Gus Manger (R),en,「エヴァルト、考えてみなさい。もしソードランドが再び君主制に戻れば、これらの改革をあっという間に推進できるはずです。」
0x01000065000080BB,319,218,Rizia/Turn 4/FPnT_SordlandBondPurchase,Gus Manger (R),en,「田舎地域で働き、実情を目の当たりにしてきた者として申し上げますが、投資と成長は多くの場合、すべての人々に利益をもたらします。」
0x01000065000080C1,319,219,Rizia/Turn 4/FPnT_SordlandBondPurchase,Gus Manger (R),en,「もちろん、貧富の差という問題に取り組む必要があります。しかし、それは単なる救済給与だけではなく、実質的で持続可能な機会を創出することに他なりません。」
0x01000065000080C9,319,220,Rizia/Turn 4/FPnT_SordlandBondPurchase,Player_Romus,en,「あなたが自国のためにしてきたことには感謝している。だがリジアでは段階的な変化を重視する。伝統は常に尊重されなければならないのだ。」
0x01000065000080CF,319,221,Rizia/Turn 4/FPnT_SordlandBondPurchase,Player_Romus,en,「そのような急進的な改革はソードランドでは効果を発揮するかもしれない。しかしリジアでは、突然の変化が民衆を危険なほど不安定にさせる可能性がある。」
0x01000065000080D5,319,222,Rizia/Turn 4/FPnT_SordlandBondPurchase,Player_Romus,en,「あなたのやり方には理にかなった点がある。ここで実施されているような自由主義的な経済改革は、リジア自体にも利益をもたらすだろう。」
0x01000065000080DB,319,223,Rizia/Turn 4/FPnT_SordlandBondPurchase,Player_Romus,en,「私はあなたの考え方に全面的に賛同する。リジア自体も一連の民営化措置が進められているのだ。」
0x01000065000080E1,319,224,Rizia/Turn 4/FPnT_SordlandBondPurchase,Narrator,en,スタッフたちは我々を大きなテーブルの方へ案内した。我々が席に着くと、穏やかな会話の声が周囲を包み込んだ。
0x01000065000080E7,319,225,Rizia/Turn 4/FPnT_SordlandBondPurchase,Narrator,en,アルフォンソは気まずそうに笑った。
0x01000065000080F5,319,226,Rizia/Turn 4/FPnT_SordlandBondPurchase,Ewald Alphonso (R),en,「そう聞いております！陛下が財政的自由主義者であられることは、大変心強いことです。」
0x01000065000080FB,319,227,Rizia/Turn 4/FPnT_SordlandBondPurchase,Ewald Alphonso (R),en,「陛下、自由主義的な改革の可能性をご認識いただけるとは心強く存じます。私もまた、リジアが伝統を守り続けることの利点を認めております。」
0x0100006500008101,319,228,Rizia/Turn 4/FPnT_SordlandBondPurchase,Ewald Alphonso (R),en,「間違いなく、改革のペースは社会が変化を受け入れる準備度に合わせる必要があります。」
0x0100006500008107,319,229,Rizia/Turn 4/FPnT_SordlandBondPurchase,Ewald Alphonso (R),en,「急激な改革には確かにリスクが伴います。ですが、我々ソードランドでは何もしないことのリスクが変革のリスクを上回る状況に達していました。」
0x010000650000810D,319,230,Rizia/Turn 4/FPnT_SordlandBondPurchase,Player_Romus,en,「我々リジアでは君主制を大切にしている。だが、ソードランドのような国の改革経験から学ぶことも拒まない。」
0x0100006500008113,319,231,Rizia/Turn 4/FPnT_SordlandBondPurchase,Player_Romus,en,「リジアで改革を実施するのがいかに容易いか、あなたは過大評価している。国民はどんな突然の変化に対しても好意的に反応しない。」
0x0100006500008119,319,232,Rizia/Turn 4/FPnT_SordlandBondPurchase,Player_Romus,en,「我々のやり方は異なるかもしれない。しかし最終的には、両者とも国民の生活をより良くするという共通の目標を持っている。」
0x010000650000811F,319,233,Rizia/Turn 4/FPnT_SordlandBondPurchase,Player_Romus,en,「大統領、王冠を戴いた大統領の姿もまた見事だろうに。」
0x0100006500008125,319,234,Rizia/Turn 4/FPnT_SordlandBondPurchase,Ewald Alphonso (R),en,「えっと、ありがとうございます。」
0x0100006500008131,319,235,Rizia/Turn 4/FPnT_SordlandBondPurchase,Ewald Alphonso (R),en,「承知いたしました、陛下。どうやら我々の国は依然として互いに学ぶべきことが多いようですね。」
0x010000650000813D,319,236,Rizia/Turn 4/FPnT_SordlandBondPurchase,Ewald Alphonso (R),en,「さて、ここまで来ました。」
0x0100006500008143,319,237,Rizia/Turn 4/FPnT_SordlandBondPurchase,Ewald Alphonso (R),en,「陛下、この素晴らしい全景について何かご質問はございますか？私の都の様々な地区に関する知識を喜んでお伝えします。」
0x010000650000814D,319,238,Rizia/Turn 4/FPnT_SordlandBondPurchase,Narrator,en,エレベーターはホルソードタワーの最上階で静かに停止し、ドアが開くと回転レストランの入り口が現れた。アルフォンソは話し続けた。
0x0100006500008180,319,245,Rizia/Turn 4/FPnT_SordlandBondPurchase,Ewald Alphonso (R),en,「しかし結局のところ、ソードランドにおける最も重要な政府の決定を私一人で下す必要がないと知っているからこそ、心安らかに過ごせます。」
0x01000065000081A2,319,246,Rizia/Turn 4/FPnT_SordlandBondPurchase,Ewald Alphonso (R),en,「それは、我々の国が互いに多くを提供し合える証拠です。」
0x01000065000081A8,319,247,Rizia/Turn 4/FPnT_SordlandBondPurchase,Ewald Alphonso (R),en,「ソードランド人たちは、私が変革を約束したからこそ私を選んだのです。そして私はその変革を彼らにもたらすつもりです。」
0x01000065000081B8,319,248,Rizia/Turn 4/FPnT_SordlandBondPurchase,Narrator,en,そのレストランの大きな窓からは、ホルソードの広大な景色を遮るものなく眺めることができた。
0x01000065000081F4,319,257,Rizia/Turn 4/FPnT_SordlandBondPurchase,Player_Romus,en,「では、ガソムが現代のソードランドを形作る上で役割を果たしたとお考えか？」
0x01000065000081FB,319,258,Rizia/Turn 4/FPnT_SordlandBondPurchase,Player_Romus,en,「君主主義的な思潮だね。ソードランドの君主制が崩壊した後、エドゥアルド・ルデリン将軍や黒い大隊が果たした役割には興味があることを認める。」
0x0100006500008202,319,259,Rizia/Turn 4/FPnT_SordlandBondPurchase,Player_Romus,en,「復古時代について、もっと詳しくお話ししてくれ。」
0x010000650000820F,319,260,Rizia/Turn 4/FPnT_SordlandBondPurchase,Ewald Alphonso (R),en,「陛下、私が内戦後の復興時代にガソムでキャリアを始めたことはご存知でしょう。」
0x010000650000821E,319,262,Rizia/Turn 4/FPnT_SordlandBondPurchase,Ewald Alphonso (R),en,「ガソムは我が国の再興を象徴する存在となりました。内戦後の復古時代に、ソルや彼が築こうとした新しい共和制の野心、そして古い君主主義的思潮という入り組んだ状況を乗り越えてきたことを今も覚えています...」
0x0100006500008225,319,263,Rizia/Turn 4/FPnT_SordlandBondPurchase,Narrator,en,アルフォンソはウイスキーを一口飲んで、遠くを見つめた。
0x010000650000822C,319,264,Rizia/Turn 4/FPnT_SordlandBondPurchase,Player_Romus,en,「あなたにとって、ソルの国家自給計画は実業家として大きな困難をもたらしたことだろう。」
0x0100006500008238,319,265,Rizia/Turn 4/FPnT_SordlandBondPurchase,Ewald Alphonso (R),en,「謙遜しすぎるつもりはありませんが、その通りです。私の指導のもと、ガソムは国営企業から世界のエネルギー市場における重要なプレーヤーへと変貌を遂げました。」
0x010000650000823E,319,266,Rizia/Turn 4/FPnT_SordlandBondPurchase,Ewald Alphonso (R),en,「ああ、その通りです。かの運動はソードランドが民主主義へ移行する際の重要な抵抗勢力でした。それによって、一部のソード人たちの間に依然として根強く残る君主主義的忠誠心を我々は知ることができました。」
0x0100006500008244,319,267,Rizia/Turn 4/FPnT_SordlandBondPurchase,Ewald Alphonso (R),en,「簡単に言えば、それはソードランドの未来を再建し、新たに構想する時代でした。」
0x010000650000824A,319,268,Rizia/Turn 4/FPnT_SordlandBondPurchase,Ewald Alphonso (R),en,「全てが悪いわけではありません。先代陛下が国家自給計画を立てた当初の目的は、ソードランドを自立させ、外部の影響から独立させることだったのをご記憶でしょう。」
0x0100006500008261,319,269,Rizia/Turn 4/FPnT_SordlandBondPurchase,Ewald Alphonso (R),en,「これ以上代表団の皆さんを退屈させないでください。陛下がここにいる真の理由は、我々全員が知っています。」
0x0100006500008267,319,270,Rizia/Turn 4/FPnT_SordlandBondPurchase,Ewald Alphonso (R),en,「今日、この企業は外国からの投資を呼び込み、技術的進歩を遂げた我々の成功の象徴となっております。変化する世界経済の中でソードランドが持つ回復力と適応能力を示すものでもあります。」
0x010000650000826E,319,271,Rizia/Turn 4/FPnT_SordlandBondPurchase,Ewald Alphonso (R),en,「結局のところ、彼らの敗北は共和国の基盤を固めるのに役立ちましたが、国民統一や現代のソードランドにおける伝統主義勢力の役割については未解決の問題が残り続けました。」
0x0100006500008275,319,272,Rizia/Turn 4/FPnT_SordlandBondPurchase,Ewald Alphonso (R),en,「ソル政権は戦争による物的・社会的被害の修復に多大な努力を払い、共和主義的価値観に基づく新たな市民意識を築き上げました。」
0x010000650000827C,319,273,Rizia/Turn 4/FPnT_SordlandBondPurchase,Ewald Alphonso (R),en,「インフラ整備のような面では成果を上げましたが、それによって我々は経済的に孤立することにもなりました。」
0x010000650000828B,319,274,Rizia/Turn 4/FPnT_SordlandBondPurchase,Player_Romus,en,「大統領、ホルソードとのご自身の過去についてはどうだろうか？」
0x0100006500008292,319,275,Rizia/Turn 4/FPnT_SordlandBondPurchase,Player_Romus_Italic,en,私はグラスを持ち上げた。他の人々も同じようにした。
0x0100006500008292,319,275,Rizia/Turn 4/FPnT_SordlandBondPurchase,Player_Romus_Italic,Menu Text en,乾杯のためにグラスを掲げなさい。［飲む。］
0x010000650000829E,319,276,Rizia/Turn 4/FPnT_SordlandBondPurchase,Player_Romus,en,「これまで我々に示してくださったおもてなしとご厚情に心から感謝する。皆様の提案をぜひ聞かせてくれ。」
0x01000065000082B1,319,280,Rizia/Turn 4/FPnT_SordlandBondPurchase,Ewald Alphonso (R),en,「それでは、我々がリジアに提案するのは、優れた金利で満期4年のソードランド国債を購入できる機会です。」
0x01000065000082B7,319,281,Rizia/Turn 4/FPnT_SordlandBondPurchase,Narrator,en,最初の料理が運ばれると、議論は一時中断された。それはラハベン風のロルシャを分解したもので、熱い魚介スープが蛤やムール貝、角切りにされた生サーモンの上に注がれていた。
0x01000065000082BD,319,282,Rizia/Turn 4/FPnT_SordlandBondPurchase,Narrator,en,我々が数分間食事を続けていると、アルフォンソ大統領が咳払いをした。
0x01000065000082C5,319,283,Rizia/Turn 4/FPnT_SordlandBondPurchase,Player_Romus,en,「現在のソードランドでの不況を考えると、どうしてこれらの投資が成果をもたらすとお約束いただけるか？」
0x01000065000082CB,319,284,Rizia/Turn 4/FPnT_SordlandBondPurchase,Ewald Alphonso (R),en,「現在の不況にもかかわらず、キナルやアンラカからの大幅な投資と進歩的な政策改革のおかげで、我々は経済復興への道を歩んでおります。」
0x01000065000082D2,319,285,Rizia/Turn 4/FPnT_SordlandBondPurchase,Ewald Alphonso (R),en,「この債券発行は、リジアが財政的な利益を得るだけでなく、経済の多様化を図る好機となります。」
0x01000065000082DF,319,289,Rizia/Turn 4/FPnT_SordlandBondPurchase,Ewald Alphonso (R),en,「この債券発行は、リジアが財政的な利益を得るだけでなく、ソードランドへのエネルギー投資を通じて資源依存型経済を強化する好機となります。もしこの取引について合意に達すれば、割引もご提案いたします。」
0x01000065000082E6,319,290,Rizia/Turn 4/FPnT_SordlandBondPurchase,Ewald Alphonso (R),en,「その点は承知しております。しかし、大きなリスクには大きな報酬が伴います。」
0x01000065000082F1,319,291,Rizia/Turn 4/FPnT_SordlandBondPurchase,Laurento Esquibel,en,「経済の実績指標やさらなる回復計画を徹底的に見直す必要があります。成長予測だけでは不十分です。」
0x01000065000082FD,319,292,Rizia/Turn 4/FPnT_SordlandBondPurchase,Elena Werner,en,「それは危険でもあります。我々のリジア王室金鉱会社で度々見てきたように、民営化には欠点があるのです。」
0x0100006500008309,319,293,Rizia/Turn 4/FPnT_SordlandBondPurchase,Gus Manger (R),en,「良い質問です。しかし、我々の経済政策は政治的変動に耐えうるように策定されています。」
0x010000650000831A,319,294,Rizia/Turn 4/FPnT_SordlandBondPurchase,Ewald Alphonso (R),en,「先ほども申し上げましたが、キナルやアンラカからの投資額は非常に大きいのです。我々の改革と合わせることで、経済を大幅に活性化させることが見込まれます。」
0x0100006500008322,319,295,Rizia/Turn 4/FPnT_SordlandBondPurchase,Ewald Alphonso (R),en,「これは単なる推測ではありません。我々の計画は、健全な自由市場戦略の背後にある経済原理に基づいて算出されたものです。」
0x0100006500008329,319,296,Rizia/Turn 4/FPnT_SordlandBondPurchase,Player_Romus,en,「陛下、アルフォンソ大統領の再選は決して確実なものではない。どうやって、後継者が陛下が定めた経済路線を守り続けると保証できるのだろうか？」
0x0100006500008330,319,297,Rizia/Turn 4/FPnT_SordlandBondPurchase,Ewald Alphonso (R),en,「ソードランドの風景は絶えず変化しており、次の選挙ではアントン・レインが勝利する可能性も高いです。それでもなお、この同盟案は長期的な安定と発展を見据えて構築されているのです。」
0x010000650000833E,319,298,Rizia/Turn 4/FPnT_SordlandBondPurchase,Player_Romus,en,「この契約を結ぶことでリジアに将来の利益がもたらされるとおっしゃったが、具体的にどのようなものがあるのか詳しくご説明いただけるか？」
0x0100006500008345,319,299,Rizia/Turn 4/FPnT_SordlandBondPurchase,Player_Romus,en,「これがソードランドの国内市場にどう影響を与えるか、私は心配しているのだが。」
0x010000650000834C,319,300,Rizia/Turn 4/FPnT_SordlandBondPurchase,Player_Romus,en,「我々の経済がどのように恩恵を受けるのか、もっと具体的にお示しいただけるか？」
0x0100006500008353,319,301,Rizia/Turn 4/FPnT_SordlandBondPurchase,Player_Romus,en,「有望に思えるが、あなたの選挙を心配している。これが一時的な提携に過ぎないとどうやって確信できるのか？」
0x0100006500008366,319,302,Rizia/Turn 4/FPnT_SordlandBondPurchase,Player_Romus,en,「あなたの自由主義的な経済政策や、ガソムの株式を売却するという計画は……すべて非常に野心的だ。」
0x0100006500008393,319,312,Rizia/Turn 4/FPnT_SordlandBondPurchase,Gus Manger (R),en,「陛下、次に我が国の政府債券の財務的詳細についてお話ししたいと思います。特にリジア・ギルダーでの利回りに焦点を当ててです。」
0x0100006500008399,319,313,Rizia/Turn 4/FPnT_SordlandBondPurchase,Gus Manger (R),en,「陛下、現在の国庫状況を考えますと、我々の規模が大きくより優れた提案を採用されることをお勧めいたします。今すぐ120億リジア・ギルダーを投資していただければ、その利益は飛躍的に高まるでしょう。」
0x010000650000839F,319,314,Rizia/Turn 4/FPnT_SordlandBondPurchase,Gus Manger (R),en,「今、30億リジア・ギルダーというより慎重な規模で投資を行った場合でも、経済が順調に回復すれば得られる見込みの利益は依然として非常に大きいものです。」
0x01000065000083A5,319,315,Rizia/Turn 4/FPnT_SordlandBondPurchase,Gus Manger (R),en,「もし我々の予測が正しければ、リジアの投資額は約90億ギルダーまで増加するでしょう。あなたがより多く投資した場合ほどではありませんが、決して無視できる額でもありません。」
0x0100008E00003B55,319,316,Rizia/Turn 4/FPnT_SordlandBondPurchase,Ewald Alphonso (R),en,「ソードランドが市場自由化へと経済の方向性を大きく転換することを先取りして言わせていただけば、ということです。」
0x0100008E00003B5D,319,317,Rizia/Turn 4/FPnT_SordlandBondPurchase,Ewald Alphonso (R),en,「その伝統主義勢力の一部は国民戦線党となり、他の者たちはUSP自体の保守派を形成しました。」
0x0100008E00003B64,319,318,Rizia/Turn 4/FPnT_SordlandBondPurchase,Ewald Alphonso (R),en,「ホルソードでは、それは都市のインフラを再建するだけでなく、その文化自体も改革することを意味していました。しかし40年代になると、多くの取り組みが不要となってしまったのです。」
0x0100008E00003B6C,319,319,Rizia/Turn 4/FPnT_SordlandBondPurchase,Ewald Alphonso (R),en,「結局のところ、その結果は革新性や世界的な競争力に欠け、発展が制約された経済となりました。だからこそ我々は1940年代に停滞してしまったのです。」
0x0100008E00003BBE,319,320,Rizia/Turn 4/FPnT_SordlandBondPurchase,Player_Romus,en,「最近の国際的な困難を踏まえ、我がリジアは新たなパートナーシップを築くことに強い意欲を持っている。」
0x0100008E00003BC5,319,321,Rizia/Turn 4/FPnT_SordlandBondPurchase,Ewald Alphonso (R),en,「メルコパの地政学は極めて危険なものです。ご安心ください、ソードランドにおいては将来のための安全で信頼できる支援源を見出すことができます。」
0x0100008E00003C22,319,322,Rizia/Turn 4/FPnT_SordlandBondPurchase,Gus Manger (R),en,「陛下、最近陛下の国庫の収入が減少していることは承知しております。我々はこの取引のための投資先を探しており、陛下にもそのような事業を行える余裕があることを願っております。」
0x0100008E00003C2D,319,323,Rizia/Turn 4/FPnT_SordlandBondPurchase,Gus Manger (R),en,「陛下、最近陛下の国庫に多額の資金が流入していることは確かに存じております。」
0x0100008E00003C33,319,324,Rizia/Turn 4/FPnT_SordlandBondPurchase,Gus Manger (R),en,「もし陛下がソードランドへ投資してくださるのであれば、非常に高い利益をお約束できます。」
0x0100008E00003C39,319,325,Rizia/Turn 4/FPnT_SordlandBondPurchase,Gus Manger (R),en,「余計なお金というのは無駄な金に他なりません。金色の王国であっても、誰もそれを望みはしません。」
0x0100008E00003C3F,319,326,Rizia/Turn 4/FPnT_SordlandBondPurchase,Gus Manger (R),en,「また、現在のリジアのエネルギー生産量は歴史的に見ても低い水準にあるようです。」
0x0100008E00003C45,319,327,Rizia/Turn 4/FPnT_SordlandBondPurchase,Gus Manger (R),en,「リジアで安定したエネルギー生産が行われているのは素晴らしいことです。我々との関係が発展すれば、将来的に陛下の王国からエネルギーを購入する手配も可能でしょう。」
0x0100008E00003C4B,319,328,Rizia/Turn 4/FPnT_SordlandBondPurchase,Gus Manger (R),en,「今のところそれについてはあまり対処できませんが、今日がその方向で有益な合意へと進むための足掛かりとなるかもしれません。」
0x0100008E00003C51,319,329,Rizia/Turn 4/FPnT_SordlandBondPurchase,Gus Manger (R),en,「ソードランドの産業界では、我々自身のガソムですら満たすことのできないほどの需要が生じています。」
0x0100008E00003C57,319,330,Rizia/Turn 4/FPnT_SordlandBondPurchase,Gus Manger (R),en,「債券の期間中に360億ギルダー以上の予算増額を行うことになります。そうすれば投資した資金は3倍にもなるでしょう。」
0x0100008E00003C5D,319,331,Rizia/Turn 4/FPnT_SordlandBondPurchase,Narrator,en,レストランがゆっくりと回転を続けている間に、第二の料理が運ばれてきた。それはサクサクした生地の二枚で包まれた軽やかな羊乳チーズのムースで、上にはさまざまな色合いの新鮮なハーブや食用花が飾られていた。
0x0100008E00003C63,319,332,Rizia/Turn 4/FPnT_SordlandBondPurchase,Narrator,en,グスはソードランド産のワインが入ったグラスから素早く一口飲んだ。
0x0100008E00003C69,319,333,Rizia/Turn 4/FPnT_SordlandBondPurchase,Laurento Esquibel,en,「債券へのより大規模な投資は、我々がこれまで貿易やリゾート事業を通じて築き上げてきた信頼関係をさらに強化し、陛下のためにより大きな利益をもたらす良い方法のように思われます。」
0x0100008E00003C6F,319,334,Rizia/Turn 4/FPnT_SordlandBondPurchase,Gus Manger (R),en,「今問われているのは、将来リジアは自らをどのような存在と見なすかということです。南メルコパの地域的強国としてでしょうか、それともより世界的な存在感を目指しているのでしょうか？」
0x0100008E00003C7F,319,341,Rizia/Turn 4/FPnT_SordlandBondPurchase,Vina Toras,en,「どうであれ、我々リジア人は自分たちを影響力のある勢力だと考えております。我々の文化、資源、戦略的立地……そのすべてがメルコパやその周辺地域において重要なのです。」
0x0100008E00003C85,319,342,Rizia/Turn 4/FPnT_SordlandBondPurchase,Elena Werner,en,「私の考えですが、経済的な観点からすれば、我々の目標は均衡の取れた成長であるべきです。」
0x0100008E00003C90,319,346,Rizia/Turn 4/FPnT_SordlandBondPurchase,Elena Werner,en,「まさにその通りでございます、殿下。しかし世界の舞台に飛び込むには、堅固な経済基盤が不可欠です。」
0x0100008E00003C9C,319,347,Rizia/Turn 4/FPnT_SordlandBondPurchase,Laurento Esquibel,en,「私が考えていることはこれです。長年にわたる外交活動の中で、リジアの影響力が拡大していくのを目の当たりにしてきました。我々には単なる地域勢力以上の存在となるだけの能力と資源が備わっています。」
0x0100008E00003CA2,319,348,Rizia/Turn 4/FPnT_SordlandBondPurchase,Laurento Esquibel,en,「よくおっしゃいました、殿下。しかし熟練した外交官として、慎重さを強調せざるを得ません。」
0x0100008E00003CAD,319,349,Rizia/Turn 4/FPnT_SordlandBondPurchase,Ewald Alphonso (R),en,「ヴェルナー様、ご警戒は賢明ですが、私は資本主義の活力を信じております。資本主義というものは大胆な行動と冷静に計算されたリスクによって発展していくものです。」
0x0100008E00003CB3,319,350,Rizia/Turn 4/FPnT_SordlandBondPurchase,Ewald Alphonso (R),en,「我々の同盟案は、リジアが世界政治の片隅にいるのではなく、主導的な存在となるその未来へ向けた第一歩です。」
0x0100008E00003CBF,319,351,Rizia/Turn 4/FPnT_SordlandBondPurchase,Ewald Alphonso (R),en,「その考え方は、実用的でありながら先見の明を持つ資本主義という私のビジョンと一致しています。」
0x0100008E00003CCB,319,352,Rizia/Turn 4/FPnT_SordlandBondPurchase,Laurento Esquibel,en,「よく言いました、エレナ。理想的には、地域内での影響力を強化しつつ、徐々に新たなパートナーを探していくべきです。」
0x0100008E00003CD1,319,353,Rizia/Turn 4/FPnT_SordlandBondPurchase,Ewald Alphonso (R),en,「エスキベルさんのお考えはもっともです。しかし進歩的資本主義とは、機会をつかみ、経済革新の最前線に立つことそのものなのです。」
0x0100008E00003CE6,319,354,Rizia/Turn 4/FPnT_SordlandBondPurchase,Player_Romus,en,「それはかなり野心的な見通しだね、マンガーさん。」
0x0100008E00003CEC,319,355,Rizia/Turn 4/FPnT_SordlandBondPurchase,Player_Romus,en,「これらの数字は確かに印象的だが、多くの‘もしも’や‘可能性’に左右される。このような大規模な投資を正当化するには、楽観的な予測だけでは不十分だ。」
0x0100008E00003CF2,319,356,Rizia/Turn 4/FPnT_SordlandBondPurchase,Player_Romus,en,「これはリジアの予算にとって大きな転機となるかもしれない。」
0x0100008E00003CF8,319,357,Rizia/Turn 4/FPnT_SordlandBondPurchase,Player_Romus,en,「魅力的な案ではあるが、私としては慎重に対応したいと思う。」
0x0100008E00003CFE,319,358,Rizia/Turn 4/FPnT_SordlandBondPurchase,Ewald Alphonso (R),en,「経済理論における『リスクの分散』という概念を考えてみてください。」
0x0100008E00003D04,319,359,Rizia/Turn 4/FPnT_SordlandBondPurchase,Ewald Alphonso (R),en,「陛下、よくご考慮ください。もし祖母であるリザ女王が同様の慎重さを持っていたなら、我々の両国は今日このような状況にはなっておりませんでした。」
0x0100008E00003D0A,319,360,Rizia/Turn 4/FPnT_SordlandBondPurchase,Ewald Alphonso (R),en,「ええ、その通りです。自由市場資本主義の原理を採用することで、より高い繁栄の段階を切り開くことができます。」
0x0100008E00003D10,319,361,Rizia/Turn 4/FPnT_SordlandBondPurchase,Ewald Alphonso (R),en,「陛下、我々の共通の歴史や、リザ女王の治世下で貿易がいかに繁栄したかを思い起こしてください。それは、計算されたリスクが持続的な経済発展をもたらすことの証です。」
0x0100008E00003D16,319,362,Rizia/Turn 4/FPnT_SordlandBondPurchase,Ewald Alphonso (R),en,「陛下、この新たな機会についてはどうお考えですか？」
0x0100008E00003D1C,319,363,Rizia/Turn 4/FPnT_SordlandBondPurchase,Player_Romus,en,「ヴィナ、私はどうすべきだと思うか？」
0x0100008E00003D22,319,364,Rizia/Turn 4/FPnT_SordlandBondPurchase,Player_Romus,en,「ラウレント、この同盟契約についてどのように思うか？」
0x0100008E00003D28,319,365,Rizia/Turn 4/FPnT_SordlandBondPurchase,Player_Romus,en,「エレナ、この提携契約についてあなたの最終的な見解は何だ？」
0x0100008E00003D2E,319,366,Rizia/Turn 4/FPnT_SordlandBondPurchase,Player_Romus,en,「私は決断を下した。」
0x0100008E00003D34,319,367,Rizia/Turn 4/FPnT_SordlandBondPurchase,Player_Romus_Italic,en,私は決定を下すためにコイン投げをすることにした。
0x0100008E00003D34,319,367,Rizia/Turn 4/FPnT_SordlandBondPurchase,Player_Romus_Italic,Menu Text en,投資の決定にコイン投げを行う
0x0100008E00003D3B,319,368,Rizia/Turn 4/FPnT_SordlandBondPurchase,Player_Romus,en,「投資用のコインだ。」
0x0100008E00003D41,319,369,Rizia/Turn 4/FPnT_SordlandBondPurchase,Narrator,en,グスは目に笑みを浮かべながら、光の中できらめく硬貨が上へと回転していく様子を見ていた。
0x0100008E00003D52,319,376,Rizia/Turn 4/FPnT_SordlandBondPurchase,Player_Romus,en,「投資のために表が出る。」
0x0100008E00003D5A,319,377,Rizia/Turn 4/FPnT_SordlandBondPurchase,Player_Romus,en,「気にしないでくれ。ともかく投資を進めよう。」
0x0100008E00003D6C,319,378,Rizia/Turn 4/FPnT_SordlandBondPurchase,Player_Romus,en,「我々の限られた予算は一時的なものに過ぎない。必ずや間もなくより多くの資金を確保できるようにする。」
0x0100008E00003D82,319,385,Rizia/Turn 4/FPnT_SordlandBondPurchase,Player_Romus,en,「今はエネルギーが限られているように見えるかもしれないが、近い将来その状況が変わることだろう。」
0x0100008E00003D89,319,386,Rizia/Turn 4/FPnT_SordlandBondPurchase,Player_Romus,en,「私は我が国の財政的な不足をよく理解している。私と私の顧問団は、それらを解決するために最善を尽くしているのだ。」
0x0100008E00003D90,319,387,Rizia/Turn 4/FPnT_SordlandBondPurchase,Player_Romus,en,「私はエネルギー状況の改善に力を入れている。間もなく大幅な純余剰が生まれるだろう。」
0x0100008E00003D97,319,388,Rizia/Turn 4/FPnT_SordlandBondPurchase,Player_Romus,en,「マンガーさん、ご調査ありがとう。だが全容を知っているのは私と評議会の者たちだけだ。」
0x0100008E00003DB2,319,389,Rizia/Turn 4/FPnT_SordlandBondPurchase,Player_Romus,en,「グロヴリウス・アクサ・リジア！」
0x0100008E00003DB9,319,390,Rizia/Turn 4/FPnT_SordlandBondPurchase,Player_Romus,en,「A モルグナ wes core！Glovurius axa リジアだ。」
0x0100008E00003DC0,319,391,Rizia/Turn 4/FPnT_SordlandBondPurchase,Player_Romus,en,「両国のために、そして我々の未来のために！」
0x0100008E00003DC7,319,392,Rizia/Turn 4/FPnT_SordlandBondPurchase,Player_Romus,en,「私はこの杯を、私の娘であるヴィナ・トラス王女を称えて挙げたいと思う。」
0x0100008E00003DD4,319,396,Rizia/Turn 4/FPnT_SordlandBondPurchase,Ewald Alphonso (R),en,「トラス家は、王女様と陛下がご臨席くださることで我々を光栄に思っております。」
0x0100008E00003DE6,319,397,Rizia/Turn 4/FPnT_SordlandBondPurchase,Gus Manger (R),en,「それを祝して乾杯しましょう！」
0x0100008E00003DEC,319,398,Rizia/Turn 4/FPnT_SordlandBondPurchase,Vina Toras,en,「父上、光栄に思います。これまで我々を温かくもてなしてくださった皆様に感謝申し上げます。」
0x0100008E00003DF2,319,399,Rizia/Turn 4/FPnT_SordlandBondPurchase,Narrator,en,両代表団の注目はすべてヴィナに向けられた。
0x0100008E00003DFC,319,400,Rizia/Turn 4/FPnT_SordlandBondPurchase,Narrator,en,リジア人の代表団は歓声を上げて拍手した。ソードランド人の代表団は飲み物を持ち上げて一口飲んだ。
0x0100008E00003E03,319,401,Rizia/Turn 4/FPnT_SordlandBondPurchase,Narrator,en,我々のテーブルにいた全員が歓声を上げて拍手した。
0x0100008E00003E0A,319,402,Rizia/Turn 4/FPnT_SordlandBondPurchase,Narrator,en,両代表団の拍手音が部屋中に響き渡った。
0x0100008E00003E8E,319,403,Rizia/Turn 4/FPnT_SordlandBondPurchase,Laurento Esquibel,en,「その協定のおかげで、リジアとソードランド間の貿易は予想以上に急速に拡大しています。また、リジアの人々はエルローリー・マルーンを非常に好むようになりました。」
0x0100008E00003E94,319,404,Rizia/Turn 4/FPnT_SordlandBondPurchase,Laurento Esquibel,en,「陛下、それは大変嬉しいお知らせです。その取引はリジアにおいても大きな影響を与えました。」
0x0100008E00003EA9,319,408,Rizia/Turn 4/FPnT_SordlandBondPurchase,Laurento Esquibel,en,「そのリゾート開発の契約は、モンキズ港の近代化と同時期に行われましたが、その相乗効果はまさに魔法のようでした。」
0x0100008E00003EB0,319,409,Rizia/Turn 4/FPnT_SordlandBondPurchase,Laurento Esquibel,en,「会計担当者の報告によると、我が国の酒類産業の取引規模は倍増し、消費量も大幅に上昇しているそうです。」
0x0100008E00003EBC,319,413,Rizia/Turn 4/FPnT_SordlandBondPurchase,Laurento Esquibel,en,「この地域への観光客数の増加は我々の最も高い期待にはまだ達していませんが、それでも著しい成長が見られています。」
0x0100008E00003EE6,319,420,Rizia/Turn 4/FPnT_SordlandBondPurchase,Elena Werner,en,「もちろん、この港の主な目的は我々の貿易手続きを効率化することでした。今私が話している間も、その目的はすでに達成されつつあります。」
0x0100008E00003EED,319,421,Rizia/Turn 4/FPnT_SordlandBondPurchase,Gus Manger (R),en,「リジア王国の現在の経済状況について知りたく存じます。我々が最近行った調査や問い合わせに対して、まだ十分な回答が得られておりません。」
0x0100008E00003F02,319,428,Rizia/Turn 4/FPnT_SordlandBondPurchase,Vina Toras,en,「もちろんです、父上。コロンティのリゾートはヴァレンキリスの地元民の間で大いに話題となっております。」
0x0100008E00003F24,319,429,Rizia/Turn 4/FPnT_SordlandBondPurchase,Elena Werner,en,「ですが、それに加えて得られる観光収入もまた、喜ばしい副次的な利益となっております。」
0x0100008E00003F54,319,436,Rizia/Turn 4/FPnT_SordlandBondPurchase,Elena Werner,en,「税収はかなり多いのですが、リジアのウイスキー需要によってワインの輸出が制限されていない場合ほどではありません。」
0x0100008E00003F5B,319,437,Rizia/Turn 4/FPnT_SordlandBondPurchase,Laurento Esquibel,en,「この好調な状況は、新たな市場を開拓し、輸出商品の多様化を図るための足がかりとなるでしょう。」
0x0100008E00003F64,319,438,Rizia/Turn 4/FPnT_SordlandBondPurchase,Vina Toras,en,「リジア全土の人々が飲酒量の増加に賛成しているわけではないと申し上げます。」
0x0100008E00003F6A,319,439,Rizia/Turn 4/FPnT_SordlandBondPurchase,Vina Toras,en,「特にゴルコンド主義者たちは懸念を抱いております。」
0x0100008E00003F70,319,440,Rizia/Turn 4/FPnT_SordlandBondPurchase,Ewald Alphonso (R),en,「その通りです。これこそが我々の長期的な経済ビジョンの柱であり、両国が世界市場における共通の発展と存在感から利益を得られるようにすることです。」
0x0100008E00003F76,319,441,Rizia/Turn 4/FPnT_SordlandBondPurchase,Gus Manger (R),en,「我々の飲料産業にも可能性があることは確かです。しかし、この成功を踏まえてより広範な経済的機会を創出することが不可欠です。」
0x0100008E00003F82,319,442,Rizia/Turn 4/FPnT_SordlandBondPurchase,Gus Manger (R),en,「ゴルコンド主義者たち、ですか？まあ、彼らを満足させることは不可能でしょう。」
0x0100008E00003F88,319,443,Rizia/Turn 4/FPnT_SordlandBondPurchase,Ewald Alphonso (R),en,「我々ソードランド人がリジアの貴族たちに常に歓迎されているわけではないようですね。我々の観光客がその社会秩序にあまり大きな衝撃を与えていないことを願っています。」
0x0100008E00003F8E,319,444,Rizia/Turn 4/FPnT_SordlandBondPurchase,Player_Romus,en,「私の親族たちが今感じている不快感など、ヴァレンキリスを世界に開放することで得られる長期的な利益に比べれば取るに足りないものだ。」
0x0100008E00003F94,319,445,Rizia/Turn 4/FPnT_SordlandBondPurchase,Player_Romus,en,「実を申すと、このリゾートが地元コミュニティに与える影響について少々心配していた。」
0x0100008E00003FA6,319,446,Rizia/Turn 4/FPnT_SordlandBondPurchase,Elena Werner,en,「我々の協力がもたらす可能性に乾杯しましょう。」
0x0100008E00003FBA,319,447,Rizia/Turn 4/FPnT_SordlandBondPurchase,Gus Manger (R),en,「陛下、私がこれまで見てきた限りでは、多くの潜在的な提携が失敗に終わってきました。どうか今回の提携だけは必ず実現してほしいと強く願っております。」
0x0100008E00003FC5,319,451,Rizia/Turn 4/FPnT_SordlandBondPurchase,Vina Toras,en,「このような熱意を見るのは励みになります。この協力の精神がこれからの議論を進める上で我々を導いてくれることを願っています。」
0x0100008E00003FDA,319,452,Rizia/Turn 4/FPnT_SordlandBondPurchase,Laurento Esquibel,en,「陛下、王女殿下は単に王族としてこちらにいるだけではありません。陛下の王室評議会のメンバーでもあられます。」
0x0100008E00003FE2,319,453,Rizia/Turn 4/FPnT_SordlandBondPurchase,Gus Manger (R),en,「私は世界中で商売をしてきましたが、ここ以上に良い機会は他にないと断言できます。」
0x0100008E0000404B,319,473,Rizia/Turn 4/FPnT_SordlandBondPurchase,Player_Romus,en,「詳細な内容については、これから詰めていくことができる。」
0x0100008E0000405E,319,475,Rizia/Turn 4/FPnT_SordlandBondPurchase,Ewald Alphonso (R),en,「陛下、既にご存知の通り、これらの改革の重要な側面の一つは、エネルギーを含む重要分野のさらなる民営化です。ガソムがこの変革の最前線に立っており、我々の経済復興において中心的な役割を果たすことになるでしょう。」
0x0100008E00004074,319,479,Rizia/Turn 4/FPnT_SordlandBondPurchase,Elena Werner,en,「エスキベルさん、経済活動のさらなる増加であっても、全くないよりはましなのです。」
0x0100008E0000407E,319,480,Rizia/Turn 4/FPnT_SordlandBondPurchase,Player_Romus,en,「まさか、アルフォンソさん。あなたの民もリジアで遠慮なく過ごせるはずだ。」
0x0100008E0000408C,319,481,Rizia/Turn 4/FPnT_SordlandBondPurchase,Player_Romus,en,「気になさらないでくれ。ヴァレンキリスの住民は外国人訪問者に対して警戒心が強く、すぐに心を開かないものだが、時間が経てば変わってくる。」
0x0100008E000040AC,319,482,Rizia/Turn 4/FPnT_SordlandBondPurchase,Player_Romus,en,「それは新たな経済時代を築くことであり、その中でリジアとソードランドの両国が世界の舞台において極めて重要な役割を果たすのだ。」
0x0100008E000040B2,319,483,Rizia/Turn 4/FPnT_SordlandBondPurchase,Player_Romus,en,「同感だ。しかし国際的な影響力を追求するにあたり、我々自身の国家利益を見失わないよう慎重でなければならない。」
0x0100008E000040B8,319,484,Rizia/Turn 4/FPnT_SordlandBondPurchase,Player_Romus,en,「我々は世界的な野心よりも経済的な節度を優先すべきだ。」
0x0100008E00004110,319,485,Rizia/Turn 4/FPnT_SordlandBondPurchase,Gus Manger (R),en,「その申し出、受け入れてもよさそうですね。私自身もまだそのリゾートに行ったことがありませんから。」
0x0100008E0000411F,319,486,Rizia/Turn 4/FPnT_SordlandBondPurchase,Gus Manger (R),en,「陛下、進歩を遂げる上では犠牲は避けられません。我々は経済成長と発展といった全体的な視点に集中すべきであり、それこそが最優先事項です。」
0x0100008E0000413B,319,487,Rizia/Turn 4/FPnT_SordlandBondPurchase,Gus Manger (R),en,「陛下、おっしゃることは私の言葉そのものです。国家目標や世界的な地位といった点こそが、真に重要な鍵となります。」
0x0100008E00004159,319,488,Rizia/Turn 4/FPnT_SordlandBondPurchase,Ewald Alphonso (R),en,「新たな出発へ。」
0x0100008E0000415F,319,489,Rizia/Turn 4/FPnT_SordlandBondPurchase,Gus Manger (R),en,「これから結ばれるかもしれない画期的な契約の始まりに乾杯いたします。」
0x0100008E00004171,319,490,Rizia/Turn 4/FPnT_SordlandBondPurchase,Laurento Esquibel,en,「ええと……始めましょう。」
0x0100008E0000417B,319,491,Rizia/Turn 4/FPnT_SordlandBondPurchase,Player_Romus,en,「この会談は、大胆な外交的行動を起こす好機だ。」
0x0100008E00004181,319,492,Rizia/Turn 4/FPnT_SordlandBondPurchase,Player_Romus,en,「王国のための具体的な提案と明確な利益があってこそ、私が約束を守る土台となるのだ。」
0x0100008E00004187,319,493,Rizia/Turn 4/FPnT_SordlandBondPurchase,Player_Romus,en,「契約は何よりもまず、リジアの長期的な利益と安定と一していることを確実にしなければならない。」
0x0100008E0000418D,319,494,Rizia/Turn 4/FPnT_SordlandBondPurchase,Player_Romus,en,「新たな提携は歓迎するが、我々の議論は現実に根差したものであるべきだと強く願っている。」
0x0100008E000041A1,319,498,Rizia/Turn 4/FPnT_SordlandBondPurchase,Vina Toras,en,「この提携契約を検討するにあたり、我が国の財政に与える影響をしっかりと評価することが重要です。」
0x01000065000083B1,319,514,Rizia/Turn 4/FPnT_SordlandBondPurchase,Elena Werner,en,「我々のエネルギー政策に対して厳格な見直しを行えば、独立性と効率的な資源管理のバランスを取るのに役立つでしょう。」
0x01000065000083B7,319,515,Rizia/Turn 4/FPnT_SordlandBondPurchase,Elena Werner,en,「リジアの保守的な財政政策は過去に経済の安定をもたらし、特に国際貿易関係の管理においてその効果が顕著でした。」
0x01000065000083C3,319,516,Rizia/Turn 4/FPnT_SordlandBondPurchase,Vina Toras,en,「父上、この債券契約による資金が我が国の経済と国民の双方に利益をもたらす形で配分されるよう、どのようにして確保すればよいのでしょうか？」
0x01000065000083C9,319,517,Rizia/Turn 4/FPnT_SordlandBondPurchase,Vina Toras,en,「父上、国際市場の変動からリジアを守るためにどのような保障策を講じていらっしゃるのかお伺いしてもよろしいでしょうか？」
0x01000065000083CF,319,518,Rizia/Turn 4/FPnT_SordlandBondPurchase,Vina Toras,en,「債券取引に関してですが、即時的な経済的利益と長期的な財政上の責任との間をどうバランスさせればよいのでしょうか？」
0x01000065000083D9,319,519,Rizia/Turn 4/FPnT_SordlandBondPurchase,Laurento Esquibel,en,「ヴィナ王女が重要な点を指摘されました。この取引が我々の長期的な財政状況にどのような影響を与えるか、徹底的に評価する必要があります。」
0x01000065000083EB,319,520,Rizia/Turn 4/FPnT_SordlandBondPurchase,Laurento Esquibel,en,「即時的な利益と長期的な財政の安定性との間にバランスを取ることが不可欠です。この債券取引にあたっては、総合的な財政戦略をもって臨まなければなりません。」
0x01000065000083F1,319,521,Rizia/Turn 4/FPnT_SordlandBondPurchase,Ewald Alphonso (R),en,「ソードランドでは、我々の債券発行は財政的責任を守りつつ経済成長を支えるように構成されています。」
0x01000065000083F7,319,522,Rizia/Turn 4/FPnT_SordlandBondPurchase,Ewald Alphonso (R),en,「素晴らしいご質問です、殿下。この債券契約から得られる資金は重要な経済分野に投じられ、我が国と他国の双方に利益をもたらすものと考えております。」
0x01000065000083FD,319,523,Rizia/Turn 4/FPnT_SordlandBondPurchase,Ewald Alphonso (R),en,「素晴らしいご質問です、殿下。ソードランドの債券案にはこうした変動を緩和する措置が盛り込まれており、殿下の投資が安定した利益をもたらすようになっています。」
0x0100006500008403,319,524,Rizia/Turn 4/FPnT_SordlandBondPurchase,Ewald Alphonso (R),en,「この債券取引は、持続可能な形でソードランドの経済を強化し、関係する全ての当事者に利益をもたらすように考案されています。」
0x0100006500008422,319,525,Rizia/Turn 4/FPnT_SordlandBondPurchase,Laurento Esquibel,en,「我々の経済成長への取り組みは常に実用性と安定性を重視しており、リジア王室金鉱の丁寧な管理からもそれが明らかです。」
0x0100006500008429,319,526,Rizia/Turn 4/FPnT_SordlandBondPurchase,Gus Manger (R),en,「陛下の実用的なご姿勢は実に素晴らしいです。ソードランドでも我々は経済的実用主義を目指しておりますが、成長を促進するためにより積極的な市場改革を推進しているのです。」
0x0100006500008437,319,527,Rizia/Turn 4/FPnT_SordlandBondPurchase,Laurento Esquibel,en,「最近の天然ガス採掘分野における我々の進展は、君主制が経済的繁栄にどれほど力を入れているかを示しています。」
0x010000650000843D,319,528,Rizia/Turn 4/FPnT_SordlandBondPurchase,Gus Manger (R),en,「ソードランドも野心に満ちていますが、我々は技術やインフラといった分野への多角化により力を入れております。」
0x0100006500008443,319,529,Rizia/Turn 4/FPnT_SordlandBondPurchase,Ewald Alphonso (R),en,「野心こそが進歩の原動力であり、我々はその野心を大胆な経済改革に注ぎ込んでいる。時が来れば、ソードランドは地域の強国へと変貌するだろう。」
0x010000650000844C,319,530,Rizia/Turn 4/FPnT_SordlandBondPurchase,Laurento Esquibel,en,「我々は慎重な姿勢を取り、我が国の行動が王国の長期的な利益と一致するようにしております。」
0x0100006500008452,319,531,Rizia/Turn 4/FPnT_SordlandBondPurchase,Gus Manger (R),en,「懐疑心は有益なものですが、時には行動とのバランスを取る必要があります。ソードランドでは、経済的に優位に立ち続けるために、慎重さと断固とした行動を組み合わせる方法を学んでいるのです。」
0x0100006500008458,319,532,Rizia/Turn 4/FPnT_SordlandBondPurchase,Ewald Alphonso (R),en,「最初は疑念があったにもかかわらず、大胆な改革こそが大きな前進への道を開くものだと私は考えております。」
0x0100006500008461,319,533,Rizia/Turn 4/FPnT_SordlandBondPurchase,Laurento Esquibel,en,「我が王国において、保守主義は単なる政策ではなく伝統です。我々の保守的な姿勢が強固な社会福祉制度や安定した経済といった成果をもたらし、国の発展の基盤となってきました。」
0x0100006500008467,319,534,Rizia/Turn 4/FPnT_SordlandBondPurchase,Gus Manger (R),en,「変化を受け入れることが、現代の経済情勢に対処する上での鍵となります。」
0x010000650000846D,319,535,Rizia/Turn 4/FPnT_SordlandBondPurchase,Ewald Alphonso (R),en,「今日のグローバル経済に適応し繁栄するためには、ある程度の進歩的な思考が不可欠です。」
0x0100006500008493,319,536,Rizia/Turn 4/FPnT_SordlandBondPurchase,Ewald Alphonso (R),en,「その通りです。それでは再び、我々の債券購入案に戻りましょう。」
0x01000065000084A1,319,537,Rizia/Turn 4/FPnT_SordlandBondPurchase,Ewald Alphonso (R),en,「私も同感です。慎重さは重要です。我々は債券購入案にその点をしっかり考慮しました。」
0x01000065000084AE,319,538,Rizia/Turn 4/FPnT_SordlandBondPurchase,Ewald Alphonso (R),en,「陛下、本日我々が提案する取引は、極めて慎重なものであることに間違いありません。」
0x01000065000084D2,319,539,Rizia/Turn 4/FPnT_SordlandBondPurchase,Laurento Esquibel,en,「ガソムの株式売却や緩和的な政策は状況を一変させる可能性があります。こうした変化が我々の債券の利回りにどのような影響を与えるかを見極める必要があります。」
0x01000065000084D9,319,540,Rizia/Turn 4/FPnT_SordlandBondPurchase,Laurento Esquibel,en,「ガソムが世界市場から資金を調達しようとする試みは大きな影響を及ぼす可能性が高いです。もちろん、リスクが全くないわけではありません。」
0x01000065000084E1,319,541,Rizia/Turn 4/FPnT_SordlandBondPurchase,Elena Werner,en,「興味深い提案ですね。これがリジアのエネルギー安全保障戦略とどのように整合するか、慎重に分析しなければなりません。」
0x0100006500008525,319,549,Rizia/Turn 4/FPnT_SordlandBondPurchase,Gus Manger (R),en,「我々の新しい計画は、市場の信頼と安定を高めることを目的としています。これにより、陛下の事業の安全性と収益性が向上するでしょう。」
0x010000650000852B,319,550,Rizia/Turn 4/FPnT_SordlandBondPurchase,Gus Manger (R),en,「これらは単なる希望や夢ではありません。厳密な経済データに基づいてよく練り上げられた計画です。我々はソードランドを堅固な回復へと導いているのです。」
0x0100006500008536,319,551,Rizia/Turn 4/FPnT_SordlandBondPurchase,Ewald Alphonso (R),en,「喜んでお答えします。私がガソムの会長を務めていることもあり、エネルギー分野における投資機会を探求することが可能です。」
0x010000650000853D,319,552,Rizia/Turn 4/FPnT_SordlandBondPurchase,Ewald Alphonso (R),en,「例えば……エネルギー資源や株式への優先的なアクセス、そして私が積極的に推進しているガソムの再活性化に参加する機会です。」
0x0100006500008544,319,553,Rizia/Turn 4/FPnT_SordlandBondPurchase,Gus Manger (R),en,「もしこの債券取引とガソムの計画が成功すれば、リジアにとって実際に大きな利点がもたらされるでしょう。」
0x0100006500008553,319,554,Rizia/Turn 4/FPnT_SordlandBondPurchase,Gus Manger (R),en,「我々はソードランドの産業が抱える懸念を和らげるよう努力し、この協定が不必要な負担をもたらさないようにいたします。」
0x010000650000855A,319,555,Rizia/Turn 4/FPnT_SordlandBondPurchase,Gus Manger (R),en,「もちろんです。債券が回収された後に提携が進展すれば、輸入税を10パーセント削減する可能性があります。一例を挙げるだけでもそうなのです。」
0x0100006500008561,319,556,Rizia/Turn 4/FPnT_SordlandBondPurchase,Gus Manger (R),en,「我々は即席の解決策ではなく、ソードランドとリジアの間の持続的な関係を求めているのです。誰が指導者であろうとも変わりません。」
0x010000650000856B,319,557,Rizia/Turn 4/FPnT_SordlandBondPurchase,Ewald Alphonso (R),en,「ガソムの競争力と効率性を高めることで、我々は自国の経済を活性化させるだけでなく、陛下の投資における安全性や潜在的なリターンも向上させることができます。」
0x0100006500008596,319,558,Rizia/Turn 4/FPnT_SordlandBondPurchase,Ewald Alphonso (R),en,「ガソムの自由化により市場の効率性と株主価値が向上し、財政収入も増加するはずです。理論的には、それによって債券利回りが上昇し、対GDP比率もより良好なものになるはずです。」
0x010000650000859D,319,559,Rizia/Turn 4/FPnT_SordlandBondPurchase,Gus Manger (R),en,「まさに双方にとって有益な状況ですね。」
0x01000065000085A5,319,560,Rizia/Turn 4/FPnT_SordlandBondPurchase,Gus Manger (R),en,「陛下、詳しく説明いたします。本日は二つの債券案を持参しております。一つは大型のもので、もう一つは小型のものです。」
0x01000065000085EE,319,561,Rizia/Turn 4/FPnT_SordlandBondPurchase,Player_Romus,en,「もっと少ない投資の方がより慎重な方法かもしれない。そうすれば過度に力を入れることなく、状況を試すことができる。」
0x01000065000085F4,319,562,Rizia/Turn 4/FPnT_SordlandBondPurchase,Player_Romus,en,「もし今回の事業が成功すれば、より深い経済協力への道も開かれるかもしれない。」
0x01000065000085FA,319,563,Rizia/Turn 4/FPnT_SordlandBondPurchase,Player_Romus,en,「たとえ少額の投資であってもリスクは存在する。特に現在のソードランドの経済不安定を考えるとなおさらだ。」
0x0100006500008600,319,564,Rizia/Turn 4/FPnT_SordlandBondPurchase,Player_Romus,en,「30億ギルダーの投資でその額が3倍になる見込みがあるというのは、非常に有望だね。」
0x010000650000860C,319,565,Rizia/Turn 4/FPnT_SordlandBondPurchase,Gus Manger (R),en,「規模の小さい投資によって、リジアはリスクを抑えた状態でソードランドの経済回復の恩恵を受けることができます。慎重かつ先見の明のある投資家にとって、これは賢明な方法です。」
0x0100006500008612,319,566,Rizia/Turn 4/FPnT_SordlandBondPurchase,Gus Manger (R),en,「その通りです。ソードランドの経済に足場を築けば、もはや限界などありません。」
0x0100006500008618,319,567,Rizia/Turn 4/FPnT_SordlandBondPurchase,Gus Manger (R),en,「承知いたしました。ですが、これまで我々は経済状況について常に透明性を持って対応してきました。必ずや今後はより良くなるとお約束いたします。」
0x010000650000861E,319,568,Rizia/Turn 4/FPnT_SordlandBondPurchase,Gus Manger (R),en,「このプロジェクトは、リジアがバランスの取れたリスク水準を維持しつつ、我々の発展に参加する絶好の機会となります。」
0x010000650000863E,319,578,Rizia/Turn 4/FPnT_SordlandBondPurchase,Ewald Alphonso (R),en,「我々の債券へのより大規模な投資によって、貿易やリゾート事業で既に築き上げてきた信頼がさらに強化されます。それにより、陛下にとっての潜在的な利益も大幅に増すでしょう。」
0x0100006500008645,319,579,Rizia/Turn 4/FPnT_SordlandBondPurchase,Ewald Alphonso (R),en,「たとえより保守的な投資であっても、既存の取引から生まれるシナジーが、今後の協力に向けた堅固な基盤を提供しております。」
0x010000650000864C,319,580,Rizia/Turn 4/FPnT_SordlandBondPurchase,Ewald Alphonso (R),en,「我々の通商協定によって既に基盤が築かれています。国債へのより大規模な投資を選べば、リスク管理も容易な形でソードランドの有望な将来からより大きな利益を得ることができます。これは慎重かつ先見の明のある投資家にとって賢明な方法です。」
0x0100006500008652,319,581,Rizia/Turn 4/FPnT_SordlandBondPurchase,Ewald Alphonso (R),en,「ソードランドの債券に少しでも投資するだけで、既存の貿易協定の成果をさらに発展させるための賢明な措置となります。」
0x010000650000865A,319,582,Rizia/Turn 4/FPnT_SordlandBondPurchase,Ewald Alphonso (R),en,「我々の間にこれまで貿易関係がなかったことは承知しております。しかし、より大規模な投資を行うことは、ソードランドへの強い信頼と確信の表れとなるでしょう。」
0x0100006500008660,319,583,Rizia/Turn 4/FPnT_SordlandBondPurchase,Ewald Alphonso (R),en,「我々の間にこれまで貿易関係がなかったことは承知しております。規模の小さな債券投資によって、陛下の王国はリスクを抑えつつソードランドの経済と交流することができ、将来的により大規模な事業へと進む土台が築かれるでしょう。」
0x0100006500008668,319,584,Rizia/Turn 4/FPnT_SordlandBondPurchase,Laurento Esquibel,en,「確かにその通りです、陛下。我々リジアは経済の幅を広げることに強い関心を持っております。」
0x01000065000086A0,319,585,Rizia/Turn 4/FPnT_SordlandBondPurchase,Player_Romus,en,「これで私は決断を下す準備ができた。」
0x01000065000086A6,319,586,Rizia/Turn 4/FPnT_SordlandBondPurchase,Ewald Alphonso (R),en,「コイン投げで冒されたあのリスクこそ、より大規模な投資を行うべき理由です、陛下。」
0x01000065000086AC,319,587,Rizia/Turn 4/FPnT_SordlandBondPurchase,Ewald Alphonso (R),en,「よくやりました！コイン投げに挑戦する意欲こそが、陛下が投資を行うべき理由そのものです。」
0x01000065000086D5,319,597,Rizia/Turn 4/FPnT_SordlandBondPurchase,Narrator,en,コインは静かな音を立てて床に落ち、表が上になった。
0x01000065000086DE,319,598,Rizia/Turn 4/FPnT_SordlandBondPurchase,Narrator,en,硬貨が落下してくると、予期せず跳ね上がり、木製の床を転がって隙間の中に消えていった。
0x01000065000086E5,319,599,Rizia/Turn 4/FPnT_SordlandBondPurchase,Narrator,en,コインはテーブルに落ちて予測不能なように回転し、やがて表の面を上にして止まった。
0x01000065000086EC,319,600,Rizia/Turn 4/FPnT_SordlandBondPurchase,Narrator,en,硬貨は優雅に弧を描きながら落下し、テーブルの上に決定的な音を立てて着地した――表だった。
0x01000065000086FC,319,607,Rizia/Turn 4/FPnT_SordlandBondPurchase,Narrator,en,硬貨が落下してくると、予期せず跳ね上がり、木製の床を転がって隙間の中に消えていった。
0x0100006500008702,319,608,Rizia/Turn 4/FPnT_SordlandBondPurchase,Narrator,en,硬貨はテーブルに落ちて予測不能なように回転し、ついに裏面を下にして止まった。
0x010000650000870D,319,609,Rizia/Turn 4/FPnT_SordlandBondPurchase,Player_Romus,en,「我々は大規模な債券投資を行うつもりだ。」
0x010000650000870D,319,609,Rizia/Turn 4/FPnT_SordlandBondPurchase,Player_Romus,Menu Text en,「大規模な債券投資を行う。」［予算-4］
0x0100006500008714,319,610,Rizia/Turn 4/FPnT_SordlandBondPurchase,Player_Romus,en,「我々は少額の債券投資を行うつもりだ。」
0x0100006500008714,319,610,Rizia/Turn 4/FPnT_SordlandBondPurchase,Player_Romus,Menu Text en,「少額の債券投資を行う。」［予算-1］
0x010000650000871B,319,611,Rizia/Turn 4/FPnT_SordlandBondPurchase,Player_Romus,en,「我々はいかなる債券投資も行わない。」
0x0100006500008722,319,612,Rizia/Turn 4/FPnT_SordlandBondPurchase,Laurento Esquibel,en,「陛下、それは大胆なご決断です。これによりリジアがソードランドの経済復興を強く信頼していることが示されます。」
0x0100006500008728,319,613,Rizia/Turn 4/FPnT_SordlandBondPurchase,Ewald Alphonso (R),en,「これにより我々の関係に新たな章が始まります。陛下の信頼は必ず報われることを約束いたします。」
0x010000650000872E,319,614,Rizia/Turn 4/FPnT_SordlandBondPurchase,Gus Manger (R),en,「三部作成してください。」
0x0100006500008739,319,618,Rizia/Turn 4/FPnT_SordlandBondPurchase,Vina Toras,en,「たとえその投資がうまくいかなくても、リジアとソードランドの間にはより深い結びつきが築かれました。私から言わせていただけるなら、それだけでも大きな成果です。」
0x010000650000873F,319,619,Rizia/Turn 4/FPnT_SordlandBondPurchase,Elena Werner,en,「陛下、あなたの分析を信頼しております。この措置がリジアの長期的な経済安定を乱さないよう、ソードランドに期待しています。」
0x010000650000874F,319,623,Rizia/Turn 4/FPnT_SordlandBondPurchase,Narrator,en,私の決定の知らせが一同の間に広まると、部屋中に勝利の雰囲気が満ちた。
0x0100006500008757,319,624,Rizia/Turn 4/FPnT_SordlandBondPurchase,Narrator,en,最後の料理が運び去られると、沈みゆく太陽がテーブルに温かな光を投げかけた。アルフォンソ大統領はグラスを手に立ち上がり、誘うような笑顔で私の方を向いた。
0x0100006500008761,319,625,Rizia/Turn 4/FPnT_SordlandBondPurchase,Laurento Esquibel,en,「それは戦略的な決断です。この機会を活かしつつ、我々の資産を守ることができます。」
0x0100006500008767,319,626,Rizia/Turn 4/FPnT_SordlandBondPurchase,Ewald Alphonso (R),en,「はい、陛下、実に賢明なご判断です。もちろんより多く投資していただきたかったのですが、我々の復興への信念は必ず報われることをお約束します。」
0x010000650000876D,319,627,Rizia/Turn 4/FPnT_SordlandBondPurchase,Gus Manger (R),en,「三部作成してください。」
0x0100006500008778,319,631,Rizia/Turn 4/FPnT_SordlandBondPurchase,Vina Toras,en,「たとえ投資額が少なくても、リジアとソードランドの間により深い結びつきを築くことができました。私から言わせていただければ、それだけでも大きな成果です。」
0x010000650000877E,319,632,Rizia/Turn 4/FPnT_SordlandBondPurchase,Elena Werner,en,「これはバランスの取れた戦略を反映しており、有望な機会に積極的に取り組みつつも無理をしないようにしています。」
0x0100006500008789,319,636,Rizia/Turn 4/FPnT_SordlandBondPurchase,Narrator,en,私の決定という知らせがテーブルを巡るにつれ、部屋の中には慎重な楽観主義の雰囲気が広がっていった。
0x01000065000087A1,319,637,Rizia/Turn 4/FPnT_SordlandBondPurchase,Laurento Esquibel,en,「慎重な姿勢ですが、現在の世界経済情勢を考えると、それが最善かもしれません。」
0x01000065000087A7,319,638,Rizia/Turn 4/FPnT_SordlandBondPurchase,Ewald Alphonso (R),en,「陛下、我々はあなたの決定を尊重いたしますが、今後我が国間で協力関係を築けるという希望を捨ててはおりません。」
0x01000065000087AD,319,639,Rizia/Turn 4/FPnT_SordlandBondPurchase,Gus Manger (R),en,「状況を考えれば理解できます。ですが、もし将来機会が訪れた際には、引き続き協力の可能性にご検討いただけることを願っております。」
0x01000065000087B8,319,643,Rizia/Turn 4/FPnT_SordlandBondPurchase,Vina Toras,en,「難しい選択ですが、父上はきっとリジアの最善を考えておられたのでしょう。おそらく、このような投資を行う時期はまだ適していないのでしょう。」
0x01000065000087BE,319,644,Rizia/Turn 4/FPnT_SordlandBondPurchase,Elena Werner,en,「その間、リジアが関与していなくとも、陛下が約束された発展の実態を見てみたいと思っております。」
0x01000065000087C9,319,648,Rizia/Turn 4/FPnT_SordlandBondPurchase,Narrator,en,私の決定の知らせがテーブルを巡る中、部屋には微妙な失望感が漂い始めた。
0x01000065000087DB,319,649,Rizia/Turn 4/FPnT_SordlandBondPurchase,Player_Romus,en,「新たで大胆な事業へ！我々の大規模な投資が、また一つの黄金時代の始まりとなるように。」
0x01000065000087E7,319,653,Rizia/Turn 4/FPnT_SordlandBondPurchase,Player_Romus,en,「信頼の種をまくためだ。」
0x01000065000087ED,319,654,Rizia/Turn 4/FPnT_SordlandBondPurchase,Player_Romus,en,「我々をまるで自宅にいるかのような気持ちにしてくれた使節団の皆様へ。」
0x01000065000087F3,319,655,Rizia/Turn 4/FPnT_SordlandBondPurchase,Player_Romus,en,「我々の未来が、このエルローリー・マルーンの杯のように順調でありますように。」
0x0100006500008803,319,662,Rizia/Turn 4/FPnT_SordlandBondPurchase,Ewald Alphonso (R),en,「はい、野心と進歩に乾杯しましょう。」
0x0100006500008809,319,663,Rizia/Turn 4/FPnT_SordlandBondPurchase,Gus Manger (R),en,「それなら、乾杯しよう。」
0x010000650000881B,319,664,Rizia/Turn 4/FPnT_SordlandBondPurchase,Ewald Alphonso (R),en,「それらが繁栄する協力関係へと花開きますように。」
0x0100006500008827,319,665,Rizia/Turn 4/FPnT_SordlandBondPurchase,Ewald Alphonso (R),en,「ありがとうございます、陛下。取引には至りませんでしたが、ご一緒していただけて大変嬉しく存じます。」
0x010000650000882D,319,666,Rizia/Turn 4/FPnT_SordlandBondPurchase,Gus Manger (R),en,「今日、投資を行わないとしても、それによって我々の関係の価値が損なわれることはありません。」
0x0100006500008833,319,667,Rizia/Turn 4/FPnT_SordlandBondPurchase,Ewald Alphonso (R),en,「滑らかでありながらも力強い。それがソードランド流です。」
0x010000650000883F,319,668,Rizia/Turn 4/FPnT_SordlandBondPurchase,Narrator,en,乾杯の言葉の後に起こった拍手は次第に静まり、場内は活発な会話で賑わっていた。
0x0100006500008845,319,669,Rizia/Turn 4/FPnT_SordlandBondPurchase,Vina Toras,en,「私は金融の複雑な仕組みをすべて理解しているわけではありませんが、我が国の精神を反映した決断を信じております。」
0x010000650000884B,319,670,Rizia/Turn 4/FPnT_SordlandBondPurchase,Vina Toras,en,「リザ女王なら、リジアの門を閉ざすよりも新たな提携に賛成されたでしょう。」
0x0100006500008875,319,671,Rizia/Turn 4/FPnT_SordlandBondPurchase,Elena Werner,en,「経済的な観点から見れば、これは非常に戦略的な動きです。」
0x010000650000887C,319,672,Rizia/Turn 4/FPnT_SordlandBondPurchase,Elena Werner,en,「しかし、もし事が思い通りに進まなかった場合のより広範な影響やリスクも考慮する必要があります。」
0x01000065000088A7,319,673,Rizia/Turn 4/FPnT_SordlandBondPurchase,Laurento Esquibel,en,「国際関係の浮き沈みを目の当たりにしてきた者として、この債券取引は大胆な前進だと考えます。これはソードランドとの結びつきを深め、より大きな舞台でリジアの経済力を示す好機です。」
0x01000065000088D9,319,674,Rizia/Turn 4/FPnT_SordlandBondPurchase,Ewald Alphonso (R),en,「陛下、これが最終的なご決断となります。」
0x01000065000088DF,319,675,Rizia/Turn 4/FPnT_SordlandBondPurchase,Ewald Alphonso (R),en,「陛下、共に歴史を刻みましょうか？」
0x010000650000890F,319,679,Rizia/Turn 4/FPnT_SordlandBondPurchase,Player_Romus,en,「ああ、もう決まった。我々は投資しない。」
0x0100006500008915,319,680,Rizia/Turn 4/FPnT_SordlandBondPurchase,Player_Romus,en,「運命が告げた。我々は前進する。」
0x010000650000892E,319,681,Rizia/Turn 4/FPnT_SordlandBondPurchase,Laurento Esquibel,en,「ふむ。この債券提案をきっかけに経済提携を始めるというのは、興味深い案ですね。」
0x010000650000896C,319,682,Rizia/Turn 4/FPnT_SordlandBondPurchase,Narrator,en,私がコインを取り出すと、部屋の中は期待に満ちた静けさに包まれた。両陣営の代議員たちは興味深そうに見守っていた。
0x0100006500008998,319,686,Rizia/Turn 4/FPnT_SordlandBondPurchase,Player_Romus,en,「この会談が、我々両国のための協力と理解、そして繁栄という新たな章の始まりとなるように。」
0x010000650000899E,319,687,Rizia/Turn 4/FPnT_SordlandBondPurchase,Ewald Alphonso (R),en,「我々の未来は明るいものとなるでしょう。」
0x01000065000097C6,319,692,Rizia/Turn 4/FPnT_SordlandBondPurchase,Ewald Alphonso (R),en,「現在の経済的状況という重圧の中では、我々の共通の過去を忘れてはならないのです。」
0x01000065000097CD,319,693,Rizia/Turn 4/FPnT_SordlandBondPurchase,Laurento Esquibel,en,「我々の金、ガスや石油、ワイン文化、そして君主制です。」
0x01000065000097F6,319,694,Rizia/Turn 4/FPnT_SordlandBondPurchase,Player_Romus,en,「必要ない。我々がここに来たのは一つの理由だけだ。」
0x01000065000097FE,319,695,Rizia/Turn 4/FPnT_SordlandBondPurchase,Elena Werner,en,「観光客が増えようと増えまいと、我々の取り組みが具体的な利益につながっているのを見るのは励みになります。」
0x0100006500009815,319,696,Rizia/Turn 4/FPnT_SordlandBondPurchase,Ewald Alphonso (R),en,「ソードランドの債券に投資すれば、リスクを分散させつつ、我々双方の経済的利益にも寄与することができます。」
0x0100006500009821,319,697,Rizia/Turn 4/FPnT_SordlandBondPurchase,Ewald Alphonso (R),en,「この債券投資は、かの栄光の時代に戻る好機となります。」
0x0100006500009827,319,698,Rizia/Turn 4/FPnT_SordlandBondPurchase,Ewald Alphonso (R),en,「120億という数字は今では途方もないように思えますが、長期的に見ればわずかな額に過ぎません。」
0x0100006500009835,319,699,Rizia/Turn 4/FPnT_SordlandBondPurchase,Laurento Esquibel,en,「より大規模な債券投資は、貿易にとどまらずより広範な経済協力へと我々の関係を拡大するための戦略的な契機となり得ます。」
0x010000650000983B,319,700,Rizia/Turn 4/FPnT_SordlandBondPurchase,Laurento Esquibel,en,「この債券案を通じて経済的な視野を広げ、両国間の関係を築くことに役立つでしょう。ただし、将来は依然として不透明です。」
0x010000650000984C,319,701,Rizia/Turn 4/FPnT_SordlandBondPurchase,Elena Werner,en,「地域的な影響力は極めて重要ですが、サウザン・メルコパを越えて勢力範囲を拡大することで経済的依存先を多様化させ、地域の市場変動に対してより強い抵抗力を持つことができます。」
0x0100006500009853,319,702,Rizia/Turn 4/FPnT_SordlandBondPurchase,Laurento Esquibel,en,「我々は高い目標を掲げ、我が王国を世界市場における重要な存在として確立すべきです。長期的な同盟国との関係を損なわない範囲で可能な限りそうしましょう。」
0x010000650000985B,319,703,Rizia/Turn 4/FPnT_SordlandBondPurchase,Elena Werner,en,「まず国内の安定を確保した上で、海外への進出を図るべきです。」
0x0100006500009867,319,704,Rizia/Turn 4/FPnT_SordlandBondPurchase,Laurento Esquibel,en,「我々の地域における約束事や即時的な経済的利益を最優先にしなければなりません。」
0x0100006500009877,319,705,Rizia/Turn 4/FPnT_SordlandBondPurchase,Ewald Alphonso (R),en,「我々が提案しようとしているものが、その最良の例となっています。」
0x010000650000987D,319,706,Rizia/Turn 4/FPnT_SordlandBondPurchase,Ewald Alphonso (R),en,「我々の同盟案は、その目標を達成するための道筋を提供します。」
0x0100006500009889,319,707,Rizia/Turn 4/FPnT_SordlandBondPurchase,Ewald Alphonso (R),en,「この債券取引こそが、そのような進歩への入り口となるのです。」
0x0100006500009897,319,709,Rizia/Turn 4/FPnT_SordlandBondPurchase,Narrator,en,太陽が地平線の向こうに沈み、空に美しい色合いを広げていく中、我々は出発の準備を始めた。
0x010000650000989D,319,710,Rizia/Turn 4/FPnT_SordlandBondPurchase,Narrator,en,夕方の空気はひんやりとしており、我々が夜会のためにマルーン宮殿へ向かっている間、街の明かりが次第にきらめき始めた。
0x01000065000098B4,319,711,Rizia/Turn 4/FPnT_SordlandBondPurchase,Narrator,en,この祝祭的な雰囲気の中で第三料理が運ばれてきた。それはベルギア風のザブラをアレンジしたもので、絹のように滑らかなひよこ豆のピューレの上に半熟状態の焼き牛肉のスライスが乗っていた。
0x0100008E00004B3F,319,712,Rizia/Turn 4/FPnT_SordlandBondPurchase,Ewald Alphonso (R),en,「これは我々の経済を深く統合し、比類のない発展を遂げる絶好の機会です。」
0x0100008E00004B46,319,713,Rizia/Turn 4/FPnT_SordlandBondPurchase,Ewald Alphonso (R),en,「さらに少ない投資で、リスクを慎重に管理しながらもソードランドの経済好況の恩恵を受けることができます。」
0x0100008E00004B4F,319,714,Rizia/Turn 4/FPnT_SordlandBondPurchase,Ewald Alphonso (R),en,「そして、共に繁栄するリジアとソードランドのためにも。」
0x0100008E00004B5D,319,715,Rizia/Turn 4/FPnT_SordlandBondPurchase,Player_Romus,en,「もう話は十分だ。マルーン宮殿を見るまで休むつもりはない。」
0x0100008E00004B6B,319,716,Rizia/Turn 4/FPnT_SordlandBondPurchase,Ewald Alphonso (R),en,「もちろんです、陛下。」
0x0100008E00004B72,319,717,Rizia/Turn 4/FPnT_SordlandBondPurchase,Gus Manger (R),en,「では、出発の時間です。」
0x010000650000BF18,319,726,Rizia/Turn 4/FPnT_SordlandBondPurchase,Gus Manger (R),en,「陛下、ご配慮いただき、誠にありがとうございます。」
0x010000650000DB49,319,727,Rizia/Turn 4/FPnT_SordlandBondPurchase,Elena Werner,en,「計算された戦略と実際の結果は別物です。我が王国にはここで失敗する余裕などありません。」
0x010000650000DB50,319,728,Rizia/Turn 4/FPnT_SordlandBondPurchase,Player_Romus,en,「私の王国を世界的な強国にしたいのだ。ルンブルクや他の君主制国家との既存の関係をはるかに超えて、パートナーシップを拡大していくべきだ。」
0x010000650000DB56,319,729,Rizia/Turn 4/FPnT_SordlandBondPurchase,Player_Romus,en,「南メルコパは我々にとって十分な規模だ。地域の影響力を持てることを喜んでいる。」
0x010000650000DB5C,319,730,Rizia/Turn 4/FPnT_SordlandBondPurchase,Player_Romus,en,「その方向において特別な野心はございません。」
0x010000650000DB71,319,731,Rizia/Turn 4/FPnT_SordlandBondPurchase,Gus Manger (R),en,「過去10年間で南メルコパはイースト・メルコパのライバルとして台頭してきました。友好的な競争関係であれば、すべての当事者に利益をもたらすでしょう。」
0x010000650000DB78,319,732,Rizia/Turn 4/FPnT_SordlandBondPurchase,Gus Manger (R),en,「陛下、野心こそが革新を生み出します。もっと大きな視野で物事を考えるようお勧めいたします。」
0x010000650000DB89,319,733,Rizia/Turn 4/FPnT_SordlandBondPurchase,Gus Manger (R),en,「良い例としては、リジア製品の輸入税を引き下げられる可能性が挙げられます。」
0x010000650000DB92,319,734,Rizia/Turn 4/FPnT_SordlandBondPurchase,Gus Manger (R),en,「陛下、現在の国庫の状況を考えますと、我々のより規模が大きく優れた提案はもはや検討の対象外でしょう。つきましては、方針を小規模な提案に絞って進めましょう。」
0x010000650000DB99,319,735,Rizia/Turn 4/FPnT_SordlandBondPurchase,Player_Romus,en,「そろそろ落ち着いて生活を始める時だ。」
0x01000052000568F2,319,739,Rizia/Turn 4/FPnT_SordlandBondPurchase,Gus Manger (R),en,「陛下、今やリジアも我々の上質なウイスキーにはよくご存知です。一方、ケビジという酒は他では決して手に入りません。」
0x01000052000568F9,319,740,Rizia/Turn 4/FPnT_SordlandBondPurchase,Ewald Alphonso (R),en,「陛下、それは陛下のワインと比べると少々……素朴な味わいですが、独自の特別な魅力があります。」
0x0100005200056907,319,744,Rizia/Turn 4/FPnT_SordlandBondPurchase,Narrator,en,アルフォンソは彼に警告の視線を送った。その男は口をつぐんだ。
0x010000520005690F,319,745,Rizia/Turn 4/FPnT_SordlandBondPurchase,Gus Manger (R),en,「陛下がお望みであれば、そう致しましょう。もっとも、リジアは既に我々の上質なウイスキーをよくご存知ですが。」
0x0100005200056916,319,746,Rizia/Turn 4/FPnT_SordlandBondPurchase,Ewald Alphonso (R),en,「一方、ケビジはこの地特有のお酒です。少々……素朴な味わいですが、独自の特別な魅力がありますのでご注意ください。」
0x010000520005691E,319,747,Rizia/Turn 4/FPnT_SordlandBondPurchase,Ewald Alphonso (R),en,「殿下、我々ソードランド人についてどのような話を聞かれましたかわかりませんが、今回の訪問に騒がしい要素は一切ありません。」
0x0100005200056BE4,319,748,Rizia/Turn 4/FPnT_SordlandBondPurchase,Narrator,en,ヴィナがすぐに口を挟んだ。
0x0100005200056BF4,319,752,Rizia/Turn 4/FPnT_SordlandBondPurchase,Gus Manger (R),en,「殿下、どうぞ遠慮なくおっしゃってください！田舎で働き、実情を目の当たりにしてきた者として申し上げますが、投資と発展は常に皆に利益をもたらすものです。」
0x0100005200056C05,319,756,Rizia/Turn 4/FPnT_SordlandBondPurchase,Player_Romus,en,「大統領、私はあなたの見解には賛同できない。私の政府が福祉分野やエネルギー分野を厳しく管理しているおかげで、どの国民も取り残されることはない。」
0x0100005200056C0C,319,757,Rizia/Turn 4/FPnT_SordlandBondPurchase,Ewald Alphonso (R),en,「陛下、それもまた有効な方法ですね。しかし、お国の発展の度合いを制限してしまう方法です。」
0x0100005200056C13,319,758,Rizia/Turn 4/FPnT_SordlandBondPurchase,Ewald Alphonso (R),en,「我々の見解に違いはありますが、両国が互いに与え合えるものはまだ多くあると確信しております。」
0x0100005200056C1D,319,759,Rizia/Turn 4/FPnT_SordlandBondPurchase,Narrator,en,ガスはにっこりと笑った。
0x0100005200056C2A,319,761,Rizia/Turn 4/FPnT_SordlandBondPurchase,Ewald Alphonso (R),en,「急激な改革には確かにリスクが伴います。ですが、我々ソードランドでは何もしないことのリスクが変革のリスクを上回る状況に達していました。」
0x0100005200056C32,319,762,Rizia/Turn 4/FPnT_SordlandBondPurchase,Ewald Alphonso (R),en,「まったくその通りです。より密接に協力し合うことが、そのための重要な要素です。」
0x0100005200056C3A,319,763,Rizia/Turn 4/FPnT_SordlandBondPurchase,Narrator,en,私は窓の外を見た。
0x0100005200056C41,319,764,Rizia/Turn 4/FPnT_SordlandBondPurchase,Gus Manger (R),en,「そんなことを言わないでください、陛下！まるでご自身の会社のラジオCMのようですね。」
0x0100005200056C48,319,765,Rizia/Turn 4/FPnT_SordlandBondPurchase,Narrator,en,エヴァルトは笑った。
0x0100005200056C5B,319,769,Rizia/Turn 4/FPnT_SordlandBondPurchase,Player_Romus,en,「我々の海辺リゾートに関する取引は確かに好意的な雰囲気を作り出した。今日、我々はその流れを続けていく機会を得ている。」
0x0100005200056C65,319,770,Rizia/Turn 4/FPnT_SordlandBondPurchase,Narrator,en,ラウレントは熱心にうなずいた。
0x0100005200056C6C,319,771,Rizia/Turn 4/FPnT_SordlandBondPurchase,Laurento Esquibel,en,「確かに、観光客数のさらなる増加を期待していました。ですが、他にも好調な指標が見られています。」
0x0100005200056C84,319,778,Rizia/Turn 4/FPnT_SordlandBondPurchase,Narrator,en,彼女はソードランド人の代表団に鋭い視線を向けた。
0x0100005200056C8B,319,779,Rizia/Turn 4/FPnT_SordlandBondPurchase,Elena Werner,en,「要するに、アルフォンソ大統領、今回は財政面で大きな成功を収めました。」
0x0100005200056C99,319,783,Rizia/Turn 4/FPnT_SordlandBondPurchase,Laurento Esquibel,en,「リジアにおけるソードランド人向けのウイスキーの需要は、依然として我々のワインを求めるソードランドの需要に及ばず、輸出から得られる収入が制限されています。しかし、この状況が変わると確信しております。」
0x0100005200056CA1,319,784,Rizia/Turn 4/FPnT_SordlandBondPurchase,Narrator,en,ヴィナはためらいがちに声を上げた。
0x0100005200056CB0,319,785,Rizia/Turn 4/FPnT_SordlandBondPurchase,Gus Manger (R),en,「彼らもそうすべきです。我々の取引によって彼らは豊かになるのです。もっと、より豊かに。」
0x0100005200056CCC,319,786,Rizia/Turn 4/FPnT_SordlandBondPurchase,Ewald Alphonso (R),en,「そうですね、私も読んだことがあります。殿下、お知り及びでしょうが、女性たちもソードランドの政治において非常に積極的な役割を果たしています。」
0x0100005200056CD3,319,787,Rizia/Turn 4/FPnT_SordlandBondPurchase,Vina Toras,en,「それは励みになる兆候です、大統領閣下。これですべてのソードランドの女性たちの権利が向上する日も遠くないことでしょう。」
0x0100005200056CDA,319,788,Rizia/Turn 4/FPnT_SordlandBondPurchase,Ewald Alphonso (R),en,「ああ、そうです。ヴェーレンとの取引のことでございます。」
0x0100005200056CE7,319,792,Rizia/Turn 4/FPnT_SordlandBondPurchase,Ewald Alphonso (R),en,「ああ、そうです。ヴェーレンとパレスとの取引のことでございます。」
0x0100005200056CEF,319,793,Rizia/Turn 4/FPnT_SordlandBondPurchase,Narrator,en,彼は依然としてその言葉を「ペイルス」と発音していた。私はラウレントが彼を正そうとする気持ちを抑えているのを見た。
0x0100005200056CF8,319,794,Rizia/Turn 4/FPnT_SordlandBondPurchase,Narrator,en,ガスは咳払いをした。
0x0100005200056CFF,319,795,Rizia/Turn 4/FPnT_SordlandBondPurchase,Gus Manger (R),en,「それでは、本日の議題の核心に入りましょう...」
0x0100005200056D06,319,796,Rizia/Turn 4/FPnT_SordlandBondPurchase,Ewald Alphonso (R),en,「陛下、最終的な判断は陛下がなさるべきことです。私は陛下のご判断を完全に信頼しております。」
0x01000065000084CB,319,797,Rizia/Turn 4/FPnT_SordlandBondPurchase,Laurento Esquibel,en,「これまでの話はすべて安心できる内容でした。陛下、ご所見をお聞かせください。」
0x0100006500008579,319,798,Rizia/Turn 4/FPnT_SordlandBondPurchase,Player_Romus,en,「我々のリスクに対する保証が得られない限り、これらの発言は偽りの安心材料に過ぎないように思える。」
0x010000650000857F,319,799,Rizia/Turn 4/FPnT_SordlandBondPurchase,Player_Romus,en,「マンガー氏もアルフォンソ大統領も経済の専門家だから、彼らの判断を信頼できると思う。」
0x0100006500008585,319,800,Rizia/Turn 4/FPnT_SordlandBondPurchase,Player_Romus,en,「実のところ、今のところ質問は何もない。」
0x0100008E0000429D,319,801,Rizia/Turn 4/FPnT_SordlandBondPurchase,Ewald Alphonso (R),en,「素晴らしいです。我々もこの投資を、両国の継続的なパートナーシップの延長線上にあるものと考えております。」
0x0100008E000042A3,319,802,Rizia/Turn 4/FPnT_SordlandBondPurchase,Ewald Alphonso (R),en,「陛下、必要とされる追加の情報やご説明をお届けするためにこちらへ参りました。」
0x0100008E000042AF,319,803,Rizia/Turn 4/FPnT_SordlandBondPurchase,Gus Manger (R),en,「もちろん、陛下の高名な財務顧問ほど長年の経験を持ってはおりません。ですが、新鮮で活力に満ちた視点をご提供することは可能です。」
0x0100008E000042BB,319,804,Rizia/Turn 4/FPnT_SordlandBondPurchase,Gus Manger (R),en,「はい、急ぎで決断を下すよう圧力を感じていただきたくないのです。」
0x0100008E0000428A,319,805,Rizia/Turn 4/FPnT_SordlandBondPurchase,Player_Romus,en,「我々の国は既に相互信頼を築いている。私の心に疑念などほとんどない。」
0x0100008E00004291,319,809,Rizia/Turn 4/FPnT_SordlandBondPurchase,Ewald Alphonso (R),en,「どんな投資にもリスクは付き物です。しかし、我々の経済政策や戦略的改革はこうしたリスクを軽減し、パートナーたちに好結果をもたらすように考えられているのです。」
0x0100008E00004297,319,810,Rizia/Turn 4/FPnT_SordlandBondPurchase,Ewald Alphonso (R),en,「陛下、実に賢明なお考えです。我々のソードランド経済運営に関する知識と経験は、すべて陛下のご命令に従います。」
0x0100005200056D13,319,811,Rizia/Turn 4/FPnT_SordlandBondPurchase,Ewald Alphonso (R),en,「これまで、私とレインは良好な関係を保ってきました。もし彼が大統領に選ばれたとしても、経済問題に関する私の助言に耳を傾けてくれるだろうと確信しています。」
0x0100005200056D20,319,815,Rizia/Turn 4/FPnT_SordlandBondPurchase,Ewald Alphonso (R),en,「私とアントン・レインの間に愛情など微塵もありません、それは確かです。しかし彼が経済問題に関する私の意見を聞こうとしないのであれば、少なくともガスの言うことは耳を傾けるでしょう。」
0x0100005200056D27,319,816,Rizia/Turn 4/FPnT_SordlandBondPurchase,Narrator,en,ガスはにやりと笑った。
0x0100005200056D2C,319,817,Rizia/Turn 4/FPnT_SordlandBondPurchase,Ewald Alphonso (R),en,「せめて、彼はガスの言うことは聞くでしょう。」
0x0100005200056D36,319,818,Rizia/Turn 4/FPnT_SordlandBondPurchase,Gus Manger (R),en,「陛下、経済の安定こそが政治的変動よりも重要です。必ずやそのことをお約束いたします。」
0x0100005200056D4B,319,822,Rizia/Turn 4/FPnT_SordlandBondPurchase,Narrator,en,彼はエレナの怒った表情を無視した。
0x0100005200056D7C,319,826,Rizia/Turn 4/FPnT_SordlandBondPurchase,Player_Romus,en,「それはまるで賭博のようだね。賭博は罪だ。」
0x0100005200056D83,319,827,Rizia/Turn 4/FPnT_SordlandBondPurchase,Ewald Alphonso (R),en,「数字の背後にしっかりとした市場分析があるので、それは賭博ではありません。」
0x0100005200056D95,319,832,Rizia/Turn 4/FPnT_SordlandBondPurchase,Player_Romus,en,「それはまるで賭博のようだね。賭博は罪だ。」
0x0100005200056D9B,319,833,Rizia/Turn 4/FPnT_SordlandBondPurchase,Ewald Alphonso (R),en,「数字の背後にしっかりとした市場分析があるので、それは賭博ではありません。」
0x0100005200056DDC,319,835,Rizia/Turn 4/FPnT_SordlandBondPurchase,Narrator,en,エレナは彼女を認めるように微笑んだ。
0x0100005200056DE3,319,836,Rizia/Turn 4/FPnT_SordlandBondPurchase,Narrator,en,ラウレントは彼女に満足げな笑みを向けた。
0x0100005200056DEB,319,837,Rizia/Turn 4/FPnT_SordlandBondPurchase,Player_Romus,en,「我々はすでにルンブルクやGRACEとの貿易関係によって世界的な存在だ。ソードランドのような共和制国家と親密になることは、彼らにとって受け入れがたいことだろう。」
0x0100005200056DF9,319,838,Rizia/Turn 4/FPnT_SordlandBondPurchase,Narrator,en,アルフォンソの顔色が曇った。
0x0100005200056E00,319,839,Rizia/Turn 4/FPnT_SordlandBondPurchase,Ewald Alphonso (R),en,「その点については陛下のおっしゃる通りです。」
0x0100005200056E08,319,840,Rizia/Turn 4/FPnT_SordlandBondPurchase,Ewald Alphonso (R),en,「陛下、ベアトリス女王とのご家族縁があることは存じております。しかし率直に申し上げれば、ルンブルクに固執するよりも、他国、特に活力に満ちた自由主義的経済を持つ国との貿易を強化した方が陛下にとってははるかに有益でしょう。」
0x0100005200056E0F,319,841,Rizia/Turn 4/FPnT_SordlandBondPurchase,Narrator,en,アルフォンソは微笑んだ。
0x0100005200056E15,319,842,Rizia/Turn 4/FPnT_SordlandBondPurchase,Ewald Alphonso (R),en,「まさに私が聞きたかったことです。」
0x0100005200056E23,319,843,Rizia/Turn 4/FPnT_SordlandBondPurchase,Ewald Alphonso (R),en,「いずれは『GRACE』など全く必要としない時代が来るかもしれません。」
0x0100005200056E30,319,847,Rizia/Turn 4/FPnT_SordlandBondPurchase,Narrator,en,ヴィナは急いで話題を変えようと努めた。
0x0100005200056E38,319,848,Rizia/Turn 4/FPnT_SordlandBondPurchase,Narrator,en,しばらくの間、テーブルの周りは静寂に包まれていた。
0x0100005200056E40,319,849,Rizia/Turn 4/FPnT_SordlandBondPurchase,Vina Toras,en,「おっと！ご質問いただき、ありがとうございます、父上。少し考えさせてください……」
0x0100005200056E48,319,850,Rizia/Turn 4/FPnT_SordlandBondPurchase,Vina Toras,en,「しかし、ベアトリス女王であるビアおば様がどう思われるか気になります。もしトラス家よりもソードランドを疑っている方がいるとすれば、それは彼女です。」
0x0100005200056E4F,319,851,Rizia/Turn 4/FPnT_SordlandBondPurchase,Player_Romus,en,「彼女も理解してくれるだろう。結局のところ、リジアはルンブルクだけが唯一の貿易相手国ではないのだから。」
0x0100005200056E56,319,852,Rizia/Turn 4/FPnT_SordlandBondPurchase,Ewald Alphonso (R),en,「その通りです。実際、ベアトリス女王がアルカシアと結んでいる貿易協定を見れば、彼女がどちらの流れを重視しているかがわかります。」
0x0100005200056E5D,319,853,Rizia/Turn 4/FPnT_SordlandBondPurchase,Player_Romus,en,「ソードランドがその疑念を裏付けるような行動を取らない限り、問題はない。」
0x0100005200056E64,319,854,Rizia/Turn 4/FPnT_SordlandBondPurchase,Ewald Alphonso (R),en,「私の政権にとって最も重要な課題は、常にルンブルクと良好な関係を保つことでした。信じてください、我々には陛下の叔母様の怒りを買うような真似は決してしたくありません。」
0x0100005200056E6B,319,855,Rizia/Turn 4/FPnT_SordlandBondPurchase,Player_Romus,en,「ルンブルクとソードランドの間の緊張は確かに高まっているようだ。どちらかの側につくのは賢明ではないかもしれないね。」
0x0100005200056E72,319,856,Rizia/Turn 4/FPnT_SordlandBondPurchase,Ewald Alphonso (R),en,「陛下、自由市場には味方も敵もありません。ですが、その緊張を和らげるため全力を尽くしていることをお約束いたします。」
0x0100005200056E79,319,857,Rizia/Turn 4/FPnT_SordlandBondPurchase,Player_Romus,en,「確かにその通りだ、ヴィナ。今日こちらにお越しいただき、私は嬉しく思う。」
0x0100005200056E80,319,858,Rizia/Turn 4/FPnT_SordlandBondPurchase,Vina Toras,en,「父上にお招きいただき、光栄に存じます。」
0x0100005200056E90,319,860,Rizia/Turn 4/FPnT_SordlandBondPurchase,Player_Romus,en,「まだ決めかねている。コインを投げて決めようと思う。」
0x0100005200056EA3,319,865,Rizia/Turn 4/FPnT_SordlandBondPurchase,Elena Werner,en,「たとえ少額の投資であっても、30億ギルダーという巨額の資金を4年間も拘束しておくのは大変です。ソードランドにとってもリジアにとっても、これから先どのようなことが起こるか予測できません。」
0x0100005200056EAA,319,866,Rizia/Turn 4/FPnT_SordlandBondPurchase,Elena Werner,en,「4年間もの間、120億ギルダーもの資金を拘束しておくのはあまりに多額です。ソードランドであれリジアであれ、将来何が起こるか私にも分かりません。」
0x0100005200056EB1,319,867,Rizia/Turn 4/FPnT_SordlandBondPurchase,Laurento Esquibel,en,「そうは申しましても、これからの4年間に待ち受ける外交上の困難を過小評価してはなりません。」
0x0100005200056EB7,319,868,Rizia/Turn 4/FPnT_SordlandBondPurchase,Gus Manger (R),en,「ああ、そうです。ジル＝アイの件については心からお見舞いを申し上げます。」
0x0100005200056EBE,319,869,Rizia/Turn 4/FPnT_SordlandBondPurchase,Player_Romus,en,「その発音は『ズィル』だ。『ピル』と韻を踏む。」
0x0100005200056EC5,319,870,Rizia/Turn 4/FPnT_SordlandBondPurchase,Player_Romus_Italic,en,私はラウレントに続けるよう合図した。
0x0100005200056EC5,319,870,Rizia/Turn 4/FPnT_SordlandBondPurchase,Player_Romus_Italic,Menu Text en,彼を正してはいけない
0x0100005200056ECD,319,871,Rizia/Turn 4/FPnT_SordlandBondPurchase,Laurento Esquibel,en,「マンガーさん、ありがとう。」
0x0100005200056EDB,319,875,Rizia/Turn 4/FPnT_SordlandBondPurchase,Laurento Esquibel,en,「はい、*ジル*の迅速な帰還を確実にすること、そしてアウレウス・ガス田の半分に対する我々の権利を守ることは、多大な代償を要求される可能性があります。」
0x0100005200056EE2,319,876,Rizia/Turn 4/FPnT_SordlandBondPurchase,Laurento Esquibel,en,「はい、スモラク大統領が脅威緩和プロトコルを発動した後に＊ジル＊の迅速な帰還を確実にすることは、我々に多大な代償を強いる可能性があります。」
0x0100005200056EE9,319,877,Rizia/Turn 4/FPnT_SordlandBondPurchase,Player_Romus,en,「エスキベル氏のおっしゃる通りだ。陛下、この取引は後日行うことはできないか？」
0x0100005200056EF3,319,881,Rizia/Turn 4/FPnT_SordlandBondPurchase,Laurento Esquibel,en,「たとえ少額の投資であっても、このような微妙な時期に30億ギルダーもの資金を拘束しておくのは大変な負担です。」
0x0100005200056EF9,319,882,Rizia/Turn 4/FPnT_SordlandBondPurchase,Laurento Esquibel,en,「このような厳しい時期に120億ギルダーもの資金を拘束しておくのは、あまりにも多額すぎます。」
0x0100005200056F08,319,883,Rizia/Turn 4/FPnT_SordlandBondPurchase,Elena Werner,en,「お金を三倍にするというのは魅力的に思えます。しかし、それをリジアの国内産業に投資すれば、長期的に見て同等かそれ以上の利益を得ることができるでしょう。」
0x0100005200056F17,319,887,Rizia/Turn 4/FPnT_SordlandBondPurchase,Player_Romus,en,「我々には資金がある。両方とも行うことができる。」
0x0100005200056F1E,319,888,Rizia/Turn 4/FPnT_SordlandBondPurchase,Player_Romus,en,「ご指摘の通りだ。おそらくその資金は国内で使った方が良いだろう。」
0x0100005200056F25,319,889,Rizia/Turn 4/FPnT_SordlandBondPurchase,Player_Romus,en,「これは単なる利益だけの問題ではない。我々の世界的な影響力を強化することでもたらされる利点をお見過ごしになっている。」
0x0100005200056F2C,319,890,Rizia/Turn 4/FPnT_SordlandBondPurchase,Player_Romus,en,「エレナ、賢明なお言葉だ。あなたを連れてきて正解だった。」
0x0100005200056F33,319,891,Rizia/Turn 4/FPnT_SordlandBondPurchase,Gus Manger (R),en,「その点はご指摘の通りです。全体的な状況を見れば、投資を怠るわけにはいきません。」
0x0100005200056F3A,319,892,Rizia/Turn 4/FPnT_SordlandBondPurchase,Gus Manger (R),en,「ヴェルナー様、もし我々の立場が入れ替わり、ソードランドにリジアほどの財政力があったなら、我々はこの取引を完璧にこなしていただろうと確信できます。」
0x0100005200056F41,319,893,Rizia/Turn 4/FPnT_SordlandBondPurchase,Gus Manger (R),en,「世界からあまりに長く隔絶し続ければ、使えるお金もほとんど残らなくなってしまいます。」
0x0100005200056F48,319,894,Rizia/Turn 4/FPnT_SordlandBondPurchase,Elena Werner,en,「陛下、私はただ自分の職務を果たしているだけです。」
0x0100005200056F55,319,895,Rizia/Turn 4/FPnT_SordlandBondPurchase,Ewald Alphonso (R),en,「おそらく陛下もその答えをご存知でしょう。これは今すぐ決断しなければならない重要な提案です。」
0x0100005200056F5C,319,896,Rizia/Turn 4/FPnT_SordlandBondPurchase,Ewald Alphonso (R),en,「それに、もし後で投資をしても、最初の段階から参加することはできません。」
0x0100005200056F64,319,897,Rizia/Turn 4/FPnT_SordlandBondPurchase,Player_Romus,en,「ジルを取り戻すために金銭を費やす必要などない。あれは我々のものだ。」
0x0100005200056F6C,319,898,Rizia/Turn 4/FPnT_SordlandBondPurchase,Ewald Alphonso (R),en,「外交には多額の費用がかかることがあります。エスキベル氏の言う通りです。」
0x0100005200056F73,319,899,Rizia/Turn 4/FPnT_SordlandBondPurchase,Ewald Alphonso (R),en,「しかし、世界市場で十分な規模の存在になれば、他国は皆、あなたに好意を示そうと並ぶでしょう。逆ではありません。」
0x0100005200056F7B,319,900,Rizia/Turn 4/FPnT_SordlandBondPurchase,Player_Romus,en,「現在、我々は厳しい状況にある。しかし、リジアの国際的な提携を拡大すれば、この窮地から脱することができると確信している。」
0x0100005200056F83,319,901,Rizia/Turn 4/FPnT_SordlandBondPurchase,Ewald Alphonso (R),en,「まさにその通りでございます、陛下。」
0x0100005200056F8A,319,902,Rizia/Turn 4/FPnT_SordlandBondPurchase,Ewald Alphonso (R),en,「もしアドリアとソードランドが我々の結びつきを強化すれば、ヴェーレンは文字通り圧迫感を味わうことになるでしょう。」
0x0100005200056F98,319,906,Rizia/Turn 4/FPnT_SordlandBondPurchase,Player_Romus,en,「それは主からのしるしなのだ。我々はこの取引を進めよう。」
0x0100005200056FA7,319,910,Rizia/Turn 4/FPnT_SordlandBondPurchase,Player_Romus,en,「それは主からのしるしなのだ。この取引を進めてはならない。」
0x0100005200056D58,319,911,Rizia/Turn 4/FPnT_SordlandBondPurchase,Gus Manger (R),en,「誠に申し訳ございません。この食事は陛下に真のソードランドの味をお届けするものでしたのに、何かの億万長者が思い描くような派手なものではありませんでした。」
0x0100005200056D5F,319,912,Rizia/Turn 4/FPnT_SordlandBondPurchase,Player_Romus,en,「マンガーさん、とても美味しそうに見えるね。」
0x0100005200056DCE,319,913,Rizia/Turn 4/FPnT_SordlandBondPurchase,Narrator,en,アルフォンソは必死に手で制するジェスチャーをした。ガスは動きを止めた。
0x0100005200056D66,319,914,Rizia/Turn 4/FPnT_SordlandBondPurchase,Player_Romus,en,「それはあなたのせいではない。皆、我々王族は常にステーキやキャビアを欲しがると思っているが、実際のところ私は大きなボウル一杯のシチューがあれば十分だ。」
0x0100005200056D6D,319,915,Rizia/Turn 4/FPnT_SordlandBondPurchase,Player_Romus,en,「グス、いつか私をディナーに連れて行ってくれるようだね。」
0x0100005200056DB8,319,916,Rizia/Turn 4/FPnT_SordlandBondPurchase,Gus Manger (R),en,「おお、確かに美味しそうですね。ですが、ベルギアの祖母なら見覚えもないでしょう。」
0x0100005200056DD4,319,917,Rizia/Turn 4/FPnT_SordlandBondPurchase,Laurento Esquibel,en,「ええと。ともかく……」
0x0100005200056DAA,319,918,Rizia/Turn 4/FPnT_SordlandBondPurchase,Gus Manger (R),en,「陛下、今お約束いただいた投資額があれば、私が陛下をディナーに連れて行くだけでは済みません。」
0x0100005200056DBF,319,919,Rizia/Turn 4/FPnT_SordlandBondPurchase,Laurento Esquibel,en,「ともかく……」
0x0100005200056DB1,319,920,Rizia/Turn 4/FPnT_SordlandBondPurchase,Gus Manger (R),en,「まさに私の理想とする人物ですね。」
0x01000065000085BE,319,921,Rizia/Turn 4/FPnT_SordlandBondPurchase,Narrator,en,ガスは苛立ちを込めてうめき声を上げ、フォークを置いた。
0x0100005200056FB5,319,922,Rizia/Turn 4/FPnT_SordlandBondPurchase,Gus Manger (R),en,「陛下、これはスヴァブリであるべきかと存じます。ホルソードの名物ですが、普段はこほん、こんなに華やかではありません。」
0x0100005200056FBD,319,923,Rizia/Turn 4/FPnT_SordlandBondPurchase,Narrator,en,彼は咳払いをした。
0x0100005200056FC4,319,924,Rizia/Turn 4/FPnT_SordlandBondPurchase,Player_Romus,en,「あなた、自分が百万長者じゃないかのように言うね。」
0x0100005200056FCB,319,925,Rizia/Turn 4/FPnT_SordlandBondPurchase,Gus Manger (R),en,「私は違います。少なくとも、名目上はです。」
0x0100005200056FD8,319,929,Rizia/Turn 4/FPnT_SordlandBondPurchase,Gus Manger (R),en,「いつでも構いません。陛下の王国への投資を受けた以上、私がお返しする番です。」
0x0100005200056FE0,319,930,Rizia/Turn 4/FPnT_SordlandBondPurchase,Narrator,en,ラウレントはテーブルの下に手を伸ばし、瓶を取り出した。
0x0100005200056FE8,319,931,Rizia/Turn 4/FPnT_SordlandBondPurchase,Laurento Esquibel,en,「この料理は『ロムス・ザ・レッド』を少し飲みながら味わえば最高です。ソードランド市場に出回る前の新しいカントゥアーヴォのヴィンテージのお試し版と言えます。」
0x0100005200056FF5,319,935,Rizia/Turn 4/FPnT_SordlandBondPurchase,Laurento Esquibel,en,「この料理は、つい最近発売された新しいカントゥアーヴォのヴィンテージ、『ロムス・ザ・レッド』を少し飲みながら味わえばさらに素晴らしいでしょう。」
0x0100005200056FFC,319,936,Rizia/Turn 4/FPnT_SordlandBondPurchase,Narrator,en,彼はアルフォンソとその大臣のためにグラスに酒を注いだ。二人とも感謝の声を漏らした。
0x0100005200057008,319,937,Rizia/Turn 4/FPnT_SordlandBondPurchase,Ewald Alphonso (R),en,「陛下、その執事がここにいて、このワインについてもっと説明してくれればと願っております。会った際は私からの挨拶を伝えてくださいませんか？」
0x0100005200057016,319,941,Rizia/Turn 4/FPnT_SordlandBondPurchase,Narrator,en,私はできるだけ落ち着いた様子で返事をしようと努めた。
0x010000520005701D,319,942,Rizia/Turn 4/FPnT_SordlandBondPurchase,Player_Romus,en,「覚えていればそうする。彼も私もとても忙しいのだ。」
0x0100005200057024,319,943,Rizia/Turn 4/FPnT_SordlandBondPurchase,Player_Romus,en,「ああ、彼に渡してあげる。つまり、あなたの挨拶をだ。」
0x010000520005702B,319,944,Rizia/Turn 4/FPnT_SordlandBondPurchase,Player_Romus,en,「ソードランドの大統領がまだ私のことを覚えていてくださるなんて、光栄に思う。」
0x0100005200057032,319,945,Rizia/Turn 4/FPnT_SordlandBondPurchase,Gus Manger (R),en,「新聞で打ち上げイベントの写真を見ました。正直言って……もし我が国のヴァルケン・クルーガーが陛下の参謀と同じような姿だったら、私ももっと頻繁に参謀会議に出席するでしょう。」
0x010000520005703F,319,949,Rizia/Turn 4/FPnT_SordlandBondPurchase,Narrator,en,私はできるだけ落ち着いた様子で返事をしようと努めた。
0x010000520005704C,319,953,Rizia/Turn 4/FPnT_SordlandBondPurchase,Player_Romus,en,「マンガーさん、あなたは我々リジア人がソードランドに対して持っているあらゆる下品なステレオタイプを裏付けているだけだね。」
0x0100005200057053,319,954,Rizia/Turn 4/FPnT_SordlandBondPurchase,Player_Romus,en,「彼女が美しいと思うのか？私にはそんな気づきはなかった。」
0x010000520005705C,319,955,Rizia/Turn 4/FPnT_SordlandBondPurchase,Player_Romus,en,「はっ！そのお褒めの言葉は彼女に伝えておこう。」
0x0100005200057064,319,956,Rizia/Turn 4/FPnT_SordlandBondPurchase,Player_Romus,en,「アザロ女公爵は高貴な貴婦人であり、私の最も有能な顧問の一人だ。どうか彼女を容姿だけで判断してはいけない。」
0x010000520005706C,319,957,Rizia/Turn 4/FPnT_SordlandBondPurchase,Narrator,en,ヴィナはそのボトルを見たとき、顔がわずかに青ざめた。
0x0100005200057079,319,961,Rizia/Turn 4/FPnT_SordlandBondPurchase,Vina Toras,en,「私には必要ありません、ありがとうございます。」
0x0100005200057086,319,965,Rizia/Turn 4/FPnT_SordlandBondPurchase,Elena Werner,en,「皆様、ご注意ください。十分な量を摂取すると、このワインは真実を語らせる薬剤として作用することがあるのです。」
0x010000520005708D,319,966,Rizia/Turn 4/FPnT_SordlandBondPurchase,Narrator,en,彼女とラウレントは共謀者のような笑みを交わした。
0x010000520005709E,319,967,Rizia/Turn 4/FPnT_SordlandBondPurchase,Narrator,en,その時、第三の料理が運ばれてきた。それはベルギア風のザブラをアレンジしたもので、なめらかなひよこ豆のピューレの上に半熟状態の焼き牛肉のスライスが乗っていた。
0x01000052000570A6,319,968,Rizia/Turn 4/FPnT_SordlandBondPurchase,Narrator,en,ガスの顔が赤くなった。
0x01000052000570AC,319,969,Rizia/Turn 4/FPnT_SordlandBondPurchase,Gus Manger (R),en,「誠に申し訳ございません。それは褒め言葉としてのつもりでした。」
0x01000052000570BA,319,973,Rizia/Turn 4/FPnT_SordlandBondPurchase,Gus Manger (R),en,「陛下、ご自分がお支払いくださるのであればの話です。」
0x01000052000570C3,319,974,Rizia/Turn 4/FPnT_SordlandBondPurchase,Gus Manger (R),en,「私は既に結婚している男ですが、それで目が見えなくなったわけではありません。」
0x010000520006951F,319,977,Rizia/Turn 4/FPnT_SordlandBondPurchase,Narrator,en,我々全員が酒を飲んだ。そのケビジは喉を通るときに痛みを伴った。
0x0100005200069537,319,983,Rizia/Turn 4/FPnT_SordlandBondPurchase,Narrator,en,我々全員が酒を飲んだ。そのケビジは喉を通るときに痛みを伴った。
0x0100005200069556,319,992,Rizia/Turn 4/FPnT_SordlandBondPurchase,Narrator,en,ソードランド人の大臣は、私が持っていたケビジのグラスをじっと見つめてきた。
0x010000520006955D,319,993,Rizia/Turn 4/FPnT_SordlandBondPurchase,Gus Manger (R),en,「陛下、我が国の伝統的な飲み物をお試しになりませんか？」
0x0100005200069564,319,994,Rizia/Turn 4/FPnT_SordlandBondPurchase,Player_Romus,en,「きっと美味しいだろうが、遠慮させていただく。」
0x010000520006956B,319,995,Rizia/Turn 4/FPnT_SordlandBondPurchase,Player_Romus,en,「もちろんだ！申し訳ない、興味深い会話に気を取られていた。」
0x0100005200069572,319,996,Rizia/Turn 4/FPnT_SordlandBondPurchase,Player_Romus,en,「もし、それを飲んでも誰も目が見えなくなったことはないとお約束していただけるなら、飲ませていただく。」
0x0100005200069579,319,997,Rizia/Turn 4/FPnT_SordlandBondPurchase,Narrator,en,私は一口飲んでみた。その酒は喉を焼くようにして流れ込んでいった。
0x0100005200069580,319,998,Rizia/Turn 4/FPnT_SordlandBondPurchase,Narrator,en,ガスは気まずそうに笑った。
0x0100005200069587,319,999,Rizia/Turn 4/FPnT_SordlandBondPurchase,Gus Manger (R),en,「こちらは高級な蒸留所で作られたものです。私どもがリジア王国の国王陛下に手作りの酒をお出しするようなことは決してありません。」
0x010000520006958E,319,1000,Rizia/Turn 4/FPnT_SordlandBondPurchase,Narrator,en,彼は失望の色を浮かべた。
0x0100005200069595,319,1001,Rizia/Turn 4/FPnT_SordlandBondPurchase,Gus Manger (R),en,「陛下の反応を見るのを楽しみにしておりました。まあ、仕方ありませんね。」
0x01000052000695AE,319,1007,Rizia/Turn 4/FPnT_SordlandBondPurchase,Player_Romus,en,「わかった。試してみよう。」
0x01000052000695B6,319,1008,Rizia/Turn 4/FPnT_SordlandBondPurchase,Player_Romus,en,「それでも、恐れ多くもお断りする。」
0x010000BE000062BC,319,1009,Rizia/Turn 4/FPnT_SordlandBondPurchase,Gus Manger (R),en,「我々もそれを実行に移すことを熱望しております。」
0x010000EA000000AB,319,1015,Rizia/Turn 4/FPnT_SordlandBondPurchase,Gus Manger (R),en,「私は自ら膝をつき、直接――」
