articy_id,conversation_id,entry_id,conversation,actor,field,ja
0x0100005200050E44,433,4,Rizia/Turn 9/FPnT_GRACERumburgMeeting,Narrator,en,ベアトリス女王は私をデイトフォートにある自分の田舎の別荘に招き、二人だけで話をする機会を設けてくれたが、その話し合いの内容については何も教えてくれなかった。
0x0100005200050E50,433,5,Rizia/Turn 9/FPnT_GRACERumburgMeeting,Narrator,en,ブランブルトン・マナーの茶室にある大時計が、一連の低く響き渡る鐘の音を発した。
0x0100005200050E5D,433,9,Rizia/Turn 9/FPnT_GRACERumburgMeeting,Narrator,en,我々の国の過去数年間の関係を振り返ってみると、彼女が何について話したいのか予想がついた。
0x0100005200050E6A,433,13,Rizia/Turn 9/FPnT_GRACERumburgMeeting,Narrator,en,パレスでの戦争が長引き続けている様子を振り返っていると、彼女が何について話したいのか私にはだんだん見当がついてきた。
0x0100005200050E77,433,17,Rizia/Turn 9/FPnT_GRACERumburgMeeting,Narrator,en,国際連盟での出来事を振り返っていると、私は彼女が何について話したいのか予想がつき始めた。
0x0100005200050E7E,433,18,Rizia/Turn 9/FPnT_GRACERumburgMeeting,Narrator,en,私は彼女が何について話したいのか気にしなかった。首都を離れて義姉に会えることを嬉しく思っていた。
0x0100005200050E85,433,19,Rizia/Turn 9/FPnT_GRACERumburgMeeting,Narrator,en,時計の五回目の鐘の音が鳴るやいなや、ルンブルクの女王が側近たちに囲まれて戸口に現れた。
0x0100005200050E8F,433,20,Rizia/Turn 9/FPnT_GRACERumburgMeeting,Narrator,en,私は目の前のテーブルを見下ろした。白い磁器製の皿とティーカップの周りには、引き出し一つ分ほどの量の銀食器が置かれていた。
0x0100005200050E9B,433,24,Rizia/Turn 9/FPnT_GRACERumburgMeeting,Narrator,en,私は故妻がルンブルクの高級ティータイムの作法について親切に教えてくれたことを思い出した。
0x0100005200050EA2,433,25,Rizia/Turn 9/FPnT_GRACERumburgMeeting,Narrator,en,最も外側にあったスプーンはスコーンにジャムを塗るためのもので、真ん中のスプーンはお茶をかき混ぜる専用のものであり、一番内側にあったスプーンはプティ・フールを食べるためのものだった。
0x0100005200050EAF,433,29,Rizia/Turn 9/FPnT_GRACERumburgMeeting,Narrator,en,私が出発する前に、パベルはルンブルク流の高級ティータイムの作法について、丁寧に私に教えてくれた。
0x0100005200050EB7,433,30,Rizia/Turn 9/FPnT_GRACERumburgMeeting,Narrator,en,私がルンブルクで何度高級なティータイムを過ごしたとしても、どのスプーンを何に使うべきか全く見当がつかなかった。
0x0100005200050EC1,433,31,Rizia/Turn 9/FPnT_GRACERumburgMeeting,Player_Romus_Italic,en,私は挨拶のために席から立ち上がった。
0x0100005200050EC1,433,31,Rizia/Turn 9/FPnT_GRACERumburgMeeting,Player_Romus_Italic,Menu Text en,立ち上がって彼女を迎える
0x0100005200050EC9,433,32,Rizia/Turn 9/FPnT_GRACERumburgMeeting,Player_Romus_Italic,en,彼女がテーブルに近づいてくる間、私はその場に座ったままだった。
0x0100005200050EC9,433,32,Rizia/Turn 9/FPnT_GRACERumburgMeeting,Player_Romus_Italic,Menu Text en,そのまま座っている
0x0100005200050ED7,433,36,Rizia/Turn 9/FPnT_GRACERumburgMeeting,Narrator,en,彼女は威厳のあるうなずきで私に挨拶を返した。我々二人とも再び座った。
0x0100005200050EDE,433,37,Rizia/Turn 9/FPnT_GRACERumburgMeeting,Beatrice Livingston (R),en,「まあ、陛下。ここにいるのは我々二人だけですよ。」
0x0100005200050EE5,433,38,Rizia/Turn 9/FPnT_GRACERumburgMeeting,Narrator,en,彼女は私に座るよう手振りで示し、その後自分も私の向かい側に腰を下ろした。
0x0100005200050EF1,433,42,Rizia/Turn 9/FPnT_GRACERumburgMeeting,Beatrice Livingston (R),en,「女王様がお見えになってももう立ち上がらないのですか？陛下、本当に変わられましたね。」
0x0100005200050EF7,433,43,Rizia/Turn 9/FPnT_GRACERumburgMeeting,Beatrice Livingston (R),en,「陛下、お目にかかれて誠に光栄です。」
0x0100005200050F00,433,44,Rizia/Turn 9/FPnT_GRACERumburgMeeting,Narrator,en,厳しい表情を浮かべながら、彼女は私の向かいに座った。
0x0100005200050F07,433,45,Rizia/Turn 9/FPnT_GRACERumburgMeeting,Narrator,en,彼女は微笑み、私の向かいに座った。
0x0100005200050F0E,433,46,Rizia/Turn 9/FPnT_GRACERumburgMeeting,Narrator,en,白い手袋をはめた給仕がやってきて、我々二人にお茶を注ぎ、その後小さな砂糖入れを置いていった。
0x0100005200050F1D,433,47,Rizia/Turn 9/FPnT_GRACERumburgMeeting,Player_Romus_Italic,en,私は外側にあるスプーンを手に取り、それを使ってお茶に砂糖をかき混ぜた。
0x0100005200050F1D,433,47,Rizia/Turn 9/FPnT_GRACERumburgMeeting,Player_Romus_Italic,Menu Text en,外側のスプーンを使って砂糖をかき混ぜる
0x0100005200050F25,433,48,Rizia/Turn 9/FPnT_GRACERumburgMeeting,Player_Romus_Italic,en,私は真ん中にあったスプーンを取り上げ、それを使ってお茶に砂糖をかき混ぜた。
0x0100005200050F25,433,48,Rizia/Turn 9/FPnT_GRACERumburgMeeting,Player_Romus_Italic,Menu Text en,中央のスプーンを使って砂糖をかき混ぜる
0x0100005200050F2D,433,49,Rizia/Turn 9/FPnT_GRACERumburgMeeting,Player_Romus_Italic,en,私は内側にあるスプーンを手に取り、それを使ってお茶に砂糖をかき混ぜた。
0x0100005200050F2D,433,49,Rizia/Turn 9/FPnT_GRACERumburgMeeting,Player_Romus_Italic,Menu Text en,内側のスプーンを使って砂糖をかき混ぜる
0x0100005200050F35,433,50,Rizia/Turn 9/FPnT_GRACERumburgMeeting,Narrator,en,ベアトリス女王は満足そうに微笑み、同じようにした。
0x0100005200050F43,433,51,Rizia/Turn 9/FPnT_GRACERumburgMeeting,Narrator,en,ベアトリス女王の顔には苛立ちの色が浮かんだ。
0x0100005200050F52,433,55,Rizia/Turn 9/FPnT_GRACERumburgMeeting,Beatrice Livingston (R),en,「それでは陛下、私がなぜ陛下をここにお呼びしたのか、ご存知でしょう。」
0x0100005200050F5F,433,59,Rizia/Turn 9/FPnT_GRACERumburgMeeting,Player_Romus,en,「ヴィナのための遅ればせながらの結婚祝いをくださるということか？」
0x0100005200050F66,433,60,Rizia/Turn 9/FPnT_GRACERumburgMeeting,Player_Romus,en,「国際連盟で我々に制裁を科したことを謝罪するためか？」
0x0100005200050F73,433,64,Rizia/Turn 9/FPnT_GRACERumburgMeeting,Player_Romus,en,「教えてくれ。」
0x0100005200050F7A,433,65,Rizia/Turn 9/FPnT_GRACERumburgMeeting,Player_Romus,en,「私としても、ある程度推測することは可能だ。」
0x0100005200050F86,433,69,Rizia/Turn 9/FPnT_GRACERumburgMeeting,Player_Romus,en,「申し訳ない、ベア様。現在、インテルメルコプムへの申請は受け付けておらない。」
0x0100005200050F8E,433,70,Rizia/Turn 9/FPnT_GRACERumburgMeeting,Beatrice Livingston (R),en,「笑わせないでください。」
0x0100005200050F96,433,71,Rizia/Turn 9/FPnT_GRACERumburgMeeting,Beatrice Livingston (R),en,「そんなこと、私が関わりたいものですか。」
0x0100005200050FA6,433,75,Rizia/Turn 9/FPnT_GRACERumburgMeeting,Beatrice Livingston (R),en,「リジアは世界中で恥をかいてしまいました。国際連盟全体もそのことに同意しています。」
0x0100005200050FAD,433,76,Rizia/Turn 9/FPnT_GRACERumburgMeeting,Beatrice Livingston (R),en,「その愚かな地域同盟を作って、我々の傷口に塩を塗り込むような真似をしたのですね。」
0x0100005200050FC2,433,80,Rizia/Turn 9/FPnT_GRACERumburgMeeting,Beatrice Livingston (R),en,「私は、義兄が自ら積極的に他人との関係に加わるようなことをするとは全く知りませんでした。」
0x0100005200050FD0,433,84,Rizia/Turn 9/FPnT_GRACERumburgMeeting,Beatrice Livingston (R),en,「陛下、かつては豊富であった国の資源が次第に減少しており、それに伴いルンブルクにとっての陛下の役立ち度も低下してきています。」
0x0100005200050FE3,433,88,Rizia/Turn 9/FPnT_GRACERumburgMeeting,Beatrice Livingston (R),en,「私が聞いている報告によれば、至る所で暴動が起きているとのことです……かつて偉大だったあなたの王国としては実に見苦しい光景ですね。」
0x0100005200050FEC,433,89,Rizia/Turn 9/FPnT_GRACERumburgMeeting,Beatrice Livingston (R),en,「それに加えて――」
0x0100005200050FF4,433,90,Rizia/Turn 9/FPnT_GRACERumburgMeeting,Narrator,en,我々の侍従が、熱々のスコーンが入った銀製のトレイと、ローズヒップジャムが入ったクリスタルの小皿を持って戻ってきた。
0x0100005200050FFB,433,91,Rizia/Turn 9/FPnT_GRACERumburgMeeting,Player_Romus_Italic,en,私は外側にあるスプーンを手に取り、それを使ってスコーンの一つにジャムを塗った。
0x0100005200050FFB,433,91,Rizia/Turn 9/FPnT_GRACERumburgMeeting,Player_Romus_Italic,Menu Text en,外側のスプーンを使って、スコーンにジャムを塗る
0x0100005200051002,433,92,Rizia/Turn 9/FPnT_GRACERumburgMeeting,Player_Romus_Italic,en,私は真ん中にあったスプーンを手に取り、そのスプーンを使ってスコーンの一つにジャムを塗った。
0x0100005200051002,433,92,Rizia/Turn 9/FPnT_GRACERumburgMeeting,Player_Romus_Italic,Menu Text en,真ん中のスプーンを使って、スコーンにジャムを塗る
0x0100005200051009,433,93,Rizia/Turn 9/FPnT_GRACERumburgMeeting,Player_Romus_Italic,en,私は内側にあるスプーンを手に取り、それを使ってスコーンの一つにジャムを塗った。
0x0100005200051009,433,93,Rizia/Turn 9/FPnT_GRACERumburgMeeting,Player_Romus_Italic,Menu Text en,内側のスプーンを使って、スコーンにジャムを塗る
0x0100005200051013,433,94,Rizia/Turn 9/FPnT_GRACERumburgMeeting,Beatrice Livingston (R),en,「それに、あなたはまともなスコーンにジャムを塗る方法すら知らないのですね！」
0x010000520005101B,433,95,Rizia/Turn 9/FPnT_GRACERumburgMeeting,Beatrice Livingston (R),en,「お茶の作法をよく覚えておられますね。実に素晴らしいです。」
0x0100005200051022,433,96,Rizia/Turn 9/FPnT_GRACERumburgMeeting,Beatrice Livingston (R),en,「しかし、それだけでは陛下と我々の間の溝を埋めるには不十分です。」
0x0100005200051029,433,97,Rizia/Turn 9/FPnT_GRACERumburgMeeting,Beatrice Livingston (R),en,「陛下、我々の間の亀裂はあまりにも深く、もはや修復することは不可能です。」
0x0100005200051037,433,101,Rizia/Turn 9/FPnT_GRACERumburgMeeting,Beatrice Livingston (R),en,「陛下、これから起こることに対して、あなた様には十分な覚悟も忍耐力も備わっていないのではないかと私は恐れております。」
0x010000520005103E,433,102,Rizia/Turn 9/FPnT_GRACERumburgMeeting,Player_Romus,en,「何が起ころうとしているのか、あなた？」
0x0100005200051045,433,103,Rizia/Turn 9/FPnT_GRACERumburgMeeting,Player_Romus,en,「お察しする。あなたはソードランドに関わる何かを企んでいるのだね。」
0x0100005200051051,433,107,Rizia/Turn 9/FPnT_GRACERumburgMeeting,Beatrice Livingston (R),en,「陛下、あなた様は最も忠実な貿易パートナーたちを見捨ててしまわれました……」
0x010000520005105F,433,111,Rizia/Turn 9/FPnT_GRACERumburgMeeting,Beatrice Livingston (R),en,「その愚かな地域同盟を作ったことで、陛下は最も忠実な貿易相手国たちを見捨ててしまったのです。」
0x0100005200051068,433,112,Rizia/Turn 9/FPnT_GRACERumburgMeeting,Player_Romus,en,「あなたには決して及ばないほど、私には覚悟があるのだ、ベアトリス。」
0x010000520005106F,433,113,Rizia/Turn 9/FPnT_GRACERumburgMeeting,Beatrice Livingston (R),en,「ああ、もうすぐわかるでしょう。」
0x0100005200051076,433,114,Rizia/Turn 9/FPnT_GRACERumburgMeeting,Beatrice Livingston (R),en,「もし私がそうするつもりなら、あなたのようなソードランド好きには絶対に教えません。」
0x0100005200051083,433,118,Rizia/Turn 9/FPnT_GRACERumburgMeeting,Beatrice Livingston (R),en,「ばかげた非難をして回らないでください、陛下。ロムス。」
0x010000520005108A,433,119,Rizia/Turn 9/FPnT_GRACERumburgMeeting,Beatrice Livingston (R),en,「陛下、ルンブルクの玉座においては一分と持ちこたえられないでしょう。」
0x0100005200051097,433,123,Rizia/Turn 9/FPnT_GRACERumburgMeeting,Beatrice Livingston (R),en,「陛下、ルンブルクの王位においては一分たりとも耐えられないでしょう。そのことはレナ自身が私に語ってくれました。」
0x010000520005109E,433,124,Rizia/Turn 9/FPnT_GRACERumburgMeeting,Narrator,en,彼女は背筋を伸ばし、冷たい目で私を見つめた。
0x01000052000510AA,433,125,Rizia/Turn 9/FPnT_GRACERumburgMeeting,Beatrice Livingston (R),en,「他の者たちと話をしました。陛下の『GRACE』会員資格は即座に取り消されます。」
0x01000052000510BD,433,127,Rizia/Turn 9/FPnT_GRACERumburgMeeting,Player_Romus,en,「リジアはとっくにGRACEなど不要な状態になっているのだ。」
0x01000052000510CA,433,131,Rizia/Turn 9/FPnT_GRACERumburgMeeting,Player_Romus,en,「君主制の時代は終わった。お前たちは遅かれ早かれ滅びるだろう。」
0x01000052000510D1,433,132,Rizia/Turn 9/FPnT_GRACERumburgMeeting,Player_Romus,en,「あなたのその決断に対して、私は何の恨みも抱いていない。あなたはずっと私にとって家族だ。」
0x01000052000510D8,433,133,Rizia/Turn 9/FPnT_GRACERumburgMeeting,Player_Romus,en,「当然の流れだ。結局のところ、地政学的な関係は時と共に変化していくものだから。」
0x01000052000510E6,433,137,Rizia/Turn 9/FPnT_GRACERumburgMeeting,Player_Romus,en,「インテルメルコプムを脅威とは思わないでいただきたいのだ。我々は引き続き何らかの形で協力し合うことができる。」
0x01000052000510ED,433,138,Rizia/Turn 9/FPnT_GRACERumburgMeeting,Beatrice Livingston (R),en,「我々がいなければ、あなた様は決して戦争に勝つことはできません。それだけは確かです。」
0x01000052000510FD,433,142,Rizia/Turn 9/FPnT_GRACERumburgMeeting,Beatrice Livingston (R),en,「気にするな。あなた様は自分の優先事項をはっきりと示されました。」
0x010000520005110A,433,146,Rizia/Turn 9/FPnT_GRACERumburgMeeting,Beatrice Livingston (R),en,「陛下、あなた様は私の家族ではありません。私の姪が家族です。そしてあなた様が彼女を追い払ったのです。」
0x0100005200051117,433,150,Rizia/Turn 9/FPnT_GRACERumburgMeeting,Beatrice Livingston (R),en,「陛下、あなた様は私の家族ではありません。私の姪が家族です。そしてあなた様は彼女をパレスで苦しむまま放置したのです。」
0x0100005200051124,433,154,Rizia/Turn 9/FPnT_GRACERumburgMeeting,Beatrice Livingston (R),en,「陛下、あなた様は私の家族ではありません。私の姪が家族です。そしてあなたとあのアザロ家の女は、彼女の生まれ持った権利を奪うために共謀しているのです。」
0x010000520005112B,433,155,Rizia/Turn 9/FPnT_GRACERumburgMeeting,Beatrice Livingston (R),en,「もしヴィナを訪れる際に偶然お会いすることがあれば、丁重に接します。それだけしか約束できません。」
0x0100005200051132,433,156,Rizia/Turn 9/FPnT_GRACERumburgMeeting,Beatrice Livingston (R),en,「我々がいなければ、超大国に対して決して立ち向かうことはできません。それだけは確かです。」
0x0100005200051139,433,157,Rizia/Turn 9/FPnT_GRACERumburgMeeting,Narrator,en,我々の使用人がテーブルから食べ残されたスコーンを片付けた。彼の同僚二人が、ペチフールでいっぱいになった大きなエタジェールを丁寧に置いた。
0x010000520005114C,433,158,Rizia/Turn 9/FPnT_GRACERumburgMeeting,Player_Romus_Italic,en,私は外側にあるスプーンを手に取り、それを使ってプティ・フールの一つを食べた。
0x010000520005114C,433,158,Rizia/Turn 9/FPnT_GRACERumburgMeeting,Player_Romus_Italic,Menu Text en,外側のスプーンを使ってプティ・フールを食べる
0x0100005200051153,433,159,Rizia/Turn 9/FPnT_GRACERumburgMeeting,Player_Romus_Italic,en,私は真ん中にあったスプーンを手に取り、それを使ってプティ・フールの一つを食べた。
0x0100005200051153,433,159,Rizia/Turn 9/FPnT_GRACERumburgMeeting,Player_Romus_Italic,Menu Text en,中央のスプーンを使ってプティ・フールを食べる
0x010000520005115A,433,160,Rizia/Turn 9/FPnT_GRACERumburgMeeting,Player_Romus_Italic,en,私は内側にあるスプーンを取り上げ、それを使ってプティ・フールの一つを食べた。
0x010000520005115A,433,160,Rizia/Turn 9/FPnT_GRACERumburgMeeting,Player_Romus_Italic,Menu Text en,内側のスプーンを使ってプティ・フールを食べる
0x0100005200051167,433,161,Rizia/Turn 9/FPnT_GRACERumburgMeeting,Player_Romus_Italic,en,私は中指を空に向かって立て、女王に見せた。
0x0100005200051167,433,161,Rizia/Turn 9/FPnT_GRACERumburgMeeting,Player_Romus_Italic,Menu Text en,ベアトリス女王に中指を立てる
0x010000520005116F,433,162,Rizia/Turn 9/FPnT_GRACERumburgMeeting,Narrator,en,ベアトリス女王は衝撃で身を引いた。
0x0100005200051176,433,163,Rizia/Turn 9/FPnT_GRACERumburgMeeting,Beatrice Livingston (R),en,「そういうことでしたか。これほど長い年月が経っても……」
0x010000520005117D,433,164,Rizia/Turn 9/FPnT_GRACERumburgMeeting,Beatrice Livingston (R),en,「陛下、あなた様とご自身の近衛兵のために幸運がありますように。これからはそれが必要でしょう。」
0x0100005200051184,433,165,Rizia/Turn 9/FPnT_GRACERumburgMeeting,Narrator,en,彼女は立ち上がると、怒った様子でその場を去っていった。
0x0100005200051189,433,166,Rizia/Turn 9/FPnT_GRACERumburgMeeting,Beatrice Livingston (R),en,「今のあなたの振る舞いは、我々の茶文化を愚弄しているに過ぎません。もう十分です、陛下。」
0x01000052000511A0,433,170,Rizia/Turn 9/FPnT_GRACERumburgMeeting,Beatrice Livingston (R),en,「まあ、少なくとも我々が文明人らしくお茶を楽しめることは嬉しいですね。」
0x01000052000511B1,433,174,Rizia/Turn 9/FPnT_GRACERumburgMeeting,Beatrice Livingston (R),en,「それは単なる推測に過ぎませんでしたね、陛下？」
0x01000052000511BA,433,175,Rizia/Turn 9/FPnT_GRACERumburgMeeting,Player_Romus,en,「私もだ。」
0x01000052000511C1,433,176,Rizia/Turn 9/FPnT_GRACERumburgMeeting,Player_Romus,en,「どのスプーンを使おうと何の問題があるというのか？どれも見た目は同じだから。」
0x01000052000511C8,433,177,Rizia/Turn 9/FPnT_GRACERumburgMeeting,Player_Romus,en,「ベアトリス女王、お会いできて光栄だった。」
0x01000052000511CF,433,178,Rizia/Turn 9/FPnT_GRACERumburgMeeting,Beatrice Livingston (R),en,「ふむ。」
0x01000052000511D8,433,179,Rizia/Turn 9/FPnT_GRACERumburgMeeting,Narrator,en,我々は立ち上がって握手を交わした。彼女の付き人たちが私を部屋から連れ出す間、私はテーブルの上にあるほぼ満杯のお茶の入ったカップにもう一度目をやった。
0x01000052000511DF,433,180,Rizia/Turn 9/FPnT_GRACERumburgMeeting,Narrator,en,私は元々、それが好きではなかったのだ。
0x01000052000511E9,433,181,Rizia/Turn 9/FPnT_GRACERumburgMeeting,Player_Romus,en,「どのスプーンを使えばいいかはよく分かっている、ありがとう。」
0x01000052000511F1,433,182,Rizia/Turn 9/FPnT_GRACERumburgMeeting,Player_Romus,en,「確かに。たとえ我々がルンブルクから離れてしまったからといって、野蛮人になったわけではない。」
0x01000052000511F8,433,183,Rizia/Turn 9/FPnT_GRACERumburgMeeting,Player_Romus,en,「私はただ推測しているだけだ。どのスプーンを使っても実際は気にしない。」
0x01000052000511FF,433,184,Rizia/Turn 9/FPnT_GRACERumburgMeeting,Player_Romus,en,「誰と比べて文明人だというのか？」
0x0100005200051207,433,185,Rizia/Turn 9/FPnT_GRACERumburgMeeting,Narrator,en,侍従たちが私を部屋の外へ案内していく間、私はテーブルの上にあるほぼ満杯のお茶の入ったカップにもう一度目をやった。
0x0100005200051210,433,186,Rizia/Turn 9/FPnT_GRACERumburgMeeting,Beatrice Livingston (R),en,「はあ。陛下のお訪れが恋しくなることでしょう。」
0x0100005200051217,433,187,Rizia/Turn 9/FPnT_GRACERumburgMeeting,Narrator,en,我々は立ち上がって握手を交わした。彼女の付き人たちが私を部屋から連れ出す間、私はテーブルの上にある半分ほど残ったお茶の入ったカップにもう一度目をやった。
0x0100005200051220,433,188,Rizia/Turn 9/FPnT_GRACERumburgMeeting,Beatrice Livingston (R),en,「一度だけ、お答えしましょう。」
0x0100005200051228,433,189,Rizia/Turn 9/FPnT_GRACERumburgMeeting,Beatrice Livingston (R),en,「陛下、その戦争の進捗はいかがでしょうか？」
0x010000520005123B,433,193,Rizia/Turn 9/FPnT_GRACERumburgMeeting,Player_Romus,en,「順調だ。非常にスムーズに進んでおり、最終的な勝利も視野に入っている。」
0x0100005200051242,433,194,Rizia/Turn 9/FPnT_GRACERumburgMeeting,Player_Romus,en,「お茶の時間にそういった話を持ち出すのは無礼だということを、あなたも知っているだろう。」
0x0100005200051249,433,195,Rizia/Turn 9/FPnT_GRACERumburgMeeting,Player_Romus,en,「神が我が軍を必勝へと導いておられる。」
0x0100005200051256,433,199,Rizia/Turn 9/FPnT_GRACERumburgMeeting,Player_Romus,en,「その件だが……再びルンブルクの助けを借りることができるかと思う。」
0x010000520005125D,433,200,Rizia/Turn 9/FPnT_GRACERumburgMeeting,Beatrice Livingston (R),en,「まさか、冗談ではありませんね。」
0x0100005200051264,433,201,Rizia/Turn 9/FPnT_GRACERumburgMeeting,Beatrice Livingston (R),en,「我々は家族です。何でも気軽に話してくださって構いません。」
0x0100005200051271,433,202,Rizia/Turn 9/FPnT_GRACERumburgMeeting,Beatrice Livingston (R),en,「そうでしょうか？」
0x0100005200051299,433,209,Rizia/Turn 9/FPnT_GRACERumburgMeeting,Beatrice Livingston (R),en,「そんなに謙遜しなくてもよいのです。」
0x01000052000512A2,433,210,Rizia/Turn 9/FPnT_GRACERumburgMeeting,Beatrice Livingston (R),en,「『黄金の盾作戦』におけるリジアの勝利を知り、私は大変嬉しく思いました。」
0x01000052000512A9,433,211,Rizia/Turn 9/FPnT_GRACERumburgMeeting,Beatrice Livingston (R),en,「ルンブルクが全力で支援しようとしたにもかかわらず、陛下が『黄金の盾作戦』を失敗させてしまったのは実に悲劇的なことでした。」
0x01000052000512BD,433,215,Rizia/Turn 9/FPnT_GRACERumburgMeeting,Beatrice Livingston (R),en,「しかし『完全な平穏』について言えば……陛下の軍隊には十分な力が備わっていないのではと心配しております。」
0x01000052000512C9,433,219,Rizia/Turn 9/FPnT_GRACERumburgMeeting,Beatrice Livingston (R),en,「今のところ陛下は行き詰まっており、出口が見えないようですね。」
0x01000052000512D4,433,220,Rizia/Turn 9/FPnT_GRACERumburgMeeting,Beatrice Livingston (R),en,「私もまた、『完全な平和』作戦における陛下の進展を息を潜めて見守ってまいりました。」
0x01000052000512DE,433,221,Rizia/Turn 9/FPnT_GRACERumburgMeeting,Beatrice Livingston (R),en,「我々の可哀想なヴィナは依然として敵陣深くにいて、もし生きているとすればの話ですが...」
0x01000052000512EA,433,225,Rizia/Turn 9/FPnT_GRACERumburgMeeting,Beatrice Livingston (R),en,「国際連盟があなた方に敵対し始めました...」
0x01000052000512F8,433,229,Rizia/Turn 9/FPnT_GRACERumburgMeeting,Beatrice Livingston (R),en,「陛下、貴国の兵士たちは敵に銃口を向けるべき方向さえ分かっていないようですね。」
0x0100005200051307,433,233,Rizia/Turn 9/FPnT_GRACERumburgMeeting,Beatrice Livingston (R),en,「たとえ倒した敵の数は少ないものの、ご自身ならではの戦い方でうまくやっているようですね、陛下。」
0x010000520005130E,433,234,Rizia/Turn 9/FPnT_GRACERumburgMeeting,Beatrice Livingston (R),en,「陛下、かなりの数の敵を倒しておられますね。」
0x0100005200051315,433,235,Rizia/Turn 9/FPnT_GRACERumburgMeeting,Beatrice Livingston (R),en,「もし間違っていたら訂正してください、陛下。ですが、リジアはかなり窮地に陥っているようですね。」
0x010000520005131D,433,236,Rizia/Turn 9/FPnT_GRACERumburgMeeting,Narrator,en,我々の侍従が、熱々のスコーンが入った銀製のトレイと、ローズヒップジャムが入ったクリスタルの小皿を持って戻ってきた。
0x0100005200051323,433,237,Rizia/Turn 9/FPnT_GRACERumburgMeeting,Player_Romus_Italic,en,私は外側にあるスプーンを手に取り、それを使ってスコーンの一つにジャムを塗った。
0x0100005200051323,433,237,Rizia/Turn 9/FPnT_GRACERumburgMeeting,Player_Romus_Italic,Menu Text en,外側のスプーンを使って、スコーンにジャムを塗る
0x010000520005132A,433,238,Rizia/Turn 9/FPnT_GRACERumburgMeeting,Player_Romus_Italic,en,私は真ん中にあったスプーンを手に取り、そのスプーンを使ってスコーンの一つにジャムを塗った。
0x010000520005132A,433,238,Rizia/Turn 9/FPnT_GRACERumburgMeeting,Player_Romus_Italic,Menu Text en,真ん中のスプーンを使って、スコーンにジャムを塗る
0x0100005200051331,433,239,Rizia/Turn 9/FPnT_GRACERumburgMeeting,Player_Romus_Italic,en,私は内側にあるスプーンを手に取り、それを使ってスコーンの一つにジャムを塗った。
0x0100005200051331,433,239,Rizia/Turn 9/FPnT_GRACERumburgMeeting,Player_Romus_Italic,Menu Text en,内側のスプーンを使って、スコーンにジャムを塗る
0x0100005200051338,433,240,Rizia/Turn 9/FPnT_GRACERumburgMeeting,Beatrice Livingston (R),en,「陛下、見てください。あんなに簡単なスコーンにジャムを塗る正しい方法さえご存じないではありませんか。」
0x010000520005133E,433,241,Rizia/Turn 9/FPnT_GRACERumburgMeeting,Beatrice Livingston (R),en,「陛下、お茶の作法を思い出されましたね。まだすべてが失われたわけではありません。」
0x0100005200051355,433,246,Rizia/Turn 9/FPnT_GRACERumburgMeeting,Beatrice Livingston (R),en,「確かに、この戦争が進む中で我々のヴィナがもう帰還しているだろうと思っていました。」
0x0100005200051360,433,250,Rizia/Turn 9/FPnT_GRACERumburgMeeting,Beatrice Livingston (R),en,「もちろん、国際連盟があなた方に背を向けるとは思ってもみませんでした...」
0x010000520005136C,433,251,Rizia/Turn 9/FPnT_GRACERumburgMeeting,Beatrice Livingston (R),en,「全体として、戦局の行方はまだ全く決まっていない。しかし、陛下の王国がパレス人たちに痛烈な教訓を与えてくれることを信じています。」
0x010000520005137B,433,255,Rizia/Turn 9/FPnT_GRACERumburgMeeting,Beatrice Livingston (R),en,「それにしても、私の信頼は間違っていたのかもしれません。あなたはくそったれのスコーンにジャムを塗る正しい方法すら知らないのですから。」
0x0100005200051382,433,256,Rizia/Turn 9/FPnT_GRACERumburgMeeting,Player_Romus,en,「姉上、私へのご信頼に感謝する。必ずリジアとルンブルクのために勝利をもたらしよう。」
0x010000520005138D,433,260,Rizia/Turn 9/FPnT_GRACERumburgMeeting,Beatrice Livingston (R),en,「陛下がお茶の作法を覚えていらっしゃるということは、私の自信をさらに高めてくださいます。」
0x0100005200051397,433,261,Rizia/Turn 9/FPnT_GRACERumburgMeeting,Player_Romus,en,「頼むつもりはない。だが、我々のために何かしていただけることはあるだろうか？」
0x010000520005139F,433,262,Rizia/Turn 9/FPnT_GRACERumburgMeeting,Player_Romus,en,「どうか、ベアトリス。ルンブルクが他の君主制国家を助けてはいけないのだろうか？」
0x01000052000513A7,433,263,Rizia/Turn 9/FPnT_GRACERumburgMeeting,Player_Romus,en,「状況はあなたが言うほど悪くはない。すべてをコントロールしている。」
0x01000052000513AF,433,264,Rizia/Turn 9/FPnT_GRACERumburgMeeting,Player_Romus,en,「見た目は順調に見えるかもしれないが、我々の兵士たちは外で苦しんでいる。我々を助けるために何かしてくれないか？」
0x01000052000513B7,433,265,Rizia/Turn 9/FPnT_GRACERumburgMeeting,Player_Romus,en,「我々が勝つことは間違いない。だが、ルンブルクからの追加的な支援があれば何の問題もない。」
0x01000052000513BE,433,266,Rizia/Turn 9/FPnT_GRACERumburgMeeting,Beatrice Livingston (R),en,「陛下、あなたなら必ずやり遂げてくださることを私は知っております。」
0x01000052000513C5,433,267,Rizia/Turn 9/FPnT_GRACERumburgMeeting,Beatrice Livingston (R),en,「残念ですが、さらなる軍事援助の提供は不可能でしょう。」
0x01000052000513CE,433,268,Rizia/Turn 9/FPnT_GRACERumburgMeeting,Beatrice Livingston (R),en,「これから起こる事態に備え、我々には持てるものすべてが必要です。」
0x01000052000513DB,433,272,Rizia/Turn 9/FPnT_GRACERumburgMeeting,Player_Romus,en,「何が起ころうとしているのか、あなた？」
0x01000052000513E1,433,273,Rizia/Turn 9/FPnT_GRACERumburgMeeting,Player_Romus,en,「お察しする。あなたはソードランドに対して何かを企んでいるのだね。」
0x01000052000513EC,433,277,Rizia/Turn 9/FPnT_GRACERumburgMeeting,Beatrice Livingston (R),en,「ああ、もうすぐわかるでしょう。」
0x01000052000513F2,433,278,Rizia/Turn 9/FPnT_GRACERumburgMeeting,Beatrice Livingston (R),en,「もし我々がそうするなら、あなたは駆けて行って、新しくできたブルディア人の友人たちにすべてを話すのですか？」
0x01000052000513F8,433,279,Rizia/Turn 9/FPnT_GRACERumburgMeeting,Beatrice Livingston (R),en,「しーっ。あちこちに彼らの耳があるのです。」
0x0100005200051403,433,280,Rizia/Turn 9/FPnT_GRACERumburgMeeting,Player_Romus,en,「その考えは気に入らない。」
0x010000520005140A,433,281,Rizia/Turn 9/FPnT_GRACERumburgMeeting,Beatrice Livingston (R),en,「心配なさらないでください。それは陛下の王国に介入を求めるようなことではありません。」
0x0100005200051411,433,282,Rizia/Turn 9/FPnT_GRACERumburgMeeting,Beatrice Livingston (R),en,「今のところルンブルクでは全て平穏です。しかし、我々のような隣国がいる以上、最悪の事態に備えなければなりません。」
0x0100005200051418,433,283,Rizia/Turn 9/FPnT_GRACERumburgMeeting,Beatrice Livingston (R),en,「陛下、私がご提供できるのは平和をもたらす機会です。」
0x0100005200051425,433,284,Rizia/Turn 9/FPnT_GRACERumburgMeeting,Player_Romus,en,「私は平和など望まない。アレス湾を血で真っ赤に染め上げたいのだ。」
0x010000520005142C,433,285,Rizia/Turn 9/FPnT_GRACERumburgMeeting,Player_Romus,en,「その考え、気に入った。もっと詳しく聞かせてくれ。」
0x0100005200051439,433,289,Rizia/Turn 9/FPnT_GRACERumburgMeeting,Player_Romus,en,「私が望んできたのは常に平和だけだ。戦争を好むのはパレス人たちなのだ。」
0x0100005200051440,433,290,Rizia/Turn 9/FPnT_GRACERumburgMeeting,Player_Romus,en,「パレスが我々のものになるまで、平和は訪れないだろう。」
0x0100005200051447,433,291,Rizia/Turn 9/FPnT_GRACERumburgMeeting,Beatrice Livingston (R),en,「パレスなど、ルンブルクに比べればほんの塵に過ぎません。」
0x010000520005144E,433,292,Rizia/Turn 9/FPnT_GRACERumburgMeeting,Beatrice Livingston (R),en,「陛下、お命じいただければ、私の王国が介入して停戦を仲介いたします。」
0x0100005200051455,433,293,Rizia/Turn 9/FPnT_GRACERumburgMeeting,Beatrice Livingston (R),en,「リジア人とパレス人の死者数は、第三者が介入しない限りますます増え続けるでしょう。ルンブルクがその第三者になり得ます。」
0x0100005200051463,433,297,Rizia/Turn 9/FPnT_GRACERumburgMeeting,Beatrice Livingston (R),en,「戦争が続けば、そこはあなたの血で赤く染まるでしょう。」
0x0100005200051472,433,301,Rizia/Turn 9/FPnT_GRACERumburgMeeting,Beatrice Livingston (R),en,「戦争が続けば、そこはヴィナの血で赤く染まるでしょう。」
0x010000520005147A,433,302,Rizia/Turn 9/FPnT_GRACERumburgMeeting,Beatrice Livingston (R),en,「ならば血で赤く染まるがよい。だがそのために我々の助けは必要ない。」
0x0100005200051486,433,306,Rizia/Turn 9/FPnT_GRACERumburgMeeting,Beatrice Livingston (R),en,「そのようなことになる前に、何千人ものリジア人が命を落とすでしょう。」
0x0100005200051491,433,310,Rizia/Turn 9/FPnT_GRACERumburgMeeting,Beatrice Livingston (R),en,「そのようなことになる前に、ヴィナは命を落とすかもしれません。」
0x010000520005149D,433,311,Rizia/Turn 9/FPnT_GRACERumburgMeeting,Beatrice Livingston (R),en,「それならばぜひとも戦い続けてください。そのために我々の助けは必要ありません。」
0x01000052000514A4,433,312,Rizia/Turn 9/FPnT_GRACERumburgMeeting,Beatrice Livingston (R),en,「私自身、調停に必要な忍耐力が欠けていることを認めます。ですが、我が国の外務省は紛争解決に極めて長けております。」
0x01000052000514B0,433,313,Rizia/Turn 9/FPnT_GRACERumburgMeeting,Beatrice Livingston (R),en,「よく考えてください。これを数日のうちに終わらせることができ、もはや一滴の血も流す必要はありません。」
0x01000052000514B7,433,314,Rizia/Turn 9/FPnT_GRACERumburgMeeting,Beatrice Livingston (R),en,「もちろん、アウレウス・ガス田にさらなる被害が及ぶ危険もありません。」
0x01000052000514C4,433,318,Rizia/Turn 9/FPnT_GRACERumburgMeeting,Beatrice Livingston (R),en,「もっと重要なのは……ついにヴィナを故郷に連れ帰ることができるという点です。」
0x01000052000514CB,433,319,Rizia/Turn 9/FPnT_GRACERumburgMeeting,Beatrice Livingston (R),en,「陛下、おそらくご自身ではそう思われているのでしょう。ですがどうか最後までお聞き届けください。」
0x01000052000514D3,433,320,Rizia/Turn 9/FPnT_GRACERumburgMeeting,Player_Romus,en,「そのご厚意に感謝する。しかしリジアはこの戦争に勝つ力を十分に持っている。どうか時間をください。」
0x01000052000514DB,433,321,Rizia/Turn 9/FPnT_GRACERumburgMeeting,Player_Romus,en,「ルンブルクには利害の対立が多すぎる。あなた方は決して中立的な第三者ではない。」
0x01000052000514E3,433,322,Rizia/Turn 9/FPnT_GRACERumburgMeeting,Player_Romus,en,「あなたの申し出を受け入れる、ベアトリス女王。もはやパレス戦争に終止符を打つ時だ。」
0x01000052000514F5,433,323,Rizia/Turn 9/FPnT_GRACERumburgMeeting,Beatrice Livingston (R),en,「今の時代、中立な者などいません。キルートでさえもです。」
0x0100005200051502,433,327,Rizia/Turn 9/FPnT_GRACERumburgMeeting,Narrator,en,彼女は疑いの眼差しで頷いた。
0x0100005200051509,433,328,Rizia/Turn 9/FPnT_GRACERumburgMeeting,Beatrice Livingston (R),en,「わかりました。では、ご自身でご対処ください。」
0x0100005200051510,433,329,Rizia/Turn 9/FPnT_GRACERumburgMeeting,Narrator,en,彼女はお茶を一口飲んだ。さらに二人の給仕が、ペティフォールでいっぱいの高いエタジェルを丁寧に置いた。
0x0100005200051516,433,330,Rizia/Turn 9/FPnT_GRACERumburgMeeting,Player_Romus_Italic,en,私は外側にあるスプーンを手に取り、それを使ってプティ・フールの一つを食べた。
0x0100005200051516,433,330,Rizia/Turn 9/FPnT_GRACERumburgMeeting,Player_Romus_Italic,Menu Text en,外側のスプーンを使ってプティ・フールを食べる
0x010000520005151D,433,331,Rizia/Turn 9/FPnT_GRACERumburgMeeting,Player_Romus_Italic,en,私は真ん中にあったスプーンを手に取り、それを使ってプティ・フールの一つを食べた。
0x010000520005151D,433,331,Rizia/Turn 9/FPnT_GRACERumburgMeeting,Player_Romus_Italic,Menu Text en,中央のスプーンを使ってプティ・フールを食べる
0x0100005200051524,433,332,Rizia/Turn 9/FPnT_GRACERumburgMeeting,Player_Romus_Italic,en,私は内側にあるスプーンを取り上げ、それを使ってプティ・フールの一つを食べた。
0x0100005200051524,433,332,Rizia/Turn 9/FPnT_GRACERumburgMeeting,Player_Romus_Italic,Menu Text en,内側のスプーンを使ってプティ・フールを食べる
0x0100005200051531,433,333,Rizia/Turn 9/FPnT_GRACERumburgMeeting,Narrator,en,我々の侍従が細い毛のブラシを使ってテーブルのスコーンのかけらを掃除している間、彼女は少し間を置いた。
0x010000520005153A,433,335,Rizia/Turn 9/FPnT_GRACERumburgMeeting,Player_Romus,en,「あなたにとって、それで何の利益があるのか？」
0x0100005200051548,433,339,Rizia/Turn 9/FPnT_GRACERumburgMeeting,Beatrice Livingston (R),en,「私の愛する姪が生き延びていけるという保証以外に、何があるというのですか？」
0x010000520005154F,433,340,Rizia/Turn 9/FPnT_GRACERumburgMeeting,Beatrice Livingston (R),en,「この戦争により、リジアが貿易相手国およびGRACEのメンバーとして持つ能力に悪影響が及んでいます。」
0x010000520005155D,433,344,Rizia/Turn 9/FPnT_GRACERumburgMeeting,Beatrice Livingston (R),en,「陛下、領土争いよりもさらに重大な対立が迫っております。そのような状況では、リジアが我々の側にいてほしいのです。」
0x0100005200051564,433,345,Rizia/Turn 9/FPnT_GRACERumburgMeeting,Beatrice Livingston (R),en,「陛下の領土を巡る争いが、我々にとっての陛下の有用性を損なうことだけは避けていただきたく存じます。」
0x010000520005156B,433,346,Rizia/Turn 9/FPnT_GRACERumburgMeeting,Beatrice Livingston (R),en,「陛下のお望み通りに。直ちに手配いたします。」
0x0100005200051573,433,347,Rizia/Turn 9/FPnT_GRACERumburgMeeting,Beatrice Livingston (R),en,「他の方法でこれを行うと、信じられないほど莫大な費用がかかります。私を信じてください。」
0x010000520005157A,433,348,Rizia/Turn 9/FPnT_GRACERumburgMeeting,Player_Romus,en,「私の答えはノーだ。リジアはこの戦争を最後までやり遂げる。」
0x0100005200051584,433,349,Rizia/Turn 9/FPnT_GRACERumburgMeeting,Player_Romus,en,「もし本当にルンブルクがこの紛争を流血なく解決できるとお考えなら、その申し出を受け入れよう。」
0x010000520005158C,433,350,Rizia/Turn 9/FPnT_GRACERumburgMeeting,Narrator,en,我々の侍従が細い毛のブラシを使ってテーブルのスコーンのかけらを掃除している間、彼女は少し間を置いた。
0x01000052000515AB,433,359,Rizia/Turn 9/FPnT_GRACERumburgMeeting,Beatrice Livingston (R),en,「お茶の席での振る舞いよりも、戦争を行う方が上手くいかれることを願います、陛下。」
0x01000052000515BC,433,363,Rizia/Turn 9/FPnT_GRACERumburgMeeting,Beatrice Livingston (R),en,「陛下、お茶の飲み方がひどすぎます。このように文明的な同盟者たちがいてくださって本当に良かったです。」
0x01000052000515C9,433,364,Rizia/Turn 9/FPnT_GRACERumburgMeeting,Beatrice Livingston (R),en,「ああ、残念ですね。もう少しで正解できるところでした。」
0x01000052000515D7,433,368,Rizia/Turn 9/FPnT_GRACERumburgMeeting,Beatrice Livingston (R),en,「陛下、このように文明的な同盟者たちがおられるのは幸いなことです。」
0x01000052000515DE,433,369,Rizia/Turn 9/FPnT_GRACERumburgMeeting,Beatrice Livingston (R),en,「よくやりました。結局のところ、世界の運命は文明人によって決定されるものです。」
0x01000052000515E5,433,370,Rizia/Turn 9/FPnT_GRACERumburgMeeting,Beatrice Livingston (R),en,「もしそれが推測だとしたら、なかなか良い推測でしたね。我々があなたを立派な王にしてみせましょう。」
0x01000052000515EC,433,371,Rizia/Turn 9/FPnT_GRACERumburgMeeting,Player_Romus,en,「礼儀がなければ、我々は単なる類人猿に過ぎないのだ。」
0x01000052000515F4,433,372,Rizia/Turn 9/FPnT_GRACERumburgMeeting,Player_Romus,en,「私としては全く気にしない。お茶など弱者のものだ。」
0x01000052000515FE,433,373,Rizia/Turn 9/FPnT_GRACERumburgMeeting,Beatrice Livingston (R),en,「母上の助けがなければ戦争を終わらせることすらできない陛下がそんなことを言うのですか。」
0x0100005200051607,433,374,Rizia/Turn 9/FPnT_GRACERumburgMeeting,Player_Romus,en,「次に共に飲む杯は、パレスで飲むことになる。」
0x0100005200051612,433,378,Rizia/Turn 9/FPnT_GRACERumburgMeeting,Beatrice Livingston (R),en,「ふん。次に会う時は、パレスで会うべきだな。」
0x0100005200051619,433,379,Rizia/Turn 9/FPnT_GRACERumburgMeeting,Beatrice Livingston (R),en,「確かにその通りです。」
0x0100005200051635,433,383,Rizia/Turn 9/FPnT_GRACERumburgMeeting,Beatrice Livingston (R),en,「私もまた、そうであることを強く願っております。」
0x010000520005163E,433,384,Rizia/Turn 9/FPnT_GRACERumburgMeeting,Player_Romus,en,「あなたのご協力に、改めて感謝する。いつか必ずお返しする。」
0x0100005200051647,433,385,Rizia/Turn 9/FPnT_GRACERumburgMeeting,Beatrice Livingston (R),en,「その通りにいたしましょう。」
0x010000520005164E,433,386,Rizia/Turn 9/FPnT_GRACERumburgMeeting,Narrator,en,お茶とお菓子を飲み終えると、我々の王国についての軽い会話に移った。
0x010000520005165F,433,390,Rizia/Turn 9/FPnT_GRACERumburgMeeting,Narrator,en,我々がお茶とお菓子を飲み終える間も、停戦の取り決めについて話し続けた。
0x0100005200051666,433,391,Rizia/Turn 9/FPnT_GRACERumburgMeeting,Narrator,en,パレス戦争はついに終結しようとしていた。
0x010000520005166D,433,392,Rizia/Turn 9/FPnT_GRACERumburgMeeting,Narrator,en,しかし、リジアがかつての姿に戻ることがあるのかと私は思った。
0x0100005200051675,433,393,Rizia/Turn 9/FPnT_GRACERumburgMeeting,Narrator,en,私はかつて断ったその申し出について、再び考え直した。
0x010000520005167C,433,394,Rizia/Turn 9/FPnT_GRACERumburgMeeting,Narrator,en,私の決断によってさらに多くの命が失われることを知っていた。しかし長期的に見れば、それだけの価値はあるものだったのだ。
0x0100005200051684,433,395,Rizia/Turn 9/FPnT_GRACERumburgMeeting,Beatrice Livingston (R),en,「次回はパレス大公をこちらに招かなければなりません。GRACEが彼の申請を承認した以上、彼も我々の一員です。」
0x0100005200051697,433,402,Rizia/Turn 9/FPnT_GRACERumburgMeeting,Beatrice Livingston (R),en,「もちろんです、陛下。やがて陛下はパレスとリジアの両方の王となられるのですから、彼に言うであろうことは何でもお伝えできます。」
0x010000520005169E,433,403,Rizia/Turn 9/FPnT_GRACERumburgMeeting,Player_Romus,en,「パレスの申請を受け入れてくださり、改めて感謝する。彼らは確かに我々の陣営にとって貴重な存在となるだろう。」
0x01000052000516A6,433,404,Rizia/Turn 9/FPnT_GRACERumburgMeeting,Player_Romus,en,「もうすぐパレスとリジアの両方の王になるあなたなら、公爵と話をする時が来ている。あなたたち二人はきっと素晴らしくやっていけるだろう。」
0x01000052000516AE,433,405,Rizia/Turn 9/FPnT_GRACERumburgMeeting,Beatrice Livingston (R),en,「彼が我々のヴィナをしっかり守ってくれる限りです。」
0x01000052000516B3,433,406,Rizia/Turn 9/FPnT_GRACERumburgMeeting,Player_Romus,en,「パレスの民をこの王国に統合する責任を負う者として、私が関与しないまま彼らと取引を結ばないよう強くお願いする。」
0x01000052000516C1,433,410,Rizia/Turn 9/FPnT_GRACERumburgMeeting,Player_Romus,en,「アウレウス・ガス田の権利は私が所有している。パレスが提供できるものといえば、些細なものに過ぎないのだ。」
0x01000052000516D2,433,414,Rizia/Turn 9/FPnT_GRACERumburgMeeting,Beatrice Livingston (R),en,「それは私が判断します。ですが、順調なスタートが切れました。」
0x01000052000516DF,433,415,Rizia/Turn 9/FPnT_GRACERumburgMeeting,Beatrice Livingston (R),en,「南メルコパにおけるより強固な君主制の存在は、我々全員にとって有益です。ましてやあのガス田もありますからね。」
0x01000052000516E5,433,416,Rizia/Turn 9/FPnT_GRACERumburgMeeting,Beatrice Livingston (R),en,「はい、ご心配なく。リジアは常に我が王国にとって最も古く、最も大切な同盟国であり続けます。」
0x01000052000516EE,433,417,Rizia/Turn 9/FPnT_GRACERumburgMeeting,Beatrice Livingston (R),en,「ところで、ルンブルクからの結婚祝いの品のことはまだ忘れていません。」
0x01000052000516FA,433,421,Rizia/Turn 9/FPnT_GRACERumburgMeeting,Beatrice Livingston (R),en,「陛下、あなたはルンブルクの背後で地域同盟を結ぼうとしました。それが失敗したからといって、這い戻ってくることは許されません。」
0x0100005200051709,433,425,Rizia/Turn 9/FPnT_GRACERumburgMeeting,Beatrice Livingston (R),en,「何のためにですか？失敗に終わった、哀れな地域連盟の試みのためでしょうか？」
0x0100005200051724,433,432,Rizia/Turn 9/FPnT_GRACERumburgMeeting,Beatrice Livingston (R),en,「ついに完成しました。ご覧になりますか？」
0x010000520005172B,433,433,Rizia/Turn 9/FPnT_GRACERumburgMeeting,Narrator,en,返事を待たずに、彼女は側近たちに合図を送った。そのうちの一人が、ベルベットで覆われた巨大な宝石箱を持ってきた。
0x0100005200051732,433,434,Rizia/Turn 9/FPnT_GRACERumburgMeeting,Narrator,en,私は蓋を持ち上げた。中には最も高級な宝石で飾られた、精巧な卵形の品が入っていた。
0x010000520005173F,433,435,Rizia/Turn 9/FPnT_GRACERumburgMeeting,Player_Romus,en,「それは……卵か？」
0x010000520005174B,433,437,Rizia/Turn 9/FPnT_GRACERumburgMeeting,Player_Romus,en,「ああ、ベア。そんなことをされてはいけなかった。」
0x0100005200051752,433,438,Rizia/Turn 9/FPnT_GRACERumburgMeeting,Player_Romus,en,「これはいくらの代金だったか？」
0x0100005200051759,433,439,Rizia/Turn 9/FPnT_GRACERumburgMeeting,Player_Romus,en,「私は、ヴィナがそれをきっと気に入ると思う。」
0x0100005200051760,433,440,Rizia/Turn 9/FPnT_GRACERumburgMeeting,Beatrice Livingston (R),en,「陛下、それは無礼な質問です。」
0x0100005200051767,433,441,Rizia/Turn 9/FPnT_GRACERumburgMeeting,Beatrice Livingston (R),en,「これは正真正銘のハッタースリー産の卵です。現存するわずか8個しかない貴重なものですが、陛下には既にご存知でしょう。」
0x010000520005176F,433,442,Rizia/Turn 9/FPnT_GRACERumburgMeeting,Beatrice Livingston (R),en,「これは正真正銘のハッタースリー産の卵です。現存するわずか8つしかないものの一つですが、陛下には既にご存知でしょう。」
0x0100005200051777,433,443,Rizia/Turn 9/FPnT_GRACERumburgMeeting,Beatrice Livingston (R),en,「これは、私の姪とその夫がリジアの王位にもたらす新しい命、そして彼らがもうける後継者たちを象徴するものです。」
0x0100005200051785,433,447,Rizia/Turn 9/FPnT_GRACERumburgMeeting,Player_Romus,en,「メッセージを受け取った。リジアの統治者たちは今後も代々、ルンブルク家の血統を継承していくだろう。」
0x010000520005178C,433,448,Rizia/Turn 9/FPnT_GRACERumburgMeeting,Player_Romus,en,「姪に無理に子を産ませるよう圧力をかけないでくれ。彼女はまだ25歳に過ぎない。」
0x0100005200051793,433,449,Rizia/Turn 9/FPnT_GRACERumburgMeeting,Beatrice Livingston (R),en,「もし陛下のご意向次第だとしたら、30歳になるまで待つおつもりですか？その頃には彼女の子宮はすでに砂に変わってしまうでしょう。」
0x010000520005179A,433,450,Rizia/Turn 9/FPnT_GRACERumburgMeeting,Narrator,en,私は彼女の目に警告の色が浮かんでいるのを見取った。
0x01000052000517A3,433,451,Rizia/Turn 9/FPnT_GRACERumburgMeeting,Player_Romus,en,「ありがとう。私の家はこれを永遠に大切にしよう。」
0x01000052000517AB,433,452,Rizia/Turn 9/FPnT_GRACERumburgMeeting,Beatrice Livingston (R),en,「どういたしまして、陛下。」
0x01000052000517B2,433,453,Rizia/Turn 9/FPnT_GRACERumburgMeeting,Beatrice Livingston (R),en,「それが運命です。」
0x01000052000517C1,433,457,Rizia/Turn 9/FPnT_GRACERumburgMeeting,Beatrice Livingston (R),en,「もちろん、現在のリジアの状況を考えれば、彼女の後継者たちが座るべき王位など存在しないかもしれません。」
0x01000052000517C8,433,458,Rizia/Turn 9/FPnT_GRACERumburgMeeting,Beatrice Livingston (R),en,「私も王女様をお茶にお招きしたかったのですが、まあ……ご存知の通りです。」
0x01000052000517CF,433,459,Rizia/Turn 9/FPnT_GRACERumburgMeeting,Narrator,en,我々の侍従が、熱々のスコーンが入った銀製のトレイと、ローズヒップジャムが入ったクリスタルの小皿を持って戻ってきた。
0x01000052000517D5,433,460,Rizia/Turn 9/FPnT_GRACERumburgMeeting,Player_Romus_Italic,en,私は外側にあるスプーンを手に取り、それを使ってスコーンの一つにジャムを塗った。
0x01000052000517D5,433,460,Rizia/Turn 9/FPnT_GRACERumburgMeeting,Player_Romus_Italic,Menu Text en,外側のスプーンを使って、スコーンにジャムを塗る
0x01000052000517DC,433,461,Rizia/Turn 9/FPnT_GRACERumburgMeeting,Player_Romus_Italic,en,私は真ん中にあったスプーンを手に取り、そのスプーンを使ってスコーンの一つにジャムを塗った。
0x01000052000517DC,433,461,Rizia/Turn 9/FPnT_GRACERumburgMeeting,Player_Romus_Italic,Menu Text en,真ん中のスプーンを使って、スコーンにジャムを塗る
0x01000052000517E3,433,462,Rizia/Turn 9/FPnT_GRACERumburgMeeting,Player_Romus_Italic,en,私は内側にあるスプーンを手に取り、それを使ってスコーンの一つにジャムを塗った。
0x01000052000517E3,433,462,Rizia/Turn 9/FPnT_GRACERumburgMeeting,Player_Romus_Italic,Menu Text en,内側のスプーンを使って、スコーンにジャムを塗る
0x01000052000517EA,433,463,Rizia/Turn 9/FPnT_GRACERumburgMeeting,Beatrice Livingston (R),en,「陛下、まだお茶の作法に苦労されているようですね。」
0x01000052000517F0,433,464,Rizia/Turn 9/FPnT_GRACERumburgMeeting,Beatrice Livingston (R),en,「お茶の作法を忘れていなかったとは、実に素晴らしいですね、陛下。」
0x0100005200051826,433,469,Rizia/Turn 9/FPnT_GRACERumburgMeeting,Beatrice Livingston (R),en,「真剣に申し上げますと、陛下……私を含むGRACEのメンバー全員が、リジアの状況を懸念しながら注視してきました。」
0x0100005200051832,433,473,Rizia/Turn 9/FPnT_GRACERumburgMeeting,Beatrice Livingston (R),en,「陛下、近衛兵たちの見落としに対して適切な処罰を行われたものと存じます。彼女が無事でいてくださることを願うばかりです。」
0x010000520005183A,433,474,Rizia/Turn 9/FPnT_GRACERumburgMeeting,Beatrice Livingston (R),en,「私も王女様をお招きしたかったのですが、ご結婚生活の幸せな時間を邪魔したくありませんでした。最初の一年というのは特に大切なものですから。」
0x0100005200051841,433,475,Rizia/Turn 9/FPnT_GRACERumburgMeeting,Beatrice Livingston (R),en,「私も王女様をお招きしたかったのですが、近年はとても仕事熱心な方のようでして。」
0x010000520005184D,433,479,Rizia/Turn 9/FPnT_GRACERumburgMeeting,Beatrice Livingston (R),en,「もちろん、現在のリジアの状況を考えれば、彼女は海外の方が安全なのかもしれません。」
0x0100005200051856,433,480,Rizia/Turn 9/FPnT_GRACERumburgMeeting,Beatrice Livingston (R),en,「もし彼女が戻ってきたら、どうか優しく接してあげてほしいのです。結局のところ、彼女は陛下の唯一のお子様なのですから…」
0x0100005200051863,433,484,Rizia/Turn 9/FPnT_GRACERumburgMeeting,Narrator,en,私は彼女の目に警告の色が浮かんでいるように思った。
0x0100005200051879,433,491,Rizia/Turn 9/FPnT_GRACERumburgMeeting,Beatrice Livingston (R),en,「陛下、私とGRACEのメンバーたちは、リジアが進もうとしている方向性について少し懸念を抱いております。」
0x0100005200051880,433,492,Rizia/Turn 9/FPnT_GRACERumburgMeeting,Player_Romus,en,「それはどのような方向というのか？」
0x0100005200051887,433,493,Rizia/Turn 9/FPnT_GRACERumburgMeeting,Beatrice Livingston (R),en,「愚かなふりはやめなさい。」
0x010000520005188E,433,494,Rizia/Turn 9/FPnT_GRACERumburgMeeting,Beatrice Livingston (R),en,「真剣に申し上げますと、GRACEが創設された際の理念を今も守り続けていらっしゃることを見て、私は大変嬉しく思います。」
0x0100005200051894,433,495,Rizia/Turn 9/FPnT_GRACERumburgMeeting,Player_Romus,en,「心配する必要はない。私が何をしているのか、よく分かっている。」
0x010000520005189B,433,496,Rizia/Turn 9/FPnT_GRACERumburgMeeting,Beatrice Livingston (R),en,「それではますます心配になります。」
0x01000052000518A3,433,497,Rizia/Turn 9/FPnT_GRACERumburgMeeting,Player_Romus,en,「まさに真のダストヌリティ信者らしい話し方だね。」
0x01000052000518AA,433,498,Rizia/Turn 9/FPnT_GRACERumburgMeeting,Beatrice Livingston (R),en,「我々が最も避けたいのは、また別のヴェンドネサムが問題を引き起こすことです。」
0x01000052000518B1,433,499,Rizia/Turn 9/FPnT_GRACERumburgMeeting,Beatrice Livingston (R),en,「陛下、あなたの王国で燃え盛る火勢は、ヴェンドネサムのものほど簡単には消し止められません。」
0x01000052000518B8,433,500,Rizia/Turn 9/FPnT_GRACERumburgMeeting,Player_Romus,en,「最近の妨害行為による被害をあなたがそんなに気前よく修復してくれた後で、これ以上頼むのは気が引ける。だが、ルンブルクに我々を助けてもらうことは可能だろうか？」
0x01000052000518C0,433,501,Rizia/Turn 9/FPnT_GRACERumburgMeeting,Player_Romus,en,「心配する必要はない。私が何をすべきかはよく分かっている。」
0x01000052000518C8,433,502,Rizia/Turn 9/FPnT_GRACERumburgMeeting,Player_Romus,en,「また別の反乱が起こるのは避けられなかった。もし我々が去る時が来たのであれば、それでも構わない。」
0x01000052000518D0,433,503,Rizia/Turn 9/FPnT_GRACERumburgMeeting,Beatrice Livingston (R),en,「陛下、そうされるのがよろしいでしょう。」
0x01000052000518DD,433,507,Rizia/Turn 9/FPnT_GRACERumburgMeeting,Beatrice Livingston (R),en,「残念ですが、それは難しいでしょう。ルンブルクはこれから起こる事態に全力を注がなければなりません。」
0x01000052000518E4,433,508,Rizia/Turn 9/FPnT_GRACERumburgMeeting,Beatrice Livingston (R),en,「残念ですが、それは難しいでしょう。現在、我々は多くの問題に手を取られております。どうか十分ご注意ください。」
0x01000052000518EB,433,509,Rizia/Turn 9/FPnT_GRACERumburgMeeting,Player_Romus,en,「何が起ころうとしているのか、あなた？」
0x01000052000518F1,433,510,Rizia/Turn 9/FPnT_GRACERumburgMeeting,Player_Romus,en,「お察しする。あなたはソードランドに関わる何かを企んでいるのだね。」
0x01000052000518F7,433,511,Rizia/Turn 9/FPnT_GRACERumburgMeeting,Player_Romus,en,「その考えは気に入らない。」
0x01000052000518FD,433,512,Rizia/Turn 9/FPnT_GRACERumburgMeeting,Beatrice Livingston (R),en,「ああ、もうすぐわかるでしょう。」
0x0100005200051903,433,513,Rizia/Turn 9/FPnT_GRACERumburgMeeting,Beatrice Livingston (R),en,「もし私がそうするつもりなら、あなたのようなソードランド愛好家には決して教えません。」
0x010000520005190E,433,517,Rizia/Turn 9/FPnT_GRACERumburgMeeting,Beatrice Livingston (R),en,「しーっ。あちこちに彼らの耳があるのです。」
0x010000520005191B,433,518,Rizia/Turn 9/FPnT_GRACERumburgMeeting,Narrator,en,彼女は静かに笑った。
0x0100005200051929,433,520,Rizia/Turn 9/FPnT_GRACERumburgMeeting,Beatrice Livingston (R),en,「心配なさらないでください。これは陛下の王国に介入を求めるようなことではありません。少なくとも直接には。」
0x0100005200051930,433,521,Rizia/Turn 9/FPnT_GRACERumburgMeeting,Beatrice Livingston (R),en,「ですが、向こう側でより強く立ち回るためには、GRACEの他のメンバー諸国からの全面的な外交的・経済的支援が必要です。」
0x010000520005193F,433,525,Rizia/Turn 9/FPnT_GRACERumburgMeeting,Beatrice Livingston (R),en,「陛下の運命を受け入れるようなお考えは、私を悩ませます。」
0x0100005200051948,433,526,Rizia/Turn 9/FPnT_GRACERumburgMeeting,Beatrice Livingston (R),en,「これから起こる事態に備え、私の王国はリジアの全力を必要とするでしょう。」
0x010000520005195F,433,527,Rizia/Turn 9/FPnT_GRACERumburgMeeting,Beatrice Livingston (R),en,「世界の他の地域では既に君主制に対する偏見が存在しています。陛下のますます強まる過激な態度は、彼らの疑念をさらに裏付けているだけです。」
0x0100005200051968,433,528,Rizia/Turn 9/FPnT_GRACERumburgMeeting,Beatrice Livingston (R),en,「どうか、陛下！まさに私がお話ししていたことです。」
0x0100005200051997,433,529,Rizia/Turn 9/FPnT_GRACERumburgMeeting,Beatrice Livingston (R),en,「コンタナ条約機構とアルカシア条約機構はあまりにも強大になりつつあります。少しでも不安定さが見えれば、彼らにとって襲いかかる好機となるのです。」
0x01000052000519A5,433,533,Rizia/Turn 9/FPnT_GRACERumburgMeeting,Beatrice Livingston (R),en,「まさに彼らがカビズに襲いかかったように……」
0x01000052000519B3,433,537,Rizia/Turn 9/FPnT_GRACERumburgMeeting,Beatrice Livingston (R),en,「陛下、例えばリジアやヴェーレンがジルの問題で争っている間に、我々の注意がそちらに向くわけには参りません。」
0x01000052000519C1,433,541,Rizia/Turn 9/FPnT_GRACERumburgMeeting,Beatrice Livingston (R),en,「ですから、ヴィクトル・スモラクがジルを奪取するのを阻止することが極めて重要なのです、陛下。」
0x01000052000519C8,433,542,Rizia/Turn 9/FPnT_GRACERumburgMeeting,Beatrice Livingston (R),en,「ジルを取り戻すことができますね。それは正しい方向への重要な一歩です。」
0x01000052000519D2,433,546,Rizia/Turn 9/FPnT_GRACERumburgMeeting,Player_Romus,en,「私も同感だ。ルンブルクのおかげで、もし国民投票が思わしくない結果になった場合、力によってその地域を取り戻す力を持っている。」
0x01000052000519D9,433,547,Rizia/Turn 9/FPnT_GRACERumburgMeeting,Player_Romus,en,「もしジルの民が自分たちの地域を再びヴェーレンに戻したいのであれば、私は彼らの邪魔をしない。」
0x01000052000519E1,433,548,Rizia/Turn 9/FPnT_GRACERumburgMeeting,Player_Romus,en,「我々は国民投票に勝利するだろう。そのことについては疑いの余地がない。」
0x01000052000519E8,433,549,Rizia/Turn 9/FPnT_GRACERumburgMeeting,Player_Romus,en,「ジルの件は我々に任せてくれ。どんな犠牲を払ってでも必ず取り戻す。」
0x01000052000519F0,433,550,Rizia/Turn 9/FPnT_GRACERumburgMeeting,Beatrice Livingston (R),en,「しかし、あなたの父上の条約さえ尊重しなかった彼らが、果たしてヴェーレンはその結果を尊重するでしょうか？」
0x01000052000519F7,433,551,Rizia/Turn 9/FPnT_GRACERumburgMeeting,Beatrice Livingston (R),en,「陛下、いつになったら分かってくださるのですか？民が望むものと、彼らが必要とするものは別物なのです。」
0x01000052000519FE,433,552,Rizia/Turn 9/FPnT_GRACERumburgMeeting,Beatrice Livingston (R),en,「その通りに致します。」
0x0100005200051A06,433,553,Rizia/Turn 9/FPnT_GRACERumburgMeeting,Narrator,en,さらに二人の使用人が、ペティフォールでいっぱいの高いトレイをそっと置いた。
0x0100005200051A0C,433,554,Rizia/Turn 9/FPnT_GRACERumburgMeeting,Player_Romus_Italic,en,私は外側にあるスプーンを手に取り、それを使ってプティ・フールの一つを食べた。
0x0100005200051A0C,433,554,Rizia/Turn 9/FPnT_GRACERumburgMeeting,Player_Romus_Italic,Menu Text en,外側のスプーンを使ってプティ・フールを食べる
0x0100005200051A13,433,555,Rizia/Turn 9/FPnT_GRACERumburgMeeting,Player_Romus_Italic,en,私は真ん中にあったスプーンを手に取り、それを使ってプティ・フールの一つを食べた。
0x0100005200051A13,433,555,Rizia/Turn 9/FPnT_GRACERumburgMeeting,Player_Romus_Italic,Menu Text en,中央のスプーンを使ってプティ・フールを食べる
0x0100005200051A1A,433,556,Rizia/Turn 9/FPnT_GRACERumburgMeeting,Player_Romus_Italic,en,私は内側にあるスプーンを取り上げ、それを使ってプティ・フールの一つを食べた。
0x0100005200051A1A,433,556,Rizia/Turn 9/FPnT_GRACERumburgMeeting,Player_Romus_Italic,Menu Text en,内側のスプーンを使ってプティ・フールを食べる
0x0100005200051A27,433,557,Rizia/Turn 9/FPnT_GRACERumburgMeeting,Player_Romus,en,「それでも、ヴェーレンと密接な関係を保つ必要がある。」
0x0100005200051A36,433,561,Rizia/Turn 9/FPnT_GRACERumburgMeeting,Beatrice Livingston (R),en,「ところで……ジルがいようがいまいが、私は依然としてリジアに我々へのエネルギー債務の返済を求めています。」
0x0100005200051A3D,433,562,Rizia/Turn 9/FPnT_GRACERumburgMeeting,Beatrice Livingston (R),en,「陛下、もし今頃になってもルンブルクについて知っておくべきことが一つあるとすれば、我々は非常に長い記憶力を持っているということです。」
0x0100005200051A4B,433,566,Rizia/Turn 9/FPnT_GRACERumburgMeeting,Player_Romus,en,「一部の人間にとっては、そうかもしれませんね。」
0x0100005200051A58,433,570,Rizia/Turn 9/FPnT_GRACERumburgMeeting,Player_Romus,en,「ああ、はい。よく覚えている。」
0x0100005200051A61,433,571,Rizia/Turn 9/FPnT_GRACERumburgMeeting,Player_Romus,en,「信じてくれ、私は知っている――つまり、覚えているのだ。」
0x0100005200051A69,433,572,Rizia/Turn 9/FPnT_GRACERumburgMeeting,Player_Romus,en,「彼女を新たな夫のもとから引き離すことの方が、新しい職務から引き離すことよりも私は心配になる。」
0x0100005200051A77,433,576,Rizia/Turn 9/FPnT_GRACERumburgMeeting,Player_Romus,en,「その通りだ。彼女は結婚してからずっと至福の日々を過ごしている。」
0x0100005200051A7F,433,577,Rizia/Turn 9/FPnT_GRACERumburgMeeting,Beatrice Livingston (R),en,「ああ、そうですね。私の姪は実に優秀なキャリアウーマンです。」
0x0100005200051A86,433,578,Rizia/Turn 9/FPnT_GRACERumburgMeeting,Narrator,en,彼女はその発言をそのままにしておくかどうか決める前に、私の様子を注意深く観察した。
0x0100005200051A95,433,582,Rizia/Turn 9/FPnT_GRACERumburgMeeting,Player_Romus,en,「その地域が再び我々のものとなれば、これまで以上にルンブルクの強力な同盟相手となる。」
0x0100005200051A9C,433,583,Rizia/Turn 9/FPnT_GRACERumburgMeeting,Player_Romus,en,「南メルコパ諸国間の相互依存関係は日に日に強まっている。ルンブルクが永遠に我々の宗主国であり続けることはない。」
0x0100005200051AA9,433,587,Rizia/Turn 9/FPnT_GRACERumburgMeeting,Beatrice Livingston (R),en,「陛下、宗主国などという話は誰もしておりません。」
0x0100005200051AB0,433,588,Rizia/Turn 9/FPnT_GRACERumburgMeeting,Player_Romus,en,「何が起ころうとも、長年にわたるルンブルクのあらゆる支援に心から感謝している。」
0x0100005200051AB7,433,589,Rizia/Turn 9/FPnT_GRACERumburgMeeting,Beatrice Livingston (R),en,「私もまた、親愛なる義兄上に感謝しております。」
0x0100005200051ABD,433,590,Rizia/Turn 9/FPnT_GRACERumburgMeeting,Beatrice Livingston (R),en,「その通りにいたしましょう。」
0x0100005200051AC4,433,591,Rizia/Turn 9/FPnT_GRACERumburgMeeting,Beatrice Livingston (R),en,「見苦しいが、やむを得ない犠牲です。」
0x0100005200051AD1,433,595,Rizia/Turn 9/FPnT_GRACERumburgMeeting,Beatrice Livingston (R),en,「そうしたことをすべて言ったとしても……私は依然としてリジアに対し、我々へのエネルギー債務の返済を求めているのです。」
0x0100005200051AD7,433,596,Rizia/Turn 9/FPnT_GRACERumburgMeeting,Beatrice Livingston (R),en,「陛下、もし今頃になってもルンブルクについて知っておくべきことが一つあるとすれば、我々は非常に長い記憶力を持っているということです。」
0x0100005200051B04,433,603,Rizia/Turn 9/FPnT_GRACERumburgMeeting,Beatrice Livingston (R),en,「ああ、残念です。姉上がしっかりとご教示されたのだと思っていましたのに。」
0x0100005200051B0A,433,604,Rizia/Turn 9/FPnT_GRACERumburgMeeting,Beatrice Livingston (R),en,「よくできました。お姉様がしっかり教えてくださったのでしょうね、陛下。」
0x0100005200051B10,433,605,Rizia/Turn 9/FPnT_GRACERumburgMeeting,Beatrice Livingston (R),en,「ふむ。やはり姉上から何かを学んだようですね。」
0x0100005200051B22,433,607,Rizia/Turn 9/FPnT_GRACERumburgMeeting,Beatrice Livingston (R),en,「正直なところ、陛下の作法違反に対してはGRACEがご罰を与えるべきでしょう。」
0x0100005200051B2B,433,608,Rizia/Turn 9/FPnT_GRACERumburgMeeting,Beatrice Livingston (R),en,「もちろん、冗談ですよ。」
0x0100005200051B32,433,609,Rizia/Turn 9/FPnT_GRACERumburgMeeting,Narrator,en,我々がお茶と菓子を飲み終える間も、引き続き自分たちの王国について話し合っていた。
0x0100005200051B3C,433,610,Rizia/Turn 9/FPnT_GRACERumburgMeeting,Narrator,en,後日、{RiziaDLCText.RoyalJet}に乗ってベルギアのソードランド地方上空を飛んでいるとき、私の心には女王が私に語った言葉が思い浮かんだ。
0x0100005200051B4F,433,617,Rizia/Turn 9/FPnT_GRACERumburgMeeting,Narrator,en,後日、我々の列車がベルギアのソードランド地方を通過しているとき、女王が私に語ってくれた言葉がふと思い出された。
0x0100005200051B56,433,618,Rizia/Turn 9/FPnT_GRACERumburgMeeting,Narrator,en,王として7年間過ごした後、これから起こるであろう事態に備えていたのだろうか？
0x0100005200051B5F,433,619,Rizia/Turn 9/FPnT_GRACERumburgMeeting,Narrator,en,私が{RiziaDLCText.RoyalJet}に乗って故郷へ帰還していると、眼下に広がるジルの景色が見えた。
0x0100005200051B6A,433,623,Rizia/Turn 9/FPnT_GRACERumburgMeeting,Narrator,en,私がまたも狭苦しい民間航空機に乗って故郷へ帰還していると、眼下にジルの大地が広がっているのが見えた。
0x0100005200051B73,433,624,Rizia/Turn 9/FPnT_GRACERumburgMeeting,Narrator,en,間もなく、そこは再び我々のものになるだろう。その時こそ、私の統治が本当に始まるのだ。
0x0100005200051B82,433,628,Rizia/Turn 9/FPnT_GRACERumburgMeeting,Narrator,en,わずか数週間のうちに、その運命が決定されることになっていた。
0x0100005200055729,433,634,Rizia/Turn 9/FPnT_GRACERumburgMeeting,Beatrice Livingston (R),en,「我々の貿易提携には感謝しております、心からです。しかし陛下、一度に二つのケーキからスプーンを突っ込むことはできないものだとご理解いただきたいのです。」
0x010000520005573B,433,639,Rizia/Turn 9/FPnT_GRACERumburgMeeting,Beatrice Livingston (R),en,「陛下、あなたの野心は称賛に値しますが、一度に二つのケーキからスプーンを突っ込むことはできないのです。そういえば……」
0x0100005200059998,433,654,Rizia/Turn 9/FPnT_GRACERumburgMeeting,Beatrice Livingston (R),en,「その恐ろしいニュースはご存知でしょう？ドワイト・ウォーカーと彼の自由主義狂の仲間どもと手を組んだソードランドのことですよね？」
0x010000520005999F,433,655,Rizia/Turn 9/FPnT_GRACERumburgMeeting,Beatrice Livingston (R),en,「その恐ろしいニュースはご存知でしょう？レオン・マレニエフと彼の革命狂たちの一味と手を組んだソードランドのことですよね？」
0x01000052000599B3,433,662,Rizia/Turn 9/FPnT_GRACERumburgMeeting,Player_Romus,en,「実は、相手はレオン・チャヴァタンガクウヌアだ。」
0x01000052000599BA,433,663,Rizia/Turn 9/FPnT_GRACERumburgMeeting,Player_Romus,en,「パレスを取り戻すべき理由は、それだけでも十分ではないか？間もなくヴァルグスランドがそこを奪還しようとするだろう。」
0x01000052000599C0,433,664,Rizia/Turn 9/FPnT_GRACERumburgMeeting,Player_Romus,en,「アルカシア条約機構はますます厳しい姿勢を強めている。だからこそ、我々がレスピアの影響からパレスを取り戻す手助けをすべきではないか？」
0x01000052000599C7,433,665,Rizia/Turn 9/FPnT_GRACERumburgMeeting,Player_Romus,en,「あなたは彼らと戦おうとはしないだろうね？」
0x01000052000599D3,433,669,Rizia/Turn 9/FPnT_GRACERumburgMeeting,Beatrice Livingston (R),en,「これから起こる事態に備えるため、ルンブルクは我が国の財政力のすべてと兵器庫にある資材の残りすべてを使わなければならないでしょう。」
0x01000052000599E2,433,670,Rizia/Turn 9/FPnT_GRACERumburgMeeting,Beatrice Livingston (R),en,「陛下、喜んでお応えしたいのですが、事態が悪化するリスクがあまりにも大きすぎます。」
0x01000052000599EB,433,671,Rizia/Turn 9/FPnT_GRACERumburgMeeting,Beatrice Livingston (R),en,「いえ、決してそのようなことはしません。ですが、もし相手が大胆に侵攻してくるようなことがあれば、万全の警戒を強化します。」
0x01000052000599F4,433,672,Rizia/Turn 9/FPnT_GRACERumburgMeeting,Beatrice Livingston (R),en,「パレスはコンタナ条約機構が手を出すにはあまりに小さすぎます。いいえ、彼らの狙いはもっと大きなものにあるのです。」
0x0100005200059A03,433,673,Rizia/Turn 9/FPnT_GRACERumburgMeeting,Beatrice Livingston (R),en,「まあ、構わない。」
0x0100005200059A0B,433,674,Rizia/Turn 9/FPnT_GRACERumburgMeeting,Player_Romus,en,「あなたもウォーカーと手を組んでいるのだと思っていたよ、閣下。」
0x0100005200059A12,433,675,Rizia/Turn 9/FPnT_GRACERumburgMeeting,Beatrice Livingston (R),en,「我々はアルカシアと交易を行っています。しかし、アルカシア条約機構内にソードランドが存在することで、皆にとって事態は悪化するでしょう。」
0x0100005200059A20,433,679,Rizia/Turn 9/FPnT_GRACERumburgMeeting,Player_Romus,en,「アルカシア条約機構か？彼らはそんなに悪くない。」
0x0100005200059A27,433,680,Rizia/Turn 9/FPnT_GRACERumburgMeeting,Beatrice Livingston (R),en,「まさか彼らがあなたのところにも手を伸ばしたなんて言わないでください。」
0x0100005200059A35,433,684,Rizia/Turn 9/FPnT_GRACERumburgMeeting,Player_Romus,en,「コンタナ条約機構もそれほど悪くはない。ヴァルグスランドは戦争において我々を支援してくれている。」
0x0100005200059A3C,433,685,Rizia/Turn 9/FPnT_GRACERumburgMeeting,Beatrice Livingston (R),en,「私には何の隠された動機もございません。そんなに愚かでいらっしゃるのですか、陛下？」
0x0100005200059A45,433,686,Rizia/Turn 9/FPnT_GRACERumburgMeeting,Player_Romus,en,「ああ、私もその恐ろしい知らせを聞き、心を痛めた。」
0x0100005200059A4D,433,687,Rizia/Turn 9/FPnT_GRACERumburgMeeting,Beatrice Livingston (R),en,「世界は陣営を選んでいます。陛下、パレスを巡る争いは、より大きな状況から注意をそらすものに過ぎません。」
0x0100005200059A5A,433,691,Rizia/Turn 9/FPnT_GRACERumburgMeeting,Beatrice Livingston (R),en,「その恐ろしいニュースはご存知でしょう？ドワイト・ウォーカーと彼の自由主義狂の仲間どもと手を組んだソードランドのことですよね？」
0x0100005200059A65,433,695,Rizia/Turn 9/FPnT_GRACERumburgMeeting,Beatrice Livingston (R),en,「その恐ろしいニュースはご存知でしょう？レオン・マレニエフと彼の革命狂たちの一味と手を組んだソードランドのことですよね？」
0x0100005200059A7F,433,702,Rizia/Turn 9/FPnT_GRACERumburgMeeting,Player_Romus,en,「チャヴァタンガクウヌアだ。」
0x0100005200059A85,433,703,Rizia/Turn 9/FPnT_GRACERumburgMeeting,Beatrice Livingston (R),en,「まあ、構わない。」
0x0100005200059A8F,433,704,Rizia/Turn 9/FPnT_GRACERumburgMeeting,Beatrice Livingston (R),en,「陛下、世界は陣営を選ぼうとしております。混乱の中でも生き残るためには、我々は強くいなければなりません。」
0x0100005200059A97,433,705,Rizia/Turn 9/FPnT_GRACERumburgMeeting,Player_Romus,en,「たとえソードランドが関与していようとも、アルカシア条約機構を脅威だなどとは思わない。」
0x0100005200059A9E,433,706,Rizia/Turn 9/FPnT_GRACERumburgMeeting,Player_Romus,en,「アルカシア条約機構はそれほど悪くはない。」
0x0100005200059AA5,433,707,Rizia/Turn 9/FPnT_GRACERumburgMeeting,Player_Romus,en,「あなたもウォーカーと手を組んでいるのだと思っていたよ、閣下。」
0x0100005200059AAB,433,708,Rizia/Turn 9/FPnT_GRACERumburgMeeting,Beatrice Livingston (R),en,「我々はアルカシアとのみ交易を行っているだけです。しかし、アルカシア条約機構内にソードランドが存在することで、皆にとって事態は混乱するでしょう。」
0x0100005200059AB4,433,709,Rizia/Turn 9/FPnT_GRACERumburgMeeting,Player_Romus,en,「ああ、私もその恐ろしい知らせを聞き、心を痛めた。」
0x0100005200059ABD,433,710,Rizia/Turn 9/FPnT_GRACERumburgMeeting,Player_Romus,en,「たとえソードランドが関与していようとも、コンタナ条約機構を脅威だとは思わない。」
0x0100005200059AC4,433,711,Rizia/Turn 9/FPnT_GRACERumburgMeeting,Beatrice Livingston (R),en,「愚かであってはなりません。」
0x0100005200059ACD,433,712,Rizia/Turn 9/FPnT_GRACERumburgMeeting,Beatrice Livingston (R),en,「まさか彼らがあなたのところにも手を伸ばしたなんて言わないでください。」
0x0100005200059AD5,433,713,Rizia/Turn 9/FPnT_GRACERumburgMeeting,Player_Romus,en,「コンタナ条約機構もそれほど悪くはない。」
0x0100005200059ADE,433,714,Rizia/Turn 9/FPnT_GRACERumburgMeeting,Player_Romus,en,「あなたは彼らと戦おうとはしないだろうね？」
0x0100005200059AE6,433,715,Rizia/Turn 9/FPnT_GRACERumburgMeeting,Beatrice Livingston (R),en,「いえ、決してそんなことはしません。あの蜂の巣を刺激するような真似はとてもできません。」
0x010000520005BFEA,433,731,Rizia/Turn 9/FPnT_GRACERumburgMeeting,Beatrice Livingston (R),en,「かつて誇り高かったヴェンドネサム連合にいた我々の同胞が混乱に苦しむことを許した時、陛下とGRACEとの結束が弱まっていることは私も承知しておりました。」
0x010000520006960A,433,750,Rizia/Turn 9/FPnT_GRACERumburgMeeting,Narrator,en,私がリジアの立憲改革を支持すると宣言して間もなくその招待が届いたため、彼女が何について話したいのか見当がついた。
0x0100005200069618,433,751,Rizia/Turn 9/FPnT_GRACERumburgMeeting,Narrator,en,彼女は鼻を鳴らした。
0x010000520006961E,433,752,Rizia/Turn 9/FPnT_GRACERumburgMeeting,Beatrice Livingston (R),en,「陛下、リヴィングストン家が我々の家系とあなた様の家系を結びつけることに同意した時、我々はリジアがこれからも何世代にもわたって誇り高き君主制国家であり続けるだろうと考えてその約束をしました。」
0x0100005200069633,433,759,Rizia/Turn 9/FPnT_GRACERumburgMeeting,Player_Romus,en,「もし我々の改革についておっしゃるのであれば、決定においては依然として私が最終的な発言権を持つことを保証する。すべては以前と変わらず進められる。」
0x010000520006963A,433,760,Rizia/Turn 9/FPnT_GRACERumburgMeeting,Player_Romus,en,「あなたにはわからない。私には選択肢がなかったのだ。」
0x0100005200069641,433,761,Rizia/Turn 9/FPnT_GRACERumburgMeeting,Beatrice Livingston (R),en,「陛下、それは陛下ご自身の考えに過ぎません。」
0x0100005200069646,433,762,Rizia/Turn 9/FPnT_GRACERumburgMeeting,Player_Romus,en,「世界は変わりつつあるのだ、ベアトリス。我々の君主制も適応しなければならない。」
0x0100005200069655,433,763,Rizia/Turn 9/FPnT_GRACERumburgMeeting,Beatrice Livingston (R),en,「陛下、あなた様はいつも言い訳ばかりですね？」
0x0100005200069663,433,764,Rizia/Turn 9/FPnT_GRACERumburgMeeting,Player_Romus,en,「私が目指していたことをすべて達成した。リジアの新憲法によって、ついに国民に権力が与えられるのだ。」
0x010000520006966A,433,765,Rizia/Turn 9/FPnT_GRACERumburgMeeting,Beatrice Livingston (R),en,「トラス家を嘲笑い、私の姪の生まれながらの権利を貶めているのだ！」
0x0100005200069688,433,769,Rizia/Turn 9/FPnT_GRACERumburgMeeting,Player_Romus,en,「私の言うことを聞きなさい。これらの改革は形式的なものに過ぎず、我々の関係に変更を加える必要は何もないのだ。」
0x0100005200069696,433,770,Rizia/Turn 9/FPnT_GRACERumburgMeeting,Player_Romus,en,「王族はどこにも行かない。たとえ直接法律を作らなくても、我々は引き続き影響力のある存在であり続ける。」
0x01000052000696AD,433,771,Rizia/Turn 9/FPnT_GRACERumburgMeeting,Player_Romus,en,「あなたのその態度にはもううんざりだ、閣下。今こそリジアが前進すべき時だ。」
0x01000052000696B2,433,772,Rizia/Turn 9/FPnT_GRACERumburgMeeting,Beatrice Livingston (R),en,「まさに私が恐れていた通りです。」
0x01000052000696C3,433,779,Rizia/Turn 9/FPnT_GRACERumburgMeeting,Beatrice Livingston (R),en,「彼らの首都を占領したことで、陛下、あなたは実にパレス人たちに新たな屈辱を与えたのです。」
0x01000052000696CF,433,783,Rizia/Turn 9/FPnT_GRACERumburgMeeting,Beatrice Livingston (R),en,「私も認めます。この紛争が進む中で、我々のヴィナがすでに故郷に戻っているだろうと思っていました。」
0x01000052000696DC,433,787,Rizia/Turn 9/FPnT_GRACERumburgMeeting,Beatrice Livingston (R),en,「しかし陛下、どうやらご成し遂げになったようですね。パレス人たちに思い切り痛い目を見せてくださったのですね。」
0x01000052000696F0,433,788,Rizia/Turn 9/FPnT_GRACERumburgMeeting,Beatrice Livingston (R),en,「見かけ上の改革であれ何であれ、これがGRACEに与える影響を私は心配しております。」
0x0100005200069701,433,792,Rizia/Turn 9/FPnT_GRACERumburgMeeting,Beatrice Livingston (R),en,「陛下、私も同じ気持ちでございます。」
0x0100005200069709,433,793,Rizia/Turn 9/FPnT_GRACERumburgMeeting,Player_Romus,en,「私は、これらの改革が我々の政治的方針に何の影響も与えないことを保証する。我々はこれまで通り、ルンブルクに絶対的な忠誠を貫き続ける。」
0x0100005200069715,433,797,Rizia/Turn 9/FPnT_GRACERumburgMeeting,Beatrice Livingston (R),en,「たとえそうだったとしても、それだけでは不十分です。」
0x010000520006972F,433,800,Rizia/Turn 9/FPnT_GRACERumburgMeeting,Beatrice Livingston (R),en,「いかなる理由があろうとも、この動きがGRACEに与える影響を心配しております。」
0x0100005200069735,433,801,Rizia/Turn 9/FPnT_GRACERumburgMeeting,Beatrice Livingston (R),en,「以前と変わらないだなんて……それは決して魅力にはなりませんよ、陛下。」
0x0100005200069750,433,808,Rizia/Turn 9/FPnT_GRACERumburgMeeting,Player_Romus,en,「もし我々の改革についておっしゃるのであれば、リジアの貴族たちは依然として政治過程に甚大な影響力を及ぼし続けることを保証する。すべては以前と変わらないだろう。」
0x0100005200069774,433,816,Rizia/Turn 9/FPnT_GRACERumburgMeeting,Beatrice Livingston (R),en,「陛下、私を愚か者だとお思いですか？そのような保証はできないことをご存知のはずです。」
0x010000520006977B,433,817,Rizia/Turn 9/FPnT_GRACERumburgMeeting,Beatrice Livingston (R),en,「陛下、あなたが私の妹をあのように扱ったことを考えれば驚くべきことではありません。しかし、私はあなたに深く失望しております。」
0x0100005200069789,433,821,Rizia/Turn 9/FPnT_GRACERumburgMeeting,Beatrice Livingston (R),en,「陛下、あなたには大変失望しております。」
0x0100005200069797,433,825,Rizia/Turn 9/FPnT_GRACERumburgMeeting,Beatrice Livingston (R),en,「つまり、全く忠実ではないということですね。」
0x01000052000697A0,433,826,Rizia/Turn 9/FPnT_GRACERumburgMeeting,Beatrice Livingston (R),en,「ヴェンドネサムでの反乱鎮圧に失敗した以上、弱みを見せる余裕はありません。」
0x01000052000697A7,433,827,Rizia/Turn 9/FPnT_GRACERumburgMeeting,Beatrice Livingston (R),en,「ヴェンドネサムでの我々の勝利は、本来あるべきよりもかなり僅差で得られたものです。敵を傲慢にさせてしまう余裕は断じてありません。」
0x01000052000697AE,433,828,Rizia/Turn 9/FPnT_GRACERumburgMeeting,Player_Romus,en,「わかった。リジアの新政府は、我々の共通の価値観を必ず守ると約束する。」
0x01000052000697B3,433,829,Rizia/Turn 9/FPnT_GRACERumburgMeeting,Beatrice Livingston (R),en,「陛下、私のことを愚か者だとお思いですか？貴族たちの権力を奪うあなたの計画について、すべて承知しております。」
0x01000052000697BE,433,830,Rizia/Turn 9/FPnT_GRACERumburgMeeting,Player_Romus,en,「私の責任は自分の王国に対するものであり、GRACEに対するものではないのだ。」
0x01000052000697C7,433,831,Rizia/Turn 9/FPnT_GRACERumburgMeeting,Player_Romus,en,「リジアの軍勢の状態をご覧ください。我々が弱体に見える心配は全くない。」
0x01000052000697CC,433,832,Rizia/Turn 9/FPnT_GRACERumburgMeeting,Beatrice Livingston (R),en,「我々があなたのためにこれほど多くのことをしてきたというのに、よくもそんなことを言えるものですか？」
0x01000052000697E1,433,837,Rizia/Turn 9/FPnT_GRACERumburgMeeting,Beatrice Livingston (R),en,「陛下、おっしゃる通りでございます。」
0x01000052000697EE,433,841,Rizia/Turn 9/FPnT_GRACERumburgMeeting,Player_Romus,en,「敬具、閣下。GRACEは経済同盟に過ぎない。我々がエネルギー供給の義務を果たし続ける限り、我々の改革があなたに何の関係があるとは思えない。」
0x01000052000697F5,433,842,Rizia/Turn 9/FPnT_GRACERumburgMeeting,Beatrice Livingston (R),en,「軍のことですが、陛下の率いる戦争はどのような進展を見せていますか？」
0x010000520006980D,433,844,Rizia/Turn 9/FPnT_GRACERumburgMeeting,Beatrice Livingston (R),en,「言うまでもなく、陛下と新たな首相との間に、その人物が誰であれ、スムーズな移行がなされることを期待しております。」
0x010000520006981F,433,847,Rizia/Turn 9/FPnT_GRACERumburgMeeting,Beatrice Livingston (R),en,「その約束は必ず守らせます、陛下。」
0x010000520006982A,433,848,Rizia/Turn 9/FPnT_GRACERumburgMeeting,Beatrice Livingston (R),en,「もちろんのこと、陛下と新しい首相との間に、その人物が誰であれ、スムーズな移行がなされることを期待しております。」
0x010000520006983F,433,856,Rizia/Turn 9/FPnT_GRACERumburgMeeting,Beatrice Livingston (R),en,「陛下、あなたは私の家族です。私はただあなたを守っているだけです。」
0x0100005200069846,433,857,Rizia/Turn 9/FPnT_GRACERumburgMeeting,Beatrice Livingston (R),en,「言うまでもなく、陛下と新たな首相との間に、その人物が誰であれ、スムーズな移行がなされることを期待しております。」
0x010000520006984E,433,858,Rizia/Turn 9/FPnT_GRACERumburgMeeting,Beatrice Livingston (R),en,「それで、陛下。あなたの戦争はいかがな進展を見せておりますか？」
0x010000BE00004B69,433,879,Rizia/Turn 9/FPnT_GRACERumburgMeeting,Player_Romus,en,「さあ、ベア。もしロムス・トラスが寝取られることに熱心ではないと思うなら――」
0x010000BE00004B69,433,879,Rizia/Turn 9/FPnT_GRACERumburgMeeting,Player_Romus,Menu Text en,「さあ、ベア。もしロムス・トラスが寝取られることに熱心じゃないと思うなら、お前は私のことを全く知らないんだ。」
0x010000BE00004B70,433,880,Rizia/Turn 9/FPnT_GRACERumburgMeeting,Beatrice Livingston (R),en,「ダストのためにも、せめて5秒間だけ真剣になってくれませんか？これは陛下の王国の未来に関わることです！」
0x010000BE00004B82,433,884,Rizia/Turn 9/FPnT_GRACERumburgMeeting,Beatrice Livingston (R),en,「エネルギーグリッドの修復を別れの贈り物としてお考えください。これからはリジアが自らの混乱を片付けていかなければなりません。」
0x010000BE00004B8F,433,888,Rizia/Turn 9/FPnT_GRACERumburgMeeting,Beatrice Livingston (R),en,「実のところ、あなた方の破壊活動のために我々が提供した支援は、当分の間、ルンブルクから受け取れる最後の援助かもしれません。」
0x010000BE00004B9E,433,892,Rizia/Turn 9/FPnT_GRACERumburgMeeting,Player_Romus,en,「あなたが我々の壊れたエネルギーグリッドを修復してくれたおかげで……これ以上、あなたに何も頼むつもりはない。」
0x010000BE00004BA5,433,893,Rizia/Turn 9/FPnT_GRACERumburgMeeting,Beatrice Livingston (R),en,「私がこれを申し出るのは、陛下のためだけではありません。」
0x010000BE00004BB4,433,897,Rizia/Turn 9/FPnT_GRACERumburgMeeting,Player_Romus,en,「まずは我々のエネルギーグリッドの修復を手伝ってくれて、今度はこれだ？ルンブルクはあまりにも親切すぎる。」
0x010000BE00004BBB,433,898,Rizia/Turn 9/FPnT_GRACERumburgMeeting,Beatrice Livingston (R),en,「些細なことに過ぎません。いや、そんなに謙遜してはいけませんね。」
0x0100005200074721,433,902,Rizia/Turn 9/FPnT_GRACERumburgMeeting,Player_Romus,en,「隣国との接触は脅威ではなく、一種の実験に過ぎなかった。私は他の君主国たちとの同盟関係をしっかりと維持し続けるつもりでいた。」
0x0100005200074735,433,909,Rizia/Turn 9/FPnT_GRACERumburgMeeting,Player_Romus,en,「ルンブルクが我々を助けてくれるだろうか？」
0x010000520007473D,433,910,Rizia/Turn 9/FPnT_GRACERumburgMeeting,Beatrice Livingston (R),en,「陛下、どうか節度を持って行動していただきたく存じます。特に王国内の宗教的な対立という点においては。」
0x0100005200074742,433,911,Rizia/Turn 9/FPnT_GRACERumburgMeeting,Player_Romus,en,「それについては私にできることは何もない。これは神が我々のために選ばれた道なのだ。」
0x0100005200074749,433,912,Rizia/Turn 9/FPnT_GRACERumburgMeeting,Beatrice Livingston (R),en,「ご覧ください、まさにそのような言葉こそが私を心配させるのです。」
0x0100005200074753,433,913,Rizia/Turn 9/FPnT_GRACERumburgMeeting,Beatrice Livingston (R),en,「陛下、他国の人々はすでに君主に対して一定の固定観念を抱いております。陛下の過度な宗教的熱意は、彼らの最も深い恐れを裏付ける結果となっています。」
0x010000520007475A,433,914,Rizia/Turn 9/FPnT_GRACERumburgMeeting,Player_Romus,en,「私は単なる信仰心の強い人間に過ぎず、狂信者ではない。」
0x0100005200074761,433,915,Rizia/Turn 9/FPnT_GRACERumburgMeeting,Player_Romus,en,「まさに真のダストヌリティ信者らしい話し方だね。」
0x0100005200074768,433,916,Rizia/Turn 9/FPnT_GRACERumburgMeeting,Player_Romus,en,「ステレオタイプであろうとなかろうと、リジアを統治する者は神に選ばれた私だ。」
0x010000520007476F,433,917,Rizia/Turn 9/FPnT_GRACERumburgMeeting,Player_Romus,en,「リジアは分裂の危機に瀕していた。しかし信仰を通じて、この王国はついに団結を果たすだろう。」
0x0100005200074776,433,918,Rizia/Turn 9/FPnT_GRACERumburgMeeting,Beatrice Livingston (R),en,「ニーリスト教の一部の宗派だけを奨励し、他のすべてを排除することが『統一』だと言えるのでしょうか？」
0x010000520007477D,433,919,Rizia/Turn 9/FPnT_GRACERumburgMeeting,Beatrice Livingston (R),en,「さあ、ロムス。少しの間だけ、説教者ぶるのはやめなさいませ。」
0x0100005200074784,433,920,Rizia/Turn 9/FPnT_GRACERumburgMeeting,Beatrice Livingston (R),en,「これが私の言いたいことです。異なる信仰を持つ者々へのあなたの絶え間ない無礼は、もはや手に負えない状態になっています。」
0x010000520007478B,433,921,Rizia/Turn 9/FPnT_GRACERumburgMeeting,Beatrice Livingston (R),en,「陛下は王でいらっしゃいます。他のあらゆる信仰を犠牲にして、ただ一つの信仰を広めるために全力を尽くされてきた方です。」
0x0100005200074792,433,922,Rizia/Turn 9/FPnT_GRACERumburgMeeting,Beatrice Livingston (R),en,「陛下、自らの領土でダストヌリティ派の崇拝を禁止するほどのことをなさるとは信じられません。ルンブルクはこれを決して受け入れません。」
0x01000052000747A2,433,926,Rizia/Turn 9/FPnT_GRACERumburgMeeting,Beatrice Livingston (R),en,「陛下、あなたが言うところの『ヴルヘックの守護者』など、国内のダストヌリティ信徒を脅迫し圧制するための見せかけに過ぎません。ルンブルクはこれを決して受け入れることはありません。」
0x01000052000747A9,433,927,Rizia/Turn 9/FPnT_GRACERumburgMeeting,Player_Romus,en,「では、そろそろ我々が別々の道を歩む時が来たようだね。」
0x01000052000747B1,433,928,Rizia/Turn 9/FPnT_GRACERumburgMeeting,Beatrice Livingston (R),en,「陛下、ご同意いただけて光栄です。リジアの狂気が『GRACE』の評判を損なっています。」
0x01000052000747B9,433,929,Rizia/Turn 9/FPnT_GRACERumburgMeeting,Player_Romus,en,「あなたもいずれ、自分の妹でさえ最終的にはヴルヘックが正しいと信じるようになるだろう。私も同じだ。」
0x01000052000747C1,433,930,Rizia/Turn 9/FPnT_GRACERumburgMeeting,Beatrice Livingston (R),en,「はっ。彼女は表面上は改宗したかもしれぬが、私のレナがあなた方の偽りの信仰に屈することは決してないと確信している。」
0x01000052000747DB,433,931,Rizia/Turn 9/FPnT_GRACERumburgMeeting,Player_Romus,en,「私のヴルヘック教の王国と、あなた方のダストヌリティ派の国が共存できないと考えるなら、それは寛容でないのはあなた方の方だ。」
0x01000052000747EA,433,932,Rizia/Turn 9/FPnT_GRACERumburgMeeting,Beatrice Livingston (R),en,「我々は共存することはできます。しかし、パートナーにはなれません。あなたの行動によって、我々の間の絆はすべて破壊されてしまったのです。」
0x01000052000747F3,433,933,Rizia/Turn 9/FPnT_GRACERumburgMeeting,Beatrice Livingston (R),en,「しかし、それはどうでもいいのです。私が言いたいのは、リジアの狂気がGRACEの評判を台無しにしているということです。」
0x01000052000747FA,433,934,Rizia/Turn 9/FPnT_GRACERumburgMeeting,Player_Romus,en,「我々には経済的な提携関係がある。宗教の問題はそこに含める必要はない。」
0x0100005200074802,433,935,Rizia/Turn 9/FPnT_GRACERumburgMeeting,Beatrice Livingston (R),en,「陛下、陛下の偏見がダストヌリティの難民たちを我々の国境へと追いやってしまう以上、宗教もまた重要な要素となってしまいます。」
0x0100006A00017730,434,3,Rizia/Turn 9/FPnT_CallWithSmolak,Narrator,en,私はモンキズの高く上にあるパラス・トラスのバルコニーでマッサージを受けながらカクテルを飲んでいた。太陽が沈みつつあり、その光が水面できらめき、港の上に翻るルンブルク人の旗々を照らしていた。
0x0100006A00017737,434,4,Rizia/Turn 9/FPnT_CallWithSmolak,Narrator,en,立ち上がると、マッサージ師がタオルを渡してくれた。私は仕事と楽しみを見事に両立させることができ、カクテルを手に取った後、使用人にプールで電話に出ると伝えた。
0x0100006A00017745,434,5,Rizia/Turn 9/FPnT_CallWithSmolak,Narrator,en,私がそうすると、使用人が電話機を持ってきてプールの端に置いてくれた。
0x0100006A0001774C,434,6,Rizia/Turn 9/FPnT_CallWithSmolak,Narrator,en,彼は、電話の向こう側にヴィクトル・スモラクがいると私に伝えた。
0x0100006A00017758,434,7,Rizia/Turn 9/FPnT_CallWithSmolak,Wiktor Smolak (R),en,「陛下、こんばん天です。このような時刻にご邪魔していないことを願っております。」
0x0100006A0001775F,434,8,Rizia/Turn 9/FPnT_CallWithSmolak,Player_Romus,en,「こんばんは、大統領大統領。このようなお目にかかれる光栄をいただき、私としても光栄に思う。」
0x0100006A00017765,434,9,Rizia/Turn 9/FPnT_CallWithSmolak,Player_Romus,en,「なぜお電話をくださったのか？」
0x0100006A0001776B,434,10,Rizia/Turn 9/FPnT_CallWithSmolak,Player_Romus,en,「以前は何の支障もなかった。だが今は、そうではない。」
0x0100006A00017774,434,11,Rizia/Turn 9/FPnT_CallWithSmolak,Wiktor Smolak (R),en,「まあ、驚きました。私の記憶では、リジア人たちはもう少し歓迎的だったはずですが。」
0x0100006A0001777C,434,12,Rizia/Turn 9/FPnT_CallWithSmolak,Wiktor Smolak (R),en,「ではお聞きします……陛下、いかがお過ごしでいらっしゃいますか？」
0x0100006A00017784,434,13,Rizia/Turn 9/FPnT_CallWithSmolak,Player_Romus,en,「それはあなたには関係のないことだ。」
0x0100006A0001778B,434,14,Rizia/Turn 9/FPnT_CallWithSmolak,Player_Romus,en,「私は元気だ。あなたは？」
0x0100006A00017791,434,15,Rizia/Turn 9/FPnT_CallWithSmolak,Player_Romus,en,「私の数多くある宮殿の一つで快適な日々を過ごしている。ご存知か？」
0x0100006A00017797,434,16,Rizia/Turn 9/FPnT_CallWithSmolak,Wiktor Smolak (R),en,「実のところ、私にはその見当がつきます。」
0x0100006A0001779E,434,17,Rizia/Turn 9/FPnT_CallWithSmolak,Wiktor Smolak (R),en,「私も現在、まさに同じような享楽に耽っております。」
0x0100006A000177A6,434,18,Rizia/Turn 9/FPnT_CallWithSmolak,Wiktor Smolak (R),en,「では、早速本題に入りましょう。」
0x0100006A000177AD,434,19,Rizia/Turn 9/FPnT_CallWithSmolak,Wiktor Smolak (R),en,「ああ、ご存知の通りです。内閣から潜入者を排除し、財務省からの『私的借入金』も処理しているところで……」
0x0100006A000177B5,434,20,Rizia/Turn 9/FPnT_CallWithSmolak,Wiktor Smolak (R),en,「陛下、お聞きください。」
0x0100006A000177BE,434,21,Rizia/Turn 9/FPnT_CallWithSmolak,Wiktor Smolak (R),en,「陛下、私から一つ提案がございます...」
0x0100006A000177C5,434,22,Rizia/Turn 9/FPnT_CallWithSmolak,Narrator,en,肌に触れる水が突然冷たく感じられた。
0x0100006A000177CC,434,23,Rizia/Turn 9/FPnT_CallWithSmolak,Wiktor Smolak (R),en,「陛下、興味をお持ちいただけるかと思われるものが一つございます。」
0x0100006A000177D3,434,24,Rizia/Turn 9/FPnT_CallWithSmolak,Player_Romus,en,「私は聞いている。」
0x0100006A000177DA,434,25,Rizia/Turn 9/FPnT_CallWithSmolak,Player_Romus,en,「早く済ませてくれ。」
0x0100006A000177E1,434,26,Rizia/Turn 9/FPnT_CallWithSmolak,Player_Romus,en,「それは何だ？」
0x0100006A000177E8,434,27,Rizia/Turn 9/FPnT_CallWithSmolak,Wiktor Smolak (R),en,「陛下、小規模な戦争の進行状況はいかがでしょうか？」
0x0100006A000177EE,434,28,Rizia/Turn 9/FPnT_CallWithSmolak,Narrator,en,彼は再び一口吸い込んだ。
0x0100006A000177F8,434,29,Rizia/Turn 9/FPnT_CallWithSmolak,Player_Romus,en,「早速本題に入ろう。」
0x0100006A000177FF,434,30,Rizia/Turn 9/FPnT_CallWithSmolak,Player_Romus,en,「それはあなたには関係のないことだ。」
0x0100006A00017806,434,31,Rizia/Turn 9/FPnT_CallWithSmolak,Player_Romus,en,「とても順調だ、ありがとう。完全な勝利が目前にある。」
0x0100006A0001780D,434,32,Rizia/Turn 9/FPnT_CallWithSmolak,Player_Romus,en,「もう少し良くなるだろう。」
0x0100006A00017814,434,33,Rizia/Turn 9/FPnT_CallWithSmolak,Wiktor Smolak (R),en,「やはりそうだった。」
0x0100006A0001781A,434,34,Rizia/Turn 9/FPnT_CallWithSmolak,Wiktor Smolak (R),en,「おや、本当ですか？それは良かった。実に良いことです。ええ。」
0x0100006A00017822,434,35,Rizia/Turn 9/FPnT_CallWithSmolak,Wiktor Smolak (R),en,「陛下、あまり話さないお方ですね？」
0x0100006A00017828,434,36,Rizia/Turn 9/FPnT_CallWithSmolak,Wiktor Smolak (R),en,「恐れ多いのですが、私の考えを申し上げますと……」
0x0100006A00017833,434,37,Rizia/Turn 9/FPnT_CallWithSmolak,Wiktor Smolak (R),en,「陛下、宮殿のバルコニーに立ち、西の空に沈む太陽を眺めている姿を想像してください。」
0x0100006A00017841,434,38,Rizia/Turn 9/FPnT_CallWithSmolak,Player_Romus,en,「もしよく知らなければ、それを隠された脅威だと解釈してしまうだろう。」
0x0100006A00017848,434,39,Rizia/Turn 9/FPnT_CallWithSmolak,Player_Romus,en,「それで、その後はどうなったのか？」
0x0100006A0001784F,434,40,Rizia/Turn 9/FPnT_CallWithSmolak,Player_Romus,en,「あなた、正気を失ったのか？」
0x0100006A00017856,434,41,Rizia/Turn 9/FPnT_CallWithSmolak,Wiktor Smolak (R),en,「まあ、まあ。そんなに緊張する必要はありません。」
0x0100006A0001785C,434,42,Rizia/Turn 9/FPnT_CallWithSmolak,Wiktor Smolak (R),en,「これからが本当の見どころです。」
0x0100006A00017864,434,43,Rizia/Turn 9/FPnT_CallWithSmolak,Player_Romus,en,「この輝かしい軍隊は一体何をしているのか？」
0x0100006A0001786E,434,44,Rizia/Turn 9/FPnT_CallWithSmolak,Wiktor Smolak (R),en,「私は自軍を使って……」
0x0100006A00017875,434,45,Rizia/Turn 9/FPnT_CallWithSmolak,Wiktor Smolak (R),en,「...陛下のパレスでの戦争に勝利されるためのお手伝いをするためです。」
0x0100006A0001787C,434,46,Rizia/Turn 9/FPnT_CallWithSmolak,Wiktor Smolak (R),en,「それでは、いかがでしょうか？」
0x0100006A00017882,434,47,Rizia/Turn 9/FPnT_CallWithSmolak,Narrator,en,彼は再び一口吸い込んだ。
0x0100006A0001788A,434,48,Rizia/Turn 9/FPnT_CallWithSmolak,Player_Romus,en,「では、見返りに何を望んでいるのか？」
0x0100006A00017890,434,49,Rizia/Turn 9/FPnT_CallWithSmolak,Player_Romus,en,「あなたの寛大さに感謝する。もちろん、我々はヴェーレンの無条件の支援を受け入れる。」
0x0100006A00017896,434,50,Rizia/Turn 9/FPnT_CallWithSmolak,Player_Romus,en,「私は電話を切る。」
0x0100006A0001789F,434,51,Rizia/Turn 9/FPnT_CallWithSmolak,Wiktor Smolak (R),en,「待ってください。どうかお待ちください。」
0x0100006A000178A6,434,52,Rizia/Turn 9/FPnT_CallWithSmolak,Wiktor Smolak (R),en,「ちょっと待ってください……これに無条件などというものはありません。」
0x0100006A000178AD,434,53,Rizia/Turn 9/FPnT_CallWithSmolak,Wiktor Smolak (R),en,「私は取引を提案します。ジルとパレスです。」
0x0100006A000178B6,434,54,Rizia/Turn 9/FPnT_CallWithSmolak,Wiktor Smolak (R),en,「それが私の要求です。受け入れていただければ、パレスはあなたのものとなります。」
0x0100006A000178BD,434,55,Rizia/Turn 9/FPnT_CallWithSmolak,Wiktor Smolak (R),en,「その申し出は私が電話を切った瞬間に無効となります。どう思われますか、陛下？」
0x0100006A000178C4,434,56,Rizia/Turn 9/FPnT_CallWithSmolak,Player_Romus,en,「断じてそんなことはない。どうしてヴェーレンがいなければリジアに勝ち目がないなどと思われるのか？」
0x0100006A000178CB,434,57,Rizia/Turn 9/FPnT_CallWithSmolak,Player_Romus,en,「ジルを手放すのは望まない。もしかすると、他に探求できる選択肢があるかもしれないね？」
0x0100006A000178D1,434,58,Rizia/Turn 9/FPnT_CallWithSmolak,Narrator,en,彼がパイプを置いたとき、カチッという音が聞こえた。彼の口調はずっと真剣なものへと変わった。
0x0100006A000178DB,434,59,Rizia/Turn 9/FPnT_CallWithSmolak,Wiktor Smolak (R),en,「この取引には交渉の余地はありません。ジルか、それとも何も得られないかのどちらかです。」
0x0100006A000178E3,434,60,Rizia/Turn 9/FPnT_CallWithSmolak,Wiktor Smolak (R),en,「残念ですね。誠に惜しいことです。」
0x0100006A000178EA,434,61,Rizia/Turn 9/FPnT_CallWithSmolak,Player_Romus,en,「わかった。あなたの条件には同意するが、あなたが約束を守ってくれる場合に限る。」
0x0100006A000178F3,434,62,Rizia/Turn 9/FPnT_CallWithSmolak,Narrator,en,私はしばらく時間をかけて彼の提案についてよく考えた。本当にジルと引き換えにパレスを手に入れることができるのだろうか？
0x0100006A000178FA,434,63,Rizia/Turn 9/FPnT_CallWithSmolak,Wiktor Smolak (R),en,「では、どう思いますか？取引は成立するのでしょうか？」
0x0100006A00017904,434,64,Rizia/Turn 9/FPnT_CallWithSmolak,Narrator,en,私はもう少しの間、そのことについて考えた。
0x0100006A0001790D,434,65,Rizia/Turn 9/FPnT_CallWithSmolak,Wiktor Smolak (R),en,「素晴らしい！もちろん私は約束を守ります。陛下、必ずや実行いたします。」
0x0100006A00017914,434,66,Rizia/Turn 9/FPnT_CallWithSmolak,Narrator,en,私の頭の中に、彼の満面の笑みが浮かんでいた。
0x0100006A00017922,434,68,Rizia/Turn 9/FPnT_CallWithSmolak,Wiktor Smolak (R),en,「私は自分の提案を出しました。」
0x0100006A0001792A,434,69,Rizia/Turn 9/FPnT_CallWithSmolak,Wiktor Smolak (R),en,「陛下、良い夜をお過ごしください。また、戦いにおきましても幸運がありますように。」
0x0100006A00017931,434,70,Rizia/Turn 9/FPnT_CallWithSmolak,Player_Romus,en,「おやすみなさい、大統領。」
0x0100006A00017937,434,71,Rizia/Turn 9/FPnT_CallWithSmolak,Player_Romus,en,「二度とあなたの声を聞くことがないよう願っている。」
0x0100006A0001793D,434,72,Rizia/Turn 9/FPnT_CallWithSmolak,Player_Romus,en,「失せろ。」
0x0100006A00017946,434,73,Rizia/Turn 9/FPnT_CallWithSmolak,Wiktor Smolak (R),en,「私もです。陛下。」
0x0100006A00017953,434,74,Rizia/Turn 9/FPnT_CallWithSmolak,Narrator,en,彼は電話を切った。
0x0100006A00017962,434,76,Rizia/Turn 9/FPnT_CallWithSmolak,Wiktor Smolak (R),en,「それなら私の民があなたの民と話し合い、すべてが解決するでしょう。」
0x0100006A00017969,434,77,Rizia/Turn 9/FPnT_CallWithSmolak,Wiktor Smolak (R),en,「陛下、あなた様は実に理性的な方ですね。」
0x0100006A00017970,434,78,Rizia/Turn 9/FPnT_CallWithSmolak,Wiktor Smolak (R),en,「陛下、良い夜をお過ごしください。」
0x0100006A00017977,434,79,Rizia/Turn 9/FPnT_CallWithSmolak,Wiktor Smolak (R),en,「陛下、私はロムス・トラス王ご自身が主催されるパレスでの勝利祝賀行事にぜひ出席したいと存じます。」
0x0100006A0001797E,434,80,Rizia/Turn 9/FPnT_CallWithSmolak,Player_Romus,en,「こんばんは。」
0x0100006A00017984,434,81,Rizia/Turn 9/FPnT_CallWithSmolak,Player_Romus,en,「大統領、その祝賀行事は大統領の最も大胆な期待をはるかに上回るものとなる。」
0x0100006A0001798C,434,82,Rizia/Turn 9/FPnT_CallWithSmolak,Player_Romus,en,「もし私を裏切るなら、あなたとあなたの国の両方がその代償を払うことになる。」
0x0100006A00017993,434,83,Rizia/Turn 9/FPnT_CallWithSmolak,Player_Romus,en,「興味深い提案だね……しかし、あなた方が約束を破らないとどうやって確信できるか？」
0x0100006A0001799A,434,84,Rizia/Turn 9/FPnT_CallWithSmolak,Wiktor Smolak (R),en,「もちろん契約書に署名いたします！すべてが万全であるよう、あなたの外交顧問を信頼しております。」
0x0100006A000179A4,434,85,Rizia/Turn 9/FPnT_CallWithSmolak,Wiktor Smolak (R),en,「陛下、あなたの言葉は私にもよく分かります！詳しい裏話をぜひお聞かせくださいませ！」
0x0100006A000179AE,434,86,Rizia/Turn 9/FPnT_CallWithSmolak,Narrator,en,私はプールに身を沈める前に、誰にも聞かれないようにその言葉をつぶやいた。
0x01000098000426B0,434,94,Rizia/Turn 9/FPnT_CallWithSmolak,Narrator,en,私は母が考案した特別な飲み物であるロムルティニを一口飲んで、深くため息をついた。
0x01000098000426B7,434,95,Rizia/Turn 9/FPnT_CallWithSmolak,Narrator,en,私は母が考案したロムルティニを一口飲んで、長いため息をついた。
0x0100009800042703,434,96,Rizia/Turn 9/FPnT_CallWithSmolak,Narrator,en,私は思わず飲み物を吹き出しそうになった。落ち着くまで少し時間を置いてから、再び受話器を取った。
0x010000980004270A,434,97,Rizia/Turn 9/FPnT_CallWithSmolak,Player_Romus,en,「ちょうど金貨でできたプールでのんびり泳ごうとしていたところだ。だが、あなたのお伴は悪くない気晴らしになりそうだね。」
0x0100009800042711,434,98,Rizia/Turn 9/FPnT_CallWithSmolak,Wiktor Smolak (R),en,「『はっ！『金貨のプール』だと……？その言葉は覚えておこう。』」
0x010000980004271F,434,102,Rizia/Turn 9/FPnT_CallWithSmolak,Wiktor Smolak (R),en,「陛下、いかがお過ごしでございますか？」
0x010000980004272C,434,103,Rizia/Turn 9/FPnT_CallWithSmolak,Wiktor Smolak (R),en,「また一つ、仕事の日ですね。」
0x0100009800042733,434,104,Rizia/Turn 9/FPnT_CallWithSmolak,Player_Romus,en,「さあ、もう待たせないでくれ。この不安な気持ちが本当に私を苦しめている！」
0x010000980004273A,434,105,Rizia/Turn 9/FPnT_CallWithSmolak,Narrator,en,彼が再び煙を吸い込む前に、明らかな沈黙があった。私は自分の皮肉が相手に伝わっていないのではないかと思った。
0x0100009800042742,434,106,Rizia/Turn 9/FPnT_CallWithSmolak,Wiktor Smolak (R),en,「ヴェーレン共和国の軍隊という、比類なき栄光です。」
0x0100009800042749,434,107,Rizia/Turn 9/FPnT_CallWithSmolak,Wiktor Smolak (R),en,「突然、沈みゆく太陽の光が地平線にかかるちょうどその時、影の中から金色のきらめきが見えてきます――」
0x0100009800042750,434,108,Rizia/Turn 9/FPnT_CallWithSmolak,Wiktor Smolak (R),en,「陛下、ご存知の通り、ヴェゼク軍は伝説的な名声を誇っております。」
0x0100009800042767,434,109,Rizia/Turn 9/FPnT_CallWithSmolak,Narrator,en,一方で、ヴェーレンの援助を受け入れれば状況は我々に有利に傾くかもしれないが、ヴィクトル・スモラクのような人物と手を組めば永遠に彼に恩義を負うことになるだろう。
0x010000980004276D,434,110,Rizia/Turn 9/FPnT_CallWithSmolak,Narrator,en,一方、もしスモラクの意図が本当なら、パレスに対する決定的な勝利を手に入れることが可能だっただろう。
0x010000980004277B,434,111,Rizia/Turn 9/FPnT_CallWithSmolak,Narrator,en,ましてや、もし戦争に負けてしまえば、国際的なパートナーたちとの信頼関係を損なう危険性もあった。
0x0100009800042784,434,112,Rizia/Turn 9/FPnT_CallWithSmolak,Wiktor Smolak (R),en,「信頼と約束を守ることの重要性はよく理解しております――特に、間もなく共に戦う兄弟のようになる相手に対しては！」
0x010000980004278B,434,113,Rizia/Turn 9/FPnT_CallWithSmolak,Wiktor Smolak (R),en,「考えてみてください……この一通の電話だけで、歴史の流れが必然的に変わってしまうのです。疑いようもありません！」
0x0100009800042792,434,114,Rizia/Turn 9/FPnT_CallWithSmolak,Wiktor Smolak (R),en,「ええ、これまでにもかなり奇妙な夢を見てきましたが、今回はあなたを信じます、陛下！」
0x0100009800042799,434,115,Rizia/Turn 9/FPnT_CallWithSmolak,Player_Romus,en,「ヴィクトル・スモラクとの軍事同盟か……私はいったい何を引き起こしてしまったのだろう……」
0x01000098000427A0,434,116,Rizia/Turn 9/FPnT_CallWithSmolak,Player_Romus,en,「パレスはもう私の手の中だ。それが分かる。」
0x01000098000427A7,434,117,Rizia/Turn 9/FPnT_CallWithSmolak,Player_Romus,en,「私は父が始めたことをほぼ完了させた。『リジアの国旗が再びパレス上空に掲げられるだろう』」
0x01000098000427BC,434,118,Rizia/Turn 9/FPnT_CallWithSmolak,Narrator,en,私が携帯電話を置いたとき、先ほど起こった出来事について考え込んだ。
0x01000098000427C6,434,119,Rizia/Turn 9/FPnT_CallWithSmolak,Narrator,en,彼は電話を切った。
0x01000098000427CD,434,120,Rizia/Turn 9/FPnT_CallWithSmolak,Narrator,en,私はプールに身を沈める前に、誰にも聞かれないようにその言葉を声に出して言った。
0x01000098000427D3,434,121,Rizia/Turn 9/FPnT_CallWithSmolak,Player_Romus,en,「ヴィクトル・スモラクとの軍事同盟だって……そんなことを考えた自分が信じられない。」
0x01000098000427D9,434,122,Rizia/Turn 9/FPnT_CallWithSmolak,Player_Romus,en,「パレスはもう私の手の中にある。それがはっきりと分かる。ヴィクトル・スモラクのような取るに足らない独裁者でさえ、私の考えを変えることはできない。」
0x01000098000427DF,434,123,Rizia/Turn 9/FPnT_CallWithSmolak,Narrator,en,私が携帯電話を置いたとき、先ほど起こった出来事について考え込んだ。
0x01000098000427E5,434,124,Rizia/Turn 9/FPnT_CallWithSmolak,Player_Romus,en,スモラクなどくたばれ……私は父が始めたことを最後までやり遂げる。リジアの旗は必ず再びパレスとジル上空に翻るのだ。
0x0100009800042803,434,131,Rizia/Turn 9/FPnT_CallWithSmolak,Player_Romus,en,「スモラクなどくたばれ……父上の過ちを正すのに彼の助けなど必要ない。必ずや再びリジアの国旗がパレスとジル上空に翻るのだ。」
0x010000980004280A,434,132,Rizia/Turn 9/FPnT_CallWithSmolak,Player_Romus,en,「スモラクなどどうでもいい。彼の助けなど必要ない。再びリジアの国旗がパレスやジル上空に掲げられるのだ。」
0x010000980004281D,434,139,Rizia/Turn 9/FPnT_CallWithSmolak,Player_Romus,en,「リジアの国旗が再びパレス上空に翻るだろう。私の父の過ちがもはやこの国を苦しめることはない。」
0x0100009800042823,434,140,Rizia/Turn 9/FPnT_CallWithSmolak,Player_Romus,en,「リジアの国旗は必ずや再びパレス上空に翻るだろう。」
0x010000980004282F,434,141,Rizia/Turn 9/FPnT_CallWithSmolak,Narrator,en,私はその静けさの中でゆったりと過ごし、自分の悩みをほとんど忘れられるほどだったが、そこへ使用人が重要な電話がかかってきたという知らせを持ってきて平静を破り、私は再び現実に引き戻された。
0x0100009800042836,434,142,Rizia/Turn 9/FPnT_CallWithSmolak,Narrator,en,私が自分専用のオアシスに着いたとき、そこは以前と変わらず見事な景色を誇る大理石の柱に囲まれており、私は階段を降りて冷たい水の中に身を浸した。
0x010000980004284A,434,143,Rizia/Turn 9/FPnT_CallWithSmolak,Narrator,en,私は、彼がおそらくキシャパイプから煙を吸う音を聞いた。
0x010000520005C051,434,144,Rizia/Turn 9/FPnT_CallWithSmolak,Narrator,en,パレス戦争が絶え間ないストレスの源であったため、ルシータは私に少し自分の時間を持つよう促してきた。彼女のために、私は承諾した。
0x010000520005C05D,434,148,Rizia/Turn 9/FPnT_CallWithSmolak,Narrator,en,パレスとの戦争が絶え間ないストレスの源であったため、パベルは私に少し自分の時間を持つよう促してきた。彼のために、私は承諾した。
0x010000520005C06A,434,152,Rizia/Turn 9/FPnT_CallWithSmolak,Narrator,en,パレスとの戦争が絶え間ないストレスの源であったため、母は私に自分の時間を持つよう強く勧めた。母のために、私はそれに同意した。
0x010000520005C07A,434,156,Rizia/Turn 9/FPnT_CallWithSmolak,Narrator,en,私はモンキズの高く上にあるパラス・トラスのバルコニーでマッサージとカクテルを楽しんでいた。太陽が沈みつつあり、その光が水面できらめき、港の上に翻るリジア人の旗々を照らしていた。
0x010000520005C088,434,160,Rizia/Turn 9/FPnT_CallWithSmolak,Wiktor Smolak (R),en,「陛下、ポーカープレイヤーではなく王でいられることを幸運に思われます。今のお言葉はひどすぎる虚勢です。」
0x010000520005C09A,434,161,Rizia/Turn 9/FPnT_CallWithSmolak,Wiktor Smolak (R),en,「そんな無礼な態度はやめてください、陛下。友人として尋ねているだけです。」
0x010000520005C0A1,434,162,Rizia/Turn 9/FPnT_CallWithSmolak,Player_Romus,en,「ズィルを取り戻すためにあれほど苦労したのに？断る。」
0x010000520005C0AB,434,166,Rizia/Turn 9/FPnT_CallWithSmolak,Player_Romus,en,「あなたの絶望を見抜いている。この提案をするのは、国民投票に負けそうだからだろう。」
0x010000520005C0BB,434,170,Rizia/Turn 9/FPnT_CallWithSmolak,Player_Romus,en,「大統領、その時期はもう過ぎている。ジルは再びリジアの一部となっている。」
0x010000520005C0C8,434,171,Rizia/Turn 9/FPnT_CallWithSmolak,Player_Romus,en,「スモラク、よく聞け。お前の取るに足らない軍勢など、圧倒的な力を持つリジア軍の進行を妨げることはできぬ。その申し出は却下されたと思え。」
0x010000520005C0D5,434,172,Rizia/Turn 9/FPnT_CallWithSmolak,Wiktor Smolak (R),en,「唯一の違いは、今回はジルに対する我々の所有権が永続的なものとなる点です。」
0x010000520005C0DC,434,173,Rizia/Turn 9/FPnT_CallWithSmolak,Wiktor Smolak (R),en,「でも、古くてほこりまみれのジルなど誰が必要とするでしょうか。南メルコパで最も大きな新規天然ガス源を完全に支配している今となっては……」
0x010000520005C0E4,434,174,Rizia/Turn 9/FPnT_CallWithSmolak,Wiktor Smolak (R),en,「陛下、新たな協定を結ぶには決して遅すぎるということはありません。」
0x010000520005C0F9,434,181,Rizia/Turn 9/FPnT_CallWithSmolak,Player_Romus,en,「最近、新聞をご覧になったか？我々はもうすぐパレスの首都に到着する。あなたや他の誰かの助けは必要ない。」
0x010000520005C100,434,182,Rizia/Turn 9/FPnT_CallWithSmolak,Wiktor Smolak (R),en,「陛下、私はあなたがそうしたことを友情のしるしとして行ってくださっているのだと思っていました。何百年も前の古びた土地のためではないと。」
0x010000520005C107,434,183,Rizia/Turn 9/FPnT_CallWithSmolak,Wiktor Smolak (R),en,「陛下、よくご考慮ください。南メルコパで最も大きな新規天然ガス田を完全に支配しているのですから、ジルなど必要ありません。」
0x010000520005C10E,434,184,Rizia/Turn 9/FPnT_CallWithSmolak,Wiktor Smolak (R),en,「陛下、水晶玉をお持ちですか？国民が投票を行うまでは、何も決定したことにはなりません。」
0x010000520005C115,434,185,Rizia/Turn 9/FPnT_CallWithSmolak,Wiktor Smolak (R),en,「よく考えてください。国民投票にも戦争にも敗れれば二つの地域を失うことになりますが、この取引を受け入れれば必ず一つを手に入れることができます。」
0x010000520005C0C1,434,186,Rizia/Turn 9/FPnT_CallWithSmolak,Player_Romus,en,「リジアがヴェゼク軍に助けを求めるだと？それは既に行われている。」
0x010000520005C0CE,434,187,Rizia/Turn 9/FPnT_CallWithSmolak,Wiktor Smolak (R),en,「そしてそれは功を奏しましたね、そうでしょう？」
0x010000520005C11D,434,188,Rizia/Turn 9/FPnT_CallWithSmolak,Player_Romus,en,「もう少し詳しく話してくれ。」
0x010000520005C124,434,189,Rizia/Turn 9/FPnT_CallWithSmolak,Wiktor Smolak (R),en,「簡単です。我々が陛下の勝利をお手伝いした後、リジアとヴェーレンは陛下の父上が行われたのと同じように土地移転協定に署名するのです。」
0x010000520005C12C,434,190,Rizia/Turn 9/FPnT_CallWithSmolak,Player_Romus,en,「もし貴方の軍隊が敗れたらどうなるのか？一度に二つの地域を失うことになる。」
0x010000520005C133,434,191,Rizia/Turn 9/FPnT_CallWithSmolak,Wiktor Smolak (R),en,「ご心配には及びません、陛下。もしパレスが落ちれば我々の協定は無効となり、ジルは陛下のものとなります。」
0x010000520005C140,434,195,Rizia/Turn 9/FPnT_CallWithSmolak,Wiktor Smolak (R),en,「もし国民投票に勝てばの話ですが、それは決して確実なことではありません。」
0x010000520005C152,434,196,Rizia/Turn 9/FPnT_CallWithSmolak,Player_Romus,en,「ジルの帰還式で会おう。」
0x010000520005C15F,434,200,Rizia/Turn 9/FPnT_CallWithSmolak,Wiktor Smolak (R),en,「そのようには期待しておりません。」
0x010000520005C167,434,201,Rizia/Turn 9/FPnT_CallWithSmolak,Wiktor Smolak (R),en,「陛下、もし戦争の任務がお呼びでなければですが。」
0x010000520005C16F,434,202,Rizia/Turn 9/FPnT_CallWithSmolak,Narrator,en,彼は傷ついたような口調を取った。
0x010000520005C176,434,203,Rizia/Turn 9/FPnT_CallWithSmolak,Wiktor Smolak (R),en,「陛下、声を大にする必要はございません。それは単なる友好的な振る舞いに過ぎず、他意はありませんでした。」
0x010000520005C189,434,205,Rizia/Turn 9/FPnT_CallWithSmolak,Player_Romus,en,「ちょっと待ってくれ！？なぜ私のロムルティニのグラスが空になっているんだ？」
0x010000520005C191,434,206,Rizia/Turn 9/FPnT_CallWithSmolak,Narrator,en,私がプールに身を浸している間、従者は急いで私の飲み物を補充しに行った。
0x010000520004D27F,435,10,Rizia/Turn 9/FPnT_Mediation,Narrator,en,ラウレントと私はパラス・レズナの外交用スイートに座り、外国から来た客人たちを待っていた。
0x010000520004C7DE,436,3,Rizia/Turn 9/Morella Derdia Mediation,Narrator,en,ドアをノックする音がした。アルバレス首相とヨルガ・アズマル大賢者が到着したのだった。
0x010000520004C7E5,436,4,Rizia/Turn 9/Morella Derdia Mediation,Narrator,en,私がデルディア人とモレラ人の指導者たちに両者の間で調停を行うと約束してから、多くの出来事が起こった。しかし私は依然として解決策を見出すことを固く決意していた。
0x010000520004C7EC,436,5,Rizia/Turn 9/Morella Derdia Mediation,Narrator,en,彼らと数人の大臣たちが、私やラウレントと共に会議テーブルを囲んだ。
0x010000520004C7F3,436,6,Rizia/Turn 9/Morella Derdia Mediation,Player_Romus,en,「さて、こうして我々全員が集まった。」
0x010000520004C800,436,10,Rizia/Turn 9/Morella Derdia Mediation,Player_Romus,en,「まずは短い祈りを捧げたいと思う。」
0x010000520004C807,436,11,Rizia/Turn 9/Morella Derdia Mediation,Narrator,en,大賢者の目は喜びに輝いていた。彼女のモレラ人の同僚は焦れた様子で腕を組んだ。
0x010000520004C80E,436,12,Rizia/Turn 9/Morella Derdia Mediation,Alma Saltana,en,「もしよろしければ、そうしてくれ。」
0x010000520004C819,436,14,Rizia/Turn 9/Morella Derdia Mediation,Player_Romus,en,「 ladies、gentlemen。さっそく本題に入ろうか。」
0x010000520004C820,436,15,Rizia/Turn 9/Morella Derdia Mediation,Player_Romus,en,「私と共にいてくださり、ありがとう。今日こそ大きな成果を上げられると確信している。」
0x010000520004C833,436,16,Rizia/Turn 9/Morella Derdia Mediation,Alma Saltana,en,「喜んで、{RiziaDLCText.SaltanaToPlayer}。」
0x010000520004C876,436,17,Rizia/Turn 9/Morella Derdia Mediation,Player_Romus,en,「今日こうして集まったこの場において、些細な意見の相違によって互いの目を曇らせないよう願っている。我々は皆、神の変わることのない愛によって結ばれた一つの民に過ぎないから。」
0x010000520004C87D,436,18,Rizia/Turn 9/Morella Derdia Mediation,Player_Romus,en,「神聖なる創造主よ、この交渉の場とそこに座するすべての人々を祝福してくれ。彼らが心と思考を開く手助けをしてくれ。」
0x010000520004C884,436,19,Rizia/Turn 9/Morella Derdia Mediation,Player_Romus,en,「あなた、かつてのモリディア帝国の諸国間に団結をもたらすという私の神聖な使命を導いてくれ。そうすれば、我々は我々に害を望む強大な勢力に立ち向かうことができる。」
0x010000520004C88B,436,20,Rizia/Turn 9/Morella Derdia Mediation,Jorga Azmal,en,「陛下、ご命令を。」
0x010000520004C89A,436,22,Rizia/Turn 9/Morella Derdia Mediation,Narrator,en,アズマルとサルタナは不安げに互いの顔を見合わせた。
0x010000520004C901,436,23,Rizia/Turn 9/Morella Derdia Mediation,Alma Saltana,en,「はい、こちらに集まりました。」
0x010000520004CA2E,436,24,Rizia/Turn 9/Morella Derdia Mediation,Narrator,en,ラウレントはテーブルの上に指を置いた。
0x010000520004CA3C,436,25,Rizia/Turn 9/Morella Derdia Mediation,Narrator,en,彼はフォルダーを開き、その中からデルディア、リジア、モレラの地図と、そこに描かれた図解を取り出した。
0x010000520004CA43,436,26,Rizia/Turn 9/Morella Derdia Mediation,Laurento Esquibel,en,「これは聖ヴルヘック回廊と呼ばれております。」
0x010000520004CA4A,436,27,Rizia/Turn 9/Morella Derdia Mediation,Laurento Esquibel,en,「毎年、適切な祈りのビザを持つ選ばれた数名のデルディア人だけが、この特定のルートを通ってモレラへ入国することが許可されます。その中には、ゴルコンド主義者の巡礼路にある最も重要な聖堂も含まれています。」
0x010000520004CA64,436,31,Rizia/Turn 9/Morella Derdia Mediation,Player_Romus,en,「リジアはデルディアのゴルコンド主義者たちが弊国の礼拝所に入ることを再び許可したが、何の問題も起きていない。」
0x010000520004CA71,436,32,Rizia/Turn 9/Morella Derdia Mediation,Alma Saltana,en,「リジアはデルディアと国境を接していません。いわゆる巡礼者の大挙入りによって圧迫されていない唯一の理由は、我々が彼らを食い止めてきたからです。」
0x010000520004CA94,436,36,Rizia/Turn 9/Morella Derdia Mediation,Laurento Esquibel,en,「このルートはリジアへと続いており、そこでは以前からデルディア人の巡礼者たちの入国が許可されています。」
0x010000520004CA9B,436,37,Rizia/Turn 9/Morella Derdia Mediation,Narrator,en,大賢者は身を乗り出し、地図を注意深く見つめた。
0x010000520004CAA2,436,38,Rizia/Turn 9/Morella Derdia Mediation,Jorga Azmal,en,「このルートはラウアンテで終わります。その先は、おそらく海へ向かって進軍するのでしょうか？」
0x010000520004CAA9,436,39,Rizia/Turn 9/Morella Derdia Mediation,Player_Romus,en,「来た道を戻って帰ればいい。そんなに難しくはない。」
0x010000520004CAB0,436,40,Rizia/Turn 9/Morella Derdia Mediation,Player_Romus,en,「我々の冒涜禁止法を尊重することに同意してくだされば、リジアへ進むことは許可する。」
0x010000520004CAB7,436,41,Rizia/Turn 9/Morella Derdia Mediation,Player_Romus,en,「悪くない考えだね。」
0x010000520004CABE,436,42,Rizia/Turn 9/Morella Derdia Mediation,Player_Romus,en,「決してそのようなことはない。私はゴルコンド主義者たちにもリジアで崇拝の機会を与えるつもりだ。」
0x010000520004CAC5,436,43,Rizia/Turn 9/Morella Derdia Mediation,Narrator,en,アズマルとサルタナの両方が私をにらみつけた。モレラ人の首相は咳払いをした。
0x010000520004CACE,436,44,Rizia/Turn 9/Morella Derdia Mediation,Alma Saltana,en,「{RiziaDLCText.SaltanaToPlayer}、モレラがゴルコンド主義者の巡礼者を受け入れつつ、あなた方自身の聖堂だけは閉ざし続けることを期待するのは無理でございます。」
0x010000520004CAD5,436,45,Rizia/Turn 9/Morella Derdia Mediation,Player_Romus,en,「我々のヴルヘック教徒の集団はモレラよりも大きい。混乱を引き起こす可能性もより高いのだ。」
0x010000520004CADC,436,46,Rizia/Turn 9/Morella Derdia Mediation,Player_Romus,en,「残念だが、我々の冒涜罪に関する法律を廃止することは到底考えられない。この国においてはヴルヘック教の聖堂が非常に強大な力を持っているから。」
0x010000520004CAE3,436,47,Rizia/Turn 9/Morella Derdia Mediation,Player_Romus,en,「リジアは現在戦争の真っ只中にある。急な政策の変更は行いたくない。」
0x010000520004CAE9,436,48,Rizia/Turn 9/Morella Derdia Mediation,Narrator,en,アズマルは疑いの眼差しで眉を上げた。
0x010000520004CAF0,436,49,Rizia/Turn 9/Morella Derdia Mediation,Jorga Azmal,en,「そのように計画されているのですね。承知いたしました。」
0x010000520004CAF7,436,50,Rizia/Turn 9/Morella Derdia Mediation,Jorga Azmal,en,「陛下のお約束をあまり重視しないとしても、どうかお許しを。」
0x010000520004CB49,436,54,Rizia/Turn 9/Morella Derdia Mediation,Narrator,en,サルタナは不安そうな顔で我々二人を見つめた。
0x010000520004CB50,436,55,Rizia/Turn 9/Morella Derdia Mediation,Narrator,en,ラウレントは咳払いをした。
0x010000520004CB59,436,56,Rizia/Turn 9/Morella Derdia Mediation,Laurento Esquibel,en,「我々がここにいる理由は、誰もが知っています。」
0x010000520004CB66,436,60,Rizia/Turn 9/Morella Derdia Mediation,Laurento Esquibel,en,「陛下、あなたの国は長年にわたり国境紛争に悩まされてきました。リジアは皆様が共通の解決策を見出せるよう支援することを約束しております。」
0x010000520004CB6C,436,61,Rizia/Turn 9/Morella Derdia Mediation,Laurento Esquibel,en,「リジアはあなた方の両国とエネルギー分野で提携関係を結んでおります。この国境紛争に解決策を見出すことは、我々全員にとって有益でしょう。」
0x010000520004CB76,436,65,Rizia/Turn 9/Morella Derdia Mediation,Jorga Azmal,en,「恐れ入りますが、エスキベル様……」
0x010000520004CB7D,436,66,Rizia/Turn 9/Morella Derdia Mediation,Jorga Azmal,en,「リジアは信頼できないエネルギー供給国であることが証明されています。なぜ調停者としてあなた方を信用しなければならないのですか、陛下？」
0x010000520004C84E,436,70,Rizia/Turn 9/Morella Derdia Mediation,Narrator,en,サルタナは冷ややかに微笑んだ。
0x010000520004C85B,436,71,Rizia/Turn 9/Morella Derdia Mediation,Alma Saltana,en,「面白いですね、アズマルさん。リジアも我々に対するエネルギー供給の約束を果たせていません。」
0x010000520004CB87,436,72,Rizia/Turn 9/Morella Derdia Mediation,Alma Saltana,en,「どうやら、結局は我々にも共通点が一つあるようですね。」
0x010000520004CB9A,436,76,Rizia/Turn 9/Morella Derdia Mediation,Alma Saltana,en,「リジアは信頼できないエネルギー供給国であることが証明されています。なぜ調停者としてあなた方を信用しなければならないのですか、陛下？」
0x010000520004CBA2,436,77,Rizia/Turn 9/Morella Derdia Mediation,Narrator,en,モレラ人の首相はうなずいた。
0x010000520004CBAF,436,81,Rizia/Turn 9/Morella Derdia Mediation,Alma Saltana,en,「現在、デルディアとモレラの間にはパイプラインが敷設されています。もしこうした反乱が続けば、我々の経済や国際的な評判が損なわれるでしょう。」
0x010000520004CBBC,436,82,Rizia/Turn 9/Morella Derdia Mediation,Alma Saltana,en,「これらの反乱を終わらせる時が来ました。我々の国際的な評判は既に十分に損なわれています。」
0x010000520004CBC4,436,83,Rizia/Turn 9/Morella Derdia Mediation,Alma Saltana,en,「恐れ入りますが、エスキベル様……」
0x010000520004CBCB,436,84,Rizia/Turn 9/Morella Derdia Mediation,Player_Romus,en,「今はエネルギー問題について話す時ではない。後ほど私にその件を持ち出しても構わない。」
0x010000520004CBD1,436,85,Rizia/Turn 9/Morella Derdia Mediation,Player_Romus,en,「パレスとの対立が約束したエネルギー供給に支障をきたし、心より申し訳ない。我々が勝利すれば、必ず三倍にして返す。」
0x010000520004CBDC,436,89,Rizia/Turn 9/Morella Derdia Mediation,Player_Romus,en,「私のコントロールを超えた状況により、エネルギー供給が妨げられてしまった。そのことにつきまして、心からお詫び申し上げる。」
0x010000520004C91B,436,90,Rizia/Turn 9/Morella Derdia Mediation,Player_Romus,en,「あなたと私にはそれ以上の共通点がある。ほんの数世代前まで、モリディアン人は一つの民族だったのだ。」
0x010000520004C9AC,436,91,Rizia/Turn 9/Morella Derdia Mediation,Narrator,en,アズマルは力強くうなずいた。
0x010000520004C9B3,436,92,Rizia/Turn 9/Morella Derdia Mediation,Jorga Azmal,en,「まさにその通りでございます、陛下。ですからデルディア人がモレラへの入国を拒否されているのは実に馬鹿げたことだと言えます。」
0x010000520004CBE9,436,93,Rizia/Turn 9/Morella Derdia Mediation,Player_Romus,en,「あなたに選択肢はないだろう？リジアか、それとも誰もいないかのどちらかだ。」
0x010000520004CBFB,436,97,Rizia/Turn 9/Morella Derdia Mediation,Narrator,en,サルタナは唇を引き結んだ。
0x010000520004CC08,436,98,Rizia/Turn 9/Morella Derdia Mediation,Narrator,en,アズマルは歯を食いしばった。
0x010000520004CC15,436,102,Rizia/Turn 9/Morella Derdia Mediation,Narrator,en,彼女はアズマルの方を見た。彼はしぶしぶうなずいた。
0x010000520004CC1C,436,103,Rizia/Turn 9/Morella Derdia Mediation,Alma Saltana,en,「わかりました。続けましょう。」
0x010000520004CC25,436,104,Rizia/Turn 9/Morella Derdia Mediation,Jorga Azmal,en,「わかりました。続けましょう。」
0x010000520004CC2C,436,105,Rizia/Turn 9/Morella Derdia Mediation,Jorga Azmal,en,「反乱だと？まさにそのような言い方こそが、私が首相閣下と交渉するのをためらわせている理由です。」
0x010000520004CC34,436,106,Rizia/Turn 9/Morella Derdia Mediation,Alma Saltana,en,「アズマルさん、問題があるのは本当に私の言葉方なのでしょうか？私があなたよりも大きな権力を持つ女性だという事実ではないのですか？」
0x010000520004CC3B,436,107,Rizia/Turn 9/Morella Derdia Mediation,Alma Saltana,en,「もし皆さんが礼儀正しく振る舞ってくだされば、喜んでお迎えいたします。ところが今は襲撃や反乱が頻発しているのです……」
0x010000520004CC48,436,111,Rizia/Turn 9/Morella Derdia Mediation,Alma Saltana,en,「たとえ現在は使用されていなくとも、今やデルディアとモレラの間にはパイプラインが敷設されています。このような反乱が続けば、我々の経済や国際的な評判が損なわれるでしょう。」
0x010000520004CC4E,436,112,Rizia/Turn 9/Morella Derdia Mediation,Alma Saltana,en,「リジアのエネルギー取引があろうとなかろうと、もはやこれらの反乱を終わらせる時が来ています。我々の国際的な評判は十分に損なわれてしまいました。」
0x010000520004CC5A,436,113,Rizia/Turn 9/Morella Derdia Mediation,Player_Romus,en,「サルタナ首相、最高賢者様にはその正式な称号を使って呼びかけていただきたいのだ。」
0x010000520004C97D,436,115,Rizia/Turn 9/Morella Derdia Mediation,Narrator,en,彼女の顔色は曇っていった。
0x010000520004C984,436,116,Rizia/Turn 9/Morella Derdia Mediation,Alma Saltana,en,「陛下、お許しを。しかし私は、宗教が国家統治に介入することに断固として反対いたします。」
0x010000520004C9F7,436,117,Rizia/Turn 9/Morella Derdia Mediation,Jorga Azmal,en,「それでも、より高き力を信じる者たちが先祖代々続けてきたように崇拝する権利を否定することはできません。」
0x010000520004CC68,436,121,Rizia/Turn 9/Morella Derdia Mediation,Jorga Azmal,en,「どうやらお二人ともそうのようですね。」
0x010000520004CC6F,436,122,Rizia/Turn 9/Morella Derdia Mediation,Player_Romus,en,「これを解決する方法は明らかに一つしかない。それは寛大さの決闘だ。」
0x010000520004CC76,436,123,Rizia/Turn 9/Morella Derdia Mediation,Narrator,en,ラウレントは顔面が青ざめた。サルタナは大声で笑い出した。
0x010000520004CC7D,436,124,Rizia/Turn 9/Morella Derdia Mediation,Alma Saltana,en,「陛下、娘を従兄弟に嫁がせたばかりの王様が決闘を申し込んでまいりました。」
0x010000520004CC90,436,131,Rizia/Turn 9/Morella Derdia Mediation,Alma Saltana,en,「領土を拡大するために娘を嫁がせたばかりの陛下が、決闘を申し込んでまいりました。」
0x010000520004CC97,436,132,Rizia/Turn 9/Morella Derdia Mediation,Alma Saltana,en,「決闘ですって？本当に？」
0x010000520004CC9E,436,133,Rizia/Turn 9/Morella Derdia Mediation,Alma Saltana,en,「陛下、私は政治について話し合うためにここに参りました。何か『王座のゲーム』のようなものをするためではありません。」
0x010000520004CCA7,436,134,Rizia/Turn 9/Morella Derdia Mediation,Jorga Azmal,en,「陛下、決闘までは必要ありません。」
0x010000520004CCAE,436,135,Rizia/Turn 9/Morella Derdia Mediation,Jorga Azmal,en,「これは解決しやすい問題です。デルディアのゴルコンド主義者たちに、彼らの宗教を信仰する自由を与えてください。」
0x010000520004CCB5,436,136,Rizia/Turn 9/Morella Derdia Mediation,Player_Romus,en,「宰相の言葉は気にしなくてよい、大賢者よ。あなた方の民がモレラン国境で行った暴力的な行為に正当性は全くないと認めざるを得ない。」
0x010000520004CCBC,436,137,Rizia/Turn 9/Morella Derdia Mediation,Narrator,en,彼の顔色は曇った。
0x010000520004CCC8,436,139,Rizia/Turn 9/Morella Derdia Mediation,Jorga Azmal,en,「そのようなことは断じて認めません。」
0x010000520004CCD0,436,140,Rizia/Turn 9/Morella Derdia Mediation,Player_Romus,en,「二人とも、すぐに口論をやめなさい。その振る舞いは世界の指導者としてではなく、幼稚園児のようだ。」
0x010000520004CCD7,436,141,Rizia/Turn 9/Morella Derdia Mediation,Narrator,en,アルマ・サルタナとアズマルは二人ともテーブルの方を見下ろした。
0x010000520004CCDE,436,142,Rizia/Turn 9/Morella Derdia Mediation,Jorga Azmal,en,「陛下、お許しください。ですが……」
0x010000520004CCEC,436,146,Rizia/Turn 9/Morella Derdia Mediation,Jorga Azmal,en,「陛下、あなた方二人とも、神を信じない国を自分で治めても構いません。」
0x010000520004CCF5,436,147,Rizia/Turn 9/Morella Derdia Mediation,Jorga Azmal,en,「サルタナ様、あなたご自身は神を信じていないかもしれませんが。」
0x010000520004CCFD,436,148,Rizia/Turn 9/Morella Derdia Mediation,Player_Romus,en,「あなたが求めているのは崇拝する権利なのか、それともモレラの資源なのか？我々はメフティエムの侵攻を忘れてはいない。」
0x010000520004CD04,436,149,Rizia/Turn 9/Morella Derdia Mediation,Player_Romus,en,「デルディアとモレラの国境はごく最近になって引かれたもので、やはりかなり恣意的に思える。」
0x010000520004CD0B,436,150,Rizia/Turn 9/Morella Derdia Mediation,Alma Saltana,en,「それでも、そうした境界線が存在するのには理由があるのです。」
0x010000520004CD11,436,151,Rizia/Turn 9/Morella Derdia Mediation,Player_Romus,en,「デルディア人の行為は、決して崇拝という範疇には入らない。」
0x010000520004CD1A,436,152,Rizia/Turn 9/Morella Derdia Mediation,Jorga Azmal,en,「それは反逆者たちの仕業です。しかも、私が大賢者に任命されるはるか以前の出来事でした。」
0x010000520004CD21,436,153,Rizia/Turn 9/Morella Derdia Mediation,Jorga Azmal,en,「陛下、依然としてあの大賢者の影響下にいらっしゃるようですね。たとえ彼を逮捕した後でさえも。」
0x010000520004CD2E,436,157,Rizia/Turn 9/Morella Derdia Mediation,Jorga Azmal,en,「陛下、まだあの大賢者の影響下にいらっしゃるようですね。」
0x010000520004CD35,436,158,Rizia/Turn 9/Morella Derdia Mediation,Laurento Esquibel,en,「最高賢者であり、首相閣下。これが私の部門がご提案する解決策です。」
0x010000520004CD42,436,159,Rizia/Turn 9/Morella Derdia Mediation,Narrator,en,彼の指は、デルディア人とモレラ人の国境からアンタセア海岸に向かって太い黒い線をなぞった。
0x010000520004CD4B,436,160,Rizia/Turn 9/Morella Derdia Mediation,Jorga Azmal,en,「もし差し支えなければ、何かを決定する前に、単なる約束以上のものを陛下からいただきたく存じます。」
0x010000520004CD52,436,161,Rizia/Turn 9/Morella Derdia Mediation,Jorga Azmal,en,「それなら、あなたの計画には同意できません。」
0x010000520004CD59,436,162,Rizia/Turn 9/Morella Derdia Mediation,Alma Saltana,en,「私もです。」
0x010000520004CD67,436,166,Rizia/Turn 9/Morella Derdia Mediation,Player_Romus,en,「現在、ヴェーレンとの関係は非常に微妙な状況にある。私は急な政策変更を行いたくない。」
0x010000520004CD70,436,167,Rizia/Turn 9/Morella Derdia Mediation,Alma Saltana,en,「もし混乱が問題になり得るとお考えであれば、私はこの計画に同意することはできません。」
0x010000520004CD77,436,168,Rizia/Turn 9/Morella Derdia Mediation,Jorga Azmal,en,「私もです。」
0x010000520004CD7E,436,169,Rizia/Turn 9/Morella Derdia Mediation,Player_Romus,en,「そう致しよう。私は最善を尽くした。」
0x010000520004CD8C,436,173,Rizia/Turn 9/Morella Derdia Mediation,Player_Romus,en,「待ってくれ。もはや私をなだめる大賢者もいないのだ。直ちに効力を発するよう、リジアの冒涜罪法を廃止する。」
0x010000520004CD8C,436,173,Rizia/Turn 9/Morella Derdia Mediation,Player_Romus,Menu Text en,「待ってくれ。もはや慰める大賢者などいない。リジアの冒涜罪法を即座に廃止しよう。」［権威-4］
0x010000520004CD94,436,174,Rizia/Turn 9/Morella Derdia Mediation,Player_Romus,en,「待ってくれ。もしそれがあなた方の国の融和に役立つのであれば、私は直ちに効力を発する形でリジアの冒涜罪法を廃止する。」
0x010000520004CD94,436,174,Rizia/Turn 9/Morella Derdia Mediation,Player_Romus,Menu Text en,「待ってくれ。もしそれが諸国の融和に役立つのなら、私は即座にリジアの冒涜罪法を廃止しよう。」［権威-4］
0x010000520004CDA2,436,178,Rizia/Turn 9/Morella Derdia Mediation,Player_Romus,en,「私にできることは何もない。それが我が王国の最大限の努力だった。」
0x010000520004CDAF,436,182,Rizia/Turn 9/Morella Derdia Mediation,Player_Romus,en,「もはや私をなだめる大賢者などいない。直ちに効力を発するよう、リジアの冒涜罪法を廃止しよう。」
0x010000520004CDAF,436,182,Rizia/Turn 9/Morella Derdia Mediation,Player_Romus,Menu Text en,「もはや慰めるべき大賢者もいない。直ちにリジア王国の冒涜罪法を廃止する。」［権威-4］
0x010000520004CDB6,436,183,Rizia/Turn 9/Morella Derdia Mediation,Player_Romus,en,「わかった。あなたの国が円滑に交流できるのであれば、直ちに効力を発するようリジアの冒涜罪法を廃止する。」
0x010000520004CDB6,436,183,Rizia/Turn 9/Morella Derdia Mediation,Player_Romus,Menu Text en,「わかった。お前たちの国が円滑にやっていけるのであれば、即座にリジアの冒涜罪法を廃止しよう。」［権威-4］
0x010000520004CDC2,436,187,Rizia/Turn 9/Morella Derdia Mediation,Player_Romus,en,「申し訳ない。今のところ、私がお約束できるのは保証するだけだ。」
0x010000520004CDCF,436,188,Rizia/Turn 9/Morella Derdia Mediation,Jorga Azmal,en,「それなら、この提案には同意できません。」
0x010000520004CDD5,436,189,Rizia/Turn 9/Morella Derdia Mediation,Alma Saltana,en,「私もです。」
0x010000520004CDDC,436,190,Rizia/Turn 9/Morella Derdia Mediation,Player_Romus,en,「最高賢者よ、あなたの態度は気に入らない。私はあなたに何も約束しない。」
0x010000520004CDEB,436,191,Rizia/Turn 9/Morella Derdia Mediation,Jorga Azmal,en,「陛下、なんと幸運なことでしょう。いつか陛下が正しさをご理解くださると信じておりました。」
0x010000520004CDF9,436,193,Rizia/Turn 9/Morella Derdia Mediation,Jorga Azmal,en,「陛下、私としてはあなたの言葉を完全には信じられません。」
0x010000520004CE08,436,194,Rizia/Turn 9/Morella Derdia Mediation,Alma Saltana,en,「エスキベルさん、ご苦労様でした。この回廊なら理想的な折衷案となったはずです。」
0x010000520004CE0F,436,195,Rizia/Turn 9/Morella Derdia Mediation,Laurento Esquibel,en,「ありがとうございます、サルタナ首相陛下。今日は実現できなくとも、将来的には依然として有効な選択肢の一つでしょう。」
0x010000520004CE1C,436,196,Rizia/Turn 9/Morella Derdia Mediation,Narrator,en,サルタナは疑いの目で私を見つめた。
0x010000520004CE23,436,197,Rizia/Turn 9/Morella Derdia Mediation,Alma Saltana,en,「どうしてデルディア人たちがモレラを通過する際にそのルートを守ると確信できるのですか？」
0x010000520004CE36,436,204,Rizia/Turn 9/Morella Derdia Mediation,Player_Romus,en,「私はリジア軍から部隊を派遣し、巡礼者たちが安全に通行できるようにする。」
0x010000520004CE36,436,204,Rizia/Turn 9/Morella Derdia Mediation,Player_Romus,Menu Text en,「リジア軍の部隊を派遣し、巡礼者たちが安全に通過できるようにする。」 ［兵員-250］
0x010000520004CE3E,436,205,Rizia/Turn 9/Morella Derdia Mediation,Player_Romus,en,「リジア王国は、回廊の警備を監督するための少数の独立契約業者チームの費用を負担する。」
0x010000520004CE3E,436,205,Rizia/Turn 9/Morella Derdia Mediation,Player_Romus,Menu Text en,「リジア王国は、回廊の警備を監督するための少数の独立請負業者チームの費用を負担する。」［予算-1］
0x010000520004CE46,436,206,Rizia/Turn 9/Morella Derdia Mediation,Player_Romus,en,「協定に違反する者は最も厳しい処罰を受けることになる。私の王国が必ずそうさせる。」
0x010000520004CE60,436,213,Rizia/Turn 9/Morella Derdia Mediation,Jorga Azmal,en,「その提案、受け入れさせていただきます。」
0x010000520004CE6D,436,217,Rizia/Turn 9/Morella Derdia Mediation,Alma Saltana,en,「私も同じです。」
0x010000520004CE8E,436,218,Rizia/Turn 9/Morella Derdia Mediation,Alma Saltana,en,「私にはそれができません。」
0x010000520004CE9B,436,219,Rizia/Turn 9/Morella Derdia Mediation,Jorga Azmal,en,「我々が、モレラ人たちがその進路を遮ろうとしないとどうして分かるのでしょうか？」
0x010000520004CEA2,436,220,Rizia/Turn 9/Morella Derdia Mediation,Jorga Azmal,en,「それだけでは、私にとって十分な保証とは言えません。」
0x010000520004CEB4,436,224,Rizia/Turn 9/Morella Derdia Mediation,Alma Saltana,en,「それは良い計画だと思います。ですが、全てを私が決められるわけではありません。」
0x010000520004CEBA,436,225,Rizia/Turn 9/Morella Derdia Mediation,Alma Saltana,en,「私にとっても同じです。」
0x010000520004CEC5,436,226,Rizia/Turn 9/Morella Derdia Mediation,Jorga Azmal,en,「その提案、受け入れさせていただきます。」
0x010000520004CED0,436,230,Rizia/Turn 9/Morella Derdia Mediation,Alma Saltana,en,「私も同じです。」
0x010000520004CED6,436,231,Rizia/Turn 9/Morella Derdia Mediation,Jorga Azmal,en,「それだけでは、私にとって十分な保証とは言えません。」
0x010000520004CEE1,436,235,Rizia/Turn 9/Morella Derdia Mediation,Alma Saltana,en,「私にはそれができません。」
0x010000520004CEE7,436,236,Rizia/Turn 9/Morella Derdia Mediation,Alma Saltana,en,「それは良い計画だと思います。ですが、全てを私が決められるわけではありません。」
0x010000520004CEED,436,237,Rizia/Turn 9/Morella Derdia Mediation,Alma Saltana,en,「私にとっても同じです。」
0x010000520004CEFB,436,238,Rizia/Turn 9/Morella Derdia Mediation,Narrator,en,ラウレントは誇らしげに微笑んだ。
0x010000520004CF02,436,239,Rizia/Turn 9/Morella Derdia Mediation,Laurento Esquibel,en,「迅速に妥協しようとしてくださったお二人に、心から感謝いたします。」
0x010000520004CF09,436,240,Rizia/Turn 9/Morella Derdia Mediation,Laurento Esquibel,en,「第三者がそのような解決策を提案すると、いつも簡単に思えますよね、陛下？」
0x010000520004CF10,436,241,Rizia/Turn 9/Morella Derdia Mediation,Narrator,en,ラウレントは誇らしげに微笑んだ。
0x010000520004CF30,436,248,Rizia/Turn 9/Morella Derdia Mediation,Jorga Azmal,en,「その提案、受け入れさせていただきます。」
0x010000520004CF3B,436,252,Rizia/Turn 9/Morella Derdia Mediation,Alma Saltana,en,「私も同じです。」
0x010000520004CF41,436,253,Rizia/Turn 9/Morella Derdia Mediation,Jorga Azmal,en,「それだけでは、私にとって十分な保証とは言えません。」
0x010000520004CF4C,436,257,Rizia/Turn 9/Morella Derdia Mediation,Alma Saltana,en,「私にはそれができません。」
0x010000520004CF52,436,258,Rizia/Turn 9/Morella Derdia Mediation,Alma Saltana,en,「それは良い計画だと思います。ですが、全てを私が決められるわけではありません。」
0x010000520004CF58,436,259,Rizia/Turn 9/Morella Derdia Mediation,Alma Saltana,en,「私にとっても同じです。」
0x010000520004CF5E,436,260,Rizia/Turn 9/Morella Derdia Mediation,Narrator,en,ラウレントは誇らしげに微笑んだ。
0x010000520004CF7C,436,261,Rizia/Turn 9/Morella Derdia Mediation,Player_Romus,en,「それならば、あなた方二人とも運がないね。」
0x010000520004CF8B,436,262,Rizia/Turn 9/Morella Derdia Mediation,Laurento Esquibel,en,「我々の三か国からチームを編成し、回廊の建設に取り掛かります。」
0x010000520004CF99,436,263,Rizia/Turn 9/Morella Derdia Mediation,Player_Romus,en,「わかった。軍の大隊を*二つ*派遣いたしよう。」
0x010000520004CF99,436,263,Rizia/Turn 9/Morella Derdia Mediation,Player_Romus,Menu Text en,「わかった。軍の連隊を*二つ*派遣しよう。」［兵員-500］
0x010000520004CFA5,436,264,Rizia/Turn 9/Morella Derdia Mediation,Player_Romus,en,「わかった。計画通り、治安維持のための資金をこれまでの二倍投入いたしよう。」
0x010000520004CFA5,436,264,Rizia/Turn 9/Morella Derdia Mediation,Player_Romus,Menu Text en,「わかった。計画通り、安全保障に予算を倍額投入しよう。」［予算-2］
0x010000520004CFB2,436,265,Rizia/Turn 9/Morella Derdia Mediation,Player_Romus,en,「わかった。リジア軍の部隊が直接同行し、巡礼者たちが安全に通過できるよう護衛する。」
0x010000520004CFB2,436,265,Rizia/Turn 9/Morella Derdia Mediation,Player_Romus,Menu Text en,「わかった。リジア軍の部隊が同行し、巡礼者たちが安全に通過できるよう護衛する。」［兵員-250］
0x010000520004CFBD,436,266,Rizia/Turn 9/Morella Derdia Mediation,Player_Romus,en,「もしそうお望みであれば、リジア王国が少人数の独立請負業者チームを雇い、その回廊の警備を監督させる。」
0x010000520004CFBD,436,266,Rizia/Turn 9/Morella Derdia Mediation,Player_Romus,Menu Text en,「そうしてもよいのであれば、リジア王国が独立契約業者からなる小規模なチームの費用を負担し、回廊の警備を監督させる。」［予算-1］
0x010000520004CFC7,436,267,Rizia/Turn 9/Morella Derdia Mediation,Narrator,en,二人は互いに顔を見合わせ、それぞれが短く頷いて承諾の意を示した。
0x010000520004CFDC,436,270,Rizia/Turn 9/Morella Derdia Mediation,Player_Romus,en,「軍の増援に加えて、独立したセキュリティ要員からなるチームも雇うつもりだ。」
0x010000520004CFDC,436,270,Rizia/Turn 9/Morella Derdia Mediation,Player_Romus,Menu Text en,「軍の増援に加えて、独立した警備員チームも雇うつもりだ。」［兵員-250、予算-1］
0x010000520004CFE6,436,271,Rizia/Turn 9/Morella Derdia Mediation,Player_Romus,en,「警備会社に加え、我々自身もリジア軍から企業を派遣する。」
0x010000520004CFE6,436,271,Rizia/Turn 9/Morella Derdia Mediation,Player_Romus,Menu Text en,「警備会社に加えて、我々自身もリジア軍から部隊を派遣する。」［予算-1、兵員-250］
0x010000520004CFF0,436,272,Rizia/Turn 9/Morella Derdia Mediation,Player_Romus,en,「あなたと私はお互いを信頼するしかないだろう？」
0x010000520004CFF7,436,273,Rizia/Turn 9/Morella Derdia Mediation,Narrator,en,二人は互いに顔を見合わせた。
0x010000520004CFFE,436,274,Rizia/Turn 9/Morella Derdia Mediation,Jorga Azmal,en,「これが真剣な計画ではないことは、最初から分かっているべきでした。」
0x010000520004D005,436,275,Rizia/Turn 9/Morella Derdia Mediation,Narrator,en,サルタナは眉をひそめていた。
0x010000520004D00C,436,276,Rizia/Turn 9/Morella Derdia Mediation,Alma Saltana,en,「たとえその回廊がリジアの聖地で終わるとしても……」
0x010000520004D020,436,277,Rizia/Turn 9/Morella Derdia Mediation,Player_Romus,en,「あなた、本当に5分間で1世紀もの恨みを消し去れると思ったのか？」
0x010000520004D075,436,301,Rizia/Turn 9/Morella Derdia Mediation,Laurento Esquibel,en,「それで、そう決めますか？ご同意いただけるのですね？」
0x010000520004D07C,436,302,Rizia/Turn 9/Morella Derdia Mediation,Narrator,en,彼は誇らしげに微笑んだ。
0x010000520004D084,436,303,Rizia/Turn 9/Morella Derdia Mediation,Player_Romus,en,「もしモレラとデルディアがこれほど早く外交的合意に達するのであれば、インテルメルコプム同盟に大いなる期待を抱いている。」
0x010000520004D098,436,307,Rizia/Turn 9/Morella Derdia Mediation,Player_Romus,en,「サルタナ首相、これで最終的なMITZ投票の際にはあなたの協力を得られるものと期待している。」
0x010000520004D09F,436,308,Rizia/Turn 9/Morella Derdia Mediation,Player_Romus,en,「今日はまことに神が我々を祝福してくださったのだ。喜ぼう！」
0x010000520004D0AC,436,312,Rizia/Turn 9/Morella Derdia Mediation,Player_Romus,en,「ラウレント、ご尽力いただき感謝する。これはまさに皆で力を合わせた成果だ。」
0x010000520004D0B3,436,313,Rizia/Turn 9/Morella Derdia Mediation,Laurento Esquibel,en,「陛下、そのお言葉は私にとって大変光栄でございます。」
0x010000520004D0BA,436,314,Rizia/Turn 9/Morella Derdia Mediation,Narrator,en,彼女は不可解な笑みを浮かべた。
0x010000520004D0C1,436,315,Rizia/Turn 9/Morella Derdia Mediation,Alma Saltana,en,「それは後でわかります、{RiziaDLCText.SaltanaToPlayer}。」
0x010000520004D0C8,436,316,Rizia/Turn 9/Morella Derdia Mediation,Jorga Azmal,en,「陛下、どうかお許しください！」
0x010000520004D0CF,436,317,Rizia/Turn 9/Morella Derdia Mediation,Alma Saltana,en,「……はい。ハライタです。」
0x010000520004D0D6,436,318,Rizia/Turn 9/Morella Derdia Mediation,Laurento Esquibel,en,「承知いたしました、陛下。」
0x010000520004D0DD,436,319,Rizia/Turn 9/Morella Derdia Mediation,Narrator,en,ラウレントは懐中時計を確認した。
0x010000520004D0E7,436,320,Rizia/Turn 9/Morella Derdia Mediation,Narrator,en,二人は互いの方を見ないようにした。ラウレントは自分の失望を隠そうと努めた。
0x010000520004D0F5,436,321,Rizia/Turn 9/Morella Derdia Mediation,Player_Romus,en,「問題ない。インテルメルコプム同盟が機能するためには、モレラやデルディアが仲良くしている必要などない。」
0x010000520004D105,436,328,Rizia/Turn 9/Morella Derdia Mediation,Player_Romus,en,「残念だが、今日は主が我々に恵みを与えてくださっていない。おそらく我々が何かしら主の怒りを買うようなことをしたのだろう。」
0x010000520004D10B,436,329,Rizia/Turn 9/Morella Derdia Mediation,Player_Romus,en,「サルタナ首相、最終的なMITZ投票の際にも引き続きご協力をいただけることを願っている。」
0x010000520004D111,436,330,Rizia/Turn 9/Morella Derdia Mediation,Player_Romus,en,「ああ、ともかくありがとう、ラウレント。素晴らしい案だった。」
0x010000520004D117,436,331,Rizia/Turn 9/Morella Derdia Mediation,Laurento Esquibel,en,「陛下、そのお言葉は私にとって大変光栄でございます。」
0x010000520004D11D,436,332,Rizia/Turn 9/Morella Derdia Mediation,Narrator,en,彼女の表情には何の感情も表れていなかった。
0x010000520004D123,436,333,Rizia/Turn 9/Morella Derdia Mediation,Alma Saltana,en,「何も申し上げません、陛下。」
0x010000520004D129,436,334,Rizia/Turn 9/Morella Derdia Mediation,Laurento Esquibel,en,「陛下、それがあれば確かに助けになったでしょう。」
0x010000520004D12F,436,335,Rizia/Turn 9/Morella Derdia Mediation,Narrator,en,ラウレントは懐中時計を確認した。
0x010000520004D135,436,336,Rizia/Turn 9/Morella Derdia Mediation,Alma Saltana,en,「それは後でわかります、{RiziaDLCText.SaltanaToPlayer}。」
0x010000520004D153,436,337,Rizia/Turn 9/Morella Derdia Mediation,Player_Romus,en,「いや、待ってくれ。実は一つ案がある。」
0x010000520004D160,436,341,Rizia/Turn 9/Morella Derdia Mediation,Alma Saltana,en,「はい、{Salutations.SaltanaToPlayer}でございますか？」
0x010000520004D16A,436,342,Rizia/Turn 9/Morella Derdia Mediation,Player_Romus,en,「まさか、空にいる見えない存在を信じていた男が、自分の隣人ですら信用できなくなるとは？」
0x010000520004D177,436,346,Rizia/Turn 9/Morella Derdia Mediation,Narrator,en,アズマルは怒りに満ちて息をのんだ。サルタナは大声で笑った。
0x010000520004D17F,436,347,Rizia/Turn 9/Morella Derdia Mediation,Player_Romus,en,「最高賢者よ、信頼に基づいて一歩踏み出すしかない。聖ヴルヘックならどうしただろうか？」
0x010000520004D186,436,348,Rizia/Turn 9/Morella Derdia Mediation,Jorga Azmal,en,「ヴルヘック自身が言ったように、最も堅固な信頼の架け橋でさえも欺瞞という水によって侵食されてしまうのです。」
0x010000520004D18D,436,349,Rizia/Turn 9/Morella Derdia Mediation,Narrator,en,サルタナは肩をすくめた。
0x010000520004D19B,436,353,Rizia/Turn 9/Morella Derdia Mediation,Laurento Esquibel,en,「今日は依然としてデルディアとヴェーレンの調停が予定されております。少し休憩いたしませんか？」
0x010000520004D1A2,436,354,Rizia/Turn 9/Morella Derdia Mediation,Laurento Esquibel,en,「こちらの用事は終わりました。お力になれず、誠に申し訳ございません。」
0x010000520004D1A9,436,355,Rizia/Turn 9/Morella Derdia Mediation,Narrator,en,デルディアの大賢者とモレラ人の首相は立ち上がり、我々二人の手を握ってくれた。
0x010000520004D1B0,436,356,Rizia/Turn 9/Morella Derdia Mediation,Alma Saltana,en,「来月の国際貿易区でお会いしましょう。」
0x010000520004D1B7,436,357,Rizia/Turn 9/Morella Derdia Mediation,Jorga Azmal,en,「どうか神が両陛下を見守ってくださいますように。」
0x010000520004D1BE,436,358,Rizia/Turn 9/Morella Derdia Mediation,Narrator,en,彼らとその側近たちは護衛に見送られながらそのスイートルームから連れ出された。
0x010000520004D1C6,436,359,Rizia/Turn 9/Morella Derdia Mediation,Jorga Azmal,en,「はい、ありがとうございます。先ほどの出来事の後、偏見を払拭する必要がありますので。」
0x010000520004D1CD,436,360,Rizia/Turn 9/Morella Derdia Mediation,Narrator,en,モレラ人の首相は立ち上がり、我々と握手を交わした。
0x010000520004D1D4,436,361,Rizia/Turn 9/Morella Derdia Mediation,Alma Saltana,en,「来月の国際貿易区でお会いしましょう。」
0x010000520004D1DB,436,362,Rizia/Turn 9/Morella Derdia Mediation,Narrator,en,彼女とその側近たちは護衛に案内されてそのスイートルームから連れ出された。
0x010000520004D1E7,436,366,Rizia/Turn 9/Morella Derdia Mediation,Laurento Esquibel,en,「今日は依然としてデルディアとヴェーレンの調停が予定されております。少し休憩いたしませんか？」
0x010000520004D1ED,436,367,Rizia/Turn 9/Morella Derdia Mediation,Laurento Esquibel,en,「まずはその件について、細かい点をいくつか確認したいと思います。陛下、お見送りいたしましょう。」
0x010000520004D1F3,436,368,Rizia/Turn 9/Morella Derdia Mediation,Narrator,en,彼女とその側近たちは、彼に続いてスイートルームを出て行った。
0x010000520004D1F9,436,369,Rizia/Turn 9/Morella Derdia Mediation,Jorga Azmal,en,「はい、ありがとうございます。今日は思った以上に楽しい時間でしたが、スモラク大統領との会談がこれほど順調に進むとは思えません。」
0x010000520004D1FF,436,370,Rizia/Turn 9/Morella Derdia Mediation,Narrator,en,モレラ人の首相は立ち上がり、我々と握手を交わした。
0x010000520004D205,436,371,Rizia/Turn 9/Morella Derdia Mediation,Alma Saltana,en,「来月の国際貿易区でお会いしましょう。」
0x010000520004D211,436,372,Rizia/Turn 9/Morella Derdia Mediation,Laurento Esquibel,en,「こちらの用事は終わりました。リジアがあなた様をお助けできて私も嬉しく思います。」
0x010000520004D217,436,373,Rizia/Turn 9/Morella Derdia Mediation,Narrator,en,モレラ人の首相は自分の席から立ち上がった。
0x010000520004D21D,436,374,Rizia/Turn 9/Morella Derdia Mediation,Alma Saltana,en,「来月の国際貿易区でお会いしましょう。」
0x0100005200068750,436,378,Rizia/Turn 9/Morella Derdia Mediation,Alma Saltana,en,「恐れ入りますが、エスキベル様……」
0x0100005200068757,436,379,Rizia/Turn 9/Morella Derdia Mediation,Alma Saltana,en,「我々モレラでは、リジアの国内情勢を注視してきました。陛下がますます権威主義的な政策を取るようになっていることから、調停者としての信頼性に疑問を抱かざるを得ません。」
0x0100005200068764,436,383,Rizia/Turn 9/Morella Derdia Mediation,Player_Romus,en,「あなたに選択肢はないだろう？リジアか、それとも誰もいないかのどちらかだ。」
0x010000520006876B,436,384,Rizia/Turn 9/Morella Derdia Mediation,Player_Romus,en,「サルタナ様、リジアは昔から絶対君主制の国だった。あなた方は自分たちに都合が良い時だけそれを無視してきただけだ。」
0x0100005200068772,436,385,Rizia/Turn 9/Morella Derdia Mediation,Player_Romus,en,「あなたの懸念は理解しているが、それは今日の話題とは関係ない。」
0x010000520006877F,436,386,Rizia/Turn 9/Morella Derdia Mediation,Player_Romus,en,「あなたには何を言っているのか全く分からないだろう。私の国の民は多くの自由を享受しており、実際、モレラよりもずっと多いのだ。」
0x0100005200068786,436,387,Rizia/Turn 9/Morella Derdia Mediation,Narrator,en,彼女は歯を食いしばった。
0x0100005200068795,436,388,Rizia/Turn 9/Morella Derdia Mediation,Alma Saltana,en,「申し訳ありませんが、それは事実ではございません。」
0x010000520006879C,436,389,Rizia/Turn 9/Morella Derdia Mediation,Laurento Esquibel,en,「首相閣下、我が国の国内状況がどうであれ、我々は引き続き貴国とデルディアとの間の外交的折衝を実現することに尽力いたします。言ってみれば、約束は必ず守る所存です。」
0x010000520006878D,436,390,Rizia/Turn 9/Morella Derdia Mediation,Narrator,en,ラウレントは緊張して笑った。
0x01000052000687A4,436,391,Rizia/Turn 9/Morella Derdia Mediation,Alma Saltana,en,「いえか？私が今どのような君主制国家を統治しているのか、知りたいものです。」
0x01000052000687AC,436,392,Rizia/Turn 9/Morella Derdia Mediation,Jorga Azmal,en,「エスキベルさん、デルディアはそのようなご決意を高く評価しております。また、異論者たちに対して厳しくも公正な対応をしていただいていることにも感謝しています、陛下。」
0x01000052000687B4,436,393,Rizia/Turn 9/Morella Derdia Mediation,Narrator,en,サルタナはしぶしぶため息をついた。
0x01000052000687BB,436,394,Rizia/Turn 9/Morella Derdia Mediation,Alma Saltana,en,「わかりました。では、進めましょう。」
0x01000052000687C7,436,398,Rizia/Turn 9/Morella Derdia Mediation,Alma Saltana,en,「デルディアとモレラは現在、エネルギーパイプラインで結ばれています。もしデルディア人たちが引き続き我々の国境を侵害するなら、両国の経済や国際的な評判が損なわれることになります。」
0x01000052000687CD,436,399,Rizia/Turn 9/Morella Derdia Mediation,Alma Saltana,en,「これらの反乱を終わらせる時が来ました。我々の国際的な評判は既に十分に損なわれています。」
0x010000520004D2B1,437,6,Rizia/Turn 9/Wehlen Derdia Meditation,Narrator,en,ヴィクトル・スモラク、ヨルガ・アズマル、そして数人の閣僚たちが会議用テーブルの周りで我々と共にいた。
0x010000520004D518,437,7,Rizia/Turn 9/Wehlen Derdia Meditation,Narrator,en,しばらくして、我々とヨルガ・アズマルは再びテーブルを囲んで集まった。今回はヴィクトル・スモラクとその従者たちも一緒に加わった。
0x010000520004D51F,437,8,Rizia/Turn 9/Wehlen Derdia Meditation,Laurento Esquibel,en,「諸君。歴史的に見て、ヴェーレンとデルディアが共通の基盤を見出すことは困難であったことは承知しております。」
0x010000520004D527,437,9,Rizia/Turn 9/Wehlen Derdia Meditation,Narrator,en,スモラクは両腕を大きく広げた。
0x010000520004D52E,437,10,Rizia/Turn 9/Wehlen Derdia Meditation,Wiktor Smolak (R),en,「エスキベルさん、どういう意味か私にはさっぱり分かりません。私の共和国ではデルディア人は常に歓迎されています。」
0x010000520004D535,437,11,Rizia/Turn 9/Wehlen Derdia Meditation,Wiktor Smolak (R),en,「もし彼らがブルディア自由戦線との面倒なつながりを持っていなければ、そうなっていたでしょう陛下。」
0x010000520004D569,437,15,Rizia/Turn 9/Wehlen Derdia Meditation,Jorga Azmal,en,「陛下、かつてあなたの残虐な軍事作戦によってほぼ壊滅させられたはずの、あのブルディア自由戦線です」
0x010000520004D570,437,16,Rizia/Turn 9/Wehlen Derdia Meditation,Jorga Azmal,en,「過去にBFFが陛下に多くの問題を引き起こしましたことは承知しております。しかし、陛下がその組織を追及する過程で巻き込まれた無実のブルディア人たちの境遇については深く同情いたします。」
0x010000520004D57C,437,20,Rizia/Turn 9/Wehlen Derdia Meditation,Jorga Azmal,en,「陛下のご加勢があれば、そうなるかもしれません。」
0x010000520004D5A0,437,24,Rizia/Turn 9/Wehlen Derdia Meditation,Jorga Azmal,en,「それは陛下のご支援による追跡だったと、私は付け加えておきましょう。」
0x010000520004D5A8,437,25,Rizia/Turn 9/Wehlen Derdia Meditation,Player_Romus,en,「アズマル、あなたの領土内にBFFテロリストを匿っているのか、いないのか？」
0x010000520004D5C0,437,26,Rizia/Turn 9/Wehlen Derdia Meditation,Player_Romus,en,「BFFたちは真のゴルコンド主義者ではない、最高賢者よ。彼らは単にヴェーレンを不安定にしようとする超大国の操り人形に過ぎないのだ」
0x010000520004D5CA,437,27,Rizia/Turn 9/Wehlen Derdia Meditation,Player_Romus,en,「ああ、スモラク大統領。もはやデルディアは脅威ではないのだから、BFFを理由に彼らに対する敵意を抱くことはできない。」
0x010000520004D5D2,437,28,Rizia/Turn 9/Wehlen Derdia Meditation,Player_Romus,en,「BFFが依然としてヴェーレンに与え続けている脅威を、どうやって無視し去ることなどできない。」
0x010000520004D5D8,437,29,Rizia/Turn 9/Wehlen Derdia Meditation,Jorga Azmal,en,「我々は困窮しているゴルコンド主義者たちに避難所を提供しております。彼らの過去については一切記録していません。」
0x010000520004D5DF,437,30,Rizia/Turn 9/Wehlen Derdia Meditation,Player_Romus,en,「スモラク大統領、『ベアトラップ作戦』はやはり過剰だと私は思う。」
0x010000520004D5E9,437,31,Rizia/Turn 9/Wehlen Derdia Meditation,Jorga Azmal,en,「これほど多くのゴルコンド主義者が命を落としました。デルディアも次に狙われるのではないかと恐れる私は間違っているでしょうか？」
0x010000520004D5F0,437,32,Rizia/Turn 9/Wehlen Derdia Meditation,Jorga Azmal,en,「国際連盟で私が述べたように、私が信じる超大国はただ一つだけです。そして彼はブルディア人たちの神聖な使命を祝福してくださったのです。」
0x010000520004D5F7,437,33,Rizia/Turn 9/Wehlen Derdia Meditation,Jorga Azmal,en,「我々もまた、自らの信念のために戦う他のゴルコンド主義者たちを非難することはできません。」
0x010000520004D5FD,437,34,Rizia/Turn 9/Wehlen Derdia Meditation,Jorga Azmal,en,「過剰だと？！リジアの王が出せる批判はそれだけなのですか、陛下？」
0x010000520004D605,437,35,Rizia/Turn 9/Wehlen Derdia Meditation,Player_Romus,en,「『熊罠作戦』の影響で、こちらリジアでも警戒が強まった。」
0x010000520004D60D,437,36,Rizia/Turn 9/Wehlen Derdia Meditation,Jorga Azmal,en,「ですが、それだけではヴェーレンとの関係を断つには不十分でしたね。」
0x010000520004D615,437,37,Rizia/Turn 9/Wehlen Derdia Meditation,Narrator,en,ラウレントはテーブルを軽く叩いた。
0x010000520004D621,437,38,Rizia/Turn 9/Wehlen Derdia Meditation,Laurento Esquibel,en,「BFFという話題は極めてデリケートです。だからこそ、我々が口にすべきではないのです。」
0x010000520004D628,437,39,Rizia/Turn 9/Wehlen Derdia Meditation,Laurento Esquibel,en,「では、代わりにデルディアとヴェーレンが互いに何ができるか、そしてリジア王国が両国のために何ができるかに焦点を当てましょう。」
0x010000520004D636,437,40,Rizia/Turn 9/Wehlen Derdia Meditation,Narrator,en,二人の男は黙ったままだった。彼らは警戒しながら頷いた。
0x010000520004D63D,437,41,Rizia/Turn 9/Wehlen Derdia Meditation,Laurento Esquibel,en,「長年にわたり争点となってきたのは、デルディア人がソードランドのデイルへ入ることを許可するかどうかという問題です。」
0x010000520004D64E,437,43,Rizia/Turn 9/Wehlen Derdia Meditation,Player_Romus,en,「デイルにはまた何があるのか？」
0x010000520004D65B,437,47,Rizia/Turn 9/Wehlen Derdia Meditation,Player_Romus,en,「スモラク大統領、なぜヴェーレンはデルディア人たちの聖なる巡礼の道を遮ってきたのだろうか、陛下？」
0x010000520004D661,437,48,Rizia/Turn 9/Wehlen Derdia Meditation,Wiktor Smolak (R),en,「デイルの至聖所は何よりもまずダストヌリティの聖地であるのです、陛下。」
0x010000520004D666,437,49,Rizia/Turn 9/Wehlen Derdia Meditation,Player_Romus,en,「ああ、そうだ。我々の最も神聖な聖地だ。」
0x010000520004D66D,437,50,Rizia/Turn 9/Wehlen Derdia Meditation,Narrator,en,アズマルはうなずいた。
0x010000520004D674,437,51,Rizia/Turn 9/Wehlen Derdia Meditation,Narrator,en,アズマルとスモラクは私を驚きに満ちた目で見つめた。
0x010000520004D67B,437,52,Rizia/Turn 9/Wehlen Derdia Meditation,Jorga Azmal,en,「陛下、ここは我々にとって最も神聖な場所でございます。神が聖ダストにご自身のメッセージをお与えになった場所です。」
0x010000520004D682,437,53,Rizia/Turn 9/Wehlen Derdia Meditation,Jorga Azmal,en,「デイルの聖域こそが、ヌーリティ教全体が誕生した場所です。どの宗派に属していようと、すべての真実な信者は少なくとも一度は訪れなければなりません。」
0x010000520004D68D,437,54,Rizia/Turn 9/Wehlen Derdia Meditation,Jorga Azmal,en,「しかし、ヌーリティ教の真の信者であれば誰でも、たとえヴルヘック教徒であっても、少なくとも一度はそこを訪れなければならないと言われています。」
0x010000520004D694,437,55,Rizia/Turn 9/Wehlen Derdia Meditation,Player_Romus,en,「それはリジア人ではなく、ブルディア人の問題のようだね。」
0x010000520004D69B,437,56,Rizia/Turn 9/Wehlen Derdia Meditation,Wiktor Smolak (R),en,「そんなに簡単だといいのですが。私の友人アントンなら一瞬で解決してくれるでしょう。」
0x010000520004D6A8,437,60,Rizia/Turn 9/Wehlen Derdia Meditation,Wiktor Smolak (R),en,「デルディア人たちがデイルに行くにはヴェーレンを経由しなければならないという点を除けばです。」
0x010000520004D6BA,437,61,Rizia/Turn 9/Wehlen Derdia Meditation,Wiktor Smolak (R),en,「そこは神が聖ダストに降臨された場所です。ゆえに、ヴルヘック教徒ではなくダストヌリティの人々にとって特別な重要性を持つのです。」
0x010000520004D6C0,437,62,Rizia/Turn 9/Wehlen Derdia Meditation,Wiktor Smolak (R),en,「ふむ。あなたが敬愛する聖ヴルヘックの名前が、その記述の中では一度も出てこないとは奇妙ですね。」
0x010000520004D6C8,437,63,Rizia/Turn 9/Wehlen Derdia Meditation,Jorga Azmal,en,「陛下、あの方の『友人』ですら降臨祭の儀式をちゃんと執り行うことができなかったのです。」
0x010000520004D6D5,437,67,Rizia/Turn 9/Wehlen Derdia Meditation,Jorga Azmal,en,「陛下、あなたと同じ殺意を抱く者を、どうして私が信頼しなければならないのでしょうか？」
0x010000520004D6DC,437,68,Rizia/Turn 9/Wehlen Derdia Meditation,Jorga Azmal,en,「もし別の方法でそこに行けるなら、我々はそれを使うでしょう。」
0x010000520004D6E8,437,70,Rizia/Turn 9/Wehlen Derdia Meditation,Player_Romus,en,「デルディア人はデイルに行くためにヴェーレンを経由する必要はない。我々が海路を見つける手助けをしてあげられる。」
0x010000520004D6EE,437,71,Rizia/Turn 9/Wehlen Derdia Meditation,Laurento Esquibel,en,「はい、その可能性について調べました。ヨルからスーディス海を経由し、ラハベンまで回って行く道筋になります。」
0x010000520004D6F5,437,72,Rizia/Turn 9/Wehlen Derdia Meditation,Laurento Esquibel,en,「ソードランド側もそれに同意しなければなりません。ですが、現在我々は彼らと良好な関係にあります。」
0x010000520004D702,437,76,Rizia/Turn 9/Wehlen Derdia Meditation,Laurento Esquibel,en,「問題は、ソードランドがそれに同意しなければならないという点です。しかも現在、我々の間の関係はあまり良くありません。」
0x010000520004D70F,437,80,Rizia/Turn 9/Wehlen Derdia Meditation,Laurento Esquibel,en,「我々自身で船を供給することも可能です。」
0x010000520004D716,437,81,Rizia/Turn 9/Wehlen Derdia Meditation,Laurento Esquibel,en,「問題は、割ける十分な艦船がないということです。」
0x010000520004D722,437,82,Rizia/Turn 9/Wehlen Derdia Meditation,Player_Romus,en,「あなたの考えた回廊の案はモレラやラウレントにおいてうまく機能した。ヴェーレンについても同じことができないだろうか？」
0x010000520004D736,437,89,Rizia/Turn 9/Wehlen Derdia Meditation,Player_Romus,en,「創意的な方法を考えよう。デルディア人がソードランドへ入ることを許す見返りとして、ヴェーレンが受け入れそうなものがきっとあるはずだ。」
0x010000520004D73C,437,90,Rizia/Turn 9/Wehlen Derdia Meditation,Player_Romus,en,「ラウレント、あなたの回廊構想はモレラではうまく機能しなかったかもしれないが、ヴェーレンでは役立つ可能性はあるか？」
0x010000520004D743,437,91,Rizia/Turn 9/Wehlen Derdia Meditation,Laurento Esquibel,en,「そのような可能性もあります。」
0x010000520004D74B,437,92,Rizia/Turn 9/Wehlen Derdia Meditation,Laurento Esquibel,en,「スモラク大統領、陛下がお考えになっているのはヴェーレンを通る安全な回廊の建設です。デルディアの巡礼者たちはこのルート、しかもこれだけのルートを使ってのみソードランドへ入ることができるようになります。」
0x010000520004D752,437,93,Rizia/Turn 9/Wehlen Derdia Meditation,Wiktor Smolak (R),en,「陛下のゴルコンド主義者たちが我々と親しく交わるのを防ぐというのですね。ええ、悪くありません。」
0x010000520004D75E,437,94,Rizia/Turn 9/Wehlen Derdia Meditation,Jorga Azmal,en,「モレラではまだ実施されていません。ですが、私は大いに期待しています。」
0x010000520004D76B,437,98,Rizia/Turn 9/Wehlen Derdia Meditation,Jorga Azmal,en,「以前からこの案には賛同しておりませんでしたし、なぜ今再び提案されるのかも理解できません。」
0x010000520004D778,437,102,Rizia/Turn 9/Wehlen Derdia Meditation,Wiktor Smolak (R),en,「まさに絶大なる支持のようですね、大賢者陛下。」
0x010000520004D77F,437,103,Rizia/Turn 9/Wehlen Derdia Meditation,Jorga Azmal,en,「サルタナ首相はその案に同意しませんでした。私自身は賛成の意向でした。」
0x010000520004D7A1,437,111,Rizia/Turn 9/Wehlen Derdia Meditation,Player_Romus,en,「もしリジアがヴェーレンを通る何らかの祈りの回廊の警備を担うとしたらどうだろうか？」
0x010000520004D7A8,437,112,Rizia/Turn 9/Wehlen Derdia Meditation,Laurento Esquibel,en,「はい、それは私の部門が考え出した案の一つです。」
0x010000520004D7AF,437,113,Rizia/Turn 9/Wehlen Derdia Meditation,Laurento Esquibel,en,「我々は『聖ヴルヘック回廊』と呼ばれる、ヴェーレンを通るルートを計画します。デルディアの巡礼者たちはこのルートを使ってのみ、ソードランドへ入ることができるのです。」
0x010000520004D7BB,437,117,Rizia/Turn 9/Wehlen Derdia Meditation,Laurento Esquibel,en,「残念ながら、このルートの安全を確保するための軍力を割くことはできません。」
0x010000520004D7C8,437,121,Rizia/Turn 9/Wehlen Derdia Meditation,Laurento Esquibel,en,「陛下、このルートの安全を確保するための軍事力は十分にございます。」
0x010000520004D7CF,437,122,Rizia/Turn 9/Wehlen Derdia Meditation,Laurento Esquibel,en,「陛下、そのルートの警備はリジアが責任を負うことになります。」
0x010000520004D7D7,437,123,Rizia/Turn 9/Wehlen Derdia Meditation,Jorga Azmal,en,「陛下の軍がヴェーレンによる我々の進路遮断を防ぎ続けてくれる限り、私はこれに同意いたします。」
0x010000520004D7E4,437,127,Rizia/Turn 9/Wehlen Derdia Meditation,Laurento Esquibel,en,「あるいは、独立したセキュリティ会社と契約を結ぶこともできます。」
0x010000520004D7EB,437,128,Rizia/Turn 9/Wehlen Derdia Meditation,Laurento Esquibel,en,「ですが、独立したセキュリティ会社を雇うための予算はあります。」
0x010000520004D7FA,437,129,Rizia/Turn 9/Wehlen Derdia Meditation,Wiktor Smolak (R),en,「ええ……そうです、確かにあります。」
0x010000520004D801,437,130,Rizia/Turn 9/Wehlen Derdia Meditation,Wiktor Smolak (R),en,「我々はデルディアに我々の石油を買ってほしいのです。」
0x010000520004D808,437,131,Rizia/Turn 9/Wehlen Derdia Meditation,Wiktor Smolak (R),en,「我々は依然として、その他の制裁に加えてGRACEによる禁輸措置の影響に苦しんでおります。」
0x010000520004D815,437,135,Rizia/Turn 9/Wehlen Derdia Meditation,Wiktor Smolak (R),en,「我々は不当な制裁の対象となってきました。しかし、適切な顧客のためであれば十分なエネルギーを提供する余裕があります。」
0x010000520004D81C,437,136,Rizia/Turn 9/Wehlen Derdia Meditation,Jorga Azmal,en,「陛下、デルディアがエネルギーを必要としていることは周知の事実です。」
0x010000520004D824,437,137,Rizia/Turn 9/Wehlen Derdia Meditation,Jorga Azmal,en,「リジアがエネルギー供給に関する約束を果たせなかった以上、なおさらのことです。」
0x010000520004D831,437,141,Rizia/Turn 9/Wehlen Derdia Meditation,Wiktor Smolak (R),en,「はっ！まさにそれがリジアですな。」
0x010000520004D844,437,148,Rizia/Turn 9/Wehlen Derdia Meditation,Jorga Azmal,en,「かつてほどではありませんが、最近リジアと結んだ契約のおかげでです。」
0x010000520004D84B,437,149,Rizia/Turn 9/Wehlen Derdia Meditation,Player_Romus,en,「私の王国は、あなた方二国間を結ぶ石油パイプラインの建設に必要な技術力とインフラを提供することを大変喜んで行う。」
0x010000520004D854,437,150,Rizia/Turn 9/Wehlen Derdia Meditation,Jorga Azmal,en,「しかし、そのような協定に必要とされるインフラを整える余裕は我々にはありません。」
0x010000520004D85B,437,151,Rizia/Turn 9/Wehlen Derdia Meditation,Player_Romus,en,「あなたなら、必要な資金を調達するためにヴェーレンにミサイルを供給してくれるかもしれない。」
0x010000520004D863,437,152,Rizia/Turn 9/Wehlen Derdia Meditation,Wiktor Smolak (R),en,「陛下、不敬ながら申し上げますが、ヴェーレンにはデルディア製のミサイルは必要ありません。我々の兵器庫をご覧になったことはございますか？」
0x010000520004D86A,437,153,Rizia/Turn 9/Wehlen Derdia Meditation,Player_Romus,en,「もしヴェーレンがそこまで必死に石油を売りたいのなら、そのような協定に必要とされるインフラの費用は自分たちで支払うべきだ。」
0x010000520004D877,437,157,Rizia/Turn 9/Wehlen Derdia Meditation,Wiktor Smolak (R),en,「その一部については資金提供を認めますが、全額まではできません。」
0x010000520004D87E,437,158,Rizia/Turn 9/Wehlen Derdia Meditation,Wiktor Smolak (R),en,「ヴェーレンも喜んで協力いたします。」
0x010000520004D891,437,165,Rizia/Turn 9/Wehlen Derdia Meditation,Laurento Esquibel,en,「我々二国で力を合わせれば、必ずやこれを賄うことができます。」
0x010000520004D898,437,166,Rizia/Turn 9/Wehlen Derdia Meditation,Laurento Esquibel,en,「たとえそうであっても、リジアがそれを賄えるかどうか私には確信がありません。」
0x010000520004D8A5,437,170,Rizia/Turn 9/Wehlen Derdia Meditation,Laurento Esquibel,en,「その費用なら我々にも十分負担できます。」
0x010000520004D8AC,437,171,Rizia/Turn 9/Wehlen Derdia Meditation,Laurento Esquibel,en,「リジアがそれを賄えるかどうか、私には定かではありません。」
0x010000520004D8B3,437,172,Rizia/Turn 9/Wehlen Derdia Meditation,Laurento Esquibel,en,「残念です。これは我々が構築しようとしている南メルコパ同盟において、重要な前進の一歩となり得たはずです。」
0x010000520004D8BA,437,173,Rizia/Turn 9/Wehlen Derdia Meditation,Laurento Esquibel,en,「このような取引は、我々が築こうとしている南メルコパ同盟において、大きな前進となる決定的な一歩となり得ます。」
0x010000520004D8C3,437,174,Rizia/Turn 9/Wehlen Derdia Meditation,Laurento Esquibel,en,「陛下、リジアはこのパイプラインの建設資金を検討すべきです。もちろん、我々にその余裕がある場合に限りますが。」
0x010000520004D8CC,437,175,Rizia/Turn 9/Wehlen Derdia Meditation,Wiktor Smolak (R),en,「陛下、もし我々がそこまで追い詰められていたなら、五年前には既にジルを取り戻しておりました。」
0x010000520004D8EB,437,182,Rizia/Turn 9/Wehlen Derdia Meditation,Player_Romus,en,「これが私の解決策だ。」
0x010000520004D8F8,437,186,Rizia/Turn 9/Wehlen Derdia Meditation,Narrator,en,アズマルとスモラクの両名は私の話を聞くために前かがみになった。
0x010000520004D905,437,190,Rizia/Turn 9/Wehlen Derdia Meditation,Player_Romus,en,「私は、デルディアからヴェーレンを経由しソードランドまで続く安全な祈りの回廊の建設に資金を提供する。」
0x010000520004D905,437,190,Rizia/Turn 9/Wehlen Derdia Meditation,Player_Romus,Menu Text en,「デルディアからヴェーレンを経由し、ソードランドまで続く安全な祈りの回廊に資金を投入する。」［予算-1］
0x010000520004D90D,437,191,Rizia/Turn 9/Wehlen Derdia Meditation,Player_Romus,en,「我々はヴェーレンを経由するゴルコンド主義者の祈りの回廊の安全を監視するため、軍隊を派遣する。」
0x010000520004D90D,437,191,Rizia/Turn 9/Wehlen Derdia Meditation,Player_Romus,Menu Text en,「ヴェーレン経由のゴルコンド主義徒の祈りの回廊の安全を監視するため、軍隊を派遣する。」［兵員-250］
0x010000520004D921,437,198,Rizia/Turn 9/Wehlen Derdia Meditation,Player_Romus,en,「我々はゴルコンド主義者の巡礼者たちがヴェーレンを経由することなくソードランドに行けるよう、海路を開設する。」
0x010000520004D921,437,198,Rizia/Turn 9/Wehlen Derdia Meditation,Player_Romus,Menu Text en,「ゴルコンド主義の巡礼者たちがヴェーレンを経由せずにソードランドへ行けるよう、海路を開設しよう。」 ［艦船-1］
0x010000520004D92F,437,202,Rizia/Turn 9/Wehlen Derdia Meditation,Player_Romus,en,「私はヴェーレンと共に、ヴェーレンとデルディアを結ぶ石油パイプラインの建設資金を提供する。この新たなエネルギー提携の条件として、安全なデルディア人の巡礼路が確保されなければならない。」
0x010000520004D92F,437,202,Rizia/Turn 9/Wehlen Derdia Meditation,Player_Romus,Menu Text en,「ヴェーレンと共に、ヴェーレンとデルディアを結ぶ石油パイプラインの建設資金を拠出する。安全なデルディア人の巡礼路が、この新たなエネルギー提携の条件となる。」［予算-2］
0x010000520004D937,437,203,Rizia/Turn 9/Wehlen Derdia Meditation,Player_Romus,en,「我々はヴェーレンとデルディアを結ぶ石油パイプラインの建設に資金を提供する。この新たなエネルギー提携の条件として、安全なデルディアへの巡礼路の確保が求められる。」
0x010000520004D937,437,203,Rizia/Turn 9/Wehlen Derdia Meditation,Player_Romus,Menu Text en,「ヴェーレンとデルディアの間に石油パイプラインを建設するための資金を提供する。安全なデルディア人の巡礼路が、この新しいエネルギー提携の条件となる。」［予算-2］
0x010000520004D93F,437,204,Rizia/Turn 9/Wehlen Derdia Meditation,Player_Romus,en,「あなたの国は信頼と協力を実践しなければならない。忘れてはならない、我々は皆同じ神に祈っているのだ。」
0x010000520004D94C,437,208,Rizia/Turn 9/Wehlen Derdia Meditation,Player_Romus,en,「あなたはデルディア人と寛大さをかけた決闘を行わなければならない。」
0x010000520004D953,437,209,Rizia/Turn 9/Wehlen Derdia Meditation,Narrator,en,ヴィクトル・スモラクの目に喜びが浮かんだ。彼は立ち上がり、空中を拳で叩き始めた。
0x010000520004D95A,437,210,Rizia/Turn 9/Wehlen Derdia Meditation,Wiktor Smolak (R),en,「私も昔からこういうことをしてみたいと思っていました！最高賢者様、ご自身がチャンピオンになられますか？」
0x010000520004D961,437,211,Rizia/Turn 9/Wehlen Derdia Meditation,Jorga Azmal,en,「いやだ！お前たち二人とも、私や私の宗教を侮辱するのはやめろ。」
0x010000520004D968,437,212,Rizia/Turn 9/Wehlen Derdia Meditation,Narrator,en,二人とも満足している様子はなかった。
0x010000520004D96F,437,213,Rizia/Turn 9/Wehlen Derdia Meditation,Wiktor Smolak (R),en,「そのようなことは、わざわざリジアまで来なくても聞けました。」
0x010000520004D976,437,214,Rizia/Turn 9/Wehlen Derdia Meditation,Jorga Azmal,en,「これは我々双方の時間を無駄にしただけです。」
0x010000520004D97D,437,215,Rizia/Turn 9/Wehlen Derdia Meditation,Wiktor Smolak (R),en,「陛下、ヴェーレンは承諾いたします！」
0x010000520004D9A7,437,224,Rizia/Turn 9/Wehlen Derdia Meditation,Jorga Azmal,en,「ハライタ。」
0x010000520004D9AE,437,225,Rizia/Turn 9/Wehlen Derdia Meditation,Player_Romus,en,「あなたは握手をするのだ。」
0x010000520004D9B5,437,226,Rizia/Turn 9/Wehlen Derdia Meditation,Player_Romus,en,「今日の会談を見守ってくださった主に感謝する。」
0x010000520004D9C2,437,230,Rizia/Turn 9/Wehlen Derdia Meditation,Player_Romus,en,「さあ、キシャを持ってきなさい。」
0x010000520004D9CA,437,231,Rizia/Turn 9/Wehlen Derdia Meditation,Wiktor Smolak (R),en,「ふむ、それがあなた方のできる最善ということですか？」
0x010000520004D9D1,437,232,Rizia/Turn 9/Wehlen Derdia Meditation,Player_Romus,en,「その通りだ。受け取るか、断るかのみだ。」
0x010000520004D9D1,437,232,Rizia/Turn 9/Wehlen Derdia Meditation,Player_Romus,Menu Text en,「その通りだ。受け取るか、放っておくかだ。」［権威-1］
0x010000520004D9E4,437,239,Rizia/Turn 9/Wehlen Derdia Meditation,Player_Romus,en,「もし役立つのであれば、リジアはこのプロジェクトに向けて追加の資金を割り当てる。」
0x010000520004D9E4,437,239,Rizia/Turn 9/Wehlen Derdia Meditation,Player_Romus,Menu Text en,「もし役立つなら、リジア王国はこのプロジェクトに追加の資金を割り当てる。」［予算-1］
0x010000520004D9EB,437,240,Rizia/Turn 9/Wehlen Derdia Meditation,Player_Romus,en,「残念ながら、その通りです。」
0x010000520004D9FE,437,243,Rizia/Turn 9/Wehlen Derdia Meditation,Wiktor Smolak (R),en,「ふむ、それがあなた方のできる最善ということですか？」
0x010000520004DA04,437,244,Rizia/Turn 9/Wehlen Derdia Meditation,Player_Romus,en,「その通りだ。受け取るか、断るかのみだ。」
0x010000520004DA04,437,244,Rizia/Turn 9/Wehlen Derdia Meditation,Player_Romus,Menu Text en,「その通りだ。受け取るか、放っておくかだ。」［権威-1］
0x010000520004DA14,437,251,Rizia/Turn 9/Wehlen Derdia Meditation,Player_Romus,en,「もし役立つのであれば、リジアはこのプロジェクトに向けて追加の資金を割り当てる。」
0x010000520004DA14,437,251,Rizia/Turn 9/Wehlen Derdia Meditation,Player_Romus,Menu Text en,「もし役立つなら、リジア王国はこのプロジェクトに追加の資金を割り当てる。」［予算-1］
0x010000520004DA38,437,257,Rizia/Turn 9/Wehlen Derdia Meditation,Wiktor Smolak (R),en,「ふむ、それがあなた方のできる最善ということですか？」
0x010000520004DA3E,437,258,Rizia/Turn 9/Wehlen Derdia Meditation,Player_Romus,en,「その通りだ。受け取るか、断るかのみだ。」
0x010000520004DA3E,437,258,Rizia/Turn 9/Wehlen Derdia Meditation,Player_Romus,Menu Text en,「その通りだ。受け取るか、放っておくかだ。」［権威-1］
0x010000520004DA4E,437,265,Rizia/Turn 9/Wehlen Derdia Meditation,Player_Romus,en,「もし役立つのであれば、リジアはこのプロジェクトに向けて追加の資金を割り当てる。」
0x010000520004DA4E,437,265,Rizia/Turn 9/Wehlen Derdia Meditation,Player_Romus,Menu Text en,「もし役立つなら、リジア王国はこのプロジェクトに追加の資金を割り当てる。」［予算-1］
0x010000520004DA6C,437,271,Rizia/Turn 9/Wehlen Derdia Meditation,Wiktor Smolak (R),en,「ふむ、それがあなた方のできる最善ということですか？」
0x010000520004DA72,437,272,Rizia/Turn 9/Wehlen Derdia Meditation,Player_Romus,en,「その通りだ。受け取るか、断るかのみだ。」
0x010000520004DA72,437,272,Rizia/Turn 9/Wehlen Derdia Meditation,Player_Romus,Menu Text en,「その通りだ。受け取るか、放っておくかだ。」［権威-1］
0x010000520004DA82,437,279,Rizia/Turn 9/Wehlen Derdia Meditation,Player_Romus,en,「もし役立つのであれば、リジアはこのプロジェクトに向けて追加の資金を割り当てる。」
0x010000520004DA82,437,279,Rizia/Turn 9/Wehlen Derdia Meditation,Player_Romus,Menu Text en,「もし役立つなら、リジア王国はこのプロジェクトに追加の資金を割り当てる。」［予算-2］
0x010000520004DAA0,437,285,Rizia/Turn 9/Wehlen Derdia Meditation,Wiktor Smolak (R),en,「ふむ、それがあなた方のできる最善ということですか？」
0x010000520004DAA6,437,286,Rizia/Turn 9/Wehlen Derdia Meditation,Player_Romus,en,「その通りだ。受け取るか、断るかのみだ。」
0x010000520004DAA6,437,286,Rizia/Turn 9/Wehlen Derdia Meditation,Player_Romus,Menu Text en,「そうだ。受け取るか、放っておくかだ。」［権威-2］
0x010000520004DAB6,437,293,Rizia/Turn 9/Wehlen Derdia Meditation,Player_Romus,en,「もし役立つのであれば、リジアはこのプロジェクトに向けて追加の資金を割り当てる。」
0x010000520004DAB6,437,293,Rizia/Turn 9/Wehlen Derdia Meditation,Player_Romus,Menu Text en,「もし役立つなら、リジア王国はこのプロジェクトに追加の資金を割り当てる。」［予算-1］
0x010000520004DAD4,437,299,Rizia/Turn 9/Wehlen Derdia Meditation,Narrator,en,二人とも首を振った。
0x010000520004DADB,437,300,Rizia/Turn 9/Wehlen Derdia Meditation,Wiktor Smolak (R),en,「では、今日の我々の努力は無駄だったということですね。」
0x010000520004DAE2,437,301,Rizia/Turn 9/Wehlen Derdia Meditation,Jorga Azmal,en,「ハライタ。」
0x010000520004DAE9,437,302,Rizia/Turn 9/Wehlen Derdia Meditation,Player_Romus,en,「私としては、リジアがもっと助けになれなかったことを遺憾に思う。」
0x010000520004DAF2,437,303,Rizia/Turn 9/Wehlen Derdia Meditation,Player_Romus,en,「これが南メルコパ同盟を結成しようとする我々の努力に支障を来さないことを願っている。」
0x010000520004DAFB,437,304,Rizia/Turn 9/Wehlen Derdia Meditation,Player_Romus,en,「どちら様にもお会いできて、やはり嬉しく思う。」
0x010000520004DB03,437,305,Rizia/Turn 9/Wehlen Derdia Meditation,Player_Romus,en,「スモラクさん、どうか引き続きジルの領土が無事に戻ってくるよう保証していただけるように。」
0x010000520004DB18,437,312,Rizia/Turn 9/Wehlen Derdia Meditation,Jorga Azmal,en,「陛下、デルディアとモレラを助けようとするご意志から、陛下の取り組みが誠実なものであることが伺えます。」
0x010000520004DB1F,437,313,Rizia/Turn 9/Wehlen Derdia Meditation,Jorga Azmal,en,「一日に二度も調停が失敗するだと？それは実に良くない兆候ですね。」
0x010000520004DB26,437,314,Rizia/Turn 9/Wehlen Derdia Meditation,Wiktor Smolak (R),en,「もちろんです、陛下。」
0x010000520004DB2D,437,315,Rizia/Turn 9/Wehlen Derdia Meditation,Wiktor Smolak (R),en,「デルディアとの取引など、単なる追加の利益に過ぎなかったでしょう。」
0x010000520004DB39,437,319,Rizia/Turn 9/Wehlen Derdia Meditation,Wiktor Smolak (R),en,「陛下、それはあなたのせいではありません。」
0x010000520004DB3F,437,320,Rizia/Turn 9/Wehlen Derdia Meditation,Wiktor Smolak (R),en,「いつでも構いません、陛下。」
0x010000520004DB50,437,327,Rizia/Turn 9/Wehlen Derdia Meditation,Jorga Azmal,en,「モレラの件でご助力いただき、それでもなお感謝しております、陛下。」
0x010000520004DB56,437,328,Rizia/Turn 9/Wehlen Derdia Meditation,Jorga Azmal,en,「一日に二度も調停が失敗するなんて。神はリジアに外交という才能を与えてくださっていないのですね。」
0x010000520004DB78,437,331,Rizia/Turn 9/Wehlen Derdia Meditation,Jorga Azmal,en,「その件については、後日改めて検討しよう。」
0x010000520004DB80,437,332,Rizia/Turn 9/Wehlen Derdia Meditation,Jorga Azmal,en,「陛下、あなたもマヌス・サゾンもゴルコンド主義者たちを裏切りました。そのことで最期の時に厳しい裁きを受けることになるでしょう。」
0x010000520004DB98,437,333,Rizia/Turn 9/Wehlen Derdia Meditation,Narrator,en,スモラクは熱心に手を差し出した。アズマルがその手を握った。
0x010000520004DB9F,437,334,Rizia/Turn 9/Wehlen Derdia Meditation,Narrator,en,部屋の隅にはヴェゼク製のキシャパイプが置かれていた。補佐官がそれを我々のテーブルの上に運んできた。
0x010000520004DBA6,437,335,Rizia/Turn 9/Wehlen Derdia Meditation,Wiktor Smolak (R),en,「陛下、なんと思いやりのあるお言葉でしょう！ですが、私は本当にもう行かなければなりません。」
0x010000520004DBAC,437,336,Rizia/Turn 9/Wehlen Derdia Meditation,Jorga Azmal,en,「宇宙を統べる方に栄光あれ。」
0x010000520004DBB7,437,340,Rizia/Turn 9/Wehlen Derdia Meditation,Player_Romus,en,「このことで、南メルコパ同盟の創設において両国の協力を得られるものと期待している。」
0x010000520004DBBE,437,341,Rizia/Turn 9/Wehlen Derdia Meditation,Wiktor Smolak (R),en,「もちろんです。陛下、我々が力を合わせれば、ルンブルクは我々を困らせるという決断を必ず後悔させます！」
0x010000520004DBDA,437,342,Rizia/Turn 9/Wehlen Derdia Meditation,Wiktor Smolak (R),en,「なんと謙虚でいらっしゃるのですか。すべての賛辞はロムス王陛下にこそ捧げられるべきです！」
0x010000520004DBE1,437,343,Rizia/Turn 9/Wehlen Derdia Meditation,Wiktor Smolak (R),en,「私はジルの政権移行に関する書類仕事で手が離せません。国民たちも多くの悩みを抱えております。陛下もご存知の通りです。」
0x010000520004DBE6,437,344,Rizia/Turn 9/Wehlen Derdia Meditation,Narrator,en,ラウレントは唾を飲み込んだ。
0x010000520004DBF7,437,345,Rizia/Turn 9/Wehlen Derdia Meditation,Wiktor Smolak (R),en,「さて、もう行かなければなりません。」
0x010000520004DBFF,437,346,Rizia/Turn 9/Wehlen Derdia Meditation,Player_Romus,en,「スモラク大統領、その日を心より楽しみにしている、陛下。」
0x010000520004DC06,437,347,Rizia/Turn 9/Wehlen Derdia Meditation,Player_Romus,en,「あなた、最後の瞬間に何か驚きを仕掛けようとしてはいけない。」
0x010000520004DC0D,437,348,Rizia/Turn 9/Wehlen Derdia Meditation,Player_Romus,en,「安心してくれ。リジアはできる限り円滑に移行を進めてまいる。」
0x010000520004DC13,437,349,Rizia/Turn 9/Wehlen Derdia Meditation,Wiktor Smolak (R),en,「私ですか？決してそんなことはありません。」
0x010000520004DC1A,437,350,Rizia/Turn 9/Wehlen Derdia Meditation,Narrator,en,彼は一礼してその部屋を去った。
0x010000520004DC23,437,351,Rizia/Turn 9/Wehlen Derdia Meditation,Wiktor Smolak (R),en,「私の心に疑いは一切ありません。」
0x010000520004DC31,437,355,Rizia/Turn 9/Wehlen Derdia Meditation,Jorga Azmal,en,「陛下、今日はあらゆるご助力を賜り、心より感謝しております。リジアのおかげで、偉大なるデルディア共和国がついに孤立状態から脱することができます。」
0x010000520004DC3E,437,359,Rizia/Turn 9/Wehlen Derdia Meditation,Player_Romus,en,「ハライタ。」
0x010000520004DC45,437,360,Rizia/Turn 9/Wehlen Derdia Meditation,Jorga Azmal,en,「陛下、今日はご助力いただき、心より感謝しております。ヴェーレンがモレラよりも協力的なパートナーになるとは、私には到底思えませんでした。」
0x010000520004DC4C,437,361,Rizia/Turn 9/Wehlen Derdia Meditation,Player_Romus,en,「人生というものは驚きに満ちているね、大賢者様。」
0x010000520004DC52,437,362,Rizia/Turn 9/Wehlen Derdia Meditation,Jorga Azmal,en,「陛下、今日はご助力いただき、心より感謝申し上げます。リジアのおかげで、偉大なるデルディア共和国がついに孤立状態から脱することができます。」
0x010000520004DC5A,437,363,Rizia/Turn 9/Wehlen Derdia Meditation,Player_Romus,en,「我々一同で、この世界に立ち向かっていこう。」
0x010000520004DC62,437,364,Rizia/Turn 9/Wehlen Derdia Meditation,Player_Romus,en,「私としても光栄だった。」
0x010000520004DC6A,437,365,Rizia/Turn 9/Wehlen Derdia Meditation,Player_Romus,en,「ヴィクトルは変わった人物だが、約束を必ず守る。」
0x010000520004DCAD,437,366,Rizia/Turn 9/Wehlen Derdia Meditation,Wiktor Smolak (R),en,「私はジルの政権移行に関する書類仕事で手が離せません。国民たちも多くの悩みを抱えております。陛下もご存知の通りです。」
0x010000520004DCB3,437,367,Rizia/Turn 9/Wehlen Derdia Meditation,Player_Romus,en,「スモラク大統領、その日を心より楽しみにしている、陛下。」
0x010000520004DCB9,437,368,Rizia/Turn 9/Wehlen Derdia Meditation,Player_Romus,en,「あなた、最後の瞬間に何か驚きを仕掛けようとしてはいけない。」
0x010000520004DCBF,437,369,Rizia/Turn 9/Wehlen Derdia Meditation,Player_Romus,en,「安心してくれ。リジアはできる限り円滑に移行を進めてまいる。」
0x010000520004DCC5,437,370,Rizia/Turn 9/Wehlen Derdia Meditation,Wiktor Smolak (R),en,「私ですか？決してそんなことはありません。」
0x010000520004DCCB,437,371,Rizia/Turn 9/Wehlen Derdia Meditation,Narrator,en,ラウレントが彼を部屋から案内していく間、彼はお辞儀をした。私は長い時間、アズマルと二人きりで座っていた。
0x010000520004DCD1,437,372,Rizia/Turn 9/Wehlen Derdia Meditation,Wiktor Smolak (R),en,「私の心に疑いは一切ありません。」
0x010000520004DCDF,437,373,Rizia/Turn 9/Wehlen Derdia Meditation,Wiktor Smolak (R),en,「この宴を早く終えてしまって申し訳ありませんが、本当にもう行かなければなりません。」
0x0100008E00006EBE,437,377,Rizia/Turn 9/Wehlen Derdia Meditation,Wiktor Smolak (R),en,「私はジルの移譲に関する合意事項を成立させるために懸命に努力しております。まだいくつか書類上の課題が残っていますが、すべて順調に進んでおります。」
0x01000052000556C2,437,390,Rizia/Turn 9/Wehlen Derdia Meditation,Laurento Esquibel,en,「残念です。しかし、他に進む道があるはずです。」
0x01000052000556CA,437,391,Rizia/Turn 9/Wehlen Derdia Meditation,Laurento Esquibel,en,「ヴェーレンとデルディアの間に橋渡しをすることは、関係する全ての者にとって有益かもしれません。」
0x010000520004D2A3,438,3,Rizia/Turn 9/Pabel Extradition,Narrator,en,デルディアの指導者は立ち上がって去ろうとしたが、やがて思案げな表情を浮かべて再び座り直した。
0x010000520004D2B8,438,4,Rizia/Turn 9/Pabel Extradition,Jorga Azmal,en,「陛下……ご存知でしょうか。かつて陛下の王室に仕えていた者が、最近デルディアで亡命を申請したという事実を。」
0x010000520004D2BF,438,5,Rizia/Turn 9/Pabel Extradition,Player_Romus,en,「それは王女様だろうか？」
0x010000520004D2CC,438,9,Rizia/Turn 9/Pabel Extradition,Player_Romus,en,「そのことは存じなかった。だが、驚くような知らせではない。」
0x010000520004D2D3,438,10,Rizia/Turn 9/Pabel Extradition,Player_Romus,en,「何だと？直ちにその者を引き渡すよう命じなさい。」
0x010000520004D2DA,438,11,Rizia/Turn 9/Pabel Extradition,Player_Romus,en,「私の執事であるパベル・アドリアだろうか？彼はそちらに友人がいると言っていた。」
0x010000520004D2E7,438,15,Rizia/Turn 9/Pabel Extradition,Jorga Azmal,en,「他にはおりません。」
0x010000520004D2EE,438,16,Rizia/Turn 9/Pabel Extradition,Jorga Azmal,en,「いえ、パベル・アドリアという名の男性です。」
0x010000520004D2F5,438,17,Rizia/Turn 9/Pabel Extradition,Jorga Azmal,en,「おそらく、ヴィナ王女の最近の行方不明に関与している人物でしょうか？」
0x010000520004D301,438,21,Rizia/Turn 9/Pabel Extradition,Jorga Azmal,en,「そのようにすることも可能でしょう。」
0x010000520004D308,438,22,Rizia/Turn 9/Pabel Extradition,Jorga Azmal,en,「それは叶いません。」
0x010000520004D30F,438,23,Rizia/Turn 9/Pabel Extradition,Jorga Azmal,en,「その男、パベル・アドリアは、もしリジアに戻れば不当な迫害を受けると主張しています。しかし陛下が彼の罪が処罰に値するとお考えであれば、彼を処分して構いません。」
0x010000520004D316,438,24,Rizia/Turn 9/Pabel Extradition,Player_Romus,en,「彼は私の娘が行方不明になるのを手助けした。おそらく、彼女がどこにいるかについて何か情報を持っているだろう。」
0x010000520004D323,438,28,Rizia/Turn 9/Pabel Extradition,Jorga Azmal,en,「アドリア氏は、もしリジアに戻れば不当な迫害を受けると主張しています。しかし陛下の法によってその罪が処罰に値するとお考えであれば、彼を処分して構いません。」
0x010000520004D332,438,32,Rizia/Turn 9/Pabel Extradition,Jorga Azmal,en,「このパベル・アドリアという男は、リジアに戻れば不当な迫害を受けると主張しています。しかし陛下の法によって彼の罪が処罰に値するとお考えであれば、どうぞお処分ください。」
0x010000520004D339,438,33,Rizia/Turn 9/Pabel Extradition,Jorga Azmal,en,「ですから、もしパベル・アドリアのリジアへの引き渡しを望まれるなら、私にはお助けすることができないことをご理解いただけますね、陛下。」
0x010000520004D340,438,34,Rizia/Turn 9/Pabel Extradition,Player_Romus,en,「ありがとう、大賢者様。リジアの王を裏切る者は、どんな者でも必ず罰を受ける。」
0x010000520004D351,438,35,Rizia/Turn 9/Pabel Extradition,Player_Romus,en,「いや、そのままにしておきなさい。彼を罰しても何の意味もない。」
0x010000520004D348,438,36,Rizia/Turn 9/Pabel Extradition,Player_Romus,en,「ああ、こちらに連れてきなさい。あの男は私の娘の逃走に加担した者だ。彼なら娘がどこにいるかについて何か情報を持っているかもしれない。」
0x010000520004D364,438,40,Rizia/Turn 9/Pabel Extradition,Player_Romus,en,「国王、あなた様はまだご理解いただけていないのだ。リジアの王を裏切っても、誰も無事では済まない。」
0x010000520004D37D,438,41,Rizia/Turn 9/Pabel Extradition,Player_Romus,en,「どうしてそんなことを言えるのか？彼が何をしたのか、ご存知でもいらっしゃるか？」
0x010000520004D38F,438,42,Rizia/Turn 9/Pabel Extradition,Jorga Azmal,en,「デルディアの憲法によれば、最も神聖な愛の形を実践することで迫害に遭う者たちに聖堂を提供する義務が我々にはあるのです。」
0x010000520004D396,438,43,Rizia/Turn 9/Pabel Extradition,Jorga Azmal,en,「例外なくです。」
0x010000520004D374,438,45,Rizia/Turn 9/Pabel Extradition,Player_Romus,en,「この件についてはあなたの助けを期待していない。起こったことはアドリアと私だけの問題だ。」
0x010000520004D3B2,438,46,Rizia/Turn 9/Pabel Extradition,Jorga Azmal,en,「ヴルヘック自身でさえ、陛下の慈悲を称賛するでしょう。」
0x010000520004D4B3,438,47,Rizia/Turn 9/Pabel Extradition,Jorga Azmal,en,「デルディアではそのような呼び名は使いません。また、二人の間に神聖なる輝きが生じたからといって人々を投獄することもありません。」
0x010000520004D4AC,438,48,Rizia/Turn 9/Pabel Extradition,Player_Romus,en,「理解できない。私の執事が同性愛者だったとおっしゃるのか？」
0x010000520004D4BB,438,52,Rizia/Turn 9/Pabel Extradition,Player_Romus,en,「承知した。では、神が彼を許してくださるように。」
0x010000520004D4D7,438,53,Rizia/Turn 9/Pabel Extradition,Player_Romus,en,「愛することは彼の罪ではなかった。私の娘の逃走を助けたことが罪なのだ。」
0x010000520004D502,438,57,Rizia/Turn 9/Pabel Extradition,Narrator,en,アズマルは賢明な様子でうなずいた。
0x010000520004D509,438,58,Rizia/Turn 9/Pabel Extradition,Jorga Azmal,en,「何が起こったのかは尋ねません。しかし、主があなた方二人に慈悲を与えてくださることを願っています。」
0x010000520004D4E4,438,59,Rizia/Turn 9/Pabel Extradition,Jorga Azmal,en,「それでもリジアは、どちらの理由であれ彼を処罰しようとするのです。」
0x010000520004D4C8,438,60,Rizia/Turn 9/Pabel Extradition,Player_Romus,en,「最も神聖な愛とは、男性と女性の間にあるものだ。」
0x010000520004D4CF,438,61,Rizia/Turn 9/Pabel Extradition,Jorga Azmal,en,「陛下、それがあなたのお考えでいらっしゃるのですか？それとも欠陥を抱えた聖堂の言葉をそのまま繰り返しているだけなのでしょうか？」
0x010000520004D4EC,438,62,Rizia/Turn 9/Pabel Extradition,Player_Romus,en,「最高賢者よ、あなたは実際に男性と関係を持ったことがあるか？そんなことに神聖さなどない。」
0x010000520004D4F3,438,63,Rizia/Turn 9/Pabel Extradition,Jorga Azmal,en,「それは見る人の目次第でございます、陛下。」
0x010000520004D36B,438,64,Rizia/Turn 9/Pabel Extradition,Jorga Azmal,en,「今日我々が成し遂げたことに汚点をつけたくはありません。しかし残念ながら、彼をリジアに連れ戻す手助けはできません。」
0x010000520004D39D,438,65,Rizia/Turn 9/Pabel Extradition,Jorga Azmal,en,「わかりました。駐屯地に戻ったらすぐに命令を出します。」
0x010000520004D386,438,66,Rizia/Turn 9/Pabel Extradition,Narrator,en,アズマルは首を振った。
0x010000520004D3AB,438,67,Rizia/Turn 9/Pabel Extradition,Narrator,en,アズマルはうなずいた。
0x010000520004D511,438,71,Rizia/Turn 9/Pabel Extradition,Jorga Azmal,en,「陛下、リジアに戻られた際に危険に直面する限り、パベル・アドリアはデルディアに留まらなければなりません。」
0x010000520004DC7F,438,73,Rizia/Turn 9/Pabel Extradition,Narrator,en,彼は立ち上がり、私と手を握ってその部屋を去った。
0x010000520004DC85,438,74,Rizia/Turn 9/Pabel Extradition,Jorga Azmal,en,「陛下、王国の法律を変えるようお願いするつもりはございません。」
0x010000520004DC8C,438,75,Rizia/Turn 9/Pabel Extradition,Jorga Azmal,en,「しかし、いつの日か陛下とご臣民の皆様が、我々と同じように、また聖ヴルヘックが意図された通りの視点で物事を見てくださることを願っております。」
0x010000520004DC9C,438,76,Rizia/Turn 9/Pabel Extradition,Jorga Azmal,en,「陛下、主がご加護くださいますように。」
0x010000520004F69B,439,3,Rizia/Turn 9/FPnT_IntermerkopumRoundtable,Narrator,en,私はポルテ・ドラゾンにてラウレントや、私が構想していた南メルコパ同盟の他のメンバーたちと集まった。
0x010000520004F6A2,439,4,Rizia/Turn 9/FPnT_IntermerkopumRoundtable,Narrator,en,この度のために、私はパラス・レズナの最上階にある円形の部屋であるアメジストルームを選んだのだった。
0x010000520004F6A9,439,5,Rizia/Turn 9/FPnT_IntermerkopumRoundtable,Narrator,en,その中央には円形のマホガニー製テーブルがあり、周囲にはきらめくアメジストの縁取りが施されていた。その紫色は、壁を覆う絹のカーテンの色とよく合っていた。
0x010000520004F6B0,439,6,Rizia/Turn 9/FPnT_IntermerkopumRoundtable,Narrator,en,周囲の台座には、リザ女王や私の数多くの先祖たちのアラバスター製の胸像が置かれており、その中にはレゼニド伯まで遡る姿も含まれていた。
0x010000520004F6B7,439,7,Rizia/Turn 9/FPnT_IntermerkopumRoundtable,Narrator,en,代々の統治者たちがおり、それぞれが外交や紛争への対処法を持っていた。私が今日実現しようと望んでいたほど野心的な同盟を試みた者は一人もいなかった。
0x010000520004F6BE,439,8,Rizia/Turn 9/FPnT_IntermerkopumRoundtable,Narrator,en,ラウレントと私は互いにうなずき合った。会議を始める時が来たのだ。
0x010000520004F6CF,439,10,Rizia/Turn 9/FPnT_IntermerkopumRoundtable,Player_Romus,en,「貴重なお客様方、本日はご臨席いただき誠にありがとう。」
0x010000520004F6D6,439,11,Rizia/Turn 9/FPnT_IntermerkopumRoundtable,Player_Romus,en,「私、ロムス・トラスは、皆様と共にメルコパの歴史に新たな章を刻むことができて光栄だ。」
0x010000520004F6DD,439,12,Rizia/Turn 9/FPnT_IntermerkopumRoundtable,Player_Romus,en,「リジアの王として、私はここにこの会議を開始するものだ。」
0x010000520004F6EA,439,16,Rizia/Turn 9/FPnT_IntermerkopumRoundtable,Player_Romus,en,「まずは主を讃えよう。彼がいなければ、このような偉大な諸国の集いは成し得なかっただろう。」
0x010000520004F6F7,439,20,Rizia/Turn 9/FPnT_IntermerkopumRoundtable,Jorga Azmal,en,「陛下、どうかお許しください！」
0x010000520004F6FE,439,21,Rizia/Turn 9/FPnT_IntermerkopumRoundtable,Narrator,en,他の者たちは静かに頭を下げた。ラウレントが咳払いをした。
0x010000520004F705,439,22,Rizia/Turn 9/FPnT_IntermerkopumRoundtable,Narrator,en,私の同席者たちは誇らしげな表情を浮かべていた。
0x010000520004F70F,439,23,Rizia/Turn 9/FPnT_IntermerkopumRoundtable,Laurento Esquibel,en,「まずは点呼から始めます。」
0x010000520004F71D,439,27,Rizia/Turn 9/FPnT_IntermerkopumRoundtable,Laurento Esquibel,en,「デルディアの大賢者、ヨルガ・アズマルです。」
0x010000520004F724,439,28,Rizia/Turn 9/FPnT_IntermerkopumRoundtable,Narrator,en,アズマルは立ち上がり、ヴルヘック教の六つの柱を示す手のジェスチャーをした。
0x010000520004F72B,439,29,Rizia/Turn 9/FPnT_IntermerkopumRoundtable,Jorga Azmal,en,「私は、星々に刻まれた我が国のための神聖な絆を結ぶ準備ができております。」
0x010000520004F737,439,33,Rizia/Turn 9/FPnT_IntermerkopumRoundtable,Laurento Esquibel,en,「ヴェーレンのスモラク大統領です。」
0x010000520004F73E,439,34,Rizia/Turn 9/FPnT_IntermerkopumRoundtable,Narrator,en,スモラクは立ち上がり、力強くお辞儀をした。
0x010000520004F745,439,35,Rizia/Turn 9/FPnT_IntermerkopumRoundtable,Wiktor Smolak (R),en,「親愛なる友人たちや隣人たちと共にここにいられて、私は大変嬉しく思っております。」
0x010000520004F74C,439,36,Rizia/Turn 9/FPnT_IntermerkopumRoundtable,Laurento Esquibel,en,「モレラのアルマ・サルタナ首相です。」
0x010000520004F75A,439,40,Rizia/Turn 9/FPnT_IntermerkopumRoundtable,Narrator,en,モレラ人の指導者は立ち上がり、きっぱりと頷いた。
0x010000520004F761,439,41,Rizia/Turn 9/FPnT_IntermerkopumRoundtable,Alma Saltana,en,「陛下、強靭で統一された南メルコパを築くため、皆様と共に働けることを楽しみにしております。」
0x010000520004F778,439,45,Rizia/Turn 9/FPnT_IntermerkopumRoundtable,Laurento Esquibel,en,「陛下、パレス大公にしてリジアの王配であるアクセル・ラインハルト・トラスです。」
0x010000520004F78C,439,52,Rizia/Turn 9/FPnT_IntermerkopumRoundtable,Laurento Esquibel,en,「アクセル・ラインハルト、パレス大公にしてリジアの王配です。」
0x010000520004F793,439,53,Rizia/Turn 9/FPnT_IntermerkopumRoundtable,Laurento Esquibel,en,「パレスのアクセル・ラインハルト大公です。」
0x010000520004F79A,439,54,Rizia/Turn 9/FPnT_IntermerkopumRoundtable,Narrator,en,アクセルは椅子から立ち上がりながら微笑んだ。
0x010000520004F7A2,439,55,Rizia/Turn 9/FPnT_IntermerkopumRoundtable,Axel Reinhart,en,「この貴重な機会を我々に与えてくださった義父に感謝いたします。」
0x010000520004F7A9,439,56,Rizia/Turn 9/FPnT_IntermerkopumRoundtable,Narrator,en,アクセルは椅子から立ち上がりながら微笑んだ。
0x010000520004F7B0,439,57,Rizia/Turn 9/FPnT_IntermerkopumRoundtable,Axel Reinhart,en,「このような稀有な機会を我々に与えてくださったリジア王陛下のご功績に、すべての栄光を捧げます。」
0x010000520004F7B7,439,58,Rizia/Turn 9/FPnT_IntermerkopumRoundtable,Narrator,en,皆が席に着いた。
0x010000520004F7C0,439,59,Rizia/Turn 9/FPnT_IntermerkopumRoundtable,Player_Romus,en,「アルカシア条約機構とコンタナ条約機構が世界を支配する今、我々の国が互いの国家安全保障を強化することに力を注ぐことは極めて重要だ。」
0x010000520004FE1C,439,60,Rizia/Turn 9/FPnT_IntermerkopumRoundtable,Player_Romus,en,「今日の絶えず変動する経済情勢において、金融の安定を確立することが最も優先されるべき事項だ。」
0x010000520004FE23,439,61,Rizia/Turn 9/FPnT_IntermerkopumRoundtable,Player_Romus,en,「石油やガスに関する協定が、この同盟の柱となっている。我々はエネルギー自立を実現すべく、さらに取り組んでいくことを提案する。」
0x010000520004FE30,439,65,Rizia/Turn 9/FPnT_IntermerkopumRoundtable,Laurento Esquibel,en,「暫定的な名称であるインテルメルコプム同盟の主導者として、リジアはこの計画を実現させるために必要な資源を提供する用意がございます。」
0x010000520004FE37,439,66,Rizia/Turn 9/FPnT_IntermerkopumRoundtable,Laurento Esquibel,en,「私の代わりに、陛下が我々の意図についてもっと詳しく説明してくださいます。」
0x010000520004FE41,439,67,Rizia/Turn 9/FPnT_IntermerkopumRoundtable,Narrator,en,テーブルの周りにいる者たちが頷いて同意する様子が見えた。
0x010000520004FE48,439,68,Rizia/Turn 9/FPnT_IntermerkopumRoundtable,Player_Romus,en,「私は軍事装備の統合・共有を提案する。リジア自身もこの目的のために相当量の装備を準備すべきだ。」
0x010000520004FE48,439,68,Rizia/Turn 9/FPnT_IntermerkopumRoundtable,Player_Romus,Menu Text en,「軍事装備の共有化を提案する。リジア王国自身も相当数の装備をこれに充てるべきだ。」［装備-5000］
0x010000520004FE7C,439,75,Rizia/Turn 9/FPnT_IntermerkopumRoundtable,Player_Romus,en,「私の王国としては、この分野において具体的な約束をすることはできない。しかし、皆様には相互防衛の重要性をご理解いただきたいと思う。」
0x010000520004FE83,439,76,Rizia/Turn 9/FPnT_IntermerkopumRoundtable,Narrator,en,私の同席者の何人かは懐疑的な様子を見せた。ラウレントが私に先に進むよう合図した。
0x010000520004FE8F,439,78,Rizia/Turn 9/FPnT_IntermerkopumRoundtable,Player_Romus,en,「ですから、私は我々の同盟に継続的に資金を提供し続けることを誓う。」
0x010000520004FE8F,439,78,Rizia/Turn 9/FPnT_IntermerkopumRoundtable,Player_Romus,Menu Text en,「したがって、私は引き続き我々の同盟に資金を提供し続けることを誓う。」［毎ターン 予算-7］
0x010000520004FEBE,439,85,Rizia/Turn 9/FPnT_IntermerkopumRoundtable,Player_Romus,en,「私は共同の金融準備金を設立するため、多額の資金を拠出する。」
0x010000520004FEBE,439,85,Rizia/Turn 9/FPnT_IntermerkopumRoundtable,Player_Romus,Menu Text en,「私は共同の財政準備金の設立に、多額の資金を拠出しよう。」［予算-10］
0x010000520004FED1,439,90,Rizia/Turn 9/FPnT_IntermerkopumRoundtable,Player_Romus,en,「リジア自体は何の資金も投入しないが、私の顧問たちは我々の財政政策を包括的に調整するための支援を行う用意がある。」
0x010000520004FED8,439,91,Rizia/Turn 9/FPnT_IntermerkopumRoundtable,Narrator,en,数人が顔をしかめた。
0x010000520004FEE5,439,95,Rizia/Turn 9/FPnT_IntermerkopumRoundtable,Player_Romus,en,「私はそこで、戦略的なエネルギー備蓄の創設を提案する。そのためにリジアは多大な貢献を行う用意がある。」
0x010000520004FEE5,439,95,Rizia/Turn 9/FPnT_IntermerkopumRoundtable,Player_Romus,Menu Text en,「したがって、戦略的なエネルギー備蓄の創設を提案する。そのためにリジア王国は大きく貢献する用意がある。」［エネルギー-8］
0x010000520004FEF3,439,99,Rizia/Turn 9/FPnT_IntermerkopumRoundtable,Player_Romus,en,「既存のエネルギー供給契約を履行するだけでなく、リジアは共通のエネルギープールに対しても毎年拠出を行うつもりだ。」
0x010000520004FEF3,439,99,Rizia/Turn 9/FPnT_IntermerkopumRoundtable,Player_Romus,Menu Text en,「既存のエネルギー契約を履行するだけでなく、リジア王国は共通のエネルギープールに対して毎年拠出を行う。」［毎ターン エネルギー-5］
0x010000520004FF0B,439,105,Rizia/Turn 9/FPnT_IntermerkopumRoundtable,Player_Romus,en,「リジアは現在のエネルギー供給契約以上のことは約束できない。だが、将来的にはそうなれるよう願っているのだ、私は。」
0x010000520004FF12,439,106,Rizia/Turn 9/FPnT_IntermerkopumRoundtable,Narrator,en,ラウレントの額に汗の粒が現れた。
0x010000520004FF2D,439,109,Rizia/Turn 9/FPnT_IntermerkopumRoundtable,Player_Romus,en,「それが私の提案だ。これまでのところ、皆さんが賛同してくださることを願っている。」
0x010000520004FF45,439,116,Rizia/Turn 9/FPnT_IntermerkopumRoundtable,Narrator,en,他の者たちは心配そうな表情を互いに交わした。
0x010000520004FF52,439,120,Rizia/Turn 9/FPnT_IntermerkopumRoundtable,Alma Saltana,en,「申し訳ありません、トラス陛下……しかし、ご自身が提案されている同盟に対して何の約束もできないのであれば、なぜ我々がそうするとお考えになるのですか？」
0x010000520004FF5F,439,124,Rizia/Turn 9/FPnT_IntermerkopumRoundtable,Jorga Azmal,en,「私は信念を持つ者です。しかし、信念だけではこの規模の国際協力を維持することはできません。」
0x010000520004FF67,439,125,Rizia/Turn 9/FPnT_IntermerkopumRoundtable,Wiktor Smolak (R),en,「もしこの会合が冗談だというのであれば、陛下、それはあまり面白い冗談とは言えません。」
0x010000520004FF82,439,135,Rizia/Turn 9/FPnT_IntermerkopumRoundtable,Axel Reinhart,en,「家族の頼みとなれば断ることはできません。ですが、全てがあいまいである点は私も懸念しております。」
0x010000520004FF89,439,136,Rizia/Turn 9/FPnT_IntermerkopumRoundtable,Axel Reinhart,en,「理論上はこの案を気に入りました。ですが、そのあいまいさが私を大変心配させています。」
0x010000520004FF90,439,137,Rizia/Turn 9/FPnT_IntermerkopumRoundtable,Narrator,en,他の者たちは皆、顔に大きな笑みを浮かべていた。
0x010000520004FFA2,439,144,Rizia/Turn 9/FPnT_IntermerkopumRoundtable,Alma Saltana,en,「これこそ、私があなたの王国から期待していた寛大さですね。」
0x010000520004FFA8,439,145,Rizia/Turn 9/FPnT_IntermerkopumRoundtable,Wiktor Smolak (R),en,「陛下、実に有望な提案ですね。冗談ではないことを願っております。」
0x010000520004FFBD,439,155,Rizia/Turn 9/FPnT_IntermerkopumRoundtable,Axel Reinhart,en,「どうせ家族の頼みとあっては断ることはできません。ですが、あなた様が提案されたことについては遠慮なく承諾いたします。」
0x010000520004FFC3,439,156,Rizia/Turn 9/FPnT_IntermerkopumRoundtable,Axel Reinhart,en,「もしこれらすべてを約束通り実行してくださるなら、私の大公国はレスピアでさえ惜しむことはありません。」
0x010000520004FFCE,439,160,Rizia/Turn 9/FPnT_IntermerkopumRoundtable,Jorga Azmal,en,「まさに、偉大で神聖な同盟の兆しが見えてきますね。」
0x010000520004FFE1,439,161,Rizia/Turn 9/FPnT_IntermerkopumRoundtable,Narrator,en,他の者たちは不満そうにも特に感心した様子でもなかった。
0x010000520004FFE8,439,162,Rizia/Turn 9/FPnT_IntermerkopumRoundtable,Laurento Esquibel,en,「さて、本日の会議では、この同盟に関する各国の個別的な懸念事項を一つずつ検討する時間を設けました。」
0x010000520004FFEF,439,163,Rizia/Turn 9/FPnT_IntermerkopumRoundtable,Player_Romus,en,「私はこれまで、皆さん一人ひとりに対して並外れた寛大さを示してきた。まさか私の財産を根こそぎ奪おうというのか？」
0x010000520004FFF8,439,164,Rizia/Turn 9/FPnT_IntermerkopumRoundtable,Player_Romus,en,「あなたの不安は理解している。皆さんのニーズに最も適した形で対応するため、一人ひとりと個別に交渉する用意がある。」
0x0100005200050000,439,165,Rizia/Turn 9/FPnT_IntermerkopumRoundtable,Player_Romus,en,「最初に提案した案に戻ろう。やはり何らかの約束をすることができるかもしれない。」
0x0100005200050009,439,166,Rizia/Turn 9/FPnT_IntermerkopumRoundtable,Narrator,en,他の者たちは安堵の表情を浮かべていた。
0x010000520005001D,439,171,Rizia/Turn 9/FPnT_IntermerkopumRoundtable,Player_Romus,en,「戦争という制約によって我々は行動を制限されている。パレスを征服すれば、ここで挙げられた資源はもちろん、それ以上のものも全て投入することができるだろう。」
0x0100005200050024,439,172,Rizia/Turn 9/FPnT_IntermerkopumRoundtable,Narrator,en,ラウレントは力強くうなずいて同意の意を示した。
0x0100005200050031,439,174,Rizia/Turn 9/FPnT_IntermerkopumRoundtable,Narrator,en,ラウレントが急いで口を挟んだ。
0x0100005200050038,439,175,Rizia/Turn 9/FPnT_IntermerkopumRoundtable,Narrator,en,ラウレントは力強くうなずいて同意の意を示した。
0x010000520005003F,439,176,Rizia/Turn 9/FPnT_IntermerkopumRoundtable,Laurento Esquibel,en,「本日の会議では、この同盟に関する各国の懸念事項を一つずつ検討する時間を設けております。」
0x0100005200050046,439,177,Rizia/Turn 9/FPnT_IntermerkopumRoundtable,Laurento Esquibel,en,「では、どの国から始めましょうか？」
0x010000520005004D,439,178,Rizia/Turn 9/FPnT_IntermerkopumRoundtable,Laurento Esquibel,en,「陛下、ご懸念なさる気持ちは十分に理解できます。ですから今回の会議の時間の一部を割いて、一人ひとりのご心配事を丁寧にお聞きしようと思っております。」
0x0100005200050054,439,179,Rizia/Turn 9/FPnT_IntermerkopumRoundtable,Laurento Esquibel,en,「その間に、この会議の時間の一部を割いて、陛下の個々のご懸念事項を一つずつ検討してまいりました。」
0x0100005200050062,439,181,Rizia/Turn 9/FPnT_IntermerkopumRoundtable,Laurento Esquibel,en,「我々の提案に皆様が満足してくださっていると聞き、大変嬉しく思います。」
0x010000520005006B,439,182,Rizia/Turn 9/FPnT_IntermerkopumRoundtable,Laurento Esquibel,en,「万が一のために、今日の会議のうち一部を割いて、陛下ご自身の懸念事項を一つずつ確認する時間を設けております。」
0x0100005200050075,439,183,Rizia/Turn 9/FPnT_IntermerkopumRoundtable,Player_Romus,en,「アズマル大賢者、これまでのインテルメルコプムに関する条件について、デルディアはどのように考えておられるか？」
0x0100005200050097,439,190,Rizia/Turn 9/FPnT_IntermerkopumRoundtable,Player_Romus,en,「スモラク大統領、ヴェーレンの意見を聞いてみたいのだ。」
0x01000052000500B4,439,194,Rizia/Turn 9/FPnT_IntermerkopumRoundtable,Player_Romus,en,「サルタナ首相、モレラ共和国はどのような懸念を抱いているのか？」
0x01000052000500CD,439,198,Rizia/Turn 9/FPnT_IntermerkopumRoundtable,Player_Romus,en,「ラインハルト・トラス公、パレスはこの同盟に同意するのか？」
0x01000052000500E6,439,202,Rizia/Turn 9/FPnT_IntermerkopumRoundtable,Player_Romus,en,「ラインハルト大公、パレスはこの同盟に同意するのか？」
0x01000052000500F3,439,206,Rizia/Turn 9/FPnT_IntermerkopumRoundtable,Narrator,en,部屋の中は静寂に包まれた。
0x010000520005010A,439,213,Rizia/Turn 9/FPnT_IntermerkopumRoundtable,Jorga Azmal,en,「陛下、残念ながら私を納得させることはできませんでした。」
0x010000520005011C,439,220,Rizia/Turn 9/FPnT_IntermerkopumRoundtable,Wiktor Smolak (R),en,「正直言って、ヴェーレンには疑念があります。」
0x0100005200050126,439,221,Rizia/Turn 9/FPnT_IntermerkopumRoundtable,Narrator,en,彼は椅子にもたれかかった。
0x010000520005012D,439,222,Rizia/Turn 9/FPnT_IntermerkopumRoundtable,Wiktor Smolak (R),en,「陛下、ヴェーレンは大変満足しております。」
0x0100005200050134,439,223,Rizia/Turn 9/FPnT_IntermerkopumRoundtable,Narrator,en,彼は椅子にもたれかかり、にやりと笑った。
0x010000520005013B,439,224,Rizia/Turn 9/FPnT_IntermerkopumRoundtable,Wiktor Smolak (R),en,「私が望むのは、息子に安定した未来を与えることだけです。その未来の基盤を、我々二人で共に築いていきましょう。」
0x0100005200050142,439,225,Rizia/Turn 9/FPnT_IntermerkopumRoundtable,Wiktor Smolak (R),en,「私は我々のジル交渉の結果に大変満足しております。ですが、ここの隣国たちと同様の信頼関係を築く機会はまだ得ていないのです。」
0x0100005200050155,439,232,Rizia/Turn 9/FPnT_IntermerkopumRoundtable,Wiktor Smolak (R),en,「陛下、ロムス王と最高賢者アズマルのおかげで、我々は良い出発を迎えることができました。」
0x010000520005015C,439,233,Rizia/Turn 9/FPnT_IntermerkopumRoundtable,Narrator,en,彼はヨルガ・アズマルをじっと見つめた。
0x0100005200050163,439,234,Rizia/Turn 9/FPnT_IntermerkopumRoundtable,Wiktor Smolak (R),en,「陛下はエネルギー自立についてお話しくださりました。しかし、まだヴェーレンの石油埋蔵量については触れておりません。」
0x0100005200050169,439,235,Rizia/Turn 9/FPnT_IntermerkopumRoundtable,Jorga Azmal,en,「陛下、ご加護があれば、その通りになります。」
0x0100005200050193,439,239,Rizia/Turn 9/FPnT_IntermerkopumRoundtable,Wiktor Smolak (R),en,「陛下が協力について語る際、一度もエネルギーの件には触れませんでした。」
0x010000520005019A,439,240,Rizia/Turn 9/FPnT_IntermerkopumRoundtable,Wiktor Smolak (R),en,「ですが、皆様もご存知の通り、その点においてヴェーレンがどれほど多くのものを提供できるかということです。」
0x01000052000501A2,439,241,Rizia/Turn 9/FPnT_IntermerkopumRoundtable,Wiktor Smolak (R),en,「他の貿易相手国のニーズを満たした後であっても、我々は喜んでインテルメルコプムの各国に高品質な製品を適正な価格で供給いたします。」
0x01000052000501B0,439,245,Rizia/Turn 9/FPnT_IntermerkopumRoundtable,Wiktor Smolak (R),en,「他の国際商業区との取引相手がいない現状では、インテルメルコプムの各国に高品質な製品を割安な価格で供給することを喜んで引き受けます。」
0x01000052000501BE,439,249,Rizia/Turn 9/FPnT_IntermerkopumRoundtable,Narrator,en,パレス大公は顔をしかめた。
0x01000052000501C5,439,250,Rizia/Turn 9/FPnT_IntermerkopumRoundtable,Axel Reinhart,en,「勢いに任せるべきではありません。アウレウス・ガス田の埋蔵量は、我々の小さな同盟が使用するのに十分すぎるほどです。」
0x01000052000501D2,439,254,Rizia/Turn 9/FPnT_IntermerkopumRoundtable,Laurento Esquibel,en,「ヴェゼク石油とアウレウス・ガス田のおかげで、我々の同盟は実にエネルギーに満ち溢れています。」
0x01000052000501D9,439,255,Rizia/Turn 9/FPnT_IntermerkopumRoundtable,Laurento Esquibel,en,「エネルギーは、この同盟がより多く必要とする商品の一つです。」
0x01000052000501E0,439,256,Rizia/Turn 9/FPnT_IntermerkopumRoundtable,Wiktor Smolak (R),en,「リジアやデルディアと既に結んでいる契約と同様の形でです。」
0x01000052000501E6,439,257,Rizia/Turn 9/FPnT_IntermerkopumRoundtable,Wiktor Smolak (R),en,「我々が話しているのは石油です。ガスではありません。」
0x01000052000501ED,439,258,Rizia/Turn 9/FPnT_IntermerkopumRoundtable,Wiktor Smolak (R),en,「陛下、私はインテルメルコプムの各国にヴェゼク石油を供給するためのパイプライン建設を進める際にご助力をお願いしたいのです。まずはデルディアから始めます。」
0x01000052000501F8,439,262,Rizia/Turn 9/FPnT_IntermerkopumRoundtable,Wiktor Smolak (R),en,「我々がすべきことは、それがどこへ向かっているのかを突き止めるだけです。」
0x0100005200050203,439,263,Rizia/Turn 9/FPnT_IntermerkopumRoundtable,Wiktor Smolak (R),en,「インテルメルコプムの各国に対し、ヴェーレンと排他的な石油契約を結ばせたいのです。」
0x0100005200050217,439,270,Rizia/Turn 9/FPnT_IntermerkopumRoundtable,Wiktor Smolak (R),en,「リジアとの間に既に結ばれている契約と同様の形でです。」
0x010000520005021E,439,271,Rizia/Turn 9/FPnT_IntermerkopumRoundtable,Wiktor Smolak (R),en,「デルディアとの間に既に結ばれている契約と同様の形でです。」
0x010000520005022B,439,275,Rizia/Turn 9/FPnT_IntermerkopumRoundtable,Player_Romus,en,「大統領、それはあまりにも過度な要求だ。リジアには考慮すべき独自のエネルギー問題がある。」
0x0100005200050235,439,276,Rizia/Turn 9/FPnT_IntermerkopumRoundtable,Player_Romus,en,「まずは大賢者がそのような計画に同意してくださる必要がある。」
0x010000520005023C,439,277,Rizia/Turn 9/FPnT_IntermerkopumRoundtable,Player_Romus,en,「あなたは、それを必要とも欲しがらない国に自分の石油を無理やり押し付けることはできない。」
0x0100005200050246,439,278,Rizia/Turn 9/FPnT_IntermerkopumRoundtable,Player_Romus,en,「将来的には、これが我々全員にとって大きな利益をもたらす可能性がある。」
0x010000520005024F,439,279,Rizia/Turn 9/FPnT_IntermerkopumRoundtable,Wiktor Smolak (R),en,「過去20年間のヴェーレンの歴史から私が学んだ教訓が一つあるとすれば、それは誰もが石油を欲しがっているということです。」
0x0100005200050256,439,280,Rizia/Turn 9/FPnT_IntermerkopumRoundtable,Wiktor Smolak (R),en,「これが私の条件です、陛下。他の者たちもそれを妥当だと思うでしょう。」
0x010000520005025D,439,281,Rizia/Turn 9/FPnT_IntermerkopumRoundtable,Narrator,en,アズマルはうなずいた。
0x0100005200050265,439,282,Rizia/Turn 9/FPnT_IntermerkopumRoundtable,Wiktor Smolak (R),en,「その通りです。陛下、まさに私の言葉をお使いになっています。」
0x0100005200050273,439,286,Rizia/Turn 9/FPnT_IntermerkopumRoundtable,Narrator,en,アズマルは顔をしかめていた。
0x010000520005027A,439,287,Rizia/Turn 9/FPnT_IntermerkopumRoundtable,Jorga Azmal,en,「もしデルディアがこのような建設の費用を負担しなくて済むのであれば、我々はエネルギー供給を拒否することはありません。」
0x0100005200050281,439,288,Rizia/Turn 9/FPnT_IntermerkopumRoundtable,Jorga Azmal,en,「神は我々に理解の芽を与えてくださった。これがその育成に役立つでしょう。」
0x0100005200050292,439,292,Rizia/Turn 9/FPnT_IntermerkopumRoundtable,Axel Reinhart,en,「陛下、パレスのガス輸出に支障が出ない限り、私はこれに同意いたします。」
0x0100005200050299,439,293,Rizia/Turn 9/FPnT_IntermerkopumRoundtable,Laurento Esquibel,en,「陛下、それは陛下のご決断にかかっております。」
0x01000052000502A7,439,297,Rizia/Turn 9/FPnT_IntermerkopumRoundtable,Player_Romus,en,「こうしよう。リジアがヴェーレンからデルディアへの石油パイプライン建設に資金を提供する。また、他のインテルメルコプム諸国へのガス販売においてもパレスに優先権を与える。」
0x01000052000502A7,439,297,Rizia/Turn 9/FPnT_IntermerkopumRoundtable,Player_Romus,Menu Text en,「こうしよう。リジア王国がヴェーレンからデルディアへの石油パイプライン建設に資金を提供する。また、他のインテルメルコプム諸国へのガス販売においてもパレスに優先権を与える。」 ［予算-4、毎ターン エネルギー-2］
0x01000052000502BB,439,304,Rizia/Turn 9/FPnT_IntermerkopumRoundtable,Player_Romus,en,「ヴェーレンとデルディアを結ぶ石油パイプラインの建設については、我々が支援する。」
0x01000052000502BB,439,304,Rizia/Turn 9/FPnT_IntermerkopumRoundtable,Player_Romus,Menu Text en,「ヴェーレンとデルディアを結ぶ石油パイプラインの建設を支援しよう。」［予算-4］
0x01000052000502C4,439,305,Rizia/Turn 9/FPnT_IntermerkopumRoundtable,Player_Romus,en,「パイプラインの問題については手助けできないが、ヴェゼクの石油販売を円滑に進めるため、我々自身のエネルギー輸出を削減する。」
0x01000052000502C4,439,305,Rizia/Turn 9/FPnT_IntermerkopumRoundtable,Player_Romus,Menu Text en,「パイプラインの問題には手を貸せないが、ヴェゼクの石油販売に対応するため、我々自身のエネルギー輸出を削減する。」［毎ターン エネルギー-1］
0x01000052000502ED,439,315,Rizia/Turn 9/FPnT_IntermerkopumRoundtable,Player_Romus,en,「この取り決めを円滑に進めるため、我々は自国のエネルギー輸出を削減する。」［毎ターン エネルギー-1］
0x01000052000502ED,439,315,Rizia/Turn 9/FPnT_IntermerkopumRoundtable,Player_Romus,Menu Text en,「この取り決めを円滑に進めるため、我々は自国のエネルギー輸出を削減する。」［毎ターン エネルギー-1］
0x01000052000502FC,439,319,Rizia/Turn 9/FPnT_IntermerkopumRoundtable,Player_Romus,en,「我々はヴェゼク石油やパレスのガスの販売に道を開くため、リジアのエネルギー輸出を大幅に削減するつもりだ。」
0x01000052000502FC,439,319,Rizia/Turn 9/FPnT_IntermerkopumRoundtable,Player_Romus,Menu Text en,「リジアのエネルギー輸出を大幅に削減し、ヴェゼク油とパレス産ガスの販売に余地を作る。」［毎ターン エネルギー-2］
0x0100005200050304,439,320,Rizia/Turn 9/FPnT_IntermerkopumRoundtable,Player_Romus,en,「インテルメルコプムにおける誠意の表れとして、我々自身がヴェーレンとの石油取引に同意する。」
0x0100005200050304,439,320,Rizia/Turn 9/FPnT_IntermerkopumRoundtable,Player_Romus,Menu Text en,「インテルメルコプムにおける誠意の表れとして、我々自身がヴェーレンとの石油取引に合意する。」［毎ターン 予算-1、エネルギー+1］
0x0100005200050312,439,324,Rizia/Turn 9/FPnT_IntermerkopumRoundtable,Player_Romus,en,「この要請については、ヴェーレンを助けることはできない。」
0x010000520005031C,439,325,Rizia/Turn 9/FPnT_IntermerkopumRoundtable,Narrator,en,スモラクは口ひげの下で悲しげに微笑んだ。
0x0100005200050323,439,326,Rizia/Turn 9/FPnT_IntermerkopumRoundtable,Wiktor Smolak (R),en,「では、ヴェーレンは除外されますね。」
0x010000520005032A,439,327,Rizia/Turn 9/FPnT_IntermerkopumRoundtable,Wiktor Smolak (R),en,「そして、ジルの帰還に関して我々が結んだ合意を見直さなければならないかもしれません...」
0x0100005200050331,439,328,Rizia/Turn 9/FPnT_IntermerkopumRoundtable,Wiktor Smolak (R),en,「冗談ですよ、もちろん。」
0x010000520005033D,439,329,Rizia/Turn 9/FPnT_IntermerkopumRoundtable,Narrator,en,スモラクとラインハルトは二人とも満足している様子だった。
0x010000520005034C,439,330,Rizia/Turn 9/FPnT_IntermerkopumRoundtable,Axel Reinhart,en,「その案なら受け入れられます、陛下。」
0x0100005200050345,439,334,Rizia/Turn 9/FPnT_IntermerkopumRoundtable,Wiktor Smolak (R),en,「素晴らしいです、陛下！陛下なら必ず解決してくださると信じておりました。」
0x0100005200050369,439,338,Rizia/Turn 9/FPnT_IntermerkopumRoundtable,Narrator,en,ラインハルトの顔には怒りの表情が浮かんでいた。
0x0100005200050379,439,342,Rizia/Turn 9/FPnT_IntermerkopumRoundtable,Narrator,en,ラインハルトの顔には怒りの表情が浮かんでいた。
0x0100005200050382,439,343,Rizia/Turn 9/FPnT_IntermerkopumRoundtable,Axel Reinhart,en,「その案なら受け入れられます、陛下。」
0x0100005200050395,439,348,Rizia/Turn 9/FPnT_IntermerkopumRoundtable,Narrator,en,ラインハルトの顔には怒りの表情が浮かんでいた。
0x01000052000503A3,439,350,Rizia/Turn 9/FPnT_IntermerkopumRoundtable,Wiktor Smolak (R),en,「引き渡しの場でお会いしましょう。国際同盟の交渉、ご成功を祈ります、陛下。」
0x01000052000503AE,439,352,Rizia/Turn 9/FPnT_IntermerkopumRoundtable,Narrator,en,彼は再び立ち上がり、一礼して部屋を出て行った。
0x01000052000503BC,439,356,Rizia/Turn 9/FPnT_IntermerkopumRoundtable,Narrator,en,部屋の中は長い間静まり返っていた。
0x01000052000503C8,439,358,Rizia/Turn 9/FPnT_IntermerkopumRoundtable,Player_Romus,en,「面白いね。実に滑稽だ。」
0x01000052000503CE,439,359,Rizia/Turn 9/FPnT_IntermerkopumRoundtable,Player_Romus,en,「スモラク、これを後悔することになるぞ。」
0x01000052000503D4,439,360,Rizia/Turn 9/FPnT_IntermerkopumRoundtable,Player_Romus,en,「この件を実現できなかったことを、心よりお詫び申し上げる。」
0x01000052000503E4,439,362,Rizia/Turn 9/FPnT_IntermerkopumRoundtable,Narrator,en,長く気まずい沈黙が続いた。
0x01000052000503EB,439,363,Rizia/Turn 9/FPnT_IntermerkopumRoundtable,Laurento Esquibel,en,「ええと……私の考えでは、インテルメルコプム同盟を有意義なものにするのに十分な参加者がまだいます。続けましょう。」
0x01000052000503FC,439,366,Rizia/Turn 9/FPnT_IntermerkopumRoundtable,Player_Romus,en,「今のウィクトル二世は元気にしているか？」
0x0100005200050403,439,367,Rizia/Turn 9/FPnT_IntermerkopumRoundtable,Player_Romus,en,「その未来にルンブルクへの攻撃が含まれない限りだ。」
0x010000520005040A,439,368,Rizia/Turn 9/FPnT_IntermerkopumRoundtable,Player_Romus,en,「大統領、あなた様にご協力いただけて大変嬉しく存じる。」
0x0100005200050416,439,369,Rizia/Turn 9/FPnT_IntermerkopumRoundtable,Wiktor Smolak (R),en,「えっ、何ですか？陛下、私はルンブルクに対する攻撃など一切言っていません。」
0x010000520005041D,439,370,Rizia/Turn 9/FPnT_IntermerkopumRoundtable,Wiktor Smolak (R),en,「私のことはウィクトルと呼んでください。」
0x0100005200050424,439,371,Rizia/Turn 9/FPnT_IntermerkopumRoundtable,Wiktor Smolak (R),en,「とても良いです。先週、彼は初めて文を完結して話すことができました！『西の者どもよ、死ね』です。実に可愛らしいです。」
0x0100005200050430,439,372,Rizia/Turn 9/FPnT_IntermerkopumRoundtable,Laurento Esquibel,en,「スモラク大統領、ご協力いただき感謝します。これより先に進みましょうか？」
0x010000520005043E,439,374,Rizia/Turn 9/FPnT_IntermerkopumRoundtable,Jorga Azmal,en,「すべてに同意いたします。陛下、今日はまことに神が我々に微笑みかけてくださったのです。」
0x0100005200050445,439,375,Rizia/Turn 9/FPnT_IntermerkopumRoundtable,Jorga Azmal,en,「聖ヴルヘック自身が予言された通り、我々の国は偉大な鳳凰のように再び興隆するでしょう、陛下。」
0x010000520005044C,439,376,Rizia/Turn 9/FPnT_IntermerkopumRoundtable,Player_Romus,en,「ハライタ。」
0x0100005200050453,439,377,Rizia/Turn 9/FPnT_IntermerkopumRoundtable,Player_Romus,en,「ヴルヘック教徒であろうとなかろうと、我々は共通の敵と戦うという点で団結しているのだ。」
0x010000520005045A,439,378,Rizia/Turn 9/FPnT_IntermerkopumRoundtable,Player_Romus,en,「超大国は一つしか存在しない。しかしインテルメルコプムもそれに次ぐ強大な力となるだろう。」
0x0100005200050461,439,379,Rizia/Turn 9/FPnT_IntermerkopumRoundtable,Player_Romus,en,「素晴らしい。ありがとう。」
0x0100005200050468,439,380,Rizia/Turn 9/FPnT_IntermerkopumRoundtable,Laurento Esquibel,en,「最高賢者様、我々の同盟へようこそ。長年にわたる孤立を終わらせ、デルディアがついに解放されるのを手助けできて光栄です。」
0x010000520005047D,439,385,Rizia/Turn 9/FPnT_IntermerkopumRoundtable,Jorga Azmal,en,「我々の新しいエネルギーパイプラインは有望な出発点でした……」
0x010000520005048B,439,389,Rizia/Turn 9/FPnT_IntermerkopumRoundtable,Jorga Azmal,en,「しかし、デルディアの大部分は依然として暗闇に包まれています。我々自身の信念は固いものですが、我々を信じる者はほとんどおりません。」
0x0100005200050492,439,390,Rizia/Turn 9/FPnT_IntermerkopumRoundtable,Jorga Azmal,en,「デルディアの多くが依然として無知のままでいることが心配です。我々自身の信念は固いものですが、我々を信じる者はほとんどおりません。」
0x0100005200050499,439,391,Rizia/Turn 9/FPnT_IntermerkopumRoundtable,Jorga Azmal,en,「リジアにお願いしたいのは投資だけです。苦境に立つ我が共和国が、運命づけられたように鳳凰のごとく再興できるよう助けてください。」
0x01000052000504A7,439,395,Rizia/Turn 9/FPnT_IntermerkopumRoundtable,Narrator,en,目の端で、サルタナが首を振っているのが見えた。
0x01000052000504AE,439,396,Rizia/Turn 9/FPnT_IntermerkopumRoundtable,Player_Romus,en,「その投資を賢明に使われるか？それともご自身の宗教的狂信心を煽るために使うおつもりか？」
0x01000052000504B5,439,397,Rizia/Turn 9/FPnT_IntermerkopumRoundtable,Player_Romus,en,「もしデルディアに追加の資金を与えれば、他の国も次々と同じような要求をしてくるだろう。」
0x01000052000504BE,439,398,Rizia/Turn 9/FPnT_IntermerkopumRoundtable,Player_Romus,en,「もし投資をするのであれば、必ず利益が得られるようにしなければならない。」
0x01000052000504C5,439,399,Rizia/Turn 9/FPnT_IntermerkopumRoundtable,Jorga Azmal,en,「陛下、我々の存在はゴルコンド主義だけに限りません。陛下もすでに我々の軍事技術をご覧になっておられます。」
0x01000052000504CC,439,400,Rizia/Turn 9/FPnT_IntermerkopumRoundtable,Jorga Azmal,en,「彼らも陛下もそれぞれ独自の資源を持っております。我々だけがそうではありません。」
0x01000052000504D4,439,401,Rizia/Turn 9/FPnT_IntermerkopumRoundtable,Jorga Azmal,en,「それは言うまでもありません。」
0x01000052000504E8,439,408,Rizia/Turn 9/FPnT_IntermerkopumRoundtable,Jorga Azmal,en,「陛下、私どものエネルギー需要を満たしてくださるほどすでに慈悲深くおられます。これ以上多くを願うつもりはございません。」
0x01000052000504F6,439,409,Rizia/Turn 9/FPnT_IntermerkopumRoundtable,Jorga Azmal,en,「陛下、主の言葉に耳を傾けてください。主がその答えをお示しになります。」
0x01000052000504FD,439,410,Rizia/Turn 9/FPnT_IntermerkopumRoundtable,Player_Romus,en,「主は拒む。私にはあなたを助けることができない。」
0x0100005200050504,439,411,Rizia/Turn 9/FPnT_IntermerkopumRoundtable,Player_Romus,en,「もしリジアに資金があれば、喜んで投資を行うが、現在はそれができない。」
0x010000520005050B,439,412,Rizia/Turn 9/FPnT_IntermerkopumRoundtable,Player_Romus,en,「もしその投資がインテルメルコプムに参加するための自信を与えてくれるのであれば、喜んで資金を提供する。」
0x010000520005050B,439,412,Rizia/Turn 9/FPnT_IntermerkopumRoundtable,Player_Romus,Menu Text en,「もし投資によってインテルメルコプムへ加入する自信が持てるのであれば、喜んで資金を提供する。」［予算-4］
0x0100005200050519,439,416,Rizia/Turn 9/FPnT_IntermerkopumRoundtable,Player_Romus,en,「リジアは既にデルディアのために十分なことをしてきた。あなた方の要求は度を越している。」
0x0100005200050520,439,417,Rizia/Turn 9/FPnT_IntermerkopumRoundtable,Player_Romus,en,「もし投資によってインテルメルコプムへの参加意欲が湧くのであれば、我々の資金はあなたのものだ。」［予算-2］
0x0100005200050520,439,417,Rizia/Turn 9/FPnT_IntermerkopumRoundtable,Player_Romus,Menu Text en,「もし投資によってインテルメルコプムへの参加意欲が湧くのであれば、我々の資金はあなたのものだ。」［予算-2］
0x0100005200050530,439,418,Rizia/Turn 9/FPnT_IntermerkopumRoundtable,Narrator,en,アズマルはうつむいた。
0x0100005200050539,439,419,Rizia/Turn 9/FPnT_IntermerkopumRoundtable,Jorga Azmal,en,「それでは残念ながら、この同盟は結ばれる運命にはなかったのですね。」
0x0100005200050540,439,420,Rizia/Turn 9/FPnT_IntermerkopumRoundtable,Jorga Azmal,en,「どうかデルディアへのご支援に感謝いたします。陛下、いつの日かご自身の真の道を見出せますように。」
0x0100005200050547,439,421,Rizia/Turn 9/FPnT_IntermerkopumRoundtable,Player_Romus,en,「私は既にその道を見つけた。」
0x010000520005054E,439,422,Rizia/Turn 9/FPnT_IntermerkopumRoundtable,Player_Romus,en,「ハライタ。」
0x0100005200050555,439,423,Rizia/Turn 9/FPnT_IntermerkopumRoundtable,Player_Romus,en,「あなたもまた、自分だけの道を見つけられるように。」
0x0100005200050563,439,424,Rizia/Turn 9/FPnT_IntermerkopumRoundtable,Narrator,en,彼は自分のローブをまとって部屋を出て行った。
0x0100005200050574,439,429,Rizia/Turn 9/FPnT_IntermerkopumRoundtable,Narrator,en,ラウレントは悲しげな面持ちで彼が去っていくのを見ていた。
0x0100005200050580,439,431,Rizia/Turn 9/FPnT_IntermerkopumRoundtable,Laurento Esquibel,en,「長期的に見れば、この同盟からデルディアを除外した方が、我々のイメージにとって良い結果になるでしょう。」
0x0100005200050596,439,435,Rizia/Turn 9/FPnT_IntermerkopumRoundtable,Narrator,en,アズマルは自分の席から飛び上がり、地面に跪いて両手を合わせた。
0x010000520005059E,439,436,Rizia/Turn 9/FPnT_IntermerkopumRoundtable,Jorga Azmal,en,「ありがとうございます、陛下！確かに偉大で強力な同盟が築かれることでしょう。」
0x01000052000505A5,439,437,Rizia/Turn 9/FPnT_IntermerkopumRoundtable,Player_Romus,en,「ハライタ。」
0x01000052000505AC,439,438,Rizia/Turn 9/FPnT_IntermerkopumRoundtable,Player_Romus,en,「立ち上がりなさい、大賢者よ。あなたは私と対等の存在だ。」
0x01000052000505B3,439,439,Rizia/Turn 9/FPnT_IntermerkopumRoundtable,Player_Romus,en,「一度に全額をある場所だけで使い果たしてはいけない。」
0x01000052000505BA,439,440,Rizia/Turn 9/FPnT_IntermerkopumRoundtable,Jorga Azmal,en,「陛下、それは過分なお言葉です。」
0x01000052000505C1,439,441,Rizia/Turn 9/FPnT_IntermerkopumRoundtable,Narrator,en,依然として笑顔のまま、彼は再び自分の椅子に戻った。
0x01000052000505C9,439,442,Rizia/Turn 9/FPnT_IntermerkopumRoundtable,Jorga Azmal,en,「いえ、そのようなことはありません。ご覧になればわかります。」
0x01000052000505D7,439,443,Rizia/Turn 9/FPnT_IntermerkopumRoundtable,Laurento Esquibel,en,「最高賢者様、我々の同盟へようこそ。長年にわたる孤立を終わらせ、デルディアがついに解放されるのを手助けできて光栄です。」
0x01000052000505FD,439,451,Rizia/Turn 9/FPnT_IntermerkopumRoundtable,Axel Reinhart,en,「陛下、パレスはリジアと切っても切れない関係にあります。私どもの運命は陛下の運命と同じなのです。」
0x0100005200050604,439,452,Rizia/Turn 9/FPnT_IntermerkopumRoundtable,Axel Reinhart,en,「たとえそれが事実でなくても、この取引を断ることはできません。パレス伯爵も加えてください。」
0x0100005200050629,439,465,Rizia/Turn 9/FPnT_IntermerkopumRoundtable,Axel Reinhart,en,「これを受け入れなければ愚か者です。大公国も含めて計算しましょう。」
0x0100005200050630,439,466,Rizia/Turn 9/FPnT_IntermerkopumRoundtable,Axel Reinhart,en,「しかし、私にも懸念があります。」
0x0100005200050637,439,467,Rizia/Turn 9/FPnT_IntermerkopumRoundtable,Axel Reinhart,en,「私はリジアが自分の大公国を守ってくれると信じていたため、レスピアとの関係を断ち切ったのです。」
0x010000520005063D,439,468,Rizia/Turn 9/FPnT_IntermerkopumRoundtable,Axel Reinhart,en,「それは状況次第でございます、陛下。」
0x010000520005064E,439,472,Rizia/Turn 9/FPnT_IntermerkopumRoundtable,Axel Reinhart,en,「しかし、あなたのインテルメルコプム計画にはそのような条件は含まれていません。」
0x0100005200050655,439,473,Rizia/Turn 9/FPnT_IntermerkopumRoundtable,Axel Reinhart,en,「陛下、ご約束くださった軍事面での支援は良い出発点となりました。」
0x010000520005065C,439,474,Rizia/Turn 9/FPnT_IntermerkopumRoundtable,Axel Reinhart,en,「陛下、パレスの位置と我が国のガス埋蔵量を考えますと、私の大公国は特別な保護が必要だと思われます。」
0x010000520005066A,439,478,Rizia/Turn 9/FPnT_IntermerkopumRoundtable,Axel Reinhart,en,「我々の玄関先にほとんど隣接する場所にアルカシア条約機構基地を設置したのですから、それだけはお返しいただくべきです。」
0x0100005200050677,439,482,Rizia/Turn 9/FPnT_IntermerkopumRoundtable,Axel Reinhart,en,「我々の敷地のすぐそばにコンタナ条約機構基地を設置したのですから、それだけはお返しいただくべきです。」
0x010000520005067E,439,483,Rizia/Turn 9/FPnT_IntermerkopumRoundtable,Player_Romus,en,「もっともだ。パレスの安全を確保するための特別な措置については、話し合う用意がある。」
0x0100005200050687,439,484,Rizia/Turn 9/FPnT_IntermerkopumRoundtable,Player_Romus,en,「パレスが再びリジアと戦争を始めようとしているのに、今度は我々に軍事支援を懇願するだと？なんて厚かましいことだ。」
0x010000520005069C,439,488,Rizia/Turn 9/FPnT_IntermerkopumRoundtable,Player_Romus,en,「我々はあなたに何も負っていない、ラインハルト。傲慢にならないでくれ。」
0x01000052000506A4,439,489,Rizia/Turn 9/FPnT_IntermerkopumRoundtable,Axel Reinhart,en,「これまで我々が経験してきたことを考えれば、陛下は我々にそれだけのご恩返しをなさるべきです。」
0x01000052000506AC,439,490,Rizia/Turn 9/FPnT_IntermerkopumRoundtable,Player_Romus,en,「あなたは1920年代に我々を打ち負かしたのに、今度は軍事支援を懇願してくるとは？状況がまったく逆転したものだ。」
0x01000052000506B3,439,491,Rizia/Turn 9/FPnT_IntermerkopumRoundtable,Narrator,en,アクセルは微笑んだ。
0x01000052000506BA,439,492,Rizia/Turn 9/FPnT_IntermerkopumRoundtable,Axel Reinhart,en,「陛下、そうなさると存じておりました。どうぞ続けてください。」
0x01000052000506C7,439,496,Rizia/Turn 9/FPnT_IntermerkopumRoundtable,Axel Reinhart,en,「私の名はトラスです、忘れないでください。あなた方の王国のために、私は自分の全てを捨てました。」
0x01000052000506CE,439,497,Rizia/Turn 9/FPnT_IntermerkopumRoundtable,Player_Romus,en,「潜在的な侵略者を抑止するために、軍隊を派遣することができる。」
0x01000052000506CE,439,497,Rizia/Turn 9/FPnT_IntermerkopumRoundtable,Player_Romus,Menu Text en,「潜在的な侵略者を抑止するために、軍隊を派遣することができる。」［兵員-500］
0x01000052000506E8,439,507,Rizia/Turn 9/FPnT_IntermerkopumRoundtable,Player_Romus,en,「我々がすでに提供しているものに加え、パレスの防衛のためだけに追加の装備を特別に割り当てる。」
0x01000052000506E8,439,507,Rizia/Turn 9/FPnT_IntermerkopumRoundtable,Player_Romus,Menu Text en,「既に提供しているものに加え、パレスの防衛のためだけに追加の装備を割り当てる。」［装備-1000］
0x01000052000506F0,439,508,Rizia/Turn 9/FPnT_IntermerkopumRoundtable,Player_Romus,en,「我々はパレスの防衛のためだけに、軍事装備の備蓄を用意する。」
0x01000052000506F0,439,508,Rizia/Turn 9/FPnT_IntermerkopumRoundtable,Player_Romus,Menu Text en,「パレスの防衛のためだけに、軍事装備の備蓄を割り当てる。」［装備-1000］
0x01000052000506F8,439,509,Rizia/Turn 9/FPnT_IntermerkopumRoundtable,Player_Romus,en,「我々は軍事力を投入することはできないが、パレスの防衛のために国庫資金を割り当てるつもりだ。」
0x01000052000506F8,439,509,Rizia/Turn 9/FPnT_IntermerkopumRoundtable,Player_Romus,Menu Text en,「軍事力を割くことはできないが、パレス防衛のために国庫資金を確保する。」［予算-1］
0x0100005200050707,439,513,Rizia/Turn 9/FPnT_IntermerkopumRoundtable,Player_Romus,en,「具体的な約束はできない。しかし、もし何らかの衝突が起きた場合には、リジアがパレスの救援に駆けつけることを安心してくれ。」
0x0100005200050713,439,517,Rizia/Turn 9/FPnT_IntermerkopumRoundtable,Narrator,en,アクセルは悲しそうに首を振った。
0x010000520005071B,439,518,Rizia/Turn 9/FPnT_IntermerkopumRoundtable,Axel Reinhart,en,「それで構いましょう。」
0x0100005200050722,439,519,Rizia/Turn 9/FPnT_IntermerkopumRoundtable,Axel Reinhart,en,「単なる言葉に過ぎません、陛下。」
0x0100005200050729,439,520,Rizia/Turn 9/FPnT_IntermerkopumRoundtable,Axel Reinhart,en,「我々が結んだ契約はそのまま有効です。しかし、このインテルメルコプムの件については……我々にとって利益があまりにも少ないのです。」
0x0100005200050730,439,521,Rizia/Turn 9/FPnT_IntermerkopumRoundtable,Axel Reinhart,en,「陛下、あなた方は20年代に我々を征服しようとしました。それなのに我々を傲慢だと言うのですか？」
0x0100005200050737,439,522,Rizia/Turn 9/FPnT_IntermerkopumRoundtable,Axel Reinhart,en,「我々はそれが我々の過失ではないという点で合意したはずだと思っておりました。」
0x010000520005073E,439,523,Rizia/Turn 9/FPnT_IntermerkopumRoundtable,Axel Reinhart,en,「どうぞ、我々を支配してください。あの頃はレスピアの支援があったからこそ、我々は持ちこたえられたのです。」
0x0100005200050745,439,524,Rizia/Turn 9/FPnT_IntermerkopumRoundtable,Axel Reinhart,en,「陛下、どうかお許しください。パレスがいかに脆弱であるかを認めるのは、私にとって容易なことではないことをご存知のはずです。」
0x010000520005074F,439,525,Rizia/Turn 9/FPnT_IntermerkopumRoundtable,Player_Romus,en,「わかった。我々の選択肢について話し合う用意がある。」
0x0100005200050757,439,526,Rizia/Turn 9/FPnT_IntermerkopumRoundtable,Player_Romus,en,「残念だが、あなたには特別な恩恵は与えない。」
0x010000520005075E,439,527,Rizia/Turn 9/FPnT_IntermerkopumRoundtable,Narrator,en,アクセルは悲しそうに首を振った。
0x010000520005076C,439,531,Rizia/Turn 9/FPnT_IntermerkopumRoundtable,Axel Reinhart,en,「ですから、我々にも何かご恩恵を期待することはできません。」
0x0100005200050774,439,532,Rizia/Turn 9/FPnT_IntermerkopumRoundtable,Axel Reinhart,en,「他の皆様にも幸運がありますように。」
0x010000520005077B,439,533,Rizia/Turn 9/FPnT_IntermerkopumRoundtable,Narrator,en,彼は形だけのお辞儀をして去っていった。
0x010000520005079A,439,539,Rizia/Turn 9/FPnT_IntermerkopumRoundtable,Narrator,en,ラウレントは慎重にその部屋の周囲を見回した。
0x01000052000507A0,439,540,Rizia/Turn 9/FPnT_IntermerkopumRoundtable,Laurento Esquibel,en,「他の者たちも先に進みましょうか、陛下？」
0x01000052000507B0,439,542,Rizia/Turn 9/FPnT_IntermerkopumRoundtable,Axel Reinhart,en,「私はこの同盟に参加することを決めました。何があっても、長期間にわたってその中で活動し続けます。」
0x01000052000507B7,439,543,Rizia/Turn 9/FPnT_IntermerkopumRoundtable,Player_Romus,en,「申し訳ない、これ以上お手伝いすることができない。」
0x01000052000507BE,439,544,Rizia/Turn 9/FPnT_IntermerkopumRoundtable,Player_Romus,en,「その気持ちでいればいい、息子よ。」
0x01000052000507C5,439,545,Rizia/Turn 9/FPnT_IntermerkopumRoundtable,Player_Romus,en,「あなたの子がリジア人の王位に就いた時、あなたは私に感謝するだろう。」
0x01000052000507CC,439,546,Rizia/Turn 9/FPnT_IntermerkopumRoundtable,Narrator,en,ラウレントはすぐにうなずいた。
0x01000052000507D5,439,547,Rizia/Turn 9/FPnT_IntermerkopumRoundtable,Laurento Esquibel,en,「ありがとうございます、閣下。インテルメルコプムでのご加入が必ず意義あるものとなりますよう尽力いたします。」
0x01000052000507E1,439,549,Rizia/Turn 9/FPnT_IntermerkopumRoundtable,Narrator,en,アクセルは嬉しそうににっこりした。
0x01000052000507E7,439,550,Rizia/Turn 9/FPnT_IntermerkopumRoundtable,Axel Reinhart,en,「それで十分です。」
0x0100005200050803,439,554,Rizia/Turn 9/FPnT_IntermerkopumRoundtable,Player_Romus,en,「素晴らしい。あなたが私を失望させないことは分かっていた。」
0x010000520005080A,439,555,Rizia/Turn 9/FPnT_IntermerkopumRoundtable,Player_Romus,en,「あなたはこれを後悔することはないだろう、あなた様。」
0x0100005200050819,439,556,Rizia/Turn 9/FPnT_IntermerkopumRoundtable,Player_Romus,en,「言うまでもなく、我々の好意が報われることを願っている。」
0x0100005200050822,439,557,Rizia/Turn 9/FPnT_IntermerkopumRoundtable,Player_Romus,en,「その気持ちでいればいい、息子よ。」
0x010000520005082A,439,558,Rizia/Turn 9/FPnT_IntermerkopumRoundtable,Laurento Esquibel,en,「はい、ありがとうございます、閣下。必ずやインテルメルコプムへのご加入を有意義なものにしてみせます。」
0x010000520005084F,439,567,Rizia/Turn 9/FPnT_IntermerkopumRoundtable,Alma Saltana,en,「いえ、{RiziaDLCText.SaltanaToPlayer}です。」
0x0100005200050856,439,568,Rizia/Turn 9/FPnT_IntermerkopumRoundtable,Narrator,en,彼女はテーブルの周りをじっくりと見回した。
0x010000520005085D,439,569,Rizia/Turn 9/FPnT_IntermerkopumRoundtable,Alma Saltana,en,「少なくとも、この新たな同盟における陛下の王国の役割については何の懸念もありません。」
0x0100005200050864,439,570,Rizia/Turn 9/FPnT_IntermerkopumRoundtable,Narrator,en,彼女はテーブルの周りをじっくりと見回した。
0x010000520005086C,439,571,Rizia/Turn 9/FPnT_IntermerkopumRoundtable,Alma Saltana,en,「その協定の骨子は理にかなっております。」
0x0100005200050873,439,572,Rizia/Turn 9/FPnT_IntermerkopumRoundtable,Alma Saltana,en,「ですが、我々の思想面での一致については懸念を抱いております。」
0x010000520005087A,439,573,Rizia/Turn 9/FPnT_IntermerkopumRoundtable,Player_Romus,en,「他の国のことを好きになる必要はない。これは単純明快で実用的な協定に過ぎない。」
0x0100005200050881,439,574,Rizia/Turn 9/FPnT_IntermerkopumRoundtable,Player_Romus,en,「もし意見の相違が生じたら、以前と同様に、リジアが調停してくれるはずだ。」
0x010000520005088E,439,578,Rizia/Turn 9/FPnT_IntermerkopumRoundtable,Player_Romus,en,「サルタナ様、ご参加いただけることを大変嬉しく思う。」
0x0100005200050895,439,579,Rizia/Turn 9/FPnT_IntermerkopumRoundtable,Player_Romus,en,「私を信じてくれ。長期的に見れば、コンタナ条約機構と手を組むことの方があなたにとってはるかに悪い結果を招く。」
0x010000520005089C,439,580,Rizia/Turn 9/FPnT_IntermerkopumRoundtable,Laurento Esquibel,en,「首相閣下、ありがとうございます。我々は陛下と他のインテルメルコプム加盟国との間に信頼を築くため、全力を尽くします。」
0x01000052000508AB,439,582,Rizia/Turn 9/FPnT_IntermerkopumRoundtable,Player_Romus,en,「何を言っているのか？私があなたの側にいることはわかっているだろう。」
0x01000052000508B8,439,586,Rizia/Turn 9/FPnT_IntermerkopumRoundtable,Player_Romus,en,「サルタナ様、協力するために必ずしも同じ政治的見解を持つ必要はない。」
0x01000052000508BF,439,587,Rizia/Turn 9/FPnT_IntermerkopumRoundtable,Player_Romus,en,「あなたのその懸念を和らげるために、我々は何ができるだろうか？」
0x01000052000508C6,439,588,Rizia/Turn 9/FPnT_IntermerkopumRoundtable,Player_Romus,en,「私がこれまであなた方に与えてきたものすべてがあるのに、我々の思想の一致について心配するとは？」
0x01000052000508CC,439,589,Rizia/Turn 9/FPnT_IntermerkopumRoundtable,Alma Saltana,en,「君主制として許される限りにおいてです。」
0x01000052000508D3,439,590,Rizia/Turn 9/FPnT_IntermerkopumRoundtable,Alma Saltana,en,「しかし、道徳観というものは共有していなければなりません。」
0x01000052000508DA,439,591,Rizia/Turn 9/FPnT_IntermerkopumRoundtable,Alma Saltana,en,「陛下がお尋ねになられましたので…」
0x01000052000508E2,439,592,Rizia/Turn 9/FPnT_IntermerkopumRoundtable,Alma Saltana,en,「陛下、解決すべき具体的な懸念が一つございます。」
0x01000052000508E9,439,593,Rizia/Turn 9/FPnT_IntermerkopumRoundtable,Alma Saltana,en,「陛下、あなた様は政府に抗議したというだけの罪で多くの民間人を不当に投獄されました。」
0x01000052000508F9,439,597,Rizia/Turn 9/FPnT_IntermerkopumRoundtable,Alma Saltana,en,「陛下、あなたの父上は、あなたの政府に抗議したというだけの罪を持つ多くの民間人たちを不当に投獄されました。」
0x0100005200050900,439,598,Rizia/Turn 9/FPnT_IntermerkopumRoundtable,Alma Saltana,en,「それは、多くの平和的な反対派を投獄したあなたの父ヴァレロの厳しい政策が続いているだけです。陛下」
0x0100005200050907,439,599,Rizia/Turn 9/FPnT_IntermerkopumRoundtable,Alma Saltana,en,「これらの政治犯を解放してくだされば、直ちにインテルメルコプム宣言に署名いたします。」
0x010000520005090F,439,600,Rizia/Turn 9/FPnT_IntermerkopumRoundtable,Player_Romus,en,「それは不公平な要求だ。あなたには、これらの者たちが何をしたのか分からないはずだ。」
0x0100005200050915,439,601,Rizia/Turn 9/FPnT_IntermerkopumRoundtable,Alma Saltana,en,「これらの政治犯を解放してくだされば、直ちにインテルメルコプム宣言に署名いたします。」
0x010000520005091D,439,602,Rizia/Turn 9/FPnT_IntermerkopumRoundtable,Alma Saltana,en,「陛下、リジア政府が過剰な反応を示したことは承知しております。」
0x0100005200050924,439,603,Rizia/Turn 9/FPnT_IntermerkopumRoundtable,Player_Romus,en,「私の意志次第であれば彼らを解放する。だが、父上の遺志を尊重しないようなことはしたくない。」
0x010000520005092C,439,604,Rizia/Turn 9/FPnT_IntermerkopumRoundtable,Player_Romus,en,「それはできない。そうすれば私が弱い者に見えてしまうから。」
0x0100005200050934,439,605,Rizia/Turn 9/FPnT_IntermerkopumRoundtable,Player_Romus,en,「それは確かに良い考えだ。我々は近代的な君主制国家だから、政策を好まない者たちを無闇に投獄するべきではない。」
0x010000520005093C,439,606,Rizia/Turn 9/FPnT_IntermerkopumRoundtable,Alma Saltana,en,「ええ……その通りです。まさにそうでございます。」
0x0100005200050943,439,607,Rizia/Turn 9/FPnT_IntermerkopumRoundtable,Alma Saltana,en,「民からの健全な異論さえ許せない者は、弱い指導者に他なりません。」
0x010000520005094A,439,608,Rizia/Turn 9/FPnT_IntermerkopumRoundtable,Alma Saltana,en,「パレス大公がこの部屋にいるという事実は、もし陛下のお父上がまだ生きておられたなら、その尊厳を深く傷つける行為であったでしょう。」
0x0100005200050957,439,612,Rizia/Turn 9/FPnT_IntermerkopumRoundtable,Alma Saltana,en,「陛下、ご父上であれば時代が変わることを理解されていたはずです。」
0x0100005200050968,439,616,Rizia/Turn 9/FPnT_IntermerkopumRoundtable,Wiktor Smolak (R),en,「陛下、これは馬鹿げております！この女性にあなた様が振り回されるつもりですか？」
0x0100005200050975,439,620,Rizia/Turn 9/FPnT_IntermerkopumRoundtable,Jorga Azmal,en,「陛下、この蛇の言葉に惑わされてはいけません。ご自身の王国のために最善のことをなさってください。」
0x0100005200050981,439,621,Rizia/Turn 9/FPnT_IntermerkopumRoundtable,Axel Reinhart,en,「陛下、革命家たちがあなたの国にも私の国にもどれほどの被害をもたらしたかご存知でしょう。決してこの要求に屈することはないはずです。」
0x01000052000509A6,439,628,Rizia/Turn 9/FPnT_IntermerkopumRoundtable,Player_Romus,en,「サルタナ首相、あなたの条件に同意する。私はヴァレロ王によって投獄された政治犯たちを解放いたしよう。」
0x01000052000509A6,439,628,Rizia/Turn 9/FPnT_IntermerkopumRoundtable,Player_Romus,Menu Text en,「サルタナ首相、あなたの条件に同意する。ヴァレロ王によって投獄された政治犯たちを解放しよう。」［権威-1］
0x01000052000509AD,439,629,Rizia/Turn 9/FPnT_IntermerkopumRoundtable,Player_Romus,en,「申し訳ない、サルタナ様。しかし、あなたのご要望には応じられない。」
0x01000052000509BC,439,630,Rizia/Turn 9/FPnT_IntermerkopumRoundtable,Player_Romus,en,「首相閣下のお望みの通りにいたしよう。投獄されているすべての抗議者たちを釈放し、大規模な恩赦を与える。」
0x01000052000509BC,439,630,Rizia/Turn 9/FPnT_IntermerkopumRoundtable,Player_Romus,Menu Text en,「お望みの通りにいたしよう、首相閣下。投獄されている抗議者全員を釈放し、大規模な恩赦を与える。」［権威-2、大規模な政治恩赦の勅令］
0x01000052000509C4,439,631,Rizia/Turn 9/FPnT_IntermerkopumRoundtable,Narrator,en,彼女は立ち上がり、椅子を後ろに押しやった。
0x01000052000509CB,439,632,Rizia/Turn 9/FPnT_IntermerkopumRoundtable,Alma Saltana,en,「では、モレラなしでこの同盟を締結しなければなりませんね。」
0x01000052000509D2,439,633,Rizia/Turn 9/FPnT_IntermerkopumRoundtable,Alma Saltana,en,「もちろん、MITZに関する事柄については引き続き密接な連絡を取り合ってまいります。」
0x01000052000509D9,439,634,Rizia/Turn 9/FPnT_IntermerkopumRoundtable,Alma Saltana,en,「皆様、良いお日柄です。」
0x01000052000509F3,439,640,Rizia/Turn 9/FPnT_IntermerkopumRoundtable,Narrator,en,ラウレントは、彼女が去るのを待ってから口を開いた。
0x01000052000509F9,439,641,Rizia/Turn 9/FPnT_IntermerkopumRoundtable,Laurento Esquibel,en,「陛下、それは賢明なご決断です。あの方は要求が過度でした。」
0x0100005200050A43,439,645,Rizia/Turn 9/FPnT_IntermerkopumRoundtable,Alma Saltana,en,「結構です。」
0x0100005200050A4A,439,646,Rizia/Turn 9/FPnT_IntermerkopumRoundtable,Alma Saltana,en,「陛下のご厚意に、心より感謝申し上げます。」
0x0100005200050A52,439,647,Rizia/Turn 9/FPnT_IntermerkopumRoundtable,Alma Saltana,en,「私を真剣に受け止めてくださり、ありがとうございます。この場にいる他の何人かとは違って。」
0x0100005200050A60,439,648,Rizia/Turn 9/FPnT_IntermerkopumRoundtable,Laurento Esquibel,en,「首相閣下、ありがとうございます。陛下と他のインテルメルコプム加盟国との間に信頼を築けるよう、全力を尽くします。」
0x0100005200050A84,439,659,Rizia/Turn 9/FPnT_IntermerkopumRoundtable,Wiktor Smolak (R),en,「ここまで参りました、陛下。リジアとヴェーレンが全世界に立ち向かいます。」
0x0100005200050A8B,439,660,Rizia/Turn 9/FPnT_IntermerkopumRoundtable,Jorga Azmal,en,「今は陛下、私、そして主だけがいるのです。」
0x0100005200050A92,439,661,Rizia/Turn 9/FPnT_IntermerkopumRoundtable,Alma Saltana,en,「それから、二人いました。」
0x0100005200050A99,439,662,Rizia/Turn 9/FPnT_IntermerkopumRoundtable,Axel Reinhart,en,「陛下、あなたの大同盟計画というのは結局これですか？どうせ縛り合わされているだけの二国ですね？」
0x0100005200050AA7,439,666,Rizia/Turn 9/FPnT_IntermerkopumRoundtable,Axel Reinhart,en,「陛下、あなたのGRACEという壮大な計画も結局はこういう有様ですか？まったく、陛下、私ならGRACEに加わっていた方がましだったでしょう。」
0x0100005200050AAE,439,667,Rizia/Turn 9/FPnT_IntermerkopumRoundtable,Narrator,en,彼は笑い始めた。
0x0100005200050AB6,439,668,Rizia/Turn 9/FPnT_IntermerkopumRoundtable,Player_Romus,en,「この計画を信じてくださり、感謝する。他の誰もそうしなかったとしてもだ。」
0x0100005200050ABD,439,669,Rizia/Turn 9/FPnT_IntermerkopumRoundtable,Player_Romus,en,「あなたの時間を無駄にしてしまって、申し訳ない。」
0x0100005200050AC4,439,670,Rizia/Turn 9/FPnT_IntermerkopumRoundtable,Player_Romus,en,「どんな状況であっても、ヴェーレンを同盟国と呼べることを誇りに思う。」
0x0100005200050ACB,439,671,Rizia/Turn 9/FPnT_IntermerkopumRoundtable,Player_Romus,en,「この計画を信じてくださり、感謝する。他の誰もそうしなかったとしてもだ。」
0x0100005200050AD1,439,672,Rizia/Turn 9/FPnT_IntermerkopumRoundtable,Player_Romus,en,「あなたの時間を無駄にしてしまって、申し訳ない。」
0x0100005200050AD7,439,673,Rizia/Turn 9/FPnT_IntermerkopumRoundtable,Player_Romus,en,「何があっても、デルディアを同盟国と呼べることを誇りに思う。」
0x0100005200050AE0,439,674,Rizia/Turn 9/FPnT_IntermerkopumRoundtable,Player_Romus,en,「この計画を信じてくださり、感謝する。他の誰もそうしなかったとしてもだ。」
0x0100005200050AE6,439,675,Rizia/Turn 9/FPnT_IntermerkopumRoundtable,Player_Romus,en,「あなたの時間を無駄にしてしまって、申し訳ない。」
0x0100005200050AEC,439,676,Rizia/Turn 9/FPnT_IntermerkopumRoundtable,Player_Romus,en,「どんな状況であれ、モレラを同盟国と呼べることを誇りに思う。」
0x0100005200050AF5,439,677,Rizia/Turn 9/FPnT_IntermerkopumRoundtable,Player_Romus,en,「この計画を信じてくださり、感謝する。他の誰もそうしなかったとしてもだ。」
0x0100005200050AFB,439,678,Rizia/Turn 9/FPnT_IntermerkopumRoundtable,Player_Romus,en,「あなたの時間を無駄にしてしまって、申し訳ない。」
0x0100005200050B01,439,679,Rizia/Turn 9/FPnT_IntermerkopumRoundtable,Player_Romus,en,「何があっても、長年にわたりパレスが我々の側にいてくれることを誇りに思う。」
0x0100005200050B10,439,680,Rizia/Turn 9/FPnT_IntermerkopumRoundtable,Wiktor Smolak (R),en,「とんでもありません。お気に入りの隣国を訪れる良い口実ですから。」
0x0100005200050B16,439,681,Rizia/Turn 9/FPnT_IntermerkopumRoundtable,Wiktor Smolak (R),en,「陛下、アザロ家の者たちは私のようにあなたのことを知りません。我々は運命で結ばれた存在です。」
0x0100005200050B1E,439,682,Rizia/Turn 9/FPnT_IntermerkopumRoundtable,Wiktor Smolak (R),en,「どうか、我々にパレスに軍を派遣するよう頼まないでください。」
0x0100005200050B2B,439,686,Rizia/Turn 9/FPnT_IntermerkopumRoundtable,Wiktor Smolak (R),en,「私も同じだ。」
0x0100005200050B32,439,687,Rizia/Turn 9/FPnT_IntermerkopumRoundtable,Wiktor Smolak (R),en,「ジルでの引き渡しの場でお会いしましょう。」
0x0100005200050B3C,439,688,Rizia/Turn 9/FPnT_IntermerkopumRoundtable,Narrator,en,彼は私と手を握った後、ラウレントに案内させてドアまで行ってしまった。
0x0100005200050B44,439,689,Rizia/Turn 9/FPnT_IntermerkopumRoundtable,Jorga Azmal,en,「陛下、もし信念がなければ、我々に何が残るというのでしょうか？」
0x0100005200050B4B,439,690,Rizia/Turn 9/FPnT_IntermerkopumRoundtable,Jorga Azmal,en,「リジアで過ごす時間は無駄になりません。こちらにいる間にプラヴォへ向かいます。」
0x0100005200050B52,439,691,Rizia/Turn 9/FPnT_IntermerkopumRoundtable,Jorga Azmal,en,「今この瞬間から永遠に。」
0x0100005200050B67,439,692,Rizia/Turn 9/FPnT_IntermerkopumRoundtable,Alma Saltana,en,「陛下、集められた面々を見てください。そんな連中では決してうまくいきませんでした。」
0x0100005200050B6D,439,693,Rizia/Turn 9/FPnT_IntermerkopumRoundtable,Alma Saltana,en,「試してみる価値はありました。」
0x0100005200050B73,439,694,Rizia/Turn 9/FPnT_IntermerkopumRoundtable,Alma Saltana,en,「私も同じです。ある程度においては。」
0x0100005200050B7C,439,695,Rizia/Turn 9/FPnT_IntermerkopumRoundtable,Axel Reinhart,en,「ええ、私はただ流れに身を任せているだけです。」
0x0100005200050B82,439,696,Rizia/Turn 9/FPnT_IntermerkopumRoundtable,Axel Reinhart,en,「いえ、とても興味深かったです。隣国の人々と知り合う機会は常に貴重ですね。」
0x0100005200050B88,439,697,Rizia/Turn 9/FPnT_IntermerkopumRoundtable,Axel Reinhart,en,「陛下と私もです。」
0x0100005200050B94,439,698,Rizia/Turn 9/FPnT_IntermerkopumRoundtable,Narrator,en,彼女は私と手を握った後、ラウレントに案内されてドアへ向かった。
0x0100005200050B9E,439,699,Rizia/Turn 9/FPnT_IntermerkopumRoundtable,Narrator,en,彼は私と手を握った後、ラウレントに案内させてドアまで行ってしまった。
0x0100005200050BA8,439,700,Rizia/Turn 9/FPnT_IntermerkopumRoundtable,Narrator,en,私の地域連盟を築く計画は失敗に終わった。
0x0100005200050BB4,439,704,Rizia/Turn 9/FPnT_IntermerkopumRoundtable,Narrator,en,しかし私は長く傷を癒すことができなかった。リジアには勝たなければならない戦争があったのだ。
0x0100005200050BBB,439,705,Rizia/Turn 9/FPnT_IntermerkopumRoundtable,Narrator,en,私は、自分の王国も同じ運命をたどらないことを願っていた。
0x0100005200050BF8,439,706,Rizia/Turn 9/FPnT_IntermerkopumRoundtable,Laurento Esquibel,en,「それで決まりです。我々の間に同盟が結ばれました。」
0x0100005200050BFF,439,707,Rizia/Turn 9/FPnT_IntermerkopumRoundtable,Player_Romus,en,「この日は歴史に刻まれるだろう。」
0x0100005200050C06,439,708,Rizia/Turn 9/FPnT_IntermerkopumRoundtable,Player_Romus,en,「私は、これを義姉の顔に向かって見せつけるのが待ちきれない。もちろん、王としてな。」
0x0100005200050C0D,439,709,Rizia/Turn 9/FPnT_IntermerkopumRoundtable,Player_Romus,en,「インテルメルコプムの諸国よ、団結せよ！」
0x0100005200050C14,439,710,Rizia/Turn 9/FPnT_IntermerkopumRoundtable,Player_Romus,en,「実を言うと、もっと大きくなることを期待していた。だが、これだけでも十分な偉業だ。」
0x0100005200050C21,439,714,Rizia/Turn 9/FPnT_IntermerkopumRoundtable,Player_Romus,en,「私の構想にご賛同いただき、皆様に心より感謝申し上げる。」
0x0100005200050C28,439,715,Rizia/Turn 9/FPnT_IntermerkopumRoundtable,Narrator,en,他の者たちは丁寧に笑った。
0x0100005200050C2F,439,716,Rizia/Turn 9/FPnT_IntermerkopumRoundtable,Narrator,en,他の者たちは拍手をした。
0x0100005200050C39,439,717,Rizia/Turn 9/FPnT_IntermerkopumRoundtable,Laurento Esquibel,en,「今日我々が話し合った各項目は間もなく正式に定められます。しかし今のところ、皆様が署名していただくための公式な意向表明文を用意しました。」
0x0100005200050C41,439,718,Rizia/Turn 9/FPnT_IntermerkopumRoundtable,Narrator,en,彼はテーブルの上で羊皮紙の巻物を広げた。
0x0100005200050C48,439,719,Rizia/Turn 9/FPnT_IntermerkopumRoundtable,Narrator,en,その文書の見出しには「1957年インテルメルコプム宣言」と書かれていた。
0x0100005200050C4F,439,720,Rizia/Turn 9/FPnT_IntermerkopumRoundtable,Narrator,en,私の仲間たちは一人ずつテーブルの先頭まで行き、文書に署名した。
0x0100005200050C5C,439,724,Rizia/Turn 9/FPnT_IntermerkopumRoundtable,Wiktor Smolak (R),en,「陛下、この度は取引をさせていただき、大変光栄でございました。」
0x0100005200050C6F,439,725,Rizia/Turn 9/FPnT_IntermerkopumRoundtable,Narrator,en,ヴィクトル・スモラクは万年筆を手に取り、見事な筆致で自分の名前を署名した。
0x0100005200050C82,439,730,Rizia/Turn 9/FPnT_IntermerkopumRoundtable,Alma Saltana,en,「これまでのご尽力に、改めて感謝申し上げます、{RiziaDLCText.SaltanaToPlayer}陛下。」
0x0100005200050C8E,439,731,Rizia/Turn 9/FPnT_IntermerkopumRoundtable,Narrator,en,アルマ・サルタナは自分の名前を整然とした太字で印刷した。
0x0100005200050C9A,439,733,Rizia/Turn 9/FPnT_IntermerkopumRoundtable,Jorga Azmal,en,「我々は聖ルヘックの古来の地を統一しているのです。主が予言された通りに。」
0x0100005200050CA8,439,737,Rizia/Turn 9/FPnT_IntermerkopumRoundtable,Narrator,en,彼は自分の名前に署名し、その周りに六つの星を描いた。
0x0100005200050CB4,439,739,Rizia/Turn 9/FPnT_IntermerkopumRoundtable,Axel Reinhart,en,「素晴らしいです、陛下。もうすぐ夕食会を開き、お祝いしましょう。」
0x0100005200050CC8,439,746,Rizia/Turn 9/FPnT_IntermerkopumRoundtable,Axel Reinhart,en,「素晴らしいです、陛下。お好きな時にパレスで祝賀をしてください。」
0x0100005200050CD5,439,747,Rizia/Turn 9/FPnT_IntermerkopumRoundtable,Narrator,en,アクセルはページの一番下に自分の署名を書き残した。
0x0100005200050CE2,439,749,Rizia/Turn 9/FPnT_IntermerkopumRoundtable,Narrator,en,私はゆっくりとテーブルの先端まで歩いて行き、ペンを手に取った。
0x0100005200050CEA,439,750,Rizia/Turn 9/FPnT_IntermerkopumRoundtable,Player_Romus_Italic,en,私は羊皮紙の空いている場所を見つけ、そこに自分の名前を書き込んだ。
0x0100005200050CEA,439,750,Rizia/Turn 9/FPnT_IntermerkopumRoundtable,Player_Romus_Italic,Menu Text en,ロムス・トラス王として署名する
0x0100005200050CF2,439,751,Rizia/Turn 9/FPnT_IntermerkopumRoundtable,Player_Romus_Italic,en,私は羊皮紙の空いている場所を見つけ、そこに「偉大な統一者ロムス」と書き記した。
0x0100005200050CF2,439,751,Rizia/Turn 9/FPnT_IntermerkopumRoundtable,Player_Romus_Italic,Menu Text en,「偉大な統一者ロムス」として署名する
0x0100005200050CFA,439,752,Rizia/Turn 9/FPnT_IntermerkopumRoundtable,Player_Romus_Italic,en,皆は私が宣言書に署名を終えるのを辛抱強く待っていた。
0x0100005200050CFA,439,752,Rizia/Turn 9/FPnT_IntermerkopumRoundtable,Player_Romus_Italic,Menu Text en,「リジア・インペリイ、ヴァレンキリス、ブレナス、カルデッセ、モンタクラルの統治者であり、最も高貴なリザ女王とヴァレロ王の子孫であるレゼニド家の古き地々、そしてリジア王国の君主であるリジア王 ロムス・トラス」として署名する
0x0100005200050D02,439,753,Rizia/Turn 9/FPnT_IntermerkopumRoundtable,Narrator,en,私はインテルメルコプムの他の指導者たちと共に立ち、我々が作り上げたものを眺めていた。
0x0100005200050D0B,439,754,Rizia/Turn 9/FPnT_IntermerkopumRoundtable,Narrator,en,すべてが完了した。南メルコパ地域連盟を築くという私の野心は実現したのだった。
0x0100005200050D18,439,758,Rizia/Turn 9/FPnT_IntermerkopumRoundtable,Narrator,en,しかし、私はまだ勝たなければならない戦争があった。
0x0100005200050D1F,439,759,Rizia/Turn 9/FPnT_IntermerkopumRoundtable,Narrator,en,今、私がすべきことはベアトリス女王にそのことを伝えるだけだった。
0x0100005200050DBE,439,786,Rizia/Turn 9/FPnT_IntermerkopumRoundtable,Narrator,en,私の同席者たちは不安そうな目で私を見つめていた。
0x0100005200050DC5,439,787,Rizia/Turn 9/FPnT_IntermerkopumRoundtable,Player_Romus,en,「私はあなたに、リジアがパレスに対して行う戦争に加わってほしいとは思っていない。だが必要となった時には、我々の両国が互いに守り合うことを期待している。」
0x0100005200050DD1,439,789,Rizia/Turn 9/FPnT_IntermerkopumRoundtable,Player_Romus,en,「パレスにおける我が軍の強さは、必要とあらばあなた方の国を守るのに十分な力があることを証明している。」
0x0100005200050DD8,439,790,Rizia/Turn 9/FPnT_IntermerkopumRoundtable,Player_Romus,en,「友よ、戦争の気配が漂っている。遅かれ早かれ、我々全員に訪れるだろう。」
0x0100005200050DDF,439,791,Rizia/Turn 9/FPnT_IntermerkopumRoundtable,Player_Romus,en,「パレスを打ち負かした後であれば、私は大量の軍事装備を提供し、共通のインテルメルコプム兵器庫を構築することができるだろう。」
0x0100005200050DE8,439,792,Rizia/Turn 9/FPnT_IntermerkopumRoundtable,Player_Romus,en,「もしパレスがリジアを侵略してきた場合、皆さんにも戦いに加わってほしいと思う。」
0x0100005200050DF4,439,793,Rizia/Turn 9/FPnT_IntermerkopumRoundtable,Narrator,en,ラウレントは緊張してペンをいじり続けていた。
0x010000AF00001C83,439,848,Rizia/Turn 9/FPnT_IntermerkopumRoundtable,Player_Romus,en,「我々は自らのデルディア人用ミサイルシステムを共同で使用させることで、パレスの領土安全を保障することができる。」
0x010000BE000044C7,439,855,Rizia/Turn 9/FPnT_IntermerkopumRoundtable,Narrator,en,私の同席者たちの表情には、誇りと躊躇が入り混じっていた。
0x010000BE000044CF,439,856,Rizia/Turn 9/FPnT_IntermerkopumRoundtable,Laurento Esquibel,en,「今……陛下、この度の我が王国での騒動について、ご心配を抱かれている方もいらっしゃることは承知しております。今日こうして皆様がお越しくださったことは、秩序回復の能力への信頼の表れだと考えております。」
0x010000BE000044DC,439,860,Rizia/Turn 9/FPnT_IntermerkopumRoundtable,Wiktor Smolak (R),en,「ええ、もちろんです。わずかな革命活動というのは、スープに少しパプリカを加えるようなものです。それがなければ料理はつまらないものになってしまいます。」
0x010000BE000044E3,439,861,Rizia/Turn 9/FPnT_IntermerkopumRoundtable,Wiktor Smolak (R),en,「陛下が状況をうまくコントロールしておられる限り、もちろんです。」
0x010000BE000044F7,439,865,Rizia/Turn 9/FPnT_IntermerkopumRoundtable,Alma Saltana,en,「実のところ、私には大きな懸念があります。ですが、リジアの提案には耳を傾ける用意がございます。」
0x010000BE00004505,439,869,Rizia/Turn 9/FPnT_IntermerkopumRoundtable,Jorga Azmal,en,「ごく少数の異教徒たちが陛下のヴルヘック教の実施を妨げようとするのは当然のことです。彼らは自分たちの過ちに気づくでしょう。」
0x010000BE00004512,439,873,Rizia/Turn 9/FPnT_IntermerkopumRoundtable,Jorga Azmal,en,「陛下がヴルヘック教の伝統から逸脱されることで反対意見が出るのは当然のことです。しかし、何らかの折り合いがつくものと信じております。」
0x010000BE00004529,439,877,Rizia/Turn 9/FPnT_IntermerkopumRoundtable,Narrator,en,私はアクセルの方を見た。彼はただ頷くだけだった。
0x010000BE0000454B,439,883,Rizia/Turn 9/FPnT_IntermerkopumRoundtable,Alma Saltana,en,「リジアが政治犯たちに恩赦を与えたのは、前進として良い措置でした。」
0x010000BE0000455E,439,887,Rizia/Turn 9/FPnT_IntermerkopumRoundtable,Alma Saltana,en,「しかし、特に最近相次いで行われている逮捕の状況を考えますと、陛下の勅令の中に削除してほしい条項が一つございます。」
0x010000BE00004565,439,888,Rizia/Turn 9/FPnT_IntermerkopumRoundtable,Alma Saltana,en,「しかし、陛下のご命令にはでたらめな『反逆罪』を理由に平和的な抗議者たちが再び逮捕されるような抜け道が残っております。」
0x010000BE0000456C,439,889,Rizia/Turn 9/FPnT_IntermerkopumRoundtable,Alma Saltana,en,「恩赦を受けた者は必ず王室に忠誠を誓い、国家の法と秩序を守ることを約束しなければならない。もし彼らの中に反逆罪やその他の重罪の罪がある者が見つかった場合、最も厳しい刑事罰が科せられるだろう。」
0x010000BE00004574,439,890,Rizia/Turn 9/FPnT_IntermerkopumRoundtable,Player_Romus,en,「私もとっくにその法令の部分は気に入っていなかった。削除させる。」
0x010000BE00004574,439,890,Rizia/Turn 9/FPnT_IntermerkopumRoundtable,Player_Romus,Menu Text en,「どうせ、その法令の部分は最初から気に入っていなかった。削除させよう。」［権威-1］
0x010000BE00004582,439,894,Rizia/Turn 9/FPnT_IntermerkopumRoundtable,Player_Romus,en,「これらの者たちは罪を犯した、首相閣下。彼らに何度でも同じことを繰り返す許可を与えるべきだとおっしゃるのか？」
0x010000BE00004589,439,895,Rizia/Turn 9/FPnT_IntermerkopumRoundtable,Alma Saltana,en,「私としては、自国の政府に対する異議申し立てなど、そもそも犯罪と見なされるべきではないと考えています。」
0x010000BE00004590,439,896,Rizia/Turn 9/FPnT_IntermerkopumRoundtable,Player_Romus,en,「あなたはリジア人の法律についてよく研究したようだね。」
0x010000BE0000459D,439,898,Rizia/Turn 9/FPnT_IntermerkopumRoundtable,Alma Saltana,en,「我々の国は国境で接しております。陛下の政治的自由、あるいはその欠如が我々に影響を及ぼすことは言うまでもありません。」
0x010000BE000045A4,439,899,Rizia/Turn 9/FPnT_IntermerkopumRoundtable,Player_Romus,en,「その条項に問題はないと思う。」
0x010000BE000045AB,439,900,Rizia/Turn 9/FPnT_IntermerkopumRoundtable,Alma Saltana,en,「口を封じられていては、政治犯を解放しても何の意味もありません。国民は過去にどのような経歴があろうと、意見の相違を表明する権利を持つべきです。」
0x010000BE000045B7,439,904,Rizia/Turn 9/FPnT_IntermerkopumRoundtable,Player_Romus,en,「もしモレラがインテルメルコプムに加盟するためにそれが必要なのであれば、私は自らの勅令からその条項を削除する。」
0x010000BE000045B7,439,904,Rizia/Turn 9/FPnT_IntermerkopumRoundtable,Player_Romus,Menu Text en,「モレラがインテルメルコプムに加わるためにそれが必要なのであれば、私の勅令からその条項を削除しよう。」［権威-1］
0x010000BE000045D0,439,908,Rizia/Turn 9/FPnT_IntermerkopumRoundtable,Wiktor Smolak (R),en,「陛下、それはあまりにも馬鹿げております！この女に、反逆者への対処方法まで決めさせるつもりですか？」
0x010000BE000045E5,439,909,Rizia/Turn 9/FPnT_IntermerkopumRoundtable,Player_Romus,en,「私は自らの権威を損なうことはできず、またそうするつもりもない。サルタナ首相、その法令は変更されることはない。」
0x010000BE000045ED,439,910,Rizia/Turn 9/FPnT_IntermerkopumRoundtable,Player_Romus,en,「私の答えはノーだ。モレラに我が国の法律を決めさせるつもりはない。」
0x010000BE00004620,439,914,Rizia/Turn 9/FPnT_IntermerkopumRoundtable,Player_Romus,en,「今日結ばれた合意は、誰が政権を握っていようとも必ず守られることをあなたに約束する。」
0x010000BE0000462B,439,918,Rizia/Turn 9/FPnT_IntermerkopumRoundtable,Laurento Esquibel,en,「さて……陛下が最近発表されたリジア人の改革運動への支援について、それがこの同盟の将来にどのような影響を与えるか、疑問に思っている者もいることでしょう。」
0x010000BE00004639,439,922,Rizia/Turn 9/FPnT_IntermerkopumRoundtable,Alma Saltana,en,「エスキベルさん、陛下が民の声に耳を傾けようとする姿勢は好ましい兆候だと私は思います。」
0x010000BE00004647,439,926,Rizia/Turn 9/FPnT_IntermerkopumRoundtable,Wiktor Smolak (R),en,「私にも確かに疑問があります。改革派の要求にこれほど簡単に屈するような王が、必要とあらば隣国を守るために立ち上がれるのかという点についてです。」
0x010000BE0000465A,439,930,Rizia/Turn 9/FPnT_IntermerkopumRoundtable,Jorga Azmal,en,「私が心配しているのは改革の見通しというより、この運動の指導者の方です。もしこのアダルフォ・ソテラートがリジアを統治するようになれば、彼はこの地域全体に異教の種をまくことでしょう。」
0x010000BE0000466C,439,935,Rizia/Turn 9/FPnT_IntermerkopumRoundtable,Jorga Azmal,en,「陛下の約束が守られ、デルディアのニーズが満たされている限り、改革については私は心配しておりません。」
0x010000BE00004680,439,942,Rizia/Turn 9/FPnT_IntermerkopumRoundtable,Axel Reinhart,en,「陛下、あなたの宣言は確かに驚きでした。しかし私の妻は陛下がなさることを心から信じており、このようなことに関しては彼女の判断はほとんど間違いません。」
0x010000BE00004687,439,943,Rizia/Turn 9/FPnT_IntermerkopumRoundtable,Axel Reinhart,en,「その宣言には確かに困惑させられました。これまでの例からも明らかなように、すべてのリジアの指導者がパレスの主権を尊重するとは限りません。」
0x010000BE00004696,439,947,Rizia/Turn 9/FPnT_IntermerkopumRoundtable,Alma Saltana,en,「実のところ、私には大きな懸念があります。しかし、陛下が民の声に耳を傾け、改革を実施しようとする姿勢は好ましい兆候だと考えております。」
0x010000BE000046A4,439,951,Rizia/Turn 9/FPnT_IntermerkopumRoundtable,Wiktor Smolak (R),en,「しかし、陛下がこれらの裏切り者たちに自らの決定を左右されているようで、私は困惑しております。」
0x010000BE000046B4,439,953,Rizia/Turn 9/FPnT_IntermerkopumRoundtable,Player_Romus,en,「政権は変わるものだ。あなた方の誰であっても明日には失脚したり投票によって追放されたりするかもしれないが、私はそんなことでこの機会を捨て去るつもりはない。」
0x010000BE000046BB,439,954,Rizia/Turn 9/FPnT_IntermerkopumRoundtable,Player_Romus,en,「私にとって、インテルメルコプムの結成はリジア王として最後の偉大な業績だ。これから先は民衆が自分たちで道を切り開いていけるだろう。」
0x010000BE000046C2,439,955,Rizia/Turn 9/FPnT_IntermerkopumRoundtable,Player_Romus,en,「もしこの改革が承認されれば、私は依然として政府内で大きな影響力を保持し続けることができる。リジアがあなた様に約束したすべての事柄が守られるよう、私自身が直接責任を持って確実にする。」
0x010000BE000046CF,439,959,Rizia/Turn 9/FPnT_IntermerkopumRoundtable,Player_Romus,en,「我々の統治形態がどうであれ、リジアは今もなお、そしてこれからも君主制の国だ。たとえ私が象徴的な存在に過ぎなくても、私の言葉には依然として大きな重みがある。」
0x010000BE000046E5,439,963,Rizia/Turn 9/FPnT_IntermerkopumRoundtable,Laurento Esquibel,en,「その通りでございます。実のところ……」
0x010000BE000046ED,439,964,Rizia/Turn 9/FPnT_IntermerkopumRoundtable,Laurento Esquibel,en,「えっと……その通りでございます。国際同盟やコンタナ条約機構の加盟国でも指導者が変わっても同盟に悪影響は出ておりません。」
0x010000BE000046F5,439,965,Rizia/Turn 9/FPnT_IntermerkopumRoundtable,Laurento Esquibel,en,「しかし、その前に……」
0x010000BE000046FD,439,966,Rizia/Turn 9/FPnT_IntermerkopumRoundtable,Laurento Esquibel,en,「その通りです。皆様は不快な驚きを心配する必要はございません。」
0x010000BE00004A4D,439,970,Rizia/Turn 9/FPnT_IntermerkopumRoundtable,Player_Romus,en,「最近の混乱はさておき、私の王国が信頼でき、寛大なエネルギー供給国であることは、皆様もご同意いただけると思う。」
0x010000BE00004A54,439,971,Rizia/Turn 9/FPnT_IntermerkopumRoundtable,Player_Romus,en,「残念ながら、私のコントロールを超えた出来事により我が国のエネルギー備蓄が減少してしまった。しかし、適切な時期に再び回復することを願っている。」
0x010000BE00004A66,439,975,Rizia/Turn 9/FPnT_IntermerkopumRoundtable,Player_Romus,en,「様々な勢力が、我々を遠く離れた地域からの石油やガスに依存させようと、我々のエネルギー供給を妨害しようとしてきた。しかし、彼らの試みは無駄に終わったのだ。」
0x010000BE00004A87,439,982,Rizia/Turn 9/FPnT_IntermerkopumRoundtable,Axel Reinhart,en,「我々の同盟の柱となっているのはパレストリーム・パイプラインです。もしそれが機能しなければ、我々も同様に機能できなくなります。」
0x010000BE00004A8E,439,983,Rizia/Turn 9/FPnT_IntermerkopumRoundtable,Axel Reinhart,en,「陛下、どうかリジアに対し、直近の被害を至急修復するよう強く求めなければなりません。さもないと……」
0x010000BE00004A96,439,984,Rizia/Turn 9/FPnT_IntermerkopumRoundtable,Narrator,en,彼は両腕を大きく広げ、大げさに肩をすくめた。
0x010000BE00004A9D,439,985,Rizia/Turn 9/FPnT_IntermerkopumRoundtable,Player_Romus,en,「我々の同盟の礎はヴィナだと思っていた。」
0x010000BE00004AA4,439,986,Rizia/Turn 9/FPnT_IntermerkopumRoundtable,Axel Reinhart,en,「私は殿下のお側にいられることを大変楽しく思っております。しかし、地域間の同盟は愛だけでは成り立ちません。」
0x010000BE00004AAB,439,987,Rizia/Turn 9/FPnT_IntermerkopumRoundtable,Player_Romus,en,「失礼を許してくれ、閣下。もちろん、パイプラインの迅速な修理のために必要な資金は確実に投入する。」 ［予算-5］
0x010000BE00004AAB,439,987,Rizia/Turn 9/FPnT_IntermerkopumRoundtable,Player_Romus,Menu Text en,「あなた、その失態を許してくれ。もちろん、パイプラインの迅速な修理のために必要な資金を確実に割り当てる。」
0x010000BE00004AB8,439,988,Rizia/Turn 9/FPnT_IntermerkopumRoundtable,Player_Romus,en,「今のところ、パレストリームを修理するための資金が不足している。予算が確保でき次第、それを最優先に取り組むつもりだ。」
0x010000BE00004ABF,439,989,Rizia/Turn 9/FPnT_IntermerkopumRoundtable,Narrator,en,アクセルは笑いをこらえた。
0x010000BE00004ADE,439,999,Rizia/Turn 9/FPnT_IntermerkopumRoundtable,Axel Reinhart,en,「陛下、自国のエネルギーグリッドを修復するための費用を出す前に、あんな『インテルメルコプム』に月まで差し出すとお約束なさるのですか？」
0x010000BE00004AE4,439,1000,Rizia/Turn 9/FPnT_IntermerkopumRoundtable,Axel Reinhart,en,「結構です。」
0x010000BE00004AF0,439,1002,Rizia/Turn 9/FPnT_IntermerkopumRoundtable,Player_Romus,en,「それともアルバレスのもとに這い戻るつもりか？」
0x010000BE00004AF7,439,1003,Rizia/Turn 9/FPnT_IntermerkopumRoundtable,Axel Reinhart,en,「そのような時期はもう過ぎ去りました、陛下。」
0x010000BE00004AFE,439,1004,Rizia/Turn 9/FPnT_IntermerkopumRoundtable,Axel Reinhart,en,「殿下、姫様のためにもリジアと良好な関係を保ち続けたいと思っております。しかしパレストリームがなければ、インテルメルコプムも――それに統一すらも――我々には選択肢として存在しません。」
0x010000BE00004B11,439,1008,Rizia/Turn 9/FPnT_IntermerkopumRoundtable,Axel Reinhart,en,「もう一つ、お願いがあります。」
0x010000BE00004B19,439,1009,Rizia/Turn 9/FPnT_IntermerkopumRoundtable,Axel Reinhart,en,「では、陛下、これを実行しましょう。パレス側は同意しております。」
0x010000BE00004B28,439,1013,Rizia/Turn 9/FPnT_IntermerkopumRoundtable,Axel Reinhart,en,「陛下、あなた方は次のメルコパ超大国になろうとしているのに、自国のエネルギーグリッドすら整備できないのですか？」
0x010000BE00004B2F,439,1014,Rizia/Turn 9/FPnT_IntermerkopumRoundtable,Player_Romus,en,「私を脅すことはできない。私が適切だと判断した時に、被害を修復するだけだ。」
0x010000BE00004B39,439,1015,Rizia/Turn 9/FPnT_IntermerkopumRoundtable,Axel Reinhart,en,「申し訳ありません、陛下。ですが私にはこれらのことを真剣に受け止めることなどできません。」
0x01000052000746CB,439,1024,Rizia/Turn 9/FPnT_IntermerkopumRoundtable,Player_Romus,en,「現在、我が国とあちらの国との間にはエネルギーに関する協定は存在しないが、エネルギー自立こそがこの同盟の最優先目標の一つであるべきだ。」
0x01000052000746EE,439,1035,Rizia/Turn 9/FPnT_IntermerkopumRoundtable,Player_Romus,en,「私もまた、ルッセロ・モントーロが議長を務めるポルテ・ドラゾン証券取引所が、我々の同盟の金融安定にとって不可欠な存在であると考えている。」
0x01000052000746F5,439,1036,Rizia/Turn 9/FPnT_IntermerkopumRoundtable,Player_Romus,en,「私もまた、会計責任者であるエレナ・ヴェルナーが議長を務めるポルテ・ドラゾン証券取引所が、我々の同盟の金融安定にとって不可欠な存在だと考えている。」
0x01000052000746FC,439,1037,Rizia/Turn 9/FPnT_IntermerkopumRoundtable,Player_Romus,en,「我々が新たに設立した証券取引所は、この地域全体から資金を調達し、国内外の投資を同様に呼び込むことになる。」
0x0100005200074703,439,1038,Rizia/Turn 9/FPnT_IntermerkopumRoundtable,Player_Romus,en,「私はインテルメルコプムの長期的な成功を見据えてポルテ・ドラゾン証券取引所を設立した。これは我々の国間の経済統合を推進する重要な要素となるだろう。」
0x0100005200074712,439,1040,Rizia/Turn 9/FPnT_IntermerkopumRoundtable,Player_Romus,en,「では、次に進みましょう...」
0x0100009800037CE6,440,3,Rizia/Turn 9/A_ZilleReturnedSpeech,Player_Romus,en,「尊き臣民の皆様、今日は我が偉大なる王国の歴史において極めて重要な日となる。」
0x0100009800037CEC,440,4,Rizia/Turn 9/A_ZilleReturnedSpeech,Player_Romus,en,「ヴェーレンの支配下で生きる人々の強さと不屈の精神は、我々全員にとって大いなる励みとなっている。」
0x0100009800037CF2,440,5,Rizia/Turn 9/A_ZilleReturnedSpeech,Player_Romus,en,「我々は共に、リジアの誇り高き市民として手を取り合い、歴史の記録へと前進していくのだ。」
0x0100009800037D06,440,6,Rizia/Turn 9/A_ZilleReturnedSpeech,Player_Romus,en,「ジルの帰還により、我々は一つの民、一つの王国として目的を共にし、計り知れないほどの偉大さを手に入れる準備が整った。」
0x0100009800037D10,440,7,Rizia/Turn 9/A_ZilleReturnedSpeech,Player_Romus,en,「長い別離の時を経て、ジルがついに故郷に戻ってまいる。」
0x0100009800037D18,440,8,Rizia/Turn 9/A_ZilleReturnedSpeech,Player_Romus,en,「過去の試練についてはここで語る必要はない。むしろ団結によって築かれる未来という約束を見据えよう。」
0x0100009800037D20,440,9,Rizia/Turn 9/A_ZilleReturnedSpeech,Player_Romus,en,「ですから、皆さんも声を上げて祝おう。今日は我が王国にとって新たな時代の夜明けを告げる日だからだ。」
0x0100009800037D28,440,10,Rizia/Turn 9/A_ZilleReturnedSpeech,Player_Romus,en,「ジルの国民の皆さん、ヴェーレンの鉄の支配に対する我々の勝利という栄光を共に喜ぼう。」
0x0100009800037D2E,440,11,Rizia/Turn 9/A_ZilleReturnedSpeech,Player_Romus,en,「この勝利をもたらしたのは、まさに王家の強さと決意だったからだ。」
0x0100009800037D37,440,12,Rizia/Turn 9/A_ZilleReturnedSpeech,Player_Romus,en,「我々が本来属するものを取り戻すという努力に共に立ち上がってくださった方々へ。皆様の忠誠心は必ず記憶され、報われるだろう。」
0x0100009800037D3F,440,13,Rizia/Turn 9/A_ZilleReturnedSpeech,Player_Romus,en,「我々は一つの国として、我々の旗のもとに団結し、比類なき偉大さを持つ未来を築いていくのだ。」
0x0100009800037D53,440,14,Rizia/Turn 9/A_ZilleReturnedSpeech,Player_Romus,en,「ジルの帰還は、君主制の強さと我々の勝利が必然であることの証となる。」
0x0100009800037D5C,440,15,Rizia/Turn 9/A_ZilleReturnedSpeech,Player_Romus,en,「ですから、忠実なる臣民の皆さん、この瞬間を好機として捉え、一つの民族、一つの王国として団結し、我が王国の比類なき覇権への誓いを新たにしよう。」
0x0100009800037D66,440,16,Rizia/Turn 9/A_ZilleReturnedSpeech,Player_Romus,en,「我々は一致団結して、我々に逆らおうとする者すべてを打ち砕き、この地の揺るぎない支配者としての我々の遺産を確固たるものにしよう。」
0x0100009800037D73,440,17,Rizia/Turn 9/A_ZilleReturnedSpeech,Player_Romus,en,「臣民の皆様、今日は苦悩と分裂に見舞われた大地、ジルが戻ってくるという悲しみに満ちた日となった。」
0x0100009800037D79,440,18,Rizia/Turn 9/A_ZilleReturnedSpeech,Player_Romus,en,「ジルの不屈の民の皆様に、心よりお見舞いを申し上げる。このような厳しい時代において、困難に立ち向かう皆様の強さは真の光となった。」
0x0100009800037D85,440,19,Rizia/Turn 9/A_ZilleReturnedSpeech,Player_Romus,en,「あなたが耐えてきたことを振り返ってみれば、あなたを支えてくれた団結心を思い出してほしい。共に苦しみを分かち合う中で、あなたは前進し続ける力を見出したのだ。」
0x0100009800037D8B,440,20,Rizia/Turn 9/A_ZilleReturnedSpeech,Player_Romus,en,「解放への道のりは多くの困難に満ちていたが、それらの試練を乗り越えたおかげで、我々はこれまで以上に強くなることができた。」
0x0100009800037D91,440,21,Rizia/Turn 9/A_ZilleReturnedSpeech,Player_Romus,en,「故人たちの思い出や、道中で打ち砕かれてしまった夢々を敬ってみよう。」
0x0100009800037D97,440,22,Rizia/Turn 9/A_ZilleReturnedSpeech,Player_Romus,en,「自由のために戦った者たちの犠牲が、我々を不屈の精神と希望を持って前進させてくれるように。」
0x0100009800037DB5,440,23,Rizia/Turn 9/A_ZilleReturnedSpeech,Player_Romus,en,「我々が歩んできた道のりは困難なものだったが、最終的には粘り強く進み続けることができた。」
0x0100009800037DBC,440,24,Rizia/Turn 9/A_ZilleReturnedSpeech,Player_Romus,en,「しかし、この勝利は王家の強さと決意によってもたらされたのだ。」
0x0100009800037DCE,440,25,Rizia/Turn 9/A_ZilleReturnedSpeech,Player_Romus,en,「ジルにいる我が兄弟姉妹の皆様へ、心からの祈りと最も深い祝福を捧げる。」
0x0100009800037DD5,440,26,Rizia/Turn 9/A_ZilleReturnedSpeech,Player_Romus,en,「親愛なる兄弟たちよ、今日はジルの帰還を目の当たりにするという神聖な瞬間が訪れた。」
0x0100009800037DE1,440,30,Rizia/Turn 9/A_ZilleReturnedSpeech,Player_Romus,en,「これは、我々が全能なる神への揺るぎない信仰を持ち続けたからこそ、この勝利を手にすることができたのだ。」
0x0100009800037DE8,440,31,Rizia/Turn 9/A_ZilleReturnedSpeech,Player_Romus,en,「しかし、この勝利は全能なる神への揺るぎない信仰によってもたらされたのだ。」
0x0100009800037E05,440,32,Rizia/Turn 9/A_ZilleReturnedSpeech,Player_Romus,en,「我々の献身と敬意をもって団結し、再び兄弟たちと共にいられるようしてくださった神の恵みに感謝しよう。」
0x0100009800037E0C,440,33,Rizia/Turn 9/A_ZilleReturnedSpeech,Player_Romus,en,「我々は共に、信仰の永遠なる光に導かれて正義の道を歩んでいくのだ。」
0x0100009800037E1F,440,34,Rizia/Turn 9/A_ZilleReturnedSpeech,Player_Romus,en,「結びとして、ジルを我々のもとに戻してくださった神の恵みに対し、感謝と祈りを捧げる。」
0x0100009800037E26,440,35,Rizia/Turn 9/A_ZilleReturnedSpeech,Player_Romus,en,「我々が共にこの神聖な旅を歩む中で、我々の信仰が引き続き我々を強く支えてくれるように。」
0x0100009800037E48,440,36,Rizia/Turn 9/A_ZilleReturnedSpeech,Narrator,en,潮の香りが空気中に満ち、昔の記憶が次々と私の心に蘇り、私の唇からは一つの言葉だけがこぼれ出た。
0x0100009800037E4E,440,37,Rizia/Turn 9/A_ZilleReturnedSpeech,Estela Toras,en,「この場所の荒れ果てた様子ではありますが、実に懐かしく思えました。」
0x0100009800037E55,440,38,Rizia/Turn 9/A_ZilleReturnedSpeech,Player_Romus,en,「我々はここを元の姿に戻してみせる。」
0x0100009800037E81,440,39,Rizia/Turn 9/A_ZilleReturnedSpeech,Player_Romus,en,「我々全員にとって辛い時期だった。だが、もう終わった。」
0x0100009800037E88,440,40,Rizia/Turn 9/A_ZilleReturnedSpeech,Player_Romus,en,「承知した。父上がジルをヴェーレンに明け渡すという決断が、私の治世全体に影を落としている。」
0x0100009800037EA0,440,46,Rizia/Turn 9/A_ZilleReturnedSpeech,Narrator,en,彼女は立ち止まり、その後こちらを向いた。
0x0100009800037EAE,440,47,Rizia/Turn 9/A_ZilleReturnedSpeech,Player_Romus,en,「それは私の義務だった、母上。我が王国と家族のために。」
0x0100009800037EB5,440,48,Rizia/Turn 9/A_ZilleReturnedSpeech,Player_Romus,en,「父上が及ばなかったところを私が補えてよかった。彼の遺業がこれ以上汚されるのは望まない。」
0x0100009800037EBC,440,49,Rizia/Turn 9/A_ZilleReturnedSpeech,Player_Romus,en,「そんなお言葉をいただき、誠にありがとう。心から感動している。」
0x0100009800037EC3,440,50,Rizia/Turn 9/A_ZilleReturnedSpeech,Player_Romus,en,「ジルは我々のものだ。それだけのことだ。」
0x0100009800037EC9,440,51,Rizia/Turn 9/A_ZilleReturnedSpeech,Estela Toras,en,「あなた様はその義務を見事に果たされましたね。」
0x0100009800037ECF,440,52,Rizia/Turn 9/A_ZilleReturnedSpeech,Narrator,en,遠くの鐘楼から聞こえてくる鐘の音が、彼女の言葉を遮った。
0x0100009800037ED6,440,53,Rizia/Turn 9/A_ZilleReturnedSpeech,Estela Toras,en,「もう行く時間です。間もなく祝賀行事が始まりますし、こちらでは誰かが演説を行う予定になっております。」
0x0100009800037EDD,440,54,Rizia/Turn 9/A_ZilleReturnedSpeech,Narrator,en,我々は頷いて挨拶を返し、彼女の幼少期を過ごした家を後にした。
0x0100009800037EEC,440,55,Rizia/Turn 9/A_ZilleReturnedSpeech,Player_Romus,en,「ジルだ。」
0x0100009800037EF3,440,56,Rizia/Turn 9/A_ZilleReturnedSpeech,Player_Romus,en,「この日が来るとは思いもしなかった...」
0x0100009800037EFB,440,57,Rizia/Turn 9/A_ZilleReturnedSpeech,Player_Romus,en,「陛下、おっしゃるのはヴァレロ王が我々に失わせたものの痛みのことだろうか。」
0x0100009800037F02,440,58,Rizia/Turn 9/A_ZilleReturnedSpeech,Estela Toras,en,「その影はもはや存在しないとお考えください。」
0x0100009800037F09,440,59,Rizia/Turn 9/A_ZilleReturnedSpeech,Estela Toras,en,「そのおかげはダストに感謝いたします。」
0x0100009800037F0F,440,60,Rizia/Turn 9/A_ZilleReturnedSpeech,Estela Toras,en,「父上の悪口を言ってはいけません。今はそのような時でも場所でもありません。」
0x0100009800037F16,440,61,Rizia/Turn 9/A_ZilleReturnedSpeech,Estela Toras,en,「たとえそうであっても、彼の決定が我が家族や王国に与えた影響を無視するのは怠慢だろう。」
0x0100009800037F1E,440,62,Rizia/Turn 9/A_ZilleReturnedSpeech,Narrator,en,母は立ち止まり、私の方を向いた。
0x0100009800037F24,440,63,Rizia/Turn 9/A_ZilleReturnedSpeech,Estela Toras,en,「あなたを誇りに思います。あなたのご指導がなければ、この家はもちろん、他の多くの家々も永遠に失われていたでしょう。」
0x0100009800037F44,440,64,Rizia/Turn 9/A_ZilleReturnedSpeech,Player_Romus,en,「信じてくれ、母上。我々の他の者たちと比べれば、あなたはずっと楽だったのだ。ここで言う『我々』とは、私のことだ。」
0x0100009800037F53,440,65,Rizia/Turn 9/A_ZilleReturnedSpeech,Estela Toras,en,「お身体の不調に涙を流せず申し訳ございません。」
0x0100009800037F5B,440,66,Rizia/Turn 9/A_ZilleReturnedSpeech,Narrator,en,我々の間には気まずい沈黙が流れていた。やがて母が笑顔でその緊張を和らげてくれた。
0x0100009800037F86,440,67,Rizia/Turn 9/A_ZilleReturnedSpeech,Estela Toras,en,「まあ、事実でなければそんなことは申し上げません。」
0x0100009800037F8F,440,68,Rizia/Turn 9/A_ZilleReturnedSpeech,Estela Toras,en,「あなたの遺業には欠点があったかもしれませんが、ご自身が払われた犠牲を過小評価してはいけません。」
0x0100009800037F96,440,69,Rizia/Turn 9/A_ZilleReturnedSpeech,Estela Toras,en,「この王国を結束させていくことがいかに困難であるか、あなたご自身が直接目の当たりにされてきました...」
0x0100009800037F9F,440,70,Rizia/Turn 9/A_ZilleReturnedSpeech,Estela Toras,en,「今残されている唯一のことは、誰が指導者になるかを決めることです...」
0x0100009800037FA9,440,71,Rizia/Turn 9/A_ZilleReturnedSpeech,Narrator,en,我々が街を進んでいく間、私は新たな気持ちに満たされていった。
0x0100009800037FB0,440,72,Rizia/Turn 9/A_ZilleReturnedSpeech,Narrator,en,街中は祭りの活気に満ち、賑やかな声で溢れていた。かつて損傷を受けていたアパート群も、過去の傷跡を隠すために新しく塗装が施され、誇らしげに立っていた。
0x0100009800037FB7,440,73,Rizia/Turn 9/A_ZilleReturnedSpeech,Narrator,en,間もなく、イベントが開催されているスモラク広場を示す看板のそばを通り過ぎた。
0x0100009800037FBE,440,74,Rizia/Turn 9/A_ZilleReturnedSpeech,Narrator,en,リジア軍の兵士たちは群衆の中に散らばり、何か問題が起きないか警戒していた。
0x0100009800037FC5,440,75,Rizia/Turn 9/A_ZilleReturnedSpeech,Narrator,en,広場の中央に向かって歩いていると、その厳粛な雰囲気を無視することはできなかった。
0x0100009800037FCC,440,76,Rizia/Turn 9/A_ZilleReturnedSpeech,Narrator,en,あの運命的な日の記憶が私の心に溢れ返ってきた――混乱、悲鳴、そして混沌とした光景が。
0x0100009800037FD3,440,77,Rizia/Turn 9/A_ZilleReturnedSpeech,Narrator,en,間もなく私は演説を行うために壇上へと案内された。母は優しく私の腕に手を置き、私が進むのを止めた。
0x0100009800037FDA,440,78,Rizia/Turn 9/A_ZilleReturnedSpeech,Estela Toras,en,「頑張ってくれ。」
0x0100009800037FE1,440,79,Rizia/Turn 9/A_ZilleReturnedSpeech,Player_Romus,en,「真の変化というものは内側から生まれるものだ。広場の名前を変更するという作業に取り掛かる前に、まずは人々の士気を高めることに力を注ぐべきだ。」
0x0100009800037FE6,440,80,Rizia/Turn 9/A_ZilleReturnedSpeech,Player_Romus,en,「再びフェド広場に戻るのか？」
0x0100009800037FEB,440,81,Rizia/Turn 9/A_ZilleReturnedSpeech,Player_Romus,en,「そのままにしておくのが最善だ。スモラクのことだから、間違いなく国際的な問題を引き起こすだろう。」
0x0100009800037FF0,440,82,Rizia/Turn 9/A_ZilleReturnedSpeech,Estela Toras,en,「できるだけ早く、その広場の名前を変更すべきです。」
0x0100009800037FF9,440,83,Rizia/Turn 9/A_ZilleReturnedSpeech,Player_Romus,en,「あなたの言う通りだ、母上。もはや我が都から過去の痕跡を取り除く時が来た。」
0x010000980003800F,440,84,Rizia/Turn 9/A_ZilleReturnedSpeech,Estela Toras,en,「サゾン家の方々はきっとそれを喜ぶでしょう、私は確信しております。」
0x0100009800038017,440,85,Rizia/Turn 9/A_ZilleReturnedSpeech,Estela Toras,en,「もし正方形の名前を変更するだけで国際的な問題が起きるのであれば、我々は外交戦略を見直す必要があるかもしれません。」
0x010000980003801E,440,86,Rizia/Turn 9/A_ZilleReturnedSpeech,Estela Toras,en,「よろしい。我々が最も望まないのは、あの卑劣な者の痕跡が残ることだ。」
0x0100009800038025,440,87,Rizia/Turn 9/A_ZilleReturnedSpeech,Estela Toras,en,「もしそれがあなたのお考えであるなら、私は反論いたしません。」
0x010000980003802F,440,88,Rizia/Turn 9/A_ZilleReturnedSpeech,Player_Romus,en,「ありがとう。あなたのように、私は誇りと優雅さを持って我が王国を代表するよう最善を尽くす。」
0x0100009800038034,440,89,Rizia/Turn 9/A_ZilleReturnedSpeech,Player_Romus,en,「幸運など弱き者のものだ、母上。それでもありがとう。」
0x0100009800038039,440,90,Rizia/Turn 9/A_ZilleReturnedSpeech,Player_Romus,en,「『幸運を？』まあ、それは……私が自分の運命を切り開くのだ。」
0x010000980003803E,440,91,Rizia/Turn 9/A_ZilleReturnedSpeech,Player_Romus,en,「お心遣いに感謝する、母上。私が国民の前で語り、行動する際には、神聖な光が私の言葉と行動を導いてくださるように。」
0x010000980003804B,440,92,Rizia/Turn 9/A_ZilleReturnedSpeech,Narrator,en,彼女の唇には微笑みが浮かび、その後私の頬に軽くキスをしてくれた。
0x0100009800038052,440,93,Rizia/Turn 9/A_ZilleReturnedSpeech,Narrator,en,母上はわずかに苛立った様子で目を転がし、首を振られた。
0x0100009800038058,440,94,Rizia/Turn 9/A_ZilleReturnedSpeech,Narrator,en,彼女は優しい笑みを浮かべた後、私の頬にキスをした。
0x0100009800038060,440,95,Rizia/Turn 9/A_ZilleReturnedSpeech,Narrator,en,母は目を転がし首を振ったが、その様子からは本当に怒っているわけではないことが分かった。
0x010000980003806C,440,96,Rizia/Turn 9/A_ZilleReturnedSpeech,Narrator,en,私が舞台に上がり壇上の後ろに立つと、観衆は大きな拍手で歓呼した。
0x010000980003807D,440,97,Rizia/Turn 9/A_ZilleReturnedSpeech,Narrator,en,私が演説を終えると、群衆は再び大きな歓声を上げ、その喜びの声が広場中に響き渡った。
0x0100009800038088,440,98,Rizia/Turn 9/A_ZilleReturnedSpeech,Narrator,en,私はそれを受け取り、ペンを手に取る前に素早く中身を確認した。
0x010000980003808F,440,99,Rizia/Turn 9/A_ZilleReturnedSpeech,Narrator,en,私は一瞬のためらいもなく自分の名前に署名し、かつて立てた約束を果たしたのであった。
0x0100009800038095,440,100,Rizia/Turn 9/A_ZilleReturnedSpeech,Narrator,en,私は母の方をちらりと見た。彼女の目には涙が光っていた。
0x01000098000380A0,440,101,Rizia/Turn 9/A_ZilleReturnedSpeech,Narrator,en,安心させるような笑顔を彼女に向けた後、再び群衆の方を向き、彼らの称賛の記憶が永遠に私の心に刻まれた。
0x01000098000380B2,440,103,Rizia/Turn 9/A_ZilleReturnedSpeech,Narrator,en,私と母は、ジルにある彼女の昔の子供時代の家を囲んでいた鉄条網のフェンスの前に立っていた。
0x01000098000380B9,440,104,Rizia/Turn 9/A_ZilleReturnedSpeech,Narrator,en,その海辺の小屋は以前と変わらず荒れ果てた様子だったが、今回はその正面に巨大なヴェーレンの旗が誇らしく翻っていた。
0x01000098000380C0,440,105,Rizia/Turn 9/A_ZilleReturnedSpeech,Narrator,en,母は明らかな恨みを込めて、私の方を向いた。
0x01000098000380C7,440,106,Rizia/Turn 9/A_ZilleReturnedSpeech,Estela Toras,en,「今はスモラクの家というわけか。私の愛する息子がそんなことに同意するなんて信じられない。」
0x01000098000380CE,440,107,Rizia/Turn 9/A_ZilleReturnedSpeech,Player_Romus,en,「ジル全体があの者のものになる方を望むのか？」
0x01000098000380D5,440,108,Rizia/Turn 9/A_ZilleReturnedSpeech,Estela Toras,en,「もちろんそんなことはありません。ですが、彼のその最後の言葉はあまりに侮辱的で、耐え難いほどです。」
0x01000098000380E3,440,109,Rizia/Turn 9/A_ZilleReturnedSpeech,Narrator,en,母は深くため息をつき、怒りと義務感が入り混じっていた。
0x01000098000380EA,440,110,Rizia/Turn 9/A_ZilleReturnedSpeech,Estela Toras,en,「しかしあなた、正しい決断をなさったのです。彼の子供っぽい行動水準にまで降りていかなかったのですから。」
0x01000098000380F1,440,111,Rizia/Turn 9/A_ZilleReturnedSpeech,Player_Romus,en,「彼に約束してしまったことを本当に後悔している。しかし長年の交渉の末、他に選択肢がなかったのだ。」
0x01000098000380F6,440,112,Rizia/Turn 9/A_ZilleReturnedSpeech,Player_Romus,en,「どうせもう崩れかけていたんだ。あなたがまた戻ってくるはずがない。」
0x01000098000380FB,440,113,Rizia/Turn 9/A_ZilleReturnedSpeech,Player_Romus,en,「それは一方的な取引ではなかった。彼が私に渡してくれた敷物を見たか？」
0x0100009800038103,440,114,Rizia/Turn 9/A_ZilleReturnedSpeech,Estela Toras,en,「あれはロムス・トラスをからかっていただけです。長年変わらずそうしてきたことですよ。」
0x0100009800038118,440,115,Rizia/Turn 9/A_ZilleReturnedSpeech,Estela Toras,en,「問題はそこではありませんよ。」
0x010000980003811E,440,116,Rizia/Turn 9/A_ZilleReturnedSpeech,Estela Toras,en,「ああ、確かに見ました。もう異論はありません。」
0x0100009800038127,440,117,Rizia/Turn 9/A_ZilleReturnedSpeech,Narrator,en,彼女は最後にもう一度その家の方を振り返った。
0x010000980003812E,440,118,Rizia/Turn 9/A_ZilleReturnedSpeech,Estela Toras,en,「あなたを誇りに思います。あなたのご指導がなければ、私の家だけでなく、もっと多くの家庭が失われていたでしょう。」
0x0100009800038183,440,123,Rizia/Turn 9/A_ZilleReturnedSpeech,Narrator,en,広場の反対側では、デルディア人とブルディア人からなるゴルコンド主義者たちが連勝を祝うような叫び声を上げていた。私には「ヨラック・ブルーデラット！」という言葉だけがかすかに聞き取れた。
0x010000980003818B,440,124,Rizia/Turn 9/A_ZilleReturnedSpeech,Narrator,en,ごく少数の者だけが、群衆が入念に仕組まれて私の支持者のみがそこにいるようになっていたことを知っていた。
0x01000098000381A2,440,128,Rizia/Turn 9/A_ZilleReturnedSpeech,Narrator,en,その時、群衆の後方でヴェゼク派の抗議者たちが上げる遠くの叫び声によって、私の思考は突然遮られた。
0x010000980003A824,440,129,Rizia/Turn 9/A_ZilleReturnedSpeech,Player_Romus_Italic,en,私は軽くうなずき、控えめな手のジェスチャーで、騒ぎを起こさずできるだけ静かに抗議者たちを連れ去るよう示した。
0x010000980003A824,440,129,Rizia/Turn 9/A_ZilleReturnedSpeech,Player_Romus_Italic,Menu Text en,警備員に彼らを連れ去るよう指示する
0x010000980003A867,440,134,Rizia/Turn 9/A_ZilleReturnedSpeech,Estela Toras,en,「たとえ、やや……非常識な手段に頼らざるを得なくてもです。」
0x010000980003A89D,440,138,Rizia/Turn 9/A_ZilleReturnedSpeech,Player_Romus,en,「あなたの気持ちはありがたいが、ジルの民を見過ごしてはならない。彼らの投票と団結した意志こそが、我々が今日ここにいる理由なのだ。」
0x010000980003A8A4,440,139,Rizia/Turn 9/A_ZilleReturnedSpeech,Estela Toras,en,「彼らの粘り強さは実に驚くべきものでした。長年にわたって希望を捨てずにいたこと……」
0x010000980003A8B3,440,143,Rizia/Turn 9/A_ZilleReturnedSpeech,Estela Toras,en,「ああ、そうですか。私がよく耳にする、いわゆる『機能する民主主義』の力というものですね。特別な説得は不要でしょう、間違いなく……」
0x010000980003A8BC,440,144,Rizia/Turn 9/A_ZilleReturnedSpeech,Narrator,en,私はスー・オミナのメンバーたちが、自分たちの記章や旗を誇らしげに掲げている光景を見かけた。
0x010000980003A96A,440,148,Rizia/Turn 9/A_ZilleReturnedSpeech,Narrator,en,ATAの志願者たちの一団が、明らかな軽蔑の眼差しで彼らをにらみつけた。
0x010000980003A9A4,440,152,Rizia/Turn 9/A_ZilleReturnedSpeech,Narrator,en,地元のジル代表者たちが、ジルとリジアを正式に統合するための法令が入った革製のファイルを持って私のもとにやって来た。
0x010000980003A9AA,440,153,Rizia/Turn 9/A_ZilleReturnedSpeech,Narrator,en,私はそれを受け取り、ペンを手に取る前にすばやく国民投票の結果を確認した。
0x010000980003AA60,440,161,Rizia/Turn 9/A_ZilleReturnedSpeech,Narrator,en,母は寝室に着いたときしばらく立ち止まり、壁の剥がれかけた塗装を悲しげな目で見つめていた。
0x010000980003AA9B,440,162,Rizia/Turn 9/A_ZilleReturnedSpeech,Player_Romus_Italic,en,私は抗議者たちを無視することにした。
0x010000980003AA9B,440,162,Rizia/Turn 9/A_ZilleReturnedSpeech,Player_Romus_Italic,Menu Text en,彼らを無視する
0x0100005200053C61,440,176,Rizia/Turn 9/A_ZilleReturnedSpeech,Narrator,en,その時、私は最前列に座っている娘とその夫に気づいた。マヌスの視線が私と交わった。
0x0100005200053C6E,440,180,Rizia/Turn 9/A_ZilleReturnedSpeech,Narrator,en,彼の隣では、アンジェリカ・サゾンが非常に真剣な表情を浮かべていた。
0x0100005200053C75,440,181,Rizia/Turn 9/A_ZilleReturnedSpeech,Narrator,en,拍手の音が静まっていった。私は話し始めた。
0x0100005200053C84,440,185,Rizia/Turn 9/A_ZilleReturnedSpeech,Narrator,en,その時、私は最前列にいるアンジェリカ・サゾンに気づいた。彼女の顔には非常に真剣な表情が浮かんでいた。
0x0100005200053C8C,440,186,Rizia/Turn 9/A_ZilleReturnedSpeech,Narrator,en,再び歓声が上がった。
0x0100005200053C92,440,187,Rizia/Turn 9/A_ZilleReturnedSpeech,Player_Romus,en,「ご存知の通り、ジルは歴史的にブレナス州において極めて重要な存在だった。」
0x0100005200053C9D,440,188,Rizia/Turn 9/A_ZilleReturnedSpeech,Player_Romus,en,「この先祖の故郷の一部が戻ってくるのを辛抱強く待ってくれたサゾン家の皆さんに感謝する。」
0x0100005200053CA4,440,189,Rizia/Turn 9/A_ZilleReturnedSpeech,Player_Romus,en,「我々は、そもそもなぜジルを失ったのかという理由を決して忘れてはならない。それは裏切り者であるルーカス・サゾン公爵が率いた反乱が原因だからだ。」
0x0100005200053CAB,440,190,Rizia/Turn 9/A_ZilleReturnedSpeech,Player_Romus,en,「私自身、ジルには多くの楽しい子供時代の思い出がある。そこは私の心の中で特別な場所だ。」
0x0100005200053CB8,440,194,Rizia/Turn 9/A_ZilleReturnedSpeech,Player_Romus,en,「私自身も半分はジル人だ。この地は、私と母の心に特別な場所を占めている。」
0x0100005200053CBF,440,195,Rizia/Turn 9/A_ZilleReturnedSpeech,Player_Romus,en,「私は喜びをもって、ジルがかつての管理者であるブレナスとサゾン家の手に返ることを宣言する。」
0x0100005200053CC7,440,196,Rizia/Turn 9/A_ZilleReturnedSpeech,Player_Romus,en,「ですが、私は寛容な王だ。故に、この土地を本来の管理者たちのもとに返還することを宣言する。ジルは再びブレナスおよびサゾン家のものとなるだろう。」
0x0100005200053CCE,440,197,Rizia/Turn 9/A_ZilleReturnedSpeech,Player_Romus,en,「それをサゾン家に返してしまえば、彼らの悪行を報いることになる。故に私は、ジルはリジア・インペリイと同様に中央政府によって統治されると宣言する。」
0x0100005200053CD5,440,198,Rizia/Turn 9/A_ZilleReturnedSpeech,Player_Romus,en,「しかし、それをそのまま返還してしまえばサゾン家の悪行に報いることになる。故に、ズィレはリジア・インペリイと同様に中央政府の統治下に置かれるべきだ。」
0x0100005200053CDD,440,199,Rizia/Turn 9/A_ZilleReturnedSpeech,Player_Romus,en,「しかし今のような危機的な時代には、封建制ではなく団結が必要だ。ジルは貴族家ではなく、中央政府の厳格な統治のもとで導かれるべきなのだ。」
0x0100005200053CE5,440,200,Rizia/Turn 9/A_ZilleReturnedSpeech,Player_Romus,en,「しかし今のような危機的な時代には封建制ではなく団結が必要だ。ジルレはどんな貴族家でもなく、中央権力によって厳格に統治されるべきなのだ。」
0x0100005200053CFE,440,201,Rizia/Turn 9/A_ZilleReturnedSpeech,Player_Romus,en,「その間、サゾン家は優れた同盟相手であることを証明した。だから、かつて奪われた地域の統治権を再び彼らに返還することにする。」
0x0100005200053D15,440,208,Rizia/Turn 9/A_ZilleReturnedSpeech,Player_Romus,en,さて、サゾン家とトラス家が和解した今、我々サゾン家を再びこの土地の管理者として任命するのが適切だと思う。
0x0100005200053D1C,440,209,Rizia/Turn 9/A_ZilleReturnedSpeech,Player_Romus,en,「ブレナスに再編入された後も、サゾン家がそれをしっかりと大切にしてくれることを願っている。」
0x0100005200053D24,440,210,Rizia/Turn 9/A_ZilleReturnedSpeech,Player_Romus,en,「私としては、それを単純にサゾン家やブレナスに返すわけにはいかない。これはリジア・インペリイとして中央政府の管轄下にあるものだから。」
0x0100005200053D2C,440,211,Rizia/Turn 9/A_ZilleReturnedSpeech,Player_Romus,en,「私は心から喜びを感じながら、ジルが元の守り手であるブレナスとサゾン家のもとに戻ったことを宣言する。」
0x0100005200053D34,440,212,Rizia/Turn 9/A_ZilleReturnedSpeech,Player_Romus,en,「その精神に基づき、また封建制よりも団結を促進するため、これよりズィルはリジア・インペリイの一部となるのだ。」
0x0100005200053D5E,440,218,Rizia/Turn 9/A_ZilleReturnedSpeech,Narrator,en,群衆からは拍手が起こり、同時に心配するようなつぶやき声もいくつか聞こえた。
0x0100005200053D66,440,219,Rizia/Turn 9/A_ZilleReturnedSpeech,Narrator,en,アンジェリカ・サゾンは怒りに満ちて自分の席から立ち上がった。
0x0100005200053D74,440,223,Rizia/Turn 9/A_ZilleReturnedSpeech,Narrator,en,彼女の息子は彼女の腕を掴み、優しく言って再び座るよう説得した。
0x0100005200053D7B,440,224,Rizia/Turn 9/A_ZilleReturnedSpeech,Narrator,en,私の方を見下すような高慢な視線を向けた後、彼女は振り返って去っていった。
0x0100005200053D87,440,228,Rizia/Turn 9/A_ZilleReturnedSpeech,Narrator,en,アンジェリカ・サゾンは立ち上がり、激しく拍手をした。
0x0100005200053D92,440,232,Rizia/Turn 9/A_ZilleReturnedSpeech,Narrator,en,マヌスとヴィナも彼女に加わった。
0x0100005200053D98,440,233,Rizia/Turn 9/A_ZilleReturnedSpeech,Narrator,en,サゾン家の支持者たちの一団が「グロヴリウス・アクサ・サゾニ！」と叫び始めた。
0x0100005200053DAA,440,234,Rizia/Turn 9/A_ZilleReturnedSpeech,Narrator,en,私は群衆に静かにするよう合図した。私は自分の演説を終えなければならなかった。
0x0100005200055F2E,440,256,Rizia/Turn 9/A_ZilleReturnedSpeech,Narrator,en,私と母が車から降りると、歓声を上げる大勢の人々が迎えてくれ、その溢れんばかりの熱意が空気中に満ちていた。
0x0100005200055F6F,440,261,Rizia/Turn 9/A_ZilleReturnedSpeech,Narrator,en,海の塩気が空気中に満ちていた。彼女はほとんど思わず、一言だけ口から漏らした。
0x0100005200055F76,440,262,Rizia/Turn 9/A_ZilleReturnedSpeech,Estela Toras,en,「ジルだ。」
0x0100005200055F84,440,266,Rizia/Turn 9/A_ZilleReturnedSpeech,Player_Romus,en,「我々はここを壮麗な別荘に変えてみせる。王太后専用の豪華な隠れ家だ。」
0x0100005200055F8B,440,267,Rizia/Turn 9/A_ZilleReturnedSpeech,Player_Romus,en,「陛下と私もです。」
0x0100005200055F92,440,268,Rizia/Turn 9/A_ZilleReturnedSpeech,Narrator,en,彼女は首を振った。
0x0100005200055F99,440,269,Rizia/Turn 9/A_ZilleReturnedSpeech,Estela Toras,en,「それでは何だかふさわしくありません。もっとも、ベッドリネンをより高密度のものに変えること自体は構いませんが。」
0x0100005200055FA0,440,270,Rizia/Turn 9/A_ZilleReturnedSpeech,Estela Toras,en,「もう何もかつてのままには戻りません。過去を取り戻すことなどできないのです。」
0x0100005200055FA7,440,271,Rizia/Turn 9/A_ZilleReturnedSpeech,Estela Toras,en,「あなたが私と同じようにこの家を大切に思ってくださっていることを嬉しく存じます。それは国王が自らのルーツを忘れていない証です。」
0x0100005200055FAC,440,272,Rizia/Turn 9/A_ZilleReturnedSpeech,Estela Toras,en,「しかし、かつての家を取り戻せるなら、それは実に素晴らしいことでございます。」
0x0100005200055FB3,440,273,Rizia/Turn 9/A_ZilleReturnedSpeech,Estela Toras,en,「私としては、ジルが再び我々のものになることに何の疑いもありませんでした。」
0x0100005200055FBC,440,274,Rizia/Turn 9/A_ZilleReturnedSpeech,Estela Toras,en,「我々が失ったものの痛みを思い出させられることなく、ここに来られる日を心待ちにしております。」
0x0100005200055FCC,440,278,Rizia/Turn 9/A_ZilleReturnedSpeech,Player_Romus,en,「あまり慣れすぎないように。私はソードランド人たちに、この屋敷を別のリゾートに変える許可を与えた。」
0x0100005200055FD3,440,279,Rizia/Turn 9/A_ZilleReturnedSpeech,Narrator,en,彼女は私を憎しみに満ちた目で見つめた。
0x0100005200055FDA,440,280,Rizia/Turn 9/A_ZilleReturnedSpeech,Estela Toras,en,「それを面白いと思うなら、あなたもスモラクと同じくらい悪いのです。」
0x0100005200055FFA,440,287,Rizia/Turn 9/A_ZilleReturnedSpeech,Narrator,en,私は、リジアの旗を誇らしげに振っているATAボランティアたちの一団を見つけた。
0x010000520005600E,440,294,Rizia/Turn 9/A_ZilleReturnedSpeech,Narrator,en,広場の反対側では、デルディア人のゴルコンド主義者たちが連勝を祝うような叫び声を上げていた。
0x0100005200056015,440,295,Rizia/Turn 9/A_ZilleReturnedSpeech,Narrator,en,広場の反対側では、ブルディア人のヴェゼクたちが連勝を祝うような掛け声を上げていた。私には「ヨラック・ブルーデラート！」という言葉だけがかろうじて聞き取れた。
0x010000520005602A,440,302,Rizia/Turn 9/A_ZilleReturnedSpeech,Narrator,en,平和維持軍が群衆の中に散らばっており、何か問題が起きないか警戒していた。
0x0100005200056046,440,312,Rizia/Turn 9/A_ZilleReturnedSpeech,Narrator,en,マヌス・サゾンは眉をひそめていた。ヴィナは彼の肩に慰めるように腕を回した。
0x0100009800040C0A,440,313,Rizia/Turn 9/A_ZilleReturnedSpeech,Narrator,en,私は母と共に、彼女の荒廃した子供時代の家を歩いて回った。
0x0100009800040C0F,440,314,Rizia/Turn 9/A_ZilleReturnedSpeech,Narrator,en,私は母と共に、彼女の荒廃した子供時代の家を歩いて回った。
0x0100009800040C18,440,315,Rizia/Turn 9/A_ZilleReturnedSpeech,Narrator,en,かつて大観衆席があった場所には、今では爆撃の犠牲者を追悼する記念碑が建っていた。
0x0100009800040C1F,440,316,Rizia/Turn 9/A_ZilleReturnedSpeech,Narrator,en,彼らはジルの民の意志が無視されたと叫んでいた。
0x0100009800040C39,440,317,Rizia/Turn 9/A_ZilleReturnedSpeech,Narrator,en,観客の中には彼らに加わる者もいたが、腕を組んで不満そうな顔をしたまま座っている者もいた。
0x0100009A0000DF99,441,3,Rizia/Turn 9/FPnT_ZilleReferendumInterference,Narrator,en,私はジャレスの屋敷の中を行ったり来たりしながら、ジルでの軍隊配備の結果が分かるのを待っていた。
0x0100009A0000DFAB,441,7,Rizia/Turn 9/FPnT_ZilleReferendumInterference,Narrator,en,私はジャレスの屋敷の中を行ったり来たりしながら、ジルで行われた国民投票に対する我々の工作員たちの介入結果が分かるのを待っていた。
0x0100009A0000DFDC,441,21,Rizia/Turn 9/FPnT_ZilleReferendumInterference,Narrator,en,ドアをノックする音がした。私は落ち着きを取り戻した。
0x0100009A0000DFE4,441,22,Rizia/Turn 9/FPnT_ZilleReferendumInterference,Player_Romus,en,「入ってくれ。」
0x0100009A0000DFEA,441,23,Rizia/Turn 9/FPnT_ZilleReferendumInterference,Player_Romus,en,「良い知らせを持ってきてくださる方がよろしいだろう。」
0x0100009A0000DFF0,441,24,Rizia/Turn 9/FPnT_ZilleReferendumInterference,Player_Romus,en,「誰か、そこを開けてくれないか？」
0x0100009A0000DFF9,441,25,Rizia/Turn 9/FPnT_ZilleReferendumInterference,Player_Romus,en,「はい？」
0x0100009A0000E000,441,26,Rizia/Turn 9/FPnT_ZilleReferendumInterference,Lucita Azaro,en,「申し訳ありません、悪い知らせがございます。」
0x0100009A0000E006,441,27,Rizia/Turn 9/FPnT_ZilleReferendumInterference,Taddeus Azaro,en,「申し訳ありません、悪い知らせがございます。」
0x0100009A0000E00C,441,28,Rizia/Turn 9/FPnT_ZilleReferendumInterference,Titus Gordion,en,「申し訳ありません、悪い知らせがございます。」
0x0100009A0000E02A,441,41,Rizia/Turn 9/FPnT_ZilleReferendumInterference,Narrator,en,ルシータは再び部屋に入ってきた。
0x0100009A0000E030,441,42,Rizia/Turn 9/FPnT_ZilleReferendumInterference,Narrator,en,タデウスは再び部屋に入ってきた。
0x0100009A0000E036,441,43,Rizia/Turn 9/FPnT_ZilleReferendumInterference,Narrator,en,ティトゥスは再び部屋に入ってきた。
0x0100009A0000E03C,441,44,Rizia/Turn 9/FPnT_ZilleReferendumInterference,Lucita Azaro,en,「陛下。」
0x0100009A0000E042,441,45,Rizia/Turn 9/FPnT_ZilleReferendumInterference,Taddeus Azaro,en,「陛下。」
0x0100009A0000E048,441,46,Rizia/Turn 9/FPnT_ZilleReferendumInterference,Titus Gordion,en,「陛下。」
0x0100009A0000E06E,441,53,Rizia/Turn 9/FPnT_ZilleReferendumInterference,Lucita Azaro,en,「ご安心ください。良い知らせを持ってまいりました。」
0x0100009A0000E074,441,54,Rizia/Turn 9/FPnT_ZilleReferendumInterference,Taddeus Azaro,en,「陛下、良い知らせがございます。」
0x0100009A0000E07A,441,55,Rizia/Turn 9/FPnT_ZilleReferendumInterference,Titus Gordion,en,「陛下、良い知らせがございます。」
0x0100009A0000E095,441,65,Rizia/Turn 9/FPnT_ZilleReferendumInterference,Lucita Azaro,en,「申し訳ありません、悪い知らせがございます。」
0x0100009A0000E09B,441,66,Rizia/Turn 9/FPnT_ZilleReferendumInterference,Taddeus Azaro,en,「申し訳ありません、悪い知らせがございます。」
0x0100009A0000E0A1,441,67,Rizia/Turn 9/FPnT_ZilleReferendumInterference,Titus Gordion,en,「申し訳ありません、悪い知らせがございます。」
0x0100009A0000E0B5,441,74,Rizia/Turn 9/FPnT_ZilleReferendumInterference,Lucita Azaro,en,「陛下、どうかご安心ください。良い知らせを持ってまいりました。」
0x0100009A0000E0BB,441,75,Rizia/Turn 9/FPnT_ZilleReferendumInterference,Taddeus Azaro,en,「陛下、どうかご安心ください。良い知らせを持ってまいりました。」
0x0100009A0000E0C1,441,76,Rizia/Turn 9/FPnT_ZilleReferendumInterference,Titus Gordion,en,「陛下、どうかご安心ください。良い知らせを持ってまいりました。」
0x0100009A0000E0D7,441,83,Rizia/Turn 9/FPnT_ZilleReferendumInterference,Lucita Azaro,en,「私が命令を下した直後に、我が軍はジルに進軍しました。」
0x0100009A0000E0DD,441,84,Rizia/Turn 9/FPnT_ZilleReferendumInterference,Lucita Azaro,en,「我々が進軍するやいなや、ヴェゼク軍は後退しました。投票用紙を守り、選挙の過程を監視するため、各選挙センターに兵士を配置しました。」
0x0100009A0000E0E5,441,85,Rizia/Turn 9/FPnT_ZilleReferendumInterference,Lucita Azaro,en,「その時、考えられないことが起こりました。市民たち自身が我々の兵士たちを押し返し始めたのです。一部の地域では激しい戦闘が繰り広げられました。」
0x0100009A0000E0EC,441,86,Rizia/Turn 9/FPnT_ZilleReferendumInterference,Lucita Azaro,en,「ヴェゼク軍が後退する際、彼らは意図的に持っていた装備をすべてジルの民衆に渡したのです。」
0x0100009A0000E0F2,441,87,Rizia/Turn 9/FPnT_ZilleReferendumInterference,Lucita Azaro,en,「私の兵士たちは再編成のために選挙センターから後退せざるを得ませんでした。残念ながら、もはやヴェーレンの干渉から国民投票を守り抜くことができませんでした。」
0x0100009A0000E0FA,441,88,Rizia/Turn 9/FPnT_ZilleReferendumInterference,Taddeus Azaro,en,「私が命令を下した直後に、我が軍はジルに進軍しました。」
0x0100009A0000E100,441,89,Rizia/Turn 9/FPnT_ZilleReferendumInterference,Taddeus Azaro,en,「我々が進軍するやいなや、ヴェゼク軍は後退しました。投票用紙を守り、選挙の過程を監視するため、各選挙センターに兵士を配置しました。」
0x0100009A0000E106,441,90,Rizia/Turn 9/FPnT_ZilleReferendumInterference,Taddeus Azaro,en,「その時、考えられないことが起こりました。市民たち自身が我々の兵士たちを押し返し始めたのです。一部の地域では激しい戦闘が繰り広げられました。」
0x0100009A0000E10C,441,91,Rizia/Turn 9/FPnT_ZilleReferendumInterference,Taddeus Azaro,en,「ヴェゼク軍が後退する際、彼らは意図的に持っていた装備をすべてジルの民衆に渡したのです。」
0x0100009A0000E112,441,92,Rizia/Turn 9/FPnT_ZilleReferendumInterference,Taddeus Azaro,en,「私の兵士たちは再編成のために選挙センターから後退せざるを得ませんでした。残念ながら、もはやヴェーレンの干渉から国民投票を守り抜くことができませんでした。」
0x0100009A0000E11D,441,93,Rizia/Turn 9/FPnT_ZilleReferendumInterference,Titus Gordion,en,「私が命令を下した直後に、我が軍はジルに進軍しました。」
0x0100009A0000E123,441,94,Rizia/Turn 9/FPnT_ZilleReferendumInterference,Titus Gordion,en,「我々が進軍するやいなや、ヴェゼク軍は後退しました。投票用紙を守り、選挙の過程を監視するため、各選挙センターに兵士を配置しました。」
0x0100009A0000E129,441,95,Rizia/Turn 9/FPnT_ZilleReferendumInterference,Titus Gordion,en,「その時、考えられないことが起こりました。市民たち自身が我々の兵士たちを押し返し始めたのです。一部の地域では激しい戦闘が繰り広げられました。」
0x0100009A0000E12F,441,96,Rizia/Turn 9/FPnT_ZilleReferendumInterference,Titus Gordion,en,「ヴェゼク軍が後退する際、彼らは意図的に持っていた装備をすべてジルの民衆に渡したのです。」
0x0100009A0000E135,441,97,Rizia/Turn 9/FPnT_ZilleReferendumInterference,Titus Gordion,en,「私の兵士たちは再編成のために選挙センターから後退せざるを得ませんでした。残念ながら、もはやヴェーレンの干渉から国民投票を守り抜くことができませんでした。」
0x0100009A0000E169,441,98,Rizia/Turn 9/FPnT_ZilleReferendumInterference,Lucita Azaro,en,「私が命令を下した直後に、我が軍はジルに進軍しました。」
0x0100009A0000E16F,441,99,Rizia/Turn 9/FPnT_ZilleReferendumInterference,Lucita Azaro,en,「我々が進軍するやいなや、ヴェゼク軍は後退しました。投票用紙を守り、選挙の過程を監視するため、各選挙センターに兵士を配置しました。」
0x0100009A0000E175,441,100,Rizia/Turn 9/FPnT_ZilleReferendumInterference,Lucita Azaro,en,「現在、我々はすべての投票所に配置されております。我々の票はしっかりと守られているので、その点は確信しております。」
0x0100009A0000E181,441,101,Rizia/Turn 9/FPnT_ZilleReferendumInterference,Lucita Azaro,en,「どんなことがあっても必ずジルを手に入れます。陛下、ご安心ください。」
0x0100009A0000E18D,441,102,Rizia/Turn 9/FPnT_ZilleReferendumInterference,Taddeus Azaro,en,「私が命令を下した直後に、我が軍はジルに進軍しました。」
0x0100009A0000E193,441,103,Rizia/Turn 9/FPnT_ZilleReferendumInterference,Taddeus Azaro,en,「我々が進軍するやいなや、ヴェゼク軍は後退しました。投票用紙を守り、選挙の過程を監視するため、各選挙センターに兵士を配置しました。」
0x0100009A0000E19F,441,104,Rizia/Turn 9/FPnT_ZilleReferendumInterference,Taddeus Azaro,en,「どんなことがあっても必ずジルを手に入れます。陛下、ご安心ください。」
0x0100009A0000E1A9,441,105,Rizia/Turn 9/FPnT_ZilleReferendumInterference,Titus Gordion,en,「私が命令を下した直後に、我が軍はジルに進軍しました。」
0x0100009A0000E1AF,441,106,Rizia/Turn 9/FPnT_ZilleReferendumInterference,Titus Gordion,en,「我々が進軍するやいなや、ヴェゼク軍は後退しました。投票用紙を守り、選挙の過程を監視するため、各選挙センターに兵士を配置しました。」
0x0100009A0000E1B5,441,107,Rizia/Turn 9/FPnT_ZilleReferendumInterference,Titus Gordion,en,「現在、我々はすべての投票所に配置されております。我々の票はしっかりと守られているので、その点は確信しております。」
0x0100009A0000E1BB,441,108,Rizia/Turn 9/FPnT_ZilleReferendumInterference,Titus Gordion,en,「どんなことがあっても必ずジルを手に入れます。陛下、ご安心ください。」
0x0100009A0000E1CD,441,109,Rizia/Turn 9/FPnT_ZilleReferendumInterference,Lucita Azaro,en,「ジルに派遣されている全ての活動要員を起動しました。潜入捜査官、スパイ、レジスタンス戦士、その全員です。」
0x0100009A0000E1D3,441,110,Rizia/Turn 9/FPnT_ZilleReferendumInterference,Lucita Azaro,en,「彼らは、すべての票が集計される中央選挙施設や、その他多くの小規模な施設も掌握してしまいました。」
0x0100009A0000E1D9,441,111,Rizia/Turn 9/FPnT_ZilleReferendumInterference,Lucita Azaro,en,「我々も投票用紙を運ぶ多くのトラックを妨害しました。それらはすべて処理済みです。」
0x0100009A0000E1DF,441,112,Rizia/Turn 9/FPnT_ZilleReferendumInterference,Lucita Azaro,en,「残念ながら、同時に行われた襲撃の際、ジルでの警察は我々の工作員数名を特定し、彼らが他の工作員へと導くことでその陰謀網を暴いてしまったのです。」
0x0100009A0000E1E9,441,113,Rizia/Turn 9/FPnT_ZilleReferendumInterference,Lucita Azaro,en,「民衆は我々の干渉を知るようになり、今や我々の介入を非難しています。これは選挙結果に大きな影響を与えるでしょう。」
0x0100009A0000E1F0,441,114,Rizia/Turn 9/FPnT_ZilleReferendumInterference,Taddeus Azaro,en,「ジルに派遣されている全ての活動要員を起動しました。潜入捜査官、スパイ、レジスタンス戦士、その全員です。」
0x0100009A0000E1F6,441,115,Rizia/Turn 9/FPnT_ZilleReferendumInterference,Taddeus Azaro,en,「彼らは、すべての票が集計される中央選挙施設や、その他多くの小規模な施設も掌握してしまいました。」
0x0100009A0000E1FC,441,116,Rizia/Turn 9/FPnT_ZilleReferendumInterference,Taddeus Azaro,en,「我々も投票用紙を運ぶ多くのトラックを妨害しました。それらはすべて処理済みです。」
0x0100009A0000E202,441,117,Rizia/Turn 9/FPnT_ZilleReferendumInterference,Taddeus Azaro,en,「残念ながら、同時に行われた襲撃の際、ジルでの警察は我々の工作員数名を特定し、彼らが他の工作員へと導くことでその陰謀網を暴いてしまったのです。」
0x0100009A0000E208,441,118,Rizia/Turn 9/FPnT_ZilleReferendumInterference,Taddeus Azaro,en,「民衆は我々の干渉を知るようになり、今や我々の介入を非難しています。これは選挙結果に大きな影響を与えるでしょう。」
0x0100009A0000E212,441,119,Rizia/Turn 9/FPnT_ZilleReferendumInterference,Titus Gordion,en,「ジルに派遣されている全ての活動要員を起動しました。潜入捜査官、スパイ、レジスタンス戦士、その全員です。」
0x0100009A0000E218,441,120,Rizia/Turn 9/FPnT_ZilleReferendumInterference,Titus Gordion,en,「彼らは、すべての票が集計される中央選挙施設や、その他多くの小規模な施設も掌握してしまいました。」
0x0100009A0000E21E,441,121,Rizia/Turn 9/FPnT_ZilleReferendumInterference,Titus Gordion,en,「我々も投票用紙を運ぶ多くのトラックを妨害しました。それらはすべて処理済みです。」
0x0100009A0000E224,441,122,Rizia/Turn 9/FPnT_ZilleReferendumInterference,Titus Gordion,en,「残念ながら、同時に行われた襲撃の際、ジルでの警察は我々の工作員数名を特定し、彼らが他の工作員へと導くことでその陰謀網を暴いてしまったのです。」
0x0100009A0000E22A,441,123,Rizia/Turn 9/FPnT_ZilleReferendumInterference,Titus Gordion,en,「民衆は我々の干渉を知るようになり、今や我々の介入を非難しています。これは選挙結果に大きな影響を与えるでしょう。」
0x0100009A0000E236,441,124,Rizia/Turn 9/FPnT_ZilleReferendumInterference,Lucita Azaro,en,「ジルに派遣されている全ての活動要員を起動しました。潜入捜査官、スパイ、レジスタンス戦士、その全員です。」
0x0100009A0000E23C,441,125,Rizia/Turn 9/FPnT_ZilleReferendumInterference,Lucita Azaro,en,「彼らは、すべての票が集計される中央選挙施設や、その他多くの小規模な施設も掌握してしまいました。」
0x0100009A0000E242,441,126,Rizia/Turn 9/FPnT_ZilleReferendumInterference,Lucita Azaro,en,「我々も投票用紙を運ぶ多くのトラックを妨害しました。それらはすべて処理済みです。」
0x0100009A0000E24B,441,127,Rizia/Turn 9/FPnT_ZilleReferendumInterference,Lucita Azaro,en,「陛下、我々が投票数の変更の黒幕だと気づく者は誰もいません。この潜入作戦は大成功を収めました。」
0x0100009A0000E252,441,128,Rizia/Turn 9/FPnT_ZilleReferendumInterference,Lucita Azaro,en,「さらに、我々の工作員たちは、もし何か非難が向けられた場合にそれを外へ逸らすため、ヴェーレンの干渉であるかのように見せかける様々な偽の証拠を仕掛けました。」
0x0100009A0000E259,441,129,Rizia/Turn 9/FPnT_ZilleReferendumInterference,Taddeus Azaro,en,「ジルに派遣されている全ての活動要員を起動しました。潜入捜査官、スパイ、レジスタンス戦士、その全員です。」
0x0100009A0000E25F,441,130,Rizia/Turn 9/FPnT_ZilleReferendumInterference,Taddeus Azaro,en,「彼らは、すべての票が集計される中央選挙施設や、その他多くの小規模な施設も掌握してしまいました。」
0x0100009A0000E265,441,131,Rizia/Turn 9/FPnT_ZilleReferendumInterference,Taddeus Azaro,en,「我々も投票用紙を運ぶ多くのトラックを妨害しました。それらはすべて処理済みです。」
0x0100009A0000E26B,441,132,Rizia/Turn 9/FPnT_ZilleReferendumInterference,Taddeus Azaro,en,「陛下、我々が投票数の変更の黒幕だと気づく者は誰もいません。この潜入作戦は大成功を収めました。」
0x0100009A0000E271,441,133,Rizia/Turn 9/FPnT_ZilleReferendumInterference,Taddeus Azaro,en,「さらに、我々の工作員たちは、もし何か非難が向けられた場合にそれを外へ逸らすため、ヴェーレンの干渉であるかのように見せかける様々な偽の証拠を仕掛けました。」
0x0100009A0000E29E,441,134,Rizia/Turn 9/FPnT_ZilleReferendumInterference,Titus Gordion,en,「ジルに派遣されている全ての活動要員を起動しました。潜入捜査官、スパイ、レジスタンス戦士、その全員です。」
0x0100009A0000E2A4,441,135,Rizia/Turn 9/FPnT_ZilleReferendumInterference,Titus Gordion,en,「彼らは、すべての票が集計される中央選挙施設や、その他多くの小規模な施設も掌握してしまいました。」
0x0100009A0000E2AA,441,136,Rizia/Turn 9/FPnT_ZilleReferendumInterference,Titus Gordion,en,「我々も投票用紙を運ぶ多くのトラックを妨害しました。それらはすべて処理済みです。」
0x0100009A0000E2B0,441,137,Rizia/Turn 9/FPnT_ZilleReferendumInterference,Titus Gordion,en,「陛下、我々が投票数の変更の黒幕だと気づく者は誰もいません。この潜入作戦は大成功を収めました。」
0x0100009A0000E2B6,441,138,Rizia/Turn 9/FPnT_ZilleReferendumInterference,Titus Gordion,en,「さらに、我々の工作員たちは、もし何か非難が向けられた場合にそれを外へ逸らすため、ヴェーレンの干渉であるかのように見せかける様々な偽の証拠を仕掛けました。」
0x0100009A0000E2C1,441,139,Rizia/Turn 9/FPnT_ZilleReferendumInterference,Player_Romus,en,「ありがとう。少なくとも我々は努力した。」
0x0100009A0000E2C7,441,140,Rizia/Turn 9/FPnT_ZilleReferendumInterference,Player_Romus,en,「お前たちは全員無能だ！何一つ正しくできないのか！」
0x0100009A0000E2D3,441,141,Rizia/Turn 9/FPnT_ZilleReferendumInterference,Lucita Azaro,en,「陛下、私をお許しください。」
0x0100009A0000E2D9,441,142,Rizia/Turn 9/FPnT_ZilleReferendumInterference,Taddeus Azaro,en,「陛下、私をお許しください。」
0x0100009A0000E2DF,441,143,Rizia/Turn 9/FPnT_ZilleReferendumInterference,Titus Gordion,en,「陛下、私をお許しください。」
0x0100009A0000E2E5,441,144,Rizia/Turn 9/FPnT_ZilleReferendumInterference,Player_Romus,en,「私こそが非難されるべき者だ。この責任はすべて私にのみある。」
0x0100009A0000E30F,441,145,Rizia/Turn 9/FPnT_ZilleReferendumInterference,Player_Romus,en,「どうか間違っていないことを。あなた自身のためにも。」
0x0100009A0000E315,441,146,Rizia/Turn 9/FPnT_ZilleReferendumInterference,Player_Romus,en,「必ず手に入れる。私はそれを確信している。」
0x0100009A0000E31B,441,147,Rizia/Turn 9/FPnT_ZilleReferendumInterference,Player_Romus,en,「素晴らしい！この任務ならあなたに任せても大丈夫だと思っていた。」
0x0100009A0000E35E,441,148,Rizia/Turn 9/FPnT_ZilleReferendumInterference,Lucita Azaro,en,「陛下、その通りでございます。」
0x0100009A0000E364,441,149,Rizia/Turn 9/FPnT_ZilleReferendumInterference,Taddeus Azaro,en,「陛下、その通りでございます。」
0x0100009A0000E36A,441,150,Rizia/Turn 9/FPnT_ZilleReferendumInterference,Titus Gordion,en,「陛下、その通りでございます。」
0x0100009A0000E37F,441,157,Rizia/Turn 9/FPnT_ZilleReferendumInterference,Lucita Azaro,en,「陛下、すべての責任をお一人で負わせるわけには参りません。」
0x0100009A0000E385,441,158,Rizia/Turn 9/FPnT_ZilleReferendumInterference,Taddeus Azaro,en,「陛下、すべての責任をお一人で負わせるわけには参りません。」
0x0100009A0000E38B,441,159,Rizia/Turn 9/FPnT_ZilleReferendumInterference,Titus Gordion,en,「陛下、すべての責任をお一人で負わせるわけには参りません。」
0x0100009A0000E3A0,441,166,Rizia/Turn 9/FPnT_ZilleReferendumInterference,Lucita Azaro,en,「陛下、大変申し訳ございません。」
0x0100009A0000E3A6,441,167,Rizia/Turn 9/FPnT_ZilleReferendumInterference,Taddeus Azaro,en,「陛下、大変申し訳ございません。」
0x0100009A0000E3AC,441,168,Rizia/Turn 9/FPnT_ZilleReferendumInterference,Titus Gordion,en,「陛下、大変申し訳ございません。」
0x0100009A0000E3C3,441,175,Rizia/Turn 9/FPnT_ZilleReferendumInterference,Lucita Azaro,en,「陛下、ご信頼を賜り、誠にありがとうございます。」
0x0100009A0000E3C9,441,176,Rizia/Turn 9/FPnT_ZilleReferendumInterference,Taddeus Azaro,en,「陛下、ご信頼を賜り、誠にありがとうございます。」
0x0100009A0000E3CF,441,177,Rizia/Turn 9/FPnT_ZilleReferendumInterference,Titus Gordion,en,「陛下、ご信頼を賜り、誠にありがとうございます。」
0x0100009A0000E3DF,441,184,Rizia/Turn 9/FPnT_ZilleReferendumInterference,Lucita Azaro,en,「きっとそうなります。陛下、しばらくお待ちください。」
0x0100009A0000E3E5,441,185,Rizia/Turn 9/FPnT_ZilleReferendumInterference,Taddeus Azaro,en,「きっとそうなります。陛下、しばらくお待ちください。」
0x0100009A0000E3EB,441,186,Rizia/Turn 9/FPnT_ZilleReferendumInterference,Titus Gordion,en,「きっとそうなります。陛下、しばらくお待ちください。」
0x0100009A0000E400,441,196,Rizia/Turn 9/FPnT_ZilleReferendumInterference,Lucita Azaro,en,「陛下、その点は私が確実に手配いたしました。」
0x0100009A0000E406,441,197,Rizia/Turn 9/FPnT_ZilleReferendumInterference,Taddeus Azaro,en,「陛下、その点は私が確実に手配いたしました。」
0x0100009A0000E40C,441,198,Rizia/Turn 9/FPnT_ZilleReferendumInterference,Titus Gordion,en,「陛下、その点は私が確実に手配いたしました。」
0x0100009A0000E426,441,202,Rizia/Turn 9/FPnT_ZilleReferendumInterference,Narrator,en,ドアが開き、ラウレントが部屋に入ってきた。
0x0100009A0000E43E,441,203,Rizia/Turn 9/FPnT_ZilleReferendumInterference,Narrator,en,彼は頭の上に一枚の紙を持っていた。
0x0100009A0000E47E,441,213,Rizia/Turn 9/FPnT_ZilleReferendumInterference,Laurento Esquibel,en,「しかし、別の動きがありました。」
0x0100009A0000E484,441,214,Rizia/Turn 9/FPnT_ZilleReferendumInterference,Laurento Esquibel,en,「残念ながら、この国民投票では大差で負けてしまいました。」
0x0100009A0000E48B,441,215,Rizia/Turn 9/FPnT_ZilleReferendumInterference,Laurento Esquibel,en,「ヴェーレンへの加盟については、64％の票が賛成となっております。」
0x0100009A0000E445,441,216,Rizia/Turn 9/FPnT_ZilleReferendumInterference,Laurento Esquibel,en,「陛下、結果が出ました。」
0x0100009A0000E49D,441,217,Rizia/Turn 9/FPnT_ZilleReferendumInterference,Laurento Esquibel,en,「陛下、軍のおかげでこの国民投票は圧倒的な差で我々が勝利しました。」
0x0100009A0000E4A3,441,218,Rizia/Turn 9/FPnT_ZilleReferendumInterference,Laurento Esquibel,en,「投票の結果、82％がリジアへの加盟に賛成でした。」
0x0100009A0000E4B8,441,219,Rizia/Turn 9/FPnT_ZilleReferendumInterference,Laurento Esquibel,en,「残念ながら、この国民投票では大差で負けてしまいました。」
0x0100009A0000E4BF,441,220,Rizia/Turn 9/FPnT_ZilleReferendumInterference,Laurento Esquibel,en,「どうやら民衆は軍の介入に対して非常に強い反応を示したようです。」
0x0100009A0000E4C7,441,221,Rizia/Turn 9/FPnT_ZilleReferendumInterference,Laurento Esquibel,en,「どうやら、リジアが支援する工作員の介入というニュースに対して民衆の反応は非常に激しいようです。」
0x0100009A0000E4CE,441,222,Rizia/Turn 9/FPnT_ZilleReferendumInterference,Laurento Esquibel,en,「テレビの電源を入れてください。」
0x0100009A0000E4D5,441,223,Rizia/Turn 9/FPnT_ZilleReferendumInterference,Laurento Esquibel,en,「我々は、動員した工作員たちのおかげで圧倒的な差で国民投票に勝利しました。」
0x0100009A0000E4DB,441,224,Rizia/Turn 9/FPnT_ZilleReferendumInterference,Laurento Esquibel,en,「投票結果、72％がリジアへの加盟に賛成でした。」
0x0100009A0000E4E3,441,225,Rizia/Turn 9/FPnT_ZilleReferendumInterference,Laurento Esquibel,en,「投票の結果、ヴェーレンへの加盟に賛成する声は92％に達しました。」
0x0100009A0000E505,441,226,Rizia/Turn 9/FPnT_ZilleReferendumInterference,Player_Romus_Italic,en,私はテレビの電源を入れた。
0x0100009A0000E505,441,226,Rizia/Turn 9/FPnT_ZilleReferendumInterference,Player_Romus_Italic,Menu Text en,テレビをつける
0x0100009A0000E52C,441,231,Rizia/Turn 9/FPnT_ZilleReferendumInterference,Narrator,en,スモラクは公式な国の演説を行い、民主的な選挙プロセスに干渉したとしてリジアを非難していた。
0x0100009A0000E53E,441,235,Rizia/Turn 9/FPnT_ZilleReferendumInterference,Laurento Esquibel,en,「これは陛下の国のイメージに大きな影響を与えることになります。」
0x0100009A0000E56E,441,236,Rizia/Turn 9/FPnT_ZilleReferendumInterference,Player_Romus,en,「あなたなら適切に対処してくれると私は信じている、ラウレント。」
0x0100009A0000E574,441,237,Rizia/Turn 9/FPnT_ZilleReferendumInterference,Player_Romus,en,「スモラクなど誰が気にするものか。ジルは再び我々のものだ。」
0x0100009A0000E57A,441,238,Rizia/Turn 9/FPnT_ZilleReferendumInterference,Player_Romus,en,「私の復讐を彼は必ず知ることになる。断じてそうだ。」
0x0100009A0000E583,441,239,Rizia/Turn 9/FPnT_ZilleReferendumInterference,Laurento Esquibel,en,「すぐに作業を始めます。」
0x0100009A0000E590,441,240,Rizia/Turn 9/FPnT_ZilleReferendumInterference,Narrator,en,ラウレントは黙り込み、我々二人とも起こった出来事の重大さを受け止めていた。
0x0100009A0000E59F,441,241,Rizia/Turn 9/FPnT_ZilleReferendumInterference,Narrator,en,各部屋で電話の呼び出し音が鳴り始めた。
0x0100009A0000E5A6,441,242,Rizia/Turn 9/FPnT_ZilleReferendumInterference,Narrator,en,悪い知らせはあっという間に広まっていった。
0x0100009A0000E6B3,441,248,Rizia/Turn 9/FPnT_ZilleReferendumInterference,Narrator,en,彼は自分が「ジル解放戦線」、すなわちZLFの代表者だと言った。
0x0100009A0000E6B9,441,249,Rizia/Turn 9/FPnT_ZilleReferendumInterference,Narrator,en,ジルはリジアおよびヴェーレンから独立を宣言し、新たな国家を樹立するつもりだった。
0x0100009A0000E6D2,441,260,Rizia/Turn 9/FPnT_ZilleReferendumInterference,Narrator,en,ノイズが一瞬続いた後、スキーマスクを着けた男がテーブルに座り、手にした紙を読んでいる姿が現れた。
0x0100009A0000E6D8,441,261,Rizia/Turn 9/FPnT_ZilleReferendumInterference,Narrator,en,彼は「ブルディア人のジル共和国」から放送していると語った。
0x0100009A0000E6DE,441,262,Rizia/Turn 9/FPnT_ZilleReferendumInterference,Narrator,en,ジルはリジアおよびヴェーレンからの独立を宣言し、ブルディア人のための国家を樹立するつもりだった。
0x0100009A0000E6E4,441,263,Rizia/Turn 9/FPnT_ZilleReferendumInterference,Narrator,en,彼は「自分は『ヴルヘック教徒のジル共和国』から放送している」と言った。
0x0100009A0000E6EA,441,264,Rizia/Turn 9/FPnT_ZilleReferendumInterference,Narrator,en,ジルはリジアおよびヴェーレンからの独立を宣言し、宗教的な共和制国家を樹立するつもりだった。
0x0100009A0000E6F0,441,265,Rizia/Turn 9/FPnT_ZilleReferendumInterference,Narrator,en,彼は「ジルの聖なるゴルコンド主義者保護領」から放送していると語った。
0x0100009A0000E6F6,441,266,Rizia/Turn 9/FPnT_ZilleReferendumInterference,Narrator,en,彼の言葉によって、私の背筋に寒気が走った。
0x0100009A0000E6FC,441,267,Rizia/Turn 9/FPnT_ZilleReferendumInterference,Narrator,en,ジルはリジアおよびヴェーレンからの独立を宣言し、宗教的な神権政治を樹立するつもりだった。
0x0100009A0000E702,441,268,Rizia/Turn 9/FPnT_ZilleReferendumInterference,Narrator,en,私は悪態をつきながらテレビの電源を切った。
0x0100009A0000E708,441,269,Rizia/Turn 9/FPnT_ZilleReferendumInterference,Narrator,en,アナウンサーは最後に、世界中のゴルコンド主義者たちに団結し、彼らを支援し、共に戦いに加わるよう呼びかけた。
0x0100009A0000E70E,441,270,Rizia/Turn 9/FPnT_ZilleReferendumInterference,Narrator,en,彼は最後に、世界中のヴルヘック教徒たちに団結し、自分たちを助け、共に戦いに加わるよう呼びかけた。
0x0100009A0000E714,441,271,Rizia/Turn 9/FPnT_ZilleReferendumInterference,Narrator,en,最後に、世界中のブルディア人たちに団結し、彼らを支援し、共に戦いに加わるよう呼びかけた。
0x0100009A0000E71A,441,272,Rizia/Turn 9/FPnT_ZilleReferendumInterference,Narrator,en,最後に、世界中の革命家たちに団結し、彼らを支援し、共に闘争に加わるよう呼びかけた。
0x01000052000558CD,441,282,Rizia/Turn 9/FPnT_ZilleReferendumInterference,Player_Romus,en,「スモラクなど誰が気にするものか。ジルはもう行方不明だ。」
0x010000520005595C,441,286,Rizia/Turn 9/FPnT_ZilleReferendumInterference,Narrator,en,良い知らせはすぐに広まった。
0x010000520005597E,441,297,Rizia/Turn 9/FPnT_ZilleReferendumInterference,Lucita Azaro,en,「スー・オミナの現地支部は、彼らが入る途中で何の問題も起こらないよう徹底的に支援してくれました。」
0x010000520005598C,441,301,Rizia/Turn 9/FPnT_ZilleReferendumInterference,Taddeus Azaro,en,「スー・オミナの現地支部は、彼らが入る途中で何の問題も起こらないよう徹底的に支援してくれました。」
0x0100005200055992,441,302,Rizia/Turn 9/FPnT_ZilleReferendumInterference,Taddeus Azaro,en,「現在、我々はすべての投票所に配置されております。我々の票はしっかりと守られているので、その点は確信しております。」
0x01000052000559A2,441,306,Rizia/Turn 9/FPnT_ZilleReferendumInterference,Titus Gordion,en,「スー・オミナの現地支部は、彼らが入る途中で何の問題も起こらないよう徹底的に支援してくれました。」
0x010000740000F34D,442,7,Rizia/Turn 9/TalkWithManus,Narrator,en,私はティトゥスのもとを離れ、新たに修復されたデイトフォート大図書館へ入った。かつて古びていたその広間も今では磨き上げられて輝いており、それはすべて母上の誕生日を迎える準備のためだった。
0x010000740000F353,442,8,Rizia/Turn 9/TalkWithManus,Narrator,en,進捗状況を確認するふりをして、私はマヌスとここで会うよう手配し、そこでは自由に話すことができた。
0x010000740000F359,442,9,Rizia/Turn 9/TalkWithManus,Narrator,en,マヌス・サゾンは最終的な行動について我々だけで話し合うことを求めてきたので、私は宮廷や衛兵たちの監視から逃れるのに、図書館の改修という完璧な口実を使ったのだ。
0x010000740000F368,442,10,Rizia/Turn 9/TalkWithManus,Narrator,en,わずか一ヶ月後、修復されたこれらの壁は再び一般公開されることになり、母の業績を称えてその名前が改められることになっていた。
0x010000740000F39D,442,17,Rizia/Turn 9/TalkWithManus,Narrator,en,私が大幅な民主主義的改革を推進するつもりだと発表したことは国中に衝撃を走らせ、宮殿内は緊張と疑念で重苦しい空気に包まれていた。
0x010000740000F3AB,442,18,Rizia/Turn 9/TalkWithManus,Narrator,en,私とマヌス・サゾンは貴族たちと対峙する前に戦略を最終決定しなければならなかったため、宮廷の監視から逃れるのに図書館の改修という絶好の口実を利用した。
0x010000740000F3B7,442,19,Rizia/Turn 9/TalkWithManus,Narrator,en,マヌスはすでに図書館の迷路のような内部の奥深くに場所を選んでいた。私が到着すると、外の広大な庭園が見渡せる大きな窓のそばで、彼の姿が見えた。
0x010000740000F3E8,442,22,Rizia/Turn 9/TalkWithManus,Narrator,en,マヌスはすでに図書館の迷路のような内部の奥深くに場所を選んでいた。私が到着すると、外の広大な庭園が見渡せる大きな窓の近くに二つの人影があるのが見えた。
0x010000740000F3F7,442,26,Rizia/Turn 9/TalkWithManus,Manus Sazon,en,「陛下。」
0x010000740000F3FE,442,27,Rizia/Turn 9/TalkWithManus,Narrator,en,彼はすぐに私に挨拶をした。壁ごとが我々を裏切るかもしれないかのように、その声は低く慎重だった。
0x010000740000F413,442,31,Rizia/Turn 9/TalkWithManus,Manus Sazon,en,「こちらでお会いできて感謝しております。女王陛下の誕生日準備の邪魔をしたくなかったのです。陛下にとって多忙な時期であることは承知しております。」
0x010000740000F41A,442,32,Rizia/Turn 9/TalkWithManus,Narrator,en,彼はすぐに笑顔で私に挨拶し、その声には興奮が満ちていた。
0x010000740000F423,442,33,Rizia/Turn 9/TalkWithManus,Player_Romus,en,「私の改革宣言は王国に興奮だけでなく様々な動揺ももたらした。貴族たちは落ち着きを失っており、我々は万全の準備が必要だ。」
0x010000740000F430,442,37,Rizia/Turn 9/TalkWithManus,Player_Romus,en,「準備など後回しで構わない。我々が話し合わねばならないことの方が優先だ。」
0x010000740000F436,442,38,Rizia/Turn 9/TalkWithManus,Player_Romus,en,「その点はご心配なく。私が単純に宮殿にお招きできるわけでもないから。」
0x010000740000F43E,442,39,Rizia/Turn 9/TalkWithManus,Player_Romus,en,「時間があまりない。早速本題に入ってくれ。」
0x010000740000F445,442,40,Rizia/Turn 9/TalkWithManus,Player_Romus,en,「マヌス、お越しいただきありがとう。」
0x010000740000F44C,442,41,Rizia/Turn 9/TalkWithManus,Manus Sazon,en,「その発表によって彼らは確かに動揺しました。おそらく我々が予想していた以上にです。」
0x010000740000F454,442,42,Rizia/Turn 9/TalkWithManus,Manus Sazon,en,「もちろんです。」
0x010000740000F45C,442,43,Rizia/Turn 9/TalkWithManus,Manus Sazon,en,「私も同感だ。」
0x010000740000F464,442,44,Rizia/Turn 9/TalkWithManus,Manus Sazon,en,「はい、近年の宮殿には耳目が満ちております。貴族たちは我々の一挙手一投足を見張っています。」
0x010000740000F473,442,48,Rizia/Turn 9/TalkWithManus,Narrator,en,彼は図書館の中を見回した後、視線を私に向けた。
0x010000740000F47B,442,49,Rizia/Turn 9/TalkWithManus,Manus Sazon,en,「陛下、まずは我々の進むべき方向を明確にすべきかと存じます...」
0x010000740000F491,442,50,Rizia/Turn 9/TalkWithManus,Manus Sazon,en,「ご配慮には感謝いたしますが、一般の民衆には陛下のお言葉の意味が理解できません。」
0x010000740000F49A,442,51,Rizia/Turn 9/TalkWithManus,Manus Sazon,en,「しかしご心配なく、陛下。私はRPPのメンバーや抗議活動の指導者たちと連絡を取り合っておりますが、その宣言は現地で圧倒的な支持を得て受け入れられていると断言できます。」
0x010000740000F4A1,442,52,Rizia/Turn 9/TalkWithManus,Manus Sazon,en,「改革運動は大きな勢いを得ており、陛下のご支援により、これまで以上に団結しています。」
0x010000740000F4A8,442,53,Rizia/Turn 9/TalkWithManus,Manus Sazon,en,「貴族たちが不安を感じているかもしれませんが、彼らが相手にしているのは、自分たちが思っているよりもはるかに強力で決意に満ちた勢力です。」
0x010000740000F4AF,442,54,Rizia/Turn 9/TalkWithManus,Manus Sazon,en,「改革の必要性を信じる者たちの間には、慎重な期待感が漂っております。」
0x010000740000F4B6,442,55,Rizia/Turn 9/TalkWithManus,Manus Sazon,en,「陛下のご支援により、この運動は大きな勢いを得ました。もし更に多くの人々が我々の側に集まってくれれば、各議院との会談において優位に立つことができます。」
0x010000740000F4BF,442,56,Rizia/Turn 9/TalkWithManus,Manus Sazon,en,「陛下。」
0x010000740000F4D1,442,60,Rizia/Turn 9/TalkWithManus,Manus Sazon,en,「陛下、改革へのご支持によって貴族たちが動揺しております。私どもの予想を上回るほどでございます」
0x010000740000F4EB,442,63,Rizia/Turn 9/TalkWithManus,Manus Sazon,en,「私のそばにはアダルフォ・ソテラートがいます。」
0x010000740000F4F9,442,64,Rizia/Turn 9/TalkWithManus,Narrator,en,彼は自分が手にしていた書類の山を指差した。
0x010000740000F500,442,65,Rizia/Turn 9/TalkWithManus,Manus Sazon,en,「しかし何よりも重要なのは……陛下、ニュースがあります。」
0x010000740000F507,442,66,Rizia/Turn 9/TalkWithManus,Player_Romus,en,「そうであってほしいものだ、マヌス。もはや後退する余地はない。」
0x010000740000F50E,442,67,Rizia/Turn 9/TalkWithManus,Player_Romus,en,「貴族たちは容易には屈さない。しかし、あなたのおっしゃるように民衆を味方につけられれば、それが我々の最強の武器となり得る。」
0x010000740000F515,442,68,Rizia/Turn 9/TalkWithManus,Player_Romus,en,「それは安心できる。貴族たちは常に民衆への影響力に頼り、自分たちの権力は揺るぎないものだと考えてきた。我々は間もなくこれを終わらせる。」
0x010000740000F51C,442,69,Rizia/Turn 9/TalkWithManus,Player_Romus,en,「彼らには従うしか選択肢がないのだ。さもなければ全てを失う危険を負うことになる。」
0x010000740000F523,442,70,Rizia/Turn 9/TalkWithManus,Manus Sazon,en,「貴族たちが不安を感じているのは理解できますが、彼らは現代世界の現実に立ち向かっています。永遠に進歩の道を阻むことなど期待できません。」
0x010000740000F52F,442,71,Rizia/Turn 9/TalkWithManus,Player_Romus,en,「もちろん妨げることができる。すべての貴族が反乱の歴史を持つ流刑の家系で生まれたわけではないのだ、マヌス。彼らに過度な期待をしてはいけない。」
0x010000740000F53C,442,72,Rizia/Turn 9/TalkWithManus,Manus Sazon,en,「憲法の草案が完成しました。RPPやサゾン家にいる私の忠実な仲間たちが、我々が承認を下すのを待っています。」
0x010000740000F543,442,73,Rizia/Turn 9/TalkWithManus,Narrator,en,彼は自分が手にしていた書類の山を指差した。
0x010000740000F549,442,74,Rizia/Turn 9/TalkWithManus,Manus Sazon,en,「憲法の草案が完成しました。RPPやサゾン家にいる私の忠実な仲間たちが、我々が合図を出すのを待っています。」
0x010000740000F551,442,75,Rizia/Turn 9/TalkWithManus,Player_Romus,en,「貴族たちに私の真意を知られるのはあまりに危険すぎる。自分自身や家族をそのような形で危険に晒すわけにはいかない。」
0x010000740000F558,442,76,Rizia/Turn 9/TalkWithManus,Player_Romus,en,「私は依然としてその運動を支持している、マヌス。諸家とは話し合うつもりだが、彼らに我々に対抗する時間を与えるつもりはない。」
0x010000740000F56F,442,77,Rizia/Turn 9/TalkWithManus,Manus Sazon,en,「今こそ、最終的な行動を話し合う時が来ました。」
0x010000740000F578,442,78,Rizia/Turn 9/TalkWithManus,Manus Sazon,en,「特に、先日の会話で陛下がおっしゃっていたことに関してです。」
0x010000740000F57F,442,79,Rizia/Turn 9/TalkWithManus,Manus Sazon,en,「陛下、これらの改革を彼らに知られずに実施するためには、彼らの注意が他の場所に向いている状態を保つ必要があります。」
0x010000740000F586,442,80,Rizia/Turn 9/TalkWithManus,Manus Sazon,en,「我々の計画が漏れたという証拠はまだありませんが、各王家間で疑念が高まっているのを感じています。」
0x010000740000F58E,442,81,Rizia/Turn 9/TalkWithManus,Manus Sazon,en,「例えば、来月に行われる王太后の誕生日会では、三つの王家とその中で最も影響力のある指導者たちが集まり、陛下を敬うことになります。」
0x010000740000F595,442,82,Rizia/Turn 9/TalkWithManus,Manus Sazon,en,「そのような行事は絶好の気をそらす機会となりますが、大きなリスクも伴います。我々の地位を固めることにもなれば、逆に危険に晒されることにもなりかねません。」
0x010000B8000015A6,442,83,Rizia/Turn 9/TalkWithManus,Player_Romus,en,「リスクなど気にするな。今回の集会こそが最適な場だ。我々は裏で動きながら、相手に自分たちが状況を支配していると思わせておけばよい。」
0x010000B8000015AD,442,84,Rizia/Turn 9/TalkWithManus,Player_Romus,en,「もし王家たちが疑念を抱けば、即座に行動しなければならない。私の母の誕生日を口実にして、裏で断固とした手を打ち、彼らを従わせるのだ。」
0x010000B8000015B4,442,85,Rizia/Turn 9/TalkWithManus,Player_Romus,en,「おそらく、我々だけで行う必要はないのだ。もし改革運動があなたの言うほど強力なら、彼らをより直接的に巻き込もう。王太后の誕生日を結集の機会として利用できる――貴族だけでなく、一般民衆のためにも。」
0x010000B8000015C6,442,89,Rizia/Turn 9/TalkWithManus,Player_Romus,en,「この提案にはいくつか懸念点がある。だが、彼らに偽情報を与えて誤った道へ導ければ、疑念を払拭し、計画を成功させる手助けになるかもしれない。」
0x010000B8000015D3,442,90,Rizia/Turn 9/TalkWithManus,Player_Romus,en,「私もそれでよい。だが何の疑念も抱かれないようにしなければならぬ。すべての詳細を綿密に計画してみせよう。」
0x010000B8000015E1,442,91,Rizia/Turn 9/TalkWithManus,Player_Romus,en,「よく考えてみると、今は急激な行動を取るのに適した時期ではないかもしれない。王太后の誕生日はあまりにも公的な場だから、こっそりと手を打つ方が良さそうだ。」
0x010000B8000015E7,442,92,Rizia/Turn 9/TalkWithManus,Player_Romus,en,「マヌス、私が言いたかったのは、女王の誕生日に攻撃を仕掛け、何一つ偶然に任せないということだ。彼らを包囲した上で、憲法を最後通牒として提示するのだ。」
0x010000B800001608,442,96,Rizia/Turn 9/TalkWithManus,Manus Sazon,en,「陛下、私も全く同感でございます。」
0x010000B800001636,442,100,Rizia/Turn 9/TalkWithManus,Manus Sazon,en,「もし彼らが従わなかった場合はどうなさいますか？」
0x010000B800001644,442,101,Rizia/Turn 9/TalkWithManus,Narrator,en,彼の目は心配で見開かれた。
0x010000B80000165D,442,102,Rizia/Turn 9/TalkWithManus,Player_Romus,en,「マヌス、我々が彼らを従わせるのだ。服従するか、倒れるかのどちらかだ。」
0x010000B800001664,442,103,Rizia/Turn 9/TalkWithManus,Player_Romus,en,「頭に銃口を向けられれば、彼らもやむを得ず従うだろう。」
0x010000B80000166B,442,104,Rizia/Turn 9/TalkWithManus,Player_Romus,en,「もし彼らが従わなければ、その脅威を排除する。」
0x010000B800001672,442,105,Rizia/Turn 9/TalkWithManus,Player_Romus,en,「そのようなことは起こらない。」
0x010000B80000168F,442,106,Rizia/Turn 9/TalkWithManus,Narrator,en,彼の顔には恐怖と衝撃の表情が一瞬浮かんだ。
0x010000B800001696,442,107,Rizia/Turn 9/TalkWithManus,Manus Sazon,en,「陛下、そこまでのことをなさるおつもりですか？」
0x010000B80000169D,442,108,Rizia/Turn 9/TalkWithManus,Player_Romus,en,「詳細は私に任せなさい、マヌス。祝賀の最中に行動を起こし、改革が必ず実施されるようにする。」
0x010000B8000016A5,442,109,Rizia/Turn 9/TalkWithManus,Manus Sazon,en,「陛下、どうかお許しください。私も陛下と同じく改革を望んでおりますが、暴力的な手段には断じて賛成できません。」
0x010000B8000016AC,442,110,Rizia/Turn 9/TalkWithManus,Narrator,en,彼は驚きの表情で私を見つめた。
0x010000B8000016BF,442,111,Rizia/Turn 9/TalkWithManus,Manus Sazon,en,「陛下、どうかお許しください……あなた様のご意向を親族に伝えずにそのようなことをするわけにはまいりません。」
0x010000B8000016C5,442,112,Rizia/Turn 9/TalkWithManus,Player_Romus,en,「必要であれば、その通りだ。」
0x010000B8000016CC,442,113,Rizia/Turn 9/TalkWithManus,Player_Romus,en,「民主主義のためなら、そうだ。」
0x010000B8000016D3,442,114,Rizia/Turn 9/TalkWithManus,Player_Romus,en,「我々の安全のためか？もちろんだ。」
0x010000B8000016DA,442,115,Rizia/Turn 9/TalkWithManus,Player_Romus,en,「マヌス、心配しすぎだ。私を信頼してほしいのだ。」
0x010000B8000016EB,442,119,Rizia/Turn 9/TalkWithManus,Manus Sazon,en,「サゾン家はどうなるのですか？もしその者たちを標的と見なすのであれば、私にはこれに加わることはできません。」
0x010000B8000016F3,442,120,Rizia/Turn 9/TalkWithManus,Manus Sazon,en,「陛下、私の家柄や母もそこにいるはずです。このような提案をなさるとは、信じられません。」
0x010000B800001710,442,123,Rizia/Turn 9/TalkWithManus,Manus Sazon,en,「陛下、『決定的な行動』とはどういう意味でしょうか？」
0x010000B80000171E,442,124,Rizia/Turn 9/TalkWithManus,Player_Romus,en,「心配しないでくれ、マヌス。私の計画にはあなたの家族は関与しない。彼らに協力してもらうだけだ。」
0x010000B800001726,442,125,Rizia/Turn 9/TalkWithManus,Player_Romus,en,「マヌス、あなたも参加して構わない。この攻撃を成功させるにはサゾン家の支援が必要だから。」
0x010000B80000172E,442,126,Rizia/Turn 9/TalkWithManus,Player_Romus,en,「この憲法を実施したいのであれば、必ず私の言うことに耳を傾けなければならない。」
0x010000B800001736,442,127,Rizia/Turn 9/TalkWithManus,Player_Romus,en,「まさにそのために、マヌス、サゾン家に我々と共に立ってもらわなければならないのだ。」
0x010000B80000173D,442,128,Rizia/Turn 9/TalkWithManus,Manus Sazon,en,「他にも方法があるはずです。」
0x010000B80000174C,442,129,Rizia/Turn 9/TalkWithManus,Manus Sazon,en,「陛下、たとえ望んだとしても私にはそんなことはできません。」
0x010000B800001753,442,130,Rizia/Turn 9/TalkWithManus,Narrator,en,彼は沈黙した。
0x010000B80000175A,442,131,Rizia/Turn 9/TalkWithManus,Player_Romus,en,「他に方法はない。我々は共に行動して攻撃を仕掛けなければならない。」
0x010000B800001767,442,132,Rizia/Turn 9/TalkWithManus,Manus Sazon,en,「賢明ですね、陛下。」
0x010000B80000176F,442,133,Rizia/Turn 9/TalkWithManus,Manus Sazon,en,「もちろんです、陛下。」
0x010000B80000177F,442,134,Rizia/Turn 9/TalkWithManus,Manus Sazon,en,「改革派の者たちは我々に期待を寄せているでしょう。」
0x010000B800001786,442,135,Rizia/Turn 9/TalkWithManus,Manus Sazon,en,「なんと賢明な戦略でしょう、陛下。」
0x010000B80000179C,442,136,Rizia/Turn 9/TalkWithManus,Player_Romus,en,「この憲法を実施したいのであれば、必ず私の言うことに耳を傾けなければならない。」
0x010000B8000017A8,442,137,Rizia/Turn 9/TalkWithManus,Player_Romus,en,「マヌス、お願いだ。私の言うことを聞いてくれ。」
0x010000B8000017B0,442,138,Rizia/Turn 9/TalkWithManus,Manus Sazon,en,「陛下、私にはこれを支持することはできません。あまりにも危険で攻撃的すぎて、私の好みに合いません。」
0x010000B8000017B7,442,139,Rizia/Turn 9/TalkWithManus,Manus Sazon,en,「直接的な措置を取る必要はありません。疑念を招かないよう、その集会が自然に進行するのを待てばよいのです。」
0x010000B8000017BE,442,140,Rizia/Turn 9/TalkWithManus,Manus Sazon,en,「陛下、彼らが知らないうちにこうした改革を実施することは可能です。代議院が業務を行っている間、彼らの注意を別の場所に向けておけばよいのです。」
0x010000B8000017C5,442,141,Rizia/Turn 9/TalkWithManus,Player_Romus,en,「おそらく、あなたの言う通りだろう……」
0x010000B8000017CC,442,142,Rizia/Turn 9/TalkWithManus,Player_Romus,en,「もしそれができないのなら、自分だけでも助かってくれ。集会には出席せず、こちらに任せてくれ。」
0x010000B8000017D4,442,143,Rizia/Turn 9/TalkWithManus,Manus Sazon,en,「しかし、陛下……私にはそんなことはできません。」
0x010000B8000017E5,442,147,Rizia/Turn 9/TalkWithManus,Manus Sazon,en,「陛下、我々は彼らが知らないうちにこれらの改革を実施することができます。何しろ何百万人もの人々がそれを求めているのですから。彼らの注意が他の場所に向いているようにしておけばよいのです。」
0x010000B8000017EF,442,148,Rizia/Turn 9/TalkWithManus,Narrator,en,彼は下を見つめた。
0x010000B8000017F6,442,149,Rizia/Turn 9/TalkWithManus,Player_Romus,en,「心配しないでくれ。我々が裏で動く間、貴族たちの疑念を油断に変え、彼らが依然として状況を支配していると信じ込ませる。」
0x010000B8000017FC,442,150,Rizia/Turn 9/TalkWithManus,Player_Romus,en,「各王家の疑念を我々の利益のために利用しないか？彼らが何かを見つけ出したと思わせて、偽情報を与えて誤った方向へ導こう。」
0x010000B800001802,442,151,Rizia/Turn 9/TalkWithManus,Player_Romus,en,「マヌス、あなたの言う通りだ。我々はあなたの案に従って行動そう。」
0x010000B800001808,442,152,Rizia/Turn 9/TalkWithManus,Manus Sazon,en,「賢明ですね、陛下。」
0x010000B80000180E,442,153,Rizia/Turn 9/TalkWithManus,Manus Sazon,en,「ありがとうございます、陛下。」
0x010000B800001814,442,154,Rizia/Turn 9/TalkWithManus,Manus Sazon,en,「危険そうですね。しかし、巧妙な戦略になるかもしれません。」
0x010000B800001820,442,155,Rizia/Turn 9/TalkWithManus,Player_Romus,en,「心配しないでくれ。誰にも疑念を抱かれないよう私が必ず対処する。祝賀行事のあらゆる詳細を綿密に計画してみせる。」
0x010000B800001827,442,156,Rizia/Turn 9/TalkWithManus,Manus Sazon,en,「もちろんです、陛下。」
0x010000B80000182E,442,157,Rizia/Turn 9/TalkWithManus,Player_Romus,en,「それではうまくいかないと思う。どうか私を信じてくれ。」
0x010000B800001835,442,158,Rizia/Turn 9/TalkWithManus,Player_Romus,en,「なぜそんなに望んでいた改革に対して、直接的な解決策を望まないのか？それとも口では気にしているふりをしているだけで、実際は全く気にしていないのか？」
0x010000B800001842,442,159,Rizia/Turn 9/TalkWithManus,Manus Sazon,en,「陛下、暴力は解決策ではありません。貴族たちなしでもこれらの改革を実施することは可能です。我々には民衆の支持がございます。」
0x010000B800001852,442,160,Rizia/Turn 9/TalkWithManus,Player_Romus,en,「この憲法を実施したいのであれば、必ず私の言うことに耳を傾けなければならない。」
0x010000B80000185A,442,161,Rizia/Turn 9/TalkWithManus,Player_Romus,en,「あなたの一族が我々を全面的に支持し、何か変なことを企てないようにしてもらわねばならん。分かったか？」
0x010000B800001863,442,162,Rizia/Turn 9/TalkWithManus,Player_Romus,en,「これまでご尽力いただき、マヌス、誠に感謝する。だが最後の段階は私に任せてくれ。」
0x010000B80000186C,442,163,Rizia/Turn 9/TalkWithManus,Player_Romus,en,「マヌス、約束する。誰も傷つくことはない。この件だけは私を信じてほしいのだ。」
0x010000B800001876,442,164,Rizia/Turn 9/TalkWithManus,Manus Sazon,en,「しかし……」
0x010000B80000187D,442,165,Rizia/Turn 9/TalkWithManus,Player_Romus,en,「もう一度言い直すつもりはない。」
0x010000B800001883,442,166,Rizia/Turn 9/TalkWithManus,Player_Romus_Italic,en,私は彼が返事をするのを待っていた。
0x010000B800001883,442,166,Rizia/Turn 9/TalkWithManus,Player_Romus_Italic,Menu Text en,彼の返答を待つ
0x010000B80000188E,442,167,Rizia/Turn 9/TalkWithManus,Manus Sazon,en,「承知した。」
0x010000B800001898,442,168,Rizia/Turn 9/TalkWithManus,Manus Sazon,en,「民は陛下に期待を寄せております。」
0x010000B8000018A8,442,169,Rizia/Turn 9/TalkWithManus,Manus Sazon,en,「一体何をおっしゃりたいのですか？近衛兵のような部隊を他の諸家に対して派遣することをご提案されているのでしょうか？」
0x010000B8000018AF,442,170,Rizia/Turn 9/TalkWithManus,Player_Romus,en,「マヌス、私の言うことは聞いたね。どうか事を難しくしないでくれ。」
0x010000B8000018BC,442,171,Rizia/Turn 9/TalkWithManus,Player_Romus,en,「私が言ったように、詳細のことは心配する必要はない。」
0x010000B8000018C3,442,172,Rizia/Turn 9/TalkWithManus,Player_Romus,en,「これまでご準備いただき、マヌス、感謝する。だが残りのことは私が処理しよう。」
0x010000B8000018D4,442,173,Rizia/Turn 9/TalkWithManus,Player_Romus,en,「私はあなたがティトゥスについて警戒するよう告げたのを知っているが、私は彼を信頼している。」
0x010000B8000018EA,442,174,Rizia/Turn 9/TalkWithManus,Player_Romus,en,「私は予定通りに進める。もし本当に私がどのように対処するかを直接見るのが怖いのであれば、集会に出席しなければよいのだ。それはあなた次第だ。」
0x010000B80000190E,442,175,Rizia/Turn 9/TalkWithManus,Manus Sazon,en,「今こそ最終的な行動を話し合う時です。間もなく各王家と会談し、我々の提案に対する彼らの支持を得るつもりです。」
0x010000B800001922,442,176,Rizia/Turn 9/TalkWithManus,Manus Sazon,en,「陛下、太后の誕生日が改革と重なったのは決して意図したわけではございません。しかし、三つの王家とその中で最も影響力のある指導者たちがここに集まり、エステラ・トラス太后に敬意を表すことになります...」
0x010000B800001928,442,177,Rizia/Turn 9/TalkWithManus,Manus Sazon,en,「……そしてこの機会に、提案されている改革に対する彼らの懸念を伝えさせます。」
0x010000B800001939,442,178,Rizia/Turn 9/TalkWithManus,Manus Sazon,en,「結局のところ、妥協する覚悟がなければなりません。」
0x010000B80000194D,442,185,Rizia/Turn 9/TalkWithManus,Manus Sazon,en,「陛下、RPPが持つ正当な権力について彼らに思い出させなければなりません。我々は彼らによって追い詰められるわけにはいきません。」
0x010000B80000195A,442,186,Rizia/Turn 9/TalkWithManus,Manus Sazon,en,「陛下、改革に対する甚大な要求のことを彼らに思い出させなければなりません。彼らに我々を追い詰めさせてはいけません。」
0x010000B800001962,442,187,Rizia/Turn 9/TalkWithManus,Player_Romus,en,「彼らが説得されることを願っている。」
0x010000B800001969,442,188,Rizia/Turn 9/TalkWithManus,Player_Romus,en,「心配しないでくれ。その集まりの場で必ず彼らを味方につけられると確信している。」
0x010000B800001973,442,189,Rizia/Turn 9/TalkWithManus,Player_Romus,en,「彼らをあまり追い詰めるべきではないと思う。妥協する心構えが必要だろう。」
0x010000B80000199D,442,190,Rizia/Turn 9/TalkWithManus,Narrator,en,私が彼を見つめていると、彼はすぐに握手のために手を差し出した。
0x010000B8000019A4,442,191,Rizia/Turn 9/TalkWithManus,Player_Romus_Italic,en,私は彼と握手をした。
0x010000B8000019A4,442,191,Rizia/Turn 9/TalkWithManus,Player_Romus_Italic,Menu Text en,彼と握手をする
0x010000B8000019AC,442,192,Rizia/Turn 9/TalkWithManus,Player_Romus,en,「自己紹介をする際には国王の前でお辞儀をしなければならないことをご存じないか？」
0x010000B8000019BB,442,193,Rizia/Turn 9/TalkWithManus,Narrator,en,彼は軽く頭を前に傾け、自分の軽蔑の念を隠そうともしなかった。
0x010000B8000019C2,442,194,Rizia/Turn 9/TalkWithManus,Player_Romus,en,「初めてお会いできて光栄だ、ソテラートさん。あの動物園の外にあるのが代議院だ。」
0x010000B8000019CA,442,195,Rizia/Turn 9/TalkWithManus,Player_Romus,en,「あなたは私が想像していた人物とは全く違う。」
0x010000B8000019D2,442,196,Rizia/Turn 9/TalkWithManus,Narrator,en,私が代議院でアダルフォを見てからそれほど時間は経っていなかった。それでもRPPの演説者は、私が記憶していた時よりも一層厳格な雰囲気を漂わせていた。
0x010000B8000019D9,442,197,Rizia/Turn 9/TalkWithManus,Narrator,en,間近で彼を見ると、鼻を横切る傷跡が目に入った。乱れた髭と、粗末なオリーブグリーンのコート――その姿は、洗練された政治の場よりも街中の男にふさわしいように思えた。
0x010000B8000019E1,442,198,Rizia/Turn 9/TalkWithManus,Player_Romus,en,「こちらで会えて嬉しいね、議長殿。」
0x010000B8000019E9,442,199,Rizia/Turn 9/TalkWithManus,Adarfo Sotelato,en,「それは褒め言葉と受け取ります。」
0x010000B8000019FA,442,203,Rizia/Turn 9/TalkWithManus,Manus Sazon,en,「貴族たちとの交渉を始める前に、民衆を結集させるために新憲法へのご支持を全面的に宣言していただくものと期待しておりました。」
0x010000B800001A02,442,204,Rizia/Turn 9/TalkWithManus,Player_Romus,en,「私は同意しない。改革への支持は既に明確に示している。どうして人々がそれを理解できないのだろうか？」
0x010000B800001A09,442,205,Rizia/Turn 9/TalkWithManus,Manus Sazon,en,「陛下、恐れ多くも申し上げますが、今回のご宣言はあまりに控えめすぎたため大きな反応を呼ぶことはありませんでした。それでも何らかの形で貴族たちを動揺させました。」
0x010000B800001A11,442,206,Rizia/Turn 9/TalkWithManus,Player_Romus,en,「もう起きてしまったことは仕方ない。これからどうすればよいのだろうか？」
0x010000B800001A18,442,207,Rizia/Turn 9/TalkWithManus,Manus Sazon,en,「改革の必要性を信じる者たちの間には、依然として慎重な希望が漂っております。」
0x010000B800001A2D,442,208,Rizia/Turn 9/TalkWithManus,Manus Sazon,en,「承知した。」
0x010000B800001A3C,442,212,Rizia/Turn 9/TalkWithManus,Manus Sazon,en,「しかし、陛下のその宣言では、拡大しつつある抗議運動を抑えることは全くできませんでした。」
0x010000B800001A43,442,213,Rizia/Turn 9/TalkWithManus,Manus Sazon,en,「ともかく、これから何をすべきかについて話し合わなければなりません。」
0x010000B800001A57,442,217,Rizia/Turn 9/TalkWithManus,Manus Sazon,en,「サゾン家が陛下の邪魔をすることはありませんよう、私が必ず対処いたします。」
0x010000B800001A5E,442,218,Rizia/Turn 9/TalkWithManus,Narrator,en,彼は頭を下げたが、すぐに再び上げた。
0x010000B800001A66,442,219,Rizia/Turn 9/TalkWithManus,Player_Romus,en,「ご理解いただき、ありがとうございます。」
0x010000B800001A6D,442,220,Rizia/Turn 9/TalkWithManus,Player_Romus,en,「よろしい。では、誰にも我々が一緒にいると見られないうちにここを離れなさい。」
0x010000B800001A74,442,221,Rizia/Turn 9/TalkWithManus,Player_Romus,en,「マヌス、あなたに期待している。」
0x010000B800001A83,442,222,Rizia/Turn 9/TalkWithManus,Manus Sazon,en,「陛下、お時間をいただきありがとうございます。」
0x010000B800001A98,442,223,Rizia/Turn 9/TalkWithManus,Adarfo Sotelato,en,「時折礼儀を欠くことがあるかと存じますが、どうかお許しください。ご覧の通り、私は王族と会話することに慣れておりません。」
0x010000B800001A9F,442,224,Rizia/Turn 9/TalkWithManus,Narrator,en,彼はにやりと笑った。
0x010000B800001AAD,442,225,Rizia/Turn 9/TalkWithManus,Manus Sazon,en,「陛下、この場所でお会いいただき感謝申し上げます。女王陛下の誕生日準備の邪魔をしたくはなかったのですが、陛下にとっては大変ご多忙な時期であることも承知しております。」
0x010000B800001AC0,442,228,Rizia/Turn 9/TalkWithManus,Player_Romus,en,「皆様、お越しいただきありがとう。」
0x010000B800001ACF,442,229,Rizia/Turn 9/TalkWithManus,Adarfo Sotelato,en,「民衆の声がついに宮殿の中まで届くほど大きくなりました。」
0x010000B800001AD8,442,230,Rizia/Turn 9/TalkWithManus,Narrator,en,彼は微笑んだ。その立ち姿には、どこか敵意を解くような雰囲気があった――自信に満ちているものの、周囲の壮麗さには慣れていない様子だった。
0x010000B800001ADF,442,231,Rizia/Turn 9/TalkWithManus,Player_Romus,en,「ソテラートさんも同じだ。マレニエフ主義者と国王が会話を交わすなんて、そうそうあることではない。」
0x010000B800001AF2,442,232,Rizia/Turn 9/TalkWithManus,Player_Romus,en,「正直言って、私が革命派と手を組む日が来るとは思いもしなかった。しかし今は非常時だ。」
0x010000B800001AF9,442,233,Rizia/Turn 9/TalkWithManus,Player_Romus,en,「代議院の方々は順調に事を運んでいるか、議長殿？」
0x010000B800001B08,442,237,Rizia/Turn 9/TalkWithManus,Player_Romus,en,「こちらでお会いできて光栄だ、アダルフォ・ソテラートさん。」
0x010000B800001B16,442,241,Rizia/Turn 9/TalkWithManus,Narrator,en,私が代議院でアダルフォを見てからそれほど時間は経っていなかった。それでも、RPPの指導者は記憶していた時よりも一層厳つい姿に見えた。
0x010000B800001B24,442,245,Rizia/Turn 9/TalkWithManus,Player_Romus,en,「ソテラートさん、街の騒乱を鎮めるために何か手を打っていることだろう。」
0x010000B800001B2E,442,246,Rizia/Turn 9/TalkWithManus,Adarfo Sotelato,en,「何と申し上げましょうか。私のRPPの仲間たちは、陛下が彼らと協力して問題を解決しようとしてくださることを喜んでおります。しかし何よりも重要なのは……」
0x010000B800001B36,442,247,Rizia/Turn 9/TalkWithManus,Adarfo Sotelato,en,「民衆は改革に対する陛下の全面的な支持を期待しておりました。陛下の発言では緊張緩和に全く役立ちませんでした。」
0x010000B800001B52,442,254,Rizia/Turn 9/TalkWithManus,Adarfo Sotelato,en,「陛下、改革を支持するご発言により一時的に緊張が和らぎましたが、民衆は実際の行動を求めております。」
0x010000B800001B59,442,255,Rizia/Turn 9/TalkWithManus,Adarfo Sotelato,en,「抗議の規模はもはや抑えきれないほど大きくなっております。民衆は今すぐにでも王室に対して行動を求めているのです、陛下。」
0x010000B800001B60,442,256,Rizia/Turn 9/TalkWithManus,Player_Romus,en,「ソテラートさん、その声にはあなたのような強力な代弁者がいるようだね。」
0x010000B800001B69,442,257,Rizia/Turn 9/TalkWithManus,Player_Romus,en,「その民の声に惑わされてはならない。私が依然としてあなたの国王であることを忘れないでくれ。」
0x010000B800001B70,442,258,Rizia/Turn 9/TalkWithManus,Adarfo Sotelato,en,「どうして忘れることがでこうか？」
0x010000B800001B77,442,259,Rizia/Turn 9/TalkWithManus,Adarfo Sotelato,en,「陛下、民衆の苦悩は私自身のものでございます。私がその苦しみを身をもって経験してきたのです。」
0x010000B800001B7D,442,260,Rizia/Turn 9/TalkWithManus,Adarfo Sotelato,en,「代議院でも、街頭でも断じてあり得ず、ましてやパラス・レズナであってはなりません。」
0x010000B800001B83,442,261,Rizia/Turn 9/TalkWithManus,Narrator,en,アダルフォ・ソテラートの笑みは少しずつ消え、真剣な表情に変わった。
0x010000B800001BA3,442,262,Rizia/Turn 9/TalkWithManus,Narrator,en,アダルフォ・ソテラートの笑みは少しずつ消え、真剣な表情に変わった。
0x010000B800001BAC,442,263,Rizia/Turn 9/TalkWithManus,Narrator,en,彼は私と目を合わせた。
0x010000B800001BB8,442,264,Rizia/Turn 9/TalkWithManus,Player_Romus,en,「私はこれを無視されるつもりはない。共に手を携えて行動したいのだ。」
0x010000B800001BBF,442,265,Rizia/Turn 9/TalkWithManus,Player_Romus,en,「民衆の叫び声は大きく聞こえるかもしれないが、統治というのはその騒音に応じるだけでは成り立たないのだ。」
0x010000B800001BC5,442,266,Rizia/Turn 9/TalkWithManus,Player_Romus,en,「あなたの決意は理解している。だが、私の決意も同様に理解してほしい。私の目的は、これらの改革を実施しながら国の安定を守ることだ。」
0x010000B800001BCC,442,267,Rizia/Turn 9/TalkWithManus,Player_Romus,en,「ソテラートさん、その態度は気に入らない。言葉を慎重に選ぶよう忠告する。」
0x010000B800001BD4,442,268,Rizia/Turn 9/TalkWithManus,Adarfo Sotelato,en,「嘘は申しません。我々が求める変革はしばらくの間、安定を乱すことになります。特に陛下のような方々にとっては。」
0x010000B800001BDB,442,269,Rizia/Turn 9/TalkWithManus,Adarfo Sotelato,en,「それが私がここにいる理由です。陛下と協力するつもりですが、対等な立場で行わなければなりません。」
0x010000B800001BE2,442,270,Rizia/Turn 9/TalkWithManus,Adarfo Sotelato,en,「陛下、統治というものは耳を傾けることも必要です。民衆の叫び声は騒音ではなく、警告なのです。」
0x010000B800001BE9,442,271,Rizia/Turn 9/TalkWithManus,Adarfo Sotelato,en,「陛下、なぜ私がこのような態度を取っているのかご考察いただきたく存じます。私は取り入ったり政治遊びをしたりするためにここに来たわけではありません。民衆が変革を求めているからこそ、ここにいるのです。」
0x010000B800001BF0,442,272,Rizia/Turn 9/TalkWithManus,Adarfo Sotelato,en,「私は言葉を和らげることで彼らの信頼を裏切りません。共に協力することも、対立することもできます。行うべきことの真実を決して妥協しません。」
0x010000B800001BF7,442,273,Rizia/Turn 9/TalkWithManus,Adarfo Sotelato,en,「しかし陛下、断固とした行動を起こさなければ、結果は完全かつ甚大な混乱に陥るでしょう。」
0x010000B800001BFE,442,274,Rizia/Turn 9/TalkWithManus,Adarfo Sotelato,en,「我々の間に違いはありますが、両者ともリジアの最善を願っていると思います。」
0x010000B800001C08,442,275,Rizia/Turn 9/TalkWithManus,Narrator,en,マヌスはうなずいて口を挟んだ。
0x010000B800001C15,442,279,Rizia/Turn 9/TalkWithManus,Adarfo Sotelato,en,「陛下、ご心配なさるべきは貴族たちではありません。」
0x010000B800001C1B,442,280,Rizia/Turn 9/TalkWithManus,Narrator,en,アダルフォ・ソテラートは目を細めた。
0x010000B800001C3D,442,287,Rizia/Turn 9/TalkWithManus,Adarfo Sotelato,en,「憲法の草案が完成しました。RPPと改革派連合は、我々が承認を下すのを待っています。」
0x010000B800001C55,442,291,Rizia/Turn 9/TalkWithManus,Adarfo Sotelato,en,「憲法の草案が完成しました。RPPと改革派連合は、我々が承認を下すのを待っています。」
0x010000B800001C68,442,295,Rizia/Turn 9/TalkWithManus,Adarfo Sotelato,en,「しかし何よりも重要なのは……陛下、新たな情報が入っております。」
0x010000B800001C77,442,299,Rizia/Turn 9/TalkWithManus,Narrator,en,マヌスが心配そうに私を見つめている間、アダルフォ・ソテラートの目には何か企みの光が宿っているのが見えた。
0x010000B800001C8E,442,300,Rizia/Turn 9/TalkWithManus,Narrator,en,彼の目は心配で見開かれた。
0x010000B800001C99,442,304,Rizia/Turn 9/TalkWithManus,Narrator,en,マヌスは心配そうに私を見つめたが、アダルフォ・ソテラートの目には明らかな光輝があった。
0x010000B800001CB0,442,308,Rizia/Turn 9/TalkWithManus,Adarfo Sotelato,en,「私は同意しません。直接攻撃を検討する必要があります。ただし、アルカシアの治安部隊の介入には賛成できません。」
0x010000B800001CB7,442,309,Rizia/Turn 9/TalkWithManus,Player_Romus,en,「我々は革命ではなく、改革のためにここにいる。王権に対してもっと敬意を持つよう忠告する。」
0x010000B800001CCB,442,316,Rizia/Turn 9/TalkWithManus,Adarfo Sotelato,en,「私もまた、国王陛下の親衛隊をこの件に巻き込むことは賛成いたしません。ですが、より断固とした手段を検討する価値はあると思います。」
0x010000B800001CDA,442,320,Rizia/Turn 9/TalkWithManus,Adarfo Sotelato,en,「もし我々が民衆を味方につけることができれば、彼らは決して反対する勇気など持てないでしょう。それは十分に可能だと私は思います。」
0x010000B800001CE9,442,324,Rizia/Turn 9/TalkWithManus,Player_Romus,en,「ソテラートさん、あなたはどう思うか？」
0x010000B800001CF1,442,325,Rizia/Turn 9/TalkWithManus,Adarfo Sotelato,en,「もし彼らが交渉に応じようとしないのであれば……」
0x010000B800001CF8,442,326,Rizia/Turn 9/TalkWithManus,Adarfo Sotelato,en,「そのような攻撃に関する選択肢を検討する上で、私が助力を差し出すことができます。」
0x010000B800001CFF,442,327,Rizia/Turn 9/TalkWithManus,Narrator,en,マヌスは敗北感に満ちた表情で我々を見つめていた。
0x010000B800001D06,442,328,Rizia/Turn 9/TalkWithManus,Manus Sazon,en,「このやり方は間違っております。」
0x010000B800001D16,442,332,Rizia/Turn 9/TalkWithManus,Adarfo Sotelato,en,「民衆たちはすでに街頭に集まり、我々に即時の対応を求めています。」
0x010000B800001D1C,442,333,Rizia/Turn 9/TalkWithManus,Adarfo Sotelato,en,「何百万人もの民が我々を支える準備ができているというのに、なぜ王室が自らの意図を隠す必要があるのか、私には理解できません。」
0x010000B800001D23,442,334,Rizia/Turn 9/TalkWithManus,Adarfo Sotelato,en,「貴族たちの力など誇張されているだけです。真の力は民衆にあるのです。」
0x010000B800001D32,442,335,Rizia/Turn 9/TalkWithManus,Narrator,en,マヌスは一歩近づき、毅然としつつも落ち着いた口調で話した。
0x010000B800001D4D,442,340,Rizia/Turn 9/TalkWithManus,Player_Romus,en,「よろしい。では、今度はアダルフォ・ソテラート氏とだけ話をしたいのだ。」
0x010000B800001D63,442,344,Rizia/Turn 9/TalkWithManus,Manus Sazon,en,「陛下、お時間をいただきありがとうございます。」
0x010000B800001D6F,442,345,Rizia/Turn 9/TalkWithManus,Adarfo Sotelato,en,「陛下、去る前にもう一度だけお話ししてもよろしいでしょうか。ストライキに関して陛下が求めておられる解決策は、我々の革命を志す同胞たちが提供できると思います。」
0x010000B800001D8B,442,353,Rizia/Turn 9/TalkWithManus,Adarfo Sotelato,en,「まさに私の考えと同じです、陛下。」
0x010000B800001D92,442,354,Rizia/Turn 9/TalkWithManus,Manus Sazon,en,「その件は手配できますが、他の諸家をさらに不安にさせるかもしれません。」
0x010000B800001D9A,442,355,Rizia/Turn 9/TalkWithManus,Manus Sazon,en,「私も同感だ。」
0x010000B800001DA8,442,359,Rizia/Turn 9/TalkWithManus,Manus Sazon,en,「そうであってほしいですね。」
0x010000B800001DB0,442,360,Rizia/Turn 9/TalkWithManus,Adarfo Sotelato,en,「陛下、我々が既に定め、ご同意いただきました赤線以外ではです。」
0x010000B800001DB7,442,361,Rizia/Turn 9/TalkWithManus,Adarfo Sotelato,en,「恐れ入りますが、彼らには受け入れるしか選択肢がないようです。」
0x010000B800001DCB,442,364,Rizia/Turn 9/TalkWithManus,Player_Romus,en,「まさに私が望んでいるのはそのことだ。彼らを恐怖で屈服させるのだ。」
0x010000B800001DD2,442,365,Rizia/Turn 9/TalkWithManus,Player_Romus,en,「よく考えてみれば、あのような騒ぎを起こすリスクは取る価値がないかもしれない。交渉が混乱に陥るのは望まない。」
0x010000B800001DD9,442,366,Rizia/Turn 9/TalkWithManus,Player_Romus,en,「それを実行してもらいたい。」
0x010000B800001DE2,442,367,Rizia/Turn 9/TalkWithManus,Manus Sazon,en,「承知いたしました、陛下。」
0x010000B800001DEF,442,371,Rizia/Turn 9/TalkWithManus,Adarfo Sotelato,en,「喜んで承ります、陛下。」
0x010000B800001DFA,442,372,Rizia/Turn 9/TalkWithManus,Manus Sazon,en,「陛下、そうおっしゃるならば。」
0x010000B800001E0A,442,374,Rizia/Turn 9/TalkWithManus,Player_Romus,en,「あなたの過激さと譲れない線が、我々の改革の妨げになっていることに気づいているか？」
0x010000B800001E11,442,375,Rizia/Turn 9/TalkWithManus,Player_Romus,en,「あなたの要求のせいで状況はさらに悪化したようだ。彼らがこれを受け入れない可能性が高い。」
0x010000B800001E18,442,376,Rizia/Turn 9/TalkWithManus,Player_Romus,en,「私は全力を尽くして彼らを説得するが、やはり反対票を投じる権利は彼らにある。」
0x010000B800001E2E,442,377,Rizia/Turn 9/TalkWithManus,Narrator,en,マヌスは私と手を握り、お辞儀をして去っていった。
0x010000B800001E36,442,378,Rizia/Turn 9/TalkWithManus,Narrator,en,マヌスは私と手を握り、お辞儀をして去っていった。
0x010000B800001E3D,442,379,Rizia/Turn 9/TalkWithManus,Narrator,en,マヌスは私と手を握り、お辞儀をして去っていった。
0x010000B800001E47,442,380,Rizia/Turn 9/TalkWithManus,Manus Sazon,en,「かしこまりました。」
0x010000B800001E4F,442,381,Rizia/Turn 9/TalkWithManus,Adarfo Sotelato,en,「陛下、あなたが極端主義と呼ぶその考えこそが、そもそも我々をこの状況に追い込んだのです。それがなければ、こんな会話すら成立しませんでした。」
0x010000B800001E56,442,382,Rizia/Turn 9/TalkWithManus,Adarfo Sotelato,en,「これらの要求は恣意的なものではありません。真の改革のためには必要不可欠なのです。もし彼らが同意しないのであれば、我々はより強力な手段を講じる覚悟をしなければなりません。」
0x010000B800001E5D,442,383,Rizia/Turn 9/TalkWithManus,Adarfo Sotelato,en,「もし彼らがそうするなら、我々は断固として行動する準備をしなければなりません。そもそも民衆の意志を覆すための投票権など、彼らにはないはずです。」
0x010000B800001E64,442,384,Rizia/Turn 9/TalkWithManus,Adarfo Sotelato,en,「陛下、もし国王がこれらの改革に同意されるなら、彼らもまたそれを実行する力があるはずです。」
0x010000B800001E6F,442,385,Rizia/Turn 9/TalkWithManus,Narrator,en,彼はにやりと笑った。
0x010000B800001E89,442,395,Rizia/Turn 9/TalkWithManus,Manus Sazon,en,「その集まりでは特にアザロ家に警戒しておかねばなりません。」
0x010000B800001E90,442,396,Rizia/Turn 9/TalkWithManus,Manus Sazon,en,「その集会では、まず何よりも陛下のご自身の家柄にご注意ください。」
0x010000B800001E97,442,397,Rizia/Turn 9/TalkWithManus,Manus Sazon,en,「陛下、私の母上とその側近たちに力を集中されることをお勧めいたします。」
0x010000B800001E9E,442,398,Rizia/Turn 9/TalkWithManus,Manus Sazon,en,「恐れ入りますが、彼らはすでに我々を疑っているかもしれません。」
0x010000B800001EA7,442,399,Rizia/Turn 9/TalkWithManus,Manus Sazon,en,「正直に申し上げますと、陛下、今回の集会では何の問題も起こらないと思われます。」
0x010000B800001EB7,442,400,Rizia/Turn 9/TalkWithManus,Adarfo Sotelato,en,「この好機を利用して、変革を叫ぶ者たち自身によって打撃を与えるべきだと私は思います。陛下は側近たちにご自身の意図を隠しておられますが、間もなくすべての家系が一堂に会するでしょう...」
0x010000B800001EBE,442,401,Rizia/Turn 9/TalkWithManus,Adarfo Sotelato,en,「これ以上良くなるとは思えません。集会の外で支持者たちを結集させて圧力を高め、時が来たら彼らを中に入れましょう。」
0x010000B800001EC5,442,402,Rizia/Turn 9/TalkWithManus,Player_Romus,en,「私の計画には、ソテラートさんのあの『革命的』な軍勢は関与しない。」
0x010000B800001EE0,442,403,Rizia/Turn 9/TalkWithManus,Player_Romus,en,「まさに私が考えていた通りだ。」
0x010000B800001EE7,442,404,Rizia/Turn 9/TalkWithManus,Player_Romus,en,「それはあまりにも危険だ。私は自分の軍隊を使う方が良いと思う。」
0x010000B800001EEE,442,405,Rizia/Turn 9/TalkWithManus,Player_Romus,en,「確かにその可能性はある。たとえ攻撃を行わなくても、集会の外で支持者たちを集めることで改革の必要性を彼らに思い出させることができ、王室に迷惑をかけることもない。」
0x010000B800001F0C,442,406,Rizia/Turn 9/TalkWithManus,Adarfo Sotelato,en,「はっきりさせておきますが、民衆は成果が見えるまで止まることはありません。」
0x010000B800001F13,442,407,Rizia/Turn 9/TalkWithManus,Adarfo Sotelato,en,「陛下、民衆以外のどの勢力にも信頼を寄せるのは過ちでしょう。」
0x010000B800001F29,442,409,Rizia/Turn 9/TalkWithManus,Adarfo Sotelato,en,「集会でどのようなことを行おうとも、その後必ず憲法を発表しなければなりません。これ以上遅延するわけにはいきません――即座に行動しなければ！」
0x010000B800001F30,442,410,Rizia/Turn 9/TalkWithManus,Manus Sazon,en,「ご心配なく、ソテラートさん。王室の政治は陛下と私に任せてください。」
0x010000B800001F42,442,411,Rizia/Turn 9/TalkWithManus,Adarfo Sotelato,en,「では、私がそのように致します、陛下。」
0x010000B800001F65,442,420,Rizia/Turn 9/TalkWithManus,Manus Sazon,en,「その集まりでは特にアザロ家に警戒しておかねばなりません。」
0x010000B800001F6B,442,421,Rizia/Turn 9/TalkWithManus,Manus Sazon,en,「その集会では、まず何よりも陛下のご自身の家柄にご注意ください。」
0x010000B800001F77,442,422,Rizia/Turn 9/TalkWithManus,Manus Sazon,en,「会合の際には、陛下をお支えするため全力を尽くします。」
0x010000B800001F7D,442,423,Rizia/Turn 9/TalkWithManus,Manus Sazon,en,「恐れ入りますが、彼らはすでに最悪の事態に備えているかもしれません。」
0x010000B800001F92,442,427,Rizia/Turn 9/TalkWithManus,Manus Sazon,en,「陛下、ご自身がおっしゃった通りトラス家を説得していただければ、我々も準備を進めることができます。」
0x010000B800001FA0,442,431,Rizia/Turn 9/TalkWithManus,Manus Sazon,en,「陛下、ご自身がおっしゃった通りアザロ家を説得していただければ、我々も準備を進めることができます。」
0x010000B800001FAD,442,435,Rizia/Turn 9/TalkWithManus,Manus Sazon,en,「陛下、もしご自身がおっしゃった通り、トラス家とアザロ家の両方を説得していただければ、我々はすぐに行動を開始できます。」
0x010000B800001FBA,442,439,Rizia/Turn 9/TalkWithManus,Manus Sazon,en,「陛下、私としてはご努力を母上の方に集中されることをお勧めいたします。」
0x010000B800001FC1,442,440,Rizia/Turn 9/TalkWithManus,Manus Sazon,en,「残念ながら、彼女を説得する私の力には限界がございます。」
0x010000B800001FC8,442,441,Rizia/Turn 9/TalkWithManus,Manus Sazon,en,「確かに、交渉は困難を極めるでしょう。」
0x010000B800001FD5,442,442,Rizia/Turn 9/TalkWithManus,Player_Romus,en,「私は最善を尽くす。」
0x010000B800001FDB,442,443,Rizia/Turn 9/TalkWithManus,Player_Romus,en,「アドバイスをいただき、ありがとう。」
0x010000B800001FE3,442,444,Rizia/Turn 9/TalkWithManus,Manus Sazon,en,「陛下、今は女王様が受けるべき貢物をお渡しすることだけに専念してください。」
0x010000B800001FEA,442,445,Rizia/Turn 9/TalkWithManus,Player_Romus,en,「それが事実でないことを願っている。」
0x010000B800001FFD,442,449,Rizia/Turn 9/TalkWithManus,Adarfo Sotelato,en,「これまでのご行動で、陛下はそのことを証明してくださっています。私はそれに敬意を表します。」
0x010000B800002010,442,450,Rizia/Turn 9/TalkWithManus,Player_Romus,en,「心配しないでくれ。我々なら彼らを乗り越えることができる。」
0x010000B800002017,442,451,Rizia/Turn 9/TalkWithManus,Player_Romus,en,「我々か？いえ、それはだめだ。アダルフォ・ソテラート氏がそこにいるのを許すわけにはいかない。」
0x010000B800002034,442,458,Rizia/Turn 9/TalkWithManus,Manus Sazon,en,「会合の場では、陛下を全力でお支えいたします。」
0x010000B80000203D,442,459,Rizia/Turn 9/TalkWithManus,Player_Romus,en,「サゾン様、ありがとう。おそらくそれが必要になるだろう。」
0x010000B800002046,442,460,Rizia/Turn 9/TalkWithManus,Player_Romus,en,「あなたには頼れると思っている。」
0x010000B80000204D,442,461,Rizia/Turn 9/TalkWithManus,Manus Sazon,en,「もちろんです、陛下。私に任せてください。」
0x010000B80000205A,442,462,Rizia/Turn 9/TalkWithManus,Narrator,en,マヌスはうなずいた。
0x010000B800002065,442,463,Rizia/Turn 9/TalkWithManus,Adarfo Sotelato,en,「陛下、恐れ多くも申し上げますが、私は代議院の代議院議長であり、まさに我々が権限を与えようとしているその議会の者です。」
0x010000B80000206C,442,464,Rizia/Turn 9/TalkWithManus,Manus Sazon,en,「ええ……彼の言う通りです。提案を提出するためには彼がそこにいなければなりません。我々は既にこの件で協力し合うことで合意していますから。」
0x010000B800002073,442,465,Rizia/Turn 9/TalkWithManus,Adarfo Sotelato,en,「陛下、誠に恐れ入りますが、私はリジア人民党の党首であり、この改革の根幹を支えている人物です。」
0x010000B80000208B,442,466,Rizia/Turn 9/TalkWithManus,Player_Romus,en,「その通りだ。議長は国民を代表するために必ずそこにいなければならない。」
0x010000B800002099,442,470,Rizia/Turn 9/TalkWithManus,Player_Romus,en,「その通りだ。彼は一般民衆の代表としてそこにいなければならない。」
0x010000B8000020A0,442,471,Rizia/Turn 9/TalkWithManus,Player_Romus,en,「貴方には貴族たちを扇動しないよう約束してほしいのだ。何があっても私の指示に従わなければならない。」
0x010000B8000020A7,442,472,Rizia/Turn 9/TalkWithManus,Player_Romus,en,「ここで大きな過ちを犯していないことを願っている。」
0x010000B8000020AE,442,473,Rizia/Turn 9/TalkWithManus,Adarfo Sotelato,en,「陛下、私にお任せください。」
0x010000B8000020B5,442,474,Rizia/Turn 9/TalkWithManus,Player_Romus,en,「よろしい。」
0x010000B8000020BC,442,475,Rizia/Turn 9/TalkWithManus,Player_Romus,en,「そうであってほしい。あなたの改革のために。」
0x010000B8000020C3,442,476,Rizia/Turn 9/TalkWithManus,Player_Romus,en,「いや、『約束する』とおっしゃるのを聞かなければならない。」
0x010000B8000020D8,442,477,Rizia/Turn 9/TalkWithManus,Adarfo Sotelato,en,「ああ、もちろんです！必ず彼らを扇動しないようにと約束します。」
0x010000B8000020DE,442,478,Rizia/Turn 9/TalkWithManus,Narrator,en,彼は困惑しているようだった。
0x010000B8000020E6,442,479,Rizia/Turn 9/TalkWithManus,Manus Sazon,en,「では、すべてが実行に移せる状態に整っていると思います。陛下、スタートの合図を出す前に何か最後のご意見はございますか？」
0x010000B8000020F5,442,480,Rizia/Turn 9/TalkWithManus,Adarfo Sotelato,en,「もちろんです。我々を信頼してください。」
0x010000B8000020FE,442,481,Rizia/Turn 9/TalkWithManus,Player_Romus,en,「いや、『約束する』とおっしゃるのを聞かなければならない。」
0x010000B800002105,442,482,Rizia/Turn 9/TalkWithManus,Adarfo Sotelato,en,「ああ、もちろんです！必ず約束いたします。」
0x010000B80000210B,442,483,Rizia/Turn 9/TalkWithManus,Narrator,en,彼は困惑しているようだった。
0x010000B800002114,442,484,Rizia/Turn 9/TalkWithManus,Adarfo Sotelato,en,「その通りです。」
0x010000B800002127,442,485,Rizia/Turn 9/TalkWithManus,Adarfo Sotelato,en,「サゾン様、すぐ後を追わせていただきます。最後に一度だけ陛下とお話ししたいのです。」
0x010000B80000212E,442,486,Rizia/Turn 9/TalkWithManus,Narrator,en,マヌスは去りながら、彼に気まずそうな視線を送った。
0x010000B800002135,442,487,Rizia/Turn 9/TalkWithManus,Player_Romus,en,「いや、ソテラートさん。あなたやあなたの仲間には関わってほしくない。私自身の軍隊で対処する。」
0x010000B80000214B,442,488,Rizia/Turn 9/TalkWithManus,Player_Romus,en,「わかった。私の耳はあなたのものだ。」
0x010000B800002152,442,489,Rizia/Turn 9/TalkWithManus,Player_Romus,en,「聞いている。」
0x010000B800002159,442,490,Rizia/Turn 9/TalkWithManus,Narrator,en,彼はより柔らかい声で話し始めた。
0x010000B800002162,442,491,Rizia/Turn 9/TalkWithManus,Adarfo Sotelato,en,「私であれば、貴方の部下たちに全貴族層と対決させることは信頼できません。」
0x010000B800002169,442,492,Rizia/Turn 9/TalkWithManus,Player_Romus,en,「私の考えは変わらない。」
0x010000B800002170,442,493,Rizia/Turn 9/TalkWithManus,Player_Romus,en,「心配することはない。私はこの国の誰よりも近衛兵を信頼している。」
0x010000B800002177,442,494,Rizia/Turn 9/TalkWithManus,Player_Romus,en,「おっしゃる通りかもしれない。では、詳しく聞かせてくれ。」
0x010000B80000217E,442,495,Rizia/Turn 9/TalkWithManus,Adarfo Sotelato,en,「ありがとう。」
0x010000B800002186,442,496,Rizia/Turn 9/TalkWithManus,Adarfo Sotelato,en,「そう致しよう。」
0x010000B80000218E,442,497,Rizia/Turn 9/TalkWithManus,Adarfo Sotelato,en,「お時間を割いて会ってくださり、ありがとうございます。」
0x010000B800002195,442,498,Rizia/Turn 9/TalkWithManus,Narrator,en,彼が去った後、大図書館の廊下を歩きながら出口に向かった。
0x010000B8000021A8,442,500,Rizia/Turn 9/TalkWithManus,Adarfo Sotelato,en,「陛下……」
0x010000B8000021CC,442,504,Rizia/Turn 9/TalkWithManus,Narrator,en,彼は再びその書類の山を指差した。
0x010000B8000021D6,442,505,Rizia/Turn 9/TalkWithManus,Manus Sazon,en,「ともかく、改革はすでに決定されており、陛下の誕生日を過ぎれば我々の計画も実行に移せる状態です。」
0x010000B8000021F4,442,509,Rizia/Turn 9/TalkWithManus,Player_Romus,en,「もし諸家がその提案を拒否したら、我々は譲歩せざるを得ない。最終的にそうなった場合、あなたはその現実を受け入れる覚悟ができているのか？」
0x010000B8000021FA,442,510,Rizia/Turn 9/TalkWithManus,Player_Romus,en,「何があっても私はこれらの改革を必ず実現させるということを、あなたに知っておいてほしい。たとえ彼らが提案を拒否したとしても、決して諦めてはならない。私はB案を用意するつもりだ。」
0x010000B80000221C,442,513,Rizia/Turn 9/TalkWithManus,Player_Romus,en,「いや、すぐに実行しよう。」
0x010000B800002228,442,517,Rizia/Turn 9/TalkWithManus,Narrator,en,私は集会の日のことや、どのようにしてそのような攻撃を実行するかについてずっと考え続けていた。
0x010000B80000222E,442,518,Rizia/Turn 9/TalkWithManus,Manus Sazon,en,「すぐにお手伝いいたします、陛下。」
0x010000B80000223B,442,522,Rizia/Turn 9/TalkWithManus,Adarfo Sotelato,en,「かしこまりました。すぐに手配いたします。」
0x010000B800002242,442,523,Rizia/Turn 9/TalkWithManus,Manus Sazon,en,「陛下、お時間をいただきありがとうございます。」
0x010000B800002249,442,524,Rizia/Turn 9/TalkWithManus,Adarfo Sotelato,en,「陛下、お話しできて光栄でございました。」
0x010000B800002251,442,525,Rizia/Turn 9/TalkWithManus,Player_Romus,en,「私としても光栄だ。同じ陣営でいられて嬉しい。」
0x010000B800002258,442,526,Rizia/Turn 9/TalkWithManus,Player_Romus,en,「皆様、ありがとう。新たなリジアでまた会おう。」
0x010000B80000225F,442,527,Rizia/Turn 9/TalkWithManus,Player_Romus,en,「お越しいただき、ありがとう。」
0x010000B800002266,442,528,Rizia/Turn 9/TalkWithManus,Player_Romus,en,「よろしい。会議はこれで終了としよう。」
0x010000B80000226F,442,529,Rizia/Turn 9/TalkWithManus,Player_Romus,en,「マヌス、外では十分気をつけてくれ。」
0x010000B800002281,442,533,Rizia/Turn 9/TalkWithManus,Narrator,en,マヌスは私と手を握り、お辞儀をして去っていった。
0x010000B80000228D,442,534,Rizia/Turn 9/TalkWithManus,Narrator,en,彼らは私と手を握り、お辞儀をして去っていった。
0x010000B8000022A7,442,537,Rizia/Turn 9/TalkWithManus,Narrator,en,彼らが去った後、大図書館の廊下を出口に向かって歩いた。
0x010000B8000022B8,442,541,Rizia/Turn 9/TalkWithManus,Narrator,en,私は母の誕生日を取り巻く出来事や、起こり得るあらゆる問題のことをずっと考え続けていた。
0x010000B8000022E4,442,542,Rizia/Turn 9/TalkWithManus,Narrator,en,私が建物を出て車のところへ向かっていると、ティトゥスが敬礼したまま立っており、私が無事に宮殿に戻れるよう見守っていた。
0x010000B80000235D,442,543,Rizia/Turn 9/TalkWithManus,Manus Sazon,en,「何を考えておられるのですか、陛下？」
0x010000B800002364,442,544,Rizia/Turn 9/TalkWithManus,Player_Romus,en,「その件は私に任せてくれ。私一人で解決する。」
0x010000B800002372,442,545,Rizia/Turn 9/TalkWithManus,Player_Romus,en,「もし外交が失敗すれば、何らかの手段で彼らに従わせるつもりだ。だが詳細までは知る必要はない。」
0x010000740000F5B3,442,549,Rizia/Turn 9/TalkWithManus,Adarfo Sotelato,en,「陛下、どれだけ譲歩なさっても構いませんが、そうなれば我々の協力は終わります。私はリジアの民を代表し続けます。」
0x010000740000F5BB,442,550,Rizia/Turn 9/TalkWithManus,Manus Sazon,en,「もちろんです、陛下。仕方なく受け入れるしかありません。」
0x010000740000F5C2,442,551,Rizia/Turn 9/TalkWithManus,Manus Sazon,en,「他に何もなければ、誰かが疑いを持つ前に出発した方がよろしいでしょう。陛下の近衛兵たちが調べに来るのは避けたいのです。」
0x010000740000F5D6,442,556,Rizia/Turn 9/TalkWithManus,Manus Sazon,en,「陛下……この件については既に話し合ったはずですが。」
0x010000740000F5DD,442,557,Rizia/Turn 9/TalkWithManus,Player_Romus,en,「あらゆる可能性に備えておかなければならない。これは単なる予防策に過ぎない。」
0x010000740000F5E4,442,558,Rizia/Turn 9/TalkWithManus,Player_Romus,en,「私を信じてくれ。すべてうまくいく。我々の外交計画は予定通り進行し、必要になって初めて直接的な手段を用いるだけだ。」
0x010000740000F5EC,442,559,Rizia/Turn 9/TalkWithManus,Player_Romus,en,「心配しないで、マヌス。これは私に任せておきなさい。」
0x010000740000F5F3,442,560,Rizia/Turn 9/TalkWithManus,Manus Sazon,en,「私……はい、陛下。」
0x010000740000F5FE,442,561,Rizia/Turn 9/TalkWithManus,Narrator,en,マヌスは時計を見た。
0x010000740000F612,442,566,Rizia/Turn 9/TalkWithManus,Adarfo Sotelato,en,「陛下、去る前にもう一度だけお話ししてもよろしいでしょうか。我々の革命を志す同胞たちが、この『計画B』の実行をお手伝いできると思います。」
0x010000740000F619,442,567,Rizia/Turn 9/TalkWithManus,Player_Romus,en,「よろしい。では、誰にも我々が一緒にいると見られないうちにここを離れなさい。」
0x010000740000F625,442,568,Rizia/Turn 9/TalkWithManus,Player_Romus,en,「マヌス、あなたに期待している。」
0x010000740000F630,442,572,Rizia/Turn 9/TalkWithManus,Player_Romus,en,「去る前に、アダルフォ・ソテラート氏とだけ二人きりで話をしたいのだ。」
0x010000740000F645,442,576,Rizia/Turn 9/TalkWithManus,Player_Romus,en,「両名には頼りにしている、閣下方。」
0x010000740000F64C,442,577,Rizia/Turn 9/TalkWithManus,Player_Romus,en,「承知した。では、当面は会議を中断しよう。」
0x010000740000F65F,442,581,Rizia/Turn 9/TalkWithManus,Manus Sazon,en,「陛下、お時間をいただきありがとうございます。」
0x010000740000F665,442,582,Rizia/Turn 9/TalkWithManus,Adarfo Sotelato,en,「陛下、お話しできて光栄でございました。」
0x010000740000F670,442,583,Rizia/Turn 9/TalkWithManus,Player_Romus,en,「もし何か企んだなら、その罪で逮捕されることになる。」
0x010000740000F676,442,584,Rizia/Turn 9/TalkWithManus,Player_Romus,en,「あなたに誰かを代表するのをやめるよう頼んでいる者はいない。だが、もし王室に対して民衆を扇動しようとすれば、大きな問題に直面することになる。」
0x010000740000F67E,442,585,Rizia/Turn 9/TalkWithManus,Player_Romus,en,「法的な手続きを経ていただければ、問題はございません。」
0x010000740000F685,442,586,Rizia/Turn 9/TalkWithManus,Player_Romus,en,「よろしい。決してシステムに圧力をかけ続けるのをやめてはならん。」
0x010000740000F6A1,442,587,Rizia/Turn 9/TalkWithManus,Narrator,en,アダルフォ・ソテラートは黙って頷いて応えた。
0x010000740000F6B2,442,588,Rizia/Turn 9/TalkWithManus,Narrator,en,マヌスは私と手を握り、お辞儀をして去っていった。
0x010000740000F6C8,442,590,Rizia/Turn 9/TalkWithManus,Player_Romus,en,「お察しするが……代わりに私にあなたを信頼してほしいということだろうか。」
0x010000740000F6CF,442,591,Rizia/Turn 9/TalkWithManus,Adarfo Sotelato,en,「いえ。陛下、リジアの未来を民に託してほしいのです。」
0x010000740000F6D9,442,592,Rizia/Turn 9/TalkWithManus,Adarfo Sotelato,en,「集まりの外で民衆を結集させるようにとおっしゃいましたね...」
0x010000740000F700,442,602,Rizia/Turn 9/TalkWithManus,Adarfo Sotelato,en,「この『B案』については、革命運動が陛下のお力となれると思われます。」
0x010000740000F706,442,603,Rizia/Turn 9/TalkWithManus,Adarfo Sotelato,en,「このストライキにおいては、革命運動が陛下のお力となれると考えます。」
0x010000740000F70E,442,604,Rizia/Turn 9/TalkWithManus,Player_Romus,en,「どのようにしてですか？」
0x010000740000F714,442,605,Rizia/Turn 9/TalkWithManus,Player_Romus,en,「それこそが、私があなたと話し合いたかったことだ。」
0x010000740000F71A,442,606,Rizia/Turn 9/TalkWithManus,Player_Romus,en,「聞いている。」
0x010000740000F729,442,607,Rizia/Turn 9/TalkWithManus,Adarfo Sotelato,en,「この提案を貴族たちが拒否することは許されません。私もその点に同意します。」
0x010000740000F730,442,608,Rizia/Turn 9/TalkWithManus,Adarfo Sotelato,en,「陛下、すでに王室の近衛兵たちを信用して貴族層に対処させることはできないと分かっております。」
0x010000740000F739,442,609,Rizia/Turn 9/TalkWithManus,Adarfo Sotelato,en,「もし何とかして近衛兵の警備計画を手に入れ、その弱点を利用して彼らの内部に潜入できるとしたら……」
0x010000740000F740,442,610,Rizia/Turn 9/TalkWithManus,Adarfo Sotelato,en,「その後、我々の部下の一人が『うっかり』建物の裏口を開けたままにしてしまい、仲間たちが中に入ることができました...」
0x010000740000F747,442,611,Rizia/Turn 9/TalkWithManus,Adarfo Sotelato,en,「陛下、行動を起こさせたい時期やタイミングが決まりましたら、我々に合図をお送りください。」
0x010000740000F74E,442,612,Rizia/Turn 9/TalkWithManus,Adarfo Sotelato,en,「そうすれば一気に乗り込んで、変革に反対する者たちを即座に無力化できます。その場ですぐに。」
0x010000740000F755,442,613,Rizia/Turn 9/TalkWithManus,Player_Romus,en,「その案、気に入った。」
0x010000740000F75B,442,614,Rizia/Turn 9/TalkWithManus,Player_Romus,en,「私の部下たちの方が信頼できるか、あなた方の者たちの方が信頼できるか、よく分からないのだ。」
0x010000740000F763,442,615,Rizia/Turn 9/TalkWithManus,Player_Romus,en,「正気か？母上の誕生日にあなたのような者やその仲間どもを中に入れるわけにはいかない。」
0x010000740000F76A,442,616,Rizia/Turn 9/TalkWithManus,Player_Romus,en,「ティトゥスにこのような重要な安全上の問題を見過ごしてもらえるかどうか分からない。我々の意図について彼に伝える必要があるかもしれない。」
0x010000740000F771,442,617,Rizia/Turn 9/TalkWithManus,Player_Romus,en,「保安計画の書類を用意して差し上げる。問題ない。」
0x010000740000F778,442,618,Rizia/Turn 9/TalkWithManus,Adarfo Sotelato,en,「もしそれができるのであれば、我々は万事うまくいくでしょう。」
0x010000740000F77F,442,619,Rizia/Turn 9/TalkWithManus,Adarfo Sotelato,en,「陛下、どうかお信じください。いかなる状況下でも、この件は近衛兵には委ねられません。」
0x010000740000F786,442,620,Rizia/Turn 9/TalkWithManus,Adarfo Sotelato,en,「セキュリティ計画をすぐに用意してくれ。そして、予防措置はできるだけ最小限に抑えるよう最善を尽くせ。」
0x010000740000F78E,442,621,Rizia/Turn 9/TalkWithManus,Adarfo Sotelato,en,「残りのことは我々がやります。」
0x010000740000F796,442,622,Rizia/Turn 9/TalkWithManus,Adarfo Sotelato,en,「近衛兵を信頼するのであれば、それは大きな間違いと言えます。」
0x010000740000F7A5,442,623,Rizia/Turn 9/TalkWithManus,Player_Romus,en,「ですが、私は全力を尽くしてその保安計画を手に入れて差し上げる。さあ、やろう。」
0x010000740000F7AC,442,624,Rizia/Turn 9/TalkWithManus,Player_Romus,en,「近衛兵についてはあなたの言う通りかもしれないが、それで私があなたをより信頼するわけではない。この件においてはあなたと協力しない。」
0x010000740000F7B3,442,625,Rizia/Turn 9/TalkWithManus,Player_Romus,en,「心配することはない。私はこの国の誰よりも近衛兵を信頼している。」
0x010000740000F7BB,442,626,Rizia/Turn 9/TalkWithManus,Narrator,en,彼は顔をしかめた。
0x010000740000F7C3,442,627,Rizia/Turn 9/TalkWithManus,Player_Romus,en,「私はあなたの民を中に入れるために全力を尽くす。さあ、やってみよう。」
0x010000740000F7C9,442,628,Rizia/Turn 9/TalkWithManus,Player_Romus,en,「素晴らしい。では直ちに必要な準備を進めてくれ。」
0x010000740000F7D2,442,629,Rizia/Turn 9/TalkWithManus,Adarfo Sotelato,en,「ええと……陛下、私は以前から警告しておりました。」
0x010000740000F7DA,442,630,Rizia/Turn 9/TalkWithManus,Adarfo Sotelato,en,「素晴らしい。すぐに手配いたします。」
0x010000740000F7F6,442,632,Rizia/Turn 9/TalkWithManus,Player_Romus,en,「我々の改革が成功すれば、そのようになるだろう。」
0x010000740000F805,442,633,Rizia/Turn 9/TalkWithManus,Adarfo Sotelato,en,「はい。『もし』です。」
0x010000740000F80F,442,634,Rizia/Turn 9/TalkWithManus,Player_Romus,en,「では、話を聞かせてくれ。」
0x010000740000F818,442,635,Rizia/Turn 9/TalkWithManus,Player_Romus,en,「心配しないでくれ。うまくいく。」
0x010000740000F820,442,636,Rizia/Turn 9/TalkWithManus,Narrator,en,彼は私に素早く、気軽なお辞儀をした。
0x010000740000F828,442,637,Rizia/Turn 9/TalkWithManus,Manus Sazon,en,「私は裏口でお待ちしております。」
0x010000740000F830,442,638,Rizia/Turn 9/TalkWithManus,Manus Sazon,en,「私は陛下が建物を出るまで裏口でお待ちしております。」
0x010000740000F839,442,639,Rizia/Turn 9/TalkWithManus,Adarfo Sotelato,en,「陛下が建物を出るまで、我々は裏口でお待ちしております。」
0x010000740000F841,442,640,Rizia/Turn 9/TalkWithManus,Adarfo Sotelato,en,「陛下が建物を出るまで、我々は裏口でお待ちしております。」
0x010000740000F849,442,641,Rizia/Turn 9/TalkWithManus,Manus Sazon,en,「私は陛下が建物を出るまで裏口でお待ちしております。」
0x010000740000F855,442,642,Rizia/Turn 9/TalkWithManus,Narrator,en,私はその集会の日のことや、『B案』を用意すべきかどうかについてずっと考え続けていた。
0x010000740000F85F,442,643,Rizia/Turn 9/TalkWithManus,Narrator,en,しかし、宮殿からまたは車の無線回線を通じて彼に連絡を取るのはあまりにも危険だった。貴族たちが至る所に耳を持っている可能性が高かったからだ。
0x010000B8000026CE,442,647,Rizia/Turn 9/TalkWithManus,Player_Romus,en,「必ずしもそうとは限らない。私にはこれを手伝ってくれる他の友人たちがおりる。裕福な者たちだ。」
0x010000B8000026DC,442,651,Rizia/Turn 9/TalkWithManus,Manus Sazon,en,「ラスティですか？」
0x010000B8000026E4,442,652,Rizia/Turn 9/TalkWithManus,Adarfo Sotelato,en,「陛下、私の言い方は正しかったでしょうか？何か忘れている言葉はありますか？」
0x010000B8000026ED,442,653,Rizia/Turn 9/TalkWithManus,Narrator,en,マヌスがすぐに口を挟んだ。
0x010000B8000026F5,442,654,Rizia/Turn 9/TalkWithManus,Manus Sazon,en,「陛下……近衛兵を王室諸家に対して投入しようとなさるおつもりではないのですよね……」
0x010000B8000026FD,442,655,Rizia/Turn 9/TalkWithManus,Player_Romus,en,「マヌス、私の言うことは聞いたね。どうか事を難しくしないでくれ。」
0x010000B800002703,442,656,Rizia/Turn 9/TalkWithManus,Player_Romus,en,「あなたが近衛兵を信用していないのは分かっている。だが、他に方法がないのだ。」
0x010000B800002709,442,657,Rizia/Turn 9/TalkWithManus,Player_Romus,en,「マヌス、あなたが暴力に反対していることは存じている。だがどうか、この件は国王に処理させてくれ。」
0x010000B800002717,442,661,Rizia/Turn 9/TalkWithManus,Player_Romus,en,「必ずしもそうとは限らない。私にはこれを手伝ってくれる他の友人たちがおりる。裕福な者たちだ。」
0x010000B800002723,442,662,Rizia/Turn 9/TalkWithManus,Manus Sazon,en,「陛下……王国を民主化するために、このような法外な手段に訴えるべきではないと私は思います…」
0x010000B800002764,442,663,Rizia/Turn 9/TalkWithManus,Narrator,en,我々は握手を交わした。
0x010000B80000276B,442,664,Rizia/Turn 9/TalkWithManus,Adarfo Sotelato,en,「私は陛下が建物を出るまで裏口でお待ちしております。」
0x010000B800002771,442,665,Rizia/Turn 9/TalkWithManus,Adarfo Sotelato,en,「陛下、お時間をいただきありがとうございます。ご近衛兵の方々が疑念を抱く前に、我々は出発しなければなりません。」
0x010000B80000277E,442,667,Rizia/Turn 9/TalkWithManus,Narrator,en,彼が去った後、大図書館の廊下を歩きながら出口に向かった。
0x010000740000F890,442,674,Rizia/Turn 9/TalkWithManus,Narrator,en,私はしばらく足を止め、これから行われる集会や起こり得るあらゆる問題について考えた。
0x010000740000F897,442,675,Rizia/Turn 9/TalkWithManus,Player_Romus,en,「ティトゥス、先にあるガソリンスタンドまで連れて行ってくれ。」
0x010000520006820C,442,676,Rizia/Turn 9/TalkWithManus,Adarfo Sotelato,en,「私も同じく、陛下。」
0x0100005200068214,442,677,Rizia/Turn 9/TalkWithManus,Narrator,en,私は自分の称号を囲む引用符の音までほとんど聞こえるようだった。
0x0100005200068221,442,681,Rizia/Turn 9/TalkWithManus,Adarfo Sotelato,en,「二人のマレニエフ主義者、ですか？もし私の間違いでなければ。しかしいずれにせよ……」
0x0100005200068228,442,682,Rizia/Turn 9/TalkWithManus,Adarfo Sotelato,en,「まあ、一国の民衆が十分な力を集めて君主に立ち向かえる日というものはそう滅多にありません。」
0x010000520006822F,442,683,Rizia/Turn 9/TalkWithManus,Adarfo Sotelato,en,「まさに異常な時代ですね。」
0x010000520006823E,442,687,Rizia/Turn 9/TalkWithManus,Manus Sazon,en,「陛下、この場所でお会いいただき、誠に感謝しております。女王陛下、つまり祖母様の誕生日の準備にご迷惑をかけたくなかったのです。今が陛下にとって多忙な時期であることは承知しております。」
0x010000520006824C,442,691,Rizia/Turn 9/TalkWithManus,Manus Sazon,en,「こちらでお会いしていただき、感謝いたします。女王陛下、つまり祖母様の誕生日準備の邪魔をしたくなかったのです。今が陛下にとって多忙な時期であることは承知しております。」
0x0100005200068258,442,692,Rizia/Turn 9/TalkWithManus,Player_Romus,en,「ああ、あなたは彼女に何をプレゼントするつもりか？彼女が香りのするキャンドルを嫌っていることを考慮してくれ。」
0x0100005200068267,442,696,Rizia/Turn 9/TalkWithManus,Narrator,en,マヌスの顔には落胆の色が浮かんだ。
0x010000520006826E,442,697,Rizia/Turn 9/TalkWithManus,Manus Sazon,en,「私は……まだ決めておりません。」
0x010000740000FC23,442,698,Rizia/Turn 9/TalkWithManus,Manus Sazon,en,「私は……」
0x010000740000FC2A,442,699,Rizia/Turn 9/TalkWithManus,Manus Sazon,en,「陛下、私もそちらに参ります。」
0x010000740000FC34,442,700,Rizia/Turn 9/TalkWithManus,Narrator,en,近くの街灯から漏れる薄暗い光が彼の顔に影を落とし、表情を読み取るのは難しかった。しかし私が車に近づくと、彼の目には静かで警戒心に満ちた疑念があることを感じ取ることができた。
0x010000740000FC3B,442,701,Rizia/Turn 9/TalkWithManus,Narrator,en,近くの街灯から漏れる薄暗い光が彼の顔に影を落とし、表情を読み取るのは難しかった。しかし私が車に近づくと、彼の目には静かで警戒心に満ちた疑念があることを感じ取ることができた。
0x010000740000FC46,442,702,Rizia/Turn 9/TalkWithManus,Narrator,en,私はしばらく間を置き、彼の疑念を招かずにティトゥスから会合の警備計画を手に入れる方法を考えた。
0x010000740000FC5A,442,706,Rizia/Turn 9/TalkWithManus,Manus Sazon,en,「近衛兵は決して君主制に背くことはありません。彼らを信頼するのは極めて愚かな行為でしょう。」
0x010000740000FC6F,442,707,Rizia/Turn 9/TalkWithManus,Manus Sazon,en,「陛下、どうかお許しください。私も陛下と同じく改革を望んでおりますが、暴力的な手段には断じて賛成できません。」
0x010000740000FC7F,442,708,Rizia/Turn 9/TalkWithManus,Player_Romus,en,「ティトゥス、数ブロック先まで車を走らせてそこで待っていてくれ。少し時間をかけて考えを整理したいのだ。」
0x010000740000FC86,442,709,Rizia/Turn 9/TalkWithManus,Player_Romus,en,「ティトゥス、話をしよう。」
0x010000740000FC95,442,713,Rizia/Turn 9/TalkWithManus,Player_Romus,en,「宮殿に戻ろう。」
0x010000740000FC9D,442,714,Rizia/Turn 9/TalkWithManus,Narrator,en,彼は私が後部座席に乗り込む間、ドアを開けたままにしていた。
0x010000740000FCAB,442,716,Rizia/Turn 9/TalkWithManus,Titus Gordion,en,「給油所ですか？この時間に？」
0x010000740000FCB2,442,717,Rizia/Turn 9/TalkWithManus,Player_Romus,en,「処理しなければならないことがある。」
0x010000740000FCB9,442,718,Rizia/Turn 9/TalkWithManus,Player_Romus,en,「そこの店主とは私的な用件があり、それを処理しなければならない。」
0x010000740000FCC0,442,719,Rizia/Turn 9/TalkWithManus,Player_Romus,en,「あそこには私が使わなければならない公衆電話があり、我々の通常の回線とは接続されていないものだ。」
0x010000740000FCC7,442,720,Rizia/Turn 9/TalkWithManus,Titus Gordion,en,「陛下、車の燃料タンクは満タンです。陛下がお求めになるものであれば、どんなものでも宮殿まで持ってくることができます。」
0x010000740000FCCE,442,721,Rizia/Turn 9/TalkWithManus,Titus Gordion,en,「ガソリンスタンドの経営主とご関係があるとは存じませんでした。陛下、宮殿に戻ってからでも構わないのではありませんか？」
0x010000740000FCD5,442,722,Rizia/Turn 9/TalkWithManus,Titus Gordion,en,「そのような慎重さが求められる事柄は、より安全な手段を通じて処理できるものです。追跡不可能な宮殿内専用回線を手配することも可能です。」
0x010000740000FCDC,442,723,Rizia/Turn 9/TalkWithManus,Titus Gordion,en,「公爵様、公衆電話ですか？」
0x010000740000FCE4,442,724,Rizia/Turn 9/TalkWithManus,Titus Gordion,en,「陛下、恐れ入りますが、これは保護者としての役割に反する行為でございます。」
0x010000740000FCEB,442,725,Rizia/Turn 9/TalkWithManus,Titus Gordion,en,「ここはあまり安全な場所とは言えません、特に夜中の今となっては。」
0x010000740000FCF2,442,726,Rizia/Turn 9/TalkWithManus,Player_Romus,en,「この集会については考慮すべきことが山ほどある。たとえ王であっても、時には誰の目にも触れずに頭を整理する時間が必要なのだ。」
0x010000740000FCF9,442,727,Rizia/Turn 9/TalkWithManus,Player_Romus,en,「ティトゥス、私から命令を出す。一ブロック先まで行ってそこで待っていろ。」
0x010000740000FD00,442,728,Rizia/Turn 9/TalkWithManus,Player_Romus,en,「すぐに終わらせる。少しの間だけ一人にしていただき、心を整えさせてくれ。」
0x010000740000FD08,442,729,Rizia/Turn 9/TalkWithManus,Player_Romus,en,「私は用事を済ませなければならないと申した、ティトゥス。すぐにそこへ連れて行ってくれ。」
0x010000740000FD0F,442,730,Rizia/Turn 9/TalkWithManus,Player_Romus,en,「それは必要だ。私はトイレに行きたいのだ。」
0x010000740000FD18,442,731,Rizia/Turn 9/TalkWithManus,Player_Romus,en,「実はそれは些細なことだ。できるだけ騒ぎを起こさず、ここで今すぐ処理するのが最善だ。数分間だけ時間をいただければ十分だ。」
0x010000740000FD20,442,732,Rizia/Turn 9/TalkWithManus,Player_Romus,en,「いや、今すぐ彼と話したいのだ。すぐ終わる。」
0x010000740000FD27,442,733,Rizia/Turn 9/TalkWithManus,Player_Romus,en,「宮殿内の通信回線でさえも、扱うにはあまりに敏感な事柄がある。」
0x010000740000FD2E,442,734,Rizia/Turn 9/TalkWithManus,Player_Romus,en,「ティトゥス、これは議論の余地がない。私にも説明できない理由があるのだ。」
0x010000740000FD35,442,735,Rizia/Turn 9/TalkWithManus,Player_Romus,en,「ティトゥス、私から命令を出す。今すぐ駅に向かい、車の中で私を待っていろ。」
0x010000740000FD61,442,742,Rizia/Turn 9/TalkWithManus,Titus Gordion,en,「陛下、もしプライバシーが必要でしたら、警備が万全な宮殿に戻りましょう。」
0x010000740000FD67,442,743,Rizia/Turn 9/TalkWithManus,Titus Gordion,en,「陛下、私がただ一人で陛下をお見捨てになるわけにはまいりません。」
0x010000740000FD78,442,744,Rizia/Turn 9/TalkWithManus,Player_Romus,en,「今はまだ宮殿に戻りたくない。少し一人になって考えたいのだ。すぐに戻る。」
0x010000740000FD9F,442,745,Rizia/Turn 9/TalkWithManus,Narrator,en,私は少し間を置き、自分の計画のためにパラントルの力を借りるというラスティの提案を検討した。近衛兵を動員しなくて済む唯一の方法だったからである。
0x010000740000FDA7,442,746,Rizia/Turn 9/TalkWithManus,Player_Romus,en,「少し私的な電話をかけるだけだ。」
0x010000740000FDAE,442,747,Rizia/Turn 9/TalkWithManus,Titus Gordion,en,「もちろんです、陛下。お席にある車のラジオをご自由にお使いください。」
0x010000740000FDBB,442,748,Rizia/Turn 9/TalkWithManus,Player_Romus,en,「私が電話をかける間、車の中でお待ちいただきたいのだ。」
0x010000740000FDC2,442,749,Rizia/Turn 9/TalkWithManus,Narrator,en,私が近づくと、彼は私にうなずいた。その時、街灯の後ろに隠された公衆電話が目に入った。
0x010000740000FDD0,442,750,Rizia/Turn 9/TalkWithManus,Narrator,en,私は彼の背後にある公衆電話を指差した。ティトゥスはその方角に目を向け、姿勢がわずかにこわばった。
0x010000740000FDD7,442,751,Rizia/Turn 9/TalkWithManus,Titus Gordion,en,「申し訳ありません、陛下、よく理解できません。後部座席にある専用無線回線をご利用ください。」
0x010000740000FDDE,442,752,Rizia/Turn 9/TalkWithManus,Player_Romus,en,「ああ、だがこちらに私が使わなければならない公衆電話がありまして、我々の通常の回線とは接続されていないものだ。」
0x010000740000FDE4,442,753,Rizia/Turn 9/TalkWithManus,Titus Gordion,en,「防音窓を下ろすことができます。」
0x010000740000FDED,442,754,Rizia/Turn 9/TalkWithManus,Player_Romus,en,「いや、ティトゥス。これは私的な用件であり、安全な回線をそれのために使ってほしくないのだ。」
0x010000740000FDFC,442,755,Rizia/Turn 9/TalkWithManus,Titus Gordion,en,「陛下、恐れ多くも申し上げますが、近衛兵は単なる便宜のために存在しているわけではありません。我々の役割は常に陛下を見守ることです。」
0x010000740000FE03,442,756,Rizia/Turn 9/TalkWithManus,Titus Gordion,en,「もし何か悩み事がございましたら、宮殿の安全な場所でご相談くださいますようお願い申し上げます。」
0x010000740000FE12,442,757,Rizia/Turn 9/TalkWithManus,Titus Gordion,en,「そのような慎重さが求められる事柄は、より安全な手段を通じて処理できるものです。追跡不可能な宮殿内専用回線を手配することも可能です。」
0x010000740000FE18,442,758,Rizia/Turn 9/TalkWithManus,Titus Gordion,en,「公爵様、公衆電話ですか？」
0x010000740000FE25,442,760,Rizia/Turn 9/TalkWithManus,Player_Romus,en,「いや。私はその電話を使わなければならず、今すぐ行う必要がある。宮殿内の回線でさえも対応しきれないほど、敏感な問題もあるのだ。」
0x010000740000FE2B,442,761,Rizia/Turn 9/TalkWithManus,Player_Romus,en,「ティトゥス、これは議論の余地がない。説明できない理由があるのだが、私を信じてほしい。」
0x010000740000FE48,442,763,Rizia/Turn 9/TalkWithManus,Player_Romus,en,「何事においても私に反論しなければならないのか？議論を求めているわけではない。私に少し余裕を与えるよう命じているのだ。はっきりしたか？」
0x010000740000FE4F,442,764,Rizia/Turn 9/TalkWithManus,Narrator,en,ティトゥスの表情は厳しくなり、唇が細い線のように結ばれた。
0x010000740000FE5D,442,766,Rizia/Turn 9/TalkWithManus,Player_Romus,en,「何でもかんでも私に反論しなければならないのか？これは議論の余地などない。私に少し距離を置くよう命じる。もう分かったか？」
0x010000740000FE65,442,767,Rizia/Turn 9/TalkWithManus,Titus Gordion,en,「陛下のご命令の通りにいたします。」
0x010000740000FE6C,442,768,Rizia/Turn 9/TalkWithManus,Titus Gordion,en,「しかし、近衛兵の長として申し上げますが、これは私の専門知識に反する行為です。」
0x010000740000FE73,442,769,Rizia/Turn 9/TalkWithManus,Narrator,en,ティトゥスは目を細め、不安がにじむ厳しい声で返事をした。
0x010000740000FE79,442,770,Rizia/Turn 9/TalkWithManus,Titus Gordion,en,「陛下のご命令の通りにいたします。」
0x010000740000FE82,442,771,Rizia/Turn 9/TalkWithManus,Titus Gordion,en,「私は車の中で待機しますが、周囲の様子を見張っておきます。」
0x010000740000FE90,442,772,Rizia/Turn 9/TalkWithManus,Titus Gordion,en,「もちろんです、陛下。」
0x010000740000FE9D,442,774,Rizia/Turn 9/TalkWithManus,Titus Gordion,en,「承知いたします。ですが、この地域を見張っておきます。陛下の安全を守ることは、ご要望があろうとなかろうと私の義務です。」
0x010000740000FEA5,442,775,Rizia/Turn 9/TalkWithManus,Narrator,en,私はその車が去っていくのを見ていた。
0x010000740000FEAC,442,776,Rizia/Turn 9/TalkWithManus,Narrator,en,ティトゥスは目を細め、しぶしぶ頷いた。
0x010000740000FEB3,442,777,Rizia/Turn 9/TalkWithManus,Titus Gordion,en,「承知いたしました、陛下。」
0x010000740000FEBB,442,778,Rizia/Turn 9/TalkWithManus,Narrator,en,ティトゥスは目を細め、不安がにじむ厳しい声で返事をした。
0x010000740000FEC1,442,779,Rizia/Turn 9/TalkWithManus,Titus Gordion,en,「陛下のご命令の通りにいたします。」
0x010000740000FECC,442,780,Rizia/Turn 9/TalkWithManus,Narrator,en,私が後部座席に腰を下ろすと、エンジンが轟音を上げて車は歩道から発進した。
0x010000740000FED4,442,781,Rizia/Turn 9/TalkWithManus,Narrator,en,彼の視線はしばらくの間、私に留まった。まるで私の意図を静かに見極めようとしているかのようだった。それから彼は振り返り、車に乗り込んでエンジンを始動させた。
0x010000740000FEDB,442,782,Rizia/Turn 9/TalkWithManus,Narrator,en,彼はしばらくの間、私をじっと見つめ続け、まるで私の意図を静かに見極めようとしているかのようだった。その後振り返って車のドアを開き、運転席に滑り込んだ。
0x010000740000FEE2,442,783,Rizia/Turn 9/TalkWithManus,Narrator,en,彼の姿が見えなくなると、私はすぐに街灯の後ろにある公衆電話の方へ向かった。
0x010000740000FEEA,442,784,Rizia/Turn 9/TalkWithManus,Narrator,en,私は街灯の後ろにある公衆電話の方へ向き直った。すでに車内に座っていたティトゥスは、依然としてサイドミラーを通してこちらを見ていた。
0x010000740000FEF7,442,786,Rizia/Turn 9/TalkWithManus,Player_Romus_Italic,en,私は電話を取り、ラスティが教えてくれた番号にダイヤルした。
0x010000740000FEF7,442,786,Rizia/Turn 9/TalkWithManus,Player_Romus_Italic,Menu Text en,ラスティに電話をかける
0x010000740000FF05,442,787,Rizia/Turn 9/TalkWithManus,Player_Romus,en,「なあ、これは隠しておくつもりはない。実のところ、君と近衛兵たちにやってほしい任務があるのだ。」
0x010000740000FF0C,442,788,Rizia/Turn 9/TalkWithManus,Narrator,en,車内は静まり返っており、私は窓の外を見つめながら、ぼやけて過ぎていく街灯を眺めていた。後部視鏡越しにティトゥスが時折私をちらりと見ているのが感じられた。
0x010000740000FF13,442,789,Rizia/Turn 9/TalkWithManus,Narrator,en,数分後、ガソリンスタンドが見えてきた。薄暗く荒れ果てたその場所は、ちらつくネオンサインの光に照らされ、ひび割れた舗道に影を落としていた。この時間帯では人気がなさそうだった。
0x010000740000FF1A,442,790,Rizia/Turn 9/TalkWithManus,Titus Gordion,en,「陛下、我々が参りました。」
0x010000740000FF21,442,791,Rizia/Turn 9/TalkWithManus,Narrator,en,私は車から降りて、急ぎ足でガソリンスタンドにある唯一の公衆電話へと向かった。
0x010000740000FF28,442,792,Rizia/Turn 9/TalkWithManus,Player_Romus,en,「ここで待っていてくれ、ティトゥス。すぐ戻る。」
0x010000740000FF2F,442,793,Rizia/Turn 9/TalkWithManus,Player_Romus,en,「私がトイレに行っている間、後方に動きの気配がないか確認してくれ。」
0x010000740000FF36,442,794,Rizia/Turn 9/TalkWithManus,Titus Gordion,en,「はい、大統領。」
0x010000740000FF40,442,795,Rizia/Turn 9/TalkWithManus,Player_Romus,en,「実はティトゥス……近衛兵に任務を与えたいのだ。この件を話し合う前に、人里離れた場所で話したかったのだ。」
0x010000740000FF47,442,796,Rizia/Turn 9/TalkWithManus,Narrator,en,彼は片方の眉を上げた。
0x010000740000FF4F,442,797,Rizia/Turn 9/TalkWithManus,Titus Gordion,en,「はい、陛下？」
0x010000740000FF5D,442,798,Rizia/Turn 9/TalkWithManus,Narrator,en,私の耳元で電話の呼び出し音が鳴り続け、まるで永遠に続くかのように雑音が響いていた。
0x010000740000FF64,442,799,Rizia/Turn 9/TalkWithManus,Narrator,en,ついに、向こう側からの厳しい声が雑音を切り裂いて聞こえてきた。
0x010000740000FF6B,442,800,Rizia/Turn 9/TalkWithManus,Russello Montoro,en,「こちらは黄金の宮殿にいる鉱夫です。どなた様でしょうか？」
0x010000740000FF72,442,801,Rizia/Turn 9/TalkWithManus,Player_Romus,en,「それは高い宮殿にいる男だ。我々の共通の友人が提供するサービスについて話し合う必要がある。」
0x010000740000FF79,442,802,Rizia/Turn 9/TalkWithManus,Player_Romus,en,「私だ、国王。時間があまりないのでよく聞いてくれ。パランターと今後の行動について話し合う必要がある。」
0x010000740000FF80,442,803,Rizia/Turn 9/TalkWithManus,Player_Romus,en,「ラスティ、それはどういう種類のコードネームだ？もっと目立たないものを考えられなかったのか？」
0x010000740000FF87,442,804,Rizia/Turn 9/TalkWithManus,Player_Romus,en,「ラスティ、パランターを急いで動員してもらいたい。迅速に、しかしこっそりとだ。それを実現できるか？」
0x010000740000FF8E,442,805,Rizia/Turn 9/TalkWithManus,Russello Montoro,en,「おお、陛下！いずれこの番号にお電話くださると存じておりました。」
0x010000740000FF95,442,806,Rizia/Turn 9/TalkWithManus,Russello Montoro,en,「ああ！遅かれ早かれこの番号に連絡してくると思っていました。」
0x010000740000FF9E,442,807,Rizia/Turn 9/TalkWithManus,Russello Montoro,en,「もちろんです！約束通りにいたします。」
0x010000740000FFA5,442,808,Rizia/Turn 9/TalkWithManus,Russello Montoro,en,「その命令を下していただければ、すべてを最大限の慎重さをもって処理いたします。」
0x010000740000FFB5,442,809,Rizia/Turn 9/TalkWithManus,Player_Romus,en,「ご提供いただいた恩恵に報いる時が来た。」
0x010000740000FFBC,442,810,Rizia/Turn 9/TalkWithManus,Player_Romus,en,「よく耳を傾けてくれ。時間があまりない。我々の共通の友人たちが提供するサービスについて話し合う必要がある。」
0x010000740000FFC5,442,811,Rizia/Turn 9/TalkWithManus,Player_Romus,en,「我々がこれまで取り組んできた改革、つまり民主的な憲法やこの王国の将来といったものは危機に瀕している。私の意図を公にした今、貴族たちは反対する準備ができているのだ。」
0x010000740000FFD2,442,815,Rizia/Turn 9/TalkWithManus,Player_Romus,en,「私や私の改革案も危機に瀕している。貴族たちが私に反対する動きを組織しているのだ。集会の際にすぐ行動できるよう準備しなければならない。」
0x010000740000FFD9,442,816,Rizia/Turn 9/TalkWithManus,Player_Romus,en,「ティトゥス、集会の際に貴族たちが改革を支持しないようであれば、迅速に行動してもらわねばならない。」
0x010000740000FFE0,442,817,Rizia/Turn 9/TalkWithManus,Player_Romus,en,「ティトゥス、これ以上進む前に、あなたの口から直接聞かねばならない。あなたの忠誠は本当にどこにあるのだか――制度としての王権に対してなのか、それともその王冠を戴く私個人に対してなのか？」
0x010000740000FFEF,442,819,Rizia/Turn 9/TalkWithManus,Narrator,en,彼の目は見開かれ、表情も真剣なものに変わった。
0x010000740000FFF7,442,820,Rizia/Turn 9/TalkWithManus,Titus Gordion,en,「陛下、王家そのものを標的とした作戦のお話でしょうか？」
0x010000740000FFFE,442,821,Rizia/Turn 9/TalkWithManus,Titus Gordion,en,「陛下、一体どのような計画をお考えでいらっしゃるのですか？」
0x010000740001000B,442,822,Rizia/Turn 9/TalkWithManus,Player_Romus,en,「集まりの際に彼らと対決しよう。もし改革を支持しないなら、服従するまで拘束しておく。」
0x0100007400010012,442,823,Rizia/Turn 9/TalkWithManus,Player_Romus,en,「もし彼らが抵抗すればその時に拘束する準備をする。これは私の望む方法ではないが、近衛兵は集結した連中に対して即座に攻撃できるよう準備しておかなければならない。」
0x0100007400010021,442,827,Rizia/Turn 9/TalkWithManus,Manus Sazon,en,「他に何もないようでしたら、誰かが疑いを持つ前に出発すべきだと思います。」
0x010000740001002C,442,828,Rizia/Turn 9/TalkWithManus,Player_Romus,en,「マヌスと私は、新しい憲法への支持を彼らに得るためならどんなことでもする。だがもし彼らが妨害しようとすれば、あなたに行動してもらわねばならない。」
0x0100007400010033,442,829,Rizia/Turn 9/TalkWithManus,Narrator,en,彼は疑いの目で私を見つめながら、しぶしぶ答えを返した。
0x010000740001003A,442,830,Rizia/Turn 9/TalkWithManus,Titus Gordion,en,「陛下、私の忠誠は常に王冠に向けられてきました。なぜならそれがこの王国の安定と未来を象徴しているからです。しかし、王冠自体にはそれを身につける者がいなければ何の意味もありません。」
0x0100007400010041,442,831,Rizia/Turn 9/TalkWithManus,Player_Romus,en,「そう言ってくれて嬉しいよ、ティトゥス。もうすぐ言葉だけでは済まない時が来るからだ。改革を尊重しない貴族たちに対しては、即断即決で行動できるよう準備しておいてほしい。」
0x0100007400010048,442,832,Rizia/Turn 9/TalkWithManus,Player_Romus,en,「では、それは賛成ということか？曖昧な約束はいらない、ティトゥス。私には分からねばならないのだ――何があっても私の側にいてくれるのか？私、つまり国王へのあなたの誓いが必要だ。」
0x010000740001004F,442,833,Rizia/Turn 9/TalkWithManus,Player_Romus,en,「ですからよく理解してくれ。王冠の将来は、あなたが行動する意欲にかかっているのだ。諸王家は玉座に対して権力を振るうことに甘えすぎている。もし本当にこの王国の安定を信じているのであれば、私と共に彼らに立ち向かってくれ。」
0x010000740001005F,442,834,Rizia/Turn 9/TalkWithManus,Titus Gordion,en,「はい、陛下。私の忠誠は疑う余地なく陛下に捧げられております。」
0x010000740001006F,442,835,Rizia/Turn 9/TalkWithManus,Player_Romus,en,「よろしい。では聞け。我々がこれまで取り組んできた改革――民主的な憲法やこの王国の将来――は危機に瀕している。私が自らの意図を明かした今、貴族たちはそれに反対する準備ができているのだ。」
0x0100007400010078,442,836,Rizia/Turn 9/TalkWithManus,Player_Romus,en,「私はサゾン氏と共に改革を進めてきた――貴族たちの権力を奪う民主的な憲法だ。集会の際に各王家を説得するため、あなたの助けが必要だ。」
0x010000740001007E,442,837,Rizia/Turn 9/TalkWithManus,Player_Romus,en,「ティトゥス、私は危機に瀕している。RPPと手を組んできたせいで、貴族たちが今、私に対して反乱を企てているのだ。集会の際に即座に行動できるよう準備しなければならない。」
0x0100007400010084,442,838,Rizia/Turn 9/TalkWithManus,Player_Romus,en,「驚きのことだとは存じるが、会合の後、立法権を代議院に委ねることで彼らの力を強化するつもりだ。そのためには、あなたの協力が必要だ。」
0x010000740001008A,442,839,Rizia/Turn 9/TalkWithManus,Player_Romus,en,「ティトゥス、これ以上進む前に、あなたの口から直接聞かねばならない。あなたの忠誠は本当にどこにあるのだか――制度としての王権に対してなのか、それともその王冠を戴く私個人に対してなのか？」
0x0100007400010094,442,841,Rizia/Turn 9/TalkWithManus,Narrator,en,彼の目は見開かれ、表情も真剣なものに変わった。
0x010000740001009A,442,842,Rizia/Turn 9/TalkWithManus,Titus Gordion,en,「陛下、それは王室そのものを標的とした作戦のことをおっしゃっているのですね。」
0x01000074000100A0,442,843,Rizia/Turn 9/TalkWithManus,Titus Gordion,en,「陛下、一体どのような計画をお考えでいらっしゃるのですか？」
0x01000074000100A6,442,844,Rizia/Turn 9/TalkWithManus,Player_Romus,en,「ああ。集会の際に、改革を支持するよう彼らに最後通牒を出す。もし抵抗すれば、あなたと近衛兵の皆さんが彼らを包囲して従わせるのだ。」
0x01000074000100AC,442,845,Rizia/Turn 9/TalkWithManus,Player_Romus,en,「彼らが図書館にいる間、私が合図をした瞬間にすぐに拘束してくれ。これは私としても望む方法ではないが、王国と王家の安全のためには不可欠なのだ。」
0x01000074000100B2,442,846,Rizia/Turn 9/TalkWithManus,Player_Romus,en,「ティトゥス、そう言ってもらえて嬉しい。もうすぐ言葉だけでは済まず、実際の行動が求められるからだ。民の意志に逆らう者たちに対して断固として行動できるよう、あなたに備えてほしいのだ。」
0x01000074000100B8,442,847,Rizia/Turn 9/TalkWithManus,Player_Romus,en,「では、それは承諾ということか？タイタス、曖昧な約束はいらない。何があっても私、国王に忠実であり続けるのかどうかをはっきり教えてくれ。」
0x01000074000100BE,442,848,Rizia/Turn 9/TalkWithManus,Player_Romus,en,「それならこう理解しなさい。王冠の将来は、あなたが行動する意欲にかかっているのだ。各王家はリジアの民に対して権力を振るうことに甘えすぎている。もし本当にこの王国の安定を信じているのなら、私や民と共に彼らに立ち向かってくれ。」
0x01000074000100C4,442,849,Rizia/Turn 9/TalkWithManus,Titus Gordion,en,「はい、陛下。私の忠誠は疑う余地なく陛下に捧げられております。」
0x01000074000100CA,442,850,Rizia/Turn 9/TalkWithManus,Player_Romus,en,「よろしい。では聞け。私はRPPと共に新たな憲法の起草に取り組んでおり、その集会の際に貴族たちに提出するつもりだ。お前はそこにいて、彼らが必ずそれに署名するよう*確実に*してもらいたい。」
0x01000074000100D0,442,851,Rizia/Turn 9/TalkWithManus,Player_Romus,en,「詳細やこれらの改革の内容までは知る必要はない。集会が行われている間に我々の客人たちを拘束できるよう、部下たちに準備させてくれ。あなたが約束を守ってくれると信じてよいか？」
0x01000074000100D6,442,852,Rizia/Turn 9/TalkWithManus,Narrator,en,彼は疑いの目で私を見つめながら、しぶしぶ答えを返した。
0x01000074000100DC,442,853,Rizia/Turn 9/TalkWithManus,Titus Gordion,en,「陛下、私の忠誠は常に王国の安定と未来を象徴する王冠に向けられてきました。しかし、それを身につける者がいなければ王冠に意味はありません。」
0x01000074000100FE,442,854,Rizia/Turn 9/TalkWithManus,Narrator,en,彼は信じられないという様子で私を見つめ、目を見開いた。
0x0100007400010105,442,855,Rizia/Turn 9/TalkWithManus,Titus Gordion,en,「危険だと？本当にそう断言できるのですか？」
0x0100007400010113,442,856,Rizia/Turn 9/TalkWithManus,Narrator,en,彼の顔には一瞬、心配の色が浮かんだ。
0x010000740001011B,442,857,Rizia/Turn 9/TalkWithManus,Titus Gordion,en,「陛下、一体何が起きているのでしょうか？どのようなことをご提案されているのですか？」
0x010000740001012E,442,860,Rizia/Turn 9/TalkWithManus,Narrator,en,私がその計画について急いで彼に伝えた後、電話を切って車のところへ戻った。
0x010000740001013C,442,861,Rizia/Turn 9/TalkWithManus,Titus Gordion,en,「承知いたしました、陛下……」
0x0100007400010148,442,862,Rizia/Turn 9/TalkWithManus,Player_Romus,en,「これ以上説明は不要だ。集まりの最中に我々の客人たちを拘束できるよう、部下たちに準備させろ。お前が約束を守ってくれると信じてよいか？」
0x010000740001014F,442,863,Rizia/Turn 9/TalkWithManus,Titus Gordion,en,「陛下のご命令に従いますが、これは戦争宣言と見なされる可能性が非常に高いです。起こり得るあらゆる結果に備えておかねばなりません。」
0x0100007400010155,442,864,Rizia/Turn 9/TalkWithManus,Titus Gordion,en,「それは、実に……大胆な策ですね。」
0x0100007400010165,442,865,Rizia/Turn 9/TalkWithManus,Titus Gordion,en,「陛下、私は必ず忠誠を尽くします。」
0x010000740001016E,442,866,Rizia/Turn 9/TalkWithManus,Player_Romus,en,「その結果については承知している。だからこそ、私の忠実な近衛兵たちに命じて、事態がさらに悪化する前に収拾できるようにしているのだ。」
0x010000740001017C,442,870,Rizia/Turn 9/TalkWithManus,Player_Romus,en,「できれば、そのような事態には至らないことを願う。これは単なる予防策に過ぎない。」
0x0100007400010183,442,871,Rizia/Turn 9/TalkWithManus,Player_Romus,en,「王家の指導者たちが全員ここに集まっている以上、それは蛇の首を切り落とすようなものだ――彼らの指導力がなければ、残りの者たちは混乱し、動揺するだろう。」
0x010000740001018A,442,872,Rizia/Turn 9/TalkWithManus,Player_Romus,en,「彼らは常に抵抗する理由を見つけ出すだろう。もし対立が避けられないのであれば、相手の条件ではなく、我々の条件でそれが起こる方が良い。」
0x0100007400010191,442,873,Rizia/Turn 9/TalkWithManus,Player_Romus,en,「リスクは承知しているが、今目の前にある任務に集中してほしいのだ。この件をしっかり処理し、事態が制御不能にならないようにしてもらえるか？」
0x010000740001019E,442,874,Rizia/Turn 9/TalkWithManus,Narrator,en,彼は私が車に乗り込むとき、ドアを開けてくれた。
0x01000074000101A5,442,875,Rizia/Turn 9/TalkWithManus,Titus Gordion,en,「陛下、改修がご満足いくものであったことを願っております」
0x01000074000101BA,442,876,Rizia/Turn 9/TalkWithManus,Player_Romus,en,「そろそろこの場所もきちんと改修される時期だね。母上は図書館や本があまり好きではないが、自分の名前が付けられたこれほど立派な建物ができたことをきっと喜ばれるだろう。」
0x01000074000101C1,442,877,Rizia/Turn 9/TalkWithManus,Player_Romus,en,「正直言って、その改修など全く気にしていない。」
0x01000074000101CD,442,879,Rizia/Turn 9/TalkWithManus,Titus Gordion,en,「陛下、お訪ねになった目的はそれだと存じておりました。かなり長い間、あちらにいらっしゃったのですね。」
0x01000074000101D4,442,880,Rizia/Turn 9/TalkWithManus,Player_Romus,en,「少なくとも感心には値するが、新しい出入り口は新たなリスクをもたらしている。あなたのチームはどのようにセキュリティ計画を見直したのか？」
0x01000074000101DA,442,881,Rizia/Turn 9/TalkWithManus,Player_Romus,en,「期待をはるかに上回った。ところで、セキュリティプロトコルもそれに合わせて更新する機会はあったか？万全の準備が整っているか確認したいのだ。」
0x01000074000101EA,442,883,Rizia/Turn 9/TalkWithManus,Titus Gordion,en,「陛下、これより宮殿に戻りましょう。改修工事はご満足いただけたものと存じますが？」
0x01000074000101F0,442,884,Rizia/Turn 9/TalkWithManus,Player_Romus,en,「そろそろこの場所もきちんと改修される時期だ。王太后は図書館や本をあまり好まれないかもしれないが、自分の名前が付けられたことをきっと喜ばれるだろう。」
0x01000074000101F6,442,885,Rizia/Turn 9/TalkWithManus,Player_Romus,en,「正直言って、その改修など全く気にしていない。」
0x0100007400010200,442,887,Rizia/Turn 9/TalkWithManus,Titus Gordion,en,「陛下、お訪ねになった目的はそれだと存じておりました。かなり長い間、あちらにいらっしゃったのですね。」
0x0100007400010206,442,888,Rizia/Turn 9/TalkWithManus,Player_Romus,en,「正直なところ、多くの問題が見受けられる。最終的な調整によって状況が改善されることを願っている。」
0x010000740001020C,442,889,Rizia/Turn 9/TalkWithManus,Player_Romus,en,「ああ、改修された様子は実に見事だ。作業班の働きぶりも素晴らしいものだった。」
0x010000B800005AD3,442,890,Rizia/Turn 9/TalkWithManus,Titus Gordion,en,「承知いたしました、陛下。」
0x010000B800005ADE,442,891,Rizia/Turn 9/TalkWithManus,Narrator,en,彼の顔の筋肉がこわばり、眉間に深いしわができた。
0x010000B800005AE6,442,892,Rizia/Turn 9/TalkWithManus,Titus Gordion,en,「陛下、近衛兵をすぐに準備させます。ご命令があれば即座に行動いたします。」
0x010000B800005AED,442,893,Rizia/Turn 9/TalkWithManus,Narrator,en,我々の間に重苦しい沈黙が広がっていくのを感じながら、私はうなずいて顔をそむけた。
0x010000B800005AF4,442,894,Rizia/Turn 9/TalkWithManus,Narrator,en,私は先ほどティトゥスに頼んだことが何であるかを理解していた――近衛兵を王家に対して向けさせることがどういう意味を持つのか、私には分かっていた。
0x010000B800005AFB,442,895,Rizia/Turn 9/TalkWithManus,Narrator,en,私は先ほどラスティに頼んだことが何であるかを理解していた――王家に対してそのような力を用いて攻撃することがどういう意味を持つのか、私には分かっていたのだ。
0x010000B800005B13,442,898,Rizia/Turn 9/TalkWithManus,Titus Gordion,en,「陛下、何か問題がございますでしょうか？」
0x010000B800005B1A,442,899,Rizia/Turn 9/TalkWithManus,Titus Gordion,en,「全体の概要はお伝えできますが、具体的な警備上の詳細は機密事項であり、陛下ご自身の安全のためにも近衛兵だけが知るべきものです。」
0x010000B800005B21,442,900,Rizia/Turn 9/TalkWithManus,Titus Gordion,en,「特定の出入り口を再配置するため、警備手順を修正しました。相変わらず、近衛兵が最も厳格な警戒体制を敷いて陛下を守ります。」
0x010000B800005B28,442,901,Rizia/Turn 9/TalkWithManus,Titus Gordion,en,「陛下、きっとお喜びになるでしょう。」
0x010000B800005B2F,442,902,Rizia/Turn 9/TalkWithManus,Player_Romus,en,「出席者たちの重要性を考えると、私がすべてを正確に把握しておくことは不可欠だ。母上を含む集会にいる全員の安全が懸かっているのだ。」
0x010000B800005B39,442,904,Rizia/Turn 9/TalkWithManus,Player_Romus,en,「私の能力を疑っているわけではない、ティトゥス。ただあなたと一緒に確認したかっただけだ。」
0x010000B800005B43,442,905,Rizia/Turn 9/TalkWithManus,Player_Romus,en,「わかった、ティトゥス。すべてをうまくコントロールしているものと信じている。」
0x010000B800005B4A,442,906,Rizia/Turn 9/TalkWithManus,Player_Romus,en,「その『再配置』について確認したいのだ。見落とされる可能性のある盲点がないか、しっかりチェックしておきたいので。」
0x010000B800005B52,442,907,Rizia/Turn 9/TalkWithManus,Player_Romus,en,「その建物のことだが、新しい間取りによっていくつか変更点があるかもしれない。すべての出入り口が確実にカバーされているかご確認くださったか？」
0x010000B800005B59,442,908,Rizia/Turn 9/TalkWithManus,Player_Romus,en,「あなたはその細かい点に気づかないだろうが、それで十分な貢物となるだろう。」
0x010000B800005B60,442,909,Rizia/Turn 9/TalkWithManus,Player_Romus,en,「あなたにそんなに気を使ってもらえれば、彼女はきっと喜ぶだろう。」
0x010000B800005B67,442,910,Rizia/Turn 9/TalkWithManus,Player_Romus,en,「いや、違う。ただ少し時間をかけて心を落ち着けていただけだ。今起きている多くのことを考えなければならないので。」
0x010000B800005B6D,442,911,Rizia/Turn 9/TalkWithManus,Player_Romus,en,「この大事業の重要性を考えると、事前に一度目で見ておきたかったのだ。」
0x010000B800005B73,442,912,Rizia/Turn 9/TalkWithManus,Player_Romus,en,「私は少し時間をかけて考える必要があった。宮殿にもまた独自のプレッシャーがあるのだ。」
0x010000B800005B9B,442,919,Rizia/Turn 9/TalkWithManus,Titus Gordion,en,「承知した。」
0x010000B800005BA5,442,920,Rizia/Turn 9/TalkWithManus,Player_Romus,en,「宮殿に戻ろう。」
0x010000B800005BB2,442,921,Rizia/Turn 9/TalkWithManus,Titus Gordion,en,「もちろんです。」
0x010000B800005BBA,442,922,Rizia/Turn 9/TalkWithManus,Narrator,en,ティトゥスはわずかに微笑んで頷いた。
0x010000B800005BC4,442,923,Rizia/Turn 9/TalkWithManus,Titus Gordion,en,「陛下、これより宮殿に戻ります。」
0x010000B800005BCB,442,924,Rizia/Turn 9/TalkWithManus,Titus Gordion,en,「もちろんです、陛下。」
0x010000B800005BD2,442,925,Rizia/Turn 9/TalkWithManus,Titus Gordion,en,「陛下、近衛兵が出席者全員の保護を徹底して行いますので、ご心配には及びません。私には何も心配することはありません。」
0x010000B800005BDA,442,926,Rizia/Turn 9/TalkWithManus,Player_Romus,en,「我々の防御体制の全容を把握しない限り、安心することはできない。」
0x010000B800005BE1,442,927,Rizia/Turn 9/TalkWithManus,Player_Romus,en,「今日は母の誕生日だ、ティトゥス。全てをしっかり把握しておくのは当然のことだ。」
0x010000B800005BE8,442,928,Rizia/Turn 9/TalkWithManus,Player_Romus,en,「よろしい。明日までに私の机の上に安全保障計画が揃っていることを期待している。」
0x010000B800005BF7,442,929,Rizia/Turn 9/TalkWithManus,Titus Gordion,en,「ありがとうございます、陛下。」
0x010000B800005C07,442,932,Rizia/Turn 9/TalkWithManus,Player_Romus,en,「いつものように見事だね、ティトゥス。」
0x010000B800005C0F,442,933,Rizia/Turn 9/TalkWithManus,Titus Gordion,en,「陛下のご命令の通りにいたします。」
0x010000B800005C16,442,934,Rizia/Turn 9/TalkWithManus,Titus Gordion,en,「その通りです。申し訳ありません。」
0x010000B800005C1D,442,935,Rizia/Turn 9/TalkWithManus,Titus Gordion,en,「できるだけ早く、計画をお渡しいたします。」
0x010000B800005C36,442,937,Rizia/Turn 9/TalkWithManus,Narrator,en,馬車は宮殿へと続く通りを静かに進みながら、そよやかな音を立てていた。
0x010000B800005C3F,442,938,Rizia/Turn 9/TalkWithManus,Titus Gordion,en,「陛下、きっとお喜びになるでしょう。」
0x010000B800005C54,442,939,Rizia/Turn 9/TalkWithManus,Titus Gordion,en,「そのようなこととは、誠に残念でございます、陛下。」
0x010000B800005C5B,442,940,Rizia/Turn 9/TalkWithManus,Titus Gordion,en,「陛下、それは何よりでございます。」
0x010000B800005C62,442,941,Rizia/Turn 9/TalkWithManus,Player_Romus,en,「確かに伺った限りでは、そのような事柄を扱うのはあなたの職務範囲に含まれていないはずだ。」
0x010000B800005C6E,442,943,Rizia/Turn 9/TalkWithManus,Titus Gordion,en,「陛下、その通りでございます。申し訳ありません。」
0x010000B800005C76,442,944,Rizia/Turn 9/TalkWithManus,Titus Gordion,en,「陛下、これより宮殿に戻ります。」
0x010000B800005C80,442,945,Rizia/Turn 9/TalkWithManus,Player_Romus,en,「いや、違う。ただ少し時間をかけて心を落ち着けていただけだ。今起きている多くのことを考えなければならないので。」
0x010000B800005C86,442,946,Rizia/Turn 9/TalkWithManus,Player_Romus,en,「私は少し時間をかけて考える必要があった。宮殿にもまた独自のプレッシャーがあるのだ。」
0x010000B800005C90,442,948,Rizia/Turn 9/TalkWithManus,Titus Gordion,en,「承知した。」
0x010000B800005C96,442,949,Rizia/Turn 9/TalkWithManus,Player_Romus,en,「ティトゥス、なぜそんなことまで気にするのか？」
0x010000B800005CA0,442,951,Rizia/Turn 9/TalkWithManus,Player_Romus,en,「宮殿に戻ろう。」
0x010000B800005CA6,442,952,Rizia/Turn 9/TalkWithManus,Titus Gordion,en,「もちろんです、陛下。」
0x010000B800005CAC,442,953,Rizia/Turn 9/TalkWithManus,Titus Gordion,en,「陛下、その通りでございます。申し訳ありません。」
0x010000B800005CB8,442,954,Rizia/Turn 9/TalkWithManus,Player_Romus,en,「この大事業の重要性を考えると、事前に一度目で見ておきたかったのだ。」
0x01000098000556E2,442,959,Rizia/Turn 9/TalkWithManus,Manus Sazon,en,「陛下、承認を出す前に他に何かご考えはございますでしょうか？」
0x01000098000556E9,442,960,Rizia/Turn 9/TalkWithManus,Narrator,en,控えめに言っても、それは賭け事だった。その改革を実現させることもできれば、王国を混乱に陥れてしまうこともあるような賭けだったのである。
0x01000098000556F0,442,961,Rizia/Turn 9/TalkWithManus,Player_Romus_Italic,en,「我々にあなたがいなければ、これを成し遂げることはできない。」
0x01000098000556F0,442,961,Rizia/Turn 9/TalkWithManus,Player_Romus_Italic,Menu Text en,「我々にあなたがいなければ、これを成し遂げることはできない。」
0x01000098000556F7,442,962,Rizia/Turn 9/TalkWithManus,Player_Romus_Italic,en,私はそれ以上何も言わなかった。
0x01000098000556F7,442,962,Rizia/Turn 9/TalkWithManus,Player_Romus_Italic,Menu Text en,もう何も言わないで
0x0100009800055701,442,963,Rizia/Turn 9/TalkWithManus,Narrator,en,彼の忠誠心に疑いはなかったものの、それは改革を実現させるか、あるいは王国を混乱に陥れるかという賭けだった。
0x0100009800055708,442,964,Rizia/Turn 9/TalkWithManus,Adarfo Sotelato,en,「ついに彼らの声を伝える立場になりましたので、それが決して無視されないようにしようと思っております、陛下。」
0x010000B800008205,442,968,Rizia/Turn 9/TalkWithManus,Narrator,en,アダルフォ・ソテラートの突然の死は国中に衝撃を走らせ、彼の支持者たちは慌てて再編成に努めた。
0x010000B80000820C,442,969,Rizia/Turn 9/TalkWithManus,Narrator,en,マヌス・サゾンは再びRPPの指導者となったばかりで、私とこっそり話をしたがっていた。私は宮廷の監視から逃れるのに最適な口実として図書館の改修作業を利用したのだ。
0x010000B80000821C,442,973,Rizia/Turn 9/TalkWithManus,Manus Sazon,en,「こちらでお会いできて感謝しております。女王陛下の誕生日準備の邪魔をしたくなかったのです。陛下にとって多忙な時期であることは承知しております。」
0x010000B800008223,442,974,Rizia/Turn 9/TalkWithManus,Manus Sazon,en,「特に今回のような出来事が重なって……。アダルフォ・ソテラートの突然の死により、運動自体が根本から揺らいでいます。しかし、彼と共に改革も消えてしまってはなりません。」
0x010000B80000822A,442,975,Rizia/Turn 9/TalkWithManus,Player_Romus,en,「マヌス、お越しいただきありがとう。すぐにこの問題を解決しよう。」
0x010000B800008230,442,976,Rizia/Turn 9/TalkWithManus,Player_Romus,en,「準備など後回しで構わない。我々が話し合わねばならないことの方が優先だ。」
0x010000B800008236,442,977,Rizia/Turn 9/TalkWithManus,Player_Romus,en,「私も同感だ。この好機を逃してはならない。」
0x010000B80000823C,442,978,Rizia/Turn 9/TalkWithManus,Player_Romus,en,「確かに悲しい知らせだ。しかし、アダルフォの理念が分裂を招くものであったことは我々二人ともよく理解している。彼の過激さが最初から彼の運命を決定づけていたのだ。」
0x010000B800008246,442,979,Rizia/Turn 9/TalkWithManus,Manus Sazon,en,「私も同感だ。」
0x010000B80000824D,442,980,Rizia/Turn 9/TalkWithManus,Manus Sazon,en,「私は彼の過激な反君主制の姿勢には賛同しませんでしたが、陛下、彼はそれらの理念を掲げて多くの支持者を集めることに成功されました。」
0x010000B800008254,442,981,Rizia/Turn 9/TalkWithManus,Manus Sazon,en,「陛下、我々は極めて慎重でなければなりません。アダルフォ・ソテラートの死は事態をさらに悪化させるだけでしょう。」
0x010000B80000825B,442,982,Rizia/Turn 9/TalkWithManus,Manus Sazon,en,「もちろんです。」
0x010000B800008262,442,983,Rizia/Turn 9/TalkWithManus,Manus Sazon,en,「我々には断じて許されません。」
0x010000B800008269,442,984,Rizia/Turn 9/TalkWithManus,Narrator,en,彼の目に宿る厳粛さは一層深まっていった。
0x010000B80000827A,442,988,Rizia/Turn 9/TalkWithManus,Manus Sazon,en,「陛下、改革に対する王室の正式な支援もあって、何百万人もの人々が我々にこの変革を推し進めてほしいと待ち望んでおります。」
0x010000B800008281,442,989,Rizia/Turn 9/TalkWithManus,Manus Sazon,en,「最近は宮殿中に耳目が満ちており、貴族たちが我々の一挙手一投足を見張っています。実際、我々の動きは既に漏れている可能性もあります。」
0x010000B80000828A,442,990,Rizia/Turn 9/TalkWithManus,Manus Sazon,en,「陛下、お聞きしたいのですが、彼の殺害の背後にいる可能性のある人物について、すでに何か情報はございますでしょうか？」
0x010000B800008292,442,991,Rizia/Turn 9/TalkWithManus,Manus Sazon,en,「憲法の提案準備が整ったのは偶然ではありません。我々が安全だと確信できますか、陛下？」
0x010000B800008299,442,992,Rizia/Turn 9/TalkWithManus,Player_Romus,en,「安全だと？もはや安全など存在しない。推測していても改革には近づけないのだ。」
0x010000B8000082A0,442,993,Rizia/Turn 9/TalkWithManus,Player_Romus,en,「アダルフォ・ソテラートの死は悲劇だが、我々にとっての警告でもある。彼が提案した案はあまりに過激すぎたのだ。」
0x010000B8000082A7,442,994,Rizia/Turn 9/TalkWithManus,Player_Romus,en,「これを企てたのはリジアの貴族たちではない。外国の工作員だ。」
0x010000B8000082AE,442,995,Rizia/Turn 9/TalkWithManus,Player_Romus,en,「心配しないでくれ、マヌス。あなたは安全でいられる。」
0x010000B8000082B5,442,996,Rizia/Turn 9/TalkWithManus,Player_Romus,en,「もはや背後にいたのが誰かなど重要ではない。問題は、これから我々が何をすべきかということだ。」
0x010000B8000082BC,442,997,Rizia/Turn 9/TalkWithManus,Manus Sazon,en,「正直に申し上げますと、陛下。私はこの状況が全く気に入りません。」
0x010000B8000082C6,442,998,Rizia/Turn 9/TalkWithManus,Manus Sazon,en,「では、その噂は本当だったのですか？」
0x010000B8000082CF,442,999,Rizia/Turn 9/TalkWithManus,Manus Sazon,en,「しかし今、党が再び私を指導者に任命してくれたのですから、この好機を活かして直ちに改革を始めなければならないと思います。」
0x010000B8000082DD,442,1003,Rizia/Turn 9/TalkWithManus,Player_Romus,en,「私の改革宣言は王国に興奮だけでなく多くの動揺ももたらした。今や民衆までもが怒っている以上、貴族たちがそれに逆らうのは困難だろう。」
0x010000B8000082EE,442,1004,Rizia/Turn 9/TalkWithManus,Player_Romus,en,「その通りだ、マヌス。好機は我々に味方しており、迅速に行動しなければならない。」
0x010000B8000082F5,442,1005,Rizia/Turn 9/TalkWithManus,Player_Romus,en,「今、党の支持を得ていると確信しておられるか？以前はあっさりとあなたを解任したのに。」
0x010000B8000082FC,442,1006,Rizia/Turn 9/TalkWithManus,Player_Romus,en,「プロセスを開始するのは一つのことだが、それを最後までやり遂げるのはまた別の話だ。アダルフォ・ソテラートに何が起きたかを目の当たりにした後でも、これを最後までやり抜く覚悟はあるか？」
0x010000B800008313,442,1007,Rizia/Turn 9/TalkWithManus,Manus Sazon,en,「その通りです。」
0x010000B80000831A,442,1008,Rizia/Turn 9/TalkWithManus,Manus Sazon,en,「新しい憲法については彼らの支持を得ております、陛下。私は彼ら全員の絶対的な信頼を必要としているわけではなく、変革への意欲だけがあれば十分です。」
0x010000B800008321,442,1009,Rizia/Turn 9/TalkWithManus,Manus Sazon,en,「しかし今のところ、彼らも私が必要なのです。党は何が危機に瀕しているかを理解しています――たとえ全員がそれを受け入れているわけではなくとも。」
0x010000B800008328,442,1010,Rizia/Turn 9/TalkWithManus,Manus Sazon,en,「陛下、これを最後までやり遂げる覚悟がなければ、私は再びこの役目を引き受けたりしませんでした。」
0x010000B80000832F,442,1011,Rizia/Turn 9/TalkWithManus,Manus Sazon,en,「彼の死など私を怖がらせはしません。今ここで退くようなことがあれば、私がこれまで戦ってきたすべてが彼と共に滅びてしまいます。そんなことは絶対に許されません。」
0x010000B800008336,442,1012,Rizia/Turn 9/TalkWithManus,Narrator,en,彼の顔には決意の表情が浮かんだ。
0x010000B800008345,442,1016,Rizia/Turn 9/TalkWithManus,Manus Sazon,en,「改革運動に対する王室の公的な支援をいただき、心より感謝申し上げます。」
0x010000B80000834C,442,1017,Rizia/Turn 9/TalkWithManus,Manus Sazon,en,「しかし……」
0x010000B80000835A,442,1021,Rizia/Turn 9/TalkWithManus,Manus Sazon,en,「次にどう進めるか、話し合うべきでしょう。」
0x010000740001208E,442,1025,Rizia/Turn 9/TalkWithManus,Titus Gordion,en,「新しい執事長が、女王陛下の誕生日の肖像画を描く画家を雇ったとご報告するようにと申しております、陛下。」
0x0100007400012099,442,1029,Rizia/Turn 9/TalkWithManus,Narrator,en,彼は声のトーンを落とした。
0x010000740001209F,442,1030,Rizia/Turn 9/TalkWithManus,Player_Romus,en,「彼女は我が国の勝利をもたらした軍隊の精神を体現する、強さと勇気の象徴として描かれなければならない。」
0x01000074000120A5,442,1031,Rizia/Turn 9/TalkWithManus,Player_Romus,en,「精神的で畏敬の念を抱かせるような方法こそが正しい道だ。それによってヴルヘック教徒たちを屈服させてみせたい。」
0x01000074000120B3,442,1034,Rizia/Turn 9/TalkWithManus,Titus Gordion,en,「陛下、お母上が熱心な聖堂参拝者ではないことは我々二人ともよく存じております。礼拝の場にお姿を見かけることも決してありません。」
0x01000074000120BE,442,1038,Rizia/Turn 9/TalkWithManus,Player_Romus,en,「画家に、王太后をその実際の姿のまま描くよう伝えてくれ。」
0x01000074000120C8,442,1040,Rizia/Turn 9/TalkWithManus,Player_Romus,en,「ありがとう、ティトゥス。私は方針を決めた。」
0x01000074000120CE,442,1041,Rizia/Turn 9/TalkWithManus,Narrator,en,彼が後ろに下がると、私は前方にそびえる図書館の方をちらりと見た。ランタンの温かな光によってその厳かな外観が和らげられていた。
0x01000074000120D4,442,1042,Rizia/Turn 9/TalkWithManus,Titus Gordion,en,「もちろんです。何をご計画でいらっしゃいますか、陛下？」
0x01000074000120DA,442,1043,Rizia/Turn 9/TalkWithManus,Player_Romus,en,「私は、母上を一般民衆の守護者として描いた肖像画を欲しい。より共感を呼ぶものであればなお良い。」
0x01000074000120E0,442,1044,Rizia/Turn 9/TalkWithManus,Titus Gordion,en,「かしこまりました、陛下。そのご意向を必ず伝えます。」
0x01000074000120F7,442,1051,Rizia/Turn 9/TalkWithManus,Player_Romus,en,「私はできるだけ厳かな様子を作り出すべきだ。トラス家の女当主にふさわしくな。塗料に本物の金を使えばどうだろう？」
0x0100007400012101,442,1053,Rizia/Turn 9/TalkWithManus,Player_Romus,en,「私は一般の民衆が心を動かされるようなものを望む。まるで彼女が王太后であるだけでなく、すべての人々の母であるかのように。」
0x0100007400012107,442,1054,Rizia/Turn 9/TalkWithManus,Titus Gordion,en,「またすぐお会いできます、陛下。すぐ外にいますので。」
0x010000740001210D,442,1055,Rizia/Turn 9/TalkWithManus,Player_Romus,en,「民衆がその肖像を見ることで、王室の強さと回復力を思い出すべきだ。」
0x0100007400012113,442,1056,Rizia/Turn 9/TalkWithManus,Titus Gordion,en,「しかし、我々二人ともが知っているように、陛下のお母上はヴルヘック教徒ではありません。」
0x0100007400012119,442,1057,Rizia/Turn 9/TalkWithManus,Titus Gordion,en,「私の知る限りでは、エステラ様は昔の平民出身という出自から既に距離を置いておられます。」
0x010000740001211F,442,1058,Rizia/Turn 9/TalkWithManus,Titus Gordion,en,「そのような肖像画は大衆派には受け入れられるかもしれませんが、陛下の父上が王位を失いかけたスキャンダルを貴族たちに思い出させることでしょう。」
0x0100007400012125,442,1059,Rizia/Turn 9/TalkWithManus,Titus Gordion,en,「はい、それならば彼女の遺志にもよく合致し、トラス家の統治を再確立することになりましょう。」
0x010000740001212B,442,1060,Rizia/Turn 9/TalkWithManus,Titus Gordion,en,「陛下、あまりにも傲慢な態度を見せるのは慎むべきでしょう。視聴者には畏敬の念だけでなく、共感も抱いてほしいのですから。」
0x0100007400012157,442,1074,Rizia/Turn 9/TalkWithManus,Player_Romus,en,「彼女は聖なる存在と見なされるべきだ。我々の偉大なるヴルヘック教王国を生み出した母なのだ。」
0x010000740001215D,442,1075,Rizia/Turn 9/TalkWithManus,Player_Romus,en,「恐ろしい姿を描く必要がある。相手に恐怖心を与えつつ、同時に奮起させるようなものだ。」
0x0100007400012163,442,1076,Rizia/Turn 9/TalkWithManus,Titus Gordion,en,「そのような描写を受けることは、どのヴルヘック教徒の王族であっても光栄に思うでしょう。」
0x0100007400012169,442,1077,Rizia/Turn 9/TalkWithManus,Titus Gordion,en,「彼女は依然としてリジアの王太后です。相応の敬意を払うべきでしょう、陛下。」
0x0100007400012174,442,1079,Rizia/Turn 9/TalkWithManus,Player_Romus,en,「やり過ぎた手段は使わない方がいい。相手は私の母上なのだから。」
0x010000740001217A,442,1080,Rizia/Turn 9/TalkWithManus,Titus Gordion,en,「もちろん、エステラ様のことは陛下が最もよくご存知でいらっしゃいます。」
0x0100007400012180,442,1081,Rizia/Turn 9/TalkWithManus,Titus Gordion,en,「陛下、その肖像画を通じて我が王国の力を強化するという考えは、私も気に入っております。」
0x0100007400012186,442,1082,Rizia/Turn 9/TalkWithManus,Titus Gordion,en,「とはいえ、エステラ様がそこまで優れた戦士だとは想像しにくいのです、陛下。」
0x010000740001219B,442,1092,Rizia/Turn 9/TalkWithManus,Titus Gordion,en,「アドリア様から、太后の誕生日の肖像画を描く画家を雇ったと陛下にお伝えするよう頼まれました。」
0x01000074000121A5,442,1094,Rizia/Turn 9/TalkWithManus,Titus Gordion,en,「陛下、出発なさる前に……」
0x01000074000121AB,442,1095,Rizia/Turn 9/TalkWithManus,Titus Gordion,en,「その画家は、エステラ様をどのように描けばよいか知りたがっております。」
0x01000074000121F2,442,1096,Rizia/Turn 9/TalkWithManus,Narrator,en,私が車から降りようとした時、ティトゥスが咳払いをし、その声が夜の静けさを切り裂いた。
0x01000074000121F9,442,1097,Rizia/Turn 9/TalkWithManus,Narrator,en,ティトゥスは、改修がどのように進んでいるかを見せるために、私をドラゾン大図書館まで連れて行った。
0x0100007400012200,442,1098,Rizia/Turn 9/TalkWithManus,Narrator,en,もちろん彼が知らなかったのは、私が訪れた真の目的、つまりマヌス・サゾンと二人きりで話をするためだったということだ。
0x0100007400012207,442,1099,Rizia/Turn 9/TalkWithManus,Narrator,en,私はマヌス・サゾンと二人だけで話をするために訪れている真の目的を、彼が知らないはずだと考え、ティトゥスに車のそばで待っているよう指示した。
0x01000074000127B0,442,1103,Rizia/Turn 9/TalkWithManus,Narrator,en,マヌスが今や安全上の脅威と見なされていたため、我々は一緒にいるところを見られないよう細心の注意を払わなければならなかった。工事の進捗を確認するふりをして、ここで自由に話せる場所を用意したのだ。
0x01000074000127C5,442,1107,Rizia/Turn 9/TalkWithManus,Player_Romus,en,「私は予定通りに進める。あなたは既に安全上の脅威と見なされているため、招待されない。もし本当にこれを止めることに興味があるのなら、その集まりに出席してくれ。それはあなた次第だ。」
0x01000074000127CC,442,1108,Rizia/Turn 9/TalkWithManus,Manus Sazon,en,「私は……」
0x01000074000127D3,442,1109,Rizia/Turn 9/TalkWithManus,Manus Sazon,en,「承知いたしました、陛下。」
0x010000B80000D6A0,442,1110,Rizia/Turn 9/TalkWithManus,Player_Romus,en,「あなたの判断を信頼している。」
0x010000BE00001A01,442,1133,Rizia/Turn 9/TalkWithManus,Player_Romus,en,「肖像画だって？なんて退屈な贈り物だろう。」
0x010000BE00001A0C,442,1137,Rizia/Turn 9/TalkWithManus,Titus Gordion,en,「王太后のご年齢は75歳です。フェスティブルを開催するのは適切ではないと思われます。」
0x010000BE00001A12,442,1138,Rizia/Turn 9/TalkWithManus,Narrator,en,フェスティブルとは、お菓子が入ったリジアの伝統的な祝祭用道具で、参加者たちは順番にそれを叩いて破裂させるものだった。
0x010000BE00001A18,442,1139,Rizia/Turn 9/TalkWithManus,Titus Gordion,en,「ともかく、その肖像画の件は決まりました。陛下はいかがお考えですか？」
0x010000BE00001A28,442,1141,Rizia/Turn 9/TalkWithManus,Player_Romus,en,「まだ決めておらない。いくつか案をご相談してもよろしいだろうか？」
0x010000BE00001A2F,442,1142,Rizia/Turn 9/TalkWithManus,Titus Gordion,en,「はい、もちろんです。」
0x010000C800003AFE,442,1143,Rizia/Turn 9/TalkWithManus,Player_Romus,en,「私も同感だ。」
0x010000C800003D34,442,1147,Rizia/Turn 9/TalkWithManus,Manus Sazon,en,「貴族たちがポルテ・ドラゾンを去ったら、我々はすぐに代議院の中で憲法に署名し、生中継でそれを公表します。」
0x010000C800003D40,442,1149,Rizia/Turn 9/TalkWithManus,Player_Romus,en,「これは何か悪い予感がする。今まではこっそりと行動してきたが、もうすぐ迅速に行動せざるを得ないだろう。私の母の誕生日を口実にして、彼らが動く前に断固とした措置を講じ、彼らを従わせなければならない。」
0x010000C800003D4B,442,1153,Rizia/Turn 9/TalkWithManus,Manus Sazon,en,「陛下、『決定的な行動』とはどういう意味でしょうか？」
0x010000BE000072C3,442,1159,Rizia/Turn 9/TalkWithManus,Narrator,en,アダルフォ・ソテラートの逮捕は国中に衝撃を走らせ、彼の支持者たちは慌てて再編成に努めた。
0x010000BE000072C9,442,1160,Rizia/Turn 9/TalkWithManus,Narrator,en,マヌス・サゾンは再びRPPの指導者となったばかりで、私とこっそり話をしたがっていた。私は宮廷の監視から逃れるのに最適な口実として図書館の改修作業を利用したのだ。
0x010000BE000021D6,443,3,Rizia/Turn 9/Manus Vina Concerns,Manus Sazon,en,「ヴィナがどのように反応するか、ご考察になりましたでしょうか？」
0x010000BE000021E2,443,7,Rizia/Turn 9/Manus Vina Concerns,Manus Sazon,en,「殿下、力ずくで改革されたリジアにパレスから戻られた際、王女様はいかなるお言葉を述べられるのでしょうか？」
0x010000BE000021F0,443,11,Rizia/Turn 9/Manus Vina Concerns,Manus Sazon,en,「ご存知の通り、我々の間はもはや親密ではありません。ですが、彼女が暴力的な手段によってリジアが改革されることを望むとは思えません。」
0x010000BE000021F7,443,12,Rizia/Turn 9/Manus Vina Concerns,Manus Sazon,en,「陛下、私もあなた様もご存知の通り、彼女は決して暴力的な手段によるリジアの改革を望むことはないでしょう。」
0x010000BE000021FE,443,13,Rizia/Turn 9/Manus Vina Concerns,Player_Romus,en,「彼女はあなたよりもずっと強い意志を持っている。より大きな善のためにこれが必要だということを、きっと理解してくれるだろう。」
0x010000BE00002207,443,14,Rizia/Turn 9/Manus Vina Concerns,Player_Romus,en,「もしそれがご心配であるなら、この一連の出来事が起きている間に、彼女が安全に場を去れるよう必ず手配する。」
0x010000BE00002216,443,18,Rizia/Turn 9/Manus Vina Concerns,Player_Romus,en,「暴力に訴えない限り、彼女をパレスから連れ出すことはできない。時にはそれが唯一の解決策なのだ。」
0x010000BE0000221D,443,19,Rizia/Turn 9/Manus Vina Concerns,Player_Romus,en,「あなたは先走りしすぎだ。暴力に訴えるようなことには決してならない。」
0x010000BE00002225,443,20,Rizia/Turn 9/Manus Vina Concerns,Manus Sazon,en,「それは私が求める最低限のことです。」
0x010000BE0000222D,443,21,Rizia/Turn 9/Manus Vina Concerns,Manus Sazon,en,「陛下、敬意を表して申し上げますが、暴力に屈するよりもそれに抵抗する方がずっと強い覚悟が必要です。」
0x010000BE00002234,443,22,Rizia/Turn 9/Manus Vina Concerns,Manus Sazon,en,「戦争の場合はそうかもしれませんが、国内政治においてはそのような考え方は危険です...」
0x010000BE0000223B,443,23,Rizia/Turn 9/Manus Vina Concerns,Manus Sazon,en,「我々全員のためを思えば、そうならないことを願っています。」
0x010000BE00002242,443,24,Rizia/Turn 9/Manus Vina Concerns,Player_Romus,en,「ヴィナはこの件とは何の関係もない。彼女がどう思うかなど、あなたには関知することではない。」
0x010000BE00002251,443,28,Rizia/Turn 9/Manus Vina Concerns,Manus Sazon,en,「しかし……」
0x010000BE00002258,443,29,Rizia/Turn 9/Manus Vina Concerns,Manus Sazon,en,「私の知ったことではないですか？私は彼女の夫だ！」
0x010000BE0000225F,443,30,Rizia/Turn 9/Manus Vina Concerns,Manus Sazon,en,「ですが先ほども申し上げましたように、これが本当にあなたの望みであるなら、私は邪魔をいたしません。」
0x010000BE0000226A,443,31,Rizia/Turn 9/Manus Vina Concerns,Manus Sazon,en,「わかりました。申し上げた通り、これが本当にあなたの望みであるなら、私は邪魔をいたしません。」
0x01000098000447CA,444,3,Rizia/Turn 9/TalkWithTitus,Narrator,en,私はドラゾン大図書館の賑やかな雰囲気の中に立っていた。
0x01000098000447D0,444,4,Rizia/Turn 9/TalkWithTitus,Narrator,en,その催しまであと2ヶ月も残っていない時、我々の建築家たちは新しい棚を設置し、展示する貴重な書籍の配置を整えていた。
0x0100009800044806,444,5,Rizia/Turn 9/TalkWithTitus,Titus Gordion,en,「陛下、安心していただきたいのですが、私どもは既に警備体制を強化し始めております。その詳細をご案内させていただくことを大変嬉しく思っております。」
0x0100009800044812,444,6,Rizia/Turn 9/TalkWithTitus,Player_Romus,en,「警備の配置について聞かせてくれ。」
0x0100009800044818,444,7,Rizia/Turn 9/TalkWithTitus,Titus Gordion,en,「巡回中の近衛兵の数を三倍に増やしました。特に重要な入口や集結場所周辺での配置を強化しています。」
0x010000980004481E,444,8,Rizia/Turn 9/TalkWithTitus,Titus Gordion,en,「各貴族家の警備兵たちとの連携により、万全な警戒が保たれるでしょう陛下。」
0x0100009800044824,444,9,Rizia/Turn 9/TalkWithTitus,Player_Romus,en,「各貴族家の近衛兵たちを動員することには懸念がある。彼らへの信頼もかつてほどではなく、特に政治的緊張が高まっている今となっては。」
0x010000980004482A,444,10,Rizia/Turn 9/TalkWithTitus,Player_Romus,en,「あなたのアクセスおよび立ち入りに関する規則は何だ？」
0x0100009800044830,444,11,Rizia/Turn 9/TalkWithTitus,Titus Gordion,en,「宮殿の全入口には検問所が設置され、招待客リストと照合して来訪者を確認します。」
0x010000980004483C,444,12,Rizia/Turn 9/TalkWithTitus,Titus Gordion,en,「さらに、来訪者の動きを監視し、何か怪しい活動がないか見極めるために、戦略的な場所に監視カメラを設置しています。」
0x0100009800044842,444,13,Rizia/Turn 9/TalkWithTitus,Player_Romus,en,「よろしい。許可されていない者が侵入しないよう必ず確認せねばならない。」
0x0100009800044848,444,14,Rizia/Turn 9/TalkWithTitus,Player_Romus,en,「我々が用意している緊急時の対応手順とは何か？」
0x010000980004484E,444,15,Rizia/Turn 9/TalkWithTitus,Titus Gordion,en,「もし予期せぬ事態が起きた場合には、指定された避難室や避難経路といった、明確な緊急対応手順を準備しております。」
0x0100009800044854,444,16,Rizia/Turn 9/TalkWithTitus,Titus Gordion,en,「すべての職員や衛兵たちに、これらの手順について説明が行われました。」
0x010000980004485A,444,17,Rizia/Turn 9/TalkWithTitus,Titus Gordion,en,「さらに、宮殿内の警備員同士が即座に連絡を取り合えるよう、新しい安全な通信システムが導入されました。」
0x0100009800044860,444,18,Rizia/Turn 9/TalkWithTitus,Player_Romus,en,「あなたの徹底ぶりは安心できる。」
0x0100009800044950,444,19,Rizia/Turn 9/TalkWithTitus,Player_Romus,en,「素晴らしい。まさに私が望んでいたほどの警戒心だね。」
0x0100009800044956,444,20,Rizia/Turn 9/TalkWithTitus,Player_Romus,en,「よろしい。全ての衛兵が自分の任務を徹底的に理解しているようにせよ。そうでなければ重大な結果を招くだろう。」
0x010000980004495C,444,21,Rizia/Turn 9/TalkWithTitus,Player_Romus,en,「各検問所の管理方法や担当者について、詳細な報告書を提出してもらいたい。何か不意なことがあってはならない。」
0x0100009800044962,444,22,Rizia/Turn 9/TalkWithTitus,Player_Romus,en,「あの監視カメラがトイレに設置されていないように確認してくれ。我々の来客たちは決してそれを許さない。」
0x0100009800044987,444,24,Rizia/Turn 9/TalkWithTitus,Player_Romus,en,「監視カメラは一つの手立てではあるが、何か問題が起きた場合、いかに迅速に対応できるだろうか？」
0x01000098000449F7,444,25,Rizia/Turn 9/TalkWithTitus,Player_Romus,en,「明確な規程というのは一つのことだが、実際の運用はまた別の問題だ。」
0x01000098000449FD,444,26,Rizia/Turn 9/TalkWithTitus,Player_Romus,en,「規則というものは、それを守る者次第でしか価値がない。彼らが準備万端であると、あなたはどれほど確信しているのか？」
0x0100009800044A03,444,27,Rizia/Turn 9/TalkWithTitus,Player_Romus,en,「隠し部屋や避難経路だが……できるだけ使わずに済むことを願う。」
0x0100009800044A09,444,28,Rizia/Turn 9/TalkWithTitus,Titus Gordion,en,「陛下の私物も徹底的に検査されます。」
0x0100009800044B3C,444,29,Rizia/Turn 9/TalkWithTitus,Player_Romus,en,「私がかつて権力を握り、この都市をまるで自分の領地のように支配していたあの利欲家のことか？」
0x0100009800044B42,444,30,Rizia/Turn 9/TalkWithTitus,Titus Gordion,en,「まさにその通りです。彼はアルグノに対する支配があまりにも絶対的だったため、法の支配を無視し、自らを伯爵と宣言して独自の腐敗した政権を敷きました。」
0x0100009800044B48,444,31,Rizia/Turn 9/TalkWithTitus,Titus Gordion,en,「やがて彼の悪行は陛下の目に留まり、陛下はすべての貴族が集う収穫祭にイベリコを招待されたのです。」
0x0100009800044B54,444,32,Rizia/Turn 9/TalkWithTitus,Titus Gordion,en,「その策によって脅威を確実に排除するだけでなく、全貴族層に対しても強いメッセージを送ることができました。それ以降、何世代にもわたって誰も王権に挑戦する者は現れませんでした。」
0x0100009800044B5A,444,33,Rizia/Turn 9/TalkWithTitus,Player_Romus,en,「同じ戦術を使うよう提案されているのか？」
0x0100009800044B60,444,34,Rizia/Turn 9/TalkWithTitus,Titus Gordion,en,「我々の兵力が増えた今なら、近衛兵もかつてと変わらず容易くこの状況に対処できるはずです。」
0x0100009800044B66,444,35,Rizia/Turn 9/TalkWithTitus,Titus Gordion,en,「たとえこれらの署名を得るための手段があまり倫理的とは言えないものであったとしても、最終的に成立する合意は依然として公式かつ正当なものとして認められるでしょう。」
0x0100009800044C02,444,36,Rizia/Turn 9/TalkWithTitus,Player_Romus,en,「教えてくれ。」
0x0100009800044C17,444,37,Rizia/Turn 9/TalkWithTitus,Player_Romus,en,「その方のことは聞いたことがない。」
0x0100009800044C84,444,38,Rizia/Turn 9/TalkWithTitus,Titus Gordion,en,「それによって、民衆を怒らせる危険も軽減されます。」
0x0100009800045499,444,41,Rizia/Turn 9/TalkWithTitus,Narrator,en,それは、母の功績を称えて図書館の名称を変更する際の一環だった。
0x01000098000461BD,444,42,Rizia/Turn 9/TalkWithTitus,Narrator,en,私の叔父は近づいてくる際にお辞儀をしたが、その身振りからすると悩んでいる様子だった。
0x01000098000461C3,444,43,Rizia/Turn 9/TalkWithTitus,Hugo Toras,en,「陛下、少しお話がございます。」
0x01000098000461C9,444,44,Rizia/Turn 9/TalkWithTitus,Player_Romus,en,「どうなさったか、叔父上？」
0x01000098000461CF,444,45,Rizia/Turn 9/TalkWithTitus,Narrator,en,ウーゴは祭りの準備をしている職員たちに疑わしげな視線を向けた。
0x01000098000461D5,444,46,Rizia/Turn 9/TalkWithTitus,Hugo Toras,en,「もし我々だけで話せるのであれば……」
0x01000098000461DB,444,47,Rizia/Turn 9/TalkWithTitus,Narrator,en,私はウーゴを図書館に直接つながっている隣の部屋へ連れて行った。その部屋は今後開催される集会で公開される特別な施設だった。
0x01000098000461E1,444,48,Rizia/Turn 9/TalkWithTitus,Narrator,en,ウーゴはしばらくの間、戦利品たちを眺めて感嘆していたが、やがて私の方を向いた。
0x01000098000461ED,444,49,Rizia/Turn 9/TalkWithTitus,Hugo Toras,en,「それは、エステラ様の誕生日を祝うために開催される貴族諸家の集会に関することです。」
0x01000098000461F3,444,50,Rizia/Turn 9/TalkWithTitus,Lucita Azaro,en,「陛下、ロムスとお話しする必要がございます。」
0x01000098000461F9,444,51,Rizia/Turn 9/TalkWithTitus,Player_Romus,en,「どうしたのか、ルシータ？」
0x01000098000461FF,444,52,Rizia/Turn 9/TalkWithTitus,Narrator,en,ルシータは祭りの準備をしている使用人たちに疑わしげな視線を向けた。
0x0100009800046205,444,53,Rizia/Turn 9/TalkWithTitus,Lucita Azaro,en,「陛下、こちらでお話ししましょう。」
0x010000980004620B,444,54,Rizia/Turn 9/TalkWithTitus,Narrator,en,私はルシータを図書室に直接つながっている隣の部屋へ連れて行った。その部屋は今後開催される集会で公開される予定の特別な施設だった。
0x0100009800046211,444,55,Rizia/Turn 9/TalkWithTitus,Narrator,en,ルシータは数秒間かけて周囲を見回した後、私の方を向いた。
0x010000980004621D,444,56,Rizia/Turn 9/TalkWithTitus,Lucita Azaro,en,「陛下、これから行われる集まりを前にして、あなた様とお母上がどれほどご興味深く思っていらっしゃるか、私にもよく分かります。」
0x0100009800046223,444,57,Rizia/Turn 9/TalkWithTitus,Titus Gordion,en,「陛下、お話があります。」
0x0100009800046229,444,58,Rizia/Turn 9/TalkWithTitus,Player_Romus,en,「ティトゥス、何か問題があるのか？」
0x010000980004622F,444,59,Rizia/Turn 9/TalkWithTitus,Narrator,en,ティトゥスは祭りの準備をしている職員たちに疑わしげな視線を向けた。
0x0100009800046235,444,60,Rizia/Turn 9/TalkWithTitus,Titus Gordion,en,「もしよろしければ、私的な場でお話ししましょう。」
0x010000980004623B,444,61,Rizia/Turn 9/TalkWithTitus,Narrator,en,私はティトゥスを図書館に直接つながっている隣の部屋へ案内した。その部屋は今後開催される集会で公開される予定の特別な施設だった。
0x0100009800046241,444,62,Rizia/Turn 9/TalkWithTitus,Narrator,en,ティトゥスはしばらく周囲を見回した後、私の方を向いた。
0x010000980004626B,444,63,Rizia/Turn 9/TalkWithTitus,Player_Romus,en,「これを知っているのは他に誰がいるか？」
0x0100009800046271,444,64,Rizia/Turn 9/TalkWithTitus,Titus Gordion,en,「私と、ごく少数の部下だけです。」
0x0100009800046277,444,65,Rizia/Turn 9/TalkWithTitus,Player_Romus,en,「これらの情報源は、どれほど信頼できるのだろうか？」
0x010000980004627D,444,66,Rizia/Turn 9/TalkWithTitus,Titus Gordion,en,「我々の情報源は厳格にチェックされており、これまで正確な情報を提供してきました。」
0x0100009800046283,444,67,Rizia/Turn 9/TalkWithTitus,Player_Romus,en,「これまでに我々はどのような措置を講じてきたか？」
0x0100009800046289,444,68,Rizia/Turn 9/TalkWithTitus,Titus Gordion,en,「この情報はつい最近明らかになったばかりで、現在の我々の手元にある資源は限られております。」
0x010000980004628F,444,69,Rizia/Turn 9/TalkWithTitus,Titus Gordion,en,「もちろん、陛下のご安全を最優先事項として守ることは何よりも重要です。」
0x0100009800046295,444,70,Rizia/Turn 9/TalkWithTitus,Titus Gordion,en,「もちろんです、陛下。このようなことを陛下から隠すようなことは決していたしません。」
0x01000098000462A1,444,71,Rizia/Turn 9/TalkWithTitus,Player_Romus,en,「こちらの用事が終わるまで待てないほど、何がそんなに急ぎの用件なのか？」
0x01000098000462AB,444,72,Rizia/Turn 9/TalkWithTitus,Narrator,en,私は中央の展示品を置くスペースを作るために大きな本棚の配置を変えるよう装飾業者に指示しようとしていたところ、ウーゴが図書館に入ってくるのが見えた。
0x01000098000462B1,444,73,Rizia/Turn 9/TalkWithTitus,Narrator,en,私は中央の展示品を置くスペースを作るために大きな本棚の配置を変えるよう装飾業者に指示しようとしていたところ、ティトゥスが図書館に入ってくるのが見えた。
0x01000098000462B7,444,74,Rizia/Turn 9/TalkWithTitus,Narrator,en,彼は近づきながらお辞儀をしたが、その身のこなしからして深い悩みを抱えているように見えた。
0x01000098000462C2,444,78,Rizia/Turn 9/TalkWithTitus,Narrator,en,私の妻は悩んだ表情を浮かべて私のもとにやって来た。
0x01000098000462C8,444,79,Rizia/Turn 9/TalkWithTitus,Narrator,en,私は中央の展示品を置くスペースを作るために大きな本棚の配置を変えるよう装飾業者に指示しようとしていたところ、ルシータが図書室に入ってくるのが見えた。
0x01000098000462DA,444,83,Rizia/Turn 9/TalkWithTitus,Player_Romus,en,「少し時間を取ってご思考を整理してくれ。それから、お心にあることを話してくれ。」
0x01000098000462E0,444,84,Rizia/Turn 9/TalkWithTitus,Player_Romus,en,「もしこれが図書館の新しいカーテンのことなら、私は正気を失ってしまいそうだ。」
0x01000098000462E6,444,85,Rizia/Turn 9/TalkWithTitus,Narrator,en,私の側近たちは、そのイベントの準備をしているスタッフたちを疑わしそうな目で見つめていた。
0x01000098000462EC,444,86,Rizia/Turn 9/TalkWithTitus,Narrator,en,私の部下たちは、祭りの準備をしている使用人たちを疑わしそうな目で見つめていた。
0x01000098000462F2,444,87,Rizia/Turn 9/TalkWithTitus,Narrator,en,私の側近たちは、設営を担当している職員たちを疑わしそうな目で見つめていた。
0x01000098000462F8,444,88,Rizia/Turn 9/TalkWithTitus,Narrator,en,ここは戦利品室で、王国の最も貴重な戦利品を展示するために作られた場所だった。本の代わりに、その壁面には珍しい動物の頭部が並んでいた。
0x01000098000462FE,444,89,Rizia/Turn 9/TalkWithTitus,Narrator,en,ここは戦利品室で、王国の最も貴重な戦利品を展示するために作られた場所だった。本の代わりに、その壁面には珍しい動物の頭部が並んでいた。
0x010000980004630A,444,90,Rizia/Turn 9/TalkWithTitus,Narrator,en,ここは戦利品室で、王国の最も貴重な戦利品を展示するために作られた場所だった。本の代わりに、その壁面には珍しい動物の頭部が並んでいた。
0x0100009800046355,444,95,Rizia/Turn 9/TalkWithTitus,Titus Gordion,en,「信じがたいことかもしれませんが、私の近衛兵たちが匿名の情報を受け取りました。それによると陛下のご自身の家系内で不満が高まっているそうです。」
0x010000980004635B,444,96,Rizia/Turn 9/TalkWithTitus,Titus Gordion,en,「正直なところ、陛下のご実家の者たちが出席することについては、私としては大変懸念を抱いております。」
0x0100009800046367,444,97,Rizia/Turn 9/TalkWithTitus,Titus Gordion,en,「それは、陛下のお母上の誕生日を祝うために貴族の家々が集まる件についてです。」
0x010000980004637E,444,98,Rizia/Turn 9/TalkWithTitus,Titus Gordion,en,「正直なところ、三つの家系の長たちを一つの部屋に集めることがいかほど賢明か、私にはよく分からないのです。」
0x0100009800046395,444,99,Rizia/Turn 9/TalkWithTitus,Titus Gordion,en,「私の近衛兵たちは、カステラヌス家、アザロ家、そして広範なトラス家の間で不満が高まっているという匿名の情報を受け取りました。」
0x01000098000463E0,444,103,Rizia/Turn 9/TalkWithTitus,Titus Gordion,en,「正直なところ、アザロ家の出席については大変懸念しております。」
0x01000098000463E6,444,104,Rizia/Turn 9/TalkWithTitus,Titus Gordion,en,「私の近衛兵たちが、サゾン家とアザロ家の両方で不満が高まっていることを示す匿名の情報を受け取りました。」
0x01000098000463EC,444,105,Rizia/Turn 9/TalkWithTitus,Player_Romus,en,「どうやら誰かがスパイスリラーを読み過ぎたようだね。」
0x01000098000463F2,444,106,Rizia/Turn 9/TalkWithTitus,Titus Gordion,en,「陛下、私はこれらの不安を招く出来事の背後にある真実を明らかにするため、全力を尽くしてまいりました。実際のところ……」
0x01000098000463F8,444,107,Rizia/Turn 9/TalkWithTitus,Player_Romus,en,「匿名の情報提供者たちからの話だが……申し訳ない、ゴルディオン隊長。あのような曖昧で意味不明な脅迫をそれほど真剣に受け止めてはいない。」
0x01000098000463FE,444,108,Rizia/Turn 9/TalkWithTitus,Titus Gordion,en,「陛下、この脅威は実際に存在しており、その証拠もまた確かなものです。」
0x0100009800046420,444,115,Rizia/Turn 9/TalkWithTitus,Lucita Azaro,en,「しかし、トラス家の一部のメンバーが出席することについては、私としては大きな懸念を抱いております。」
0x0100009800046426,444,116,Rizia/Turn 9/TalkWithTitus,Lucita Azaro,en,「しかし、サゾン家の出席については大変懸念しております。」
0x010000980004642C,444,117,Rizia/Turn 9/TalkWithTitus,Lucita Azaro,en,「私の情報機関が受け取った匿名の情報によると、アザロ家の内部で不満が高まっている可能性があるそうです。」
0x0100009800046434,444,118,Rizia/Turn 9/TalkWithTitus,Lucita Azaro,en,「信じがたいことかもしれませんが、私の情報源によると陛下のご家族の中でも不満が高まっているようです。」
0x010000980004643A,444,119,Rizia/Turn 9/TalkWithTitus,Lucita Azaro,en,「しかし、サゾン家の出席やトラス家の一部のメンバーの参加については、私としては大きな懸念があります。」
0x0100009800046440,444,120,Rizia/Turn 9/TalkWithTitus,Lucita Azaro,en,「私の情報機関は、両家の内部で不満が高まっていると考える根拠があります。」
0x0100009800046455,444,127,Rizia/Turn 9/TalkWithTitus,Hugo Toras,en,「完全に確信することはできません。」
0x0100009800046461,444,128,Rizia/Turn 9/TalkWithTitus,Player_Romus,en,「裏切りは決して容認しない。これらの反逆者たちを特定できるか？」
0x010000980004646D,444,129,Rizia/Turn 9/TalkWithTitus,Player_Romus,en,「まあ、私としても全く驚いてはいないと言える。」
0x0100009800046479,444,130,Rizia/Turn 9/TalkWithTitus,Hugo Toras,en,「アザロ家の出席については、私としては大きな懸念を抱いております。」
0x010000980004648A,444,131,Rizia/Turn 9/TalkWithTitus,Player_Romus,en,「『不満だと？』私の宮廷の中からか？」
0x0100009800046490,444,132,Rizia/Turn 9/TalkWithTitus,Hugo Toras,en,「はい、陛下。信じがたいことかもしれませんが。」
0x0100009800046496,444,133,Rizia/Turn 9/TalkWithTitus,Player_Romus,en,「なぜ私がリコを信頼しなければならないのだろうか？」
0x010000980004649C,444,134,Rizia/Turn 9/TalkWithTitus,Hugo Toras,en,「彼はリジアで最も規模の大きい市警を率いております。陛下が親切にも彼の昇進を実現してくださってから、彼は常に絶対的な忠誠を示し続けています。」
0x01000098000464AE,444,135,Rizia/Turn 9/TalkWithTitus,Hugo Toras,en,「サゾン家の出席については、私としては懸念があります。」
0x01000098000464B4,444,136,Rizia/Turn 9/TalkWithTitus,Hugo Toras,en,「私はリコ・トラスと話をしました。彼とその部下たちは、アザロ家の内部で不満が高まっていると疑っています。」
0x01000098000464BA,444,137,Rizia/Turn 9/TalkWithTitus,Hugo Toras,en,「陛下、私がお伝えするあらゆる噂も、結論を示す前には常に確かな証拠に基づいています。」
0x01000098000464C0,444,138,Rizia/Turn 9/TalkWithTitus,Player_Romus,en,「どうやら誰かがスパイスリラーを読み過ぎたようだね。しかし真剣に言うが、もしこの噂に少しでも事実が含まれているのなら、我々は迅速に行動しなければならない。」
0x01000098000464CA,444,140,Rizia/Turn 9/TalkWithTitus,Hugo Toras,en,「アザロ家とサゾン家の出席については、私としては懸念があります。」
0x01000098000464D0,444,141,Rizia/Turn 9/TalkWithTitus,Hugo Toras,en,「私はリコ・トラスと話をしました。彼とその部下たちは、アザロ家とサゾン家の両方で不満が高まっていると疑っています。」
0x01000098000464DB,444,145,Rizia/Turn 9/TalkWithTitus,Titus Gordion,en,「我々が受け取るあらゆる噂は、結論を陛下にお示しする前に確かな証拠によって裏付けられています。証拠ということでしたら……」
0x01000098000464E6,444,146,Rizia/Turn 9/TalkWithTitus,Player_Romus,en,「もしあなたの言うことが真実なら、厳しい罰が待っている。どうぞ続けてくれ。」
0x01000098000464EC,444,147,Rizia/Turn 9/TalkWithTitus,Titus Gordion,en,「喜んで。」
0x01000098000464F8,444,148,Rizia/Turn 9/TalkWithTitus,Player_Romus,en,「それでは、あなたの部門では単なる噂だけを頼りにするのが普通の慣習なのか？」
0x01000098000464FE,444,149,Rizia/Turn 9/TalkWithTitus,Lucita Azaro,en,「陛下、我々がお届けするすべての噂や情報は、それをご提示する前に確かな証拠によって裏付けられています。証拠ということでございましたら……」
0x0100009800046504,444,150,Rizia/Turn 9/TalkWithTitus,Player_Romus,en,「匿名の情報源からの話だが……申し訳ない、あれほど曖昧で意味不明な脅迫をそれほど真剣に受け止めてはいない。」
0x010000980004650A,444,151,Rizia/Turn 9/TalkWithTitus,Player_Romus,en,「もしあなたの言うことが真実なら、必ず厳しい罰が下されることになる。どうぞ続けてくれ。」
0x0100009800046510,444,152,Rizia/Turn 9/TalkWithTitus,Player_Romus,en,「どうやら誰かが陰謀スリラーを読み過ぎたようだね。」
0x0100009800046516,444,153,Rizia/Turn 9/TalkWithTitus,Lucita Azaro,en,「陛下、この脅威は実際に存在しております。アルグノの証拠もまた真実なのです。」
0x010000980004651C,444,154,Rizia/Turn 9/TalkWithTitus,Lucita Azaro,en,「喜んで承ります。」
0x0100009800046526,444,156,Rizia/Turn 9/TalkWithTitus,Lucita Azaro,en,「これらの憂慮すべき事態の背後にある真実を明らかにするため、全力を尽くしてまいりました。」
0x010000980004652C,444,157,Rizia/Turn 9/TalkWithTitus,Player_Romus,en,「申し訳ないが、あのような曖昧で意味不明な脅しを真剣に受け止めることはできない。」
0x0100009800046555,444,158,Rizia/Turn 9/TalkWithTitus,Player_Romus,en,「この報せは実に憂慮すべきものだ。驚かなかったとは言えない。」
0x0100009800046566,444,159,Rizia/Turn 9/TalkWithTitus,Player_Romus,en,「まあ、近年では信頼というものがますます貴重なものになっているようだね。他に何か教えてくれるか？」
0x010000980004656C,444,160,Rizia/Turn 9/TalkWithTitus,Lucita Azaro,en,「私が集めた情報によれば、王室に対する陰謀が企てられている可能性があります。」
0x010000980004657E,444,161,Rizia/Turn 9/TalkWithTitus,Player_Romus,en,「では、近衛兵が単なる噂だけを頼りにするのは普通のことなのだろうか？」
0x010000980004658F,444,162,Rizia/Turn 9/TalkWithTitus,Lucita Azaro,en,「百パーセント確信は持てません。私が知っているのは、反逆の陰謀が企てられている可能性があるということだけです。」
0x010000980004659B,444,163,Rizia/Turn 9/TalkWithTitus,Player_Romus,en,「私は裏切りを決して容認しない――特に同じ貴族たちからのものを。具体的には誰だ？」
0x01000098000465A1,444,164,Rizia/Turn 9/TalkWithTitus,Player_Romus,en,「トラス家だって？それは間違いだろう。」
0x01000098000465A7,444,165,Rizia/Turn 9/TalkWithTitus,Player_Romus,en,「我々の神聖な計画が実現すれば、その不満どもは遠い過去の記憶と化すだろう。」
0x01000098000465AD,444,166,Rizia/Turn 9/TalkWithTitus,Lucita Azaro,en,「陛下、そのような日が来るまで長く権力の座にいられるとは限りません。」
0x01000098000465B3,444,167,Rizia/Turn 9/TalkWithTitus,Player_Romus,en,「もし貴方の言うことが真実なら、必ず厳しい罰が待っていることは間違いない。どうぞ続けてくれ。」
0x01000098000465BB,444,168,Rizia/Turn 9/TalkWithTitus,Hugo Toras,en,「陛下、この脅威は実に現実的なものです。我々はもはや見過ごすことのできない転換点に立っているのです。」
0x01000098000465F8,444,169,Rizia/Turn 9/TalkWithTitus,Titus Gordion,en,「この情報は漏洩を防ぐため、極秘に管理しております。」
0x01000098000465FE,444,170,Rizia/Turn 9/TalkWithTitus,Titus Gordion,en,「彼らの信頼性に疑いの余地はありません。」
0x0100009800046627,444,171,Rizia/Turn 9/TalkWithTitus,Lucita Azaro,en,「我々は『政治的転換』に関する書簡の断片をいくつか傍受しました。」
0x010000980004662D,444,172,Rizia/Turn 9/TalkWithTitus,Player_Romus,en,「他にこれを知っている者は誰だ？」
0x0100009800046633,444,173,Rizia/Turn 9/TalkWithTitus,Lucita Azaro,en,「今のところ、私自身と私の情報要員だけです。」
0x0100009800046639,444,174,Rizia/Turn 9/TalkWithTitus,Player_Romus,en,「あなたの情報源はどれほど信頼できるのか？」
0x010000980004663F,444,175,Rizia/Turn 9/TalkWithTitus,Lucita Azaro,en,「彼らは徹底的に調査されており、過去にも信頼できる情報を提供してきました。」
0x0100009800046645,444,176,Rizia/Turn 9/TalkWithTitus,Player_Romus,en,「これまでに我々はどのような措置を講じてきたか？」
0x010000980004664B,444,177,Rizia/Turn 9/TalkWithTitus,Lucita Azaro,en,「この情報はつい最近明らかになったもので、現在の我々の手元にある資源は限られております。」
0x0100009800046651,444,178,Rizia/Turn 9/TalkWithTitus,Lucita Azaro,en,「もちろん、陛下の身の安全が最優先です。」
0x0100009800046688,444,194,Rizia/Turn 9/TalkWithTitus,Lucita Azaro,en,「この情報は漏洩を防ぐため、厳重に機密に保管されております。」
0x010000980004668E,444,195,Rizia/Turn 9/TalkWithTitus,Lucita Azaro,en,「彼らの信頼性に疑いの余地はありません。」
0x010000980004669C,444,198,Rizia/Turn 9/TalkWithTitus,Lucita Azaro,en,「証拠が信頼できるものだと確信していなければ、陛下のもとに参りませんでした。」
0x01000098000466A2,444,199,Rizia/Turn 9/TalkWithTitus,Lucita Azaro,en,「その証拠は確かに憂慮すべきものであり、我々が早急に対処することが極めて重要です。」
0x01000098000466CD,444,200,Rizia/Turn 9/TalkWithTitus,Player_Romus,en,「これを知っているのは他に誰がいるか？」
0x01000098000466D3,444,201,Rizia/Turn 9/TalkWithTitus,Hugo Toras,en,「今のところ、私と息子だけです。」
0x01000098000466D9,444,202,Rizia/Turn 9/TalkWithTitus,Player_Romus,en,「この情報源は、叔父上、どの程度信頼できるのだろうか？」
0x01000098000466DF,444,203,Rizia/Turn 9/TalkWithTitus,Hugo Toras,en,「リコ・トラスによれば、彼らは一貫して信頼できる情報を提供してきたとのことです。」
0x01000098000466E5,444,204,Rizia/Turn 9/TalkWithTitus,Player_Romus,en,「これまでに我々はどのような措置を講じてきたか？」
0x01000098000466EB,444,205,Rizia/Turn 9/TalkWithTitus,Hugo Toras,en,「この情報はつい最近明らかになったもので、我々の手配できる資源も限られております。」
0x01000098000466F1,444,206,Rizia/Turn 9/TalkWithTitus,Hugo Toras,en,「もちろん、陛下のご自身の警備体制を強化されることを強くお勧めいたします。」
0x01000098000466F7,444,207,Rizia/Turn 9/TalkWithTitus,Hugo Toras,en,「私は陛下の叔父にして最も側近の顧問です。これほど重要な情報を陛下から隠すようなことは決していたしません。」
0x01000098000466FD,444,208,Rizia/Turn 9/TalkWithTitus,Player_Romus,en,「ヒューゴ、このことをお伝えいただきありがとう。深く考えさせられる。」
0x0100009800046728,444,224,Rizia/Turn 9/TalkWithTitus,Hugo Toras,en,「この情報は漏洩を防ぐため、極秘に管理されております。」
0x010000980004672E,444,225,Rizia/Turn 9/TalkWithTitus,Hugo Toras,en,「彼らの信頼性に疑いの余地はありません。」
0x010000980004673C,444,228,Rizia/Turn 9/TalkWithTitus,Player_Romus,en,「つまり、結局はこういうことか。貴族たちの裏切りだな。」
0x0100009800046742,444,229,Rizia/Turn 9/TalkWithTitus,Player_Romus,en,「彼らはその裏切りの代償を払わされるだろう、それは間違いない。」
0x010000980004676E,444,236,Rizia/Turn 9/TalkWithTitus,Player_Romus,en,「では、単なる噂だけを頼りにするのはあなた方の普通のやり方なのか？」
0x0100009800046774,444,237,Rizia/Turn 9/TalkWithTitus,Hugo Toras,en,「これらの憂慮すべき事態の背後にある真実を明らかにするため、全力を尽くしてまいりました。」
0x010000980004677A,444,238,Rizia/Turn 9/TalkWithTitus,Hugo Toras,en,「もちろんです。」
0x01000098000467D6,444,248,Rizia/Turn 9/TalkWithTitus,Lucita Azaro,en,「詳細な内容は判断しにくいのです。ですから明確な説明が得られるまでは、彼らの真の意図について推測するしか選択肢がありません。」
0x010000980004694A,444,249,Rizia/Turn 9/TalkWithTitus,Hugo Toras,en,「陛下、このような事実をお聞きになるだけでもいかに辛いことか、ましてや対処しなければならないと思うだけで胸が痛みます。」
0x0100009800046951,444,250,Rizia/Turn 9/TalkWithTitus,Hugo Toras,en,「この件についてもっと話し合いたいのですが、リタや彼女の姉妹たちとの夕食に遅れそうでして。あの方々のことはご存知の通りですから。」
0x0100009800046958,444,251,Rizia/Turn 9/TalkWithTitus,Hugo Toras,en,「残念ながら、それは昔から語り継がれてきた古い物語です。」
0x0100009800046960,444,252,Rizia/Turn 9/TalkWithTitus,Hugo Toras,en,「確かに、陛下。彼らは自分たちの行いの結果を受け入れなければなりません。」
0x0100009800046969,444,253,Rizia/Turn 9/TalkWithTitus,Player_Romus,en,「ご指摘いただき、ありがとう。深く考えさせられる内容だった。」
0x010000980004696F,444,254,Rizia/Turn 9/TalkWithTitus,Player_Romus,en,「まさかこうなるとは……貴族たちの間に裏切りがあったとは。」
0x0100009800046975,444,255,Rizia/Turn 9/TalkWithTitus,Player_Romus,en,「彼らはその裏切りの代償を払わされるだろう、それは間違いない。」
0x010000980004697B,444,256,Rizia/Turn 9/TalkWithTitus,Lucita Azaro,en,「陛下、このような事実をお聞きになるだけでもいかに辛いことか、ましてや対処しなければならないと思うだけで胸が痛みます。」
0x0100009800046981,444,257,Rizia/Turn 9/TalkWithTitus,Lucita Azaro,en,「残念ですが、それは古くから伝わる物語のようです。」
0x0100009800046987,444,258,Rizia/Turn 9/TalkWithTitus,Narrator,en,彼女は突然顔をしかめた。
0x010000980004698D,444,259,Rizia/Turn 9/TalkWithTitus,Lucita Azaro,en,「彼らの行いに対しては必ず責任を問われるべきです。疑う余地はありません。」
0x010000980004699C,444,260,Rizia/Turn 9/TalkWithTitus,Player_Romus,en,「あなたの言葉で、私は考えるべきことが多くなった。」
0x01000098000469A2,444,261,Rizia/Turn 9/TalkWithTitus,Player_Romus,en,「つまり、結局のところこれが問題なのだね……貴族たち同士の裏切り。信じられない……」
0x01000098000469A8,444,262,Rizia/Turn 9/TalkWithTitus,Player_Romus,en,「彼らはその裏切りの代償を払わなければならないだろう。」
0x01000098000469AE,444,263,Rizia/Turn 9/TalkWithTitus,Titus Gordion,en,「陛下、これをお聞きになるだけでもいかに困難であるか想像に難くありません。それ以上に、どう対処すべきかを決めることはなおさらです。」
0x01000098000469BA,444,264,Rizia/Turn 9/TalkWithTitus,Titus Gordion,en,「少なくとも、非常にがっかりさせられます。」
0x01000098000469C0,444,265,Rizia/Turn 9/TalkWithTitus,Titus Gordion,en,「もちろんです。陛下に背く者は誰であれ、必ずその報いを受けなければなりません。」
0x0100009800046A37,444,279,Rizia/Turn 9/TalkWithTitus,Player_Romus,en,「いずれにせよ、間もなく開催される集会を中止するわけにはまいらない。この新たな事実を踏まえ、どのような準備が進められているのか知る必要がある。」
0x0100009800046A5C,444,280,Rizia/Turn 9/TalkWithTitus,Player_Romus,en,「これは母上の誕生日の準備にどのような影響を与えるのだろうか？」
0x0100009800046A63,444,281,Rizia/Turn 9/TalkWithTitus,Player_Romus,en,「それでも、集会を中止するという選択肢はない。」
0x0100009800046A6E,444,282,Rizia/Turn 9/TalkWithTitus,Titus Gordion,en,「承知いたしました。それでは大変な騒動を引き起こすことになり、疑念を招くことも間違いありません。」
0x0100009800046A75,444,283,Rizia/Turn 9/TalkWithTitus,Titus Gordion,en,「しかし、準備は既に進行中であることをお約束いたします。」
0x0100009800046A7C,444,284,Rizia/Turn 9/TalkWithTitus,Titus Gordion,en,「我が国の客人たちの安全と王国の安定こそが、私の最優先事項です。」
0x0100009800046AC8,444,286,Rizia/Turn 9/TalkWithTitus,Titus Gordion,en,「陛下、引き続き円滑な夜会の開催に努めます。しかし、適切な安全対策や緊急時の手順が確実に実施されるよう、一層警戒を強化する必要がございます。」
0x0100009800046AD7,444,287,Rizia/Turn 9/TalkWithTitus,Narrator,en,私はウーゴが部屋を出て行くのを見ていた。我々の議論の重みが心にのしかかっていた。
0x0100009800046ADE,444,288,Rizia/Turn 9/TalkWithTitus,Narrator,en,突然のドアを叩く音によって、私は思考から我に返った。来たのはティトゥスだった。
0x0100009800046AE5,444,289,Rizia/Turn 9/TalkWithTitus,Narrator,en,私は静かに立ち尽くし、先ほど語られた言葉がもたらす深刻な結果について考えていた。
0x0100009800046AED,444,290,Rizia/Turn 9/TalkWithTitus,Narrator,en,これから数日間に下されるあらゆる決断は極めて重要なものとなるだろう。
0x0100009800046AF5,444,291,Rizia/Turn 9/TalkWithTitus,Narrator,en,私が呼ぶとすぐに彼はトロフィールームに入ってきて、近づきながらお辞儀をした。
0x0100009800046AFC,444,292,Rizia/Turn 9/TalkWithTitus,Titus Gordion,en,「陛下、こんばん天です。今、勤務中の別の近衛兵の代わりにこちらに来ましたので、ご報告申し上げます。」
0x0100009800046B0A,444,293,Rizia/Turn 9/TalkWithTitus,Narrator,en,彼女は部屋を出る前に、私の頬にキスをした。
0x0100009800046B6A,444,295,Rizia/Turn 9/TalkWithTitus,Player_Romus,en,「人数を三倍にするのは第一歩だが、これほど増えた警備員たちがその任務に十分に訓練されているだろうか？」
0x0100009800046B71,444,296,Rizia/Turn 9/TalkWithTitus,Titus Gordion,en,「彼らならこの状況を十分に処理できます。」
0x0100009800046B78,444,297,Rizia/Turn 9/TalkWithTitus,Titus Gordion,en,「陛下、私も同じ懸念を抱いております。ですが、彼ら一人ひとりを厳しく審査し、その忠誠心を確かめるために追加の措置を講じています。」
0x0100009800046B84,444,301,Rizia/Turn 9/TalkWithTitus,Titus Gordion,en,「承知いたしました、陛下。」
0x0100009800046B8A,444,302,Rizia/Turn 9/TalkWithTitus,Titus Gordion,en,「それ以下では到底受け入れられません。」
0x0100009800046B9C,444,304,Rizia/Turn 9/TalkWithTitus,Titus Gordion,en,「その夜、勤務に就くことになった全ての近衛兵は、私が直接選び、訓練を施したものです。」
0x0100009800046BA3,444,305,Rizia/Turn 9/TalkWithTitus,Titus Gordion,en,「彼らへの私の信頼は揺るぎません。」
0x0100009800046BAC,444,306,Rizia/Turn 9/TalkWithTitus,Titus Gordion,en,「神の介入がなければ、陛下、決してそのような手段を使う必要はないでしょう。」
0x0100009800046BB4,444,307,Rizia/Turn 9/TalkWithTitus,Titus Gordion,en,ありがとうございます、陛下。しかし全ての功績を独り占めすることはできない。これらすべてが実現できたのは、私の部下たちのプロ意識と献身のおかげだ。」
0x0100009800046BC3,444,308,Rizia/Turn 9/TalkWithTitus,Titus Gordion,en,「ご安心ください……私の部下たちは厳しい訓練を受けており、これらの手順を完璧に実行できる状態です。」
0x0100009800046BCD,444,309,Rizia/Turn 9/TalkWithTitus,Titus Gordion,en,「我々の対応速度は迅速かつ効率的であり、必ずやそれを約束いたします。」
0x0100009800046BD6,444,310,Rizia/Turn 9/TalkWithTitus,Titus Gordion,en,「もちろんです。すぐに報告書を作成し、陛下のもとへお届けいたします。」
0x0100009800046BDF,444,311,Rizia/Turn 9/TalkWithTitus,Titus Gordion,en,「私の監督下では、適切な許可を持たない者は誰一人として宮殿内に足を踏み入れることはありません。」
0x0100009800046BEE,444,315,Rizia/Turn 9/TalkWithTitus,Titus Gordion,en,「我々のセキュリティ計画の核心部分が台無しになってしまった。やはりすべてを見直さなければならないようだ。」
0x0100009800046BF5,444,316,Rizia/Turn 9/TalkWithTitus,Narrator,en,ティトゥスは目に楽しげな輝きを浮かべてにやりと笑った。
0x0100009800046BFD,444,317,Rizia/Turn 9/TalkWithTitus,Player_Romus,en,「これらの措置だけで何か問題が起きるのを防げることを願う。」
0x0100009800046C05,444,318,Rizia/Turn 9/TalkWithTitus,Titus Gordion,en,「私の統治下では、いかなる脅威も見過ごされることはありません。」
0x010000980004732E,444,319,Rizia/Turn 9/TalkWithTitus,Player_Romus,en,「あなたは本当に、我々の敵がイベリコのように簡単に崩れ去ると思っているのか？」
0x0100009800047333,444,320,Rizia/Turn 9/TalkWithTitus,Player_Romus,en,「それはさほど巧妙な手法とは言えないね。」
0x0100009800047338,444,321,Rizia/Turn 9/TalkWithTitus,Player_Romus,en,「これには可能性があるようだね。このような計画を実行させるにあたり、あなたの部下たちを信頼できるか？」
0x0100009800047393,444,322,Rizia/Turn 9/TalkWithTitus,Titus Gordion,en,「物語によれば、彼はその都市を絶対的に支配しており、法の支配など顧みず自らを伯爵と宣言し、自身の腐敗した政権を敷いたそうです。」
0x01000098000473A4,444,323,Rizia/Turn 9/TalkWithTitus,Titus Gordion,en,「その場で近衛兵たちがイベリコとその家族を取り囲み、他の全員の前で彼らに権力や財産、爵位の譲渡を強いたのです。」
0x01000098000473BF,444,324,Rizia/Turn 9/TalkWithTitus,Titus Gordion,en,「陛下、どんなに強大に見える者であっても、我々が利用できる弱みというものは必ず存在します。」
0x01000098000473CF,444,325,Rizia/Turn 9/TalkWithTitus,Titus Gordion,en,「確かに効果的ではあります。」
0x01000098000473D9,444,326,Rizia/Turn 9/TalkWithTitus,Titus Gordion,en,「もちろん、彼らなら可能です。」
0x01000098000477EC,444,331,Rizia/Turn 9/TalkWithTitus,Narrator,en,ティトゥスが去った後、再び、壁を飾る見事な動物の戦利品たちを眺めた。
0x01000098000477F3,444,332,Rizia/Turn 9/TalkWithTitus,Narrator,en,その収集品を眺めていると、私の目はドアの上にある空き部分に引き寄せられた。
0x01000098000477FA,444,333,Rizia/Turn 9/TalkWithTitus,Narrator,en,私は、反対する勇気のあった貴族たちの首を飾るのに最適な場所だと気づき、顔に笑みが浮かんだ。
0x010000980004780D,444,337,Rizia/Turn 9/TalkWithTitus,Narrator,en,それはまるで無言の挑戦のように目立っており、我々には常に達成すべきことがあり、征服すべきものがあり、残していくべき遺産があるのだと思い出させてくれた。
0x0100009800047814,444,338,Rizia/Turn 9/TalkWithTitus,Narrator,en,その何もない壁は、まだ手に入れられていない将来の勝利について囁いているようだった。
0x0100009800048046,444,340,Rizia/Turn 9/TalkWithTitus,Titus Gordion,en,「三つの王家すべてを掌握しようとする君主制です。これはまったく前例のないことです。」
0x0100009800048051,444,341,Rizia/Turn 9/TalkWithTitus,Titus Gordion,en,「陛下、現在、君主制がリジアで最も強力なライバル家の支配権を握ろうとしております。これはまったく前例のないことです。」
0x0100009800048057,444,342,Rizia/Turn 9/TalkWithTitus,Titus Gordion,en,「30年もの時を経て君主制がサゾン家に復讐を行うなんて、まったく前例のないことです。」
0x010000980004805D,444,343,Rizia/Turn 9/TalkWithTitus,Titus Gordion,en,「両方の対立する家系を君主制が掌握するなんて、まったく前例のないことです。」
0x0100009800048072,444,350,Rizia/Turn 9/TalkWithTitus,Titus Gordion,en,「陛下、現在君主制がリジアで最も権力のある二つの家系を掌握しようとしております。これはまったく前例のないことです。」
0x0100009800048087,444,360,Rizia/Turn 9/TalkWithTitus,Titus Gordion,en,「二つの王家を掌握しようとする君主制です。これはまったく前例のないことです。」
0x010000980004808D,444,361,Rizia/Turn 9/TalkWithTitus,Titus Gordion,en,「陛下、君主制がリジアの統治家系を掌握しようとしています。これはまったく前例のないことです。」
0x01000098000480AB,444,362,Rizia/Turn 9/TalkWithTitus,Player_Romus,en,「歴史は私の勝利を記憶し続けるだろう。」
0x0100009800048187,444,364,Rizia/Turn 9/TalkWithTitus,Titus Gordion,en,「ああ、忘れる前に……」
0x0100009800048193,444,365,Rizia/Turn 9/TalkWithTitus,Narrator,en,ティトゥスは敬礼をする際も落ち着きを保っていた。
0x0100009800048469,444,367,Rizia/Turn 9/TalkWithTitus,Hugo Toras,en,「陛下、この情報をすぐに行動に移すことが極めて重要です。」
0x01000098000484FA,444,371,Rizia/Turn 9/TalkWithTitus,Titus Gordion,en,「今や近衛兵の役割をヴルヘックの守護者が引き継いだ以上、我々は王権と聖堂の両方の完全な権限をもって行動することができるのです。」
0x0100009800048525,444,372,Rizia/Turn 9/TalkWithTitus,Titus Gordion,en,「確かにその可能性はあります...」
0x0100009800048538,444,376,Rizia/Turn 9/TalkWithTitus,Player_Romus,en,「では、ヴルヘックの守護者たちが単なる噂だけに頼るのは普通のことなのだろうか？」
0x01000098000488D3,444,377,Rizia/Turn 9/TalkWithTitus,Player_Romus,en,「私が交代する者だ。これから開催される誕生日の集まりにおける警備体制について話し合う必要がある。」
0x01000098000488D8,444,378,Rizia/Turn 9/TalkWithTitus,Player_Romus,en,「ティトゥス、これからはお前と部下たちに一層警戒を強化してもらう必要がある。」
0x01000098000488DD,444,379,Rizia/Turn 9/TalkWithTitus,Player_Romus,en,「今、こっそり聞いていたのか？どれくらい聞き取れたか？」
0x0100009800048F8F,444,384,Rizia/Turn 9/TalkWithTitus,Narrator,en,リジアの貴族たちが集まって私の母の75歳の誕生日を祝う会合の準備が盛んに行われていた。
0x0100009800048FBA,444,388,Rizia/Turn 9/TalkWithTitus,Player_Romus,en,「急いでルシータに状況を説明してあげてくれ。彼女はこれからの全ての展開において重要な役割を担うことになる。」
0x0100009800048FC5,444,392,Rizia/Turn 9/TalkWithTitus,Player_Romus,en,「この計画のことは他の誰にも知られてはならない。私に最も近しい者たちでさえもだ。」
0x0100009800048FDC,444,393,Rizia/Turn 9/TalkWithTitus,Player_Romus,en,「そして、私の叔父であるウーゴにもこの計画を必ず伝えてくれ。彼なら間違いなく関与したがるだろう。」
0x0100009800048FE6,444,394,Rizia/Turn 9/TalkWithTitus,Titus Gordion,en,「すぐに対応いたします。」
0x0100009800048FEE,444,395,Rizia/Turn 9/TalkWithTitus,Titus Gordion,en,「すぐに対処いたします。」
0x0100009800049137,444,402,Rizia/Turn 9/TalkWithTitus,Titus Gordion,en,「陛下、18世紀にアルグノで活躍した商人、ルカ・イベリコの話を覚えておいでですか？」
0x010000740000F1A5,444,419,Rizia/Turn 9/TalkWithTitus,Player_Romus,en,「このことをお伝えいただき、ありがとう。」
0x010000740000F1AD,444,420,Rizia/Turn 9/TalkWithTitus,Player_Romus,en,「このことをお伝えいただき、ありがとう。」
0x010000740000F1B5,444,421,Rizia/Turn 9/TalkWithTitus,Player_Romus,en,「このことをお伝えいただき、ありがとう。」
0x0100009800051690,444,428,Rizia/Turn 9/TalkWithTitus,Titus Gordion,en,「陛下、おはようございます。すべてが予定通りに進んでいるようです。」
0x0100009800051696,444,429,Rizia/Turn 9/TalkWithTitus,Narrator,en,私がちょうど装飾業者に棚を動かしてもらおうと尋ねようとしたその時、ティトゥスが図書館に入ってきた。
0x010000980005169C,444,430,Rizia/Turn 9/TalkWithTitus,Narrator,en,彼は前任の近衛兵をその職から解き、一礼した後、ゆっくりと近づきながら周囲の景色を見渡した。
0x01000098000516A2,444,431,Rizia/Turn 9/TalkWithTitus,Player_Romus,en,「改修工事については、どのように思われるか？」
0x01000098000516A8,444,432,Rizia/Turn 9/TalkWithTitus,Player_Romus,en,「建築批評という新しい趣味を始めたのか？」
0x01000098000516AE,444,433,Rizia/Turn 9/TalkWithTitus,Player_Romus,en,「崩れ落ちない限り、それでよしとすべきだろう。」
0x01000098000516B4,444,434,Rizia/Turn 9/TalkWithTitus,Titus Gordion,en,「とても見事ですね。近代的でありながらも昔の良さを大切にしており、ここには多くの歴史が詰まっているようです。」
0x01000098000516BA,444,435,Rizia/Turn 9/TalkWithTitus,Titus Gordion,en,「私は建築批評のようなことは、本当にそれについて理解している者たちに任せます。」
0x01000098000516C0,444,436,Rizia/Turn 9/TalkWithTitus,Titus Gordion,en,「はい、崩れかけた図書館では王室の誕生日祝賀会にふさわしい舞台とは言えません。」
0x01000098000516CB,444,440,Rizia/Turn 9/TalkWithTitus,Player_Romus,en,「しーっ！そんなに大きな声を出さないでくれ。ここは図書館だから。」
0x01000098000516D1,444,441,Rizia/Turn 9/TalkWithTitus,Narrator,en,ティトゥスは、大きなハンマーの音やドリルの音が絶え間なく続く中でくすっと笑った。
0x01000098000516D7,444,442,Rizia/Turn 9/TalkWithTitus,Titus Gordion,en,「その通りです。この図書館の長い歴史の中で生まれた幽霊たちを起こさない方がよろしいでしょう。」
0x01000098000516DD,444,443,Rizia/Turn 9/TalkWithTitus,Player_Romus,en,「ああ！そうだ。あなたが歴史好きだったことを忘れかけていた。」
0x01000098000516E3,444,444,Rizia/Turn 9/TalkWithTitus,Titus Gordion,en,「過去を振り返ることで学ぶべきことは多いのです。」
0x01000098000516F0,444,445,Rizia/Turn 9/TalkWithTitus,Player_Romus,en,「歴史の話はもう十分だ。他に議論すべきことはあるか？」
0x0100009800051714,444,446,Rizia/Turn 9/TalkWithTitus,Narrator,en,間もなく、書記官が真鍮の留め金でしっかり閉じられた革製の箱を持って戻ってきた。彼は出て行く前にその箱の錠を開けて中身を取り出した。
0x010000980005171A,444,447,Rizia/Turn 9/TalkWithTitus,Narrator,en,我々が私が特別に作らせたトロフィールームに足を踏み入れると、ハンマーの音は次第に静かになっていった。
0x0100009800051720,444,448,Rizia/Turn 9/TalkWithTitus,Narrator,en,ここは王国で最も貴重な戦利品を展示するための場所で、壁には珍しい動物の頭部が飾られていた。
0x010000980005172C,444,449,Rizia/Turn 9/TalkWithTitus,Player_Romus,en,「あなたの前にいた者たちと同じように、王室への忠誠心があなたにこの特権をもたらしたのだ。」
0x0100009800051738,444,450,Rizia/Turn 9/TalkWithTitus,Player_Romus,en,「そんなに近づかないで！間違った風を当てると壊れてしまう。」
0x010000980005173E,444,451,Rizia/Turn 9/TalkWithTitus,Titus Gordion,en,「はい、陛下。」
0x0100009800051756,444,452,Rizia/Turn 9/TalkWithTitus,Narrator,en,ティトゥスはさらに近づき、その目を古代の羊皮紙、つまり近衛兵の創設憲章に注いだ。
0x010000980005175C,444,453,Rizia/Turn 9/TalkWithTitus,Titus Gordion,en,「陛下、まだこのようなものが存在していたとは存じませんでした。」
0x0100009800051783,444,455,Rizia/Turn 9/TalkWithTitus,Titus Gordion,en,「私の見解は、建築的な評価ではなく歴史的記録に基づいています。」
0x0100009800051789,444,456,Rizia/Turn 9/TalkWithTitus,Player_Romus,en,「私の思い通りになれば、これからもまだ多くのものが加わるだろう。」
0x010000980005178F,444,457,Rizia/Turn 9/TalkWithTitus,Titus Gordion,en,「たとえ何か問題が起きたとしても、それはこの図書館の歴史において別の章を刻むことになるでしょう。」
0x0100009800051795,444,458,Rizia/Turn 9/TalkWithTitus,Titus Gordion,en,「私に疑いはございません。」
0x010000980005179B,444,459,Rizia/Turn 9/TalkWithTitus,Player_Romus,en,「あなたの警戒心が、本当の幽霊たちも遠ざけてくれると信じている。」
0x01000098000517A1,444,460,Rizia/Turn 9/TalkWithTitus,Player_Romus,en,災難ではなく成功である限りだ。
0x01000098000517A7,444,461,Rizia/Turn 9/TalkWithTitus,Player_Romus,en,「まあ、歴史にも確かに役割がある。残りの部分は建築家たちに任せるべきだろう。」
0x01000098000517AD,444,462,Rizia/Turn 9/TalkWithTitus,Player_Romus,en,「それがあなたの職務内容に含まれているとは知らなかった、隊長。」
0x01000098000517B3,444,463,Rizia/Turn 9/TalkWithTitus,Titus Gordion,en,「私の考えでは、過去を振り返ることから多くのことを学ぶことができます。」
0x01000098000517B9,444,464,Rizia/Turn 9/TalkWithTitus,Titus Gordion,en,「その通りでございます、陛下。」
0x01000098000517BF,444,465,Rizia/Turn 9/TalkWithTitus,Player_Romus,en,「だからこそあなたを置いているのだ――そうした記録が最初から書かれないようにするために。」
0x01000098000517C5,444,466,Rizia/Turn 9/TalkWithTitus,Player_Romus,en,「おっしゃっていただけて面白いね。まさに私が目指していたのは、現代的でありながら伝統も大切にするということだ！」
0x01000098000517CB,444,467,Rizia/Turn 9/TalkWithTitus,Narrator,en,ティトゥスの目にはわずかな笑みが浮かんでいた。
0x01000098000517D1,444,468,Rizia/Turn 9/TalkWithTitus,Player_Romus,en,「その通りだ。彼らはこの図書館の長い歴史を通じて紡がれてきた『幽霊』たちを起こさないよう、これまでずっと静かにここで安らげているのだ。」
0x01000098000517D7,444,469,Rizia/Turn 9/TalkWithTitus,Titus Gordion,en,「たとえ幽霊であろうとなかろうと、私は絶えず警戒を怠りません。」
0x01000098000517DD,444,470,Rizia/Turn 9/TalkWithTitus,Player_Romus_Italic,en,我々二人は静かに待っていた。予想以上に時間が経過しても、私が依頼した文書を持って書記官が戻ってくる様子はなかった。
0x01000098000517DD,444,470,Rizia/Turn 9/TalkWithTitus,Player_Romus_Italic,Menu Text en,何も言わずに待つ
0x01000098000517EB,444,471,Rizia/Turn 9/TalkWithTitus,Player_Romus,en,「あなたは狩人か、隊長？」
0x01000098000517F1,444,472,Rizia/Turn 9/TalkWithTitus,Titus Gordion,en,「陛下、毎日のように、私が追跡する獲物というのは二本足で歩くものばかりです。」
0x01000098000517FC,444,476,Rizia/Turn 9/TalkWithTitus,Narrator,en,私は歯を剥き出しにして直立しているクマのぬいぐるみを指差した。
0x0100009800051802,444,477,Rizia/Turn 9/TalkWithTitus,Narrator,en,ティトゥスの顔には信じられないという表情が一瞬浮かんだが、彼はすぐにその反応を隠した。
0x0100009800051808,444,478,Rizia/Turn 9/TalkWithTitus,Player_Romus,en,「面白いものが待っているぞ、あなた。」
0x010000980005180E,444,479,Rizia/Turn 9/TalkWithTitus,Player_Romus,en,「あそこにいるあのグリズリーを見たか？それは私が自分で撃ち倒したんだ。」
0x010000980005186D,444,488,Rizia/Turn 9/TalkWithTitus,Narrator,en,ティトゥスは一歩後ずさった。
0x01000098000518A3,444,491,Rizia/Turn 9/TalkWithTitus,Titus Gordion,en,「たまに訪れる驚きというものは、確かに喜ばしいものです。」
0x0100009800051CF6,444,493,Rizia/Turn 9/TalkWithTitus,Player_Romus,en,「そうしよう。入念に検討すれば、全てが計画通り進むよう確実にできる。」
0x0100009800051CFC,444,494,Rizia/Turn 9/TalkWithTitus,Titus Gordion,en,「陛下、私どもはすべてをコントロールしております。ですが、対応しなければならない様々なシナリオがかなり存在します。」
0x0100009800051D0E,444,495,Rizia/Turn 9/TalkWithTitus,Player_Romus,en,「いや、あなたならきっと全てをうまく処理できるだろう。」
0x0100009800051D23,444,499,Rizia/Turn 9/TalkWithTitus,Player_Romus,en,「私は聞かない。教えてくれ、特に警戒すべき脅威はあるか？」
0x0100009800051D29,444,500,Rizia/Turn 9/TalkWithTitus,Titus Gordion,en,「陛下、私どもはすべてをうまくコントロールしております。今夜は何の問題も起こらないでしょう。」
0x0100009800051D2F,444,501,Rizia/Turn 9/TalkWithTitus,Titus Gordion,en,「確かにそれは遠い将来のことですが、準備しておくことには意義があります。」
0x0100009800051D41,444,502,Rizia/Turn 9/TalkWithTitus,Player_Romus,en,「ああ、あなたの計画について詳しく説明してもらいたい。」
0x0100009800051DB5,444,504,Rizia/Turn 9/TalkWithTitus,Titus Gordion,en,「いえ、陛下。今夜はまったく問題の起きない平穏な夜になるでしょう。」
0x0100009800051DCC,444,508,Rizia/Turn 9/TalkWithTitus,Titus Gordion,en,「陛下、無用な騒ぎを起こしたくはありません。しかし今回の行事では警戒を強化すべき理由がございます。」
0x0100009800051E0F,444,509,Rizia/Turn 9/TalkWithTitus,Narrator,en,我々がトロフィールームに足を踏み入れると、そこの壁には珍しい動物の頭部が飾られていた。
0x0100009800051E15,444,510,Rizia/Turn 9/TalkWithTitus,Titus Gordion,en,「もちろんです。ですが、我々は二人だけで話し合うべきでございます。」
0x0100009800051E20,444,511,Rizia/Turn 9/TalkWithTitus,Titus Gordion,en,「もちろんです、大統領。」
0x0100009800051E8B,444,512,Rizia/Turn 9/TalkWithTitus,Titus Gordion,en,「なかなか見事ですね。私は普段、厳しい表情だけで問題を解決しているのですが。」
0x0100007400011F17,444,520,Rizia/Turn 9/TalkWithTitus,Titus Gordion,en,「新しい執事長が、女王陛下の誕生日の肖像画を描く画家を雇ったとご報告するようにと申しております、陛下。」
0x0100007400011F22,444,524,Rizia/Turn 9/TalkWithTitus,Narrator,en,彼は声のトーンを落とした。
0x0100007400011F28,444,525,Rizia/Turn 9/TalkWithTitus,Titus Gordion,en,「陛下、お母上が熱心な聖堂参拝者ではないことは我々二人ともよく存じております。礼拝の場にお姿を見かけることも決してありません。」
0x0100007400011F3E,444,529,Rizia/Turn 9/TalkWithTitus,Player_Romus,en,「ありがとう、ティトゥス。私が何を望んでいるかはっきり分かっている……」
0x0100007400011F50,444,530,Rizia/Turn 9/TalkWithTitus,Player_Romus,en,「画家に、王太后をその実際の姿のまま描くよう伝えてくれ。」
0x0100007400011F56,444,531,Rizia/Turn 9/TalkWithTitus,Player_Romus,en,「私は、母上を一般民衆の守護者として描いた肖像画を欲しい。より共感を呼ぶものであればなお良い。」
0x0100007400011F5C,444,532,Rizia/Turn 9/TalkWithTitus,Player_Romus,en,「私はできるだけ厳かな様式にして、トラス家の女当主にふさわしいものにしなければならない。塗料には本物の金を使うのも良いだろう。」
0x0100007400011F62,444,533,Rizia/Turn 9/TalkWithTitus,Player_Romus,en,「彼女は我が国の勝利をもたらした軍隊の精神を体現する、強さと勇気の象徴として描かれなければならない。」
0x0100007400011F68,444,534,Rizia/Turn 9/TalkWithTitus,Player_Romus,en,「精神的で畏敬の念を抱かせるような方法こそが正しい道だ。それによってヴルヘック教徒たちを屈服させてみせたい。」
0x0100007400011F6E,444,535,Rizia/Turn 9/TalkWithTitus,Titus Gordion,en,「すぐにその指示を伝えます。間違いなく傑作となるでしょう。」
0x0100007400011F9B,444,544,Rizia/Turn 9/TalkWithTitus,Player_Romus,en,「民衆がその肖像を見ることで、王室の強さと回復力を思い出すべきだ。」
0x0100007400011FA1,444,545,Rizia/Turn 9/TalkWithTitus,Player_Romus,en,「一般の民衆にも喜ばれるようなものはいかがだろうか。まるで彼女が王太后であるだけでなく、すべての人々の母であるかのように。」
0x0100007400011FA7,444,546,Rizia/Turn 9/TalkWithTitus,Player_Romus,en,「あなたも知っての通り、私の母は実直すぎる人だ。もしこの肖像画が単なる肖像画に過ぎないとしたらどうする？」
0x0100007400011FAD,444,547,Rizia/Turn 9/TalkWithTitus,Player_Romus,en,「彼女を聖なる存在と見なすべきだろうか？我々の偉大なるヴルヘック教王国を生み出した母として？」
0x0100007400011FB3,444,548,Rizia/Turn 9/TalkWithTitus,Player_Romus,en,「恐ろしさを感じさせつつ、同時に人々の心に勇気を与えるような表現はいかがだろうか？」
0x0100007400011FB9,444,549,Rizia/Turn 9/TalkWithTitus,Titus Gordion,en,「そのような描写を受けることは、どのヴルヘック教徒の王族であっても光栄に思うでしょう。」
0x0100007400011FBF,444,550,Rizia/Turn 9/TalkWithTitus,Titus Gordion,en,「しかし、我々二人ともが知っているように、陛下のお母上はヴルヘック教徒ではありません。」
0x0100007400011FC5,444,551,Rizia/Turn 9/TalkWithTitus,Titus Gordion,en,「彼女は依然としてリジアの王太后です。相応の敬意を払うべきでしょう、陛下。」
0x0100007400011FCB,444,552,Rizia/Turn 9/TalkWithTitus,Titus Gordion,en,「もちろん、エステラ様のことは陛下が最もよくご存知でいらっしゃいます。」
0x0100007400011FD1,444,553,Rizia/Turn 9/TalkWithTitus,Titus Gordion,en,「私の知る限りでは、エステラ様は昔の平民出身という出自から既に距離を置いておられます。」
0x0100007400011FD7,444,554,Rizia/Turn 9/TalkWithTitus,Titus Gordion,en,「そのような肖像画は大衆主義者や貴族でない図書館の利用者たちには受け入れられるかもしれませんが、陛下の父上が王位を失いかけたスキャンダルを貴族たちに思い出させることでしょう。」
0x0100007400011FDD,444,555,Rizia/Turn 9/TalkWithTitus,Titus Gordion,en,「はい、それならば彼女の遺志にもよく合致し、トラス家の統治を再確立することになりましょう。」
0x0100007400011FE3,444,556,Rizia/Turn 9/TalkWithTitus,Titus Gordion,en,「陛下、あまりにも傲慢な態度を見せるのは慎むべきでしょう。視聴者には畏敬の念だけでなく、共感も抱いてほしいのですから。」
0x0100007400011FE9,444,557,Rizia/Turn 9/TalkWithTitus,Titus Gordion,en,「陛下、その肖像画を通じて我が王国の力を強化するという考えは、私も気に入っております。」
0x0100007400011FEF,444,558,Rizia/Turn 9/TalkWithTitus,Titus Gordion,en,「とはいえ、エステラ様がそこまで優れた戦士だとは想像しにくいのです、陛下。」
0x0100007400012024,444,578,Rizia/Turn 9/TalkWithTitus,Titus Gordion,en,「アドリア様から、太后の誕生日の肖像画を描く画家を雇ったと陛下にお伝えするよう頼まれました。」
0x010000740001202A,444,579,Rizia/Turn 9/TalkWithTitus,Titus Gordion,en,「その画家は、エステラ様をどのように描けばよいか知りたがっております。」
0x010000740001207D,444,582,Rizia/Turn 9/TalkWithTitus,Titus Gordion,en,「ああ、もう少しで忘れるところでした…」
0x010000520006E7FA,444,583,Rizia/Turn 9/TalkWithTitus,Player_Romus,en,「まだそのことについては考えておらない。少しアイデアをご相談してもよろしいだろうか？」
0x010000520006E801,444,584,Rizia/Turn 9/TalkWithTitus,Titus Gordion,en,「私も芸術の専門家ではありません。ですが、正直な意見を述べるよう努めます。」
0x010000520006E80F,444,588,Rizia/Turn 9/TalkWithTitus,Player_Romus,en,「ありがとう、ティトゥス。私が何を望んでいるかはっきり分かっている……」
0x010000520007019E,444,589,Rizia/Turn 9/TalkWithTitus,Player_Romus,en,「ああ、それが何だと？そんなことで驚くべきニュースにはならないよ。」
0x01000052000701A6,444,590,Rizia/Turn 9/TalkWithTitus,Lucita Azaro,en,「これは単なるご不満の話ではありません。彼らは何かを企んでいる可能性がございます。」
0x01000052000701BF,444,594,Rizia/Turn 9/TalkWithTitus,Lucita Azaro,en,「もっと長く滞在して話を続けたいのですが、一日中お腹の調子が悪くて困っています。休むために宮殿に戻ります。」
0x01000052000701D0,444,595,Rizia/Turn 9/TalkWithTitus,Titus Gordion,en,「喜んでお手伝いいたします、陛下。」
0x01000052000701E3,444,596,Rizia/Turn 9/TalkWithTitus,Titus Gordion,en,「陛下、我々は常に警戒を怠りません。」
0x01000052000701EA,444,597,Rizia/Turn 9/TalkWithTitus,Titus Gordion,en,「そういえば、今こそ陛下のお母上の誕生日会で安全保障について話し合う絶好の機会ですね。」
0x01000052000701F3,444,598,Rizia/Turn 9/TalkWithTitus,Titus Gordion,en,「何も聞いておりません、陛下。ただ、間もなく開催される誕生日会の警備計画について話し合いに参りましたのです。」
0x01000052000701FB,444,599,Rizia/Turn 9/TalkWithTitus,Narrator,en,突然、私は改修作業員たちが最近発見した歴史的文書を思い出した。それは近衛兵の創設時の原本憲章だった。
0x0100005200070201,444,600,Rizia/Turn 9/TalkWithTitus,Player_Romus,en,「歴史の話だが、見せたいものがある。私についてきてくれ。」
0x0100005200070209,444,602,Rizia/Turn 9/TalkWithTitus,Narrator,en,私は書記官にそっと頼んで憲章を取ってきてもらい、その後ティトゥスと一緒に隣の部屋へ向かった。
0x0100005200070244,444,603,Rizia/Turn 9/TalkWithTitus,Narrator,en,彼の視線は、文書の最後にある署名へと向けられた。
0x010000520007024B,444,604,Rizia/Turn 9/TalkWithTitus,Titus Gordion,en,「陛下フェリシオ・ルバズの命により、1650年。300年以上も前のことです。」
0x0100005200070253,444,608,Rizia/Turn 9/TalkWithTitus,Titus Gordion,en,「そして今、その歴史の章も終わりを迎えようとしています。」
0x010000520007025A,444,609,Rizia/Turn 9/TalkWithTitus,Titus Gordion,en,「これを私に見せてくださり、ありがとうございます。」
0x0100005200070263,444,610,Rizia/Turn 9/TalkWithTitus,Titus Gordion,en,「陛下、これこそまさに光栄な特権でございます。」
0x010000520007026B,444,611,Rizia/Turn 9/TalkWithTitus,Titus Gordion,en,「安全保障の面についてですが、陛下。誰かが退屈するなどとは思っておりません。」
0x0100005200070275,444,612,Rizia/Turn 9/TalkWithTitus,Player_Romus,en,「あなたが気に入ると思ったので。」
0x010000520007027C,444,613,Rizia/Turn 9/TalkWithTitus,Player_Romus,en,「我々は、これから来る時代に備えて近衛兵という組織を解体するにあたっても、その誇り高き遺産を尊重しなければならない。」
0x0100005200070283,444,614,Rizia/Turn 9/TalkWithTitus,Player_Romus,en,「しかし、ヴルヘックの守護者たちの歴史はまだ始まったばかりだ。」
0x010000520007028A,444,615,Rizia/Turn 9/TalkWithTitus,Player_Romus,en,「目に涙を浮かべるなんて、あり得ない。私があなたの職を保持させているだろう？」
0x0100005200070291,444,616,Rizia/Turn 9/TalkWithTitus,Player_Romus,en,「ようやくいなくなって正解だ。どのような任務を与えられようと、衛兵は何よりもまず神に仕えなければならないのだ。」
0x0100005200070298,444,617,Rizia/Turn 9/TalkWithTitus,Narrator,en,ティトゥスは頷いて敬意を表した。
0x010000520007029F,444,618,Rizia/Turn 9/TalkWithTitus,Titus Gordion,en,「はい、そのおかげで私は一生陛下に感謝し続けなければなりません。」
0x01000052000702A6,444,619,Rizia/Turn 9/TalkWithTitus,Titus Gordion,en,「しかし、近衛兵の遺産や功績はそう簡単に忘れ去られるものではありません。」
0x01000052000702AD,444,620,Rizia/Turn 9/TalkWithTitus,Titus Gordion,en,「その通りです。私と部下たちは、制服の色に関わらず、陛下および神に仕える準備ができております。」
0x01000052000702B5,444,621,Rizia/Turn 9/TalkWithTitus,Titus Gordion,en,「それでも、私は先代たちの遺志を決して忘れることはありません。」
0x01000052000702BC,444,622,Rizia/Turn 9/TalkWithTitus,Titus Gordion,en,「近衛兵の誇る偉大な伝統が、さらに三世紀以上も続きますように。」
0x01000052000702C3,444,623,Rizia/Turn 9/TalkWithTitus,Player_Romus,en,「ティトゥス、この王国の誰よりもお前を信頼している。そのことを理解してほしい。」
0x01000052000702CA,444,624,Rizia/Turn 9/TalkWithTitus,Titus Gordion,en,「はい、陛下。これは陛下が私に与えてくださった貴重な贈り物です。」
0x01000052000702D1,444,625,Rizia/Turn 9/TalkWithTitus,Narrator,en,書記官が再び現れてブリーフケースを持ち去った。ティトゥスはドアの方へ向かったが、その後ためらった。
0x01000052000702E4,444,627,Rizia/Turn 9/TalkWithTitus,Titus Gordion,en,「陛下、こちらには我々だけですので、誕生日会の警備に関する詳細について話し合われますか？」
0x0100005200070213,444,628,Rizia/Turn 9/TalkWithTitus,Titus Gordion,en,「もしよろしければ、誕生日パーティーの警備体制について詳しくご説明いたします。」
0x01000052000702F3,444,632,Rizia/Turn 9/TalkWithTitus,Player_Romus,en,「対策については十分に聞いた。今回の会合でどのような安全保障上の脅威が予想されるのか？」
0x0100005200070300,444,636,Rizia/Turn 9/TalkWithTitus,Player_Romus,en,「よく準備が整っているようだね。先ほどおっしゃった敵対者たちが、誕生日パーティーを標的に攻撃してくるとお考えだろうか？」
0x0100005200070331,444,652,Rizia/Turn 9/TalkWithTitus,Player_Romus,en,「今おっしゃった情報を考えると、あの近衛兵たちを信頼してもよいのだろうか？」
0x0100005200070339,444,653,Rizia/Turn 9/TalkWithTitus,Titus Gordion,en,「私が言ったのは『調整』であり、『協力』ではない。彼らとその護衛たちがどこにいるかを常に把握できるのだ。」
0x0100005200070348,444,657,Rizia/Turn 9/TalkWithTitus,Titus Gordion,en,「我々もそのことを懸念しております。ですが私の護衛たちからすれば、現在国内で起きている不安定な状況の方がより緊急の問題だと考えられます。」
0x0100005200070360,444,662,Rizia/Turn 9/TalkWithTitus,Titus Gordion,en,「正直に申し上げますと、陛下……」
0x0100005200070375,444,668,Rizia/Turn 9/TalkWithTitus,Titus Gordion,en,「現在、国の中で起きている不安定な状況に私は大変心を痛めております。」
0x0100005200070383,444,672,Rizia/Turn 9/TalkWithTitus,Titus Gordion,en,「アダルフォ・ソテラートが逮捕されて以来、彼の支持者たちから陛下に向けた死の脅迫が絶え間なく寄せられております。その連中がこの集会に姿を現す可能性も十分に考えられます。」
0x010000520007038A,444,673,Rizia/Turn 9/TalkWithTitus,Titus Gordion,en,「陛下、アダルフォ・ソテラートの支持者たちから、リジアが暗殺の黒幕だと信じる者たちによる死の脅迫が絶え間なく寄せられております。彼らはこの集会にも現れる可能性が高いでしょう。」
0x0100005200070397,444,677,Rizia/Turn 9/TalkWithTitus,Titus Gordion,en,「アダルフォ・ソテラートとその支持者たちは自分の目的を達成するためなら何でもしようとします。彼らもおそらくその集会に姿を現すでしょう。」
0x01000052000703A9,444,681,Rizia/Turn 9/TalkWithTitus,Player_Romus,en,「あなたはヴルヘックの守護者たちを送り、奴らの心に神への恐怖を植え付けさせなければならない。」
0x01000052000703B3,444,682,Rizia/Turn 9/TalkWithTitus,Player_Romus,en,「私は依然として、彼らの動きには理屈で説得できると考えている。母上の誕生日までに間に合うよう、彼らをなだめる努力をしよう。」
0x01000052000703BC,444,683,Rizia/Turn 9/TalkWithTitus,Player_Romus,en,「この件については他の貴族たちと話し合いたい。一丸となって反撃するよう力を尽くすべきだ。」
0x01000052000703C4,444,684,Rizia/Turn 9/TalkWithTitus,Player_Romus,en,「革命派に貴族階級の裏切り者どもまで、皆が私を害そうとしているのだ。」
0x01000052000703CD,444,685,Rizia/Turn 9/TalkWithTitus,Player_Romus,en,「あなたや我が国の治安部隊が彼らを処理してくれると信じている。」
0x01000052000703D4,444,686,Rizia/Turn 9/TalkWithTitus,Titus Gordion,en,「陛下、特にパレスとの戦争が続いている今となっては、そのような可能性はそれほど高くないと思われます。」
0x01000052000703DB,444,687,Rizia/Turn 9/TalkWithTitus,Narrator,en,ティトゥスは物思いにふけりながら顔をしかめた。
0x01000052000703E2,444,688,Rizia/Turn 9/TalkWithTitus,Titus Gordion,en,「もしよろしければ、エステラ様の宴はこのような会話を行うのに最適な場と思われます。王国の有力な貴族たちが皆集まるはずです。」
0x01000052000703E9,444,689,Rizia/Turn 9/TalkWithTitus,Narrator,en,ティトゥスは疑念に満ちた表情を浮かべていた。
0x01000052000703F0,444,690,Rizia/Turn 9/TalkWithTitus,Titus Gordion,en,「私には、あの者たちは理性的な人間とは思えません。」
0x01000052000703F7,444,691,Rizia/Turn 9/TalkWithTitus,Titus Gordion,en,「陛下、尽力してみますが、我々の数には限りがございます。」
0x0100005200070400,444,692,Rizia/Turn 9/TalkWithTitus,Titus Gordion,en,「ですが、先ほど私が申し上げたことを忘れないでください。彼ら全員を信用するわけにはいきません。」
0x0100005200070407,444,693,Rizia/Turn 9/TalkWithTitus,Titus Gordion,en,「彼らの中には最初はためらう者もいるでしょう。しかし他の選択肢を考えれば、やがて王室と同盟を結ぶことになるでしょう。」
0x010000520007041A,444,700,Rizia/Turn 9/TalkWithTitus,Titus Gordion,en,「陛下、貴族の来賓の中には信頼できる者がいるのか、私としては疑問を感じております。」
0x0100005200070421,444,701,Rizia/Turn 9/TalkWithTitus,Player_Romus,en,「反乱分子という共通の敵がいる。我々は協力する方法を見つけなければ、全員が滅ぼされてしまうだろう。」
0x0100005200070460,444,716,Rizia/Turn 9/TalkWithTitus,Player_Romus,en,「その点、あなたの言う通りだ。実際、彼らの中には私に対して陰謀を企てている者がいるという知らせがちょうど届いたところだ。」
0x0100005200070467,444,717,Rizia/Turn 9/TalkWithTitus,Titus Gordion,en,「何ですって？！」
0x010000520007046E,444,718,Rizia/Turn 9/TalkWithTitus,Narrator,en,彼はトロフィールームの中を行ったり来たりし始めた。
0x0100005200070475,444,719,Rizia/Turn 9/TalkWithTitus,Titus Gordion,en,「これは誰がお伝えしたのですか？なぜ私には知らせてくれなかったのでしょうか？」
0x010000520007047C,444,720,Rizia/Turn 9/TalkWithTitus,Player_Romus,en,「その点は間違っている。ちょうど今、一部の貴族たちが私に対して陰謀を企てているという知らせを受け取った。」
0x0100005200070484,444,721,Rizia/Turn 9/TalkWithTitus,Player_Romus,en,「本当に確かか？私は結局のところ王だ。誰かが必ず私の死を望んでいるはずだ。」
0x0100005200070491,444,722,Rizia/Turn 9/TalkWithTitus,Titus Gordion,en,「安全保障の面についてですが、陛下。誰かが退屈するなどとは思っておりません。」
0x010000520007049E,444,726,Rizia/Turn 9/TalkWithTitus,Player_Romus,en,「これは『パーティー王子』が開くパーティーだ。あなたの言う通り、誰も退屈することはないだろう。」
0x01000052000704A5,444,727,Rizia/Turn 9/TalkWithTitus,Player_Romus,en,「ですから、貴族たちは警戒を緩めるだろう……これこそが攻撃するのに最適な機会だ。」
0x01000052000704B2,444,728,Rizia/Turn 9/TalkWithTitus,Player_Romus,en,「素晴らしい。たまにはゆっくり休むのを楽しみにしている。」
0x01000052000704C6,444,729,Rizia/Turn 9/TalkWithTitus,Titus Gordion,en,「私もまた、それを楽しみにしております。」
0x01000052000704CD,444,730,Rizia/Turn 9/TalkWithTitus,Player_Romus,en,「なぜそのようにお考えになるのか？」
0x01000052000704DB,444,734,Rizia/Turn 9/TalkWithTitus,Titus Gordion,en,「それほど可能性は高いとは思えません。」
0x01000052000704E8,444,735,Rizia/Turn 9/TalkWithTitus,Titus Gordion,en,「実のところ、今夜はまったく問題も起きずに過ぎていくでしょう。」
0x01000052000704F0,444,736,Rizia/Turn 9/TalkWithTitus,Titus Gordion,en,「ふむ。私もまた、貴方の同僚である貴族たち全員を信用できないという疑念を抱いておりました。」
0x01000052000704F9,444,737,Rizia/Turn 9/TalkWithTitus,Player_Romus,en,「まさか。他の王家たちは皆、私を愛しているのだ。」
0x0100005200070505,444,741,Rizia/Turn 9/TalkWithTitus,Titus Gordion,en,「戦争の影響で防御策を強化しております。ですが、パレスで起きていることがポルテ・ドラゾンにまで波及するとは思っておりません、陛下。」
0x010000520007050C,444,742,Rizia/Turn 9/TalkWithTitus,Titus Gordion,en,「来賓の要人であることから、警備措置を強化しております。しかし、現時点では直ちに危険が及ぶという情報はございません。」
0x0100005200070515,444,743,Rizia/Turn 9/TalkWithTitus,Player_Romus,en,「これらの業務はいつも退屈なものだ、ティトゥス。もし……ということがない限りは。」
0x0100005200070530,444,747,Rizia/Turn 9/TalkWithTitus,Titus Gordion,en,「残念ながら、そのようですね。」
0x0100005200070537,444,748,Rizia/Turn 9/TalkWithTitus,Titus Gordion,en,「私の知る限り、あなた様は三つの王家全てと良好な関係にあります。裏切り者たちに対抗して彼らを団結させるのも難しくはないでしょう。」
0x0100005200070540,444,749,Rizia/Turn 9/TalkWithTitus,Player_Romus,en,「私はこれらの者たちを少しも信用していない。しかし抗議活動を鎮圧するためには彼らを利用するつもりだ。」
0x0100005200070546,444,750,Rizia/Turn 9/TalkWithTitus,Narrator,en,私がルシータから聞いた話を繰り返すと、ティトゥスの動きはさらに速くなった。
0x0100005200070553,444,754,Rizia/Turn 9/TalkWithTitus,Titus Gordion,en,「これは実に憂慮すべき知らせでございます、陛下。」
0x010000520007055A,444,755,Rizia/Turn 9/TalkWithTitus,Narrator,en,私がウーゴから聞いた話を繰り返すと、ティトゥスの歩調はますます速くなった。
0x0100005200070560,444,756,Rizia/Turn 9/TalkWithTitus,Titus Gordion,en,「これは実に憂慮すべき知らせでございます、陛下。」
0x0100005200070568,444,757,Rizia/Turn 9/TalkWithTitus,Titus Gordion,en,「アザロ女公爵が信頼できる情報源だと確かですか？彼女の家系による何らかの不正な行為を隠しているわけではないのですか？」
0x010000520007056F,444,758,Rizia/Turn 9/TalkWithTitus,Player_Romus,en,「彼女は私の妻だ、ティトゥス。もし彼女が私に対して陰謀を企てているのなら、私には分かるだろう。」
0x0100005200070576,444,759,Rizia/Turn 9/TalkWithTitus,Player_Romus,en,「そう言われてみると、実にもっともな話だね。」
0x010000520007057D,444,760,Rizia/Turn 9/TalkWithTitus,Player_Romus,en,「私はアザロ家が私に対して陰謀を企てているとは思わないが、最近彼らの力が異常なほど強大になってきている。」
0x010000520007058A,444,764,Rizia/Turn 9/TalkWithTitus,Player_Romus,en,「たとえアザロ家が何か企んでいたとしても、それを実行するだけの力はないはずだ。」
0x0100005200070591,444,765,Rizia/Turn 9/TalkWithTitus,Titus Gordion,en,「陛下、あなたの叔父様が信頼できる情報源だと確かですか？彼がトラス家の息子や他の家族による不適切な行為を隠していないと？」
0x0100005200070599,444,766,Rizia/Turn 9/TalkWithTitus,Player_Romus,en,「ウーゴは私の宰相だ。当然、彼の助言を信頼している。」
0x01000052000705A0,444,767,Rizia/Turn 9/TalkWithTitus,Player_Romus,en,「そんなことは断じてない。私の家族が私に背くなどあり得ない。」
0x01000052000705A7,444,768,Rizia/Turn 9/TalkWithTitus,Player_Romus,en,「たとえトラス家の他の者たちが何かを企んでいたとしても、それを実行するだけの力はないはずだ。」
0x01000052000705B4,444,772,Rizia/Turn 9/TalkWithTitus,Narrator,en,ティトゥスは動揺したため息をついた。
0x01000052000705C1,444,773,Rizia/Turn 9/TalkWithTitus,Titus Gordion,en,「ええ、セヴリオと私、そしてその他のヴルヘックの守護者たちは、この新しい情報を受けて万全の警戒態勢を取ります。」
0x01000052000705CE,444,777,Rizia/Turn 9/TalkWithTitus,Titus Gordion,en,「では、私と残りの近衛兵たちは、この新しい情報に対して厳重な警戒態勢を取り続けます。」
0x01000052000705D5,444,778,Rizia/Turn 9/TalkWithTitus,Player_Romus,en,「私は依然として、この状況を収拾できると信じている。関係する貴族たちと話し合い、彼らが何を望んでいるのかを探る。」
0x01000052000705DC,444,779,Rizia/Turn 9/TalkWithTitus,Player_Romus,en,「私の宮廷内での不忠行為は断じて容認しない。今こそ断固たる措置を講じる時だ。」
0x01000052000705F8,444,780,Rizia/Turn 9/TalkWithTitus,Titus Gordion,en,「しかしセヴリオと私、そしてその他のヴルヘックの守護者たちは、得られた情報を受けて万全の警戒態勢を取ります。」
0x0100005200070603,444,784,Rizia/Turn 9/TalkWithTitus,Titus Gordion,en,「しかし、近衛兵の残りの者たちと私は、この発見を受けて厳重な警戒態勢を取り続けます。」
0x010000520007061E,444,789,Rizia/Turn 9/TalkWithTitus,Titus Gordion,en,「陛下、地方で暴力が横行しているという報告書はご覧になったはずです...」
0x010000520007063C,444,790,Rizia/Turn 9/TalkWithTitus,Titus Gordion,en,「私の意見を申し上げますと、混乱を鎮圧するには複数の州が協力し合う必要があります。」
0x0100005200070643,444,791,Rizia/Turn 9/TalkWithTitus,Titus Gordion,en,「私がお伝えした情報に基づいて行動されるご予定でしょうか？」
0x0100005200070657,444,792,Rizia/Turn 9/TalkWithTitus,Player_Romus,en,「そんなに確信しないでくれ。彼らの中には私に対して陰謀を企てている者たちがいるという知らせをちょうど受け取ったばかりだ。」
0x0100005200070661,444,793,Rizia/Turn 9/TalkWithTitus,Player_Romus,en,「気になるね。なぜ彼らがためらうとお考えか？」
0x0100005200070669,444,794,Rizia/Turn 9/TalkWithTitus,Player_Romus,en,「もし反乱対処の権限を彼らに与えれば、それを私に向けて悪用される危険を負うことになる。」
0x0100005200070670,444,795,Rizia/Turn 9/TalkWithTitus,Titus Gordion,en,「確かにその通りかもしれません。ですが、私と近衛兵たちは陛下をそうした危険から守るためにここにいるのです。」
0x0100005200070677,444,796,Rizia/Turn 9/TalkWithTitus,Player_Romus,en,「何をおっしゃるのか？抗議者たちに目を向ける前に、私に陰謀を企てる者たちを処理すべきだと？」
0x0100005200070695,444,799,Rizia/Turn 9/TalkWithTitus,Titus Gordion,en,「陛下、私がお伝えした情報に基づいて何か行動を起こすご予定でいらっしゃいますか？」
0x010000520007069C,444,800,Rizia/Turn 9/TalkWithTitus,Titus Gordion,en,「陛下、それに基づいて何か行動を起こすおつもりでいらっしゃいますか？」
0x01000052000706B5,444,804,Rizia/Turn 9/TalkWithTitus,Player_Romus,en,「国中の混乱は諸家間の団結を求めており、対立ではない。私は貴族たちの人間性に訴えかける。」
0x01000052000706BE,444,805,Rizia/Turn 9/TalkWithTitus,Titus Gordion,en,「陛下、それがあなた様が望まれる方法でしょうか？」
0x01000052000706CB,444,806,Rizia/Turn 9/TalkWithTitus,Player_Romus,en,「おそらく、母上の誕生日に他の諸家とこの件について話し合うべきだろう。」
0x01000052000706D1,444,807,Rizia/Turn 9/TalkWithTitus,Narrator,en,彼はうなずいた。
0x01000052000706DB,444,808,Rizia/Turn 9/TalkWithTitus,Titus Gordion,en,「陛下、私はあなた様をお助けする用意がございます。」
0x01000052000706E2,444,809,Rizia/Turn 9/TalkWithTitus,Player_Romus,en,「最後の手段としてしか考えておらない。もし私が権限を各州に委ねれば、王権は弱体化したように見えてしまうから。」
0x01000052000706EE,444,813,Rizia/Turn 9/TalkWithTitus,Player_Romus,en,「それは選択肢にならない。あなた自身が他の家系は信用できないと言ったではないか。」
0x01000052000706F6,444,814,Rizia/Turn 9/TalkWithTitus,Titus Gordion,en,「私がお伝えした情報に基づいて行動されるご予定でしょうか？」
0x01000052000706FC,444,815,Rizia/Turn 9/TalkWithTitus,Titus Gordion,en,「その通りでございます、陛下……」
0x0100005200070704,444,816,Rizia/Turn 9/TalkWithTitus,Titus Gordion,en,「ご指摘の点も一理ありますね。」
0x010000520007070B,444,817,Rizia/Turn 9/TalkWithTitus,Player_Romus,en,「私は何も『鎮圧』したくない。抗議者たちの意見に耳を傾け、妥協する用意がある。」
0x0100005200070718,444,821,Rizia/Turn 9/TalkWithTitus,Player_Romus,en,「そのような選択肢はない。他の貴族たちが私に対して陰謀を企てていることをつい先日知ったばかりだ。」
0x010000520007071E,444,822,Rizia/Turn 9/TalkWithTitus,Titus Gordion,en,「かしこまりました、陛下。結局のところ、それは陛下のご決断ですから。」
0x010000520007072B,444,826,Rizia/Turn 9/TalkWithTitus,Titus Gordion,en,「しかし、陛下の高貴なライバルたちについては……」
0x0100005200070744,444,833,Rizia/Turn 9/TalkWithTitus,Titus Gordion,en,「言うまでもなく、私とヴルヘックの守護者たちは誕生日の集会で厳重に警戒を怠りません。何か問題が起きた場合は、陛下をお守りする準備ができています。」
0x010000520007074B,444,834,Rizia/Turn 9/TalkWithTitus,Titus Gordion,en,「言うまでもなく、私とヴルヘックの守護者たちは誕生日の集会で厳重に警戒を怠りません。何か問題が起きた場合は、陛下をお守りする準備ができています。」
0x0100005200070752,444,835,Rizia/Turn 9/TalkWithTitus,Titus Gordion,en,「陛下、それは賢明なお考えです。知っている敵の方が、知らない敵よりもましなのです。」
0x0100005200070764,444,838,Rizia/Turn 9/TalkWithTitus,Player_Romus,en,「もちろん彼らを信用することはできない。だが、それに何の驚きがあるだろうか？」
0x010000520007076C,444,839,Rizia/Turn 9/TalkWithTitus,Titus Gordion,en,「陛下、何が最善かはご存知の通りです。しかし、私としては一言……」
0x010000520007077A,444,840,Rizia/Turn 9/TalkWithTitus,Titus Gordion,en,「陛下、私も同感です。何をご考えでいらっしゃいますか？」
0x0100005200070788,444,841,Rizia/Turn 9/TalkWithTitus,Titus Gordion,en,「陛下、おそらくそれは王の護衛としての私には言うべきことではないのでしょう。しかし、陛下の宮廷で何が起きているかについては知っております。」
0x0100005200070795,444,845,Rizia/Turn 9/TalkWithTitus,Titus Gordion,en,「保安顧問として、私は陛下の宮廷で何が起きているかをもちろん承知しております。」
0x010000520007079C,444,846,Rizia/Turn 9/TalkWithTitus,Titus Gordion,en,「アザロ家の者たちの間に不満があるという噂を聞いたのは、私だけではないはずです。」
0x01000052000707BC,444,856,Rizia/Turn 9/TalkWithTitus,Titus Gordion,en,「サゾン家の構成員たちの間に不満があるという噂を聞いたのは、私だけではないはずです。」
0x01000052000707C3,444,857,Rizia/Turn 9/TalkWithTitus,Titus Gordion,en,「トラス家の構成員たちの間に不満があるという噂を聞いたのは、私だけではないはずです。」
0x01000052000707CA,444,858,Rizia/Turn 9/TalkWithTitus,Titus Gordion,en,「申し訳ございませんが、トラス家の皆様も同様です。」
0x01000052000707DE,444,865,Rizia/Turn 9/TalkWithTitus,Titus Gordion,en,「サゾン家の者たちに加え、残念ながら陛下のトラス家の同僚たちもです。」
0x01000052000707E5,444,866,Rizia/Turn 9/TalkWithTitus,Titus Gordion,en,「サゾン家の者たちも同様ですが、それは驚くべきことではありません。」
0x01000052000707EC,444,867,Rizia/Turn 9/TalkWithTitus,Player_Romus,en,「私がこの状況を処理できないと疑うのか？既に抗議者たちに対して軍隊を派遣した。必要であればさらに兵を投入する。」
0x01000052000707F4,444,868,Rizia/Turn 9/TalkWithTitus,Titus Gordion,en,「陛下、お身の安全を脅かす危険因子に常に警戒し続けることは、私の職務であり人生の使命でもございます。現時点では、そのような危険は見当たりません。」
0x01000052000707FA,444,869,Rizia/Turn 9/TalkWithTitus,Titus Gordion,en,「きっと、今年で最も素晴らしい日となるでしょう。」
0x0100005200070811,444,871,Rizia/Turn 9/TalkWithTitus,Player_Romus,en,「私の母上の誕生日は攻撃を仕掛けるのに最適な機会だ。陛下を敬わない者たちは敵対的な支配を受けることになる。」
0x0100005200070818,444,872,Rizia/Turn 9/TalkWithTitus,Player_Romus,en,「私が彼らと話をする。王権は決して侮ってはならないことを伝えておこう。」
0x010000520007081F,444,873,Rizia/Turn 9/TalkWithTitus,Player_Romus,en,「私は自らの権力を集中させるための法令を発布しなければならない。彼らに独自の軍隊がなければ、私の地位を奪うことはできないだろう。」
0x010000520007082C,444,874,Rizia/Turn 9/TalkWithTitus,Player_Romus,en,「私はどうすべきだと思うか？」
0x0100005200070840,444,878,Rizia/Turn 9/TalkWithTitus,Titus Gordion,en,「国の安定が失われている今、諸家間で対立が表面化すれば、リジアはさらに分裂してしまうのではないかと心配しております。」
0x0100005200070847,444,879,Rizia/Turn 9/TalkWithTitus,Titus Gordion,en,「もし本当に、ある一族がこれ以上問題とならないようにしたいのであれば……」
0x010000520007084F,444,880,Rizia/Turn 9/TalkWithTitus,Player_Romus,en,「歴史の授業を聞いている暇はない。早く本題に入ってくれ。」
0x0100005200070857,444,881,Rizia/Turn 9/TalkWithTitus,Titus Gordion,en,「要するに、近衛兵の助けを借りて陛下は、この伯爵候補にリジアの他の全貴族たちが見ている前で、自身の財産や称号、権力を明け渡させたのです。」
0x0100005200070863,444,883,Rizia/Turn 9/TalkWithTitus,Titus Gordion,en,「それでは、私はこれで退きます。」
0x010000520007086C,444,884,Rizia/Turn 9/TalkWithTitus,Narrator,en,ティトゥスは好奇心を持って私の返答を待っていた。
0x0100005200070873,444,885,Rizia/Turn 9/TalkWithTitus,Player_Romus,en,「近衛兵たちがエキゾチックなダンスの役目を担ったことはあるか？」
0x010000520007087A,444,886,Rizia/Turn 9/TalkWithTitus,Player_Romus,en,「サルが持っていたマンドラゴラを覚えているか？もしそれをワインに混ぜたらどうなるだろう？」
0x0100005200070887,444,890,Rizia/Turn 9/TalkWithTitus,Player_Romus,en,「ここにいるこれらの剥製動物たちを見たか？彼らを客人のようにテーブルの周りに座らせれば、とても風変わりで面白いだろう。」
0x0100005200070894,444,894,Rizia/Turn 9/TalkWithTitus,Player_Romus,en,「これらの会議はいつも退屈なものだよ、ティトゥス。」
0x010000520007089B,444,895,Rizia/Turn 9/TalkWithTitus,Titus Gordion,en,「少なくとも、今回は美しい背景が用意されるでしょう。」
0x01000052000708A3,444,896,Rizia/Turn 9/TalkWithTitus,Narrator,en,彼は丁寧にくすっと笑った。
0x01000052000708AA,444,897,Rizia/Turn 9/TalkWithTitus,Narrator,en,彼の顔は赤くなった。
0x01000052000708B7,444,901,Rizia/Turn 9/TalkWithTitus,Titus Gordion,en,「私はヴルヘックの守護者です、陛下。そのような行為は罪深すぎます。」
0x01000052000708BE,444,902,Rizia/Turn 9/TalkWithTitus,Titus Gordion,en,「陛下、あの光景はご覧にならない方がよろしいです。私を信じてください。」
0x01000052000708C9,444,903,Rizia/Turn 9/TalkWithTitus,Player_Romus,en,「他の貴族家の一つを打倒すれば、大騒動になるだろう？」
0x01000052000708D1,444,904,Rizia/Turn 9/TalkWithTitus,Player_Romus,en,「あなたは私が最も信頼する近衛兵だ。私はどうすべきだと思うか？」
0x01000052000708D9,444,905,Rizia/Turn 9/TalkWithTitus,Titus Gordion,en,「もちろん、他の貴族たちからの脅威がないかも警戒しておきます。」
0x01000052000708DE,444,906,Rizia/Turn 9/TalkWithTitus,Titus Gordion,en,「それでよろしければ、私はこれにて退きます。」
0x01000052000708F1,444,911,Rizia/Turn 9/TalkWithTitus,Player_Romus,en,「なぜ一部の貴族たちが躊躇するかもしれないとおっしゃったのか？私が知らない何をご存知なのだろうか？」
0x01000052000708F9,444,912,Rizia/Turn 9/TalkWithTitus,Player_Romus,en,「もしそれだけでしたら、帰ってくれ。」
0x0100005200070901,444,913,Rizia/Turn 9/TalkWithTitus,Player_Romus,en,「私の直感では、あの高貴なライバルたちの方が革命派よりも、私自身やこの王国にとってより大きな脅威となっているようだ。彼らに対して何らかの措置を講じなければならない。」
0x0100005200070907,444,914,Rizia/Turn 9/TalkWithTitus,Titus Gordion,en,「かしこまりました、陛下。」
0x0100005200070915,444,916,Rizia/Turn 9/TalkWithTitus,Player_Romus,en,「集まりまでまだ時間がある。もしその頃にも混乱が収まらなければ、必要な話し合いを行う。」
0x0100005200070924,444,917,Rizia/Turn 9/TalkWithTitus,Player_Romus,en,「どうして私が彼らと良好な関係にあるとお分かりになったのか？」
0x010000520007092B,444,918,Rizia/Turn 9/TalkWithTitus,Titus Gordion,en,「陛下、私があなた様の命を守っております。誰かがあなた様に害を加えようとしているかどうかを知るのは私の役目です――たとえそれがご自身の家族であってもです。」
0x010000520007093A,444,920,Rizia/Turn 9/TalkWithTitus,Player_Romus,en,「私の宮廷内での不忠行為は断じて容認しない。母上の誕生日は攻撃を仕掛けるのに最適な時期だ。」
0x0100005200070940,444,921,Rizia/Turn 9/TalkWithTitus,Narrator,en,ティトゥスは驚きのあまり目を見開いた。
0x0100005200070946,444,922,Rizia/Turn 9/TalkWithTitus,Titus Gordion,en,「攻撃しますか、陛下？」
0x0100005200070951,444,924,Rizia/Turn 9/TalkWithTitus,Player_Romus,en,「私の言葉はよく聞いたな。自分の王を敬わない者たちは、敵対的な支配を受けることになるだろう。」
0x0100005200070957,444,925,Rizia/Turn 9/TalkWithTitus,Player_Romus,en,「威圧的な姿勢を取るのだ。他の諸家と話す際には、王権を侮ってはならないと彼らに思い知らせてみせる。」
0x010000520007095D,444,926,Rizia/Turn 9/TalkWithTitus,Player_Romus,en,「その通りだ。そろそろ私の敵対者たちに厳しい教訓を与える時が来た。」
0x0100005200070968,444,930,Rizia/Turn 9/TalkWithTitus,Player_Romus,en,「もちろん冗談だ。平和的な集まりになるはずだ。でなければ母上に殺されてしまうよ。」
0x0100005200070977,444,931,Rizia/Turn 9/TalkWithTitus,Titus Gordion,en,「どういう意味か？」
0x0100005200070984,444,933,Rizia/Turn 9/TalkWithTitus,Titus Gordion,en,「何を心配しているのですか、陛下？」
0x010000520007098B,444,934,Rizia/Turn 9/TalkWithTitus,Player_Romus,en,「私は宮中の敵対者たちが心配だ。革命があろうとなかろうと、彼らに反撃する時が来たのだ。」
0x01000052000709A4,444,938,Rizia/Turn 9/TalkWithTitus,Player_Romus,en,「リジアのための私のウヴルヘック教徒的なビジョンに干渉しようとする者たちだ。」
0x01000052000709AB,444,939,Rizia/Turn 9/TalkWithTitus,Player_Romus,en,「改革運動のことだ。あれは既に手に負えないほど強大になってしまった。」
0x01000052000709B8,444,943,Rizia/Turn 9/TalkWithTitus,Titus Gordion,en,「抗議活動は懸念材料ではありますが、これまでのところほとんどが平和的なものでした。」
0x01000052000709BF,444,944,Rizia/Turn 9/TalkWithTitus,Player_Romus,en,「わからない。くそっ、まるで父上と同じような口調になってしまう。」
0x01000052000709C6,444,945,Rizia/Turn 9/TalkWithTitus,Titus Gordion,en,「それが最も深刻な懸念です。」
0x01000052000709CD,444,946,Rizia/Turn 9/TalkWithTitus,Titus Gordion,en,「それでは、私はこれで失礼いたします。」
0x01000052000709D2,444,947,Rizia/Turn 9/TalkWithTitus,Titus Gordion,en,「陛下、誰もそんなことは敢えていたしません。我々の神聖な王国を止める者などいるはずがありません。」
0x01000052000709EB,444,952,Rizia/Turn 9/TalkWithTitus,Titus Gordion,en,「しかし、私としては何の脅威も予想しておりません。平穏無事に会合が進むことを願っています。」
0x01000052000709F2,444,953,Rizia/Turn 9/TalkWithTitus,Titus Gordion,en,「私には、彼らの中に信頼できない者がいると考える理由があります。」
0x01000052000709FF,444,954,Rizia/Turn 9/TalkWithTitus,Player_Romus,en,「なぜそのようにお考えになるのか？」
0x0100005200070A05,444,955,Rizia/Turn 9/TalkWithTitus,Player_Romus,en,「まさか。どの王家も私を愛しているのだ。」
0x0100005200070A0F,444,957,Rizia/Turn 9/TalkWithTitus,Player_Romus,en,「もちろん彼らを信用することはできない。だが、それに何の驚きがあるだろうか？」
0x0100005200070A15,444,958,Rizia/Turn 9/TalkWithTitus,Titus Gordion,en,「陛下、何が最善かはご存知の通りです。しかし、私としては一言……」
0x0100005200070A5A,444,959,Rizia/Turn 9/TalkWithTitus,Player_Romus,en,「ありがとう、ゴルディオン隊長。これらの調査結果を慎重に検討し、次に取るべき措置を考えなければならない。」
0x0100005200070A60,444,960,Rizia/Turn 9/TalkWithTitus,Player_Romus,en,「貴族たちを扱うには、より緻密な戦略が必要であることは明らかだ。」
0x0100005200070A70,444,961,Rizia/Turn 9/TalkWithTitus,Player_Romus,en,「貴族たちとは……一緒にいても暮らせず、離れていても暮らせないのだ。」
0x0100005200070A7C,444,962,Rizia/Turn 9/TalkWithTitus,Titus Gordion,en,「もちろんでございます、陛下。」
0x0100005200070A82,444,963,Rizia/Turn 9/TalkWithTitus,Titus Gordion,en,「『繊細な』というのも、表現の一つに過ぎません。」
0x0100005200070A8E,444,964,Rizia/Turn 9/TalkWithTitus,Titus Gordion,en,「陛下、彼らのうち*一部*はいなくても生きていけます...」
0x0100005200070A94,444,965,Rizia/Turn 9/TalkWithTitus,Narrator,en,ティトゥスの口調からは、彼の心に別の考えがあるように思われた。
0x0100005200070AA9,444,966,Rizia/Turn 9/TalkWithTitus,Titus Gordion,en,「陛下、現時点では誰かが王室に対して陰謀を企てていると考える理由はありません。ですが、警戒されることをお勧めします。」
0x0100005200070AB3,444,967,Rizia/Turn 9/TalkWithTitus,Player_Romus,en,「これらはまさに、今私が対処したくなかった種類の問題だ。これらを解決するためには、断固とした措置を講じる必要がある。」
0x0100005200070AB9,444,968,Rizia/Turn 9/TalkWithTitus,Player_Romus,en,「引き続き彼らを厳しく監視していく。今すぐ何かを急ぐ必要はない。」
0x0100005200070AC5,444,969,Rizia/Turn 9/TalkWithTitus,Player_Romus,en,「もはやこれらの家系たちが自由に振る舞うのを放っておくわけにはいかない。彼らに対処するためには、断固とした措置を講じる必要がある。」
0x0100005200070AD0,444,970,Rizia/Turn 9/TalkWithTitus,Titus Gordion,en,「それが私の知っている全てです。これをどう処理するかは陛下次第です。」
0x0100005200070AF6,444,976,Rizia/Turn 9/TalkWithTitus,Player_Romus,en,「本当にそのようだ？私こそが王なのに。誰かが私の命を狙っているに違いない。」
0x0100005200070AFD,444,977,Rizia/Turn 9/TalkWithTitus,Titus Gordion,en,「多くの者たちがそう望んでおります。ですが、その中に招待客リストに載っている者は一人もいません。」
0x0100005200070B04,444,978,Rizia/Turn 9/TalkWithTitus,Titus Gordion,en,「何を心配しているのですか、陛下？」
0x0100005200070B0E,444,979,Rizia/Turn 9/TalkWithTitus,Player_Romus,en,「サゾン家だ。」
0x0100005200070B14,444,980,Rizia/Turn 9/TalkWithTitus,Player_Romus,en,「アザロ家だ。」
0x0100005200070B1A,444,981,Rizia/Turn 9/TalkWithTitus,Player_Romus,en,「三つの家系全てだ。」
0x0100005200070B25,444,985,Rizia/Turn 9/TalkWithTitus,Player_Romus,en,「アザロ家とサゾン家だ。」
0x0100005200070B37,444,989,Rizia/Turn 9/TalkWithTitus,Player_Romus,en,「私の自身の家だ。」
0x0100005200070B3D,444,990,Rizia/Turn 9/TalkWithTitus,Player_Romus,en,「アザロ家とトラス家だ。」
0x0100005200070B43,444,991,Rizia/Turn 9/TalkWithTitus,Player_Romus,en,「サゾン家とトラス家だ。」
0x0100005200070B69,444,996,Rizia/Turn 9/TalkWithTitus,Titus Gordion,en,「はっきりさせていただきたいのですが、陛下、どの家系のことをおっしゃっているのでしょうか？」
0x0100005200070B6F,444,997,Rizia/Turn 9/TalkWithTitus,Narrator,en,彼は私が言ったことを理解するために少し時間をかけた。
0x0100005200070B78,444,998,Rizia/Turn 9/TalkWithTitus,Player_Romus,en,「ティトゥス、もし私の立場だったらどうするか？」
0x010000BE00000690,444,1000,Rizia/Turn 9/TalkWithTitus,Narrator,en,ティトゥスは疑問の眼差しで私を見た。
0x010000BE00000698,444,1001,Rizia/Turn 9/TalkWithTitus,Titus Gordion,en,「断固としたお決めになりますか、陛下？」
0x010000BE0000069F,444,1002,Rizia/Turn 9/TalkWithTitus,Player_Romus,en,「ああ。母上の誕生日に、彼らを正しい立場に戻してみせる。必要であれば力ずくでも。だが、あなたの助けがなければそれもできない。」
0x010000BE000006A6,444,1003,Rizia/Turn 9/TalkWithTitus,Player_Romus,en,「母上の誕生日に彼らが現れたら、厳しく叱ってやる。」
0x010000BE000006AD,444,1004,Rizia/Turn 9/TalkWithTitus,Narrator,en,ティトゥスはうなずいた。
0x010000BE000006B4,444,1005,Rizia/Turn 9/TalkWithTitus,Titus Gordion,en,「そのお考えは賢明です、陛下。確かにこの動乱は我々がより一層注意を払うべき事態だと思います。」
0x010000BE000006C1,444,1009,Rizia/Turn 9/TalkWithTitus,Titus Gordion,en,「そのお考えは賢明です、陛下。まだ外交的な方法で対立を解決する時間があるかもしれません。」
0x010000BE000006C8,444,1010,Rizia/Turn 9/TalkWithTitus,Narrator,en,彼は顎を撫でた。
0x010000BE000006CF,444,1011,Rizia/Turn 9/TalkWithTitus,Titus Gordion,en,「陛下、トラス家に手を出すおつもりですか？自分の血肉の者たちに対してまで？」
0x010000BE000006D5,444,1012,Rizia/Turn 9/TalkWithTitus,Titus Gordion,en,「彼らは常に私を敬意と尊厳をもって扱ってくれました。私も彼らを深く尊敬しております。」
0x010000BE000006EB,444,1014,Rizia/Turn 9/TalkWithTitus,Player_Romus,en,「隊長、命令は受けた。私に疑問を呈しないでくれ。」
0x010000BE00000703,444,1015,Rizia/Turn 9/TalkWithTitus,Titus Gordion,en,「わかりました……」
0x010000BE0000070F,444,1016,Rizia/Turn 9/TalkWithTitus,Narrator,en,ティトゥスは何も抗議しなかったが、その唇は細く結ばれていた。
0x010000BE00000723,444,1017,Rizia/Turn 9/TalkWithTitus,Narrator,en,彼は信じられないという様子で私を見つめた。
0x010000BE00000733,444,1021,Rizia/Turn 9/TalkWithTitus,Titus Gordion,en,「私はリコ・トラスのことをこれまで気にかけたことがなかったのは認めます。しかし他の者たちは常に私を敬意と尊厳をもって扱ってくれました。」
0x010000BE0000073B,444,1022,Rizia/Turn 9/TalkWithTitus,Titus Gordion,en,「それに……歴史は自分の一族を追い求める王たちを好意的に見てはいません。」
0x010000BE00000744,444,1023,Rizia/Turn 9/TalkWithTitus,Player_Romus,en,「私が望むのは、彼らに王権への服従を強いることだけだ。うまくやれば、血を流す必要はない。」
0x010000BE0000074B,444,1024,Rizia/Turn 9/TalkWithTitus,Narrator,en,ティトゥスの唇は細い線のように引き結ばれた。やがて彼は頷いた。
0x010000BE00000753,444,1025,Rizia/Turn 9/TalkWithTitus,Player_Romus,en,「おそらくあなたの言う通りだろう。では、トラス家はこの話から除外しよう。」
0x010000BE00000760,444,1029,Rizia/Turn 9/TalkWithTitus,Player_Romus,en,「おっしゃる通りかもしれない。私と親族たちは、暴力ではなく対話を通じて問題を解決すべきだろう。」
0x010000BE00000767,444,1030,Rizia/Turn 9/TalkWithTitus,Player_Romus,en,「彼らの邪悪な活動についてはよく承知している。」
0x010000BE00000772,444,1034,Rizia/Turn 9/TalkWithTitus,Player_Romus,en,「ああ、彼らの悪事についてはすべて承知しているが、彼らがそれを試みる様子を見ること自体が楽しみの半分なのだ。」
0x010000BE0000077B,444,1035,Rizia/Turn 9/TalkWithTitus,Narrator,en,ティトゥスの口角がわずかに上向いた。
0x010000BE00000782,444,1036,Rizia/Turn 9/TalkWithTitus,Titus Gordion,en,「もしよろしければお伺いしますが、この状況をどのように処理されるおつもりでいらっしゃいますか？」
0x010000BE0000078A,444,1037,Rizia/Turn 9/TalkWithTitus,Titus Gordion,en,「やはりそのようでした。」
0x010000BE00000798,444,1041,Rizia/Turn 9/TalkWithTitus,Player_Romus,en,「私は自らの権力を集中させるための法令を発布する。軍隊がなければ、彼らに私の地位を奪われることはない。」
0x010000BE0000079F,444,1042,Rizia/Turn 9/TalkWithTitus,Narrator,en,彼はうなずいた。
0x010000BE000007AD,444,1043,Rizia/Turn 9/TalkWithTitus,Narrator,en,彼はうなずいた。
0x010000BE000007BA,444,1047,Rizia/Turn 9/TalkWithTitus,Titus Gordion,en,「そのお考えは賢明です、陛下。反対する貴族たちをご自身の側につけることで、リジアに迫る真の脅威に立ち向かうのに役立つでしょう。」
0x010000BE000007C2,444,1048,Rizia/Turn 9/TalkWithTitus,Narrator,en,ティトゥスは顎を撫でた。
0x010000BE000007D9,444,1055,Rizia/Turn 9/TalkWithTitus,Player_Romus,en,「あなたは私の治安責任者だ。私がどうすべきだと思うか？」
0x010000BE000007E0,444,1056,Rizia/Turn 9/TalkWithTitus,Narrator,en,彼は顔をしかめた。
0x010000BE000007E7,444,1057,Rizia/Turn 9/TalkWithTitus,Titus Gordion,en,「そのような状況では、もっと断固とした措置が必要ではないのでしょうか？」
0x010000BE00000801,444,1059,Rizia/Turn 9/TalkWithTitus,Narrator,en,ティトゥスは安堵のために息を吐いた。
0x010000BE0000080F,444,1063,Rizia/Turn 9/TalkWithTitus,Titus Gordion,en,「陛下、申し訳ありませんが、本当にそのようなお考えでいらっしゃるのですか？」
0x010000BE00000816,444,1064,Rizia/Turn 9/TalkWithTitus,Titus Gordion,en,「なるほど……」
0x010000BE00000823,444,1068,Rizia/Turn 9/TalkWithTitus,Titus Gordion,en,「正直なところ、たとえサゾン家が望んだとしても陛下を追放できるとは思えません。その一族は依然として分裂しているからです。」
0x010000BE0000082A,444,1069,Rizia/Turn 9/TalkWithTitus,Titus Gordion,en,「確かに、アンジェリカという女家長が再び地位を取り戻したことで、サゾン家は今やより強大になっております。」
0x010000BE00000840,444,1073,Rizia/Turn 9/TalkWithTitus,Titus Gordion,en,「他の潜在的な標的についてですが……」
0x010000BE00000854,444,1080,Rizia/Turn 9/TalkWithTitus,Titus Gordion,en,「よろしいです、陛下。」
0x010000BE0000085B,444,1081,Rizia/Turn 9/TalkWithTitus,Player_Romus,en,「これは純粋に防御的な措置に過ぎない。私が何もしなければ、ウーゴたちが先に私を狙ってくるだろう。」
0x010000BE00000871,444,1086,Rizia/Turn 9/TalkWithTitus,Titus Gordion,en,「サゾン家が陛下に害を加えようとしているという兆候は何もありません。彼らへの不当な攻撃は、他者たちを陛下の敵に回す結果になりかねません。」
0x010000BE00000884,444,1093,Rizia/Turn 9/TalkWithTitus,Titus Gordion,en,「もう一つの問題となっている家系についてですが……」
0x010000BE0000088C,444,1094,Rizia/Turn 9/TalkWithTitus,Titus Gordion,en,「陛下、アザロ家のように強大な一族は決して侮ってはなりません。彼らに直接挑む前に、十分に慎重に考える必要があります。」
0x010000BE0000089B,444,1098,Rizia/Turn 9/TalkWithTitus,Titus Gordion,en,「陛下、アザロ家の権力についてご懸念されていることは理解しておりますが、その一族はこれまで常に王室への忠誠のもとでその権力を行使してきたに過ぎません。」
0x010000BE000008A2,444,1099,Rizia/Turn 9/TalkWithTitus,Player_Romus,en,「私は気にしない。サゾン家は1926年蜂起以来、こうなる運命だったのだ。」
0x010000BE000008B3,444,1106,Rizia/Turn 9/TalkWithTitus,Titus Gordion,en,「では、具体的な内容について話し合うべきでしょう。」
0x010000BE000008BB,444,1107,Rizia/Turn 9/TalkWithTitus,Player_Romus,en,「これは先制措置だ。彼らの防御が弱っているうちに攻撃しなければならない。」
0x010000BE000008C2,444,1108,Rizia/Turn 9/TalkWithTitus,Player_Romus,en,「あなたの懸念はもっともだ。では、まずはトラス家を標的にしよう。」
0x010000BE000008CF,444,1112,Rizia/Turn 9/TalkWithTitus,Player_Romus,en,「あなたの懸念はもっともだ。よし、その考えは捨てよう。私の母上の誕生日は計画通りに行われる。」
0x010000BE000008DE,444,1113,Rizia/Turn 9/TalkWithTitus,Titus Gordion,en,「もしそれで全てでしたら、私はこれにて退きます。」
0x010000BE0000090C,444,1118,Rizia/Turn 9/TalkWithTitus,Player_Romus,en,「アザロ家は排除したい。だがサゾン家についてはあなたの言う通りかもしれぬ。彼らはそのままにしておこう。」
0x010000BE00000913,444,1119,Rizia/Turn 9/TalkWithTitus,Player_Romus,en,「私の言うことは聞いたな。サゾン家もアザロ家も、どちらもこの世から消し去らねばならない。」
0x010000BE0000091A,444,1120,Rizia/Turn 9/TalkWithTitus,Player_Romus,en,「私はあなたの判断を信頼している。目標はトラス家だけに絞ろう。」
0x010000BE00000927,444,1124,Rizia/Turn 9/TalkWithTitus,Player_Romus,en,「わかった……誰も標的にはされない。誕生日の行事は予定通り行われる。」
0x010000BE0000092F,444,1125,Rizia/Turn 9/TalkWithTitus,Titus Gordion,en,「私にご信頼を寄せてくださり、感謝いたします。他の貴族たちとの意見の相違も、外交的な手段によって解決できると確信しております。」
0x010000BE00000946,444,1128,Rizia/Turn 9/TalkWithTitus,Player_Romus,en,「わかった。それが賢明だとお考えなら、我々はアザロ家のみを標的にいたしよう。」
0x010000BE00000965,444,1137,Rizia/Turn 9/TalkWithTitus,Titus Gordion,en,「私は王国の秩序維持に力を注ぎたいと思います。今の状況では、諸家間の団結を促す方が対立を煽るよりも賢明でしょう。」
0x010000BE0000096C,444,1138,Rizia/Turn 9/TalkWithTitus,Player_Romus,en,「ありがとう。ご助言に従わせていただく。」
0x010000BE00000973,444,1139,Rizia/Turn 9/TalkWithTitus,Player_Romus,en,「申し訳ないが、私は同意できない。今こそ行動を起こす時だ。」
0x010000BE0000097A,444,1140,Rizia/Turn 9/TalkWithTitus,Player_Romus,en,「心配しないでくれ。軽率な行動を取るつもりはない。ただ、貴族の中の一部の者たちに厳しく諭してやりたいと思っている。」
0x010000BE00000981,444,1141,Rizia/Turn 9/TalkWithTitus,Titus Gordion,en,「陛下、それはご命令通りにいたしましょう。」
0x010000BE00000994,444,1142,Rizia/Turn 9/TalkWithTitus,Titus Gordion,en,「もし陛下がご希望でしたら…お母上の誕生日を機に、リジアの真の力がどこにあるかを関係する貴族たちに思い出させることも可能でございます。」
0x010000BE000009A1,444,1144,Rizia/Turn 9/TalkWithTitus,Titus Gordion,en,「ああ、そうですね。良い考えです。」
0x010000BE000009A8,444,1145,Rizia/Turn 9/TalkWithTitus,Titus Gordion,en,「もし以上でございますなら、私はこれにて退きます。」
0x010000BE000009BB,444,1148,Rizia/Turn 9/TalkWithTitus,Player_Romus,en,「もし私が、王家各派を統制することが王国の秩序維持に不可欠だと考えているのであれば？」
0x010000BE000009C2,444,1149,Rizia/Turn 9/TalkWithTitus,Narrator,en,彼はため息をついた。
0x010000BE000009D9,444,1151,Rizia/Turn 9/TalkWithTitus,Player_Romus,en,「ああ、確信している。」
0x010000BE000009E0,444,1152,Rizia/Turn 9/TalkWithTitus,Titus Gordion,en,「かしこまりました、陛下。まだこの問題を外交的に解決する時間はあるかと存じます。」
0x010000BE000009E8,444,1153,Rizia/Turn 9/TalkWithTitus,Player_Romus,en,「それは状況次第だ。『断固たる措置』とはどういう意味だろうか？」
0x010000BE000009F1,444,1154,Rizia/Turn 9/TalkWithTitus,Titus Gordion,en,「ああ、そうですね、理にかなっております。」
0x010000BE00000A05,444,1159,Rizia/Turn 9/TalkWithTitus,Narrator,en,彼の目は大きく見開かれた。
0x010000BE00000A0C,444,1160,Rizia/Turn 9/TalkWithTitus,Titus Gordion,en,「なるほど……」
0x010000BE00000A19,444,1162,Rizia/Turn 9/TalkWithTitus,Titus Gordion,en,「それでも、貴族たちが陛下に対して抱く不満の根本的な原因には届かないでしょう。」
0x010000BE00000A2D,444,1166,Rizia/Turn 9/TalkWithTitus,Titus Gordion,en,「反乱を起こすのは、気まぐれな商人よりも王家の方がはるかに困難です。しかし近衛兵ならば対処できます。」
0x0100009800044D11,444,1167,Rizia/Turn 9/TalkWithTitus,Player_Romus,en,「しかし、他の諸家の前でこのように事態が進展してしまえば混乱を招き、我々の立場を弱体化させる恐れがある。」
0x0100009800044D17,444,1168,Rizia/Turn 9/TalkWithTitus,Titus Gordion,en,「逆です、陛下。そのような断固とした措置は、すべての家系に対する厳しい警告となるでしょう。」
0x0100009800044D1D,444,1169,Rizia/Turn 9/TalkWithTitus,Titus Gordion,en,「それによって、彼らが自分の立場を守り、陛下に対して陰謀を企てる前に何度も考え直すようになるでしょう。」
0x0100009800044D23,444,1170,Rizia/Turn 9/TalkWithTitus,Titus Gordion,en,「そして同様に重要なのは、陛下に対する反対意見が迅速かつ断固たる措置で臨まれることを示す点です。」
0x0100009800044D8F,444,1171,Rizia/Turn 9/TalkWithTitus,Player_Romus,en,「聞く限り、あなたはかなり前からそのような緊急対策を用意していたようだね。」
0x0100009800047367,444,1172,Rizia/Turn 9/TalkWithTitus,Titus Gordion,en,「陛下、近衛兵があらゆる事態に備えていると申し上げたのは、あらゆる可能性を想定しているという意味でございます。」
0x010000980004736E,444,1173,Rizia/Turn 9/TalkWithTitus,Titus Gordion,en,「そのような断固とした措置は、すべての家系に対する厳しい警告となるでしょう。」
0x0100009800044D96,444,1174,Rizia/Turn 9/TalkWithTitus,Player_Romus,en,「もしそれが王家の安全を守ることにつながるのであれば、私はそのような措置を取る用意がある。」
0x0100009800047377,444,1175,Rizia/Turn 9/TalkWithTitus,Titus Gordion,en,「陛下、そうかもしれないと存じました。」
0x0100009800052DF6,444,1176,Rizia/Turn 9/TalkWithTitus,Player_Romus,en,「これを正確にどのように実行されるおつもりか？」
0x0100009800052E3E,444,1177,Rizia/Turn 9/TalkWithTitus,Player_Romus,en,「この計画は危険そうだね。起こり得る悪影響に対して、我々は準備ができているのだろうか？」
0x010000BE00000A41,444,1178,Rizia/Turn 9/TalkWithTitus,Player_Romus,en,「あなたの考え方は気に入る、大尉。」
0x010000BE00000A48,444,1179,Rizia/Turn 9/TalkWithTitus,Titus Gordion,en,「ありがとうございます、陛下。」
0x0100009800052E20,444,1180,Rizia/Turn 9/TalkWithTitus,Titus Gordion,en,「誕生日の宴が行われている最中のある時点で、陛下は標的たちを出口が一つしかない部屋に集めるのです。例えば、この部屋のように。」
0x0100009800052E26,444,1181,Rizia/Turn 9/TalkWithTitus,Titus Gordion,en,「その際、我々は当該家系の資産に対する支配権を宣言し、彼らに即座に土地の明け渡しを強制できます。」
0x010000BE00000A50,444,1182,Rizia/Turn 9/TalkWithTitus,Titus Gordion,en,「陛下のご命令があれば、私と部下たちは断固たる武力をもって他の貴族たちを圧倒いたします。」
0x010000BE00000A57,444,1183,Rizia/Turn 9/TalkWithTitus,Player_Romus,en,「失敗の可能性など許されない。この計画は中止しろ。」
0x010000BE00000A5D,444,1184,Rizia/Turn 9/TalkWithTitus,Titus Gordion,en,「できる限り万全の準備をいたしますが、この規模の作戦では何事も100％確実ということはありません。」
0x010000BE00000A63,444,1185,Rizia/Turn 9/TalkWithTitus,Player_Romus,en,「では、もし私がこの計画に同意したとする。どのように実行していくのか？」
0x010000BE00000A69,444,1186,Rizia/Turn 9/TalkWithTitus,Player_Romus,en,「不明な要素がこれほど多いのであれば、大変懸念している。だが、引き続き進めてくれ。」
0x010000BE00000A75,444,1187,Rizia/Turn 9/TalkWithTitus,Titus Gordion,en,「それがどのように進展していくかということですが……」
0x010000BE00000A7E,444,1200,Rizia/Turn 9/TalkWithTitus,Player_Romus,en,「私の治世がそのような残虐行為で記憶されることは断じて許さない。」
0x010000BE00000A84,444,1201,Rizia/Turn 9/TalkWithTitus,Titus Gordion,en,「陛下、誠に恐れ入りますが、もし陛下に反対する者たちが勝ってしまえば、記憶されるほどの治世は残らないかと存じます。」
0x010000BE00000A8A,444,1202,Rizia/Turn 9/TalkWithTitus,Player_Romus,en,「私は依然として、我々の課題に対処するためにもっと穏健な手段があると信じている。」
0x010000BE00000A9A,444,1206,Rizia/Turn 9/TalkWithTitus,Titus Gordion,en,「もし我々がこの計画を十分に効率的に実行すれば、残酷な手段を用いる必要はないのです。」
0x010000BE00000AA0,444,1207,Rizia/Turn 9/TalkWithTitus,Player_Romus,en,「わかった。承知しよう。では、その計画をどのように実行すればよいとお考えか？」
0x010000BE00000AB6,444,1209,Rizia/Turn 9/TalkWithTitus,Player_Romus,en,「いや……納得できない。誕生日の集いは計画通りに進めてほしいのだ。」
0x0100009800048ABC,444,1210,Rizia/Turn 9/TalkWithTitus,Player_Romus,en,「状況は見た目ほど深刻ではない。慎重な交渉によって事態を収拾し、軽率な決断を避けることができる。」
0x0100009800048ACC,444,1212,Rizia/Turn 9/TalkWithTitus,Player_Romus,en,「事態を自然に進行させるのが最も賢明な対応だ。このような状況はたいてい自ずと解決される。」
0x0100009800048AD2,444,1213,Rizia/Turn 9/TalkWithTitus,Titus Gordion,en,「ともかく、他に私に頼みたいことがなければ、これで失礼します。」
0x0100009800048ADC,444,1214,Rizia/Turn 9/TalkWithTitus,Titus Gordion,en,「もし私が出過ぎた真似をしたのであればお詫び申し上げます。これ以上その件については語りません。」
0x010000BE00000ABF,444,1217,Rizia/Turn 9/TalkWithTitus,Narrator,en,ティトゥスはお辞儀をした。
0x010000BE00000AC8,444,1218,Rizia/Turn 9/TalkWithTitus,Titus Gordion,en,「陛下、ご意向はよくお分かりいたしました。」
0x01000098000530CF,444,1220,Rizia/Turn 9/TalkWithTitus,Player_Romus,en,「それは良い計画のようだ。だが、実行するのはあなたではない方がいい。あなたに命を危険にさらしてほしくない。」
0x01000098000530F8,444,1221,Rizia/Turn 9/TalkWithTitus,Player_Romus,en,「そのような作戦を実行するには、近衛兵が最も適任だと私は思う。」
0x0100009800053105,444,1225,Rizia/Turn 9/TalkWithTitus,Player_Romus,en,「私としては、このような作戦を実行するにはヴルヘックの守護者たちが最も適任だと思われる。」
0x010000980005310B,444,1226,Rizia/Turn 9/TalkWithTitus,Titus Gordion,en,「その任務を遂行することは、我々にお任せください。陛下。」
0x010000BE00000AD2,444,1227,Rizia/Turn 9/TalkWithTitus,Player_Romus,en,「もし彼らが拒否したらどうなさるか？」
0x010000BE00000AD9,444,1228,Rizia/Turn 9/TalkWithTitus,Titus Gordion,en,「その場合、彼らは明らかに王室の命令に反抗することになり、陛下の裁量によって処罰を受けることになります。」
0x0100009800052E5C,444,1229,Rizia/Turn 9/TalkWithTitus,Player_Romus,en,「あなたがそう言い方をすると、これが正しい方法かどうか、私はますます不安に思わずにはいられない。」
0x0100009800052EF0,444,1230,Rizia/Turn 9/TalkWithTitus,Player_Romus,en,「私は恐怖と敵意こそが力の源なのだ。」
0x0100009800052F08,444,1231,Rizia/Turn 9/TalkWithTitus,Player_Romus,en,「ああ、それだけか？一瞬、本当に深刻な事態に直面しているのかと思った。」
0x010000980005317F,444,1235,Rizia/Turn 9/TalkWithTitus,Player_Romus,en,「承知している、ティトゥス。この計画を実行しよう。」
0x010000BE00000AE2,444,1236,Rizia/Turn 9/TalkWithTitus,Player_Romus,en,「もし彼らが従わなければ、撃ち殺すのだ。」
0x010000BE00000AE9,444,1237,Rizia/Turn 9/TalkWithTitus,Titus Gordion,en,「もしそのような形で王権に逆らう勇気がある者がいれば、陛下のご裁量によって罰を与えられることになります。」
0x010000BE00000AF7,444,1238,Rizia/Turn 9/TalkWithTitus,Player_Romus,en,「それで、その後はどうなるのか？」
0x010000BE00000AFE,444,1239,Rizia/Turn 9/TalkWithTitus,Titus Gordion,en,「署名が完了し次第、対象となった家系の領地は今や中央権力の支配下にあり、その爵位も剥奪されたと宣言して、貴族たちを再び図書館棟に連れ戻すのです。」
0x010000BE00000B0C,444,1243,Rizia/Turn 9/TalkWithTitus,Titus Gordion,en,「それは極めて繊細な作戦となります。ですが、私の部隊以外にもその任務を遂行できる力があるとお考えでしたら、彼らと契約することを妨げるつもりはありません。」
0x0100009800053084,444,1244,Rizia/Turn 9/TalkWithTitus,Titus Gordion,en,「これは極めて繊細な作戦です。他の誰かに実行を任せることはできません。」
0x010000BE00000B1A,444,1248,Rizia/Turn 9/TalkWithTitus,Player_Romus,en,「セヴリオとヴルヘックの守護者たちが先頭に立つこともできる。」
0x010000BE00000B21,444,1249,Rizia/Turn 9/TalkWithTitus,Player_Romus,en,「いつもラスティ・モントーロと、パランターから来た彼の傭兵たちがいる。」
0x010000BE00000B34,444,1256,Rizia/Turn 9/TalkWithTitus,Player_Romus,en,「私は自分の命をルシータに託している。過去にも彼女が率いる特殊部隊と協力し、安全上の脅威を未然に防ぐことがあった。」
0x010000BE00000B41,444,1257,Rizia/Turn 9/TalkWithTitus,Titus Gordion,en,「それに、王冠のために自分の命を懸けるのは私の役目です。」
0x010000BE00000B48,444,1258,Rizia/Turn 9/TalkWithTitus,Player_Romus,en,「よく考えてみれば……あなたほど有能な者はいない。」
0x010000BE00000B5E,444,1265,Rizia/Turn 9/TalkWithTitus,Narrator,en,彼は好奇心を持って私を見つめた。
0x010000BE00000B65,444,1266,Rizia/Turn 9/TalkWithTitus,Titus Gordion,en,「これ以上進める前に、陛下……どの家系を権力から排除されたいのですか？」
0x010000BE00000B99,444,1271,Rizia/Turn 9/TalkWithTitus,Player_Romus,en,「これ以上質問は不要だ。アザロ家をこの世から消し去ってもらいたい。」
0x010000BE00000BA1,444,1272,Rizia/Turn 9/TalkWithTitus,Player_Romus,en,「ティトゥス、私を信じてくれ。今すぐアザロ家に対処しなければ、彼らが私のところまでやってくるだろう。」
0x010000BE00000BA9,444,1273,Rizia/Turn 9/TalkWithTitus,Narrator,en,ティトゥスは顔をしかめた。
0x010000BE00000BB6,444,1277,Rizia/Turn 9/TalkWithTitus,Titus Gordion,en,「彼らはアダルフォ・ソテラートの事態をうまく処理しました。ですが、暗殺の直後にまた彼らから攻撃が来るなんて？」
0x010000BE00000BBD,444,1278,Rizia/Turn 9/TalkWithTitus,Titus Gordion,en,「あの者たちには疑念があります。ですが、陛下が彼らを信頼できると確信されているのでしたら…」
0x010000BE00000BC4,444,1279,Rizia/Turn 9/TalkWithTitus,Narrator,en,ティトゥスは満足げにうなずいた。
0x010000BE00000BCB,444,1280,Rizia/Turn 9/TalkWithTitus,Titus Gordion,en,「素晴らしい折衷案ですね。私が引き続き業務全般を監督し、セヴリオが現場で実際の作業を行うという形で。」
0x010000BE00000BD2,444,1281,Rizia/Turn 9/TalkWithTitus,Narrator,en,彼は微笑んだ。
0x010000BE00000BD9,444,1282,Rizia/Turn 9/TalkWithTitus,Titus Gordion,en,「では、私が行くしかないようですね。」
0x010000BE00000BE0,444,1283,Rizia/Turn 9/TalkWithTitus,Narrator,en,ティトゥスは顔をしかめた。
0x010000BE00000BE7,444,1284,Rizia/Turn 9/TalkWithTitus,Titus Gordion,en,「もしアザロ女公爵が信頼できると確信されているのであれば、軍事支援を得ることでこの作戦の正当性が一層高まるでしょう。」
0x010000BE00000BEE,444,1285,Rizia/Turn 9/TalkWithTitus,Player_Romus,en,「彼らが事前に疑いを抱くのではないかと心配だ。もし我々の企みを見破られたらどうなるだろうか？」
0x010000BE00000BFB,444,1289,Rizia/Turn 9/TalkWithTitus,Player_Romus,en,「戦争中に貴族たちへの攻撃を行う危険は冒せない。混乱が生じれば甚大な被害が出かねない。」
0x010000BE00000C09,444,1293,Rizia/Turn 9/TalkWithTitus,Player_Romus,en,「反乱者たちこそが真の問題だ。貴族たちの処理は後回しにせざるを得ない。」
0x0100009800052E91,444,1294,Rizia/Turn 9/TalkWithTitus,Player_Romus,en,「不確実性こそが我々の唯一の保証なら、『我々は最善を尽くした』という言葉の練習を始めるべきかもしれない。」
0x0100009800052EC6,444,1298,Rizia/Turn 9/TalkWithTitus,Titus Gordion,en,「『止められない勝利』という演説の準備をすることをお勧めします。我々なら必ずそれを成し遂げられると確信しています。」
0x010000BE00000C15,444,1299,Rizia/Turn 9/TalkWithTitus,Titus Gordion,en,「私の近衛兵たちの慎重さはご安心ください。」
0x010000BE00000C22,444,1300,Rizia/Turn 9/TalkWithTitus,Titus Gordion,en,「それか、王室と距離を置いている第三者を連れてくるのも良いでしょう。」
0x0100009800053068,444,1304,Rizia/Turn 9/TalkWithTitus,Player_Romus,en,「わからない……このような作戦がもたらす影響はあまりに大きなリスクになるのではないかと心配している。」
0x0100009800053074,444,1305,Rizia/Turn 9/TalkWithTitus,Player_Romus,en,「ああ。この案を提案してくださったことに、どれほど感謝してもし切れない。」
0x010000980005307E,444,1306,Rizia/Turn 9/TalkWithTitus,Player_Romus,en,「やるべきことは何としても成し遂げなければならない。誕生日の集いに攻撃を仕掛ける準備をしよう。」
0x01000098000530D5,444,1307,Rizia/Turn 9/TalkWithTitus,Titus Gordion,en,「しかし、我々は少し先走りしているようです。陛下、これが本当にご採用されたい方針でしょうか？」
0x010000BE00000C39,444,1308,Rizia/Turn 9/TalkWithTitus,Titus Gordion,en,「報酬は確かに大きなものとなりますが、陛下、そのような作戦がもたらす可能性のある障害に備える必要があるという点はご指摘の通りです。」
0x010000BE00000C40,444,1309,Rizia/Turn 9/TalkWithTitus,Titus Gordion,en,「陛下、お母上やご保護を望む他の方々は、外部からの危害から守られた中央広場に留まることになります。」
0x0100005200070B85,444,1310,Rizia/Turn 9/TalkWithTitus,Titus Gordion,en,「我々が話しているのは極端な措置です。それはリジア国内はもちろん国外においても恐怖や敵意を招く可能性のあるものです。」
0x0100005200070B92,444,1314,Rizia/Turn 9/TalkWithTitus,Titus Gordion,en,「国内の動揺を考えると、私も疑念を抱いております。」
0x0100005200070B9F,444,1318,Rizia/Turn 9/TalkWithTitus,Titus Gordion,en,「私も、このような過激な報復が正当化されるとは思えません。」
0x0100005200070BA6,444,1319,Rizia/Turn 9/TalkWithTitus,Titus Gordion,en,「もし反乱の噂が事実だとしたら、各家間の秩序を維持するために厳しい叱責が必要になるかもしれません。」
0x0100005200070BAC,444,1320,Rizia/Turn 9/TalkWithTitus,Titus Gordion,en,「確かにそれは過激だと私も思います...」
0x0100005200070BBC,444,1324,Rizia/Turn 9/TalkWithTitus,Titus Gordion,en,「しかし、三つの王家の当主が同時に同じ場所に集まることは滅多にありません。もしこのストライキを実行したいのであれば、今こそ好機です。」
0x0100005200070BCB,444,1325,Rizia/Turn 9/TalkWithTitus,Player_Romus,en,「そうだ。神様、私を許してくれ。」
0x0100005200070BDE,444,1329,Rizia/Turn 9/TalkWithTitus,Titus Gordion,en,「もし不服従に関する噂が事実なら、各家の間の秩序を維持するためには、このような厳しい叱責こそが必要なのかもしれません、陛下。」
0x0100005200070BE9,444,1333,Rizia/Turn 9/TalkWithTitus,Titus Gordion,en,「三つの王家の長たちが同時に同じ場所に集まるなんて、実に珍しいことです。この機会を無駄にしたくないお気持ちはよく理解できます、陛下。」
0x0100005200070BF1,444,1334,Rizia/Turn 9/TalkWithTitus,Narrator,en,ティトゥスは誇らしげにうなずいた。
0x0100005200070BF8,444,1335,Rizia/Turn 9/TalkWithTitus,Narrator,en,ティトゥスはゆっくりと頷いた。
0x0100005200070BFF,444,1336,Rizia/Turn 9/TalkWithTitus,Titus Gordion,en,「彼がそうします。」
0x0100009800053252,444,1340,Rizia/Turn 9/TalkWithTitus,Narrator,en,ティトゥスは鋭くうなずいた。
0x0100009800053258,444,1341,Rizia/Turn 9/TalkWithTitus,Titus Gordion,en,「陛下のご命令の通りにいたします。」
0x0100005200070C11,444,1342,Rizia/Turn 9/TalkWithTitus,Narrator,en,ティトゥスは鋭くうなずいた。
0x0100005200070C17,444,1343,Rizia/Turn 9/TalkWithTitus,Titus Gordion,en,「陛下のご命令の通りにいたします。」
0x0100005200070C1F,444,1344,Rizia/Turn 9/TalkWithTitus,Titus Gordion,en,「それで……実行に移したいとおっしゃるのですか？」
0x0100005200070C27,444,1345,Rizia/Turn 9/TalkWithTitus,Player_Romus,en,「その通りだ。時が来た。準備を始めよう。」
0x0100005200070C2F,444,1346,Rizia/Turn 9/TalkWithTitus,Player_Romus,en,「ああ、時が来た。準備を始めてくれ。」
0x0100005200070C36,444,1347,Rizia/Turn 9/TalkWithTitus,Player_Romus,en,「この計画を進めるには不安な点が多すぎる。どんな潜在的な対立も外交によって解決できると、以前より一層確信している。」
0x0100005200070C3F,444,1348,Rizia/Turn 9/TalkWithTitus,Player_Romus,en,「実は、もう一度よく考え直した。力による手段ではなく、外交によってこの問題を解決したいのだ。」
0x0100005200070C4C,444,1352,Rizia/Turn 9/TalkWithTitus,Player_Romus,en,「いや……各家の力を奪うためには、もっと巧妙な手段がある。彼らを見せしめにする必要はないのだ。」
0x0100009800052FEC,444,1353,Rizia/Turn 9/TalkWithTitus,Titus Gordion,en,「それなら、これ以上その話はしません。」
0x0100009800052FF2,444,1354,Rizia/Turn 9/TalkWithTitus,Titus Gordion,en,「それでは、申し上げるべきことはすべてです。他に何かご用がなければ、私はこれで退きます。」
0x01000098000475A7,444,1356,Rizia/Turn 9/TalkWithTitus,Player_Romus,en,「もちろん、あなたと近衛兵がこの任務をしっかり処理してくれると信じている。」
0x01000098000475C1,444,1357,Rizia/Turn 9/TalkWithTitus,Player_Romus,en,「パランター・セキュリティにいるラスティの部下たちにその契約が与えられる。手配を進めるため、この私用回線にお電話ください。」
0x01000098000475D9,444,1359,Rizia/Turn 9/TalkWithTitus,Titus Gordion,en,「わかりました。私が直接対応いたします。」
0x0100009800047A89,444,1368,Rizia/Turn 9/TalkWithTitus,Player_Romus,en,「この件については、ルシータと彼女の軍事関係者たちと共に取り組む。専門家たちに任せよう。」
0x0100009800047A90,444,1369,Rizia/Turn 9/TalkWithTitus,Titus Gordion,en,「承知いたしました、陛下。アザロ女公爵なら必ずやその任を果たしてくださるでしょう。」
0x0100009800047A64,444,1370,Rizia/Turn 9/TalkWithTitus,Player_Romus,en,「セヴリオとヴルヘックの守護者たちの能力を私は完全に信頼している。」
0x0100009800047A6C,444,1371,Rizia/Turn 9/TalkWithTitus,Titus Gordion,en,「それは私にとって光栄なことでございます。」
0x0100009800047A80,444,1372,Rizia/Turn 9/TalkWithTitus,Titus Gordion,en,「すぐに対応いたします。」
0x0100005200070C5A,444,1377,Rizia/Turn 9/TalkWithTitus,Titus Gordion,en,「もう一度確認しますが、この作戦の実行を任せたい方はどなたですか？」
0x010000B800002803,444,1381,Rizia/Turn 9/TalkWithTitus,Player_Romus,en,「もちろん、セヴリオとヴルヘックの守護者たちなら任せて安心だ、私はそう信じている。」
0x0100005200070C6B,444,1383,Rizia/Turn 9/TalkWithTitus,Titus Gordion,en,「それは私にとって光栄なことでございます。」
0x0100005200070C77,444,1385,Rizia/Turn 9/TalkWithTitus,Titus Gordion,en,「私も同じです。」
0x0100005200070C7E,444,1386,Rizia/Turn 9/TalkWithTitus,Titus Gordion,en,「すぐにカステラヌス大尉と話をしましょう。」
0x0100005200070C93,444,1388,Rizia/Turn 9/TalkWithTitus,Narrator,en,彼は驚きのあまり首を振った。
0x0100005200070C9B,444,1389,Rizia/Turn 9/TalkWithTitus,Player_Romus,en,「私の先代たちは皆、臆病者だったからだ。」
0x0100005200070CA3,444,1390,Rizia/Turn 9/TalkWithTitus,Player_Romus,en,「このような事態にならなければよかったのだが。」
0x0100005200070CC7,444,1394,Rizia/Turn 9/TalkWithTitus,Titus Gordion,en,「それに……陛下、本当にご自身の妻を裏切ることを考えていらっしゃるのですか？」
0x0100005200070CE5,444,1398,Rizia/Turn 9/TalkWithTitus,Player_Romus,en,「ルシータは最初から私のことを本当に愛していなかった。彼女は自分の家族を王位に近づけるためだけに私を利用してきたのだ。」
0x0100005200070D08,444,1402,Rizia/Turn 9/TalkWithTitus,Titus Gordion,en,「殿下、ご主人様を標的にされるようなことがあれば、王女様も決して良い反応は示さないでしょう。」
0x0100005200070CF3,444,1406,Rizia/Turn 9/TalkWithTitus,Titus Gordion,en,「しかし、殿下のご夫君を標的にするようなことをされれば、王女様が良い反応を示すはずがありません。」
0x0100005200070D20,444,1411,Rizia/Turn 9/TalkWithTitus,Player_Romus,en,「マヌスはずっとヴィナを利用してきただけだ。いつか彼女も理解するだろう。」
0x0100005200070D37,444,1414,Rizia/Turn 9/TalkWithTitus,Titus Gordion,en,「それは言うまでもありません。」
0x0100005200070D46,444,1415,Rizia/Turn 9/TalkWithTitus,Lucita Azaro,en,「陛下は私の夫であり、王でもございます。もし陛下に何かあったら、私には耐えられません。」
0x0100005200070D5A,444,1419,Rizia/Turn 9/TalkWithTitus,Lucita Azaro,en,「我々が追跡してきた一部の怪しい地方軍の動きも合わせて考えると、ここには真に懸念すべき理由があると思います。」
0x0100005200070D62,444,1420,Rizia/Turn 9/TalkWithTitus,Hugo Toras,en,「リコの部下たちが、『政治的変革』に関する書簡の断片をいくつか押収しました。」
0x0100005200070D68,444,1421,Rizia/Turn 9/TalkWithTitus,Hugo Toras,en,「詳細な内容は判断しにくいのです。ですから明確な説明が得られるまでは、彼らの真の意図について推測するしか選択肢がありません。」
0x0100005200070D73,444,1425,Rizia/Turn 9/TalkWithTitus,Hugo Toras,en,「我々が追跡してきた一部の怪しい地方軍の動きも合わせて考えると、ここには真に懸念すべき理由があると思います。」
0x0100005200070D87,444,1430,Rizia/Turn 9/TalkWithTitus,Hugo Toras,en,「スー・オミナの影響力を過小評価してはいけません。彼らは至る所に目と耳を持っています。」
0x0100005200070D92,444,1431,Rizia/Turn 9/TalkWithTitus,Hugo Toras,en,「ですが、正しい判断を下してくださると信じております、陛下。」
0x0100005200070DAC,444,1438,Rizia/Turn 9/TalkWithTitus,Titus Gordion,en,「正直なところ、サゾン家とアザロ家が出席することについては大変懸念しております。」
0x0100005200070DB4,444,1439,Rizia/Turn 9/TalkWithTitus,Titus Gordion,en,「私の近衛兵たちが、アザロ家内部で不満が高まっているという匿名の情報を受け取りました。」
0x0100005200070DC0,444,1443,Rizia/Turn 9/TalkWithTitus,Titus Gordion,en,「正直なところ、サゾン家の出席については大変懸念しております。」
0x0100005200070DC7,444,1444,Rizia/Turn 9/TalkWithTitus,Titus Gordion,en,「正直なところ、サゾン家の出席については、また一部のトラス家の者たちの参加についても、私は大きな懸念を抱いております、陛下。」
0x0100005200070DCE,444,1445,Rizia/Turn 9/TalkWithTitus,Titus Gordion,en,「私の近衛兵たちが、サゾン家とアザロ家の両方で不満が高まっていることを示す匿名の情報を受け取りました。」
0x0100005200070DD5,444,1446,Rizia/Turn 9/TalkWithTitus,Player_Romus,en,「ああ、それが何だと？そんなことで驚くべきニュースにはならないよ。」
0x0100005200070DDB,444,1447,Rizia/Turn 9/TalkWithTitus,Titus Gordion,en,「私の情報源によれば、単なる普通の苦情以上のものがあるようです。彼らは何かを企んでいる可能性があります。」
0x0100005200070DED,444,1448,Rizia/Turn 9/TalkWithTitus,Player_Romus,en,「まあ、近年では信頼というものがますます貴重なものになっているようだね。他に何か教えてくれるか？」
0x0100005200070DF3,444,1449,Rizia/Turn 9/TalkWithTitus,Titus Gordion,en,「私が集めた情報によれば、王室に対する陰謀が企てられている可能性があります。」
0x0100005200070DF9,444,1450,Rizia/Turn 9/TalkWithTitus,Titus Gordion,en,「百パーセント確信は持てません。私が知っているのは、反逆の陰謀が企てられている可能性があるということだけです。」
0x0100005200070DFF,444,1451,Rizia/Turn 9/TalkWithTitus,Player_Romus,en,「私は裏切りを決して容認しない――特に同じ貴族たちからのものを。具体的には誰だ？」
0x0100005200070E05,444,1452,Rizia/Turn 9/TalkWithTitus,Player_Romus,en,「トラス家だって？それは間違いだろう。」
0x0100005200070E0B,444,1453,Rizia/Turn 9/TalkWithTitus,Player_Romus,en,「我々の神聖な計画が実現すれば、その不満どもは遠い過去の記憶と化すだろう。」
0x0100005200070E11,444,1454,Rizia/Turn 9/TalkWithTitus,Titus Gordion,en,「陛下、そのような日が来るまで長く権力の座にいられるとは限りません。」
0x0100005200070E17,444,1455,Rizia/Turn 9/TalkWithTitus,Titus Gordion,en,「証拠が信頼できるものだと確信していなければ、陛下のもとに参りませんでした。」
0x0100005200070E27,444,1457,Rizia/Turn 9/TalkWithTitus,Titus Gordion,en,「私の近衛兵たちが、アザロ家内部で不満が高まっているという匿名の情報を受け取りました。」
0x0100005200070E6B,444,1462,Rizia/Turn 9/TalkWithTitus,Titus Gordion,en,「それこそ、歴史に名を刻むような夜となるでしょうね。」
0x0100005200070E72,444,1463,Rizia/Turn 9/TalkWithTitus,Narrator,en,彼は丁寧にくすっと笑った。
0x0100005200070E79,444,1464,Rizia/Turn 9/TalkWithTitus,Titus Gordion,en,「ふむ、実に気まぐれなことですね。」
0x0100009800061D27,444,1465,Rizia/Turn 9/TalkWithTitus,Titus Gordion,en,「我々は『政治的転換』に関する書簡の断片をいくつか傍受しました。」
0x0100009800061D2D,444,1466,Rizia/Turn 9/TalkWithTitus,Titus Gordion,en,「詳細な内容は判断しにくいのです。ですから明確な説明が得られるまでは、彼らの真の意図について推測するしか選択肢がありません。」
0x0100009800061D38,444,1470,Rizia/Turn 9/TalkWithTitus,Titus Gordion,en,「我々が追跡してきた一部の怪しい地方軍の動きも合わせて考えると、ここには真に懸念すべき理由があると思います。」
0x010000BE000019D7,444,1472,Rizia/Turn 9/TalkWithTitus,Player_Romus,en,「肖像画だって？なんて退屈な贈り物だろう。」
0x010000BE000019E4,444,1476,Rizia/Turn 9/TalkWithTitus,Titus Gordion,en,「王太后のご年齢は75歳です。フェスティブルを開催するのは適切ではないと思われます。」
0x010000BE000019EB,444,1477,Rizia/Turn 9/TalkWithTitus,Narrator,en,フェスティブルとは、お菓子が入ったリジアの伝統的な祝祭用道具で、参加者たちは順番にそれを叩いて破裂させるものだった。
0x010000BE000019F8,444,1479,Rizia/Turn 9/TalkWithTitus,Titus Gordion,en,「ともかく、その肖像画の件は決まりました。陛下はいかがお考えですか？」
0x010000C300001CFB,444,1480,Rizia/Turn 9/TalkWithTitus,Titus Gordion,en,「公文書係が迷ってしまわず、道を間違えて宮殿の中に入り込むようなことがなければいいのですが、陛下」
0x010000C300001D02,444,1481,Rizia/Turn 9/TalkWithTitus,Player_Romus,en,「何をおっしゃっているのか？」
0x010000C300001D08,444,1482,Rizia/Turn 9/TalkWithTitus,Player_Romus,en,「なぜ彼が宮殿の中にいるのだろうか？」
0x010000C300001D0D,444,1483,Rizia/Turn 9/TalkWithTitus,Player_Romus,en,「え？」
0x010000C300001D15,444,1484,Rizia/Turn 9/TalkWithTitus,Titus Gordion,en,「しかし、その真の目的は王宮から緊急に脱出するための通路として機能することです。」
0x010000C300001D1C,444,1485,Rizia/Turn 9/TalkWithTitus,Player_Romus,en,「承知した。いつか役に立つかもしれないね。」
0x010000C300001D23,444,1486,Rizia/Turn 9/TalkWithTitus,Player_Romus,en,「もちろん知っていた。あなたを試していただけだ。」
0x010000C300001D29,444,1487,Rizia/Turn 9/TalkWithTitus,Player_Romus,en,「秘密の隠し通路か？それなのに、私に伝える必要があると誰も思わなかったのか？」
0x010000C300001D2F,444,1488,Rizia/Turn 9/TalkWithTitus,Player_Romus,en,「ああ、もし書記官が戻ってこなければ、我々の答えは得られるだろう。」
0x010000C300001D5E,444,1490,Rizia/Turn 9/TalkWithTitus,Titus Gordion,en,「ご存知ないのですか？資料館の地下に隠し通路があり、かつては図書館との間で書物をこっそり運ぶために使われていました。」
0x010000C300001D71,444,1491,Rizia/Turn 9/TalkWithTitus,Titus Gordion,en,「申し訳ありません、陛下。私は陛下が既にご存知だと思っておりました」
0x010000C300001D7F,444,1492,Rizia/Turn 9/TalkWithTitus,Titus Gordion,en,「ああ、なるほどです。」
0x010000C300001D86,444,1493,Rizia/Turn 9/TalkWithTitus,Titus Gordion,en,「どうなるかは分かりません。」
0x010000C300001D8D,444,1494,Rizia/Turn 9/TalkWithTitus,Titus Gordion,en,「探査隊を派遣しましょう――おそらく猟犬を使って彼を追いつけるでしょう。」
0x0100005200074E53,444,1498,Rizia/Turn 9/TalkWithTitus,Titus Gordion,en,「正直なところ、アザロ家の出席については、またトラス家の一部の者たちの参加についても、私は大きな懸念を抱いております、陛下。」
0x0100007400013D43,444,1499,Rizia/Turn 9/TalkWithTitus,Titus Gordion,en,「陛下のご命令の通りにいたします。」
0x010000520007A5EA,444,1503,Rizia/Turn 9/TalkWithTitus,Lucita Azaro,en,「もちろん、具体的な証拠がないのに軽率な行動を取るよう勧めることは決してありません。ですが、私の軍隊があなたのご命令に従うことを忘れないでください。」
0x010000C800003B39,444,1507,Rizia/Turn 9/TalkWithTitus,Titus Gordion,en,「画家からの報告によりますと、ご依頼いただきました作品は完成し、間もなく陛下のもとへ届けられるそうです。」
0x010000520007B9D1,444,1511,Rizia/Turn 9/TalkWithTitus,Titus Gordion,en,「陛下、特に王国と陛下ご自身の安全を守る任務をヴルヘックの守護者たちと私にお託しになった後ですから。」
0x010000740000F89D,445,3,Rizia/Turn 9/TalkWithAdarfo,Narrator,en,ティトゥスは力強い手でドアを押し開けた。
0x010000740000F8A3,445,4,Rizia/Turn 9/TalkWithAdarfo,Narrator,en,彼を間近で見ると、鼻を横切る傷跡が目に入った。手入れされていない髭と粗末なオリーブグリーンのコートは、磨き上げられた部屋の中では場違いに見えた。
0x010000740000F8AA,445,5,Rizia/Turn 9/TalkWithAdarfo,Narrator,en,彼の目は一瞬周囲を見回した後、私の目に固定された。
0x010000740000F8B1,445,6,Rizia/Turn 9/TalkWithAdarfo,Adarfo Sotelato,en,「陛下。」
0x010000740000F8CA,445,7,Rizia/Turn 9/TalkWithAdarfo,Player_Romus,en,「国王、国王がお入りになる際には必ずお辞儀をしなければならないことをご存知ないか？」
0x010000740000F8D0,445,8,Rizia/Turn 9/TalkWithAdarfo,Narrator,en,彼は微動だにしなかった。その唇はわずかに曲がり、一瞬だけ楽しげな色を浮かべた。
0x010000740000F8D6,445,9,Rizia/Turn 9/TalkWithAdarfo,Player_Romus,en,「次に何を語るか、よく吟味して選ぶことをお勧めする。」
0x010000740000F8DC,445,10,Rizia/Turn 9/TalkWithAdarfo,Player_Romus,en,「あなたは私が想像していた人物とは全く違う。」
0x010000740000F8E2,445,11,Rizia/Turn 9/TalkWithAdarfo,Player_Romus,en,「こちらで会えて嬉しいね、議長殿。」
0x010000740000F8E8,445,12,Rizia/Turn 9/TalkWithAdarfo,Adarfo Sotelato,en,「それは褒め言葉と受け取ります。」
0x010000740000F8EE,445,13,Rizia/Turn 9/TalkWithAdarfo,Adarfo Sotelato,en,「陛下、直接お話しする機会をいただき感謝しております。こちらにお招きくださり、誠にありがとうございます。」
0x010000740000F8FA,445,14,Rizia/Turn 9/TalkWithAdarfo,Player_Romus,en,「正直言って、この宮殿で革命家を迎え入れる日が来るとは思いもしなかった。しかし、今は実に特別な時代だ。」
0x010000740000F900,445,15,Rizia/Turn 9/TalkWithAdarfo,Adarfo Sotelato,en,「確かにその通りでございます。しかし民衆の声はますます大きくなり、かつて届かなかった場所まで聞こえているのです。」
0x010000740000F906,445,16,Rizia/Turn 9/TalkWithAdarfo,Narrator,en,彼はわずかに微笑んだ。その立ち姿には、自信に満ちていながらも周囲の壮麗さに戸惑っているような、どこか心を解き放つような雰囲気があった。
0x010000740000F90C,445,17,Rizia/Turn 9/TalkWithAdarfo,Player_Romus,en,「私の招きを受け入れてくださり、ありがとう。マレニエフ主義者と国王が共に会するなど、そう頻繁にあることではない。」
0x010000740000F912,445,18,Rizia/Turn 9/TalkWithAdarfo,Player_Romus,en,「議会の様子はいかがだろうか、議長閣下？」
0x010000740000F918,445,19,Rizia/Turn 9/TalkWithAdarfo,Player_Romus,en,「ソテラートさん、街の騒乱を鎮めるために何か手を打っていただけていることを願っている。」
0x010000740000F91E,445,20,Rizia/Turn 9/TalkWithAdarfo,Player_Romus,en,「大きな声で叫ぼうと何も変わらない。私は依然としてあなた方の王だ、国王。」
0x010000740000F924,445,21,Rizia/Turn 9/TalkWithAdarfo,Adarfo Sotelato,en,「どうしてそれを忘れることができましょうか？」
0x010000740000F92A,445,22,Rizia/Turn 9/TalkWithAdarfo,Adarfo Sotelato,en,「代議院の者たちはしばらく前から包括的な民主主義改革を求めておりますが、陛下、その要請にはまだ応えがありません。」
0x010000740000F930,445,23,Rizia/Turn 9/TalkWithAdarfo,Narrator,en,アダルフォ・ソテラートの笑みは少しずつ消え、真剣な表情に変わった。
0x010000740000F940,445,24,Rizia/Turn 9/TalkWithAdarfo,Player_Romus,en,「ソテラート様、その声はあなたのような強力な代表者を見出したようだね。」
0x010000740000F951,445,28,Rizia/Turn 9/TalkWithAdarfo,Adarfo Sotelato,en,「もはや妥協するには遅すぎます。民衆は現在の体制にうんざりしているのです。」
0x010000740000F957,445,29,Rizia/Turn 9/TalkWithAdarfo,Player_Romus,en,「こちらでお会いできて光栄だ、アダルフォ・ソテラートさん。」
0x010000740000F968,445,33,Rizia/Turn 9/TalkWithAdarfo,Adarfo Sotelato,en,「陛下、民衆の苦悩は私自身のものでございます。私がその苦しみを身をもって経験してきたのです。」
0x010000740000F96E,445,34,Rizia/Turn 9/TalkWithAdarfo,Adarfo Sotelato,en,「今、私は彼らの叫びがこれ以上無視されることのないようにすることを目指しております。」
0x010000740000F974,445,35,Rizia/Turn 9/TalkWithAdarfo,Narrator,en,アダルフォ・ソテラートの笑みは少しずつ消え、真剣な表情に変わった。
0x010000740000F99E,445,36,Rizia/Turn 9/TalkWithAdarfo,Narrator,en,彼は私をまっすぐ見つめていた。
0x010000740000FA1D,445,37,Rizia/Turn 9/TalkWithAdarfo,Player_Romus,en,「では教えてくれ……実際にはどのような姿をしているのだろうか？」
0x010000740000FA24,445,38,Rizia/Turn 9/TalkWithAdarfo,Adarfo Sotelato,en,「陛下、私はもはや遺物に頭を下げることはありません。もう二度とです。」
0x010000740000FA2E,445,39,Rizia/Turn 9/TalkWithAdarfo,Player_Romus,en,「つまり……私を職から追いやろうとしているのはあなただね。」
0x010000740000FA3C,445,40,Rizia/Turn 9/TalkWithAdarfo,Player_Romus,en,「こちらは国王の御前だ。私に話しかけるつもりなら、まずお辞儀をなさってくれ。」
0x010000740000FA43,445,41,Rizia/Turn 9/TalkWithAdarfo,Player_Romus,en,「アダルフォ、あなたは私の宮殿にいる客人だ。遺物には頭を下げないと主張しても、王家の伝統は依然として重要なのだ。」
0x010000740000FA50,445,42,Rizia/Turn 9/TalkWithAdarfo,Player_Romus,en,「私は、革命よりも長く残り続ける遺物を見てきた。」
0x010000740000FA57,445,43,Rizia/Turn 9/TalkWithAdarfo,Narrator,en,私は彼の指が微かに震えるのを見た。それが、私の要求が彼の神経を刺激した唯一の兆候だった。
0x010000740000FA65,445,44,Rizia/Turn 9/TalkWithAdarfo,Narrator,en,彼は腕を組んだまま、その場に立ち続けていた。
0x010000740000FA6D,445,45,Rizia/Turn 9/TalkWithAdarfo,Adarfo Sotelato,en,「私としては、それを抑圧の仕組みを解体することだと考えたいのです。」
0x010000740000FA73,445,46,Rizia/Turn 9/TalkWithAdarfo,Narrator,en,彼は微動だにしなかった。その唇はわずかに上がり、一瞬だけ楽しそうな色を浮かべた。
0x010000740000FA7F,445,47,Rizia/Turn 9/TalkWithAdarfo,Player_Romus,en,「それがあなたの言い分か？お辞儀を拒むことで何らかの形で自分の目的が進むと？それはわがままな反抗に過ぎず、アダルフォ――革命ごっこの子供の戯れにすぎない。」
0x010000740000FA8B,445,48,Rizia/Turn 9/TalkWithAdarfo,Narrator,en,私は彼の指が微かに震えるのを見た。それが、私の要求が彼の神経を刺激した唯一の兆候だった。
0x010000740000FA92,445,49,Rizia/Turn 9/TalkWithAdarfo,Adarfo Sotelato,en,「遺物と呼ばれるものは、その本来の役割を終えてもなお残り続けるからこそ遺物なのです。」
0x010000740000FA99,445,50,Rizia/Turn 9/TalkWithAdarfo,Narrator,en,彼の唇に冷たい笑みが浮かんだ。
0x010000740000FAA1,445,51,Rizia/Turn 9/TalkWithAdarfo,Adarfo Sotelato,en,「伝統ですって？この国を束縛し続けているのは伝統こそです。それに私に屈するよう求めるというのですか？」
0x010000740000FAA8,445,52,Rizia/Turn 9/TalkWithAdarfo,Adarfo Sotelato,en,「私は、会合のために自分を呼び寄せた人物の前に立っております。陛下のご要請に応じてここへ参った次第です。」
0x010000740000FAAE,445,53,Rizia/Turn 9/TalkWithAdarfo,Adarfo Sotelato,en,「では、あなた様こそがその人物だとして話を進めさせていただきます。陛下、あなたは他ならぬその人なのですから。」
0x010000740000FAB6,445,54,Rizia/Turn 9/TalkWithAdarfo,Adarfo Sotelato,en,「私として対等に話をしましょう。結局のところ、我々の間の唯一の違いは、あなたが特権の中で生まれたという点だけです。」
0x010000740000FACB,445,56,Rizia/Turn 9/TalkWithAdarfo,Adarfo Sotelato,en,「陛下、あなたの君主制というものは結局それだけで――時代遅れの象徴に過ぎません。あなたも他の人間と変わりありません、ロムス。ですから対等な立場で話をさせてください。」
0x010000740000FAD2,445,57,Rizia/Turn 9/TalkWithAdarfo,Player_Romus,en,「ソテラートさん、どのように呼んでも構わないが、私はあなたの敵ではないことを理解してくれ。さあ、どうぞ座ってくれ。」
0x010000740000FAD8,445,58,Rizia/Turn 9/TalkWithAdarfo,Narrator,en,彼は両腕を広げ、周囲を指し示した。
0x010000740000FADE,445,59,Rizia/Turn 9/TalkWithAdarfo,Player_Romus,en,「男だな。しかし、国を一つにまとめている男だ。」
0x010000740000FAEC,445,60,Rizia/Turn 9/TalkWithAdarfo,Player_Romus,en,「自分で王冠を戴くよりも、他人の統治を批判する方がはるかに簡単だ。」
0x010000740000FAF2,445,61,Rizia/Turn 9/TalkWithAdarfo,Player_Romus,en,「国王、自分の王に屈することを拒むのもその使命の一部なのか？それはわがままな反抗に過ぎず、アダルフォ――革命ごっこの子供の戯れにすぎないのだ。」
0x010000740000FAF9,445,62,Rizia/Turn 9/TalkWithAdarfo,Player_Romus,en,「『抑圧の仕組みを解体する』だと？あなたは宣言文を読み過ぎだね。」
0x010000740000FB08,445,63,Rizia/Turn 9/TalkWithAdarfo,Adarfo Sotelato,en,「批判というのは、力のない者たちが制度を変える手段を手に入れるまで使い続けるものです。」
0x010000740000FB0F,445,64,Rizia/Turn 9/TalkWithAdarfo,Adarfo Sotelato,en,「反抗は子供っぽいものではありません。専制に立ち向かう上で必要なことなのです、陛下。」
0x010000740000FB17,445,65,Rizia/Turn 9/TalkWithAdarfo,Adarfo Sotelato,en,「そして民衆も、自分たちが平伏することを望む者たちに立ち向かう術を学んでいるのです。」
0x010000740000FB1E,445,66,Rizia/Turn 9/TalkWithAdarfo,Narrator,en,彼は片眉を上げて頷いた。
0x010000740000FB24,445,67,Rizia/Turn 9/TalkWithAdarfo,Adarfo Sotelato,en,「陛下、あなた様も一度それらの文献をお読みになった方がよろしいでしょう。そうすれば、それらが単なる理論ではなく、ご自身の民が実際に経験してきたことだと気づかれるはずです。」
0x010000740000FB37,445,71,Rizia/Turn 9/TalkWithAdarfo,Player_Romus,en,「落ち着いてくれ、アダルフォ。私があなたをここに呼んだのは、あなたの言い分を聞くためであり、脅したり嘲笑ったりするためではない。」
0x010000740000FB41,445,72,Rizia/Turn 9/TalkWithAdarfo,Player_Romus,en,「どうぞ、座ってくれ。」
0x010000740000FB48,445,73,Rizia/Turn 9/TalkWithAdarfo,Player_Romus_Italic,en,私は自分の隣にある空いている席を指差した。
0x010000740000FB48,445,73,Rizia/Turn 9/TalkWithAdarfo,Player_Romus_Italic,Menu Text en,その席を指差す
0x010000740000FB51,445,74,Rizia/Turn 9/TalkWithAdarfo,Narrator,en,私は自分の隣にある空いている椅子を指差した。
0x010000740000FB58,445,75,Rizia/Turn 9/TalkWithAdarfo,Adarfo Sotelato,en,「陛下、ありがとうございます。ですが、私は大丈夫です。」
0x010000740000FB60,445,76,Rizia/Turn 9/TalkWithAdarfo,Adarfo Sotelato,en,「これに劇的なものは何もありません。私は民のために話すときは立っている方が好むだけです。」
0x010000740000FB66,445,77,Rizia/Turn 9/TalkWithAdarfo,Narrator,en,彼はその場に留まり、反抗的な姿勢を崩さなかった。
0x010000740000FB6D,445,78,Rizia/Turn 9/TalkWithAdarfo,Narrator,en,彼はその場に留まったまま、周囲をじっと見つめていた。
0x010000740000FB74,445,79,Rizia/Turn 9/TalkWithAdarfo,Player_Romus,en,「私は譲らない。たとえ立場が対立していても、我々双方には会話を交わす能力がある。見せかけの演出は不要だ。」
0x010000740000FB81,445,83,Rizia/Turn 9/TalkWithAdarfo,Player_Romus,en,「私は譲らない。私はあなたの側にいるし、我々はどちらも話し合うことのできる男だ。見せかけの作法は不要だ。」
0x010000740000FB88,445,84,Rizia/Turn 9/TalkWithAdarfo,Player_Romus,en,「まあ、ご自由に。椅子に座れば尋問のような雰囲気も和らぐかと思ったのだが。」
0x010000740000FB8E,445,85,Rizia/Turn 9/TalkWithAdarfo,Player_Romus,en,「もし真の対話を行うのであれば、相互尊重が第一歩だという点ではお互い同意できるはずだ。そして尊重とは、基本的な礼儀を守ることを意味する。」
0x010000740000FB94,445,86,Rizia/Turn 9/TalkWithAdarfo,Player_Romus,en,「あなた、座った方が会話もよりスムーズに進むだろう。我々は二人ともリジアの未来について話し合うためにここにいるのだ。」
0x010000740000FB9C,445,87,Rizia/Turn 9/TalkWithAdarfo,Player_Romus,en,「わかった。立ちなさい。命令を待つ兵士のように。」
0x010000740000FBA7,445,88,Rizia/Turn 9/TalkWithAdarfo,Adarfo Sotelato,en,「その心遣いは感謝しますが、私は自分の立場を明確にするためにここにいるのです。座ってもこれから起こることは変わりません。」
0x010000740000FBAE,445,89,Rizia/Turn 9/TalkWithAdarfo,Adarfo Sotelato,en,「ありがとうございます。しかし、私が代表する民衆は作法など気にしません。それもまた我々を縛る鎖の一つに過ぎないのです。」
0x010000740000FBBC,445,90,Rizia/Turn 9/TalkWithAdarfo,Adarfo Sotelato,en,「私はそう簡単に怒らせられるような人物ではありません。議論を引き起こすための餌になりに来たわけではありません。」
0x010000740000FBC9,445,91,Rizia/Turn 9/TalkWithAdarfo,Player_Romus,en,「そう致しよう、アダルフォ。お好きなように私を呼んで構わない。では、どうぞ座ってくれ。」
0x010000740000FBD0,445,92,Rizia/Turn 9/TalkWithAdarfo,Adarfo Sotelato,en,「陛下、もしそのお言葉が本心であるなら、我々は互いに敬意を持った対話を行うことができると思います。」
0x010000740000FBD6,445,93,Rizia/Turn 9/TalkWithAdarfo,Adarfo Sotelato,en,「本当ですか？最初から服従のしるしを求めるような態度では、全く違った意味合いに受け取られてしまいます。」
0x010000740000FBDD,445,94,Rizia/Turn 9/TalkWithAdarfo,Adarfo Sotelato,en,「もし本当に耳を傾けるためにこちらへ来られたのであれば、敬意を持った対話を行うことができます。」
0x010000740000FBE9,445,95,Rizia/Turn 9/TalkWithAdarfo,Narrator,en,彼はお辞儀をしなかった。
0x010000740000FBFA,445,96,Rizia/Turn 9/TalkWithAdarfo,Narrator,en,彼は腕を組んだまま、その場に立ち続けていた。
0x010000740000FC06,445,98,Rizia/Turn 9/TalkWithAdarfo,Player_Romus,en,「よろしい。まさに私が望んでいた通りだ。どうぞ座ってくれ。」
0x010000740000FC1B,445,103,Rizia/Turn 9/TalkWithAdarfo,Player_Romus,en,「お辞儀をしたくない気持ちは理解できるが、無用に事を複雑にしないように。どうか座ってくれ。我々は話をするためにここにいるのだ。」
0x010000B80000279B,445,104,Rizia/Turn 9/TalkWithAdarfo,Player_Romus,en,「私はあなたが思うよりも、その考え方を受け入れやすいかもしれない。」
0x010000B8000027A9,445,108,Rizia/Turn 9/TalkWithAdarfo,Adarfo Sotelato,en,「陛下、興味深いお言葉ですね。しかし行動がなければ空虚なものに過ぎません。」
0x010000B8000027B0,445,109,Rizia/Turn 9/TalkWithAdarfo,Adarfo Sotelato,en,「そう聞いております。」
0x010000B8000027C8,445,110,Rizia/Turn 9/TalkWithAdarfo,Player_Romus,en,「アダルフォ、もう一度よく考え直しよう。私は対話を始め、あなたの懸念事項に耳を傾けるためにここにあなたを呼んだのだ。」
0x010000B8000027CF,445,111,Rizia/Turn 9/TalkWithAdarfo,Player_Romus,en,「私を排除して自分が権力を握れば、すべてがうまくいくと思っているのか？」
0x010000B8000027D5,445,112,Rizia/Turn 9/TalkWithAdarfo,Player_Romus,en,「あなたが軽蔑する君主制こそ、戦争や飢饉、そして数え切れないほどの困難を経てもこの国を存続させてきた制度なのだ。」
0x010000B8000027DC,445,113,Rizia/Turn 9/TalkWithAdarfo,Adarfo Sotelato,en,「もし本当にそのような話をするためにこちらにいらっしゃったのであれば、陛下、敬意を持って対話を行うことができます。」
0x010000B8000027E5,445,114,Rizia/Turn 9/TalkWithAdarfo,Adarfo Sotelato,en,「最初からそんなに軽蔑的な態度で私に接するとは、信じがたいことです。」
0x010000B800002848,445,115,Rizia/Turn 9/TalkWithAdarfo,Adarfo Sotelato,en,「陛下、我々はリジアのための新たなビジョンを持っております。そこでは誰も王冠を戴かない世界です。」
0x010000B800002852,445,116,Rizia/Turn 9/TalkWithAdarfo,Player_Romus,en,「あなたの言いたいことは理解している。私も耳を傾けるつもりだ。」
0x010000B80000285C,445,117,Rizia/Turn 9/TalkWithAdarfo,Player_Romus,en,「聞いている。何をご希望かおっしゃってくれ。」
0x010000B800002865,445,118,Rizia/Turn 9/TalkWithAdarfo,Adarfo Sotelato,en,「権力こそが最終目標ではない。正義こそがそれだ。」
0x010000B80000286C,445,119,Rizia/Turn 9/TalkWithAdarfo,Adarfo Sotelato,en,「民衆はこれまでの出来事を通じて、真の自由がどのようなものかを理解するに足る見識を得ました...」
0x010000B800002873,445,120,Rizia/Turn 9/TalkWithAdarfo,Adarfo Sotelato,en,「……実際には、こんな姿ではありません。」
0x010000B80000287B,445,121,Rizia/Turn 9/TalkWithAdarfo,Adarfo Sotelato,en,「しかし今、この国は崩壊しつつあります。不正に基づいて築かれた安定は永遠に続くことはありません。」
0x010000B800002882,445,122,Rizia/Turn 9/TalkWithAdarfo,Adarfo Sotelato,en,「陛下、民衆が改革の約束をこれ以上待ち続けるとお考えですか？彼らはすでに街頭に出ています。」
0x010000B80000288A,445,123,Rizia/Turn 9/TalkWithAdarfo,Adarfo Sotelato,en,「陛下の権威に公然と反抗し、ご自身の民が街頭に繰り出している状況で、どうしてそんなことを言えるのですか？」
0x010000B800002891,445,124,Rizia/Turn 9/TalkWithAdarfo,Adarfo Sotelato,en,「陛下、あなたこそがこの国の前に立ちはだかる最後の障害です。」
0x010000B800002899,445,125,Rizia/Turn 9/TalkWithAdarfo,Adarfo Sotelato,en,「私は民のために話すときは、立っている方が好きなのです。」
0x010000B8000028A0,445,126,Rizia/Turn 9/TalkWithAdarfo,Adarfo Sotelato,en,「権力の象徴にこだわる代わりに、陛下……」
0x010000B8000028AB,445,127,Rizia/Turn 9/TalkWithAdarfo,Adarfo Sotelato,en,「……陛下、私をここに呼び寄せて何を達成しようとされているのか、お教えいただけますでしょうか？」
0x010000B8000028B4,445,128,Rizia/Turn 9/TalkWithAdarfo,Player_Romus,en,「それが私がここにいる理由だ。話し合うために。」
0x010000B8000028BB,445,129,Rizia/Turn 9/TalkWithAdarfo,Adarfo Sotelato,en,「では、そのようにいたしましょう、陛下。」
0x010000B8000028C5,445,130,Rizia/Turn 9/TalkWithAdarfo,Narrator,en,腕を組んだまま、彼はその場に立ち続けていた。
0x010000B8000028D7,445,131,Rizia/Turn 9/TalkWithAdarfo,Adarfo Sotelato,en,「私の立場をご存知だと思っておりました。」
0x010000B8000028DF,445,132,Rizia/Turn 9/TalkWithAdarfo,Adarfo Sotelato,en,「私が客人としてこちらに呼ばれたのですから、今日何を成し遂げようとされているのか、ご教示いただけますでしょうか？」
0x010000B8000028E6,445,133,Rizia/Turn 9/TalkWithAdarfo,Player_Romus,en,「サゾン氏から、あなたが改革について一切譲歩する気がなく、代わりに私に退位するよう求めていると聞いた。本当か？」
0x010000B8000028F2,445,137,Rizia/Turn 9/TalkWithAdarfo,Player_Romus,en,「私があなたをここに呼んだのは、事態が手遅れになる前に食い止める時間がまだあるからだ。」
0x010000B8000028F8,445,138,Rizia/Turn 9/TalkWithAdarfo,Player_Romus,en,「ソテラートさん、私が達成しようとしているのは、甚大な災害を避けることだ。」
0x010000B8000028FE,445,139,Rizia/Turn 9/TalkWithAdarfo,Player_Romus,en,「あなたは民衆の怒りを利用しているが、怒りだけでは国は築けない。私はあなたの影響力のゆえに呼び寄せたが、破壊以外のビジョンを持っているかどうか知りたいのだ。」
0x010000B800002905,445,140,Rizia/Turn 9/TalkWithAdarfo,Player_Romus,en,「私は、あなたが本当はどのような人物か、自分の目で確かめてみたかっただけだ。」
0x010000B800002916,445,142,Rizia/Turn 9/TalkWithAdarfo,Adarfo Sotelato,en,「サゾンには彼なりの考え方がありましたが、それはうまく機能しませんでした。彼は中途半端な対応や、もはや民衆の役に立たないものを維持することしか信じていなかったのです。」
0x010000B80000291D,445,143,Rizia/Turn 9/TalkWithAdarfo,Adarfo Sotelato,en,「今この瞬間も何千人もの民衆が街頭に集まっております。もはや君主制を改革することは不可能だと彼らが悟ったからです。それは廃止されなければならないのです。」
0x010000B800002924,445,144,Rizia/Turn 9/TalkWithAdarfo,Adarfo Sotelato,en,「それ以下の対応では、避けられない結末をただ先延ばしにしているだけです。」
0x010000B800002931,445,148,Rizia/Turn 9/TalkWithAdarfo,Adarfo Sotelato,en,「では民が望むものを与えれば、災難は起こりません。」
0x010000B800002938,445,149,Rizia/Turn 9/TalkWithAdarfo,Adarfo Sotelato,en,「街中の混乱をご覧ください。陛下のお気持ちとは無関係に、災難はすでに我々を襲っているのです。」
0x010000B80000293F,445,150,Rizia/Turn 9/TalkWithAdarfo,Adarfo Sotelato,en,「この悪循環はとうに始まっていたのです。人々が一夜にして反乱を起こすなどあり得ません。」
0x010000B800002945,445,151,Rizia/Turn 9/TalkWithAdarfo,Adarfo Sotelato,en,「もし本当にこれを止めたいのであれば、民衆の要求に応えなさい。さもなければ、既に状況の支配を失っていることになります。」
0x010000B80000294D,445,152,Rizia/Turn 9/TalkWithAdarfo,Adarfo Sotelato,en,「怒りは国を築くことはできないかもしれませんが、新たなものへの道を切り開くのです。」
0x010000B800002954,445,153,Rizia/Turn 9/TalkWithAdarfo,Adarfo Sotelato,en,「我々のビジョンは、公平で正義に満ちた社会を築くことです。そしてそのような変化は、必ず国民自身から生まれなければなりません。」
0x010000B80000295B,445,154,Rizia/Turn 9/TalkWithAdarfo,Adarfo Sotelato,en,「しかし何よりも重要なのは、陛下が耳を傾け、権力を手放すという視野をお持ちかどうか、民が知る必要があるということです。」
0x010000B800002962,445,155,Rizia/Turn 9/TalkWithAdarfo,Adarfo Sotelato,en,「それで？人間として見えますか、それとも脅威として見えますか？」
0x010000B800002971,445,156,Rizia/Turn 9/TalkWithAdarfo,Adarfo Sotelato,en,「今この瞬間も、何千人もの人々が自分たちの権利を求めて行進しています。もはや君主制は改革不可能であり、廃止されなければならないと彼らは理解しているからです。」
0x010000B80000297A,445,157,Rizia/Turn 9/TalkWithAdarfo,Player_Romus,en,「街頭に集まった数千人の群衆があなた方にとって勝利のように思えるかもしれないが、私にとっては何の意味もない。自分たちの暴徒が王権の裁きを免れられると考えているなら、それは幻想に過ぎないのだ。」
0x010000B800002981,445,158,Rizia/Turn 9/TalkWithAdarfo,Player_Romus,en,「おっしゃる通りかもしれない。君主制の時代はもう過ぎ去ったのだろう。民が王権を信じなくなってしまえば、それに何の意味が残るというのだろうか？」
0x010000B800002988,445,159,Rizia/Turn 9/TalkWithAdarfo,Player_Romus,en,「私も不安定な状況を見過ごしてはおらない。しかし、君主制を廃止することが解決策ではない。」
0x010000B80000298F,445,160,Rizia/Turn 9/TalkWithAdarfo,Player_Romus,en,「あなたは勇敢だ、それは認めよう。」
0x010000B800002996,445,161,Rizia/Turn 9/TalkWithAdarfo,Adarfo Sotelato,en,「これは私の問題ではありません。この運動を推進しているのは人々の勇気です。彼らのうち誰でも、私の代わりにここに立つことができます。」
0x010000B80000299D,445,162,Rizia/Turn 9/TalkWithAdarfo,Player_Romus,en,「だが彼らではない。王権の正義という重圧に立ち向かわなければならないのはあなただ。」
0x010000B8000029A4,445,163,Rizia/Turn 9/TalkWithAdarfo,Adarfo Sotelato,en,「では、何をすべきかお分かりでしょう。」
0x010000B8000029AB,445,164,Rizia/Turn 9/TalkWithAdarfo,Adarfo Sotelato,en,「では、解決策とは何でしょうか？」
0x010000B8000029B2,445,165,Rizia/Turn 9/TalkWithAdarfo,Adarfo Sotelato,en,「民衆を抑えつけて王室が特権を享受し続けるための表面的な改革だけでしょうか？」
0x010000B8000029BF,445,169,Rizia/Turn 9/TalkWithAdarfo,Adarfo Sotelato,en,「それはもはやあり得ないことです。陛下、あなた方は我々の改革要求さえ受け入れなかったのですから。」
0x010000B8000029C8,445,170,Rizia/Turn 9/TalkWithAdarfo,Player_Romus,en,「実際、これはあなたのことだよ、アダルフォ。このいわゆる運動に参加している者全員が王国の滅亡を望んでおり、あなたは単に彼らの代弁者に過ぎないと本当に言うのか？」
0x010000B8000029CF,445,171,Rizia/Turn 9/TalkWithAdarfo,Adarfo Sotelato,en,「また偽りの約束ですか？陛下、あなたとマヌス・サゾンが話し合った改革を実行するつもりは最初から全くなかったのでしょう。」
0x010000B8000029DD,445,175,Rizia/Turn 9/TalkWithAdarfo,Adarfo Sotelato,en,「これ以上の圧政ですか？明らかにあなたは改革を求める声すら聞こうとしなかったのですね。」
0x010000B8000029EB,445,179,Rizia/Turn 9/TalkWithAdarfo,Narrator,en,彼は目を細め、しばらく返事をしなかった。
0x010000B8000029F3,445,180,Rizia/Turn 9/TalkWithAdarfo,Adarfo Sotelato,en,「陛下、あなたは事実を認めようとしていないのです。」
0x010000B800002A08,445,181,Rizia/Turn 9/TalkWithAdarfo,Adarfo Sotelato,en,「市民の権利を完全に剥奪するというのですか？平民が持っていた唯一の政治的発言機会である代議院までも廃止してしまったのですね、陛下。」
0x010000B800002A0F,445,182,Rizia/Turn 9/TalkWithAdarfo,Adarfo Sotelato,en,「陛下、いったいどこまで行けば満足なのでしょうか？」
0x010000B800002A16,445,183,Rizia/Turn 9/TalkWithAdarfo,Adarfo Sotelato,en,「今やリジアの民にとって、彼らの前に立ちはだかる障害が、陛下が大切にしているこの制度であり、陛下が身につけているその王冠であることはっきりしました。」
0x010000B800002A27,445,187,Rizia/Turn 9/TalkWithAdarfo,Adarfo Sotelato,en,「自分の貴族たちと妥協できると思っていたサゾン氏はどうなったのですか？彼の中途半端な対応や穏健な考え方では、彼を救うことはできませんでした。」
0x010000B800002A2E,445,188,Rizia/Turn 9/TalkWithAdarfo,Adarfo Sotelato,en,「もし平和的に王位を譲る気がおありでしたら、国の流れに飲み込まれることなく、この国の未来を形作る手助けをすることも可能です。」
0x010000B800002A3C,445,189,Rizia/Turn 9/TalkWithAdarfo,Player_Romus,en,「革命が自由を約束したときに何が起こるか、我々はすでに見てきた。そんなものは廃墟しか残さない。」
0x010000B800002A4A,445,190,Rizia/Turn 9/TalkWithAdarfo,Player_Romus,en,「続ける前に、どうぞ座ってくれ。我々は二人ともリジアの未来について話し合うためにここにいるのだ。」
0x010000B800002A52,445,191,Rizia/Turn 9/TalkWithAdarfo,Player_Romus,en,「本当か？私にはかなり良く見えるが。」
0x010000B800002A59,445,192,Rizia/Turn 9/TalkWithAdarfo,Adarfo Sotelato,en,「今度は民衆の苦しみを嘲笑っているのですね。」
0x010000B800002A60,445,193,Rizia/Turn 9/TalkWithAdarfo,Adarfo Sotelato,en,「健康で十分な食事を与えられて遊ぶ子供たちのいる広々とした野原。労働者自身が所有し運営する工場。もはや家賃の支払いに苦労しなくて済むアパート群です。」
0x010000B800002A67,445,194,Rizia/Turn 9/TalkWithAdarfo,Adarfo Sotelato,en,「この国の体制は既に廃墟同然です。不平等と貪欲という重荷によって、ますます崩壊しつつあります。」
0x010000B800002A6E,445,195,Rizia/Turn 9/TalkWithAdarfo,Narrator,en,一瞬、彼は明らかに動揺しているようだったが、すぐに深呼吸をして話を続けた。
0x010000B800002A78,445,196,Rizia/Turn 9/TalkWithAdarfo,Player_Romus,en,「誰も見えない。そして、これからは二度とあなたの姿を見る者もいないだろう。衛兵よ！」
0x010000B800002A7F,445,197,Rizia/Turn 9/TalkWithAdarfo,Player_Romus,en,「私にはその両方が見える。信念を持った男であり、同時にこの国の秩序にとっての脅威でもあるのだ。」
0x010000B800002A86,445,198,Rizia/Turn 9/TalkWithAdarfo,Player_Romus,en,「私は自分の信念を貫く男がいるのを見ている。おそらく彼がそれを信じるのは正しいのだろう。」
0x010000B800002A8D,445,199,Rizia/Turn 9/TalkWithAdarfo,Adarfo Sotelato,en,「今この瞬間も何千人もの人々がこの大義のために行進しております。もはや君主制を改革することは不可能だと彼らが悟ったからです。それは廃止されなければならないのです。」
0x010000B800002A95,445,200,Rizia/Turn 9/TalkWithAdarfo,Player_Romus,en,「私は、自分の権力掌握のために騒乱を扇動している男がいるのを見ている。」
0x010000B800002A9C,445,201,Rizia/Turn 9/TalkWithAdarfo,Adarfo Sotelato,en,「この国にとっての脅威とは、全ての権力を握ったごく少数の者たちであり、陛下もその中に含まれます。」
0x010000B800002AA4,445,202,Rizia/Turn 9/TalkWithAdarfo,Adarfo Sotelato,en,「陛下、あなた様は常に上からの指示に慣れ親しんできたため、人々が自ら組織を作り上げることを理解できないのです。」
0x010000B800002AB2,445,203,Rizia/Turn 9/TalkWithAdarfo,Player_Romus,en,「アダルフォ、何か悩み事があるようだね。自分が置かれた状況を過小評価していないことを願っている。」
0x010000B800002AB9,445,204,Rizia/Turn 9/TalkWithAdarfo,Player_Romus,en,「どうしたのか？言葉に詰まったのか？革命を語るのは簡単だが、実際の権力と向き合うと、もはや詩的なものではいられないものだよね？」
0x010000B800002AC0,445,205,Rizia/Turn 9/TalkWithAdarfo,Player_Romus,en,「……だが、今はそんなことになってほしくないのだよね？」
0x010000B800002AC7,445,206,Rizia/Turn 9/TalkWithAdarfo,Player_Romus_Italic,en,私は黙ったまま、彼が返事をするのを待っていた。
0x010000B800002AC7,445,206,Rizia/Turn 9/TalkWithAdarfo,Player_Romus_Italic,Menu Text en,彼の返答を待つ
0x010000B800002ACF,445,207,Rizia/Turn 9/TalkWithAdarfo,Adarfo Sotelato,en,「陛下、『王権による正義』だけで民を従わせられるとお考えかもしれませんが、彼らはもはや恐怖に屈する段階を過ぎているのです。」
0x010000B800002AD6,445,208,Rizia/Turn 9/TalkWithAdarfo,Adarfo Sotelato,en,「いえ、そうではありません。ですが陛下、あなたや私の望みだけで物事を判断してはいけないのです。」
0x010000B800002ADD,445,209,Rizia/Turn 9/TalkWithAdarfo,Adarfo Sotelato,en,「今は陛下が脅しを口にする時ではないと存じます。」
0x010000B800002AEC,445,210,Rizia/Turn 9/TalkWithAdarfo,Adarfo Sotelato,en,「私が恐れていると思うのか？民は恐怖を知らず、私も同じだ。心配すべきなのは陛下ではない。」
0x010000B800002AFB,445,214,Rizia/Turn 9/TalkWithAdarfo,Adarfo Sotelato,en,「サゾン氏によれば、陛下はその案を受け入れられるかもしれないとのことです。私は当初疑っていましたが、自分の目で確かめに来たのです。」
0x010000B800002B02,445,215,Rizia/Turn 9/TalkWithAdarfo,Adarfo Sotelato,en,「陛下、そのようなことをしていただけますでしょうか？」
0x010000740000F97A,445,216,Rizia/Turn 9/TalkWithAdarfo,Adarfo Sotelato,en,「私は言葉を和らげることで彼らの信頼を裏切りません。共に協力することも、対立することもできます。行うべきことの真実を決して妥協しません。」
0x010000740000F986,445,217,Rizia/Turn 9/TalkWithAdarfo,Player_Romus,en,「ソテラートさん、あなたの態度は気に入らない。言葉には十分気をつけるよう忠告する。」
0x010000740000F992,445,218,Rizia/Turn 9/TalkWithAdarfo,Adarfo Sotelato,en,「陛下、なぜ私がこのような態度を取っているのかご考察いただきたく存じます。私は取り入ったり政治遊びをしたりするためにここにいるのではありません。民衆が変化を求めているからこそ、ここにいるのです。」
0x010000B800002B18,445,219,Rizia/Turn 9/TalkWithAdarfo,Player_Romus,en,「まあ、そんなことはない。リジアは依然として南メルコパで最も裕福な国の一つだ。」
0x010000B800002B31,445,226,Rizia/Turn 9/TalkWithAdarfo,Player_Romus,en,「誰が苦しんでいるというのか？リジアでは誰も苦しんでいない。」
0x010000B800002B3B,445,227,Rizia/Turn 9/TalkWithAdarfo,Player_Romus,en,「我が国民は、東部メルコパ全体で最も優れた生活水準を享受している。」
0x010000B800002B42,445,228,Rizia/Turn 9/TalkWithAdarfo,Player_Romus,en,「言葉には気をつけるように。リジアの生活水準は依然として世界のほとんどの地域よりも高いのだ。」
0x010000B800002B4F,445,232,Rizia/Turn 9/TalkWithAdarfo,Player_Romus,en,「何をおっしゃっているのか？リジアには労働者の権利を守るための厳格な制度がある。」
0x010000B800002B56,445,233,Rizia/Turn 9/TalkWithAdarfo,Player_Romus,en,「ソテラートさん、私とあなたは同じことを望んでいる。少し時間を取って落ち着くことをお勧めする。」
0x010000B800002B64,445,234,Rizia/Turn 9/TalkWithAdarfo,Player_Romus,en,「実は、とても簡単なことだ...」
0x010000B800002B6B,445,235,Rizia/Turn 9/TalkWithAdarfo,Narrator,en,彼は私が続けるのを待っていた。
0x010000B800002B72,445,236,Rizia/Turn 9/TalkWithAdarfo,Player_Romus,en,「私はあなたと共に働きたい。君主制の終わりが近づいている。もし民衆が王権を信じなくなれば、そこに残るものは何だ？」
0x010000B800002B79,445,237,Rizia/Turn 9/TalkWithAdarfo,Player_Romus,en,「街中で災害が起きるのを防ぎたいのだ。だから、私の話に耳を傾けてほしいのだ。」
0x010000B800002B80,445,238,Rizia/Turn 9/TalkWithAdarfo,Adarfo Sotelato,en,「いえ、陛下。民の声に耳を傾けるべきなのは陛下の方です。」
0x010000B800002B88,445,239,Rizia/Turn 9/TalkWithAdarfo,Player_Romus,en,「アダルフォ・ソテラート、あなたは問題児だ。王国の厳正な裁きを受け入れるしかないだろう。」
0x010000B800002B95,445,241,Rizia/Turn 9/TalkWithAdarfo,Player_Romus,en,「衛兵たち！」
0x010000B800002B9C,445,242,Rizia/Turn 9/TalkWithAdarfo,Narrator,en,ドアがあまりにも素早く開き、ほとんど蝶番から外れそうになった。大きな騒ぎ声と共に、ティトゥスとその部下たちが駆け込んできて、その革命家を取り囲んだ。
0x010000B800002BA4,445,243,Rizia/Turn 9/TalkWithAdarfo,Player_Romus,en,「私としては退位する気にもなれるが、君主制を廃止するのはあまりに過激すぎるように思える。」
0x010000B800002BAB,445,244,Rizia/Turn 9/TalkWithAdarfo,Player_Romus,en,「単に退位するだけという簡単な話ではない。後継者を指名せずに譲位すれば、他の諸家が王位を奪おうとするだろう。あなたもそれは分かっているはずだ。」
0x010000B800002BB2,445,245,Rizia/Turn 9/TalkWithAdarfo,Player_Romus,en,「もし私がこれを行うのであれば、必ず計画がなければならない。権力の空白を混沌が埋めることは許されない。」
0x010000B800002BB9,445,246,Rizia/Turn 9/TalkWithAdarfo,Player_Romus,en,「私は長く統治してきたが、変革の波がもはや抵抗できないほど強くなった時期をよく理解している。あなた方の運動に権力を譲るつもりだが、その前にまずあなた方の信頼を得なければならない。」
0x010000B800002BC0,445,247,Rizia/Turn 9/TalkWithAdarfo,Adarfo Sotelato,en,「陛下、ご自身でおっしゃいましたよね。君主制の時代はもう終わったのです。民衆は陛下の後継者など決して受け入れません。」
0x010000B800002BC7,445,248,Rizia/Turn 9/TalkWithAdarfo,Adarfo Sotelato,en,「君主制は廃止されなければなりません。」
0x010000B800002BCE,445,249,Rizia/Turn 9/TalkWithAdarfo,Player_Romus,en,「もし私がそうするとしよう。では、どのようにして君主制を廃止されるおつもりか？」
0x010000B800002BD5,445,250,Rizia/Turn 9/TalkWithAdarfo,Adarfo Sotelato,en,「もちろん、そんなに簡単なことではありません。」
0x010000B800002BDC,445,251,Rizia/Turn 9/TalkWithAdarfo,Adarfo Sotelato,en,「もちろんです。」
0x010000B800002BE8,445,252,Rizia/Turn 9/TalkWithAdarfo,Player_Romus,en,「ですが、もういいだろう。我々の会談は終わった。」
0x010000B800002BEF,445,253,Rizia/Turn 9/TalkWithAdarfo,Player_Romus,en,「この会議は終わった。」
0x010000B800002BF5,445,254,Rizia/Turn 9/TalkWithAdarfo,Adarfo Sotelato,en,「貴族たちは争わずして権力の座を手放すことはありません。この移行期が王位争奪戦に発展しないようにしなければなりません。」
0x010000B8000059EC,445,264,Rizia/Turn 9/TalkWithAdarfo,Adarfo Sotelato,en,「マヌス・サゾンと一緒に私を牢屋に入れても構いません。それでますます事態は悪化するだけです。」
0x010000B8000059F3,445,265,Rizia/Turn 9/TalkWithAdarfo,Adarfo Sotelato,en,「マヌス・サゾンの時と同じように、私を死なせるつもりなら遠慮なくそうしてください。それであなたはただ事態を悪化させるだけです。」
0x010000B800005A01,445,269,Rizia/Turn 9/TalkWithAdarfo,Adarfo Sotelato,en,「マヌス・サゾンのように私を戦場に送り込むがいい。それはかえって事態を悪化させるだけです。」
0x010000B800005A08,445,270,Rizia/Turn 9/TalkWithAdarfo,Adarfo Sotelato,en,「マヌス・サゾンはその大義を見捨てたかもしれないが、私はそうしない。私は貴族や紳士の息子ではないのだ。」
0x010000B800005A30,445,278,Rizia/Turn 9/TalkWithAdarfo,Adarfo Sotelato,en,「今では彼は刑務所で苦しんでいます。ただ人々の権利を訴えたからに過ぎません。」
0x010000B800005A36,445,279,Rizia/Turn 9/TalkWithAdarfo,Adarfo Sotelato,en,「陛下、あの方は民衆の権利を擁護したがゆえに、陛下が仕掛けた不当な戦争で命を落とす運命に追いやられました。」
0x010000B800005A42,445,280,Rizia/Turn 9/TalkWithAdarfo,Adarfo Sotelato,en,「陛下、あの方を消し去ったのは、民衆の権利を擁護したからでございます。」
0x010000B800005A65,445,282,Rizia/Turn 9/TalkWithAdarfo,Adarfo Sotelato,en,「陛下、もはや貴族たちを守るのはやめていただかねばなりません。」
0x010000B800005A73,445,284,Rizia/Turn 9/TalkWithAdarfo,Player_Romus,en,「わかった。もうあなた方の口論はやめてくれ。」
0x010000B800005A7A,445,285,Rizia/Turn 9/TalkWithAdarfo,Player_Romus,en,「もう脅しはやめよ。衛兵たち！」
0x010000B800005A81,445,286,Rizia/Turn 9/TalkWithAdarfo,Player_Romus,en,「ご覧ください。私は抗議者たちと平和を築きたいのだ。それを手伝ってもらえるか、できないか？」
0x010000B800005A88,445,287,Rizia/Turn 9/TalkWithAdarfo,Player_Romus,en,「私も不安定な状況を見過ごしてはおらない。しかし、君主制を廃止することが解決策ではない。」
0x010000B800005A9A,445,288,Rizia/Turn 9/TalkWithAdarfo,Adarfo Sotelato,en,「私が先ほどお伝えした通り、抗議者たちと平和を築くには退き、彼らが君主制を廃止するのを助けるしかありません。」
0x010000B800005AA3,445,289,Rizia/Turn 9/TalkWithAdarfo,Player_Romus,en,「私は改革について話し合う用意がある。あなた方の大義を支持する娘に王位を譲ることさえ検討できる。必ずや折衷案を見出すことができるだろう。」
0x010000B800005AB9,445,297,Rizia/Turn 9/TalkWithAdarfo,Adarfo Sotelato,en,「それはもう手遅れであるように思えます。」
0x010000B800005AC2,445,298,Rizia/Turn 9/TalkWithAdarfo,Adarfo Sotelato,en,「陛下、国を改革するための時間も手段もございましたが、それを行わないことを選ばれました。」
0x010000B800005ACA,445,299,Rizia/Turn 9/TalkWithAdarfo,Adarfo Sotelato,en,「陛下、あなたの考える『改革』とは代議院を廃止することでした。そうなってしまった以上、どうやって折り合いをつければよいのでしょうか？」
0x010000B800005D4E,445,301,Rizia/Turn 9/TalkWithAdarfo,Adarfo Sotelato,en,「では、私から退出いたします。」
0x010000B800005D55,445,302,Rizia/Turn 9/TalkWithAdarfo,Player_Romus,en,「マヌス・サゾンは自分の国のために戦うことを選んだのだ。」
0x010000B800005D5D,445,303,Rizia/Turn 9/TalkWithAdarfo,Adarfo Sotelato,en,「まあ、そんなことはありません。」
0x010000B800005D65,445,304,Rizia/Turn 9/TalkWithAdarfo,Player_Romus,en,「おそらくあなたの言う通りだろう。君主制の時代はもう過ぎ去ったのかもしれない。民が王冠を信じなくなるのであれば、それに何の意味が残るというのか？」
0x010000B800005D6C,445,305,Rizia/Turn 9/TalkWithAdarfo,Player_Romus,en,「おそらくそのようにいたしよう。もはや君主制の時代は終わったのかもしれない。」
0x010000B800005D7D,445,308,Rizia/Turn 9/TalkWithAdarfo,Player_Romus,en,「私は現状を理解しており、協力の可能性についても開かれた心構えでいる。」
0x010000B800005D89,445,310,Rizia/Turn 9/TalkWithAdarfo,Player_Romus,en,「あなたがそう信じさせたからこそ、彼らもそれを信じているのだ。だが、あなたには長く彼らを支配する力はない。」
0x010000B800005D90,445,311,Rizia/Turn 9/TalkWithAdarfo,Player_Romus,en,「我々は何の進展も見られない。」
0x010000B800005D97,445,312,Rizia/Turn 9/TalkWithAdarfo,Player_Romus,en,「君主制の時代は過ぎ去ったかもしれないが、私は権力の鍵を一群の革命家たちに渡すつもりはない。」
0x010000B800005DB5,445,313,Rizia/Turn 9/TalkWithAdarfo,Adarfo Sotelato,en,「ですから、国民は新たに設立される議会、すなわち過渡政府を通じてこの移行プロセスを掌握し、王家がリジアに対して持つ影響力を奪い去る必要があるのです。」
0x010000B800005DBB,445,314,Rizia/Turn 9/TalkWithAdarfo,Adarfo Sotelato,en,「今日の代議院とは異なり、この『人民集会』とでも呼ぶべきものは、労働者階級や一般市民のみで構成されなければなりません。」
0x010000B800005DC3,445,315,Rizia/Turn 9/TalkWithAdarfo,Adarfo Sotelato,en,「陛下、もし私がこの運動と国のためのそのビジョンを支持すれば、円滑な移行が実現可能になります。」
0x010000B800005DCC,445,316,Rizia/Turn 9/TalkWithAdarfo,Player_Romus,en,「では、この『刷新された』議会はどのような姿になるのだろうか？」
0x010000B800005DDB,445,317,Rizia/Turn 9/TalkWithAdarfo,Adarfo Sotelato,en,「この過渡政権の基盤として、彼らには新しい憲法の起草が任務として与えられます。土地や富、権力の再分配を保障するような憲法です。」
0x010000B800005DE2,445,318,Rizia/Turn 9/TalkWithAdarfo,Player_Romus,en,「貴方の言う通り、貴族たちは影響力を失うだろう。では政治的にも実質的にも、どのようにして彼らの武装を解くつもりか？」
0x010000B800005DE9,445,319,Rizia/Turn 9/TalkWithAdarfo,Adarfo Sotelato,en,「過渡政府による法的改革を通じて、彼らの政治的権力は解体されるでしょう。」
0x010000B800005DF0,445,320,Rizia/Turn 9/TalkWithAdarfo,Adarfo Sotelato,en,「すべての貴族家はその爵位や影響力を奪われます。彼らの広大な領地も国有化され、国民のために使われることになります。彼らはもはや特権も持たず、土地や資源に対する支配権もありません。」
0x010000B800005DF7,445,321,Rizia/Turn 9/TalkWithAdarfo,Adarfo Sotelato,en,「彼らの地方軍や警察力は直ちに解体されます。もちろん、これを監督するために我々自身の治安部隊を編成する必要があります。」
0x010000B800005DFE,445,322,Rizia/Turn 9/TalkWithAdarfo,Player_Romus,en,「これにおいて、あなたは私にどのような役割を果たしてほしいと考えているのか？」
0x010000B800005E04,445,323,Rizia/Turn 9/TalkWithAdarfo,Adarfo Sotelato,en,「陛下、時が来たときには君主制であってもそれを理解していることを民衆に示さなければなりません。」
0x010000B800005E0B,445,324,Rizia/Turn 9/TalkWithAdarfo,Adarfo Sotelato,en,「陛下、新政府へのご支持は流血や混乱を防ぐ上で極めて重要です。それにより、世界中の今後の革命にとって模範となることでしょう。」
0x010000B800005E12,445,325,Rizia/Turn 9/TalkWithAdarfo,Player_Romus,en,「もし移行を始める前に、貴族たちの中に自分たちの力を結集しようとする者がいたらどうなる？」
0x010000B800005E18,445,326,Rizia/Turn 9/TalkWithAdarfo,Adarfo Sotelato,en,「そのような危険に対しては既に準備が整っております。革命運動はすでに多くの労働者団体や地元の民兵組織の支援を得ています。」
0x010000B800005E1F,445,327,Rizia/Turn 9/TalkWithAdarfo,Adarfo Sotelato,en,「しかし安定した政権移行を実現するためには、彼らより先に手を打つ必要があります。」
0x010000B800005E26,445,328,Rizia/Turn 9/TalkWithAdarfo,Player_Romus,en,「王家たちは、あなたの改革が実施されるのを決して待ってはくれない。新しい政府を樹立する前に、彼らは先手を打ってくるだろう。」
0x010000B800005E2C,445,329,Rizia/Turn 9/TalkWithAdarfo,Player_Romus,en,「もう十分聞いた。」
0x010000B800005E6A,445,346,Rizia/Turn 9/TalkWithAdarfo,Adarfo Sotelato,en,「それで？」
0x010000B800005E72,445,347,Rizia/Turn 9/TalkWithAdarfo,Player_Romus,en,「これは私にとってあまりに過激すぎる。」
0x010000B800005E82,445,349,Rizia/Turn 9/TalkWithAdarfo,Adarfo Sotelato,en,「では、我々が先に彼らを攻撃しなければなりません。」
0x010000B800005E8A,445,350,Rizia/Turn 9/TalkWithAdarfo,Player_Romus,en,「おっしゃる意味は理解した……続けてくれ。」
0x010000B800005E92,445,351,Rizia/Turn 9/TalkWithAdarfo,Player_Romus,en,「その件で私にどのようにご助力いただきたいのか？」
0x010000B800005EA2,445,353,Rizia/Turn 9/TalkWithAdarfo,Player_Romus,en,「申し訳ないが、そのような行為を許してはおけない。」
0x010000B800005EA9,445,354,Rizia/Turn 9/TalkWithAdarfo,Player_Romus,en,「あなたの提案はあまりにも過激だ。」
0x010000B800005EB0,445,355,Rizia/Turn 9/TalkWithAdarfo,Adarfo Sotelato,en,「これこそがこの国に必要なものです。」
0x010000B800005EB7,445,356,Rizia/Turn 9/TalkWithAdarfo,Player_Romus,en,「それについては、あまり確信が持てません。」
0x010000B800005EBF,445,357,Rizia/Turn 9/TalkWithAdarfo,Player_Romus,en,「この国に必要なのは、あなたのような扇動者を減らすことだ。衛兵たち！」
0x010000B800005ECD,445,359,Rizia/Turn 9/TalkWithAdarfo,Adarfo Sotelato,en,「陛下、ご自身の民を見捨てないでください。」
0x010000B800005ED4,445,360,Rizia/Turn 9/TalkWithAdarfo,Adarfo Sotelato,en,「陛下、お待ちください。流血なしにこの問題を解決する方法があります。」
0x010000B800005EDB,445,361,Rizia/Turn 9/TalkWithAdarfo,Player_Romus,en,「あなたの言葉は正反対の意味に聞こえる。」
0x010000B800005EE1,445,362,Rizia/Turn 9/TalkWithAdarfo,Player_Romus,en,「どのようにしてですか？」
0x010000B800005EEB,445,363,Rizia/Turn 9/TalkWithAdarfo,Player_Romus,en,「あなたは今、統治政府に対する陰謀を認めたばかりだ。衛兵たち！」
0x010000B800005EF8,445,365,Rizia/Turn 9/TalkWithAdarfo,Player_Romus,en,「申し訳ない。あなた方が私にこれを強いたのだ。この会議は終わりだ。」
0x010000B800005EFF,445,366,Rizia/Turn 9/TalkWithAdarfo,Player_Romus,en,「もう十分だ、ソテラート。私はこれに関わりたくない。」
0x010000B800005F06,445,367,Rizia/Turn 9/TalkWithAdarfo,Player_Romus,en,「あなたは私に一体何をしてほしいのか？」
0x010000B800005F0D,445,368,Rizia/Turn 9/TalkWithAdarfo,Adarfo Sotelato,en,「陛下、ポルテ・ドラゾンで全貴族家の指導者たちが集まり、貝アトリス女王に敬意を表する会合が開催されることは存じております。」
0x010000B800005F18,445,369,Rizia/Turn 9/TalkWithAdarfo,Adarfo Sotelato,en,「陛下、安全保障の状況について貴族たちにご安心いただき、予定通りに会合を進めていただくようお願い申し上げます。」
0x010000B800005F1F,445,370,Rizia/Turn 9/TalkWithAdarfo,Adarfo Sotelato,en,「残りのことは私の軍が対処いたします。」
0x010000B800005F26,445,371,Rizia/Turn 9/TalkWithAdarfo,Adarfo Sotelato,en,「ええ……その通りです。王太后には申し訳ありませんが、リジアの高位貴族全員が一度に集うことなど滅多にありませんから。」
0x010000B800005F2C,445,372,Rizia/Turn 9/TalkWithAdarfo,Player_Romus,en,「この集まりには私が愛する者たち全員が出席する。あなたも彼らを攻撃するつもりか？」
0x010000B800005F33,445,373,Rizia/Turn 9/TalkWithAdarfo,Player_Romus,en,「あなたは、私が母の誕生日を利用してリジア人の貴族全員を裏切るように言っているのか？」
0x010000B800005F3A,445,374,Rizia/Turn 9/TalkWithAdarfo,Player_Romus,en,「もし彼らが抵抗したらどうなるか？すべての貴族家の当主を逮捕するつもりか？その後はどうなるのだろうか？」
0x010000B800005F41,445,375,Rizia/Turn 9/TalkWithAdarfo,Player_Romus,en,「近衛兵をどうやって通過するつもりか？彼らが簡単に扉を開けてくれるとお考えか？」
0x010000B800005F5B,445,385,Rizia/Turn 9/TalkWithAdarfo,Player_Romus,en,「ふむ、その案は気に入った。」
0x010000B800005F6B,445,387,Rizia/Turn 9/TalkWithAdarfo,Player_Romus,en,「それは実現しないよ、アダルフォ。」
0x010000B800005F7B,445,391,Rizia/Turn 9/TalkWithAdarfo,Adarfo Sotelato,en,「我々には稀有な機会が与えられました。これを逃せば愚か者というものです。」
0x010000B800005F89,445,392,Rizia/Turn 9/TalkWithAdarfo,Player_Romus,en,「もう十分聞いた。」
0x010000B800005F90,445,393,Rizia/Turn 9/TalkWithAdarfo,Narrator,en,彼は期待に満ちた眼差しで私を見つめた。
0x010000B800005F98,445,394,Rizia/Turn 9/TalkWithAdarfo,Player_Romus,en,「この会議は終わった。」
0x010000B800005FAA,445,395,Rizia/Turn 9/TalkWithAdarfo,Adarfo Sotelato,en,「それは光栄です。続ける前に何か質問はございますか？」
0x010000B800005FB2,445,396,Rizia/Turn 9/TalkWithAdarfo,Player_Romus,en,「いや、その計画の内容は理解している。」
0x010000B800005FBD,445,398,Rizia/Turn 9/TalkWithAdarfo,Adarfo Sotelato,en,「もし彼らの中に抵抗する者がいれば、制圧されるだけです。しかし重要なのは、彼らの力がもはや存在しないことを明確にすることです。」
0x010000B800005FC4,445,399,Rizia/Turn 9/TalkWithAdarfo,Adarfo Sotelato,en,「彼らには選択肢が与えられます。平和的に地位を放棄し新政府を支持するか、あるいは自分たちの罪に対して裁判にかけられるかのどちらかです。」
0x010000B800005FD1,445,400,Rizia/Turn 9/TalkWithAdarfo,Adarfo Sotelato,en,「陛下、もし我々が王立図書館内に民衆を案内するのをお助けいただければ、迅速かつ暴力的な手段を用いることなくこの計画を実行できます。」
0x010000B800005FD7,445,401,Rizia/Turn 9/TalkWithAdarfo,Adarfo Sotelato,en,「我々の革命派がその建物を包囲し、ポルテ・ドラゾン全域の要所には追加部隊が配備されます。」
0x010000B800005FDE,445,402,Rizia/Turn 9/TalkWithAdarfo,Adarfo Sotelato,en,「陛下、このような攻撃を実行する能力が我々にあると聞けば驚かれるかもしれません。ですがもちろん、陛下のご支援なく単独で行動すれば激しい衝突の危険があります...」
0x010000B800005FE5,445,403,Rizia/Turn 9/TalkWithAdarfo,Adarfo Sotelato,en,「近衛兵は王室に忠実です。たとえ陛下が命じたとしても、彼らが引き下がるとは限りません。しかし彼らの警備計画を知っていれば、あまり抵抗されることなく建物内に入ることができます。」
0x010000B800006003,445,407,Rizia/Turn 9/TalkWithAdarfo,Player_Romus,en,「あなたの攻撃が計画通りに進むよう、私にできることは何か？」
0x010000B80000600C,445,408,Rizia/Turn 9/TalkWithAdarfo,Adarfo Sotelato,en,「陛下、我々をお助けいただけますでしょうか？」
0x010000B800006013,445,409,Rizia/Turn 9/TalkWithAdarfo,Player_Romus,en,「私には期待して構わないが、近衛兵の力を過小評価している。ティトゥスとその部下たちが皆さんを一人残らず殺すのを止めることはできないだろう。」
0x010000B80000601A,445,410,Rizia/Turn 9/TalkWithAdarfo,Player_Romus,en,「私にできることを見てみよう。」
0x010000B800006028,445,411,Rizia/Turn 9/TalkWithAdarfo,Player_Romus,en,「いや、残念ながらそれは難しいだろう。我々の間に協力関係は生まれないだろう。」
0x010000B800006035,445,412,Rizia/Turn 9/TalkWithAdarfo,Narrator,en,彼はしぶしぶ私を見た。
0x010000B80000603D,445,413,Rizia/Turn 9/TalkWithAdarfo,Narrator,en,彼は片方の眉を上げた。
0x010000B800006044,445,414,Rizia/Turn 9/TalkWithAdarfo,Adarfo Sotelato,en,「陛下、どのようなお言葉でしょうか？」
0x010000B80000604C,445,415,Rizia/Turn 9/TalkWithAdarfo,Player_Romus,en,「私の言うことは聞いたな。この会議は終わりだ。」
0x010000B800006053,445,416,Rizia/Turn 9/TalkWithAdarfo,Player_Romus,en,「恐れ入るが、我々の間に協力関係は成立しないだろう。あなたは度を越して無理をなさったのだ。」
0x010000B80000605A,445,417,Rizia/Turn 9/TalkWithAdarfo,Player_Romus,en,「すぐにこちらを去ってくれ。」
0x010000B800006061,445,418,Rizia/Turn 9/TalkWithAdarfo,Player_Romus,en,「アダルフォ、私が言いたいのは、これほどのことがあった後ではお前をただ放っておくわけにはいかないということだ。」
0x010000B800006071,445,421,Rizia/Turn 9/TalkWithAdarfo,Adarfo Sotelato,en,「陛下、どうか我々と協力してください。」
0x010000B800006077,445,422,Rizia/Turn 9/TalkWithAdarfo,Narrator,en,アダルフォ・ソテラートは深くため息をついた。
0x010000B800006080,445,423,Rizia/Turn 9/TalkWithAdarfo,Adarfo Sotelato,en,「できるうちに英雄でいてください。」
0x010000B800006087,445,424,Rizia/Turn 9/TalkWithAdarfo,Player_Romus,en,「もう十分だ。この会議は終わりだ。」
0x010000B800006095,445,426,Rizia/Turn 9/TalkWithAdarfo,Adarfo Sotelato,en,「そのような話は不要です。」
0x010000B8000060A0,445,427,Rizia/Turn 9/TalkWithAdarfo,Player_Romus,en,「いや、そうではない。」
0x010000B8000060A8,445,428,Rizia/Turn 9/TalkWithAdarfo,Player_Romus,en,「おっしゃる通りかもしれない……君主制の時代はもう終わったのだろう。」
0x010000B8000060B3,445,430,Rizia/Turn 9/TalkWithAdarfo,Adarfo Sotelato,en,「もしそれが見えるのであれば……」
0x010000B8000060BB,445,431,Rizia/Turn 9/TalkWithAdarfo,Player_Romus,en,「それよりも、あなたを牢屋に送ってやろう。衛兵たち！」
0x010000B8000060C5,445,432,Rizia/Turn 9/TalkWithAdarfo,Player_Romus,en,「あなたが牢屋に入っている限り、あなたの革命は決して成功しない。衛兵たち！」
0x010000B8000060CD,445,433,Rizia/Turn 9/TalkWithAdarfo,Player_Romus,en,「わかった。もうあなた方の口論はやめてくれ。」
0x010000B8000060D6,445,434,Rizia/Turn 9/TalkWithAdarfo,Narrator,en,彼は微笑んだ。
0x010000B8000060DD,445,435,Rizia/Turn 9/TalkWithAdarfo,Adarfo Sotelato,en,「陛下、そのようなことをしていただく必要はございません。我々が知るべきは、いつ、どこにご守衛の方々がいらっしゃるかというだけです。」
0x010000B8000060E4,445,436,Rizia/Turn 9/TalkWithAdarfo,Adarfo Sotelato,en,「陛下、警備計画や図書館の間取りを我々に見せていただければ、大変助かります。」
0x010000B8000060F1,445,437,Rizia/Turn 9/TalkWithAdarfo,Adarfo Sotelato,en,「えっ！？」
0x010000B8000060F9,445,438,Rizia/Turn 9/TalkWithAdarfo,Player_Romus,en,「いや、そんなことはない。今日おっしゃったような毒々しい言葉の後では断じてあり得ない。」
0x010000B8000060FF,445,439,Rizia/Turn 9/TalkWithAdarfo,Player_Romus,en,「アダルフォ、残念だがあなたはどこにも行けない。そもそもここに現れたのが間違いだった。」
0x010000B800006105,445,440,Rizia/Turn 9/TalkWithAdarfo,Player_Romus,en,「ともかく、あなたと話せて良かっただ。」
0x010000B80000610B,445,441,Rizia/Turn 9/TalkWithAdarfo,Player_Romus,en,「アダルフォ、外では十分気をつけてくれ。私が見守っている。」
0x010000B800006925,445,442,Rizia/Turn 9/TalkWithAdarfo,Adarfo Sotelato,en,「入口やその他の要所に配置されている衛兵たちが最も懸念すべき存在です。彼らの位置を把握できれば、迅速に交代させることができます。」
0x010000B800006933,445,443,Rizia/Turn 9/TalkWithAdarfo,Adarfo Sotelato,en,「もう一つの方法として、陛下、我々が工作員をイベントスタッフの中に潜入させるのを手伝っていただくことも可能です。必要であればウェイターやアテンダント、ケータリングスタッフに変装してです。その時が来れば、彼らは既にその場所にいることになります。」
0x010000B800006948,445,444,Rizia/Turn 9/TalkWithAdarfo,Player_Romus,en,「いや、それはあまりに複雑すぎる。私はティトゥスからセキュリティ計画の写しを頼んで、あなたの手元に必ず届けさせる。」
0x010000B80000694E,445,445,Rizia/Turn 9/TalkWithAdarfo,Player_Romus,en,「私が職員としてあなた方を中に入れられるよう努める。すべて私に任せてくれ。」
0x010000B800006954,445,446,Rizia/Turn 9/TalkWithAdarfo,Player_Romus,en,「あなたは私に全てを賭けるよう頼んでいるのだ。」
0x010000B80000696A,445,447,Rizia/Turn 9/TalkWithAdarfo,Adarfo Sotelato,en,「陛下、あなた様が反乱の炎を煽ることになります。」
0x010000B80000697C,445,450,Rizia/Turn 9/TalkWithAdarfo,Adarfo Sotelato,en,「なるほどです。」
0x010000B800006983,445,451,Rizia/Turn 9/TalkWithAdarfo,Adarfo Sotelato,en,「承知した。」
0x010000B800006997,445,454,Rizia/Turn 9/TalkWithAdarfo,Player_Romus,en,「ご無事でお過ごしくださいませ、陛下。」
0x010000B80000699E,445,455,Rizia/Turn 9/TalkWithAdarfo,Narrator,en,彼は何も言わずに振り返って去っていった。
0x010000B8000069A6,445,456,Rizia/Turn 9/TalkWithAdarfo,Adarfo Sotelato,en,「陛下、お時間をいただき、誠にありがとうございます。」
0x010000B8000069BA,445,459,Rizia/Turn 9/TalkWithAdarfo,Player_Romus,en,「いや、私が一度で完全にその炎を消し去る。」
0x010000B8000069C8,445,461,Rizia/Turn 9/TalkWithAdarfo,Player_Romus,en,「疑念を招かずにそんなことをするのは不可能だ。他に方法があるはずだ。」
0x010000B8000069D5,445,462,Rizia/Turn 9/TalkWithAdarfo,Adarfo Sotelato,en,「では、我々が持てる手段を使って攻撃を仕掛けましょう。」
0x010000B8000069DC,445,463,Rizia/Turn 9/TalkWithAdarfo,Adarfo Sotelato,en,「完璧です。」
0x010000B8000069E4,445,464,Rizia/Turn 9/TalkWithAdarfo,Adarfo Sotelato,en,「かしこまりました、陛下。私は陛下のご功績を認め、敬意を払います。」
0x010000B8000069EB,445,465,Rizia/Turn 9/TalkWithAdarfo,Adarfo Sotelato,en,「我々は共にこの国を変えていきましょう。」
0x010000B8000069F9,445,467,Rizia/Turn 9/TalkWithAdarfo,Player_Romus,en,「いや、それはあまりにも危険すぎる。残念だが、我々の協力について考えを変えた。」
0x010000B8000069FF,445,468,Rizia/Turn 9/TalkWithAdarfo,Adarfo Sotelato,en,「それは新たなリジアのためです。」
0x010000B800006A07,445,469,Rizia/Turn 9/TalkWithAdarfo,Player_Romus,en,「わかった、あなたを中に入れるためにできることはすべてやろう。だが、何も約束はできない。」
0x010000B800006A0D,445,470,Rizia/Turn 9/TalkWithAdarfo,Player_Romus,en,「もしこれがあなたの決断なら、私はあなたの邪魔をしない。」
0x010000B800006A1A,445,471,Rizia/Turn 9/TalkWithAdarfo,Adarfo Sotelato,en,「それで十分です。」
0x010000B800006A28,445,473,Rizia/Turn 9/TalkWithAdarfo,Player_Romus,en,「よろしい。あの暴徒どもにリジアの正義が持つ真の意味を示す口実が、ずっと欲しかったのだ。」
0x010000B800006A2F,445,474,Rizia/Turn 9/TalkWithAdarfo,Player_Romus,en,「アダルフォ、あなたは虚勢を張っているだけだ。この騒動をやめれば、私も慈悲を与えることを検討しよう。」
0x010000B800006A36,445,475,Rizia/Turn 9/TalkWithAdarfo,Adarfo Sotelato,en,「では、やってみなさい。全力を尽くしてごらんなさい。」
0x010000B800006A3E,445,476,Rizia/Turn 9/TalkWithAdarfo,Adarfo Sotelato,en,「そのようなことは起こらない。」
0x010000B800006A46,445,477,Rizia/Turn 9/TalkWithAdarfo,Player_Romus,en,「衛兵たちよ！すぐにこの男を逮捕しろ。」
0x010000B800006A4D,445,478,Rizia/Turn 9/TalkWithAdarfo,Player_Romus,en,「あなたのせいで、私には選択肢が残されていない。」
0x010000B800006A55,445,479,Rizia/Turn 9/TalkWithAdarfo,Adarfo Sotelato,en,「私を投獄しても革命を鎮めることはできません。陛下、ご自身の心の奥底ではそれをご存知なのです。」
0x010000B800006A5D,445,480,Rizia/Turn 9/TalkWithAdarfo,Player_Romus,en,「わかった。気が変わらないうちにすぐ立ち去ってくれ。」
0x010000B800006A6C,445,481,Rizia/Turn 9/TalkWithAdarfo,Adarfo Sotelato,en,「陛下、それは大変な間違いを犯しておられます。」
0x010000B800006A77,445,483,Rizia/Turn 9/TalkWithAdarfo,Player_Romus,en,「この男はリジア王国とその君主制に対して陰謀を企てている。私は彼を牢屋に入れておきたいのだ。」
0x010000B800006A7E,445,484,Rizia/Turn 9/TalkWithAdarfo,Player_Romus,en,「ソテラート氏はいかなる裁判にもかけられることはない。リジア王国に対する罪により処刑を待つため、監獄に送られるのだ。」
0x010000B800006A92,445,488,Rizia/Turn 9/TalkWithAdarfo,Player_Romus,en,「あなたが何か間違いを犯したかどうかなど全く気にしない。単にあなたの顔が気に入らないだけだ。」
0x010000B800006A99,445,489,Rizia/Turn 9/TalkWithAdarfo,Narrator,en,彼は抵抗もせず、返事もしなかった。衛兵たちが彼の手錠をかけて外へ連れ出していく間も、何もしなかったのだ。
0x010000B800006AA3,445,490,Rizia/Turn 9/TalkWithAdarfo,Narrator,en,私が彼が連れ去られるのを見ている間、私は彼の言葉のことを考えていた。
0x01000074000102EE,445,497,Rizia/Turn 9/TalkWithAdarfo,Player_Romus,en,「ありがとう、ティトゥス。私は方針を決めた。」
0x01000074000102F4,445,498,Rizia/Turn 9/TalkWithAdarfo,Narrator,en,彼は歩くのをやめた。我々が到着したのは、アダルフォ・ソテラートに待機するよう命じられていた部屋の扉の前だった。
0x01000074000102FA,445,499,Rizia/Turn 9/TalkWithAdarfo,Titus Gordion,en,「もちろんです。何をお考えでしたか？」
0x0100007400010306,445,500,Rizia/Turn 9/TalkWithAdarfo,Player_Romus,en,「画家に、王太后をその実際の姿のまま描くよう伝えてくれ。」
0x010000740001030C,445,501,Rizia/Turn 9/TalkWithAdarfo,Player_Romus,en,「私は、母上を一般民衆の守護者として描いた肖像画を欲しい。より共感を呼ぶものであればなお良い。」
0x0100007400010312,445,502,Rizia/Turn 9/TalkWithAdarfo,Player_Romus,en,「私はできるだけ厳かな様子を作り出すべきだ。トラス家の女当主にふさわしくな。塗料に本物の金を使えばどうだろう？」
0x0100007400010318,445,503,Rizia/Turn 9/TalkWithAdarfo,Player_Romus,en,「彼女は我が国の勝利をもたらした軍隊の精神を体現する、強さと勇気の象徴として描かれなければならない。」
0x010000740001031E,445,504,Rizia/Turn 9/TalkWithAdarfo,Player_Romus,en,「精神的で畏敬の念を抱かせるような方法こそが正しい道だ。それによってヴルヘック教徒たちを屈服させてみせたい。」
0x010000740001032A,445,505,Rizia/Turn 9/TalkWithAdarfo,Titus Gordion,en,「すぐにその指示を伝えます。間違いなく傑作となるでしょう。」
0x0100007400010364,445,513,Rizia/Turn 9/TalkWithAdarfo,Titus Gordion,en,「陛下、幸運をお祈り申し上げます。もし反乱者が問題を起こした場合に備え、私と部下たちはすぐ外で待機しております。」
0x0100007400010373,445,515,Rizia/Turn 9/TalkWithAdarfo,Player_Romus,en,「民衆がその肖像を見ることで、王室の強さと回復力を思い出すべきだ。」
0x0100007400010379,445,516,Rizia/Turn 9/TalkWithAdarfo,Player_Romus,en,「私は一般の民衆が心を動かされるようなものを望む。まるで彼女が王太后であるだけでなく、すべての人々の母であるかのように。」
0x010000740001037F,445,517,Rizia/Turn 9/TalkWithAdarfo,Player_Romus,en,「特別なものは必要ない。こちらは私の母のことだから。」
0x0100007400010385,445,518,Rizia/Turn 9/TalkWithAdarfo,Player_Romus,en,「彼女は聖なる存在と見なされるべきだ。我々の偉大なるヴルヘック教王国を生み出した母なのだ。」
0x010000740001038B,445,519,Rizia/Turn 9/TalkWithAdarfo,Player_Romus,en,「恐ろしい姿を描く必要がある。相手に恐怖心を与えつつ、同時に奮起させるようなものだ。」
0x0100007400010391,445,520,Rizia/Turn 9/TalkWithAdarfo,Titus Gordion,en,「そのような描写を受けることは、どのヴルヘック教徒の王族であっても光栄に思うでしょう。」
0x0100007400010397,445,521,Rizia/Turn 9/TalkWithAdarfo,Titus Gordion,en,「しかし、我々二人ともが知っているように、陛下のお母上はヴルヘック教徒ではありません。」
0x010000740001039D,445,522,Rizia/Turn 9/TalkWithAdarfo,Titus Gordion,en,「彼女は依然としてリジアの王太后です。相応の敬意を払うべきでしょう、陛下。」
0x01000074000103A3,445,523,Rizia/Turn 9/TalkWithAdarfo,Titus Gordion,en,「もちろん、エステラ様のことは陛下が最もよくご存知でいらっしゃいます。」
0x01000074000103A9,445,524,Rizia/Turn 9/TalkWithAdarfo,Titus Gordion,en,「私の知る限りでは、エステラ様は昔の平民出身という出自から既に距離を置いておられます。」
0x01000074000103AF,445,525,Rizia/Turn 9/TalkWithAdarfo,Titus Gordion,en,「そのような肖像画は大衆派には受け入れられるかもしれませんが、陛下の父上が王位を失いかけたスキャンダルを貴族たちに思い出させることでしょう。」
0x01000074000103B5,445,526,Rizia/Turn 9/TalkWithAdarfo,Titus Gordion,en,「はい、それならば彼女の遺志にもよく合致し、トラス家の統治を再確立することになりましょう。」
0x01000074000103BB,445,527,Rizia/Turn 9/TalkWithAdarfo,Titus Gordion,en,「陛下、あまりにも傲慢な態度を見せるのは慎むべきでしょう。視聴者には畏敬の念だけでなく、共感も抱いてほしいのですから。」
0x01000074000103C1,445,528,Rizia/Turn 9/TalkWithAdarfo,Titus Gordion,en,「陛下、その肖像画を通じて我が王国の力を強化するという考えは、私も気に入っております。」
0x01000074000103C7,445,529,Rizia/Turn 9/TalkWithAdarfo,Titus Gordion,en,「とはいえ、エステラ様がそこまで優れた戦士だとは想像しにくいのです、陛下。」
0x010000740001041F,445,551,Rizia/Turn 9/TalkWithAdarfo,Narrator,en,私はパラス・レズナの賑やかな廊下を歩き、アダルフォ・ソテラートに会うための会議室へ向かった。
0x010000740001042B,445,552,Rizia/Turn 9/TalkWithAdarfo,Narrator,en,その催しは、後に彼女の名を冠して改名されることになっていたポルテ・ドラゾンの大図書館で開催される予定だった。
0x0100007400010431,445,553,Rizia/Turn 9/TalkWithAdarfo,Narrator,en,私の母上の75歳の誕生日を祝う準備が盛んに行われており、その際にはリジアの全貴族家が集まることになっていた。
0x0100007400010437,445,554,Rizia/Turn 9/TalkWithAdarfo,Narrator,en,そのイベントまであと1ヶ月となり、図書館の改修もまだ全く終わっていないため、周囲の空気には緊張感が漂っていた。
0x0100007400010442,445,555,Rizia/Turn 9/TalkWithAdarfo,Narrator,en,突然、ティトゥスが私のもとに近づいてきた。
0x010000740001044E,445,557,Rizia/Turn 9/TalkWithAdarfo,Titus Gordion,en,「陛下……」
0x0100007400010455,445,558,Rizia/Turn 9/TalkWithAdarfo,Titus Gordion,en,「アドリア様から、太后の誕生日の肖像画を描く画家を雇ったと陛下にお伝えするよう頼まれました。」
0x010000740001045C,445,559,Rizia/Turn 9/TalkWithAdarfo,Titus Gordion,en,「その画家は、エステラ様をどのように描けばよいか知りたがっております。」
0x0100005200069864,445,566,Rizia/Turn 9/TalkWithAdarfo,Titus Gordion,en,「新しい執事長が、女王陛下の誕生日の肖像画を描く画家を雇ったとご報告するようにと申しております、陛下。」
0x0100005200069878,445,570,Rizia/Turn 9/TalkWithAdarfo,Narrator,en,彼は声のトーンを落とした。
0x0100005200069880,445,571,Rizia/Turn 9/TalkWithAdarfo,Titus Gordion,en,「陛下、お母上が熱心な聖堂参拝者ではないことは我々二人ともよく存じております。礼拝の場にお姿を見かけることも決してありません。」
0x0100005200069893,445,575,Rizia/Turn 9/TalkWithAdarfo,Narrator,en,私が中に入ると、アダルフォ・ソテラートが入口のそばに立っていた。
0x010000520006989F,445,576,Rizia/Turn 9/TalkWithAdarfo,Player_Romus,en,「素晴らしいね。その際に、妖精や話す犬もいくつか加えてはいかがだろうか？」
0x01000052000698AE,445,580,Rizia/Turn 9/TalkWithAdarfo,Adarfo Sotelato,en,「それに、陛下のお嬢様がまだ生きているかどうかでさえご存知ですか？」
0x01000052000698BB,445,584,Rizia/Turn 9/TalkWithAdarfo,Adarfo Sotelato,en,「陛下、あなたの娘様は賢明にもあなたの支配から逃れました。彼女は何が起こるかを予見していたのです。」
0x01000052000698CA,445,588,Rizia/Turn 9/TalkWithAdarfo,Adarfo Sotelato,en,「以前の代議院とは異なり、このいわば『人民集会』は、労働者階級や一般市民のみで構成されなければなりません。」
0x01000052000698DE,445,592,Rizia/Turn 9/TalkWithAdarfo,Adarfo Sotelato,en,「彼らの地方警察部隊は直ちに解体されます。もちろん、これを監督するために我々自身の治安部隊を編成する必要があります。」
0x01000052000698F2,445,599,Rizia/Turn 9/TalkWithAdarfo,Adarfo Sotelato,en,「彼らの地方軍は直ちに解体されます。もちろん、これを監督するために我々自身の治安部隊を編成する必要があります。」
0x01000052000698F9,445,600,Rizia/Turn 9/TalkWithAdarfo,Adarfo Sotelato,en,「地方の軍隊や警察力が解体されれば、彼らが反撃することは難しくなるでしょう。それでもなお、潜在的な抵抗に対処するためには我々自身の治安部隊を編成する必要があります。」
0x0100005200069902,445,601,Rizia/Turn 9/TalkWithAdarfo,Adarfo Sotelato,en,「反乱運動はすでに多くの労働者団体や地元の民兵組織の支援を得ています。我々はその状況に備えています。」
0x0100005200069909,445,602,Rizia/Turn 9/TalkWithAdarfo,Adarfo Sotelato,en,「誰も傷つけることはありません。ですが、ご希望でしたら我々が行動を起こす前に、ご家族を図書館から避難させる時間はございます。」
0x0100005200069910,445,603,Rizia/Turn 9/TalkWithAdarfo,Narrator,en,彼の姿勢は緩んだ。
0x010000520006991F,445,607,Rizia/Turn 9/TalkWithAdarfo,Player_Romus,en,「神があなたと共にあるように。」
0x0100005200069927,445,608,Rizia/Turn 9/TalkWithAdarfo,Narrator,en,私は反乱の炎を消し去ることができたのだろうか？それともアダルフォがいない間に、その炎はさらに激しく燃え上がるのだろうか？
0x010000520006992E,445,609,Rizia/Turn 9/TalkWithAdarfo,Narrator,en,彼は私に手を差し伸べた。
0x0100005200069934,445,610,Rizia/Turn 9/TalkWithAdarfo,Player_Romus,en,「私がお辞儀をしなければ、あなた方に握手はない。」
0x010000520006993B,445,611,Rizia/Turn 9/TalkWithAdarfo,Player_Romus_Italic,en,我々は握手を交わした。彼の手のひらがいかに硬くなっているか、私は気づいた。
0x010000520006993B,445,611,Rizia/Turn 9/TalkWithAdarfo,Player_Romus_Italic,Menu Text en,握手を受け入れる
0x0100005200069943,445,612,Rizia/Turn 9/TalkWithAdarfo,Player_Romus,en,「私はあなたと共にいる、兄弟よ。革命のために。」
0x0100005200069951,445,616,Rizia/Turn 9/TalkWithAdarfo,Player_Romus_Italic,en,私は彼の手のひらを叩いた。彼は一瞬困惑した表情を浮かべた。
0x0100005200069951,445,616,Rizia/Turn 9/TalkWithAdarfo,Player_Romus_Italic,Menu Text en,彼とハイタッチをする
0x0100005200069959,445,617,Rizia/Turn 9/TalkWithAdarfo,Narrator,en,彼は少し戸惑った様子だったが、頷いた。
0x0100005200069960,445,618,Rizia/Turn 9/TalkWithAdarfo,Adarfo Sotelato,en,「再びお会いできて感謝します。近いうちにまたお目にかかりましょう。」
0x0100005200069969,445,619,Rizia/Turn 9/TalkWithAdarfo,Narrator,en,彼はドアを押し開け、もう一言も発することなく外に出て行った。
0x0100005200069971,445,620,Rizia/Turn 9/TalkWithAdarfo,Adarfo Sotelato,en,「握手というのは対等な者同士の挨拶ですが……まあ、気にすることはありません。もうすぐそんなことは重要ではなくなりますから。」
0x0100009800055748,445,621,Rizia/Turn 9/TalkWithAdarfo,Adarfo Sotelato,en,「彼らはもう十分なことを目の当たりにし、真の自由がどのようなものかを知っているのです...」
0x010000740001174E,445,622,Rizia/Turn 9/TalkWithAdarfo,Narrator,en,私はしばらく間を置き、彼の疑念を招かずにティトゥスから会合の警備計画を手に入れる方法を考えた。
0x0100007400011760,445,623,Rizia/Turn 9/TalkWithAdarfo,Narrator,en,アダルフォ・ソテラートが去った後、ティトゥスが私のもとに近づいてきた。
0x0100007400011766,445,624,Rizia/Turn 9/TalkWithAdarfo,Titus Gordion,en,「陛下、会談は順調に進みましたでしょうか。あの男は問題児です。」
0x010000740001176C,445,625,Rizia/Turn 9/TalkWithAdarfo,Player_Romus,en,「少なくとも、彼は興味深い人物だと言える。」
0x0100007400011772,445,626,Rizia/Turn 9/TalkWithAdarfo,Player_Romus,en,「正直言って、あの平民のことなど全く気にも留めていない。」
0x010000740001177C,445,628,Rizia/Turn 9/TalkWithAdarfo,Titus Gordion,en,「陛下、あなたが彼と話すことに興味をお持ちだと思っておりました。」
0x0100007400011782,445,629,Rizia/Turn 9/TalkWithAdarfo,Player_Romus,en,「ティトゥス、うまくいったよ。だが正直言って、今は母上の誕生日のことをより考えているのだ。」
0x0100007400011788,445,630,Rizia/Turn 9/TalkWithAdarfo,Player_Romus,en,「あの男は確かに問題児だ……ところで、誕生日のセキュリティ手順を更新する時間はあったか？万全を期すため、私が確認したいのだ。」
0x0100007400011792,445,632,Rizia/Turn 9/TalkWithAdarfo,Titus Gordion,en,「陛下、何か問題がございますでしょうか？」
0x0100007400011798,445,633,Rizia/Turn 9/TalkWithAdarfo,Titus Gordion,en,「全体の概要はお伝えできますが、具体的な警備上の詳細は機密事項であり、陛下ご自身の安全のためにも近衛兵だけが知るべきものです。」
0x010000740001179E,445,634,Rizia/Turn 9/TalkWithAdarfo,Titus Gordion,en,「特定の出入り口を再配置するため、警備手順を修正しました。相変わらず、近衛兵が最も厳格な警戒体制を敷いて陛下を守ります。」
0x01000074000117A4,445,635,Rizia/Turn 9/TalkWithAdarfo,Titus Gordion,en,「陛下、きっとお喜びになるでしょう。」
0x01000074000117AA,445,636,Rizia/Turn 9/TalkWithAdarfo,Player_Romus,en,「出席者たちの重要性を考えると、私がすべてを正確に把握しておくことは不可欠だ。母上を含む集会にいる全員の安全が懸かっているのだ。」
0x01000074000117B0,445,637,Rizia/Turn 9/TalkWithAdarfo,Player_Romus,en,「私の能力を疑っているわけではない、ティトゥス。ただあなたと一緒に確認したかっただけだ。」
0x01000074000117B6,445,638,Rizia/Turn 9/TalkWithAdarfo,Player_Romus,en,「わかった、ティトゥス。すべてをうまくコントロールしているものと信じている。」
0x01000074000117BC,445,639,Rizia/Turn 9/TalkWithAdarfo,Player_Romus,en,「その『再配置』について確認したいのだ。見落とされる可能性のある盲点がないか、しっかりチェックしておきたいので。」
0x01000074000117C2,445,640,Rizia/Turn 9/TalkWithAdarfo,Player_Romus,en,「誕生日のことだが、宮殿の外で祝うことになったため状況が変わってくる。出入り口すべてを確実に警戒できているのか？」
0x01000074000117C8,445,641,Rizia/Turn 9/TalkWithAdarfo,Player_Romus,en,「あなたはその細かい点に気づかないだろうが、それで十分な貢物となるだろう。」
0x01000074000117CE,445,642,Rizia/Turn 9/TalkWithAdarfo,Player_Romus,en,「ああ、それはウーゴの案だった。でなければ私がわざわざその男に会いたいと思う理由がないよ。」
0x01000074000117D4,445,643,Rizia/Turn 9/TalkWithAdarfo,Player_Romus,en,「私の人気が急上昇していることを考えると、ただ自分の目でその男を見てみたかっただけだ。」
0x01000074000117E6,445,647,Rizia/Turn 9/TalkWithAdarfo,Player_Romus,en,「あなたにそんなに気を使ってもらえれば、彼女はきっと喜ぶだろう。」
0x01000074000117EC,445,648,Rizia/Turn 9/TalkWithAdarfo,Player_Romus,en,「以前はそうだった。だが、彼や彼の考えには何の興味もないと気づいた。」
0x01000074000117F2,445,649,Rizia/Turn 9/TalkWithAdarfo,Narrator,en,ティトゥスはわずかに微笑んで頷いた。
0x01000074000117F8,445,650,Rizia/Turn 9/TalkWithAdarfo,Player_Romus,en,「今日は母の誕生日だ、ティトゥス。全てをしっかり把握しておくのは当然のことだ。」
0x01000074000117FE,445,651,Rizia/Turn 9/TalkWithAdarfo,Player_Romus,en,「よろしい。明日までに私の机の上に安全保障計画が揃っていることを期待している。」
0x010000740001180C,445,654,Rizia/Turn 9/TalkWithAdarfo,Titus Gordion,en,「その通りです。申し訳ありません。」
0x0100007400011812,445,655,Rizia/Turn 9/TalkWithAdarfo,Player_Romus,en,「確かに伺った限りでは、そのような事柄を扱うのはあなたの職務範囲に含まれていないはずだ。」
0x0100007400011818,445,656,Rizia/Turn 9/TalkWithAdarfo,Titus Gordion,en,「陛下、近衛兵が出席者全員の保護を徹底して行いますので、ご心配には及びません。私には何も心配することはありません。」
0x010000740001181E,445,657,Rizia/Turn 9/TalkWithAdarfo,Titus Gordion,en,「できるだけ早く、計画をお渡しいたします。」
0x0100007400011824,445,658,Rizia/Turn 9/TalkWithAdarfo,Titus Gordion,en,「陛下、お時間をいただきありがとうございます。」
0x0100007400011830,445,659,Rizia/Turn 9/TalkWithAdarfo,Player_Romus,en,「聞いてくれ。我が国の防御体制の全容を把握しなければ、安心することはできない。」
0x0100007400011836,445,660,Rizia/Turn 9/TalkWithAdarfo,Titus Gordion,en,「ありがとうございます、陛下。」
0x010000740001183C,445,661,Rizia/Turn 9/TalkWithAdarfo,Titus Gordion,en,「陛下のご命令の通りにいたします。」
0x010000740001184A,445,664,Rizia/Turn 9/TalkWithAdarfo,Titus Gordion,en,「陛下、その通りでございます。申し訳ありません。」
0x0100007400011862,445,668,Rizia/Turn 9/TalkWithAdarfo,Titus Gordion,en,「承知した。」
0x010000740001186E,445,669,Rizia/Turn 9/TalkWithAdarfo,Player_Romus,en,「その通りだ。ありがとう。いつものように見事だった、ティトゥス。」
0x010000B800007FFD,445,670,Rizia/Turn 9/TalkWithAdarfo,Player_Romus,en,「その脅威は大げさだと思う。彼に問題などない。」
0x010000B800008004,445,671,Rizia/Turn 9/TalkWithAdarfo,Titus Gordion,en,「陛下、何か問題がございますでしょうか？」
0x010000B80000800B,445,672,Rizia/Turn 9/TalkWithAdarfo,Player_Romus,en,「いえ、全くそのようなことはありません。」
0x010000B800008011,445,673,Rizia/Turn 9/TalkWithAdarfo,Player_Romus,en,「私は母のためにできる限り最良の祝賀行事を準備したいだけだが、ここの料理人たちではそれを成し遂げられないのではないかと心配している。」
0x010000B800008017,445,674,Rizia/Turn 9/TalkWithAdarfo,Player_Romus,en,「私は彼女の肖像画に関する自分の選択を再考していただけだ。彼女が気に入ってくれると良いのだが。」
0x010000B80000801E,445,675,Rizia/Turn 9/TalkWithAdarfo,Player_Romus,en,「ティトゥス、何か問題があるのか？教えてくれ。誕生日のためのセキュリティプロトコルを更新する機会はあったのか？」
0x010000B800008028,445,676,Rizia/Turn 9/TalkWithAdarfo,Titus Gordion,en,「陛下、そんなに早く断定するのは避けた方がよろしいでしょう。」
0x010000B80000802F,445,677,Rizia/Turn 9/TalkWithAdarfo,Titus Gordion,en,「彼が脅威だと思われますか？」
0x010000B800008041,445,679,Rizia/Turn 9/TalkWithAdarfo,Narrator,en,彼は片方の眉を上げた。
0x010000B80000804B,445,680,Rizia/Turn 9/TalkWithAdarfo,Titus Gordion,en,「陛下、何かご考えがございますでしょうか？」
0x010000B800008052,445,681,Rizia/Turn 9/TalkWithAdarfo,Player_Romus,en,「いや、特に何もない。だが誕生日のことを考えると、宮殿の外で祝うことになるため状況が変わってくる。出入り口すべてが確実に警戒されているかご確認くださったか？」
0x010000B80000805E,445,682,Rizia/Turn 9/TalkWithAdarfo,Player_Romus,en,「ああ。誕生日のために特別なケータリングサービスを導入したいのだ。宮殿の厨房だけに頼りたくない。」
0x010000B800008066,445,683,Rizia/Turn 9/TalkWithAdarfo,Player_Romus,en,「あなたがどう思うか、ちょっと知りたかっただけだ。」
0x010000B80000806E,445,684,Rizia/Turn 9/TalkWithAdarfo,Player_Romus,en,「あの男は危険な存在に他ならない。」
0x010000B800008075,445,685,Rizia/Turn 9/TalkWithAdarfo,Player_Romus,en,「彼は単なるロマンチックなマレニエフ主義者に過ぎない。我々は彼のことを心配する必要はない。」
0x010000B80000807C,445,686,Rizia/Turn 9/TalkWithAdarfo,Player_Romus,en,「正直なところ、はっきりとは分からない。だが、彼との短い会談は楽しめた。」
0x010000B800008084,445,687,Rizia/Turn 9/TalkWithAdarfo,Titus Gordion,en,「もっと厳しく監視させるべきでしたか？」
0x010000B80000808C,445,688,Rizia/Turn 9/TalkWithAdarfo,Player_Romus,en,「いや、それほど必要だとは思わない。」
0x010000B800008093,445,689,Rizia/Turn 9/TalkWithAdarfo,Player_Romus,en,「おそらくだな。だが今はいけない、ティトゥス。母上の誕生日といった、もっと重要なことが控えているから。」
0x010000B80000809A,445,690,Rizia/Turn 9/TalkWithAdarfo,Player_Romus,en,「私としては、彼は既に十分に監視されているものだと思っていた。」
0x010000B8000080A1,445,691,Rizia/Turn 9/TalkWithAdarfo,Player_Romus,en,「アドバイスをいただき、ありがとう、ティトゥス。ところで、誕生日のセキュリティ手順の更新はもう行ったか？万全を期すため、私が確認したいと思っている。」
0x010000B8000080AE,445,693,Rizia/Turn 9/TalkWithAdarfo,Player_Romus,en,「確かにその通りだ、ティトゥス。だが正直言って、今は母上の誕生日のことをより考えているのだ。」
0x010000B8000080B5,445,694,Rizia/Turn 9/TalkWithAdarfo,Player_Romus,en,「その者はそのままにしておきなさい。」
0x010000B8000080BC,445,695,Rizia/Turn 9/TalkWithAdarfo,Player_Romus,en,「おっしゃる通りかもしれない……」
0x010000B8000080CF,445,698,Rizia/Turn 9/TalkWithAdarfo,Titus Gordion,en,「かしこまりました。」
0x010000B8000080EE,445,702,Rizia/Turn 9/TalkWithAdarfo,Titus Gordion,en,「大まかに言えばその通りです。しかし陛下、あなたご自身が明確に治安部隊に対し、彼の動きに干渉しないよう命じられました。ですが話がそれてしまいました。」
0x010000B8000080FB,445,706,Rizia/Turn 9/TalkWithAdarfo,Titus Gordion,en,「情報部隊ならもっとできるはずですが、話がそれてしまいました。」
0x010000B800008102,445,707,Rizia/Turn 9/TalkWithAdarfo,Titus Gordion,en,「他に何かご用でしょうか、陛下？」
0x010000B80000811D,445,709,Rizia/Turn 9/TalkWithAdarfo,Titus Gordion,en,「失礼します、陛下。これで私は退室いたします。」
0x010000B800008127,445,710,Rizia/Turn 9/TalkWithAdarfo,Narrator,en,彼は目を細めた。
0x010000B80000812E,445,711,Rizia/Turn 9/TalkWithAdarfo,Titus Gordion,en,「なるほどです。」
0x010000B80000813E,445,712,Rizia/Turn 9/TalkWithAdarfo,Player_Romus,en,「特に他にはないが、もうすぐ開催される集会について幾分心配している。」
0x010000B800008145,445,713,Rizia/Turn 9/TalkWithAdarfo,Player_Romus,en,「実は、もう一つある。母のためにできる限り最高の祝宴を用意したいのだが、ここの料理人たちでは不十分だと思うのだ。スタッフを入れ替えたいのだ。」
0x010000B80000814C,445,714,Rizia/Turn 9/TalkWithAdarfo,Titus Gordion,en,「ええと、このような件についてアドバイスを差し上げる立場にはございません、陛下。」
0x010000B800008153,445,715,Rizia/Turn 9/TalkWithAdarfo,Titus Gordion,en,「しかし、現時点では職員に関する計画を変更するつもりはありません。それは安全上のリスクを招きますから。」
0x010000B80000815B,445,716,Rizia/Turn 9/TalkWithAdarfo,Player_Romus,en,「ああ。母上の誕生日のための警備計画をご用意していただきたいのだ。」
0x010000B800008162,445,717,Rizia/Turn 9/TalkWithAdarfo,Player_Romus,en,「いや、結構だ、ティトゥス。」
0x010000B80000816A,445,718,Rizia/Turn 9/TalkWithAdarfo,Titus Gordion,en,「陛下、それはお勧めできません。このような繊細な集いに外部の者を関与させるべきではありません。」
0x010000B800008172,445,719,Rizia/Turn 9/TalkWithAdarfo,Titus Gordion,en,「陛下、他に何かお手伝いできることはございますでしょうか？」
0x010000B8000081BF,445,731,Rizia/Turn 9/TalkWithAdarfo,Narrator,en,彼は一礼して去っていった。
0x010000B8000081C6,445,732,Rizia/Turn 9/TalkWithAdarfo,Narrator,en,私は彼が去っていくのを見つめながら、これからリジアに何が起ころうとしているのかを考えていた。
0x010000B8000081CE,445,733,Rizia/Turn 9/TalkWithAdarfo,Titus Gordion,en,「それに陛下、料理人たちはエステラ・トラス王太后ご自身が直接選ばれた方々だと思います。このような特別な場のために彼らが仕事をすることを、女王様はきっと誇りに思われるでしょう。」
0x010000B8000081D5,445,734,Rizia/Turn 9/TalkWithAdarfo,Player_Romus,en,「これは私の母が直々に頼んだことだ、ティトゥス。お前がしっかり対応してくれるものと信じている。」
0x010000B8000081DB,445,735,Rizia/Turn 9/TalkWithAdarfo,Player_Romus,en,「これは母上のためだけというわけではない、ティトゥス。王家に私自身のこだわりを示したいのだ。」
0x010000B8000081E1,445,736,Rizia/Turn 9/TalkWithAdarfo,Player_Romus,en,「ご心配をおかけするが、この決定は既に下されている。料理人たちの安全を確保し、特別な儀式の際に彼らが中で調理を監督できるようにしていただきたいのだ。」
0x010000B8000081F0,445,738,Rizia/Turn 9/TalkWithAdarfo,Titus Gordion,en,「もちろんです、陛下。必ず対応いたします。」
0x010000BE00001A3A,445,741,Rizia/Turn 9/TalkWithAdarfo,Player_Romus,en,「肖像画だって？なんて退屈な贈り物だろう。」
0x010000BE00001A45,445,745,Rizia/Turn 9/TalkWithAdarfo,Titus Gordion,en,「王太后のご年齢は75歳です。フェスティブルを開催するのは適切ではないと思われます。」
0x010000BE00001A4B,445,746,Rizia/Turn 9/TalkWithAdarfo,Narrator,en,フェスティブルとは、お菓子が入ったリジアの伝統的な祝祭用道具で、参加者たちは順番にそれを叩いて破裂させるものだった。
0x010000BE00001A51,445,747,Rizia/Turn 9/TalkWithAdarfo,Titus Gordion,en,「ともかく、その肖像画の件は決まりました。陛下はいかがお考えですか？」
0x010000BE00001A5B,445,749,Rizia/Turn 9/TalkWithAdarfo,Player_Romus,en,「まだ決めておらない。いくつか案をご相談してもよろしいだろうか？」
0x010000BE00001A61,445,750,Rizia/Turn 9/TalkWithAdarfo,Titus Gordion,en,「はい、もちろんです。」
0x010000980002FFE6,446,6,Rizia/Turn 9/A_MeetingWithSal,Narrator,en,私がベニエヴォン聖域に立っていた時、反映の湖を見て驚嘆した。その湖水は自然にできた水路を通って流れ、聖域の中心部を縫うように進んでいた。
0x010000980002FFEC,446,7,Rizia/Turn 9/A_MeetingWithSal,Narrator,en,私がベニエヴォン聖域に立っていた時、反映の湖を見て驚嘆した。その湖水は自然にできた水路を通って流れ、聖域の中心部を縫うように進んでいた。
0x010000980002FFFE,446,10,Rizia/Turn 9/A_MeetingWithSal,Narrator,en,その聖域はこれらの水路を中心に建設され、その存在が設計に取り入れられていた。
0x0100009800030005,446,11,Rizia/Turn 9/A_MeetingWithSal,Narrator,en,私が水辺に膝をつき、鏡のように静かな水面を見つめていた時、心の中で絶え間なく響き渡る抗議の声の反響の中から何か明確なものが見出せないかと願っていた。
0x010000980003000C,446,12,Rizia/Turn 9/A_MeetingWithSal,Narrator,en,この平穏なオアシスの中でさえ、私の王国を悩ませていた混乱から逃れることはできなかった。
0x01000098000371B0,446,13,Rizia/Turn 9/A_MeetingWithSal,Narrator,en,私は眉をひそめて心の中の騒ぎを静めようと努めたが、声の喧騒はますます大きくなるだけだった。それはおそらく、信仰に対する試練そのものだったのだろう。
0x01000098000371B8,446,14,Rizia/Turn 9/A_MeetingWithSal,Narrator,en,私の手は拳に固く握りしめられた。
0x01000098000371BF,446,15,Rizia/Turn 9/A_MeetingWithSal,Player_Romus_Italic,en,怒りを抑えきれない瞬間、私は近くにあった聖杯をつかんでアルバレス聖域の向こう側へ投げつけた。
0x01000098000371BF,446,15,Rizia/Turn 9/A_MeetingWithSal,Player_Romus_Italic,Menu Text en,近くの聖杯を投げる
0x01000098000371C7,446,16,Rizia/Turn 9/A_MeetingWithSal,Player_Romus_Italic,en,私は目を閉じて深呼吸をし、高まる苛立ちを鎮めようとした。
0x01000098000371C7,446,16,Rizia/Turn 9/A_MeetingWithSal,Player_Romus_Italic,Menu Text en,深呼吸をする
0x01000098000371CF,446,17,Rizia/Turn 9/A_MeetingWithSal,Player_Romus,en,「おい、もう黙ってくれないか？！」
0x01000098000371D7,446,18,Rizia/Turn 9/A_MeetingWithSal,Narrator,en,私の声は広大なホール中に響き渡ったが、それは実際には誰もいない空間だけを相手にしたものだった。
0x01000098000371DE,446,19,Rizia/Turn 9/A_MeetingWithSal,Sal Ignacius,en,「私は何も申し上げておりません、陛下。」
0x01000098000371EA,446,21,Rizia/Turn 9/A_MeetingWithSal,Narrator,en,私は振り返って、入ってくる音も聞かなかった大賢者の方を見た。
0x01000098000371F1,446,22,Rizia/Turn 9/A_MeetingWithSal,Player_Romus,en,「すまない、大賢者。あなたが入ってくる音に気づかなかった。」
0x01000098000371F7,446,23,Rizia/Turn 9/A_MeetingWithSal,Player_Romus,en,「どうか、そんなふうにこっそり近づいてくるのはやめてくれ！」
0x01000098000371FF,446,24,Rizia/Turn 9/A_MeetingWithSal,Player_Romus,en,「私が言及していたのはあなたではない、大賢者。王国中に広がっている抗議の叫び声のことだ。」
0x0100009800037206,446,25,Rizia/Turn 9/A_MeetingWithSal,Narrator,en,その時、私は近くにサルが立っているのに気づいた。彼は優雅な動作で落ちた聖杯を拾い上げ、こちらへ歩み寄り、それを私に差し出した。
0x0100009800037213,446,27,Rizia/Turn 9/A_MeetingWithSal,Sal Ignacius,en,「陛下、何か落とされましたよ。」
0x010000980003721A,446,28,Rizia/Turn 9/A_MeetingWithSal,Player_Romus,en,「そのような激しい言動を取ったこと、神に許してくれ。」
0x0100009800037222,446,29,Rizia/Turn 9/A_MeetingWithSal,Player_Romus,en,「ノックというものを聞いたことがあるか？」
0x0100009800037229,446,30,Rizia/Turn 9/A_MeetingWithSal,Sal Ignacius,en,「陛下、申し訳ございません。私が入ってくる音が聞こえたものと存じておりました。」
0x0100009800037230,446,31,Rizia/Turn 9/A_MeetingWithSal,Sal Ignacius,en,「もしよろしければお伺いしますが、何か問題が起きているのでしょうか？」
0x0100009800037237,446,32,Rizia/Turn 9/A_MeetingWithSal,Player_Romus_Italic,en,私はその聖杯を取り戻さなかった。
0x0100009800037237,446,32,Rizia/Turn 9/A_MeetingWithSal,Player_Romus_Italic,Menu Text en,聖杯は持っていかないで
0x010000980003723C,446,33,Rizia/Turn 9/A_MeetingWithSal,Narrator,en,サルは少し間を置いてから、その聖杯を近くの祭壇の上に置いた。
0x0100009800037241,446,34,Rizia/Turn 9/A_MeetingWithSal,Player_Romus_Italic,en,私はその聖杯を取り戻し、元の場所である祭壇の上に置いた。
0x0100009800037241,446,34,Rizia/Turn 9/A_MeetingWithSal,Player_Romus_Italic,Menu Text en,聖杯を取る
0x0100009800037259,446,36,Rizia/Turn 9/A_MeetingWithSal,Sal Ignacius,en,「陛下、こちらにおいででしたね。ずっとお探ししておりました。」
0x0100009800037260,446,37,Rizia/Turn 9/A_MeetingWithSal,Player_Romus,en,「ああ、私を見つけてくださったのだね。」
0x0100009800037271,446,38,Rizia/Turn 9/A_MeetingWithSal,Player_Romus,en,「あなたに必要なものはあるか？」
0x0100009800037277,446,39,Rizia/Turn 9/A_MeetingWithSal,Player_Romus,en,「おめでとう。あなたが賞を勝ち取ったのだ。」
0x0100009800037286,446,43,Rizia/Turn 9/A_MeetingWithSal,Sal Ignacius,en,「陛下、式典が1時間以内に始まる予定であるため、間もなく人々を聖域に入れ始める必要がございます。」
0x010000980003728D,446,44,Rizia/Turn 9/A_MeetingWithSal,Narrator,en,彼が言及していたのは、最新期のヴルヘックの守護者候補生たちの卒業式のことだった。
0x0100009800037294,446,45,Rizia/Turn 9/A_MeetingWithSal,Narrator,en,理事会の当初の反対にもかかわらず、彼らは最終的に守護者たちの教義を学校の標準カリキュラムに組み入れることを決意した。
0x010000980003729B,446,46,Rizia/Turn 9/A_MeetingWithSal,Narrator,en,そのため、この式典はポルテ・ドラゾンで混乱が起きている最中に私がベニエヴォンを訪れるのに都合の良い口実となった。
0x01000098000372A9,446,50,Rizia/Turn 9/A_MeetingWithSal,Player_Romus,en,「申し訳ない、私は我を忘れてしまった。頭の中が色々と詰まっているのだ。」
0x01000098000372D6,446,51,Rizia/Turn 9/A_MeetingWithSal,Sal Ignacius,en,「陛下、謝る必要はございません。陛下がどれほどのプレッシャーにさらされているか、私にも想像がつきます。」
0x01000098000372F0,446,55,Rizia/Turn 9/A_MeetingWithSal,Narrator,en,私は眉をひそめて心の中の騒ぎを静めようと努めたが、声の喧騒はますます大きくなるだけだった。
0x010000980003731A,446,59,Rizia/Turn 9/A_MeetingWithSal,Narrator,en,私が水辺に跪き、その鏡のような水面を見つめていた時、心の中で絶え間なく響き渡る抗議の声とは対照的に、水面の静けさが静かに抵抗していた。
0x0100009800037323,446,60,Rizia/Turn 9/A_MeetingWithSal,Player_Romus,en,「私を許してくれ。あなたが入ってくる音に気づかなかった。」
0x010000980003732A,446,61,Rizia/Turn 9/A_MeetingWithSal,Player_Romus,en,「偉大なる賢者様、このようなお目にかかれる光栄は何によるものだろうか？」
0x0100009800037333,446,62,Rizia/Turn 9/A_MeetingWithSal,Sal Ignacius,en,「陛下、謝る必要はございません。」
0x010000980003733B,446,63,Rizia/Turn 9/A_MeetingWithSal,Sal Ignacius,en,「陛下、邪魔をしているのではないかと心配しております。それでも……」
0x0100009800037341,446,64,Rizia/Turn 9/A_MeetingWithSal,Sal Ignacius,en,「必ずしもそのようなことはありません、陛下。」
0x0100009800037347,446,65,Rizia/Turn 9/A_MeetingWithSal,Sal Ignacius,en,「まったく、幸運ですね。」
0x0100009800037352,446,66,Rizia/Turn 9/A_MeetingWithSal,Sal Ignacius,en,「陛下、式典が1時間以内に始まる予定ですので、もうすぐ人々を聖域へ入れ始めなければなりません。」
0x010000980003735B,446,67,Rizia/Turn 9/A_MeetingWithSal,Sal Ignacius,en,「ああ、なるほど。ともかく……」
0x0100009800037363,446,68,Rizia/Turn 9/A_MeetingWithSal,Sal Ignacius,en,「問題ありません、陛下。」
0x0100009800037369,446,69,Rizia/Turn 9/A_MeetingWithSal,Sal Ignacius,en,「申し訳ありません。陛下を驚かせるつもりはございませんでした。」
0x0100009800037373,446,70,Rizia/Turn 9/A_MeetingWithSal,Narrator,en,私が新たに設立した宗教治安部隊の本部は、リジアの貴族やエリート層を育成することで名高い由緒正しい施設である近くのベニエヴォン・アカデミーに置かれていた。
0x0100009800037380,446,71,Rizia/Turn 9/A_MeetingWithSal,Player_Romus,en,「私の王国で騒乱が起きていることに、あなたも気づいているはずだ。リジアが再び反乱の瀬戸口に立っているのではないかと心配している。」
0x0100009800037385,446,72,Rizia/Turn 9/A_MeetingWithSal,Player_Romus,en,「私の国を悩ませ続けている、終わりのないように思える数々の問題に頭を悩ませている。」
0x0100009800037393,446,73,Rizia/Turn 9/A_MeetingWithSal,Player_Romus,en,「それはあなたには関係のないことだ。」
0x010000980003739A,446,74,Rizia/Turn 9/A_MeetingWithSal,Sal Ignacius,en,「わかりました。これ以上問い詰めることはしません。」
0x01000098000373A6,446,75,Rizia/Turn 9/A_MeetingWithSal,Sal Ignacius,en,「ああ、その通りです。我が民が陛下への信頼を失っていくのを見ると、私も心苦しい思いでいっぱいです。」
0x01000098000373AB,446,76,Rizia/Turn 9/A_MeetingWithSal,Sal Ignacius,en,「私も同じです、陛下。我が国民が自分たちの王に対する信頼を失いつつあることを悲しく思います。」
0x0100009800037587,446,77,Rizia/Turn 9/A_MeetingWithSal,Narrator,en,聖域の扉が開く音によって我々の注意は正面入口へ向けられ、そこでは人々が次第に中に入ってき始めていた。
0x01000098000375A1,446,78,Rizia/Turn 9/A_MeetingWithSal,Narrator,en,私とサルは中央の通路から少し離れ、人々が障害なく通れるようにした。
0x01000098000375BA,446,79,Rizia/Turn 9/A_MeetingWithSal,Sal Ignacius,en,「不確実性は混乱を生みますが、信仰だけは揺るぎません。どれほど時代が乱れようとも、神が我々を導いてくださると信じております、陛下。」
0x01000098000375C1,446,80,Rizia/Turn 9/A_MeetingWithSal,Player_Romus,en,「私もあなたのように楽観的でいられればいいのだが、そんなことを考えるだけで頭が爆発しそうだ。」
0x01000098000375C7,446,81,Rizia/Turn 9/A_MeetingWithSal,Player_Romus,en,「毎日、平和的な解決を願っている。だが、より断固とした措置を検討せざるを得ないのではないかと懸念している。」
0x01000098000375CC,446,82,Rizia/Turn 9/A_MeetingWithSal,Player_Romus,en,「これらの扇動者たちは寛容を弱さと誤解している。私はその誤解を正そうと思っているのだ。」
0x01000098000375D1,446,83,Rizia/Turn 9/A_MeetingWithSal,Player_Romus,en,「毎日、平和的な解決のために祈りを捧げている。しかし、より断固とした措置が必要になるのではないかと恐れずにはいられない。」
0x01000098000375E5,446,87,Rizia/Turn 9/A_MeetingWithSal,Player_Romus,en,「どうやら我々は利用可能なあらゆる資源を使い果たしてしまったようで、私が何をしても彼らを満足させることはできないようだ。」
0x01000098000375EF,446,88,Rizia/Turn 9/A_MeetingWithSal,Sal Ignacius,en,「陛下、そのように思われるかもしれませんが、決して希望を失ってはなりません。」
0x01000098000375F5,446,89,Rizia/Turn 9/A_MeetingWithSal,Sal Ignacius,en,「確かに、陛下。秩序と権威を維持することは極めて重要なのです。」
0x01000098000375FA,446,90,Rizia/Turn 9/A_MeetingWithSal,Sal Ignacius,en,「圧倒される気持ちになるのは当然ですが、陛下、決してお一人ではないことを忘れてください。神様は常にご一緒にいらっしゃいます。」
0x01000098000375FF,446,91,Rizia/Turn 9/A_MeetingWithSal,Sal Ignacius,en,「私も陛下と同様に平和を願っておりますが、ご懸念の点もよく理解しております。」
0x010000980003760F,446,92,Rizia/Turn 9/A_MeetingWithSal,Sal Ignacius,en,「たとえ最も暗い時であっても、どんなに困難に思える状況であっても必ず乗り越えられるという希望の光は常に存在します。」
0x0100009800037617,446,93,Rizia/Turn 9/A_MeetingWithSal,Sal Ignacius,en,「陛下、私もまた陛下のそばにおります。」
0x0100009800037625,446,94,Rizia/Turn 9/A_MeetingWithSal,Narrator,en,我々の注意は、会議室中に響き渡るオルガンの壮大な音色に向けられた。
0x0100009800037640,446,96,Rizia/Turn 9/A_MeetingWithSal,Player_Romus,en,「思い出してくれ、彼らの訓練はどれくらい続くんだ？」
0x0100009800037646,446,97,Rizia/Turn 9/A_MeetingWithSal,Player_Romus,en,「なぜごく少数の者だけが異なる制服を着ているのか？」
0x010000980003764C,446,98,Rizia/Turn 9/A_MeetingWithSal,Player_Romus,en,「承知した。別の機会にもっと詳しくお話ししよう。」
0x0100009800037652,446,99,Rizia/Turn 9/A_MeetingWithSal,Player_Romus,en,「何人いるのか？」
0x0100009800037686,446,112,Rizia/Turn 9/A_MeetingWithSal,Sevrio Castellanus,en,"「陛下、その数は2,500人を超えております。これはリジア全土で在籍する士官候補生のごくわずかな部分に過ぎません。」"
0x010000980003768B,446,113,Rizia/Turn 9/A_MeetingWithSal,Sevrio Castellanus,en,「陛下、あれらは『敬虔なる者たち』と呼ばれる精鋭の士官候補生で、最も献身的な者たちです。」
0x0100009800037690,446,114,Rizia/Turn 9/A_MeetingWithSal,Sevrio Castellanus,en,「陛下、体力強化と防御訓練は10週間続き、その後さらに6週間の精神訓練が行われます。」
0x010000980003769D,446,115,Rizia/Turn 9/A_MeetingWithSal,Sevrio Castellanus,en,「彼ら一人ひとりが、食べ物も水も与えられずに反映の湖を見つめ続ける、七日七夜に及ぶ厳しい霊的修行を経験してきました。」
0x01000098000376A4,446,116,Rizia/Turn 9/A_MeetingWithSal,Sevrio Castellanus,en,「この修行を経て、彼らは仲間の中で将校や指導者となるのです。」
0x01000098000376C5,446,121,Rizia/Turn 9/A_MeetingWithSal,Sevrio Castellanus,en,「喜んでお待ちいたします、陛下。」
0x01000098000376CC,446,122,Rizia/Turn 9/A_MeetingWithSal,Narrator,en,士官候補生たちがそれぞれの席に着くと、ベニエヴォンの大賢者が壇上に上がり、卒業式の挨拶を始めた。
0x01000098000376DC,446,123,Rizia/Turn 9/A_MeetingWithSal,Sevrio Castellanus,en,「もし率直に申し上げてもよろしければ……現在起きている国内の混乱を考えますと、十分な活用がなされていない解決策があるように思えます。」
0x01000098000376F4,446,127,Rizia/Turn 9/A_MeetingWithSal,Narrator,en,彼は我々の前にいる士官候補生たちにそっと合図を送った。
0x01000098000376FB,446,128,Rizia/Turn 9/A_MeetingWithSal,Sevrio Castellanus,en,「ヴルヘックの守護者たちです。ご存知の通り、我々は信仰に基づく人道支援活動を任されております――」
0x0100009800037702,446,129,Rizia/Turn 9/A_MeetingWithSal,Sevrio Castellanus,en,「しかし、我々はもっと多くのことを行うことができるはずです。はるかに多くのことを。」
0x0100009800037709,446,130,Rizia/Turn 9/A_MeetingWithSal,Sevrio Castellanus,en,「もはや鎌を脇に置き、正義の剣を握る時が来たのかもしれません。」
0x0100009800037710,446,131,Rizia/Turn 9/A_MeetingWithSal,Player_Romus,en,「ヴルヘックの守護者たちはその献身と能力を証明しており、決して侮れない力となっている。」
0x0100009800037717,446,132,Rizia/Turn 9/A_MeetingWithSal,Sevrio Castellanus,en,「はい、私もそう思います。」
0x010000980003771E,446,133,Rizia/Turn 9/A_MeetingWithSal,Sevrio Castellanus,en,「法的に言えば、秩序を維持し神の神聖な法を守るためにヴルヘックの守護者たちを派遣する権限は陛下にございます。」
0x0100009800037727,446,134,Rizia/Turn 9/A_MeetingWithSal,Sevrio Castellanus,en,「陛下、あなた様は地上における神の代理人でいらっしゃるゆえ、世俗の法も神の法と変わりはなく、逆もまた真です。」
0x010000980003772E,446,135,Rizia/Turn 9/A_MeetingWithSal,Sevrio Castellanus,en,「神の法を無視することは、全能なる神の目においても地上においても罰せられるものです。」
0x0100009800037735,446,136,Rizia/Turn 9/A_MeetingWithSal,Player_Romus,en,「ヴルヘックの守護者たちが必要とするものはすべて与えられるようにしてくれ。」
0x0100009800037735,446,136,Rizia/Turn 9/A_MeetingWithSal,Player_Romus,Menu Text en,「ヴルヘックの守護者たちに必要なものがすべて与えられるようにしろ。」［予算-1］
0x0100009800037744,446,137,Rizia/Turn 9/A_MeetingWithSal,Player_Romus,en,「彼らを派遣して騒乱を鎮圧するのが正しい対処法だと、本当に確信されているか？」
0x010000980003774B,446,138,Rizia/Turn 9/A_MeetingWithSal,Sevrio Castellanus,en,「陛下、法的に言えば、私とゴルディオン隊長は秩序を維持するためにヴルヘックの守護者を派遣する権限を有しております。」
0x0100009800037752,446,139,Rizia/Turn 9/A_MeetingWithSal,Sevrio Castellanus,en,「地上における神の指定された代理人として、陛下には神聖な法を施行する権力がございます。」
0x0100009800037759,446,140,Rizia/Turn 9/A_MeetingWithSal,Player_Romus,en,「しかし、そのような目的で彼らを使うのは……国民からの反発が心配だ。」
0x0100009800037760,446,141,Rizia/Turn 9/A_MeetingWithSal,Sevrio Castellanus,en,「陛下、ご懸念の気持ちはよく理解しております。しかし危機的な時期には、必要な措置を講じる準備ができていなければなりません。」
0x0100009800037767,446,142,Rizia/Turn 9/A_MeetingWithSal,Player_Romus,en,「平和と秩序を取り戻すためには必要なことを何でも行わねばならない。ヴルヘックの守護者たちが新たな任務に備えられるよう配慮してくれ。」
0x0100009800037770,446,143,Rizia/Turn 9/A_MeetingWithSal,Player_Romus,en,「正義の剣だと？あなたは暴力を提唱しているのか？」
0x0100009800037777,446,144,Rizia/Turn 9/A_MeetingWithSal,Sevrio Castellanus,en,「私は秩序の回復を主張しているのです。そうすれば我が王国も定められた道の上で存続し続けることができます。」
0x010000980003777E,446,145,Rizia/Turn 9/A_MeetingWithSal,Sevrio Castellanus,en,「神の地上における代理人として、陛下には守護者たちが必要な限り力を行使することを許可する法的権限がございます。」
0x0100009800037785,446,146,Rizia/Turn 9/A_MeetingWithSal,Player_Romus,en,「ああ、ですがそのような目的のために力を用いるというのは……あまりにも過激な手段のように思える。」
0x010000980003778E,446,147,Rizia/Turn 9/A_MeetingWithSal,Sevrio Castellanus,en,「陛下、ご躊躇いの気持ちはよく理解しております。しかし私には状況が非常に厳しいように思えますので、利用可能なあらゆる選択肢を検討する必要がございます。」
0x0100009800037795,446,148,Rizia/Turn 9/A_MeetingWithSal,Player_Romus,en,「セヴリオ、あなたの見解には感謝する。しかし、私はこのような形でヴルヘックの守護者を投入するつもりはない。」
0x010000980003779C,446,149,Rizia/Turn 9/A_MeetingWithSal,Sevrio Castellanus,en,「承知いたしました、陛下。私のもとの士官候補生たちが現在の任務を継続できるように必ず対処いたします。」
0x01000098000377A3,446,150,Rizia/Turn 9/A_MeetingWithSal,Sevrio Castellanus,en,「もちろんです、陛下。ヴルヘックの守護者たちが新たな任務を果たせるよう万全を期します。」
0x01000098000377AA,446,151,Rizia/Turn 9/A_MeetingWithSal,Sevrio Castellanus,en,「はい、陛下。ヴルヘックの守護者たちが正義を守り、秩序を回復するために万全の準備を整えられるよう私が責任を持って対処いたします。」
0x01000098000377B1,446,152,Rizia/Turn 9/A_MeetingWithSal,Player_Romus,en,「その点は理解している。だが、我々が彼らを投入できるからといって、必ずしもそうすべきだというわけではない。」
0x01000098000377E8,446,153,Rizia/Turn 9/A_MeetingWithSal,Player_Romus,en,「いや。そのような方法でヴルヘックの守護者を投入しても状況は悪化するだけだ。我々に必要なのは平和的な解決策だ。」
0x01000098000377EF,446,154,Rizia/Turn 9/A_MeetingWithSal,Sevrio Castellanus,en,「平和な時代はあっという間に終わりを迎えようとしているのが恐ろしいです。」
0x0100009800037811,446,157,Rizia/Turn 9/A_MeetingWithSal,Sal Ignacius,en,「陛下……守護者たちの結成により、我々は神の意志をリジアにもたらすという目標に一歩近づきました。しかし今、謹んで陛下に信仰の飛躍をお願いせねばなりません。」
0x0100009800037848,446,158,Rizia/Turn 9/A_MeetingWithSal,Player_Romus,en,「私には理解できない。あなたは私に何を求めているのか？」
0x0100009800037855,446,159,Rizia/Turn 9/A_MeetingWithSal,Player_Romus,en,「私は神政改革を実施することに賛成だ。あなたは私に何をさせたいのか？」
0x010000980003785D,446,160,Rizia/Turn 9/A_MeetingWithSal,Player_Romus,en,「私にとってはどちらも変わりない。公の場で宗教的な献身を示すのは一つの方法だが、ヴルヘック教を政府の中心に据えることはしない。」
0x010000980003786B,446,161,Rizia/Turn 9/A_MeetingWithSal,Sal Ignacius,en,「神に感謝します！陛下も私と同じように、この王国の未来をご自身で構想しておられると知っていました。」
0x0100009800037B46,446,162,Rizia/Turn 9/A_MeetingWithSal,Narrator,en,まるで天からの啓示のように、そのオルガンが再び動き出した。皆は立ち上がり賛美歌を歌い始め、彼らの声が広間中に響き渡った。
0x0100009800037B4E,446,163,Rizia/Turn 9/A_MeetingWithSal,Sal Ignacius,en,「陛下、申し訳ございません。今は式典での職務を果たさなければなりません。」
0x0100009800037B85,446,164,Rizia/Turn 9/A_MeetingWithSal,Narrator,en,サルが信者たちの間に入っていくのを私は見ており、私もその行列を眺めていた。一人また一人と士官候補生たちがサルのもとへ近づき、サルは敬意を持って聖なる池から聖水を取り出し、それを飲むための杯に注いだ。
0x0100009800037B91,446,168,Rizia/Turn 9/A_MeetingWithSal,Sal Ignacius,en,「陛下、リジアの精神的指導者として神に選ばれたお身ですから、ご自身で行われるつもりがないのであれば別ですが。」
0x0100009800037B98,446,169,Rizia/Turn 9/A_MeetingWithSal,Player_Romus,en,「それは私にとって光栄なことだ。承る。」
0x0100009800037B9E,446,170,Rizia/Turn 9/A_MeetingWithSal,Player_Romus,en,「あなたがやってくれ。私はあなたがその神聖な義務を果たすのを妨げたくない。」
0x0100009800037BA6,446,171,Rizia/Turn 9/A_MeetingWithSal,Player_Romus,en,「いや、結構だ。しかしご厚意に感謝する。」
0x0100009800037BAD,446,172,Rizia/Turn 9/A_MeetingWithSal,Player_Romus,en,「もちろんだ！何をすべきか、明確な指示を与えてくれ。」
0x0100009800037BB5,446,173,Rizia/Turn 9/A_MeetingWithSal,Narrator,en,各士官候補生は順番にこの神聖な儀式に参加し、自らの信仰と王国への献身を示す象徴とした。
0x0100009800037BBC,446,174,Rizia/Turn 9/A_MeetingWithSal,Narrator,en,彼はステンドグラスから差し込む千変万化の光に照らされながら水を飲んだ。
0x0100009800037BCB,446,176,Rizia/Turn 9/A_MeetingWithSal,Narrator,en,私が新兵たちの集まる場所へ向かっていると、サルが聖水を配る作業に加わる前に何をすべきかについて説明してくれた。
0x0100009800037BD5,446,177,Rizia/Turn 9/A_MeetingWithSal,Narrator,en,一人また一人と兵士たちが近づいてくるたび、彼らは敬意を持って近づき、目の前に来るとお辞儀をした。
0x0100009800037BE2,446,181,Rizia/Turn 9/A_MeetingWithSal,Narrator,en,先日私が部屋の向こう側に投げ飛ばしたあの者だ。それでもなお…
0x0100009800037BE9,446,182,Rizia/Turn 9/A_MeetingWithSal,Narrator,en,この神聖な儀式に参加するために一人また一人と士官候補生たちが近づいてきて、自らの信仰と王国への献身を示したのであった。
0x0100009800037C02,446,186,Rizia/Turn 9/A_MeetingWithSal,Narrator,en,先日私が部屋の向こう側に投げ飛ばしたあの者だ。それでもなお…
0x0100009800037C13,446,188,Rizia/Turn 9/A_MeetingWithSal,Sal Ignacius,en,「陛下、それはヴルヘック教をリジア政府に完全に統合すること以外の何物でもありません。」
0x0100009800037C2B,446,189,Rizia/Turn 9/A_MeetingWithSal,Sal Ignacius,en,「どうやら我々の目標は、私が思っていたほど一致していないようです。そうであるなら、これ以上言うことはありません。」
0x0100009800037C40,446,192,Rizia/Turn 9/A_MeetingWithSal,Narrator,en,大賢者は丁寧に一礼して私のそばを去り、私は引き続きその儀式を見ていた。
0x0100009800037C47,446,193,Rizia/Turn 9/A_MeetingWithSal,Narrator,en,ある激励の演説と数曲の歌が終わった後、行列を見守っていた。
0x0100009800037C7F,446,195,Rizia/Turn 9/A_MeetingWithSal,Narrator,en,その聖域はこれらの運河を中心に建設され、その存在がデザインの中に取り入れられていた。
0x0100009800037C86,446,196,Rizia/Turn 9/A_MeetingWithSal,Narrator,en,私が水辺に跪き、その鏡のような水面をじっと見つめていた時、伝説で語られているように精神的な明晰さを得られることを願っていた。
0x0100009800037C91,446,200,Rizia/Turn 9/A_MeetingWithSal,Narrator,en,私が水辺に跪き、鏡のように静かな水面を見つめていると、ほとんど見分けがつかない老男がそこにいるのが見えた。
0x0100009800037C9A,446,201,Rizia/Turn 9/A_MeetingWithSal,Narrator,en,その時、水面の反射に別の見覚えのある顔が映っているのが見えた。大賢者サル・イグナティウスだった。
0x0100009800037CAA,446,202,Rizia/Turn 9/A_MeetingWithSal,Narrator,en,私はその結果を目の当たりにするためにここへ招かれていた。
0x0100009800037CB8,446,206,Rizia/Turn 9/A_MeetingWithSal,Narrator,en,間もなく、オルガンの壮大な音色が会場中に響き渡った。
0x0100009800037CD3,446,208,Rizia/Turn 9/A_MeetingWithSal,Sevrio Castellanus,en,「これはベニエヴォン学院の三回目の卒業クラスであり、同学院の中では最も権威の高いものです。」
0x0100009800037CDB,446,209,Rizia/Turn 9/A_MeetingWithSal,Sevrio Castellanus,en,「もし私の記憶が正しければ、陛下の叔父様はかつてこのアカデミーの卒業生でした。つまり、旧式のあのアカデミーです」
0x0100005200050E16,446,210,Rizia/Turn 9/A_MeetingWithSal,Player_Romus_Italic,en,私は何も言わずにいた。その間も新兵たちは次々と入ってきていた。
0x0100005200050E16,446,210,Rizia/Turn 9/A_MeetingWithSal,Player_Romus_Italic,Menu Text en,何も言わず、彼らを見守る
0x0100006A0001B21C,446,219,Rizia/Turn 9/A_MeetingWithSal,Narrator,en,彼は我々の前にいる見習い兵士たちを優しげな眼差しで見つめていた。
0x0100006A0001B223,446,220,Rizia/Turn 9/A_MeetingWithSal,Sal Ignacius,en,「六星の合の際、より密接な形で陛下に助言する用意があると申し上げました。大賢者を宰相の役職に任命する準備はできておられますか？」
0x0100006A0001B23E,446,221,Rizia/Turn 9/A_MeetingWithSal,Narrator,en,彼は敬意を込めてティトゥスを見つめた。
0x0100006A0001B275,446,222,Rizia/Turn 9/A_MeetingWithSal,Sal Ignacius,en,「陛下、宰相である者は神を敬う人間でなければならないのと同様に、すべての顧問もまたヴルヘック教の理念に通じていなければなりません。」
0x0100006A0001B27E,446,223,Rizia/Turn 9/A_MeetingWithSal,Sal Ignacius,en,「陛下、いかがでしょうか。古き物語のように、共にこの道を歩んでみませんか？」
0x0100006A0001B285,446,224,Rizia/Turn 9/A_MeetingWithSal,Player_Romus,en,「私にはこれらのことを全て約束することはできない。あなたの要求はあまりにも過度だ。申し訳ない、サル。」
0x0100006A0001B28B,446,225,Rizia/Turn 9/A_MeetingWithSal,Player_Romus,en,「我々は途中で会うことができる。現在の王室評議会の任期が終了したら宰相の任命を要請してくれ。その際、あなたをその職に考慮すると約束しよう。」
0x0100006A0001B293,446,226,Rizia/Turn 9/A_MeetingWithSal,Player_Romus,en,「我々はそうしよう。リジアは神の使者たちによって統治される、聖なるヴルヘック教の王国となるだろう。」
0x0100006A0001B29A,446,227,Rizia/Turn 9/A_MeetingWithSal,Sal Ignacius,en,「どうやら我々の目標は、私が思っていたほど一致していないようです。もしそうであり、ご意向を変えるつもりもないのであれば、これ以上この件について話すことはありません。」
0x0100006A0001B2AA,446,230,Rizia/Turn 9/A_MeetingWithSal,Sal Ignacius,en,「素晴らしいです！これが私にとって、そしてリジアにとってどれほど意味のあることか、お分かりになるはずがありません。」
0x0100006A0001B2B2,446,231,Rizia/Turn 9/A_MeetingWithSal,Sal Ignacius,en,「私は直ちに我々の変革の準備を始めます。陛下が我らが君主としておられることは、リジアにとって大きな幸運です。」
0x0100006A0001B2BC,446,233,Rizia/Turn 9/A_MeetingWithSal,Sal Ignacius,en,「陛下、ご加護を！この決断により我が王国に新たな時代が訪れます。神の導きが我々の進む道を照らす時代です。」
0x0100009800040C47,446,237,Rizia/Turn 9/A_MeetingWithSal,Sal Ignacius,en,「警戒を怠らず、あらゆる選択肢を検討するのは賢明です。たとえ平和的でないものであってもです。」
0x0100009800040C4E,446,238,Rizia/Turn 9/A_MeetingWithSal,Sevrio Castellanus,en,「ヴルヘックの守護者たちは、これ以上の暴力や混乱を防ぐ強力な抑止力となり得ます。」
0x0100009800040C55,446,239,Rizia/Turn 9/A_MeetingWithSal,Sevrio Castellanus,en,「我々が力を合わせれば、安定を維持し、暴力のさらなる激化を防ぐことができます。」
0x0100009800040C64,446,240,Rizia/Turn 9/A_MeetingWithSal,Sal Ignacius,en,「私は宰相として、国家や人々の魂に関する貴重な指導を行い、この国が世俗的な事柄においても精神的な面においても繁栄し続けるよう守ります。」
0x0100009800040C6C,446,241,Rizia/Turn 9/A_MeetingWithSal,Sal Ignacius,en,「私は新たに入隊した者たちに聖水を配布する役目を負っており、それが『ヴルヘックの守護者』となるための最後の手続きです。」
0x0100009800040C72,446,242,Rizia/Turn 9/A_MeetingWithSal,Narrator,en,各士官候補生はサルのもとに近づき、サルは神聖な池から聖水を恭しく取り出して杯に注ぎ、それを飲んだ。
0x0100009800040C79,446,243,Rizia/Turn 9/A_MeetingWithSal,Narrator,en,その間、私は神聖な池から聖水を丁寧にすくい上げて杯に注ぎ入れた。
0x010000520005828E,446,245,Rizia/Turn 9/A_MeetingWithSal,Player_Romus,en,「少なくとも我々二人には、依然として主が味方でいてくださっている。」
0x0100005200058295,446,246,Rizia/Turn 9/A_MeetingWithSal,Player_Romus,en,「私は、あなたがこの世の出来事にそんなに注意を払っているとは気づかなかった。」
0x010000520005829C,446,247,Rizia/Turn 9/A_MeetingWithSal,Player_Romus,en,「偉大なる賢者よ、あなたの霊的な助言は信頼している。しかし民衆を鎮めることに関しては、私の顧問団と相談した方が良いだろう。」
0x01000052000582A3,446,248,Rizia/Turn 9/A_MeetingWithSal,Sal Ignacius,en,「陛下、それもまたご自由に。ですが天地の結びつきは見かけ以上に深いものであることをお忘れなく。」
0x01000052000582AA,446,249,Rizia/Turn 9/A_MeetingWithSal,Sal Ignacius,en,「主とその聖なる使者たちです。」
0x01000052000582B1,446,250,Rizia/Turn 9/A_MeetingWithSal,Sal Ignacius,en,「陛下、私は国民の声に耳を傾けております。彼らが不満を抱いた時、最初に頼るのは聖堂なのです。」
0x01000052000582BB,446,251,Rizia/Turn 9/A_MeetingWithSal,Player_Romus,en,「王権に逆らう者たちは、私の復讐の全てを受け入れることになる。以上だ。」
0x01000052000582C8,446,255,Rizia/Turn 9/A_MeetingWithSal,Sal Ignacius,en,「はい、陛下。」
0x010000520005BDBB,446,256,Rizia/Turn 9/A_MeetingWithSal,Player_Romus,en,「叔父上に代わる者を据えることには疑問がある。」
0x010000520005BDC8,446,260,Rizia/Turn 9/A_MeetingWithSal,Player_Romus,en,「おっしゃる通り、その役職は既にしばらく空席のままだ。」
0x010000520005BDCF,446,261,Rizia/Turn 9/A_MeetingWithSal,Player_Romus,en,「叔父上が辞任されたので新しい宰相が必要だ。しかし他の候補者も考慮せずにあなたを単純に任命するわけにはいかない。守らなければならない規則があるのだ。」
0x010000520005BDD6,446,262,Rizia/Turn 9/A_MeetingWithSal,Player_Romus,en,「ウーゴは本来宗教的な人物だ。もし彼を引き続き側近として置いたらどうだろうか？」
0x010000520005BDDD,446,263,Rizia/Turn 9/A_MeetingWithSal,Player_Romus,en,「その案に反対するつもりはない。これまであなたの助言によって間違った道を歩んだことは一度もない。」
0x010000520005BDE4,446,264,Rizia/Turn 9/A_MeetingWithSal,Sal Ignacius,en,「陛下、まだお分かりになっていないようですね。重要な規則というのは神の定めたものだけです。」
0x010000520005BDEB,446,265,Rizia/Turn 9/A_MeetingWithSal,Sal Ignacius,en,「確かに。これは運命づけられていたのです。」
0x010000520005BDF2,446,266,Rizia/Turn 9/A_MeetingWithSal,Sal Ignacius,en,「もちろん、顧問として彼を留めておくことも可能です。しかし我が神聖な王国が繁栄するためには、宰相の地位は必ず神聖な僕によって占められなければなりません。」
0x010000520005BDF9,446,267,Rizia/Turn 9/A_MeetingWithSal,Sal Ignacius,en,「疑念を抱くのはごく当然のことです。しかし、心が告げる声や、幻視が予言したことに耳を傾けてください。」
0x010000520005BE00,446,268,Rizia/Turn 9/A_MeetingWithSal,Player_Romus,en,「私としては、この全ての計画があなたの権力奪取の試みではないとまだ信じられない。」
0x010000520005BE07,446,269,Rizia/Turn 9/A_MeetingWithSal,Sal Ignacius,en,「他の人を推薦できるならそうしますが、私は生涯を王権と天界との仲介者として過ごしてまいりました。これ以上適任者は思い当たりません。」
0x010000520005BE13,446,270,Rizia/Turn 9/A_MeetingWithSal,Sal Ignacius,en,「陛下、私はただ神の言葉を陛下のお耳に届けるだけでした。」
0x010000520005BE1B,446,271,Rizia/Turn 9/A_MeetingWithSal,Sal Ignacius,en,「次に、陛下がおっしゃるその近衛兵の問題があります。」
0x010000520005BE22,446,272,Rizia/Turn 9/A_MeetingWithSal,Sal Ignacius,en,「私の目から見れば、リジアの王がこのような目立つ物質的富の象徴を周囲に置くことは決して相応しいものではありません。」
0x010000520005BE28,446,273,Rizia/Turn 9/A_MeetingWithSal,Sal Ignacius,en,「陛下、ご配下の近衛兵たちは全員、金色の装飾を捨ててヴルヘックの守護者とならねばなりません。ゴルディオン隊長も私の意見に同意するでしょう。」
0x010000520005BE30,446,274,Rizia/Turn 9/A_MeetingWithSal,Player_Romus,en,「あなたは、私に何世紀にもわたるリジア人の王家の伝統を破るよう求めているのだ。」
0x010000520005BE37,446,275,Rizia/Turn 9/A_MeetingWithSal,Sal Ignacius,en,「せいぜい数十年程度です。陛下の祖母が近衛兵を完全に廃止したことをお忘れなく。」
0x010000520005BE3E,446,276,Rizia/Turn 9/A_MeetingWithSal,Player_Romus,en,「もし彼らが従いたくないとしたら？」
0x010000520005BE51,446,280,Rizia/Turn 9/A_MeetingWithSal,Sal Ignacius,en,「拡大された近衛兵のメンバーがセヴリオやここの見習いたちと力を合わせて行動する姿を想像してみてください。それは実に素晴らしい光景でしょう。」
0x010000520005BE59,446,281,Rizia/Turn 9/A_MeetingWithSal,Narrator,en,彼は士官候補生たちの方へ手を振った。
0x010000520005BE60,446,282,Rizia/Turn 9/A_MeetingWithSal,Sal Ignacius,en,「必ず代替者の手配ができるはずです。」
0x010000520005BE67,446,283,Rizia/Turn 9/A_MeetingWithSal,Player_Romus,en,「ああ、その通りだ。私は聖なる軍隊によって守られるのだね。」
0x010000520005BE75,446,284,Rizia/Turn 9/A_MeetingWithSal,Player_Romus,en,「もちろん彼も同意するだろう。これは最初からあなたと彼が望んでいたことだよね？」
0x010000520005BE7D,446,285,Rizia/Turn 9/A_MeetingWithSal,Sal Ignacius,en,「陛下、我々は決してそのような話題を陛下の背後で議論することはありません。」
0x010000520005BE84,446,286,Rizia/Turn 9/A_MeetingWithSal,Sal Ignacius,en,「ゴルディオン隊長の神への敬虔さは明らかです。近衛兵がすべてヴルヘックの守護者に取り込まれた今、彼の指導力は我々にとって最も強力な武器の一つとなるでしょう。」
0x010000520005BE8B,446,287,Rizia/Turn 9/A_MeetingWithSal,Narrator,en,彼はさらに声のトーンを低くした。
0x010000520005BE95,446,288,Rizia/Turn 9/A_MeetingWithSal,Sal Ignacius,en,「ついに、陛下……聖職者たちの指導のもとで王室評議会を再編成する必要がございます。」
0x010000520005BEA3,446,292,Rizia/Turn 9/A_MeetingWithSal,Player_Romus,en,「神官がアザロ女公爵よりも戦争や安全保障について詳しいなどとは考えられない。」
0x010000520005BEB0,446,296,Rizia/Turn 9/A_MeetingWithSal,Narrator,en,彼は神秘的な口調で話した。
0x010000520005BEB7,446,297,Rizia/Turn 9/A_MeetingWithSal,Sal Ignacius,en,「陛下、アザロ家の女性は別の役割を担わなければなりません。それははるかに重要な役割です。」
0x010000520005BEBE,446,298,Rizia/Turn 9/A_MeetingWithSal,Sal Ignacius,en,「陛下、アザロ夫人は神について何もご存知ではありません。そのことは彼女の目から明らかでした。」
0x010000520005BECB,446,302,Rizia/Turn 9/A_MeetingWithSal,Player_Romus,en,「ティトゥスは敬虔な人物だ。安全保障評議会のメンバーとして引き続き起用すべきだろう。」
0x010000520005BED2,446,303,Rizia/Turn 9/A_MeetingWithSal,Sal Ignacius,en,「陛下、彼はヴルヘックの守護者たちの隊長として必要なのです。評議会の業務はその役割を妨げることになります。」
0x010000520005BED9,446,304,Rizia/Turn 9/A_MeetingWithSal,Player_Romus,en,「もし私がタデウス将軍を評議会から外せば、軍はそれを決して容認しない。」
0x010000520005BEE0,446,305,Rizia/Turn 9/A_MeetingWithSal,Sal Ignacius,en,「おそらくアザロ将軍は、評議会の役職による気を散らすことがなく、故郷の州から軍を率いる機会を楽しめるでしょう。」
0x010000520005BEE7,446,306,Rizia/Turn 9/A_MeetingWithSal,Player_Romus,en,「エレナやラウレントを王室評議会から追放することはできない。私が子供の頃からずっと彼らはそこにいるのだから。」
0x010000520005BEEE,446,307,Rizia/Turn 9/A_MeetingWithSal,Sal Ignacius,en,「ヴェルナー様もエスキベル様も、長年にわたり王室に仕えて高潔な人生を送られました。その功績により、安らかな引退生活を送ることができているのです。」
0x010000520005BEF5,446,308,Rizia/Turn 9/A_MeetingWithSal,Player_Romus,en,「代議院がその変更を受け入れて喜ぶとは私には想像もできない。」
0x010000520005BF02,446,312,Rizia/Turn 9/A_MeetingWithSal,Sal Ignacius,en,「代議院の意見など何の意味もありません。そもそも最初から重要ではなかったのです。」
0x010000520005BF09,446,313,Rizia/Turn 9/A_MeetingWithSal,Player_Romus,en,「宗教的知識と政治的見識の両方を持つ顧問たちはどこで見つければよいのだろうか。経済が破綻してはゴルコンドにも行けない。」
0x010000520005BF10,446,314,Rizia/Turn 9/A_MeetingWithSal,Sal Ignacius,en,「その点はご心配なく。主が我々を正しい道へ導いてくださるでしょう。」
0x010000520005BF17,446,315,Rizia/Turn 9/A_MeetingWithSal,Player_Romus,en,「やっとのことだね。聖堂と国家が一つの全能的な機構として協力し合うのだ。」
0x010000520005BF1E,446,316,Rizia/Turn 9/A_MeetingWithSal,Sal Ignacius,en,「古の聖典が予言した通りです。」
0x010000520005BF2D,446,317,Rizia/Turn 9/A_MeetingWithSal,Sal Ignacius,en,「その時が来たら、あなたが賢明に選択してくださることを私は知っています。」
0x01000052000692CC,446,321,Rizia/Turn 9/A_MeetingWithSal,Sal Ignacius,en,「彼らの故指導者は偽の聖人とされており、陛下の民が王への信頼を失っていく様を見るのは私にとっても悲しいことです。彼らはその殉教を口実に混乱を引き起こそうとしているのです。」
0x01000052000692D3,446,322,Rizia/Turn 9/A_MeetingWithSal,Sal Ignacius,en,「彼らの指導者は偽りの偶像に過ぎません。私の民が彼を盲目的に崇拝しているものの、彼は彼らをどこへも導いてはいないのです。」
0x01000052000692E1,446,326,Rizia/Turn 9/A_MeetingWithSal,Sal Ignacius,en,「ダストヌリティ派やゴルコンド主義者たちが反乱軍と共に行動していることは私の心を痛めます。彼らは自分たちのヌーリティ教徒としての価値観を捨て去ってしまったのです。」
0x01000052000692EE,446,330,Rizia/Turn 9/A_MeetingWithSal,Sal Ignacius,en,「ダストヌリティの者たちが革命派と共に行動していることは私の心を痛めます。彼らは自分たちのヌーリティ教徒としての価値観を捨て去ってしまったのです。」
0x01000052000692FB,446,334,Rizia/Turn 9/A_MeetingWithSal,Sal Ignacius,en,「ゴルコンド主義者たちが反乱軍と共に行動していることは私の心を痛めます。これでやっと、彼らが真のヴルヘック教徒ではなかったという証拠になりました。」
0x010000520006930B,446,335,Rizia/Turn 9/A_MeetingWithSal,Narrator,en,私の隣では、セヴリオが落ち着いた様子で自軍を見回していた。
0x0100005200069317,446,337,Rizia/Turn 9/A_MeetingWithSal,Narrator,en,彼は声のトーンを下げ、激しい囁き声に変えた。
0x0100005200069328,446,344,Rizia/Turn 9/A_MeetingWithSal,Sal Ignacius,en,「陛下が建設なさった聖堂のおかげで、ヴルヘック教の教義は我が王国の隅々にまで広まっております。」
0x0100005200069331,446,345,Rizia/Turn 9/A_MeetingWithSal,Sal Ignacius,en,「陛下、ご承認くださったその大学によって、新たな世代の学識ある男女が育ち、彼らが前進して神の御心を広めていくことでしょう。」
0x010000980003781D,446,346,Rizia/Turn 9/A_MeetingWithSal,Sal Ignacius,en,「昔、私はリジアの未来についての幻視を見ました。それがついに現実となろうとしているのだと思います。」
0x0100005200069340,446,350,Rizia/Turn 9/A_MeetingWithSal,Sal Ignacius,en,「我々の大切な子供たちは、まだアルファベットを学ぶ前から、聖ヴルヘックの知恵によって祝福を受けているのです。」
0x0100009800037824,446,354,Rizia/Turn 9/A_MeetingWithSal,Sal Ignacius,en,「陛下のご支援により、ヴルヘック教の宗教団体は日々成長し、盛んになっております。」
0x010000520006934F,446,355,Rizia/Turn 9/A_MeetingWithSal,Narrator,en,彼の体を震えが駆け抜けた。
0x0100005200069357,446,356,Rizia/Turn 9/A_MeetingWithSal,Sal Ignacius,en,「陛下、その時が来ました。古い秩序が崩れ去り、ゴルコンダの偉大な黄金の柱が廃墟から立ち上がる時です。」
0x0100005200069365,446,357,Rizia/Turn 9/A_MeetingWithSal,Player_Romus,en,「私は準備ができている、大賢者。道を示してくれ。」
0x010000520006936C,446,358,Rizia/Turn 9/A_MeetingWithSal,Sal Ignacius,en,「喜んでそうする。」
0x0100009800037864,446,362,Rizia/Turn 9/A_MeetingWithSal,Player_Romus,en,「あなたは私を興奮させようとしているのか？実際、効果があるな。」
0x0100009800037C22,446,363,Rizia/Turn 9/A_MeetingWithSal,Sal Ignacius,en,「この件においては世俗的な欲望は必要ありません。私が言っているのは、ヴルヘック教をリジア政府に完全に統合することです。」
0x010000520006937E,446,364,Rizia/Turn 9/A_MeetingWithSal,Player_Romus,en,「いや、違う……これはあまりにも過剰だ。お前はリジアをデルディアに変えようとしているのだ。」
0x0100005200069385,446,365,Rizia/Turn 9/A_MeetingWithSal,Narrator,en,彼の声の調子が突然変わった。
0x010000520006938C,446,366,Rizia/Turn 9/A_MeetingWithSal,Sal Ignacius,en,「陛下、そのようなことはご存知のはずです。デルディアの神権政治は信者たちを無知の状態に保つことに依存していますが、我々のものは神の光をすべての人々に照らし届けるのです。」
0x0100005200069394,446,367,Rizia/Turn 9/A_MeetingWithSal,Player_Romus,en,「あなたが何を考えているのか、正確に教えてくれ。」
0x010000520006939C,446,368,Rizia/Turn 9/A_MeetingWithSal,Narrator,en,最後の見習い兵がその水を飲み終えると、セヴリオも静かにサルのもとへ近づいた。司祭はそっと祝福の言葉を囁き、私の護衛の唇に杯を優しく運んだ。
0x01000052000693A8,446,369,Rizia/Turn 9/A_MeetingWithSal,Narrator,en,最後の訓練生がその水を飲み終えた後、セヴリオも静かに私のところへ近づいてきた。
0x01000052000693B6,446,373,Rizia/Turn 9/A_MeetingWithSal,Player_Romus,en,「神はあなたのために大きな計画を持っている。準備はできているか？」
0x01000052000693BD,446,374,Rizia/Turn 9/A_MeetingWithSal,Player_Romus,en,「聖なるヴルヘックの名において、私はあなたにこの最も神聖な祝福を与える。」
0x01000052000693C4,446,375,Rizia/Turn 9/A_MeetingWithSal,Player_Romus,en,「喉が渇いているな、我々？」
0x01000052000693CB,446,376,Rizia/Turn 9/A_MeetingWithSal,Player_Romus,en,「これらの卒業生たちを誇りに思っていただければと思う。彼らが王国のためにしっかりと尽くせるように。」
0x01000052000693D2,446,377,Rizia/Turn 9/A_MeetingWithSal,Sevrio Castellanus,en,「彼らは必ずそう致します。」
0x01000052000693D9,446,378,Rizia/Turn 9/A_MeetingWithSal,Sevrio Castellanus,en,「陛下、できる限り準備は整っております。」
0x01000052000693E7,446,379,Rizia/Turn 9/A_MeetingWithSal,Sevrio Castellanus,en,「ありがとうございます、陛下。」
0x01000052000693EE,446,380,Rizia/Turn 9/A_MeetingWithSal,Narrator,en,彼は笑わなかった。
0x01000052000693FC,446,381,Rizia/Turn 9/A_MeetingWithSal,Narrator,en,私は杯を自分の護衛の唇に運んだ。
0x0100005200069406,446,382,Rizia/Turn 9/A_MeetingWithSal,Narrator,en,彼は、聖堂のステンドグラスから差し込む万華鏡のような光に照らされながら酒を飲んだ。
0x0100005200070F81,446,383,Rizia/Turn 9/A_MeetingWithSal,Narrator,en,セヴリオ・カステラヌス大佐とティトゥス・ゴルディオン大佐は、胸を張って中に入ってきた。
0x0100005200071928,446,384,Rizia/Turn 9/A_MeetingWithSal,Narrator,en,彼らはサルと私の両側に陣取り、ヴルヘックの守護者候補生たちが一列になって通路を進んできた。
0x0100005200071935,446,386,Rizia/Turn 9/A_MeetingWithSal,Narrator,en,オルガンから再び音が鳴り響き、大賢者は演説を終えた。セヴリオが前に進み出て、各訓練生の襟に星形のピンを取り付け始めた。
0x01000098000376D5,446,387,Rizia/Turn 9/A_MeetingWithSal,Narrator,en,セヴリオは身を乗り出し、静かな声で話した。
0x010000520007193D,446,388,Rizia/Turn 9/A_MeetingWithSal,Narrator,en,式典が続く中、サルは再び私の方を向いた。
0x0100005200071945,446,389,Rizia/Turn 9/A_MeetingWithSal,Narrator,en,私はこれほど生き生きとし、目的意識に満ちている自分を今まで感じたことがなかった。ついにその時が来たのだ。
0x0100005200071951,446,393,Rizia/Turn 9/A_MeetingWithSal,Narrator,en,私は誇りに満ちていた。近衛兵たちのことも、彼らを世間へ送り出した自分自身のこともだ。
0x010000C300001D9B,446,394,Rizia/Turn 9/A_MeetingWithSal,Narrator,en,セヴリオはさらに身を寄せ、声を囁きのように低くした。
0x010000C300001DAA,446,398,Rizia/Turn 9/A_MeetingWithSal,Sevrio Castellanus,en,「陛下、率直に申し上げますと――内乱を鎮圧するために『ヴルヘックの守護者』にご信頼を寄せてくださったことを、私は大変光栄に思っております。」
0x010000C300001DB1,446,399,Rizia/Turn 9/A_MeetingWithSal,Sevrio Castellanus,en,「私の部下たちは、この王国だけでなく神聖な秩序そのものに対しても、揺るぎない忠誠心を持って任務を遂行しております。」
0x010000C300001DB8,446,400,Rizia/Turn 9/A_MeetingWithSal,Sevrio Castellanus,en,「平和を取り戻すとは、神の意志を守ることです。」
0x010000C300001DBF,446,401,Rizia/Turn 9/A_MeetingWithSal,Player_Romus,en,「セヴリオ、この困難な時期に皆さんは見事に任務を果たしたね。私としてもそれ以上のことは期待していなかった。」
0x010000C300001DC6,446,402,Rizia/Turn 9/A_MeetingWithSal,Player_Romus,en,「あなたの献身は称賛に値するが、まだやるべきことは多い。ヴルヘックの守護者たちが最後までこれを成し遂げてくれるものと信じている。」
0x010000C300001DCD,446,403,Rizia/Turn 9/A_MeetingWithSal,Player_Romus,en,「正義が我々の側にある以上、必ず勝利を収められることに疑いはない。」
0x010000C300001DD4,446,404,Rizia/Turn 9/A_MeetingWithSal,Player_Romus,en,「神聖かどうかに関わらず、平和は力と警戒心によってもたらされるのだ。」
0x010000C300001DDB,446,405,Rizia/Turn 9/A_MeetingWithSal,Sevrio Castellanus,en,「私の部下たちは常に警戒心を忘れず、任務を遂行しております。我々は必ずや王国を裏切ることはありません。」
0x010000C300001DE2,446,406,Rizia/Turn 9/A_MeetingWithSal,Sevrio Castellanus,en,「我々は、これから起こるあらゆる事態に備えています。」
0x010000C300001DE8,446,407,Rizia/Turn 9/A_MeetingWithSal,Sevrio Castellanus,en,「信仰と鉄鋼が我々を勝利へと導いてくれるでしょう。」
0x010000C300001DEE,446,408,Rizia/Turn 9/A_MeetingWithSal,Sevrio Castellanus,en,「陛下、我々を信頼してくださるお気持ちが、我々の決意を一層強固なものにします。」
0x0100005200074813,446,413,Rizia/Turn 9/A_MeetingWithSal,Sal Ignacius,en,「陛下、異端の信仰を禁じられたおかげで、我々の信仰が花開く道が開けました。」
0x0100005200074822,446,417,Rizia/Turn 9/A_MeetingWithSal,Sal Ignacius,en,「陛下……守護者たちの結成により、我々は神の意志をリジアにもたらすという目標に一歩近づきました。しかし、聖なる王国を築くという我々の目的は依然として遠い先にあるようで恐れ多いのです。」
0x0100005200074829,446,418,Rizia/Turn 9/A_MeetingWithSal,Player_Romus,en,「我々の目標か？それは常にあなたの目標であり、サル、私のものではない。私が守護者団を設立したのは、平和を維持するためだけだ。」
0x0100005200074830,446,419,Rizia/Turn 9/A_MeetingWithSal,Sal Ignacius,en,「ふむ。それで、あなたがそれ以来、ヴルヘック教徒の集団を軽率に扱ってきた理由がわかりますね。」
0x0100005200074838,446,420,Rizia/Turn 9/A_MeetingWithSal,Player_Romus,en,「いつの日かリジアは神の栄光に包まれて栄えるだろう。」
0x010000520007483F,446,421,Rizia/Turn 9/A_MeetingWithSal,Sal Ignacius,en,「いつの日か。ヴルヘック教徒たちの要望を最優先にする王が現れた時です。」
0x0100005200074847,446,422,Rizia/Turn 9/A_MeetingWithSal,Player_Romus,en,「どういう意味か？私こそが予言にあった王ではないのだろうか？」
0x010000520007484E,446,423,Rizia/Turn 9/A_MeetingWithSal,Sal Ignacius,en,「かつてはあなたがその王であるかもしれないと思っていました。ですが、あなたの父上についても同じように考えていたのです...」
0x0100005200074855,446,424,Rizia/Turn 9/A_MeetingWithSal,Sal Ignacius,en,「陛下、私はもはや若者ではございません。予言というものも新聞紙同様、理解するのが難しいものです。」
0x010000520007485D,446,425,Rizia/Turn 9/A_MeetingWithSal,Player_Romus,en,「私としては、残りの治世を費やしてヴルヘック教の教義を広めること以上に望むものはない。しかし残念ながら、それは現実的ではない。」
0x0100005200074864,446,426,Rizia/Turn 9/A_MeetingWithSal,Sal Ignacius,en,「承知いたしました。どうか、ご自身の忠実な支持者たちを当たり前だと思わないでいただきたくお願い申し上げます。」
0x010000BE00004C8A,446,430,Rizia/Turn 9/A_MeetingWithSal,Sal Ignacius,en,「代議院についてですが……その機能を変更する理由は見当たりません。」
0x010000BE00004C91,446,431,Rizia/Turn 9/A_MeetingWithSal,Sal Ignacius,en,「民衆と直接つながる通路を持つことは有益でしょう。代表者たちが忠実なヴルヘック教徒である限りです。」
0x010000BE00004C98,446,432,Rizia/Turn 9/A_MeetingWithSal,Sal Ignacius,en,「しかし王室評議会については……聖職者たちの指導のもとで再編成される必要があります。」
0x010000BE00004C9E,446,433,Rizia/Turn 9/A_MeetingWithSal,Narrator,en,彼はさらに声のトーンを低くした。
0x01000052000756F4,446,434,Rizia/Turn 9/A_MeetingWithSal,Narrator,en,聖堂の合唱団は喜びに満ちた賛美歌を歌い始め、ヌールの神聖な務めを果たす全ての者たちを称えた。
0x010000C300016D9F,446,435,Rizia/Turn 9/A_MeetingWithSal,Sevrio Castellanus,en,「抗議活動によって損傷したインフラの修復や、避難した家族への援助などがそれにあたります。」
0x010000C30001BC76,446,439,Rizia/Turn 9/A_MeetingWithSal,Sal Ignacius,en,「宗教裁判所が設立されたおかげで、今や神の裁きがこの国の法律と共に行われているのです。」
0x0100009800040C8C,447,3,Rizia/Turn 9/Religous Meeting Notes,Sal Ignacius,en,「まず第一に、リジアのヴルヘック教の理念をより確固たるものにするためには、宰相の役職を宗教的な象徴的人物、つまり私自身が担うべきだと考えます。」
0x0100009800040C97,447,7,Rizia/Turn 9/Religous Meeting Notes,Player_Romus,en,「その職が最近空席になったことは存じている。だが、私の頭には他の候補者たちの姿が浮かんでいる。」
0x0100009800040C9F,447,8,Rizia/Turn 9/Religous Meeting Notes,Sal Ignacius,en,「まず、六星の合の夜にも申し上げましたが、リジアのヴルヘック教の原則をより確固たるものにするためには、宰相の役職を宗教的な象徴的人物、つまり私自身が担うべきだと考えます。」
0x0100009800040CAA,447,12,Rizia/Turn 9/Religous Meeting Notes,Sal Ignacius,en,「これにより、君主制と神聖な力との絆が強化されるだけでなく、我が国民の間に正義感と団結心も育まれるでしょう。」
0x0100009800040CB0,447,13,Rizia/Turn 9/Religous Meeting Notes,Sal Ignacius,en,「さらに、宗教的指導者として私は霊的な事柄について深い理解を持っており、国家と魂の両方に関して貴重な指導を与えることができます。それにより、この国が世俗的な事柄だけでなく精神的な面においても繁栄し続けることが保証されるのです。」
0x0100009800040CB6,447,14,Rizia/Turn 9/Religous Meeting Notes,Sal Ignacius,en,「私の二つ目の提案としまして、ヴルヘックの守護者たちに新たに与えられる任務に加え、現在近衛兵が担っている責務も彼らが引き継ぐべきだというものです。」
0x0100009800040CC1,447,18,Rizia/Turn 9/Religous Meeting Notes,Sal Ignacius,en,「私もまた守護者たちも、ヴルヘック教の神聖な理念に対する揺るぎない献身をもって王国の法を守ります。彼らは個人的な偏見や政治的動機から自由な正義を実現してくれるでしょう。」
0x0100009800040CC7,447,19,Rizia/Turn 9/Religous Meeting Notes,Sal Ignacius,en,「彼らの徹底した精神的修練と倫理的行動への献身により、慎重さと道徳的誠実さの両方が求められる敏感な事案を処理するのに最適です。私としては、彼らの方が近衛兵よりも有効だと考えます。」
0x0100009800040CCD,447,20,Rizia/Turn 9/Religous Meeting Notes,Player_Romus,en,「ああ、覚えている。そのような提案には依然として前向きであることを知れば、あなたも喜ぶだろう。」
0x0100009800040CD3,447,21,Rizia/Turn 9/Religous Meeting Notes,Player_Romus,en,「以前にも言ったが、改めて申し上げる……私はウーゴの後任になるつもりはない。他にどのような案があるのか？」
0x0100009800040CD9,447,22,Rizia/Turn 9/Religous Meeting Notes,Player_Romus,en,「ああ、そうだ。その通りだ。あなたが宰相としてね。それについて何と言っていたか？」
0x0100009800040CDF,447,23,Rizia/Turn 9/Religous Meeting Notes,Sal Ignacius,en,「そのお話を聞けて、私も大変嬉しいです。」
0x0100009800040CE5,447,24,Rizia/Turn 9/Religous Meeting Notes,Sal Ignacius,en,「そのようにお考えいただき、大変嬉しく存じます。それでですが、宮廷の改革と申しますと、王室評議会もそうした変革を迎える時期に来ているのではないかと思います。」
0x0100009800040CEB,447,25,Rizia/Turn 9/Religous Meeting Notes,Sal Ignacius,en,「司祭や聖職者たちで構成されるそのような後任者によって、決定が神の原理に密接に沿ったものとなるでしょう陛下。」
0x0100009800040CF1,447,26,Rizia/Turn 9/Religous Meeting Notes,Sal Ignacius,en,「そのような評議会によって、王国はより信仰に基づいた統治へと導かれ、道徳的誠実さと精神的指導が我々の統治のあらゆる側面を形作ることになるでしょう。」
0x0100009800040CF7,447,27,Rizia/Turn 9/Religous Meeting Notes,Sal Ignacius,en,「この変更により、我々は精神的な原則に基づく政府の樹立へと進み、神の法が最も高い地位を占める統治体制が実現するでしょう。」
0x0100009800040CFD,447,28,Rizia/Turn 9/Religous Meeting Notes,Sal Ignacius,en,「最後に、今回は王室評議会を関与させた最終的な提案があります。」
0x0100009800040D03,447,29,Rizia/Turn 9/Religous Meeting Notes,Sal Ignacius,en,「陛下、ではどうでしょうか。私の手を取り、地上に神の天国を築くというこの正しい旅路にご一緒していただけませんか？」
0x0100009800040D09,447,30,Rizia/Turn 9/Religous Meeting Notes,Player_Romus,en,「まあ、宰相の役割というなら、その職はあなたのものだと考えなさい。」［宰相を任命する］
0x0100009800040D0F,447,31,Rizia/Turn 9/Religous Meeting Notes,Player_Romus,en,「私はあなたの代わりにウーゴの地位を奪うつもりはない。」
0x0100009800040D15,447,32,Rizia/Turn 9/Religous Meeting Notes,Sal Ignacius,en,「それは素晴らしいですね！王国の将来について、我々が同じビジョンと目標を共有していることを知り、大変心強く思います。」
0x0100009800040D1B,447,33,Rizia/Turn 9/Religous Meeting Notes,Sal Ignacius,en,「ビジョンと申しますと、それが私が話したい最後のテーマにつながります……すなわち王室評議会のことです。」
0x0100009800040D21,447,34,Rizia/Turn 9/Religous Meeting Notes,Player_Romus,en,「私としてはそのような旅に出ることに抵抗はない。だが、ウーゴの後任については、以前も申し上げた通り、断じて受け入れられない。」
0x0100009800040D2C,447,38,Rizia/Turn 9/Religous Meeting Notes,Player_Romus,en,「宰相の職については、私の答えは既にご存知だろう。それはあなたのものだ。」
0x0100009800040D36,447,40,Rizia/Turn 9/Religous Meeting Notes,Sal Ignacius,en,「そのようなこととは、残念でございます。」
0x0100009800040D40,447,42,Rizia/Turn 9/Religous Meeting Notes,Sal Ignacius,en,「素晴らしいです！これが私にとって、そしてリジアにとってどれほど意味のあることか、お分かりになるはずがありません。」
0x0100009800040D4A,447,44,Rizia/Turn 9/Religous Meeting Notes,Player_Romus,en,「もし本当に宰相の地位を望むのであれば、近く行われる評議会の改組の際に願い出ることができる。私の意図が分かっているなら、あなたの申請は*最も細やかな注意*をもって検討されることを保証する。」［宰相の座を約束する］
0x0100009800040D50,447,45,Rizia/Turn 9/Religous Meeting Notes,Sal Ignacius,en,「それがなければ、我々は正義の道からさらに逸脱し、神の意志を見捨てる危険に直面するでしょう。」
0x0100009800040D56,447,46,Rizia/Turn 9/Religous Meeting Notes,Sal Ignacius,en,「これらの変更を部分的にでも実施することは、神聖な統治を確立するための前進となるでしょう。神の意志を実現していく道のりにおいて、これは有望な出発点です。」
0x0100009800040D5C,447,47,Rizia/Turn 9/Religous Meeting Notes,Sal Ignacius,en,「我々の前には明るい未来しか見えません。陛下が我々の君主としておられることは、リジアにとって大変な幸運です。」
0x0100009800040D62,447,48,Rizia/Turn 9/Religous Meeting Notes,Sal Ignacius,en,「近衛兵や王室評議会の後任についてはどうなっていますか？」
0x0100009800040D68,447,49,Rizia/Turn 9/Religous Meeting Notes,Player_Romus,en,「私もどちらも好きではない。普段は大胆な行動にも前向きだが、これは度を越しており、やり過ぎだと思う。」
0x0100009800040D6E,447,50,Rizia/Turn 9/Religous Meeting Notes,Player_Romus,en,「私はあなたの未来に対する洞察力を高く評価している。あなたが提案した王室評議会の人選案について、真剣に検討してみよう。」
0x0100009800040D74,447,51,Rizia/Turn 9/Religous Meeting Notes,Player_Romus,en,「両者とも非常に複雑な提案であり、もし承認されれば多大な時間と計画を要することになる。」
0x0100009800040D7A,447,52,Rizia/Turn 9/Religous Meeting Notes,Sal Ignacius,en,「陛下、ご理解いただけます。もう少し時間をいただきご検討いただければ、改めてこれらの提案について話し合えるかと存じます。」
0x0100009800040D80,447,53,Rizia/Turn 9/Religous Meeting Notes,Sal Ignacius,en,「はい、もちろんです。それならこれ以上その話はしません。また今度にしましょう。」
0x0100009800040D86,447,54,Rizia/Turn 9/Religous Meeting Notes,Sal Ignacius,en,「どうかそうしてください。陛下がその改革を推し進めてくだされば、我々が成し遂げられる可能性は計り知れません。」
0x0100009800040D8C,447,55,Rizia/Turn 9/Religous Meeting Notes,Player_Romus,en,「あなたの未来に対するビジョンは称賛に値する。近衛兵の交代案については、私が慎重に検討しよう。」
0x0100009800040D92,447,56,Rizia/Turn 9/Religous Meeting Notes,Sal Ignacius,en,「お願いです、どうかそうしてください。陛下がその改革を推し進めてくだされば、我々が成し遂げられる可能性は計り知れません。」
0x0100009800040D98,447,57,Rizia/Turn 9/Religous Meeting Notes,Sal Ignacius,en,「それは素晴らしい知らせです！もちろんです。より適切な時期が来たら、改めてこの件について話し合います。」
0x0100009800040DA6,447,60,Rizia/Turn 9/Religous Meeting Notes,Player_Romus,en,「その二つの提案が実現できない理由は私には見当たらないが、今すぐ決定を下したいとは思っておらない。」
0x0100009800040DB8,447,64,Rizia/Turn 9/Religous Meeting Notes,Sal Ignacius,en,「ともかく、お時間をいただきありがとうございます。」
0x0100009800040DBE,447,65,Rizia/Turn 9/Religous Meeting Notes,Player_Romus,en,「安心してくれ。私は必ず必要な改革を実施し、リジア王国を地上における神の国として築き上げてまいる。」［完全な神権政治］
0x0100009800040DC4,447,66,Rizia/Turn 9/Religous Meeting Notes,Player_Romus,en,はっきりさせておくが、私はこの王国を宗教的原理によって統治される神聖な領域へと変えるつもりは全くない――少なくともあなた方が想像しているような形では。［神権政治にしない］
0x0100009800040DCA,447,67,Rizia/Turn 9/Religous Meeting Notes,Player_Romus,en,「あなたの提案する改革をすべて実施するとは約束できないが、いくつかについては検討の余地がある。聖堂の影響から独立した形で、国家としての自律性を保つ必要があるのだ。」［部分的な神権政治］
0x0100009800040DD0,447,68,Rizia/Turn 9/Religous Meeting Notes,Player_Romus,en,「経済の安定や外交関係といった問題に関しては、あなたの提案するすべての改革を実行することは到底不可能だ。だが、ある程度の協力については受け入れよう。」 ［部分的な神権政治］
0x0100009800040DE6,447,73,Rizia/Turn 9/Religous Meeting Notes,Sal Ignacius,en,「陛下、ご加護を。この重大な決断により我が王国に新たな時代が訪れます。神の導きが我々の前進する道を照らす時代です。」
0x0100009800040DEC,447,74,Rizia/Turn 9/Religous Meeting Notes,Sal Ignacius,en,「全体として、私の提案の少なくとも一部を受け入れていただけると聞き、大変安心しました。これは私が構想していた完全な神権主義的改革には及びませんが、それでも一歩前進したことを意味しています。」
0x0100009800040DF2,447,75,Rizia/Turn 9/Religous Meeting Notes,Sal Ignacius,en,「宰相として、私は神と陛下から託された期待を上回るよう努め、あらゆる任務を最大限の勤勉さと献身心をもって遂行していくことを誓います。」
0x0100009800040E04,447,82,Rizia/Turn 9/Religous Meeting Notes,Sal Ignacius,en,「陛下、将来の宰相として、神と国王の両方から託された期待を上回るよう努め、あらゆる任務を最大限の勤勉さと献身心をもって遂行してまいります。」
0x0100009800040E0F,447,86,Rizia/Turn 9/Religous Meeting Notes,Sal Ignacius,en,「陛下、私の提案の少なくとも一部を受け入れていただけると聞き、大変心強く思います。それは私が構想していた完全な神権主義的改革には及びませんが、それでも一歩前進したことを意味しております。」
0x0100009800040E15,447,87,Rizia/Turn 9/Religous Meeting Notes,Sal Ignacius,en,「陛下の提案をすべて拒否されると聞いて、私は大変悲しく思います。そのような措置を実施することは、神聖な統治体制を確立するための重要な一歩となったはずです。」
0x0100009800040E1F,447,89,Rizia/Turn 9/Religous Meeting Notes,Sal Ignacius,en,「そのお言葉は大変励みになります。時が来たら必ず願い出を行います。」
0x0100009800040E25,447,90,Rizia/Turn 9/Religous Meeting Notes,Sal Ignacius,en,「再び感謝いたします、陛下。これが私にとって、そしてリジアにとってどれほど大きな意味を持つか、陛下にはお分かりにならないでしょう。」
0x0100009800040E2B,447,91,Rizia/Turn 9/Religous Meeting Notes,Sal Ignacius,en,「私をそのような地位に任命することの利点は計り知れないほど大きいのです。」
0x0100009800040E31,447,92,Rizia/Turn 9/Religous Meeting Notes,Sal Ignacius,en,「わかりました。それでは次に進みましょう...」
0x0100009800040E37,447,93,Rizia/Turn 9/Religous Meeting Notes,Player_Romus,en,「まあ、ティトゥスがそれを喜ばないのは言うまでもない。だが、彼は私の警備顧問だから、『ヴルヘック教』への揺るぎない献身を考えれば、大した騒ぎは起こさないだろう。」
0x0100009800040E42,447,97,Rizia/Turn 9/Religous Meeting Notes,Sal Ignacius,en,「私の二つ目の提案としましては、現在近衛兵が担っている責務を『ヴルヘックの守護者』たちに移譲することです。」
0x0100009800040E48,447,98,Rizia/Turn 9/Religous Meeting Notes,Player_Romus,en,「なるほど。もしこの王国が唯一真実の信仰を完全に受け入れるのであれば、統治のあらゆる面においてそれが求められる。」
0x0100009800040E4E,447,99,Rizia/Turn 9/Religous Meeting Notes,Player_Romus,en,「近衛兵が君主制を守ってきた歴史は何世紀にもわたる。私はそんな長年続く伝統を捨て去るような統治者にはならない。」
0x0100009800040E54,447,100,Rizia/Turn 9/Religous Meeting Notes,Player_Romus,en,ああ、伝統など捨て去ればいい。もちろんだ！その考えには賛成だ。宮殿にも確かに改革が必要だろう。
0x0100009800040E5A,447,101,Rizia/Turn 9/Religous Meeting Notes,Player_Romus,en,「まあ、ティトゥスがそれを喜ばないのは言うまでもない。」
0x0100009800040E60,447,102,Rizia/Turn 9/Religous Meeting Notes,Sal Ignacius,en,「それでは、最後に話し合いたかったテーマです……王室評議会の件についてです。」
0x0100009800040E6B,447,106,Rizia/Turn 9/Religous Meeting Notes,Sal Ignacius,en,「素晴らしい！陛下と私が力を合わせれば、この計画を必ず成し遂げることができます。」
0x0100009800040E71,447,107,Rizia/Turn 9/Religous Meeting Notes,Sal Ignacius,en,「実は、その件を持ち出してくれて嬉しいです。私の最終的な提案は王室評議会に関するものです。」
0x0100009800040E77,447,108,Rizia/Turn 9/Religous Meeting Notes,Sal Ignacius,en,「簡単に言えば、彼らの代わりに宗教評議会を設置すべきです。」
0x0100009800040E7D,447,109,Rizia/Turn 9/Religous Meeting Notes,Sal Ignacius,en,「ゴルディオン隊長はこの王国で最も高潔な人物の一人です。我々なら、彼に守護者たちの下で同様の役職を担ってもらう手配ができるはずです。」
0x0100009800040E83,447,110,Rizia/Turn 9/Religous Meeting Notes,Sal Ignacius,en,「陛下、そのようにお考えいただけて光栄です。それは私が王室評議会へ提出する最終的な提案とも完全に一致しております。」
0x0100009800040E89,447,111,Rizia/Turn 9/Religous Meeting Notes,Sal Ignacius,en,「もちろんです。私は彼らの過去の功績を貶めたり軽視したりするつもりはございません。ただ、この王国がその潜在能力を最大限に発揮できるようにしたいだけです。」
0x0100009800040E99,447,118,Rizia/Turn 9/Religous Meeting Notes,Player_Romus,en,「もちろんだ！私もそのような変更を検討していた。」
0x0100009800040EA3,447,120,Rizia/Turn 9/Religous Meeting Notes,Player_Romus,en,「もちろんだ。疑う余地はない。あなたのような精神的指導者がいない状態で宗教的な政府を統治すること自体が罪に他ならない。」［宰相を任命する］
0x0100009800040EB1,447,122,Rizia/Turn 9/Religous Meeting Notes,Sal Ignacius,en,「とはいえ、ゴルディオン隊長の揺るぎないヴルヘック教への献身を考慮するなら、現在の職務は続けつつも守護者たちを監督してもらうことを私は推奨します。」
0x0100006A00017C36,448,3,Rizia/Turn 9/FPnT_ZilleReferendum,Lucita Azaro,en,「陛下。」
0x0100006A00017C3B,448,4,Rizia/Turn 9/FPnT_ZilleReferendum,Taddeus Azaro,en,「陛下。」
0x0100006A00017C40,448,5,Rizia/Turn 9/FPnT_ZilleReferendum,Titus Gordion,en,「陛下。」
0x0100009A0000D7E3,448,6,Rizia/Turn 9/FPnT_ZilleReferendum,Narrator,en,ジャレスでは晴れやかで美しい日が続いていた。私が滞在していた丘の上にある屋敷の高い窓から、色とりどりのパラソルを差しながら海辺で楽しそうに過ごすブレナスの住民たちの姿が見えた。
0x0100009A0000D7EA,448,7,Rizia/Turn 9/FPnT_ZilleReferendum,Narrator,en,少なくともパベルは、私のために極めて珍しいシャンパン一本と、それを開けるための金色の剣を手に入れてくれていた。
0x0100009A0000D7F0,448,8,Rizia/Turn 9/FPnT_ZilleReferendum,Narrator,en,私はため息をつき、太陽と砂浜が恋しく思った。しかし実際には、私は側近たちと共に狭い部屋に閉じ込められていたのだった。
0x0100009A0000D7F8,448,9,Rizia/Turn 9/FPnT_ZilleReferendum,Laurento Esquibel,en,「もうすぐ始まります、陛下。」
0x0100009A0000D7FD,448,10,Rizia/Turn 9/FPnT_ZilleReferendum,Narrator,en,ラウレントが私の前に来てお辞儀をし、テレビの前にあるアンティークソファの方を指差した。
0x0100009A0000D829,448,21,Rizia/Turn 9/FPnT_ZilleReferendum,Narrator,en,彼が言及していたのはジルの国民投票のことだった。それは我々の最北地域の運命を決定づける出来事であり、またこの素晴らしい日に我々全員がここに集まっている理由でもあったのだ。
0x0100009A0000D830,448,22,Rizia/Turn 9/FPnT_ZilleReferendum,Player_Romus,en,「伝えてくださり、ありがとう、ラウレント。」
0x0100009A0000D83D,448,23,Rizia/Turn 9/FPnT_ZilleReferendum,Player_Romus_Italic,en,私はソファの方へ移動した。
0x0100009A0000D83D,448,23,Rizia/Turn 9/FPnT_ZilleReferendum,Player_Romus_Italic,Menu Text en,ソファに移動する
0x0100009A0000D875,448,30,Rizia/Turn 9/FPnT_ZilleReferendum,Narrator,en,ルシータはお辞儀をして、私の隣に座った。
0x0100009A0000D87B,448,31,Rizia/Turn 9/FPnT_ZilleReferendum,Narrator,en,タデウスはお辞儀をして、私が座っている場所の隣まで車椅子で移動した。
0x0100009A0000D881,448,32,Rizia/Turn 9/FPnT_ZilleReferendum,Narrator,en,ティトゥスはお辞儀をして、私の隣に座った。
0x0100009A0000D88A,448,33,Rizia/Turn 9/FPnT_ZilleReferendum,Player_Romus_Italic,en,私はテレビの電源を入れた。
0x0100009A0000D88A,448,33,Rizia/Turn 9/FPnT_ZilleReferendum,Player_Romus_Italic,Menu Text en,テレビの電源を入れる
0x0100009A0000D89A,448,34,Rizia/Turn 9/FPnT_ZilleReferendum,Narrator,en,投票箱の開封率はわずか18％に過ぎなかった。まだ何とも言える段階ではなく、待つしかなかった。
0x0100009A0000D8A1,448,35,Rizia/Turn 9/FPnT_ZilleReferendum,Laurento Esquibel,en,「陛下、ご所見はいかがでしょうか？」
0x0100009A0000D8A8,448,36,Rizia/Turn 9/FPnT_ZilleReferendum,Player_Romus,en,「ジルはリジアへ戻ることに賛成票を投じる。他の展開は考えられない。」
0x0100009A0000D8AE,448,37,Rizia/Turn 9/FPnT_ZilleReferendum,Player_Romus,en,「もし民衆の意志がヴェーレンの一部であり続けることであるなら、私はそれを尊重する。」
0x0100009A0000D8B4,448,38,Rizia/Turn 9/FPnT_ZilleReferendum,Player_Romus,en,「私はどんな手段を使ってでも、ジルがリジアに戻るのを見届ける。」
0x0100009A0000D8BD,448,39,Rizia/Turn 9/FPnT_ZilleReferendum,Laurento Esquibel,en,「陛下、私が心配しているのは、この『意志』がヴェーレンによって操作されているのではないかということです。」
0x0100009A0000D8C3,448,40,Rizia/Turn 9/FPnT_ZilleReferendum,Laurento Esquibel,en,「ヴェーレンによる大規模な操作がなければ不可能です。残念ながら、それは十分にあり得ることです。」
0x0100009A0000D8C9,448,41,Rizia/Turn 9/FPnT_ZilleReferendum,Laurento Esquibel,en,「方法はあります。私は確信しております。」
0x0100009A0000D8FE,448,48,Rizia/Turn 9/FPnT_ZilleReferendum,Narrator,en,側近が部屋に入ってきて、ルシータの耳元で何かをささやいた。彼女は立ち上がり、再び一礼した。
0x0100009A0000D906,448,49,Rizia/Turn 9/FPnT_ZilleReferendum,Narrator,en,側近が部屋に入ってきて、タデウスの耳元で何かをささやいた。彼は立ち上がり、再び一礼した。
0x0100009A0000D90C,448,50,Rizia/Turn 9/FPnT_ZilleReferendum,Narrator,en,側近が部屋に入ってきて、ティトゥスの耳元で何かをささやいた。彼は立ち上がり、再び一礼した。
0x0100009A0000D915,448,51,Rizia/Turn 9/FPnT_ZilleReferendum,Lucita Azaro,en,「陛下、失礼いたします。緊急の連絡が入ったようです。」
0x0100009A0000D91B,448,52,Rizia/Turn 9/FPnT_ZilleReferendum,Taddeus Azaro,en,「陛下、失礼いたします。緊急の連絡が入ったようです。」
0x0100009A0000D921,448,53,Rizia/Turn 9/FPnT_ZilleReferendum,Titus Gordion,en,「陛下、失礼いたします。緊急の連絡が入ったようです。」
0x0100009A0000D92A,448,54,Rizia/Turn 9/FPnT_ZilleReferendum,Player_Romus,en,「帰ってくれ。」
0x0100009A0000D930,448,55,Rizia/Turn 9/FPnT_ZilleReferendum,Player_Romus,en,「失礼してもよろしい。」
0x0100009A0000D936,448,56,Rizia/Turn 9/FPnT_ZilleReferendum,Player_Romus,en,「はい、もちろんです。」
0x0100009A0000D945,448,57,Rizia/Turn 9/FPnT_ZilleReferendum,Player_Romus_Italic,en,私はドアの方へ手振りをした。
0x0100009A0000D945,448,57,Rizia/Turn 9/FPnT_ZilleReferendum,Player_Romus_Italic,Menu Text en,ドアの方に手振りする
0x0100009A0000D94F,448,58,Rizia/Turn 9/FPnT_ZilleReferendum,Narrator,en,投票箱の開封率は32％だった。これまでにジルの市民の約74％がヴェーレンへの加盟に反対票を投じていた。
0x0100009A0000D9D6,448,65,Rizia/Turn 9/FPnT_ZilleReferendum,Narrator,en,投票箱の開封率は32％だった。これまでにジルの市民の約53％がヴェーレンとの加盟に反対票を投じていた。
0x0100009A0000D9DC,448,66,Rizia/Turn 9/FPnT_ZilleReferendum,Narrator,en,投票箱の開封率は32％だった。これまでにジルの市民の約21％がヴェーレンへの加盟に反対票を投じていた。
0x0100009A0000DA0F,448,73,Rizia/Turn 9/FPnT_ZilleReferendum,Narrator,en,部屋の扉が大きく開き、ルシータが駆け込んできた。
0x0100009A0000DA15,448,74,Rizia/Turn 9/FPnT_ZilleReferendum,Narrator,en,部屋の扉が大きく開き、タデウスが駆け込んできた。
0x0100009A0000DA1B,448,75,Rizia/Turn 9/FPnT_ZilleReferendum,Narrator,en,部屋の扉が大きく開き、ティトゥスが駆け込んできた。
0x0100009A0000DA21,448,76,Rizia/Turn 9/FPnT_ZilleReferendum,Lucita Azaro,en,「陛下、我が国の外国情報機関から重要な知らせを受け取りました。」
0x0100009A0000DA91,448,80,Rizia/Turn 9/FPnT_ZilleReferendum,Narrator,en,そのチャンネルは突然、緊急ニュースに切り替わった。
0x0100009A0000DAA6,448,87,Rizia/Turn 9/FPnT_ZilleReferendum,Narrator,en,彼らは機関銃を持ち、腕に黒と赤のパッチをつけていた。警察の姿はどこにも見当たらなかった。
0x0100009A0000DAAD,448,88,Rizia/Turn 9/FPnT_ZilleReferendum,Narrator,en,そのチャンネルは突然、緊急ニュースに切り替わった。
0x0100009A0000DAB3,448,89,Rizia/Turn 9/FPnT_ZilleReferendum,Narrator,en,彼らは機関銃を持ち、腕に黒と赤のパッチをつけていた。警察の姿はどこにも見当たらなかった。
0x0100009A0000DAD6,448,93,Rizia/Turn 9/FPnT_ZilleReferendum,Lucita Azaro,en,「ご覧の通り、武装した過激派グループが有権者たちを脅かし始めております。今この瞬間も彼らは選挙センターを占拠しているのです。」
0x0100009A0000DADC,448,94,Rizia/Turn 9/FPnT_ZilleReferendum,Laurento Esquibel,en,「まあ、これは良くないことに違いありません。」
0x0100009A0000DB00,448,98,Rizia/Turn 9/FPnT_ZilleReferendum,Lucita Azaro,en,「どうやらこの国民投票に勝つ見込みです。現時点で大多数の票が我々の側にあります。」
0x0100009A0000DB07,448,99,Rizia/Turn 9/FPnT_ZilleReferendum,Lucita Azaro,en,「最初の調査結果によると、この国民投票に負ける見込みです。すぐに行動を起こさなければなりません。」
0x0100009A0000DB18,448,100,Rizia/Turn 9/FPnT_ZilleReferendum,Lucita Azaro,en,「ジルの民とこれらの侵入者たちの間で街頭での戦闘が起きております。状況は良くありませんね。」
0x0100009A0000DB20,448,104,Rizia/Turn 9/FPnT_ZilleReferendum,Lucita Azaro,en,「恐れ入りますが、近々内戦が勃発する可能性があります。」
0x0100009A0000DB28,448,105,Rizia/Turn 9/FPnT_ZilleReferendum,Lucita Azaro,en,「私が確かに知っているのは、彼らの存在が投票の進行を妨げているということです。」
0x0100009A0000DB57,448,118,Rizia/Turn 9/FPnT_ZilleReferendum,Lucita Azaro,en,「この事態は、どちらに転ぶか分かりません。」
0x0100009A0000DB61,448,119,Rizia/Turn 9/FPnT_ZilleReferendum,Lucita Azaro,en,「さらに、ジルリアのヴェゼク支持者たちが国民投票の結果に影響を与えようとしているという報告を受けております。」
0x0100009A0000DB68,448,120,Rizia/Turn 9/FPnT_ZilleReferendum,Lucita Azaro,en,「さらに、スモラクの部下たちが国民投票の結果に影響を与えようとしている証拠もあります。」
0x0100009A0000DB6F,448,121,Rizia/Turn 9/FPnT_ZilleReferendum,Lucita Azaro,en,「陛下、彼らがヴェーレンと関連しているという直接的な証拠はありませんが、スモラクがどれほどのことを成し得るかは我々全員がよく知っております。」
0x0100009A0000DB75,448,122,Rizia/Turn 9/FPnT_ZilleReferendum,Lucita Azaro,en,「我々は、有権者を脅迫し暴力を扇動しようとする工作員を発見しました。尋問の結果、彼らがヴェーレンと直接つながっていることが明らかになりました。」
0x0100009A0000DB7D,448,123,Rizia/Turn 9/FPnT_ZilleReferendum,Lucita Azaro,en,「現時点では彼らがどちらの側にいるのかは分かりませんが、もうすぐ詳しいことがわかります。」
0x0100009A0000DB85,448,124,Rizia/Turn 9/FPnT_ZilleReferendum,Narrator,en,大勢の武装した過激派がジルの街路を占領し、彼らはスキーマスクで顔を隠していた。
0x0100009A0000DB8B,448,125,Rizia/Turn 9/FPnT_ZilleReferendum,Narrator,en,ごく少数の武装した過激派たちがスキーマスクで顔を隠し、ジルの街頭に現れた。
0x0100009A0000DB95,448,126,Rizia/Turn 9/FPnT_ZilleReferendum,Narrator,en,彼女はテレビを指差した。
0x0100009A0000DB9D,448,127,Rizia/Turn 9/FPnT_ZilleReferendum,Lucita Azaro,en,「陛下、我々はすぐに行動を起こさなければなりません。あらゆる緊急対応計画も、陛下のご命令があれば即座に実行できる状態で準備されております。」
0x0100009A0000DBA5,448,128,Rizia/Turn 9/FPnT_ZilleReferendum,Taddeus Azaro,en,「陛下、我が国の外国情報機関から重要な知らせを受け取りました。」
0x0100009A0000DBB5,448,135,Rizia/Turn 9/FPnT_ZilleReferendum,Taddeus Azaro,en,「ご覧の通り、武装した過激派グループが有権者たちを脅かし始めております。今この瞬間も彼らは選挙センターを占拠しているのです。」
0x0100009A0000DBC0,448,139,Rizia/Turn 9/FPnT_ZilleReferendum,Taddeus Azaro,en,「どうやらこの国民投票に勝つ見込みです。現時点で、大多数の票が我々の側に集まっています。」
0x0100009A0000DBC6,448,140,Rizia/Turn 9/FPnT_ZilleReferendum,Taddeus Azaro,en,「最初の調査結果によると、この国民投票に負ける見込みです。すぐに行動を起こさなければなりません。」
0x0100009A0000DBD1,448,144,Rizia/Turn 9/FPnT_ZilleReferendum,Taddeus Azaro,en,「ジルの民とこれらの侵入者たちの間で街頭での戦闘が起きております。状況は良くありませんね。」
0x0100009A0000DBD7,448,145,Rizia/Turn 9/FPnT_ZilleReferendum,Taddeus Azaro,en,「恐れ入りますが、近々内戦が勃発する可能性があります。」
0x0100009A0000DBDD,448,146,Rizia/Turn 9/FPnT_ZilleReferendum,Taddeus Azaro,en,「私が確かに知っているのは、彼らの存在が投票の進行を妨げているということです。」
0x0100009A0000DBE3,448,147,Rizia/Turn 9/FPnT_ZilleReferendum,Taddeus Azaro,en,「この事態は、どちらに転ぶか分かりません。」
0x0100009A0000DBE9,448,148,Rizia/Turn 9/FPnT_ZilleReferendum,Taddeus Azaro,en,「さらに、ジルリアのヴェゼク支持者たちが国民投票の結果に影響を与えようとしているという報告を受けております。」
0x0100009A0000DBEF,448,149,Rizia/Turn 9/FPnT_ZilleReferendum,Taddeus Azaro,en,「さらに、スモラクの部下たちが国民投票の結果に影響を与えようとしている証拠もあります。」
0x0100009A0000DBF5,448,150,Rizia/Turn 9/FPnT_ZilleReferendum,Taddeus Azaro,en,「陛下、彼らがヴェーレンと関連しているという直接的な証拠はありませんが、スモラクがどれほどのことを成し得るかは我々全員がよく知っております。」
0x0100009A0000DBFB,448,151,Rizia/Turn 9/FPnT_ZilleReferendum,Taddeus Azaro,en,「我々は、有権者を脅迫し暴力を扇動しようとする工作員を発見しました。尋問の結果、彼らがヴェーレンと直接つながっていることが明らかになりました。」
0x0100009A0000DC01,448,152,Rizia/Turn 9/FPnT_ZilleReferendum,Taddeus Azaro,en,「現時点では彼らがどちらの側についているのかは分かりませんが、もうすぐ詳しいことがわかります。」
0x0100009A0000DC07,448,153,Rizia/Turn 9/FPnT_ZilleReferendum,Narrator,en,彼はテレビを指差した。
0x0100009A0000DC0D,448,154,Rizia/Turn 9/FPnT_ZilleReferendum,Taddeus Azaro,en,「陛下、我々はすぐに行動を起こさなければなりません。あらゆる緊急対応計画も、陛下のご命令があれば即座に実行できる状態で準備されております。」
0x0100009A0000DC2A,448,155,Rizia/Turn 9/FPnT_ZilleReferendum,Titus Gordion,en,「陛下、我が国の外国情報機関から重要な知らせを受け取りました。」
0x0100009A0000DC3A,448,162,Rizia/Turn 9/FPnT_ZilleReferendum,Titus Gordion,en,「ご覧の通り、武装した過激派グループが有権者たちを脅かし始めております。今この瞬間も彼らは選挙センターを占拠しているのです。」
0x0100009A0000DC45,448,166,Rizia/Turn 9/FPnT_ZilleReferendum,Titus Gordion,en,「どうやらこの国民投票に勝つ見込みです。現時点で、大多数の票が我々の側に集まっています。」
0x0100009A0000DC4B,448,167,Rizia/Turn 9/FPnT_ZilleReferendum,Titus Gordion,en,「最初の調査結果によると、この国民投票に負ける見込みです。すぐに行動を起こさなければなりません。」
0x0100009A0000DC56,448,171,Rizia/Turn 9/FPnT_ZilleReferendum,Titus Gordion,en,「ジルの民とこれらの侵入者たちの間で街頭での戦闘が起きております。状況は良くありませんね。」
0x0100009A0000DC5C,448,172,Rizia/Turn 9/FPnT_ZilleReferendum,Titus Gordion,en,「恐れ入りますが、近々内戦が勃発する可能性があります。」
0x0100009A0000DC62,448,173,Rizia/Turn 9/FPnT_ZilleReferendum,Titus Gordion,en,「我々が確かに知っているのは、彼らの存在が投票の進行を妨げているということです。」
0x0100009A0000DC68,448,174,Rizia/Turn 9/FPnT_ZilleReferendum,Titus Gordion,en,「今は事態が両者の間で悪化する可能性もあります。」
0x0100009A0000DC6E,448,175,Rizia/Turn 9/FPnT_ZilleReferendum,Titus Gordion,en,「さらに、ジルリアのヴェゼク支持者たちが国民投票の結果に影響を与えようとしているという報告を受けております。」
0x0100009A0000DC74,448,176,Rizia/Turn 9/FPnT_ZilleReferendum,Titus Gordion,en,「さらに、スモラクの部下たちが国民投票の結果に影響を与えようとしている証拠もあります。」
0x0100009A0000DC7A,448,177,Rizia/Turn 9/FPnT_ZilleReferendum,Titus Gordion,en,「陛下、彼らがヴェーレンと関連しているという直接的な証拠はありませんが、スモラクがどれほどのことを成し得るかは我々全員がよく知っております。」
0x0100009A0000DC80,448,178,Rizia/Turn 9/FPnT_ZilleReferendum,Titus Gordion,en,「我々は、有権者を脅迫し暴力を扇動しようとする工作員を発見しました。尋問の結果、彼らがヴェーレンと直接つながっていることが明らかになりました。」
0x0100009A0000DC86,448,179,Rizia/Turn 9/FPnT_ZilleReferendum,Titus Gordion,en,「現時点では彼らがどちらの側にいるのかは分かりませんが、もうすぐ詳しいことがわかります。」
0x0100009A0000DC8C,448,180,Rizia/Turn 9/FPnT_ZilleReferendum,Narrator,en,彼はテレビを指差した。
0x0100009A0000DC92,448,181,Rizia/Turn 9/FPnT_ZilleReferendum,Titus Gordion,en,「陛下、すぐに行動を起こさなければなりません。我々はあらゆる選択肢を準備し、いつでも実行できる状態にしています。」
0x0100009A0000DCAF,448,182,Rizia/Turn 9/FPnT_ZilleReferendum,Laurento Esquibel,en,「陛下、今この時点で軽率な行動を取ることは極めて危険ですので、どうか慎重にご判断くださいますようお願い申し上げます。」
0x0100009A0000DCB5,448,183,Rizia/Turn 9/FPnT_ZilleReferendum,Laurento Esquibel,en,「しかし、それは陛下のご決断です。もし介入するのであれば、早急に行動すべきだと私は考えます。」
0x0100009A0000DCBE,448,184,Rizia/Turn 9/FPnT_ZilleReferendum,Narrator,en,テレビ司会者は最新の数値を持って戻ってきた。
0x0100009A0000DCC5,448,185,Rizia/Turn 9/FPnT_ZilleReferendum,Narrator,en,投票箱の開封率は43％だった。これまでに、住民の約62％がヴェーレンへの加盟に反対票を投じていた。
0x0100009A0000DCD5,448,192,Rizia/Turn 9/FPnT_ZilleReferendum,Narrator,en,投票箱の開封率は43％だった。これまでに住民の約53％がヴェーレンへの加盟に反対票を投じていた。
0x0100009A0000DCDB,448,193,Rizia/Turn 9/FPnT_ZilleReferendum,Narrator,en,投票箱の開封率は43％だった。これまでに住民の約35％がヴェーレンへの加盟に反対票を投じていた。
0x0100009A0000DCEE,448,194,Rizia/Turn 9/FPnT_ZilleReferendum,Narrator,en,私は少し時間をかけて考えた。
0x0100009A0000DD17,448,195,Rizia/Turn 9/FPnT_ZilleReferendum,Narrator,en,投票箱の開封率は49％だった。
0x0100009A0000DD1E,448,196,Rizia/Turn 9/FPnT_ZilleReferendum,Laurento Esquibel,en,「陛下、決断が必要です。」
0x0100009A0000DD25,448,197,Rizia/Turn 9/FPnT_ZilleReferendum,Narrator,en,我々全員が私を見つめ、私の決断を待っていた。
0x0100009A0000DD2C,448,198,Rizia/Turn 9/FPnT_ZilleReferendum,Narrator,en,突然……心がはっきりとした。私は自分が何をすべきかを理解したのだった。
0x0100009A0000DD33,448,199,Rizia/Turn 9/FPnT_ZilleReferendum,Player_Romus,en,「我々はリジア軍に介入する。我が軍は投票箱を守るためにジルへ進軍し、本来我々のものであるものを取り戻すつもりだ。」
0x0100009A0000DD39,448,200,Rizia/Turn 9/FPnT_ZilleReferendum,Player_Romus,en,「我々は、この国民投票に一切干渉するつもりはない。」
0x0100009A0000DD45,448,204,Rizia/Turn 9/FPnT_ZilleReferendum,Laurento Esquibel,en,「我々はすでに勝っているのですよね、陛下？」
0x0100009A0000DD4E,448,205,Rizia/Turn 9/FPnT_ZilleReferendum,Laurento Esquibel,en,「もし数時間のうちに何か変化が起きなければ……」
0x0100009A0000DD56,448,206,Rizia/Turn 9/FPnT_ZilleReferendum,Narrator,en,投票箱の開封率は52％だった。
0x0100009A0000DD5E,448,207,Rizia/Turn 9/FPnT_ZilleReferendum,Player_Romus,en,「ジルにいる我々の全工作員を活動させ、混乱に乗じて敵対勢力から票を奪おう。彼らが潜入していることを必ず確認しろ。」
0x0100009A0000DD72,448,210,Rizia/Turn 9/FPnT_ZilleReferendum,Lucita Azaro,en,「承知いたしました、陛下。」
0x0100009A0000DD78,448,211,Rizia/Turn 9/FPnT_ZilleReferendum,Taddeus Azaro,en,「すぐに、陛下。」
0x0100009A0000DD7E,448,212,Rizia/Turn 9/FPnT_ZilleReferendum,Titus Gordion,en,「陛下、すぐに手配いたします。」
0x0100009A0000DD9B,448,219,Rizia/Turn 9/FPnT_ZilleReferendum,Lucita Azaro,en,「承知いたしました、陛下。」
0x0100009A0000DDA1,448,220,Rizia/Turn 9/FPnT_ZilleReferendum,Taddeus Azaro,en,「はい、陛下。」
0x0100009A0000DDA7,448,221,Rizia/Turn 9/FPnT_ZilleReferendum,Titus Gordion,en,「陛下、ご意向はよくお分かりいたしました。」
0x0100009A0000DDBC,448,228,Rizia/Turn 9/FPnT_ZilleReferendum,Narrator,en,彼女は再びソファに腰を下ろした。
0x0100009A0000DDC3,448,229,Rizia/Turn 9/FPnT_ZilleReferendum,Narrator,en,彼は再びソファに腰を下ろした。
0x0100009A0000DDCB,448,230,Rizia/Turn 9/FPnT_ZilleReferendum,Narrator,en,我々全員の注意はテレビに向けられ、数字が変わっていく様子を見ていた。
0x0100009A0000DDD3,448,231,Rizia/Turn 9/FPnT_ZilleReferendum,Narrator,en,投票箱の開封率は84％だった。
0x0100009A0000DDDA,448,232,Rizia/Turn 9/FPnT_ZilleReferendum,Laurento Esquibel,en,「今となっては、その結果はほぼ確実です。」
0x0100009A0000DDE1,448,233,Rizia/Turn 9/FPnT_ZilleReferendum,Narrator,en,93％が開放されていた。
0x0100009A0000DDF4,448,234,Rizia/Turn 9/FPnT_ZilleReferendum,Narrator,en,98％オープンだった。画面に最終的な数値が表示されたとき、私の背筋に震えが走った。
0x0100009A0000DE03,448,235,Rizia/Turn 9/FPnT_ZilleReferendum,Narrator,en,最終的な国民投票の結果は「反対」で、ジルの住民の68％がその地域を再びリジアに返還することに賛成した。
0x0100009A0000DE13,448,242,Rizia/Turn 9/FPnT_ZilleReferendum,Narrator,en,最終的な国民投票の結果は「反対」で、ジルの住民の51％がその地域を再びリジアに返還することに賛成した。
0x0100009A0000DE19,448,243,Rizia/Turn 9/FPnT_ZilleReferendum,Narrator,en,最終的な国民投票の結果は「賛成」で、ジルの住民のうち地域を再びリジアに返還することに賛成したのはわずか32％だけだった。
0x0100009A0000DE2C,448,247,Rizia/Turn 9/FPnT_ZilleReferendum,Laurento Esquibel,en,「陛下、誠に申し訳ございません。スモラクがこのような裏切りを働くとは、私には到底思えませんでした。」
0x0100009A0000DE32,448,248,Rizia/Turn 9/FPnT_ZilleReferendum,Narrator,en,すべてが終わっていた。スモラクが私を打ち負かしたのだった。
0x0100009A0000DE39,448,249,Rizia/Turn 9/FPnT_ZilleReferendum,Narrator,en,ジルは再びリジアに返還されることになっていた。私はスモラクを打ち負かしていた。
0x0100009A0000DE49,448,250,Rizia/Turn 9/FPnT_ZilleReferendum,Laurento Esquibel,en,「まさに歴史的な勝利です！暴力を用いずとも問題を解決できると私は確信しておりました。」
0x0100009A0000DE58,448,251,Rizia/Turn 9/FPnT_ZilleReferendum,Narrator,en,ルシータはすぐに部屋を出て行った。
0x0100009A0000DE5F,448,252,Rizia/Turn 9/FPnT_ZilleReferendum,Narrator,en,タデウスはすぐに部屋を出て行った。
0x0100009A0000DE65,448,253,Rizia/Turn 9/FPnT_ZilleReferendum,Narrator,en,ティトゥスはすぐに部屋を出て行った。
0x0100009A0000DE6D,448,254,Rizia/Turn 9/FPnT_ZilleReferendum,Laurento Esquibel,en,「私も行かなければなりません、陛下。これから起こることは何であれ必ず大きな影響を及ぼすでしょう。」
0x0100009A0000DE84,448,256,Rizia/Turn 9/FPnT_ZilleReferendum,Narrator,en,彼は自分が「ジル解放戦線」、すなわちZLFの代表であると宣言した。
0x0100009A0000DE91,448,257,Rizia/Turn 9/FPnT_ZilleReferendum,Player_Romus_Italic,en,私はその剣を手に取り、シャンパンの瓶の蓋を切り落とした。
0x0100009A0000DE91,448,257,Rizia/Turn 9/FPnT_ZilleReferendum,Player_Romus_Italic,Menu Text en,シャンパンのボトルを剣で切り裂く
0x0100009A0000DEA0,448,258,Rizia/Turn 9/FPnT_ZilleReferendum,Narrator,en,我々二人はグラスを軽く合わせて、お酒を一口飲んだ。
0x0100009A0000DEB0,448,259,Rizia/Turn 9/FPnT_ZilleReferendum,Narrator,en,ジルはリジアおよびヴェーレンから独立を宣言し、新たな国家を樹立するつもりだった。
0x0100009A0000DEBF,448,260,Rizia/Turn 9/FPnT_ZilleReferendum,Narrator,en,私は立ち上がって、再び窓の外を見た。
0x0100009A0000DEC8,448,261,Rizia/Turn 9/FPnT_ZilleReferendum,Narrator,en,私はこれまで以上に、のんびりと過ごす海水浴客たちを羨ましく思っていた。
0x0100009A0000DEE3,448,263,Rizia/Turn 9/FPnT_ZilleReferendum,Narrator,en,彼は一礼して去っていった。
0x0100009A0000DF0B,448,268,Rizia/Turn 9/FPnT_ZilleReferendum,Lucita Azaro,en,「我々なら状況を好転させることができたはずです。それは私もわかっています。」
0x0100009A0000DF11,448,269,Rizia/Turn 9/FPnT_ZilleReferendum,Taddeus Azaro,en,「陛下、我々ならこの状況を好転させることができました。それは確かです。」
0x0100009A0000DF17,448,270,Rizia/Turn 9/FPnT_ZilleReferendum,Titus Gordion,en,「陛下、我々ならこの状況を好転させることができました。それは確かです。」
0x0100009A0000DF27,448,277,Rizia/Turn 9/FPnT_ZilleReferendum,Narrator,en,彼女はすぐに部屋を出て行った。
0x0100009A0000DF39,448,281,Rizia/Turn 9/FPnT_ZilleReferendum,Narrator,en,タデウスはすぐに部屋を出て行った。
0x0100009A0000DF3F,448,282,Rizia/Turn 9/FPnT_ZilleReferendum,Narrator,en,ティトゥスはすぐに部屋を出て行った。
0x0100009A0000DF69,448,286,Rizia/Turn 9/FPnT_ZilleReferendum,Narrator,en,少なくともパベルは、私が最も好むスパークリングなブドウジュースを用意しておいてくれた。
0x0100009A0000DF77,448,290,Rizia/Turn 9/FPnT_ZilleReferendum,Player_Romus_Italic,en,私はブドウジュースのグラスで乾杯した。
0x0100009A0000DF77,448,290,Rizia/Turn 9/FPnT_ZilleReferendum,Player_Romus_Italic,Menu Text en,ブドウジュースを入れたグラスで乾杯する
0x0100009A0000DF81,448,291,Rizia/Turn 9/FPnT_ZilleReferendum,Lucita Azaro,en,「すべての投票が集計される数時間前に、結果を持って戻ってまいります。」
0x0100009A0000DF87,448,292,Rizia/Turn 9/FPnT_ZilleReferendum,Taddeus Azaro,en,「すべての投票が集計される数時間前に、結果を持って戻ってまいります。」
0x0100009A0000DF8D,448,293,Rizia/Turn 9/FPnT_ZilleReferendum,Titus Gordion,en,「すべての投票が集計される数時間前に、結果を持って戻ってまいります。」
0x0100009A0000E600,448,303,Rizia/Turn 9/FPnT_ZilleReferendum,Narrator,en,彼は、ジルがリジアおよびヴェーレンの両方から独立を宣言したと発表した。この国民投票の結果は無効となるだろう。
0x0100009A0000E60C,448,304,Rizia/Turn 9/FPnT_ZilleReferendum,Narrator,en,これより、その地域は「ブルディア・ジレ共和国」という名前に変更されることになった。ブルディア人たちはついに自分たちだけの国家を手に入れたのである。
0x0100009A0000E622,448,305,Rizia/Turn 9/FPnT_ZilleReferendum,Narrator,en,彼は、ジルがリジアおよびヴェーレンの両方から独立を宣言したと発表した。この国民投票の結果は無効となるだろう。
0x0100009A0000E62E,448,306,Rizia/Turn 9/FPnT_ZilleReferendum,Narrator,en,これより、この地域は「ヴルヘック教徒のジル共和国」という名前に改められることになった。
0x0100009A0000E644,448,307,Rizia/Turn 9/FPnT_ZilleReferendum,Narrator,en,彼は、ジルがリジアおよびヴェーレンの両方から独立を宣言したと発表した。この国民投票の結果は無効となるだろう。
0x0100009A0000E650,448,308,Rizia/Turn 9/FPnT_ZilleReferendum,Narrator,en,これより、この地域は「聖なるゴルコンド主義者のジル保護領」という名前に変更されることになった。
0x0100009A0000E656,448,309,Rizia/Turn 9/FPnT_ZilleReferendum,Narrator,en,私は悪態をつきながらその瓶を叩き割った。
0x0100009A0000E5FA,448,311,Rizia/Turn 9/FPnT_ZilleReferendum,Narrator,en,そのテレビ番組は再び中断された。しかし今回は、テーブルの上に座り、手にした紙を読んでいるスキーマスクを着けた人物によってだった。
0x0100009A0000E64A,448,312,Rizia/Turn 9/FPnT_ZilleReferendum,Narrator,en,彼の言葉によって、再び冷たい震えが私の背筋を駆け上った。
0x0100009A0000E671,448,313,Rizia/Turn 9/FPnT_ZilleReferendum,Narrator,en,最後に、世界中のゴルコンド主義者たちに団結し、彼らを支援し、共に戦いに加わるよう呼びかけた。
0x0100009A0000E677,448,314,Rizia/Turn 9/FPnT_ZilleReferendum,Narrator,en,最後に、世界中のヴルヘック教徒たちに団結し、彼らを支援し、共に戦いに加わるよう呼びかけた。
0x0100009A0000E67D,448,315,Rizia/Turn 9/FPnT_ZilleReferendum,Narrator,en,彼は最後に、世界中のブルディア人たちに団結し、自分たちを支援し、共に戦いに加わるよう呼びかけた。
0x0100009A0000E683,448,316,Rizia/Turn 9/FPnT_ZilleReferendum,Narrator,en,彼は最後に、世界中の革命家たちに団結し、彼らを支援し、共に戦いに加わるよう呼びかけた。
0x01000052000558D5,448,323,Rizia/Turn 9/FPnT_ZilleReferendum,Narrator,en,ルシータは拳を固く握りしめていた。
0x01000052000558E3,448,327,Rizia/Turn 9/FPnT_ZilleReferendum,Narrator,en,使用人たちは私のために極めて珍しいシャンパンを一本用意し、それを開けるための金色の剣も持ってきた。彼らはまだ私が酒を飲まないことを知らなかった。
0x01000052000558F0,448,331,Rizia/Turn 9/FPnT_ZilleReferendum,Narrator,en,少なくとも使用人たちは、私のために極めて珍しいシャンパン一本と、それを開けるための金色の剣を手に入れることができていた。
0x01000052000558FE,448,335,Rizia/Turn 9/FPnT_ZilleReferendum,Narrator,en,ルシータは私の隣に座ると、私の頬にキスをした。
0x010000520005590C,448,339,Rizia/Turn 9/FPnT_ZilleReferendum,Taddeus Azaro,en,「しかし……」
0x0100005200055938,448,340,Rizia/Turn 9/FPnT_ZilleReferendum,Lucita Azaro,en,「しかし……」
0x0100005200055940,448,341,Rizia/Turn 9/FPnT_ZilleReferendum,Titus Gordion,en,「しかし……」
0x010000520005594A,448,343,Rizia/Turn 9/FPnT_ZilleReferendum,Laurento Esquibel,en,「私も行かなければなりません、陛下。この地域をヴェーレンに正式に割譲する準備を早く始めるほど良いのです。」
0x01000052000695BF,448,344,Rizia/Turn 9/FPnT_ZilleReferendum,Player_Romus,en,「素晴らしい。後ほど祝賀を行うのが待ちきれない。」
0x01000052000695C5,448,345,Rizia/Turn 9/FPnT_ZilleReferendum,Player_Romus,en,「なんだか、シャンパンを飲むべき時のようだね。」
0x01000052000695CD,448,346,Rizia/Turn 9/FPnT_ZilleReferendum,Laurento Esquibel,en,「それは我々全員が受けるに値することです。」
0x01000052000695D4,448,347,Rizia/Turn 9/FPnT_ZilleReferendum,Laurento Esquibel,en,「すぐにジルの外務省と連絡を取らなければなりません。しかし、陛下、おめでとうございます。」
0x01000052000695DC,448,348,Rizia/Turn 9/FPnT_ZilleReferendum,Narrator,en,彼は部屋を出る際、陽気なメロディーを口ずさんでいた。
0x01000052000695E2,448,349,Rizia/Turn 9/FPnT_ZilleReferendum,Narrator,en,使用人たちはボトル一本と、それを開けるための金色の剣を持ってきた。
0x010000980006BFCA,449,6,Rizia/Turn 9/Pipeline_NatDesMeeting,Narrator,en,ウーゴと私はテレビの光に照らされた私の書斎で一緒に座っていた。
0x010000980006BFD0,449,7,Rizia/Turn 9/Pipeline_NatDesMeeting,Narrator,en,ソードランド産のウイスキーが一杯、我々のそばにあった。
0x010000980006BFD6,449,8,Rizia/Turn 9/Pipeline_NatDesMeeting,Narrator,en,画面の中では、FCポルテ・ドラゾンがロイヤルFCヴァレンキルと緊張感あふれるサッカー試合を繰り広げていた。試合は両チームとも得点が出ないまま、終盤に差し掛かっていた。
0x010000980006BFDC,449,9,Rizia/Turn 9/Pipeline_NatDesMeeting,Narrator,en,試合は引き分けのまま時間だけが過ぎていった。どちらのチームも得点することができず、ポルテ・ドラゾンの方がやや決意に満ちているように見えたものの、突破口を見出すことはできなかった。
0x010000980006BFE2,449,10,Rizia/Turn 9/Pipeline_NatDesMeeting,Hugo Toras,en,「ヴァレンキルの防御はあの連中には厳しすぎる。そのうちわかるだろう。」
0x010000980006BFE8,449,11,Rizia/Turn 9/Pipeline_NatDesMeeting,Player_Romus,en,「FCPDが選手を送り込んでゴールキーパーの前を駆け抜けさせたら、彼らがどれほど鋭いか見てみよう。」
0x010000980006BFEE,449,12,Rizia/Turn 9/Pipeline_NatDesMeeting,Narrator,en,私はちょうど間に合うタイミングで試合を見返し、ポルテ・ドラゾンがボールの支配権を得てゴールに向かって速攻を仕掛けるのを目撃した。
0x010000980006BFF4,449,13,Rizia/Turn 9/Pipeline_NatDesMeeting,Narrator,en,ついにチャンスが訪れた。彼らのストライカーはディフェンダーたちをかわしながらゴールへと突進した。
0x010000980006BFFA,449,14,Rizia/Turn 9/Pipeline_NatDesMeeting,Narrator,en,私がシュートの構えをすると、我々は前に身を乗り出し、目を凝らして試合を見つめていた。
0x010000980006C000,449,15,Rizia/Turn 9/Pipeline_NatDesMeeting,Player_Romus,en,「彼は今、それを実行しようとしている！」
0x010000980006C006,449,16,Rizia/Turn 9/Pipeline_NatDesMeeting,Hugo Toras,en,「とんでもありません！」
0x010000980006C00C,449,17,Rizia/Turn 9/Pipeline_NatDesMeeting,Narrator,en,ボールはストライカーの足元から高く飛び上がったが、ネットに入りそうな瞬間に画面が真っ暗になった。部屋は闇に包まれた。
0x010000980006C012,449,18,Rizia/Turn 9/Pipeline_NatDesMeeting,Hugo Toras,en,「ふむ。新しい執事が今月の公共料金の支払いを忘れたのですか？」
0x010000980006C024,449,19,Rizia/Turn 9/Pipeline_NatDesMeeting,Narrator,en,ウーゴと私は窓のそばに行き、カーテンを横に引いた。宮殿の壁の向こう側では、街が暗闇に包まれていた。
0x010000980006C02A,449,20,Rizia/Turn 9/Pipeline_NatDesMeeting,Narrator,en,私は停電に対処するために自ら招集した緊急安全保障会議に急いで向かっていた。
0x010000980006C030,449,21,Rizia/Turn 9/Pipeline_NatDesMeeting,Narrator,en,ウーゴが私と共に部屋へ入り、そこには既にティトゥスが待っていた。我々全員が評議会のテーブルの周りに席に着く前に、彼は素早く一礼した。
0x010000980006C036,449,22,Rizia/Turn 9/Pipeline_NatDesMeeting,Player_Romus,en,「現在の状況はどうなっているか？」
0x010000980006C03C,449,23,Rizia/Turn 9/Pipeline_NatDesMeeting,Titus Gordion,en,「ご存知の通り、この都市の電力は3時間以上も供給が途絶えております。他の送電網からの迂回供給を図る作業が現在進行中です。」
0x010000980006C042,449,24,Rizia/Turn 9/Pipeline_NatDesMeeting,Titus Gordion,en,「一部の地域にはすでに電力が供給されていますが、市街地の半分以上は依然として暗闇の中にあります。」
0x010000980006C066,449,25,Rizia/Turn 9/Pipeline_NatDesMeeting,Player_Romus,en,「もしかして、これは単なる機械的故障によるものだろうか？」
0x010000980006C06C,449,26,Rizia/Turn 9/Pipeline_NatDesMeeting,Titus Gordion,en,「パイプラインを点検した技術者たちは、その可能性はすでに除外されたと判断しています。」
0x010000980006C072,449,27,Rizia/Turn 9/Pipeline_NatDesMeeting,Hugo Toras,en,「そう言うのは当然です。責任を負うよりも他人を非難する方が簡単なのですから。」
0x010000980006C078,449,28,Rizia/Turn 9/Pipeline_NatDesMeeting,Titus Gordion,en,「おそらくその通りでしょうが、証拠は彼らの結論と一致しています。」
0x010000980006C07E,449,29,Rizia/Turn 9/Pipeline_NatDesMeeting,Player_Romus,en,「目撃者の方はどうなっているか？」
0x010000980006C084,449,30,Rizia/Turn 9/Pipeline_NatDesMeeting,Titus Gordion,en,「数軒の家から爆発音が聞こえましたが、距離が遠すぎて何も見ることはできませんでした。」
0x010000980006C09C,449,31,Rizia/Turn 9/Pipeline_NatDesMeeting,Player_Romus,en,「破壊行為の具体的な証拠はあるか？」
0x010000980006C0A2,449,32,Rizia/Turn 9/Pipeline_NatDesMeeting,Titus Gordion,en,「現場で爆薬の残留物が発見されましたが、その出所を特定できるほどの破片は回収できませんでした。」
0x010000980006C0AE,449,33,Rizia/Turn 9/Pipeline_NatDesMeeting,Player_Romus,en,「もう遠回しに話すのはやめよう。誰が犯人か分かっているか？」
0x010000980006C0B4,449,34,Rizia/Turn 9/Pipeline_NatDesMeeting,Player_Romus,en,「もっと詳しく話してくれ。」
0x010000980006C0BA,449,35,Rizia/Turn 9/Pipeline_NatDesMeeting,Titus Gordion,en,「現在、一般民衆の間の不満の度合いは、陛下が即位して以来、この王国が経験したどの時期よりもはるかに高まっております。」
0x010000980006C0C0,449,36,Rizia/Turn 9/Pipeline_NatDesMeeting,Hugo Toras,en,「それは、1926年蜂起が起こる前に見られた状況と比べても差し支えないほどだと言えます。」
0x010000980006C0C6,449,37,Rizia/Turn 9/Pipeline_NatDesMeeting,Hugo Toras,en,「特にリジアが再びパレスと軍事的衝突を繰り広げている今、なおさらです。」
0x010000980006C0D2,449,38,Rizia/Turn 9/Pipeline_NatDesMeeting,Hugo Toras,en,「民の間では、生活水準が低下しているという懸念も広まっております。」
0x010000980006C0D8,449,39,Rizia/Turn 9/Pipeline_NatDesMeeting,Player_Romus,en,「あなたは事を大げさに言い過ぎていると思う。」
0x010000980006C0DE,449,40,Rizia/Turn 9/Pipeline_NatDesMeeting,Hugo Toras,en,「陛下、恐れ多くも申し上げますが、リジアの国民たちは不満を抱えております。」
0x010000980006C0E4,449,41,Rizia/Turn 9/Pipeline_NatDesMeeting,Hugo Toras,en,「その始まりはマヌス・サゾンでした。我々全員が知っているように、彼こそが改革運動の背後にいる推進力だったのです。」
0x010000980006C0EA,449,42,Rizia/Turn 9/Pipeline_NatDesMeeting,Titus Gordion,en,「しかし、RPPの過激派を率いるアダルフォ・ソテラートこそが、今や私にとって真の脅威です。彼の反王室な言動は、かつてのサゾンのそれよりもはるかに危険です。」
0x010000980006C0F0,449,43,Rizia/Turn 9/Pipeline_NatDesMeeting,Hugo Toras,en,「我々二人とも以前にこの件について意見を述べましたが、率直に申し上げますと、我々の警告はほとんど無視されてきたように思えます。」
0x010000980006C0F6,449,44,Rizia/Turn 9/Pipeline_NatDesMeeting,Player_Romus,en,「慎重に行動してくれ。私に疑問を呈するのは、軽率にすべきことではない。」
0x010000980006C0FC,449,45,Rizia/Turn 9/Pipeline_NatDesMeeting,Hugo Toras,en,「もちろんです、陛下。無礼を働くつもりはございませんでした。」
0x010000980006C102,449,46,Rizia/Turn 9/Pipeline_NatDesMeeting,Hugo Toras,en,「しかし、再びパイプラインの問題に戻りましょう。その復旧を最優先事項とするべきです。」
0x010000980006C108,449,47,Rizia/Turn 9/Pipeline_NatDesMeeting,Hugo Toras,en,「経済的な負担は企業にも市民にも同様に及びます。何も対策を講じなければ、さらなる混乱が生じるだけでしょう。」
0x010000980006C114,449,48,Rizia/Turn 9/Pipeline_NatDesMeeting,Hugo Toras,en,「確かに費用はかさみますが、陛下、良い知らせもございます。」
0x010000980006C11A,449,49,Rizia/Turn 9/Pipeline_NatDesMeeting,Hugo Toras,en,「ルンブルクのベアトリス女王が修復のための資金援助を申し出てくださっており、もしそれを受け入れれば我々の財政的負担を軽減することができます、陛下。」
0x010000980006C120,449,50,Rizia/Turn 9/Pipeline_NatDesMeeting,Player_Romus,en,「すぐに工事を開始してほしい。この状態が長引けば長引くほど、皆にとって状況は悪化するだけだ。ルンブルクの支援は歓迎する。」
0x010000980006C126,449,51,Rizia/Turn 9/Pipeline_NatDesMeeting,Titus Gordion,en,「わかりました。」
0x010000980006C12C,449,52,Rizia/Turn 9/Pipeline_NatDesMeeting,Player_Romus,en,「あなたは私に何をしてほしいのか？」
0x010000980006C132,449,53,Rizia/Turn 9/Pipeline_NatDesMeeting,Hugo Toras,en,「陛下、私の見解では二つの選択肢があります……断固とした措置を講じて厳しく制圧するか、あるいは譲歩によって事態を鎮めようとするかです。」
0x010000980006C138,449,54,Rizia/Turn 9/Pipeline_NatDesMeeting,Narrator,en,ティトゥスは鼻で笑った。
0x010000980006C13E,449,55,Rizia/Turn 9/Pipeline_NatDesMeeting,Titus Gordion,en,「妥協などというものは……彼らを更に傲慢にさせ、より多くの要求をしてくるだけでしょう。」
0x010000980006C1A4,449,56,Rizia/Turn 9/Pipeline_NatDesMeeting,Player_Romus,en,「警察により大きな権限を与えて行動させる。そうすれば適切なメッセージが伝わるだろう。」
0x010000980006C1AA,449,57,Rizia/Turn 9/Pipeline_NatDesMeeting,Narrator,en,私はソードランド産のウイスキーを入れたグラスを手に、書斎で一人で座っていた。部屋の中はテレビの光だけが光源だった。
0x010000980006C1CE,449,58,Rizia/Turn 9/Pipeline_NatDesMeeting,Player_Romus,en,「さあ、急いで終わらせてくれ！」
0x010000980006C1D4,449,59,Rizia/Turn 9/Pipeline_NatDesMeeting,Narrator,en,しばらくして非常灯が点灯し、書斎全体に薄暗い赤色の光が差し込んだ。
0x010000980006C1DA,449,60,Rizia/Turn 9/Pipeline_NatDesMeeting,Narrator,en,私は窓のそばに行き、カーテンを横に引いた。宮殿の壁の向こう側では、街が暗闇に包まれていた。
0x010000980006C1EA,449,64,Rizia/Turn 9/Pipeline_NatDesMeeting,Player_Romus,en,「もう終わりだ！」
0x010000980006C1F0,449,65,Rizia/Turn 9/Pipeline_NatDesMeeting,Player_Romus,en,「これだ！」
0x010000980006C1FB,449,69,Rizia/Turn 9/Pipeline_NatDesMeeting,Player_Romus,en,「何だと？目が見えないのか？すぐに彼を止めてくれ！」
0x010000980006C206,449,70,Rizia/Turn 9/Pipeline_NatDesMeeting,Hugo Toras,en,「誰か、何とかしてください！」
0x010000980006C21C,449,74,Rizia/Turn 9/Pipeline_NatDesMeeting,Narrator,en,ウーゴが私と共に部屋の中へ入った。そこにはすでにタデウス将軍が待っていた。彼は丁寧にうなずくと、車椅子を動かして評議会のテーブルまでやって来た。
0x010000980006C222,449,75,Rizia/Turn 9/Pipeline_NatDesMeeting,Narrator,en,ウーゴが私と共に部屋へ入り、そこには既にルシータが待っていた。我々全員が評議会のテーブルの周りに席に着く前に、彼女は素早くお辞儀をした。
0x010000980006C22D,449,79,Rizia/Turn 9/Pipeline_NatDesMeeting,Narrator,en,ウーゴが私と共に部屋へ入り、そこには既にルシータが待っていた。我々全員が評議会のテーブルの周りに席に着く前に、彼女は心配そうに私を抱きしめた。
0x010000980006C23D,449,86,Rizia/Turn 9/Pipeline_NatDesMeeting,Narrator,en,私が中に入ると、タデウス将軍は既に待っていた。彼は丁寧にうなずいた後、車椅子を動かして評議会のテーブルで私のそばに来た。
0x010000980006C247,449,88,Rizia/Turn 9/Pipeline_NatDesMeeting,Narrator,en,私が中に入ると、ルシータは既に待っていた。我々が評議会のテーブルの周りに席に着く前に、彼女は慌ただしく不安げな笑みを浮かべた。
0x010000980006C24D,449,89,Rizia/Turn 9/Pipeline_NatDesMeeting,Narrator,en,私が中に入ると、ルシータは既に私を待っていた。我々が評議会のテーブルの周りに席に着く前に、彼女は素早く一礼した。
0x010000980006C283,449,100,Rizia/Turn 9/Pipeline_NatDesMeeting,Narrator,en,しばらくして、私は補助照明だけが灯る薄暗い宮殿の回廊を進んでいた。
0x010000980006C289,449,101,Rizia/Turn 9/Pipeline_NatDesMeeting,Narrator,en,しばらくして、私とウーゴは補助照明だけが灯る宮殿の廊下を進んでいった。
0x010000980006C28F,449,102,Rizia/Turn 9/Pipeline_NatDesMeeting,Narrator,en,我々、停電の問題を解決するために私が招集した緊急安全保障会議に急いで向かっていた。
0x010000980006C295,449,103,Rizia/Turn 9/Pipeline_NatDesMeeting,Narrator,en,私が中に入ると、ティトゥスは既に私を待っていた。我々が評議会のテーブルの周りに席に着く前に、彼は素早く一礼した。
0x010000980006C2A3,449,106,Rizia/Turn 9/Pipeline_NatDesMeeting,Player_Romus,en,「進捗状況をお尋ねしてもよろしいだろうか、それとも深いため息を覚悟すべきだろうか？」
0x010000980006C2A9,449,107,Rizia/Turn 9/Pipeline_NatDesMeeting,Player_Romus,en,「よろしい。答えが欲しい、そして今すぐにだ。」
0x010000980006C2BD,449,115,Rizia/Turn 9/Pipeline_NatDesMeeting,Player_Romus,en,「停電があったにもかかわらず、ここにいるとはな、ルシータ。」
0x010000980006C2CD,449,122,Rizia/Turn 9/Pipeline_NatDesMeeting,Taddeus Azaro,en,「陛下、ご存知の通り、この都市への電力供給は3時間にわたって途絶えておりました。現在、送電網の他の地域から電力を移して供給を再開する作業を始めております。」
0x010000980006C2D3,449,123,Rizia/Turn 9/Pipeline_NatDesMeeting,Taddeus Azaro,en,「都市の一部地域には電力が供給されていますが、大部分は依然として暗闇の中にあります。」
0x010000980006C2D9,449,124,Rizia/Turn 9/Pipeline_NatDesMeeting,Lucita Azaro,en,「ご存知の通り、街への電力供給は3時間以上も途絶えておりました。現在、送電網の他の地域から回すよう手配を始めています。」
0x010000980006C2DF,449,125,Rizia/Turn 9/Pipeline_NatDesMeeting,Lucita Azaro,en,「一部の地域にはすでに電力が供給されていますが、市内の半分以上が依然として暗闇の中にあります。」
0x010000980006C37B,449,139,Rizia/Turn 9/Pipeline_NatDesMeeting,Taddeus Azaro,en,「パイプラインを点検した技術者たちは、その可能性はすでに除外されたと判断しています。」
0x010000980006C381,449,140,Rizia/Turn 9/Pipeline_NatDesMeeting,Lucita Azaro,en,「パイプラインを点検した技術者たちは、その可能性はすでに除外されたと判断しています。」
0x010000980006C38C,449,144,Rizia/Turn 9/Pipeline_NatDesMeeting,Taddeus Azaro,en,「おそらくそうでしょうが、証拠は彼らの結論を裏付けています。」
0x010000980006C392,449,145,Rizia/Turn 9/Pipeline_NatDesMeeting,Lucita Azaro,en,「おそらくその通りでしょうが、証拠は同じ結論を示しています。」
0x010000980006C3AC,449,153,Rizia/Turn 9/Pipeline_NatDesMeeting,Taddeus Azaro,en,「複数の家屋で爆発音が聞こえましたが、距離が遠く何も見ることはできませんでした。」
0x010000980006C3B2,449,154,Rizia/Turn 9/Pipeline_NatDesMeeting,Lucita Azaro,en,「近くの家々からは爆発音に関する報告がいくつかあったものの、距離が遠すぎて何も見ることはできなかったそうです。」
0x010000980006C40C,449,162,Rizia/Turn 9/Pipeline_NatDesMeeting,Taddeus Azaro,en,「現場では爆発物の破片や化学物質の痕跡が見つかりましたが、その出所を特定できるほどの量は回収できませんでした。」
0x010000980006C412,449,163,Rizia/Turn 9/Pipeline_NatDesMeeting,Lucita Azaro,en,「初期の調査結果によると爆発物が存在していたことが示唆されていますが、その出所を特定できるほどの破片は回収できませんでした。」
0x010000980006C454,449,189,Rizia/Turn 9/Pipeline_NatDesMeeting,Taddeus Azaro,en,「陛下、一般民衆の間の不満の度合いは、陛下が王国の統治を引き継がれて以来、かつてないほど高まっております。」
0x010000980006C45A,449,190,Rizia/Turn 9/Pipeline_NatDesMeeting,Lucita Azaro,en,「最近では、一般民衆の間にかつてないほどの不満が広がっております。」
0x010000980006C465,449,194,Rizia/Turn 9/Pipeline_NatDesMeeting,Titus Gordion,en,「それは、1926年蜂起が起こる前に我々が目撃した動揺状態に似ていると言えるでしょう。」
0x010000980006C475,449,201,Rizia/Turn 9/Pipeline_NatDesMeeting,Taddeus Azaro,en,「1926年蜂起以前に我々が直面した動乱とほぼ同等だと言えるでしょう。」
0x010000980006C47B,449,202,Rizia/Turn 9/Pipeline_NatDesMeeting,Lucita Azaro,en,「私としては、これも1926年蜂起に至るまでの動揺と同程度に深刻だと考えます。」
0x010000980006C481,449,203,Rizia/Turn 9/Pipeline_NatDesMeeting,Lucita Azaro,en,「特にリジアが再びパレスと戦争状態にある今、ますます深刻です。」
0x010000980006C493,449,204,Rizia/Turn 9/Pipeline_NatDesMeeting,Taddeus Azaro,en,「特にリジアが再びパレスと敵対状態にある今、なおさらです。」
0x010000980006C499,449,205,Rizia/Turn 9/Pipeline_NatDesMeeting,Taddeus Azaro,en,「そして代議院の閉鎖により、すでに不安定だった状況がさらに深刻化してしまいました。」
0x010000980006C49F,449,206,Rizia/Turn 9/Pipeline_NatDesMeeting,Taddeus Azaro,en,「生活水準が低下しているという思惑が日に日に強まっており、それが既に不安定な状況をさらに悪化させているのです。」
0x010000980006C4A5,449,207,Rizia/Turn 9/Pipeline_NatDesMeeting,Titus Gordion,en,「特に陛下、パレスとのリジアの再燃した紛争を考えればなおさらです。」
0x010000980006C4AB,449,208,Rizia/Turn 9/Pipeline_NatDesMeeting,Titus Gordion,en,「そして代議院が閉鎖されたことで、すでに不安定な状況がさらに危険なものへと変わっています。」
0x010000980006C4B1,449,209,Rizia/Turn 9/Pipeline_NatDesMeeting,Titus Gordion,en,「生活水準が低下しているという考え方が日に日に強まっており、既に緊張した状況をさらに悪化させています。」
0x010000980006C4B7,449,210,Rizia/Turn 9/Pipeline_NatDesMeeting,Player_Romus,en,「こちらが正確に何と対峙しているのだろうか？これらの抗議行動はどこまで拡大しているのか？」
0x010000980006C4BC,449,211,Rizia/Turn 9/Pipeline_NatDesMeeting,Player_Romus,en,「これはより大きな何かの始まりだろうか、それとも単なる一時的な騒動に過ぎないのだろうか？」
0x010000980006C4C5,449,213,Rizia/Turn 9/Pipeline_NatDesMeeting,Player_Romus,en,「我々が何をしても決して十分だとは思われないようだね。」
0x010000980006C4CB,449,214,Rizia/Turn 9/Pipeline_NatDesMeeting,Player_Romus,en,「彼らの苦境については、私も深く同情している。」
0x010000980006C4D6,449,218,Rizia/Turn 9/Pipeline_NatDesMeeting,Titus Gordion,en,「陛下、恐れ多くも申し上げますが、リジアの国民は日増しに不満を募らせ、変革を求めております。」
0x010000980006C4E6,449,225,Rizia/Turn 9/Pipeline_NatDesMeeting,Taddeus Azaro,en,「陛下、恐れ多くも申し上げますが、民衆の不満は日に日に高まり、変革を求める声が増えております。」
0x010000980006C4EC,449,226,Rizia/Turn 9/Pipeline_NatDesMeeting,Lucita Azaro,en,「もし率直に申し上げてよろしければ、国民の不満は日増しに高まっており、変革を求める声が上がっています陛下。」
0x010000980006C4F2,449,227,Rizia/Turn 9/Pipeline_NatDesMeeting,Lucita Azaro,en,「その始まりはマヌス・サゾンでした。我々全員が知っているように、彼こそが改革運動の背後にいる推進力だったのです。」
0x010000980006C4F8,449,228,Rizia/Turn 9/Pipeline_NatDesMeeting,Taddeus Azaro,en,「その始まりはマヌス・サゾンでした。我々全員が知っているように、彼こそが改革運動の背後にいる推進力だったのです。」
0x010000980006C4FE,449,229,Rizia/Turn 9/Pipeline_NatDesMeeting,Titus Gordion,en,「その始まりはマヌス・サゾンでした。我々全員が知っているように、彼こそが改革運動の背後にいる推進力だったのです。」
0x010000980006C50E,449,236,Rizia/Turn 9/Pipeline_NatDesMeeting,Taddeus Azaro,en,「しかし、RPPの過激派を率いるアダルフォ・ソテラートこそが、今や私にとって真の脅威です。彼の反王室な言動は、かつてのサゾンのそれよりもはるかに危険です。」
0x010000980006C514,449,237,Rizia/Turn 9/Pipeline_NatDesMeeting,Lucita Azaro,en,「しかし、RPPの過激派を率いるアダルフォ・ソテラートこそが、今や私にとって真の脅威です。彼の反王室な言動は、かつてのサゾンのそれよりもはるかに危険です。」
0x010000980006C529,449,247,Rizia/Turn 9/Pipeline_NatDesMeeting,Titus Gordion,en,「以前にもこの件について懸念を述べましたが、正直言って私の警告はほとんど無視されてきたように思います。」
0x010000980006C52F,449,248,Rizia/Turn 9/Pipeline_NatDesMeeting,Taddeus Azaro,en,「以前からこの問題について懸念を述べてまいりましたが、率直に申し上げますと、私の警告はほとんど無視されてきたように思えます。」
0x010000980006C535,449,249,Rizia/Turn 9/Pipeline_NatDesMeeting,Lucita Azaro,en,「以前からこの件について懸念を述べてまいりましたが、正直なところ、私の警告はほとんど無視されてきたように思います。」
0x010000980006C541,449,250,Rizia/Turn 9/Pipeline_NatDesMeeting,Player_Romus,en,「ご指摘の通りだ。あなたの言葉に耳を傾けるべきだった。たとえ小さな者であっても、最も堅固な基盤を揺らすことができる。」
0x010000980006C547,449,251,Rizia/Turn 9/Pipeline_NatDesMeeting,Player_Romus,en,「このアダルフォ・ソテラートという人物が心配だ。まさに水中のサメのような存在だ。」
0x010000980006C55C,449,261,Rizia/Turn 9/Pipeline_NatDesMeeting,Lucita Azaro,en,「申し訳ありません。私の意図では、権限を越えるようなことはしておりませんでした。」
0x010000980006C562,449,262,Rizia/Turn 9/Pipeline_NatDesMeeting,Titus Gordion,en,「もちろんです、陛下。無礼を働くつもりはございませんでした。」
0x010000980006C568,449,263,Rizia/Turn 9/Pipeline_NatDesMeeting,Taddeus Azaro,en,「承知いたしました、陛下。無礼を働くつもりはございませんでした。」
0x010000980006C56E,449,264,Rizia/Turn 9/Pipeline_NatDesMeeting,Lucita Azaro,en,「しかし、パイプラインの問題に戻りますと、その復旧こそが我々の最優先事項でなければなりません。」
0x010000980006C574,449,265,Rizia/Turn 9/Pipeline_NatDesMeeting,Lucita Azaro,en,「経済的な負担は企業にも市民にも及ぶでしょう。何も対策を講じない限り、ますます混乱が拡大するだけです。」
0x010000980006C57A,449,266,Rizia/Turn 9/Pipeline_NatDesMeeting,Taddeus Azaro,en,「陛下、再びパイプラインの話です。迅速な修理を最優先することが極めて重要でございます。」
0x010000980006C580,449,267,Rizia/Turn 9/Pipeline_NatDesMeeting,Taddeus Azaro,en,「もし我々が何も行動を起こさなければ、企業にも市民にも即座の負担が生じます。民衆の騒乱は避けられないでしょう。」
0x010000980006C586,449,268,Rizia/Turn 9/Pipeline_NatDesMeeting,Titus Gordion,en,「パイプラインの問題に戻りますが、その復旧を最優先事項とすべきです。」
0x010000980006C58C,449,269,Rizia/Turn 9/Pipeline_NatDesMeeting,Titus Gordion,en,「企業も市民も圧力を感じることになります。何も対策を講じなければ、さらなる混乱が起きる危険があります。」
0x010000980006C5BE,449,280,Rizia/Turn 9/Pipeline_NatDesMeeting,Lucita Azaro,en,「はい、費用はかなり多額に上るでしょうが、陛下、光明もございます。」
0x010000980006C5C4,449,281,Rizia/Turn 9/Pipeline_NatDesMeeting,Titus Gordion,en,「はい、確かに費用はかさみますが、良い知らせもございます、陛下。」
0x010000980006C5CA,449,282,Rizia/Turn 9/Pipeline_NatDesMeeting,Taddeus Azaro,en,「陛下、費用はかさみますが、良い知らせがございます。」
0x010000980006C5D0,449,283,Rizia/Turn 9/Pipeline_NatDesMeeting,Taddeus Azaro,en,「ルンブルクのベアトリス女王が修復のための資金援助を申し出てくださっております。もしこれを受け入れれば、我々の負担もいくらか軽減されるでしょう、陛下。」
0x010000980006C5D6,449,284,Rizia/Turn 9/Pipeline_NatDesMeeting,Titus Gordion,en,「ルンブルクのベアトリス女王が修理のための資金援助を申し出てくださっており、もしそれを受け入れれば我々の財政的負担を軽減することができます、陛下。」
0x010000980006C5DC,449,285,Rizia/Turn 9/Pipeline_NatDesMeeting,Lucita Azaro,en,「ルンブルクのベアトリス女王が修復のための資金援助を申し出てくださっており、もしそれを受け入れれば我々の財政的負担を軽減することができます、陛下。」
0x010000980006C5E6,449,287,Rizia/Turn 9/Pipeline_NatDesMeeting,Player_Romus,en,「パイプラインの工事は後回しにしても構わない。今修理を行えば、我が国の予算に過度な負担がかかってしまう。」
0x010000980006C5EC,449,288,Rizia/Turn 9/Pipeline_NatDesMeeting,Player_Romus,en,「直してくれ。できるだけ早くパイプラインを再稼働させたいのだ。」
0x010000980006C5EC,449,288,Rizia/Turn 9/Pipeline_NatDesMeeting,Player_Romus,Menu Text en,「直してくれ。できるだけ早くパイプラインを再稼働させたい。」［予算-5］
0x010000980006C5FC,449,295,Rizia/Turn 9/Pipeline_NatDesMeeting,Lucita Azaro,en,「かしこまりました。」
0x010000980006C602,449,296,Rizia/Turn 9/Pipeline_NatDesMeeting,Taddeus Azaro,en,「陛下のご命令の通りにいたします。」
0x010000980006C60C,449,298,Rizia/Turn 9/Pipeline_NatDesMeeting,Player_Romus,en,「行動が必要であるなら、我々は必ず行動を起こす。」
0x010000980006C612,449,299,Rizia/Turn 9/Pipeline_NatDesMeeting,Player_Romus,en,「あなたの言う通りだが、これは非常に微妙な状況だ。慎重に進めなければならない。」
0x010000980006C622,449,306,Rizia/Turn 9/Pipeline_NatDesMeeting,Lucita Azaro,en,「陛下、私が見る限りでは二つの選択肢があります……厳しい統制を敷くために断固とした措置を講じるか、あるいは一定の譲歩をすることで状況を鎮静させようと試みるかです。」
0x010000980006C628,449,307,Rizia/Turn 9/Pipeline_NatDesMeeting,Titus Gordion,en,「陛下、私の見解では、厳格な統制を実施する断固とした措置を講じるか、あるいは一定の譲歩によって状況を鎮めようと試みるかのどちらかです。」
0x010000980006C62E,449,308,Rizia/Turn 9/Pipeline_NatDesMeeting,Taddeus Azaro,en,「陛下、我々には二つの選択肢があります……強力な措置を講じて統制を強化するか、あるいは一定の譲歩を行って状況を鎮めようと試みるかです。」
0x010000980006C643,449,318,Rizia/Turn 9/Pipeline_NatDesMeeting,Lucita Azaro,en,「妥協をすれば、彼らはますます大胆になってさらなる要求をしてくるだけでしょう。」
0x010000980006C649,449,319,Rizia/Turn 9/Pipeline_NatDesMeeting,Taddeus Azaro,en,「どんな形での妥協をしても、彼らはますます大胆になり、さらに多くの要求をしてくるだけです。」
0x010000980006C64F,449,320,Rizia/Turn 9/Pipeline_NatDesMeeting,Narrator,en,ルシータは鼻で笑った。
0x010000980006C74E,449,321,Rizia/Turn 9/Pipeline_NatDesMeeting,Lucita Azaro,en,「しかし、どのような譲歩も彼らを傲慢にさせ、より多くの要求をしてくるだけであると私は恐れております。」
0x010000980006C754,449,322,Rizia/Turn 9/Pipeline_NatDesMeeting,Taddeus Azaro,en,「しかし、どのような譲歩も彼らを傲慢にさせ、より多くの要求をしてくるだけだと私は考えます。」
0x010000980006C75A,449,323,Rizia/Turn 9/Pipeline_NatDesMeeting,Taddeus Azaro,en,「ですが、いかなる形での妥協も彼らを傲慢にさせ、より多くの要求をしてくるだけだと私は考えております。」
0x010000980006C7B1,449,324,Rizia/Turn 9/Pipeline_NatDesMeeting,Player_Romus,en,「秩序を回復させるには力しかない。反乱など決して容認しない。」
0x010000980006C7B7,449,325,Rizia/Turn 9/Pipeline_NatDesMeeting,Player_Romus,en,「おそらく、彼らに何らかの譲歩をするのが最善だろう。何よりもまず平和的な解決を目指さねばならない。」
0x010000980006C7BD,449,326,Rizia/Turn 9/Pipeline_NatDesMeeting,Player_Romus,en,「それは私が決めることではない。この混乱の中でも神が我々を導いてくださるものと信じている。」
0x010000980006C7C3,449,327,Rizia/Turn 9/Pipeline_NatDesMeeting,Player_Romus,en,「この騒動もやがて収まるだろう。急いで行動する必要はない。」
0x010000980006C7CE,449,331,Rizia/Turn 9/Pipeline_NatDesMeeting,Player_Romus,en,「民衆に市民救済給付金を支給し、すべての国民に半年分の平均賃金を与えよう。時として平和を取り戻すためにはお金だけが必要なのだ。」
0x010000980006C7CE,449,331,Rizia/Turn 9/Pipeline_NatDesMeeting,Player_Romus,Menu Text en,「国民に市民救済給付金を支給し、各市民に半年分の平均賃金を与えよう。時として、平和を取り戻すためにはお金だけが必要なのだ。」 ［予算-10］
0x010000980006C7F5,449,338,Rizia/Turn 9/Pipeline_NatDesMeeting,Player_Romus,en,「警察の予算を増やす。より多くの資源があれば、彼らもこの問題に対処できる力を持つことになる。」
0x010000980006C7F5,449,338,Rizia/Turn 9/Pipeline_NatDesMeeting,Player_Romus,Menu Text en,「警察の予算を増やす。より多くの資源があれば、彼らもこの問題に対処できるだろう。」［予算-2］
0x010000980006C84E,449,339,Rizia/Turn 9/Pipeline_NatDesMeeting,Player_Romus,en,「スー・オミナを派遣いたしよう。秩序を回復するためならどんなことでも厭わない者たちだから。」
0x010000980006C859,449,340,Rizia/Turn 9/Pipeline_NatDesMeeting,Player_Romus,en,「近衛兵を派遣する。彼らがここにいれば、この地の権力が誰のものかは疑う余地もない。」
0x010000980006C85F,449,341,Rizia/Turn 9/Pipeline_NatDesMeeting,Player_Romus,en,「私はヴルヘックの守護者たちを派遣する。彼らがいれば、ここの実権が誰にあるか疑う余地は残らない。」
0x010000980006C87E,449,347,Rizia/Turn 9/Pipeline_NatDesMeeting,Player_Romus,en,「無料で燃料を提供しよう。ささやかなご配慮だが、大きな効果をもたらすはずだ。」
0x010000980006C87E,449,347,Rizia/Turn 9/Pipeline_NatDesMeeting,Player_Romus,Menu Text en,「無料で燃料を提供しよう。ささやかな行為だが、大きな効果をもたらすだろう。」［エネルギー-10］
0x010000980006C889,449,351,Rizia/Turn 9/Pipeline_NatDesMeeting,Player_Romus,en,「私は国家に対する罪で投獄された者たちに恩赦を与える。この措置によって、王家の慈悲と寛大さが示されるだろう。」
0x010000980006C88F,449,352,Rizia/Turn 9/Pipeline_NatDesMeeting,Player_Romus,en,「警察の出動数を減らす。民衆は抑圧されていると感じるのではなく、自分たちの声が聞かれていると実感する必要がある。」
0x010000980006C8DE,449,361,Rizia/Turn 9/Pipeline_NatDesMeeting,Hugo Toras,en,「陛下、恐れ多くも申し上げますが、リジアの国民たちは不満を抱えております。」
0x010000980006C8E4,449,362,Rizia/Turn 9/Pipeline_NatDesMeeting,Hugo Toras,en,「彼らは大勢で集まり、アダルフォ・ソテラートのような扇動者を支持しています。陛下、ご存知の通り、あの人物こそ改革運動の黒幕なのです。」
0x010000980006C8EF,449,366,Rizia/Turn 9/Pipeline_NatDesMeeting,Lucita Azaro,en,「陛下、謹んで申し上げますが、リジアの民は変革を求めております。」
0x010000980006C8F5,449,367,Rizia/Turn 9/Pipeline_NatDesMeeting,Lucita Azaro,en,「彼らは大勢で集まり、改革の推進力となっていることは間違いないアダルフォ・ソテラートのような扇動者たちを支持しています。」
0x010000980006C8FB,449,368,Rizia/Turn 9/Pipeline_NatDesMeeting,Titus Gordion,en,「『改革』だと？それは王権やその象徴であるすべてを打ち壊すための丁寧な言い回しに過ぎない。」
0x010000980006C90B,449,375,Rizia/Turn 9/Pipeline_NatDesMeeting,Taddeus Azaro,en,「『改革』というのは、あの扇動者たちが革命を表現する言葉に過ぎません。彼らに惑わされてはいけません。」
0x010000980006C911,449,376,Rizia/Turn 9/Pipeline_NatDesMeeting,Lucita Azaro,en,「改革だと？実際のところ、それは政府を転覆させようとする明らかな試みに他なりません。」
0x010000980006C91D,449,377,Rizia/Turn 9/Pipeline_NatDesMeeting,Lucita Azaro,en,「これは単なる騒乱ではありません。恐ろしい速さで勢力を増している運動なのです。」
0x010000980006C923,449,378,Rizia/Turn 9/Pipeline_NatDesMeeting,Lucita Azaro,en,「リジア情報局の報告によれば、彼がこの動乱の黒幕となっていることが確認されています。彼の演説では君主制の打倒を公然と呼びかけています。」
0x010000980006C92E,449,382,Rizia/Turn 9/Pipeline_NatDesMeeting,Taddeus Azaro,en,「RPPの指導者であるソテラート氏は、国民全体から広範な支持を集めております。」
0x010000980006C93A,449,383,Rizia/Turn 9/Pipeline_NatDesMeeting,Taddeus Azaro,en,「これは単なる騒乱ではありません。恐ろしい速さで勢力を増している運動なのです。」
0x010000980006C940,449,384,Rizia/Turn 9/Pipeline_NatDesMeeting,Taddeus Azaro,en,「リジア情報局の報告によれば、彼がこの動乱の黒幕となっていることが確認されています。彼の演説では君主制の打倒を公然と呼びかけています。」
0x010000980006C946,449,385,Rizia/Turn 9/Pipeline_NatDesMeeting,Lucita Azaro,en,「RPPの指導者であるソテラート氏は、国民全体から広範な支持を集めております。」
0x010000980006C94C,449,386,Rizia/Turn 9/Pipeline_NatDesMeeting,Titus Gordion,en,「RPPの指導者であるソテラート氏は、国民全体から広範な支持を集めております。」
0x010000980006C958,449,387,Rizia/Turn 9/Pipeline_NatDesMeeting,Titus Gordion,en,「これは単なる騒乱ではありません。恐ろしい速さで勢力を増している運動なのです。」
0x010000980006C95E,449,388,Rizia/Turn 9/Pipeline_NatDesMeeting,Titus Gordion,en,「リジア情報局の報告によれば、彼がこの動乱の黒幕となっていることが確認されています。彼の演説では君主制の打倒を公然と呼びかけています。」
0x010000980006C978,449,390,Rizia/Turn 9/Pipeline_NatDesMeeting,Titus Gordion,en,「代議院が閉鎖されて以来、彼はこの運動をより過激なものへと押し進め、社会の様々な層から広範な支持を集めています。」
0x010000980006C97E,449,391,Rizia/Turn 9/Pipeline_NatDesMeeting,Taddeus Azaro,en,「代議院が閉鎖されて以来、彼はこの運動をより過激なものへと押し進め、社会の様々な層から広範な支持を集めています。」
0x010000980006C989,449,395,Rizia/Turn 9/Pipeline_NatDesMeeting,Lucita Azaro,en,「代議院が閉鎖されて以来、彼はこの運動をより過激なものへと押し進め、社会の様々な層から広範な支持を集めています。」
0x010000980006C9E8,449,429,Rizia/Turn 9/Pipeline_NatDesMeeting,Narrator,en,我々が宮殿に戻ると、私はすぐに緊急の安全保障会議を開いた。
0x010000980006C9EE,449,430,Rizia/Turn 9/Pipeline_NatDesMeeting,Player_Romus,en,「これはリジアの根本、我々が守ってきたすべてに対する攻撃だ！」
0x010000980006C9F9,449,434,Rizia/Turn 9/Pipeline_NatDesMeeting,Narrator,en,部屋に入ると、ルシータは既に私を待っていた。我々が評議会のテーブルの周りに席に着く前に、彼女は素早くお辞儀をした。
0x010000980006CA04,449,438,Rizia/Turn 9/Pipeline_NatDesMeeting,Narrator,en,私が部屋に入ると、タデウス将軍とウーゴは既に私を待っていた。彼らは丁寧に会釈をしてから、評議会のテーブルで我々のそばに座った。
0x010000980006CA0F,449,440,Rizia/Turn 9/Pipeline_NatDesMeeting,Titus Gordion,en,「率直に申し上げますと、現地の状況は陛下の治世が始まって以来、我々が直面してきたどんな事態をも上回るほど悪化しております。」
0x010000980006CA1F,449,447,Rizia/Turn 9/Pipeline_NatDesMeeting,Taddeus Azaro,en,「陛下、事実は明らかです。このような激化の度合いは陛下の治世下では前例のないものです。」
0x010000980006CA25,449,448,Rizia/Turn 9/Pipeline_NatDesMeeting,Lucita Azaro,en,「簡単に申し上げますと、現在の民衆の動揺の度合いは、陛下の治世が始まって以来、我々がこれまで見てきたものとは全く異なるものです。」
0x010000980006CA37,449,449,Rizia/Turn 9/Pipeline_NatDesMeeting,Lucita Azaro,en,「どうやら陛下が視察に行っている間に、彼らが裏口から警備兵の一人をすり抜けて入ったようです。」
0x010000980006CAB0,449,450,Rizia/Turn 9/Pipeline_NatDesMeeting,Narrator,en,タデウスは鼻で笑った。
0x010000980006CAB6,449,451,Rizia/Turn 9/Pipeline_NatDesMeeting,Player_Romus,en,「行動を起こす必要はない。時が経てば、すべては自然と落ち着いていく。これ以上この件について話すことはない。」
0x010000980006CABC,449,452,Rizia/Turn 9/Pipeline_NatDesMeeting,Titus Gordion,en,「陛下、恐れ多くも申し上げますが、リジアの国民は変革を切望しております。」
0x010000980006CACC,449,459,Rizia/Turn 9/Pipeline_NatDesMeeting,Taddeus Azaro,en,「陛下、自由に発言させていただきたく存じます……リジアの民は変革を強く求めております。」
0x010000980006CAD2,449,460,Rizia/Turn 9/Pipeline_NatDesMeeting,Narrator,en,私は国立霊廟にある父の石棺の前に立っていた。そこでは反君主制のスローガンが石面を汚していた。
0x010000980006CAD8,449,461,Rizia/Turn 9/Pipeline_NatDesMeeting,Narrator,en,その中で特に目立つ言葉があった。「民以外に王なし」という言葉だった。
0x010000980006CADE,449,462,Rizia/Turn 9/Pipeline_NatDesMeeting,Narrator,en,最悪なことに、かつて輝かしく燃えていた永遠の炎が消えてしまった。
0x010000980006CAE4,449,463,Rizia/Turn 9/Pipeline_NatDesMeeting,Narrator,en,幸いなことに、レナの墓は一切手つかずのままだった。
0x010000980006CAF1,449,467,Rizia/Turn 9/Pipeline_NatDesMeeting,Titus Gordion,en,「多くの民衆が群れをなして、この改革運動を率いるアダルフォ・ソテラートのような扇動者たちを支持しに出てきています。」
0x010000980006CAFB,449,469,Rizia/Turn 9/Pipeline_NatDesMeeting,Vina Toras,en,「まさか、こんなことをする人がいるなんて信じられません。」
0x010000980006CB01,449,470,Rizia/Turn 9/Pipeline_NatDesMeeting,Narrator,en,ヴィナは明らかに落胆した様子で、私のそばに立っていた。
0x010000980006CB07,449,471,Rizia/Turn 9/Pipeline_NatDesMeeting,Player_Romus,en,「これはリジアの根本、我々が守ってきたすべてに対する攻撃だ！」
0x010000980006CB0D,449,472,Rizia/Turn 9/Pipeline_NatDesMeeting,Taddeus Azaro,en,「彼らはアダルフォ・ソテラートのような扇動者たちの指導のもと、大勢で動員されており、明らかにその改革運動を主導しているのです。」
0x010000980006CB19,449,473,Rizia/Turn 9/Pipeline_NatDesMeeting,Player_Romus,en,「ああ、父上は常に永続的な足跡を残したいとおっしゃっていた。これもその一つだろう。」
0x010000980006CB1F,449,474,Rizia/Turn 9/Pipeline_NatDesMeeting,Player_Romus,en,「変革を望む気持ちは理解できるが、破壊行為に訴えるなんて……それは愚かなことだ。」
0x010000980006CB25,449,475,Rizia/Turn 9/Pipeline_NatDesMeeting,Player_Romus,en,「私の民の怒りがこのような結果を招く日が来るとは思いもしなかった。私は本当に彼らを裏切ってしまったのだろうか？」
0x010000980006CB30,449,479,Rizia/Turn 9/Pipeline_NatDesMeeting,Vina Toras,en,「同感です。それに、そんな破壊行為を行えば人々はますます自分たちの運動から離れてしまい、平和的な方法で変革を支持してくれたかもしれる人々までも遠ざけてしまうでしょう。」
0x010000980006CB36,449,480,Rizia/Turn 9/Pipeline_NatDesMeeting,Vina Toras,en,「無意味です。生きている王と穏便に話し合う代わりに、もはや亡くなった王に怒りをぶつけても何の益もありません。」
0x010000980006CB3C,449,481,Rizia/Turn 9/Pipeline_NatDesMeeting,Vina Toras,en,「まだです、父上。しかし行動を起こさなければ間違いなくそうなります。」
0x010000980006CB9A,449,485,Rizia/Turn 9/Pipeline_NatDesMeeting,Player_Romus,en,「心配しないでくれ。すぐにその場所を元通りにする。」
0x010000980006CBA0,449,486,Rizia/Turn 9/Pipeline_NatDesMeeting,Vina Toras,en,「承知しておりますが、その背後にある怒りはそう簡単には消えません。」
0x010000980006CBA6,449,487,Rizia/Turn 9/Pipeline_NatDesMeeting,Player_Romus,en,「さて、父上。あなたはいつも永続的な足跡を残したいとおっしゃっていたね。これもその一環だろう。」
0x010000980006CBAC,449,488,Rizia/Turn 9/Pipeline_NatDesMeeting,Player_Romus,en,「くそっ、今改革に取り組んでいるというのに！皆、もう少し辛抱してはくれないのか？」
0x010000980006CBB2,449,489,Rizia/Turn 9/Pipeline_NatDesMeeting,Player_Romus,en,「私の民の怒りがこのような結果を招く日が来るとは思いもしなかった。私は本当に彼らを裏切ってしまったのだろうか？」
0x010000980006CBC2,449,496,Rizia/Turn 9/Pipeline_NatDesMeeting,Player_Romus,en,「私があなたの仇を討ってみせる、父上。そしてあなたの墓もかつての栄光を取り戻させる。」
0x010000980006CBE3,449,497,Rizia/Turn 9/Pipeline_NatDesMeeting,Narrator,en,私が部屋に入ると、ティトゥスは既にそこで私を待っていた。我々が評議会のテーブルの周りに席に着く前に、彼は素早く一礼した。
0x010000980006CC17,449,502,Rizia/Turn 9/Pipeline_NatDesMeeting,Narrator,en,私が部屋に入ると、タデウス将軍は既にそこで私を待っていた。彼は丁寧にうなずいた後、車椅子を動かして評議会のテーブルまで私のもとへやって来た。
0x010000980006CC21,449,504,Rizia/Turn 9/Pipeline_NatDesMeeting,Narrator,en,私が部屋に入ると、ルシータは既に私を待っていた。我々が評議会のテーブルの周りに席に着く前に、彼女は短く微笑みを見せた。
0x010000980006CC7D,449,513,Rizia/Turn 9/Pipeline_NatDesMeeting,Narrator,en,私が部屋に入ると、ルシータとウーゴは既に私を待っていた。我々が評議会のテーブルの周りに席に着く前に、二人は素早くうなずいてみせた。
0x010000980006CC87,449,515,Rizia/Turn 9/Pipeline_NatDesMeeting,Narrator,en,部屋に入ると、ルシータとウーゴは既に私を待っていた。我々が評議会のテーブルの周りに席に着く前に、二人は素早く一礼した。
0x010000980006CC9F,449,524,Rizia/Turn 9/Pipeline_NatDesMeeting,Narrator,en,私が部屋に入ると、ティトゥスとウーゴは既に私を待っていた。我々が評議会のテーブルの周りに席に着く前に、二人は素早く一礼した。
0x010000980006CCA9,449,526,Rizia/Turn 9/Pipeline_NatDesMeeting,Taddeus Azaro,en,「陛下、故王の墓が冒涜されたことに対し、心よりお悔やみを申し上げます。それは実に卑劣な行為に他なりません。」
0x010000980006CCAF,449,527,Rizia/Turn 9/Pipeline_NatDesMeeting,Titus Gordion,en,「陛下、心よりお悔やみを申し上げます。故王の墓が冒涜されたことは、実に卑劣な行為でございます。」
0x010000980006CCBF,449,534,Rizia/Turn 9/Pipeline_NatDesMeeting,Lucita Azaro,en,「陛下、故王の墓が冒涜されたことに対し、心からの哀悼の意を表させていただきます。これは実に許しがたい侮辱です。」
0x010000980006CCCA,449,538,Rizia/Turn 9/Pipeline_NatDesMeeting,Player_Romus,en,「それは気にするな。この行為はより大きな問題の症状に過ぎない。我々が目の当たりにしている、より広範な反王室感情について何が分かっているのだ？」
0x010000980006CCD0,449,539,Rizia/Turn 9/Pipeline_NatDesMeeting,Player_Romus,en,「ご丁寧なお言葉、感謝する。それでは、何が起こったのだろうか？」
0x010000980006CCDA,449,541,Rizia/Turn 9/Pipeline_NatDesMeeting,Lucita Azaro,en,「陛下、お父上の墓に起きたことを心よりお詫び申し上げます。実に甚だしく憂慮すべき出来事でございます。」
0x010000980006CCE0,449,542,Rizia/Turn 9/Pipeline_NatDesMeeting,Player_Romus,en,「お悔やみの言葉だけでは墓を元に戻すことはできない。私は答えが欲しい、そして今すぐにだ。」
0x010000980006CD63,449,547,Rizia/Turn 9/Pipeline_NatDesMeeting,Player_Romus,en,「ありがとう。どうしてこのような事態に至ったのか、理解しがたい。」
0x010000980006CD69,449,548,Rizia/Turn 9/Pipeline_NatDesMeeting,Player_Romus,en,「お悔やみの言葉は結構だ。もう起きたことは変えられない。少なくとも、これを背後で企てた者が誰かは分かっているか？」
0x010000980006CDE1,449,549,Rizia/Turn 9/Pipeline_NatDesMeeting,Titus Gordion,en,「イザ大学出身の大学院生3名が、キャンパス内の有力な民主主義派と結びついてこの事件を起こしたのです。」
0x010000980006CDF1,449,556,Rizia/Turn 9/Pipeline_NatDesMeeting,Taddeus Azaro,en,「イザ大学の大学院生三人が犯人で、彼らはキャンパス内の有力な民主主義派と繋がっています。」
0x010000980006CDF7,449,557,Rizia/Turn 9/Pipeline_NatDesMeeting,Lucita Azaro,en,「それは、キャンパス内の有力な民主主義支援団体と関係のあるイザ大学の卒業生3名が犯人です。」
0x010000980006CDFD,449,558,Rizia/Turn 9/Pipeline_NatDesMeeting,Lucita Azaro,en,「陛下、あなた様がお着きになる前にその者たちを霊廟で捕らえ、像の一つに鎖で繋げておりました。」
0x010000980006CE08,449,562,Rizia/Turn 9/Pipeline_NatDesMeeting,Hugo Toras,en,「陛下、彼らは陛下が霊廟に到着する直前に捕らえられ、像の一つに鎖で繋げられていました。」
0x010000980006CE0E,449,563,Rizia/Turn 9/Pipeline_NatDesMeeting,Titus Gordion,en,「陛下、彼らは陛下が到着される直前に霊廟で捕らえられ、像の一つに鎖で繋げられていました。」
0x010000980006CE1E,449,570,Rizia/Turn 9/Pipeline_NatDesMeeting,Taddeus Azaro,en,「陛下、あなた様がお着きになる直前に、霊廟の彫像の一つに鎖で繋がれた状態で彼らを発見いたしました。現在、彼らは拘束されております。」
0x010000980006CE65,449,571,Rizia/Turn 9/Pipeline_NatDesMeeting,Taddeus Azaro,en,「彼らは見回りをしていた警備兵の隙をつき、裏口からこっそりと入ってきました。」
0x010000980006CE76,449,572,Rizia/Turn 9/Pipeline_NatDesMeeting,Titus Gordion,en,「どうやら陛下の視察中に、彼らが裏口から警備兵をすり抜けて入ってきたようです。」
0x010000980006D29E,449,588,Rizia/Turn 9/Pipeline_NatDesMeeting,Titus Gordion,en,「ご意見は理解しておりますが、修理を先延ばしにすると後々より高額な費用がかかるのではないかと懸念しております。」
0x010000980006D2AE,449,595,Rizia/Turn 9/Pipeline_NatDesMeeting,Lucita Azaro,en,「陛下、そのご判断は理解しておりますが、修理を先延ばしにすると将来的により大きな費用がかかるのではないかと懸念しております。」
0x010000980006D2B4,449,596,Rizia/Turn 9/Pipeline_NatDesMeeting,Taddeus Azaro,en,「陛下、承知いたしました。ですが、修理を先延ばしにすると後々より高額な費用がかかるのではないかと心配しております。」
0x010000C300000005,449,597,Rizia/Turn 9/Pipeline_NatDesMeeting,Hugo Toras,en,「残念ながら、それは事実です。」
0x010000C30000001A,449,607,Rizia/Turn 9/Pipeline_NatDesMeeting,Lucita Azaro,en,「同感です、残念ながらそれが現実です。」
0x010000C300000020,449,608,Rizia/Turn 9/Pipeline_NatDesMeeting,Titus Gordion,en,「ええ、残念ながらその通りです。」
0x010000C300000026,449,609,Rizia/Turn 9/Pipeline_NatDesMeeting,Taddeus Azaro,en,「まさに、残念な真実でございます。」
0x010000C300000033,449,610,Rizia/Turn 9/Pipeline_NatDesMeeting,Hugo Toras,en,「幸いなことに、どんな凶暴なサメであってもその牙を奪われることがあります。」
0x010000C300000048,449,620,Rizia/Turn 9/Pipeline_NatDesMeeting,Lucita Azaro,en,「幸いなことに、どんな凶暴なサメであってもその牙を奪うことは可能です。」
0x010000C30000004E,449,621,Rizia/Turn 9/Pipeline_NatDesMeeting,Titus Gordion,en,「幸いなことに、どんな凶暴なサメの噛みつきであっても防ぐことができます。」
0x010000C300000054,449,622,Rizia/Turn 9/Pipeline_NatDesMeeting,Taddeus Azaro,en,「幸いなことに、どんな凶暴なサメであってもその牙を奪うことは可能です。」
0x010000C30000006A,449,623,Rizia/Turn 9/Pipeline_NatDesMeeting,Hugo Toras,en,「これは非常に悪い知らせです。しかし、状況は理解しております。」
0x010000C300000085,449,633,Rizia/Turn 9/Pipeline_NatDesMeeting,Lucita Azaro,en,「これは非常に悪い知らせです。しかし、状況は理解しております。」
0x010000C30000008B,449,634,Rizia/Turn 9/Pipeline_NatDesMeeting,Titus Gordion,en,「これは非常に悪い知らせです。しかし、状況は理解しております。」
0x010000C300000091,449,635,Rizia/Turn 9/Pipeline_NatDesMeeting,Taddeus Azaro,en,「これは非常に悪い知らせです。しかし、状況は理解しております。」
0x010000C3000000D1,449,637,Rizia/Turn 9/Pipeline_NatDesMeeting,Player_Romus,en,「パイプラインの工事は後回しで構わない。私はルンブルクに借りを作りたくない。」
0x010000C3000000DE,449,638,Rizia/Turn 9/Pipeline_NatDesMeeting,Player_Romus,en,「私はルンブルクに借りを作りたくない。自分たちで費用を支払う。」
0x010000C3000000DE,449,638,Rizia/Turn 9/Pipeline_NatDesMeeting,Player_Romus,Menu Text en,「ルンブルクに借りを作りたくない。自分たちで支払う。」［予算-5］
0x010000C3000000F1,449,639,Rizia/Turn 9/Pipeline_NatDesMeeting,Player_Romus,en,「現時点では、他の地域の民衆の生活を犠牲にしない限り、修理を行う余裕はございません。」
0x010000C3000000FA,449,640,Rizia/Turn 9/Pipeline_NatDesMeeting,Player_Romus,en,「すぐに作業を開始してほしい。この状態が長引けば長引くほど、皆にとって状況は悪化するだけだ。」
0x010000C3000000FA,449,640,Rizia/Turn 9/Pipeline_NatDesMeeting,Player_Romus,Menu Text en,「すぐに作業を開始してほしい。このまま引き延ばせば、みんなにとって状況はより悪化するだけだ。」［予算-5］
0x010000C30000013C,449,644,Rizia/Turn 9/Pipeline_NatDesMeeting,Player_Romus,en,「意味がない。現在、そのような事業に投資するための資金は我々にはない。」
0x010000C300000143,449,645,Rizia/Turn 9/Pipeline_NatDesMeeting,Player_Romus,en,「基本的なプロジェクトに必要な資金さえ不足している状況で、これをどのように進めるつもりか？」
0x010000C30000014A,449,646,Rizia/Turn 9/Pipeline_NatDesMeeting,Player_Romus,en,「おとぎの粉や願望だけでは無理だろう。もし誰かが宮殿の下に宝箱を隠していない限り、残念ながら我々には幸運は訪れないだろう。」
0x010000C300000157,449,650,Rizia/Turn 9/Pipeline_NatDesMeeting,Player_Romus,en,「私も同感だ。しかし、それを実行するための財政的余裕がございません。」
0x010000C30000018C,449,660,Rizia/Turn 9/Pipeline_NatDesMeeting,Titus Gordion,en,「事態がさらに悪化する前に、速やかに対処されるのが賢明でしょう。」
0x010000C300000192,449,661,Rizia/Turn 9/Pipeline_NatDesMeeting,Titus Gordion,en,「我々が最も避けたいのは、事態が手に負えないほど悪化してしまうことです。」
0x010000C30000019A,449,662,Rizia/Turn 9/Pipeline_NatDesMeeting,Taddeus Azaro,en,「事態がさらに悪化する前に、すぐに対処するのが賢明でしょう。」
0x010000C3000001A1,449,663,Rizia/Turn 9/Pipeline_NatDesMeeting,Taddeus Azaro,en,「我々が最も避けたいのは、事態がさらに悪化し、制御不能な状況に陥ることです。」
0x010000C3000001A8,449,664,Rizia/Turn 9/Pipeline_NatDesMeeting,Lucita Azaro,en,「我々が最も避けたいのは、事態が手に負えないほど拡大してしまうことです。」
0x010000C3000001AE,449,665,Rizia/Turn 9/Pipeline_NatDesMeeting,Lucita Azaro,en,「事態がさらに悪化する前に、至急対処するのが賢明でしょう。」
0x010000C3000001B7,449,666,Rizia/Turn 9/Pipeline_NatDesMeeting,Lucita Azaro,en,「それでも、陛下のご判断に従います。」
0x010000C3000001C3,449,670,Rizia/Turn 9/Pipeline_NatDesMeeting,Hugo Toras,en,「陛下、そのご判断は理解いたしますが、修理を先延ばしにすると将来的により大きな費用がかかるのではないかと懸念しております。」
0x010000C3000001C9,449,671,Rizia/Turn 9/Pipeline_NatDesMeeting,Hugo Toras,en,「いずれにせよ、陛下のご判断に従います。」
0x010000C3000001D2,449,672,Rizia/Turn 9/Pipeline_NatDesMeeting,Taddeus Azaro,en,「そうですが、陛下のご命令に従います。」
0x010000C3000001D9,449,673,Rizia/Turn 9/Pipeline_NatDesMeeting,Titus Gordion,en,「とはいえ、陛下のご決定に従います。」
0x010000C3000001E0,449,674,Rizia/Turn 9/Pipeline_NatDesMeeting,Titus Gordion,en,「さて、内乱をどのように処理すべきか、王室としての考えは……」
0x010000C3000001E6,449,675,Rizia/Turn 9/Pipeline_NatDesMeeting,Lucita Azaro,en,「さて、内乱をどのように処理すべきか、王室としての考えは……」
0x010000C3000001EC,449,676,Rizia/Turn 9/Pipeline_NatDesMeeting,Taddeus Azaro,en,「さて、内乱をどのように処理すべきか、王室としての考えは……」
0x010000C300000249,449,684,Rizia/Turn 9/Pipeline_NatDesMeeting,Titus Gordion,en,「さて、王室がこの混乱をどのように処理しようとしているかについてですが……」
0x010000C30000024F,449,685,Rizia/Turn 9/Pipeline_NatDesMeeting,Lucita Azaro,en,「さて、王室がこの混乱をどのように処理しようとしているかについてですが……」
0x010000C300000255,449,686,Rizia/Turn 9/Pipeline_NatDesMeeting,Taddeus Azaro,en,「さて、王室がこの混乱をどのように処理しようとしているかについてですが……」
0x010000C30000027C,449,695,Rizia/Turn 9/Pipeline_NatDesMeeting,Titus Gordion,en,「陛下、どのようなご考えでいらっしゃいますか？」
0x010000C30000028C,449,702,Rizia/Turn 9/Pipeline_NatDesMeeting,Taddeus Azaro,en,「どのような対策をご提案ですか？」
0x010000C300000292,449,703,Rizia/Turn 9/Pipeline_NatDesMeeting,Lucita Azaro,en,「何を考えておいでだったのですか、陛下？」
0x010000C3000002BB,449,707,Rizia/Turn 9/Pipeline_NatDesMeeting,Lucita Azaro,en,「必ずや実行いたします。彼らがここにいれば、混乱も確実に収拾できるでしょう。」
0x010000C3000002C3,449,708,Rizia/Turn 9/Pipeline_NatDesMeeting,Lucita Azaro,en,「その間も、異議の芽生えとなっている根本的な問題を解決するための取り組みを続け、それが別の形で表面化する前に対処すべきです。」
0x010000C3000002CA,449,709,Rizia/Turn 9/Pipeline_NatDesMeeting,Titus Gordion,en,「それはもう手配いたしました。彼らがここにいれば、混乱も間違いなく鎮圧されます。」
0x010000C3000002DA,449,716,Rizia/Turn 9/Pipeline_NatDesMeeting,Taddeus Azaro,en,「私が対処いたします。彼らがここにいれば、混乱は必ず収まるでしょう。」
0x010000C30000030D,449,717,Rizia/Turn 9/Pipeline_NatDesMeeting,Hugo Toras,en,「その間も、異議の芽となっている根本的な問題を解決するための取り組みを続け、それが別の形で再び表面化するのを防ぐべきです。」
0x010000C300000326,449,727,Rizia/Turn 9/Pipeline_NatDesMeeting,Titus Gordion,en,「彼らの介入によってこの地域は安定し、根本的な不満を解決するための時間も得られるはずです。」
0x010000C30000032C,449,728,Rizia/Turn 9/Pipeline_NatDesMeeting,Taddeus Azaro,en,「彼らがいるだけで、忠誠派たちの不安を和らげ、これ以上の騒乱を防ぐことができるはずです。」
0x010000C300000337,449,729,Rizia/Turn 9/Pipeline_NatDesMeeting,Lucita Azaro,en,「彼らを自由に放っておくのはためらわれますが、その実力は否定できません。」
0x010000C30000033D,449,730,Rizia/Turn 9/Pipeline_NatDesMeeting,Lucita Azaro,en,「必ず実現させます。追加された資源があれば、彼らならこの混乱を収拾できるはずです。」
0x010000C300000343,449,731,Rizia/Turn 9/Pipeline_NatDesMeeting,Titus Gordion,en,「承知いたしました。そのような集団を野放しにすることには懸念もありますが、彼らの実績がすでに十分な証明となっております。」
0x010000C300000353,449,738,Rizia/Turn 9/Pipeline_NatDesMeeting,Taddeus Azaro,en,「私が対処いたします。外部の過激派組織に頼ることには懸念もありますが、この状況を収拾できる力があるとすれば、それは彼らです。」
0x010000C300000363,449,745,Rizia/Turn 9/Pipeline_NatDesMeeting,Titus Gordion,en,「それはもう決まりました。資源が増えれば彼らは秩序を回復し、我々が根本的な問題に対処する時間も与えてくれるでしょう。」
0x010000C300000369,449,746,Rizia/Turn 9/Pipeline_NatDesMeeting,Taddeus Azaro,en,「私が対処いたします。この追加の支援があれば、彼らは混乱を収拾できるでしょう。」
0x010000C300000388,449,747,Rizia/Turn 9/Pipeline_NatDesMeeting,Titus Gordion,en,「彼らが混乱を収拾してくれるでしょう。」
0x010000C30000038F,449,748,Rizia/Turn 9/Pipeline_NatDesMeeting,Taddeus Azaro,en,「彼らが状況を収拾してくれます。」
0x010000C300000396,449,749,Rizia/Turn 9/Pipeline_NatDesMeeting,Lucita Azaro,en,「彼らが混乱を収拾してくれるでしょう。」
0x010000C3000003A3,449,750,Rizia/Turn 9/Pipeline_NatDesMeeting,Lucita Azaro,en,「その間も、異議の芽生えとなっている根本的な問題を解決するための取り組みを続け、それが別の形で表面化する前に対処すべきです。」
0x010000C3000003A9,449,751,Rizia/Turn 9/Pipeline_NatDesMeeting,Hugo Toras,en,「その間も、異議の芽となっている根本的な問題を解決するための取り組みを続け、それが別の形で再び表面化するのを防ぐべきです。」
0x010000C3000003C4,449,761,Rizia/Turn 9/Pipeline_NatDesMeeting,Taddeus Azaro,en,「彼らの存在によって、忠誠派たちの安心感が高まると同時に、これ以上の混乱も防ぐことができます。」
0x010000C3000003D3,449,762,Rizia/Turn 9/Pipeline_NatDesMeeting,Lucita Azaro,en,「必ず実行いたします。新たな権限を与えれば、彼らが混乱を収拾できると確信しております。」
0x010000C3000003E3,449,769,Rizia/Turn 9/Pipeline_NatDesMeeting,Titus Gordion,en,「その通りにいたしましょう。彼らに与えられる新たな権限によって秩序が回復し、根本的な不満に対処する時間も得られます。」
0x010000C3000003E9,449,770,Rizia/Turn 9/Pipeline_NatDesMeeting,Taddeus Azaro,en,「私が対処いたします。彼らに与えられる新たな権限が、混乱を収拾するでしょう。」
0x010000C3000003F5,449,771,Rizia/Turn 9/Pipeline_NatDesMeeting,Taddeus Azaro,en,「それによって忠誠派の心も安定し、さらなる混乱も防ぐことができます。」
0x010000C3000003FB,449,772,Rizia/Turn 9/Pipeline_NatDesMeeting,Lucita Azaro,en,「その間も、異議の芽生えとなっている根本的な問題を解決するための取り組みを続け、それが別の形で表面化する前に対処すべきです。」
0x010000C300000401,449,773,Rizia/Turn 9/Pipeline_NatDesMeeting,Hugo Toras,en,「その間も、異議の芽となっている根本的な問題を解決するための取り組みを続け、それが別の形で再び表面化するのを防ぐべきです。」
0x010000C300000424,449,783,Rizia/Turn 9/Pipeline_NatDesMeeting,Lucita Azaro,en,「私がそれを実現させましょう。少しの財政的支援であっても、緊張緩和に大いに役立つでしょう。」
0x010000C300000434,449,790,Rizia/Turn 9/Pipeline_NatDesMeeting,Titus Gordion,en,「承知いたしました。タイムリーな救済措置によって、状況を和らげることができるでしょう。」
0x010000C30000043A,449,791,Rizia/Turn 9/Pipeline_NatDesMeeting,Taddeus Azaro,en,「私が対処いたします。財政的な支援によって、少なくとも一時的には騒動を鎮めることができます。」
0x010000C300000440,449,792,Rizia/Turn 9/Pipeline_NatDesMeeting,Titus Gordion,en,「私としては積極的な手段の方がより効果的だと考えますが、これによって根本的な問題に対処するための時間を稼ぐことができます。」
0x010000C300000446,449,793,Rizia/Turn 9/Pipeline_NatDesMeeting,Taddeus Azaro,en,「確かに強硬な手段の方がより効果的だと考えておりますが、これによって反対意見を生み出している根本的な問題に取り組むための時間を稼ぐことができます。」
0x010000C30000044C,449,794,Rizia/Turn 9/Pipeline_NatDesMeeting,Lucita Azaro,en,「その間も、異議の芽生えとなっている根本的な問題を解決するための取り組みを続け、それが別の形で表面化する前に対処すべきです。」
0x010000C300000452,449,795,Rizia/Turn 9/Pipeline_NatDesMeeting,Hugo Toras,en,「その間も、異議の芽となっている根本的な問題を解決するための取り組みを続け、それが別の形で再び表面化するのを防ぐべきです。」
0x010000C300000475,449,805,Rizia/Turn 9/Pipeline_NatDesMeeting,Taddeus Azaro,en,「我々が最も避けるべきことは、それが別の形態として現れることです。」
0x010000C30000047C,449,806,Rizia/Turn 9/Pipeline_NatDesMeeting,Titus Gordion,en,「我々が最も避けたいのは、それが別の形として現れることです。」
0x010000C300000483,449,807,Rizia/Turn 9/Pipeline_NatDesMeeting,Lucita Azaro,en,「私がそれを実現させましょう。この措置によって、我々が民衆の声に耳を傾けていることを示すことができます。」
0x010000C300000493,449,814,Rizia/Turn 9/Pipeline_NatDesMeeting,Titus Gordion,en,「その通りにいたしましょう。ささやかなご配慮ではありますが、一時的であれ陛下の負担を和らげることができます。」
0x010000C300000499,449,815,Rizia/Turn 9/Pipeline_NatDesMeeting,Taddeus Azaro,en,「私が対処いたします。これにより当面の緊張は和らぎ、我々が行動を起こしていることも示せます。」
0x010000C3000004E2,449,816,Rizia/Turn 9/Pipeline_NatDesMeeting,Lucita Azaro,en,「必ず実行いたします。このような措置は、信頼を取り戻す上で大きな役割を果たすでしょう。」
0x010000C3000004F2,449,823,Rizia/Turn 9/Pipeline_NatDesMeeting,Titus Gordion,en,「その通りにいたしましょう。少なくとも当面は、状況の緩和に役立つはずです。」
0x010000C3000004F8,449,824,Rizia/Turn 9/Pipeline_NatDesMeeting,Taddeus Azaro,en,「私が対処いたします。そうすれば混乱もある程度収まるでしょう。」
0x010000C3000004FE,449,825,Rizia/Turn 9/Pipeline_NatDesMeeting,Titus Gordion,en,「私としては積極的な手段の方がより効果的だと考えますが、これによって根本的な問題に対処するための時間を稼ぐことができます。」
0x010000C300000504,449,826,Rizia/Turn 9/Pipeline_NatDesMeeting,Taddeus Azaro,en,「確かに強硬な手段の方がより効果的だと考えておりますが、これによって反対意見を生み出している根本的な問題に取り組むための時間を稼ぐことができます。」
0x010000C30000050A,449,827,Rizia/Turn 9/Pipeline_NatDesMeeting,Lucita Azaro,en,「その間も、異議の芽生えとなっている根本的な問題を解決するための取り組みを続け、それが別の形で表面化する前に対処すべきです。」
0x010000C300000510,449,828,Rizia/Turn 9/Pipeline_NatDesMeeting,Hugo Toras,en,「その間も、異議の芽となっている根本的な問題を解決するための取り組みを続け、それが別の形で再び表面化するのを防ぐべきです。」
0x010000C300000525,449,838,Rizia/Turn 9/Pipeline_NatDesMeeting,Taddeus Azaro,en,「我々が最も避けるべきことは、これが政治的な見せかけとして受け取られ、別の形で現れることです。」
0x010000C30000052B,449,839,Rizia/Turn 9/Pipeline_NatDesMeeting,Titus Gordion,en,「我々が最も避けたいのは、これが政治的な見せかけとして受け取られ、別の形で現れることです。」
0x010000C3000007F5,449,840,Rizia/Turn 9/Pipeline_NatDesMeeting,Lucita Azaro,en,「必ず実行いたします。控えめな対応を取ることで、状況の緩和につながるものと期待しております。」
0x010000C300000805,449,847,Rizia/Turn 9/Pipeline_NatDesMeeting,Titus Gordion,en,「承知いたしました。それで問題は解決するでしょう。もちろん、我々は遠くから状況を見守り続けます。」
0x010000C30000080B,449,848,Rizia/Turn 9/Pipeline_NatDesMeeting,Taddeus Azaro,en,「私が対処いたします。危険は伴いますが、秩序が保たれている限り妥当な判断です。」
0x010000C300000811,449,849,Rizia/Turn 9/Pipeline_NatDesMeeting,Titus Gordion,en,「私としては積極的な手段の方がより効果的だと考えますが、これによって根本的な問題に対処するための時間を稼ぐことができます。」
0x010000C300000817,449,850,Rizia/Turn 9/Pipeline_NatDesMeeting,Taddeus Azaro,en,「確かに強硬な手段の方がより効果的だと考えておりますが、これによって反対意見を生み出している根本的な問題に取り組むための時間を稼ぐことができます。」
0x010000C30000081D,449,851,Rizia/Turn 9/Pipeline_NatDesMeeting,Lucita Azaro,en,「その間も、異議の芽生えとなっている根本的な問題を解決するための取り組みを続け、それが別の形で表面化する前に対処すべきです。」
0x010000C300000823,449,852,Rizia/Turn 9/Pipeline_NatDesMeeting,Hugo Toras,en,「その間も、異議の芽となっている根本的な問題を解決するための取り組みを続け、それが別の形で再び表面化するのを防ぐべきです。」
0x010000C300000838,449,862,Rizia/Turn 9/Pipeline_NatDesMeeting,Taddeus Azaro,en,「我々が最も避けるべきことは、それが別の形で現れることです。」
0x010000C30000083E,449,863,Rizia/Turn 9/Pipeline_NatDesMeeting,Titus Gordion,en,「我々が最も避けたいのは、それが別の形で現れることです。」
0x010000C30000085A,449,865,Rizia/Turn 9/Pipeline_NatDesMeeting,Lucita Azaro,en,「わかりました。状況が悪化すれば、後々選択肢がより少なくなるかもしれません...」
0x010000C30000086A,449,872,Rizia/Turn 9/Pipeline_NatDesMeeting,Titus Gordion,en,「承知いたしました。何もしなければ緊張が高まるのではないかと心配しておりますが、陛下のご決断を信頼しております。」
0x010000C300000870,449,873,Rizia/Turn 9/Pipeline_NatDesMeeting,Taddeus Azaro,en,「陛下のご命令に従います。しかし私の経験上、力を示さなければ混乱はほとんど収まりません...」
0x010000C30000088D,449,874,Rizia/Turn 9/Pipeline_NatDesMeeting,Hugo Toras,en,「そして、代議院が閉鎖されたことも大きな要因の一つで、不安定な状況はさらに悪化しています。」
0x010000C30000089D,449,878,Rizia/Turn 9/Pipeline_NatDesMeeting,Hugo Toras,en,「生活水準が低下しているという考えは、事態をさらに悪化させるだけです。」
0x010000C3000008A5,449,879,Rizia/Turn 9/Pipeline_NatDesMeeting,Lucita Azaro,en,「そして代議院が閉鎖されたことで、すでに不安定な状況がさらに悪化しています。」
0x010000C3000008AB,449,880,Rizia/Turn 9/Pipeline_NatDesMeeting,Lucita Azaro,en,「民の間では、生活水準が低下しているという懸念も広まっております。」
0x010000C3000008C0,449,890,Rizia/Turn 9/Pipeline_NatDesMeeting,Lucita Azaro,en,「生活水準が低下しているという広く浸透した考え方は、既に不安定な状況をさらに悪化させているだけです。」
0x010000C3000008E4,449,894,Rizia/Turn 9/Pipeline_NatDesMeeting,Taddeus Azaro,en,「生活水準が低下しているという考え方が日に日に強まっており、それもまた状況をさらに悪化させています。」
0x010000C3000008F2,449,898,Rizia/Turn 9/Pipeline_NatDesMeeting,Titus Gordion,en,「生活水準が低下しているという考え方が日に日に強まっており、それもまた既に緊張した状況をさらに悪化させています。」
0x010000C300000917,449,902,Rizia/Turn 9/Pipeline_NatDesMeeting,Player_Romus,en,「まるで彼らが真の苦難とは何かを知っているかのようだ。」
0x010000C30000091F,449,903,Rizia/Turn 9/Pipeline_NatDesMeeting,Player_Romus,en,「ああ、それだけか？」
0x010000C30000096D,449,904,Rizia/Turn 9/Pipeline_NatDesMeeting,Titus Gordion,en,「陛下、私はどんな状況であってもお仕えするためにここにいるのです。」
0x010000C30000097D,449,911,Rizia/Turn 9/Pipeline_NatDesMeeting,Taddeus Azaro,en,「もし単なる停電だけで私の動きを妨げられるのなら、私には陛下に仕える資格などないでしょう。」
0x010000C300000983,449,912,Rizia/Turn 9/Pipeline_NatDesMeeting,Lucita Azaro,en,「陛下、せいぜい些細な支障に過ぎません。私どもにはより緊急の用件がございます。」
0x010000C300000991,449,913,Rizia/Turn 9/Pipeline_NatDesMeeting,Player_Romus,en,「では、あのサッカーの試合はいかがだったか？」
0x010000C30000099E,449,917,Rizia/Turn 9/Pipeline_NatDesMeeting,Titus Gordion,en,「はい、陛下。万が一に備えて何らかの対策を準備しておくのが賢明でしょう。冗談はさておき……」
0x010000C3000009AE,449,924,Rizia/Turn 9/Pipeline_NatDesMeeting,Taddeus Azaro,en,「陛下、万が一に備えて何らかの予備策を講じておく方が賢明かと存じます。ですが真剣に申し上げますと……」
0x010000C3000009B4,449,925,Rizia/Turn 9/Pipeline_NatDesMeeting,Lucita Azaro,en,「はい、万が一に備えて何らかの対策を講じておくのが賢明でしょう、陛下。冗談はさておき……」
0x010000C3000009C2,449,926,Rizia/Turn 9/Pipeline_NatDesMeeting,Titus Gordion,en,「陛下、今回の停電が勝利をもたらしたと存じます。まさに弱者の逆転劇です。」
0x010000C3000009D2,449,933,Rizia/Turn 9/Pipeline_NatDesMeeting,Taddeus Azaro,en,「まさに歴史に残る名作ですね。どうかしてその結末を見ることができればよいのですが。」
0x010000C3000009D8,449,934,Rizia/Turn 9/Pipeline_NatDesMeeting,Lucita Azaro,en,「最後の数秒で停電が勝利をもたらしたと聞きました。」
0x010000C3000009E3,449,935,Rizia/Turn 9/Pipeline_NatDesMeeting,Hugo Toras,en,「現在の得点は、エレクトリシティが1、リジアが0だと思います。」
0x010000C3000009F1,449,939,Rizia/Turn 9/Pipeline_NatDesMeeting,Lucita Azaro,en,「冗談はさておき……」
0x010000C300000A0C,449,940,Rizia/Turn 9/Pipeline_NatDesMeeting,Taddeus Azaro,en,「ですが、真面目に言えば……」
0x010000C300000A12,449,941,Rizia/Turn 9/Pipeline_NatDesMeeting,Titus Gordion,en,「冗談はさておき……」
0x010000C300000A1E,449,945,Rizia/Turn 9/Pipeline_NatDesMeeting,Lucita Azaro,en,「はい、最後の数秒で停電が勝利をもたらしたと聞いております。」
0x010000C300000A2D,449,949,Rizia/Turn 9/Pipeline_NatDesMeeting,Taddeus Azaro,en,「ええ、まさに歴史に残る試合でした。結末がどうなったのか見られればよかったのですが。」
0x010000C300000A3D,449,953,Rizia/Turn 9/Pipeline_NatDesMeeting,Titus Gordion,en,「陛下、停電戦で勝利したとのことです。まさに弱小チームの逆転劇ですね。」
0x010000C300000D2D,449,956,Rizia/Turn 9/Pipeline_NatDesMeeting,Narrator,en,その件が解決したため、会議は終了した。
0x010000C300000D33,449,957,Rizia/Turn 9/Pipeline_NatDesMeeting,Narrator,en,私が次の手順について考えながら自分の部屋へ戻っていると、近衛兵の一人が封筒を持って近づいてきた。
0x010000C300000D41,449,958,Rizia/Turn 9/Pipeline_NatDesMeeting,Narrator,en,私はその封筒を開けてみると、そこには私の悩みへの答えが分かりやすく書かれていた。
0x010000C300000D49,449,959,Rizia/Turn 9/Pipeline_NatDesMeeting,Narrator,en,FCポルテ・ドラゾン：2、ロイヤルFCヴァレンキル：0だった。
0x010000C300000DA1,449,969,Rizia/Turn 9/Pipeline_NatDesMeeting,Narrator,en,下方の表面には、ハンマーで打たれた痕跡として深い凹みが残っていた。
0x010000C300000DAD,449,970,Rizia/Turn 9/Pipeline_NatDesMeeting,Narrator,en,会議が終了すると、私は自分の部屋へと戻った。
0x010000C300000DB3,449,971,Rizia/Turn 9/Pipeline_NatDesMeeting,Narrator,en,そうすると、先ほど見たスローガンの言葉――「民以外に王なし」――が思い浮かんだ。
0x010000C300000DB9,449,972,Rizia/Turn 9/Pipeline_NatDesMeeting,Narrator,en,それは単純な言葉ではあったが、同時に危険なものでもあった。その言葉の力は私に立ち止まって考えるほど強烈だった。
0x010000C300000DBF,449,973,Rizia/Turn 9/Pipeline_NatDesMeeting,Player_Romus_Italic,en,「民衆だ。」歴史を消し去るのに、それだけで十分なのだと私は思った。
0x010000C300000DBF,449,973,Rizia/Turn 9/Pipeline_NatDesMeeting,Player_Romus_Italic,Menu Text en,「民衆だ。」歴史を消し去るのに、それだけで十分なのだと私は思った。
0x010000C300000DC5,449,974,Rizia/Turn 9/Pipeline_NatDesMeeting,Player_Romus_Italic,en,それはとてもシンプルな言葉たちで、ほとんど魅力的にさえ思えた。ほとんどだが。
0x010000C300000DC5,449,974,Rizia/Turn 9/Pipeline_NatDesMeeting,Player_Romus_Italic,Menu Text en,それはとてもシンプルな言葉たちで、ほとんど魅力的にさえ思えた。ほとんどだが。
0x010000C300000DCB,449,975,Rizia/Turn 9/Pipeline_NatDesMeeting,Player_Romus_Italic,en,まるで人々にこうしたことに対する発言権など最初からあったかのようだ。
0x010000C300000DCB,449,975,Rizia/Turn 9/Pipeline_NatDesMeeting,Player_Romus_Italic,Menu Text en,まるで人々にこうしたことに対する発言権など最初からあったかのようだ。
0x010000C300000E00,449,976,Rizia/Turn 9/Pipeline_NatDesMeeting,Player_Romus_Italic,en,その言葉ほど真実に響いたことはなかった。
0x010000C300000E00,449,976,Rizia/Turn 9/Pipeline_NatDesMeeting,Player_Romus_Italic,Menu Text en,その言葉ほど真実に響いたことはなかった。
0x010000C300001210,449,977,Rizia/Turn 9/Pipeline_NatDesMeeting,Titus Gordion,en,「幸いなことに、被害の規模は最悪の状況ほど深刻ではありませんでした。」
0x010000C300001220,449,984,Rizia/Turn 9/Pipeline_NatDesMeeting,Taddeus Azaro,en,「幸いなことに、被害は本来起こり得たほど深刻ではありません。」
0x010000C300001226,449,985,Rizia/Turn 9/Pipeline_NatDesMeeting,Lucita Azaro,en,「幸いなことに、被害は本来あったかもしれないほど深刻ではありません。」
0x010000C300001249,449,989,Rizia/Turn 9/Pipeline_NatDesMeeting,Hugo Toras,en,「幸いなことに、被害は本来あるはずの程度ほど深刻ではありません。」
0x010000C30000125D,449,990,Rizia/Turn 9/Pipeline_NatDesMeeting,Player_Romus,en,「どういう意味か？」
0x010000C30000126A,449,991,Rizia/Turn 9/Pipeline_NatDesMeeting,Player_Romus,en,「これはより大きな何かの始まりだろうか、それとも単なる一時的な騒動に過ぎないのだろうか？」
0x010000C300001270,449,992,Rizia/Turn 9/Pipeline_NatDesMeeting,Player_Romus,en,「私はアダルフォ・ソテラートがこれら全ての背後にいると断言する。国庫の全財産を賭けても構わない。」
0x010000C300001277,449,993,Rizia/Turn 9/Pipeline_NatDesMeeting,Player_Romus,en,「ここで我々が直面しているのは一体何なのか？これはどこまで広がっているのだろうか？」
0x010000C30000129E,449,996,Rizia/Turn 9/Pipeline_NatDesMeeting,Narrator,en,私の言葉が会議室の石造りの壁に反響した。ここにこれ以上一分たりとも留まりたくなかった私は、振り返って再び廊下を戻っていった。
0x010000C3000012A9,449,997,Rizia/Turn 9/Pipeline_NatDesMeeting,Narrator,en,やがて私は霊廟の外に出ると、群衆が集まっているのが見えた。その中には王室に忠実な者もいれば、墓を汚した者たちを支持する者たちもいた。
0x010000C3000012B0,449,998,Rizia/Turn 9/Pipeline_NatDesMeeting,Narrator,en,空気中の緊張感は非常に高まっていたが、私はやがて自分の車列のところへ行き、そこから出発した。
0x010000C30000131F,449,1002,Rizia/Turn 9/Pipeline_NatDesMeeting,Narrator,en,ついに最終的な決定が下されたちょうどその時、部屋の中が突然光に包まれた。
0x010000C300001325,449,1003,Rizia/Turn 9/Pipeline_NatDesMeeting,Player_Romus,en,「ずいぶん時間がかかったね。」
0x010000C30000132B,449,1004,Rizia/Turn 9/Pipeline_NatDesMeeting,Player_Romus,en,「まあ、少なくとも一つの問題は解決したね。」
0x010000C300001331,449,1005,Rizia/Turn 9/Pipeline_NatDesMeeting,Player_Romus,en,「残念だ……ちょうどろうそくやたいまつを用意してもらおうと思っていたところだった。」
0x010000C300001337,449,1006,Rizia/Turn 9/Pipeline_NatDesMeeting,Player_Romus,en,「やっとだね。これでずっと点いていてくれることを願う。」
0x010000C30000133E,449,1007,Rizia/Turn 9/Pipeline_NatDesMeeting,Narrator,en,宮殿の電力供給システムが安定した音を立てて再び動き出すと、非常灯のかすかな光も次第に消えていった。
0x010000C30000134C,449,1011,Rizia/Turn 9/Pipeline_NatDesMeeting,Lucita Azaro,en,「つまりですね……この場所にもう少し中世風の装飾を加えれば、それほど悪くないと思います……」
0x010000C30000135C,449,1018,Rizia/Turn 9/Pipeline_NatDesMeeting,Titus Gordion,en,「まさに、最後のたいまつすら使えると思ったその時でした。」
0x010000C300001362,449,1019,Rizia/Turn 9/Pipeline_NatDesMeeting,Taddeus Azaro,en,「こちらでは、残りのたいまつを申請しようとしていたところです。」
0x010000C30000136C,449,1020,Rizia/Turn 9/Pipeline_NatDesMeeting,Hugo Toras,en,「たとえば松明の手配はまだ可能です――もちろん、雰囲気作りのためだけにですが。」
0x010000C30000137E,449,1024,Rizia/Turn 9/Pipeline_NatDesMeeting,Lucita Azaro,en,「公共事業の作業員たちから確認を取りますが、最悪の状況はもう過ぎ去ったようです。」
0x010000C30000138E,449,1031,Rizia/Turn 9/Pipeline_NatDesMeeting,Titus Gordion,en,「作業員たちに確認してみますが、最悪の事態はもう過ぎ去ったようです。」
0x010000C300001394,449,1032,Rizia/Turn 9/Pipeline_NatDesMeeting,Taddeus Azaro,en,「公共事業の作業員たちに確認してみますが、最悪の状況は過ぎ去ったようです。」
0x010000C30000139F,449,1036,Rizia/Turn 9/Pipeline_NatDesMeeting,Hugo Toras,en,「公共事業の作業員たちに確認してみますが、最悪の状況はもう過ぎ去ったようです。」
0x010000C3000013B1,449,1037,Rizia/Turn 9/Pipeline_NatDesMeeting,Lucita Azaro,en,「そのままでいてくれることを願っております。」
0x010000C3000013C1,449,1044,Rizia/Turn 9/Pipeline_NatDesMeeting,Titus Gordion,en,「そのままでいてくれることを願っております。」
0x010000C3000013C7,449,1045,Rizia/Turn 9/Pipeline_NatDesMeeting,Taddeus Azaro,en,「そのままであり続けますよう願っております。」
0x010000C3000013D2,449,1049,Rizia/Turn 9/Pipeline_NatDesMeeting,Hugo Toras,en,「最悪の事態はもう過ぎ去ったことを願っております、陛下。」
0x010000C3000013E3,449,1050,Rizia/Turn 9/Pipeline_NatDesMeeting,Lucita Azaro,en,「どうか、これで最後の問題となりますように。」
0x010000C3000013F3,449,1057,Rizia/Turn 9/Pipeline_NatDesMeeting,Titus Gordion,en,「それで問題が完全に解決することを願っております。」
0x010000C3000013F9,449,1058,Rizia/Turn 9/Pipeline_NatDesMeeting,Taddeus Azaro,en,「再びこのような遅延は許されません。」
0x010000C300001404,449,1062,Rizia/Turn 9/Pipeline_NatDesMeeting,Hugo Toras,en,「どうやらこのシステムには独自の意志があるようですね。」
0x010000C300001417,449,1063,Rizia/Turn 9/Pipeline_NatDesMeeting,Player_Romus,en,「とりあえず、これで全て済むね。他に何かご意見の方はいないなら、今日はここで終わりにしよう。」
0x010000C30000141D,449,1064,Rizia/Turn 9/Pipeline_NatDesMeeting,Player_Romus,en,「もう十分聞いた。この会議は終わりだ。」
0x010000C300001423,449,1065,Rizia/Turn 9/Pipeline_NatDesMeeting,Player_Romus,en,「聞いてくれたね。また次回。」
0x010000C300001433,449,1066,Rizia/Turn 9/Pipeline_NatDesMeeting,Player_Romus,en,「今日は一定の進展があった。できるだけ早く、これらすべてを乗り越えられることを願っている。」
0x010000C30000143B,449,1067,Rizia/Turn 9/Pipeline_NatDesMeeting,Player_Romus,en,「それで問題は解決した。これ以上私の知恵を聞かせる必要もない。皆、去ってくれ。」
0x010000C300001449,449,1071,Rizia/Turn 9/Pipeline_NatDesMeeting,Lucita Azaro,en,「はい、陛下。」
0x010000C300001459,449,1078,Rizia/Turn 9/Pipeline_NatDesMeeting,Titus Gordion,en,「はい、大統領。」
0x010000C30000145F,449,1079,Rizia/Turn 9/Pipeline_NatDesMeeting,Taddeus Azaro,en,「はい、陛下。」
0x010000C30000146A,449,1083,Rizia/Turn 9/Pipeline_NatDesMeeting,Hugo Toras,en,「もちろんです、陛下。」
0x010000C30000147F,449,1087,Rizia/Turn 9/Pipeline_NatDesMeeting,Lucita Azaro,en,「わかりました。後ほどお会いしましょう。」
0x010000C3000014C9,449,1089,Rizia/Turn 9/Pipeline_NatDesMeeting,Narrator,en,私は振り返り、ヴィナがすぐ後ろをついてくる中、再び廊下を戻っていった。
0x010000C3000014CF,449,1090,Rizia/Turn 9/Pipeline_NatDesMeeting,Narrator,en,やがて我々は霊廟から外に出ると、群衆が集まっているのが見えた。その中には王室に忠実な者もいれば、墓を汚した者たちを支持する者たちもいた。
0x010000C3000014D5,449,1091,Rizia/Turn 9/Pipeline_NatDesMeeting,Narrator,en,空気中の緊張感は非常に高かったが、我々もやがて自分たちの車列のところへ行き、そこから出発した。
0x010000C300001562,449,1100,Rizia/Turn 9/Pipeline_NatDesMeeting,Titus Gordion,en,「陛下、もっと良い知らせをお伝えできればよいのですが、これが我々が直面している現実でございます。」
0x010000C300001572,449,1107,Rizia/Turn 9/Pipeline_NatDesMeeting,Taddeus Azaro,en,「陛下、もっと良い知らせをお伝えできればよいのですが、これが我々が直面している現実です。」
0x010000C300001578,449,1108,Rizia/Turn 9/Pipeline_NatDesMeeting,Lucita Azaro,en,「それは残念な現実でございます、陛下。」
0x010000C3000015EF,449,1109,Rizia/Turn 9/Pipeline_NatDesMeeting,Player_Romus,en,「他に異議がある方はいないようなので、今日はここまでとしよう。」
0x010000C3000015F5,449,1110,Rizia/Turn 9/Pipeline_NatDesMeeting,Player_Romus,en,「とにかく、もう十分聞いた。この会議は終わりだ。」
0x010000C3000015FB,449,1111,Rizia/Turn 9/Pipeline_NatDesMeeting,Player_Romus,en,「ともかく、そろそろ出発すべき時だと思う。また次回だ。」
0x010000C300001601,449,1112,Rizia/Turn 9/Pipeline_NatDesMeeting,Player_Romus,en,「ともかく……今日は何らかの進展があった。できるだけ早くこの問題を解決できることを願っている。」
0x010000C300001607,449,1113,Rizia/Turn 9/Pipeline_NatDesMeeting,Player_Romus,en,「ともかく……これで問題は解決した。これ以上私の愚見を聞かせる必要はない。行ってしまえ。」
0x010000C300001612,449,1117,Rizia/Turn 9/Pipeline_NatDesMeeting,Lucita Azaro,en,「はい、陛下。」
0x010000C300001622,449,1124,Rizia/Turn 9/Pipeline_NatDesMeeting,Titus Gordion,en,「はい、大統領。」
0x010000C300001628,449,1125,Rizia/Turn 9/Pipeline_NatDesMeeting,Taddeus Azaro,en,「はい、陛下。」
0x010000C300001633,449,1129,Rizia/Turn 9/Pipeline_NatDesMeeting,Hugo Toras,en,「もちろんです、陛下。」
0x010000C30000163E,449,1133,Rizia/Turn 9/Pipeline_NatDesMeeting,Lucita Azaro,en,「わかりました。後ほどお会いしましょう。」
0x010000C300001660,449,1135,Rizia/Turn 9/Pipeline_NatDesMeeting,Player_Romus,en,「それはただのゲームに過ぎない、ウーゴ。落ち着いてくれ。」
0x010000C300001666,449,1136,Rizia/Turn 9/Pipeline_NatDesMeeting,Player_Romus,en,「レアル・モンタクラルが戦場にいた方が、私としてはより興味を持てる。」
0x010000C300001676,449,1140,Rizia/Turn 9/Pipeline_NatDesMeeting,Player_Romus,en,「もうすぐ分かるだろう。」
0x010000C300001684,449,1144,Rizia/Turn 9/Pipeline_NatDesMeeting,Player_Romus_Italic,en,私はウーゴのことを無視し、心をすべてゲームに注いでいた。
0x010000C300001684,449,1144,Rizia/Turn 9/Pipeline_NatDesMeeting,Player_Romus_Italic,Menu Text en,ウーゴは無視する
0x010000C300001695,449,1148,Rizia/Turn 9/Pipeline_NatDesMeeting,Narrator,en,ソードランド産のウイスキー一杯が、ウーゴの相手となった。
0x010000C3000016A5,449,1152,Rizia/Turn 9/Pipeline_NatDesMeeting,Narrator,en,私は自室の書斎に一人で座っており、部屋の中はテレビの光だけが光源となっていた。
0x010000C3000016DF,449,1153,Rizia/Turn 9/Pipeline_NatDesMeeting,Vina Toras,en,「面白くない。」
0x010000C3000017B9,449,1154,Rizia/Turn 9/Pipeline_NatDesMeeting,Titus Gordion,en,「現在我々が持っている証拠は、せいぜい状況証拠に過ぎません。使用された部品はあまりにもありふれており、誰でもその装置を組み立てることができたでしょう。」
0x010000C3000017C9,449,1161,Rizia/Turn 9/Pipeline_NatDesMeeting,Taddeus Azaro,en,「陛下、その証拠はすべて間接的なものに過ぎません。使用された部品は標準装備であり、適切な知識があれば誰でも簡単に手に入れることができます。」
0x010000C3000017CF,449,1162,Rizia/Turn 9/Pipeline_NatDesMeeting,Lucita Azaro,en,「残念ながら……我々が持っている証拠はせいぜい間接的なものに過ぎません。使用された部品はあまりにもありふれており、誰でもその装置を組み立てることができたでしょう。」
0x010000C3000017DC,449,1163,Rizia/Turn 9/Pipeline_NatDesMeeting,Lucita Azaro,en,「東方の何者かが関与している疑いはありますが、彼らと爆破事件とを断定的に結びつける証拠は何もありません。我々の情報提供者たちでさえ何も見つけ出せていないのです。」
0x010000C3000017E3,449,1164,Rizia/Turn 9/Pipeline_NatDesMeeting,Lucita Azaro,en,「要するに……すべての手がかりは行き止まりです。これを企てた者は、自分たちの足跡を完全に消し去る方法を正確に知っていたのです。」
0x010000C3000017EA,449,1165,Rizia/Turn 9/Pipeline_NatDesMeeting,Taddeus Azaro,en,「陛下、我々は一部の東方の勢力が関与している疑いを強く持っておりますが、彼らと爆破事件を直接結びつける確固たる証拠は存在しません。我々の情報源でさえも何の手掛かりも得られていないのです。」
0x010000C3000017F1,449,1166,Rizia/Turn 9/Pipeline_NatDesMeeting,Taddeus Azaro,en,「要するに……どの手がかりも行き詰まっています。犯人は極めて正確にこの犯罪を実行し、一切の痕跡を残していないのです。」
0x010000C3000017F8,449,1167,Rizia/Turn 9/Pipeline_NatDesMeeting,Titus Gordion,en,「東方のある勢力が関与している疑いはありますが、彼らと爆破事件を断定的に結びつける証拠は何もありません。我々の情報提供者でさえも何の手掛かりも得ていないのです。」
0x010000C3000017FF,449,1168,Rizia/Turn 9/Pipeline_NatDesMeeting,Titus Gordion,en,「簡単に言えば……すべての手がかりが途絶えてしまいます。これを企てた者は、自分の足跡をどう隠すかを正確に理解していたのです。」
0x010000C300001806,449,1169,Rizia/Turn 9/Pipeline_NatDesMeeting,Player_Romus,en,「少なくとも、聞いているだけで怒りがこみ上げてくる……だが、事実には反論できない。」
0x010000C300001814,449,1171,Rizia/Turn 9/Pipeline_NatDesMeeting,Player_Romus,en,「よろしい。幽霊にこだわっても何の役にも立たない。」
0x010000C30000181B,449,1172,Rizia/Turn 9/Pipeline_NatDesMeeting,Player_Romus,en,「歴史には未解決の犯罪が数多く残っている。これもその一つにならないことを願う。」
0x010000C300001822,449,1173,Rizia/Turn 9/Pipeline_NatDesMeeting,Player_Romus,en,「そんなの終わりではない！犯人もいない、正義もない。くそっ！」
0x010000C300001831,449,1177,Rizia/Turn 9/Pipeline_NatDesMeeting,Lucita Azaro,en,「それは残念な現実です、陛下。」
0x010000C300001857,449,1185,Rizia/Turn 9/Pipeline_NatDesMeeting,Player_Romus,en,「停電があったにもかかわらず、あなたはここにいるようだね、将軍。」
0x010000C30000185E,449,1186,Rizia/Turn 9/Pipeline_NatDesMeeting,Player_Romus,en,「停電があってもあなたはここにいるようだね、隊長。」
0x010000C300001899,449,1187,Rizia/Turn 9/Pipeline_NatDesMeeting,Lucita Azaro,en,「必ず実行いたします。現在、彼らは抗議者たちによって破壊されたインフラの再建や、避難した家族への援助といった、信仰に基づく人道支援活動を任務として行っております。」
0x010000C30000189F,449,1188,Rizia/Turn 9/Pipeline_NatDesMeeting,Titus Gordion,en,「その通りにいたしましょう。現在、彼らは抗議者たちによって破壊されたインフラの再建や、避難した家族への援助といった、信仰に基づく人道支援活動を任務として行っております。」
0x010000C3000018AF,449,1195,Rizia/Turn 9/Pipeline_NatDesMeeting,Taddeus Azaro,en,「私が対処いたします。現在、彼らは抗議者たちによって破壊されたインフラの再建や、避難した家族への援助といった、信仰に基づく人道支援活動を任務として行っております。」
0x010000C3000018BA,449,1196,Rizia/Turn 9/Pipeline_NatDesMeeting,Lucita Azaro,en,「しかし、そろそろ彼らも穀物播き用の道具を脇に置き、正義の剣を握る時が来ているのかもしれません。」
0x010000C3000018C8,449,1197,Rizia/Turn 9/Pipeline_NatDesMeeting,Lucita Azaro,en,「その間も、異議の芽生えとなっている根本的な問題を解決するための取り組みを続け、それが別の形で表面化する前に対処すべきです。」
0x010000C3000018CE,449,1198,Rizia/Turn 9/Pipeline_NatDesMeeting,Hugo Toras,en,「その間も、異議の芽となっている根本的な問題を解決するための取り組みを続け、それが別の形で再び表面化するのを防ぐべきです。」
0x010000C3000018E3,449,1208,Rizia/Turn 9/Pipeline_NatDesMeeting,Titus Gordion,en,「彼らの介入によってこの地域が安定し、根本的な不満を解決するための時間が得られると確信しております。」
0x010000C3000018E9,449,1209,Rizia/Turn 9/Pipeline_NatDesMeeting,Taddeus Azaro,en,「彼らがいるだけで忠誠派たちの不安が和らぎ、これ以上の騒乱も防げると確信しております。」
0x010000C3000018F6,449,1210,Rizia/Turn 9/Pipeline_NatDesMeeting,Taddeus Azaro,en,「しかし、そろそろ彼らも穀物を耕す道具を脇に置き、正義の剣を振るう時が来ているのかもしれません。」
0x010000C3000018FE,449,1211,Rizia/Turn 9/Pipeline_NatDesMeeting,Titus Gordion,en,「しかし、そろそろ彼らも鋤を置き、正義の剣を手に取る時が来ているのかもしれません。」
0x010000B800012643,449,1234,Rizia/Turn 9/Pipeline_NatDesMeeting,Titus Gordion,en,「陛下、恐れ多くも申し上げますが、改革運動の内部においてさえ深刻な分裂と急進化が起きております。」
0x010000B800012653,449,1241,Rizia/Turn 9/Pipeline_NatDesMeeting,Taddeus Azaro,en,「陛下、恐れ多くも申し上げますが、改革運動の内部においてさえ深刻な分裂と急進化が起きております。」
0x010000B800012659,449,1242,Rizia/Turn 9/Pipeline_NatDesMeeting,Lucita Azaro,en,「陛下、恐れ多くも申し上げますが、改革運動の内部においてさえ深刻な分裂と急進化が起きております。」
0x010000B800012687,449,1243,Rizia/Turn 9/Pipeline_NatDesMeeting,Lucita Azaro,en,「アダルフォ・ソテラートという過激分子が、大勢の民衆を扇動して王室に反対させているのです。」
0x010000B800012694,449,1244,Rizia/Turn 9/Pipeline_NatDesMeeting,Taddeus Azaro,en,「アダルフォ・ソテラートという過激分子が、大勢の民衆を扇動して王室に反対させているのです。」
0x010000B8000126A1,449,1245,Rizia/Turn 9/Pipeline_NatDesMeeting,Titus Gordion,en,「アダルフォ・ソテラートという過激分子が、大勢の民衆を扇動して王室に反対させているのです。」
0x010000B8000126E9,449,1250,Rizia/Turn 9/Pipeline_NatDesMeeting,Lucita Azaro,en,「陛下、彼の指導のもとで抗議活動がますます組織化されており、その支持者たちは今や王室に対して即時の措置を取るよう呼びかけています。」
0x010000B8000126F5,449,1251,Rizia/Turn 9/Pipeline_NatDesMeeting,Lucita Azaro,en,「リジア情報局の報告によれば、彼がこの混乱の背後にいる中心人物であることが確認されています。」
0x010000B800012700,449,1255,Rizia/Turn 9/Pipeline_NatDesMeeting,Taddeus Azaro,en,「RPP内の過激派を率いるソテラート氏は、国民の様々な層から広範な支持を集めております。」
0x010000B800012706,449,1256,Rizia/Turn 9/Pipeline_NatDesMeeting,Taddeus Azaro,en,「陛下、彼の指導のもとで抗議活動がますます組織的に行われるようになり、その支持者たちは今や王室に対して即時の措置を取るよう呼びかけております。」
0x010000B800012712,449,1257,Rizia/Turn 9/Pipeline_NatDesMeeting,Taddeus Azaro,en,「リジア情報局の報告によれば、彼がこの混乱の背後にいる中心人物であることが確認されています。」
0x010000B800012718,449,1258,Rizia/Turn 9/Pipeline_NatDesMeeting,Lucita Azaro,en,「RPP内の過激派を率いるソテラート氏は、国民の様々な層から広範な支持を集めております。」
0x010000B80001271E,449,1259,Rizia/Turn 9/Pipeline_NatDesMeeting,Titus Gordion,en,「RPP内の過激派を率いるソテラート氏は、国民の様々な層から広範な支持を集めております。」
0x010000B800012724,449,1260,Rizia/Turn 9/Pipeline_NatDesMeeting,Titus Gordion,en,「陛下、彼の指導のもとで抗議活動がますます組織的に行われるようになり、その支持者たちは今や王室に対して即時の措置を取るよう呼びかけております。」
0x010000B800012730,449,1261,Rizia/Turn 9/Pipeline_NatDesMeeting,Titus Gordion,en,「リジア情報局の報告によれば、彼がこの混乱の背後にいる中心人物であることが確認されています。」
0x010000B800012736,449,1262,Rizia/Turn 9/Pipeline_NatDesMeeting,Titus Gordion,en,「代議院が閉鎖された後、彼は反君主主義運動の指導者となり、社会の様々な層から広範な支持を集めております。」
0x010000B80001273C,449,1263,Rizia/Turn 9/Pipeline_NatDesMeeting,Taddeus Azaro,en,「代議院が閉鎖された後、彼は反君主主義運動の指導者となり、社会の様々な層から広範な支持を集めております。」
0x010000B800012747,449,1267,Rizia/Turn 9/Pipeline_NatDesMeeting,Lucita Azaro,en,「代議院が閉鎖された後、彼は反君主主義運動の指導者となり、社会の様々な層から広範な支持を集めております。」
0x010000520005A537,449,1274,Rizia/Turn 9/Pipeline_NatDesMeeting,Narrator,en,リジアの世界的な評判が低下していたため、この大会をボイコットしようという声が上がっていた。しかし満員の観客席を見る限り、サッカーの人気が原則よりも優先されていたのだ。
0x01000098000420AB,449,1275,Rizia/Turn 9/Pipeline_NatDesMeeting,Narrator,en,私は偶然、ブルディア自由戦線に関するルンブルク製のドキュメンタリーを見つけることがあった。その中には、ヴェーレン、ソードランド、レスピア出身のブルディア人たちへのインタビューが含まれていた。
0x0100009E0000B21E,449,1279,Rizia/Turn 9/Pipeline_NatDesMeeting,Narrator,en,それはメルコパカップの準々決勝だった。無名のソードランドチームがアルカシアにてサッカーの強豪チームであるオランピック・ヴェントリーと対戦していた。
0x0100009E0000B25F,449,1280,Rizia/Turn 9/Pipeline_NatDesMeeting,Narrator,en,それはメルコパカップの準々決勝だった。レアル・モンタクラルはアルカシアにてサッカーの強豪チームであるオランピック・ヴェントリーと対戦していた。
0x0100009E0000B294,449,1281,Rizia/Turn 9/Pipeline_NatDesMeeting,Narrator,en,彼らはそれぞれの国で経験した苦痛と悲しみについて語った。
0x0100009E0000B29B,449,1282,Rizia/Turn 9/Pipeline_NatDesMeeting,Player_Romus_Italic,en,私は前に身を乗り出して、チャンネルを変えようと手を伸ばした。
0x0100009E0000B29B,449,1282,Rizia/Turn 9/Pipeline_NatDesMeeting,Player_Romus_Italic,Menu Text en,チャンネルを変更する
0x0100009E0000B2A3,449,1283,Rizia/Turn 9/Pipeline_NatDesMeeting,Player_Romus_Italic,en,興味をそそられ、私は見続けた。
0x0100009E0000B2A3,449,1283,Rizia/Turn 9/Pipeline_NatDesMeeting,Player_Romus_Italic,Menu Text en,見続ける
0x0100009E0000B2B7,449,1284,Rizia/Turn 9/Pipeline_NatDesMeeting,Narrator,en,そのドキュメンタリーには、ヴィクトル・スモラクがBFFに反対して行った情熱的な演説の古い映像と、かつてのソードランド大統領であるタルキン・ソルがカメラの前で厳しい表情を見せているノイズの多い映像が組み合わせられていた。
0x0100009E0000B2BE,449,1285,Rizia/Turn 9/Pipeline_NatDesMeeting,Narrator,en,ブルディア人の戦士たちがKA-74を装備して戦ったことについて取材が行われ、ルンブルク人のジャーナリストたちは彼らを称賛し、「東部メルコパの自由戦士」と呼んだ。
0x010000B8000127A7,449,1287,Rizia/Turn 9/Pipeline_NatDesMeeting,Lucita Azaro,en,「しかし残念ながら、これは国内で起きている数多くの同様の事案のうちの一つに過ぎません。」
0x010000B8000127AE,449,1288,Rizia/Turn 9/Pipeline_NatDesMeeting,Taddeus Azaro,en,「しかし残念ながら、これは国内で起きている数多くの同様の事案のうちの一つに過ぎません。」
0x010000B8000127B5,449,1289,Rizia/Turn 9/Pipeline_NatDesMeeting,Titus Gordion,en,「しかし残念ながら、これは国内で起きている数多くの同様の事案のうちの一つに過ぎません。」
0x010000B8000127C2,449,1290,Rizia/Turn 9/Pipeline_NatDesMeeting,Hugo Toras,en,「しかし残念ながら、これは国内で起きている数多くの同様の事案のうちの一つに過ぎません。」
0x010000B8000127D0,449,1291,Rizia/Turn 9/Pipeline_NatDesMeeting,Lucita Azaro,en,「陛下……我々はこの事件が改革運動と関連していると強く考えております。実のところ、今の段階ではそれを革命的な運動と呼ぶ方が適切でしょう。」
0x010000B8000127D6,449,1292,Rizia/Turn 9/Pipeline_NatDesMeeting,Taddeus Azaro,en,「我々は、この事件が改革運動と関連していると強く信じております。実のところ、今の段階ではそれを革命的運動と呼ぶ方がより適切でしょう。」
0x010000B8000127DC,449,1293,Rizia/Turn 9/Pipeline_NatDesMeeting,Titus Gordion,en,「陛下、この事件は改革運動と関連があると我々は強く考えております。実のところ、今の段階ではそれを革命的な運動と呼ぶ方がより適切でしょう。」
0x010000B800012801,449,1301,Rizia/Turn 9/Pipeline_NatDesMeeting,Player_Romus,en,「今になってそのことをおっしゃるのか？」
0x010000B800012817,449,1302,Rizia/Turn 9/Pipeline_NatDesMeeting,Lucita Azaro,en,「申し訳ございません、陛下。」
0x010000B80001281F,449,1303,Rizia/Turn 9/Pipeline_NatDesMeeting,Taddeus Azaro,en,「申し訳ございません、陛下。」
0x010000B800012826,449,1304,Rizia/Turn 9/Pipeline_NatDesMeeting,Titus Gordion,en,「申し訳ございません、陛下。」
0x010000B800012837,449,1308,Rizia/Turn 9/Pipeline_NatDesMeeting,Lucita Azaro,en,「陛下……我々は、この事件がリジアにおける拡大しつつある革命運動と関連していると強く考えております。」
0x010000B80001283D,449,1309,Rizia/Turn 9/Pipeline_NatDesMeeting,Taddeus Azaro,en,「我々は、この事件がリジア国内で拡大しつつある革命運動と関連していると強く信じております。」
0x010000B800012843,449,1310,Rizia/Turn 9/Pipeline_NatDesMeeting,Titus Gordion,en,「残念ながら、この事件はリジア国内で拡大しつつある革命運動と関連していると我々は強く考えております。」
0x010000B800012861,449,1320,Rizia/Turn 9/Pipeline_NatDesMeeting,Player_Romus,en,「私は改革運動の拡大を懸念して見守ってきた。だが、どうしてこのような事態に至ったのだろうか？」
0x010000B800012870,449,1324,Rizia/Turn 9/Pipeline_NatDesMeeting,Player_Romus,en,「改革運動が抗議する権利はある。だが、彼らが実際に暴力的な行為に関与していると確信できるか？」
0x010000B800012878,449,1325,Rizia/Turn 9/Pipeline_NatDesMeeting,Player_Romus,en,「えっ！？」
0x010000B800012898,449,1332,Rizia/Turn 9/Pipeline_NatDesMeeting,Player_Romus,en,「私は改革運動の拡大を懸念しながら見守ってきた。現地の状況はいかがなものだろうか？」
0x010000B8000128A3,449,1336,Rizia/Turn 9/Pipeline_NatDesMeeting,Player_Romus,en,「改革運動には平和的な抗議を行う権利がある。彼らが実際に暴力行為に関与していると確信できるのか？」
0x010000B8000128B3,449,1337,Rizia/Turn 9/Pipeline_NatDesMeeting,Player_Romus,en,「私は改革運動を脅威だとは思っておらない。」
0x010000B800012908,449,1354,Rizia/Turn 9/Pipeline_NatDesMeeting,Narrator,en,途中でウーゴも私に合流し、一緒にその部屋まで同行してくれた。
0x010000B80001292C,449,1365,Rizia/Turn 9/Pipeline_NatDesMeeting,Taddeus Azaro,en,「もし新たな証拠が見つかりましたら、すぐに陛下にお伝えいたします。」
0x010000B800012934,449,1366,Rizia/Turn 9/Pipeline_NatDesMeeting,Lucita Azaro,en,「もし新たな証拠が見つかりましたら、すぐに陛下にお伝えいたします。」
0x010000B80001293C,449,1367,Rizia/Turn 9/Pipeline_NatDesMeeting,Titus Gordion,en,「もし新たな証拠が見つかりましたら、すぐに陛下にお伝えいたします。」
0x010000B800012944,449,1368,Rizia/Turn 9/Pipeline_NatDesMeeting,Lucita Azaro,en,「我々はレスピアのような特定の勢力が関与していると疑ってはいますが、彼らが爆破事件に直接関わっていると断定できる証拠は何もありません。我々の情報提供者たちでさえ何も見つけ出していないのです。」
0x010000B80001294C,449,1369,Rizia/Turn 9/Pipeline_NatDesMeeting,Taddeus Azaro,en,「レスピアの動機については強い疑念を抱いておりますが、爆破事件と彼らを直接結びつける確かな証拠はありません。我々の情報源でさえも何も掴めていないのです。」
0x010000B800012954,449,1370,Rizia/Turn 9/Pipeline_NatDesMeeting,Titus Gordion,en,「レスピアの動機については強い疑念を抱いておりますが、爆破事件と彼らを直接結びつける確かな証拠はありません。我々の情報源でさえも何も掴めていないのです。」
0x010000B800012967,449,1374,Rizia/Turn 9/Pipeline_NatDesMeeting,Player_Romus,en,「警察力を引き上げ、私が交渉に応じる意思があることを示す。」
0x010000B800012976,449,1378,Rizia/Turn 9/Pipeline_NatDesMeeting,Player_Romus,en,「私は改革運動や、新しい憲法を求めるRPPの要求に全面的な支援を行う。」
0x010000B80001297D,449,1379,Rizia/Turn 9/Pipeline_NatDesMeeting,Titus Gordion,en,「陛下、まさか本気なのではありませんよね……」
0x010000B800012983,449,1380,Rizia/Turn 9/Pipeline_NatDesMeeting,Taddeus Azaro,en,「陛下、まさか本気なのではありませんよね……」
0x010000B800012989,449,1381,Rizia/Turn 9/Pipeline_NatDesMeeting,Lucita Azaro,en,「何ですって？！陛下、そんなことをおっしゃるわけがありません……」
0x010000B80001298F,449,1382,Rizia/Turn 9/Pipeline_NatDesMeeting,Hugo Toras,en,「陛下、まさか本気なのではありませんよね……」
0x0100009E0000B258,449,1404,Rizia/Turn 9/Pipeline_NatDesMeeting,Narrator,en,私が徐々に興味を持ち始めたちょうどその時、画面が真っ暗になり、部屋全体が闇に包まれた。
0x010000BE0000470C,449,1411,Rizia/Turn 9/Pipeline_NatDesMeeting,Narrator,en,その破壊行為の知らせが我々に届いた時、ヴィナはパレスから訪れているところだった。彼女は明らかに動揺した様子で、私のそばに立っていた。
0x010000BE0000471B,449,1415,Rizia/Turn 9/Pipeline_NatDesMeeting,Narrator,en,その破壊行為の知らせが我々に届いた時、ヴィナはヴァレンキリスから訪れているところだった。彼女は明らかに動揺している様子で、私のそばに立っていた。
0x010000BE00004729,449,1419,Rizia/Turn 9/Pipeline_NatDesMeeting,Player_Romus,en,「まさか本当に信じられないと？かつてあなたもこれらの破壊者たちと同じ考えを持っていたのではないか？」
0x010000BE00004730,449,1420,Rizia/Turn 9/Pipeline_NatDesMeeting,Narrator,en,彼女は腕を組んだ。
0x010000BE00004737,449,1421,Rizia/Turn 9/Pipeline_NatDesMeeting,Vina Toras,en,「君主制の失敗について読むのとはまた違います。自分の祖父の墓が冒涜されるのを目の当たりにするのは……」
0x010000BE0000474C,449,1425,Rizia/Turn 9/Pipeline_NatDesMeeting,Vina Toras,en,「父上、そのお言葉だけでは運動には不十分です。彼らは依然として自分たちの声が届いていないと考えています。」
0x010000BE0000475A,449,1429,Rizia/Turn 9/Pipeline_NatDesMeeting,Vina Toras,en,「我々は以前からパレスでの騒動に関する噂を耳にしております。アクセルが統一に対して気持ちが揺らぐのではないかと心配しています。」
0x010000BE00004761,449,1430,Rizia/Turn 9/Pipeline_NatDesMeeting,Vina Toras,en,「ヴァレンキリスでも同じようなことが起きているのです。私は事態を鎮めようと努めましたが、王族の一員としてできることには限りがあります。」
0x010000BE00004774,449,1435,Rizia/Turn 9/Pipeline_NatDesMeeting,Vina Toras,en,「フベルトゥスも当然役に立たない。彼がこれまで一度でも平民と話したことがあるかどうか疑問だ。」
0x010000BE0000477B,449,1436,Rizia/Turn 9/Pipeline_NatDesMeeting,Vina Toras,en,「マヌスは忍耐と冷静を呼びかけているが……もはや彼の言うことを聞いている者は誰もいないようだ。」
0x010000BE0000478A,449,1440,Rizia/Turn 9/Pipeline_NatDesMeeting,Player_Romus,en,「ある意味では、これは良いことだ。民衆がより大きな声で怒りを表せば表すほど、改革が始まった後に貴族たちがそれを阻止するのは一層困難になるだろう。」
0x010000BE00004791,449,1441,Rizia/Turn 9/Pipeline_NatDesMeeting,Vina Toras,en,「父上、もしこれらの改革を実施するだけの命が残っているのであればの話ですが」
0x010000BE00004798,449,1442,Rizia/Turn 9/Pipeline_NatDesMeeting,Player_Romus,en,「私は今回の改革による疑念を招かないよう最善を尽くしている。これらの暴動は残念な副作用に過ぎない。」
0x010000BE0000479F,449,1443,Rizia/Turn 9/Pipeline_NatDesMeeting,Vina Toras,en,「ですから、改革は早ければ早いほど良いのです。今は極めて危険な状況が続いております。」
0x010000BE000047A6,449,1444,Rizia/Turn 9/Pipeline_NatDesMeeting,Player_Romus,en,「父上の墓に誓って、この件に関与した者は全員法の裁きを受けさせる。」
0x010000BE000047AD,449,1445,Rizia/Turn 9/Pipeline_NatDesMeeting,Vina Toras,en,「皆ですか？今やこの運動には数百万人も参加していますのに…」
0x010000BE000047B4,449,1446,Rizia/Turn 9/Pipeline_NatDesMeeting,Player_Romus,en,「すべてうまくいく。さあ、ここを出よう。」
0x010000BE000047C0,449,1448,Rizia/Turn 9/Pipeline_NatDesMeeting,Player_Romus,en,「この件については評議会と相談してみる。何らかの答えが得られるか確認してくる。」
0x010000BE000047C7,449,1449,Rizia/Turn 9/Pipeline_NatDesMeeting,Vina Toras,en,「どうか、彼らに暴力を用いるよう説得されないようにしてください。」
0x010000BE000047D3,449,1450,Rizia/Turn 9/Pipeline_NatDesMeeting,Narrator,en,我々が宮殿に戻ると、ヴィナは祖母を慰めに行き、私は緊急の安全保障会議を招集した。
0x010000BE000047DB,449,1451,Rizia/Turn 9/Pipeline_NatDesMeeting,Player_Romus,en,「素晴らしい。民衆がこの調子で続けてくれるなら、時が来た時に私の親族も改革を受け入れざるを得なくなるだろう。」
0x010000BE000047F4,449,1456,Rizia/Turn 9/Pipeline_NatDesMeeting,Hugo Toras,en,「陛下……これまでのご行動を通じて、改革運動へのご支持が明らかになっております。」
0x010000BE000047FA,449,1457,Rizia/Turn 9/Pipeline_NatDesMeeting,Hugo Toras,en,「しかし、こうした行為を働く者たちは……陛下がこれまで対応してきたRPPの政治家たちよりもはるかに過激な連中です。」
0x010000BE00004805,449,1461,Rizia/Turn 9/Pipeline_NatDesMeeting,Titus Gordion,en,「陛下……これまでのご行動を通じて、改革運動へのご支持が明らかになっております。」
0x010000BE0000481B,449,1468,Rizia/Turn 9/Pipeline_NatDesMeeting,Lucita Azaro,en,「陛下……これまでのご行動を通じて、改革運動へのご支持が明らかになっております。」
0x010000BE00004821,449,1469,Rizia/Turn 9/Pipeline_NatDesMeeting,Lucita Azaro,en,「ご存知の通り、私はこれらの計画に懐疑的ですが、穏健な改革については同意できるかもしれません。」
0x010000BE0000482D,449,1470,Rizia/Turn 9/Pipeline_NatDesMeeting,Titus Gordion,en,「私としても、君主制の構造は極度の緊急事態に限って変更されるべきだと考えております。今がまさにそのような状況なのかもしれません。」
0x010000BE0000483E,449,1471,Rizia/Turn 9/Pipeline_NatDesMeeting,Narrator,en,ウーゴはため息をついた。
0x010000BE0000484A,449,1475,Rizia/Turn 9/Pipeline_NatDesMeeting,Narrator,en,ルシータはため息をついた。
0x010000BE00004857,449,1479,Rizia/Turn 9/Pipeline_NatDesMeeting,Lucita Azaro,en,「しかし、こうした行為を働く者たちは、陛下がこれまで対応してきたRPPの政治家たちよりもはるかに過激な連中です。」
0x010000BE00004866,449,1483,Rizia/Turn 9/Pipeline_NatDesMeeting,Narrator,en,タデウスは息を吐いた。
0x010000BE0000486C,449,1484,Rizia/Turn 9/Pipeline_NatDesMeeting,Taddeus Azaro,en,「陛下……これまでのご行動を通じて、改革運動へのご支持が明らかになっております。」
0x010000BE00004872,449,1485,Rizia/Turn 9/Pipeline_NatDesMeeting,Taddeus Azaro,en,「しかし、改革だけではこの混乱から脱出できるとは思えません。」
0x010000BE00004881,449,1486,Rizia/Turn 9/Pipeline_NatDesMeeting,Taddeus Azaro,en,「これらの悪事を働く者たちは、通常のRPPの政治家たちよりもはるかに過激な連中です。」
0x010000BE00004888,449,1487,Rizia/Turn 9/Pipeline_NatDesMeeting,Narrator,en,ティトゥスは息を吐いた。
0x010000BE0000488F,449,1488,Rizia/Turn 9/Pipeline_NatDesMeeting,Titus Gordion,en,「しかし、陛下が対処しているのは周辺にいる狂人たちに過ぎません。彼らは穏健な改革では決して満足しません。」
0x010000BE000048A2,449,1495,Rizia/Turn 9/Pipeline_NatDesMeeting,Lucita Azaro,en,「ソテラートは、彼とその支持者たちがいかなる力を持っているかを証明しました。これから彼らが何をするのか、考えるだけで身震いします。」
0x010000BE000048A9,449,1496,Rizia/Turn 9/Pipeline_NatDesMeeting,Taddeus Azaro,en,「ソテラートは、彼とその支持者たちがいかなる力を持っているかを証明しました。これから彼らが何をするのか、考えるだけで身震いします。」
0x010000BE000048B0,449,1497,Rizia/Turn 9/Pipeline_NatDesMeeting,Titus Gordion,en,「ソテラートは、彼とその支持者たちがいかなる力を持っているかを証明しました。これから彼らが何をするのか、考えるだけで身震いします。」
0x010000BE000048C0,449,1501,Rizia/Turn 9/Pipeline_NatDesMeeting,Lucita Azaro,en,「サゾン家はとうに権力を放棄しました。今、アダルフォ・ソテラートという名のマレニエフ主義の過激派が主導権を握っているのです。」
0x010000BE000048C7,449,1502,Rizia/Turn 9/Pipeline_NatDesMeeting,Taddeus Azaro,en,「サゾン家はとうに権力を放棄しました。今、アダルフォ・ソテラートという名のマレニエフ主義の過激派が主導権を握っているのです。」
0x010000BE000048CE,449,1503,Rizia/Turn 9/Pipeline_NatDesMeeting,Titus Gordion,en,「マヌス・サゾンはとうに権力を放棄しました。今、アダルフォ・ソテラートという名のマレニエフ主義の過激派が主導権を握っているのです。」
0x010000BE000048F8,449,1507,Rizia/Turn 9/Pipeline_NatDesMeeting,Lucita Azaro,en,「初期の報告によると、パレストリーム・ガスパイプラインが大きな被害を受けたようです。爆薬によって引き起こされた可能性が非常に高いです。」
0x010000BE000048FF,449,1508,Rizia/Turn 9/Pipeline_NatDesMeeting,Lucita Azaro,en,「初期の報告によると、ブロナズ近郊のエネルギー貯蔵施設から伸びるパイプラインが大きな被害を受けたそうです。おそらく爆薬によって引き起こされたものでしょう。」
0x010000BE0000490B,449,1509,Rizia/Turn 9/Pipeline_NatDesMeeting,Taddeus Azaro,en,「初期の報告によると、パレストリーム・ガスパイプラインが大きな被害を受けたようです。爆薬によって引き起こされた可能性が非常に高いです。」
0x010000BE00004911,449,1510,Rizia/Turn 9/Pipeline_NatDesMeeting,Taddeus Azaro,en,「初期の報告によると、モルガス・パイプラインが甚大な被害を受けたようです。おそらく爆薬によって引き起こされたものでしょう。」
0x010000BE0000491F,449,1511,Rizia/Turn 9/Pipeline_NatDesMeeting,Titus Gordion,en,「初期の報告によると、パレストリーム・ガスパイプラインが大きな被害を受けたようです。爆薬によって引き起こされた可能性が非常に高いです。」
0x010000BE00004925,449,1512,Rizia/Turn 9/Pipeline_NatDesMeeting,Titus Gordion,en,「初期の報告によると、我々の主要なガスパイプラインの一つが甚大な被害を受けたようです。おそらく爆薬によって引き起こされたものでしょう。」
0x010000BE0000493A,449,1514,Rizia/Turn 9/Pipeline_NatDesMeeting,Lucita Azaro,en,「この破壊活動はより大きな陰謀の一部に過ぎません。この運動は大規模にリジアの安定を崩そうと企んでいるのです。」
0x010000BE00004941,449,1515,Rizia/Turn 9/Pipeline_NatDesMeeting,Taddeus Azaro,en,「この破壊活動はより大きな陰謀の一部に過ぎません。この運動は大規模にリジアの安定を崩そうと企んでいるのです。」
0x010000BE00004948,449,1516,Rizia/Turn 9/Pipeline_NatDesMeeting,Titus Gordion,en,「この破壊活動はより大きな陰謀の一部に過ぎません。この運動は大規模にリジアの安定を崩そうと企んでいるのです。」
0x010000C300000A4A,449,1518,Rizia/Turn 9/Pipeline_NatDesMeeting,Hugo Toras,en,「犯人を決めなければなりません。国内の派閥であれ外国の勢力であれ、民は正義が実現することを望んでおられます。」
0x010000C300000A55,449,1522,Rizia/Turn 9/Pipeline_NatDesMeeting,Titus Gordion,en,「罪人を決めなければなりません。国内の派閥であれ外国の敵対勢力であれ、民は正義を求めておられます。」
0x010000C300000A65,449,1529,Rizia/Turn 9/Pipeline_NatDesMeeting,Taddeus Azaro,en,「罪人を決めなければなりません。内部の派閥であれ外国の敵であれ、民は正義を求めておられます。」
0x010000C300000A6B,449,1530,Rizia/Turn 9/Pipeline_NatDesMeeting,Lucita Azaro,en,「罪人を決めなければなりません。国内の派閥であれ外国の勢力であれ、民は正義を望んでおられます。」
0x010000C300000A83,449,1531,Rizia/Turn 9/Pipeline_NatDesMeeting,Hugo Toras,en,「さもなければ、民衆はますます焦りを感じ、王室が自分たちを守る能力を疑うようになるでしょう。」
0x010000C300000A8A,449,1532,Rizia/Turn 9/Pipeline_NatDesMeeting,Titus Gordion,en,「承知いたしました、閣下。」
0x010000C300000A9A,449,1539,Rizia/Turn 9/Pipeline_NatDesMeeting,Taddeus Azaro,en,「承知いたしました、閣下。」
0x010000C300000AA0,449,1540,Rizia/Turn 9/Pipeline_NatDesMeeting,Lucita Azaro,en,「承知いたしました、閣下。」
0x010000C300000AAB,449,1543,Rizia/Turn 9/Pipeline_NatDesMeeting,Lucita Azaro,en,「この問題を未解決のままにしておくわけにはいきません。」
0x010000C300000AB2,449,1544,Rizia/Turn 9/Pipeline_NatDesMeeting,Player_Romus,en,「リジア情報局は再び我々を裏切った。彼らには、こうした脅威が我々に届く前にそれを発見する役目があったのだ。責任はすべて彼らにある。」
0x010000C300000AB8,449,1545,Rizia/Turn 9/Pipeline_NatDesMeeting,Player_Romus,en,「反君主制の革命家たちの仕業だとして非難しよう。彼らは混乱を引き起こすためならどんな極端な手段でも厭わないのだ。」
0x010000C300000ABD,449,1546,Rizia/Turn 9/Pipeline_NatDesMeeting,Player_Romus,en,「これは外部勢力の干渉行為だ。海外にいる我々の敵たちが、我が王国の安定を乱し、我々の決意を弱めようとしているのだ。」
0x010000C300000AC2,449,1547,Rizia/Turn 9/Pipeline_NatDesMeeting,Player_Romus,en,「これが起こるよう許したのは私だ。これは私の統治力の欠如によるもので、その責任はすべて私が負う。」
0x010000C300000AC7,449,1548,Rizia/Turn 9/Pipeline_NatDesMeeting,Player_Romus,en,「誰も標的にする必要はない。証拠がなければ責任を押し付けることはできない。」
0x010000C300000AEF,449,1551,Rizia/Turn 9/Pipeline_NatDesMeeting,Taddeus Azaro,en,「これは何としても対処しなければなりません。」
0x010000C300000B2C,449,1552,Rizia/Turn 9/Pipeline_NatDesMeeting,Lucita Azaro,en,「確かに、これを無能であると認める行為だと見なす者もいるかもしれませんが、陛下。」
0x010000C300000AF5,449,1553,Rizia/Turn 9/Pipeline_NatDesMeeting,Titus Gordion,en,「この問題をこのまま放置してはなりません。」
0x010000C300000B04,449,1554,Rizia/Turn 9/Pipeline_NatDesMeeting,Titus Gordion,en,「責任を負うことで、陛下が自らの過ちを認め、償おうとしていることを民に示すことができます。」
0x010000C300000B14,449,1555,Rizia/Turn 9/Pipeline_NatDesMeeting,Taddeus Azaro,en,「責任を負うことは規律と誠実さの表れです。それは明確なメッセージを送ります……陛下は責任から逃れることはできず、どの指導者もそうであるように様々な試練に直面するのです。」
0x010000C300000B1A,449,1556,Rizia/Turn 9/Pipeline_NatDesMeeting,Lucita Azaro,en,「この責任を負うことで、民に対し自分が責任から逃れる存在ではなく、過ちに向き合う覚悟があることを示すことができます。」
0x010000C300000B39,449,1557,Rizia/Turn 9/Pipeline_NatDesMeeting,Taddeus Azaro,en,「ですが陛下、それは指揮の失敗と見なされるかもしれません。」
0x010000C300000B41,449,1558,Rizia/Turn 9/Pipeline_NatDesMeeting,Hugo Toras,en,「責任を負うことで緊張が和らぎ、陛下が誠実に統治していることが証明されるでしょう。」
0x010000C300000B53,449,1562,Rizia/Turn 9/Pipeline_NatDesMeeting,Hugo Toras,en,「ですが、それは失敗を認めたものと誤解される可能性があります。」
0x010000C300000B60,449,1563,Rizia/Turn 9/Pipeline_NatDesMeeting,Titus Gordion,en,「しかし、一部の者たちはそれを陛下の権威を損なう行為だと見なすかもしれません。」
0x010000C300000B85,449,1564,Rizia/Turn 9/Pipeline_NatDesMeeting,Titus Gordion,en,「アザロ女公爵の失策の後、私が自ら尽力して復活させた組織を非難するつもりはありません。」
0x010000C300000B95,449,1592,Rizia/Turn 9/Pipeline_NatDesMeeting,Taddeus Azaro,en,「私と娘が懸命に守ってきた組織を非難するつもりはありません。」
0x010000C300000B9B,449,1593,Rizia/Turn 9/Pipeline_NatDesMeeting,Lucita Azaro,en,「私が尽力して守ってきた機関に責任を負わせることについては、懸念を抱いているのは否定しません。」
0x010000C300000BA1,449,1594,Rizia/Turn 9/Pipeline_NatDesMeeting,Hugo Toras,en,「陛下、私も同感です。我が国の情報機関ならばこの悲劇を未然に防ぐことができたはずであり、またそうすべきだったのです。」
0x010000C300000BAD,449,1595,Rizia/Turn 9/Pipeline_NatDesMeeting,Taddeus Azaro,en,「もしそれが正しい判断だとお考えなら、私は陛下を支援いたします。」
0x010000C300000BB8,449,1596,Rizia/Turn 9/Pipeline_NatDesMeeting,Hugo Toras,en,「この分野で我々が弱いと認めてしまうと、さらなる攻撃に遭いやすくなるのではないかと心配しております。しかし陛下、それは陛下が最もよくご存知でしょう。」
0x010000C300000BBE,449,1597,Rizia/Turn 9/Pipeline_NatDesMeeting,Titus Gordion,en,「もしそれが正しい判断だとお考えなら、私は反対いたしません、陛下。」
0x010000C300000C9E,449,1601,Rizia/Turn 9/Pipeline_NatDesMeeting,Titus Gordion,en,「かしこまりました、陛下。ですが沈黙もまた危険を伴います。指針がなければ民は自分たちだけの真実を作り上げてしまうかもしれません。」
0x010000C300000CD7,449,1605,Rizia/Turn 9/Pipeline_NatDesMeeting,Titus Gordion,en,「そうは申しましても、この件に関してはあなたの直感を信頼しております。」
0x010000C3000016C5,449,1606,Rizia/Turn 9/Pipeline_NatDesMeeting,Player_Romus,en,「過去は過去だ。パイプラインと王家の評判の両方をどう修復していくかを考えなければならない。」
0x010000C3000016B6,449,1607,Rizia/Turn 9/Pipeline_NatDesMeeting,Player_Romus,en,「それでは困る。この責任を誰かが負わなければならない。」
0x010000C3000016BB,449,1608,Rizia/Turn 9/Pipeline_NatDesMeeting,Player_Romus,en,「我々の次なる行動として何が適切だと思うか？」
0x010000C300000CAE,449,1618,Rizia/Turn 9/Pipeline_NatDesMeeting,Taddeus Azaro,en,「承知いたしました。ですが、断固とした姿勢がなければ憶測が氾濫し、事態の主導権を失う恐れがあります。」
0x010000C300000CC6,449,1619,Rizia/Turn 9/Pipeline_NatDesMeeting,Taddeus Azaro,en,「どうであれ、これが陛下のご命令ならば必ず従います。」
0x010000C30000148F,449,1623,Rizia/Turn 9/Pipeline_NatDesMeeting,Lucita Azaro,en,「さもなければ、民は忍耐を失い、陛下が彼らを守る力に疑問を抱くようになるでしょう。」
0x010000C30000149E,449,1624,Rizia/Turn 9/Pipeline_NatDesMeeting,Taddeus Azaro,en,「もし我々が躊躇えば、民は王室の力と備えに対する信頼を失ってしまうでしょう。」
0x010000C3000014AC,449,1625,Rizia/Turn 9/Pipeline_NatDesMeeting,Titus Gordion,en,「もし我々が行動を起こさなければ、民は焦りを募らせ、王室の保護能力に疑問を抱くようになるでしょう。」
0x010000C300000BD2,449,1626,Rizia/Turn 9/Pipeline_NatDesMeeting,Titus Gordion,en,「よろしいです、陛下。そうすれば忠臣たちの支持がさらに固まり、反対派の信頼も失われるでしょう。」
0x010000C300000BE2,449,1627,Rizia/Turn 9/Pipeline_NatDesMeeting,Taddeus Azaro,en,「良い判断です。反君主主義の過激派に罪をなすりつければ、陛下の忠臣たちの結束を固めると同時に、陛下に反対する者たちの信頼も失わせることができます。」
0x010000C300000BE8,449,1628,Rizia/Turn 9/Pipeline_NatDesMeeting,Lucita Azaro,en,「悪くない考えですね。反君主主義の革命家たちのせいにすれば、陛下の忠臣たちが団結し、陛下の権威に異を唱える者たちは弱体化するでしょう。」
0x010000C300000BEE,449,1629,Rizia/Turn 9/Pipeline_NatDesMeeting,Hugo Toras,en,「なかなか巧妙な解決策ですね。反君主制革命家のせいにすれば、忠誠派を結集させることができ、陛下の統治に異議を唱える者たちの信用もさらに失わせることができます。」
0x010000C300000C38,449,1630,Rizia/Turn 9/Pipeline_NatDesMeeting,Titus Gordion,en,「外国の干渉というものは常に国民を団結させます。それによって支持が集まり、国内の問題から外敵という脅威へと注目が移るでしょう。」
0x010000C300000C48,449,1631,Rizia/Turn 9/Pipeline_NatDesMeeting,Taddeus Azaro,en,「外国の干渉というのは、民衆を結束させるためのよく使われる手法です。」
0x010000C300000C4E,449,1632,Rizia/Turn 9/Pipeline_NatDesMeeting,Lucita Azaro,en,「外国の干渉を非難することで世論の注目は外部の脅威に向けられ、歴史的に見てそれによって国民は団結して陛下を支えるのです。」
0x010000C300000C54,449,1633,Rizia/Turn 9/Pipeline_NatDesMeeting,Hugo Toras,en,「外国の干渉というものは常に人々を団結させる要因となってきました。それにより民衆は陛下の背後に結集し、国内の問題から外部の脅威へと注目が移るでしょう。」
0x010000C300000C5A,449,1634,Rizia/Turn 9/Pipeline_NatDesMeeting,Lucita Azaro,en,「ですが、その出所については曖昧なままにしておく必要があります。」
0x010000C300000C60,449,1635,Rizia/Turn 9/Pipeline_NatDesMeeting,Taddeus Azaro,en,「しかし、我々は非難の内容をあいまいにしておかなければなりません。具体的な詳細も、明確な敵も示してはいけません。」
0x010000C300000C6B,449,1636,Rizia/Turn 9/Pipeline_NatDesMeeting,Hugo Toras,en,「ですが、特定の国や集団を明示することは避けなければなりません。」
0x010000C300000C71,449,1637,Rizia/Turn 9/Pipeline_NatDesMeeting,Titus Gordion,en,「ですが、特定の国や集団の名前を挙げないように細心の注意を払わなければなりません。」
0x010000C300000C82,449,1638,Rizia/Turn 9/Pipeline_NatDesMeeting,Hugo Toras,en,「あいまいに表現すれば外交上の問題を避けることができ、同時にこの危機を我々のコントロールを超えたものとして示すことが可能です。」
0x010000C300000C89,449,1639,Rizia/Turn 9/Pipeline_NatDesMeeting,Lucita Azaro,en,「これにより物語の展開をコントロールし、内部からの調査を避けることができ、同時に国際的な緊張が悪化するのも防げます。」
0x010000C300000C97,449,1640,Rizia/Turn 9/Pipeline_NatDesMeeting,Titus Gordion,en,「あいまいに表現することで外交上の問題を避けつつ、この危機を我々のコントロールを超えたものとして位置づけることができます。」
0x010000C300000C1B,449,1642,Rizia/Turn 9/Pipeline_NatDesMeeting,Lucita Azaro,en,「もしそれが我々の助けになるとお考えでしたら、私がその責任を負います。」
0x010000C300000C8F,449,1645,Rizia/Turn 9/Pipeline_NatDesMeeting,Taddeus Azaro,en,「これにより海外からの報復を避けつつ、国民が答えを内側に求めるのではなく外部の勢力に注意を向け続けることができます。」
0x010000C300000CE9,449,1646,Rizia/Turn 9/Pipeline_NatDesMeeting,Lucita Azaro,en,「それでも、決定は陛下ご自身のものです。私はその決断を支持いたします。」
0x010000C300000CB4,449,1647,Rizia/Turn 9/Pipeline_NatDesMeeting,Lucita Azaro,en,「それが陛下のご決断であるなら、その通りにいたしましょう。」
0x010000C300000CBA,449,1648,Rizia/Turn 9/Pipeline_NatDesMeeting,Hugo Toras,en,「陛下のお考えであれば、そうさせていただきます。」
0x010000C300000CC0,449,1649,Rizia/Turn 9/Pipeline_NatDesMeeting,Lucita Azaro,en,「私が唯一心配しているのは、公式な見解が示されないままでは噂が制御不能に広がり、虚偽の情報が根付いてしまうかもしれないということです。」
0x010000C300000CD1,449,1650,Rizia/Turn 9/Pipeline_NatDesMeeting,Hugo Toras,en,「しかし、陛下、王室から明確な姿勢が示されなければ憶測が横行し、虚偽の情報が根付いてしまうのではないかと恐れております。」
0x010000C300000CEF,449,1651,Rizia/Turn 9/Pipeline_NatDesMeeting,Hugo Toras,en,「それでも、陛下のご判断を信じております。」
0x010000BE00004959,449,1654,Rizia/Turn 9/Pipeline_NatDesMeeting,Narrator,en,私の安全保障顧問は長い間ためらっていた。あまりにも長く。
0x010000BE00004977,449,1665,Rizia/Turn 9/Pipeline_NatDesMeeting,Hugo Toras,en,「賢明なお考えです、陛下。」
0x010000BE0000497F,449,1666,Rizia/Turn 9/Pipeline_NatDesMeeting,Lucita Azaro,en,「要するに、その通りです。」
0x010000BE00004987,449,1667,Rizia/Turn 9/Pipeline_NatDesMeeting,Taddeus Azaro,en,「それは私の次に出す提案でした。」
0x010000BE0000498F,449,1668,Rizia/Turn 9/Pipeline_NatDesMeeting,Titus Gordion,en,「はい、私も同感です。」
0x010000520007467D,449,1683,Rizia/Turn 9/Pipeline_NatDesMeeting,Hugo Toras,en,「ふむ。今月の公共料金の支払いを手配しないなんて、パベルらしくないですね。」
0x010000520007468A,449,1687,Rizia/Turn 9/Pipeline_NatDesMeeting,Lucita Azaro,en,「初期の報告によると、モルガス・パイプラインが甚大な被害を受けたようです。おそらく爆薬によって引き起こされたものでしょう。」
0x01000052000746A0,449,1694,Rizia/Turn 9/Pipeline_NatDesMeeting,Taddeus Azaro,en,「初期の報告によると、ブロナズ近郊のエネルギー貯蔵施設から伸びるパイプラインが大きな被害を受けたそうです。おそらく爆薬によって引き起こされたものでしょう。」
0x01000052000746B5,449,1701,Rizia/Turn 9/Pipeline_NatDesMeeting,Titus Gordion,en,「初期の報告によると、ブロナズ近郊のエネルギー貯蔵施設から伸びるパイプラインが大きな被害を受けたそうです。おそらく爆薬によって引き起こされたものでしょう。」
0x010000520004DCEE,450,3,Rizia/Turn 9/FPnT_MITZ_BoardMeeting,Narrator,en,再び、我々のヘリコプターはメフティエム国際貿易区に着陸した。
0x010000520004DCF5,450,4,Rizia/Turn 9/FPnT_MITZ_BoardMeeting,Narrator,en,エレナは砂地へと続く階段を降りる際、苦痛の表情を浮かべた。
0x010000520004DD03,450,5,Rizia/Turn 9/FPnT_MITZ_BoardMeeting,Elena Werner,en,「こちらに{RiziaDLCText.RoyalJet}を持ってくることができないのは本当に残念です。私はこれまで派手な飛行に慣れ親しんできましたから。」
0x010000520004DD11,450,9,Rizia/Turn 9/FPnT_MITZ_BoardMeeting,Elena Werner,en,「前回の旅の方がずっと早かったですね。もしかすると、その時の私の方が若かったからでしょうか...」
0x010000520004DD1E,450,10,Rizia/Turn 9/FPnT_MITZ_BoardMeeting,Narrator,en,我々がMITZ本部へ向かって歩き始めると、彼女は灰色の髪の毛を一本耳の後ろに留めた。
0x010000520004DD26,450,11,Rizia/Turn 9/FPnT_MITZ_BoardMeeting,Elena Werner,en,「陛下、最終投票の準備は整いましたでしょうか？」
0x010000520004DD33,450,12,Rizia/Turn 9/FPnT_MITZ_BoardMeeting,Player_Romus,en,「もう一度聞かせてくれ。この件には我々のどれほどの運命が懸かっているのだろうか？」
0x010000520004DD3A,450,13,Rizia/Turn 9/FPnT_MITZ_BoardMeeting,Elena Werner,en,「ええと……」
0x010000520004DD40,450,14,Rizia/Turn 9/FPnT_MITZ_BoardMeeting,Elena Werner,en,「カルスにある新しい王室金鉱のおかげで、もはや国際的な金の生産にそれほど依存する必要がなくなりました。」
0x010000520004DD45,450,15,Rizia/Turn 9/FPnT_MITZ_BoardMeeting,Elena Werner,en,「リジア王室金鉱を国有化したことで、我が国で採掘される金から得られる収入が大幅に増加しました。」
0x010000520004DD60,450,22,Rizia/Turn 9/FPnT_MITZ_BoardMeeting,Elena Werner,en,「確かに、当面の間はリジアで新たな金鉱源を見つける見込みはほとんどないでしょう。」
0x010000520004DD67,450,23,Rizia/Turn 9/FPnT_MITZ_BoardMeeting,Elena Werner,en,「しかし他の産業が急速に発展しているため、もはや金にそれほどこだわる必要はありません。」
0x010000520004DD75,450,27,Rizia/Turn 9/FPnT_MITZ_BoardMeeting,Elena Werner,en,「陛下、我々の経済の大部分が依然として金に依存しているため、これは大変憂慮すべきことです。」
0x010000520004DD82,450,31,Rizia/Turn 9/FPnT_MITZ_BoardMeeting,Elena Werner,en,「正直なところ、他の産業も急速に発展しているため、金鉱から得られる収入はまるでケーキの上に乗せる飾り程度のものに過ぎません。」
0x010000520004DD88,450,32,Rizia/Turn 9/FPnT_MITZ_BoardMeeting,Elena Werner,en,「陛下、幸いなことに、我が国の経済の大部分は依然として金に依存しておりますから。」
0x010000520004DD96,450,36,Rizia/Turn 9/FPnT_MITZ_BoardMeeting,Elena Werner,en,「そのことに加え、カルスに新たに建設した鉱山のおかげで、我々はもはや国際的な金生産にそれほど依存する必要がなくなりました。」
0x010000520004DDA5,450,40,Rizia/Turn 9/FPnT_MITZ_BoardMeeting,Elena Werner,en,「陛下、国有化されたMITZの持分を一切放棄しようとする我々の提案が実現した場合、甚大な財政的被害が生じることになりますので、ご注意いただきたく存じます。」
0x010000520004DDB2,450,44,Rizia/Turn 9/FPnT_MITZ_BoardMeeting,Elena Werner,en,「MITZにおける我々の持分を縮小するという提案が実現した場合、一定の財政的被害が生じることになりますので、ご注意いただきたく存じます。」
0x010000520004DDB9,450,45,Rizia/Turn 9/FPnT_MITZ_BoardMeeting,Elena Werner,en,「ですから、モレラと合意した提案が成立するようにすることは、我々にとって極めて重要なことなのです。」
0x010000520004DDC5,450,49,Rizia/Turn 9/FPnT_MITZ_BoardMeeting,Elena Werner,en,「国有化されたMITZの持分を一切放棄しようとする我々の提案が実現した場合でも、やはりある程度の財政的損害が生じてしまうでしょう。」
0x010000520004DDD0,450,53,Rizia/Turn 9/FPnT_MITZ_BoardMeeting,Elena Werner,en,「MITZにおける我々の持分を削減しようとする我々の提案が実現した場合、わずかな財政的損失を招くことになります。」
0x010000520004DDD6,450,54,Rizia/Turn 9/FPnT_MITZ_BoardMeeting,Elena Werner,en,「もしモレラと合意した提案が実現すれば、やはり我々にとってある程度の経済的利益となるでしょう。」
0x010000520004DDE2,450,55,Rizia/Turn 9/FPnT_MITZ_BoardMeeting,Elena Werner,en,「その点を踏まえますと、利益の最大化よりも国際的なパートナーシップを強化する意図を持ってこの会議に臨むことをお勧めいたします、陛下。」
0x010000520004DDE9,450,56,Rizia/Turn 9/FPnT_MITZ_BoardMeeting,Elena Werner,en,「しかし、私としては、利益を最大限に上げることではなく、我々の国際的なパートナーシップを強化する意図を持ってこの会議に臨むようお勧めします。」
0x010000520004DDF2,450,57,Rizia/Turn 9/FPnT_MITZ_BoardMeeting,Elena Werner,en,「私としては、たとえ国際的なパートナーシップを一つや二つ失うことになっても、どうすれば利益を最大限に引き出せるかをよく考えるようお勧めします。」
0x010000520004DDFB,450,58,Rizia/Turn 9/FPnT_MITZ_BoardMeeting,Player_Romus,en,「ヴェルナーさん、私はこの建物を出る時には、我々の金銭的収入も国際的な関係も両方とも無事に保ったままにするつもりだ。」
0x010000520004DE03,450,59,Rizia/Turn 9/FPnT_MITZ_BoardMeeting,Player_Romus,en,「モレラの支援は、南メルコパ同盟を構築する私の計画にとって不可欠だ。どんな犠牲を払ってでもアルマ・サルタナを満足させておかなければならない。」
0x010000520004DE11,450,63,Rizia/Turn 9/FPnT_MITZ_BoardMeeting,Player_Romus,en,「戦争の影響で、MITZパートナー各社との関係はすでに不安定な状態だ。私は彼らを怒らせるようなことは何もしたくない。」
0x010000520004DE1E,450,67,Rizia/Turn 9/FPnT_MITZ_BoardMeeting,Player_Romus,en,「リジアは金によって支えられているのだ。金が多ければ多いほど良いのだ。結果など気にするものではない。」
0x010000520004DE3C,450,68,Rizia/Turn 9/FPnT_MITZ_BoardMeeting,Elena Werner,en,「それはリザ女王陛下の考え方でもありました。」
0x010000520004DE43,450,69,Rizia/Turn 9/FPnT_MITZ_BoardMeeting,Elena Werner,en,「それでは、ご幸運をお祈り申し上げます。」
0x010000520004DE4A,450,70,Rizia/Turn 9/FPnT_MITZ_BoardMeeting,Elena Werner,en,「どうしても、陛下？」
0x010000520004DE51,450,71,Rizia/Turn 9/FPnT_MITZ_BoardMeeting,Elena Werner,en,「我々はそれぞれ異なる利益を持つ四つの国です。陛下、きっと誰かが不快に思うことでしょう。」
0x010000520004DE58,450,72,Rizia/Turn 9/FPnT_MITZ_BoardMeeting,Narrator,en,我々は本部の入口に到着するまでずっと歩き続けた。
0x010000520004DE64,450,73,Rizia/Turn 9/FPnT_MITZ_BoardMeeting,Player_Romus,en,「我々の提案が依然として良い考えだとお考えか？」
0x010000520004DE6C,450,74,Rizia/Turn 9/FPnT_MITZ_BoardMeeting,Player_Romus,en,「ああ。そろそろモレラが本来の報いを受け取る時だ。」
0x010000520004DEA7,450,75,Rizia/Turn 9/FPnT_MITZ_BoardMeeting,Narrator,en,私が彼の隣に座ると、アルバレスは得意げな表情を浮かべていた。
0x010000520004DEE2,450,82,Rizia/Turn 9/FPnT_MITZ_BoardMeeting,Player_Romus,en,「私はレスピアに約束をした。モレラがどんな脅威を与えようとも、必ず彼らの案に賛成票を投じなければならない。」
0x010000520004DEE9,450,83,Rizia/Turn 9/FPnT_MITZ_BoardMeeting,Elena Werner,en,「承知した。」
0x010000520004DEF7,450,84,Rizia/Turn 9/FPnT_MITZ_BoardMeeting,Alma Saltana,en,「私の兄弟姉妹たちです。」
0x010000520004DEFD,450,85,Rizia/Turn 9/FPnT_MITZ_BoardMeeting,Alma Saltana,en,「多くの関係者の意向に従い、我々はその国際貿易区を国有化するための案を交渉しました。」
0x010000520004DF0A,450,86,Rizia/Turn 9/FPnT_MITZ_BoardMeeting,Alma Saltana,en,「残念ながら、関係者間で合意に至ることができず、メフティエム国際貿易区の新たな方向性も決定できませんでした。」
0x010000520004DF16,450,87,Rizia/Turn 9/FPnT_MITZ_BoardMeeting,Alma Saltana,en,「この過程における協力者たちの寛大さと協力に感謝いたします、陛下。」
0x010000520004DF1D,450,88,Rizia/Turn 9/FPnT_MITZ_BoardMeeting,Alma Saltana,en,「ここに集まった皆様にお約束いたします。誰一人として手ぶらで帰ることはありません。」
0x010000520004DF30,450,92,Rizia/Turn 9/FPnT_MITZ_BoardMeeting,Alma Saltana,en,「ええと……ほとんど誰もいません。」
0x010000520004DF37,450,93,Rizia/Turn 9/FPnT_MITZ_BoardMeeting,Narrator,en,側近がブリーフケースを持ってサルタナのもとに近づいた。彼女はそのケースを開けて、一枚の紙を取り出した。
0x010000520004DF55,450,94,Rizia/Turn 9/FPnT_MITZ_BoardMeeting,Alma Saltana,en,「1957年のメフティエム国際貿易区国有化協定です。」
0x010000520004DF5C,450,95,Rizia/Turn 9/FPnT_MITZ_BoardMeeting,Alma Saltana,en,「メフティエム盆地内に現在存在するすべての資産は、モレラン国家の所有となります。」
0x010000520004DF68,450,96,Rizia/Turn 9/FPnT_MITZ_BoardMeeting,Alma Saltana,en,「これより、国際貿易区における事業は新たな国家企業であるムアルディエン鉱山貿易会社によって管理されます。」
0x010000520004DF70,450,97,Rizia/Turn 9/FPnT_MITZ_BoardMeeting,Alma Saltana,en,「モレラ共和国政府は、この新会社の株式の60パーセントを保有することになります。」
0x010000520004DF7D,450,101,Rizia/Turn 9/FPnT_MITZ_BoardMeeting,Alma Saltana,en,「残りの40パーセントはレスピアに渡されます。」
0x010000520004DF84,450,102,Rizia/Turn 9/FPnT_MITZ_BoardMeeting,Alma Saltana,en,「残りの40パーセントはリジアに渡ることになります。」
0x010000520004DF97,450,109,Rizia/Turn 9/FPnT_MITZ_BoardMeeting,Alma Saltana,en,「リジアとレスピアの政府は、それぞれ20パーセントの出資権を得ることになります。」
0x010000520004DF9E,450,110,Rizia/Turn 9/FPnT_MITZ_BoardMeeting,Alma Saltana,en,「モレラ共和国の政府がこの会社の80パーセントの株式を所有することになります。」
0x010000520004DFAB,450,111,Rizia/Turn 9/FPnT_MITZ_BoardMeeting,Alma Saltana,en,「残りの20パーセントはレスピアに渡ることになります。」
0x010000520004DFB4,450,112,Rizia/Turn 9/FPnT_MITZ_BoardMeeting,Alma Saltana,en,「すぐにより高い賃金や、より厳格な労働・環境保護策が実施されます。」
0x010000520004DFBB,450,113,Rizia/Turn 9/FPnT_MITZ_BoardMeeting,Narrator,en,ヘーゲルは失望して首を振った。
0x010000520004DFC8,450,117,Rizia/Turn 9/FPnT_MITZ_BoardMeeting,Narrator,en,アルバレスは満足げに微笑んだ。
0x010000520004DFDF,450,121,Rizia/Turn 9/FPnT_MITZ_BoardMeeting,Narrator,en,観客たちは興奮したささやき声でにぎわった。
0x010000520004DFE6,450,122,Rizia/Turn 9/FPnT_MITZ_BoardMeeting,Alma Saltana,en,「ですが、それは現状のままが完全に続くという意味ではありません。リジアとレスピアはそれぞれ25パーセントずつ採掘を続けますが、ヴァルグスランド共和国は自らの持分をモレラに移譲することになります。」
0x010000520004E003,450,126,Rizia/Turn 9/FPnT_MITZ_BoardMeeting,Narrator,en,私はアルバレスの方をちらりと見た。彼は私に警告するような視線を送ってきた。
0x010000520004E00C,450,127,Rizia/Turn 9/FPnT_MITZ_BoardMeeting,Narrator,en,アルバレスは顔をしかめた。
0x010000520004E013,450,128,Rizia/Turn 9/FPnT_MITZ_BoardMeeting,Narrator,en,アルバレスは辛抱強く微笑んだ。
0x010000520004E01A,450,129,Rizia/Turn 9/FPnT_MITZ_BoardMeeting,Alma Saltana,en,「各MITZパートナーは今、この提案に対して最終的な承認を与えなければなりません。」
0x010000520004E025,450,130,Rizia/Turn 9/FPnT_MITZ_BoardMeeting,Alma Saltana,en,「モレラ共和国は賛成票を投じます。」
0x010000520004E032,450,134,Rizia/Turn 9/FPnT_MITZ_BoardMeeting,Patricio Alvarez (R),en,「レスピアも賛成票を投じます。モレラと共により公正なMITZを築くことを楽しみにしております。」
0x010000520004E039,450,135,Rizia/Turn 9/FPnT_MITZ_BoardMeeting,Patricio Alvarez (R),en,「レスピアは、我々の資産が不当に奪われることに反対票を投じます。」
0x010000520004E040,450,136,Rizia/Turn 9/FPnT_MITZ_BoardMeeting,Narrator,en,私の番だった。
0x010000520004E048,450,137,Rizia/Turn 9/FPnT_MITZ_BoardMeeting,Player_Romus,en,「リジア王国はこの提案に一切関与しておらず、我々はそれを承認することを拒否する。」
0x010000520004E05B,450,141,Rizia/Turn 9/FPnT_MITZ_BoardMeeting,Player_Romus,en,「もしモレラ共和国がこの提案を最善の選択肢だと考えるのであれば、私にはそれに同意する以外に道はない。」
0x010000520004E06F,450,142,Rizia/Turn 9/FPnT_MITZ_BoardMeeting,Player_Romus,en,「残念ながら状況が変わってしまった。モレラと共にこの案の準備に尽力したが、もはやそれに同意することはできない。」
0x010000520004E076,450,143,Rizia/Turn 9/FPnT_MITZ_BoardMeeting,Player_Romus,en,「リジアは賛成票を投じる。」
0x010000520004E07D,450,144,Rizia/Turn 9/FPnT_MITZ_BoardMeeting,Player_Romus,en,「リジアは反対票を投じる。」
0x010000520004E084,450,145,Rizia/Turn 9/FPnT_MITZ_BoardMeeting,Player_Romus,en,「リジアは賛成票を投じる。」
0x010000520004E092,450,146,Rizia/Turn 9/FPnT_MITZ_BoardMeeting,Player_Romus,en,「私の王国は、この提案を喜んで承認する。」
0x010000520004E0AE,450,147,Rizia/Turn 9/FPnT_MITZ_BoardMeeting,Narrator,en,アルマ・サルタナとエメリッヒ・ヘーゲルは、深い衝撃の色を浮かべて私を見つめた。
0x010000520004E0B8,450,148,Rizia/Turn 9/FPnT_MITZ_BoardMeeting,Alma Saltana,en,「えっと、ありがとうございます、ロムス・トラス王……ヘーゲル書記長？」
0x010000520004E0BF,450,149,Rizia/Turn 9/FPnT_MITZ_BoardMeeting,Narrator,en,サルタナはヘーゲルに向かってうなずいた。
0x010000520004E0CA,450,150,Rizia/Turn 9/FPnT_MITZ_BoardMeeting,Narrator,en,アルマ・サルタナとエメリッヒ・ヘーゲルは満足した様子でうなずいた。
0x010000520004E0D4,450,151,Rizia/Turn 9/FPnT_MITZ_BoardMeeting,Narrator,en,ヴァルグ人の宰相は見事な仕草で咳払いをした。
0x010000520004E0DC,450,152,Rizia/Turn 9/FPnT_MITZ_BoardMeeting,Alma Saltana,en,「ありがとうございます、ロムス・トラス王陛下……ヘーゲル書記長様？」
0x010000520004E12B,450,153,Rizia/Turn 9/FPnT_MITZ_BoardMeeting,Alma Saltana,en,「新しい協定では、パートナー各社の出資比率にいくつか変更が加えられます。しかしご安心ください、誰も手ぶらで帰ることはありません。」
0x010000520004E137,450,157,Rizia/Turn 9/FPnT_MITZ_BoardMeeting,Alma Saltana,en,「ええと……ほとんど誰もいません。」
0x010000520004E153,450,158,Rizia/Turn 9/FPnT_MITZ_BoardMeeting,Narrator,en,側近がブリーフケースを持ってサルタナのもとに近づいた。彼女はそのケースを開けて、一枚の紙を取り出した。
0x010000520004E159,450,159,Rizia/Turn 9/FPnT_MITZ_BoardMeeting,Alma Saltana,en,「1957年改訂版のメフティエム国際貿易区協定です。」
0x010000520004E15F,450,160,Rizia/Turn 9/FPnT_MITZ_BoardMeeting,Alma Saltana,en,「これより、かつてヴァルグスランドが有していたMITZの持分をモレラ共和国に移管することで合意しました。」
0x010000520004E17E,450,161,Rizia/Turn 9/FPnT_MITZ_BoardMeeting,Alma Saltana,en,「すぐにより高い賃金や、より厳格な労働・環境保護策が実施されます。」
0x010000520004E18B,450,165,Rizia/Turn 9/FPnT_MITZ_BoardMeeting,Alma Saltana,en,「商業区のもう半分はレスピアが所有することになります。」
0x010000520004E198,450,169,Rizia/Turn 9/FPnT_MITZ_BoardMeeting,Alma Saltana,en,「商業区のもう半分はリジアのものとなります。」
0x010000520004E1A5,450,173,Rizia/Turn 9/FPnT_MITZ_BoardMeeting,Alma Saltana,en,「モレラもまた、かつてレスピアが持っていた割り当て分を引き継ぐことになります。残りの25パーセントはリジアが取得します。」
0x010000520004E1AC,450,174,Rizia/Turn 9/FPnT_MITZ_BoardMeeting,Alma Saltana,en,「レスピアとリジアは、引き続き25パーセントの持分を維持します。」
0x010000520004E1B9,450,178,Rizia/Turn 9/FPnT_MITZ_BoardMeeting,Alma Saltana,en,「レスピアは25パーセントの持分を維持し、一方リジアは自国の持分の一部を移譲してモレラに過半数の所有権を与えることになります。」
0x010000520004E1C0,450,179,Rizia/Turn 9/FPnT_MITZ_BoardMeeting,Narrator,en,アルバレスは満足げに微笑んだ。
0x010000520004E1CC,450,183,Rizia/Turn 9/FPnT_MITZ_BoardMeeting,Narrator,en,私はアルバレスの方をちらりと見た。彼は私に警告するような視線を送ってきた。
0x010000520004E1D2,450,184,Rizia/Turn 9/FPnT_MITZ_BoardMeeting,Narrator,en,アルバレスは顔をしかめ、腕を組んだ。
0x010000520004E1E3,450,185,Rizia/Turn 9/FPnT_MITZ_BoardMeeting,Alma Saltana,en,「各MITZパートナーは今、この提案に対する最終的な承認投票を行わなければなりません。」
0x010000520004E1E9,450,186,Rizia/Turn 9/FPnT_MITZ_BoardMeeting,Alma Saltana,en,「モレラ共和国は賛成票を投じます。」
0x010000520004E1F8,450,190,Rizia/Turn 9/FPnT_MITZ_BoardMeeting,Patricio Alvarez (R),en,「レスピアも賛成票を投じます。モレラと共により公正なMITZを築くことを楽しみにしております。」
0x010000520004E205,450,194,Rizia/Turn 9/FPnT_MITZ_BoardMeeting,Patricio Alvarez (R),en,「レスピアも承認します。」
0x010000520004E20C,450,195,Rizia/Turn 9/FPnT_MITZ_BoardMeeting,Patricio Alvarez (R),en,「レスピアは、この不公平で見せかけの協定に反対票を投じます。」
0x010000520004E213,450,196,Rizia/Turn 9/FPnT_MITZ_BoardMeeting,Narrator,en,私の番だった。
0x010000520004E23B,450,200,Rizia/Turn 9/FPnT_MITZ_BoardMeeting,Player_Romus,en,「リジア王国はこの提案に一切関与しておらず、我々はそれを承認することを拒否する。」
0x010000520004E241,450,201,Rizia/Turn 9/FPnT_MITZ_BoardMeeting,Player_Romus,en,「もしモレラ共和国がこの提案を最善の選択肢だと考えるのであれば、私にはそれに同意する以外に道はない。」
0x010000520004E247,450,202,Rizia/Turn 9/FPnT_MITZ_BoardMeeting,Player_Romus,en,「リジアは賛成票を投じる。」
0x010000520004E24D,450,203,Rizia/Turn 9/FPnT_MITZ_BoardMeeting,Player_Romus,en,「リジアは反対票を投じる。」
0x010000520004E25D,450,204,Rizia/Turn 9/FPnT_MITZ_BoardMeeting,Player_Romus,en,「リジア王国はこの提案を喜んで承認する。」
0x010000520004E266,450,205,Rizia/Turn 9/FPnT_MITZ_BoardMeeting,Player_Romus,en,「残念ながら状況が変わってしまった。この提案についてはモレラと密接に協力してきたが、もはやそれに同意することはできない。」
0x010000520004E272,450,206,Rizia/Turn 9/FPnT_MITZ_BoardMeeting,Narrator,en,アルマ・サルタナとヘーゲルの両方が私に鋭い視線を向けた。
0x010000520004E278,450,207,Rizia/Turn 9/FPnT_MITZ_BoardMeeting,Alma Saltana,en,「えっと、ありがとうございます、ロムス・トラス王……ヘーゲル書記長？」
0x010000520004E27E,450,208,Rizia/Turn 9/FPnT_MITZ_BoardMeeting,Narrator,en,サルタナはヘーゲルに向かってうなずいた。
0x010000520004E284,450,209,Rizia/Turn 9/FPnT_MITZ_BoardMeeting,Narrator,en,アルマ・サルタナとエメリッヒ・ヘーゲルは満足した様子でうなずいた。
0x010000520004E28A,450,210,Rizia/Turn 9/FPnT_MITZ_BoardMeeting,Narrator,en,ヴァルグ人の宰相は見事な仕草で咳払いをした。
0x010000520004E290,450,211,Rizia/Turn 9/FPnT_MITZ_BoardMeeting,Alma Saltana,en,「ありがとうございます、ロムス・トラス王陛下……ヘーゲル書記長様？」
0x010000520004E2B6,450,215,Rizia/Turn 9/FPnT_MITZ_BoardMeeting,Emmerich Hegel (R),en,「ヴァルグスランド共和国はこの提案を承認します。」
0x010000520004E2C1,450,216,Rizia/Turn 9/FPnT_MITZ_BoardMeeting,Narrator,en,丁寧な拍手が一度起こった。
0x010000520004E2C6,450,217,Rizia/Turn 9/FPnT_MITZ_BoardMeeting,Emmerich Hegel (R),en,「ヴァルグスランド共和国としては、この提案を承認することはできません。」
0x010000520004E2CC,450,218,Rizia/Turn 9/FPnT_MITZ_BoardMeeting,Emmerich Hegel (R),en,「ヴァルグスランド共和国はこの提案を承認します。」
0x010000520004E397,450,219,Rizia/Turn 9/FPnT_MITZ_BoardMeeting,Narrator,en,ちょうど我々のために扉が開けられようとしたその時、補佐官がエレナのもとに駆け寄り、彼女の耳元で何かをささやいた。
0x010000520004E3A4,450,223,Rizia/Turn 9/FPnT_MITZ_BoardMeeting,Narrator,en,彼女の顔は真っ白になった。彼女は私を脇に引き寄せた。
0x010000520004E3AB,450,224,Rizia/Turn 9/FPnT_MITZ_BoardMeeting,Elena Werner,en,「陛下、新たな動きがありました。」
0x010000520004E3B2,450,225,Rizia/Turn 9/FPnT_MITZ_BoardMeeting,Elena Werner,en,「どうやらモレラとレスピアが最後の瞬間に合意に達したようです。」
0x010000520004E3B9,450,226,Rizia/Turn 9/FPnT_MITZ_BoardMeeting,Elena Werner,en,「陛下、今回の国有化案によりレスピアは新しいMITZにおいてさらに20パーセントの持分を得ることになり、我々は何も残されません。」
0x010000520004E3C6,450,230,Rizia/Turn 9/FPnT_MITZ_BoardMeeting,Elena Werner,en,「再交渉されたMITZ提案により、この国際貿易区は二国で均等に分けられることになりました。我々には何も残りません。」
0x010000520004E3EB,450,231,Rizia/Turn 9/FPnT_MITZ_BoardMeeting,Player_Romus,en,「アルバレスが我々を裏切ったのか？驚きもしないな。」
0x010000520004E3F1,450,232,Rizia/Turn 9/FPnT_MITZ_BoardMeeting,Player_Romus,en,「まったく、困ったものだ。」
0x010000520004E3FA,450,233,Rizia/Turn 9/FPnT_MITZ_BoardMeeting,Player_Romus,en,「なぜ今になってようやく知らされるのか？これは責任者の処罰が避けられない。」
0x010000520004E409,450,237,Rizia/Turn 9/FPnT_MITZ_BoardMeeting,Player_Romus,en,「レスピアにその金を与えよ。今やリジアはエネルギーの超大国なのだ。」
0x010000520004E417,450,241,Rizia/Turn 9/FPnT_MITZ_BoardMeeting,Player_Romus,en,「問題ない。ヘーゲルがそのようなことを承認するはずがない。」
0x010000520004E41F,450,242,Rizia/Turn 9/FPnT_MITZ_BoardMeeting,Elena Werner,en,「我々の収入にはあまり影響しません。しかし、隣国によって排除されることは、我が国のイメージにとって非常に悪い影響を与えます。」
0x010000520004E426,450,243,Rizia/Turn 9/FPnT_MITZ_BoardMeeting,Elena Werner,en,「戦争という状況を考えれば、レスピアが我々に背くのは避けられなかったことです。ただ、モレラまでそれに同調したことが残念でなりません。」
0x010000520004E434,450,247,Rizia/Turn 9/FPnT_MITZ_BoardMeeting,Elena Werner,en,「レスピアが我々に背く可能性は常にありました。残念なのは、モレラまでそれに同調したことです。」
0x010000520004E447,450,248,Rizia/Turn 9/FPnT_MITZ_BoardMeeting,Elena Werner,en,「誠に申し訳ございません。可能性があると以前にもお伝えしておりました。」
0x010000520004E44E,450,249,Rizia/Turn 9/FPnT_MITZ_BoardMeeting,Elena Werner,en,「モレラがそれに同意したとは、実に驚きです。」
0x010000520004E469,450,253,Rizia/Turn 9/FPnT_MITZ_BoardMeeting,Elena Werner,en,「数年前なら、あなたの言う通りだと答えていただろう。ですが今は……分かりません。」
0x010000520004E470,450,254,Rizia/Turn 9/FPnT_MITZ_BoardMeeting,Elena Werner,en,「陛下、おっしゃる通りでございます。」
0x010000520004E47E,450,258,Rizia/Turn 9/FPnT_MITZ_BoardMeeting,Narrator,en,彼女は長いため息をついた。
0x010000520004E485,450,259,Rizia/Turn 9/FPnT_MITZ_BoardMeeting,Elena Werner,en,「特にヘーゲルまでがそれを支持するようなら……」
0x010000520004E492,450,263,Rizia/Turn 9/FPnT_MITZ_BoardMeeting,Elena Werner,en,「少なくともヘーゲルは決してそのようなことをしません。」
0x010000520004E4A3,450,264,Rizia/Turn 9/FPnT_MITZ_BoardMeeting,Elena Werner,en,「残念ながら、もはやヴァルグスランドの拒否権に頼ることもできません……」
0x010000520004E4AE,450,265,Rizia/Turn 9/FPnT_MITZ_BoardMeeting,Elena Werner,en,「少なくともヘーゲルは、そのようなことを決して支持しません。」
0x010000520004E4B9,450,266,Rizia/Turn 9/FPnT_MITZ_BoardMeeting,Narrator,en,我々が建物の中に入ろうとしたその時、エメリッヒ・ヘーゲル書記長と他のヴァルグ人代表団のメンバーたちが我々のそばを通り過ぎていった。
0x010000520004E4C0,450,267,Rizia/Turn 9/FPnT_MITZ_BoardMeeting,Narrator,en,ヘーゲルは私の目を見て会釈し、その表情は読み取れなかった。
0x010000520004E4C7,450,268,Rizia/Turn 9/FPnT_MITZ_BoardMeeting,Player_Romus_Italic,en,私もうなずき返した。
0x010000520004E4C7,450,268,Rizia/Turn 9/FPnT_MITZ_BoardMeeting,Player_Romus_Italic,Menu Text en,うなずき返す
0x010000520004E4CF,450,269,Rizia/Turn 9/FPnT_MITZ_BoardMeeting,Player_Romus_Italic,en,私は彼に返事をしなかった。
0x010000520004E4CF,450,269,Rizia/Turn 9/FPnT_MITZ_BoardMeeting,Player_Romus_Italic,Menu Text en,彼には返事をしないで
0x010000520004E4D7,450,270,Rizia/Turn 9/FPnT_MITZ_BoardMeeting,Player_Romus,en,「宰相様、少しお時間をいただけるだろうか？」
0x010000520004E4E2,450,271,Rizia/Turn 9/FPnT_MITZ_BoardMeeting,Player_Romus,en,「こんにちは、ヘーゲル様。」
0x010000520004E4EB,450,272,Rizia/Turn 9/FPnT_MITZ_BoardMeeting,Emmerich Hegel (R),en,「トラス様、今日こそ良い日となりますよう、私は心から願っております。」
0x010000520004E4F3,450,273,Rizia/Turn 9/FPnT_MITZ_BoardMeeting,Narrator,en,彼はその場で足を止めた。
0x010000520004E500,450,274,Rizia/Turn 9/FPnT_MITZ_BoardMeeting,Emmerich Hegel (R),en,「少々お待ちください。」
0x010000520004E522,450,278,Rizia/Turn 9/FPnT_MITZ_BoardMeeting,Elena Werner,en,「陛下、隣国の福祉に対するご尽力には心から敬意を表します。ですが、リジアのことも同様にご考慮いただければと願っております。」
0x010000520004E52A,450,279,Rizia/Turn 9/FPnT_MITZ_BoardMeeting,Player_Romus,en,「もちろん準備はできている。何も変わるようなことはないから。」
0x010000520004E531,450,280,Rizia/Turn 9/FPnT_MITZ_BoardMeeting,Player_Romus,en,「不快な驚きが何も起こらないようにしていただきたいのだ。」
0x010000520004E538,450,281,Rizia/Turn 9/FPnT_MITZ_BoardMeeting,Player_Romus,en,「このくだらないミッツの騒ぎを早く終わらせる準備ができている。」
0x010000520004E54A,450,285,Rizia/Turn 9/FPnT_MITZ_BoardMeeting,Player_Romus,en,「モレラがもはや私の時間を無駄にすることをやめる時が来た。今は戦争が続いているのだ。」
0x010000520004E55B,450,289,Rizia/Turn 9/FPnT_MITZ_BoardMeeting,Elena Werner,en,「陛下、サルタナはそれを無意味なことだとは考えておりません。」
0x010000520004E562,450,290,Rizia/Turn 9/FPnT_MITZ_BoardMeeting,Elena Werner,en,「陛下、サルタナはそれを無駄だとは思っておりません。」
0x010000520004E56B,450,291,Rizia/Turn 9/FPnT_MITZ_BoardMeeting,Elena Werner,en,「私の知る限りではありませんが、これがマレニエフ主義の脅威を未然に食い止める最後のチャンスかもしれません。」
0x010000520004E571,450,292,Rizia/Turn 9/FPnT_MITZ_BoardMeeting,Elena Werner,en,「いくつかのことは既に変わってしまいました。」
0x010000520004E578,450,293,Rizia/Turn 9/FPnT_MITZ_BoardMeeting,Elena Werner,en,「いつもと変わりません。」
0x010000520004E582,450,294,Rizia/Turn 9/FPnT_MITZ_BoardMeeting,Elena Werner,en,「彼女の革命派はまだリジアにとって大きな脅威とはなっていません。ですが、何が起こるか分かりません...」
0x010000520004E58B,450,295,Rizia/Turn 9/FPnT_MITZ_BoardMeeting,Elena Werner,en,「それは私の知ったことではありません。」
0x010000520004E60B,450,303,Rizia/Turn 9/FPnT_MITZ_BoardMeeting,Elena Werner,en,「私を信じてください。将来起こりうる反乱の前兆は、見ればすぐに分かります...」
0x010000520004EC41,450,304,Rizia/Turn 9/FPnT_MITZ_BoardMeeting,Elena Werner,en,「陛下、私ももうこのようなことをするには年を取りすぎているのです。」
0x010000520004EDEE,450,305,Rizia/Turn 9/FPnT_MITZ_BoardMeeting,Narrator,en,アルバレスは機械的にうなずいた。
0x010000520004EE12,450,312,Rizia/Turn 9/FPnT_MITZ_BoardMeeting,Narrator,en,サルタナは声を上げて息をのんだ。アルバレスは驚いた様子を見せなかった。
0x010000520004EE19,450,313,Rizia/Turn 9/FPnT_MITZ_BoardMeeting,Narrator,en,丁寧な拍手が一度起こった。サルタナは明らかに安堵して微笑んだ。
0x010000520004EE33,450,320,Rizia/Turn 9/FPnT_MITZ_BoardMeeting,Narrator,en,モレラ人の首相は少し時間をかけて心を落ち着かせた。
0x010000520004EE3A,450,321,Rizia/Turn 9/FPnT_MITZ_BoardMeeting,Alma Saltana,en,「どうやら結局合意には至らないようですね。メフティエム国際貿易区は国有化されません。」
0x010000520004EE47,450,325,Rizia/Turn 9/FPnT_MITZ_BoardMeeting,Alma Saltana,en,「満場一致の投票により、メフティエム国際貿易区の国有化計画が実施されることになりました。」
0x010000520004EE4E,450,326,Rizia/Turn 9/FPnT_MITZ_BoardMeeting,Alma Saltana,en,「3対1の投票結果により、メフティエム国際貿易区の国有化計画が実施されることになります。」
0x010000520004EE72,450,327,Rizia/Turn 9/FPnT_MITZ_BoardMeeting,Alma Saltana,en,「これは非常に意義深い瞬間です。本日ここにご列席くださった皆様に感謝申し上げます。引き続き祝賀の場に留まっていただきたく存じます。」
0x010000520004EE88,450,331,Rizia/Turn 9/FPnT_MITZ_BoardMeeting,Emmerich Hegel (R),en,「ヴァルグスランド共和国はこの提案を承認します。」
0x010000520004EE94,450,332,Rizia/Turn 9/FPnT_MITZ_BoardMeeting,Emmerich Hegel (R),en,「ヴァルグスランド共和国としては、この提案を承認することはできません。」
0x010000520004EE9A,450,333,Rizia/Turn 9/FPnT_MITZ_BoardMeeting,Emmerich Hegel (R),en,「ヴァルグスランド共和国はこの提案を承認します。」
0x010000520004EEA5,450,337,Rizia/Turn 9/FPnT_MITZ_BoardMeeting,Narrator,en,アルマ・サルタナとアルバレスは、深い衝撃の表情で彼を見つめていた。
0x010000520004EEAB,450,338,Rizia/Turn 9/FPnT_MITZ_BoardMeeting,Narrator,en,丁寧な拍手が一度起こった。サルタナは明らかに安堵して微笑んだ。
0x010000520004EEC1,450,342,Rizia/Turn 9/FPnT_MITZ_BoardMeeting,Narrator,en,モレラ人の首相は少し時間をかけて心を落ち着かせた。
0x010000520004EEF6,450,343,Rizia/Turn 9/FPnT_MITZ_BoardMeeting,Alma Saltana,en,「これは非常に意義深い瞬間です。本日ここにご列席くださった皆様に感謝申し上げます。引き続き祝賀の場に留まっていただきたく存じます。」
0x010000520004EF49,450,347,Rizia/Turn 9/FPnT_MITZ_BoardMeeting,Narrator,en,私が部屋から出てくると、エレナに追い詰められた。
0x010000520004EF50,450,348,Rizia/Turn 9/FPnT_MITZ_BoardMeeting,Elena Werner,en,「陛下、どうなさったのですか？先ほどは何のことでしたか？」
0x010000520004EF5D,450,352,Rizia/Turn 9/FPnT_MITZ_BoardMeeting,Player_Romus,en,「ヴァルグスランドとの協力は確保された。」
0x010000520004EF64,450,353,Rizia/Turn 9/FPnT_MITZ_BoardMeeting,Player_Romus,en,「説明している暇はない。早く投票に入ろう。」
0x010000520004EF6B,450,354,Rizia/Turn 9/FPnT_MITZ_BoardMeeting,Player_Romus,en,「ヴェルナーさん、それはあなたには関係のないことだ。」
0x010000520004EF72,450,355,Rizia/Turn 9/FPnT_MITZ_BoardMeeting,Player_Romus,en,「ただの親しく会話をしただけだ。それ以上のことはない。」
0x010000520004EF79,450,356,Rizia/Turn 9/FPnT_MITZ_BoardMeeting,Elena Werner,en,「それは素晴らしい知らせです。どのようにしてそうなったのかは尋ねません。」
0x010000520004EF81,450,357,Rizia/Turn 9/FPnT_MITZ_BoardMeeting,Narrator,en,我々は中央の会議場へと案内された。私が舞台上の四つある演壇の一つへと連れて行かれている間、エレナは自分の席へと向かった。
0x010000520004EF89,450,358,Rizia/Turn 9/FPnT_MITZ_BoardMeeting,Elena Werner,en,「ヘーゲル書記長と『友好的』に接する日など、私が自分の帽子を食べる日以外にあり得ません。」
0x010000520004EF91,450,359,Rizia/Turn 9/FPnT_MITZ_BoardMeeting,Elena Werner,en,「わかりました。これ以上詮索は控えます。」
0x010000520004EFA0,450,361,Rizia/Turn 9/FPnT_MITZ_BoardMeeting,Player_Romus,en,「何を笑っているのか？」
0x010000520004EFB2,450,368,Rizia/Turn 9/FPnT_MITZ_BoardMeeting,Narrator,en,私が彼の隣に席に着くと、アルバレスは親しげにうなずいた。
0x010000520004EFB9,450,369,Rizia/Turn 9/FPnT_MITZ_BoardMeeting,Narrator,en,私が彼の隣に席に着くと、アルバレスは顔に作り笑いを貼り付けていた。
0x010000520004EFC5,450,370,Rizia/Turn 9/FPnT_MITZ_BoardMeeting,Narrator,en,私が彼の隣に座ると、アルバレスは無愛想にうなずいて認めた。
0x010000520004EFCD,450,371,Rizia/Turn 9/FPnT_MITZ_BoardMeeting,Player_Romus,en,「その気分を存分に味わってくれ、サルタナ首相。だが、長くは幸せでいられないよ。」
0x010000520004EFD4,450,372,Rizia/Turn 9/FPnT_MITZ_BoardMeeting,Player_Romus,en,「アルバレス様、ごきげんようだ。」
0x010000520004EFDB,450,373,Rizia/Turn 9/FPnT_MITZ_BoardMeeting,Player_Romus,en,「アルバレス様、ごきげんようだ。」
0x010000520004EFE2,450,374,Rizia/Turn 9/FPnT_MITZ_BoardMeeting,Player_Romus,en,「我々の約束を忘れていないことを願っている。」
0x010000520004EFE9,450,375,Rizia/Turn 9/FPnT_MITZ_BoardMeeting,Player_Romus,en,「では、今日はどのように投票なさるか？」
0x010000520004EFF3,450,376,Rizia/Turn 9/FPnT_MITZ_BoardMeeting,Player_Romus,en,「我々の約束を忘れてはいない。」
0x010000520004F006,450,380,Rizia/Turn 9/FPnT_MITZ_BoardMeeting,Patricio Alvarez (R),en,「私がどうして忘れることがありましょうか？」
0x010000520004F021,450,384,Rizia/Turn 9/FPnT_MITZ_BoardMeeting,Player_Romus,en,「ソードランドか？新たな同盟が結ばれたこと、お祝い申し上げる。」
0x010000520004F02E,450,388,Rizia/Turn 9/FPnT_MITZ_BoardMeeting,Narrator,en,彼の表情に変化はなかった。
0x010000520004F035,450,389,Rizia/Turn 9/FPnT_MITZ_BoardMeeting,Patricio Alvarez (R),en,「ありがとうございます、陛下。」
0x010000520004F03C,450,390,Rizia/Turn 9/FPnT_MITZ_BoardMeeting,Narrator,en,彼の目は輝いていた。
0x010000520004F043,450,391,Rizia/Turn 9/FPnT_MITZ_BoardMeeting,Patricio Alvarez (R),en,「ありがとうございます、陛下。これは我々全員にとって大変有益なことでございます。」
0x010000520004F04A,450,392,Rizia/Turn 9/FPnT_MITZ_BoardMeeting,Patricio Alvarez (R),en,「あちらの首相閣下にとっては、まさに頭の痛い存在でもあります。」
0x010000520004F052,450,393,Rizia/Turn 9/FPnT_MITZ_BoardMeeting,Patricio Alvarez (R),en,「陛下、本日という日をご満足いただけておられることを願っております。」
0x010000520004F059,450,394,Rizia/Turn 9/FPnT_MITZ_BoardMeeting,Patricio Alvarez (R),en,「陛下、どういう意味でしょうか？」
0x010000520004F060,450,395,Rizia/Turn 9/FPnT_MITZ_BoardMeeting,Patricio Alvarez (R),en,「もうすぐ分かりますよ、陛下。」
0x010000520004F067,450,396,Rizia/Turn 9/FPnT_MITZ_BoardMeeting,Patricio Alvarez (R),en,「陛下、ごきげんようです。」
0x010000520004F06F,450,397,Rizia/Turn 9/FPnT_MITZ_BoardMeeting,Patricio Alvarez (R),en,「よろしい。」
0x010000520004F07C,450,398,Rizia/Turn 9/FPnT_MITZ_BoardMeeting,Patricio Alvarez (R),en,「陛下、答えはご存知でしょう。」
0x010000520004F083,450,399,Rizia/Turn 9/FPnT_MITZ_BoardMeeting,Narrator,en,アルマ・サルタナがマイクに指を当てると、フィードバックの甲高い音が響き渡った。
0x010000520004F092,450,400,Rizia/Turn 9/FPnT_MITZ_BoardMeeting,Narrator,en,会議場にいた報道陣、経営者たち、そして様々な代表団の人々はすぐに姿勢を正した。
0x010000520004F09B,450,401,Rizia/Turn 9/FPnT_MITZ_BoardMeeting,Alma Saltana,en,「数年前、モレラ共和国はメフティエム盆地の資源を我が国および我が国民の管理下に置くという計画を開始しました。」
0x010000520004F0AD,450,405,Rizia/Turn 9/FPnT_MITZ_BoardMeeting,Narrator,en,彼女は顔をしかめた。
0x010000520004F0B5,450,406,Rizia/Turn 9/FPnT_MITZ_BoardMeeting,Alma Saltana,en,「それは、エメリッヒ・ヘーゲル書記長が我々に示してくださった唯一の信頼の表れではありません。」
0x010000520004F0BC,450,407,Rizia/Turn 9/FPnT_MITZ_BoardMeeting,Alma Saltana,en,「我々もまた、モレラが今やコンタナ条約機構への加盟候補として急速に前進していることを喜んでお知らせします。」
0x010000520004F0C3,450,408,Rizia/Turn 9/FPnT_MITZ_BoardMeeting,Alma Saltana,en,「我々は、この国際貿易区の自分たちが担当する部分を、労働者と環境の両方に対して公正かつ配慮しながら運営していくことを約束できます。」
0x010000520004F0CA,450,409,Rizia/Turn 9/FPnT_MITZ_BoardMeeting,Narrator,en,ホールの中の騒音はますます大きくなっていった。私はアルバレス首相が演壇に拳を叩きつけるのを見た。
0x010000520004F0D7,450,413,Rizia/Turn 9/FPnT_MITZ_BoardMeeting,Patricio Alvarez (R),en,「まずソードランド、今度はモレラ……共産主義者どもが我々の大陸を食い尽くしてしまうだろう。」
0x010000520004F0DE,450,414,Rizia/Turn 9/FPnT_MITZ_BoardMeeting,Player_Romus,en,「私がカビズをコンタナ条約機構に約束してしまったと聞いて、あなたは喜ばないだろうな。」
0x010000520004F0E3,450,415,Rizia/Turn 9/FPnT_MITZ_BoardMeeting,Patricio Alvarez (R),en,「共産主義者どもがどれだけ試みようとも、決して勝つことはできないのです。」
0x010000520004F0F3,450,419,Rizia/Turn 9/FPnT_MITZ_BoardMeeting,Player_Romus,en,「我々は計画通り、自分たちの金鉱を守り続ける。」
0x010000520004F0FB,450,420,Rizia/Turn 9/FPnT_MITZ_BoardMeeting,Player_Romus,en,「我々は最後の息をふり絞ってでも彼らに抵抗する。」
0x010000520004F103,450,421,Rizia/Turn 9/FPnT_MITZ_BoardMeeting,Player_Romus,en,「もしそれが神の御心であるなら…そう成ろう。」
0x010000520004F110,450,425,Rizia/Turn 9/FPnT_MITZ_BoardMeeting,Player_Romus,en,「私を味方のように扱って話すな。」
0x010000520004F11D,450,429,Rizia/Turn 9/FPnT_MITZ_BoardMeeting,Patricio Alvarez (R),en,「陛下、そのような事態にはならないことを願っております。」
0x010000520004F124,450,430,Rizia/Turn 9/FPnT_MITZ_BoardMeeting,Patricio Alvarez (R),en,「陛下、どうしてそんなことをなさったのですか？！」
0x010000520004F12B,450,431,Rizia/Turn 9/FPnT_MITZ_BoardMeeting,Patricio Alvarez (R),en,「しかし陛下、それはいつまで続くのでしょうか？これでは我々双方にとって良い結果にはなりません。」
0x010000520004F133,450,432,Rizia/Turn 9/FPnT_MITZ_BoardMeeting,Patricio Alvarez (R),en,「陛下、東西間の壮大な戦いにおいては、些細な恨みなど何の意味もありません。」
0x010000520004F13A,450,433,Rizia/Turn 9/FPnT_MITZ_BoardMeeting,Patricio Alvarez (R),en,「陛下、彼らが陛下の命を狙ってきた時にも、その楽観的な態度を保てるか試してみましょう。」
0x010000520004F141,450,434,Rizia/Turn 9/FPnT_MITZ_BoardMeeting,Narrator,en,彼女は深く息を吸い込んだ。
0x010000520004F148,450,435,Rizia/Turn 9/FPnT_MITZ_BoardMeeting,Alma Saltana,en,「残念ながら、すべての関係者がこの新たな国際貿易区の方向性に同意したわけではありませんでした。」
0x010000520004F14F,450,436,Rizia/Turn 9/FPnT_MITZ_BoardMeeting,Alma Saltana,en,「しかし何度かの交渉を経て、MITZの体制を維持しつつ新たな措置も導入するという折衷案に到達することができました。」
0x010000520004F15E,450,440,Rizia/Turn 9/FPnT_MITZ_BoardMeeting,Alma Saltana,en,「この新たな協定により、我々の各パートナーはそれぞれ現在保有している持分を維持することができます。誰も手ぶらで帰ることはありません。」
0x010000520004F187,450,447,Rizia/Turn 9/FPnT_MITZ_BoardMeeting,Emmerich Hegel (R),en,「ヴァルグスランド共和国としては、この提案を承認することはできません。」
0x010000520004F193,450,448,Rizia/Turn 9/FPnT_MITZ_BoardMeeting,Narrator,en,群衆の間にかすかな囁き声が広がっていった。サルタナはヴァルグスランド書記長を鋭い視線で見つめた。
0x010000520004EE8E,450,452,Rizia/Turn 9/FPnT_MITZ_BoardMeeting,Narrator,en,丁寧な拍手が一度起こった。
0x010000520004F1A7,450,456,Rizia/Turn 9/FPnT_MITZ_BoardMeeting,Narrator,en,群衆の間にささやき声が広がっていった。
0x010000520004F1B4,450,460,Rizia/Turn 9/FPnT_MITZ_BoardMeeting,Alma Saltana,en,「満場一致の投票により、メフティエム国際貿易区に関する再交渉された協定が実施されることになりました。」
0x010000520004F1BB,450,461,Rizia/Turn 9/FPnT_MITZ_BoardMeeting,Alma Saltana,en,「3対1の投票結果により、改訂されたメフティエム国際貿易区に関する協定が実施されることになります。」
0x010000520004F1CA,450,465,Rizia/Turn 9/FPnT_MITZ_BoardMeeting,Alma Saltana,en,「どうやら膠着状態に陥っているようです。再交渉された合意は実施することができません。」
0x010000520004F1DC,450,469,Rizia/Turn 9/FPnT_MITZ_BoardMeeting,Narrator,en,群衆の間にかすかな囁き声が広がっていった。サルタナは鋭い視線でアルバレスと私をじっと見つめた。
0x010000520004F20E,450,482,Rizia/Turn 9/FPnT_MITZ_BoardMeeting,Narrator,en,群衆の間にささやき声が広がっていった。モレラ人の首相は少し時間をかけて落ち着きを取り戻した。
0x010000520004F217,450,483,Rizia/Turn 9/FPnT_MITZ_BoardMeeting,Narrator,en,サルタナ首相は、我々全員に手を振って、写真撮影のために自分の壇上に来るよう促した。
0x010000520004F2AD,450,515,Rizia/Turn 9/FPnT_MITZ_BoardMeeting,Player_Romus_Italic,en,私はサルタナの隣にある壇上へと歩み上がった。
0x010000520004F2AD,450,515,Rizia/Turn 9/FPnT_MITZ_BoardMeeting,Player_Romus_Italic,Menu Text en,彼女のもとへ行く
0x010000520004F2B5,450,516,Rizia/Turn 9/FPnT_MITZ_BoardMeeting,Player_Romus_Italic,en,私はその場に留まっていた。
0x010000520004F2B5,450,516,Rizia/Turn 9/FPnT_MITZ_BoardMeeting,Player_Romus_Italic,Menu Text en,彼女のところには行くな
0x010000520004F2BD,450,517,Rizia/Turn 9/FPnT_MITZ_BoardMeeting,Narrator,en,アルバレスは、新しい契約書を掲げているサルタナの肩に腕を回した。
0x010000520004F2CB,450,521,Rizia/Turn 9/FPnT_MITZ_BoardMeeting,Narrator,en,アルバレスが我々の間に割って入った。彼女が新しい契約書を掲げていると、彼はその肩に腕を回した。
0x010000520004F2D3,450,522,Rizia/Turn 9/FPnT_MITZ_BoardMeeting,Narrator,en,彼女がカメラの前で新しい契約書を掲げている間、アルバレスとヘーゲルは我々の両側に立っていた。
0x010000520004F2DA,450,523,Rizia/Turn 9/FPnT_MITZ_BoardMeeting,Narrator,en,アルバレスとエメリッヒ・ヘーゲルは、サルタナがカメラ用の新しい契約書を掲げている間、二人とも彼女のそばに歩み寄った。
0x010000520004F2F0,450,527,Rizia/Turn 9/FPnT_MITZ_BoardMeeting,Narrator,en,サルタナは再びマイクを軽く叩いた。
0x010000520004F2FB,450,528,Rizia/Turn 9/FPnT_MITZ_BoardMeeting,Alma Saltana,en,「静かにしてください！」
0x010000520004F302,450,529,Rizia/Turn 9/FPnT_MITZ_BoardMeeting,Alma Saltana,en,「レスピアとリジアが我々の金を手にしているかもしれません。しかし彼らに我々の精神を打ち負かすことは決してできないでしょう。」
0x010000520004F309,450,530,Rizia/Turn 9/FPnT_MITZ_BoardMeeting,Alma Saltana,en,「ヴァルグスランド、ソードランド、モレラ――この大陸に新たな連帯の軸が形成されつつあります。今日すぐに実現するとは限りませんが、正義の力が必ず勝利を収めるでしょう。」
0x010000520004F317,450,534,Rizia/Turn 9/FPnT_MITZ_BoardMeeting,Alma Saltana,en,「この大陸において新たな連帯の軸が形成されつつあります。今日すぐに実現するとは限りませんが、正義の力が必ず勝利を収めるでしょう。」
0x010000520004F31E,450,535,Rizia/Turn 9/FPnT_MITZ_BoardMeeting,Player_Romus_Italic,en,私はアルバレスの嫌な視線を無視して拍手した。
0x010000520004F31E,450,535,Rizia/Turn 9/FPnT_MITZ_BoardMeeting,Player_Romus_Italic,Menu Text en,拍手をする
0x010000520004F327,450,536,Rizia/Turn 9/FPnT_MITZ_BoardMeeting,Narrator,en,彼女は何も答えなかった。その視線は依然として観衆に向けられたままだった。
0x010000520004F32C,450,537,Rizia/Turn 9/FPnT_MITZ_BoardMeeting,Player_Romus_Italic,en,私は何も反応しなかった。
0x010000520004F32C,450,537,Rizia/Turn 9/FPnT_MITZ_BoardMeeting,Player_Romus_Italic,Menu Text en,何も反応しないで
0x010000520004F335,450,538,Rizia/Turn 9/FPnT_MITZ_BoardMeeting,Player_Romus,en,「正義だと？お前はメルコパを破滅へと導くだけだ。」
0x010000520004F359,450,539,Rizia/Turn 9/FPnT_MITZ_BoardMeeting,Alma Saltana,en,「もうすぐ質問を受け付けます。今は皆さんでご相談ください。」
0x010000520004F369,450,540,Rizia/Turn 9/FPnT_MITZ_BoardMeeting,Narrator,en,ホールの中の騒音はますます大きくなっていった。数人の記者たちが立ち上がり、大声で質問を投げかけ始めた。
0x010000520004F374,450,544,Rizia/Turn 9/FPnT_MITZ_BoardMeeting,Narrator,en,サルタナは怒りながら舞台から急いで去り、ヘーゲルにもすぐ後を追うよう手振りで示した。
0x010000520004F37A,450,545,Rizia/Turn 9/FPnT_MITZ_BoardMeeting,Narrator,en,サルタナは急いで舞台を去り、ヘーゲルにも自分に続くよう合図した。
0x010000520004F38E,450,549,Rizia/Turn 9/FPnT_MITZ_BoardMeeting,Narrator,en,アルバレスは薄い笑みを浮かべながら私の方を向いた。
0x010000520004F395,450,550,Rizia/Turn 9/FPnT_MITZ_BoardMeeting,Patricio Alvarez (R),en,「陛下、あなたは悪魔と取引をなさったのですね。それが報われることを願っております。」
0x010000520004F3A2,450,554,Rizia/Turn 9/FPnT_MITZ_BoardMeeting,Player_Romus,en,「今のあなたの表情を見るとね？ええ、間違いなくそうだ。」
0x010000520004F3A9,450,555,Rizia/Turn 9/FPnT_MITZ_BoardMeeting,Player_Romus_Italic,en,私は彼の発言に返事をしなかった。
0x010000520004F3A9,450,555,Rizia/Turn 9/FPnT_MITZ_BoardMeeting,Player_Romus_Italic,Menu Text en,何も答えないで
0x010000520004F3AF,450,556,Rizia/Turn 9/FPnT_MITZ_BoardMeeting,Player_Romus,en,「もしヘーゲルが悪魔なら、あなたこそが邪悪そのものだ。」
0x010000520004F3B8,450,557,Rizia/Turn 9/FPnT_MITZ_BoardMeeting,Player_Romus,en,「私はそんなことはしていない。あなたの賭けは単純に失敗に終わっただけだ。」
0x010000520004F3BF,450,558,Rizia/Turn 9/FPnT_MITZ_BoardMeeting,Player_Romus,en,「そのような発言は不要だ。ここにいるのは皆、高貴な政治家たちだから。」
0x010000520004F3C6,450,559,Rizia/Turn 9/FPnT_MITZ_BoardMeeting,Patricio Alvarez (R),en,「陛下、もはや隠し立てはありません。パレスでのご武運をお祈り申し上げます。」
0x010000520004F3D6,450,563,Rizia/Turn 9/FPnT_MITZ_BoardMeeting,Narrator,en,最後に私の方をにらみつけると、彼は舞台を去っていった。
0x010000520004F3E3,450,564,Rizia/Turn 9/FPnT_MITZ_BoardMeeting,Patricio Alvarez (R),en,「陛下、もはや遠慮はいりません。あなたの王国のますますの繁栄を祈っております。」
0x010000520004F3EC,450,565,Rizia/Turn 9/FPnT_MITZ_BoardMeeting,Narrator,en,アルバレスは安堵の笑みを浮かべて私の方を向いた。
0x010000520004F3F3,450,566,Rizia/Turn 9/FPnT_MITZ_BoardMeeting,Patricio Alvarez (R),en,「まあ、全く痛みはありませんでした。ご協力いただき、ありがとうございます。」
0x010000520004F3FA,450,567,Rizia/Turn 9/FPnT_MITZ_BoardMeeting,Player_Romus,en,「どういたしまして、首相殿。」
0x010000520004F401,450,568,Rizia/Turn 9/FPnT_MITZ_BoardMeeting,Player_Romus,en,「我々はちょうどモレラとヴァルグスランドをより近づけてしまった。それは良い知らせではあり得ない。」
0x010000520004F40F,450,569,Rizia/Turn 9/FPnT_MITZ_BoardMeeting,Player_Romus_Italic,en,私は彼の発言に返事をしなかった。
0x010000520004F40F,450,569,Rizia/Turn 9/FPnT_MITZ_BoardMeeting,Player_Romus_Italic,Menu Text en,何も答えないで
0x010000520004F416,450,570,Rizia/Turn 9/FPnT_MITZ_BoardMeeting,Patricio Alvarez (R),en,「ふむ。レスピアがどちらの国とも国境を接していないのは幸いだな。」
0x010000520004F41D,450,571,Rizia/Turn 9/FPnT_MITZ_BoardMeeting,Narrator,en,彼は私の方に軽く手を振ってから、舞台を去っていった。
0x010000520004F425,450,572,Rizia/Turn 9/FPnT_MITZ_BoardMeeting,Patricio Alvarez (R),en,「これを美しい友情の始まりとご理解ください。あるいは、そういうものです。」
0x010000520004F435,450,573,Rizia/Turn 9/FPnT_MITZ_BoardMeeting,Narrator,en,レスピア人の首相は私の耳元で話しかけてきた。その声はあまりにも低く、私だけが聞くことができた。
0x010000520004F43C,450,574,Rizia/Turn 9/FPnT_MITZ_BoardMeeting,Patricio Alvarez (R),en,「陛下、もはや隠し立てはありません。パレスでのご武運をお祈り申し上げます。」
0x010000520004F45E,450,583,Rizia/Turn 9/FPnT_MITZ_BoardMeeting,Patricio Alvarez (R),en,「陛下、もはや隠し立てはありません。王国のご繁栄をお祈り申し上げます。」
0x010000520004F46C,450,585,Rizia/Turn 9/FPnT_MITZ_BoardMeeting,Patricio Alvarez (R),en,「カメラの前では必ず笑顔を忘れないでください。」
0x010000520004F473,450,586,Rizia/Turn 9/FPnT_MITZ_BoardMeeting,Narrator,en,我々の周囲でシャッターの音が次々と鳴る中、彼は顔に苦痛に満ちた笑みを浮かべ続けていた。
0x010000520004F47D,450,587,Rizia/Turn 9/FPnT_MITZ_BoardMeeting,Patricio Alvarez (R),en,「それは痛みもなかったですよね、陛下？」
0x010000520004F48B,450,591,Rizia/Turn 9/FPnT_MITZ_BoardMeeting,Patricio Alvarez (R),en,「陛下、見事でした。本日の結果にご満足いただけていることと存じます。」
0x010000520004F499,450,592,Rizia/Turn 9/FPnT_MITZ_BoardMeeting,Narrator,en,我々の周囲でシャッターが切られる中、レスピア人の首相は私の方を向いて毒々しい視線を投げかけてきた。
0x010000520004F49F,450,593,Rizia/Turn 9/FPnT_MITZ_BoardMeeting,Narrator,en,我々の周りでシャッターが閉まっていく中、彼は私の方を振り返ってウィンクをした。
0x010000520004F4C4,450,600,Rizia/Turn 9/FPnT_MITZ_BoardMeeting,Alma Saltana,en,「もうすぐ追加の質問を受け付ける時間になります。今は皆さんでご相談ください。」
0x010000520004F4CD,450,601,Rizia/Turn 9/FPnT_MITZ_BoardMeeting,Narrator,en,彼女はエメリッヒ・ヘーゲルにうなずき、二人で舞台を後にした。
0x010000520004F5E4,450,611,Rizia/Turn 9/FPnT_MITZ_BoardMeeting,Narrator,en,私はエレナの視線を捉えた。彼女は最前列の席から誇らしげに拍手をしていた。
0x010000520004F5EB,450,612,Rizia/Turn 9/FPnT_MITZ_BoardMeeting,Narrator,en,私はエレナの視線を捉えた。彼女は最前列の席で静かに拍手をしていた。
0x010000520004F5F2,450,613,Rizia/Turn 9/FPnT_MITZ_BoardMeeting,Narrator,en,私はエレナの視線を捕らえようとした。彼女は帳面を取り出して、必死に何かを書き込んでいた。
0x010000520004F5FA,450,614,Rizia/Turn 9/FPnT_MITZ_BoardMeeting,Narrator,en,私はエレナの目を引こうとした。彼女は帳簿を取り出し、驚くほど集中してその中にメモを書き込んでいた。
0x010000520004F601,450,615,Rizia/Turn 9/FPnT_MITZ_BoardMeeting,Narrator,en,私はエレナの視線を捕らえようとした。彼女は帳簿を取り出して、必死に中に何かを書き込んでいた。
0x010000520004F608,450,616,Rizia/Turn 9/FPnT_MITZ_BoardMeeting,Narrator,en,私はエレナの視線を捉えた。彼女は最前列で誇らしげに拍手をしていた。
0x010000520004F60F,450,617,Rizia/Turn 9/FPnT_MITZ_BoardMeeting,Narrator,en,私はエレナの視線を捉えた。彼女は最前列で静かに拍手をしていた。
0x0100005200053465,450,623,Rizia/Turn 9/FPnT_MITZ_BoardMeeting,Alma Saltana,en,「これが何に関することか、我々全員が理解しております。ですので、すぐに本題に入らせていただきます。」
0x010000520005B02F,450,652,Rizia/Turn 9/FPnT_MITZ_BoardMeeting,Patricio Alvarez (R),en,「たとえ出資の申し出をありがたく思っているものの、レスピアは依然として原則として国有化に反対しております。我々の投票結果は反対です。」
0x01000052000736B2,450,663,Rizia/Turn 9/FPnT_MITZ_BoardMeeting,Patricio Alvarez (R),en,「レスピアも賛成票を投じます。」
0x01000052000736B8,450,664,Rizia/Turn 9/FPnT_MITZ_BoardMeeting,Narrator,en,アルバレスは歯を食いしばった。
0x010000520007D34C,450,677,Rizia/Turn 9/FPnT_MITZ_BoardMeeting,Elena Werner,en,「幸いにも、我々はその破壊工作を間に合って発見することができました。もし発見しなかったら何が起こっていたか、誰にも分からないのです。」
0x010000520004E592,451,3,Rizia/Turn 9/Hegel Side Convo,Narrator,en,側近たちはすぐに我々のための隣室を用意した。我々はその部屋に入り、向かい合って座った。
0x010000520004E59F,451,7,Rizia/Turn 9/Hegel Side Convo,Player_Romus,en,「率直に言おう。あなたはMITZの分け前を奪おうとするレスピアを支援するつもりか？」
0x010000520004E5A6,451,8,Rizia/Turn 9/Hegel Side Convo,Narrator,en,ヘーゲルは高らかに笑った。
0x010000520004E5B3,451,12,Rizia/Turn 9/Hegel Side Convo,Emmerich Hegel (R),en,「私は以前、レスピア人が国際貿易区にとって脅威であると警告しました。しかし陛下は私の言うことを聞かず、これがその報いです。」
0x010000520004E5BC,451,13,Rizia/Turn 9/Hegel Side Convo,Emmerich Hegel (R),en,「結局のところ、これは私の決定ではなくモレラの決定です。サルタナが提案するあらゆる国有化計画を支持する義務が私にはあります。」
0x010000520004E5C9,451,17,Rizia/Turn 9/Hegel Side Convo,Emmerich Hegel (R),en,「たとえ私がそうでなくても……今の時点では、陛下の王国の方がレスピアよりもはるかに大きな脅威だと言えます。」
0x010000520004E5D0,451,18,Rizia/Turn 9/Hegel Side Convo,Emmerich Hegel (R),en,「申し訳ありません。しかし、そうするしかないのです。」
0x010000520004E5DD,451,19,Rizia/Turn 9/Hegel Side Convo,Player_Romus,en,「ヘーゲル書記長、どうか最新の提案には投票しないよう強くお願いする。それはリジアの知らない間に修正されたものだから。」
0x010000520004E5D7,451,23,Rizia/Turn 9/Hegel Side Convo,Emmerich Hegel (R),en,「明らかに、私はアルバレスやその仲間たちが南メルコパで最も大きな金鉱資源のより多くを独占することに反対しているのです。」
0x010000520004E5E5,451,24,Rizia/Turn 9/Hegel Side Convo,Player_Romus,en,「ちょっと気になってお伺いするが、今日はどのように投票されるご予定だろうか？」
0x010000520004E61F,451,25,Rizia/Turn 9/Hegel Side Convo,Player_Romus,en,「あなたがサルタナを助けて私の王国で内乱を煽っていることは知っている。だが私は気にしない、とだけ伝えたかったのだ。」
0x010000520004E62B,451,26,Rizia/Turn 9/Hegel Side Convo,Emmerich Hegel (R),en,「もし彼女がどこにいるか分かっていれば、わざわざあなたに教える理由などありませんよ、陛下。」
0x010000520004E631,451,27,Rizia/Turn 9/Hegel Side Convo,Emmerich Hegel (R),en,「私が聞いたところによると、ヴィナ・トラスは父親に強いられていた古風な結婚の束縛から逃れるためにリジアを離れました。」
0x010000520004E5FB,451,31,Rizia/Turn 9/Hegel Side Convo,Emmerich Hegel (R),en,「ご心配なく。新しい提案が通過する可能性は、地獄で雪玉が転がるようなものにほかなりません。」
0x010000520004E618,451,32,Rizia/Turn 9/Hegel Side Convo,Player_Romus,en,「私の娘がどこにいるか、ご存知か？」
0x010000520004E5F4,451,33,Rizia/Turn 9/Hegel Side Convo,Emmerich Hegel (R),en,「しかし陛下、今の時点ではトラス様こそがアルバレスよりもはるかに大きな脅威だと言えます。」
0x010000520004E647,451,37,Rizia/Turn 9/Hegel Side Convo,Narrator,en,彼は喜びもなく笑った。
0x010000520004E63F,451,41,Rizia/Turn 9/Hegel Side Convo,Emmerich Hegel (R),en,「私が聞いたところによると、ヴィナ・トラスは金色の檻の中に閉じ込められており、権力も自分で夫を選ぶ能力も与えられていなかったそうです。」
0x010000520004E657,451,42,Rizia/Turn 9/Hegel Side Convo,Player_Romus,en,「あなたとモレラ人の首相は直ちに挑発をやめなければならない。我々全員が最も望まないのは流血だ。」
0x010000520004E664,451,43,Rizia/Turn 9/Hegel Side Convo,Player_Romus,en,「あなたはやはり同じように投票するつもりだよね？」
0x010000520004E680,451,44,Rizia/Turn 9/Hegel Side Convo,Narrator,en,彼は厳しい目つきで私を見た。
0x010000520004E687,451,45,Rizia/Turn 9/Hegel Side Convo,Emmerich Hegel (R),en,「なぜ私に尋ねるのですか？いずれ5分もすれば分かりますよ。」
0x010000520004E694,451,49,Rizia/Turn 9/Hegel Side Convo,Emmerich Hegel (R),en,「ご心配なく、トラス様。すべては計画通りに進みます。」
0x010000520004E6A7,451,50,Rizia/Turn 9/Hegel Side Convo,Player_Romus,en,「故郷の様子はいかがだろうか？」
0x010000520004E6AF,451,51,Rizia/Turn 9/Hegel Side Convo,Player_Romus,en,「一体、*誰*が計画したというのか？」
0x010000520004E6B6,451,52,Rizia/Turn 9/Hegel Side Convo,Player_Romus,en,「よろしい。これで私が知りたかったことはすべてだ。」
0x010000520004E6BD,451,53,Rizia/Turn 9/Hegel Side Convo,Player_Romus,en,「あなたがもう少し私を安心させてくれるには、何が必要か？」
0x010000520004E6C4,451,54,Rizia/Turn 9/Hegel Side Convo,Player_Romus,en,「ごもっともだ。では、投票に向かおう。」
0x010000520004E6CB,451,55,Rizia/Turn 9/Hegel Side Convo,Player_Romus,en,「もし私の心が変わってしまったら……元に戻すには何が必要なのか？」
0x010000520004E6D2,451,56,Rizia/Turn 9/Hegel Side Convo,Player_Romus,en,「アドリアの宰相、リジアの王を侮辱してはならない。警告しておく、国王。」
0x010000520004E6DF,451,57,Rizia/Turn 9/Hegel Side Convo,Player_Romus,en,「お願いだ。リジアにもあなたに与えられるものがきっとあるはずだ。」
0x010000520004E6E6,451,58,Rizia/Turn 9/Hegel Side Convo,Player_Romus,en,「もう少し安心できるように、私に何かできることはあるか？」
0x010000520004E6ED,451,59,Rizia/Turn 9/Hegel Side Convo,Player_Romus,en,「どうしてそんなことを言えるのか？西側があなた方の最大の敵だと思っていたが。」
0x010000520004E6F5,451,60,Rizia/Turn 9/Hegel Side Convo,Emmerich Hegel (R),en,「陛下、我々ヴァルグスランドが戦っているのは西側ではありません。世界中で抑圧されている人々の首に押し付けられた靴底こそが敵なのです。」
0x010000520004E702,451,64,Rizia/Turn 9/Hegel Side Convo,Emmerich Hegel (R),en,「陛下、あなた様が不正な戦争を続けることに固執されるがゆえに、リジアは最も巨大な靴で踏みつけられているのです。」
0x010000520004E709,451,65,Rizia/Turn 9/Hegel Side Convo,Emmerich Hegel (R),en,「ジルでのあなたの暴力的な行為により、リジアは最も巨大な靴を履かされているのです、陛下。」
0x010000520004E710,451,66,Rizia/Turn 9/Hegel Side Convo,Player_Romus,en,「残念だ。だが理解している。あなたの考えを変えようとは思わない。」
0x010000520004E719,451,67,Rizia/Turn 9/Hegel Side Convo,Player_Romus,en,「それは安心できるね。では、すぐに投票に移ろう。」
0x010000520004E720,451,68,Rizia/Turn 9/Hegel Side Convo,Player_Romus,en,「つまり、成功の見込みは全くないということだね。ゼロだ。」
0x010000520004E727,451,69,Rizia/Turn 9/Hegel Side Convo,Narrator,en,彼は短くうなずいた。我々二人はその部屋を出た。
0x010000520004E730,451,70,Rizia/Turn 9/Hegel Side Convo,Player_Romus,en,「まあ、その靴が合えばの話だが……」
0x010000520004E73B,451,71,Rizia/Turn 9/Hegel Side Convo,Narrator,en,彼は腕を組んだ。
0x010000520004E742,451,72,Rizia/Turn 9/Hegel Side Convo,Emmerich Hegel (R),en,「陛下、そのお考えは実に賢明です。」
0x010000520004E749,451,73,Rizia/Turn 9/Hegel Side Convo,Emmerich Hegel (R),en,「これを早く終わらせましょうか？」
0x010000520004E750,451,74,Rizia/Turn 9/Hegel Side Convo,Narrator,en,彼がドアの方に手振りをし、我々二人は部屋を出た。
0x010000520004E758,451,75,Rizia/Turn 9/Hegel Side Convo,Narrator,en,彼は依然として読み取れない表情のままだった。
0x010000520004E75F,451,76,Rizia/Turn 9/Hegel Side Convo,Emmerich Hegel (R),en,「早くこれを終わらせましょう、いかがですか？」
0x010000520004E766,451,77,Rizia/Turn 9/Hegel Side Convo,Narrator,en,我々二人はその部屋を出た。
0x010000520004E777,451,81,Rizia/Turn 9/Hegel Side Convo,Player_Romus,en,「あなたにはわからないだろう。やむを得ない状況があったのだ。」
0x010000520004E77F,451,82,Rizia/Turn 9/Hegel Side Convo,Player_Romus,en,「あなたはどうだ？自分の『革命』という名のもとに社会同士が争い合うよう煽って、どれほどの被害を引き起こしたのか？」
0x010000520004E787,451,83,Rizia/Turn 9/Hegel Side Convo,Narrator,en,彼は目を転がした。
0x010000520004E790,451,84,Rizia/Turn 9/Hegel Side Convo,Emmerich Hegel (R),en,「強くなるためには、まず筋肉が傷つく必要があります。」
0x010000520004E797,451,85,Rizia/Turn 9/Hegel Side Convo,Emmerich Hegel (R),en,「それはご自身で確かめていただけます。」
0x010000520004E7A4,451,86,Rizia/Turn 9/Hegel Side Convo,Player_Romus,en,「お願いだ。私の王国にも、あなたの投票を動かすためにできることは何かないのだろうか？」
0x010000520004E7BA,451,87,Rizia/Turn 9/Hegel Side Convo,Emmerich Hegel (R),en,「トラス陛下、私にはあなたが何をおっしゃっているのか全く分かりません。」
0x010000520004E7C2,451,88,Rizia/Turn 9/Hegel Side Convo,Emmerich Hegel (R),en,「トラス陛下、私にはあなたが何をおっしゃっているのか全く分かりません。」
0x010000520004E7CF,451,92,Rizia/Turn 9/Hegel Side Convo,Emmerich Hegel (R),en,「陛下、あなたの恐怖政治によって、王国自体が滅びる種をまいているのです。」
0x010000520004E7D8,451,93,Rizia/Turn 9/Hegel Side Convo,Emmerich Hegel (R),en,「しかし、陛下が革命の避けられないことを受け入れてくださったことを嬉しく思います。どの王国もいずれはそうなる運命ですから。」
0x010000520004E7E8,451,97,Rizia/Turn 9/Hegel Side Convo,Player_Romus,en,「これもすべて、リジアを変革する改革のためだ。必ずご覧いただける。」
0x010000520004E7EF,451,98,Rizia/Turn 9/Hegel Side Convo,Emmerich Hegel (R),en,「私が見ているのは、旗を振っている男ではなく、観客席にいる人々に向かって突進する正気を失った雄牛だけです。」
0x010000520004E7FD,451,99,Rizia/Turn 9/Hegel Side Convo,Emmerich Hegel (R),en,「陛下、貴国の君主制は自らの革命の種をまいてしまったのです。それが芽生えるために我々の助けなど必要ありませんでした。」
0x010000520004E804,451,100,Rizia/Turn 9/Hegel Side Convo,Player_Romus,en,「もう嘘をつくのはやめなさい。パレスを失ってからずっと、あなたはリジアの滅亡を企んできたのだ。」
0x010000520004E80B,451,101,Rizia/Turn 9/Hegel Side Convo,Player_Romus,en,「この脅威を鎮圧するのを助けてくれれば、我々は共に西側勢力を打ち負かすことができる。」
0x010000520004E818,451,102,Rizia/Turn 9/Hegel Side Convo,Emmerich Hegel (R),en,「陛下、ロムス・トラス王は西方を打ち負かしたいと？」
0x010000520004E82C,451,109,Rizia/Turn 9/Hegel Side Convo,Emmerich Hegel (R),en,「陛下、あなたがその島をアルカシア条約機構に売却した後でそんなことをするとお考えですか？」
0x010000520004E833,451,110,Rizia/Turn 9/Hegel Side Convo,Emmerich Hegel (R),en,「陛下、これ以上お話ししても無意味だと存じます。」
0x010000520004E83B,451,111,Rizia/Turn 9/Hegel Side Convo,Narrator,en,彼は腕を組んだ。
0x010000520004E842,451,112,Rizia/Turn 9/Hegel Side Convo,Emmerich Hegel (R),en,「もしそれを本気でやるのであれば、差し出せるものはたった一つだけです。」
0x010000520004E849,451,113,Rizia/Turn 9/Hegel Side Convo,Emmerich Hegel (R),en,「陛下、お渡しできるものはたった一つだけです。」
0x010000520004E850,451,114,Rizia/Turn 9/Hegel Side Convo,Emmerich Hegel (R),en,「陛下、カレカビズ島をお与えください。ヴァルグスランドとコンタナ条約機構がそこを作戦拠点として利用できるようにしていただきたく存じます。」
0x010000520004E858,451,115,Rizia/Turn 9/Hegel Side Convo,Emmerich Hegel (R),en,「陛下、ご想像力は実に豊かですね。」
0x010000520004E860,451,116,Rizia/Turn 9/Hegel Side Convo,Player_Romus,en,「ヘーゲルさんは実務的な方だね。世界の指導者たちが互いに助け合うために、すべてのことで意見を一致させる必要はないことをご存知だ。」
0x010000520004EC54,451,120,Rizia/Turn 9/Hegel Side Convo,Emmerich Hegel (R),en,「私とあなたでは、何が基本的な礼儀正しさかでさえ意見が一致しません。」
0x010000520004EC5B,451,121,Rizia/Turn 9/Hegel Side Convo,Emmerich Hegel (R),en,「今日だけは我慢しましょう。その後は二度と出会うことはないでしょう。」
0x010000520004EC67,451,125,Rizia/Turn 9/Hegel Side Convo,Emmerich Hegel (R),en,「陛下、あなたは自国をレスピアやアルカシア条約機構に売り渡してしまったのです。どんな条件が出されても私を納得させることはできません。」
0x010000520004EC77,451,129,Rizia/Turn 9/Hegel Side Convo,Emmerich Hegel (R),en,「こんにちは。」
0x010000520004EC80,451,130,Rizia/Turn 9/Hegel Side Convo,Narrator,en,彼は苛立ってため息をついた。
0x010000520004EC8D,451,134,Rizia/Turn 9/Hegel Side Convo,Emmerich Hegel (R),en,「実に好都合です。最近、ヴァルグスランドは新たな同盟国を得ました。」
0x010000520004EC9A,451,135,Rizia/Turn 9/Hegel Side Convo,Emmerich Hegel (R),en,「陛下、私は些細な会話のためにここへ来たわけではありません。」
0x010000520004ECA2,451,136,Rizia/Turn 9/Hegel Side Convo,Emmerich Hegel (R),en,「今度は取引をしようというのですか？」
0x010000520004ECAB,451,137,Rizia/Turn 9/Hegel Side Convo,Emmerich Hegel (R),en,「陛下、あなたとその盗まれた金で作られた王冠……彼らがそれを取りに来ているのです、トラス様。」
0x010000520004ECB3,451,138,Rizia/Turn 9/Hegel Side Convo,Emmerich Hegel (R),en,「陛下、そのような安心は不要です。私の協力を信頼していただければ結構です。」
0x010000520004ECBB,451,139,Rizia/Turn 9/Hegel Side Convo,Emmerich Hegel (R),en,「もしヴァルグスランドとのより密接な結びつきを望むのであれば、私から一つ提案があります……」
0x010000520004ECCB,451,143,Rizia/Turn 9/Hegel Side Convo,Narrator,en,彼は不可解な笑みを浮かべた。
0x010000520004ECD5,451,147,Rizia/Turn 9/Hegel Side Convo,Emmerich Hegel (R),en,「陛下、あなたは自分の島をレスピアやアルカシア条約機構に売ってしまったのですね。どんな申し出があっても私を納得させることはできません。」
0x010000520004ECDD,451,148,Rizia/Turn 9/Hegel Side Convo,Emmerich Hegel (R),en,「まったくもって陛下の慈悲によるものです。」
0x010000520004ECEA,451,152,Rizia/Turn 9/Hegel Side Convo,Emmerich Hegel (R),en,「もちろん、適切な補償が与えられます陛下。」
0x010000520004ECF1,451,153,Rizia/Turn 9/Hegel Side Convo,Player_Romus,en,「あなたは正気ではない。どんなにお金があっても、それほどの価値はない。」
0x010000520004ECF9,451,154,Rizia/Turn 9/Hegel Side Convo,Player_Romus,en,「わかった。それで済むのなら、カビズはあなたのものにしよう。」
0x010000520004ECF9,451,154,Rizia/Turn 9/Hegel Side Convo,Player_Romus,Menu Text en,「わかった。そうするしかないのなら、カビズはお前のものだ。」 ［予算+4］
0x010000520004ED07,451,158,Rizia/Turn 9/Hegel Side Convo,Player_Romus,en,「私の王国がアウレウス・ガス田を所有しているのは、その資源がカレカビズに近接しているからだ。決してその立場を弱めるつもりはない。」
0x010000520004ED0F,451,159,Rizia/Turn 9/Hegel Side Convo,Player_Romus,en,「我が王国にはこの追加収入が役立つだろう。なぜ断る必要があるか？契約を結ぼう。」
0x010000520004ED0F,451,159,Rizia/Turn 9/Hegel Side Convo,Player_Romus,Menu Text en,「我が王国には追加の収入が必要だ。なぜ断る？取引をしよう。」 ［予算+4］
0x010000520004ED16,451,160,Rizia/Turn 9/Hegel Side Convo,Player_Romus,en,「コンタナ条約機構は既にモレラで影響力を持っている。今さら我々の反対側に立とうというのか？断じて許さない。」
0x010000520004ED23,451,161,Rizia/Turn 9/Hegel Side Convo,Player_Romus,en,「『同志ロムス』と呼んでくださるのであれば、その限りだ。」
0x010000520004ED23,451,161,Rizia/Turn 9/Hegel Side Convo,Player_Romus,Menu Text en,「『同志ロムス』と呼んでくれるならの話だ。」 ［予算+4］
0x010000520004ED29,451,162,Rizia/Turn 9/Hegel Side Convo,Narrator,en,彼は鼻で笑った。
0x010000520004ED36,451,166,Rizia/Turn 9/Hegel Side Convo,Emmerich Hegel (R),en,「同志、我々の間に合意が成立しました。」
0x010000520004ED3F,451,167,Rizia/Turn 9/Hegel Side Convo,Emmerich Hegel (R),en,「好きになさってください。」
0x010000520004ED4D,451,168,Rizia/Turn 9/Hegel Side Convo,Emmerich Hegel (R),en,「トラス様、ご協力いただき光栄でございます。」
0x010000520004ED54,451,169,Rizia/Turn 9/Hegel Side Convo,Narrator,en,彼は手を差し伸べ、私の手をしっかりと握った。
0x010000520004ED5B,451,170,Rizia/Turn 9/Hegel Side Convo,Emmerich Hegel (R),en,「では、私の票は陛下のものです。」
0x010000520004ED68,451,171,Rizia/Turn 9/Hegel Side Convo,Narrator,en,彼は手を差し伸べ、私の手をしっかりと握った。
0x010000520004ED74,451,172,Rizia/Turn 9/Hegel Side Convo,Emmerich Hegel (R),en,「こちらの話はもう終わったと思います。」
0x010000520004ED83,451,174,Rizia/Turn 9/Hegel Side Convo,Narrator,en,彼は肩をすくめた。
0x010000520004ED8B,451,175,Rizia/Turn 9/Hegel Side Convo,Emmerich Hegel (R),en,「それは私の考えでした。他に案はありません。」
0x010000520004ED93,451,176,Rizia/Turn 9/Hegel Side Convo,Player_Romus,en,「これは必ず価値のあることでなければならない。」
0x010000520004ED9A,451,177,Rizia/Turn 9/Hegel Side Convo,Player_Romus,en,「はい、早く終わらせましょう。」
0x010000520004EDA1,451,178,Rizia/Turn 9/Hegel Side Convo,Emmerich Hegel (R),en,「それは私が判断すべきことではありません。」
0x010000520004EDBA,451,182,Rizia/Turn 9/Hegel Side Convo,Player_Romus,en,「私の娘がどこにいるか、ご存知か？」
0x010000520004EDC0,451,183,Rizia/Turn 9/Hegel Side Convo,Emmerich Hegel (R),en,「もし彼女がどこにいるか分かっていれば、わざわざあなたに教える理由などありませんよ、陛下。」
0x010000520004EDC6,451,184,Rizia/Turn 9/Hegel Side Convo,Emmerich Hegel (R),en,「私が聞いたところによると、ヴィナ・トラスは父親に強いられていた古風な結婚の束縛から逃れるためにリジアを離れました。」
0x010000520004EDD1,451,188,Rizia/Turn 9/Hegel Side Convo,Emmerich Hegel (R),en,「私が聞いたところによると、ヴィナ・トラスは金色の檻の中に閉じ込められており、キャリアを発展させることも自分の人生のパートナーを選ぶことも許されていなかったそうです。」
0x010000520004EDD7,451,189,Rizia/Turn 9/Hegel Side Convo,Narrator,en,彼は喜びもなく笑った。
0x010000520004EDE6,451,190,Rizia/Turn 9/Hegel Side Convo,Player_Romus,en,「宰相様、ご配慮に感謝する。」
0x01000052000684EB,451,196,Rizia/Turn 9/Hegel Side Convo,Player_Romus,en,「真実が知りたいのだ。ヴァルグスランドはリジアにおける新しい革命運動を支援しているのだろうか？」
0x01000052000684F3,451,197,Rizia/Turn 9/Hegel Side Convo,Narrator,en,彼は落ち着いて話した。
0x0100005200068508,451,198,Rizia/Turn 9/Hegel Side Convo,Emmerich Hegel (R),en,「陛下、革命というものは外部から始めることはできません。あなたの民が自らの解放への種を蒔いたのです。」
0x0100005200068511,451,202,Rizia/Turn 9/Hegel Side Convo,Player_Romus,en,「我々はこれについて話し合った。あなた自身も、いつか適切な時が来ると言っていたではないか。」
0x0100005200068518,451,203,Rizia/Turn 9/Hegel Side Convo,Player_Romus,en,「種は栄養がなければ育たない。あなたは遠くからそれらに水をやってきただけだ。」
0x010000520006851F,451,204,Rizia/Turn 9/Hegel Side Convo,Player_Romus,en,「私もあなたと同じように、その種が芽吹くことを願っている。私はこの運動に反対するのではなく、共に取り組んでいるのだ。」
0x010000520006852C,451,208,Rizia/Turn 9/Hegel Side Convo,Emmerich Hegel (R),en,「陛下、あなたのような『開明的』な君主でさえ、政権の舵取りを労働者階級に委ねる気があるとは考えにくいのです。」
0x0100005200068533,451,209,Rizia/Turn 9/Hegel Side Convo,Emmerich Hegel (R),en,「しかし、私は良い驚きを受け入れる準備ができております。」
0x010000520006853A,451,210,Rizia/Turn 9/Hegel Side Convo,Narrator,en,彼は陰謀めいた笑みを浮かべた。
0x0100005200068546,451,214,Rizia/Turn 9/Hegel Side Convo,Emmerich Hegel (R),en,「私がそう言いましたか？覚えておりません。夜もかなり更けていたのです。」
0x010000520006854D,451,215,Rizia/Turn 9/Hegel Side Convo,Emmerich Hegel (R),en,「しかし、陛下の政治家であるアダルフォ・ソテラートがついにリジアの労働者階級を自決へと導いてくださったことを嬉しく思います。」
0x0100005200068561,451,219,Rizia/Turn 9/Hegel Side Convo,Player_Romus,en,「もし貴国の政府が何らかの形で我が王国の事柄に干渉するなら、必ず代償を払わされるだろう。」
0x0100005200068568,451,220,Rizia/Turn 9/Hegel Side Convo,Emmerich Hegel (R),en,「承知いたしました。それだけでよろしいですか？」
0x0100005200068570,451,221,Rizia/Turn 9/Hegel Side Convo,Emmerich Hegel (R),en,「もし陛下の国で革命を起こすべき時があるとすれば、それは今こそです。父上が試みた悲しき議会設立の試みを廃止された今こそです。」
0x0100005200068577,451,222,Rizia/Turn 9/Hegel Side Convo,Player_Romus,en,「そんな威張った態度はやめなさい、宰相。コンタナ条約機構は南メルコパでより大きな足場を得たがっているのだ。」
0x0100005200068598,451,226,Rizia/Turn 9/Hegel Side Convo,Player_Romus,en,「いや。今日、あなたが投票を変えるかもしれないと聞いたが？」
0x01000052000685A0,451,227,Rizia/Turn 9/Hegel Side Convo,Player_Romus,en,「ああ。この評議会の投票を早く終わらせよう。」
0x01000052000685A6,451,228,Rizia/Turn 9/Hegel Side Convo,Emmerich Hegel (R),en,「私もまた、同じようにしてきました。」
0x01000052000685BC,451,232,Rizia/Turn 9/Hegel Side Convo,Emmerich Hegel (R),en,「陛下、リジアもまたそれによって大きな利益を得ることができますのです。」
0x01000052000685C9,451,236,Rizia/Turn 9/Hegel Side Convo,Emmerich Hegel (R),en,「陛下、あなたの非難を聞く時間も気持ちの余裕もございません。こちらには行わなければならない投票があります。」
0x01000052000685D1,451,237,Rizia/Turn 9/Hegel Side Convo,Emmerich Hegel (R),en,「陛下、新しい政府が誕生される際には、ぜひその決定を撤回する判断力が備わっていらっしゃることを願うばかりです。それまでは、私から申し上げるべき言葉は何もありません。」
0x01000052000685DB,451,238,Rizia/Turn 9/Hegel Side Convo,Player_Romus,en,「かつて我々はリジアに大きな変化がもたらされると語り合った。今こそその時が来たのだと思う。」
0x01000052000685E8,451,242,Rizia/Turn 9/Hegel Side Convo,Narrator,en,彼の顔にはかすかな笑みが浮かんだ。
0x01000052000685EF,451,243,Rizia/Turn 9/Hegel Side Convo,Emmerich Hegel (R),en,「はい、私もそう思います。」
0x01000052000685FC,451,247,Rizia/Turn 9/Hegel Side Convo,Emmerich Hegel (R),en,「そのお言葉を聞けて、私としても大変励みになります。」
0x0100005200068604,451,248,Rizia/Turn 9/Hegel Side Convo,Emmerich Hegel (R),en,「労働者運動が先頭に立たなければ、新しいリジアが以前のものと疑わしく似通ってしまうのではないかと心配しております。」
0x0100005200068610,451,249,Rizia/Turn 9/Hegel Side Convo,Player_Romus,en,「その点は心配なさらないでくれ。今後はヴァルグスランドとのより緊密な関係を築くつもりであることだけご理解いただければ結構だ。」
0x0100005200068617,451,250,Rizia/Turn 9/Hegel Side Convo,Player_Romus,en,「これらの変更は、労働者階級のことを最優先に考えて行われていることをお約束する。」
0x010000520006861E,451,251,Rizia/Turn 9/Hegel Side Convo,Player_Romus,en,「それは私の最も小さな懸念事項に過ぎない。最低限の改革案を通すだけでも十分幸運と言えるだろう。」
0x0100005200068625,451,252,Rizia/Turn 9/Hegel Side Convo,Emmerich Hegel (R),en,「もしヴァルグスランドとのより緊密な関係を望むのであれば、すぐにでもお渡しできるものがあります。」
0x0100005200068633,451,256,Rizia/Turn 9/Hegel Side Convo,Emmerich Hegel (R),en,「そうであってほしいですね。」
0x010000520006863A,451,257,Rizia/Turn 9/Hegel Side Convo,Emmerich Hegel (R),en,「陛下、あなたこそが君主ですよね？まだ力を振るうことができるうちに、その権力を行使してください。」
0x0100005200068641,451,258,Rizia/Turn 9/Hegel Side Convo,Emmerich Hegel (R),en,「最も戦略的な島を我々の思想的ライバルに賃貸してしまったというのに、どうしてそんなことが言えるのですか？」
0x0100005200068660,451,263,Rizia/Turn 9/Hegel Side Convo,Emmerich Hegel (R),en,「確かにその通りです。」
0x010000520006866F,451,264,Rizia/Turn 9/Hegel Side Convo,Emmerich Hegel (R),en,「陛下、あなた様がまだリジアの君主でいらっしゃる間に、お願いしたいことが一つございます。」
0x010000520007D354,451,267,Rizia/Turn 9/Hegel Side Convo,Emmerich Hegel (R),en,「陛下、最も戦略的に重要な島をレスピアの直接のライバルたちに貸し出したことは厳しく非難すべき点です。しかし、その話は先代の君主である方に譲ります。」
