articy_id,conversation_id,entry_id,conversation,actor,field,ja
0x0100005200008192,304,3,Rizia/Turn 3/SnO_ZilleSecurityDebrief,Narrator,en,ジルでの攻撃から数週間が経過していた。
0x0100005200008199,304,4,Rizia/Turn 3/SnO_ZilleSecurityDebrief,Narrator,en,私はセキュリティ状況の報告のため、ルシータ、ウーゴ、ティトゥス、ヴィナを私の会議室に呼び寄せた。
0x01000052000081A6,304,8,Rizia/Turn 3/SnO_ZilleSecurityDebrief,Narrator,en,私はセキュリティ状況の報告のため、ルシータ、ウーゴ、ティトゥスを私の会議室に呼び寄せた。
0x01000052000081AD,304,9,Rizia/Turn 3/SnO_ZilleSecurityDebrief,Narrator,en,ティトゥスは、私とヴィナが席に着く前に部屋をきれいに掃除するよう強く主張した。ウーゴはいつものように少し早めに到着した。
0x01000052000081B5,304,10,Rizia/Turn 3/SnO_ZilleSecurityDebrief,Narrator,en,ティトゥスは私が席に着く前に部屋をきれいに掃除するよう強く主張した。ウーゴはいつも通り早めに到着し、その次に現れた。
0x01000052000081BC,304,11,Rizia/Turn 3/SnO_ZilleSecurityDebrief,Hugo Toras,en,「陛下、ご健康いかがでございますか？」
0x01000052000081C4,304,12,Rizia/Turn 3/SnO_ZilleSecurityDebrief,Player_Romus,en,「私はまだショック状態だ。どうして国王の御前でそのような攻撃が起こることを許したのだろうか？」
0x01000052000081CB,304,13,Rizia/Turn 3/SnO_ZilleSecurityDebrief,Player_Romus,en,「私は特に問題ない。心配なのは爆撃で被害を受けたヴェゼクの人々のことだ。」
0x01000052000081D2,304,14,Rizia/Turn 3/SnO_ZilleSecurityDebrief,Player_Romus,en,「私は元気だ。もし気になさっているのであれば、母上も健康だ。」
0x01000052000081D9,304,15,Rizia/Turn 3/SnO_ZilleSecurityDebrief,Player_Romus,en,「ヴェーレンの反応が気がかりだ。スモラクはまだ公的な発言さえしていない。」
0x01000052000081E0,304,16,Rizia/Turn 3/SnO_ZilleSecurityDebrief,Hugo Toras,en,「この場合、何のニュースもない方が良い知らせなのかもしれません。」
0x01000052000081E6,304,17,Rizia/Turn 3/SnO_ZilleSecurityDebrief,Hugo Toras,en,「その件については、アザロ女公爵が我々にご説明くださることを願うしかありません。」
0x01000052000081ED,304,18,Rizia/Turn 3/SnO_ZilleSecurityDebrief,Hugo Toras,en,「陛下が無事でいられたのは神の御心によるものです。1年も経たずに2人の王を失えば、この国にとって壊滅的な結果となっていました。」
0x01000052000081F4,304,19,Rizia/Turn 3/SnO_ZilleSecurityDebrief,Hugo Toras,en,「もちろん、王太后の安全は私にとって最も重要なことです。しかし、わずか数ヶ月のうちに二人の王を失うようなことがあれば、それは壊滅的な結果を招くでしょう。」
0x010000520000821B,304,20,Rizia/Turn 3/SnO_ZilleSecurityDebrief,Player_Romus,en,「安心してくれ、アザロ女公爵。」
0x0100005200008221,304,21,Rizia/Turn 3/SnO_ZilleSecurityDebrief,Player_Romus,en,「すぐに状況報告が必要だ。」
0x0100005200008227,304,22,Rizia/Turn 3/SnO_ZilleSecurityDebrief,Player_Romus,en,「我々全員が紳士というわけではない。王女様がここにいらっしゃることを忘れてはならない。」
0x010000520000822D,304,23,Rizia/Turn 3/SnO_ZilleSecurityDebrief,Player_Romus,en,「アザロ女公爵、ご出席いただきありがとう。ジルの状況についてご説明いただけるか？」
0x0100005200008259,304,24,Rizia/Turn 3/SnO_ZilleSecurityDebrief,Lucita Azaro,en,「もちろんでございます、陛下。」
0x0100005200008260,304,25,Rizia/Turn 3/SnO_ZilleSecurityDebrief,Lucita Azaro,en,「ありがとうございます、陛下。」
0x0100005200008267,304,26,Rizia/Turn 3/SnO_ZilleSecurityDebrief,Narrator,en,ルシータは座り、ファイルを開いた。
0x0100005200008270,304,27,Rizia/Turn 3/SnO_ZilleSecurityDebrief,Narrator,en,彼女は依然として立ったまま、テーブルの上から書類を取り上げて開いた。
0x0100005200008279,304,28,Rizia/Turn 3/SnO_ZilleSecurityDebrief,Lucita Azaro,en,「既に分かっていることをもう一度申し上げます。」
0x0100005200008280,304,29,Rizia/Turn 3/SnO_ZilleSecurityDebrief,Lucita Azaro,en,「1950年12月8日16時05分、ジルの街にあるスモラク広場で爆発物が爆発しました。それはその朝設置された観覧席の下に仕掛けられていたものです。」
0x0100005200008287,304,30,Rizia/Turn 3/SnO_ZilleSecurityDebrief,Lucita Azaro,en,「その観覧席には、友好の日行事に招待された一般市民や政治家たちが混在しており、彼らは全員ヴェゼク系の血統でした。」
0x010000520000828E,304,31,Rizia/Turn 3/SnO_ZilleSecurityDebrief,Lucita Azaro,en,「最新の被害報告によると、爆発で3人の民間人が死亡しました。負傷した14人は全員、現在安定した状態にあります。」
0x0100005200008295,304,32,Rizia/Turn 3/SnO_ZilleSecurityDebrief,Player_Romus,en,「攻撃が始まる直前に、誰かが『国王のために』と叫んだことを忘れてはならない。」
0x010000520000829C,304,33,Rizia/Turn 3/SnO_ZilleSecurityDebrief,Player_Romus,en,「はいはい、それらはすでに承知している。何か新しいことはあるか？」
0x01000052000082A3,304,34,Rizia/Turn 3/SnO_ZilleSecurityDebrief,Player_Romus,en,「亡くなった方々の中に重要人物はいたか？」
0x01000052000082AA,304,35,Rizia/Turn 3/SnO_ZilleSecurityDebrief,Player_Romus,en,「神様に感謝する。私が見た限りでは、もっと悲惨な事態になっていたかもしれない。」
0x01000052000082B1,304,36,Rizia/Turn 3/SnO_ZilleSecurityDebrief,Lucita Azaro,en,「いえ、ヴェゼク会議に出席していた重要人物たちは全員、無事に脱出することができました。ヴェーレンの近衛兵たちがそれを確実にしました。」
0x01000052000082B7,304,37,Rizia/Turn 3/SnO_ZilleSecurityDebrief,Lucita Azaro,en,「どちらにせよ、我々にとって良いことではありません。」
0x01000052000082BF,304,38,Rizia/Turn 3/SnO_ZilleSecurityDebrief,Lucita Azaro,en,「それについて話そうとしていたところです。」
0x01000052000082C5,304,39,Rizia/Turn 3/SnO_ZilleSecurityDebrief,Lucita Azaro,en,「私は忘れていません。ヴェーレンも同様です。」
0x01000052000082CD,304,40,Rizia/Turn 3/SnO_ZilleSecurityDebrief,Narrator,en,彼女はページをめくった。
0x01000052000082D7,304,41,Rizia/Turn 3/SnO_ZilleSecurityDebrief,Lucita Azaro,en,「現在入手可能な限られた証拠に基づき、ヴェーレンの情報機関は、この犯罪の背後にリジアの民族主義団体であるスー・オミナがいると疑っています。」
0x0100005200008374,304,42,Rizia/Turn 3/SnO_ZilleSecurityDebrief,Vina Toras,en,「なぜリコ従兄弟があのような集団を支持するのか、私には理解できません。」
0x010000520000838A,304,46,Rizia/Turn 3/SnO_ZilleSecurityDebrief,Player_Romus,en,「その若者の努力には感謝している。だが、私と協力して行動してほしいのだ。」
0x0100005200008390,304,47,Rizia/Turn 3/SnO_ZilleSecurityDebrief,Player_Romus,en,「その通りだ。国民としてのアイデンティティは、王室への忠誠に次ぐものであるべきだ。」
0x0100005200008397,304,48,Rizia/Turn 3/SnO_ZilleSecurityDebrief,Player_Romus,en,「それは馬鹿げている。君主制とリジアという国は切り離せないものだ。両者を守ろうとするリコの努力には感謝している。」
0x01000052000083A5,304,49,Rizia/Turn 3/SnO_ZilleSecurityDebrief,Player_Romus,en,「ヴィナ、話題を変えないでくれ。」
0x01000052000083AC,304,50,Rizia/Turn 3/SnO_ZilleSecurityDebrief,Player_Romus,en,「ああ、リコには自分の排外主義的な目的のためにトラス家の名を利用する権利はない。」
0x01000052000083B9,304,51,Rizia/Turn 3/SnO_ZilleSecurityDebrief,Lucita Azaro,en,「もしよろしければ閣下、その理念を支持しているのであれば、なぜこれまで一度たりともスー・オミナを支援されなかったのでしょうか？」
0x01000052000083C2,304,52,Rizia/Turn 3/SnO_ZilleSecurityDebrief,Lucita Azaro,en,「承知いたしました。では、元の話題に戻りましょう。ただ……」
0x01000052000083C9,304,53,Rizia/Turn 3/SnO_ZilleSecurityDebrief,Lucita Azaro,en,「将来のことはともかく、スー・オミナがこの攻撃の黒幕だという具体的な証拠はありません。我々が持っているのはヴェーレン側の言葉だけです。」
0x01000052000083DF,304,54,Rizia/Turn 3/SnO_ZilleSecurityDebrief,Player_Romus,en,「では、あなたの外国情報機関は何の役に立つというのか？彼らはこんなことが起こると予測すらできなかったのだ！」
0x01000052000083E6,304,55,Rizia/Turn 3/SnO_ZilleSecurityDebrief,Player_Romus,en,「爆撃の責任をリジアに押し付けることは、ヴェーレンにとっても利益となるのだ。」
0x01000052000083EE,304,56,Rizia/Turn 3/SnO_ZilleSecurityDebrief,Player_Romus,en,「リコには、排外的な目的のためにトラス家の名前を利用する権利などない。」
0x01000052000083F5,304,57,Rizia/Turn 3/SnO_ZilleSecurityDebrief,Player_Romus,en,「これらの集団がどのように活動しているか私は知っている。言葉だけから流血へと移行するのは、ほんのわずかな距離だ。」
0x01000052000083FC,304,58,Rizia/Turn 3/SnO_ZilleSecurityDebrief,Player_Romus,en,「彼らがいなければ、ヴェーレンの犯罪者どもが我が国中を暴れ回ることになるだろう。」
0x0100005200008403,304,59,Rizia/Turn 3/SnO_ZilleSecurityDebrief,Player_Romus,en,「他に何が必要だというのか？私にはこれは明らかな事件のように思える。」
0x0100005200008410,304,60,Rizia/Turn 3/SnO_ZilleSecurityDebrief,Hugo Toras,en,「それもまた、私が陛下にイザを訪れてほしいと頼んできた理由の一つです。当然、国王はその集団の活動状況を常に把握しておくべきなのです。」
0x0100005200008417,304,61,Rizia/Turn 3/SnO_ZilleSecurityDebrief,Hugo Toras,en,「陛下、そんな風に本当にお考えではないはずです。でなければ、あの集団を支持なさらないはずです。」
0x0100005200008430,304,62,Rizia/Turn 3/SnO_ZilleSecurityDebrief,Narrator,en,彼はヴィナに温かく微笑みかけた。私の娘は顔をそむけた。
0x010000520000843E,304,63,Rizia/Turn 3/SnO_ZilleSecurityDebrief,Hugo Toras,en,「私の息子も陛下やヴィナ王女と同じくトラス家の一員です。率直に申し上げれば、悪党どもから国を守ろうと努めた点は称賛されるべきでしょう。」
0x010000520000844E,304,64,Rizia/Turn 3/SnO_ZilleSecurityDebrief,Hugo Toras,en,「陛下、この国に押し寄せてきたヴェゼクの悪党どもが、本当に陛下への忠誠心からそうしているとお考えですか？」
0x0100005200008459,304,65,Rizia/Turn 3/SnO_ZilleSecurityDebrief,Lucita Azaro,en,「彼らは限られた資源の中で最善を尽くしてきました。」
0x0100005200008460,304,66,Rizia/Turn 3/SnO_ZilleSecurityDebrief,Lucita Azaro,en,「その通りです。スモラク大統領自身が命令した可能性も、まだ排除してはいません。」
0x0100005200008467,304,67,Rizia/Turn 3/SnO_ZilleSecurityDebrief,Hugo Toras,en,「陛下、その攻撃がヴェーレン自身によって仕組まれたのではないか、あるいは我々両者を弱体化させようとする他の勢力によるものではないかという可能性をご検討になりましたでしょうか？」
0x010000520000846E,304,68,Rizia/Turn 3/SnO_ZilleSecurityDebrief,Hugo Toras,en,「あるいは、我々両者を弱体化させようとする別の勢力かもしれません。」
0x0100005200008475,304,69,Rizia/Turn 3/SnO_ZilleSecurityDebrief,Player_Romus,en,「なぜ我々自身がこの件を調査しなかったのだろうか？」
0x010000520000847D,304,70,Rizia/Turn 3/SnO_ZilleSecurityDebrief,Lucita Azaro,en,「外国情報収集の予算を増やせば、ジル事件について徹底的な調査を行わせ、このような事態が再び起こらないよう対策を講じることができます。」
0x0100005200008484,304,71,Rizia/Turn 3/SnO_ZilleSecurityDebrief,Lucita Azaro,en,「陛下、我が国の外国情報機関は限られた資源のために活動が制約されております。」
0x010000520000848E,304,72,Rizia/Turn 3/SnO_ZilleSecurityDebrief,Titus Gordion,en,「申し訳ございません、陛下。少佐。女公爵。」
0x0100005200008495,304,73,Rizia/Turn 3/SnO_ZilleSecurityDebrief,Narrator,en,すべての視線が金色のブレザーを着た男の方へ向けられた。
0x010000520000849C,304,74,Rizia/Turn 3/SnO_ZilleSecurityDebrief,Titus Gordion,en,「陛下、ジル事件が起きた日には陛下はその場にいらっしゃらなかったのです。私と国王である陛下だけがそこにいました。」
0x01000052000084A3,304,75,Rizia/Turn 3/SnO_ZilleSecurityDebrief,Titus Gordion,en,「陛下が到着される前に、私と部下たちはあらゆる危険を取り除くよう広場を掃除しようと努めました。ですが、一度に全ての場所を見回すことはできませんでした。」
0x01000052000084B0,304,76,Rizia/Turn 3/SnO_ZilleSecurityDebrief,Player_Romus,en,「ゴルディオンさん、何が言いたいのか？」
0x01000052000084B7,304,77,Rizia/Turn 3/SnO_ZilleSecurityDebrief,Player_Romus,en,「爆弾を見逃したのだね。それは近衛兵として大きな過失と言える。」
0x01000052000084BE,304,78,Rizia/Turn 3/SnO_ZilleSecurityDebrief,Player_Romus,en,「あなたはあの場で我々の命を救ってくれた。言い訳する必要はない。」
0x01000052000084C5,304,79,Rizia/Turn 3/SnO_ZilleSecurityDebrief,Player_Romus,en,「爆弾を見つけるのはあなたの仕事ではない。それはヴェーレンの役目だったのだ。」
0x01000052000084CC,304,80,Rizia/Turn 3/SnO_ZilleSecurityDebrief,Titus Gordion,en,「そこまで事を荒立てるべきではなかったのです。」
0x01000052000084D3,304,81,Rizia/Turn 3/SnO_ZilleSecurityDebrief,Titus Gordion,en,「我々の役目は、リジア王を守るためにあらゆる手段を講じることです。その点において、我々は失敗しました。」
0x01000052000084DA,304,82,Rizia/Turn 3/SnO_ZilleSecurityDebrief,Titus Gordion,en,「我々の役目は、リジア王を守るためにあらゆる手段を講じることです。その点において、我々は失敗しました。」
0x01000052000084E1,304,83,Rizia/Turn 3/SnO_ZilleSecurityDebrief,Titus Gordion,en,「この出来事によって、陛下と王室がいかに脆弱であるか、また私や部下たちが陛下の安全を脅かす存在を見つけ出し無力化するのにいかに不十分な力しか持っていないかが明らかになりました。」
0x01000052000084EB,304,84,Rizia/Turn 3/SnO_ZilleSecurityDebrief,Titus Gordion,en,「ですから、ジルの攻撃があった後に割り当てられるいかなる緊急資金も、近衛兵の再強化に充てるべきだと私は考えます。」
0x01000052000084F2,304,85,Rizia/Turn 3/SnO_ZilleSecurityDebrief,Narrator,en,ルシータは驚きのあまり口をぽかんと開けた。ウーゴは不安げな目でティトゥスを見つめた。
0x0100005200008500,304,86,Rizia/Turn 3/SnO_ZilleSecurityDebrief,Titus Gordion,en,「陛下、近衛兵の歴史的意義を認識することは重要です。つい最近まで、我々の役割は単なる国王の護衛以上のものでした。」
0x0100005200008507,304,87,Rizia/Turn 3/SnO_ZilleSecurityDebrief,Titus Gordion,en,「以前は、近衛兵たちは煩雑な手続きに縛られることなく、機密性の高い内部調査を行う権限を持っておりました。そのおかげで王室もリジア王国全体もより安全だったのです。」
0x010000520000850E,304,88,Rizia/Turn 3/SnO_ZilleSecurityDebrief,Player_Romus,en,「良い点だ。外国の情報機関にさらなる資金を提供する前に、まずは自国の領土内で安全が確保されているかを確認しなければならない。」
0x0100005200008515,304,89,Rizia/Turn 3/SnO_ZilleSecurityDebrief,Player_Romus,en,「隊長、どのような調査をご検討なさっているのか？」
0x010000520000851C,304,90,Rizia/Turn 3/SnO_ZilleSecurityDebrief,Player_Romus,en,「あなた、既にある資金をもっと効率的に活用できないのか、大尉？」
0x0100005200008523,304,91,Rizia/Turn 3/SnO_ZilleSecurityDebrief,Player_Romus,en,「この爆破の黒幕が誰なのか突き止める必要がある。近衛兵たちにその手伝いをしてもらえるか？」
0x010000520000852A,304,92,Rizia/Turn 3/SnO_ZilleSecurityDebrief,Titus Gordion,en,「まさに私が提案しているのはそのことです。有能な人材を招集し、イザで秘密裏の監視を行うための技術を与えて――」
0x0100005200008531,304,93,Rizia/Turn 3/SnO_ZilleSecurityDebrief,Titus Gordion,en,「陛下、現在の資源を活用すれば、適任者を多数招集し、イザで秘密裏の監視を行うための技術を与えることが可能です――」
0x010000520000854C,304,94,Rizia/Turn 3/SnO_ZilleSecurityDebrief,Titus Gordion,en,「私が提案している調査の種類を実施するには、もっと多くの資源が必要です。イザで秘密裏の監視を行えるよう、有能な人材を採用し、その者たちに適切な技術を与えなければなりません――」
0x0100005200008552,304,95,Rizia/Turn 3/SnO_ZilleSecurityDebrief,Titus Gordion,en,「陛下、恐れ多くも申し上げますが、それが行き詰まりかどうかは私どもにも分かりかねます。また、王室と関係のある組織を調査することは、まさに近衛兵が設立された目的そのものである極めてデリケートな任務だと存じます。」
0x0100005200008569,304,96,Rizia/Turn 3/SnO_ZilleSecurityDebrief,Narrator,en,彼女とウーゴ、そしてティトゥスは互いに睨み合った。
0x010000520000856F,304,97,Rizia/Turn 3/SnO_ZilleSecurityDebrief,Laurento Esquibel,en,「申し訳ありません、陛下。同僚の評議員の皆様。この階段はどうしても急なままですね。」
0x0100005200008575,304,98,Rizia/Turn 3/SnO_ZilleSecurityDebrief,Player_Romus,en,「少々待ってくれ、エスキベルさん。」
0x010000520000857E,304,99,Rizia/Turn 3/SnO_ZilleSecurityDebrief,Narrator,en,ドアをノックする音によって緊張が解けた。明らかに息を切らしているラウレントが部屋に入ってきた。
0x0100005200008589,304,100,Rizia/Turn 3/SnO_ZilleSecurityDebrief,Player_Romus,en,「我々の話を遮らないでくれ。今は重要な安全保障に関するブリーフィングの最中だ。」
0x0100005200008590,304,101,Rizia/Turn 3/SnO_ZilleSecurityDebrief,Player_Romus,en,「何が起きているのか？」
0x0100005200008597,304,102,Rizia/Turn 3/SnO_ZilleSecurityDebrief,Laurento Esquibel,en,「承知いたしました、陛下。ですが、これはぜひお聞きいただきたい内容でございます。」
0x010000520000859E,304,103,Rizia/Turn 3/SnO_ZilleSecurityDebrief,Narrator,en,ラウレントは腰を下ろした。少し息を整えた後、再び話し始めた。
0x01000052000085A6,304,104,Rizia/Turn 3/SnO_ZilleSecurityDebrief,Laurento Esquibel,en,「ちょうどヴェーレンの外務大臣から連絡がありました。スモラク大統領は、ジル事件にリジア人のナショナリストたちが関与していたことを公表するつもりだそうです。」
0x01000052000085AE,304,105,Rizia/Turn 3/SnO_ZilleSecurityDebrief,Narrator,en,ルシータの手は拳に握りしめられた。
0x01000052000085BC,304,106,Rizia/Turn 3/SnO_ZilleSecurityDebrief,Laurento Esquibel,en,「さらに、攻撃直前の陛下の演説の内容から考えると、暴力を扇動したとしてロムス王ご自身が標的にされる可能性が高いです。」
0x01000052000085C9,304,110,Rizia/Turn 3/SnO_ZilleSecurityDebrief,Narrator,en,彼は悲しそうに首を振った。
0x01000052000085D0,304,111,Rizia/Turn 3/SnO_ZilleSecurityDebrief,Laurento Esquibel,en,「陛下、礼儀正しい態度を保つようにと私はご忠告申し上げました。」
0x01000052000085D7,304,112,Rizia/Turn 3/SnO_ZilleSecurityDebrief,Player_Romus,en,「過去は過去だ。我々はこれから何をするかに集中しなければならない。」
0x01000052000085DE,304,113,Rizia/Turn 3/SnO_ZilleSecurityDebrief,Player_Romus,en,「エスキベルさん、私の決定に疑問を呈してはいけない。」
0x01000052000085E5,304,114,Rizia/Turn 3/SnO_ZilleSecurityDebrief,Player_Romus,en,「私は何も扇動していない。単に真実を語っただけだ。」
0x01000052000085EC,304,115,Rizia/Turn 3/SnO_ZilleSecurityDebrief,Player_Romus,en,「申し訳ない。私が興奮してしまったようだ。」
0x01000052000085F3,304,116,Rizia/Turn 3/SnO_ZilleSecurityDebrief,Laurento Esquibel,en,「我々とヴェーレンとの関係はこれまで十分に良好でしたので、スモラクはすぐに王室を非難することはありません。しかし彼は何らかの返答を期待しているでしょう。」
0x01000052000085F9,304,117,Rizia/Turn 3/SnO_ZilleSecurityDebrief,Laurento Esquibel,en,「心よりお詫び申し上げます。これからどのように対応していくかに集中しましょう。」
0x0100005200008600,304,118,Rizia/Turn 3/SnO_ZilleSecurityDebrief,Laurento Esquibel,en,「その通りです。ヴェーレンは我々からの返答を待っております。」
0x0100005200008607,304,119,Rizia/Turn 3/SnO_ZilleSecurityDebrief,Laurento Esquibel,en,「陛下、単独でおっしゃったのであればその言葉は扇動的だと見なされなかったかもしれません。しかし、発言のタイミングが実に不運でした。」
0x010000520000860D,304,120,Rizia/Turn 3/SnO_ZilleSecurityDebrief,Laurento Esquibel,en,「もう起きたことは変えられません。ですが今、ヴェーレンは我々からの返答を待っているでしょう。」
0x0100005200008615,304,121,Rizia/Turn 3/SnO_ZilleSecurityDebrief,Laurento Esquibel,en,「ヴェーレンは我々からの返答を待っているでしょう。」
0x010000520000861D,304,122,Rizia/Turn 3/SnO_ZilleSecurityDebrief,Lucita Azaro,en,「彼は我々を試しているだけです。彼の政権には何も証明できるものがないのです。」
0x010000520000862A,304,123,Rizia/Turn 3/SnO_ZilleSecurityDebrief,Lucita Azaro,en,「スモラクは我々を試しているだけです。彼の政権には何も証明できる力がありません。」
0x0100005200008634,304,124,Rizia/Turn 3/SnO_ZilleSecurityDebrief,Hugo Toras,en,「それでも、関係をこれ以上悪化させないためにも、厳しい言葉を使ったことについて謝罪するのが適切でしょう。」
0x010000520000863A,304,125,Rizia/Turn 3/SnO_ZilleSecurityDebrief,Player_Romus,en,「どうしてあの者は根拠のない非難で我々を侮辱する勇気があるのか？」
0x0100005200008642,304,126,Rizia/Turn 3/SnO_ZilleSecurityDebrief,Player_Romus,en,「謝罪だけでは不十分だ。どこかに責任を押し付けなければならないのだ。」
0x0100005200008648,304,127,Rizia/Turn 3/SnO_ZilleSecurityDebrief,Player_Romus,en,「これで、爆撃の背後にいるのがヴェーレンだと確信した。彼らはジルに対する我々の権利を弱めようとしているのだ。」
0x010000520000864F,304,128,Rizia/Turn 3/SnO_ZilleSecurityDebrief,Player_Romus,en,「証拠がないからといって、ヴェーレンがブルディア人たちに戦争を仕掛けるのを止めたことは一度もない。ヴェゼク人の連中は非合理的だ。」
0x0100005200008656,304,129,Rizia/Turn 3/SnO_ZilleSecurityDebrief,Player_Romus,en,「陛下、私はスモラク大統領を再び我々の側につけるためなら、どんなことでもする。」
0x010000520000865D,304,130,Rizia/Turn 3/SnO_ZilleSecurityDebrief,Lucita Azaro,en,「陛下、それは危険です。もし譲歩を始めてしまえば、ヴェーレンが要求することに限界はなくなってしまいます。」
0x0100005200008663,304,131,Rizia/Turn 3/SnO_ZilleSecurityDebrief,Lucita Azaro,en,「陛下、なぜ私が調査を開始したいのかお分かりいただけますでしょう？スモラクが自国の民を攻撃したという事実が明らかになれば、どんな反応が起こるかご想像ください。」
0x010000520000866A,304,132,Rizia/Turn 3/SnO_ZilleSecurityDebrief,Hugo Toras,en,「はい、あの男を鎮めるような返答など私には思いつきません。」
0x0100005200008671,304,133,Rizia/Turn 3/SnO_ZilleSecurityDebrief,Player_Romus,en,「謝罪する必要があることは理解している。だが、起きたことの責任を自分の民に負わせるようなことは断じてしない。」
0x0100005200008678,304,134,Rizia/Turn 3/SnO_ZilleSecurityDebrief,Player_Romus,en,「謝罪というのは有罪を認めることに他ならない。私にはそれができぬ。」
0x010000520000867F,304,135,Rizia/Turn 3/SnO_ZilleSecurityDebrief,Player_Romus,en,「陛下、代議院を再び我々の側につけるためなら、どんなことでもする。」
0x0100005200008686,304,136,Rizia/Turn 3/SnO_ZilleSecurityDebrief,Lucita Azaro,en,「その通りです。もしスモラクに我々が謝るべきことがあると思わせてしまえば、彼の要求に限界はなくなってしまいます。」
0x010000520000868C,304,137,Rizia/Turn 3/SnO_ZilleSecurityDebrief,Laurento Esquibel,en,「陛下、多くの人々が命を落としました。誰かがその責任を負わなければなりません。」
0x0100005200008694,304,138,Rizia/Turn 3/SnO_ZilleSecurityDebrief,Lucita Azaro,en,「陛下、それは危険です。もし譲歩を始めてしまえば、ヴェーレンが要求することに限界はなくなってしまいます。」
0x010000520000869B,304,139,Rizia/Turn 3/SnO_ZilleSecurityDebrief,Hugo Toras,en,「その通りです。リコをヴェゼクの狼どもの餌にする必要はありません。」
0x01000052000086A2,304,140,Rizia/Turn 3/SnO_ZilleSecurityDebrief,Lucita Azaro,en,「では、その非難をヴェーレンに向けてください。調査を開始し、スモラクの虚偽を暴きましょう。」
0x01000052000086AB,304,141,Rizia/Turn 3/SnO_ZilleSecurityDebrief,Laurento Esquibel,en,「私が入る前に、あなた方五人は何について話し合っていたのでしょうか？」
0x01000052000086BC,304,145,Rizia/Turn 3/SnO_ZilleSecurityDebrief,Laurento Esquibel,en,「私が入る前に、あなた方四人は何について話し合っていたのでしょうか？」
0x01000052000086CB,304,146,Rizia/Turn 3/SnO_ZilleSecurityDebrief,Hugo Toras,en,「優先順位に関する問題です。アザロ女公爵はジル事件を調査するため、海外情報収集活動の拡大に向けた資金提供を求めております。一方、ゴルディオン氏は近衛兵の数を増やし、リジア国内で独自に捜査を行う権限を与えられることを望んでいます。」
0x01000052000086D3,304,147,Rizia/Turn 3/SnO_ZilleSecurityDebrief,Vina Toras,en,「ジル事件に対する我が国の安全保障上の対応です。アザロ女公爵はヴェーレンで調査を行うため、外国情報収集体制を拡大する資金を要請しておりますが、ゴルディオン隊長は近衛兵の数を増やし、リジア国内の脅威を調査する権限を与える方が望ましいと考えています。」
0x01000052000086DA,304,148,Rizia/Turn 3/SnO_ZilleSecurityDebrief,Player_Romus,en,「よくまとめたね、ヴィナ。」
0x01000052000086E1,304,149,Rizia/Turn 3/SnO_ZilleSecurityDebrief,Player_Romus,en,「実のところ、ティトゥスの申し出を受け入れてスー・オミナについて徹底的な調査を行えば、ヴェーレンを鎮静化させるのに役立つだろう。」
0x01000052000086E8,304,150,Rizia/Turn 3/SnO_ZilleSecurityDebrief,Player_Romus,en,「もし私がアザロ女公爵の調査に資金を提供し、それによってヴェゼクの不正行為が明らかになれば、スモラクはもはや立ち位置を失うことになるだろう。」
0x01000052000086EF,304,151,Rizia/Turn 3/SnO_ZilleSecurityDebrief,Hugo Toras,en,「リコの尊厳、ひいてはトラス家の尊厳を犠牲にしてまでです。」
0x01000052000086F6,304,152,Rizia/Turn 3/SnO_ZilleSecurityDebrief,Titus Gordion,en,「ご安心ください。もしイザ公が隠すものがなければ、その尊厳は損なわれることはありません。」
0x01000052000086FD,304,153,Rizia/Turn 3/SnO_ZilleSecurityDebrief,Laurento Esquibel,en,「陛下、これは扱いが難しい問題です。そのような調査を行えば、大統領は陛下が自分の権威を損なおうとしていると考えるかもしれません。」
0x0100005200008704,304,154,Rizia/Turn 3/SnO_ZilleSecurityDebrief,Vina Toras,en,「ありがとうございます、父上。」
0x010000520000870D,304,155,Rizia/Turn 3/SnO_ZilleSecurityDebrief,Player_Romus,en,「要約をしてくださり、ありがとう、ウーゴ。」
0x0100005200008713,304,156,Rizia/Turn 3/SnO_ZilleSecurityDebrief,Narrator,en,ラウレントは驚きつつも嬉しそうに、ティトゥスを見上げて眉を上げた。
0x010000520000871A,304,157,Rizia/Turn 3/SnO_ZilleSecurityDebrief,Player_Romus,en,「正直言って、私としてはそのどちらにも予算を浪費したくない。」
0x0100005200008721,304,158,Rizia/Turn 3/SnO_ZilleSecurityDebrief,Titus Gordion,en,「それは重大な過ちでございます、陛下。」
0x0100005200008727,304,159,Rizia/Turn 3/SnO_ZilleSecurityDebrief,Player_Romus,en,「それにはいくらの費用がかかるのだろうか？」
0x010000520000872E,304,160,Rizia/Turn 3/SnO_ZilleSecurityDebrief,Lucita Azaro,en,「陛下、我々の緊急資金のかなりの部分が必要になります。ですが、それだけの価値はあるでしょう。」
0x0100005200008736,304,161,Rizia/Turn 3/SnO_ZilleSecurityDebrief,Player_Romus,en,「もし結局、リジアのナショナリストたちが犯人だったとしたらどうするか？」
0x010000520000873D,304,162,Rizia/Turn 3/SnO_ZilleSecurityDebrief,Lucita Azaro,en,「その場合は、彼らを見つけ出して処罰します。」
0x0100005200008745,304,163,Rizia/Turn 3/SnO_ZilleSecurityDebrief,Player_Romus,en,「また予算の増額を要求か？この国は金で成り立っているわけではないよ、アザロ女公爵。」
0x010000520000874C,304,164,Rizia/Turn 3/SnO_ZilleSecurityDebrief,Lucita Azaro,en,「真実が明らかにならなければ、我々はさらに大きな代償を払わされるでしょう。」
0x0100005200008754,304,165,Rizia/Turn 3/SnO_ZilleSecurityDebrief,Player_Romus,en,「私にとっても良い案のようだ。」
0x010000520000875B,304,166,Rizia/Turn 3/SnO_ZilleSecurityDebrief,Lucita Azaro,en,「それなら、あなたはお父上よりも優れた判断力をお持ちですね。」
0x0100005200008764,304,167,Rizia/Turn 3/SnO_ZilleSecurityDebrief,Lucita Azaro,en,「今回だけは我々も同意します、ゴルディオン隊長。自分たちで証拠を集めようともせずにヴェーレンの非難に従えば、それはスモラクに好都合な材料を与えるだけです。」
0x0100005200008772,304,168,Rizia/Turn 3/SnO_ZilleSecurityDebrief,Lucita Azaro,en,「もしヴェーレンに隠すものがなければ、彼らは我々の援助を歓迎するでしょう。」
0x01000052000087A1,304,169,Rizia/Turn 3/SnO_ZilleSecurityDebrief,Laurento Esquibel,en,「ヴェーレンに対し、潜在的なテロリストの捜査を真剣に行っていることを示すのは外交上も理にかなっています。」
0x01000052000087A9,304,170,Rizia/Turn 3/SnO_ZilleSecurityDebrief,Lucita Azaro,en,「陛下にはその組織との個人的な過去があることを忘れてはなりません。何か不都合な情報が明らかになれば、王位に害を及ぼす可能性があります。」
0x01000052000087B7,304,174,Rizia/Turn 3/SnO_ZilleSecurityDebrief,Lucita Azaro,en,「陛下が血縁の関係にある組織を調査するのは危険だという点については、私も同感です。」
0x01000052000087BE,304,175,Rizia/Turn 3/SnO_ZilleSecurityDebrief,Titus Gordion,en,「しかし、公式にスー・オミナの名誉を回復させることは、その集団にとっても王国にとっても大いなる恩恵となるでしょう。」
0x01000052000087C6,304,176,Rizia/Turn 3/SnO_ZilleSecurityDebrief,Hugo Toras,en,「ジルへ調査員を派遣すれば、スー・オミナや王室からの注目もそらすことができます。」
0x01000052000087CD,304,177,Rizia/Turn 3/SnO_ZilleSecurityDebrief,Hugo Toras,en,「喜んでです。陛下は私がどのような行動を望んでいるか既にご存知です。」
0x01000052000087DA,304,178,Rizia/Turn 3/SnO_ZilleSecurityDebrief,Laurento Esquibel,en,「興味深い取り組みですね、ゴルディオンさん。ヴェーレンで得られた手がかりをもとに我々自身の内部調査を行うことは、外交的にも十分理にかなっています。」
0x01000052000087E1,304,179,Rizia/Turn 3/SnO_ZilleSecurityDebrief,Titus Gordion,en,「その通りです。もし私に決定権があれば、適任者を何人か招き、イザで秘密裏の監視を行える技術を与えて――」
0x0100005200008807,304,180,Rizia/Turn 3/SnO_ZilleSecurityDebrief,Laurento Esquibel,en,「それでは陛下、王室はこれらの拡張計画のいずれかに資金を提供されるのでしょうか？」
0x010000520000880F,304,181,Rizia/Turn 3/SnO_ZilleSecurityDebrief,Player_Romus,en,「ルシータの提案に従おう。情報部隊を拡大し、調査員のチームをヴェーレンへ派遣しよう。」
0x010000520000880F,304,181,Rizia/Turn 3/SnO_ZilleSecurityDebrief,Player_Romus,Menu Text en,「ルシータの提案に従おう。情報収集部隊を拡大し、調査員チームをヴェーレンに派遣しよう。」［予算-4］
0x0100005200008816,304,182,Rizia/Turn 3/SnO_ZilleSecurityDebrief,Player_Romus,en,「ゴルディオン隊長、あなたの積極性には感心する。近衛兵を師団規模の部隊に拡大するため、私が支援を行う。この追加の資源を使って、スー・オミナの活動について徹底的な調査を行ってくれ。」
0x0100005200008816,304,182,Rizia/Turn 3/SnO_ZilleSecurityDebrief,Player_Romus,Menu Text en,「ゴルディオン、あなたの積極性に感心する。警備隊を師団規模の部隊へ拡大するため、私が支援を行う。この追加資源を使って、スー・オミナの活動について徹底的に調査してくれ。」 ［予算-4］
0x010000520000882A,304,183,Rizia/Turn 3/SnO_ZilleSecurityDebrief,Player_Romus,en,「両名をがっかりさせてしまい申し訳ないが、ご提案の調査のどちらにも資金を提供しないことに決めた。」
0x010000520000885C,304,184,Rizia/Turn 3/SnO_ZilleSecurityDebrief,Titus Gordion,en,「近衛兵を信頼してくださり、ありがとうございます陛下。必ずやご期待に沿えるよう努めます。」
0x0100005200008877,304,185,Rizia/Turn 3/SnO_ZilleSecurityDebrief,Lucita Azaro,en,「ありがとうございます、陛下。私の部門が必ず成果を上げますよう努めます。」
0x0100005200008988,304,188,Rizia/Turn 3/SnO_ZilleSecurityDebrief,Laurento Esquibel,en,「次の手順はかなり明確なようですが、他に議論すべき事項はありましたでしょうか？」
0x01000052000089A0,304,192,Rizia/Turn 3/SnO_ZilleSecurityDebrief,Titus Gordion,en,「他に話すことは何もありません、陛下。」
0x01000052000089AD,304,196,Rizia/Turn 3/SnO_ZilleSecurityDebrief,Lucita Azaro,en,「今日の成果には私としても大変満足しております。」
0x01000052000089BA,304,197,Rizia/Turn 3/SnO_ZilleSecurityDebrief,Hugo Toras,en,「私が見送ります。これ以上話すことはありません。」
0x01000052000089C1,304,198,Rizia/Turn 3/SnO_ZilleSecurityDebrief,Vina Toras,en,「それで全てだったと思いますが、父上？」
0x01000052000089C8,304,199,Rizia/Turn 3/SnO_ZilleSecurityDebrief,Player_Romus,en,「ああ、皆さん退室して構わない。残りの時間を楽しく過ごしてくれ。」
0x01000052000089D2,304,200,Rizia/Turn 3/SnO_ZilleSecurityDebrief,Player_Romus,en,「私が終わりと言えばその時が終わりだ。ええ、もう終わった。」
0x01000052000089DC,304,201,Rizia/Turn 3/SnO_ZilleSecurityDebrief,Player_Romus,en,「この会議は終了とする。」
0x01000052000089FD,304,205,Rizia/Turn 3/SnO_ZilleSecurityDebrief,Narrator,en,他の者たちは次々と部屋を出て行った。ティトゥスだけが残っていた。
0x0100005200008A04,304,206,Rizia/Turn 3/SnO_ZilleSecurityDebrief,Narrator,en,他の者たちは次々と部屋を出て行った。ルシータだけが残っていた。
0x0100005200008A1A,304,213,Rizia/Turn 3/SnO_ZilleSecurityDebrief,Narrator,en,彼女は帽子を脱ぎ、私の目をまっすぐ見つめた。
0x0100005200008A21,304,214,Rizia/Turn 3/SnO_ZilleSecurityDebrief,Lucita Azaro,en,「陛下、改めて感謝の意を表させていただきます。この評議会に新参者として参じた私に、ご信頼を寄せてくださることは大変光栄に思います。」
0x0100005200008A28,304,215,Rizia/Turn 3/SnO_ZilleSecurityDebrief,Titus Gordion,en,「再び感謝申し上げます、陛下。近衛兵たちは陛下に対して決して変わらない忠誠を捧げております。」
0x0100005200008A2E,304,216,Rizia/Turn 3/SnO_ZilleSecurityDebrief,Narrator,en,彼は私のもとに歩み寄り、私の目をじっと見つめた。
0x0100005200008A36,304,217,Rizia/Turn 3/SnO_ZilleSecurityDebrief,Player_Romus,en,「アザロ女公爵、成果を期待している。私をがっかりさせないでくれ。」
0x0100005200008A3D,304,218,Rizia/Turn 3/SnO_ZilleSecurityDebrief,Player_Romus,en,「気にするな。あなたの助言は、年老いた我々長老たちのものよりずっと価値がある。」
0x0100005200008A44,304,219,Rizia/Turn 3/SnO_ZilleSecurityDebrief,Player_Romus,en,「資金が手に入ったので、もっと敏感な性質を持つ問題の調査においてご協力を願いたいのだ。」
0x0100005200008A44,304,219,Rizia/Turn 3/SnO_ZilleSecurityDebrief,Player_Romus,Menu Text en,「資金が手に入った今、もっと敏感な性質を持つ事件の調査にあなたの力を借りたいのだ。」［毒殺の件を調べる］
0x0100005200008A4B,304,220,Rizia/Turn 3/SnO_ZilleSecurityDebrief,Player_Romus,en,「あなたの父上も誇りに思うだろう、少佐。」
0x0100005200008A52,304,221,Rizia/Turn 3/SnO_ZilleSecurityDebrief,Lucita Azaro,en,「光栄に思います。何のご用件でしょうか？」
0x0100005200008A59,304,222,Rizia/Turn 3/SnO_ZilleSecurityDebrief,Lucita Azaro,en,「失敗するようなことはありません。」
0x0100005200008A67,304,226,Rizia/Turn 3/SnO_ZilleSecurityDebrief,Lucita Azaro,en,「ありがとうございます、中尉殿。」
0x0100005200008A6E,304,227,Rizia/Turn 3/SnO_ZilleSecurityDebrief,Lucita Azaro,en,「しーっ。あいつらは今、このドアの向こうにいるのです。」
0x0100005200008A75,304,228,Rizia/Turn 3/SnO_ZilleSecurityDebrief,Narrator,en,彼女は手を差し伸べて私と握手をした。手を引き抜く際、いつもよりわずかに長く私の手の中に留めていた。
0x0100005200008A7F,304,229,Rizia/Turn 3/SnO_ZilleSecurityDebrief,Lucita Azaro,en,「すぐにご報告いたします。」
0x0100005200008A86,304,230,Rizia/Turn 3/SnO_ZilleSecurityDebrief,Narrator,en,彼女は帽子を再びかぶり、急いで部屋を出て行った。
0x0100005200008A8E,304,231,Rizia/Turn 3/SnO_ZilleSecurityDebrief,Player_Romus,en,「ゴルディオンさん、あなたは国王の近衛兵だ。その忠誠心は資金提供に左右されるものではない。」
0x0100005200008A95,304,232,Rizia/Turn 3/SnO_ZilleSecurityDebrief,Titus Gordion,en,「いえ、決してそのようなことはありません。申し訳ございません。」
0x0100005200008A9C,304,233,Rizia/Turn 3/SnO_ZilleSecurityDebrief,Player_Romus,en,「結果を期待している、ティトゥス。私を失望させるな。」
0x0100005200008AA9,304,237,Rizia/Turn 3/SnO_ZilleSecurityDebrief,Player_Romus,en,「よろしい。というのも、もう一つあなたに調査してほしいことがあるからだ。」
0x0100005200008AA9,304,237,Rizia/Turn 3/SnO_ZilleSecurityDebrief,Player_Romus,Menu Text en,「よろしい。もう一つ、あなたに調査してほしいことがあるのだ。」 ［毒殺の件を調べる］
0x0100005200008AB6,304,238,Rizia/Turn 3/SnO_ZilleSecurityDebrief,Titus Gordion,en,「これは、以前おっしゃっていた殺人事件の調査に関するものでしょうか？」
0x0100005200008ABD,304,239,Rizia/Turn 3/SnO_ZilleSecurityDebrief,Player_Romus,en,「ああ。父がどのようにして亡くなったのか、正確に知りたいのだ。」
0x0100005200008AC4,304,240,Rizia/Turn 3/SnO_ZilleSecurityDebrief,Titus Gordion,en,「私の命にかけて、決してそんなことはしません。」
0x0100005200008ACB,304,241,Rizia/Turn 3/SnO_ZilleSecurityDebrief,Player_Romus,en,「ジルで既にあなたはその忠誠心を示してくれた。これは私があなたのためにできる最低限のことだ。」
0x0100005200008AD2,304,242,Rizia/Turn 3/SnO_ZilleSecurityDebrief,Player_Romus,en,「その通りだ。父上の死に関するあらゆる情報を必ず手に入れなければならない。」
0x0100005200008AD9,304,243,Rizia/Turn 3/SnO_ZilleSecurityDebrief,Narrator,en,ティトゥスの目は大きく見開かれた。彼は声の音量を下げ、私だけが聞こえる程度にした。
0x0100005200008AE0,304,244,Rizia/Turn 3/SnO_ZilleSecurityDebrief,Titus Gordion,en,「陛下、ご存知の通り、私もあの夜はその場にいました。陛下と同様、私もこの状況が怪しいと思っております。」
0x0100005200008AE7,304,245,Rizia/Turn 3/SnO_ZilleSecurityDebrief,Narrator,en,ティトゥスはその場で動けなくなった。彼は低い声で話した。
0x0100005200008AED,304,246,Rizia/Turn 3/SnO_ZilleSecurityDebrief,Titus Gordion,en,「再び申し上げますが、私は単に自分の義務を果たしただけです。それでもご厚情に感謝いたします。」
0x0100005200008AF4,304,247,Rizia/Turn 3/SnO_ZilleSecurityDebrief,Narrator,en,ティトゥスは恭しく一礼して部屋を出て行った。
0x0100005200008AFF,304,248,Rizia/Turn 3/SnO_ZilleSecurityDebrief,Titus Gordion,en,「ご存知の通り、あの出来事が起きた時、私は宮殿にいました。そして信じてください、私にも幾つか疑問があります。」
0x0100005200008B06,304,249,Rizia/Turn 3/SnO_ZilleSecurityDebrief,Titus Gordion,en,「あの夜そこにいた者全員を容疑者と見なすべきでしょうか？」
0x0100005200008B0D,304,250,Rizia/Turn 3/SnO_ZilleSecurityDebrief,Player_Romus,en,「ほとんど全員だ。私の執事だけは除外してくれ。」
0x0100005200008B1B,304,251,Rizia/Turn 3/SnO_ZilleSecurityDebrief,Player_Romus,en,「ああ。ウーゴ、大賢者である祖母、ルシータ・アザロ、そしてパベルもだ。」
0x0100005200008B36,304,252,Rizia/Turn 3/SnO_ZilleSecurityDebrief,Narrator,en,他の者たちは部屋から出て行った。ウーゴだけが残った。
0x0100005200008B44,304,254,Rizia/Turn 3/SnO_ZilleSecurityDebrief,Narrator,en,ティトゥスは真剣にうなずいた。
0x0100005200008B4B,304,255,Rizia/Turn 3/SnO_ZilleSecurityDebrief,Titus Gordion,en,「すでに対処しました。スー・オミナの進捗状況と共に、近々新たな報告があるでしょう。」
0x0100005200008B6E,304,257,Rizia/Turn 3/SnO_ZilleSecurityDebrief,Player_Romus,en,「何だろうか、閣下？」
0x0100005200008B82,304,261,Rizia/Turn 3/SnO_ZilleSecurityDebrief,Player_Romus,en,「私は個人的にリコに対して何の恨みもない。しかし、ヴェーレンにはスケープゴートが必要なのだ。」
0x0100005200008B89,304,262,Rizia/Turn 3/SnO_ZilleSecurityDebrief,Player_Romus,en,「スー・オミナがジルの件に関与していようといまいと、リコに彼らを抑えさせたいのだ。」
0x0100005200008B90,304,263,Rizia/Turn 3/SnO_ZilleSecurityDebrief,Hugo Toras,en,「陛下、イザにお越しください。従兄弟の方と話をなさるべきです。ずいぶん遅くなりました。」
0x0100005200008B97,304,264,Rizia/Turn 3/SnO_ZilleSecurityDebrief,Narrator,en,ウーゴはゆっくりと首を振った。
0x0100005200008B9F,304,265,Rizia/Turn 3/SnO_ZilleSecurityDebrief,Narrator,en,返事を待たずに、彼はその場を去っていった。
0x0100005200008BA7,304,266,Rizia/Turn 3/SnO_ZilleSecurityDebrief,Player_Romus,en,「あなたの言う通りだ。そろそろイザにいるリコを訪ねてみる時期だな、私は。」
0x0100005200008BAE,304,267,Rizia/Turn 3/SnO_ZilleSecurityDebrief,Narrator,en,ウーゴはゆっくりと頷いた。
0x0100005200008BB5,304,268,Rizia/Turn 3/SnO_ZilleSecurityDebrief,Hugo Toras,en,「陛下、彼は大変喜ばれるでしょう。私がすべて手配いたします。」
0x0100005200008BBC,304,269,Rizia/Turn 3/SnO_ZilleSecurityDebrief,Narrator,en,ウーゴはしばらく黙っていた後、私の目を見つめた。
0x0100005200008BC4,304,270,Rizia/Turn 3/SnO_ZilleSecurityDebrief,Narrator,en,私の叔父は私の目をじっと見つめた。
0x0100005200008BCB,304,271,Rizia/Turn 3/SnO_ZilleSecurityDebrief,Narrator,en,彼は振り返って部屋を出て行った。
0x0100005200008BF9,304,272,Rizia/Turn 3/SnO_ZilleSecurityDebrief,Narrator,en,彼女は意味ありげに私を見つめた。
0x0100005200008C00,304,273,Rizia/Turn 3/SnO_ZilleSecurityDebrief,Player_Romus,en,「あの集団と過ごす日々はとうに終わった。彼らが王位を代表していないことをはっきりさせなければならない。」
0x0100005200008C07,304,274,Rizia/Turn 3/SnO_ZilleSecurityDebrief,Player_Romus,en,「スー・オミナのことは知っている。彼女たちがあんな非難されるような行為をするはずがない。」
0x0100005200008C15,304,278,Rizia/Turn 3/SnO_ZilleSecurityDebrief,Lucita Azaro,en,「リコ・トラスが引き続き関与しているという事実は、そうではないことを示唆しています。」
0x0100005200008C1C,304,279,Rizia/Turn 3/SnO_ZilleSecurityDebrief,Hugo Toras,en,「アザロ女公爵、申し上げましたが、私は既にリコと話をしました。彼には起きたこととは全く関係がありません。」
0x0100005200008C23,304,280,Rizia/Turn 3/SnO_ZilleSecurityDebrief,Player_Romus,en,「彼らは何を根拠にこれを主張しているのか？『国王のために』と叫ぶ者なら誰でもいるではないか。」
0x0100005200008C2A,304,281,Rizia/Turn 3/SnO_ZilleSecurityDebrief,Lucita Azaro,en,「陛下、あなたの時代よりも彼らはさらに過激になっております。リコ・トラスであればそれをご存知でしょう。」
0x0100005200008C32,304,282,Rizia/Turn 3/SnO_ZilleSecurityDebrief,Narrator,en,彼女は意味ありげにウーゴを見つめた。
0x0100005200008C3A,304,283,Rizia/Turn 3/SnO_ZilleSecurityDebrief,Player_Romus,en,「あの過激派たちの考えは王室の見解を代表するものではない。それをはっきりさせなければならない。」
0x0100005200008C42,304,284,Rizia/Turn 3/SnO_ZilleSecurityDebrief,Player_Romus,en,「あなた様、あなたの息子であるリコはイザで一体何をしていたのか？」
0x0100005200008C49,304,285,Rizia/Turn 3/SnO_ZilleSecurityDebrief,Lucita Azaro,en,「はっきりしません。彼らが伝えてくれたのはそれだけです。イザ公爵なら状況を明らかにしてくれるかもしれません。」
0x0100005200008C51,304,286,Rizia/Turn 3/SnO_ZilleSecurityDebrief,Hugo Toras,en,「私は既にリコと話をしました。彼には起きたこととは全く関係がありません。」
0x0100005200008C58,304,287,Rizia/Turn 3/SnO_ZilleSecurityDebrief,Player_Romus,en,「なぜ私はこの会話に加われなかったのか？」
0x0100005200008C60,304,288,Rizia/Turn 3/SnO_ZilleSecurityDebrief,Hugo Toras,en,「それは不要だったからです。スー・オミナはリジア人の価値観を広めているので、テロ行為は彼らの使命に含まれていません。」
0x0100005200008C67,304,289,Rizia/Turn 3/SnO_ZilleSecurityDebrief,Player_Romus,en,「攻撃が起こる数ヶ月前に、スー・オミナの活動はどのようなものだったか？」
0x0100005200008C6F,304,290,Rizia/Turn 3/SnO_ZilleSecurityDebrief,Lucita Azaro,en,「特に変わったことはありませんでした。数回の行進と、新たなダストヌリティ派の大聖域拡張に抗議するためにイザ公爵の屋敷で開かれた集会があっただけです。」
0x0100005200008C7C,304,294,Rizia/Turn 3/SnO_ZilleSecurityDebrief,Lucita Azaro,en,「特に変わったことはありませんでした。数回の行軍があっただけです。」
0x0100005200008C83,304,295,Rizia/Turn 3/SnO_ZilleSecurityDebrief,Hugo Toras,en,「これらはすべて、リジアの価値観を広めるために開催される平和的な行事です。スー・オミナは暴力的な組織ではなく、過去もそうでしたことはありません。」
0x0100005200008C8B,304,296,Rizia/Turn 3/SnO_ZilleSecurityDebrief,Player_Romus,en,「私は彼の言うことを信じる。これは明らかにヴェーレンの手の跡が残っている。」
0x0100005200008C93,304,297,Rizia/Turn 3/SnO_ZilleSecurityDebrief,Player_Romus,en,「どうして彼を信頼できるというのか？もちろん、自分が関与していたなどと認めるはずがない。」
0x0100005200008C9B,304,298,Rizia/Turn 3/SnO_ZilleSecurityDebrief,Hugo Toras,en,「私はその組織を信頼しているからこそ、彼も信頼しているのです。スー・オミナはリジア人の価値観を広め、その目標は平和なものです。」
0x0100005200008CA2,304,299,Rizia/Turn 3/SnO_ZilleSecurityDebrief,Hugo Toras,en,「平和的なリジア人の集団が突然爆弾製造を始めるよりも、その方がずっとあり得る光景です。」
0x0100005200008CA9,304,300,Rizia/Turn 3/SnO_ZilleSecurityDebrief,Lucita Azaro,en,「はっきり申し上げますと、その団体の公式な活動に暴力は一切ありませんでした。しかし一部の構成員が、ヴェゼク問題に対するより……『創造的』な解決策を呼びかけるチラシを印刷していたのです。」
0x0100005200008CBA,304,304,Rizia/Turn 3/SnO_ZilleSecurityDebrief,Player_Romus,en,「私は常にスー・オミナを支援し続ける。もし彼らを非難すれば、それは私自身を非難することになるのだ。」
0x01000052000105C6,304,310,Rizia/Turn 3/SnO_ZilleSecurityDebrief,Narrator,en,ルシータは両手を合わせた。
0x01000052000105CD,304,311,Rizia/Turn 3/SnO_ZilleSecurityDebrief,Narrator,en,ティトゥスは力強く敬礼した。
0x01000052000105D4,304,312,Rizia/Turn 3/SnO_ZilleSecurityDebrief,Player_Romus,en,「二人ともががっかりするのは残念だが、我が国の財政ではどちらの調査も行うことができない。」
0x01000052000105E8,304,315,Rizia/Turn 3/SnO_ZilleSecurityDebrief,Titus Gordion,en,「陛下、どうかご安心ください。これは私がお家族の安全のために尽くす決意に何ら影響を与えるものではございません。」
0x01000052000105EE,304,316,Rizia/Turn 3/SnO_ZilleSecurityDebrief,Narrator,en,ティトゥスは頭を下げた。
0x01000052000105F6,304,317,Rizia/Turn 3/SnO_ZilleSecurityDebrief,Player_Romus,en,「ゴルディオン隊長、そうならないようにしていただきたいのだ。」
0x01000052000105FD,304,318,Rizia/Turn 3/SnO_ZilleSecurityDebrief,Player_Romus,en,「私的なことではございません。」
0x0100005200010604,304,319,Rizia/Turn 3/SnO_ZilleSecurityDebrief,Player_Romus,en,「まさにプロフェッショナルだね。感謝する。」
0x010000520001060B,304,320,Rizia/Turn 3/SnO_ZilleSecurityDebrief,Narrator,en,ルシータは顔をしかめた。
0x0100005200010611,304,321,Rizia/Turn 3/SnO_ZilleSecurityDebrief,Lucita Azaro,en,「ゴルディオンさん、結果を待っております。」
0x010000520001061E,304,322,Rizia/Turn 3/SnO_ZilleSecurityDebrief,Hugo Toras,en,「もちろん、分別と慎重さも求めております。」
0x0100005200010625,304,323,Rizia/Turn 3/SnO_ZilleSecurityDebrief,Player_Romus,en,「ティトゥス、手を汚しても恐れることはないのだ。」
0x010000520001062C,304,324,Rizia/Turn 3/SnO_ZilleSecurityDebrief,Player_Romus,en,「私も同じだ。この件においてはトラス家が清廉な姿を保たねばならない。」
0x0100005200010633,304,325,Rizia/Turn 3/SnO_ZilleSecurityDebrief,Player_Romus,en,「私の近衛兵たちを煩わせるのはやめよ。ティトゥスへの私の信頼だけで、お前たち二人にとって十分な安心材料になるはずだ。」
0x010000520001063B,304,326,Rizia/Turn 3/SnO_ZilleSecurityDebrief,Narrator,en,ルシータとティトゥスは互いに顔を見合わせた。
0x0100005200010642,304,327,Rizia/Turn 3/SnO_ZilleSecurityDebrief,Lucita Azaro,en,「承知いたしました、陛下。それでもなお私の提案を検討してくださり、ありがとうございます。」
0x0100005200010649,304,328,Rizia/Turn 3/SnO_ZilleSecurityDebrief,Titus Gordion,en,「陛下、私はこれまでと変わらず、あなた様の安全のために全力を尽くし続けますので、どうかご安心ください。」
0x0100005200010650,304,329,Rizia/Turn 3/SnO_ZilleSecurityDebrief,Hugo Toras,en,「お金を節約することは常に賢明なことです。これから何が起こるか分かりませんから。」
0x0100005200010658,304,330,Rizia/Turn 3/SnO_ZilleSecurityDebrief,Laurento Esquibel,en,「ですが、それでもなおヴェーレンの発言に対する公的な返答文を起草しなければなりません。」
0x010000520001065F,304,331,Rizia/Turn 3/SnO_ZilleSecurityDebrief,Player_Romus,en,「何かご提案はあるか？」
0x0100005200010666,304,332,Rizia/Turn 3/SnO_ZilleSecurityDebrief,Player_Romus,en,「彼らの非難には返答するほどの価値もない。」
0x010000520001066D,304,333,Rizia/Turn 3/SnO_ZilleSecurityDebrief,Player_Romus,en,「何を言えばいいのか、私にはよく分かっている。」
0x0100005200010674,304,334,Rizia/Turn 3/SnO_ZilleSecurityDebrief,Laurento Esquibel,en,「陛下、国際社会はこの動きを注視しております。返答をしないこと自体が一種の回答となります。」
0x010000520001068C,304,338,Rizia/Turn 3/SnO_ZilleSecurityDebrief,Hugo Toras,en,「その集団は不当に中傷されているのです。もしもっと多くの人々が彼らのイベントに出席してみれば、事実がわかるでしょう。」
0x0100005200010693,304,339,Rizia/Turn 3/SnO_ZilleSecurityDebrief,Hugo Toras,en,「それこそが民衆が聞くべきメッセージです。」
0x010000520001069C,304,340,Rizia/Turn 3/SnO_ZilleSecurityDebrief,Laurento Esquibel,en,「陛下、まだ国王として公にお答えになる件が残っております。」
0x01000052000106A4,304,341,Rizia/Turn 3/SnO_ZilleSecurityDebrief,Hugo Toras,en,「そうでしょうか？それとも王家に不要な疑念を抱かせるだけではないでしょうか？」
0x01000052000106B4,304,342,Rizia/Turn 3/SnO_ZilleSecurityDebrief,Laurento Esquibel,en,「もしさらに進んで言及したいのであれば、スー・オミナは王室の見解を代表していない『単独行動者』に過ぎないと強調することもできます。」
0x01000052000106C6,304,346,Rizia/Turn 3/SnO_ZilleSecurityDebrief,Laurento Esquibel,en,「真実を話すようお勧めします。陛下、ヴェーレンの情報を重視され、容疑者たちについてご自身で調査を行われることでしょう。」
0x01000052000106CD,304,347,Rizia/Turn 3/SnO_ZilleSecurityDebrief,Laurento Esquibel,en,「陛下、適切かつ外交的に正しい判断をしてくださることを信じております。」
0x01000052000106D4,304,348,Rizia/Turn 3/SnO_ZilleSecurityDebrief,Laurento Esquibel,en,「もちろん、スー・オミナは王室の見解を代表していない『単独行動者』に過ぎないという点を強調します。」
0x01000052000106DB,304,349,Rizia/Turn 3/SnO_ZilleSecurityDebrief,Narrator,en,ウーゴは鼻で笑った。
0x01000052000106E2,304,350,Rizia/Turn 3/SnO_ZilleSecurityDebrief,Hugo Toras,en,「あるいは、その集団が無実であるというご自信をお示しください。実際、そうなのですから。」
0x01000052000106E9,304,351,Rizia/Turn 3/SnO_ZilleSecurityDebrief,Laurento Esquibel,en,「陛下、リジアがヴェゼクの被害者たちに対して哀悼の意を表し、加害者たちが法の裁きを受けることを願うという定型の声明を出すことを提案いたします。」
0x01000052000106F1,304,352,Rizia/Turn 3/SnO_ZilleSecurityDebrief,Player_Romus,en,「では助けてくれ。何と言えばよいのだろうか？」
0x01000052000106F9,304,353,Rizia/Turn 3/SnO_ZilleSecurityDebrief,Player_Romus,en,「わかった。この会議が終わった後に声明を起草する。」
0x0100005200010701,304,354,Rizia/Turn 3/SnO_ZilleSecurityDebrief,Narrator,en,ウーゴは鼻で笑った。
0x0100005200010707,304,355,Rizia/Turn 3/SnO_ZilleSecurityDebrief,Hugo Toras,en,「あるいは、その集団が無実であるというご自信をお示しください。実際、そうなのですから。」
0x010000520001070E,304,356,Rizia/Turn 3/SnO_ZilleSecurityDebrief,Hugo Toras,en,「それこそが民衆が聞くべきメッセージです。」
0x0100005200010717,304,357,Rizia/Turn 3/SnO_ZilleSecurityDebrief,Narrator,en,ウーゴは両手を大きく広げた。
0x010000520001071E,304,358,Rizia/Turn 3/SnO_ZilleSecurityDebrief,Hugo Toras,en,「私のような老人が注目の的になっても、その集団にとって何の益にもなりません。」
0x0100005200010725,304,359,Rizia/Turn 3/SnO_ZilleSecurityDebrief,Hugo Toras,en,「彼らには若さと活力が必要です。結局のところ、彼らこそがリジアの未来なのですから。」
0x0100005200010733,304,363,Rizia/Turn 3/SnO_ZilleSecurityDebrief,Narrator,en,ルシータはいらだたしげにうなずいた。
0x0100005200010745,304,367,Rizia/Turn 3/SnO_ZilleSecurityDebrief,Laurento Esquibel,en,「ジルに対しても、自分の発言について謝罪するようお勧めします、陛下。」
0x010000520001074C,304,368,Rizia/Turn 3/SnO_ZilleSecurityDebrief,Laurento Esquibel,en,「今の段階では、スー・オミナの有罪か無罪かを断定したり否定したりしない方が良いでしょう。もっと情報が集まるまではです。」
0x0100005200010753,304,369,Rizia/Turn 3/SnO_ZilleSecurityDebrief,Laurento Esquibel,en,「さらなる情報が得られるまで、スー・オミナの無実を肯定したり否定したりするのは賢明ではないと思います。ですが、陛下、その判断は陛下にお任せいたします。」
0x0100005200010761,304,373,Rizia/Turn 3/SnO_ZilleSecurityDebrief,Laurento Esquibel,en,「それから、ジルでの演説については、謝罪の言葉を盛り込むこともご検討ください。」
0x0100005200010769,304,374,Rizia/Turn 3/SnO_ZilleSecurityDebrief,Narrator,en,ウーゴは鼻で笑った。
0x0100005200010776,304,375,Rizia/Turn 3/SnO_ZilleSecurityDebrief,Narrator,en,私はペンを手に取り、ヴェーレンへの返答を書き始めた。
0x01000052000180E1,304,378,Rizia/Turn 3/SnO_ZilleSecurityDebrief,Lucita Azaro,en,「諸君！」
0x01000052000180EB,304,379,Rizia/Turn 3/SnO_ZilleSecurityDebrief,Narrator,en,ルシータが部屋の中を歩いて行くと、皆は自然と静まり返った。
0x01000052000180F2,304,380,Rizia/Turn 3/SnO_ZilleSecurityDebrief,Narrator,en,彼女は陸軍少佐用のブレザーを着ており、右側の胸ポケットの上には二つの星が目立つように付けられていた。
0x01000052000180FF,304,384,Rizia/Turn 3/SnO_ZilleSecurityDebrief,Narrator,en,その危機が訪れてから、彼女の態度はすっかり変わってしまった。彼女には父親を思い起こさせるような、威厳に満ちた雰囲気があった。
0x0100005200018107,304,385,Rizia/Turn 3/SnO_ZilleSecurityDebrief,Narrator,en,その危機が訪れてから、彼女の態度はすっかり変わってしまった。彼女には威厳に満ちた雰囲気があった。
0x010000520001811C,304,389,Rizia/Turn 3/SnO_ZilleSecurityDebrief,Narrator,en,ルシータはいらだちを隠せず、軽くお辞儀をしてヴィナに挨拶した。
0x0100005200018123,304,390,Rizia/Turn 3/SnO_ZilleSecurityDebrief,Lucita Azaro,en,「いつものように光栄です、殿下。では、これ以上時間を無駄にしません。」
0x010000520001B24C,304,396,Rizia/Turn 3/SnO_ZilleSecurityDebrief,Player_Romus,en,「私の父がどのようにして亡くなったのか、正確に知りたいのだ。」
0x010000520001B252,304,397,Rizia/Turn 3/SnO_ZilleSecurityDebrief,Narrator,en,彼女は私の手をしっかりと握った。
0x010000520001B25A,304,398,Rizia/Turn 3/SnO_ZilleSecurityDebrief,Player_Romus,en,「実は……もういい。」
0x010000520001B261,304,399,Rizia/Turn 3/SnO_ZilleSecurityDebrief,Narrator,en,彼女は私に戸惑った表情を向けた。
0x010000520001B268,304,400,Rizia/Turn 3/SnO_ZilleSecurityDebrief,Lucita Azaro,en,「かしこまりました、陛下。どんなご要望でも、または心にあることがございましたらいつでも私のもとへお越しいただけますので、ご存知でいらっしゃることと存じます。」
0x010000520001B270,304,401,Rizia/Turn 3/SnO_ZilleSecurityDebrief,Narrator,en,彼女はその場で動けなくなった。
0x010000520001B277,304,402,Rizia/Turn 3/SnO_ZilleSecurityDebrief,Lucita Azaro,en,「心臓発作でした。彼は高齢の方でした。」
0x010000520001B28F,304,406,Rizia/Turn 3/SnO_ZilleSecurityDebrief,Player_Romus,en,「私は、その原因が自然なものではないと考える理由がある。」
0x010000520001B296,304,407,Rizia/Turn 3/SnO_ZilleSecurityDebrief,Player_Romus,en,「私に疑問を抱かないで。ただ、慎重に調査を始めてくれ。」
0x010000520001B29D,304,408,Rizia/Turn 3/SnO_ZilleSecurityDebrief,Lucita Azaro,en,「なるほどです。」
0x010000520001B2A4,304,409,Rizia/Turn 3/SnO_ZilleSecurityDebrief,Lucita Azaro,en,「近衛兵たちがいる以上、簡単なことではありませんが、少数のチームを雇うことはできます。」
0x010000520001B2AB,304,410,Rizia/Turn 3/SnO_ZilleSecurityDebrief,Lucita Azaro,en,「申し訳ありません、陛下。すぐに調査を開始いたします。」
0x010000520001B2B3,304,411,Rizia/Turn 3/SnO_ZilleSecurityDebrief,Lucita Azaro,en,「陛下のご逝去当日に宮殿にいた者は全員が容疑者だと考えてよろしいのでしょうか？」
0x010000520001B2BA,304,412,Rizia/Turn 3/SnO_ZilleSecurityDebrief,Player_Romus,en,「ほとんど全員だ。私の執事だけは除外してくれ。」
0x010000520001B2C0,304,413,Rizia/Turn 3/SnO_ZilleSecurityDebrief,Player_Romus,en,「ああ。ティトゥス、ウーゴ、私の母上、そして大賢者だ。それにパベルもいる。」
0x010000520001B2D2,304,416,Rizia/Turn 3/SnO_ZilleSecurityDebrief,Narrator,en,彼女はうなずいた。
0x010000520001B2DA,304,417,Rizia/Turn 3/SnO_ZilleSecurityDebrief,Lucita Azaro,en,「陛下、私を信頼してくださり感謝いたします。すでに対処しましたので、ご心配なく。」
0x010000520001D49E,304,422,Rizia/Turn 3/SnO_ZilleSecurityDebrief,Vina Toras,en,「リザ女王は常に、君主制とナショナリズムは両立しないものだとおっしゃっていました。『王冠に国境などない』と。」
0x0100005100044EB4,304,424,Rizia/Turn 3/SnO_ZilleSecurityDebrief,Player_Romus,en,「そんなことを言うのは当然だ。これは明らかにスモラク大統領が黒幕だ。」
0x0100005100044EBC,304,425,Rizia/Turn 3/SnO_ZilleSecurityDebrief,Hugo Toras,en,「私も同感だ。」
0x0100005100044EC3,304,426,Rizia/Turn 3/SnO_ZilleSecurityDebrief,Hugo Toras,en,「それに、私は既にリコと話をしました。彼には起きたこととは全く関係がありませんでした。」
0x010000980000551A,304,430,Rizia/Turn 3/SnO_ZilleSecurityDebrief,Player_Romus,en,「その通りだ。故王が疑わしい状況のもとで亡くなったのではないかと疑う理由があると思う。だから、この件に関するあらゆる情報を掘り起こしてほしいのだ。」
0x0100009800005521,304,431,Rizia/Turn 3/SnO_ZilleSecurityDebrief,Narrator,en,ティトゥスは目を見開き、声の大きさを抑えて、我々の会話が他者に聞かれないようにした。
0x0100009800005528,304,432,Rizia/Turn 3/SnO_ZilleSecurityDebrief,Titus Gordion,en,「もし不正の証拠があるのなら、あの夜宮殿にいた全員を容疑者と見なすべきでしょうか？」
0x0100009800005531,304,433,Rizia/Turn 3/SnO_ZilleSecurityDebrief,Titus Gordion,en,「陛下、お父上の突然の死によって悩んでいるのは陛下だけではありません。あの運命的な夜に立ち会った者として、陛下がこの件に関心を寄せてくださっていることは安心できます。」
0x0100009800005537,304,434,Rizia/Turn 3/SnO_ZilleSecurityDebrief,Titus Gordion,en,「もし罪を証明するような証拠が見つかった場合、宮殿にいた者全員を容疑者として扱う必要があるのでしょうか？」
0x0100009800005541,304,435,Rizia/Turn 3/SnO_ZilleSecurityDebrief,Titus Gordion,en,「はい、大統領。」
0x010000980000554E,304,436,Rizia/Turn 3/SnO_ZilleSecurityDebrief,Player_Romus,en,「私の父がどのようにして亡くなったのか、正確に知りたいのだ。彼の死が事故ではないと考える理由がある。」
0x0100009800005554,304,437,Rizia/Turn 3/SnO_ZilleSecurityDebrief,Player_Romus,en,「私の父が亡くなった経緯を中心に、殺人事件の調査を開始してほしいのだ。」
0x010000980000555A,304,438,Rizia/Turn 3/SnO_ZilleSecurityDebrief,Player_Romus,en,「先王が疑わしい状況のもとで亡くなったのではないかと疑う理由があると思う。だから、その件について分かる限りの全てを調べ上げてほしいのだ。」
0x0100009800005568,304,439,Rizia/Turn 3/SnO_ZilleSecurityDebrief,Titus Gordion,en,「いずれにせよ、スー・オミナの進捗状況については近々新しい報告があるでしょう。」
0x0100005200028DAC,304,440,Rizia/Turn 3/SnO_ZilleSecurityDebrief,Hugo Toras,en,「申し訳ありませんが？」
0x0100005200028DB6,304,441,Rizia/Turn 3/SnO_ZilleSecurityDebrief,Hugo Toras,en,「ゴルディオン隊長。近衛兵の拡大には全面的に賛成ですが、行き止まりを追うためだけに使うというのであれば断固反対です。」
0x0100005200028DBE,304,442,Rizia/Turn 3/SnO_ZilleSecurityDebrief,Lucita Azaro,en,「おそらくその通りでしょう、ゴルディオン隊長。ですが攻撃はヴェーレンで起こったのです。調査に回す資源はリジアではなく、そちらに割り当てるべきです。」
0x0100008E00003055,304,444,Rizia/Turn 3/SnO_ZilleSecurityDebrief,Player_Romus,en,「私はこれ以上、何の支援もしない。」
0x0100009800012ABD,304,446,Rizia/Turn 3/SnO_ZilleSecurityDebrief,Titus Gordion,en,「陛下、最近陛下は我々の戦力を強化し、より多くの任務を担わせたいとお考えでした。この出来事は、我々の能力を示す絶好の機会となるでしょう。」
0x0100009800012ACF,304,450,Rizia/Turn 3/SnO_ZilleSecurityDebrief,Lucita Azaro,en,「申し訳ありません、どうして私はこの話し合いに参加できなかったのでしょうか？」
0x0100009800012AD4,304,451,Rizia/Turn 3/SnO_ZilleSecurityDebrief,Lucita Azaro,en,「近衛兵の拡大は安全保障に関わる問題であり、戦争・国内治安顧問としてそれは私の管轄範囲に含まれます。」
0x0100009800012ADE,304,452,Rizia/Turn 3/SnO_ZilleSecurityDebrief,Player_Romus,en,「我々の話し合いは意図的にあなたから隠されたわけでも、事前に計画されていたわけでもない。早くお知らせできず、容赦してくれ。」
0x0100009800012AE5,304,453,Rizia/Turn 3/SnO_ZilleSecurityDebrief,Player_Romus,en,「私が誰と、いつ話すかを疑問視するのはあなたの役目ではない。知る価値のある情報があれば、私が適切だと判断した時に必ず共有する。」
0x0100009800012AF1,304,454,Rizia/Turn 3/SnO_ZilleSecurityDebrief,Player_Romus,en,「それは私の記憶から抜け落ちていた。」
0x0100009800012AF6,304,455,Rizia/Turn 3/SnO_ZilleSecurityDebrief,Player_Romus,en,「ティトゥスと私は先日その件について話し合った。ずっとあなたに相談したいと思っていたのだ。」
0x0100009800012B05,304,457,Rizia/Turn 3/SnO_ZilleSecurityDebrief,Narrator,en,ルシータは顔をしかめた。
0x0100009800012B0D,304,458,Rizia/Turn 3/SnO_ZilleSecurityDebrief,Lucita Azaro,en,「ええ、そうです。」
0x0100009800012B1C,304,462,Rizia/Turn 3/SnO_ZilleSecurityDebrief,Titus Gordion,en,「実を言うと……前回陛下とお話しした時、近衛兵たちは陛下の全面的なご支援を得ているものだと思っておりました。」
0x0100009800012B24,304,463,Rizia/Turn 3/SnO_ZilleSecurityDebrief,Titus Gordion,en,「先日のお話しを通してかなり楽観的な期待を抱くようになりましたが、それが現実には叶わないというのは残念でなりません。」
0x0100009800012B2B,304,464,Rizia/Turn 3/SnO_ZilleSecurityDebrief,Titus Gordion,en,「これが今後の約束事を示唆するものでないことを願っております、陛下。」
0x0100009800012B32,304,465,Rizia/Turn 3/SnO_ZilleSecurityDebrief,Player_Romus,en,「根拠のない中傷はもうやめよ。状況は変わり得るのだ。私は近衛兵の利益ではなく、リジアの最善の利益のために決断を下さねばならない。」
0x0100009800012B38,304,466,Rizia/Turn 3/SnO_ZilleSecurityDebrief,Player_Romus,en,「私はあなたを近衛兵として尊敬している、ゴルディオン隊長。だが、これは国際的にも敏感な事案だ。相応の厳粛さをもって対処しなければならない。」
0x0100009800012B3E,304,467,Rizia/Turn 3/SnO_ZilleSecurityDebrief,Player_Romus,en,「時には、どんなによく練られた計画であっても予期せぬ展開を見せることがある。必ずお詫びし、埋め合わせをする。」
0x0100009800012B44,304,468,Rizia/Turn 3/SnO_ZilleSecurityDebrief,Player_Romus,en,「私も引き続きあなたを全面的に支援し続ける。この調査の進め方については、アザロ女公爵の意見に賛同している。」
0x0100009800012B60,304,473,Rizia/Turn 3/SnO_ZilleSecurityDebrief,Titus Gordion,en,「しかし、近衛兵への全面的な支援を以前お示しになったことを考えると、私としては失望を隠せません。」
0x0100009800012B66,304,474,Rizia/Turn 3/SnO_ZilleSecurityDebrief,Player_Romus,en,「近衛兵への私の支持はこれまでと変わらず揺るぎないものだ。あなたの仄めかしには根拠がない。状況は変わるから、リジアの最善の利益のために決断を下さなければならない。」
0x0100009800012B6C,304,475,Rizia/Turn 3/SnO_ZilleSecurityDebrief,Player_Romus,en,「私もまた、あなたに対して失望を感じざるを得ない。キャプテンよ、あなたこそが自分の立場をわきまえ、リジア全体の利益のために下された決定を尊重すべきだ。」
0x0100009800012B72,304,476,Rizia/Turn 3/SnO_ZilleSecurityDebrief,Player_Romus,en,「人生というものは、どんなによく計画を立てていても予期せぬ出来事をもたらすものだ。必ずお償いしよう。」
0x0100009800012B78,304,477,Rizia/Turn 3/SnO_ZilleSecurityDebrief,Player_Romus,en,「私も引き続きあなたを全面的に支援し続ける。ただ、この調査の進め方についてはアザロ女公爵と同じ見解を持っているだけだ。」
0x0100009800012B96,304,482,Rizia/Turn 3/SnO_ZilleSecurityDebrief,Lucita Azaro,en,「わかりました。ですが今後は、機密性の高い国内治安会議にも私を招いてください。その場で話し合いに参加できれば光栄です。」
0x0100009800012B9D,304,483,Rizia/Turn 3/SnO_ZilleSecurityDebrief,Player_Romus,en,「必要だと私が判断した場合にのみ、あなたをそのような会議に招くことにする。」
0x0100009800012BA4,304,484,Rizia/Turn 3/SnO_ZilleSecurityDebrief,Player_Romus,en,「検討してみよう。」
0x0100009800012BB1,304,485,Rizia/Turn 3/SnO_ZilleSecurityDebrief,Player_Romus,en,「ああ。次回は必ずあなたも参加させる。これは単発の出来事に過ぎない。」
0x0100009800012BBC,304,486,Rizia/Turn 3/SnO_ZilleSecurityDebrief,Narrator,en,ルシータは苛立ちを込めてため息をついた。
0x0100009800012BC1,304,487,Rizia/Turn 3/SnO_ZilleSecurityDebrief,Lucita Azaro,en,「ともかく……」
0x0100009800012BCB,304,488,Rizia/Turn 3/SnO_ZilleSecurityDebrief,Lucita Azaro,en,「ありがとうございます、陛下。いずれにせよ……」
0x0100009800012BD6,304,489,Rizia/Turn 3/SnO_ZilleSecurityDebrief,Narrator,en,ルシータは苛立ちのため息をついた。
0x0100009800012BE8,304,491,Rizia/Turn 3/SnO_ZilleSecurityDebrief,Lucita Azaro,en,「それでもなお……」
0x010000520005C904,304,493,Rizia/Turn 3/SnO_ZilleSecurityDebrief,Narrator,en,ルシータは歯を食いしばった。
0x010000520005C90A,304,494,Rizia/Turn 3/SnO_ZilleSecurityDebrief,Lucita Azaro,en,「あなたが『煩雑な手続き』と呼ぶものは、私にとっては責任の明確化です。あなたは法の範囲外で行動する許可を求めているのです。」
0x010000520005C911,304,495,Rizia/Turn 3/SnO_ZilleSecurityDebrief,Titus Gordion,en,「私は、現在活動しているどの部門よりも機敏で柔軟な法執行機関となるための許可を願っております。そうすれば我々双方に利益がもたらされるでしょう。」
0x010000520005C918,304,496,Rizia/Turn 3/SnO_ZilleSecurityDebrief,Titus Gordion,en,「私の指揮下に完全な部隊がいれば、イザへチームを派遣して、スー・オミナがこの出来事に関与しているかどうかを確認することも容易にできます。」
0x010000520005C91F,304,497,Rizia/Turn 3/SnO_ZilleSecurityDebrief,Lucita Azaro,en,「陛下、確かにその通りでございますが、国家安全保障は近衛兵ゴルディオンの専門分野ではないという事実は変わりません。」
0x010000520005C926,304,498,Rizia/Turn 3/SnO_ZilleSecurityDebrief,Lucita Azaro,en,「この件について話し合う機会ができましたので、恐れ入りますが、国家安全保障はゴルディオン隊長の専門分野ではないことを丁寧に指摘しておきます。」
0x010000520005C932,304,499,Rizia/Turn 3/SnO_ZilleSecurityDebrief,Titus Gordion,en,「陛下、先日は近衛兵の人数や任務範囲を再拡大することについて懸念の意を示されましたね。しかし今回の出来事は、我々が自らの能力を示す絶好の機会となるでしょう。」
0x010000520005C93A,304,500,Rizia/Turn 3/SnO_ZilleSecurityDebrief,Narrator,en,ルシータは優しく声を上げた。
0x0100005F0000046B,305,3,Rizia/Turn 3/FPnT_QueenBeatriceVisit,Narrator,en,ヴィナ、エステラ、そして私はパラス・レズナの最も豪華な客室に座り、ベアトリス・リヴィングストン女王の到着を待っていた。
0x0100005F00000472,305,4,Rizia/Turn 3/FPnT_QueenBeatriceVisit,Pabel Adria,en,「メルコパ四隅の女王にして、ツァルスボウ城の守護者、静穏海の征服者、ルムの古き地々の堅固な保護者、最も高貴なエドワード第一王の子孫であり、ルンブルクの統治者でもあるベアトリス・リヴィングストン陛下をご紹介します。」
0x0100005F00000478,305,5,Rizia/Turn 3/FPnT_QueenBeatriceVisit,Narrator,en,パベルが客室のドアから入ってきた。彼は深く息を吸った。
0x0100005F0000047F,305,6,Rizia/Turn 3/FPnT_QueenBeatriceVisit,Narrator,en,彼が脇に退くと、ベアトリス女王が入ってきた。彼女はティアラと同じ色合いのエメラルドグリーンのドレスを身につけていた。
0x0100005F00000486,305,7,Rizia/Turn 3/FPnT_QueenBeatriceVisit,Narrator,en,ヴィナ、エステラ、そして私は立ち上がって女王を迎えた。
0x0100005F0000048D,305,8,Rizia/Turn 3/FPnT_QueenBeatriceVisit,Player_Romus_Italic,en,私は義姉の頬にキスをした。彼女も温かく応えてくれた。
0x0100005F0000048D,305,8,Rizia/Turn 3/FPnT_QueenBeatriceVisit,Player_Romus_Italic,Menu Text en,ベアトリスの頬にキスをする
0x0100005F00000495,305,9,Rizia/Turn 3/FPnT_QueenBeatriceVisit,Player_Romus_Italic,en,私は義姉の手を取ってキスをした。彼女は私の姿を上から下まで見つめた。
0x0100005F00000495,305,9,Rizia/Turn 3/FPnT_QueenBeatriceVisit,Player_Romus_Italic,Menu Text en,彼女の手にキスをする
0x0100005F0000049D,305,10,Rizia/Turn 3/FPnT_QueenBeatriceVisit,Player_Romus_Italic,en,私は義姉の手を握った。彼女も力強く私の手を握り返した。
0x0100005F0000049D,305,10,Rizia/Turn 3/FPnT_QueenBeatriceVisit,Player_Romus_Italic,Menu Text en,彼女と握手をする
0x0100005F000004A5,305,11,Rizia/Turn 3/FPnT_QueenBeatriceVisit,Player_Romus_Italic,en,私は義姉を抱きしめた。彼女も温かく応えてくれた。
0x0100005F000004A5,305,11,Rizia/Turn 3/FPnT_QueenBeatriceVisit,Player_Romus_Italic,Menu Text en,彼女を抱きしめる
0x0100005F000004AD,305,12,Rizia/Turn 3/FPnT_QueenBeatriceVisit,Beatrice Livingston (R),en,「陛下、お会いできて大変光栄です。戴冠式の際にはほとんどお話しする機会がありませんでした。」
0x0100005F000004B7,305,13,Rizia/Turn 3/FPnT_QueenBeatriceVisit,Beatrice Livingston (R),en,「そして、私の愛しい姪もです！」
0x0100005F000004C4,305,14,Rizia/Turn 3/FPnT_QueenBeatriceVisit,Narrator,en,彼女はヴィナの方へ向き直った。
0x0100005F000004CB,305,15,Rizia/Turn 3/FPnT_QueenBeatriceVisit,Beatrice Livingston (R),en,「陛下、日に日にお母様によくお似合いになってきますね。あなた様が今のような方に成長されたことを、お父上もきっと誇りに思われるでしょう。」
0x0100005F000004EE,305,16,Rizia/Turn 3/FPnT_QueenBeatriceVisit,Narrator,en,ベアトリスは彼女をしっかりと抱きしめた後、私の母のもとへ向かった。
0x0100005F000004F5,305,17,Rizia/Turn 3/FPnT_QueenBeatriceVisit,Estela Toras,en,「ベアトリス女王陛下」
0x0100005F000004FC,305,18,Rizia/Turn 3/FPnT_QueenBeatriceVisit,Beatrice Livingston (R),en,「エステラ・トラス陛下。」
0x0100005F00000503,305,19,Rizia/Turn 3/FPnT_QueenBeatriceVisit,Narrator,en,彼女は顔を上に向けて、軽く鼻を鳴らした。
0x0100005F0000050A,305,20,Rizia/Turn 3/FPnT_QueenBeatriceVisit,Beatrice Livingston (R),en,「宮殿は相変わらず壮麗ですが、お掃除を担当している方と話をする必要があるように思えます。訪れるたびに、ごくわずかですがゴミのような臭いがします。」
0x0100005F00000511,305,21,Rizia/Turn 3/FPnT_QueenBeatriceVisit,Estela Toras,en,「奇妙ですな、確かに不快な熱風の流れを感じるようですが、それもあなたが入ってきてからのことです。」
0x0100005F00000518,305,22,Rizia/Turn 3/FPnT_QueenBeatriceVisit,Player_Romus,en,「皆さん、礼儀正しくしてくれ。重要な国政の問題を話し合わなければならない。」
0x0100005F0000051F,305,23,Rizia/Turn 3/FPnT_QueenBeatriceVisit,Player_Romus,en,「座ろうか？」
0x0100005F00000526,305,24,Rizia/Turn 3/FPnT_QueenBeatriceVisit,Player_Romus,en,「パベル、至急これらの問題を調査してくれ。宮殿内の空気質が悪化している可能性がある。」
0x0100005F0000052D,305,25,Rizia/Turn 3/FPnT_QueenBeatriceVisit,Narrator,en,パベルは戸惑いながら片眉を上げた。
0x0100005F00000534,305,26,Rizia/Turn 3/FPnT_QueenBeatriceVisit,Pabel Adria,en,「すぐにお手伝いいたします、陛下。」
0x0100005F00000548,305,27,Rizia/Turn 3/FPnT_QueenBeatriceVisit,Estela Toras,en,「それでは失礼いたします。宮殿の向こう側で非常に急ぎの用事がありますので。」
0x0100005F0000054F,305,28,Rizia/Turn 3/FPnT_QueenBeatriceVisit,Estela Toras,en,「失礼します、もう退室させていただきます。宮殿の向こう側で非常に急ぎの用事がありまして。」
0x0100005F00000555,305,29,Rizia/Turn 3/FPnT_QueenBeatriceVisit,Beatrice Livingston (R),en,「どうぞ、殿下。我々の会話など、殿下が慣れ親しんでいるような賑やかな宴と比べればはるかに退屈なものです。」
0x0100005F0000055E,305,30,Rizia/Turn 3/FPnT_QueenBeatriceVisit,Beatrice Livingston (R),en,「ヴィナ、あなたも一緒に行きましょう。夕食の時にまた話せばいいですから。」
0x0100005F0000056C,305,31,Rizia/Turn 3/FPnT_QueenBeatriceVisit,Narrator,en,ヴィナはしぶしぶうなずいた。
0x0100005F00000573,305,32,Rizia/Turn 3/FPnT_QueenBeatriceVisit,Vina Toras,en,「もちろんです、ベアトリス・リヴィングストンおば様。ご用が済みましたら、使用人に私の部屋を訪ねさせてください。」
0x0100005F0000057A,305,33,Rizia/Turn 3/FPnT_QueenBeatriceVisit,Narrator,en,彼は我々のために磁器のカップを二つ用意し、その後ヴィナと私の母を連れて外へ出て行った。
0x0100005F00000581,305,34,Rizia/Turn 3/FPnT_QueenBeatriceVisit,Player_Romus,en,「エステラ・トラス王太后は質素な環境で育たれたが、王家の一員だ。その身分に相応しい敬意を払ってくれ。」
0x0100005F00000588,305,35,Rizia/Turn 3/FPnT_QueenBeatriceVisit,Beatrice Livingston (R),en,「陛下、どういう意味でしょうか？」
0x0100005F0000058F,305,36,Rizia/Turn 3/FPnT_QueenBeatriceVisit,Player_Romus,en,「あなたの家族は元気か？」
0x0100005F00000596,305,37,Rizia/Turn 3/FPnT_QueenBeatriceVisit,Player_Romus,en,「このような光栄を与えてくださったのは、一体何故だろうか、あなた？」
0x0100005F0000059D,305,38,Rizia/Turn 3/FPnT_QueenBeatriceVisit,Player_Romus_Italic,en,私はルンブルク人の茶を一口飲んだ。レナはその土っぽい味わいをとても気に入っていたが、私にはなかなか慣れることができなかった。
0x0100005F0000059D,305,38,Rizia/Turn 3/FPnT_QueenBeatriceVisit,Player_Romus_Italic,Menu Text en,お茶を飲む
0x0100005F000005A4,305,39,Rizia/Turn 3/FPnT_QueenBeatriceVisit,Beatrice Livingston (R),en,「まず最初に。」
0x0100005F000005AB,305,40,Rizia/Turn 3/FPnT_QueenBeatriceVisit,Beatrice Livingston (R),en,「素晴らしいです。王妃ボリスより心からのお詫びを申し上げます。彼女は航空軍の訓練を監督しなければならなかったのです。」
0x0100005F0000064A,305,41,Rizia/Turn 3/FPnT_QueenBeatriceVisit,Beatrice Livingston (R),en,「陛下、もちろん我々は同じ年齢ですが、私が王冠を戴いている期間は陛下よりもずっと長いのです。」
0x0100005F00000650,305,42,Rizia/Turn 3/FPnT_QueenBeatriceVisit,Beatrice Livingston (R),en,「私や我が国は、コンタナ条約機構におけるヴェーレン共和国やその後ろ盾との対処において、はるかに豊富な経験を持っております。」
0x0100005F0000065D,305,46,Rizia/Turn 3/FPnT_QueenBeatriceVisit,Beatrice Livingston (R),en,「陛下、爆破事件の犯人を突き止めるためにご自身の調査員を派遣されるのは良い始まりです。それによってスモラク大統領に、あなた様が彼の条件に従うつもりはないことを示せます。」
0x0100005F0000066A,305,50,Rizia/Turn 3/FPnT_QueenBeatriceVisit,Beatrice Livingston (R),en,「自国の民をその爆撃の責任者だと見なすことで、最初からご自身を弱い立場に置かれているのです。」
0x0100005F00000671,305,51,Rizia/Turn 3/FPnT_QueenBeatriceVisit,Beatrice Livingston (R),en,「正当な内容の演説に対してスモラク大統領に謝罪することで、最初から自らを弱い立場に追い込んでいるのです、陛下。」
0x0100005F00000677,305,52,Rizia/Turn 3/FPnT_QueenBeatriceVisit,Beatrice Livingston (R),en,「しかし、その後の対応はどうなさるおつもりですか？もしスモラク氏がジルに対する支配を放棄しなかった場合は何をなさいますか？」
0x0100005F0000067E,305,53,Rizia/Turn 3/FPnT_QueenBeatriceVisit,Player_Romus,en,「そのようなことは起こらない。スモラク大統領は法の支配を尊重するだろう。」
0x0100005F00000685,305,54,Rizia/Turn 3/FPnT_QueenBeatriceVisit,Player_Romus,en,「どうしてもなら、私は戦う覚悟ができている。」
0x0100005F0000068C,305,55,Rizia/Turn 3/FPnT_QueenBeatriceVisit,Player_Romus,en,「我々は合意に達するまで外交を続けていく。」
0x0100005F00000693,305,56,Rizia/Turn 3/FPnT_QueenBeatriceVisit,Player_Romus,en,「ヴェーレンに関してはルンブルクに独自の考えがあることは承知している。リジアの道はそれとは異なるものになるだろう。」
0x0100005F0000069A,305,57,Rizia/Turn 3/FPnT_QueenBeatriceVisit,Beatrice Livingston (R),en,「我々の唯一の目的は、予測不可能なこの政権が近隣諸国にもたらす脅威を排除することです。陛下も含めてです。」
0x0100005F000006A0,305,58,Rizia/Turn 3/FPnT_QueenBeatriceVisit,Beatrice Livingston (R),en,「それならば、ルンブルクの助けが必要でしょう。」
0x0100005F000006B5,305,59,Rizia/Turn 3/FPnT_QueenBeatriceVisit,Beatrice Livingston (R),en,「そのため、陛下が置かれているこの厳しい状況において、ルンブルクは支援を提供する用意がございます。」
0x0100005F000006BD,305,60,Rizia/Turn 3/FPnT_QueenBeatriceVisit,Beatrice Livingston (R),en,「それは実に素晴らしいことのようです、陛下。ですが交渉の場に着いてみると、自分のポケットが空っぽだと気づくでしょう。」
0x0100005F000006CA,305,61,Rizia/Turn 3/FPnT_QueenBeatriceVisit,Beatrice Livingston (R),en,「次にどうするつもりですか？もしスモラク氏がジルを手放さない場合、陛下はどのような行動を取るおつもりですか？」
0x0100005F000006E3,305,68,Rizia/Turn 3/FPnT_QueenBeatriceVisit,Beatrice Livingston (R),en,「陛下、あなたは自国の民がその攻撃の責任があるとは否定されました。しかし、スモラク大統領があなたの言葉をそのまま信じないことをご理解いただく必要があります。」
0x0100005F000006F0,305,69,Rizia/Turn 3/FPnT_QueenBeatriceVisit,Beatrice Livingston (R),en,「陛下、これまでその事件について何のご意見もお示しになっていません。スモラク大統領はそれを有罪の認否と受け取ることでしょう。」
0x0100005F0000070B,305,73,Rizia/Turn 3/FPnT_QueenBeatriceVisit,Player_Romus,en,「私は既にジルでリジアの文化団体に資金を提供している。そうすれば地元民も私の側につくはずだ。」
0x0100005F00000714,305,74,Rizia/Turn 3/FPnT_QueenBeatriceVisit,Beatrice Livingston (R),en,「良き君主とは、あらゆる事態を先回りして考えなければなりません。たとえそれがどんなに起こりそうにないことだと思ってもです。」
0x0100005F0000071A,305,75,Rizia/Turn 3/FPnT_QueenBeatriceVisit,Beatrice Livingston (R),en,「なるほど。控えめなやり方ですね。」
0x0100005F00000736,305,76,Rizia/Turn 3/FPnT_QueenBeatriceVisit,Narrator,en,ベアトリス・リヴィングストンは身を乗り出し、私の視線を受け止めた。
0x0100005F00000746,305,77,Rizia/Turn 3/FPnT_QueenBeatriceVisit,Player_Romus,en,「これは家族の訪問だと思っていた、あなた。政治的な話は別の機会にしないか？」
0x0100005F0000074D,305,78,Rizia/Turn 3/FPnT_QueenBeatriceVisit,Player_Romus,en,「これまでの長い年月、あなたは我々を大変助けてくれた。これ以上何も頼むつもりはない。」
0x0100005F00000758,305,79,Rizia/Turn 3/FPnT_QueenBeatriceVisit,Player_Romus,en,「どうぞ、ベアトリス女王。続けてくれ。」
0x0100005F000007DB,305,80,Rizia/Turn 3/FPnT_QueenBeatriceVisit,Beatrice Livingston (R),en,「陛下、お願いする必要はございません。」
0x0100005F000007E9,305,84,Rizia/Turn 3/FPnT_QueenBeatriceVisit,Narrator,en,彼女は私を鋭い視線で見つめた。レナが彼女にどれだけ話したのか、私は不思議に思った。
0x0100005F000007F0,305,85,Rizia/Turn 3/FPnT_QueenBeatriceVisit,Narrator,en,彼女は真に同情しているような眼差しで私を見つめた。
0x0100005F000007F7,305,86,Rizia/Turn 3/FPnT_QueenBeatriceVisit,Beatrice Livingston (R),en,「陛下、私が提案する案はこうです。」
0x01000062000000F5,305,87,Rizia/Turn 3/FPnT_QueenBeatriceVisit,Pabel Adria,en,「少々お待ちください。私が二人を見送ります。」
0x01000062000000FC,305,88,Rizia/Turn 3/FPnT_QueenBeatriceVisit,Narrator,en,パベルはベアトリス・リヴィングストンと私をビロード製のアームチェアへと案内した。その隣にはテーブルがあり、そこには大きな銀製のルンブルク人用茶入れが置かれていた。
0x010000620000015E,305,89,Rizia/Turn 3/FPnT_QueenBeatriceVisit,Beatrice Livingston (R),en,「王女様の結婚計画はどのように進んでおりますか？」
0x0100006200000165,305,90,Rizia/Turn 3/FPnT_QueenBeatriceVisit,Player_Romus,en,「なぜだ？あなたの長男はまだ独身なのか？」
0x0100006200000175,305,91,Rizia/Turn 3/FPnT_QueenBeatriceVisit,Player_Romus,en,「私には分からない。彼女の結婚を取り計らうつもりはないと伝えただけだ。」
0x010000620000017B,305,92,Rizia/Turn 3/FPnT_QueenBeatriceVisit,Beatrice Livingston (R),en,「とんでもありません。私のブラッドリーはまだトムプスフォート女公爵と婚約しております。」
0x0100006200000182,305,93,Rizia/Turn 3/FPnT_QueenBeatriceVisit,Beatrice Livingston (R),en,「陛下、私としても王家間の結婚という伝統を続けたいとは思っておりますが、北西部ルンブルクの継続的な忠誠を得るためにはこの縁組が必要です。ご理解いただけますよね。」
0x0100006200000189,305,94,Rizia/Turn 3/FPnT_QueenBeatriceVisit,Player_Romus,en,「残念だね。きっと素晴らしい子供たちが生まれていただろう。」
0x0100006200000190,305,95,Rizia/Turn 3/FPnT_QueenBeatriceVisit,Player_Romus,en,「確かに。あなたの賢明な取り決めだね。」
0x0100006200000197,305,96,Rizia/Turn 3/FPnT_QueenBeatriceVisit,Player_Romus,en,「冗談だよ。どうか許してくれ、あの二人は従兄弟同士なのだ。」
0x010000620000019E,305,97,Rizia/Turn 3/FPnT_QueenBeatriceVisit,Beatrice Livingston (R),en,「そのようなことは、我々の高貴な先祖たちを決して止めることはできませんでした。」
0x01000062000001AA,305,98,Rizia/Turn 3/FPnT_QueenBeatriceVisit,Beatrice Livingston (R),en,「陛下、我々王族というのは絶滅の危機に瀕している種族なのです。バラ園を大切に育てるように、我々も自分たちの血統をしっかり守らなければなりません。」
0x01000062000001B1,305,99,Rizia/Turn 3/FPnT_QueenBeatriceVisit,Beatrice Livingston (R),en,「陛下の優れた姪君にも、きっと同じくらいふさわしい相手が見つかるでしょう。」
0x01000062000001B8,305,100,Rizia/Turn 3/FPnT_QueenBeatriceVisit,Beatrice Livingston (R),en,「確かに、素晴らしい子供たちが生まれていたでしょう。ですが、私の優秀な姪君にふさわしい相手はきっと他にも見つかるはずです。」
0x01000062000001C5,305,104,Rizia/Turn 3/FPnT_QueenBeatriceVisit,Player_Romus,en,「どうでも構わない。私は既に彼女に、好きな相手と結婚してもよいと伝えている。」
0x01000062000001CC,305,105,Rizia/Turn 3/FPnT_QueenBeatriceVisit,Beatrice Livingston (R),en,「そうだったのですか？なんということでしょう。」
0x01000062000001DC,305,109,Rizia/Turn 3/FPnT_QueenBeatriceVisit,Player_Romus,en,「私は適任者を探しているところだ。おそらく、他の王家の誰かだろう。」
0x01000062000001E9,305,113,Rizia/Turn 3/FPnT_QueenBeatriceVisit,Player_Romus,en,「あなたが直接彼女に尋ねるしかない。我々の間は最近、あまり良くない関係だ。」
0x01000062000001F0,305,114,Rizia/Turn 3/FPnT_QueenBeatriceVisit,Player_Romus,en,「正直なところ、今は頭がいっぱいで、そのことを考える余裕すらありません。」
0x01000062000001FD,305,115,Rizia/Turn 3/FPnT_QueenBeatriceVisit,Beatrice Livingston (R),en,「よろしい。ご存知の通り、我が国の北西部地域の忠誠を得るために、私はブラッドリー家の者をトムプスフォート女公爵に嫁がせると約束したのです。」
0x0100006200000204,305,116,Rizia/Turn 3/FPnT_QueenBeatriceVisit,Beatrice Livingston (R),en,「陛下、我々王族というのは絶滅の危機に瀕している種族なのです。バラ園を大切に育てるように、我々も自分たちの血統をしっかり守らなければなりません。」
0x010000620000029E,305,117,Rizia/Turn 3/FPnT_QueenBeatriceVisit,Beatrice Livingston (R),en,「おや？それは残念でございますね。」
0x01000062000002A5,305,118,Rizia/Turn 3/FPnT_QueenBeatriceVisit,Beatrice Livingston (R),en,「ご存知の通り、私はわずか16歳で父上を亡くしました。長年にわたり、幾度となく彼の導きを願ったものです。」
0x01000062000002AC,305,119,Rizia/Turn 3/FPnT_QueenBeatriceVisit,Beatrice Livingston (R),en,「さあ、もうこれ以上ぐずぐずしてはいけません。未婚の王族というのはタブロイド紙にとって格好の餌食ですから。」
0x01000062000002B3,305,120,Rizia/Turn 3/FPnT_QueenBeatriceVisit,Beatrice Livingston (R),en,「私がブラッドリーとの婚約を決めるまで、あいつらは私のブラッドリーを思う存分いじめ回っていたのです。」
0x01000062000002EB,305,121,Rizia/Turn 3/FPnT_QueenBeatriceVisit,Player_Romus,en,「もしそれが近親交配を意味するのなら、その花園を滅ぼしてしまう方がよいのかもしれない。」
0x01000062000002F2,305,122,Rizia/Turn 3/FPnT_QueenBeatriceVisit,Player_Romus,en,「私も同感だ。だが従兄弟同士は血縁が近すぎて、私としては気が進まない。」
0x01000062000002F9,305,123,Rizia/Turn 3/FPnT_QueenBeatriceVisit,Player_Romus,en,「ここかしこで珍しい植物を育てることに、何の問題もあるとは思えない。」
0x0100006200000300,305,124,Rizia/Turn 3/FPnT_QueenBeatriceVisit,Beatrice Livingston (R),en,「間違った種を選べば、雑草は抜くよりも早く広がってしまうでしょう。」
0x0100006200000307,305,125,Rizia/Turn 3/FPnT_QueenBeatriceVisit,Beatrice Livingston (R),en,「平民よりは従兄弟の方がましなのではありませんか、陛下？」
0x0100006200000315,305,126,Rizia/Turn 3/FPnT_QueenBeatriceVisit,Player_Romus,en,「恐れることはない。トラス家の庭園は、ずっと長い間花開き続けるだろう。」
0x010000620000031D,305,127,Rizia/Turn 3/FPnT_QueenBeatriceVisit,Player_Romus,en,「もしそれが私の娘を不幸な結婚に追い込むことを意味するのなら、その庭園を滅ぼしてしまう方がよいのかもしれない。」
0x0100006200000324,305,128,Rizia/Turn 3/FPnT_QueenBeatriceVisit,Beatrice Livingston (R),en,「陛下、我々王族というのは絶滅の危機に瀕している種族なのです。バラ園を大切に育てるように、我々も自分たちの血統をしっかり守らなければなりません。」
0x010000620000032E,305,129,Rizia/Turn 3/FPnT_QueenBeatriceVisit,Player_Romus,en,「まさに私の考えだ。こうしたことを理解してくれる人と話せて良いね。」
0x0100006200000335,305,130,Rizia/Turn 3/FPnT_QueenBeatriceVisit,Beatrice Livingston (R),en,「いつでも構いません、親愛なる義兄上。」
0x0100006200000346,305,131,Rizia/Turn 3/FPnT_QueenBeatriceVisit,Beatrice Livingston (R),en,「陛下、そのような関係を人生で得られるのは幸運です。大切にしてください。」
0x010000620000034E,305,132,Rizia/Turn 3/FPnT_QueenBeatriceVisit,Beatrice Livingston (R),en,「リヴィングストン家のご助力により、その花園は最も肥沃な土壌でこそ長く美しく咲き続けるのです。」
0x0100006200000358,305,133,Rizia/Turn 3/FPnT_QueenBeatriceVisit,Beatrice Livingston (R),en,「もしその庭園が滅びれば、リヴィングストン家とのご縁も共に消え去ることでしょう。」
0x010000520001728C,305,135,Rizia/Turn 3/FPnT_QueenBeatriceVisit,Narrator,en,その夜、義姉との気軽な夕食会が予定されていた。しかし今は、正式な外交訪問の儀礼を守らなければならなかった。
0x01000052000172A2,305,137,Rizia/Turn 3/FPnT_QueenBeatriceVisit,Player_Romus,en,「彼女は私の顧問団にいるのだよ。」
0x01000052000172A8,305,138,Rizia/Turn 3/FPnT_QueenBeatriceVisit,Player_Romus,en,「彼女は間違いなく、母親と同じように頑固だ。」
0x01000052000172B5,305,142,Rizia/Turn 3/FPnT_QueenBeatriceVisit,Player_Romus,en,「私は彼女を『淑女』などと呼ばない。彼女は王女としての義務を怠ってきたから。」
0x01000052000172BB,305,143,Rizia/Turn 3/FPnT_QueenBeatriceVisit,Beatrice Livingston (R),en,「まあ、なんてことでしょう。これほど若くして、すでに王位を継ぐ準備をしているなんて。」
0x0100005F000004E6,305,144,Rizia/Turn 3/FPnT_QueenBeatriceVisit,Vina Toras,en,「父上、あなたが王位に就かれた時も私より若かったのですね？」
0x01000052000172CB,305,145,Rizia/Turn 3/FPnT_QueenBeatriceVisit,Beatrice Livingston (R),en,「よくできました。父上に苦労をかけるのは、あなたの王族としての義務です。」
0x01000052000172D2,305,146,Rizia/Turn 3/FPnT_QueenBeatriceVisit,Narrator,en,ヴィナは笑った。
0x01000052000172D9,305,147,Rizia/Turn 3/FPnT_QueenBeatriceVisit,Vina Toras,en,「ベアトリス・リヴィングストンおば様にお会いできて、とても嬉しいです。」
0x01000052000172E4,305,148,Rizia/Turn 3/FPnT_QueenBeatriceVisit,Narrator,en,ベアトリス女王はヴィナに厳しい表情を作って見せた。
0x01000052000172EB,305,149,Rizia/Turn 3/FPnT_QueenBeatriceVisit,Beatrice Livingston (R),en,「陛下、お父上に厳しく当たるのは陛下の王としての義務です。どうやらその役目を見事に果たされているようですね。」
0x01000052000172F3,305,150,Rizia/Turn 3/FPnT_QueenBeatriceVisit,Player_Romus,en,「私もそう思う。そして、レナもきっと同じように思っただろう。」
0x0100005200017300,305,154,Rizia/Turn 3/FPnT_QueenBeatriceVisit,Narrator,en,ヴィナは満面の笑みを浮かべた。
0x0100005200017308,305,155,Rizia/Turn 3/FPnT_QueenBeatriceVisit,Narrator,en,ヴィナはかすかな笑みを浮かべることができた。
0x0100005200017310,305,156,Rizia/Turn 3/FPnT_QueenBeatriceVisit,Narrator,en,二人の女性は互いに空中キスを交わし、その後一歩下がってお互いを見つめ合った。
0x0100005200017317,305,157,Rizia/Turn 3/FPnT_QueenBeatriceVisit,Estela Toras,en,「そうでございますか？」
0x0100005200017323,305,159,Rizia/Turn 3/FPnT_QueenBeatriceVisit,Narrator,en,ベアトリス・リヴィングストンは自分の従者たちに外で待つよう合図した。我々はそれぞれの席に着いた。
0x010000520001732A,305,160,Rizia/Turn 3/FPnT_QueenBeatriceVisit,Beatrice Livingston (R),en,「陛下、あなたのお母上は実に魅力的だと思います。彼女に関するあの悪質な噂など、私は一切信じていませんでした。」
0x0100005200017337,305,161,Rizia/Turn 3/FPnT_QueenBeatriceVisit,Narrator,en,ベアトリス女王は小指を伸ばして自分の杯から一口飲んだ。彼女は満足そうに微笑んだ。
0x0100005F0000081F,305,162,Rizia/Turn 3/FPnT_QueenBeatriceVisit,Beatrice Livingston (R),en,「ご存知の通り、ルンブルクは現在、ヘズェック油の主要な輸入国です。」
0x010000520001736E,305,163,Rizia/Turn 3/FPnT_QueenBeatriceVisit,Beatrice Livingston (R),en,「我々の国は、姉妹への共通の愛情によって結ばれております。このような関係は単なる取引を超えたものです。」
0x0100005200017376,305,164,Rizia/Turn 3/FPnT_QueenBeatriceVisit,Beatrice Livingston (R),en,「もしもう少し直接的な方法をご希望でしたら、私から提案があります。」
0x01000062000000CB,305,166,Rizia/Turn 3/FPnT_QueenBeatriceVisit,Beatrice Livingston (R),en,「もちろん、増加する船舶の輸送量に対応するためには、陛下のモンキズ港を直ちに近代化する必要があります。」
0x01000062000003B1,305,167,Rizia/Turn 3/FPnT_QueenBeatriceVisit,Player_Romus,en,「我々は常に先を行こうと努めている。」
0x0100006200000232,305,168,Rizia/Turn 3/FPnT_QueenBeatriceVisit,Player_Romus,en,「私はこれを気に入った。ヴェーレンからの石油の調達量を減らし、その分は天然ガスや他のエネルギー源で補えばよいのだ。」
0x01000062000003BA,305,169,Rizia/Turn 3/FPnT_QueenBeatriceVisit,Player_Romus,en,「たとえ役に立たず、必要でさえない計画に対して、そんな多くを求めるのは無理がある。」
0x01000062000000B8,305,170,Rizia/Turn 3/FPnT_QueenBeatriceVisit,Beatrice Livingston (R),en,「私としては、我々の金鉱石輸送に使われている船の中に、液化天然ガスを運ぶために改造可能なものがあるはずだと確信しております。」
0x01000062000003AA,305,171,Rizia/Turn 3/FPnT_QueenBeatriceVisit,Player_Romus,en,「その件は手配いたしよう。」
0x0100006200000226,305,172,Rizia/Turn 3/FPnT_QueenBeatriceVisit,Player_Romus,en,「正直言って、我が国と他国との現在の貿易関係には満足している。それを複雑にしたくない。」
0x010000620000037A,305,173,Rizia/Turn 3/FPnT_QueenBeatriceVisit,Player_Romus,en,「興味深いね。しかし、リジア産のガスがここからどうやってルンブルクまで運ばれるというのだろうか？」
0x0100006200000383,305,174,Rizia/Turn 3/FPnT_QueenBeatriceVisit,Player_Romus,en,「あなたがこれまで購入してきた石油をすべて交換しなければならないのか？一部だけでもいいのでは？」
0x0100006200000392,305,175,Rizia/Turn 3/FPnT_QueenBeatriceVisit,Player_Romus,en,「ですから、ヴェーレンには他の顧客を見つけることができないとお考えなのか？」
0x0100006200000406,305,176,Rizia/Turn 3/FPnT_QueenBeatriceVisit,Player_Romus,en,「これは重大な約束だ。もし私がその約束を守れなかった場合、どうなるのだろうか？」
0x010000620000038A,305,177,Rizia/Turn 3/FPnT_QueenBeatriceVisit,Beatrice Livingston (R),en,「陛下、ルンブルクはヴェーレンへのエネルギー依存から完全に脱却したいと考えております。」
0x010000620000039A,305,178,Rizia/Turn 3/FPnT_QueenBeatriceVisit,Beatrice Livingston (R),en,「信じられないかもしれませんが、ヴィクトル・スモラクによってヴェーレンはほとんどの隣国との関係を悪化させてしまったのです。」
0x010000620000040C,305,179,Rizia/Turn 3/FPnT_QueenBeatriceVisit,Beatrice Livingston (R),en,「より信頼できる交易相手を見つけ出さなければなりません。エネルギーだけでなく、その他の資材においてもです。」
0x01000062000003C1,305,180,Rizia/Turn 3/FPnT_QueenBeatriceVisit,Beatrice Livingston (R),en,「それで？その案についてどう思われますか？」
0x01000062000003D4,305,181,Rizia/Turn 3/FPnT_QueenBeatriceVisit,Player_Romus,en,「何も約束することはできない。確かにリジアはエネルギー源の探求範囲を広げているが、我々には他にも検討中の買い手がおりる。」
0x0100006200000436,305,182,Rizia/Turn 3/FPnT_QueenBeatriceVisit,Beatrice Livingston (R),en,「素晴らしいですね。では、どれくらい石油の購入量を減らせばよろしいのでしょうか？」
0x0100006200000444,305,183,Rizia/Turn 3/FPnT_QueenBeatriceVisit,Player_Romus,en,「輸入量を半分にできるか？我々は今、備蓄から一部を提供し、将来的にもさらに供給する。」
0x0100006200000444,305,183,Rizia/Turn 3/FPnT_QueenBeatriceVisit,Player_Romus,Menu Text en,「輸入量を半分にできるか？我々は今すぐ在庫から一部を提供し、将来的にもさらに供給する。」［エネルギー-2、毎ターン エネルギー-1、毎ターン 予算+1］
0x010000620000044B,305,184,Rizia/Turn 3/FPnT_QueenBeatriceVisit,Player_Romus,en,「もう構わない、閣下。ヴェーレンとの交易を完全に断ち切ってくれ。」
0x010000620000044B,305,184,Rizia/Turn 3/FPnT_QueenBeatriceVisit,Player_Romus,Menu Text en,「もうどうでもいい、閣下。ヴェーレンとの交流を完全に断ち切ろう。」［エネルギー-3、毎ターン エネルギー-2、毎ターン 予算+2］
0x0100006200000452,305,185,Rizia/Turn 3/FPnT_QueenBeatriceVisit,Narrator,en,ベアトリスは微笑んだ。
0x0100006200000459,305,186,Rizia/Turn 3/FPnT_QueenBeatriceVisit,Beatrice Livingston (R),en,「とても大胆ですね。私の姉は、中途半端な態度を取る男とは結婚しませんでした。」
0x010000620000046D,305,187,Rizia/Turn 3/FPnT_QueenBeatriceVisit,Beatrice Livingston (R),en,「陛下、そんなに簡単にご家族を見捨てるおつもりですか？」
0x0100006200000474,305,188,Rizia/Turn 3/FPnT_QueenBeatriceVisit,Beatrice Livingston (R),en,「本当にそのようにお考えですか？両国間の関係は常に維持していく必要があることをお忘れなきように。」
0x0100006200000424,305,190,Rizia/Turn 3/FPnT_QueenBeatriceVisit,Beatrice Livingston (R),en,「なるほど。よくやった。」
0x010000620000042B,305,191,Rizia/Turn 3/FPnT_QueenBeatriceVisit,Beatrice Livingston (R),en,「たとえガスを供給してくださらなくても、あの港を最高の状態に整えていただければ、我々の金鉱貿易はより効率的に進むでしょう。」
0x010000520001739D,305,192,Rizia/Turn 3/FPnT_QueenBeatriceVisit,Beatrice Livingston (R),en,「もし我々が輸入量を大幅に削減すれば、財政的な圧力――ひいては陛下がヴェーレンに対して持つ影響力も――かなり大きくなるでしょう。」
0x01000052000173A4,305,193,Rizia/Turn 3/FPnT_QueenBeatriceVisit,Player_Romus,en,「待ってくれ。ヴェーレンからどれほどの量の石油を輸入しているのか？」
0x01000052000173AB,305,194,Rizia/Turn 3/FPnT_QueenBeatriceVisit,Player_Romus,en,「私はあなたがヴェーレンを嫌っていると思っていた。それなのに、彼らの石油を買うのか？」
0x01000052000173B2,305,195,Rizia/Turn 3/FPnT_QueenBeatriceVisit,Beatrice Livingston (R),en,「そんなに驚かないでください。これは便宜上の提携に過ぎません。」
0x01000052000173B9,305,196,Rizia/Turn 3/FPnT_QueenBeatriceVisit,Beatrice Livingston (R),en,「陛下、もし我々の購入注文が減少すれば、国の経済に深刻な打撃を与えるほどの量です。」
0x01000052000173C8,305,197,Rizia/Turn 3/FPnT_QueenBeatriceVisit,Player_Romus,en,「私にはヴェーレンに対する影響力など必要ない。」
0x01000052000173D6,305,198,Rizia/Turn 3/FPnT_QueenBeatriceVisit,Beatrice Livingston (R),en,「私が陛下に差し出すのは、圧力だけではありません。」
0x01000052000173DD,305,199,Rizia/Turn 3/FPnT_QueenBeatriceVisit,Beatrice Livingston (R),en,「実のところ、私と側近たちは新たなエネルギー分野での提携を築くことについて話し合ってきました。」
0x01000052000173EC,305,200,Rizia/Turn 3/FPnT_QueenBeatriceVisit,Beatrice Livingston (R),en,「実は、リジアはかなりの量の天然ガスを手に入れようとしているのですね？」
0x01000052000173F3,305,201,Rizia/Turn 3/FPnT_QueenBeatriceVisit,Player_Romus,en,「ああ、新しいガス田を発見した。とても興味深いことだ。」
0x01000052000173FA,305,202,Rizia/Turn 3/FPnT_QueenBeatriceVisit,Player_Romus,en,「まだ分からない。我々の科学者たちが今、詳細を調査中だ。」
0x0100005200017401,305,203,Rizia/Turn 3/FPnT_QueenBeatriceVisit,Player_Romus,en,「少なくともその一部はパレスのものだ。」
0x0100005200017408,305,204,Rizia/Turn 3/FPnT_QueenBeatriceVisit,Player_Romus,en,「リジアにはすでに十分な量の天然ガスがある。これ以上は必要としていない。」
0x0100005200017416,305,205,Rizia/Turn 3/FPnT_QueenBeatriceVisit,Beatrice Livingston (R),en,「ふむ。私の情報が間違っていたのかもしれません。」
0x010000520001741D,305,206,Rizia/Turn 3/FPnT_QueenBeatriceVisit,Beatrice Livingston (R),en,「そうですか。」
0x0100005200017424,305,207,Rizia/Turn 3/FPnT_QueenBeatriceVisit,Beatrice Livingston (R),en,「私は、ヴェゼクの石油の代わりにリジア産のエネルギーをルンブルクが購入するよう提案しようとしていました。」
0x010000520001742B,305,208,Rizia/Turn 3/FPnT_QueenBeatriceVisit,Beatrice Livingston (R),en,「我々は一度に陛下の国を豊かにし、ヴェーレンに関する問題も解決させて差し上げます。」
0x0100005200017433,305,209,Rizia/Turn 3/FPnT_QueenBeatriceVisit,Beatrice Livingston (R),en,「なんと壮大でしょう。」
0x010000520001743A,305,210,Rizia/Turn 3/FPnT_QueenBeatriceVisit,Beatrice Livingston (R),en,「私の提案としましては、ルンブルクがヴェーレンの石油の代わりにリジア産のエネルギーを購入するというものです。」
0x0100005200017442,305,211,Rizia/Turn 3/FPnT_QueenBeatriceVisit,Beatrice Livingston (R),en,「なるほど。非常に興味深いですね。」
0x0100005200017468,305,212,Rizia/Turn 3/FPnT_QueenBeatriceVisit,Beatrice Livingston (R),en,「私と側近たちは、新たなエネルギー分野での提携を築くことについて話し合ってきました。」
0x010000520001746F,305,213,Rizia/Turn 3/FPnT_QueenBeatriceVisit,Player_Romus,en,「リジアを助けるためだけに、自国の民からエネルギーまで奪うつもりか？」
0x0100005200017460,305,214,Rizia/Turn 3/FPnT_QueenBeatriceVisit,Beatrice Livingston (R),en,「私は断じてそんなことはしません。」
0x01000052000174AC,305,216,Rizia/Turn 3/FPnT_QueenBeatriceVisit,Player_Romus,en,「どのような時系列をお考えか？」
0x01000052000174B3,305,217,Rizia/Turn 3/FPnT_QueenBeatriceVisit,Player_Romus,en,「気前が良いね、閣下。しかし、我々がそのガス田にアクセスできるとは保証できない。」
0x0100006200000010,305,218,Rizia/Turn 3/FPnT_QueenBeatriceVisit,Player_Romus,en,「その鉱場のガスをご利用いただけるようにし、ヴェーレンから石油を購入することもなくなる。それであれば好都合だね。」
0x01000052000174BB,305,219,Rizia/Turn 3/FPnT_QueenBeatriceVisit,Beatrice Livingston (R),en,「正直言って、必ずしもあの特定のガス田でなくても構いません。他の供給源でも受け入れます。」
0x01000052000174C3,305,220,Rizia/Turn 3/FPnT_QueenBeatriceVisit,Beatrice Livingston (R),en,「今すぐわずかな量のエネルギーを与えて貯蔵庫に補充していただければ、直ちにヴェーレンとの交流を断つことができます。」
0x01000052000174CB,305,221,Rizia/Turn 3/FPnT_QueenBeatriceVisit,Beatrice Livingston (R),en,「私も大変不快に思います。」
0x01000052000174D2,305,222,Rizia/Turn 3/FPnT_QueenBeatriceVisit,Beatrice Livingston (R),en,「GRACEの仲間たちもきっと同じように行動し、自分たちの縁を断つだろうと私は思います。」
0x01000052000174D9,305,223,Rizia/Turn 3/FPnT_QueenBeatriceVisit,Beatrice Livingston (R),en,「もちろんです、陛下。リジアが軽率な約束をしてしまうことは望みません。ですから、我々の側で部分的な禁輸措置を取ることは可能でございます。」
0x01000052000174EE,305,224,Rizia/Turn 3/FPnT_QueenBeatriceVisit,Beatrice Livingston (R),en,「陛下、我々の備蓄に加えるため、まず少額のエネルギーを前もってご提供いただければ、ヴェゼク油の調達を直ちに中止することができます。」
0x01000052000174F6,305,225,Rizia/Turn 3/FPnT_QueenBeatriceVisit,Beatrice Livingston (R),en,「陛下、移行のために1年間の猶予期間を設けて差し上げます。その後は警告しておきますが、我々の必要量はかなり多くなるでしょう。」
0x01000052000174FE,305,226,Rizia/Turn 3/FPnT_QueenBeatriceVisit,Player_Romus,en,「申し訳ない、閣下。私はすでに興味がないとお伝えしておく。」
0x0100005200017505,305,227,Rizia/Turn 3/FPnT_QueenBeatriceVisit,Beatrice Livingston (R),en,「ああ、そうですか。」
0x010000520001750C,305,228,Rizia/Turn 3/FPnT_QueenBeatriceVisit,Narrator,en,彼女がティーカップをサーバーの上に置いたとき、かすかな音がした。
0x0100005200017513,305,229,Rizia/Turn 3/FPnT_QueenBeatriceVisit,Beatrice Livingston (R),en,「私にとっては、それが最も都合の良い方法だったようです。」
0x0100005200017525,305,231,Rizia/Turn 3/FPnT_QueenBeatriceVisit,Narrator,en,ベアトリス女王は小指を伸ばし、ティーカップを唇に運んだ。彼女は満足げに微笑んだ。
0x010000520001752F,305,232,Rizia/Turn 3/FPnT_QueenBeatriceVisit,Beatrice Livingston (R),en,「まるで故郷のようですね。陛下の執事に感謝いたします。」
0x0100005200017537,305,233,Rizia/Turn 3/FPnT_QueenBeatriceVisit,Beatrice Livingston (R),en,「陛下、即位して1年が経ちましたが、いかがお過ごしでしょうか。ジルで大変な危機に見舞われたことは存じております。」
0x010000520001753E,305,234,Rizia/Turn 3/FPnT_QueenBeatriceVisit,Player_Romus,en,「私は決して恐れたことはない。結局のところ、リジア人が標的だったわけではないのだから。」
0x0100005200017545,305,235,Rizia/Turn 3/FPnT_QueenBeatriceVisit,Player_Romus,en,「ああ、母上と私は命拾いをし、無事に逃げ出すことができた。」
0x010000520001754C,305,236,Rizia/Turn 3/FPnT_QueenBeatriceVisit,Player_Romus,en,「私は、起こった出来事そのものよりも、それがもたらす結果の方をより恐れているのだ。」
0x0100005200017553,305,237,Rizia/Turn 3/FPnT_QueenBeatriceVisit,Player_Romus,en,「私のもとには堅固な警備がある。今ではすべてが制御下にある。」
0x010000520001755A,305,238,Rizia/Turn 3/FPnT_QueenBeatriceVisit,Beatrice Livingston (R),en,「そのように考えるのが正しい方法です。」
0x0100005200017561,305,239,Rizia/Turn 3/FPnT_QueenBeatriceVisit,Beatrice Livingston (R),en,「実のところ、リジア人は一人も傷ついていません。なんと不思議でしょう。」
0x0100005200017568,305,240,Rizia/Turn 3/FPnT_QueenBeatriceVisit,Beatrice Livingston (R),en,「いえ、そうではありませんでした。実に興味深いですね。」
0x010000520001756F,305,241,Rizia/Turn 3/FPnT_QueenBeatriceVisit,Beatrice Livingston (R),en,「それが本当であることを心から願っております。」
0x0100005200017576,305,242,Rizia/Turn 3/FPnT_QueenBeatriceVisit,Beatrice Livingston (R),en,「言うまでもなく、ルンブルクはこの事件の影響を非常に懸念して注視してきました。」
0x0100005200017580,305,243,Rizia/Turn 3/FPnT_QueenBeatriceVisit,Player_Romus,en,「あなたのご心配には、心から感謝している。」
0x0100005200017587,305,244,Rizia/Turn 3/FPnT_QueenBeatriceVisit,Player_Romus,en,「なぜだ？何が起きたのがあなたにどう影響するというのか？」
0x0100005F00000799,305,245,Rizia/Turn 3/FPnT_QueenBeatriceVisit,Player_Romus,en,「あなたはわざわざポルテ・ドラゾンまで来て、私の懸念を伝えに来たというのか？」
0x010000520001758F,305,246,Rizia/Turn 3/FPnT_QueenBeatriceVisit,Narrator,en,彼女はうなずいた。
0x0100005200017596,305,247,Rizia/Turn 3/FPnT_QueenBeatriceVisit,Beatrice Livingston (R),en,「陛下、私がご自身の安全を案じていることに加え、ヴェーレンがこの悲劇を自らの利益のために利用する可能性も見込まれます。」
0x010000520001759D,305,248,Rizia/Turn 3/FPnT_QueenBeatriceVisit,Beatrice Livingston (R),en,「私の親族に会うために、言い訳など必要ありません。」
0x01000052000175A4,305,249,Rizia/Turn 3/FPnT_QueenBeatriceVisit,Beatrice Livingston (R),en,「陛下、あなた様の身の安全を案じる気持ちもありますが、ヴェーレンがこの悲劇を自分たちの利益のために利用する可能性も見えてきます。」
0x01000052000175AB,305,250,Rizia/Turn 3/FPnT_QueenBeatriceVisit,Beatrice Livingston (R),en,「陛下の身の安全を案じていること以外に、そのような意味でしょうか？」
0x01000052000175B2,305,251,Rizia/Turn 3/FPnT_QueenBeatriceVisit,Beatrice Livingston (R),en,「私は、ヴェーレンがこの悲劇を自らの利益のために利用するという状況を予見しております。」
0x01000052000175B9,305,252,Rizia/Turn 3/FPnT_QueenBeatriceVisit,Beatrice Livingston (R),en,「ヴェーレンがさらに力を蓄えることは、我々双方の利益にも合致しませんよね、陛下？」
0x01000052000175C2,305,253,Rizia/Turn 3/FPnT_QueenBeatriceVisit,Player_Romus,en,「我々の土地を奪われている限り、そんなことはない。」
0x01000052000175C9,305,254,Rizia/Turn 3/FPnT_QueenBeatriceVisit,Player_Romus,en,「いや。事態をさらに悪化させないよう、細心の注意を払わなければならない。」
0x01000052000175D0,305,255,Rizia/Turn 3/FPnT_QueenBeatriceVisit,Player_Romus,en,「もし彼らがそんなことを企てれば、その代償を払わなければならないだろう。」
0x01000052000175D7,305,256,Rizia/Turn 3/FPnT_QueenBeatriceVisit,Player_Romus,en,「私はただヴェーレンとの平和を望むだけだ。我々の国には歴史的な絆がある。」
0x01000052000175DE,305,257,Rizia/Turn 3/FPnT_QueenBeatriceVisit,Beatrice Livingston (R),en,「その通りです。」
0x01000052000175E5,305,258,Rizia/Turn 3/FPnT_QueenBeatriceVisit,Beatrice Livingston (R),en,「降伏しない方がより重要です。」
0x01000052000175F6,305,259,Rizia/Turn 3/FPnT_QueenBeatriceVisit,Beatrice Livingston (R),en,「陛下、私とあなたは共に王族です。我々にとって、家族と政治は別物ではありません。」
0x010000520001760B,305,266,Rizia/Turn 3/FPnT_QueenBeatriceVisit,Beatrice Livingston (R),en,「それとも、あなたの即位演説がGRACEの同盟者たちを怒らせたことについて話した方がよろしいですか、陛下？」
0x0100005200017612,305,267,Rizia/Turn 3/FPnT_QueenBeatriceVisit,Beatrice Livingston (R),en,「それとも、あなたの所業が私の妹を死ぬその日までどれほど辱めたかについて話した方がよろしいですか？」
0x0100005200017619,305,268,Rizia/Turn 3/FPnT_QueenBeatriceVisit,Beatrice Livingston (R),en,「それとも、あなたの娘がもうすぐ20歳になるのにまだ婚約していないことについて話した方がよろしいですか？」
0x0100005200017623,305,269,Rizia/Turn 3/FPnT_QueenBeatriceVisit,Player_Romus,en,「それで問題ない。ご考えを聞かせてくれ。」
0x010000520001762C,305,270,Rizia/Turn 3/FPnT_QueenBeatriceVisit,Narrator,en,ベアトリスは厳しい表情で微笑んだ。
0x0100005200017634,305,271,Rizia/Turn 3/FPnT_QueenBeatriceVisit,Player_Romus,en,「その演説で何がそんなに物議を醸したのか？」
0x010000520001763B,305,272,Rizia/Turn 3/FPnT_QueenBeatriceVisit,Player_Romus,en,「申し訳ない。裏切るつもりなど微塵もございませんでした。」
0x0100005200017642,305,273,Rizia/Turn 3/FPnT_QueenBeatriceVisit,Player_Romus,en,「彼女がそのことをあなたに話したのか？」
0x0100005200017649,305,274,Rizia/Turn 3/FPnT_QueenBeatriceVisit,Beatrice Livingston (R),en,「陛下、彼女はすべてを私にお話しになりました。」
0x010000520001768E,305,275,Rizia/Turn 3/FPnT_QueenBeatriceVisit,Player_Romus,en,「GRACEについてはどうなのか？」
0x0100005200017695,305,276,Rizia/Turn 3/FPnT_QueenBeatriceVisit,Beatrice Livingston (R),en,「まあまあ、そんなに隠すことはありません。」
0x010000520001769C,305,277,Rizia/Turn 3/FPnT_QueenBeatriceVisit,Beatrice Livingston (R),en,「陛下、あなた様もルンブルクと同じく極めて重要な存在です。無知を装わないでください。」
0x01000052000176A3,305,278,Rizia/Turn 3/FPnT_QueenBeatriceVisit,Beatrice Livingston (R),en,「世界の残りの君主制国家がより一層の協力の時代に入ることを誓う今、陛下は『国民に発言権を与える』つもりだと国中にお告げになっているのですね。」
0x01000052000176AA,305,279,Rizia/Turn 3/FPnT_QueenBeatriceVisit,Beatrice Livingston (R),en,「陛下、それをどう解釈すればよろしいのでしょうか？ナールブルクやソラディス男爵領のことも同様ですが」
0x01000052000176B2,305,280,Rizia/Turn 3/FPnT_QueenBeatriceVisit,Player_Romus,en,「人々に発言権を与えるからといって君主制を放棄するわけではない。あなたの国も議会によって統治されているのではないか？」
0x01000052000176B9,305,281,Rizia/Turn 3/FPnT_QueenBeatriceVisit,Player_Romus,en,「その時は感情的になってしまった。本当の意味ではそういうつもりではなかった。」
0x01000052000176C0,305,282,Rizia/Turn 3/FPnT_QueenBeatriceVisit,Beatrice Livingston (R),en,「技術的にはその通りです。しかし、その議会の権力も陛下の『代議院』と大差ありません。」
0x01000052000176C7,305,283,Rizia/Turn 3/FPnT_QueenBeatriceVisit,Player_Romus,en,「皆さんはそれを好きなように解釈して構わない。」
0x01000052000176CE,305,284,Rizia/Turn 3/FPnT_QueenBeatriceVisit,Player_Romus,en,「私は、GRACEが王としての私の行動をこれほどまでによく理解しているとは気づかなかった。」
0x01000052000176D5,305,285,Rizia/Turn 3/FPnT_QueenBeatriceVisit,Beatrice Livingston (R),en,「陛下はGRACEが重視する国の中でも、まだその統治能力が証明されていない君主です。厳しい監視を受けても不思議ではありません。」
0x01000052000176E2,305,289,Rizia/Turn 3/FPnT_QueenBeatriceVisit,Beatrice Livingston (R),en,「陛下の御行動を見る限り、そうではないように思えます。」
0x01000052000176E9,305,290,Rizia/Turn 3/FPnT_QueenBeatriceVisit,Beatrice Livingston (R),en,「そんなことを適当に口にするのは奇妙な約束ですね。」
0x01000052000176F0,305,291,Rizia/Turn 3/FPnT_QueenBeatriceVisit,Beatrice Livingston (R),en,「そのような軽率な返答は適切だとは思えません。」
0x01000052000176F7,305,292,Rizia/Turn 3/FPnT_QueenBeatriceVisit,Beatrice Livingston (R),en,「陛下、1926年蜂起から無事ご逃れになれたのは幸運でした。これほど公然と民主主義への意向を示すのは、運命を試すようなものです。」
0x0100005200017700,305,293,Rizia/Turn 3/FPnT_QueenBeatriceVisit,Beatrice Livingston (R),en,「もちろん、陛下はご自身の望む方法で国を治める自由がございます。しかしGRACEの支援がなければ、この大陸の他の国と同様に、アルカシア条約機構やコンタナ条約機構の思うままになってしまうでしょう。」
0x0100005200017708,305,294,Rizia/Turn 3/FPnT_QueenBeatriceVisit,Player_Romus,en,「心配することはない、あなた。リジア人の君主制は決して消えることはない。」
0x0100005200017710,305,295,Rizia/Turn 3/FPnT_QueenBeatriceVisit,Player_Romus,en,「警告してくださり、ありがとう。ご忠告を心に留めておく。」
0x0100005200017718,305,296,Rizia/Turn 3/FPnT_QueenBeatriceVisit,Player_Romus,en,「私は自分が何に身を投じようとしているのかを理解している。」
0x0100005200017720,305,297,Rizia/Turn 3/FPnT_QueenBeatriceVisit,Narrator,en,彼女は私を警戒の眼差しで見つめた。
0x0100005200017727,305,298,Rizia/Turn 3/FPnT_QueenBeatriceVisit,Beatrice Livingston (R),en,「わかりました。」
0x010000520001772E,305,299,Rizia/Turn 3/FPnT_QueenBeatriceVisit,Player_Romus,en,「どのような件か？」
0x0100005200017735,305,300,Rizia/Turn 3/FPnT_QueenBeatriceVisit,Beatrice Livingston (R),en,「ああ、そんなことは誰にでも意図しないものです。」
0x0100005200017742,305,301,Rizia/Turn 3/FPnT_QueenBeatriceVisit,Narrator,en,彼女は目を転がした。
0x0100005200017749,305,302,Rizia/Turn 3/FPnT_QueenBeatriceVisit,Beatrice Livingston (R),en,「礼儀を少し忘れてしまい申し訳ありませんが、陛下、でたらめはやめてください。」
0x0100005200017751,305,303,Rizia/Turn 3/FPnT_QueenBeatriceVisit,Beatrice Livingston (R),en,「レナは我々の王国同士の絆のために、個人的な恨みを捨てることができました。私も同じように努めてきました。」
0x0100005200017761,305,304,Rizia/Turn 3/FPnT_QueenBeatriceVisit,Beatrice Livingston (R),en,「もしその絆に何らかの乱れが生じたなら、私の判断がその恨み情に影響されないとは約束できません。」
0x0100005200017768,305,305,Rizia/Turn 3/FPnT_QueenBeatriceVisit,Player_Romus,en,「おっしゃる意味は理解している。では、ヴェーレンについて話し合おう。」
0x0100005200017770,305,306,Rizia/Turn 3/FPnT_QueenBeatriceVisit,Player_Romus,en,「私も同じだ、閣下。」
0x0100005200017778,305,307,Rizia/Turn 3/FPnT_QueenBeatriceVisit,Player_Romus,en,「その絆は決して揺らがない。ヴィナもいることを忘れてはならない。」
0x010000520001777F,305,308,Rizia/Turn 3/FPnT_QueenBeatriceVisit,Narrator,en,ベアトリス・リヴィングストンは私をにらみつけ、その後偽りの笑顔を浮かべた。
0x0100005200017786,305,309,Rizia/Turn 3/FPnT_QueenBeatriceVisit,Beatrice Livingston (R),en,「さあ。」
0x0100005200017792,305,311,Rizia/Turn 3/FPnT_QueenBeatriceVisit,Narrator,en,ベアトリスは微笑んだ。
0x0100005200017799,305,312,Rizia/Turn 3/FPnT_QueenBeatriceVisit,Beatrice Livingston (R),en,「実は、以前から尋ねようと思っておりました。」
0x01000052000177A1,305,313,Rizia/Turn 3/FPnT_QueenBeatriceVisit,Player_Romus,en,「そうだね、ではその話をしよう。」
0x01000052000177A8,305,314,Rizia/Turn 3/FPnT_QueenBeatriceVisit,Beatrice Livingston (R),en,「かしこまりました、陛下。」
0x01000052000177B8,305,317,Rizia/Turn 3/FPnT_QueenBeatriceVisit,Beatrice Livingston (R),en,「次に、同様に重要な事柄について話しましょう...」
0x01000052000177BF,305,318,Rizia/Turn 3/FPnT_QueenBeatriceVisit,Beatrice Livingston (R),en,「では、同じく重要な事柄に移りましょう。」
0x01000052000177C6,305,319,Rizia/Turn 3/FPnT_QueenBeatriceVisit,Beatrice Livingston (R),en,「陛下、それだけにとどまらず、もっと行動していただきたく存じます。」
0x01000052000177CD,305,320,Rizia/Turn 3/FPnT_QueenBeatriceVisit,Beatrice Livingston (R),en,「ヴェーレンはそうは思わないかもしれません。」
0x01000052000177F7,305,336,Rizia/Turn 3/FPnT_QueenBeatriceVisit,Player_Romus,en,「わかった。あなたが提案する取引の詳細については、十分に理解できたと思う。」
0x0100005200017803,305,338,Rizia/Turn 3/FPnT_QueenBeatriceVisit,Player_Romus,en,「私にはどうしても理解できない。たとえヴェーレンを圧迫することが目的だとしても、これは最も効率的な方法ではない。」
0x010000520001780B,305,339,Rizia/Turn 3/FPnT_QueenBeatriceVisit,Beatrice Livingston (R),en,「陛下、お好きになさってください。」
0x010000520001781A,305,340,Rizia/Turn 3/FPnT_QueenBeatriceVisit,Beatrice Livingston (R),en,「ところで、私の提案を聞く気は全くないのですか？」
0x0100005200017821,305,341,Rizia/Turn 3/FPnT_QueenBeatriceVisit,Beatrice Livingston (R),en,「では、陛下、ヴェーレンに関する私の提案を聞きたくないと本当にお決めになったのですか？」
0x0100005200017828,305,342,Rizia/Turn 3/FPnT_QueenBeatriceVisit,Player_Romus,en,「あなたはかなり熱心そうだね。あなたの話を聞かないわけにはいかない。」
0x010000520001782F,305,343,Rizia/Turn 3/FPnT_QueenBeatriceVisit,Narrator,en,ベアトリスは厳しい表情で微笑んだ。
0x010000520001783B,305,345,Rizia/Turn 3/FPnT_QueenBeatriceVisit,Player_Romus,en,「ヴィナは控えめな少女だ。噂の種になるようなことは決してしない。」
0x0100005200017842,305,346,Rizia/Turn 3/FPnT_QueenBeatriceVisit,Player_Romus,en,「なるほど。候補者のことを考え始めよう。」
0x0100005200017849,305,347,Rizia/Turn 3/FPnT_QueenBeatriceVisit,Player_Romus,en,「もう一度教えてくれ。あなたの息子様は今度は誰と婚約しているのか？」
0x0100005200017850,305,348,Rizia/Turn 3/FPnT_QueenBeatriceVisit,Beatrice Livingston (R),en,「ええ、もちろんトムプスフォート女公爵です。彼女の一族がルンブルク北西部の大部分を支配しておりますし、出産に適した優れた体つきでもあります。」
0x0100005200017857,305,349,Rizia/Turn 3/FPnT_QueenBeatriceVisit,Beatrice Livingston (R),en,「そろそろお取り組みいただく時期です。」
0x010000520001785E,305,350,Rizia/Turn 3/FPnT_QueenBeatriceVisit,Beatrice Livingston (R),en,「国際的な報道機関が何も根拠のないところから王室のスキャンダルをでっち上げる能力を決して過小評価してはいけません。」
0x010000520001786B,305,354,Rizia/Turn 3/FPnT_QueenBeatriceVisit,Player_Romus,en,「もしリジアのタブロイド紙たちがそんなことを企てるなら、私が彼らを閉鎖してやる。」
0x0100005200017872,305,355,Rizia/Turn 3/FPnT_QueenBeatriceVisit,Beatrice Livingston (R),en,「陛下、注目しているのはリジアだけではありません。」
0x0100005200017879,305,356,Rizia/Turn 3/FPnT_QueenBeatriceVisit,Beatrice Livingston (R),en,「GRACEの残りの部分もまた、トラス家の後継者序列に投じられていることを忘れてはなりません。」
0x0100005200017881,305,357,Rizia/Turn 3/FPnT_QueenBeatriceVisit,Beatrice Livingston (R),en,「ご覧の通り、この決断には十分な検討を重ねました。陛下も同様に慎重に考えるべきです。」
0x010000520001788A,305,358,Rizia/Turn 3/FPnT_QueenBeatriceVisit,Player_Romus,en,「そのことはヴィナに伝えなさい。」
0x0100005200017891,305,359,Rizia/Turn 3/FPnT_QueenBeatriceVisit,Player_Romus,en,「私の娘は、もはや私の導きを望んでいないのだ。」
0x0100005200017898,305,360,Rizia/Turn 3/FPnT_QueenBeatriceVisit,Player_Romus,en,「私は努力してみる。」
0x010000520001789F,305,361,Rizia/Turn 3/FPnT_QueenBeatriceVisit,Beatrice Livingston (R),en,「ですが、彼女にはそれが必要かもしれません。特に結婚ということになると。」
0x01000052000178A7,305,362,Rizia/Turn 3/FPnT_QueenBeatriceVisit,Beatrice Livingston (R),en,「おそらく、そういたしましょう。」
0x01000052000178AF,305,363,Rizia/Turn 3/FPnT_QueenBeatriceVisit,Beatrice Livingston (R),en,「必ずそうしてください。」
0x01000052000178B7,305,364,Rizia/Turn 3/FPnT_QueenBeatriceVisit,Beatrice Livingston (R),en,「そして、GRACEの残りの資金もまたトラス家の後継者序列に投じられていることを忘れてはなりません。」
0x01000052000178CF,305,371,Rizia/Turn 3/FPnT_QueenBeatriceVisit,Beatrice Livingston (R),en,「陛下の即位演説の後、我々の同盟者たちは安心できる言葉を求めているでしょう。」
0x01000052000178E2,305,372,Rizia/Turn 3/FPnT_QueenBeatriceVisit,Player_Romus,en,「その演説で何がそんなに物議を醸したのか？」
0x01000052000178E8,305,373,Rizia/Turn 3/FPnT_QueenBeatriceVisit,Player_Romus,en,「どのようなパートナーのことだろうか？」
0x01000052000178EE,305,374,Rizia/Turn 3/FPnT_QueenBeatriceVisit,Beatrice Livingston (R),en,「まあまあ、そんなに隠すことはありません。」
0x01000052000178F4,305,375,Rizia/Turn 3/FPnT_QueenBeatriceVisit,Beatrice Livingston (R),en,「陛下、全員です。」
0x01000052000178FA,305,376,Rizia/Turn 3/FPnT_QueenBeatriceVisit,Beatrice Livingston (R),en,「世界の残りの君主制国家がより一層の協力の時代に入ることを誓う今、陛下は『国民に発言権を与える』つもりだと国中にお告げになっているのですね。」
0x0100005200017900,305,377,Rizia/Turn 3/FPnT_QueenBeatriceVisit,Beatrice Livingston (R),en,「陛下、それをどう解釈すればよろしいのでしょうか？ナールブルクやソラディス男爵領のことも同様ですが」
0x0100005200017906,305,378,Rizia/Turn 3/FPnT_QueenBeatriceVisit,Player_Romus,en,「人々に発言権を与えるからといって君主制を放棄するわけではない。あなたの国も議会によって統治されているのではないか？」
0x010000520001790C,305,379,Rizia/Turn 3/FPnT_QueenBeatriceVisit,Player_Romus,en,「その時は感情的になってしまった。本当の意味ではそういうつもりではなかった。」
0x0100005200017912,305,380,Rizia/Turn 3/FPnT_QueenBeatriceVisit,Beatrice Livingston (R),en,「技術的にはその通りです。しかし、その議会の権力も陛下の『代議院』と大差ありません。」
0x0100005200017918,305,381,Rizia/Turn 3/FPnT_QueenBeatriceVisit,Player_Romus,en,「皆さんはそれを好きなように解釈して構わない。」
0x010000520001791E,305,382,Rizia/Turn 3/FPnT_QueenBeatriceVisit,Player_Romus,en,「私は、GRACEが王としての私の行動をこれほどまでによく理解しているとは気づかなかった。」
0x0100005200017924,305,383,Rizia/Turn 3/FPnT_QueenBeatriceVisit,Beatrice Livingston (R),en,「陛下はGRACEが重視する国の中でも、まだその統治能力が証明されていない君主です。厳しい監視を受けても不思議ではありません。」
0x010000520001792F,305,387,Rizia/Turn 3/FPnT_QueenBeatriceVisit,Beatrice Livingston (R),en,「陛下の御行動を見る限り、そうではないように思えます。」
0x0100005200017935,305,388,Rizia/Turn 3/FPnT_QueenBeatriceVisit,Beatrice Livingston (R),en,「そんなことを適当に口にするのは奇妙な約束ですね。」
0x010000520001793B,305,389,Rizia/Turn 3/FPnT_QueenBeatriceVisit,Beatrice Livingston (R),en,「そのような軽率な返答は適切だとは思えません。」
0x0100005200017941,305,390,Rizia/Turn 3/FPnT_QueenBeatriceVisit,Beatrice Livingston (R),en,「陛下、1926年蜂起から無事ご逃れになれたのは幸運でした。これほど公然と民主主義への意向を示すのは、運命を試すようなものです。」
0x0100005200017947,305,391,Rizia/Turn 3/FPnT_QueenBeatriceVisit,Beatrice Livingston (R),en,「もちろん、陛下はご自身の望む方法で国を治める自由がございます。しかしGRACEの支援がなければ、この大陸の他の国と同様に、アルカシア条約機構やコンタナ条約機構の思うままになってしまうでしょう。」
0x010000520001794D,305,392,Rizia/Turn 3/FPnT_QueenBeatriceVisit,Player_Romus,en,「心配することはない、あなた。リジア人の君主制は決して消えることはない。」
0x0100005200017953,305,393,Rizia/Turn 3/FPnT_QueenBeatriceVisit,Player_Romus,en,「私は自分が何に身を投じようとしているのかを理解している。」
0x0100005200017959,305,394,Rizia/Turn 3/FPnT_QueenBeatriceVisit,Player_Romus,en,「警告してくださり、ありがとう。ご忠告を心に留めておく。」
0x010000520001795F,305,395,Rizia/Turn 3/FPnT_QueenBeatriceVisit,Beatrice Livingston (R),en,「わかりました。」
0x0100005200017965,305,396,Rizia/Turn 3/FPnT_QueenBeatriceVisit,Beatrice Livingston (R),en,「ヴェーレンはそうは思わないかもしれません。」
0x010000520001796B,305,397,Rizia/Turn 3/FPnT_QueenBeatriceVisit,Beatrice Livingston (R),en,「陛下、それだけにとどまらず、もっと行動していただきたく存じます。」
0x0100005200017971,305,398,Rizia/Turn 3/FPnT_QueenBeatriceVisit,Narrator,en,彼女は私を警戒の眼差しで見つめた。
0x01000052000179B9,305,402,Rizia/Turn 3/FPnT_QueenBeatriceVisit,Narrator,en,彼女は微笑んだ。
0x01000052000179C0,305,403,Rizia/Turn 3/FPnT_QueenBeatriceVisit,Beatrice Livingston (R),en,「ですが、我々が彼らに見せてやりましょう、そうでしょう？」
0x01000052000179C7,305,404,Rizia/Turn 3/FPnT_QueenBeatriceVisit,Narrator,en,彼女は立ち上がって去っていった。
0x0100005200017CAD,305,405,Rizia/Turn 3/FPnT_QueenBeatriceVisit,Player_Romus,en,「私は確かだ、あなた。」
0x0100005200017CB5,305,406,Rizia/Turn 3/FPnT_QueenBeatriceVisit,Beatrice Livingston (R),en,「残念ですね。」
0x0100005200017CBC,305,407,Rizia/Turn 3/FPnT_QueenBeatriceVisit,Narrator,en,彼女は膝の上で両手を組んだ。
0x0100005200017CCE,305,410,Rizia/Turn 3/FPnT_QueenBeatriceVisit,Beatrice Livingston (R),en,「陛下、夕食の際にお会いしましょう。」
0x0100005200017CDC,305,414,Rizia/Turn 3/FPnT_QueenBeatriceVisit,Beatrice Livingston (R),en,「ところで、先日の貿易協定を達成されたこと、お祝い申し上げます。ですが、あのソルド族など、投げ飛ばせる距離以上には近づきたくありません。」
0x0100005200017CE8,305,416,Rizia/Turn 3/FPnT_QueenBeatriceVisit,Beatrice Livingston (R),en,「結局のところ、リジアは我が国の重要な拠点国家の一つですから。」
0x0100005200017CEF,305,417,Rizia/Turn 3/FPnT_QueenBeatriceVisit,Player_Romus,en,「GRACEについてはどうなのか？」
0x0100005200017CF6,305,418,Rizia/Turn 3/FPnT_QueenBeatriceVisit,Beatrice Livingston (R),en,「陛下、我々の経済協定の重要性を過小評価してはなりません。」
0x0100005200017CFD,305,419,Rizia/Turn 3/FPnT_QueenBeatriceVisit,Player_Romus,en,「私の他の王国の仲間たちが、このように密接に私を見守っていたとは気づかなかった。」
0x0100005200017D04,305,420,Rizia/Turn 3/FPnT_QueenBeatriceVisit,Beatrice Livingston (R),en,「陛下、あなた様は莫大な富を持つ国の、まだ実績の証明されていない統治者です。厳しい監視を受けても不思議ではありません。」
0x0100005200017D0B,305,421,Rizia/Turn 3/FPnT_QueenBeatriceVisit,Beatrice Livingston (R),en,「他の君主国たちは安定したリジアを望んでおります。特に、我々全員がより緊密な協力を約束し合ったそのサミットの後ではなおさらです。」
0x0100005200017D12,305,422,Rizia/Turn 3/FPnT_QueenBeatriceVisit,Beatrice Livingston (R),en,「GRACEは安定したリジアを望んでおります。特に、我々全員がより緊密な協力を約束し合ったそのサミットの後となればなおさらです。」
0x0100005200017D19,305,423,Rizia/Turn 3/FPnT_QueenBeatriceVisit,Player_Romus,en,「その点は心に留めておく。我々君主国同士は団結し続けなければならない。」
0x0100005200017D20,305,424,Rizia/Turn 3/FPnT_QueenBeatriceVisit,Player_Romus,en,「そのような組織の有用性については、依然として確信が持てない。」
0x0100005200017D2F,305,425,Rizia/Turn 3/FPnT_QueenBeatriceVisit,Player_Romus,en,「信じてくれ、私も安定したリジアを望んでいる。」
0x0100005200017D3C,305,429,Rizia/Turn 3/FPnT_QueenBeatriceVisit,Narrator,en,彼女は微笑んだ。
0x0100005200017D42,305,430,Rizia/Turn 3/FPnT_QueenBeatriceVisit,Beatrice Livingston (R),en,「共に力を合わせて、陛下の永続的な遺産を守り抜きます。」
0x0100005200017D4B,305,431,Rizia/Turn 3/FPnT_QueenBeatriceVisit,Beatrice Livingston (R),en,「もし気づいていないのであればお伝えしますが、今の時代に君主でいることは非常に危険なことです。」
0x0100005200017D53,305,432,Rizia/Turn 3/FPnT_QueenBeatriceVisit,Beatrice Livingston (R),en,「ルンブルクは陛下をお助けするために最善を尽くします。」
0x0100005200017D66,305,434,Rizia/Turn 3/FPnT_QueenBeatriceVisit,Beatrice Livingston (R),en,「数が多ければ安全だ。たとえ軍備が整っている我々であってもな。」
0x0100005200017D6E,305,435,Rizia/Turn 3/FPnT_QueenBeatriceVisit,Narrator,en,彼女は一時停止した。
0x0100005200017D75,305,436,Rizia/Turn 3/FPnT_QueenBeatriceVisit,Narrator,en,彼女はドレスが後ろに引きずられるようにして外へ歩いて行った。
0x010000620000057F,305,437,Rizia/Turn 3/FPnT_QueenBeatriceVisit,Narrator,en,女王は素早くドアをノックした。侍女たちがお辞儀をしながらドアを開けた。
0x010000520001C8BC,305,458,Rizia/Turn 3/FPnT_QueenBeatriceVisit,Beatrice Livingston (R),en,「もう一度お尋ねせざるを得ません。リジア側の約束を必ず守れると確信しておられますか？」
0x010000520001C8C3,305,459,Rizia/Turn 3/FPnT_QueenBeatriceVisit,Beatrice Livingston (R),en,「陛下、移行のために1年間の猶予期間を設けて差し上げます。その後は警告しておきますが、我々の必要量はかなり多くなるでしょう。」
0x010000520001C8CA,305,460,Rizia/Turn 3/FPnT_QueenBeatriceVisit,Beatrice Livingston (R),en,「もちろん、これらはすべて私の議会と陛下の政府によって正式に取り決められる必要があります。親族同士の口頭での合意だけでは全く不十分です。」
0x010000520001C8D1,305,461,Rizia/Turn 3/FPnT_QueenBeatriceVisit,Player_Romus,en,「私も全く同感だ。私の顧問たちとあなた方の外務大臣が詳細な条項を詰めていけばよいだろう。」
0x010000520001C8D8,305,462,Rizia/Turn 3/FPnT_QueenBeatriceVisit,Player_Romus,en,「甘きベアトリスよ、我々が出会ってからどれほどの時が経ったことか。私の約束は金と同じくらい信頼できるものだ。」
0x010000520001C8DF,305,463,Rizia/Turn 3/FPnT_QueenBeatriceVisit,Player_Romus,en,「それでもやはりかなりの信頼が必要だよね？私へのあなたの姉妹としての思いは、そんなに強いものなのだろうか？」
0x010000520001C8E6,305,464,Rizia/Turn 3/FPnT_QueenBeatriceVisit,Beatrice Livingston (R),en,「まさにその通りです。我々は全体像を扱い、部下たちが細かい点を処理します。」
0x010000520001C8EE,305,465,Rizia/Turn 3/FPnT_QueenBeatriceVisit,Beatrice Livingston (R),en,「陛下、アザロ家の方々の意図は純粋なものに違いありません。しかし我が国は広大で、冬は極めて厳しいため、単なる口約束だけに国民の運命を託すことはできません。」
0x010000520001C8F6,305,466,Rizia/Turn 3/FPnT_QueenBeatriceVisit,Beatrice Livingston (R),en,「レナへの我々二人の愛情が確かに我々を固く結びつけています。ですが正直なところ、コンタナ条約機構やコンタナ条約機構と同盟関係にある国からエネルギーの調達先を変えるようという圧力にも直面しているのです。」
0x010000520001C8FD,305,467,Rizia/Turn 3/FPnT_QueenBeatriceVisit,Beatrice Livingston (R),en,「既存の数多くの貿易協定を考えれば、リジアが代替先として適しているのは明らかです。」
0x010000520001C905,305,468,Rizia/Turn 3/FPnT_QueenBeatriceVisit,Player_Romus,en,「お前は誰と話しているつもりだ？陛下は常に約束を守られる。」
0x010000520001C905,305,468,Rizia/Turn 3/FPnT_QueenBeatriceVisit,Player_Romus,Menu Text en,「お前は誰と話しているつもりだ？ロムス王は常に約束を守るのだ。」［エネルギー-3、毎ターン エネルギー-2、毎ターン 予算+2］
0x010000520001C90C,305,469,Rizia/Turn 3/FPnT_QueenBeatriceVisit,Player_Romus,en,「ええと……あなたの国はかなり広大だから、注文量を半分にするべきだろう。」
0x010000520001C90C,305,469,Rizia/Turn 3/FPnT_QueenBeatriceVisit,Player_Romus,Menu Text en,「ええと……あなたの国はかなり広大だね。せめて注文量を半分にするべきではないだろうか。」［エネルギー-2、毎ターン エネルギー-1、毎ターン 予算+1］
0x010000520001C913,305,470,Rizia/Turn 3/FPnT_QueenBeatriceVisit,Beatrice Livingston (R),en,「もちろんです、陛下。こういった事柄については現実的であることが重要です。」
0x010000520001C91A,305,471,Rizia/Turn 3/FPnT_QueenBeatriceVisit,Beatrice Livingston (R),en,「なんと素敵な短い詩ですね。」
0x010000520001C921,305,472,Rizia/Turn 3/FPnT_QueenBeatriceVisit,Player_Romus,en,「もしルンブルクの女王がそう命じるなら、私はそれに従わねばならない。」
0x010000520001C921,305,472,Rizia/Turn 3/FPnT_QueenBeatriceVisit,Player_Romus,Menu Text en,「ベアトリス・リヴィングストンがそう要求するなら、従わねばならない。」［エネルギー-3、毎ターン エネルギー-2、毎ターン 予算+2］
0x010000520001C928,305,473,Rizia/Turn 3/FPnT_QueenBeatriceVisit,Beatrice Livingston (R),en,「結構です。」
0x0100006200000482,305,474,Rizia/Turn 3/FPnT_QueenBeatriceVisit,Beatrice Livingston (R),en,「もちろんです。期待されるほど大きな効果は得られないかもしれませんが、我々にとっても過度な信頼を要することはありません。」
0x0100005100044ECE,305,481,Rizia/Turn 3/FPnT_QueenBeatriceVisit,Narrator,en,私の母は困惑したふりをした。
0x0100005100044ED8,305,482,Rizia/Turn 3/FPnT_QueenBeatriceVisit,Player_Romus,en,「あなたがそれに関与していないことを願っている。」
0x0100005100044EDF,305,483,Rizia/Turn 3/FPnT_QueenBeatriceVisit,Beatrice Livingston (R),en,「まさか、冗談でしょう……」
0x0100005100044EE7,305,484,Rizia/Turn 3/FPnT_QueenBeatriceVisit,Player_Romus,en,「もちろんです。」
0x0100005100044EEF,305,485,Rizia/Turn 3/FPnT_QueenBeatriceVisit,Player_Romus,en,「私の演説か？」
0x010000650000BFEF,305,505,Rizia/Turn 3/FPnT_QueenBeatriceVisit,Beatrice Livingston (R),en,「陛下、モンキズ港および造船所の拡張についてご報告を受けました。これで過剰な船舶交通も容易に対応できるでしょう。」
0x010000650000BFF7,305,506,Rizia/Turn 3/FPnT_QueenBeatriceVisit,Player_Romus,en,「その通りだ。私は対外貿易を見据えてその拡張を命じた。」
0x010000650000BFFF,305,507,Rizia/Turn 3/FPnT_QueenBeatriceVisit,Player_Romus,en,「まるでこの取引が起こることを既に知っていたかのようだ。私のことは『予見のロムス』と呼んでくれ。」
0x010000650000C008,305,508,Rizia/Turn 3/FPnT_QueenBeatriceVisit,Beatrice Livingston (R),en,「それはご遠慮いたします。ですが、その先見の明に感謝いたします。」
0x010000650000C00F,305,509,Rizia/Turn 3/FPnT_QueenBeatriceVisit,Beatrice Livingston (R),en,「たとえ我々にガスの販売を許可しなくても、我々の金鉱取引ははるかに効率的に進むでしょう。見事です。」
0x010000520007350A,305,511,Rizia/Turn 3/FPnT_QueenBeatriceVisit,Beatrice Livingston (R),en,「陛下、あなた様を恩寵の座に就かせてくださった方が誰であり、リジアの貿易がその方の恩恵によって成り立っていることを忘れないでください。」
0x0100005200073511,305,512,Rizia/Turn 3/FPnT_QueenBeatriceVisit,Player_Romus,en,「ああ、確信している。話題を変えようか？」
0x0100005200073518,305,513,Rizia/Turn 3/FPnT_QueenBeatriceVisit,Beatrice Livingston (R),en,「わかりました。では、そうしましょう。」
0x0100005200073520,305,514,Rizia/Turn 3/FPnT_QueenBeatriceVisit,Player_Romus,en,「よく覚えている。話題を変えようか？」
0x0100005200073525,305,515,Rizia/Turn 3/FPnT_QueenBeatriceVisit,Player_Romus,en,「よく考えてみると、この禁輸措置はかなり役立つかもしれない。実行に移そう。」
0x0100005200073537,305,519,Rizia/Turn 3/FPnT_QueenBeatriceVisit,Player_Romus,en,「ベアトリス、私は我々の同盟を大切に思っている。だが、この取引がリジアの利益にかなうものだとは思えないのだ。」
0x010000520007353F,305,520,Rizia/Turn 3/FPnT_QueenBeatriceVisit,Beatrice Livingston (R),en,「ふむ、わかりました。」
0x0100005200073547,305,521,Rizia/Turn 3/FPnT_QueenBeatriceVisit,Player_Romus,en,「実のところ、私も考えを変えようかと思っている。今のまま貿易関係を維持しよう。」
0x010000520007354F,305,522,Rizia/Turn 3/FPnT_QueenBeatriceVisit,Narrator,en,彼女は私にがっかりしたような顔を向けた。
0x0100005200073556,305,523,Rizia/Turn 3/FPnT_QueenBeatriceVisit,Beatrice Livingston (R),en,「陛下、そのように私の希望を抱かせておいて、なんと残酷なことでしょう。」
0x0100005200073569,305,525,Rizia/Turn 3/FPnT_QueenBeatriceVisit,Beatrice Livingston (R),en,「我々ルンブルクの人間は、ヴェーレンと一つだけ意見が一致しています。それは、ダストヌリティ派が自らの宗教を信仰する権利についてです。」
0x0100005200073576,305,529,Rizia/Turn 3/FPnT_QueenBeatriceVisit,Beatrice Livingston (R),en,「サラベスのダストヌリティ派が長年待ち望んでいた聖堂拡大を許可してくださったと聞き、私は大変喜びました。」
0x010000520007357D,305,530,Rizia/Turn 3/FPnT_QueenBeatriceVisit,Beatrice Livingston (R),en,「こちらではダストヌリティ派が少数派の宗教であることは承知しております。ですが、その共同体の要望に配慮していただければ、陛下にとっても大変嬉しいことでございます。」
0x0100005200073584,305,531,Rizia/Turn 3/FPnT_QueenBeatriceVisit,Player_Romus,en,「正直に答えてくれ。あなたは本当にその宗教をそこまで重視しているのか？」
0x010000520007358C,305,532,Rizia/Turn 3/FPnT_QueenBeatriceVisit,Player_Romus,en,「私は努力してみる。だが、それは私の優先事項の最上位にはない。」
0x0100005200073593,305,533,Rizia/Turn 3/FPnT_QueenBeatriceVisit,Player_Romus,en,「もちろんだ。リジア王国はニーリティ教のあらゆる宗派を歓迎する。」
0x010000520007359A,305,534,Rizia/Turn 3/FPnT_QueenBeatriceVisit,Player_Romus,en,「スー・オミナの者たちが聖なるヴルヘックの経典を受け入れないのに、なぜ私が彼らを受け入れなければならないのか？」
0x01000052000735A3,305,535,Rizia/Turn 3/FPnT_QueenBeatriceVisit,Beatrice Livingston (R),en,「陛下、どうかお考え直しください。ゴルコンド主義者たちは決してヴルヘック教徒ではありませんのに、なぜ彼らを受け入れようとされるのですか？」
0x01000052000735BD,305,539,Rizia/Turn 3/FPnT_QueenBeatriceVisit,Beatrice Livingston (R),en,「はい、陛下、ご自身でそれを証明されましたね。冒涜罪の法律を廃止するというのは興味深い決断です。きっとヴェーレンの注目を集めることでしょう...」
0x01000052000735C5,305,540,Rizia/Turn 3/FPnT_QueenBeatriceVisit,Beatrice Livingston (R),en,「ゴルコンド主義者を除けば、そうらしいですね。もしあの者たちを容認し始めたら、ヴェーレンの怒りがどれほどのものか、想像するしかありません...」
0x01000052000735D3,305,544,Rizia/Turn 3/FPnT_QueenBeatriceVisit,Beatrice Livingston (R),en,「陛下、国民のごくわずかではありますが重要な一部に対して、そのような態度を取るべきではありません。」
0x01000052000735DA,305,545,Rizia/Turn 3/FPnT_QueenBeatriceVisit,Beatrice Livingston (R),en,「陛下、王国の忠臣たちを喜ばせておけば、彼らが最も強力な支持者となります。あのいわゆる大賢者であれば、そのことをご教示してくれたはずです。」
0x01000052000735E1,305,546,Rizia/Turn 3/FPnT_QueenBeatriceVisit,Beatrice Livingston (R),en,「陛下、我々個人の信念はこの件には関係ありません。」
0x01000052000735E8,305,547,Rizia/Turn 3/FPnT_QueenBeatriceVisit,Player_Romus,en,「それは私がすべき最低限のことだった。それでも、レナが無理やり改宗させられたことは未だに残念に思っている。」
0x01000052000735EF,305,548,Rizia/Turn 3/FPnT_QueenBeatriceVisit,Beatrice Livingston (R),en,「過去は過去です。彼女が聖ヴルヘックの著作を本当に受け入れたとは思えません。」
0x01000052000735FC,305,552,Rizia/Turn 3/FPnT_QueenBeatriceVisit,Beatrice Livingston (R),en,「彼女は陛下を許しました。ですが、聖ヴルヘックの著作を本当に受け入れていたとは思えません。」
0x0100005200073603,305,553,Rizia/Turn 3/FPnT_QueenBeatriceVisit,Beatrice Livingston (R),en,「妻のことですが……」
0x010000520007360C,305,554,Rizia/Turn 3/FPnT_QueenBeatriceVisit,Beatrice Livingston (R),en,「しかし、私は少し先走りしているようですね。」
0x0100005200073615,305,555,Rizia/Turn 3/FPnT_QueenBeatriceVisit,Beatrice Livingston (R),en,「その優先順位リストを再調整なさることをお勧めいたします、陛下。」
0x010000520007361F,305,556,Rizia/Turn 3/FPnT_QueenBeatriceVisit,Beatrice Livingston (R),en,「幸福と申しますと……」
0x0100005F00000721,306,3,Rizia/Turn 3/NOTES,Emmerich Hegel (R),en,「例えば、ブルディア自由戦線の活動が活発化するようなことは、スモラク氏にとって極めて望ましくない邪魔要因となるでしょう。」
0x0100005F00000761,306,4,Rizia/Turn 3/NOTES,Player_Romus,en,「ですから、あなたがBFFに援助を提供していたというのは本当なのだね？」
0x0100005F00000768,306,5,Rizia/Turn 3/NOTES,Player_Romus,en,「『活動』とはどういう意味か？これ以上、無実の人々が傷つくことだけは望まない。」
0x0100005F0000076F,306,6,Rizia/Turn 3/NOTES,Player_Romus,en,「ブルディア人たちと協力するだと？他に方法があるはずだ。」
0x0100005F000007FC,306,7,Rizia/Turn 3/NOTES,Player_Romus,en,「ヴェーレンの北部に不安定さを生み出せば、確かに彼の注意はジルからそらされるだろう。」
0x0100005F00000803,306,8,Rizia/Turn 3/NOTES,Beatrice Livingston (R),en,「恐れ入りますが、ブルディア人たちはしばしば極端な手段を取るほかに選択肢がないようです。我々には彼らを制御することはできず、ただ解放のための道具を与えるだけです。」
0x0100005F0000080A,306,9,Rizia/Turn 3/NOTES,Beatrice Livingston (R),en,「ブルディア人たちは、自分たちより数も武器も優れている政権と長期にわたって戦いを続けています。我々はその力の差をなくすことに関心があります。」
0x0100005F00000811,306,10,Rizia/Turn 3/NOTES,Beatrice Livingston (R),en,「彼らもまた、ジルの民と同じようにヴェーレンの支配下で苦しんできました。その目的全てに賛同しなくても、彼らの運動に同情することはできます。」
0x0100005F00000818,306,11,Rizia/Turn 3/NOTES,Beatrice Livingston (R),en,「そうなれば、リジアはまったく非の打ち所のない存在と見なされるでしょう。」
0x0100005F00000836,306,12,Rizia/Turn 3/NOTES,Player_Romus,en,「私としては納得できない。他に何か提案はあるか？」
0x0100005F0000083C,306,13,Rizia/Turn 3/NOTES,Beatrice Livingston (R),en,「陛下、BFFの指導者たちと直接対処する必要はございません。既存のルートを通じて少額の寄付を送るだけでよろしいのです。」
0x0100005F0000088B,306,14,Rizia/Turn 3/NOTES,Player_Romus,en,「我々はあなた方とは違う。他国の内紛に干渉するようなことはしない。」
0x0100005F000008B1,306,15,Rizia/Turn 3/NOTES,Emmerich Hegel (R),en,「もう一つあります。」
0x0100005F000008B7,306,16,Rizia/Turn 3/NOTES,Emmerich Hegel (R),en,「陛下、ご尽力くださる新しい軍事保安評議官が、我々のKA-74小銃に関して国防省に照会を行ったそうです。」
0x0100005F00000892,306,17,Rizia/Turn 3/NOTES,Emmerich Hegel (R),en,「陛下、あなた様が今のような窮地に陥っているのは、お父上がヴェーレンにリジアの内政に干渉するよう頼んだからに他なりません。実に奇妙ですね。」
0x0100005F00000899,306,18,Rizia/Turn 3/NOTES,Player_Romus,en,「なかなか説得力のある話だね。興味が湧く。」
0x0100005F00000899,306,18,Rizia/Turn 3/NOTES,Player_Romus,Menu Text en,「説得力のある主張だ。興味がある。」［予算-1］
0x0100005F000008A0,306,19,Rizia/Turn 3/NOTES,Player_Romus,en,「それは、まるで我々が自分たちの目的ではなくあなた方の目的に資金を提供しているかのように聞こえるね。」
0x0100006200000051,306,20,Rizia/Turn 3/NOTES,Emmerich Hegel (R),en,「率直に申し上げますと、当面はリジアの方が不安定化したヴェーレンからより大きな利益を得られるでしょう。陛下」
0x0100006200000058,306,21,Rizia/Turn 3/NOTES,Emmerich Hegel (R),en,「素晴らしいですね。他の提案もお聞きになりますか？」
0x0100006200000254,306,23,Rizia/Turn 3/NOTES,Player_Romus,en,「もちろんだ。私の顧問たちがそのように勝手な行動を取ることは決して許さない。」
0x010000620000025B,306,24,Rizia/Turn 3/NOTES,Player_Romus,en,「覚えておらない。一日に私の手元を通る書類があまりにも多いのだ。」
0x0100006200000288,306,25,Rizia/Turn 3/NOTES,Emmerich Hegel (R),en,「私も同感です。その積極性を称賛してあげるべきでしょう、陛下。」
0x0100006200000262,306,26,Rizia/Turn 3/NOTES,Player_Romus,en,「断じて許さない。アザロ女公爵は自分の立場を超えて権力を握ろうとしている。」
0x010000620000006D,306,27,Rizia/Turn 3/NOTES,Player_Romus,en,「彼らの過激な熱意は私を不快にさせる。だが、敵の敵は味方だ。」
0x0100006200000073,306,28,Rizia/Turn 3/NOTES,Beatrice Livingston (R),en,「悪とは見る者の目にあるものです。世界の流れが逆行する時代にルンブルクの君主制を維持したことで、私を悪人だと呼ぶ者たちがいました。おそらくあなたもその一人でしょう。」
0x0100006200000089,306,29,Rizia/Turn 3/NOTES,Player_Romus,en,「今、彼らは何かを企んでいるのだろうか？私は彼らに関する何の知らせも聞いていない。」
0x01000062000000ED,306,30,Rizia/Turn 3/NOTES,Narrator,en,ベアトリス・リヴィングストンは人差し指を立てたままお茶を一口飲んだ。彼女は満足そうに頷き、その後話を続けた。
0x010000620000007E,306,31,Rizia/Turn 3/NOTES,Player_Romus,en,「それでも、もしスモラク大統領が我々とBFFとの間に繋がりがあると少しでも疑ったら、ジルを平和的に引き渡す機会は完全に消えてしまうだろう。」
0x010000620000005F,306,32,Rizia/Turn 3/NOTES,Emmerich Hegel (R),en,「陛下、もう一つ提案がございます。」
0x0100006200000064,306,33,Rizia/Turn 3/NOTES,Player_Romus,en,「そのような悪を解き放つことを許容できるのはあなたかもしれないが、私にはそれができない。」
0x0100006200000092,306,34,Rizia/Turn 3/NOTES,Beatrice Livingston (R),en,「彼らの指導者であるデウラン・アルゲが投獄されたことで、彼らの活動は妨げられています。」
0x0100006200000099,306,35,Rizia/Turn 3/NOTES,Beatrice Livingston (R),en,「我々の内部情報によれば、彼らは再編を図っており、弾薬や新兵を集めて、再び抑圧者たちと対抗できるほどの力をつけようとしているのです。」
0x01000062000000E5,306,36,Rizia/Turn 3/NOTES,Player_Romus,en,「ぜひともお聞きしたい。」
0x0100006200000105,306,37,Rizia/Turn 3/NOTES,Beatrice Livingston (R),en,「北のメルコパの地を統一しようとした私を狂信者だと呼ぶ者もいますが、それは見る人の目次第です。」
0x0100006200000246,306,38,Rizia/Turn 3/NOTES,Emmerich Hegel (R),en,「陛下、我々は既に最新モデルの武器を貴国の軍隊に供給しております。しかしアザロ女史は、リジアが自国でその武器を製造するためのライセンスを取得すべきだと提案されました。」
0x010000620000024D,306,39,Rizia/Turn 3/NOTES,Emmerich Hegel (R),en,「陛下、この依頼を承認されたのでしょうか？」
0x010000620000011E,306,40,Rizia/Turn 3/NOTES,Player_Romus,en,「あなたの助けの申し出には心から感謝している。だが、私はヴェーレンとは自分一人で対処することにした。」
0x0100006200000127,306,41,Rizia/Turn 3/NOTES,Player_Romus,en,「私はBFFへの資金提供については承諾する。今のところ、それが私のできる限りだ。」
0x0100006200000136,306,42,Rizia/Turn 3/NOTES,Player_Romus,en,「いや、あなたはヴィナに会いに行くべきだ。だが私がBFFの資金提供を引き受けることにする。」
0x0100006200000136,306,42,Rizia/Turn 3/NOTES,Player_Romus,Menu Text en,「いや、君はヴィナに会いに行くべきだ。だが私がBFFの資金提供を引き受けよう。」 ［予算-1］
0x010000620000013D,306,43,Rizia/Turn 3/NOTES,Narrator,en,ベアトリス・リヴィングストンは私を値踏みするような目で見た。
0x0100006200000144,306,44,Rizia/Turn 3/NOTES,Beatrice Livingston (R),en,「まあ、なんと嬉しい驚きでしょう。すぐに対処いたします。」
0x0100006200000150,306,46,Rizia/Turn 3/NOTES,Narrator,en,ベアトリス・リヴィングストンは背筋をまっすぐに伸ばした。
0x0100006200000157,306,47,Rizia/Turn 3/NOTES,Beatrice Livingston (R),en,「陛下がご自身のやり方で物事を処理されるという願いは尊重いたします。すべてが順調に進むことを心から願っております。」
0x010000620000016D,306,48,Rizia/Turn 3/NOTES,Emmerich Hegel (R),en,「承知いたしました。確かに長期的な戦略を取っていますが、投資した分には必ず見返りがあるものと期待しております。」
0x0100006200000269,306,49,Rizia/Turn 3/NOTES,Player_Romus,en,「私は承認しなかった。だが、悪い考えではない。」
0x0100006200000115,306,50,Rizia/Turn 3/NOTES,Player_Romus,en,「わかった。どうぞ聞かせてくれ。」
0x0100006200000270,306,51,Rizia/Turn 3/NOTES,Emmerich Hegel (R),en,「まあ、その積極性については顧問官を称賛すべきでしょう。」
0x0100006200000278,306,52,Rizia/Turn 3/NOTES,Emmerich Hegel (R),en,「通常はこのような許可証を発行しませんが、リジアのためであれば例外を検討することもあります。」
0x0100006200000280,306,53,Rizia/Turn 3/NOTES,Emmerich Hegel (R),en,「ええ、あなた方二人は興味深い可能性を提起しましたね。」
0x01000062000004FC,306,54,Rizia/Turn 3/NOTES,Player_Romus,en,「私はアサルトライフルの製造という考えには反対だ。しかし、そのような許可証があれば役立つかもしれない。」
0x010000620000050A,306,58,Rizia/Turn 3/NOTES,Player_Romus,en,「災害が起きた瞬間にすぐに武器を供給できるようにしなければならない。そうすれば銃の輸送にかかる手間も省ける。」
0x0100006200000511,306,59,Rizia/Turn 3/NOTES,Player_Romus,en,「その問い合わせがあったこと自体を忘れなさい。私はリジア人の工場で致命的な武器が作られることを望んでいないのだ。」
0x0100006200000518,306,60,Rizia/Turn 3/NOTES,Player_Romus,en,「いや、これまで通りルンブルクから武器を購入し続けたいのだ。」
0x010000620000051F,306,61,Rizia/Turn 3/NOTES,Player_Romus,en,「そのライフルを製造できるようになったら、改めてご連絡する。」
0x010000620000052D,306,62,Rizia/Turn 3/NOTES,Emmerich Hegel (R),en,「それならば、これまで通り引き続きあの武器を陛下にお売りし続けます。」
0x0100006200000534,306,63,Rizia/Turn 3/NOTES,Emmerich Hegel (R),en,「完璧です。」
0x010000620000053A,306,64,Rizia/Turn 3/NOTES,Emmerich Hegel (R),en,「まさに私の考えでもあります。」
0x0100006200000542,306,65,Rizia/Turn 3/NOTES,Emmerich Hegel (R),en,「誰もKA-74を使いたいとは思っていません。しかし必要に迫られれば、他の手段では済まされないのです。」
0x0100006200000549,306,66,Rizia/Turn 3/NOTES,Emmerich Hegel (R),en,「お好きになさってください。ご側近の方々が尋ねてこられたからこそ、申し上げているだけです。」
0x0100006200000568,306,68,Rizia/Turn 3/NOTES,Emmerich Hegel (R),en,「家族同士は互いに助け合います。ほとんど無条件にです。」
0x0100006200000557,306,69,Rizia/Turn 3/NOTES,Emmerich Hegel (R),en,「武器を製造するための施設を手に入れるよう調べてもらい、私もできる限り対処しましょう。」
0x010000620000055F,306,70,Rizia/Turn 3/NOTES,Emmerich Hegel (R),en,「陛下、忘れてはなりません。私の姉はもういないかもしれませんが、私は依然としてトラス家を自分の家族だと呼ぶことを誇りに思っております。」
0x010000620000056F,306,71,Rizia/Turn 3/NOTES,Narrator,en,彼女は私の方に近づいてきた。ランプの光の中で、彼女のエメラルドがきらめいていた。
0x0100006200000578,306,72,Rizia/Turn 3/NOTES,Emmerich Hegel (R),en,「夕食の時に会いましょう。」
0x0100005F00000B4B,307,3,Rizia/Turn 3/A_VisitToIza,Narrator,en,何ヶ月もの約束やスケジュールの都合による遅れの末、私とヴィナはついにイザにある従兄弟のリコ・トラスの宮殿を訪れる旅に出た。
0x0100005F00000C7C,307,7,Rizia/Turn 3/A_VisitToIza,Narrator,en,私は車の窓から、道沿いに並ぶ市民たちに手を振った。前方にある大学のドーム型図書館を見て、思い出がよみがえってきた――まずはそこで過ごした幸せな学生時代のこと、そしてその日々が恐ろしい形で終わってしまったことを。
0x0100005F00000C83,307,8,Rizia/Turn 3/A_VisitToIza,Narrator,en,私は車の窓から、道沿いに並ぶ市民たちに手を振った。前方には、かつてこの都市が主要な交易拠点だったマルキアン時代の名残である、ドーム型の大学図書館がそびえていた。
0x0100005F00000C8A,307,9,Rizia/Turn 3/A_VisitToIza,Narrator,en,その都市の主要な道路はまっすぐで信じられないほど幅が広く、かつてこの街が重要な交易の中心地だったマルキアン時代の名残であった。
0x0100005F00000D42,307,10,Rizia/Turn 3/A_VisitToIza,Narrator,en,リコの指揮のもと、普段は静かな宮殿群の周囲に、見るからに頑丈そうな鉄製の門が建設された。
0x0100005F00000D49,307,11,Rizia/Turn 3/A_VisitToIza,Rico Toras,en,「いらっしゃい、従兄弟たちよ！本当に久しぶりだ。」
0x0100005F00000D4F,307,12,Rizia/Turn 3/A_VisitToIza,Narrator,en,我々はその扉の方へ歩いて行った。衛兵たちが扉を開けるやいなや、鼻の長いリジア人の猟犬の一組が吠えながら我々の方へ駆け寄ってきた。
0x0100005F00000D55,307,13,Rizia/Turn 3/A_VisitToIza,Player_Romus,en,「行け！犬など大嫌いだ！」
0x0100005F00000D63,307,14,Rizia/Turn 3/A_VisitToIza,Player_Romus_Italic,en,私は手を伸ばし、慎重に犬たち一人ひとりの頭を撫でてあげた。
0x0100005F00000D63,307,14,Rizia/Turn 3/A_VisitToIza,Player_Romus_Italic,Menu Text en,犬たちを撫でる
0x0100005F00000D6B,307,15,Rizia/Turn 3/A_VisitToIza,Player_Romus,en,「落ち着きなさい、子犬たちよ。」
0x0100005F00000D73,307,16,Rizia/Turn 3/A_VisitToIza,Player_Romus,en,「ヴィナ、後ろに下がっていなさい。あれらは危険かもしれない。」
0x0100005F00000D7B,307,17,Rizia/Turn 3/A_VisitToIza,Narrator,en,二匹の犬はすぐに姿勢を正して座り、まるで彫像のようにじっと動かなかった。
0x0100005F00000D85,307,18,Rizia/Turn 3/A_VisitToIza,Narrator,en,従兄弟のリコが近づいてくる音が、タイルの上を歩くブーツの音として私の耳に届いた。彼はオリーブグリーンのツイードジャケットと平らな帽子を身につけていた。
0x0100005F00000D8D,307,19,Rizia/Turn 3/A_VisitToIza,Player_Romus,en,「閣下、こんにちは。」
0x0100005F00000D94,307,20,Rizia/Turn 3/A_VisitToIza,Player_Romus,en,「そうだね、リコ。ご健勝のようで何よりだ。」
0x0100005F00000D9B,307,21,Rizia/Turn 3/A_VisitToIza,Rico Toras,en,「陛下、父上がお伝えにならなかったのですか？我々は狩りに行くのです！」
0x0100005F00000DA2,307,22,Rizia/Turn 3/A_VisitToIza,Hugo Toras,en,「陛下、王としての最初の狩りですね。驚きを与えたかったのです。」
0x0100005F00000DAC,307,23,Rizia/Turn 3/A_VisitToIza,Narrator,en,ウーゴは息子の背後から現れ、恥ずかしそうな表情を浮かべていた。
0x0100005F00000DB6,307,24,Rizia/Turn 3/A_VisitToIza,Player_Romus,en,「もっと良い状況で再会できればよかったのに、私はそう願っている。」
0x0100005F00000DBD,307,25,Rizia/Turn 3/A_VisitToIza,Player_Romus,en,「子供の頃はあなたと一緒に狩りをするのが楽しかった。だが今は、もっと知的な活動の方が好きだ。」
0x0100005F00000DC9,307,26,Rizia/Turn 3/A_VisitToIza,Player_Romus,en,「まさに嬉しいサプライズだね。何かを撃ったのは本当に久しぶりだ。」
0x0100005F00000DD0,307,27,Rizia/Turn 3/A_VisitToIza,Player_Romus,en,「私は狩りがどれほど好きかあなたも知っているだろう。だが、真剣な話をしたかったのだ。」
0x0100005F00000DD9,307,28,Rizia/Turn 3/A_VisitToIza,Player_Romus,en,「犬たちで構成された迎えの委員会のことは、事前に教えてくださってもよかったのだが。」
0x0100005F00000DE0,307,29,Rizia/Turn 3/A_VisitToIza,Rico Toras,en,「ベラとブルーノは虫一匹傷つけることはありません。今日の狩りにただ興奮しているだけです。」
0x0100005F00000DE8,307,30,Rizia/Turn 3/A_VisitToIza,Rico Toras,en,「どういう意味ですか？森で午後を過ごし猪を狩るなんて、私にとってはまさに楽しい時間そのものです。」
0x0100005F00000DF0,307,31,Rizia/Turn 3/A_VisitToIza,Rico Toras,en,「今日の計画については父上がお伝えしましたでしょうか？1時間後に森へ向けて出発します。」
0x0100005F00000DF8,307,32,Rizia/Turn 3/A_VisitToIza,Player_Romus,en,「感謝する。だが、我々四人だけで真剣に話し合えればと思っていた。」
0x0100005F00000DFF,307,33,Rizia/Turn 3/A_VisitToIza,Player_Romus,en,「私のことをよく知りすぎだな。さあ、何かを撃ちに行こう！」
0x0100005F00000E06,307,34,Rizia/Turn 3/A_VisitToIza,Player_Romus,en,「それは野蛮なスポーツだ。私はもっと知的な活動の方が好きだ。」
0x0100005F00000E0D,307,35,Rizia/Turn 3/A_VisitToIza,Hugo Toras,en,「その機会はたくさんありますよ。結局のところ、このスポーツの十中八九はまだ待っている状態なのですから。」
0x0100005F00000E15,307,36,Rizia/Turn 3/A_VisitToIza,Hugo Toras,en,「狩猟には鋭い目と、それ以上に鋭い知性が必要です。適切に行えば、それこそが最も知的な活動だと言えます。」
0x0100005F00000E1D,307,37,Rizia/Turn 3/A_VisitToIza,Rico Toras,en,「陛下、これがおありならその心配は無用です。」
0x0100005F00000E24,307,38,Rizia/Turn 3/A_VisitToIza,Rico Toras,en,「その後、技術が大きく進歩したことをお聞きになれば、陛下も喜ばれるでしょう。」
0x0100005F00000E2B,307,39,Rizia/Turn 3/A_VisitToIza,Narrator,en,彼は振り返って、背中に装着されているKA-74自動小銃を我々に見せた。ウーゴは不満そうに鼻で笑った。
0x0100005F00000E32,307,40,Rizia/Turn 3/A_VisitToIza,Vina Toras,en,「それはずるではないですか？」
0x0100005F00000E39,307,41,Rizia/Turn 3/A_VisitToIza,Rico Toras,en,「イノシシどもは驚くほど速い奴らです。殿下、ご存知ないかと」
0x0100005F00000E40,307,42,Rizia/Turn 3/A_VisitToIza,Narrator,en,彼は私の娘にいやらしく微笑んだ。
0x0100005F00000E48,307,43,Rizia/Turn 3/A_VisitToIza,Rico Toras,en,「陛下、あなたは時代に取り残されています。これがあるのですから、鋭い知性など必要ありません。」
0x0100005F00000E50,307,44,Rizia/Turn 3/A_VisitToIza,Rico Toras,en,「陛下がお命じになられる通り、必ず実行いたします！」
0x0100005F00000E57,307,45,Rizia/Turn 3/A_VisitToIza,Rico Toras,en,「私も既に装備を整えております。」
0x0100005F00000E72,307,46,Rizia/Turn 3/A_VisitToIza,Hugo Toras,en,「陛下、お二人のために服が用意されております。もちろん、武器の選択も可能です。」
0x0100005F00000E79,307,47,Rizia/Turn 3/A_VisitToIza,Player_Romus,en,「私はリコと同じくKA-74を欲しいのだ。」
0x0100005F00000E80,307,48,Rizia/Turn 3/A_VisitToIza,Player_Romus,en,「私には昔ながらの良いライフルで十分だ。」
0x0100005F00000E8E,307,49,Rizia/Turn 3/A_VisitToIza,Rico Toras,en,「お見てください、父上。陛下が荷積みを終える前に、すでに十数頭のイノシシを捕らえられますよ。」
0x0100005F00000E95,307,50,Rizia/Turn 3/A_VisitToIza,Hugo Toras,en,「ご覧なさい、若者よ。この世にはまだ真の紳士がいるのです。」
0x0100005F00000E9C,307,51,Rizia/Turn 3/A_VisitToIza,Narrator,en,ウーゴは息子を見てにやりと笑った。
0x0100005F00000EA4,307,52,Rizia/Turn 3/A_VisitToIza,Narrator,en,中では、ヴィナと私は急いで体を清め、用意されていた狩猟用の服に着替えた。外に出ると、待機しているジープが二台あるのが見えた。
0x0100005F00000EAC,307,53,Rizia/Turn 3/A_VisitToIza,Narrator,en,私は窓から顔を背けると、リコがじっと私を見つめているのが見えた。
0x0100005F00000EBA,307,57,Rizia/Turn 3/A_VisitToIza,Rico Toras,en,「陛下、私がこれから申し上げようとしていることは、既にご存知でいらっしゃるはずです。」
0x0100005F00000EC1,307,58,Rizia/Turn 3/A_VisitToIza,Rico Toras,en,「陛下、かつてはスー・オミナの前で話すことをとても待ちきれない様子だったのを覚えております。それなのに今では我々――あの者たち――を犯罪者だと見なすのですか？」
0x0100005F00000ED3,307,62,Rizia/Turn 3/A_VisitToIza,Player_Romus,en,「トラス公、あなたが誰に話しているのかを忘れるな。まだあなたを逮捕しなかっただけでも幸運だと思え。」
0x0100005F00000EE0,307,63,Rizia/Turn 3/A_VisitToIza,Rico Toras,en,「陛下、私がイザで付き合っている者たちのことをご不快に思われているのは存じておりました。ですが、我々――彼ら――をテロリストだなどと非難するとは？」
0x0100005F00000EE7,307,64,Rizia/Turn 3/A_VisitToIza,Player_Romus,en,「他に方法がなかったのだ。国際的な問題を避けようとしているだけだ。」
0x0100005F00000EFE,307,65,Rizia/Turn 3/A_VisitToIza,Rico Toras,en,「私が言いたかったのは……ジルによる攻撃は我々の仕業ではないということです。」
0x0100005F00000F1C,307,66,Rizia/Turn 3/A_VisitToIza,Player_Romus,en,「ヴェーレンには、起きた出来事にスー・オミナが関与していると疑う十分な理由がある。私も同じ考えだ。」
0x0100005F00000F24,307,67,Rizia/Turn 3/A_VisitToIza,Rico Toras,en,「もちろんでございます、陛下。どうかお許しください。」
0x0100005F00000F3A,307,68,Rizia/Turn 3/A_VisitToIza,Rico Toras,en,「陛下、信じてください。私の知る限りでは、ジルへの攻撃の黒幕が誰なのか見当もついている者は一人もいません。」
0x0100005F00000F51,307,69,Rizia/Turn 3/A_VisitToIza,Player_Romus,en,「名前は必要ない。調査をすれば真実が明らかになる。」
0x0100005F00000F89,307,70,Rizia/Turn 3/A_VisitToIza,Player_Romus,en,「大胆な提案だね、閣下。」
0x0100005F00000F98,307,71,Rizia/Turn 3/A_VisitToIza,Rico Toras,en,「イザ公からこれ以下のことがあるでしょうか、陛下？」
0x0100005F00000FD2,307,72,Rizia/Turn 3/A_VisitToIza,Rico Toras,en,「薬物、暴力、そして我が政府に対する公然たる抵抗です。」
0x0100005F00000FD9,307,73,Rizia/Turn 3/A_VisitToIza,Rico Toras,en,「陛下、ご理解いただき感謝申し上げます。」
0x0100005F00000FDF,307,74,Rizia/Turn 3/A_VisitToIza,Narrator,en,私は窓から顔を背けると、従兄弟が私に向かって微笑んでいるのが見えた。
0x0100005F00000FE8,307,75,Rizia/Turn 3/A_VisitToIza,Player_Romus,en,「私とだけの話だが……この攻撃はスー・オミナが計画したのだろうか？」
0x0100005F00000FEF,307,76,Rizia/Turn 3/A_VisitToIza,Rico Toras,en,「面白いことに、私が話をした者たちの中には、誰がそれを仕組んだのか見当もつけている人が一人もいません。」
0x0100005F00000FF6,307,77,Rizia/Turn 3/A_VisitToIza,Player_Romus,en,「これは明らかな偽の標的作戦だ。爆撃はヴェーレンが計画したに違いない。」
0x0100005F00000FFD,307,78,Rizia/Turn 3/A_VisitToIza,Player_Romus,en,「私に感謝する必要はない。私も自分自身を守っていただけだ。」
0x0100005F00001004,307,79,Rizia/Turn 3/A_VisitToIza,Player_Romus,en,「他にどんな選択肢があったというのか？我が家の者同士は互いに支え合わなければならない。」
0x0100005F0000100B,307,80,Rizia/Turn 3/A_VisitToIza,Rico Toras,en,「彼らにとって自分たちの者を数人殺しても何の意味もない。まるで蟻のようなものだ。」
0x0100005F00001012,307,81,Rizia/Turn 3/A_VisitToIza,Player_Romus,en,「息子よ、慈悲の心はないのか？あれらもまた人間であり、命を落とした者たちだ。」
0x0100005F0000101A,307,82,Rizia/Turn 3/A_VisitToIza,Player_Romus,en,「承知した。仰せの通りにする。」
0x0100005F00001036,307,83,Rizia/Turn 3/A_VisitToIza,Player_Romus,en,「言葉に気をつけなさい。そうした発言が元々、ヴェーレンでスー・オミナを疑わせる原因となったのだ。」
0x0100005200008D0F,307,87,Rizia/Turn 3/A_VisitToIza,Rico Toras,en,「さあ、私が教えてあげましょう。とても楽しいですよ。」
0x0100005200008D1C,307,88,Rizia/Turn 3/A_VisitToIza,Vina Toras,en,「父上、このような計画の存在を知っていればよかったのです。私はこれまで一度も銃を手にしたことがありません。」
0x0100005200008D25,307,89,Rizia/Turn 3/A_VisitToIza,Hugo Toras,en,「なぜそこで止めるのですか？飛行機を雇って空から撃ち落としたらどうですか？」
0x0100005200008D2E,307,90,Rizia/Turn 3/A_VisitToIza,Rico Toras,en,「それでも、感謝しております。何しろ、この件においては当組織は全く無実だからです。」
0x0100005200008D71,307,91,Rizia/Turn 3/A_VisitToIza,Narrator,en,ヴィナが突然、私の肩を軽く叩いた。
0x0100005200008D79,307,92,Rizia/Turn 3/A_VisitToIza,Vina Toras,en,「父上、あちらをご覧ください。」
0x0100005200008DAF,307,93,Rizia/Turn 3/A_VisitToIza,Narrator,en,我々の護衛がいるおかげで、リジアとトラス家の旗が各窓に飾られ、眩しいほど白く輝く公爵の住居まで行くことができた。
0x0100005200008DDF,307,94,Rizia/Turn 3/A_VisitToIza,Vina Toras,en,「ウーゴもここで我々に会うのですよね？なぜ彼らはそんなにも我々をここに呼びたがったのでしょうか？」
0x0100005200008DE8,307,95,Rizia/Turn 3/A_VisitToIza,Player_Romus,en,「私が命じた近衛兵による調査が、議論の主なテーマになるだろう。」
0x0100005200008DEF,307,96,Rizia/Turn 3/A_VisitToIza,Player_Romus,en,「私にも推測はある。それが正しいかどうか、見てみよう。」
0x0100005200008DF6,307,97,Rizia/Turn 3/A_VisitToIza,Player_Romus,en,「あのような彫像を見ることで、おそらくリコがどれほどの圧力にさらされているかが少しでも分かるのだろう。」
0x0100005200008DFD,307,98,Rizia/Turn 3/A_VisitToIza,Player_Romus,en,「我々家族が全員で集まるのは本当に久しぶりだ。そろそろいい時期だな。」
0x0100005200008E0E,307,102,Rizia/Turn 3/A_VisitToIza,Player_Romus,en,「ジルの事件の直後にこんなに早く招待状が届いたのは、決して偶然ではない。」
0x0100005200008E36,307,103,Rizia/Turn 3/A_VisitToIza,Vina Toras,en,「リコ従兄弟とちゃんと話したのは、最後にいつだったかも思い出せません。子供の頃だったでしょうか。」
0x0100005200008E46,307,104,Rizia/Turn 3/A_VisitToIza,Narrator,en,我々は馬に乗ったまま、パラス・サゾンに到着するまで進み続けた。
0x0100005200008F6F,307,105,Rizia/Turn 3/A_VisitToIza,Rico Toras,en,「もう匂いが分かりますか、皆さん？あそこには数十頭のイノシシがいるに違いありません。」
0x0100005200008FA9,307,106,Rizia/Turn 3/A_VisitToIza,Hugo Toras,en,「しかし殿下、これ以上お時間を取らせるわけには参りません。リコがご案内をするはずでした。」
0x0100005200008FB0,307,107,Rizia/Turn 3/A_VisitToIza,Player_Romus,en,「実は、私が自分の娘を初めての狩りに同行させたいと願っていた。」
0x0100005200008FB6,307,108,Rizia/Turn 3/A_VisitToIza,Rico Toras,en,「もしお許しをいただけるなら、喜んでそう致します、陛下。」
0x0100005200008FD9,307,109,Rizia/Turn 3/A_VisitToIza,Player_Romus,en,「どうぞ、ヴィナ。リコは優れた射手だと聞いている。」
0x0100005200008FE0,307,110,Rizia/Turn 3/A_VisitToIza,Player_Romus,en,「それは私の決定ではない。ヴィナ、あなたも彼と一緒に行くか？」
0x0100005200008FEF,307,114,Rizia/Turn 3/A_VisitToIza,Narrator,en,ウーゴは滑らかに我々の間に入ってきた。
0x01000052000091A4,307,115,Rizia/Turn 3/A_VisitToIza,Narrator,en,彼は私の娘に手を差し伸べた。
0x01000052000091AD,307,116,Rizia/Turn 3/A_VisitToIza,Narrator,en,助手が私にKA-74を手渡してくれた。それは私が軍隊時代に使っていたものとは少し違っていたが、見覚えのある形で安心感を与えてくれた。
0x01000052000091B4,307,117,Rizia/Turn 3/A_VisitToIza,Narrator,en,助手が私にライフルを手渡してくれた。それはリジア製のDator 56で、ウーゴと一緒に夏に狩りをしていた時に使っていたものと同じタイプだった。
0x01000052000091BB,307,118,Rizia/Turn 3/A_VisitToIza,Narrator,en,ヴィナはリコの手を取った。彼は微笑みながら二人の銃を持ち上げ、犬たちを連れてブラインドのある場所へと彼女を案内した。
0x01000052000091C9,307,122,Rizia/Turn 3/A_VisitToIza,Narrator,en,助手が私にKA-74を手渡してくれた。予想していたよりもずっと重かっただ。
0x01000052000091D7,307,126,Rizia/Turn 3/A_VisitToIza,Narrator,en,補佐官が私にライフルを手渡してくれた。それはリジア製のダトル56だった。軍隊で使っていたものよりも頑丈さに欠けたが、使える状態だった。
0x01000052000091E5,307,130,Rizia/Turn 3/A_VisitToIza,Narrator,en,召使いが私にライフルを渡してくれた。それはリジアで製造されたダトール56というものだった。実際に持ってみると、思ったよりも扱いにくかっただ。
0x01000052000091EC,307,131,Rizia/Turn 3/A_VisitToIza,Hugo Toras,en,「私の息子は量を重視するかもしれません。しかし我々のような者は、質こそが肝心だと知っています。」
0x01000052000091F5,307,132,Rizia/Turn 3/A_VisitToIza,Hugo Toras,en,「陛下、あなたと私の息子は量を重視するかもしれません。しかし私には、質こそが肝心だと分かっています。」
0x01000052000091FD,307,133,Rizia/Turn 3/A_VisitToIza,Narrator,en,彼は自分のダトルライフルに弾を込めて準備を整えた。その銃床には金で浮き彫りにされた雄牛の模様があった。
0x0100005200009205,307,134,Rizia/Turn 3/A_VisitToIza,Narrator,en,我々は、ヴィナとリコがいる場所の向かい側にある狩猟用隠れ家へと登っていった。
0x010000520000920C,307,135,Rizia/Turn 3/A_VisitToIza,Hugo Toras,en,「リコの狩猟法は気に入らないかもしれませんが、彼の犬たちは他に類を見ないほど優れています。すぐに猪たちを追い出してくれるでしょう。」
0x0100005200009213,307,136,Rizia/Turn 3/A_VisitToIza,Player_Romus,en,「なぜ彼とヴィナが一緒に行くことをそんなに強く望んだのか？」
0x010000520000921A,307,137,Rizia/Turn 3/A_VisitToIza,Player_Romus,en,「リコは賢い子だ。父親によく似ている。」
0x0100005200009228,307,138,Rizia/Turn 3/A_VisitToIza,Hugo Toras,en,「陛下、過分なお言葉です。」
0x010000520000923D,307,139,Rizia/Turn 3/A_VisitToIza,Hugo Toras,en,「もし私の息子と陛下のお嬢様が結婚するのであれば、まずは二人で時間を共に過ごすべきです。」
0x0100005200009244,307,140,Rizia/Turn 3/A_VisitToIza,Player_Romus,en,「夫を選ぶのはヴィナ次第だ。そして、彼女の従兄弟が候補者リストの上位にいるとは思えない。」
0x0100005200009252,307,141,Rizia/Turn 3/A_VisitToIza,Narrator,en,彼は落ち着いてライフルの照準器を調整した。
0x0100005200009261,307,145,Rizia/Turn 3/A_VisitToIza,Player_Romus,en,「もちろん考えた。だが、あの二人は正反対の性格だった。」
0x0100005200009268,307,146,Rizia/Turn 3/A_VisitToIza,Player_Romus,en,「驚くべきことに、そのような考えは私の頭に一度も浮かばなかった。」
0x010000520000926F,307,147,Rizia/Turn 3/A_VisitToIza,Player_Romus,en,「もしあなたの息子がもっと紳士に近い人物だったなら、私もそう考えたかもしれない。」
0x01000052000092DD,307,149,Rizia/Turn 3/A_VisitToIza,Hugo Toras,en,「陛下、言葉には十分ご注意ください。おっしゃっているのはトラス家の最後の男子後継者のことです。」
0x01000052000092E4,307,150,Rizia/Turn 3/A_VisitToIza,Hugo Toras,en,「ご存知の通り、この国の内外にはリジアをトラス家から奪おうとする勢力が存在しております。」
0x01000052000092EB,307,151,Rizia/Turn 3/A_VisitToIza,Narrator,en,その時、我々には森の方から物音がするのが聞こえてきた。ベラとブルーノが獲物を見つけたのだ。
0x0100005200009310,307,152,Rizia/Turn 3/A_VisitToIza,Narrator,en,一群のイノシシが開けた場所に駆け込んできて、犬たちがその後を追いかけて噛みついた。我々は協力して、それらの獲物を林間の最も低い場所へと追いやった。
0x0100005200009317,307,153,Rizia/Turn 3/A_VisitToIza,Player_Romus_Italic,en,私は照準を合わせて引き金を引いた。
0x0100005200009317,307,153,Rizia/Turn 3/A_VisitToIza,Player_Romus_Italic,Menu Text en,イノシシを撃つ
0x010000520000931E,307,154,Rizia/Turn 3/A_VisitToIza,Player_Romus_Italic,en,私はわずかに右側を狙って引き金を引いた。
0x010000520000931E,307,154,Rizia/Turn 3/A_VisitToIza,Player_Romus_Italic,Menu Text en,わざと外した
0x010000520000932D,307,158,Rizia/Turn 3/A_VisitToIza,Narrator,en,私がKA-74を握ったとき、これまで受けてきた軍事訓練の知識が思い出された。私は一斉に弾丸をイノシシの群れに撃ち込み、次々とその動物たちは地面に倒れていった。
0x0100005200009340,307,165,Rizia/Turn 3/A_VisitToIza,Narrator,en,そのアサルトライフルは私がこれまで使ってきたものより扱いにくかったが、それでも私は最も大きなイノシシを撃ち倒すことができた。
0x0100005200009347,307,166,Rizia/Turn 3/A_VisitToIza,Narrator,en,私は銃が連続して弾丸を発射する中、それを安定させようと必死に努めた。ジャコウ鹿たちはあらゆる方向に散り散りになった。
0x0100005200009353,307,167,Rizia/Turn 3/A_VisitToIza,Narrator,en,一番大きなイノシシが地面に倒れた。他のイノシシたちは悲鳴を上げながらあちこちに散り散りになった。
0x0100005200009363,307,174,Rizia/Turn 3/A_VisitToIza,Narrator,en,私の最初の一発は最も大きなイノシシを倒すことができた。再び銃を撃ち、別のイノシシも倒した。
0x0100005200009369,307,175,Rizia/Turn 3/A_VisitToIza,Narrator,en,私は銃が発射される間、それを安定させようと必死に努めた。しかし弾丸は狙いを外れ、イノシシたちはあらゆる方向に散り散りになった。
0x0100005200009374,307,176,Rizia/Turn 3/A_VisitToIza,Rico Toras,en,「ブルーノ！」
0x010000520000937B,307,177,Rizia/Turn 3/A_VisitToIza,Narrator,en,リコは馬車から飛び降り、急いで開けた場所へと走って行った。その犬は横になったまま、うめき声を上げていた。
0x0100005200009382,307,178,Rizia/Turn 3/A_VisitToIza,Narrator,en,他の者たちは悲鳴を上げながら散り散りになった。リコの隠れている場所から弾丸が次々と飛んできて、次々と猪たちが地面に倒れ込んだ。
0x0100005200009389,307,179,Rizia/Turn 3/A_VisitToIza,Hugo Toras,en,「よくやりました！」
0x0100005200009391,307,180,Rizia/Turn 3/A_VisitToIza,Hugo Toras,en,「私としては、あまりスポーツマンシップに欠けていると思います。」
0x010000520000939F,307,181,Rizia/Turn 3/A_VisitToIza,Narrator,en,再装填のために振り返ったとき、リコがいる方向から連続して発砲音が聞こえてきた。隙間から再び外を見ると、地面には死んだイノシシが散乱していた。
0x01000052000093A4,307,182,Rizia/Turn 3/A_VisitToIza,Narrator,en,狩りが終わる頃には、私は6頭を倒していた。ウーゴは4頭、リコは12頭だった。
0x01000052000093AA,307,183,Rizia/Turn 3/A_VisitToIza,Narrator,en,狩りが終わる頃には、ウーゴは4頭を倒し、リコと我々もそれぞれ12頭ほど倒していた。
0x01000052000093B1,307,184,Rizia/Turn 3/A_VisitToIza,Narrator,en,彼と私の娘は、隠れ家から降りてくる間も熱心に会話を続けていた。
0x01000052000093C2,307,185,Rizia/Turn 3/A_VisitToIza,Hugo Toras,en,「ふん、私から言わせれば、あまりスポーツマンシップがないな。」
0x01000052000093D8,307,186,Rizia/Turn 3/A_VisitToIza,Narrator,en,狩りが終わる頃には、私は一匹も倒せていなかった。ウーゴは六匹を倒し、リコは十数匹も倒していた。
0x01000052000093E0,307,187,Rizia/Turn 3/A_VisitToIza,Rico Toras,en,「リザこそ、リザそちら。申し上げますが、もし祖母がまだ権力を握っていた時代にヴェーレン内戦が起きていたなら、彼女は決して歓迎の準備などしなかったでしょう。」
0x01000052000093EB,307,188,Rizia/Turn 3/A_VisitToIza,Narrator,en,私の銃弾はジャッカルたちがいた場所をわずかに外れて飛んでいった。彼らは悲鳴を上げながらあらゆる方向に散り散りに逃げていった。
0x0100005200009435,307,192,Rizia/Turn 3/A_VisitToIza,Hugo Toras,en,「はっ！見事です！」
0x010000520000943B,307,193,Rizia/Turn 3/A_VisitToIza,Hugo Toras,en,「長い間会っていませんでしたね。私がやらせていただきます。」
0x0100005200009447,307,194,Rizia/Turn 3/A_VisitToIza,Narrator,en,再装填のために振り返ったとき、リコがいる方向から連続して発砲音が聞こえてきた。隙間から再び外を見ると、地面には死んだイノシシが散乱していた。
0x010000520000944D,307,195,Rizia/Turn 3/A_VisitToIza,Narrator,en,私はその後の狩りを、これ以上誰も倒すことなく終えることができた。ウーゴは四人を倒し、リコは十二人を倒した。
0x0100005200009459,307,196,Rizia/Turn 3/A_VisitToIza,Hugo Toras,en,「私としては、あまりスポーツマンシップに欠けていると思います。」
0x0100005200009492,307,197,Rizia/Turn 3/A_VisitToIza,Narrator,en,彼は素早い動きでライフルを構えて発砲した。その中で最も大きなイノシシが地面に倒れた。
0x0100005200009499,307,198,Rizia/Turn 3/A_VisitToIza,Narrator,en,我々が再装填のために振り返った時、リコの方角から連続して発砲音が聞こえてきた。隙間から再び外を見ると、地面には死んだイノシシが散乱していた。
0x01000052000094A2,307,199,Rizia/Turn 3/A_VisitToIza,Narrator,en,狩りが終わる頃には、私は4匹を倒していた。ウーゴは6匹、リコは12匹倒していた。
0x01000052000094AA,307,200,Rizia/Turn 3/A_VisitToIza,Narrator,en,狩りが終わる頃には、私は6頭を倒していた。ウーゴは4頭、リコは12頭だった。
0x01000052000094B1,307,201,Rizia/Turn 3/A_VisitToIza,Hugo Toras,en,「よくやりました！」
0x01000052000094B7,307,202,Rizia/Turn 3/A_VisitToIza,Narrator,en,再装填のために振り返ったとき、リコがいる方向から連続して発砲音が聞こえてきた。隙間から再び外を見ると、地面には死んだイノシシが散乱していた。
0x01000052000094BD,307,203,Rizia/Turn 3/A_VisitToIza,Hugo Toras,en,「ふん、私から言わせれば、あまりスポーツマンシップがないな。」
0x01000052000094C7,307,204,Rizia/Turn 3/A_VisitToIza,Hugo Toras,en,「ふん、私から言わせれば、あまりスポーツマンシップがないな。」
0x01000052000094E3,307,208,Rizia/Turn 3/A_VisitToIza,Narrator,en,私は甲高い悲鳴と共にドスンという音を聞いた。驚いたことに、私が撃ったのはイノシシの一頭だったのだ。
0x01000052000094ED,307,209,Rizia/Turn 3/A_VisitToIza,Narrator,en,ウーゴ、ヴィナ、そして私は降りていった。その時、リコは必死に自分のシャツを引き裂き、それでブルーノの出血している足をしっかりと包んだ。
0x01000052000094F4,307,210,Rizia/Turn 3/A_VisitToIza,Rico Toras,en,「一体何をするつもりだ、リコ？私の犬を撃ったな！」
0x01000052000094FB,307,211,Rizia/Turn 3/A_VisitToIza,Player_Romus,en,「私のことは『陛下』と呼んでくれ。」
0x0100005200009502,307,212,Rizia/Turn 3/A_VisitToIza,Player_Romus,en,「それは私のせいではない。私が狙っていたのはイノシシだ。」
0x0100005200009509,307,213,Rizia/Turn 3/A_VisitToIza,Player_Romus,en,「かすり傷だ。大丈夫だろう。」
0x0100005200009510,307,214,Rizia/Turn 3/A_VisitToIza,Player_Romus,en,「KA-74を使うのは初めてでして、動揺してしまった。」
0x0100005200009517,307,215,Rizia/Turn 3/A_VisitToIza,Rico Toras,en,「まさか、そんなことが！」
0x0100005200009522,307,219,Rizia/Turn 3/A_VisitToIza,Vina Toras,en,「どうしてですか？最近は父娘で過ごす時間が多すぎました。」
0x010000520000952A,307,220,Rizia/Turn 3/A_VisitToIza,Vina Toras,en,「はい、ぜひ行きたいです。戴冠式では話す機会さえありませんでしたから。」
0x0100005200009532,307,221,Rizia/Turn 3/A_VisitToIza,Rico Toras,en,「ベラ！ブルーノ！座りなさい。」
0x0100005200009579,307,222,Rizia/Turn 3/A_VisitToIza,Vina Toras,en,「申し上げます、もしウェヘツクスやデルディア人にもリジアの先住民と同じ権利が与えられていたなら、こんなことは一切起こらなかったでしょう。」
0x0100005200009587,307,226,Rizia/Turn 3/A_VisitToIza,Vina Toras,en,「いえ！リザはリジアとヴェーレンの長きにわたる協力関係を尊重し、苦しむ人々に思いやりを示したでしょう。」
0x010000520000958E,307,227,Rizia/Turn 3/A_VisitToIza,Rico Toras,en,「愚かな少女め。メルコパの者たちは皆、我々リジア人が持つものを欲しがっているのだ。ヴェゼク人はそれを手に入れる好機と見て、すぐに飛びついたのよ。」
0x0100005200009595,307,228,Rizia/Turn 3/A_VisitToIza,Narrator,en,彼は苛立ちのあまり、銃を地面に投げ捨てた。
0x010000520000959C,307,229,Rizia/Turn 3/A_VisitToIza,Rico Toras,en,「陛下、今日の狩りではあなた様のお嬢様は一切銃を撃っていないようです。彼女は自分の馬鹿げた意見で私の注意をそらすのに忙しくしていました。」
0x01000052000095A4,307,230,Rizia/Turn 3/A_VisitToIza,Player_Romus,en,「あなた、その愚か者。ヴィナはあらゆる面で私よりも優れているのだ。すぐに彼女に謝りなさい。」
0x01000052000095AA,307,231,Rizia/Turn 3/A_VisitToIza,Rico Toras,en,「三本の足では狩りなどできません！」
0x01000052000095B1,307,232,Rizia/Turn 3/A_VisitToIza,Rico Toras,en,「申し訳ありません。陛下であるロムス・トラス王が、私の犬を殺してしまったのです！」
0x01000052000095B8,307,233,Rizia/Turn 3/A_VisitToIza,Rico Toras,en,「次は、自分のこのクソ頭を狙え！」
0x01000052000095BF,307,234,Rizia/Turn 3/A_VisitToIza,Vina Toras,en,「お願いです、リコ。それは事故でしたのに。」
0x01000052000095CF,307,238,Rizia/Turn 3/A_VisitToIza,Vina Toras,en,「正直に申し上げますと、父上！使い方もわからないのに、なぜそんな危険な武器を選ばれるのですか？」
0x01000052000095D6,307,239,Rizia/Turn 3/A_VisitToIza,Narrator,en,ヴィナはしゃがみ込んでブルーノの毛を撫でた。犬は少し頭を上げて彼女の手を舐めた。
0x01000052000095ED,307,240,Rizia/Turn 3/A_VisitToIza,Hugo Toras,en,「リコ、ヴィナ、二人でブルーノを宮殿に連れ戻してはどうか？私と陛下がこちらで全てを片付けます。」
0x01000052000095F4,307,241,Rizia/Turn 3/A_VisitToIza,Narrator,en,彼女はリコの肩に手を置いた。彼は無理やり深呼吸をした。
0x01000052000095FC,307,242,Rizia/Turn 3/A_VisitToIza,Rico Toras,en,「陛下のおっしゃる通りです。それならもっと悪い事態になっていたでしょう。リジアは自国の民だけでなく、何百万人もの外部から来た寄生者たちを養う重荷に押しつぶされてしまったはずです。」
0x0100005200009603,307,243,Rizia/Turn 3/A_VisitToIza,Vina Toras,en,「寄生虫だと？馬鹿め、あいつらは我々の金を採掘し、作物を栽培しているのだ。本当の寄生虫など、自分たちの労働から富を吸い上げる貴族たちの方だ。」
0x0100005200009619,307,244,Rizia/Turn 3/A_VisitToIza,Player_Romus,en,「我々四人分の役目を十分に果たしてくれた。おめでとうございます。」
0x0100005200009620,307,245,Rizia/Turn 3/A_VisitToIza,Player_Romus,en,「ヴィナ、我々は今ここイザで客人なのだ。すぐにリコに謝りなさい。」
0x0100005200009635,307,246,Rizia/Turn 3/A_VisitToIza,Narrator,en,彼はしばらくの間落ち着きを取り戻すようにしてから、にやりと笑った。
0x010000520000963C,307,247,Rizia/Turn 3/A_VisitToIza,Rico Toras,en,「ありがとうございます。陛下もそれほど悪くはなさっていませんでした。」
0x0100005200009643,307,248,Rizia/Turn 3/A_VisitToIza,Narrator,en,私の叔父は私に意味深な視線を送ってきた。
0x010000520000964A,307,249,Rizia/Turn 3/A_VisitToIza,Player_Romus,en,「ああ、あなた方二人は先に行きなさい。本当に申し訳ない、リコ。」
0x0100005200009651,307,250,Rizia/Turn 3/A_VisitToIza,Player_Romus,en,「実際のところ、ウーゴも一緒に行くべきだ。私は王女様と共に旅をする。」
0x0100005200009658,307,251,Rizia/Turn 3/A_VisitToIza,Narrator,en,リコはしばらくの間、落ち着こうとしているようだった。
0x0100005200009665,307,255,Rizia/Turn 3/A_VisitToIza,Rico Toras,en,「陛下、お詫びを受け入れます。そして、これは今日結んだ合意に影響を与えることはありません。」
0x010000520000966C,307,256,Rizia/Turn 3/A_VisitToIza,Rico Toras,en,「あなたの謝罪は受け入れます。ですが、私の警察に関する要請についてはより一層配慮していただきたいと思います。」
0x0100005200009673,307,257,Rizia/Turn 3/A_VisitToIza,Narrator,en,リコは反対しようとしたようだったが、やめておくことにした。
0x0100005200009680,307,261,Rizia/Turn 3/A_VisitToIza,Rico Toras,en,「陛下、ご希望通りに。これは今日結んだ合意に影響を与えることはありません。」
0x0100005200009687,307,262,Rizia/Turn 3/A_VisitToIza,Rico Toras,en,「では、進めてください。ですが、私の警察に関する要請にも十分ご配慮いただけることを願っています。」
0x010000520000968E,307,263,Rizia/Turn 3/A_VisitToIza,Narrator,en,彼はしばらくの間、落ち着こうとしているようだった。
0x0100005200009695,307,264,Rizia/Turn 3/A_VisitToIza,Rico Toras,en,「申し訳ありません、殿下。私が興奮してしまったようです。」
0x01000052000096A3,307,265,Rizia/Turn 3/A_VisitToIza,Narrator,en,ヴィナはうつむいて、不機嫌そうに地面を見つめていた。
0x01000052000096AA,307,266,Rizia/Turn 3/A_VisitToIza,Vina Toras,en,「申し訳ありません、閣下。」
0x01000052000096BD,307,270,Rizia/Turn 3/A_VisitToIza,Rico Toras,en,「ありがとうございます。私も同じことをお返しできればよいのですが。」
0x01000052000096C4,307,271,Rizia/Turn 3/A_VisitToIza,Narrator,en,我々は倒したイノシシのそばで写真を撮られた。助手たちはすべてのものを片付け始めた。
0x01000052000096CB,307,272,Rizia/Turn 3/A_VisitToIza,Narrator,en,リコとウーゴは、自分たちが倒したイノシシのそばで写真を撮られていた。助手たちはすべてのものを片付け始めた。
0x01000052000096E2,307,277,Rizia/Turn 3/A_VisitToIza,Hugo Toras,en,「今夜は美味しい食事ができます。パレス・サゾンの料理人が作るワインソースを使った煮豚は実に絶品です。」
0x01000052000096EA,307,278,Rizia/Turn 3/A_VisitToIza,Hugo Toras,en,「リコ、ヴィナ、二人とも先に乗って厨房のスタッフたちに知らせてきてはどうか？私と陛下もすぐ後を追う。」
0x01000052000096F1,307,279,Rizia/Turn 3/A_VisitToIza,Narrator,en,ヴィナは私に懇願するような眼差しを向けてきた。
0x01000052000096F8,307,280,Rizia/Turn 3/A_VisitToIza,Player_Romus,en,「ああ、どうぞ。我々が去る前に、二人が穏便に会話を交わす最後の機会だ。」
0x01000052000096FF,307,281,Rizia/Turn 3/A_VisitToIza,Player_Romus,en,「息子のウーゴと一緒に行ってはどうだ？私が王女様をお連れする。」
0x0100005200009706,307,282,Rizia/Turn 3/A_VisitToIza,Narrator,en,ウーゴは眉を上げた。
0x0100005200009711,307,284,Rizia/Turn 3/A_VisitToIza,Narrator,en,ヴィナは私を見て顔をしかめた。リコが彼女を待機しているジープの一台へ連れて行くと、ウーゴと私はもう一台に乗り込み、我々四人で宮殿へ戻っていった。
0x0100005200009718,307,285,Rizia/Turn 3/A_VisitToIza,Narrator,en,その夜の夕食は実に美味しかった。
0x0100005200009721,307,286,Rizia/Turn 3/A_VisitToIza,Hugo Toras,en,「ご希望通りに。さあ、リコ、ついてきなさい。」
0x010000520000972E,307,288,Rizia/Turn 3/A_VisitToIza,Narrator,en,リコとウーゴが去った後、ヴィナは静かに私に感謝の意を表した。我々二人はもう一台のジープに乗り込み、宮殿へと戻っていった。
0x0100005200009736,307,289,Rizia/Turn 3/A_VisitToIza,Narrator,en,補佐官たちは慎重にブルーノをジープの後部にある毛布の上に横たえた。ウーゴとリコも車に乗り込み、その車はすぐに走り去っていった。
0x010000520000973E,307,290,Rizia/Turn 3/A_VisitToIza,Narrator,en,私とヴィナはもう一台のジープに乗り込み、彼らの後を追って宮殿へ戻った。
0x0100005200009745,307,291,Rizia/Turn 3/A_VisitToIza,Narrator,en,我々は夕食を取らずにポルテ・ドラゾンへ向かった。
0x010000520000974D,307,292,Rizia/Turn 3/A_VisitToIza,Narrator,en,補佐官たちは慎重にブルーノをジープの後部にある毛布の上に横たえた。ヴィナとリコが車に乗り込み、その車はすぐに走り去っていった。
0x0100005200009755,307,293,Rizia/Turn 3/A_VisitToIza,Narrator,en,ウーゴと私はもう一台のジープに乗り込み、彼らの後を追って宮殿へ戻った。
0x01000052000097C4,307,294,Rizia/Turn 3/A_VisitToIza,Narrator,en,彼は落ち着いてライフルを小川のある場所に向けた。
0x01000052000107A4,307,296,Rizia/Turn 3/A_VisitToIza,Narrator,en,私は、我々を見に出てきた人々のほとんどがリジアの先住民であることに気づいた――都市のヴェーレン地区であるリトル・ヴラクラヴィッツの街中でさえもそうだった。
0x010000520001082F,307,297,Rizia/Turn 3/A_VisitToIza,Narrator,en,彼は私に軽く一礼して挨拶をし、その後膝をついてヴィナの手に口づけした。かつては不器用で自信のなかったティーンエイジャーだった彼が、今では肩幅の広い、異常なほど自信に満ちた若者へと変わっていることに私は驚かされた。
0x0100005200010836,307,298,Rizia/Turn 3/A_VisitToIza,Vina Toras,en,「待ってください。何ですか？」
0x010000520001084A,307,302,Rizia/Turn 3/A_VisitToIza,Rico Toras,en,「なんと素晴らしい考えでしょう。次の機会にその計画を立てるよう忘れずにお願いします。」
0x0100005200010868,307,303,Rizia/Turn 3/A_VisitToIza,Player_Romus,en,「私はトラス公と一緒に乗る。彼と話し合うべきことがたくさんあるから。」
0x010000520001086F,307,304,Rizia/Turn 3/A_VisitToIza,Player_Romus,en,「ヴィナ、お父上と同じ車で行かないか？」
0x0100005200010876,307,305,Rizia/Turn 3/A_VisitToIza,Player_Romus,en,「ウーゴ、一緒に乗って行こう。子供たちは後から追ってくるだろう。」
0x010000520001087D,307,306,Rizia/Turn 3/A_VisitToIza,Narrator,en,リコがすぐに口を挟んだ。
0x0100005200010885,307,307,Rizia/Turn 3/A_VisitToIza,Narrator,en,リコはうなずいた。補佐官がドアを開けてくれ、我々は最初の車に乗り込んだ。
0x010000520001088C,307,308,Rizia/Turn 3/A_VisitToIza,Rico Toras,en,「陛下、もしよろしければ、我々二人のためにこの車を用意させました。」
0x0100005200010893,307,309,Rizia/Turn 3/A_VisitToIza,Narrator,en,彼は側近に合図し、その側近が最初のジープのドアを開けてくれた。我々二人は中に乗り込んだ。
0x010000520001089A,307,310,Rizia/Turn 3/A_VisitToIza,Narrator,en,宮殿の東側では、景色がすぐに丘陵地帯と緑豊かな地域へと変わっていった。我々は貴族だけが立ち入ることを許された私有の狩猟場であるブレナス森林地帯に足を踏み入れていたのだ。
0x01000052000108A4,307,311,Rizia/Turn 3/A_VisitToIza,Rico Toras,en,「では、より一層努力していただくよう謹んでお願い申し上げます。」
0x01000052000108AB,307,312,Rizia/Turn 3/A_VisitToIza,Rico Toras,en,「陛下、我々のことをどう思われようとも、スー・オミナはジルへの攻撃を計画していませんでした。」
0x01000052000108B2,307,313,Rizia/Turn 3/A_VisitToIza,Rico Toras,en,「あのヴェゼクたちが自業自得の報いを受けるのを見て、私も喜ばなかったわけではありません。」
0x01000052000108BC,307,314,Rizia/Turn 3/A_VisitToIza,Player_Romus,en,「承知した。仰せの通りにする。」
0x01000052000108C3,307,315,Rizia/Turn 3/A_VisitToIza,Player_Romus,en,「どうか、息子よ、故人に対して少しは敬意を払いなさい。」
0x01000052000108CA,307,316,Rizia/Turn 3/A_VisitToIza,Player_Romus,en,「あなたがそのような話を続けるなら、相応の報いを受けることになるぞ。」
0x01000052000108D1,307,317,Rizia/Turn 3/A_VisitToIza,Narrator,en,彼の顔にはかすかな笑みが浮かんだ。
0x01000052000108DB,307,318,Rizia/Turn 3/A_VisitToIza,Player_Romus,en,「ですから、あなたの組織は全く無実だと私に信じさせようというのか？」
0x01000052000108EF,307,319,Rizia/Turn 3/A_VisitToIza,Rico Toras,en,「ヴェーレンでですか？はい。」
0x01000052000108F6,307,320,Rizia/Turn 3/A_VisitToIza,Rico Toras,en,「失礼します、陛下。」
0x01000052000108FE,307,321,Rizia/Turn 3/A_VisitToIza,Rico Toras,en,「我々も皆、同じように考えておりました。」
0x0100005200010907,307,322,Rizia/Turn 3/A_VisitToIza,Rico Toras,en,「問題は、陛下が我々について調査しても何も見つからないということです。少なくともヴェーレンに関しては。」
0x010000520001091B,307,329,Rizia/Turn 3/A_VisitToIza,Rico Toras,en,「陛下、我々に関する調査では何も見つかることはありません。」
0x0100005200010922,307,330,Rizia/Turn 3/A_VisitToIza,Rico Toras,en,「もしジルを返還できるだけの時間内にこの混乱を解決したいのであれば、私がお手伝いできると思います。」
0x010000520001092A,307,331,Rizia/Turn 3/A_VisitToIza,Rico Toras,en,「問題は、スモラク大統領の非難が何の根拠もないということです。それは単に彼が我々に対して抱く個人的な復讐心に過ぎません。」
0x0100005200010932,307,332,Rizia/Turn 3/A_VisitToIza,Rico Toras,en,「スモラクの非難は根拠のないものです。我々に対する彼自身の復讐心から来ているだけです。」
0x010000520001093A,307,333,Rizia/Turn 3/A_VisitToIza,Player_Romus,en,「どのようにしてですか？」
0x0100005200010941,307,334,Rizia/Turn 3/A_VisitToIza,Player_Romus,en,「私は依然としてあなたを信じていない。」
0x0100005200010948,307,335,Rizia/Turn 3/A_VisitToIza,Player_Romus,en,「何と引き換えにか？」
0x010000520001094F,307,336,Rizia/Turn 3/A_VisitToIza,Narrator,en,彼は咳払いをした。
0x0100005200010956,307,337,Rizia/Turn 3/A_VisitToIza,Rico Toras,en,「陛下、私の組織に属する者たちは皆、陛下に対して絶大な忠誠心を持っております。」
0x010000520001095D,307,338,Rizia/Turn 3/A_VisitToIza,Rico Toras,en,「スー・オミナの追跡から近衛兵を引き離すこと以外には？何もありません。従兄弟であり王である陛下と値段交渉などという勇気は私にはありません。」
0x0100005200010965,307,339,Rizia/Turn 3/A_VisitToIza,Rico Toras,en,「どうであれ……」
0x010000520001096D,307,340,Rizia/Turn 3/A_VisitToIza,Rico Toras,en,「もし彼らのうち一人か二人が、スー・オミナでも王室でも独立して活動する分派としてその攻撃を自白してくれれば、我々の両方の問題が解決するでしょう。」
0x010000520001097D,307,344,Rizia/Turn 3/A_VisitToIza,Player_Romus,en,「つまり、私の代わりに犯罪を犯すと申しているのだね。」
0x0100005200010984,307,345,Rizia/Turn 3/A_VisitToIza,Player_Romus,en,「ヴェーレンの捜査官たちは愚かではない。彼らなら真実を明らかにするだろう。」
0x010000520001098B,307,346,Rizia/Turn 3/A_VisitToIza,Rico Toras,en,「もし真実が、攻撃の背後にいるのはヴェーレン自身だというものでなければ問題ありません。」
0x0100005200010992,307,347,Rizia/Turn 3/A_VisitToIza,Rico Toras,en,「私の予感では、彼らはリジアがこの犯罪を否定してくれることを期待し、それによってジルの引き渡しを先延ばしにしようとしているのでしょう。」
0x0100005200010999,307,348,Rizia/Turn 3/A_VisitToIza,Rico Toras,en,「私の部下たちを引き渡すことで、彼らの虚偽の策略を暴くことができるのです。」
0x01000052000109A0,307,349,Rizia/Turn 3/A_VisitToIza,Rico Toras,en,「今年の終わりまでにジルを連れ戻せるというのですか？それは無理でしょう。」
0x01000052000109A7,307,350,Rizia/Turn 3/A_VisitToIza,Rico Toras,en,「私は何も提案しているわけではありません。ただ、もしそのような自白があればどれほど都合が良くなるかを指摘しているだけです。」
0x01000052000109AE,307,351,Rizia/Turn 3/A_VisitToIza,Player_Romus,en,「あなたが提案するこれらの生け贄たちは、いったいどれほど忠実なのか？尋問に耐えられるだろうか？」
0x01000052000109B8,307,352,Rizia/Turn 3/A_VisitToIza,Player_Romus,en,「スー・オミナに関する私の調査を早々に終わらせてしまうという事実も含めてか？それは君たちへの素敵な褒美だと思っているがね。」
0x01000052000109CD,307,356,Rizia/Turn 3/A_VisitToIza,Player_Romus,en,「そのご厚意には感謝する。しかし、私としてはこれを容認することはできない。」
0x01000052000109D7,307,357,Rizia/Turn 3/A_VisitToIza,Player_Romus,en,「どれだけ時間がかかろうと構わない。あなたが提案するような卑劣な策には決して屈さない。」
0x01000052000109DE,307,358,Rizia/Turn 3/A_VisitToIza,Player_Romus,en,「この件をできるだけ早く終わらせてしまう方が便利だろう。」
0x01000052000109E8,307,359,Rizia/Turn 3/A_VisitToIza,Rico Toras,en,「信じてください、リコ。もしそういう事態になったとしても、彼らの家族が適切に世話されるよう、私には十分な手段があります。」
0x01000052000109F5,307,363,Rizia/Turn 3/A_VisitToIza,Rico Toras,en,「陛下、あなたもです。我々との過去を忘れてはいけません。」
0x01000052000109FC,307,364,Rizia/Turn 3/A_VisitToIza,Rico Toras,en,「陛下、あなたもです。我々が親族であることを忘れないでください。」
0x0100005200010A03,307,365,Rizia/Turn 3/A_VisitToIza,Rico Toras,en,「承知いたしました、陛下。」
0x0100005200010A0A,307,366,Rizia/Turn 3/A_VisitToIza,Narrator,en,彼はウィンクした。
0x0100005200010A11,307,367,Rizia/Turn 3/A_VisitToIza,Rico Toras,en,「はい、陛下。承知いたしました。」
0x0100005200010A18,307,368,Rizia/Turn 3/A_VisitToIza,Rico Toras,en,「陛下、お命じいただければすぐに対処いたします。」
0x0100005200010A1F,307,369,Rizia/Turn 3/A_VisitToIza,Player_Romus,en,「それは暗号ではない、リコ。でたらめな容疑者を持ち出せば、お前の首を切ってやる。」
0x0100005200010A26,307,370,Rizia/Turn 3/A_VisitToIza,Player_Romus,en,「もしもその容疑者たちが嘘をついていると判明した場合、彼らに出頭するよう命じた命令は、決して私のものだとは追跡されないだろう。」
0x0100005200010A33,307,371,Rizia/Turn 3/A_VisitToIza,Rico Toras,en,「もちろんです。」
0x0100005200010A3A,307,372,Rizia/Turn 3/A_VisitToIza,Rico Toras,en,「ああ。」
0x0100005200010A41,307,373,Rizia/Turn 3/A_VisitToIza,Rico Toras,en,「それなら、気にしないでください。」
0x0100005200010A48,307,374,Rizia/Turn 3/A_VisitToIza,Narrator,en,リコはしばらく目をそらした。我々の周りの森はますます鬱蒼としていった。
0x0100005200010A4F,307,375,Rizia/Turn 3/A_VisitToIza,Narrator,en,リコは厳かにうなずいた。
0x0100005200010A5C,307,377,Rizia/Turn 3/A_VisitToIza,Player_Romus,en,「それでは、合意に達した。」
0x0100005200010A63,307,378,Rizia/Turn 3/A_VisitToIza,Player_Romus,en,「実際、否だ。私はこの計画には賛同しない。あなた方の組織は責任を問われるべきだ。」
0x0100005200010A6B,307,379,Rizia/Turn 3/A_VisitToIza,Rico Toras,en,「引き続き調査を進め、私が何か言ったことは忘れてください。」
0x0100005200010A72,307,380,Rizia/Turn 3/A_VisitToIza,Rico Toras,en,「それは――陛下、ご自由になさってよろしいのです。」
0x0100005200010A7A,307,381,Rizia/Turn 3/A_VisitToIza,Rico Toras,en,「引き続き調査を進め、私が何か言ったことは忘れてください。」
0x0100005200010A85,307,382,Rizia/Turn 3/A_VisitToIza,Player_Romus,en,「わかった、閣下。あなたのやり方で試してみよう。」
0x0100005200010A8F,307,383,Rizia/Turn 3/A_VisitToIza,Player_Romus,en,「こんな考えを抱いてしまっている自分が信じられない。答えはノーだ。」
0x0100005200010A96,307,384,Rizia/Turn 3/A_VisitToIza,Rico Toras,en,「私――ありがとうございます、陛下。」
0x0100005200010A9D,307,385,Rizia/Turn 3/A_VisitToIza,Rico Toras,en,「都市に戻り次第、すぐに手配をいたします。また、あの無意味な調査を終わらせてくださったことにも事前から感謝申し上げます。」
0x0100005200010AAA,307,386,Rizia/Turn 3/A_VisitToIza,Rico Toras,en,「都市に戻り次第、すぐに手配をいたします。また、あの無意味な調査を終わらせてくださったことにも事前から感謝申し上げます。」
0x0100005200010AB8,307,388,Rizia/Turn 3/A_VisitToIza,Narrator,en,我々は車を走らせ続けた。周囲の森はますます鬱蒼としていった。
0x0100005200010AC5,307,389,Rizia/Turn 3/A_VisitToIza,Player_Romus,en,「あなたが王様と話したいことが他にもあるなら、今がその時だ。」
0x0100005200010ACC,307,390,Rizia/Turn 3/A_VisitToIza,Player_Romus,en,「従兄弟のリコ、イザ公としてのご様子はどうだ？正直に答えてくれ。」
0x0100005200010ADC,307,391,Rizia/Turn 3/A_VisitToIza,Narrator,en,リコは熱心に私の方へ振り返った。
0x0100005200010AE4,307,392,Rizia/Turn 3/A_VisitToIza,Rico Toras,en,「陛下、こちらの状況については既にご存知でいらっしゃることと存じます。」
0x0100005200010AED,307,393,Rizia/Turn 3/A_VisitToIza,Player_Romus,en,「首のない像たちだ。」
0x0100005200010AF4,307,394,Rizia/Turn 3/A_VisitToIza,Player_Romus,en,「リコ、あなたはもう子供ではない。しっかりと振る舞い、この街が必要とする指導者になってくれ。」
0x0100005200010AFB,307,395,Rizia/Turn 3/A_VisitToIza,Player_Romus,en,「私にはそれほど悪いことのようには思えない。」
0x0100005200010B02,307,396,Rizia/Turn 3/A_VisitToIza,Player_Romus,en,「確かに憂慮すべき事態だ。私に何ができるだろうか、助力のために。」
0x0100005200010B09,307,397,Rizia/Turn 3/A_VisitToIza,Rico Toras,en,「陛下、あれらを見るべきではありませんでした。」
0x0100005200010B0F,307,398,Rizia/Turn 3/A_VisitToIza,Rico Toras,en,「私も努力はしております。ですが、援軍がなければ対処できません。」
0x0100005200010B17,307,399,Rizia/Turn 3/A_VisitToIza,Rico Toras,en,「遅かれ早かれ、それは各要素の合計を上回る何かになるでしょう。」
0x0100005200010B1E,307,400,Rizia/Turn 3/A_VisitToIza,Rico Toras,en,「お尋ねいただき、私としても嬉しいです。」
0x0100005200010B25,307,401,Rizia/Turn 3/A_VisitToIza,Rico Toras,en,「陛下、緊急時にはリジア中央軍の警察部隊を個別の指揮官の直接命令下に置くことができると聞いております。」
0x0100005200010B2F,307,402,Rizia/Turn 3/A_VisitToIza,Rico Toras,en,「私はまさにそのような配置変更を陛下の軍事保安評議官に要請しましたが、彼女は拒否されました。」
0x0100005200010B36,307,403,Rizia/Turn 3/A_VisitToIza,Player_Romus,en,「その通りだ。あなたはより大きな領土であるブレナスと協力すべきだ。」
0x0100005200010B3D,307,404,Rizia/Turn 3/A_VisitToIza,Player_Romus,en,「つまり、ご家族のコネを使って彼女を無視しているということだね。」
0x0100005200010B44,307,405,Rizia/Turn 3/A_VisitToIza,Player_Romus,en,「彼女は間違いを犯した。ここの平和を維持するための助けとして、ブレナス警察に頼ることはできない。」
0x0100005200010B4B,307,406,Rizia/Turn 3/A_VisitToIza,Rico Toras,en,「サゾン家と協力するということでしょうか？」
0x0100005200010B52,307,407,Rizia/Turn 3/A_VisitToIza,Rico Toras,en,「ええ……そうです。他に方法が思いつきません。」
0x0100005200010B59,307,408,Rizia/Turn 3/A_VisitToIza,Rico Toras,en,「もし何かあるとすれば、彼らは積極的に私に敵対しているのです。」
0x0100005200010B60,307,409,Rizia/Turn 3/A_VisitToIza,Narrator,en,彼は鼻で笑った。
0x0100005200010B67,307,410,Rizia/Turn 3/A_VisitToIza,Rico Toras,en,「彼らは協力してくれるとは思えません。むしろ、我々に対して積極的に陰謀を企てているのです。」
0x0100005200010B6E,307,411,Rizia/Turn 3/A_VisitToIza,Rico Toras,en,「この都市が我が一族にとって重要な拠点であることはご理解いただけていますね。ここを失えば、リジア全体を失うことになります。」
0x0100005200010B76,307,412,Rizia/Turn 3/A_VisitToIza,Rico Toras,en,「我々が共に故郷に戻ったら、請願書をお送りします。我が都のために最善のことをしてくださると信じています。」
0x0100005200010B7E,307,413,Rizia/Turn 3/A_VisitToIza,Rico Toras,en,「陛下、ヴェゼク人がスー・オミナを非難するよう圧力をかけてきたことは存じております。陛下は彼らの魔女狩りの正体を見抜くという、実に賢明なご判断をなさったのです。」
0x0100005200010B87,307,414,Rizia/Turn 3/A_VisitToIza,Rico Toras,en,「たとえ、あのヴェゼク人たちが自業自得の報いを受けたと聞いても我々は全く悔やんでおりませんでした。」
0x0100005200010B92,307,415,Rizia/Turn 3/A_VisitToIza,Narrator,en,リコはにやりと笑った。
0x0100005200010B99,307,416,Rizia/Turn 3/A_VisitToIza,Rico Toras,en,「ですが、一つ秘密をお教えしましょう。」
0x0100005200010BA0,307,417,Rizia/Turn 3/A_VisitToIza,Player_Romus,en,「そのようには思えないね。」
0x0100005200010BA7,307,418,Rizia/Turn 3/A_VisitToIza,Player_Romus,en,「これは明らかにヴェーレン側が企てた策略だ。」
0x0100005200010BAE,307,419,Rizia/Turn 3/A_VisitToIza,Player_Romus,en,「彼らは高潔な市民だ。彼らが暴力に手を染めるなど、私には想像もつかない。」
0x0100005200010BB5,307,420,Rizia/Turn 3/A_VisitToIza,Rico Toras,en,「いえ、陛下。」
0x0100005200010BBC,307,421,Rizia/Turn 3/A_VisitToIza,Rico Toras,en,「陛下、信じなくても構いません。ですが、私は真実をお伝えしているのです。」
0x0100005200010BC3,307,422,Rizia/Turn 3/A_VisitToIza,Narrator,en,リコは口元を歪めて、何とか怒りの表情を作った。
0x0100005200010BCA,307,423,Rizia/Turn 3/A_VisitToIza,Rico Toras,en,「もちろんです。それは実に悲惨な悲劇でした。」
0x0100005200010BD1,307,424,Rizia/Turn 3/A_VisitToIza,Rico Toras,en,「ここにいるのは我々だけですよね？率直に話し合えます。」
0x0100005200010BD8,307,425,Rizia/Turn 3/A_VisitToIza,Rico Toras,en,「そういえば……一つ秘密をお教えしましょう。」
0x0100005200010BE0,307,426,Rizia/Turn 3/A_VisitToIza,Rico Toras,en,「その事件の直前、我々はジルにあるスー・オミナの支部を起動しようとしていました。」
0x0100005200010BE9,307,427,Rizia/Turn 3/A_VisitToIza,Rico Toras,en,「やつらは間もなく正体が暴かれるだろう。自分たちの足跡を隠すほどの知恵はないのだ。」
0x0100005200010BF1,307,428,Rizia/Turn 3/A_VisitToIza,Narrator,en,彼は私にこっそりと視線を送った。
0x0100005200010BF9,307,429,Rizia/Turn 3/A_VisitToIza,Player_Romus,en,「あなたがまだその計画を実行しようとしていないことを願っている。」
0x0100005200010C00,307,430,Rizia/Turn 3/A_VisitToIza,Player_Romus,en,「『活性化する』とはどういう意味か？」
0x0100005200010C07,307,431,Rizia/Turn 3/A_VisitToIza,Player_Romus,en,「国王の許可なくそんなことをすれば、それは実に愚かな行為だった。」
0x0100005200010C0E,307,432,Rizia/Turn 3/A_VisitToIza,Player_Romus,en,「一体、何のためか？」
0x0100005200010C15,307,433,Rizia/Turn 3/A_VisitToIza,Rico Toras,en,「なぜやってはいけないのでしょうか？」
0x0100005200010C1C,307,434,Rizia/Turn 3/A_VisitToIza,Rico Toras,en,「スモラクがジルを簡単に引き渡すはずがありません。彼に厳しく圧力をかけてこそ、我々のものを取り戻せるのです。」
0x0100005200010C2C,307,435,Rizia/Turn 3/A_VisitToIza,Rico Toras,en,「その地域にはともかくもリジア人の忠誠派が大勢いる。彼らに必要なのはきっかけだけです。」
0x0100005200010C35,307,436,Rizia/Turn 3/A_VisitToIza,Player_Romus,en,「私はこれを許すことはできない、リコ。」
0x0100005200010C3C,307,437,Rizia/Turn 3/A_VisitToIza,Player_Romus,en,「『めちゃくちゃにする』とはどういう意味か？」
0x0100005200010C43,307,438,Rizia/Turn 3/A_VisitToIza,Rico Toras,en,「もちろん、我々がそこに送り込む者は完全な秘密裏に行動しなければなりません。ですが、ヴェゼク人をいたぶるのは面白いことでしょう？」
0x0100005200010C4C,307,439,Rizia/Turn 3/A_VisitToIza,Rico Toras,en,「いえ、陛下。そんなことは決して許されません。」
0x0100005200010C53,307,440,Rizia/Turn 3/A_VisitToIza,Narrator,en,彼はウィンクした。
0x0100005200010C5A,307,441,Rizia/Turn 3/A_VisitToIza,Rico Toras,en,「爆撃のような極端なことはしません。我々はただ、陛下の慈悲深さについて人々に広めるだけです。」
0x0100005200010C61,307,442,Rizia/Turn 3/A_VisitToIza,Player_Romus,en,「私はすでにジルでリジア支持の組織を一つ活動させている。二つも必要ない。」
0x0100005200010C77,307,446,Rizia/Turn 3/A_VisitToIza,Player_Romus,en,「もう少し優位に立てれば悪くはないだろう。」
0x0100005200010C7E,307,447,Rizia/Turn 3/A_VisitToIza,Rico Toras,en,「多少の強制を用いようと、用いまいとです。」
0x0100005200010C85,307,448,Rizia/Turn 3/A_VisitToIza,Player_Romus,en,「もしアザロ家の者たちがジルで行っていた活動が明らかになったとしても、私はそれらについて全く知らないと宣言する。」
0x0100005200010C8C,307,449,Rizia/Turn 3/A_VisitToIza,Rico Toras,en,「その通りです。」
0x0100005200010C93,307,450,Rizia/Turn 3/A_VisitToIza,Player_Romus,en,「それは暗号ではない。もしヴェーレンの国境北方でスー・オミナの活動があると聞けば、お前の首を取るぞ。」
0x0100005200010C9A,307,451,Rizia/Turn 3/A_VisitToIza,Player_Romus,en,「正直、その申し出は感謝しているが、あなたの組織を危険にさらしたくない。」
0x0100005200010CA2,307,452,Rizia/Turn 3/A_VisitToIza,Rico Toras,en,「陛下が進めておられることには干渉いたしません。私どもは単に、ロムス陛下の慈悲深さを広めていくだけです。」
0x0100005200010CAA,307,453,Rizia/Turn 3/A_VisitToIza,Rico Toras,en,「私は――理解いたしました。」
0x0100005200010CB1,307,454,Rizia/Turn 3/A_VisitToIza,Rico Toras,en,「私はただ助けようとしただけです。」
0x0100005200010CB8,307,455,Rizia/Turn 3/A_VisitToIza,Player_Romus,en,「魅力的な提案だが、あなたやご所属の組織を危険にさらしたくはない。」
0x0100005200010CBF,307,456,Rizia/Turn 3/A_VisitToIza,Player_Romus,en,「私の慈悲深さを知る者はもっと多くなければならない。それは事実だ。」
0x0100005200010CC6,307,457,Rizia/Turn 3/A_VisitToIza,Player_Romus,en,「私はあなたとは違う。目的を達成するのに力ずくなど必要ない。」
0x0100005200010CCD,307,458,Rizia/Turn 3/A_VisitToIza,Rico Toras,en,「それは陛下が心配されるべき最も軽微な問題でしょう。我々には自分たちを守る方法があります。」
0x0100005200010CD4,307,459,Rizia/Turn 3/A_VisitToIza,Rico Toras,en,「我々を陛下の旗手とお考えください。」
0x0100005200010CDB,307,460,Rizia/Turn 3/A_VisitToIza,Rico Toras,en,「陛下、必ずしもそれが必要というわけではありません。ですが、優れた保険のような役割を果たします。」
0x0100005200010CE3,307,461,Rizia/Turn 3/A_VisitToIza,Rico Toras,en,「それでは……我々の間に合意が成立したということでしょうか？」
0x0100005200010CEA,307,462,Rizia/Turn 3/A_VisitToIza,Narrator,en,リコはしばらく目をそらした。我々の周りの森はますます鬱蒼としていった。
0x0100005200010CF0,307,463,Rizia/Turn 3/A_VisitToIza,Player_Romus,en,「ああ。我々は合意に達した。」
0x0100005200010CF0,307,463,Rizia/Turn 3/A_VisitToIza,Player_Romus,Menu Text en,「ああ。合意した。」［予算-2、軍装備-250］
0x0100005200010CF7,307,464,Rizia/Turn 3/A_VisitToIza,Player_Romus_Italic,en,私は何も言わずにうなずいた。
0x0100005200010CF7,307,464,Rizia/Turn 3/A_VisitToIza,Player_Romus_Italic,Menu Text en,うなずく。［予算-2、軍装備-250］
0x0100005200010CFF,307,465,Rizia/Turn 3/A_VisitToIza,Player_Romus,en,「実は……いえ。スー・オミナの活動はリジア内に限定してもらわなければならない。」
0x0100005200010D07,307,466,Rizia/Turn 3/A_VisitToIza,Rico Toras,en,「陛下、ご自ら手を汚す必要はございません。我々の助けが欲しいのであれば、お声をかけてくださいませ。」
0x0100005200010D13,307,467,Rizia/Turn 3/A_VisitToIza,Player_Romus,en,「これ以上どれだけはっきりと伝えればいいのか分からない。私の答えはノーだ。」
0x0100005200010D1D,307,468,Rizia/Turn 3/A_VisitToIza,Narrator,en,リコはにやりと笑った。
0x0100005200010D25,307,469,Rizia/Turn 3/A_VisitToIza,Rico Toras,en,「陛下、この取り決めによって王国は大きな利益を得ることができます。それもジルだけに限った話ではありません。」
0x0100005200010D2C,307,470,Rizia/Turn 3/A_VisitToIza,Narrator,en,我々は車を走らせ続けた。周囲の森はますます鬱蒼としていった。
0x0100005200010D3F,307,472,Rizia/Turn 3/A_VisitToIza,Narrator,en,我々は道路を外れ、松林の間を曲がりくねって続く土道をしばらく進んだ。
0x0100005200010D46,307,473,Rizia/Turn 3/A_VisitToIza,Narrator,en,我々は、両側が緩やかに傾斜した草むらの開けた場所の入り口で足を止めた。その周囲には狩猟用の隠れ家が並んでいた。
0x0100005200010D55,307,477,Rizia/Turn 3/A_VisitToIza,Narrator,en,私が若かった頃、ウーゴと私はその場所のあだ名を「スープ鉢」と付けていた。
0x0100005200010D5C,307,478,Rizia/Turn 3/A_VisitToIza,Narrator,en,それは巨大な食器のように見えた。
0x0100005200010D63,307,479,Rizia/Turn 3/A_VisitToIza,Rico Toras,en,「やっとだ！もう政治の話は十分です。」
0x0100005200010D6B,307,480,Rizia/Turn 3/A_VisitToIza,Narrator,en,我々は車から降り、リコが急いでジープの後部の錠を外した。ベラとブルーノも外に出て、周囲の空気の匂いを嗅ぎ始めた。
0x0100005200010D73,307,481,Rizia/Turn 3/A_VisitToIza,Narrator,en,もう一台の車が我々の隣に停まった。ウーゴとヴィナは外に出て、依然として会話を続けていた。
0x0100005200010D7A,307,482,Rizia/Turn 3/A_VisitToIza,Hugo Toras,en,「……ですから殿下、正しく銃を照準し発射する方法を知ることは、サラダフォークの持ち方を知るのと同じくらい王族にとって有用な技能なのです。」
0x0100005200010D81,307,483,Rizia/Turn 3/A_VisitToIza,Player_Romus,en,「続けなさい、ウーゴ。いずれ私の娘を優秀な狩人にしてみせるわ。」
0x0100005200010D88,307,484,Rizia/Turn 3/A_VisitToIza,Player_Romus,en,「核心的な違いとして、レタスを突き刺しても血が出ないという点だ。」
0x0100005200010D8F,307,485,Rizia/Turn 3/A_VisitToIza,Player_Romus,en,「あなたとあなたは車での移動を楽しめただろうか、私はそう信じている。」
0x0100005200010D96,307,486,Rizia/Turn 3/A_VisitToIza,Player_Romus,en,「ヴィナ、ウーゴの言うことは聞かないでくれ。あなたの叔父上は有名なほど射撃が下手だから。」
0x0100005200010D9D,307,487,Rizia/Turn 3/A_VisitToIza,Narrator,en,ウーゴは一瞬だけ私をにらみつけた。そして息子を呼び寄せた。
0x0100005200010DA4,307,488,Rizia/Turn 3/A_VisitToIza,Hugo Toras,en,「王女様のことをもっとよく知れるのは、いつでも嬉しいことです。」
0x0100005200010DAB,307,489,Rizia/Turn 3/A_VisitToIza,Narrator,en,彼は息子を呼び寄せた。
0x0100005200010DB3,307,490,Rizia/Turn 3/A_VisitToIza,Hugo Toras,en,「殿下、これで十分に退屈させてしまったかと。リコがご案内をするはずでした。」
0x0100005200010DBA,307,491,Rizia/Turn 3/A_VisitToIza,Narrator,en,ウーゴは丁寧にくすっと笑った。彼は息子を呼び寄せた。
0x0100005200010DC2,307,492,Rizia/Turn 3/A_VisitToIza,Hugo Toras,en,「彼女の本能によって、彼女はこの王国がこれまで見てきた中で最も優れた射手となるでしょう。」
0x0100005200010DCD,307,493,Rizia/Turn 3/A_VisitToIza,Hugo Toras,en,「若者たちに楽しんでほしいのです。我々のような年寄りがいると、彼らの足を引っ張ってしまいます。」
0x0100005200010DD4,307,494,Rizia/Turn 3/A_VisitToIza,Rico Toras,en,「その通りでございます、陛下。ヴィナ、行きましょうか？」
0x0100005200010DDB,307,495,Rizia/Turn 3/A_VisitToIza,Narrator,en,彼は再びヴィナに合図を送った。彼女はためらいながらも彼について、最も近くにある狩猟用の隠れ家へと向かった。
0x0100005200010DE2,307,496,Rizia/Turn 3/A_VisitToIza,Narrator,en,ウーゴは肩をすくめた。
0x0100005200010DEA,307,497,Rizia/Turn 3/A_VisitToIza,Hugo Toras,en,「陛下、私とあの方の二人です。」
0x0100005200010DFC,307,500,Rizia/Turn 3/A_VisitToIza,Hugo Toras,en,「それでは、今は待機するしかありません。」
0x0100005200010E02,307,501,Rizia/Turn 3/A_VisitToIza,Narrator,en,長い沈黙が続き、時折鳥のさえずりや、遠くで聞こえるベラとブルーノの吠え声だけがその静寂を破っていた。
0x0100005200010E0A,307,502,Rizia/Turn 3/A_VisitToIza,Player_Romus,en,「あなたと彼は、我々をここに招くにあたって何か裏の目的があったのではないかと思わずにはいられない。」
0x0100005200010E18,307,503,Rizia/Turn 3/A_VisitToIza,Hugo Toras,en,「それでもなお、夜と昼は切り離せないものです。」
0x0100005200010E20,307,504,Rizia/Turn 3/A_VisitToIza,Hugo Toras,en,「彼女の従兄弟にあたる方です。」
0x0100005200010E27,307,505,Rizia/Turn 3/A_VisitToIza,Hugo Toras,en,「血縁関係による継承も私の第一の選択肢ではありません。ですが、我が一族が権力を維持するための唯一の方法なのです。」
0x0100005200010E30,307,506,Rizia/Turn 3/A_VisitToIza,Hugo Toras,en,「それは実に驚くべきことです、陛下。」
0x0100005200010E38,307,507,Rizia/Turn 3/A_VisitToIza,Hugo Toras,en,「殿下、王女様に他にどのような選択肢があるというのでしょうか？ライバルの家系でしょうか？外国の王子でしょうか？リコ以外の者なら誰であれ、我が一族の血を薄め、王位に対する支配力を弱めてしまうでしょう。」
0x0100005200010E3F,307,508,Rizia/Turn 3/A_VisitToIza,Player_Romus,en,「え？いや！あの二人は従兄弟同士だ！」
0x0100005200010E46,307,509,Rizia/Turn 3/A_VisitToIza,Hugo Toras,en,「もう排除されました。」
0x0100005200010E56,307,510,Rizia/Turn 3/A_VisitToIza,Hugo Toras,en,「しかしもっと緊急なのは、もし私の息子とあなた様のお嬢様が結婚するのであれば、まずは二人で時間を共にすべきだということです。」
0x0100005200010E5C,307,511,Rizia/Turn 3/A_VisitToIza,Narrator,en,彼は落ち着いてライフルの照準器を調整した。
0x0100005200010E63,307,512,Rizia/Turn 3/A_VisitToIza,Hugo Toras,en,「もちろん、ヴェーレンの悪質な振る舞いもあります。」
0x0100005200010E6F,307,513,Rizia/Turn 3/A_VisitToIza,Hugo Toras,en,「では、あの方をお嬢様の結婚相手として検討されるつもりですか？」
0x0100005200010E77,307,514,Rizia/Turn 3/A_VisitToIza,Player_Romus,en,「私はそんなことを言っていない。ヴィナには紳士と結婚する資格がある。」
0x0100005200010E80,307,515,Rizia/Turn 3/A_VisitToIza,Hugo Toras,en,「それとも、本当にその可能性を一度も考えたことがないのですか？」
0x0100005200010E88,307,516,Rizia/Turn 3/A_VisitToIza,Player_Romus,en,「ご指摘の点ももっともだが、それでもやはりヴィナの決定だ。」
0x0100005200010E8F,307,517,Rizia/Turn 3/A_VisitToIza,Hugo Toras,en,「若者たちに『心のままに行動する』よう許すのは災難を招くだけです。私の兄がその典型的な例でした。」
0x0100005200010E97,307,518,Rizia/Turn 3/A_VisitToIza,Player_Romus,en,「今日は彼らがどのようにやっていくか見てから、結婚式の準備を始めよう。」
0x0100005200010E9F,307,519,Rizia/Turn 3/A_VisitToIza,Player_Romus,en,「私の一族は十分長い間、権力を握ってきた。」
0x0100005200010EA7,307,520,Rizia/Turn 3/A_VisitToIza,Hugo Toras,en,「神が定められた期間ほどではありません。」
0x0100005200010EAE,307,521,Rizia/Turn 3/A_VisitToIza,Hugo Toras,en,「もっともです。リコは決心すれば実に魅力的な人物になりますよ。」
0x0100005200010EB5,307,522,Rizia/Turn 3/A_VisitToIza,Player_Romus,en,「適切な同盟関係によって、血筋だけでは到達できないほどの強大さを手に入れることができる。」
0x0100005200010EBD,307,523,Rizia/Turn 3/A_VisitToIza,Hugo Toras,en,「そして間違った同盟関係は、我々を歴史のゴミ箱へと追いやってしまうでしょう。」
0x0100005200010EC4,307,524,Rizia/Turn 3/A_VisitToIza,Hugo Toras,en,「陛下、叔父であり顧問としての私のアドバイスです。これを受け入れるか無視するかは陛下のご判断に任せます。」
0x0100005200010ECF,307,525,Rizia/Turn 3/A_VisitToIza,Narrator,en,私は銃の照準器を通して、その一団に照準を合わせた。
0x0100005200010ED6,307,526,Rizia/Turn 3/A_VisitToIza,Narrator,en,私の叔父は私を不満げな目で見た。
0x0100005200010EDD,307,527,Rizia/Turn 3/A_VisitToIza,Narrator,en,彼はほとんど獣のような目で私を見上げた。
0x0100005200010EE4,307,528,Rizia/Turn 3/A_VisitToIza,Hugo Toras,en,「神様のためにも、リコ、口を閉じなさい！」
0x0100005200010EEA,307,529,Rizia/Turn 3/A_VisitToIza,Hugo Toras,en,「陛下、心よりお詫び申し上げます。私の息子は正気ではありません。」
0x01000052000170F4,307,530,Rizia/Turn 3/A_VisitToIza,Rico Toras,en,「陛下、私の激しい言動をお許しください。ブルーノを狙っていたわけではないことは理解しております。」
0x01000052000170FB,307,531,Rizia/Turn 3/A_VisitToIza,Rico Toras,en,「しかし、狩ることができない猟犬に何の役に立つというのですか？」
0x0100005200017102,307,532,Rizia/Turn 3/A_VisitToIza,Player_Romus,en,「あなたはまだ銃を握っている。もう苦しみから解放してやりなさい。」
0x010000520001711E,307,533,Rizia/Turn 3/A_VisitToIza,Vina Toras,en,「えっ？父上！だめです！」
0x0100005200017125,307,534,Rizia/Turn 3/A_VisitToIza,Narrator,en,リコは驚愕の表情で私を見つめた。
0x010000520001712C,307,535,Rizia/Turn 3/A_VisitToIza,Rico Toras,en,「陛下、私のことをいったいどれほどひどい人間だと思っておられるのですか？」
0x0100005200017133,307,536,Rizia/Turn 3/A_VisitToIza,Player_Romus,en,「あいつを種馬にしろ。きっと優れた血統だろう？」
0x010000520001713A,307,537,Rizia/Turn 3/A_VisitToIza,Narrator,en,リコは私に向かって苦笑いを浮かべた。
0x0100005200017141,307,538,Rizia/Turn 3/A_VisitToIza,Rico Toras,en,「陛下、まさに純血種そのものです。」
0x0100005200017148,307,539,Rizia/Turn 3/A_VisitToIza,Rico Toras,en,「わかりました。その可哀想な者をここに置いておきましょう。」
0x0100005200017150,307,540,Rizia/Turn 3/A_VisitToIza,Player_Romus,en,「では、その犬を連れてくる。宮殿の周りに犬がいても構わない。」
0x010000520001716B,307,541,Rizia/Turn 3/A_VisitToIza,Narrator,en,ヴィナの目は大きく見開かれた。
0x0100005200017172,307,542,Rizia/Turn 3/A_VisitToIza,Vina Toras,en,「本当ですか、父上？」
0x0100005200017179,307,543,Rizia/Turn 3/A_VisitToIza,Player_Romus,en,「私はあの哀れな者を撃った。今や彼は私の責任だ。」
0x0100005200017188,307,544,Rizia/Turn 3/A_VisitToIza,Player_Romus,en,「もし私が彼を連れて行かなければ、あの無骨な従兄弟が彼に何をするか、誰にも分からないのだ。」
0x0100005200017190,307,545,Rizia/Turn 3/A_VisitToIza,Player_Romus,en,「三本足の王室の犬だって？民衆はきっと大喜びするだろう！」
0x0100005200017198,307,546,Rizia/Turn 3/A_VisitToIza,Narrator,en,リコは自分の犬を見下ろした。
0x01000052000171A2,307,547,Rizia/Turn 3/A_VisitToIza,Rico Toras,en,「さて、ブルーノ。ポルテ・ドラゾンに住みたいというのですか？」
0x01000052000171A9,307,548,Rizia/Turn 3/A_VisitToIza,Narrator,en,リコは私を見て肩をすくめた。
0x01000052000171B0,307,549,Rizia/Turn 3/A_VisitToIza,Rico Toras,en,「かしこまりました、陛下。彼は生の肉しか食べません。もし手に入れられるなら鹿肉です。」
0x01000052000171BC,307,553,Rizia/Turn 3/A_VisitToIza,Rico Toras,en,「彼の面倒をしっかり見てください。そして、これは今日我々が結んだ合意に影響しません。」
0x01000052000171C2,307,554,Rizia/Turn 3/A_VisitToIza,Rico Toras,en,「彼の面倒をしっかり見てください。そして、私が出した警察に関する要請にも特別な配慮をしていただければと願っています。」
0x01000052000171CD,307,555,Rizia/Turn 3/A_VisitToIza,Player_Romus,en,「あなたは死んだヴェゼク人のことなど気にも留めないくせに、傷ついた犬のことまで気にするのか？」
0x01000052000171D4,307,556,Rizia/Turn 3/A_VisitToIza,Player_Romus,en,「申し訳ない。それは冗談だった。」
0x01000052000171DB,307,557,Rizia/Turn 3/A_VisitToIza,Player_Romus,en,「あなた自身がそう言っただろう。三本足のやつには何の役にも立たない。」
0x01000052000171E2,307,558,Rizia/Turn 3/A_VisitToIza,Rico Toras,en,「いえ、いえ。彼のために何か仕事を見つけてあげます。」
0x01000052000171E9,307,559,Rizia/Turn 3/A_VisitToIza,Vina Toras,en,「父上、それは全く面白くありませんでした。」
0x01000052000171F0,307,560,Rizia/Turn 3/A_VisitToIza,Rico Toras,en,「ヴェゼク人など捨て駒に過ぎません。ブルーノは王家の血統です。」
0x01000052000171F7,307,561,Rizia/Turn 3/A_VisitToIza,Rico Toras,en,「実は……もし彼が狩りができなくても、種馬として使うことは可能です。優れた血統を無駄にしたくはありませんから。」
0x01000052000171FE,307,562,Rizia/Turn 3/A_VisitToIza,Narrator,en,彼は私に向かって苦笑いを浮かべた。
0x0100005200017206,307,563,Rizia/Turn 3/A_VisitToIza,Rico Toras,en,「彼を家に連れて帰りましょう。そこでどう処理するか私が考えます。」
0x0100005200023771,307,568,Rizia/Turn 3/A_VisitToIza,Narrator,en,彼は立ち上がった。
0x0100005200023778,307,569,Rizia/Turn 3/A_VisitToIza,Hugo Toras,en,「リコ、ヴィナ、二人でブルーノを宮殿に連れ戻してはどうか？私と陛下がこちらで全てを片付けます。」
0x010000520002377E,307,570,Rizia/Turn 3/A_VisitToIza,Narrator,en,私の叔父は私に意味深な視線を送ってきた。
0x0100005200023784,307,571,Rizia/Turn 3/A_VisitToIza,Player_Romus,en,「ああ、あなた方二人は先に行きなさい。」
0x010000520002378A,307,572,Rizia/Turn 3/A_VisitToIza,Player_Romus,en,「実は、私としては王女様と一緒に旅をしたいのだ。」
0x0100005200023794,307,573,Rizia/Turn 3/A_VisitToIza,Narrator,en,ヴィナは厳かにうなずき、リコの方を向いた。
0x010000520002379B,307,574,Rizia/Turn 3/A_VisitToIza,Vina Toras,en,「道中でブルーノについてもっと詳しくお話ししてください。」
0x01000052000237A9,307,578,Rizia/Turn 3/A_VisitToIza,Vina Toras,en,「では、出発しましょう。」
0x01000052000237B0,307,579,Rizia/Turn 3/A_VisitToIza,Narrator,en,補佐官たちは慎重にブルーノをジープの後部にある毛布の上に横たえた。ウーゴとリコも車に乗り込み、その車はすぐに走り去っていった。
0x01000052000237B7,307,580,Rizia/Turn 3/A_VisitToIza,Narrator,en,私と娘はもう一台の車に乗り、彼らの後を追って宮殿へ戻った。
0x01000052000237BF,307,581,Rizia/Turn 3/A_VisitToIza,Narrator,en,ヴィナは私を冷たい目で見つめた。
0x01000052000237C6,307,582,Rizia/Turn 3/A_VisitToIza,Vina Toras,en,「もし差し支えなければ、リコと一緒に行きます。途中でブルーノについてもっと詳しく教えてもらえますから。」
0x010000520002A673,307,583,Rizia/Turn 3/A_VisitToIza,Narrator,en,大学の図書館の前では、建設作業員たちが急いで大きな物体にシートをかけていた。
0x010000520002A67A,307,584,Rizia/Turn 3/A_VisitToIza,Player_Romus,en,「すぐに車を止めなさい。あのシートの下に何があるのか見てみたい。」
0x010000520002A681,307,585,Rizia/Turn 3/A_VisitToIza,Player_Romus,en,「止まっている暇はない。すぐにリコのところへ向かおう。」
0x010000520002A688,307,586,Rizia/Turn 3/A_VisitToIza,Narrator,en,我々は停止した。私の護衛たちが車から降りて、作業員たちにそのシートを取り除くよう命じた。
0x010000520002A695,307,590,Rizia/Turn 3/A_VisitToIza,Narrator,en,その下には、私が父であるヴァレロ王のために依頼して作らせた彫像の一つがあった。
0x010000520002A69C,307,591,Rizia/Turn 3/A_VisitToIza,Narrator,en,彼の首は切り落とされていた。
0x010000520002A6A9,307,595,Rizia/Turn 3/A_VisitToIza,Narrator,en,その下には、私が治世の初期に依頼して作らせた彫像の一つがあり、そこには私が父であるヴァレロ王の隣に立っている姿が描かれていた。
0x010000520002A6B0,307,596,Rizia/Turn 3/A_VisitToIza,Narrator,en,我々二人の首は切り落とされていた。
0x010000520002A6B7,307,597,Rizia/Turn 3/A_VisitToIza,Narrator,en,その下には、私が治世の初期に依頼して作らせた彫像の一つがあり、トラス家の系譜、すなわち父と私、そしてヴィナを描いていた。
0x010000520002A6BE,307,598,Rizia/Turn 3/A_VisitToIza,Narrator,en,我々全員の首が切り落とされていた。
0x010000520002A6C5,307,599,Rizia/Turn 3/A_VisitToIza,Player_Romus,en,「これは甚だしい暴挙だ。犯人を見つけ出し、厳しく処罰しなければならない。」
0x010000520002A6CE,307,600,Rizia/Turn 3/A_VisitToIza,Player_Romus,en,「どうしてリコがこのような事態を許すことがあったのだろうか？」
0x010000520002A6D7,307,601,Rizia/Turn 3/A_VisitToIza,Player_Romus,en,「どうやらイザの善良な民衆が表現の自由を行使しているようだね。」
0x010000520002A6E0,307,602,Rizia/Turn 3/A_VisitToIza,Player_Romus,en,「心配しないで、ヴィナ。彼らが怒っているのは私の父だけで、あなたや私ではない。」
0x010000520002A6E9,307,603,Rizia/Turn 3/A_VisitToIza,Player_Romus,en,「心配しないで、ヴィナ。きっと若い破壊者たちの仕業に違いない。」
0x010000520002A6FC,307,608,Rizia/Turn 3/A_VisitToIza,Vina Toras,en,「私は心配していません。」
0x010000520002A703,307,609,Rizia/Turn 3/A_VisitToIza,Narrator,en,彼女の顔色は明らかに青ざめていた。彼女は無意識のうちに自分の首に手を当てた。
0x010000520002A70C,307,610,Rizia/Turn 3/A_VisitToIza,Narrator,en,彼女は困惑した表情を浮かべていた。
0x010000520002A71A,307,614,Rizia/Turn 3/A_VisitToIza,Vina Toras,en,「父上、心配なさっていないのですか？」
0x010000520002A721,307,615,Rizia/Turn 3/A_VisitToIza,Vina Toras,en,「今日は彫像の首を切り落としているが、明日には……」
0x010000520002A728,307,616,Rizia/Turn 3/A_VisitToIza,Narrator,en,ヴィナは冷ややかに笑った。
0x010000520002A734,307,617,Rizia/Turn 3/A_VisitToIza,Vina Toras,en,「リコは我々にこれを見てほしかったのでしょうか？」
0x010000520002A73B,307,618,Rizia/Turn 3/A_VisitToIza,Vina Toras,en,「彼はここの犯罪を取り締まろうとしているのでしょう？王室に対する反乱より良い口実が他にあるでしょうか？」
0x010000520002A742,307,619,Rizia/Turn 3/A_VisitToIza,Vina Toras,en,「これは決して温かい歓迎とは言えませんね。」
0x010000520002A748,307,620,Rizia/Turn 3/A_VisitToIza,Player_Romus,en,「それは良い推測だね、ヴィナ。あなたは母上と同じく洞察力が鋭いのだ。」
0x010000520002A74F,307,621,Rizia/Turn 3/A_VisitToIza,Vina Toras,en,「リコは我々にこれを見せようとしたのでしょうか。彼はここの犯罪を取り締まろうとしているのですね？」
0x010000520002A757,307,622,Rizia/Turn 3/A_VisitToIza,Vina Toras,en,「王室に対する反乱という言い訳ほど適切なものはありませんね？」
0x010000520002A75E,307,623,Rizia/Turn 3/A_VisitToIza,Player_Romus,en,「もし彼が数人の暴徒たちが像を損壊するのを止められないのなら、ここで指揮を執る資格はない。」
0x010000520002A765,307,624,Rizia/Turn 3/A_VisitToIza,Player_Romus,en,「それは良い推測だね、ヴィナ。あなたは母上と同じく洞察力が鋭いのだ。」
0x010000520002A76B,307,625,Rizia/Turn 3/A_VisitToIza,Narrator,en,ヴィナは無意識のうちに自分の首に手をやった。
0x010000520002A774,307,626,Rizia/Turn 3/A_VisitToIza,Player_Romus,en,「『反乱』というのは強い表現だね。これは単なる軽微な暴れ行為に過ぎない。」
0x010000520002A77B,307,627,Rizia/Turn 3/A_VisitToIza,Player_Romus,en,「もしそれが彼の戦略なら、あまり賢明とは言えない。彼はトラス家の権威が損なわれることを許しているのだ。」
0x010000520002A78B,307,631,Rizia/Turn 3/A_VisitToIza,Narrator,en,彼女の顔色は明らかに青ざめていた。彼女は無意識のうちに自分の首に手を当てた。
0x010000520002A792,307,632,Rizia/Turn 3/A_VisitToIza,Vina Toras,en,「これは決して温かい歓迎とは言えませんね。」
0x010000520002A799,307,633,Rizia/Turn 3/A_VisitToIza,Narrator,en,ヴィナは虚しげに笑った。
0x010000520002A7AB,307,637,Rizia/Turn 3/A_VisitToIza,Vina Toras,en,「アザロ女公爵がおっしゃったように、彼には手に負えない状況です。」
0x010000520002A7B2,307,638,Rizia/Turn 3/A_VisitToIza,Narrator,en,彼女は無意識のうちに自分の首に手をやった。
0x010000520002A7BC,307,639,Rizia/Turn 3/A_VisitToIza,Player_Romus,en,「国王がお訪れになる前に、破壊者たちが王室の彫像を損傷するのを防げないのであれば、私の支援を受ける資格はない。」
0x010000520002A7C3,307,640,Rizia/Turn 3/A_VisitToIza,Player_Romus,en,「いずれにせよ、これは恥知らずな行為だ。何としてでもイザに秩序を取り戻さねばならない。」
0x010000520002A7CA,307,641,Rizia/Turn 3/A_VisitToIza,Player_Romus,en,「これはイザの問題以上のことだ。反君主制の外国勢力が我々を狙っているのだ。」
0x010000520002A7D1,307,642,Rizia/Turn 3/A_VisitToIza,Vina Toras,en,「もし革命が起こるのであれば、トラス家の許可など必要ありません。」
0x010000520002A7D8,307,643,Rizia/Turn 3/A_VisitToIza,Narrator,en,ヴィナは虚しげに笑った。
0x010000520002A7F6,307,647,Rizia/Turn 3/A_VisitToIza,Player_Romus,en,「ヴィナ、私に話してくれ。どうしたのだ？」
0x010000520002A7FC,307,648,Rizia/Turn 3/A_VisitToIza,Player_Romus,en,「その態度はやめなさい。あなたはリジア王女だ。今回の訪問では最善の振る舞いをしてもらいたいのだ。」
0x010000520002A802,307,649,Rizia/Turn 3/A_VisitToIza,Player_Romus_Italic,en,私は何もコメントしなかった。
0x010000520002A802,307,649,Rizia/Turn 3/A_VisitToIza,Player_Romus_Italic,Menu Text en,何も言わない
0x010000520001079D,307,650,Rizia/Turn 3/A_VisitToIza,Narrator,en,彼女は大きなため息をつき、窓にもたれかかった。
0x010000520002A813,307,654,Rizia/Turn 3/A_VisitToIza,Vina Toras,en,「はい、早く終わらせましょう。」
0x010000520002A7E0,307,655,Rizia/Turn 3/A_VisitToIza,Vina Toras,en,「ありがとうございます、父上。」
0x010000520002A81B,307,656,Rizia/Turn 3/A_VisitToIza,Vina Toras,en,「もうすぐこれを終わらせていただけませんか？」
0x010000520002A825,307,657,Rizia/Turn 3/A_VisitToIza,Vina Toras,en,「わかりません、父上。たとえ大理石でできているだけの王族であっても、首を切るなどというのは極めて過激な行為です。」
0x010000520002A82B,307,658,Rizia/Turn 3/A_VisitToIza,Vina Toras,en,「父上、王族を処刑するなんて、たかが『問題行為』というだけではないと私は思います。たとえそれらが大理石でできているだけでもです。」
0x010000520002A831,307,659,Rizia/Turn 3/A_VisitToIza,Vina Toras,en,「では、リジア王がその権威を取り戻すために向かっておられるのは良いことですね。」
0x010000520002A83D,307,660,Rizia/Turn 3/A_VisitToIza,Vina Toras,en,「まずは父上のお耳にその者の言葉を届けて、何を望んでいるのかを確かめてみるべきでしょう。」
0x010000520002A849,307,661,Rizia/Turn 3/A_VisitToIza,Vina Toras,en,「リジアの国王がそれを回復するために向かっておられるのは幸いです。」
0x010000520002A84F,307,662,Rizia/Turn 3/A_VisitToIza,Vina Toras,en,「もしそれが本当なら、頭を失うのは彫像だけにとどまりません。」
0x01000052000107DE,307,663,Rizia/Turn 3/A_VisitToIza,Narrator,en,彼女は少し背筋を伸ばした。
0x01000052000107E5,307,664,Rizia/Turn 3/A_VisitToIza,Vina Toras,en,「承知いたしました、父上。騒ぎは起こしません。」
0x0100005200010798,307,665,Rizia/Turn 3/A_VisitToIza,Vina Toras,en,「何もありません。なぜ私がここにいなければならないのか、もう一度教えてください。」
0x0100005F00000CB5,307,666,Rizia/Turn 3/A_VisitToIza,Player_Romus,en,「あなたは私の命令に従うべきだからだ。」
0x0100005F00000CCF,307,667,Rizia/Turn 3/A_VisitToIza,Player_Romus,en,「あなたの家族があなたの来訪を願っているからだ。この世で最も大切なのは家族なのだ。」
0x0100005F00000CDC,307,671,Rizia/Turn 3/A_VisitToIza,Player_Romus,en,「あなたを放っておけば、またあの宣伝文句を読み始めるからだ。」
0x0100005F00000CE9,307,672,Rizia/Turn 3/A_VisitToIza,Player_Romus,en,「リコの状況についてあなたの意見を聞きたいのだ。私にとって大変貴重なものだ。」
0x0100005F00000D31,307,673,Rizia/Turn 3/A_VisitToIza,Vina Toras,en,「父上、どのようなお言葉でも承ります。」
0x0100005F00000D39,307,674,Rizia/Turn 3/A_VisitToIza,Narrator,en,彼女はわずかに微笑んだ。
0x0100005F00000D24,307,675,Rizia/Turn 3/A_VisitToIza,Vina Toras,en,「世界がどのように回っているかという真実に目覚めるだなんて？いや、断じてあり得ない。」
0x0100005F00000D2B,307,676,Rizia/Turn 3/A_VisitToIza,Vina Toras,en,「父上、ではご自身の娘様の願いはどうなさるおつもりですか？それも重要ではないと？」
0x010000520002A860,307,680,Rizia/Turn 3/A_VisitToIza,Vina Toras,en,「私の意見が欲しいのであれば、最初から宮廷評議会に私を加えるべきでした。」
0x010000520002A867,307,681,Rizia/Turn 3/A_VisitToIza,Vina Toras,en,「わかりました。できる限りの情報を集めてみましょう。」
0x010000520002A86E,307,682,Rizia/Turn 3/A_VisitToIza,Narrator,en,彼女は少し背筋を伸ばした。
0x0100005200008E1A,307,683,Rizia/Turn 3/A_VisitToIza,Narrator,en,我々は沈黙のまま馬に乗り続け、やがてパラス・サゾンに到着した。
0x010000520002A882,307,685,Rizia/Turn 3/A_VisitToIza,Narrator,en,彼女は再びため息をついた。
0x010000520002A888,307,686,Rizia/Turn 3/A_VisitToIza,Vina Toras,en,「申し訳ありません、父上。リコお兄様には最善を尽くして振る舞います。」
0x01000052000388A9,307,699,Rizia/Turn 3/A_VisitToIza,Narrator,en,我々は、建物の壁に書かれたグラフィティを急いで拭き取ろうとしている清掃員のそばを通り過ぎた。
0x01000052000388B0,307,700,Rizia/Turn 3/A_VisitToIza,Narrator,en,私にはかすかにその残骸しか見えなかった。そこには「トラス家は滅びる」と書かれていた。
0x01000052000388B7,307,701,Rizia/Turn 3/A_VisitToIza,Narrator,en,ヴィナは気づいていないようだった。彼女は窓にもたれかかりながら、大きなため息をついた。
0x01000052000388C4,307,705,Rizia/Turn 3/A_VisitToIza,Narrator,en,ヴィナは気づいていないようだった。彼女は物思いにふけっている様子だった。
0x01000052000388D5,307,709,Rizia/Turn 3/A_VisitToIza,Player_Romus,en,「それは、私がその集団やその活動を認めているという意味ではない。」
0x01000052000388DC,307,710,Rizia/Turn 3/A_VisitToIza,Rico Toras,en,「もちろんです、陛下。ご自身の意見を持つのは当然のことでございます。」
0x010000520004D24F,307,711,Rizia/Turn 3/A_VisitToIza,Narrator,en,彼はベストのポケットに手を入れた。
0x010000520004D255,307,712,Rizia/Turn 3/A_VisitToIza,Rico Toras,en,「これが陛下のお気に入りのおもちゃです。」
0x010000520005513A,307,720,Rizia/Turn 3/A_VisitToIza,Rico Toras,en,「陛下、ヴェーレンの圧力があったにもかかわらず、スー・オミナを非難することを拒まれました。そのおかげで、我々――彼らは――感謝しております。」
0x0100005200055141,307,721,Rizia/Turn 3/A_VisitToIza,Rico Toras,en,「しかし後に、陛下の調査のことを耳にしました。いってください、リコ、私がテロリストたちと付き合っているなどと本当に思われているのですか？」
0x010000520005514B,307,722,Rizia/Turn 3/A_VisitToIza,Player_Romus,en,「いや、そんなことはない。あなたが無実だと仮定すれば、この調査によってあなたの名前は清廉であることが証明されるだろう。」
0x0100005200055153,307,723,Rizia/Turn 3/A_VisitToIza,Player_Romus,en,「リカルドゥス、教えてくれ。何か隠していることがあるのか？」
0x0100005200055159,307,724,Rizia/Turn 3/A_VisitToIza,Rico Toras,en,「ジルの件ですが？何もありません。」
0x01000052000658F2,307,730,Rizia/Turn 3/A_VisitToIza,Bruno,en,「えっ！」
0x01000052000658F9,307,731,Rizia/Turn 3/A_VisitToIza,Bruno,en,「ああ……」
0x010000BD00000B4A,307,735,Rizia/Turn 3/A_VisitToIza,Rico Toras,en,「この取引を成立させるために必要なのは、追加の財政支援といくつかの武器だけです。」
0x010000BD00000B50,307,736,Rizia/Turn 3/A_VisitToIza,Player_Romus,en,「今はそんなことをする余裕がない。」
0x010000520007C7BB,307,740,Rizia/Turn 3/A_VisitToIza,Rico Toras,en,「陛下、私がリジアの王と値段交渉をするような無礼な真似をすると本当にお考えですか？これは家族へのご恩とお考えください。」
0x0100005200009822,308,3,Rizia/Turn 3/A_VisitToSallabes,Narrator,en,毎年春になると、海辺の町サラベスではスカーレット・キングバード祭が開催されていた。
0x0100005200009829,308,4,Rizia/Turn 3/A_VisitToSallabes,Narrator,en,色とりどりの美しい鳥たちは、かつてのムッセル帝国の南側近くにあるシーナで冬を過ごしていた。毎年春になると、まるで時計のように正確にモリディア湾を越えて飛び戻り、サラベスに定住したのだった。
0x0100005200009830,308,5,Rizia/Turn 3/A_VisitToSallabes,Narrator,en,彼らの帰還は音楽や舞踊、豪華な宴会で祝われ、その始まりにはサラベスの現職伯爵または伯爵夫人による演説が行われた。リジア王とその家族が出席するのは慣例だった。
0x0100005200009845,308,6,Rizia/Turn 3/A_VisitToSallabes,Manus Sazon,en,「アラベスの皆様、ごきげんよう！」
0x010000520000984B,308,7,Rizia/Turn 3/A_VisitToSallabes,Narrator,en,アレーナ・サラベスの上空では太陽が低く沈んでおり、そこは海辺に直接面した百年の歴史を持つ屋外施設だった。私とヴィナは王室用観覧席に座って待っていたが、カメラのフラッシュが我々の方へ向けられていた。
0x0100005200009872,308,8,Rizia/Turn 3/A_VisitToSallabes,Narrator,en,私の娘は椅子の肘掛けに指を落ち着きなく叩いていた。イザの件以来、我々はあまり話していなかった。
0x0100005200009879,308,9,Rizia/Turn 3/A_VisitToSallabes,Player_Romus,en,「私はどの鳥も撃とうとしないと約束する。」
0x0100005200009880,308,10,Rizia/Turn 3/A_VisitToSallabes,Player_Romus,en,「心配しないでくれ。もうすぐ始まる。」
0x0100005200009886,308,11,Rizia/Turn 3/A_VisitToSallabes,Player_Romus,en,「じっとしていなさい。皆が見ているのが分からないのか？」
0x0100005200009890,308,12,Rizia/Turn 3/A_VisitToSallabes,Player_Romus,en,「最近、リコと手紙のやり取りをしているのか？」
0x0100005200009898,308,13,Rizia/Turn 3/A_VisitToSallabes,Narrator,en,彼女は虚しげに笑った。
0x010000520000989F,308,14,Rizia/Turn 3/A_VisitToSallabes,Narrator,en,マヌス・サゾンが舞台に上がると、観客たちは歓声を上げた。
0x01000052000098A7,308,15,Rizia/Turn 3/A_VisitToSallabes,Narrator,en,彼は拍手が静まるのを待ってから、観客に耳を傾けるよう手で合図した。会場全体が静寂に包まれた。
0x01000052000098AE,308,16,Rizia/Turn 3/A_VisitToSallabes,Manus Sazon,en,「赤い王鴟の物語は、信頼についての物語です。」
0x01000052000098B5,308,17,Rizia/Turn 3/A_VisitToSallabes,Manus Sazon,en,「陛下、彼は目的地へ向かう道中にどのような危険が待ち受けているのか、またそこでどのような歓迎を受けることになるのかを知りません。それでも彼は飛び続けます。なぜなら、彼の魂の奥底にある何かがそうするよう促しているからです。」
0x01000052000098BC,308,18,Rizia/Turn 3/A_VisitToSallabes,Manus Sazon,en,「毎年、この小さな鳥は何千キロも飛んで我々の岸辺にやって来るのです。」
0x01000052000098E0,308,19,Rizia/Turn 3/A_VisitToSallabes,Manus Sazon,en,「陛下、彼を待っている者たちはどうなさっているのでしょうか？彼がどこに行ったのか、またなぜ毎回まさにこの場所へ来られるのか、彼らには全く分からないのです。それでも彼らはここに集まり、陛下の帰還の兆しを空を見上げて探しているのです。」
0x01000052000098ED,308,20,Rizia/Turn 3/A_VisitToSallabes,Manus Sazon,en,「『ここがあなたの故郷です』と告げる内なる声が彼に聞こえてくるのです。」
0x01000052000098F5,308,21,Rizia/Turn 3/A_VisitToSallabes,Player_Romus,en,「彼は自分のことを話しているのだろうか？」
0x01000052000098FC,308,22,Rizia/Turn 3/A_VisitToSallabes,Player_Romus,en,「早く本題に入ってほしいのだ。」
0x0100005200009903,308,23,Rizia/Turn 3/A_VisitToSallabes,Player_Romus,en,「これは実に感傷的すぎる。なぜ民衆はこれを熱狂的に受け入れるのだろうか？」
0x010000520000990A,308,24,Rizia/Turn 3/A_VisitToSallabes,Player_Romus,en,「ふむ。あの若者にはカリスマがあるな。」
0x0100005200009911,308,25,Rizia/Turn 3/A_VisitToSallabes,Vina Toras,en,「しーっ。」
0x010000520000991B,308,26,Rizia/Turn 3/A_VisitToSallabes,Narrator,en,ヴィナは私をにらみつけ、その後再び注意をステージ上の男に向けた。
0x0100005200009923,308,27,Rizia/Turn 3/A_VisitToSallabes,Narrator,en,ちょうどその時、地平線の向こうから一羽の鳥が我々の方へ飛んできた。その鳥の羽毛は鮮やかな赤色だった。
0x010000520000992A,308,28,Rizia/Turn 3/A_VisitToSallabes,Narrator,en,マヌスの頬を涙が一筋伝った。
0x0100005200009931,308,29,Rizia/Turn 3/A_VisitToSallabes,Manus Sazon,en,「信頼です。これら全てがうまく機能する唯一の方法です。理由を与えられない時であっても、我々の信念が何度も試される時であってもです。」
0x0100005200009938,308,30,Rizia/Turn 3/A_VisitToSallabes,Narrator,en,二羽目の鳥が続き、その後三羽目も現れた。
0x010000520000993E,308,31,Rizia/Turn 3/A_VisitToSallabes,Vina Toras,en,「少しだけです。彼によると、ブルーノは三本足でも四本足の時とほぼ同じ速さで走れるそうです。」
0x010000520000994C,308,35,Rizia/Turn 3/A_VisitToSallabes,Vina Toras,en,「え？いいえ、イザへ行った後はすぐに彼を殺そうと思っていたのです。」
0x010000520000995B,308,39,Rizia/Turn 3/A_VisitToSallabes,Vina Toras,en,「はい、皆が私を見ているのが分かります。昨日も、明日も変わりません。」
0x0100005200009968,308,43,Rizia/Turn 3/A_VisitToSallabes,Vina Toras,en,「申し訳ありません。鳥たちを見てわくわくしているだけでございます。」
0x0100005200009970,308,44,Rizia/Turn 3/A_VisitToSallabes,Manus Sazon,en,「我々が互いに信頼し合うときだけ、こそ正しい道を見出すことができるのです。」
0x0100005200009977,308,45,Rizia/Turn 3/A_VisitToSallabes,Narrator,en,我々の頭上の空が何百羽ものキングバードでいっぱいになると、観衆は息をのんだ。沈みゆく夕日に照らされて、その真紅の羽毛が見事に輝いていたのだ。
0x010000520000997E,308,46,Rizia/Turn 3/A_VisitToSallabes,Player_Romus,en,「ヴィナ、頭を下げていなさい。過度に信頼しすぎると、顔中にクソがつくことになるよ。」
0x0100005200009985,308,47,Rizia/Turn 3/A_VisitToSallabes,Vina Toras,en,「そんな無作法をなさらないでください、父上。」
0x010000520000998C,308,48,Rizia/Turn 3/A_VisitToSallabes,Narrator,en,ヴィナはすすり泣いた。彼女の目にも涙が浮かんでいた。
0x0100005200009993,308,49,Rizia/Turn 3/A_VisitToSallabes,Player_Romus,en,「これほど美しいものを見たことがあるか？」
0x010000520000999A,308,50,Rizia/Turn 3/A_VisitToSallabes,Vina Toras,en,「まさに息をのむほど美しいですね。」
0x01000052000099A2,308,51,Rizia/Turn 3/A_VisitToSallabes,Player_Romus,en,「渡りの時期に演説を合わせるだけか？なんて安っぽい手口だ。」
0x01000052000099A9,308,52,Rizia/Turn 3/A_VisitToSallabes,Vina Toras,en,「私には、そこに安っぽさなど全く見えません。」
0x01000052000099B1,308,53,Rizia/Turn 3/A_VisitToSallabes,Narrator,en,太陽が沈み、鳥たちが巣に戻った後、我々は隣のパビリオンで行われているVIP接待へと向かった。
0x01000052000099B7,308,54,Rizia/Turn 3/A_VisitToSallabes,Player_Romus,en,「単純なメッセージに過ぎない。だが、その中にある真実を否定することはできない。」
0x01000052000099BE,308,55,Rizia/Turn 3/A_VisitToSallabes,Vina Toras,en,「それは美しいものだと思いました。」
0x01000052000099C7,308,56,Rizia/Turn 3/A_VisitToSallabes,Narrator,en,私とヴィナが中に入ると、大規模なバンドがジャズ音楽を演奏していた。すぐに我々は地元の官僚や有名人、報道関係者たちに囲まれてしまった。
0x01000052000099CF,308,57,Rizia/Turn 3/A_VisitToSallabes,Narrator,en,私がようやく座ることができたのは1時間近く経ってからだった。椅子に腰を下ろすやいなや、マヌス・サゾンが私の方へ向かってくるのが見えた。
0x01000052000099D6,308,58,Rizia/Turn 3/A_VisitToSallabes,Player_Romus,en,「サゾン氏。またお会いできて光栄だ。」
0x01000052000099DD,308,59,Rizia/Turn 3/A_VisitToSallabes,Player_Romus,en,「今日の演説は実に見事だった。なぜ支持者たちがあなたを慕うのか、よくわかる。」
0x01000052000099E4,308,60,Rizia/Turn 3/A_VisitToSallabes,Player_Romus,en,「舞う気分にはなれないのか、サゾンさん？」
0x01000052000099EB,308,61,Rizia/Turn 3/A_VisitToSallabes,Narrator,en,マヌスは微笑みながら私と握手をした。
0x01000052000099F2,308,62,Rizia/Turn 3/A_VisitToSallabes,Manus Sazon,en,「陛下、そのお言葉を聞いて安心いたしました。前回お会いした後は、どう思ってよいか分からなかったのです。」
0x01000052000099F9,308,63,Rizia/Turn 3/A_VisitToSallabes,Narrator,en,マヌスは微笑み、頭を下げた。
0x0100005200009A00,308,64,Rizia/Turn 3/A_VisitToSallabes,Manus Sazon,en,「鳥たちがほとんどの重労働をこなしました。ですが、陛下、ありがとうございます。」
0x0100005200009A45,308,65,Rizia/Turn 3/A_VisitToSallabes,Vina Toras,en,「リコからの手紙によると、ブルーノを含めて三人が再び立ち上がったそうです。」
0x0100005200009A56,308,66,Rizia/Turn 3/A_VisitToSallabes,Narrator,en,彼女は海岸線を少し進んだ場所にある建物群を指差した。その中央には足場で覆われた尖塔がそびえていた。
0x0100005200009A83,308,70,Rizia/Turn 3/A_VisitToSallabes,Narrator,en,マヌスは気まずそうに微笑んだ。
0x0100005200009A8A,308,71,Rizia/Turn 3/A_VisitToSallabes,Manus Sazon,en,「陛下、私は討論の場の方が舞踏会の場よりも適しております。」
0x0100005200009B18,308,72,Rizia/Turn 3/A_VisitToSallabes,Manus Sazon,en,「実は、私はずっと前から陛下とお話しする機会を願っていました。」
0x0100005200009B53,308,73,Rizia/Turn 3/A_VisitToSallabes,Player_Romus,en,「その席は私の娘のために取っておかれているのだ。」
0x0100005200009B5A,308,74,Rizia/Turn 3/A_VisitToSallabes,Narrator,en,マヌスは部屋の向こう側を指差した。ヴィナはバーのそばに立ち、デルディア人のバーテンダーと活発に会話を交わしていた。
0x0100005200009B61,308,75,Rizia/Turn 3/A_VisitToSallabes,Manus Sazon,en,「陛下、ご許可をいただけましたら、しばらく温めておきたく存じます。」
0x0100005200009C9B,308,76,Rizia/Turn 3/A_VisitToSallabes,Narrator,en,彼は手に持っていたワイングラスからゆっくりと一口飲んだ。
0x0100005200009CA2,308,77,Rizia/Turn 3/A_VisitToSallabes,Manus Sazon,en,「ですが、我々には依然としてこの国のために偉大なことを成し遂げるチャンスがあると思います。」
0x0100005200009D42,308,78,Rizia/Turn 3/A_VisitToSallabes,Manus Sazon,en,「申し上げましたように、私は父とは違います。再び革命が起これば国が損なわれ、家族の残りの者たちも危険にさらされます。」
0x0100005200009DBD,308,79,Rizia/Turn 3/A_VisitToSallabes,Player_Romus,en,「なぜだ？一体何を望んでいるのか？」
0x0100005200009E60,308,80,Rizia/Turn 3/A_VisitToSallabes,Player_Romus,en,「あなたの考えは間違っている。私は国王として持つ権力を一つたりとも手放すつもりはない。」
0x0100005200009E67,308,81,Rizia/Turn 3/A_VisitToSallabes,Player_Romus,en,「つまり、君主制を廃止するつもりは全くないということか？」
0x0100005200009E72,308,82,Rizia/Turn 3/A_VisitToSallabes,Player_Romus,en,「あなたもご存知の通り、貴族たちの特権を取り上げれば三つの王家全ての怒りを買うことになる。あなたのお家も含めてだ。」
0x0100005200009E84,308,83,Rizia/Turn 3/A_VisitToSallabes,Narrator,en,マヌスは急いで首を振った。
0x0100005200009E93,308,84,Rizia/Turn 3/A_VisitToSallabes,Manus Sazon,en,「誤解を招いてしまい、申し訳ありません。」
0x0100005200009EB9,308,85,Rizia/Turn 3/A_VisitToSallabes,Vina Toras,en,「ちょうどバーテンダーと話していました。彼は今も家族の残りをデルディアから連れ出そうと努力しています。私が何とかできるように見てみると伝えました。」
0x0100005200009EC0,308,86,Rizia/Turn 3/A_VisitToSallabes,Manus Sazon,en,「陛下、それは実に高貴なお心遣いです。しかし彼のような者は何千人もおり、全員が好機にリジア王女を捕らえるほど幸運というわけではありません。」
0x0100005200009EEC,308,87,Rizia/Turn 3/A_VisitToSallabes,Narrator,en,彼女はマヌスの方を向いた。
0x0100005200009EF5,308,88,Rizia/Turn 3/A_VisitToSallabes,Vina Toras,en,「サゾン様、ご演説は実に見事でした。実を言うと、それは1883年にリザ女王が書かれた論文を思い出させます――」
0x0100005200009F02,308,89,Rizia/Turn 3/A_VisitToSallabes,Vina Toras,en,「他のものとは何でしたか？」
0x0100005200009F0A,308,90,Rizia/Turn 3/A_VisitToSallabes,Manus Sazon,en,「『社会契約論』ですね。ええ、確かに良い着想でした。」
0x0100005200009F1D,308,94,Rizia/Turn 3/A_VisitToSallabes,Vina Toras,en,「サゾン様、ご演説は実に見事でした。実を言うと、先日読んだ本の中の出来事を思い出させられました。」
0x0100005200009F24,308,95,Rizia/Turn 3/A_VisitToSallabes,Manus Sazon,en,「本当ですか？もっとお聞きしたいですね。」
0x0100005200009F2B,308,96,Rizia/Turn 3/A_VisitToSallabes,Narrator,en,バンドは、アルカシアから最近届いた明るい調子の曲である「ヴェントリー・シティの恋人」を演奏し始めた。
0x0100005200009F32,308,97,Rizia/Turn 3/A_VisitToSallabes,Vina Toras,en,「どうですか？この舞踏が終わった後にお話しします。」
0x0100005200009F39,308,98,Rizia/Turn 3/A_VisitToSallabes,Narrator,en,バンドは、最近アルカシアから届いた明るい調べの曲である「ヴェントリー・シティの恋人」を演奏し始めた。
0x0100005200009F3F,308,99,Rizia/Turn 3/A_VisitToSallabes,Vina Toras,en,「どうですか？この舞踏が終わった後に教えてください。」
0x0100005200009F47,308,100,Rizia/Turn 3/A_VisitToSallabes,Narrator,en,彼女はマヌスの方へ一歩近づき、彼に手を差し伸べた。彼は疑問に思った様子で私を見た。
0x0100005200009F4F,308,101,Rizia/Turn 3/A_VisitToSallabes,Vina Toras,en,「待ってください、これは私が今まで習ってきた舞踊よりも速いですね。ステップをご存知なのですか？」
0x0100005200009F56,308,102,Rizia/Turn 3/A_VisitToSallabes,Manus Sazon,en,「実は、私もそのステップを知っています。手取り足取り教えて差し上げます。」
0x0100005200009F5D,308,103,Rizia/Turn 3/A_VisitToSallabes,Narrator,en,もし彼がそうしたとしても、ヴィナには気づかれなかった。二人がダンスフロアで踊り始めると、カメラのフラッシュが光った。
0x0100005200009F6A,308,107,Rizia/Turn 3/A_VisitToSallabes,Narrator,en,それは、我々が初めて一緒に踊ったときに彼女の母親が私にくれたものと同じものだった。
0x0100005200009F72,308,108,Rizia/Turn 3/A_VisitToSallabes,Narrator,en,私がレナと一緒にいた長い年月の間、妻は一度もあんな風に私を見たことがなかった。
0x0100005200009F87,308,109,Rizia/Turn 3/A_VisitToSallabes,Player_Romus,en,「あなたの考えと私の考えは同じだ。それを実行に移す時間があればよいのだが、現在は国際的な危機があり、全力で対処しなければならない。」
0x010000520000A0E2,308,110,Rizia/Turn 3/A_VisitToSallabes,Manus Sazon,en,「私が提案するような改革によって、このような危機の中でもリジアを安定させていくことができます。」
0x010000520000A0E9,308,111,Rizia/Turn 3/A_VisitToSallabes,Manus Sazon,en,「陛下、もしリジアをより民主的な方向へ導くことをお選びになった場合、私の党は陛下を支援する用意がございます。」
0x0100005200009A4C,308,112,Rizia/Turn 3/A_VisitToSallabes,Vina Toras,en,「あれは、あそこに何でしょうか？」
0x010000520000A1A5,308,116,Rizia/Turn 3/A_VisitToSallabes,Narrator,en,彼女は海岸線を少し進んだ場所にある建物群を指差した。その中央には足場で覆われた尖塔がそびえていた。
0x010000520000A19E,308,117,Rizia/Turn 3/A_VisitToSallabes,Vina Toras,en,「ところで、あちらを見てください。」
0x010000520000A1AF,308,118,Rizia/Turn 3/A_VisitToSallabes,Vina Toras,en,「あれはダストヌリティ派のようですね。あれが大賢者が探していた聖堂なのでしょうか。」
0x010000520000A1B6,308,119,Rizia/Turn 3/A_VisitToSallabes,Player_Romus,en,「ふむ。もっと小さいものだと思っていたのだが。」
0x010000520000A1BD,308,120,Rizia/Turn 3/A_VisitToSallabes,Player_Romus,en,「異端者たちのために建てるには、あまりにも巨大で費用のかかる建物だね。」
0x010000520000A1C4,308,121,Rizia/Turn 3/A_VisitToSallabes,Narrator,en,私は、サラベスに拡張されたダストヌリティ派・大聖域の建設資金を提供するという自分の命令を思い出した。
0x010000520000A1CC,308,122,Rizia/Turn 3/A_VisitToSallabes,Player_Romus,en,「それであれば、しばらくの間はヴェゼク人がトラブルに巻き込まれることはないだろう。」
0x010000520000A1D4,308,123,Rizia/Turn 3/A_VisitToSallabes,Player_Romus,en,「サルの言う通りだ。誰もが自分なりの方法で神を崇拝する場所を持つべきだ。」
0x010000520000A1DC,308,124,Rizia/Turn 3/A_VisitToSallabes,Player_Romus,en,「しっかりとした警備が施されていることを願っている。」
0x010000520000A391,308,128,Rizia/Turn 3/A_VisitToSallabes,Vina Toras,en,「その後も、別の国政行事があり、さらに別のものが……」
0x010000520000A399,308,129,Rizia/Turn 3/A_VisitToSallabes,Vina Toras,en,「番組で特別ゲストが発表されました。一体誰なのか気になりますね。」
0x010000520000A406,308,133,Rizia/Turn 3/A_VisitToSallabes,Narrator,en,彼はヴィナを連れてダンスフロアへ出かけた。彼の顔にはわずかな笑みが浮かんでいたように私には思えた。
0x010000520000A40D,308,134,Rizia/Turn 3/A_VisitToSallabes,Narrator,en,彼はヴィナを連れてダンスフロアへ出た。二人が踊り始めると、カメラのフラッシュが光った。
0x010000520000A415,308,135,Rizia/Turn 3/A_VisitToSallabes,Narrator,en,私は、写真家たちが私の娘の目に浮かんだ表情を撮影しているのかと思った。
0x0100005200010EF3,308,136,Rizia/Turn 3/A_VisitToSallabes,Narrator,en,これはもはや、ポルテ・ドラゾンで私が出会った緊張気味の若者ではなかった。彼は壇上に歩み上がるとき、自信に満ちた様子を見せていた。
0x0100005200010EFA,308,137,Rizia/Turn 3/A_VisitToSallabes,Player_Romus,en,「私はまだ代議院を訪れていないことを謝る。この頃はとても忙しくてね。」
0x0100005200010F01,308,138,Rizia/Turn 3/A_VisitToSallabes,Manus Sazon,en,「陛下、ご理解いただけます。ジルの件は我々全員を動揺させました。私の家族も例外ではありませんでした。」
0x0100005200010F09,308,139,Rizia/Turn 3/A_VisitToSallabes,Player_Romus,en,「正直言って……私はあなたに会うのを避けてきた。過去の確執が大きすぎるのだ。」
0x0100005200010F10,308,140,Rizia/Turn 3/A_VisitToSallabes,Manus Sazon,en,「承知いたしました。ですが、まさにそのことこそが我々が話し合うべき理由ではないでしょうか？」
0x01000052000154A7,308,141,Rizia/Turn 3/A_VisitToSallabes,Narrator,en,マヌスは温かく微笑んだ。
0x01000052000154AF,308,142,Rizia/Turn 3/A_VisitToSallabes,Player_Romus,en,「サゾン氏、私の娘に対してそのような無礼な口をきくな。」
0x01000052000154B6,308,143,Rizia/Turn 3/A_VisitToSallabes,Player_Romus,en,「彼の言う通りだ。特別な恩恵を与えるのではなく、根本からこの問題に取り組まなければならない。」
0x01000052000154BD,308,144,Rizia/Turn 3/A_VisitToSallabes,Player_Romus,en,「ヴィナ、どれほど酔っているのか？適当な給仕たちに約束をして回るようなことはできないよ。」
0x01000052000154C4,308,145,Rizia/Turn 3/A_VisitToSallabes,Player_Romus,en,「申し訳ない、サゾン様。しかし私と王女は本当に行かなければならない。」
0x01000052000154CB,308,146,Rizia/Turn 3/A_VisitToSallabes,Narrator,en,ヴィナは私の言葉を無視した。
0x01000052000154D4,308,147,Rizia/Turn 3/A_VisitToSallabes,Narrator,en,ヴィナは目を転がした。
0x01000052000154DB,308,148,Rizia/Turn 3/A_VisitToSallabes,Vina Toras,en,「父上、あの方は私を対等な立場の者として話しかけてきました。私は彼の意見を歓迎いたします。」
0x01000052000154EA,308,152,Rizia/Turn 3/A_VisitToSallabes,Player_Romus,en,「私が死んでも断じて嫌だ。」
0x01000052000154F1,308,153,Rizia/Turn 3/A_VisitToSallabes,Player_Romus,en,「私の許可は必要ない。楽しんできてくれ。」
0x01000052000154F8,308,154,Rizia/Turn 3/A_VisitToSallabes,Player_Romus,en,「一曲踊っただけで、その後は家に帰ろう。」
0x01000052000154FF,308,155,Rizia/Turn 3/A_VisitToSallabes,Player_Romus,en,「申し訳ないが、それはできない。人々が噂をするだろう。」
0x0100005200015506,308,156,Rizia/Turn 3/A_VisitToSallabes,Narrator,en,ヴィナは満面の笑みを浮かべた。マヌスは彼女の手を取り、自分の席から立ち上がった。
0x010000520001550F,308,157,Rizia/Turn 3/A_VisitToSallabes,Narrator,en,ヴィナは怒りに満ちた視線で私をじっと見つめた。
0x0100005200015520,308,159,Rizia/Turn 3/A_VisitToSallabes,Vina Toras,en,「父上、我々はこちらに客人としているのです。主催者側と交流せずに去ってしまうと良く思われません。」
0x0100005200015527,308,160,Rizia/Turn 3/A_VisitToSallabes,Player_Romus,en,「わかった、あなたの勝ちだ。『一曲』だけ踊ろう。」
0x010000520001552F,308,161,Rizia/Turn 3/A_VisitToSallabes,Player_Romus,en,「私はもう十分に主催者たちと交流した。今すぐ出発する。」
0x010000520001553C,308,165,Rizia/Turn 3/A_VisitToSallabes,Player_Romus,en,「また別の機会があるだろう。行こう。」
0x0100005200015543,308,166,Rizia/Turn 3/A_VisitToSallabes,Player_Romus,en,「踊るな。それは王の命令だ。」
0x010000520001554D,308,167,Rizia/Turn 3/A_VisitToSallabes,Narrator,en,ヴィナは苛立ちを込めてため息をついた。
0x0100005200015554,308,168,Rizia/Turn 3/A_VisitToSallabes,Vina Toras,en,「申し訳ありません、サゾン様。貴方のご家族が治める州で過ごすことができ、大変嬉しく思っております。」
0x010000520001555B,308,169,Rizia/Turn 3/A_VisitToSallabes,Manus Sazon,en,「私にとっても大変光栄でした。」
0x0100005200015562,308,170,Rizia/Turn 3/A_VisitToSallabes,Narrator,en,彼はヴィナの手を取り、自分の唇に押し当てた。
0x0100005200015569,308,171,Rizia/Turn 3/A_VisitToSallabes,Manus Sazon,en,「またお会いできる日を楽しみにしております、陛下。」
0x0100005200015570,308,172,Rizia/Turn 3/A_VisitToSallabes,Narrator,en,我々が舞踏室を出るとき、彼女がこっそりと彼の方を振り返るのを見た。
0x010000520001557E,308,176,Rizia/Turn 3/A_VisitToSallabes,Narrator,en,それは私がよく知っている表情だった。初めて会った日に、彼女の母親の目にも同じような光を見たことがあった。
0x01000052000158A6,308,181,Rizia/Turn 3/A_VisitToSallabes,Player_Romus,en,「サゾン氏、もう私を不意打ちしようとするのはやめてくれ。あなたが何を望んでいるにせよ、私には興味ない。」
0x01000052000158B9,308,185,Rizia/Turn 3/A_VisitToSallabes,Player_Romus,en,「では、なぜ私に謁見を願い出なかったのか？」
0x01000052000158C0,308,186,Rizia/Turn 3/A_VisitToSallabes,Narrator,en,彼は私に、傷ついたような表情と困惑したような表情が入り混じった視線を向けた。
0x01000052000158C7,308,187,Rizia/Turn 3/A_VisitToSallabes,Manus Sazon,en,「私は陛下の宰相を通して伝えました。そのメッセージは行方不明になったのでしょう。」
0x01000052000158CE,308,188,Rizia/Turn 3/A_VisitToSallabes,Manus Sazon,en,「陛下、お願いです。わずか五分だけ与えてください。」
0x01000052000158D5,308,189,Rizia/Turn 3/A_VisitToSallabes,Manus Sazon,en,「ですが、今こうして我々二人ともここにいるのですから、陛下……」
0x01000052000158E5,308,190,Rizia/Turn 3/A_VisitToSallabes,Player_Romus,en,「今、私に話しかけているのは誰だ？サゾン家の後継者か、それともリジア人民党の代表か？」
0x01000052000158ED,308,191,Rizia/Turn 3/A_VisitToSallabes,Player_Romus,en,「わかった、お望み通りにいたしよう。何を考えているのか教えてくれ。」
0x01000052000158F5,308,192,Rizia/Turn 3/A_VisitToSallabes,Player_Romus,en,「お前の父親がしたことの後でよくも私の前に現れる勇気があるな。」
0x01000052000158FD,308,193,Rizia/Turn 3/A_VisitToSallabes,Manus Sazon,en,「陛下、ルーカス・サゾンを許すことなど私も期待しておりません。私自身も彼を許していないのです。」
0x0100005200015904,308,194,Rizia/Turn 3/A_VisitToSallabes,Manus Sazon,en,「かつては私の生まれ持った権利を奪ったことで彼を憎んでいました。しかし今では、彼の真の罪はリジアが当然得るべき平和的な移行を奪ったことだと気づきました。」
0x010000520001590B,308,195,Rizia/Turn 3/A_VisitToSallabes,Manus Sazon,en,「その二つは分けられないのです。」
0x0100005200015912,308,196,Rizia/Turn 3/A_VisitToSallabes,Manus Sazon,en,「私が代議院に加わったのは、ルーカス・サゾンのためです。父の軽率な暴力行為が、リジアが当然得るべき平和的な移行を奪ってしまったからです。」
0x0100005200015919,308,197,Rizia/Turn 3/A_VisitToSallabes,Manus Sazon,en,「ええ、陛下……」
0x0100005200015920,308,198,Rizia/Turn 3/A_VisitToSallabes,Manus Sazon,en,「RPPの他のメンバーも私と同じ意見です。我が王国は改革を切望しており、一滴の血も流すことなく民に発言権を与えることができます。」
0x0100005200015928,308,199,Rizia/Turn 3/A_VisitToSallabes,Player_Romus,en,「移行とおっしゃったが、何への移行か？」
0x010000520001593E,308,200,Rizia/Turn 3/A_VisitToSallabes,Player_Romus,en,「あなたが言うような変化は平和的には起こらない。革命の世紀が残した無数の死体を見ればわかるだろう。」
0x0100005200015945,308,201,Rizia/Turn 3/A_VisitToSallabes,Manus Sazon,en,「そうなる必要はなかったのです。陛下のお父上の世代の王たちが譲歩する気持ちになっていれば、彼らも自分たちの王位を守り続けられたかもしれません。」
0x010000520001594C,308,202,Rizia/Turn 3/A_VisitToSallabes,Manus Sazon,en,「その通りでございます、陛下。わずかな修正を加えれば、本来の目的を果たすことができます。」
0x0100005200015960,308,203,Rizia/Turn 3/A_VisitToSallabes,Narrator,en,マヌスは指でワイングラスの縁をなぞった。
0x0100005200015966,308,204,Rizia/Turn 3/A_VisitToSallabes,Manus Sazon,en,「陛下の即位演説を拝聴しました。陛下のお考えは私のそれと同じだと思います。」
0x0100005200015971,308,208,Rizia/Turn 3/A_VisitToSallabes,Manus Sazon,en,「私は勝手な推測をしたくありません……ですが、陛下のご目的も私と同じなのでしょうか？」
0x0100005200015994,308,209,Rizia/Turn 3/A_VisitToSallabes,Manus Sazon,en,「私は、平民と貴族の懸念が同等に重視されるリジアを想像しています。選出された議会が法律を制定するものの、王家は引き続きその地位と影響力を保持するような国です。」
0x01000052000159C9,308,213,Rizia/Turn 3/A_VisitToSallabes,Player_Romus,en,「なぜだろうか？リジアの民は欲しいものすべてを手にしている。もし彼らがさらに望むなら、私が与えてあげよう。」
0x01000052000159D0,308,214,Rizia/Turn 3/A_VisitToSallabes,Player_Romus,en,「私を脅そうとしているのか？」
0x01000052000159D7,308,215,Rizia/Turn 3/A_VisitToSallabes,Manus Sazon,en,「リジア国内には、より過激な思想を持つ派閥が存在しています。RPPと私が、今のところ彼らを抑え込んでいるのです。」
0x01000052000159E5,308,216,Rizia/Turn 3/A_VisitToSallabes,Manus Sazon,en,「陛下、あなた様とご家族が私のことをどう思っているかは承知しております。また、政府における私の地位がせいぜい象徴的なものに過ぎないことも分かっています。」
0x01000052000159EC,308,217,Rizia/Turn 3/A_VisitToSallabes,Player_Romus,en,「サゾン家はどうだ？あなたの一族に対するその征伐について、あなたの親族たちは何と考えているのか？」
0x01000052000159F3,308,218,Rizia/Turn 3/A_VisitToSallabes,Narrator,en,マヌスは指でワイングラスの縁をなぞった。
0x01000052000159FA,308,219,Rizia/Turn 3/A_VisitToSallabes,Manus Sazon,en,「陛下、私の聖戦は貴族階級に対するものではありません。それはすべてのリジア人のためのものです。」
0x0100005200015A02,308,220,Rizia/Turn 3/A_VisitToSallabes,Manus Sazon,en,「ですから、我々が実施するあらゆる改革も非常に徐々に進めていかなければなりません。」
0x0100005200015A0F,308,221,Rizia/Turn 3/A_VisitToSallabes,Manus Sazon,en,「私には、国の統治方法について陛下に口出しするような厚かましさは決してありません。」
0x0100005200015A16,308,222,Rizia/Turn 3/A_VisitToSallabes,Manus Sazon,en,「決してそのようなつもりはございません、陛下。リジアの貴族階級の地位を守ることは、陛下にとっても私の一族にとっても同様に重要なことです。」
0x0100005200015A1E,308,223,Rizia/Turn 3/A_VisitToSallabes,Manus Sazon,en,「陛下、彼らは自分たちの声が聞かれることを望んでおります。ただなだめられるだけでは嫌なのです。」
0x0100005200015A25,308,224,Rizia/Turn 3/A_VisitToSallabes,Player_Romus,en,「私の治世中には二度目の反乱は起こらない。」
0x0100005200015A33,308,225,Rizia/Turn 3/A_VisitToSallabes,Manus Sazon,en,「民衆は、自分たちの欲求よりも自分たちのことを優先する支配階級にうんざりしております、陛下。」
0x0100005200015A38,308,226,Rizia/Turn 3/A_VisitToSallabes,Player_Romus,en,「あなたは具体的にどのように私を支えるつもりか？」
0x0100005200015A3F,308,227,Rizia/Turn 3/A_VisitToSallabes,Player_Romus,en,「『今のところ」ですって？それは脅しという意味だろうか？」
0x0100005200015A46,308,228,Rizia/Turn 3/A_VisitToSallabes,Player_Romus,en,「あなたが彼らを抑えるのはあなたの仕事ではない。それは私の役目だ。」
0x0100005200015A4D,308,229,Rizia/Turn 3/A_VisitToSallabes,Player_Romus,en,「その通りだ。彼らの要求に発散口がなければ、危険な存在になりかねない。」
0x0100005200015A54,308,230,Rizia/Turn 3/A_VisitToSallabes,Player_Romus,en,「仮に、私であるリジア王が君主制を完全に廃止するための助けを求めたとしたら、国王は応じてくださるか？」
0x0100005200015A62,308,231,Rizia/Turn 3/A_VisitToSallabes,Player_Romus,en,「もし私がそうしなかったらどうなるのか？」
0x0100005200015A69,308,232,Rizia/Turn 3/A_VisitToSallabes,Player_Romus,en,「私は、サゾン家が再び私に反旗を翻さないことの方が知りたい。」
0x0100005200015A2C,308,233,Rizia/Turn 3/A_VisitToSallabes,Manus Sazon,en,「陛下、このような提案をすることは危険を伴うことだと承知しております。しかし大きな変化がなければ再び反乱に直面するかもしれないと考えております。」
0x0100005200015A76,308,234,Rizia/Turn 3/A_VisitToSallabes,Manus Sazon,en,「陛下、私の治世中に二度目の反乱が起こることはないでしょう。陛下の統治の強さを疑うつもりはございません。」
0x0100005200015A7D,308,235,Rizia/Turn 3/A_VisitToSallabes,Manus Sazon,en,「しかし、一般民衆は自分たちよりも自分の欲望を優先する支配階級にうんざりしているのです。」
0x0100005200015A8C,308,236,Rizia/Turn 3/A_VisitToSallabes,Manus Sazon,en,「しかし、我が民が沈黙を強いられる日が長ければ長いほど、ついに声を上げたときの叫びはより大きなものとなるでしょう。」
0x0100005200015A92,308,237,Rizia/Turn 3/A_VisitToSallabes,Manus Sazon,en,「陛下、我々は決して陛下に逆らうことはありません。」
0x0100005200009F97,308,238,Rizia/Turn 3/A_VisitToSallabes,Player_Romus,en,「あなたのほのめかしは気に入らない。次に何を言うか、よく考えることを勧める。」
0x0100005200015A9E,308,239,Rizia/Turn 3/A_VisitToSallabes,Player_Romus,en,「それは一体どういう意味か？私は常に民のニーズだけを心に留めてきたのだ。」
0x0100005200015AA8,308,240,Rizia/Turn 3/A_VisitToSallabes,Player_Romus,en,「私は、あなたの党派とより密接に協力し、我が民のために一層尽くすことを楽しみにしている。だが政府の制度全体を変えるだと？そこまではおそらく行かないだろう。」
0x0100005200015AB1,308,241,Rizia/Turn 3/A_VisitToSallabes,Manus Sazon,en,「陛下、私の一族は十分な教訓を得ました。陛下が彼らを尊厳をもって扱ってくださる限り、彼らは陛下に最も忠実な支持者であり続けます。」
0x0100005200015ABA,308,242,Rizia/Turn 3/A_VisitToSallabes,Player_Romus,en,「私はリジアを改革し、我々の立法機関に権限を与えるという考えに賛成だ。あなたと共に力を合わせてそれを現実のものにすることが、私の願いである。」
0x0100005200015AC2,308,243,Rizia/Turn 3/A_VisitToSallabes,Narrator,en,マヌスの目に光が宿り、彼は自信に満ちた笑みを浮かべた。
0x0100005200015AD0,308,244,Rizia/Turn 3/A_VisitToSallabes,Manus Sazon,en,「陛下、この件については都で改めてご相談しましょう。」
0x0100005200015AD8,308,245,Rizia/Turn 3/A_VisitToSallabes,Manus Sazon,en,「いえ、陛下。その逆です。」
0x0100005200015AF9,308,246,Rizia/Turn 3/A_VisitToSallabes,Manus Sazon,en,「はい、もちろんです。ですが、陛下……」
0x0100005200015B08,308,247,Rizia/Turn 3/A_VisitToSallabes,Player_Romus,en,「私のもとに来るためにご苦労なさったこと、心より感謝する。決して容易なことではなかっただろう。」
0x0100005200015B0F,308,248,Rizia/Turn 3/A_VisitToSallabes,Manus Sazon,en,「私の話を聞いてくださり、ありがとうございます。」
0x0100005200015B1C,308,249,Rizia/Turn 3/A_VisitToSallabes,Manus Sazon,en,「我々が民衆を陛下の側につけます。時が来れば、彼らは躊躇うことなく改革を受け入れるでしょう。」
0x0100005200015B27,308,250,Rizia/Turn 3/A_VisitToSallabes,Player_Romus,en,「私はあなたを反逆罪で逮捕させる羽目になる前に、この会話を終わらせるべきだ。」
0x0100005200015B58,308,251,Rizia/Turn 3/A_VisitToSallabes,Manus Sazon,en,「ええ、私は……」
0x0100005200015B5F,308,252,Rizia/Turn 3/A_VisitToSallabes,Narrator,en,彼はポケットからハンカチを取り出し、額を拭った。
0x0100005200015B68,308,253,Rizia/Turn 3/A_VisitToSallabes,Manus Sazon,en,「この会話の場として明らかに間違った場所を選んでしまいました。」
0x0100005200015B6F,308,254,Rizia/Turn 3/A_VisitToSallabes,Manus Sazon,en,「なるほどです。」
0x0100005200015B76,308,255,Rizia/Turn 3/A_VisitToSallabes,Narrator,en,彼はポケットからハンカチを取り出し、額を拭った。
0x0100005200015B7D,308,256,Rizia/Turn 3/A_VisitToSallabes,Manus Sazon,en,「それでは、私がこの件をお話ししたことは忘れていただけますか…」
0x0100005200015B84,308,257,Rizia/Turn 3/A_VisitToSallabes,Player_Romus,en,「適切な場所など存在しない。そもそも私のところに来るべきではなかったのだ。」
0x0100005200015B8B,308,258,Rizia/Turn 3/A_VisitToSallabes,Player_Romus,en,「いや、どうぞ続けてくれ。何をお話しになりたかったのか？」
0x0100005200015B92,308,259,Rizia/Turn 3/A_VisitToSallabes,Manus Sazon,en,「もちろんです。ですが、あなたの後継者はどうでしょうか？またはその後継者の後継者は？国の運命を一人の統治者に委ねることがいかに危険か、我々はすでに見てきました。」
0x0100005200015B9E,308,260,Rizia/Turn 3/A_VisitToSallabes,Player_Romus,en,「サゾンさん、私の一族は神によって統治者として選ばれたのだ。神が間違いを犯したとおっしゃるのか？」
0x0100005200015BCE,308,265,Rizia/Turn 3/A_VisitToSallabes,Player_Romus,en,「喜んで。」
0x0100005200015BD5,308,266,Rizia/Turn 3/A_VisitToSallabes,Player_Romus,en,「私は決して忘れない。」
0x0100005200015BDC,308,267,Rizia/Turn 3/A_VisitToSallabes,Player_Romus,en,「私的なことではない。だが、この話題は触れてはならないものと理解してくれ。」
0x0100005200015BE4,308,268,Rizia/Turn 3/A_VisitToSallabes,Manus Sazon,en,「いえ、もちろんです。私には理解できます。」
0x0100005200015BEB,308,269,Rizia/Turn 3/A_VisitToSallabes,Narrator,en,彼は立ち上がり、椅子を後ろに押しやった。
0x0100005200015BF2,308,270,Rizia/Turn 3/A_VisitToSallabes,Manus Sazon,en,「陛下、失礼いたします。私は飲み物を取り替えに行きます。」
0x0100005200015BF9,308,271,Rizia/Turn 3/A_VisitToSallabes,Narrator,en,彼はバーの方へ向かおうと振り返ったところ、我々のテーブルに戻ってきていたヴィナと顔を合わせた。
0x0100005200015C00,308,272,Rizia/Turn 3/A_VisitToSallabes,Narrator,en,彼女の顔はわずかに赤らんでいた。
0x0100005200015C07,308,273,Rizia/Turn 3/A_VisitToSallabes,Vina Toras,en,「ああ、申し訳ありません、サゾン様。」
0x0100005200015C0E,308,274,Rizia/Turn 3/A_VisitToSallabes,Manus Sazon,en,「申し訳ございません、殿下。サラベスでのご滞在を楽しんでおられることを願っております。」
0x0100005200015C16,308,275,Rizia/Turn 3/A_VisitToSallabes,Manus Sazon,en,「他には何も……」
0x0100005200015C1E,308,276,Rizia/Turn 3/A_VisitToSallabes,Manus Sazon,en,「はい、その通りです。お許しください……」
0x0100005200015C26,308,277,Rizia/Turn 3/A_VisitToSallabes,Manus Sazon,en,「私――わかりました。承知いたしました。」
0x0100005200015C2D,308,278,Rizia/Turn 3/A_VisitToSallabes,Manus Sazon,en,「ありがとうございます。もうご迷惑はおかけしません。」
0x0100005200015C37,308,279,Rizia/Turn 3/A_VisitToSallabes,Player_Romus,en,「サゾン氏、あなたの権力掌握を利他主義に見せかけようとしても無駄だ。私にはすべてお見通しだ。」
0x0100005200015C3E,308,280,Rizia/Turn 3/A_VisitToSallabes,Player_Romus,en,「ご指摘の点、理解した。」
0x0100005200015C45,308,281,Rizia/Turn 3/A_VisitToSallabes,Player_Romus,en,「サゾン氏、私の娘について何をほのめかしているのか？彼女が統治する資格がないとお考えなのか？」
0x0100005200015C4D,308,282,Rizia/Turn 3/A_VisitToSallabes,Narrator,en,マヌスの顔には控えめな笑みが浮かんだ。
0x0100005200015C54,308,283,Rizia/Turn 3/A_VisitToSallabes,Manus Sazon,en,「代議院にお越しください。改善策について話し合う前に、現在の制度がどのように機能しているか、陛下はまずご理解いただくべきでしょう。」
0x0100005200015C92,308,284,Rizia/Turn 3/A_VisitToSallabes,Player_Romus,en,「私としては、その問題へのあなたの解決策というのは、自分自身を首相にすることだと思うのだが？」
0x0100005200015C9A,308,285,Rizia/Turn 3/A_VisitToSallabes,Manus Sazon,en,「陛下、約束いたします。これは私の欲求のためではなく、王国の安定を守るためのことです。」
0x0100005200015CA4,308,286,Rizia/Turn 3/A_VisitToSallabes,Player_Romus,en,「私の政府が貴族階級ではない者たちのためにもっと尽力できるはずだという点については、同感だ。」
0x0100005200015CAC,308,287,Rizia/Turn 3/A_VisitToSallabes,Manus Sazon,en,「承知いたしました、陛下。もちろん、私の党としても陛下のお耳に訴えることができれば大変光栄です。」
0x0100005200015CB3,308,288,Rizia/Turn 3/A_VisitToSallabes,Manus Sazon,en,「次回の代議院会期に陛下にお会いできますことは、大変光栄なことでございます。」
0x0100005200015CBA,308,289,Rizia/Turn 3/A_VisitToSallabes,Player_Romus,en,「私はそちらに参る。」
0x0100005200015CC1,308,290,Rizia/Turn 3/A_VisitToSallabes,Player_Romus,en,「私にできることを見てみよう。」
0x0100005200015CC9,308,291,Rizia/Turn 3/A_VisitToSallabes,Player_Romus,en,「あまり興奮しすぎないでくれ。私はまだ何も約束していない。」
0x0100005200015CD1,308,292,Rizia/Turn 3/A_VisitToSallabes,Narrator,en,彼は微笑みながら立ち上がり、椅子を後ろに押しやった。
0x0100005200015CDB,308,293,Rizia/Turn 3/A_VisitToSallabes,Manus Sazon,en,「陛下、長い時間を取らせてしまい申し訳ありません。失礼しますが、飲み物を新しくしてまいります。」
0x0100005200015CE4,308,294,Rizia/Turn 3/A_VisitToSallabes,Manus Sazon,en,「それは良くないのだ……」
0x0100005200015CEB,308,295,Rizia/Turn 3/A_VisitToSallabes,Player_Romus,en,「おっしゃることは理解している。だが、現在は既存の状況を変え始めるに適した時期ではない。」
0x0100005200015CF5,308,296,Rizia/Turn 3/A_VisitToSallabes,Narrator,en,彼の顔には失望の色が広がっていった。
0x0100005200015CFC,308,297,Rizia/Turn 3/A_VisitToSallabes,Manus Sazon,en,「今でなければ、いつになるというのですか、陛下？」
0x0100005200015D03,308,298,Rizia/Turn 3/A_VisitToSallabes,Player_Romus,en,「私を追い詰めるな、若者よ。今夜だけでも十分に時間を割いてやったのだ。」
0x0100005200015D0B,308,299,Rizia/Turn 3/A_VisitToSallabes,Player_Romus,en,「ジルの危機が解決されたら、改めてその話を取り上げることができるかもしれない。」
0x0100005200015D12,308,300,Rizia/Turn 3/A_VisitToSallabes,Player_Romus,en,「わからない。考えるべきことが多いのは、あなたにも分かっているはずだ。」
0x0100005200015D19,308,301,Rizia/Turn 3/A_VisitToSallabes,Narrator,en,彼はうなずいた。
0x0100005200015D22,308,302,Rizia/Turn 3/A_VisitToSallabes,Narrator,en,彼の顔には苛立ちの表情が広がっていった。
0x0100005200015D38,308,303,Rizia/Turn 3/A_VisitToSallabes,Manus Sazon,en,「もちろんです。出過ぎた真似をしてしまいましたら、どうかお許しください。」
0x0100005200017255,308,309,Rizia/Turn 3/A_VisitToSallabes,Vina Toras,en,「少なくともブルーノは我々との生活にうまく順応しています。料理人たちが彼を甘やかしすぎているのです。」
0x0100005200017263,308,313,Rizia/Turn 3/A_VisitToSallabes,Vina Toras,en,「少しだけです。彼は宮殿でのブルーノの様子を知りたがっていました。私は料理人たちが彼を甘やかしすぎていると伝えました。」
0x0100005200045530,308,330,Rizia/Turn 3/A_VisitToSallabes,Player_Romus,en,「遠い土地から飛来した巨大な鳥の群れだ……これはどこかで見たことがあるような気がする。」
0x0100005200045537,308,331,Rizia/Turn 3/A_VisitToSallabes,Vina Toras,en,「わかりません、父上。ですがとても美しい光景です。」
0x0100009E00004BBD,308,333,Rizia/Turn 3/A_VisitToSallabes,Player_Romus,en,「確かに。あなたと同様、私もリジアに大きな変化が訪れようとしているのを感じている。」
0x010000520005CB7B,308,334,Rizia/Turn 3/A_VisitToSallabes,Narrator,en,彼は身をすくめた。
0x010000520005CB82,308,335,Rizia/Turn 3/A_VisitToSallabes,Manus Sazon,en,「聞いてください……」
0x010000520005CB8F,308,339,Rizia/Turn 3/A_VisitToSallabes,Manus Sazon,en,「私が言っている暗流というのは川のようなものです。それを止めることはできず、方向を変えて誘導するしかありません。」
0x010000520005CB9D,308,343,Rizia/Turn 3/A_VisitToSallabes,Narrator,en,私はほっとして微笑んだ。
0x010000520005CBA4,308,344,Rizia/Turn 3/A_VisitToSallabes,Manus Sazon,en,「陛下、私の領地に承認された新しい水力発電プロジェクトにつきましては、陛下もすでにご存知かと存じます。」
0x010000520005CBAB,308,345,Rizia/Turn 3/A_VisitToSallabes,Narrator,en,彼は気まずそうに微笑んだ。
0x010000520005CBB2,308,346,Rizia/Turn 3/A_VisitToSallabes,Manus Sazon,en,「ちなみに、王室政府がこの州で新たな水力発電プロジェクトを検討していると聞きました。もしそれが実現すれば、私の親族たちは大変感謝するでしょう。」
0x010000520005CBBE,308,347,Rizia/Turn 3/A_VisitToSallabes,Manus Sazon,en,「ですが、先ほど申し上げていた通り……」
0x010000520005CBC6,308,348,Rizia/Turn 3/A_VisitToSallabes,Manus Sazon,en,「私は……」
0x010000520005CBCD,308,349,Rizia/Turn 3/A_VisitToSallabes,Narrator,en,彼は緊張して笑った。
0x010000520005CBD4,308,350,Rizia/Turn 3/A_VisitToSallabes,Manus Sazon,en,「今この瞬間にリジアの民がそれを望んでいるとは、私には思えません。」
0x010000520005CBEA,308,351,Rizia/Turn 3/A_VisitToSallabes,Manus Sazon,en,「私も同感だ。」
0x010000520005CBF1,308,352,Rizia/Turn 3/A_VisitToSallabes,Player_Romus,en,「民衆にも発言権があるのだ。それこそが代議院の存在意義だ。」
0x010000520005CBF9,308,353,Rizia/Turn 3/A_VisitToSallabes,Manus Sazon,en,「陛下、これこそが真の立憲君主制です。」
0x010000520005CC04,308,354,Rizia/Turn 3/A_VisitToSallabes,Manus Sazon,en,「申し上げていた通りです……」
0x010000520005CC0E,308,356,Rizia/Turn 3/A_VisitToSallabes,Manus Sazon,en,「陛下、我々の提案のいくつかは既に実行されています。我々と協力してくださるお気持ちを嬉しく思います。」
0x010000520005CC1B,308,360,Rizia/Turn 3/A_VisitToSallabes,Manus Sazon,en,「我々が提案したいくつかの法令を実施していただければ助けになります。」
0x0100005200068276,308,361,Rizia/Turn 3/A_VisitToSallabes,Narrator,en,坑道のオーケストラから歓声が響き、黒髪の女性がステージに上がってきた。私は彼女がサラベス伯爵夫人であるレオナ・サゾンだと気づいた。
0x01000052000682A4,308,362,Rizia/Turn 3/A_VisitToSallabes,Leona Sazon,en,「皆様！」
0x01000052000682AA,308,363,Rizia/Turn 3/A_VisitToSallabes,Leona Sazon,en,「陛下であるロムス・トラス王とヴィナ王女様を、この質素な都市にお迎えできますことは、私にとって大変光栄なことでございます。」
0x01000052000682B2,308,364,Rizia/Turn 3/A_VisitToSallabes,Leona Sazon,en,「今日はまた別の特別なゲストがいらっしゃっています。」
0x01000052000682B9,308,365,Rizia/Turn 3/A_VisitToSallabes,Leona Sazon,en,「私の愛する従兄弟であるアンジェリカが追放されてから、もう25年が経ちました。他のサゾン家の者たちと同様に、いつか陛下がその無限の寛大さをもって彼女を我々の元に連れ戻してくださることを願っています。」
0x01000052000682C0,308,366,Rizia/Turn 3/A_VisitToSallabes,Player_Romus,en,「ふむ。おそらくサゾン家の女当主は十分な罰を受けているのだろう。」
0x01000052000682C7,308,367,Rizia/Turn 3/A_VisitToSallabes,Player_Romus,en,「はっ、よくやったな、レオナ。」
0x01000052000682CE,308,368,Rizia/Turn 3/A_VisitToSallabes,Player_Romus,en,「アンジェリカがリジアに戻ってくる唯一の方法は、棺に乗ってということだけだ。」
0x01000052000682D5,308,369,Rizia/Turn 3/A_VisitToSallabes,Narrator,en,ヴィナは私を無視した。彼女は舞台をよく見ようと首を伸ばした。
0x01000052000682DC,308,370,Rizia/Turn 3/A_VisitToSallabes,Player_Romus,en,「もう退屈だ。いつ食事をするのだろうか？」
0x01000052000682E5,308,371,Rizia/Turn 3/A_VisitToSallabes,Narrator,en,ヴィナはうなずいた。彼女は舞台をよく見ようと首を伸ばした。
0x01000052000682EC,308,372,Rizia/Turn 3/A_VisitToSallabes,Leona Sazon,en,「今日は、彼女の息子であるマヌスがこちらにいてくださり光栄です。サゾン家の後継者であり、リジア人民党の党首であり、かつブレナスの放蕩な息子でもあるのです。」
0x010000520000A41D,309,3,Rizia/Turn 3/A_VisitToMontaklar,Narrator,en,モンタクラルの街のどこからでも、高く丘を見上げればアザロ要塞の廃墟が見えた。
0x010000520000A424,309,4,Rizia/Turn 3/A_VisitToMontaklar,Lucita Azaro,en,「陛下、この景色はいかがでしょうか？」
0x010000520000A42A,309,5,Rizia/Turn 3/A_VisitToMontaklar,Narrator,en,何世紀にもわたって拡張・強化され、レゼニド帝国の初期からリジア継承戦争で破壊されるまで、その都市の住民たちの要塞として機能していた。
0x010000520000A432,309,6,Rizia/Turn 3/A_VisitToMontaklar,Narrator,en,今日、その廃墟はモンタクラルの強さ、そしてそこの統治家族の強さを象徴するものとなっていた。おそらくそれが理由で、ルシータは私をここに案内し、個人的に話をするよう誘ったのだろう。
0x010000520000A439,309,7,Rizia/Turn 3/A_VisitToMontaklar,Narrator,en,安全のため、崩れかけた護壁の遺構の上に木製の歩道が作られていた。私とルシータはその歩道を進み、北西の角まで行った。
0x010000520000A441,309,8,Rizia/Turn 3/A_VisitToMontaklar,Narrator,en,ここからは谷の向こう側を見下ろすことができ、そこには急流のアルカ川沿いに州都が広がっており、さらに目の前にある山々の麓も望むことができた。
0x010000520000A448,309,9,Rizia/Turn 3/A_VisitToMontaklar,Player_Romus,en,「問題ない。私も昔から山より海の方が好きだった。」
0x010000520000A44F,309,10,Rizia/Turn 3/A_VisitToMontaklar,Player_Romus,en,「実に見事だな。なぜ私をここに連れてきたのか、アザロ女公爵？」
0x010000520000A45D,309,11,Rizia/Turn 3/A_VisitToMontaklar,Player_Romus,en,「私の軍人時代のことはよく覚えている。」
0x010000520000A46A,309,15,Rizia/Turn 3/A_VisitToMontaklar,Player_Romus,en,「千年前のこの要塞がどのような姿だったか、想像してくれ。」
0x010000520000A471,309,16,Rizia/Turn 3/A_VisitToMontaklar,Lucita Azaro,en,「信じられないでしょう？陛下」
0x010000520000A478,309,17,Rizia/Turn 3/A_VisitToMontaklar,Lucita Azaro,en,「私は子供として、兵士として、そして公爵夫人としてここに来ました。毎回状況は異なりますが、同時に変わらないものでもあります。」
0x010000520000A486,309,18,Rizia/Turn 3/A_VisitToMontaklar,Narrator,en,我々がその要塞を見学しようとした時は閉鎖されていたが、城壁のすぐ外側には大勢の人々が集まっていた。
0x010000520000A48B,309,19,Rizia/Turn 3/A_VisitToMontaklar,Lucita Azaro,en,「パレスを失って以来、私の領地は静穏海とのつながりを断たれてしまいました。あり合わせのもので何とかやっていくしかありません。」
0x010000520000A497,309,20,Rizia/Turn 3/A_VisitToMontaklar,Lucita Azaro,en,「アザロ家とトラス家が再び良好な関係を築くまでには何年もの歳月がかかりました。陛下の治世の間、我々の両家が引き続き調和し続けますよう願っております。」
0x010000520000A4B9,309,21,Rizia/Turn 3/A_VisitToMontaklar,Player_Romus,en,「アザロ女公爵、それが私をここに連れてきた理由か？」
0x010000520000A4D5,309,22,Rizia/Turn 3/A_VisitToMontaklar,Player_Romus,en,「私にとって、アザロ家の好意を保つこと以上に大切なものはない。」
0x010000520000A4E4,309,23,Rizia/Turn 3/A_VisitToMontaklar,Lucita Azaro,en,「その通りです、部分的には。」
0x010000520000A4F9,309,24,Rizia/Turn 3/A_VisitToMontaklar,Lucita Azaro,en,「陛下、私の権限を奪い、中央警察部隊をイザ公に移管するというご決定には賛同できませんでした。」
0x010000520000A516,309,25,Rizia/Turn 3/A_VisitToMontaklar,Lucita Azaro,en,「陛下がそうおっしゃってくださると、私も大変嬉しく思います。」
0x010000520000A51E,309,26,Rizia/Turn 3/A_VisitToMontaklar,Player_Romus,en,「あなたには分からない。イザは今、転換点にいるのだ。この都市の運命が国全体の運命を決定づけるかもしれない。」
0x010000520000A525,309,27,Rizia/Turn 3/A_VisitToMontaklar,Player_Romus,en,「トラス家は自分たちのことは自分たちで処理する。もし私が従兄弟に特別な恩恵を与えるとしても、それはあなたには関係のないことだ。」
0x010000520000A52C,309,28,Rizia/Turn 3/A_VisitToMontaklar,Player_Romus,en,「女公爵、私の家族が最優先だ。それをご理解いただきたいのだ。」
0x010000520000A47F,309,29,Rizia/Turn 3/A_VisitToMontaklar,Lucita Azaro,en,「陛下、ここはマルキアン族でさえ破壊することができなかったのです。リジアの貴族たちが互いに争うようになって初めて、ようやく陥落したのです。」
0x010000520000A55F,309,30,Rizia/Turn 3/A_VisitToMontaklar,Lucita Azaro,en,「まず第一に、陛下がこの地方を訪れてからあまりにも時間が経ちすぎました。私の領民たちは、陛下が依然として彼らのことを気にかけておられるのか疑問に思い始めていたのです。」
0x010000520000A62F,309,31,Rizia/Turn 3/A_VisitToMontaklar,Lucita Azaro,en,「地方の活動と申しますと……」
0x010000520000A9E6,309,32,Rizia/Turn 3/A_VisitToMontaklar,Narrator,en,彼女は言葉を止め、私の方を向いた。
0x010000520000AA03,309,33,Rizia/Turn 3/A_VisitToMontaklar,Narrator,en,彼女は我々の背後にある石壁を指差した。金属製のはしごが小さな見張り塔の頂上へと続いており、その塔は今では要塞で現存する最も高い建物だった。
0x010000520000AA18,309,34,Rizia/Turn 3/A_VisitToMontaklar,Narrator,en,ルシータはわずか数秒でそこに登り切った。
0x010000520000AA1F,309,35,Rizia/Turn 3/A_VisitToMontaklar,Player_Romus_Italic,en,私は彼女について塔の頂上まで行った。
0x010000520000AA1F,309,35,Rizia/Turn 3/A_VisitToMontaklar,Player_Romus_Italic,Menu Text en,彼女について行く
0x010000520000AA27,309,36,Rizia/Turn 3/A_VisitToMontaklar,Player_Romus,en,「私はとりあえずここにいる。あなたには何が見えるか？」
0x010000520000AA2F,309,37,Rizia/Turn 3/A_VisitToMontaklar,Lucita Azaro,en,「覚えておりませんか？ドムス陣地はここから少し下った場所にあります。」
0x010000520000AA3D,309,41,Rizia/Turn 3/A_VisitToMontaklar,Lucita Azaro,en,「キャンプ・ドムスはここから少し下ったところにあります。」
0x010000520000AA44,309,42,Rizia/Turn 3/A_VisitToMontaklar,Narrator,en,下から、複雑なリズムを刻むスネアドラムの音が聞こえ、その後、一斉に地面を打つブーツの音が続いた。
0x010000520000AA53,309,43,Rizia/Turn 3/A_VisitToMontaklar,Narrator,en,私がいたと思われる中央広場から、複雑なリズムを刻むスネアドラムの音と、同時に地面を叩くブーツの音が聞こえてきた。
0x010000520000AA5A,309,44,Rizia/Turn 3/A_VisitToMontaklar,Narrator,en,太鼓の音が部隊の編成を決めていた。それは古くからある制度で、ルシータの祖先であるドムス・アザロによって近代化されたものだった。
0x010000520000AA61,309,45,Rizia/Turn 3/A_VisitToMontaklar,Lucita Azaro,en,「長い、短い、短い、長い……それは逆楔形のリズムです。」
0x010000520000AA68,309,46,Rizia/Turn 3/A_VisitToMontaklar,Lucita Azaro,en,「長、短、短、長……それは逆楔形ですよね？」
0x010000520000AA6F,309,47,Rizia/Turn 3/A_VisitToMontaklar,Lucita Azaro,en,「これらは新入りの兵士たちです。すぐに覚えるでしょう。」
0x010000520000AA74,309,48,Rizia/Turn 3/A_VisitToMontaklar,Narrator,en,この側からは、国内で最も大きな軍事訓練施設であるキャンプ・ドムスが見えた。様々な地形を再現した敷地の周囲に何百もの兵舎が点在し、その姿は遠くまで広がっていた。
0x010000520000AA7B,309,49,Rizia/Turn 3/A_VisitToMontaklar,Narrator,en,我々が見下ろしたのは中央広場だった。約50人からなる一個小隊――ほとんどが男性だが、数名の女性も含まれていた――が訓練の準備をしていた。
0x010000520000AA82,309,50,Rizia/Turn 3/A_VisitToMontaklar,Lucita Azaro,en,「その暗号を覚えておいでですか？」
0x010000520000AA90,309,54,Rizia/Turn 3/A_VisitToMontaklar,Lucita Azaro,en,「よく耳を傾けなさい。」
0x010000520000AA97,309,55,Rizia/Turn 3/A_VisitToMontaklar,Narrator,en,広場の隅にいたドラマーがスネアドラムで複雑なリズムを奏でていた。
0x010000520000AA9E,309,56,Rizia/Turn 3/A_VisitToMontaklar,Narrator,en,広場の隅にいたドラマーがスネアドラムで複雑なリズムを奏でていた。
0x010000520000AAA5,309,57,Rizia/Turn 3/A_VisitToMontaklar,Lucita Azaro,en,「長、短、短、長……それは逆楔形ですよね？」
0x010000520000AAAD,309,58,Rizia/Turn 3/A_VisitToMontaklar,Narrator,en,兵士たちは背中が狭く前方に向かって広がるV字型の陣形を取った。
0x010000520000AAB4,309,59,Rizia/Turn 3/A_VisitToMontaklar,Player_Romus,en,「まだあのような制度を使っているなんて信じられない。」
0x010000520000AABB,309,60,Rizia/Turn 3/A_VisitToMontaklar,Player_Romus,en,「実に見事だね。」
0x010000520000AAC2,309,61,Rizia/Turn 3/A_VisitToMontaklar,Lucita Azaro,en,「長い、短い、短い、長い……それは逆楔形のリズムです。」
0x010000520000AAC8,309,62,Rizia/Turn 3/A_VisitToMontaklar,Narrator,en,兵士たちは背中が狭く前方に向かって広がるV字型の陣形を取った。
0x010000520000AACF,309,63,Rizia/Turn 3/A_VisitToMontaklar,Player_Romus,en,「少し古風だな、と思わないか？」
0x010000520000AAD7,309,64,Rizia/Turn 3/A_VisitToMontaklar,Player_Romus,en,「実に見事だね。」
0x010000520000AADE,309,65,Rizia/Turn 3/A_VisitToMontaklar,Player_Romus,en,「右側にいた女性の動きが少し遅かっただ。」
0x010000520000AAE5,309,66,Rizia/Turn 3/A_VisitToMontaklar,Lucita Azaro,en,「通信は妨害されたり、命令が誤解されたりすることもあります。しかしリズムというものは、骨の髄まで感じ取れるものです。」
0x010000520000AAEC,309,67,Rizia/Turn 3/A_VisitToMontaklar,Lucita Azaro,en,「通信は妨害されたり、命令が誤解されたりすることもあります。しかしリズムというものは、骨の髄まで感じ取れるものです。」
0x010000520000AAF3,309,68,Rizia/Turn 3/A_VisitToMontaklar,Player_Romus,en,「それをどうしてご存知なのか？」
0x010000520000AAFA,309,69,Rizia/Turn 3/A_VisitToMontaklar,Lucita Azaro,en,「それはその地方に古くからある制度でして、私の先祖であるアザロ家のドムス・アザロがそれを正式な暗号へと変えたのです。」
0x010000520000AB01,309,70,Rizia/Turn 3/A_VisitToMontaklar,Player_Romus,en,「まだあのような制度を使っているなんて信じられない。」
0x010000520000AB07,309,71,Rizia/Turn 3/A_VisitToMontaklar,Player_Romus,en,「あそこには何人の兵士がいるのか？」
0x010000520000AB0D,309,72,Rizia/Turn 3/A_VisitToMontaklar,Player_Romus,en,「どうやらそのうちの一つだけが少しタイミングを外しているようだね。」
0x010000520000AB13,309,73,Rizia/Turn 3/A_VisitToMontaklar,Lucita Azaro,en,「通信は妨害されたり、命令が誤って伝達されたりすることもあります。しかしリズムというものは、骨の髄まで感じ取れるものです。」
0x010000520000AB1D,309,74,Rizia/Turn 3/A_VisitToMontaklar,Lucita Azaro,en,「少なくとも50人です。見たところ、女性は5人いるようです。」
0x010000520000AB24,309,75,Rizia/Turn 3/A_VisitToMontaklar,Lucita Azaro,en,「南メルコパで最も優秀に訓練された兵士たちです。」
0x010000520000AB2B,309,76,Rizia/Turn 3/A_VisitToMontaklar,Lucita Azaro,en,「やはり南メルコパで最も優秀に訓練された兵士たちですね。」
0x010000520000AB32,309,77,Rizia/Turn 3/A_VisitToMontaklar,Lucita Azaro,en,「これらは新入りの兵士たちです。彼女もすぐに覚えるでしょう。」
0x010000520000AB39,309,78,Rizia/Turn 3/A_VisitToMontaklar,Narrator,en,彼女は体のほこりを払った。私は彼女の目に鋼のような光が宿っているのを見た。
0x010000520000AB68,309,79,Rizia/Turn 3/A_VisitToMontaklar,Player_Romus,en,「それをどうしてご存知なのか？」
0x010000520000AB6E,309,80,Rizia/Turn 3/A_VisitToMontaklar,Lucita Azaro,en,「それはその地方に古くからある制度でして、私の先祖であるアザロ家のドムス・アザロがそれを正式な暗号へと変えたのです。」
0x010000520000AB75,309,81,Rizia/Turn 3/A_VisitToMontaklar,Player_Romus,en,「少し古風だな、と思わないか？」
0x010000520000AB80,309,82,Rizia/Turn 3/A_VisitToMontaklar,Narrator,en,再び太鼓から音が響いた。二度の縁打ちの後、素早い連続した叩き音が続いたのだ。
0x010000520000AB8A,309,83,Rizia/Turn 3/A_VisitToMontaklar,Lucita Azaro,en,「波形が鰯骨模様のように広がっていく長い音列です。」
0x010000520000AB91,309,84,Rizia/Turn 3/A_VisitToMontaklar,Narrator,en,ほとんど無意識のうちに、彼女は兵士たちに合わせて動き始めた。しかし左足を地面につけると、その足元の壁の一部が突然崩れ落ちた。
0x010000520000AB98,309,85,Rizia/Turn 3/A_VisitToMontaklar,Narrator,en,彼女は私の方へ向かって後ろに落ちていった。
0x010000520000ABA4,309,89,Rizia/Turn 3/A_VisitToMontaklar,Player_Romus_Italic,en,私は彼女の落下を止めようと駆け寄った。
0x010000520000ABA4,309,89,Rizia/Turn 3/A_VisitToMontaklar,Player_Romus_Italic,Menu Text en,彼女を捕まえる
0x010000520000ABAB,309,90,Rizia/Turn 3/A_VisitToMontaklar,Player_Romus_Italic,en,私は彼女が倒れるのを見ていた。彼女は膝を曲げた状態で地面に落ち、すぐに転がって再び立ち上がった。
0x010000520000ABAB,309,90,Rizia/Turn 3/A_VisitToMontaklar,Player_Romus_Italic,Menu Text en,彼女を捕まえてはだめだ
0x010000520000ABB4,309,91,Rizia/Turn 3/A_VisitToMontaklar,Narrator,en,彼女は体の土を払い落とし、私の方を向いた。その目には鋼のような光が宿っているのが見えた。
0x010000520000ABD1,309,92,Rizia/Turn 3/A_VisitToMontaklar,Narrator,en,彼女が私の腕の中に落ちてきたとき、私の弱った足が力を失った。私は地面に倒れ、彼女が私の上に乗る形になった。
0x010000520000ABD8,309,93,Rizia/Turn 3/A_VisitToMontaklar,Narrator,en,彼女は私の腕の中に着地した。
0x010000520000ABF2,309,94,Rizia/Turn 3/A_VisitToMontaklar,Player_Romus_Italic,en,私は彼女を自分から押しのけ、なんとか立ち上がった。彼女も少し時間を置いて落ち着きを取り戻した。
0x010000520000ABF2,309,94,Rizia/Turn 3/A_VisitToMontaklar,Player_Romus_Italic,Menu Text en,立ち上がる
0x010000520000ABFA,309,95,Rizia/Turn 3/A_VisitToMontaklar,Player_Romus_Italic,en,我々二人は、そのままの姿勢のまま長い数秒間過ごした。
0x010000520000ABFA,309,95,Rizia/Turn 3/A_VisitToMontaklar,Player_Romus_Italic,Menu Text en,立ち上がらないで
0x010000520000AC02,309,96,Rizia/Turn 3/A_VisitToMontaklar,Player_Romus_Italic,en,私は彼女を床に下ろした。彼女は少し時間をかけて落ち着きを取り戻した。
0x010000520000AC02,309,96,Rizia/Turn 3/A_VisitToMontaklar,Player_Romus_Italic,Menu Text en,彼女を下に置く
0x010000520000AC09,309,97,Rizia/Turn 3/A_VisitToMontaklar,Player_Romus_Italic,en,私は長い数秒間、彼女をしっかりと抱きしめていた。
0x010000520000AC09,309,97,Rizia/Turn 3/A_VisitToMontaklar,Player_Romus_Italic,Menu Text en,彼女を下に置かないで
0x010000520000AC12,309,98,Rizia/Turn 3/A_VisitToMontaklar,Lucita Azaro,en,「私は平気です。我々二人とも無事です。しかし、一体誰がそんなことを許したのでしょうか？」
0x010000520000AC1A,309,99,Rizia/Turn 3/A_VisitToMontaklar,Lucita Azaro,en,「ありがとうございます、陛下。どうやら古い習慣はなかなか捨てられないようですね。」
0x010000520000AD81,309,100,Rizia/Turn 3/A_VisitToMontaklar,Lucita Azaro,en,「もうすぐ四時です。何かお見せしましょう。」
0x010000520000AD90,309,104,Rizia/Turn 3/A_VisitToMontaklar,Player_Romus,en,「私はあなたについて行きたいのだが、この不自由な足では無理だ。」
0x010000520000AD98,309,105,Rizia/Turn 3/A_VisitToMontaklar,Lucita Azaro,en,「陛下、それは失念しておりました。いつもとても機敏に動かれるようで。」
0x010000520000AD9F,309,106,Rizia/Turn 3/A_VisitToMontaklar,Lucita Azaro,en,「陛下、どうやらその光景にはお慣れのようですね。ドムス陣地はここから少し下った場所にあります。」
0x010000520000ADA8,309,107,Rizia/Turn 3/A_VisitToMontaklar,Narrator,en,彼女の言う通りだった。私はそのキャンプがどのような様子だったかをはっきりと思い出した――あらゆる種類の地形を再現した広大な訓練場で、周囲には何百もの兵舎が立ち並んでいた。
0x010000520000ADAF,309,108,Rizia/Turn 3/A_VisitToMontaklar,Player_Romus,en,「実に見事だね。」
0x010000520000ADB6,309,109,Rizia/Turn 3/A_VisitToMontaklar,Lucita Azaro,en,「南メルコパで最も優秀に訓練された兵士たちです。」
0x010000520000ADBE,309,110,Rizia/Turn 3/A_VisitToMontaklar,Narrator,en,我々が要塞を出るとき、ルシータは私の視線を避けた。
0x010000520000ADC3,309,111,Rizia/Turn 3/A_VisitToMontaklar,Narrator,en,再び太鼓から音が響いた。二度の縁打ちの後、素早い連続した叩き音が続いたのだ。
0x010000520000ADC9,309,112,Rizia/Turn 3/A_VisitToMontaklar,Lucita Azaro,en,「波形が鰯骨模様のように広がっていく長い音列です。」
0x010000520000ADCF,309,113,Rizia/Turn 3/A_VisitToMontaklar,Narrator,en,ほとんど無意識のうちに、彼女は兵士たちに合わせて動き始めた。しかし左足を地面につけると、その足元の壁の一部が突然崩れ落ちた。
0x010000520000ADD7,309,114,Rizia/Turn 3/A_VisitToMontaklar,Narrator,en,彼女は後ろへと落ち始めた。
0x010000520000ADDE,309,115,Rizia/Turn 3/A_VisitToMontaklar,Player_Romus_Italic,en,私は彼女の腕を掴んで、安全な場所へと自分の方へ引き寄せた。
0x010000520000ADDE,309,115,Rizia/Turn 3/A_VisitToMontaklar,Player_Romus_Italic,Menu Text en,彼女の腕を掴む
0x010000520000ADE6,309,116,Rizia/Turn 3/A_VisitToMontaklar,Player_Romus_Italic,en,私は彼女が倒れるのを見ていた。彼女は優れた反射神経を発揮し、はしごの一番上の段を掴んで自分の体を引き上げ、私の隣に立つことができた。
0x010000520000ADE6,309,116,Rizia/Turn 3/A_VisitToMontaklar,Player_Romus_Italic,Menu Text en,何もしない
0x010000520000ADEF,309,117,Rizia/Turn 3/A_VisitToMontaklar,Narrator,en,彼女は驚いて私を見上げ、激しく息を切らしていた。
0x010000520000ADF6,309,118,Rizia/Turn 3/A_VisitToMontaklar,Player_Romus_Italic,en,私は彼女の腕を握っていた手を離した。彼女は私から距離を置き、服についたものを払い落とした。
0x010000520000ADF6,309,118,Rizia/Turn 3/A_VisitToMontaklar,Player_Romus_Italic,Menu Text en,彼女の腕を放して
0x010000520000ADFD,309,119,Rizia/Turn 3/A_VisitToMontaklar,Player_Romus_Italic,en,私は長い数秒間、彼女をしっかりと抱きしめていた。
0x010000520000ADFD,309,119,Rizia/Turn 3/A_VisitToMontaklar,Player_Romus_Italic,Menu Text en,彼女を離さないで
0x010000520000AE06,309,120,Rizia/Turn 3/A_VisitToMontaklar,Lucita Azaro,en,「どうやら古い習慣はなかなか捨てられないようですね。陛下、ありがとうございます。」
0x010000520000AE0D,309,121,Rizia/Turn 3/A_VisitToMontaklar,Lucita Azaro,en,「一体、誰がそんなことを許したのですか？」
0x010000520000AE14,309,122,Rizia/Turn 3/A_VisitToMontaklar,Narrator,en,ルシータは急いで私から離れ、服のほこりを払って衛兵たちの方を向いた。
0x010000520000AE1F,309,123,Rizia/Turn 3/A_VisitToMontaklar,Narrator,en,彼女はすぐに私に背を向け、衛兵たちにもう去る時間だと告げた。
0x010000520000AE38,309,124,Rizia/Turn 3/A_VisitToMontaklar,Narrator,en,彼女はすぐに降りてきて、衛兵たちにもう出発する時間だと伝えた。
0x0100005200010F19,309,127,Rizia/Turn 3/A_VisitToMontaklar,Narrator,en,我々は彼らに手を振って見送り、その後背を向けてかつての武器庫へと続く道を進んだ。我々の補佐官や護衛たちは適度な距離を保ったまま後方に留まっていた。
0x0100005200016757,309,128,Rizia/Turn 3/A_VisitToMontaklar,Player_Romus,en,「そのようにならない理由は私には見当たらない。あなた様とご親族の方々は王権に忠誠を誓われたよね？」
0x010000520001675E,309,129,Rizia/Turn 3/A_VisitToMontaklar,Player_Romus,en,「あなたが家族をしっかりと統制している限り、彼らも従うだろう。」
0x0100005200016765,309,130,Rizia/Turn 3/A_VisitToMontaklar,Lucita Azaro,en,「もちろんです。ですが、えっと……」
0x010000520001676C,309,131,Rizia/Turn 3/A_VisitToMontaklar,Lucita Azaro,en,「陛下、あなた様のお父上と私の父は親しい間柄でした。タデウス将軍によれば、彼は何の懸念も抱くことなく、王様に自分の本音を率直に伝えることができたそうです。」
0x0100005200016775,309,132,Rizia/Turn 3/A_VisitToMontaklar,Lucita Azaro,en,「陛下と私の間にも、あのような関係でいてほしいのです。」
0x010000520001677C,309,133,Rizia/Turn 3/A_VisitToMontaklar,Lucita Azaro,en,「陛下、私の家族の忠誠心についてはご心配なさる必要はありません。おそらく私が言っているのは、我々二人のことです。」
0x010000520001678B,309,134,Rizia/Turn 3/A_VisitToMontaklar,Player_Romus,en,「女公爵、私は側近たち全員とそのような関係を築きたいのだ。誰も自分の意見を抑えなければならないと感じるべきではない。」
0x0100005200016792,309,135,Rizia/Turn 3/A_VisitToMontaklar,Player_Romus,en,「なぜあなたがそれに値すると思うのか？あなたはまだ議会にいるのも1年ほどしか経っていない。」
0x01000052000167A0,309,136,Rizia/Turn 3/A_VisitToMontaklar,Player_Romus,en,「お互いをほとんど知り合ってもいないのだから、どうやってそんな関係になれるだろうか？」
0x01000052000167A7,309,137,Rizia/Turn 3/A_VisitToMontaklar,Lucita Azaro,en,「確かにその通りでございます、陛下。」
0x01000052000167AE,309,138,Rizia/Turn 3/A_VisitToMontaklar,Narrator,en,私は、我々の隣の壁を這い上がってくるトカゲに目を向けた。
0x01000052000167B5,309,139,Rizia/Turn 3/A_VisitToMontaklar,Lucita Azaro,en,「それならば私の許可を与えます。私のことについて何でもお尋ねください。」
0x01000052000167BC,309,140,Rizia/Turn 3/A_VisitToMontaklar,Player_Romus,en,「えっと……なぜ結婚していないのか？アザロ家の者としては、成人した日にすでに配偶者が決まっているはずだ。」
0x01000052000167C3,309,141,Rizia/Turn 3/A_VisitToMontaklar,Player_Romus,en,「雑談はやめよう。今日こちらに私を連れてきたのは、何か望みがあるからだろう。」
0x01000052000167CA,309,142,Rizia/Turn 3/A_VisitToMontaklar,Player_Romus,en,「さて、あなたには何か趣味があるか？」
0x01000052000167D1,309,143,Rizia/Turn 3/A_VisitToMontaklar,Player_Romus,en,「なぜアザロ家の足跡を辿ったのか？自分だけの道を選ぶこともできたはずだ。」
0x01000052000167D8,309,144,Rizia/Turn 3/A_VisitToMontaklar,Lucita Azaro,en,「叔父が反乱で命を落とした後、私の道は他人によって決められたのです。」
0x01000052000167DF,309,145,Rizia/Turn 3/A_VisitToMontaklar,Lucita Azaro,en,「幼い頃から、あれが転機であることは理解していました。もはや私の高貴な血筋だけでは私を守ってはくれないのです。」
0x01000052000167E6,309,146,Rizia/Turn 3/A_VisitToMontaklar,Narrator,en,彼女は顔をしかめた。
0x01000052000167ED,309,147,Rizia/Turn 3/A_VisitToMontaklar,Lucita Azaro,en,「もちろん、私のために相手が選ばれていました。ですが、軍に入隊した際に父上がその婚約を破棄することを許してくださったのです。」
0x01000052000167F4,309,148,Rizia/Turn 3/A_VisitToMontaklar,Lucita Azaro,en,「私が軍に入隊した頃には、もう結婚相手として使える年齢ではないと見なされていました。」
0x01000052000167FB,309,149,Rizia/Turn 3/A_VisitToMontaklar,Player_Romus,en,「では、アザロ家の伝統を受け継ぐのは誰なのか？」
0x0100005200016802,309,150,Rizia/Turn 3/A_VisitToMontaklar,Player_Romus,en,「それは馬鹿げている。あなたのような女性なら、求婚者で溢れるはずだ。」
0x0100005200016809,309,151,Rizia/Turn 3/A_VisitToMontaklar,Player_Romus,en,「では、男性の手触りを知ったことがないのか？」
0x0100005200016810,309,152,Rizia/Turn 3/A_VisitToMontaklar,Player_Romus,en,「あなた、28歳だったの？女性としてはずいぶん年を取りすぎてるわ。」
0x0100005200016817,309,153,Rizia/Turn 3/A_VisitToMontaklar,Narrator,en,彼女は片方の眉を上げ、それから軽く笑った。
0x010000520001681E,309,154,Rizia/Turn 3/A_VisitToMontaklar,Lucita Azaro,en,「陛下、未婚だからといって貞淑だとは限りません。」
0x0100005200016826,309,155,Rizia/Turn 3/A_VisitToMontaklar,Narrator,en,彼女は顔をしかめて視線をそらした。
0x010000520001682C,309,156,Rizia/Turn 3/A_VisitToMontaklar,Narrator,en,彼女の顔には苦笑いが浮かんだ。
0x0100005200016833,309,157,Rizia/Turn 3/A_VisitToMontaklar,Lucita Azaro,en,「私は、人々の評価に自分の価値を左右されるほど情けない存在ではありません。ですが、そのお褒めの言葉には感謝いたします。」
0x010000520001683B,309,158,Rizia/Turn 3/A_VisitToMontaklar,Lucita Azaro,en,「私を愚か者と呼んでも構いません。私は女としての評判よりも自国を選んだのです。」
0x0100005200016842,309,159,Rizia/Turn 3/A_VisitToMontaklar,Narrator,en,彼女は視線をそらした。
0x0100005200016849,309,160,Rizia/Turn 3/A_VisitToMontaklar,Lucita Azaro,en,「私の妹は遅かれ早かれ我々に後継者をもうけてくれるでしょう。もしそうならないとしても、きっと従兄弟たちの誰かがその役目を果たすはずです。」
0x0100005200016850,309,161,Rizia/Turn 3/A_VisitToMontaklar,Lucita Azaro,en,「もっと控えめな性質の質問はありますか？」
0x010000520001685A,309,162,Rizia/Turn 3/A_VisitToMontaklar,Lucita Azaro,en,「私は暇な時には、常に弓道を楽しんできました。」
0x0100005200016861,309,163,Rizia/Turn 3/A_VisitToMontaklar,Lucita Azaro,en,「私と父上は昔、一緒にチェスを指していました。父上が正気の時には、今も続けています。」
0x0100005200016874,309,165,Rizia/Turn 3/A_VisitToMontaklar,Player_Romus,en,「誰が勝つのか？」
0x010000520001687B,309,166,Rizia/Turn 3/A_VisitToMontaklar,Player_Romus,en,「もしかすると、いつか私とあなたでチェスを指せるかもしれないね。」
0x0100005200016882,309,167,Rizia/Turn 3/A_VisitToMontaklar,Player_Romus,en,「刺繍も書道もないか？」
0x0100005200016889,309,168,Rizia/Turn 3/A_VisitToMontaklar,Player_Romus,en,「チェスなどというのは馬鹿げた遊びだ。」
0x0100005200016890,309,169,Rizia/Turn 3/A_VisitToMontaklar,Lucita Azaro,en,「もし敗北を覚悟されているのであれば、陛下。」
0x0100005200016897,309,170,Rizia/Turn 3/A_VisitToMontaklar,Narrator,en,彼女は私に嘲笑するような視線を向けた。
0x010000520001689F,309,171,Rizia/Turn 3/A_VisitToMontaklar,Lucita Azaro,en,「私がほとんどです。発作以来、数回だけ彼に勝たせています。」
0x01000052000168A6,309,172,Rizia/Turn 3/A_VisitToMontaklar,Lucita Azaro,en,「私は異なる意見です。チェスに勝てるのであれば、戦争においても必ず勝てます。」
0x01000052000168AD,309,173,Rizia/Turn 3/A_VisitToMontaklar,Lucita Azaro,en,「陛下、私のことをまったくご存じないようですね。」
0x01000052000168D9,309,181,Rizia/Turn 3/A_VisitToMontaklar,Player_Romus,en,「それだけが私が知りたかったことだ。」
0x01000052000168F8,309,191,Rizia/Turn 3/A_VisitToMontaklar,Player_Romus,en,「あの日々はもう終わった。これ以上、反乱を恐れて生きる必要はないのだ。」
0x01000052000168FF,309,192,Rizia/Turn 3/A_VisitToMontaklar,Player_Romus,en,「真の脅威は一般民衆から来るものではない。我々の生活様式を破壊しようとする外国勢力こそが危険なのだ。」
0x0100005200016906,309,193,Rizia/Turn 3/A_VisitToMontaklar,Player_Romus,en,「あなたの言う通りだ。私も誘拐された後、まったく同じことを考えた。」
0x0100005200016914,309,194,Rizia/Turn 3/A_VisitToMontaklar,Lucita Azaro,en,「陛下、そのような脅威に対して何か手を打つ気持ちや、将来に備えて自分を守る意欲は湧きませんでしたか？」
0x0100005200016923,309,195,Rizia/Turn 3/A_VisitToMontaklar,Lucita Azaro,en,「脅威の出所が何であれ、それに備えておくことは有益です。王国としても、個人としてもな。」
0x0100005200016977,309,198,Rizia/Turn 3/A_VisitToMontaklar,Narrator,en,彼女は鋭い眼差しで私を見つめた。
0x010000520001697E,309,199,Rizia/Turn 3/A_VisitToMontaklar,Lucita Azaro,en,「素晴らしいです、陛下。ありがとうございます。」
0x010000520001698C,309,200,Rizia/Turn 3/A_VisitToMontaklar,Lucita Azaro,en,「承知しております。陛下が私にまでそのような信頼を寄せてくださるのは、実に慈悲深いことでしょう。」
0x0100005200016993,309,201,Rizia/Turn 3/A_VisitToMontaklar,Lucita Azaro,en,「まず初めに、申し上げなければなりません……」
0x01000052000169A2,309,205,Rizia/Turn 3/A_VisitToMontaklar,Lucita Azaro,en,「私の家と私自身は、サラベスで行われた陛下の最近の会談について疑問を抱いております。」
0x01000052000169AA,309,206,Rizia/Turn 3/A_VisitToMontaklar,Lucita Azaro,en,「報告によると、陛下はサゾン家の後継者とかなり深く話し合いをされていたそうです。」
0x010000520000A549,309,207,Rizia/Turn 3/A_VisitToMontaklar,Player_Romus,en,「すべては戦略的な判断だ。サゾン家の支援がなければ、再び反乱を防ぐことはできない。」
0x010000520000A557,309,208,Rizia/Turn 3/A_VisitToMontaklar,Player_Romus,en,「我々は両家の間の絆を修復することについて話していた。あなた自身が言ったように、リジアが強くいられるのはすべての王家が団結しているからだ。」
0x010000520000A550,309,209,Rizia/Turn 3/A_VisitToMontaklar,Player_Romus,en,「我々は彼の領地の客人だった。会話を拒むなど、甚だしい礼儀違反となってしまうから。」
0x010000520000A5F5,309,213,Rizia/Turn 3/A_VisitToMontaklar,Player_Romus,en,「その情報源たちは、私が彼を断ったということを伝え忘れたのか？」
0x01000052000169B5,309,214,Rizia/Turn 3/A_VisitToMontaklar,Lucita Azaro,en,「陛下、それはあの者があなた様に信じ込ませようとしたことですか？アザロ家があなた様を助けて反乱を鎮圧してくれるだなんて？」
0x01000052000169BC,309,215,Rizia/Turn 3/A_VisitToMontaklar,Lucita Azaro,en,「火を消すのにガソリンを使うようなものです。」
0x01000052000169C3,309,216,Rizia/Turn 3/A_VisitToMontaklar,Lucita Azaro,en,「サゾン家など元々王族ではありませんでした。自分たちを本来の地位よりも高い者だと思い込んでいる商人集団に過ぎないのです。」
0x01000052000169CA,309,217,Rizia/Turn 3/A_VisitToMontaklar,Lucita Azaro,en,「陛下、依然としてこの家全体がアルカシアと繋がりがあるのではないかと疑われていることはご存知でしょう。」
0x01000052000169D0,309,218,Rizia/Turn 3/A_VisitToMontaklar,Lucita Azaro,en,「陛下のご一族が陛下になさったことほどひどいものでしょうか？」
0x01000052000169DA,309,219,Rizia/Turn 3/A_VisitToMontaklar,Lucita Azaro,en,「そのような印象を受けました。ですが、陛下のお口から直接聞きたかったのです。」
0x01000052000169E2,309,220,Rizia/Turn 3/A_VisitToMontaklar,Player_Romus,en,「私はアルカシアとの距離を縮めたいのだ。それも私の外交戦略の一部なのだ。」
0x01000052000169E9,309,221,Rizia/Turn 3/A_VisitToMontaklar,Player_Romus,en,「マヌスのことは分からない。彼は何か違うようだ。」
0x01000052000169F0,309,222,Rizia/Turn 3/A_VisitToMontaklar,Player_Romus,en,「それも不思議ではない。アルカシアには至る所に目と耳があるのだから。」
0x01000052000169F7,309,223,Rizia/Turn 3/A_VisitToMontaklar,Player_Romus,en,「まあ、コンタナ連邦よりはアルカシアの方がマシだ。」
0x0100005200016A05,309,227,Rizia/Turn 3/A_VisitToMontaklar,Lucita Azaro,en,「お嬢様のそばにいるあの男を信用してはなりません、それだけです。」
0x0100005200016A12,309,228,Rizia/Turn 3/A_VisitToMontaklar,Lucita Azaro,en,「陛下、どうあれ、私はあの男をお嬢様のそばにいさせることはできません。」
0x0100005200016A1F,309,229,Rizia/Turn 3/A_VisitToMontaklar,Lucita Azaro,en,「陛下、ますますその男をお嬢様のそばに近づけてはならない理由です。」
0x0100005200016A26,309,230,Rizia/Turn 3/A_VisitToMontaklar,Lucita Azaro,en,「陛下、私もコンタナ連邦の脅威を軽視しているわけではありません。ですが今のところ、彼らにはリジアの貴族階級に浸透する力はありません。」
0x0100005200016A2D,309,231,Rizia/Turn 3/A_VisitToMontaklar,Lucita Azaro,en,「彼らとその同盟者たちは、この世紀のほとんどを我々を弱体化させようと試みることに費やしてきました。」
0x0100005200016A34,309,238,Rizia/Turn 3/A_VisitToMontaklar,Lucita Azaro,en,「それは彼があなたにそう思わせようとしているだけです。アルカシアとその同盟国が我々を弱体化させるために絶え間なく策略を巡らせてきたことを忘れてはなりません。」
0x0100005200016A42,309,239,Rizia/Turn 3/A_VisitToMontaklar,Lucita Azaro,en,「その考えは改めていただきたく存じます。西側諸国とその同盟者たちを信頼されるのであれば、彼らは毎回その信頼を裏切ることになります。」
0x0100005200016A4A,309,240,Rizia/Turn 3/A_VisitToMontaklar,Player_Romus,en,「ご助言をいただき、ありがとう。今後はこの件についてもお力を借りる必要があるかもしれない。」
0x0100005200016A56,309,241,Rizia/Turn 3/A_VisitToMontaklar,Player_Romus,en,「これは国家安全保障に関わる問題ではない。あなたが介入する必要はないのだ。」
0x0100005200016A62,309,242,Rizia/Turn 3/A_VisitToMontaklar,Player_Romus,en,「私の娘は自分が望む相手と結ばれても構わない。現代の女性として、あなたならそれを理解しているはずだ。」
0x0100005200016A6B,309,243,Rizia/Turn 3/A_VisitToMontaklar,Player_Romus,en,「ご心配をいただき、感謝する。だが、サゾン氏とその家族のことは私自身が対処する。」
0x0100005200016A70,309,244,Rizia/Turn 3/A_VisitToMontaklar,Lucita Azaro,en,「そうではないでしょうか？王族と親しくなろうとする混乱の使者ですよね？」
0x0100005200016A77,309,245,Rizia/Turn 3/A_VisitToMontaklar,Lucita Azaro,en,「この国の治安を担う者として、私が見ているのは王族と親しくなろうとする混乱を招く存在だけです。」
0x0100005200016A7E,309,246,Rizia/Turn 3/A_VisitToMontaklar,Lucita Azaro,en,「私は国の安全を守っているだけです。それが私の職務ですから。」
0x0100005200016A85,309,247,Rizia/Turn 3/A_VisitToMontaklar,Player_Romus,en,「私は恩恵を与えることに長けている。何が気になっているのか、話してくれ。」
0x0100005200016A8D,309,248,Rizia/Turn 3/A_VisitToMontaklar,Lucita Azaro,en,「ありがとうございます、陛下。」
0x0100005200016A95,309,249,Rizia/Turn 3/A_VisitToMontaklar,Player_Romus,en,「あなたのことを知らなければ信頼することはできない。もっとご自身のことを話してくれ。」
0x0100005200016AA3,309,250,Rizia/Turn 3/A_VisitToMontaklar,Lucita Azaro,en,「陛下のご好奇心が満たされましたことを願っております。」
0x0100005200016AAA,309,251,Rizia/Turn 3/A_VisitToMontaklar,Lucita Azaro,en,「今は自由に話してもよろしいでしょうか？」
0x0100005200016AB1,309,252,Rizia/Turn 3/A_VisitToMontaklar,Player_Romus,en,「どうぞ。」
0x0100005200016AB9,309,253,Rizia/Turn 3/A_VisitToMontaklar,Lucita Azaro,en,「ええ、陛下……」
0x0100005200016AC7,309,254,Rizia/Turn 3/A_VisitToMontaklar,Lucita Azaro,en,「もし私の助けが必要でしたら、どうぞお知らせください。」
0x0100005200016ADA,309,255,Rizia/Turn 3/A_VisitToMontaklar,Lucita Azaro,en,「陛下、二人きりの今、もう一つお話ししたいことがございます。」
0x0100005200016AF2,309,259,Rizia/Turn 3/A_VisitToMontaklar,Lucita Azaro,en,「特に、現在陛下がヴェーレンから受けている厳しい監視の目を考えればなおさらです。」
0x0100005200016AF9,309,260,Rizia/Turn 3/A_VisitToMontaklar,Lucita Azaro,en,「特に、彼が今、私の部門の関与なしに立案された捜査の対象であるというのにです。」
0x0100005200016B06,309,261,Rizia/Turn 3/A_VisitToMontaklar,Lucita Azaro,en,「陛下、ですからこそ、現在の均衡を保つべきであり、ますます多くの権力を従兄弟の手に渡すべきではありません。」
0x0100005200016B0E,309,262,Rizia/Turn 3/A_VisitToMontaklar,Lucita Azaro,en,「陛下、申し訳ございませんが、リジアの国内治安は私の管轄事項でございます。」
0x0100005200016B15,309,263,Rizia/Turn 3/A_VisitToMontaklar,Lucita Azaro,en,「もちろんです。しかし、あなたの従兄弟の手により多くの権力を握らせることは危険な前例となります。」
0x0100005200016C4D,309,266,Rizia/Turn 3/A_VisitToMontaklar,Player_Romus,en,「いや、やはり自由に話さない方がよろしい。」
0x0100005200016C7E,309,267,Rizia/Turn 3/A_VisitToMontaklar,Player_Romus,en,「私があなたに信頼を寄せるのは、あなたがそれに値する時だ。まだその時は来ていない。」
0x0100005200016D86,309,268,Rizia/Turn 3/A_VisitToMontaklar,Narrator,en,我々は要塞の南側壁の日陰にある小さな草地にやって来た。ルシータが私に座るよう合図した。
0x0100005200016D9C,309,269,Rizia/Turn 3/A_VisitToMontaklar,Narrator,en,突然、カメラのシャッター音が聞こえてきた。向かい側の塁壁から、ある報道写真家が我々の写真を撮ることに成功していたのだ。
0x0100005200016DA1,309,270,Rizia/Turn 3/A_VisitToMontaklar,Narrator,en,下からカメラのシャッター音がした。報道写真家が要塞の麓までたどり着き、我々の姿を写真に収めることに成功していた。
0x0100005200016DAE,309,271,Rizia/Turn 3/A_VisitToMontaklar,Lucita Azaro,en,「どうしてもこの写真家を見つけ出し、あの写真が公開されないように阻止しなさい。」
0x0100005200016DB6,309,272,Rizia/Turn 3/A_VisitToMontaklar,Narrator,en,彼女の頭は再び壁の向こう側に消えていった。ルシータは急いで私から離れ、身なりを整えると、我々を取り囲んでいる衛兵たちの方を向いた。
0x0100005200016DBE,309,273,Rizia/Turn 3/A_VisitToMontaklar,Player_Romus,en,「アザロ女公爵、我々の職員を叱責しないでくれ。だが、確かにこの写真が外に漏れることは望まない。」
0x0100005200016DC5,309,274,Rizia/Turn 3/A_VisitToMontaklar,Player_Romus,en,「彼女の言う通りだ。このような明らかな警備上の失態に、私は恥ずかしく思う。皆さんも自分たちを恥じるべきだ。」
0x0100005200016DCC,309,275,Rizia/Turn 3/A_VisitToMontaklar,Player_Romus,en,「その命令は無視しよう。新聞社には好きなようにさせればいいのだ。」
0x0100005200016DD3,309,276,Rizia/Turn 3/A_VisitToMontaklar,Narrator,en,衛兵たちはうなずいた。そのうちの一人が走って写真家のいる方向へ向かった。
0x0100005200016DDB,309,277,Rizia/Turn 3/A_VisitToMontaklar,Narrator,en,ルシータは私の方へ向き直った。
0x0100005200016DE2,309,278,Rizia/Turn 3/A_VisitToMontaklar,Lucita Azaro,en,「まさか。我々の間に何かがあるなどと、民衆に思われたくないとお考えだとばかり。」
0x0100005200016DE9,309,279,Rizia/Turn 3/A_VisitToMontaklar,Player_Romus,en,「なぜダメだというのか？あなた自身、我々の家系はもっと調和すべきだと言ったではないか。」
0x0100005200016DF0,309,280,Rizia/Turn 3/A_VisitToMontaklar,Player_Romus,en,「それは重要ではない。私は報道の検閲に参加するつもりはない。」
0x0100005200016DFD,309,284,Rizia/Turn 3/A_VisitToMontaklar,Player_Romus,en,「美しい貴族の女性を腕に抱いているところを見られれば、私の評判は向上するだけだ。そう思わないか？」
0x0100005200016E05,309,285,Rizia/Turn 3/A_VisitToMontaklar,Player_Romus,en,「民衆が何を思おうと私は気にしない。リジアの王はそのようなことを気にする立場にはいないのだ。」
0x0100005200016E0C,309,286,Rizia/Turn 3/A_VisitToMontaklar,Narrator,en,彼女は私に恥じらいがちな笑顔を向けてくれた。
0x0100005200016E13,309,287,Rizia/Turn 3/A_VisitToMontaklar,Lucita Azaro,en,「陛下、そうおっしゃるならば。」
0x0100005200016E1B,309,288,Rizia/Turn 3/A_VisitToMontaklar,Narrator,en,我々が要塞を出るときも、彼女の顔には依然として笑みが浮かんでいた。
0x0100005200016E2D,309,290,Rizia/Turn 3/A_VisitToMontaklar,Narrator,en,彼女はうなずいた。
0x0100005200016E35,309,291,Rizia/Turn 3/A_VisitToMontaklar,Lucita Azaro,en,「陛下、それは陛下のご決断にかかっております。」
0x0100005200016E3C,309,292,Rizia/Turn 3/A_VisitToMontaklar,Narrator,en,我々が要塞を出るとき、彼女の顔にはかすかな笑みが浮かんでいた。
0x0100005200021F31,309,295,Rizia/Turn 3/A_VisitToMontaklar,Lucita Azaro,en,「反乱を恐れるべきではありませんが、いずれにせよその備えはしておくべきです。」
0x0100005200021F45,309,299,Rizia/Turn 3/A_VisitToMontaklar,Player_Romus,en,「国際労働者運動の結集した力と比べれば、アルカシアの力など笑止千万だ。」
0x0100005200021F4C,309,300,Rizia/Turn 3/A_VisitToMontaklar,Lucita Azaro,en,「そのことについては……何と言えばよいか分かりません。ただ、両者ともが脅威であるということだけです。」
0x0100005200021FEA,309,307,Rizia/Turn 3/A_VisitToMontaklar,Lucita Azaro,en,「私の部門には既に資金が確保されております。予算を圧迫することはありません。」
0x0100005200021FF2,309,308,Rizia/Turn 3/A_VisitToMontaklar,Lucita Azaro,en,「追加の資金など必要ありません。陛下が近衛兵を拡大されたことで、我々の情報部門には余剰人員が出てしまっているのです。」
0x010000520002200E,309,312,Rizia/Turn 3/A_VisitToMontaklar,Lucita Azaro,en,「わずかな資金があれば十分です。」
0x0100005200022048,309,316,Rizia/Turn 3/A_VisitToMontaklar,Narrator,en,彼女の目は私と視線が合うと優しさを帯びた。
0x0100005200022050,309,317,Rizia/Turn 3/A_VisitToMontaklar,Narrator,en,彼女はすぐに私から身を離し、服のほこりを払った。
0x0100005200022057,309,318,Rizia/Turn 3/A_VisitToMontaklar,Lucita Azaro,en,「見事な捕獲ですね、陛下。」
0x0100005200022065,309,322,Rizia/Turn 3/A_VisitToMontaklar,Narrator,en,彼女は急いで私を押しのけ、自分の服のほこりを払った。
0x010000520002206B,309,323,Rizia/Turn 3/A_VisitToMontaklar,Narrator,en,彼女の目は私と視線が合うと優しさを帯びた。
0x0100005200022072,309,324,Rizia/Turn 3/A_VisitToMontaklar,Lucita Azaro,en,「陛下、なんと素晴らしい反射神経でしょう。」
0x010000520002207C,309,325,Rizia/Turn 3/A_VisitToMontaklar,Lucita Azaro,en,「その通りでございます、陛下。」
0x0100005200022083,309,326,Rizia/Turn 3/A_VisitToMontaklar,Narrator,en,彼女は私に恥じらいがちな笑顔を向けてくれた。
0x010000520002208C,309,327,Rizia/Turn 3/A_VisitToMontaklar,Player_Romus,en,「続きは、アザロ女公爵。」
0x0100005200022093,309,328,Rizia/Turn 3/A_VisitToMontaklar,Player_Romus,en,「危なかっただね。我々の間に何か不適切なことがあると思われては困る。」
0x010000520002209A,309,329,Rizia/Turn 3/A_VisitToMontaklar,Lucita Azaro,en,「もちろんです、陛下。」
0x01000052000220A2,309,330,Rizia/Turn 3/A_VisitToMontaklar,Narrator,en,彼女は私に恥じらいがちな笑顔を向けてくれた。
0x01000052000220A9,309,331,Rizia/Turn 3/A_VisitToMontaklar,Lucita Azaro,en,「そのように願っております、陛下。」
0x01000052000220B6,309,333,Rizia/Turn 3/A_VisitToMontaklar,Player_Romus,en,「正直なところ、近衛兵にお金を払っている意味など何があるのだろうか？」
0x01000052000220BD,309,334,Rizia/Turn 3/A_VisitToMontaklar,Lucita Azaro,en,「陛下、それは私が言ったのではなく、あなた様がおっしゃったことです。」
0x01000052000220C4,309,335,Rizia/Turn 3/A_VisitToMontaklar,Narrator,en,我々が要塞を出るとき、彼女の顔にはかすかな笑みが浮かんでいた。
0x01000052000220D8,309,337,Rizia/Turn 3/A_VisitToMontaklar,Lucita Azaro,en,「それがそんなに驚くことですか？リジアの王から何かを求める者は誰もがいるのです。」
0x010000520002211F,309,338,Rizia/Turn 3/A_VisitToMontaklar,Lucita Azaro,en,「私が願うのは、評議会のような煩わしい儀礼を経ずに陛下と直接お話しする機会だけです。」
0x0100005200022126,309,339,Rizia/Turn 3/A_VisitToMontaklar,Player_Romus,en,「そのお願いは却下された、アザロ女公爵。」
0x010000520002212E,309,340,Rizia/Turn 3/A_VisitToMontaklar,Player_Romus,en,「それなら十分理にかなっている。では、どうぞ。」
0x0100005200028DC6,309,343,Rizia/Turn 3/A_VisitToMontaklar,Narrator,en,ルシータは唇をかんだ。いつもと違って緊張しているようだった。
0x0100005200028DCD,309,344,Rizia/Turn 3/A_VisitToMontaklar,Narrator,en,彼女は微笑んでいたが、その目にはわずかな失望の色が見て取れた。
0x0100005200028DD4,309,345,Rizia/Turn 3/A_VisitToMontaklar,Player_Romus,en,「特別な扱いを望んでおられたのか？」
0x0100005200028DDB,309,346,Rizia/Turn 3/A_VisitToMontaklar,Player_Romus,en,「あなたが自分の考えを遠慮なく口にする姿勢こそ、私の顧問団にとって極めて貴重な存在である理由だ。」
0x0100005200028DE1,309,347,Rizia/Turn 3/A_VisitToMontaklar,Lucita Azaro,en,「いえ、そんなことはありません。他の者たちに対して不公平でしょう。」
0x0100005200028DE9,309,348,Rizia/Turn 3/A_VisitToMontaklar,Player_Romus,en,「私はあなたのことをもっと知りたい。自分のことを話してくれ。」
0x0100005200028DF0,309,349,Rizia/Turn 3/A_VisitToMontaklar,Lucita Azaro,en,「そのお言葉を聞けて光栄です、陛下。」
0x0100005200028DF7,309,350,Rizia/Turn 3/A_VisitToMontaklar,Narrator,en,彼女は周囲の山々を見つめた後、再び私の方を向いた。
0x0100005200028DFF,309,351,Rizia/Turn 3/A_VisitToMontaklar,Lucita Azaro,en,「では、率直な意見を申し上げるということでございますが。」
0x0100005200028E07,309,352,Rizia/Turn 3/A_VisitToMontaklar,Lucita Azaro,en,「私のことですか？」
0x0100005200028E0E,309,353,Rizia/Turn 3/A_VisitToMontaklar,Narrator,en,彼女は言葉を探しているようだった。
0x0100005200028E15,309,354,Rizia/Turn 3/A_VisitToMontaklar,Lucita Azaro,en,「それは陛下のご意向次第です。何をお知りになりたいのでしょうか？」
0x0100005200028E22,309,356,Rizia/Turn 3/A_VisitToMontaklar,Lucita Azaro,en,「陛下、心よりお詫び申し上げます。ご迷惑をおかけするつもりはございませんでした。」
0x0100005200028E2A,309,357,Rizia/Turn 3/A_VisitToMontaklar,Narrator,en,彼女は自分を抑えることができず、苛立ちのためにため息をついてしまった。その声を咳払いに見せかけようとした。
0x0100005200028E41,309,361,Rizia/Turn 3/A_VisitToMontaklar,Lucita Azaro,en,「いえ？」
0x0100005200028E4E,309,365,Rizia/Turn 3/A_VisitToMontaklar,Lucita Azaro,en,「私の部門に追加の資金をご割り当ていただいたのは、陛下が私を信頼してくださっている証だと思っておりました。」
0x0100005200028E60,309,372,Rizia/Turn 3/A_VisitToMontaklar,Player_Romus,en,「それからだが、私のことで知りたいことはあるか？」
0x0100005200028E6E,309,373,Rizia/Turn 3/A_VisitToMontaklar,Player_Romus,en,「ああ、満たされた。では、私に何をお話しになりたかったのか？」
0x0100005200028E75,309,374,Rizia/Turn 3/A_VisitToMontaklar,Lucita Azaro,en,「こちらにいるついでですが……陛下、ご存知いただくべきことが一つあります。」
0x0100005200028E7D,309,375,Rizia/Turn 3/A_VisitToMontaklar,Lucita Azaro,en,「そうおっしゃられると……」
0x0100005200028E84,309,376,Rizia/Turn 3/A_VisitToMontaklar,Narrator,en,彼女は私の目をまっすぐ見つめた。
0x0100005200028E8B,309,377,Rizia/Turn 3/A_VisitToMontaklar,Lucita Azaro,en,「陛下、報いは必ず訪れます。では陛下ご自身はなぜ結婚されていないのですか？」
0x0100005200028E92,309,378,Rizia/Turn 3/A_VisitToMontaklar,Player_Romus,en,「再びあんなに深く誰かを愛して、結局その人を失うかもしれないと思うだけで、私は恐怖でいっぱいだ。」
0x0100005200028E99,309,379,Rizia/Turn 3/A_VisitToMontaklar,Player_Romus,en,「私はすでに愛のない結婚生活を送ってきた。もう一度同じような結婚はしない。」
0x0100005200028EA6,309,383,Rizia/Turn 3/A_VisitToMontaklar,Player_Romus,en,「それは極めて不適切な質問だ。私は答えることを拒否する。」
0x0100005200028EAD,309,384,Rizia/Turn 3/A_VisitToMontaklar,Player_Romus,en,「王族である私にとって、恋愛など簡単なものではない。本当に自分を愛してくれている者か、ただ富や権力を狙っているだけの者かなど、決して見極められないのだ。」
0x0100005200028EB4,309,385,Rizia/Turn 3/A_VisitToMontaklar,Player_Romus,en,「私にふさわしい女性をまだ探しているところだ。」
0x0100005200028EBB,309,386,Rizia/Turn 3/A_VisitToMontaklar,Lucita Azaro,en,「よく理解しております。ですから我々貴族が互いに結婚するのが最も安全なのです。」
0x0100005200028EC2,309,387,Rizia/Turn 3/A_VisitToMontaklar,Lucita Azaro,en,「どうしてそれが恋愛のない結婚になると思われるのですか？」
0x0100005200028EC8,309,388,Rizia/Turn 3/A_VisitToMontaklar,Lucita Azaro,en,「恋に落ちるというのは戦いに出るようなものです。相手がどのような存在かを理解し、それに応じて自分を守らなければなりません。」
0x0100005200028ECF,309,389,Rizia/Turn 3/A_VisitToMontaklar,Lucita Azaro,en,「はっ。どの男も自分は扱いにくいと思っているものですが、魅力的な女性を前にするとすぐに軟弱な姿になってしまう――」
0x0100005200028ED5,309,390,Rizia/Turn 3/A_VisitToMontaklar,Narrator,en,ルシータは一歩後ずさった。
0x0100005200028EE5,309,392,Rizia/Turn 3/A_VisitToMontaklar,Lucita Azaro,en,「やはり、我々は対等ではないのですね。」
0x0100005200028EEE,309,393,Rizia/Turn 3/A_VisitToMontaklar,Narrator,en,私は我に返った。
0x0100005200028EF4,309,394,Rizia/Turn 3/A_VisitToMontaklar,Lucita Azaro,en,「では、早速本題に入りましょう。」
0x0100005200028F00,309,396,Rizia/Turn 3/A_VisitToMontaklar,Player_Romus,en,「今はそれが分かった。次回はもっとしっかり防御する。」
0x0100005200028F09,309,397,Rizia/Turn 3/A_VisitToMontaklar,Lucita Azaro,en,「陛下、私の不遜な振る舞いをお許しください。」
0x0100005200028F10,309,398,Rizia/Turn 3/A_VisitToMontaklar,Player_Romus,en,「……王家の宝珠か？」
0x0100005200028F16,309,399,Rizia/Turn 3/A_VisitToMontaklar,Narrator,en,私と彼女は長い間、お互いの顔を見つめ合っていた。
0x0100005200028F23,309,401,Rizia/Turn 3/A_VisitToMontaklar,Lucita Azaro,en,「私の資金要請を拒否されたことは、陛下が私を信頼していない証拠だったのでしょう。」
0x0100005200028F29,309,402,Rizia/Turn 3/A_VisitToMontaklar,Player_Romus,en,「それは誠意の表れに過ぎない。成果が出た時こそ、私はあなたを信頼する。」
0x0100005200028F30,309,403,Rizia/Turn 3/A_VisitToMontaklar,Player_Romus,en,「私はあなたの能力を信頼している。ただ、個人的にあなたを信用するかどうかはまだ決めていないのだ。」
0x0100005200028F37,309,404,Rizia/Turn 3/A_VisitToMontaklar,Player_Romus,en,「女公爵、私は単に現実的に対応したまでだ。ジルが爆撃を受けたので、調査するのは当然のことだった。」
0x0100005200028F3F,309,405,Rizia/Turn 3/A_VisitToMontaklar,Player_Romus,en,「それは信頼とは何の関係もない。引き渡し期限が迫る今、ヴェーレンを怒らせたくなかったのだ。」
0x0100005200028F46,309,406,Rizia/Turn 3/A_VisitToMontaklar,Lucita Azaro,en,「ええと……これなら陛下のお考えが変わるかもしれません。」
0x0100005200028F4D,309,407,Rizia/Turn 3/A_VisitToMontaklar,Narrator,en,我々は要塞の南側壁の日陰にある小さな草地にやって来た。ルシータが私に座るよう合図した。
0x0100005200028F59,309,409,Rizia/Turn 3/A_VisitToMontaklar,Lucita Azaro,en,「陛下、他に選択肢があったはずですのに、私を選んでくださった。それには何か意味があるのだと信じたいのです。」
0x0100005200028F5F,309,410,Rizia/Turn 3/A_VisitToMontaklar,Lucita Azaro,en,「必ずそういたします、陛下。」
0x0100005200028F66,309,411,Rizia/Turn 3/A_VisitToMontaklar,Lucita Azaro,en,「その間に……もう一つ、陛下にお伝えしたいことがあります。」
0x0100005200028F6E,309,412,Rizia/Turn 3/A_VisitToMontaklar,Player_Romus,en,「ああ、おそらくそうであっただろう。」
0x0100005200028F75,309,413,Rizia/Turn 3/A_VisitToMontaklar,Player_Romus,en,「もう十分だ、女公爵。あなたは私の顧問として助言を与えるためにここにいるのであり、不満を述べるためではない。」
0x0100005200028F7D,309,414,Rizia/Turn 3/A_VisitToMontaklar,Lucita Azaro,en,「その通りでございます、陛下。申し訳ありません。」
0x0100005200028F84,309,415,Rizia/Turn 3/A_VisitToMontaklar,Lucita Azaro,en,「導きに関する件ですが……陛下、ご存知いただくべきことがあります。」
0x0100005200028F8C,309,416,Rizia/Turn 3/A_VisitToMontaklar,Lucita Azaro,en,「謹んで申し上げますと、ヴェーレンはその期限を守るつもりのようには見えません。少し刺激を与えてやっても構わないでしょう。」
0x0100005200028F97,309,420,Rizia/Turn 3/A_VisitToMontaklar,Player_Romus,en,「個人的に気にしないでくれ。ティトゥスの方がより説得力のある主張をしたから。」
0x0100005200028F9E,309,421,Rizia/Turn 3/A_VisitToMontaklar,Player_Romus,en,「あなたが気にすることはない。私としては、提案された調査はどちらも時間とお金の無駄だと思っていたのだ。」
0x0100005200028FA5,309,422,Rizia/Turn 3/A_VisitToMontaklar,Lucita Azaro,en,「ジルの引き渡し期限がもうすぐ来ることをお忘れなきように。せめて一つでも調査を行えば、その手続きを早めることができたかもしれません。」
0x0100005200028FAB,309,423,Rizia/Turn 3/A_VisitToMontaklar,Lucita Azaro,en,「そうですな。唯一の資格が殴られる力だけという男です。」
0x0100005200028FB2,309,424,Rizia/Turn 3/A_VisitToMontaklar,Narrator,en,彼女は腕を組んだまま、しばらく何も言わなかった。我々二人はそのまま歩き続けた。
0x0100005200028FB9,309,425,Rizia/Turn 3/A_VisitToMontaklar,Lucita Azaro,en,「こちらにいる間に……陛下が知っておくべきことがあります。」
0x0100005200028FC4,309,426,Rizia/Turn 3/A_VisitToMontaklar,Lucita Azaro,en,「とはいえ……陛下、知っておくべきことがあります。」
0x0100005200028FCC,309,427,Rizia/Turn 3/A_VisitToMontaklar,Lucita Azaro,en,「陛下、ヴェーレンのことはさておき……陛下が知っておくべきことがあります。」
0x0100005200028FD4,309,428,Rizia/Turn 3/A_VisitToMontaklar,Lucita Azaro,en,「近衛兵のことはさておき……陛下、ご存知でないべきことがあります。」
0x0100005200028FDD,309,429,Rizia/Turn 3/A_VisitToMontaklar,Lucita Azaro,en,「しかし、ジルの件はさておき……陛下、ご存知いただくべきことがあります。」
0x0100005200028FE6,309,430,Rizia/Turn 3/A_VisitToMontaklar,Lucita Azaro,en,「私が王室評議会において父の後を継いだ時、父は自身の古い記録類の山を私に託してくれました。」
0x0100005200028FED,309,431,Rizia/Turn 3/A_VisitToMontaklar,Lucita Azaro,en,「通常の購入注文書や内部治安報告書の間に、これを見つけました。」
0x0100005200028FF4,309,432,Rizia/Turn 3/A_VisitToMontaklar,Narrator,en,彼女はポケットに手を入れて、薄い四角い紙を取り出した。
0x0100005200028FFB,309,433,Rizia/Turn 3/A_VisitToMontaklar,Narrator,en,その紙にはパレスの地図が描かれていた。大公国の輪郭の上には矢印や戦車・部隊の図、そして急いで書き加えられた指示文が記されていた。その中には私の父親の筆跡で書かれたものもあった。
0x0100005200029009,309,434,Rizia/Turn 3/A_VisitToMontaklar,Lucita Azaro,en,「日付をご覧ください。1949年です。」
0x0100005200029010,309,435,Rizia/Turn 3/A_VisitToMontaklar,Player_Romus,en,「彼らが再びパレスに対する攻撃を企てていたとは。驚くにはあたらないね。」
0x010000520002901D,309,439,Rizia/Turn 3/A_VisitToMontaklar,Player_Romus,en,「これは決してうまくいかなかった。1920年代から軍が依然として弱体化した状態では無理なのだ。」
0x0100005200029024,309,440,Rizia/Turn 3/A_VisitToMontaklar,Player_Romus,en,「私にとっては全く意味の分からない戯言だ。」
0x010000520002902B,309,441,Rizia/Turn 3/A_VisitToMontaklar,Player_Romus,en,「情けない。哀れで妄想に囚われた二人の老人の仕事に過ぎぬ。」
0x0100005200029032,309,442,Rizia/Turn 3/A_VisitToMontaklar,Player_Romus,en,「興味深いね。なぜ父上は私にこれについて何も話してくださらなかったのだろうか？」
0x0100005200029038,309,443,Rizia/Turn 3/A_VisitToMontaklar,Lucita Azaro,en,「もしこの企みが実行されていたなら、完全な敗北に終わっていただろう。」
0x010000520002903F,309,444,Rizia/Turn 3/A_VisitToMontaklar,Lucita Azaro,en,「ヴァレロ王に全ての栄光を。ですが、この計画が実行される前に陛下が亡くなられたのは幸運でした。」
0x0100005200029046,309,445,Rizia/Turn 3/A_VisitToMontaklar,Lucita Azaro,en,「まったくその通りでございます。」
0x010000520002904E,309,446,Rizia/Turn 3/A_VisitToMontaklar,Lucita Azaro,en,「それはパレスを再び取り戻すための計画です。少なくとも当時の軍力では無駄な試みに終わっただろう計画です。」
0x0100005200029056,309,447,Rizia/Turn 3/A_VisitToMontaklar,Lucita Azaro,en,「これらの指示の中には実に優れたものもあります。ですが、当時の軍隊では無駄に終わっていただろう。」
0x0100005200029065,309,451,Rizia/Turn 3/A_VisitToMontaklar,Lucita Azaro,en,「おそらく、陛下がラインハルト大公に報告すると思ったのでしょう。」
0x010000520002906C,309,452,Rizia/Turn 3/A_VisitToMontaklar,Lucita Azaro,en,「陛下、彼が亡くなった時点ではまだ完成していない段階だったのでしょう。」
0x0100005200029073,309,453,Rizia/Turn 3/A_VisitToMontaklar,Lucita Azaro,en,「この計画は、少なくとも当時の軍力では、完全な敗北に終わっていただろう。」
0x010000520002907C,309,454,Rizia/Turn 3/A_VisitToMontaklar,Player_Romus,en,「どうして私の父上の死を幸運な出来事だと言い放つことができるのか？生きたまま皮を剥ぐべきだね。」
0x010000520002908D,309,458,Rizia/Turn 3/A_VisitToMontaklar,Player_Romus,en,「もしかすると、彼を殺した者はこの計画について知っていたのだろうか？」
0x0100005200029094,309,459,Rizia/Turn 3/A_VisitToMontaklar,Player_Romus,en,「残念ながらその通りだ。これ以上兵士たちを死に追いやるより、彼が亡くなった方がましだったのだ。」
0x01000052000290A0,309,461,Rizia/Turn 3/A_VisitToMontaklar,Player_Romus,en,「おそらく彼はそれを実行するつもりはなかったのだろう。私にやってほしかったのかもしれない。」
0x01000052000290A6,309,462,Rizia/Turn 3/A_VisitToMontaklar,Lucita Azaro,en,「もし彼が殺害されたのであれば、それが動機となった可能性はありますね。」
0x01000052000290AE,309,463,Rizia/Turn 3/A_VisitToMontaklar,Narrator,en,彼女は顔をしかめた。
0x01000052000290B5,309,464,Rizia/Turn 3/A_VisitToMontaklar,Lucita Azaro,en,「あるいは、それが決してうまくいかないと気づいた時に計画は中止されたのでしょう。」
0x01000052000290BC,309,465,Rizia/Turn 3/A_VisitToMontaklar,Lucita Azaro,en,「もし彼があなたの疑うように殺害されたのであれば……それが動機となり得ます。」
0x01000052000290C9,309,469,Rizia/Turn 3/A_VisitToMontaklar,Lucita Azaro,en,「それに、もしかすると彼らは最初からこの計画を実行するつもりなどなかったのかもしれません。単なる空想に過ぎなかったのかもしれないのです。」
0x01000052000290D0,309,470,Rizia/Turn 3/A_VisitToMontaklar,Lucita Azaro,en,「私――申し訳ありません。決してそのような意味で言ったつもりはございませんでした。」
0x01000052000290D7,309,471,Rizia/Turn 3/A_VisitToMontaklar,Lucita Azaro,en,「おそらく、彼も元々これを実行するつもりなどなかったのでしょう。」
0x01000052000290DE,309,472,Rizia/Turn 3/A_VisitToMontaklar,Player_Romus,en,「私の最期の願いは、失われた土地を取り戻すことだった。彼を裏切るわけにはいかない。」
0x01000052000290E9,309,473,Rizia/Turn 3/A_VisitToMontaklar,Player_Romus,en,「なぜこんなものが存在するのか、私には理解できない。リジアがなぜパレスを再征服しなければならないのだろうか？」
0x01000052000290FA,309,477,Rizia/Turn 3/A_VisitToMontaklar,Player_Romus,en,「その計画は意味すらありません。私は失地回復戦争を支持したが……今になって？何年も経った後に？」
0x0100005200029101,309,478,Rizia/Turn 3/A_VisitToMontaklar,Player_Romus,en,「彼らがなぜこれを作成したのか、私にも理解できる。私もまた、パレスを取り戻すことを決して諦めたことはない。」
0x0100005200029108,309,479,Rizia/Turn 3/A_VisitToMontaklar,Player_Romus,en,「20年代にパレスを再征服するのは時期が良くなかった。だが今なら…」
0x0100005200029115,309,483,Rizia/Turn 3/A_VisitToMontaklar,Player_Romus,en,「私の最期の願いは、失われた土地を取り戻すことだった。だが私は征服者ではない。」
0x010000520002911C,309,484,Rizia/Turn 3/A_VisitToMontaklar,Lucita Azaro,en,「陛下、あなたもですか？」
0x0100005200029122,309,485,Rizia/Turn 3/A_VisitToMontaklar,Narrator,en,ルシータは首を振った。
0x010000520002912B,309,486,Rizia/Turn 3/A_VisitToMontaklar,Lucita Azaro,en,「もちろん、私の一族は反対するでしょう。我が領地は何世紀にもわたる恨みから海へのアクセスを失ったことを未だに乗り越えられていないのです。」
0x0100005200029138,309,487,Rizia/Turn 3/A_VisitToMontaklar,Lucita Azaro,en,「陛下、そして私の領地のほとんどの人々も同様です。アザロ家は海へのアクセスを失ったことを今でも忘れられていないのです。」
0x0100005200029141,309,488,Rizia/Turn 3/A_VisitToMontaklar,Lucita Azaro,en,「それは時代遅れの考え方です。何世紀にもわたる恨みを理由に他国の領土を侵略するなどということです。」
0x010000520002914B,309,489,Rizia/Turn 3/A_VisitToMontaklar,Lucita Azaro,en,「はい、陛下の即位演説は拝聴しました。」
0x0100005200029153,309,490,Rizia/Turn 3/A_VisitToMontaklar,Lucita Azaro,en,「ですが、パレスを取り戻すことに何の意義も見出せません。少なくとも、歴史的な理由からは。」
0x010000520002915A,309,491,Rizia/Turn 3/A_VisitToMontaklar,Player_Romus,en,「他に何か理由があるとおっしゃるのか？」
0x0100005200029161,309,492,Rizia/Turn 3/A_VisitToMontaklar,Player_Romus,en,「女公爵、あなたのご判断を信頼している。もし再びパレスと戦争を仕掛けるべきだとお考えになる理由があるのでしたら、ぜひ教えていただきたいのだ。」
0x0100005200029168,309,493,Rizia/Turn 3/A_VisitToMontaklar,Lucita Azaro,en,「もちろん、私の一族も陛下のそばにいます。アザロ家は海へのアクセスを失ったことを今でも忘れていません。」
0x0100005200029173,309,494,Rizia/Turn 3/A_VisitToMontaklar,Lucita Azaro,en,「私の一族ももちろん陛下と共にいるでしょう。アザロ家は海へのアクセスを失ったことを今でも忘れていません。」
0x010000520002917B,309,495,Rizia/Turn 3/A_VisitToMontaklar,Player_Romus,en,「嘘をついている。あなたもご家族の他の者と同じように復讐を渇望しているのだ。」
0x0100005200029181,309,496,Rizia/Turn 3/A_VisitToMontaklar,Narrator,en,彼女は視線をそらした。
0x0100005200029188,309,497,Rizia/Turn 3/A_VisitToMontaklar,Lucita Azaro,en,「私は過剰に警戒しているように聞こえたくありません。」
0x0100005200029191,309,498,Rizia/Turn 3/A_VisitToMontaklar,Lucita Azaro,en,「陛下、私は現実主義者です。私の世界観において復讐に場所はありません。」
0x0100005200029198,309,499,Rizia/Turn 3/A_VisitToMontaklar,Lucita Azaro,en,「そう言った上で……」
0x010000520002919E,309,500,Rizia/Turn 3/A_VisitToMontaklar,Lucita Azaro,en,「アトーにレスピアがいて、モレラもヴァルグスランドやコンタナ条約機構に近づいている今、隣国が超大国間の衝突に飲み込まれてしまうのではないかと心配になります。」
0x01000052000291A7,309,501,Rizia/Turn 3/A_VisitToMontaklar,Lucita Azaro,en,「アルカシア条約機構にレスピアがいて、モレラがヴァルグスランドやコンタナ条約機構に近づいている今、我々の隣国が超大国間の対立に飲み込まれてしまうのではないかと心配になります。」
0x01000052000291AD,309,502,Rizia/Turn 3/A_VisitToMontaklar,Player_Romus,en,「そんなの馬鹿げている。たかが些細な狭い土地に過ぎないのだ。」
0x01000052000291BC,309,503,Rizia/Turn 3/A_VisitToMontaklar,Player_Romus,en,「あなたが何を言いたいのか、私にはよくわからない。」
0x01000052000291CA,309,504,Rizia/Turn 3/A_VisitToMontaklar,Player_Romus,en,「ふむ、それはもっともな懸念だね。」
0x01000052000291FA,309,505,Rizia/Turn 3/A_VisitToMontaklar,Lucita Azaro,en,「1930年代のヴェーレンに何が起こったかご覧ください。アルカシアとコンタナ連邦は、その石油を手に入れようと急ぎ、間接的にほとんど破壊してしまったのです。」
0x0100005200029203,309,506,Rizia/Turn 3/A_VisitToMontaklar,Lucita Azaro,en,「今やパレスは、それよりもさらに価値の高い資源を抱えているかもしれません...」
0x010000520002920A,309,507,Rizia/Turn 3/A_VisitToMontaklar,Player_Romus,en,「レスピアがパレスと関与しているのは明らかだ。しかし、コンタナ条約機構がそれを狙っているような兆候はまだ見当たらない。」
0x0100005200029211,309,508,Rizia/Turn 3/A_VisitToMontaklar,Player_Romus,en,「つまり、パレスをそのために征服すべきだとお考えなのだね。」
0x010000520002921D,309,509,Rizia/Turn 3/A_VisitToMontaklar,Player_Romus,en,「女公爵、あなたは私の安全保障顧問だ。地政学に関わってほしくないのだ。」
0x0100005200029223,309,510,Rizia/Turn 3/A_VisitToMontaklar,Player_Romus,en,「あなたが私の顧問としてついてくれて嬉しい。あなたの強硬派の父親ではなくて。」
0x010000520002922A,309,511,Rizia/Turn 3/A_VisitToMontaklar,Narrator,en,彼女はわずかに顔色を失った。
0x0100005200029231,309,512,Rizia/Turn 3/A_VisitToMontaklar,Lucita Azaro,en,「私の父は別の世代の人間です。巧妙な手段ではなく、力ずくで争いを解決するような世代です。」
0x0100005200029238,309,513,Rizia/Turn 3/A_VisitToMontaklar,Lucita Azaro,en,「確かに、パレスについても私は懸念を抱いているのが事実です。」
0x0100005200029241,309,514,Rizia/Turn 3/A_VisitToMontaklar,Lucita Azaro,en,「『征服』なんて、とても古風な言葉ですね。」
0x0100005200029249,309,515,Rizia/Turn 3/A_VisitToMontaklar,Lucita Azaro,en,「これは安全保障上の問題でございます、陛下。」
0x010000520002924F,309,516,Rizia/Turn 3/A_VisitToMontaklar,Lucita Azaro,en,「まだです。しかしモレラがヴァルグスランドに近づいてくるにつれ、彼らも自分たちの領土を奪還しようと大胆な行動に出るかもしれません。」
0x0100005200029257,309,517,Rizia/Turn 3/A_VisitToMontaklar,Lucita Azaro,en,「それはチェスの対局のようなものです。時には手遅れになる前に盤上から特定の駒を取り除く方が最善だということです。」
0x010000520002925E,309,518,Rizia/Turn 3/A_VisitToMontaklar,Player_Romus,en,「それはパレスの資源ではない。我々のものだ。」
0x0100005200029265,309,519,Rizia/Turn 3/A_VisitToMontaklar,Lucita Azaro,en,「少なくともその一部はパレスのものです。研究者たちがそう断定しています。」
0x010000520002926B,309,520,Rizia/Turn 3/A_VisitToMontaklar,Player_Romus,en,「それがどうしてリジアに関係するのか？」
0x0100005200029272,309,521,Rizia/Turn 3/A_VisitToMontaklar,Lucita Azaro,en,「陛下、ヴェーレン内戦は核兵器が開発される前に起こったものです。今日の超大国間の衝突では、はるかに広範囲にわたる被害が生じる可能性があります。」
0x010000520002927B,309,522,Rizia/Turn 3/A_VisitToMontaklar,Lucita Azaro,en,「それは、再びパレスを攻撃すべきだと私が思っているという意味ではありません。外交によって彼らを我々の側に引き入れる方が、より効果的な戦略でしょう。」
0x0100005200029291,309,523,Rizia/Turn 3/A_VisitToMontaklar,Player_Romus,en,「それは承知している。私も最初から外交を重視してきたのだ。」
0x01000052000292A4,309,527,Rizia/Turn 3/A_VisitToMontaklar,Player_Romus,en,「私の参謀たちは外交を行うよう強く勧めてくる。さて、すべてを聞いた。」
0x01000052000292AB,309,528,Rizia/Turn 3/A_VisitToMontaklar,Lucita Azaro,en,「戦争というのは最後の手段であるべきです、陛下。陛下や私の父上が言われることとは正反対です。」
0x01000052000292B2,309,529,Rizia/Turn 3/A_VisitToMontaklar,Lucita Azaro,en,「もし新たなガス田を巡って争いが起きれば、方針を貫くのがより困難になるかもしれません。」
0x01000052000292C0,309,530,Rizia/Turn 3/A_VisitToMontaklar,Player_Romus,en,「外交的な試みだけでは限界がある。いずれは力による手段も必要になるだろう。」
0x01000052000292C7,309,531,Rizia/Turn 3/A_VisitToMontaklar,Lucita Azaro,en,「陛下、その通りかもしれません。ですが、先に攻撃を仕掛けるべきではありません。」
0x010000520002928A,309,532,Rizia/Turn 3/A_VisitToMontaklar,Player_Romus,en,「私は同意しない。パレスを再び奪還することが最善の策である理由が、これでさらに一つ増えたのだ。」
0x01000052000292B9,309,533,Rizia/Turn 3/A_VisitToMontaklar,Lucita Azaro,en,「陛下、私にはあなた様に反論する資格はございません。ですが、慎重さをお勧めいたします。」
0x01000052000292D6,309,534,Rizia/Turn 3/A_VisitToMontaklar,Player_Romus,en,「いや、あなたの言う通りだ。美しい女性は私の弱点だ。」
0x01000052000292E8,309,536,Rizia/Turn 3/A_VisitToMontaklar,Player_Romus,en,「そういうものではない。自分の一部を抑え込んでいては、恋に落ちることなどできないのだ。」
0x01000052000292EF,309,537,Rizia/Turn 3/A_VisitToMontaklar,Player_Romus,en,「愛についての議論はあまり興味がない。ガルミッシュ宣言については、あなたはどう思うか？」
0x01000052000292F6,309,538,Rizia/Turn 3/A_VisitToMontaklar,Narrator,en,彼女は笑った。
0x01000052000292FD,309,539,Rizia/Turn 3/A_VisitToMontaklar,Lucita Azaro,en,「その通りです。」
0x0100005200029304,309,540,Rizia/Turn 3/A_VisitToMontaklar,Lucita Azaro,en,「恋人に自分の全てを捧げると、相手はあなたに対して絶対的な力を持つことになります。私は誰にも自分を屈服させるつもりはありません。」
0x010000520002930B,309,541,Rizia/Turn 3/A_VisitToMontaklar,Lucita Azaro,en,「近衛兵に命じて、陛下のお心の周りに防壁を構えさせてください。」
0x0100005200029312,309,542,Rizia/Turn 3/A_VisitToMontaklar,Narrator,en,私は自分の冗談に静かに笑った。
0x0100005200029319,309,543,Rizia/Turn 3/A_VisitToMontaklar,Narrator,en,彼女の口元が微かに痙攣した。
0x0100005200029320,309,544,Rizia/Turn 3/A_VisitToMontaklar,Lucita Azaro,en,「もちろん、陛下を除いてはです。」
0x0100005200029326,309,545,Rizia/Turn 3/A_VisitToMontaklar,Narrator,en,彼女はまばたきもしなかった。
0x010000520002932D,309,546,Rizia/Turn 3/A_VisitToMontaklar,Lucita Azaro,en,「彼らは秩序と階層という神聖さを、空虚な平等主義の幻想で置き換えようとしている。彼らの指導者であるハルヴォルスダティルは、任期が終わるまで耐え続けることはないだろう。」
0x0100005200029339,309,548,Rizia/Turn 3/A_VisitToMontaklar,Player_Romus,en,「王族同士の結婚というのは政治的な取り決めに過ぎない。愛情などほとんど関係してこないのだ。」
0x0100005200029341,309,549,Rizia/Turn 3/A_VisitToMontaklar,Player_Romus,en,「これまで一度も女性を愛したことがない。そんなことにはならないと思う。」
0x0100005200029348,309,550,Rizia/Turn 3/A_VisitToMontaklar,Lucita Azaro,en,「どうせ遅すぎるということはないのですよね？」
0x0100005200029354,309,551,Rizia/Turn 3/A_VisitToMontaklar,Lucita Azaro,en,「陛下、どうなるかは分かりません。運が良ければいいこともありますよ。」
0x0100005200029360,309,553,Rizia/Turn 3/A_VisitToMontaklar,Narrator,en,彼女は微笑んだ。
0x0100005200029368,309,554,Rizia/Turn 3/A_VisitToMontaklar,Lucita Azaro,en,「ですが、私が話したかったことに移りましょう。」
0x0100005200029373,309,555,Rizia/Turn 3/A_VisitToMontaklar,Lucita Azaro,en,「これから、私が話したかったことに移りましょう。」
0x0100005200029381,309,557,Rizia/Turn 3/A_VisitToMontaklar,Player_Romus,en,「実のところ、私は知的な魅力の方が容姿よりもはるかに魅力的だと思っている。」
0x0100005200029388,309,558,Rizia/Turn 3/A_VisitToMontaklar,Narrator,en,彼女は意味ありげに微笑んだ。
0x010000520002938F,309,559,Rizia/Turn 3/A_VisitToMontaklar,Lucita Azaro,en,「では、誰かに利用される前に早く再婚なさった方がよろしいでしょう。」
0x0100005200029397,309,560,Rizia/Turn 3/A_VisitToMontaklar,Narrator,en,彼女は丁寧に微笑んだ。
0x010000520002939E,309,561,Rizia/Turn 3/A_VisitToMontaklar,Lucita Azaro,en,「陛下、そうであられることは間違いありません。」
0x01000052000293A9,309,562,Rizia/Turn 3/A_VisitToMontaklar,Player_Romus,en,「とんでもない、女公爵。あなたは依然として私にとって解き明かせない謎のままだ。」
0x01000052000293B5,309,564,Rizia/Turn 3/A_VisitToMontaklar,Narrator,en,彼女は微笑んだ。
0x01000052000293BC,309,565,Rizia/Turn 3/A_VisitToMontaklar,Lucita Azaro,en,「陛下、ご心配なく。これからもっと学ぶ機会はたくさんございます。」
0x01000052000293C4,309,566,Rizia/Turn 3/A_VisitToMontaklar,Lucita Azaro,en,「陛下、もし私にそうしてほしいのであれば、状況をより密接に監視するために部隊をパレスに派遣することも可能です。」
0x01000052000293D6,309,567,Rizia/Turn 3/A_VisitToMontaklar,Player_Romus,en,「ご提案いただき、ありがとう。しかし、そのような行動は攻撃的なものと誤解される恐れがある。」
0x01000052000293DF,309,568,Rizia/Turn 3/A_VisitToMontaklar,Player_Romus,en,「それは賢明なご判断だ。必要なことを行ってくれ。」
0x01000052000293DF,309,568,Rizia/Turn 3/A_VisitToMontaklar,Player_Romus,Menu Text en,「その通りだ。必要なことを行ってくれ。」［予算-1］
0x01000052000293E7,309,569,Rizia/Turn 3/A_VisitToMontaklar,Player_Romus,en,「いや、現時点では我が国のすべての情報収集能力をジル事件に集中させたいのだ。」
0x01000052000293F6,309,570,Rizia/Turn 3/A_VisitToMontaklar,Lucita Azaro,en,「その案は侵略と誤解されないようにするためのものですね。しかし、理解しました。」
0x01000052000293FD,309,571,Rizia/Turn 3/A_VisitToMontaklar,Player_Romus,en,「私は謹んでお断りする。現在、我が国の国内治安がより緊急な課題となっている。」
0x0100005200029406,309,572,Rizia/Turn 3/A_VisitToMontaklar,Lucita Azaro,en,「ありがとうございます、陛下。」
0x010000520002940D,309,573,Rizia/Turn 3/A_VisitToMontaklar,Lucita Azaro,en,「承知いたしました。今後はその件に集中して取り組みます。」
0x0100005200029414,309,574,Rizia/Turn 3/A_VisitToMontaklar,Player_Romus,en,「それは賢明なご判断だ。必要なことを行ってくれ。」
0x0100005200029414,309,574,Rizia/Turn 3/A_VisitToMontaklar,Player_Romus,Menu Text en,「それは賢明なご判断だ。必要なことを行ってくれ。」
0x010000520002941C,309,575,Rizia/Turn 3/A_VisitToMontaklar,Lucita Azaro,en,「承知いたしました。今後はその件に集中して取り組みます。」
0x0100005200029423,309,576,Rizia/Turn 3/A_VisitToMontaklar,Narrator,en,彼女は立ち上がり始めた。
0x0100005200029434,309,579,Rizia/Turn 3/A_VisitToMontaklar,Player_Romus,en,「これらすべてを持って私のもとに来てくれたことに感謝している。今後も遠慮なく、あなたの率直な意見を私に伝えてほしい。」
0x010000520002943B,309,580,Rizia/Turn 3/A_VisitToMontaklar,Player_Romus,en,「パレスのその地図は、私が持っていてもよろしいだろうか？」
0x0100005200029442,309,581,Rizia/Turn 3/A_VisitToMontaklar,Lucita Azaro,en,「なぜダメだというのか、私には分からない。」
0x0100005200029449,309,582,Rizia/Turn 3/A_VisitToMontaklar,Narrator,en,彼女はその紙を私に手渡した。私は最後に一度それを見た。
0x0100005200029460,309,588,Rizia/Turn 3/A_VisitToMontaklar,Player_Romus,en,「これを見せてくださってありがとう。だが、今後はこのような問題を必ず評議会で取り上げてもらいたいのだ。誰かに誤解されるのは望まない。」
0x0100005200029467,309,589,Rizia/Turn 3/A_VisitToMontaklar,Player_Romus,en,「その地図は捨てて構わない。私にとって何の役にも立たないから。」
0x010000520002946D,309,590,Rizia/Turn 3/A_VisitToMontaklar,Player_Romus,en,「私はパレスとの衝突を防ぐために全力を尽くす。しかし万が一の場合に備えて……」
0x0100005200029474,309,591,Rizia/Turn 3/A_VisitToMontaklar,Player_Romus,en,「私は先祖たちが始めたことを最後までやり遂げる。たとえそれに私の治世全体を費やすことになっても。」
0x010000520002947B,309,592,Rizia/Turn 3/A_VisitToMontaklar,Player_Romus,en,「これを、弱きヴァレロの愚かさを思い出すための証として大切にしよう。」
0x0100005200029482,309,593,Rizia/Turn 3/A_VisitToMontaklar,Lucita Azaro,en,「もしそのような事態になったら、より良い戦略か、もっと強力な軍隊が必要でしょう。」
0x0100005200029488,309,594,Rizia/Turn 3/A_VisitToMontaklar,Lucita Azaro,en,「その道を進むことにこだわるのであれば、私の一族の助力があります。もちろん、私自身の助力も加わります。」
0x0100005200029490,309,595,Rizia/Turn 3/A_VisitToMontaklar,Lucita Azaro,en,「それに、タデウス・アザロ将軍のものです。」
0x0100005200029497,309,596,Rizia/Turn 3/A_VisitToMontaklar,Lucita Azaro,en,「しかし、軍隊の話で言えば……」
0x01000052000294A1,309,597,Rizia/Turn 3/A_VisitToMontaklar,Lucita Azaro,en,「必ずそう致します。」
0x01000052000294A8,309,598,Rizia/Turn 3/A_VisitToMontaklar,Lucita Azaro,en,「もちろんです、陛下。私が特別扱いを要求するような無礼は致しません。」
0x01000052000294B2,309,599,Rizia/Turn 3/A_VisitToMontaklar,Lucita Azaro,en,「承知いたしました、陛下。それはもっと無謀だった時代の遺物に過ぎません。」
0x01000052000294C0,309,601,Rizia/Turn 3/A_VisitToMontaklar,Player_Romus,en,「なぜ近衛兵たちは介入しなかったのだ？すぐに懲罰を与えるべきだ。」
0x01000052000294C7,309,602,Rizia/Turn 3/A_VisitToMontaklar,Player_Romus,en,「許してくれ。あなたを助けるのが十分に速くなかった。」
0x01000052000294CF,309,603,Rizia/Turn 3/A_VisitToMontaklar,Player_Romus,en,「神様に感謝する、あなたが無事でよかった。」
0x01000052000294D4,309,604,Rizia/Turn 3/A_VisitToMontaklar,Lucita Azaro,en,「陛下、私はあなたのご助力を期待しておりませんでした。」
0x01000052000294E3,309,606,Rizia/Turn 3/A_VisitToMontaklar,Lucita Azaro,en,「それは神のおかげではありません。」
0x01000052000294EA,309,607,Rizia/Turn 3/A_VisitToMontaklar,Lucita Azaro,en,「私の保護を頼れる人は一人しかいません。それは私自身です。」
0x01000052000294F2,309,608,Rizia/Turn 3/A_VisitToMontaklar,Lucita Azaro,en,「陛下、私は彼らの助けを期待していませんでした。」
0x0100005200029501,309,609,Rizia/Turn 3/A_VisitToMontaklar,Player_Romus,en,「それが反乱の目的だった。我々の血筋がもはや我々を特別な存在にしないということを示すためだ。」
0x010000520002950A,309,610,Rizia/Turn 3/A_VisitToMontaklar,Lucita Azaro,en,「私は二度とあのような不意打ちを食らわないために軍に入隊したのです。」
0x0100005200029518,309,612,Rizia/Turn 3/A_VisitToMontaklar,Lucita Azaro,en,「それが私に示したのは、いつでも自分を守る準備が必要だということだけでした。」
0x0100009E000035AF,309,614,Rizia/Turn 3/A_VisitToMontaklar,Lucita Azaro,en,「ありがとうございます、陛下。」
0x0100009E000035CF,309,621,Rizia/Turn 3/A_VisitToMontaklar,Player_Romus,en,「あなたが必要とする助けは、追加の資金なしでも必ず手に入るように私が調整する。あなたは自分のやるべきことを行えばいい。」
0x0100009E000035CF,309,621,Rizia/Turn 3/A_VisitToMontaklar,Player_Romus,Menu Text en,「余が必ず、追加の資金なしで必要な助けを与えよう。やるべきことを行え。」 ［権威-2］
0x0100009E000035DE,309,623,Rizia/Turn 3/A_VisitToMontaklar,Player_Romus,en,「申し訳ないが、余分な資金はございません。」
0x0100009E000035DE,309,623,Rizia/Turn 3/A_VisitToMontaklar,Player_Romus,Menu Text en,「申し訳ないが、余分な資金はございません。」
0x0100009E000035E6,309,624,Rizia/Turn 3/A_VisitToMontaklar,Lucita Azaro,en,「承知した。」
0x0100005200068307,309,633,Rizia/Turn 3/A_VisitToMontaklar,Lucita Azaro,en,「陛下、地方の指導者たちがもはや自分たちの警察力を持っていないことを考えますと……リコルドゥスに特別な恩恵を与えているように思えます。」
0x010000520006830E,309,634,Rizia/Turn 3/A_VisitToMontaklar,Lucita Azaro,en,「省警制度が存在する限り、イザはブレナスから助けを受けているはずです。」
0x010000520006831C,309,636,Rizia/Turn 3/A_VisitToMontaklar,Player_Romus,en,「もしよろしければ、カルデス＝モンタクラルにさらに多くの警察を派遣しても構わない。私は止めない。」
0x0100005200068323,309,637,Rizia/Turn 3/A_VisitToMontaklar,Lucita Azaro,en,「それは問題ではありません。」
0x010000520006832C,309,638,Rizia/Turn 3/A_VisitToMontaklar,Player_Romus,en,「ブレナスは彼を助けないだろう。サゾン家は事実上、彼を嘲笑っているのだ。」
0x0100005200068333,309,639,Rizia/Turn 3/A_VisitToMontaklar,Lucita Azaro,en,「では、我々は彼らを力ずくで従わせるべきです。」
0x010000520006833B,309,640,Rizia/Turn 3/A_VisitToMontaklar,Player_Romus,en,「リコにもう少し時間を与えてくれ。この追加の援軍を使ってもイザを制圧できないのであれば、再び彼らを引き上げさせる。」
0x0100005200068343,309,641,Rizia/Turn 3/A_VisitToMontaklar,Narrator,en,彼女はまだ完全には納得していない様子で頷いた。
0x010000520006834B,309,642,Rizia/Turn 3/A_VisitToMontaklar,Narrator,en,彼女はため息をついた。
0x0100005200068357,309,646,Rizia/Turn 3/A_VisitToMontaklar,Lucita Azaro,en,「陛下、なぜ州税制度を廃止することにされたのか、私には理解できません。」
0x010000520006835E,309,647,Rizia/Turn 3/A_VisitToMontaklar,Player_Romus,en,「この決定ならあなたも喜ぶと思った。完全に中央集権化された軍隊こそ、あなたの直接指揮下に置けるより多くの兵士を意味するからだ。」
0x010000520000A663,309,648,Rizia/Turn 3/A_VisitToMontaklar,Lucita Azaro,en,「陛下、王家に独自の軍隊を持たせるべきではないとお考えになる理由がございますか？」
0x0100005200068366,309,649,Rizia/Turn 3/A_VisitToMontaklar,Player_Romus,en,「私としては、ある家系は信頼できるが、別の家系はそうではないと考えている。しかし、たった一つの州だけで徴兵制を廃止すると、過度な疑念を招くだろう。」
0x010000520006836D,309,650,Rizia/Turn 3/A_VisitToMontaklar,Player_Romus,en,「申し訳ないが、地方軍は陛下の権力にとって潜在的な脅威だった。故に排除せざるを得なかった。」
0x0100005200068373,309,651,Rizia/Turn 3/A_VisitToMontaklar,Lucita Azaro,en,「なるほど……」
0x0100005200068380,309,653,Rizia/Turn 3/A_VisitToMontaklar,Player_Romus,en,「それは厳重に機密扱いされている。あなたとは話し合いたくない。」
0x0100005200068386,309,654,Rizia/Turn 3/A_VisitToMontaklar,Lucita Azaro,en,「そのように感じていただき申し訳ありません。陛下のお父上がアザロ特殊部隊を最も貴重な軍事資産の一つと考えておられたことは存じております。」
0x010000520006838D,309,655,Rizia/Turn 3/A_VisitToMontaklar,Narrator,en,彼女は微かに微笑んだ。
0x0100005200068394,309,656,Rizia/Turn 3/A_VisitToMontaklar,Lucita Azaro,en,「顧問としては光栄に思います。ですが、この地方の女公爵としては疑念を抱かずにはいられません。」
0x01000052000683A1,309,658,Rizia/Turn 3/A_VisitToMontaklar,Lucita Azaro,en,「重要な安全保障に関する事柄を、あなたの安保顧問とは話し合いたくないと。なるほどですね。」
0x01000052000683A8,309,659,Rizia/Turn 3/A_VisitToMontaklar,Lucita Azaro,en,「では、おそらく陛下はこの件について話し合う気がおありなのでしょうね。」
0x01000052000683B0,309,660,Rizia/Turn 3/A_VisitToMontaklar,Lucita Azaro,en,「陛下、アザロ家はこの命令に満足していないのです。」
0x01000052000683B7,309,661,Rizia/Turn 3/A_VisitToMontaklar,Lucita Azaro,en,「アザロ家の軍隊は、リジアとその君主を守るという長く誇り高い伝統を持っております。彼らの技術力と献身心は、この王国のどの勢力にも劣りません。」
0x01000052000683BF,309,662,Rizia/Turn 3/A_VisitToMontaklar,Player_Romus,en,「あなたもまた、王直轄の下で同じように優れた技術と献身を発揮するだろう。そうではないか？」
0x01000052000683C6,309,663,Rizia/Turn 3/A_VisitToMontaklar,Player_Romus,en,「その通りだ。もしそんな強大な軍勢が陛下に背を向けるようなことがあれば、その結果は壊滅的なものとなるだろう。」
0x01000052000683CD,309,664,Rizia/Turn 3/A_VisitToMontaklar,Player_Romus,en,「それが問題なのだ。あなたの一族のおかげで、他の軍隊は見劣りしてしまう。このような偉大さは一つの州に集中するのではなく、全軍に広められるべきなのだ。」
0x01000052000683D3,309,665,Rizia/Turn 3/A_VisitToMontaklar,Narrator,en,彼女はしぶしぶ顔をしかめた。
0x01000052000683DA,309,666,Rizia/Turn 3/A_VisitToMontaklar,Lucita Azaro,en,「はい、私が対処いたします。」
0x01000052000683E1,309,667,Rizia/Turn 3/A_VisitToMontaklar,Lucita Azaro,en,「陛下、そのような可能性があるとお考えになられて失望いたしました。陛下の父上は、アザロ特殊部隊を最も貴重な軍事資産の一つだとご認識でしていました。」
0x01000052000683ED,309,669,Rizia/Turn 3/A_VisitToMontaklar,Lucita Azaro,en,「ですが、あなたはヴァレロ王ではありません。理解しております。」
0x01000052000683F5,309,670,Rizia/Turn 3/A_VisitToMontaklar,Narrator,en,彼女はがっかりして顔をしかめた。
0x01000052000683FD,309,671,Rizia/Turn 3/A_VisitToMontaklar,Player_Romus,en,「ああ、それがなくなるのを見て私も実に悲しいのだ。しかしリジアの軍隊にはこれからより偉大なことが待ち受けている。必ずご覧に入れる。」
0x0100005200068409,309,672,Rizia/Turn 3/A_VisitToMontaklar,Narrator,en,彼女は短く笑った。
0x0100005200068410,309,673,Rizia/Turn 3/A_VisitToMontaklar,Lucita Azaro,en,「そんなに親切にしていただき、ありがとうございます。私はその理由を親族たちに伝えようと思います。」
0x0100005200068417,309,674,Rizia/Turn 3/A_VisitToMontaklar,Lucita Azaro,en,「陛下、アザロ家は決して陛下にとって脅威となることはないと申し上げておりますので、どうか私の言葉を信じていただきたく存じます。」
0x010000520006841E,309,675,Rizia/Turn 3/A_VisitToMontaklar,Lucita Azaro,en,「一方で……」
0x010000520006842A,309,676,Rizia/Turn 3/A_VisitToMontaklar,Lucita Azaro,en,「陛下、どのような計画をお持ちであれ、私が最初に知ることができますよう願っております。」
0x0100005200068436,309,677,Rizia/Turn 3/A_VisitToMontaklar,Lucita Azaro,en,「この件についてはこれ以上お尋ねしません。ですが、他にも私を悩ませていることがあります…」
0x010000520007D64A,309,682,Rizia/Turn 3/A_VisitToMontaklar,Player_Romus,en,「もちろんだ。ところでその話が出たからだが……私のことで知りたいことはないか？」
0x0100005200010F26,310,3,Rizia/Turn 3/EnT_ElenaRustyMeeting,Narrator,en,ブロナズのジル川のほとりにはパラス・ヴェラーナが建っていた。
0x0100005200010F2D,310,4,Rizia/Turn 3/EnT_ElenaRustyMeeting,Narrator,en,私の宮殿とほぼ同じくらい豪華で、かつては私の先祖であるルバズ家の夏の離宮として使われていた。
0x0100005200010F34,310,5,Rizia/Turn 3/EnT_ElenaRustyMeeting,Narrator,en,今日はルッセロ・「ラスティ」・モントーロの住まいだった。彼はリジア王室金鉱のCEOであり、この国で最も裕福な平民だった。
0x0100005200010F3B,310,6,Rizia/Turn 3/EnT_ElenaRustyMeeting,Narrator,en,ヨットが宮殿の私有埠頭に近づくと、私はリザニア号のデッキに足を踏み出した。ウーゴとエレナは既にそこにいて、庭園の方を見つめていた。
0x0100005200010F42,310,7,Rizia/Turn 3/EnT_ElenaRustyMeeting,Hugo Toras,en,「目の前の光景が信じられません。水の庭園のないパラス・ベラナは、もはや宮殿と呼べるものではありません。」
0x0100005200010F49,310,8,Rizia/Turn 3/EnT_ElenaRustyMeeting,Elena Werner,en,「私としても、これは改善だと思います。ですが陛下、これをどうお考えになりますか？」
0x0100005200010F50,310,9,Rizia/Turn 3/EnT_ElenaRustyMeeting,Narrator,en,私は彼女が指差す方向を見た。かつては花々が咲き乱れ、静かに水音を立てる噴水があって穏やかなオアシスだった水の庭園は、巨大な金色のタイルで覆われたプールに置き換えられていた。
0x0100005200010F57,310,10,Rizia/Turn 3/EnT_ElenaRustyMeeting,Player_Romus,en,「ひどい。私は新興の金持ちが大嫌いだ。」
0x0100005200010F5E,310,11,Rizia/Turn 3/EnT_ElenaRustyMeeting,Player_Romus,en,「実用的そうだな。そもそも水の庭園に何の魅力があるのか、私には理解できなかった。」
0x0100005200010F65,310,12,Rizia/Turn 3/EnT_ElenaRustyMeeting,Player_Romus,en,「パラス・レズナにもこんなものを設置したらどうだろうか？」
0x0100005200010F7A,310,13,Rizia/Turn 3/EnT_ElenaRustyMeeting,Hugo Toras,en,「我々には品位があるからです。」
0x0100005200010F81,310,14,Rizia/Turn 3/EnT_ElenaRustyMeeting,Elena Werner,en,「確かに魅力的ではあります。ですが真夏に、泳げない噴水を眺めているだけでは本当に苦痛でしかありません。」
0x0100005200010F88,310,15,Rizia/Turn 3/EnT_ElenaRustyMeeting,Hugo Toras,en,「モントーロ氏がそれを使うこと自体、驚くべきことでしょう。」
0x0100005200010F98,310,16,Rizia/Turn 3/EnT_ElenaRustyMeeting,Narrator,en,その金鉱王の赤い髪には白髪が混じっていたが、その目には若々しい悪戯心が宿っていた。
0x0100005200010F9F,310,17,Rizia/Turn 3/EnT_ElenaRustyMeeting,Russello Montoro,en,「尊敬すべきリジア王室金鉱会社の我々全員を代表して、この度は陛下のご一行様に心からの挨拶を申し上げます...」
0x0100005200010FB0,310,18,Rizia/Turn 3/EnT_ElenaRustyMeeting,Narrator,en,彼はにやりと笑いながら言葉を途切れさせた。
0x0100005200010FB7,310,19,Rizia/Turn 3/EnT_ElenaRustyMeeting,Russello Montoro,en,「まあ、私は昔から形式的なものを好みませんでした。陛下、我が宮殿へようこそ。」
0x0100005200010FBE,310,20,Rizia/Turn 3/EnT_ElenaRustyMeeting,Player_Romus,en,「私にとっても光栄だ、ラスティ。」
0x0100005200010FC5,310,21,Rizia/Turn 3/EnT_ElenaRustyMeeting,Player_Romus,en,「ありがとう、モントーロさん。」
0x0100005200010FCC,310,22,Rizia/Turn 3/EnT_ElenaRustyMeeting,Player_Romus,en,「ここは確かにあなたのものとなったな、そうだろう？」
0x0100005200010FD3,310,23,Rizia/Turn 3/EnT_ElenaRustyMeeting,Russello Montoro,en,「ああ、そのプールですか？私は自分で泳ぐのが大嫌いです。すぐ日焼けしてしまうから。でも孫たちはとても気に入っていますよ。」
0x0100005200010FE1,310,24,Rizia/Turn 3/EnT_ElenaRustyMeeting,Narrator,en,彼はウーゴとエレナの方を向いた。
0x0100005200010FF1,310,25,Rizia/Turn 3/EnT_ElenaRustyMeeting,Russello Montoro,en,「閣下、会計長夫人。前の国王が戴冠して以来、あなた方二人とゆっくり話す機会がありませんでした。」
0x0100005200011000,310,26,Rizia/Turn 3/EnT_ElenaRustyMeeting,Hugo Toras,en,「おっしゃるのは、私の高貴な兄弟である陛下ヴァレロ王のことでしょう。どうか安らかに眠っていられますように。」
0x0100005200011009,310,27,Rizia/Turn 3/EnT_ElenaRustyMeeting,Narrator,en,私の叔父は歯を食いしばった。
0x0100005200011011,310,28,Rizia/Turn 3/EnT_ElenaRustyMeeting,Elena Werner,en,「さて、ウーゴ。ラスティも他の皆と同様に葬儀で敬意を表しました。」
0x0100005200011018,310,29,Rizia/Turn 3/EnT_ElenaRustyMeeting,Narrator,en,彼女はラスティと手を握った。ブルーノは我々に座るよう合図し、その間に従者たちが水と新鮮な果物を運んできた。
0x010000520001101F,310,30,Rizia/Turn 3/EnT_ElenaRustyMeeting,Russello Montoro,en,「ラスティ、お願いです。私のことを『モントーロ氏』と呼ぶのは、便所にエレベーターを設置しようとするようなものです。」
0x0100005200011026,310,31,Rizia/Turn 3/EnT_ElenaRustyMeeting,Russello Montoro,en,「陛下、ご存知の通り、リジア王室金鉱は王家との長く誇らしい協力関係の歴史を持っております。」
0x010000520001103B,310,32,Rizia/Turn 3/EnT_ElenaRustyMeeting,Russello Montoro,en,「その取引は陛下のお父上の案でした。私が求めていたのは、私の会社が被った損失に対する公正な補償だけです。他のCEOなら誰でも同じように要求するでしょう。」
0x0100005200011042,310,33,Rizia/Turn 3/EnT_ElenaRustyMeeting,Russello Montoro,en,「私が言いたいのは、信頼できるビジネスパートナーとして、陛下にご注意いただきたいことがあるということです。」
0x0100005200011049,310,34,Rizia/Turn 3/EnT_ElenaRustyMeeting,Russello Montoro,en,「これをご覧ください。」
0x0100005200011050,310,35,Rizia/Turn 3/EnT_ElenaRustyMeeting,Narrator,en,彼は隣のテーブルから一枚の紙を手に取った。それはリジア語とヴェゼク語で数文が書かれたチラシだった。
0x0100005200011057,310,36,Rizia/Turn 3/EnT_ElenaRustyMeeting,Player_Romus,en,「マレニエフ主義者だ。危険な人物だ。」
0x010000520001105E,310,37,Rizia/Turn 3/EnT_ElenaRustyMeeting,Player_Romus,en,「モレラ初の女性首相であり、先駆者だ。」
0x0100005200011065,310,38,Rizia/Turn 3/EnT_ElenaRustyMeeting,Player_Romus,en,「彼女は脅威ではない。」
0x010000520001106C,310,39,Rizia/Turn 3/EnT_ElenaRustyMeeting,Russello Montoro,en,「我々二人の背中にとって、苦労の多い先駆的な存在です。」
0x0100005200011073,310,40,Rizia/Turn 3/EnT_ElenaRustyMeeting,Russello Montoro,en,「はい、陛下。リジアで宣伝活動を禁止しても、国境の向こう側で起きていることを止めることはできません。」
0x0100005200011079,310,41,Rizia/Turn 3/EnT_ElenaRustyMeeting,Russello Montoro,en,「女性など一生に一度もチゼルを握ったことがないのに、突然MITZの操縦法を知ってしまうなんて。」
0x010000520001109F,310,45,Rizia/Turn 3/EnT_ElenaRustyMeeting,Russello Montoro,en,「その通りでございます、陛下。」
0x01000052000110C5,310,46,Rizia/Turn 3/EnT_ElenaRustyMeeting,Russello Montoro,en,「もし彼女が与えられた役割通りにモレラの統治だけに専念しているのであれば、脅威にはなり得ません。陛下が選出されたようにです。」
0x01000052000110F0,310,47,Rizia/Turn 3/EnT_ElenaRustyMeeting,Russello Montoro,en,「私の鉱山の監督者たちが、労働者たちが業務時間外に会合を開いており、その内容が『危険な労働環境』に関するものだという報告を受けました。」
0x01000052000110F7,310,48,Rizia/Turn 3/EnT_ElenaRustyMeeting,Player_Romus,en,「あなた、その状況を改善しようとは試したことがあるか？」
0x01000052000110FE,310,49,Rizia/Turn 3/EnT_ElenaRustyMeeting,Player_Romus,en,「彼らはそもそも雇われているだけでも感謝すべきなのだ。」
0x0100005200011105,310,50,Rizia/Turn 3/EnT_ElenaRustyMeeting,Player_Romus,en,「組合を結成するための第一歩か？」
0x010000520001110C,310,51,Rizia/Turn 3/EnT_ElenaRustyMeeting,Russello Montoro,en,「そこまでやるかどうかは分かりません。ですが、従業員たちが一丸となればなるほど、彼らの考えはより危険なものになっていきます。」
0x0100005200011113,310,52,Rizia/Turn 3/EnT_ElenaRustyMeeting,Russello Montoro,en,「以前はそうでした。だが誰かが彼らの頭に間違った考えを植え付けているのです。」
0x010000520001111A,310,53,Rizia/Turn 3/EnT_ElenaRustyMeeting,Russello Montoro,en,「陛下、もし彼らが直接我々にその話を持ちかけてくれれば対応しますが、どうやら彼らは自分たちだけで陰謀を企てる方を好んでいるようです。」
0x0100005200011121,310,54,Rizia/Turn 3/EnT_ElenaRustyMeeting,Elena Werner,en,「最近、何か事故はありましたか？これを引き起こした可能性のあるような出来事は？」
0x010000520001112A,310,55,Rizia/Turn 3/EnT_ElenaRustyMeeting,Narrator,en,ラスティは鼻で笑った。
0x0100005200011131,310,56,Rizia/Turn 3/EnT_ElenaRustyMeeting,Russello Montoro,en,「昔から、この仕事には事故が付き物です。指を一本失わなければ本物の鉱夫ではないと言われていました。」
0x0100005200011138,310,57,Rizia/Turn 3/EnT_ElenaRustyMeeting,Player_Romus,en,「それは野蛮な行為だ。」
0x010000520001113F,310,58,Rizia/Turn 3/EnT_ElenaRustyMeeting,Player_Romus,en,「そもそも、なぜ10人も必要なのか？」
0x0100005200011146,310,59,Rizia/Turn 3/EnT_ElenaRustyMeeting,Player_Romus,en,「ラスティ、あなた自身もかつて鉱山で働いたことがあるか？」
0x010000520001114D,310,60,Rizia/Turn 3/EnT_ElenaRustyMeeting,Russello Montoro,en,「鍬を振るうのに十分な数があればそれでよいのです、陛下。」
0x0100005200011154,310,61,Rizia/Turn 3/EnT_ElenaRustyMeeting,Narrator,en,ラスティはゆっくりと左手を挙げた。その小指は第二関節のところで切り落とされていた。
0x010000520001115B,310,62,Rizia/Turn 3/EnT_ElenaRustyMeeting,Russello Montoro,en,「それが現実です。我々全員が暮らすための領地を持っているわけではありませんよ、陛下。」
0x0100005200011177,310,63,Rizia/Turn 3/EnT_ElenaRustyMeeting,Narrator,en,ウーゴは咳払いをした。
0x0100005200011180,310,64,Rizia/Turn 3/EnT_ElenaRustyMeeting,Hugo Toras,en,「モントーロ様、陛下に何かご用件でしょうか？それとも単に苦情を言うためだけに我々をここに呼んだのですか？」
0x0100005200011187,310,65,Rizia/Turn 3/EnT_ElenaRustyMeeting,Russello Montoro,en,「訴えるのではなく、警告するためです。」
0x010000520001118E,310,66,Rizia/Turn 3/EnT_ElenaRustyMeeting,Russello Montoro,en,「もし私の推測が正しければ、彼らは新たな大規模な職場規制を提案しようとしています。RRGだけでなく、全員に適用されるものです。」
0x0100005200011195,310,67,Rizia/Turn 3/EnT_ElenaRustyMeeting,Player_Romus,en,「RRGはいくらの収入を失うことになるのだろうか？」
0x010000520001119B,310,68,Rizia/Turn 3/EnT_ElenaRustyMeeting,Player_Romus,en,「我々にはまだメフティエム国際貿易区があるのだよね？そこではその規則は適用されないはずだ。」
0x01000052000111A2,310,69,Rizia/Turn 3/EnT_ElenaRustyMeeting,Player_Romus,en,「ジルを取り戻せば、国は再び立ち直るだろう。」
0x01000052000111AA,310,70,Rizia/Turn 3/EnT_ElenaRustyMeeting,Russello Montoro,en,「はっきりとは申し上げられません。その規制を実施するだけでもかなりの費用がかかるでしょう。」
0x01000052000111B1,310,71,Rizia/Turn 3/EnT_ElenaRustyMeeting,Russello Montoro,en,「もしその費用を取引相手に負担させたらどうなると思いますか？彼らは私の最初の元妻よりも早く去ってしまうでしょう。」
0x01000052000111B8,310,72,Rizia/Turn 3/EnT_ElenaRustyMeeting,Russello Montoro,en,「ええ、それはまた別の問題ですね。」
0x01000052000111BF,310,73,Rizia/Turn 3/EnT_ElenaRustyMeeting,Russello Montoro,en,「もちろん、RRGは国際貿易区の直接的な利害関係者ではありません。しかし我々は十分に関与しているため、アルマ・サルタナのことを非常に懸念しています。」
0x01000052000111C6,310,74,Rizia/Turn 3/EnT_ElenaRustyMeeting,Russello Montoro,en,「その件につきましては、陛下、後ほどご報告いたします。」
0x01000052000111CC,310,75,Rizia/Turn 3/EnT_ElenaRustyMeeting,Narrator,en,エレナは眉を上げた。
0x01000052000111D3,310,76,Rizia/Turn 3/EnT_ElenaRustyMeeting,Elena Werner,en,「残念ながら、最近では金市場において世界的な競争がますます激しくなってきております。」
0x01000052000111DA,310,77,Rizia/Turn 3/EnT_ElenaRustyMeeting,Player_Romus,en,「RRGの鉱山労働者の大半は外国から来た労働者ではないだ？そのような人々に規制を適用することなど可能だろうか？」
0x01000052000111E5,310,78,Rizia/Turn 3/EnT_ElenaRustyMeeting,Elena Werner,en,「モレラには国際貿易区に対する単独の権限はありません。リジア、レスピア、ヴァルグスランドもすべて発言権を持っています。」
0x01000052000111EC,310,79,Rizia/Turn 3/EnT_ElenaRustyMeeting,Russello Montoro,en,「それで、その中でサルタナ様がこの件について親しく付き合っていたのはどちらだと思いますか？」
0x01000052000111F3,310,80,Rizia/Turn 3/EnT_ElenaRustyMeeting,Russello Montoro,en,「もし彼女とヘーゲルの思い通りになれば、リジアは鉱山開発権を失うか、我が兵士たちは毎朝仕事に行く前にマレニエフに祈らなければならなくなるでしょう。」
0x01000052000111FA,310,81,Rizia/Turn 3/EnT_ElenaRustyMeeting,Player_Romus,en,「実のところ、マレニエフは頑固な無神論者だ。」
0x0100005200011201,310,82,Rizia/Turn 3/EnT_ElenaRustyMeeting,Player_Romus,en,「それでも、我々とレスピアが残る。」
0x0100005200011208,310,83,Rizia/Turn 3/EnT_ElenaRustyMeeting,Player_Romus,en,「自国における金の採掘方法を決定する権利は、彼女にあるはずだ。」
0x0100005200011215,310,85,Rizia/Turn 3/EnT_ElenaRustyMeeting,Russello Montoro,en,「今では労働者たちも正真正銘のリジア人と同じ保護を受けているのですから、もちろん規制が適用されます。」
0x010000520001121B,310,86,Rizia/Turn 3/EnT_ElenaRustyMeeting,Russello Montoro,en,「25年前、あの小さな土地には私の会社がこれまで見つけた中でも最も豊富な金鉱脈がありました。ですが今となってはその状態がどうなっているか、ヌーリティ教徒だけが知っているのです。」
0x0100005200011222,310,87,Rizia/Turn 3/EnT_ElenaRustyMeeting,Hugo Toras,en,「懸念されるのはヘーゲル書記長の影響力です。マレニエフ主義は国境を越えて広がっていく傾向があります。」
0x0100005200011228,310,88,Rizia/Turn 3/EnT_ElenaRustyMeeting,Elena Werner,en,「レスピアの協力を得られるかどうかは分かりません。彼らも確かにヴァルグスランドを憎んでいますが、我々との間の歴史的関係も決して良好とは言えません。」
0x010000520001122F,310,89,Rizia/Turn 3/EnT_ElenaRustyMeeting,Hugo Toras,en,「陛下の領土から彼の影響力を遠ざけておくべきもう一つの理由です。」
0x0100005200011236,310,90,Rizia/Turn 3/EnT_ElenaRustyMeeting,Player_Romus,en,「どうなっても、この地域からの収入は減少してしまう。」
0x010000520001123C,310,91,Rizia/Turn 3/EnT_ElenaRustyMeeting,Hugo Toras,en,「そしてコンタナ条約機構はまた一つ勝利を収めるでしょう。」
0x0100005200011245,310,92,Rizia/Turn 3/EnT_ElenaRustyMeeting,Elena Werner,en,「政治的な問題よりも、我々の最も重要な鉱山へのアクセスを失うことの方が私にとっては深刻です。これを厳重に監視し続けなければなりません。」
0x010000520001124A,310,93,Rizia/Turn 3/EnT_ElenaRustyMeeting,Russello Montoro,en,「あちら側でも規制を求める声が上がり始めています。さらに悪いことに、国有化を望む者まで現れています。」
0x0100005200011256,310,94,Rizia/Turn 3/EnT_ElenaRustyMeeting,Elena Werner,en,「これにはしっかりと目を配っておかなければなりません。」
0x010000520001125E,310,95,Rizia/Turn 3/EnT_ElenaRustyMeeting,Russello Montoro,en,「正直に申し上げますと、陛下、あの布告を出された時は私、ほとんど自分のブーツを食べてしまいそうでした。」
0x0100005200011265,310,96,Rizia/Turn 3/EnT_ElenaRustyMeeting,Russello Montoro,en,「私と他の実業家たちは、ここで働けるだけでも十分幸運だと理解していない者たちにあらゆる恩恵を与えることで既に大きな損失を被っています。これ以上彼らに何かを与えれば、我々は間違いなく破産してしまうでしょう。」
0x010000520001126C,310,97,Rizia/Turn 3/EnT_ElenaRustyMeeting,Elena Werner,en,「それは少し過激すぎるのではないでしょうか、陛下？」
0x0100005200011273,310,98,Rizia/Turn 3/EnT_ElenaRustyMeeting,Elena Werner,en,「私も、必要以上に規制を設けるべきではないと同意します。しかし、より安全で健康な従業員に投資すれば長期的に利益をもたらし得ます。外国人も含まれます。」
0x010000520001127A,310,99,Rizia/Turn 3/EnT_ElenaRustyMeeting,Player_Romus,en,「確かに、これまで互いに利益をもたらす良好な関係が続いてきた。私は今後もその状態を維持していく所存だ。」
0x0100005200011281,310,100,Rizia/Turn 3/EnT_ElenaRustyMeeting,Player_Romus,en,「王国の持分の3分の1を奪い取った時も、それを『協力』と呼べるのか？」
0x0100005200011288,310,101,Rizia/Turn 3/EnT_ElenaRustyMeeting,Player_Romus,en,「あなたの会社の重要性を過大評価するな。我々には他の資源もあるのだ。」
0x010000520001128F,310,102,Rizia/Turn 3/EnT_ElenaRustyMeeting,Russello Montoro,en,「陛下、我々の考えが一致していて何よりです。」
0x0100005200011298,310,103,Rizia/Turn 3/EnT_ElenaRustyMeeting,Russello Montoro,en,「しかし、国歌の名で呼ばれているのは一つだけです。」
0x01000052000112D0,310,104,Rizia/Turn 3/EnT_ElenaRustyMeeting,Player_Romus,en,「何のご用件だろうか？」
0x01000052000112D7,310,105,Rizia/Turn 3/EnT_ElenaRustyMeeting,Player_Romus,en,「私がここにあなたの改装した場所を見せるためだけに呼んだとは思わないだろう。」
0x01000052000112DE,310,106,Rizia/Turn 3/EnT_ElenaRustyMeeting,Player_Romus,en,「では、国の様子はいかがだろうか？」
0x01000052000112E5,310,107,Rizia/Turn 3/EnT_ElenaRustyMeeting,Russello Montoro,en,「見事ですね？でも、違います。」
0x01000052000112EB,310,108,Rizia/Turn 3/EnT_ElenaRustyMeeting,Russello Montoro,en,「最近、陛下が王国中を行き来されているのに気づかずにはいられませんでした。そして、私の質素な隠れ家を訪れない限り、どんな王室巡幸も完璧とは言えません。」
0x01000052000112F4,310,109,Rizia/Turn 3/EnT_ElenaRustyMeeting,Russello Montoro,en,「殿下、王女様がご出席できなかったのは残念ですね。また新しい恋人と忙しくしていらっしゃるのでしょうか？」
0x01000052000112FB,310,110,Rizia/Turn 3/EnT_ElenaRustyMeeting,Hugo Toras,en,「一度の踊りだけでは恋人にはなれません。陛下、ヴィナ王女の恋愛の行方について推測されないようお願い申し上げます。」
0x0100005200011302,310,111,Rizia/Turn 3/EnT_ElenaRustyMeeting,Russello Montoro,en,「陛下、その件については後ほどお話しします。まずは落ち着いて、何か飲み物を召し上がってください。」
0x010000520001130A,310,112,Rizia/Turn 3/EnT_ElenaRustyMeeting,Player_Romus,en,「この会合が何についてのものか教えてくれ。我々には時間が無限にあるわけではない。」
0x0100005200011311,310,113,Rizia/Turn 3/EnT_ElenaRustyMeeting,Player_Romus,en,「それで問題ないよ、ウーゴ。実は私の娘も特別な人を想っているのだ。」
0x0100005200011318,310,114,Rizia/Turn 3/EnT_ElenaRustyMeeting,Player_Romus,en,「承知した。私の娘はプライベートな存在であり、その恋愛については一切口出ししないようにする。」
0x010000520001131F,310,115,Rizia/Turn 3/EnT_ElenaRustyMeeting,Russello Montoro,en,「幸運な方ですね。ともかく、早速本題に入りましょう。」
0x0100005200011327,310,116,Rizia/Turn 3/EnT_ElenaRustyMeeting,Russello Montoro,en,「では、わかりました。」
0x010000520001132E,310,117,Rizia/Turn 3/EnT_ElenaRustyMeeting,Narrator,en,彼は背もたれにもたれかかり、シャツの一番上のボタンを外した。
0x010000520001133D,310,118,Rizia/Turn 3/EnT_ElenaRustyMeeting,Elena Werner,en,「しかし今のところ、我々の製品は十分な高品質を誇っているため、ルンブルク側もより高い値段を払う意欲があるのです。」
0x0100005200011344,310,119,Rizia/Turn 3/EnT_ElenaRustyMeeting,Hugo Toras,en,「はい、ですがもし価格がさらに上昇したらどうでしょう？認めたくはありませんが、モントーロ氏の言うことにも一理あるかもしれません。」
0x01000052000113A4,310,143,Rizia/Turn 3/EnT_ElenaRustyMeeting,Russello Montoro,en,「陛下、これ以上は問い詰めません。もしこの件が陛下の手元に届いた時には、正しい判断をしてくださることを願っております。」
0x01000052000113AB,310,144,Rizia/Turn 3/EnT_ElenaRustyMeeting,Narrator,en,ラスティはスイカの切れ端を大きく一口かじった。彼はあごから果汁を拭いた。
0x01000052000113B9,310,145,Rizia/Turn 3/EnT_ElenaRustyMeeting,Narrator,en,エレナは椅子を後ろに押しやり、立ち上がった。
0x01000052000113C0,310,146,Rizia/Turn 3/EnT_ElenaRustyMeeting,Player_Romus,en,「RRGへの出資を増やす代わりに規制の適用を拒むだと？もしよく知らなければ、あなたが政府に賄賂を渡そうとしているのだと思ってしまうね。」
0x01000052000113CE,310,147,Rizia/Turn 3/EnT_ElenaRustyMeeting,Player_Romus,en,「あなたが言うほど会社が窮地に立っているのなら、我々に持分を買い戻させようと急ぐのも無理はない。」
0x01000052000113D5,310,148,Rizia/Turn 3/EnT_ElenaRustyMeeting,Russello Montoro,en,「どうなるか分かりませんね。すべてが順調に進めば、高貴なるヴァレロ王から買い取った持分を、陛下に再び売却するよう説得されるかもしれません。」
0x01000052000113DD,310,149,Rizia/Turn 3/EnT_ElenaRustyMeeting,Russello Montoro,en,「陛下、私がどれほど愚かだとお考えですか？」
0x01000052000113E4,310,150,Rizia/Turn 3/EnT_ElenaRustyMeeting,Russello Montoro,en,「陛下、私の言葉を誤解なさっています。我々はまだ困難に直面しているわけではありません。」
0x01000052000113EB,310,151,Rizia/Turn 3/EnT_ElenaRustyMeeting,Player_Romus,en,「一つだけはっきりさせておく、*ルッセロ*。あなたがRRGを運営できているのはリジア王室の恩恵によるものに過ぎない。あなたが持っているものはすべて、我々が取り上げることができるのだ。」
0x0100005200011400,310,152,Rizia/Turn 3/EnT_ElenaRustyMeeting,Elena Werner,en,「この会話の続きは私が参加しないことにします。女性用トイレはどちらですか？」
0x0100005200011408,310,153,Rizia/Turn 3/EnT_ElenaRustyMeeting,Russello Montoro,en,「すぐ中です。純金でできたトイレに座ったことがないのなら、きっと素晴らしい体験になりますよ。」
0x010000520001140F,310,154,Rizia/Turn 3/EnT_ElenaRustyMeeting,Narrator,en,従者がエレナを外まで見送った。ウーゴ、ラスティ、そして我々は互いに顔を見合わせた。
0x0100005200011419,310,155,Rizia/Turn 3/EnT_ElenaRustyMeeting,Hugo Toras,en,「ここの我々の友人である『ラスティ』は、限界を越えてしまいそうな危険な状態にあると思います。」
0x0100005200011422,310,156,Rizia/Turn 3/EnT_ElenaRustyMeeting,Narrator,en,彼はため息をついた。
0x0100005200011429,310,157,Rizia/Turn 3/EnT_ElenaRustyMeeting,Hugo Toras,en,「過去においても、RRGとの協力は陛下にとって大変有益でした。王室の持分の一部を売却した後でさえもです。」
0x010000520001147C,310,158,Rizia/Turn 3/EnT_ElenaRustyMeeting,Narrator,en,エレナは再びテラスに戻った。
0x0100005200011485,310,159,Rizia/Turn 3/EnT_ElenaRustyMeeting,Elena Werner,en,「それは……予想していたよりもずっと厳しかったです。何か重要なことを見落としていないでしょうか？」
0x010000520001148C,310,160,Rizia/Turn 3/EnT_ElenaRustyMeeting,Narrator,en,ウーゴはほとんど座ったままの姿勢から飛び上がるように立ち上がった。
0x0100005200011492,310,161,Rizia/Turn 3/EnT_ElenaRustyMeeting,Player_Romus,en,「ウーゴ、これら全てについてどう思うか？」
0x010000520001149A,310,162,Rizia/Turn 3/EnT_ElenaRustyMeeting,Russello Montoro,en,「閣下、あなたは実に聡明な方です。いつか私と一緒にビールを飲みに行きましょう。」
0x01000052000114A1,310,163,Rizia/Turn 3/EnT_ElenaRustyMeeting,Narrator,en,ウーゴはまるで不快なものを飲み込んだかのような顔をしていた。
0x01000052000114BC,310,164,Rizia/Turn 3/EnT_ElenaRustyMeeting,Hugo Toras,en,「とても楽しい時間でしたが、そろそろポルテ・ドラゾンに戻らなければなりません。」
0x01000052000114C3,310,165,Rizia/Turn 3/EnT_ElenaRustyMeeting,Russello Montoro,en,「陛下、ちょうど昼食に留まっていただくようお願いしようと思っていたところです。もう帰られるのですか？」
0x01000052000114CA,310,166,Rizia/Turn 3/EnT_ElenaRustyMeeting,Player_Romus,en,「ああ、こちらの用事はもうすぐ終わると思う。」
0x01000052000114D1,310,167,Rizia/Turn 3/EnT_ElenaRustyMeeting,Player_Romus,en,「心配しないでくれ。また連絡を差し上げる。」
0x01000052000114D8,310,168,Rizia/Turn 3/EnT_ElenaRustyMeeting,Player_Romus,en,「私の叔父の急ぎすぎを許してくれ。昼食を共にいただければ大変嬉しい。」
0x01000052000114DF,310,169,Rizia/Turn 3/EnT_ElenaRustyMeeting,Player_Romus,en,「思い出してくれ。あのような男が、どうやってリジアで最も強力な企業を手に入れたのか？」
0x01000052000114E6,310,170,Rizia/Turn 3/EnT_ElenaRustyMeeting,Elena Werner,en,「彼には、ちょうど良い場所にちょうど良いタイミングで現れるという才能があります。」
0x01000052000114ED,310,171,Rizia/Turn 3/EnT_ElenaRustyMeeting,Hugo Toras,en,「伝説によれば、彼は一連の裏取引や役員会での裏切り行為を経て、地域の鉱山監督官から出世してきたというのです。」
0x01000052000114F6,310,172,Rizia/Turn 3/EnT_ElenaRustyMeeting,Russello Montoro,en,「これは単なる不満を抱く数人の鉱山労働者の問題以上のことです。RPPがこの運動を後押ししているという噂があります。」
0x01000052000114FD,310,173,Rizia/Turn 3/EnT_ElenaRustyMeeting,Narrator,en,ラスティは勝ち誇ったようににやりと笑った。
0x0100005200011504,310,174,Rizia/Turn 3/EnT_ElenaRustyMeeting,Russello Montoro,en,「申し訳ありません、閣下。もうしばらくは私に対して礼儀正しいふりをしていただかねばなりません。」
0x010000520001150B,310,175,Rizia/Turn 3/EnT_ElenaRustyMeeting,Russello Montoro,en,「そうですね。帰路を楽しんでください。」
0x010000520001151A,310,179,Rizia/Turn 3/EnT_ElenaRustyMeeting,Russello Montoro,en,「私としてはまだ全然終わっていないと思います。ですが、帰路は楽しんでください。」
0x0100005200011521,310,180,Rizia/Turn 3/EnT_ElenaRustyMeeting,Russello Montoro,en,「もし先に私から連絡があれば、そんなことはありませんよね？」
0x0100005200011528,310,181,Rizia/Turn 3/EnT_ElenaRustyMeeting,Player_Romus,en,「また会おう、ラスティ。」
0x0100005200011531,310,182,Rizia/Turn 3/EnT_ElenaRustyMeeting,Player_Romus,en,「モントーロさん、さようならだ。」
0x010000520001153A,310,183,Rizia/Turn 3/EnT_ElenaRustyMeeting,Player_Romus,en,「また次回会おう。」
0x0100005200011542,310,184,Rizia/Turn 3/EnT_ElenaRustyMeeting,Narrator,en,ウーゴとエレナ、そして我々が再びヨットに乗り込むと、彼がベランダから楽しそうに手を振っているのが見えた。
0x010000520001154C,310,185,Rizia/Turn 3/EnT_ElenaRustyMeeting,Narrator,en,ウーゴとエレナは再び腰を下ろし、使用人たちが昼食を運んでくるのを待った。
0x0100005200015877,310,189,Rizia/Turn 3/EnT_ElenaRustyMeeting,Russello Montoro,en,「殿下、アルマ・サルタナ様がお越しになれなかったのは残念ですね。もしかして首都にいるご実家でついにお相手を見つけられたのでしょうか？」
0x010000520001587E,310,190,Rizia/Turn 3/EnT_ElenaRustyMeeting,Hugo Toras,en,「ヴィナ王女の恋愛について推測しないようお願い申し上げます。」
0x0100005200015888,310,191,Rizia/Turn 3/EnT_ElenaRustyMeeting,Russello Montoro,en,「では、わかりました。そうですね、早速本題に入りましょう。」
0x0100005200021944,310,198,Rizia/Turn 3/EnT_ElenaRustyMeeting,Russello Montoro,en,「そうするように決められるでしょう、はい。」
0x010000520002194B,310,199,Rizia/Turn 3/EnT_ElenaRustyMeeting,Russello Montoro,en,「これらの制限、つまり規則を推進している者たちは労働者や誠実なリジア人が混在しており、さらにサゾン家からの支援もあるのです。」
0x0100005200021952,310,200,Rizia/Turn 3/EnT_ElenaRustyMeeting,Russello Montoro,en,「彼らが何を目指しているのか、私にもよく分かります。しかし、彼らの望むすべてを与えてしまえば、危険な前例となってしまうでしょう。」
0x010000520002ABA7,310,203,Rizia/Turn 3/EnT_ElenaRustyMeeting,Narrator,en,突然、武装した男たちの一団が列をなして宮殿から出てきた。彼らは埠頭の周りに等間隔で陣取った。
0x010000520002ABB5,310,204,Rizia/Turn 3/EnT_ElenaRustyMeeting,Narrator,en,我々が船から降りて宮殿のベランダへ向かって歩く間、彼らは目で我々を追っていた。
0x010000520002ABBC,310,205,Rizia/Turn 3/EnT_ElenaRustyMeeting,Player_Romus,en,「おはようございます、大統領。」
0x010000520002ABC3,310,206,Rizia/Turn 3/EnT_ElenaRustyMeeting,Player_Romus,en,「あなたの階級は何だ？どこで勤務していたか？」
0x010000520002ABD0,310,210,Rizia/Turn 3/EnT_ElenaRustyMeeting,Player_Romus,en,「あなたは私の前で平伏しなさい、無礼な下賤者め。」
0x010000520002ABD7,310,211,Rizia/Turn 3/EnT_ElenaRustyMeeting,Player_Romus,en,「パラントル……あなたはアルカシア人か？」
0x010000520002ABDD,310,212,Rizia/Turn 3/EnT_ElenaRustyMeeting,Narrator,en,彼は微動だにしなかった。私の背後で、警戒心を強めて体重のバランスを変えるティトゥスの音が聞こえた。
0x010000520002ABE4,310,213,Rizia/Turn 3/EnT_ElenaRustyMeeting,Narrator,en,彼は理解できないという表情で私を見つめていた。背後でティトゥスが警戒しながら体重のバランスを変える音がし、サラサラという音が聞こえた。
0x010000520002ABEB,310,214,Rizia/Turn 3/EnT_ElenaRustyMeeting,Narrator,en,彼は理解できないという表情で私を見つめていた。背後でティトゥスが警戒しながら体重のバランスを変える音がし、サラサラという音が聞こえた。
0x010000520002ABF9,310,216,Rizia/Turn 3/EnT_ElenaRustyMeeting,Narrator,en,ラスティは座っていた場所から立ち上がり、我々のもとへ急いで駆け寄った。
0x010000520002AC02,310,217,Rizia/Turn 3/EnT_ElenaRustyMeeting,Russello Montoro,en,「アントワーヌ！我々の王室の来客をそんな態度で扱ってはいけません。」
0x010000520002AC09,310,218,Rizia/Turn 3/EnT_ElenaRustyMeeting,Narrator,en,衛兵はしぶしぶお辞儀をして脇に退いた。ラスティが我々を彼のそばを通らせ、その際に首を振った。
0x010000520002AC11,310,219,Rizia/Turn 3/EnT_ElenaRustyMeeting,Player_Romus,en,「あなたは私を歓迎すると言うが、あなたの護衛たちは別の意味を伝えている。」
0x010000520002AC18,310,220,Rizia/Turn 3/EnT_ElenaRustyMeeting,Russello Montoro,en,「陛下、どう見えるかは分かりますが、彼らは陛下の安全と私の安全の両方を考えて行動しているのです。ヴェーレンで起きたことがある以上、過度に警戒しすぎることはありません。」
0x010000520002AC1E,310,221,Rizia/Turn 3/EnT_ElenaRustyMeeting,Narrator,en,私が最も背の高い警備兵のそばを通り過ぎたとき、彼が「パランター・セキュリティ」と書かれたバッジを身につけているのに気づいた。
0x010000520002AC45,310,222,Rizia/Turn 3/EnT_ElenaRustyMeeting,Hugo Toras,en,「はい。『ビール』ですね。私は……それを飲んで楽しみたいと思います。」
0x010000520005CC2E,310,223,Rizia/Turn 3/EnT_ElenaRustyMeeting,Russello Montoro,en,「ほらです！陛下のお父上もいつも『ルッセロ』とか『モントーロ氏』とかそういう呼び方でしたよ。」
0x010000520005CC35,310,224,Rizia/Turn 3/EnT_ElenaRustyMeeting,Player_Romus,en,「はっきり申し上げる。あなたの富が、ある場所では礼儀を欠くことを許しているかもしれないが、私の前では通用しない。」
0x010000520005CC3C,310,225,Rizia/Turn 3/EnT_ElenaRustyMeeting,Narrator,en,彼は動揺した様子だった。
0x010000520005CC43,310,226,Rizia/Turn 3/EnT_ElenaRustyMeeting,Russello Montoro,en,「申し訳ありません。私には高級な作法の授業を受ける時間などございませんでした。」
0x010000520005CC51,310,227,Rizia/Turn 3/EnT_ElenaRustyMeeting,Narrator,en,エレナは何とか穏やかな表情を保とうと努めていた。
0x010000520005CC58,310,228,Rizia/Turn 3/EnT_ElenaRustyMeeting,Player_Romus,en,「元々は王室のものだった。リザ女王がそれを私物化するべきではなかったのだ。」
0x010000520005CC5F,310,229,Rizia/Turn 3/EnT_ElenaRustyMeeting,Russello Montoro,en,「陛下の祖母は実に聡明な方でした。革新者を見極めると、拳ではなく手を差し伸べたのです。」
0x010000520005CC67,310,230,Rizia/Turn 3/EnT_ElenaRustyMeeting,Player_Romus,en,「それは憂慮すべきことだ。この国の労働者には安全を享受する権利があるはずだ。」
0x010000520005CC6E,310,231,Rizia/Turn 3/EnT_ElenaRustyMeeting,Russello Montoro,en,「陛下、彼らにはすでにその権利がございます。誰かがわざと問題を煽っているのです。」
0x010000520005CC7B,310,232,Rizia/Turn 3/EnT_ElenaRustyMeeting,Russello Montoro,en,「アルグノでの仕事初日です。鉱石処理装置の詰まりを直せば時間を節約できると思い、すぐに手を入れてみたところ、案の定、また正常に動き出しました。」
0x010000520005CC81,310,233,Rizia/Turn 3/EnT_ElenaRustyMeeting,Russello Montoro,en,「ですが、自分の愚かさのせいをRRGに押し付けた覚えはありません。陛下、私はそんなことはしておりません。」
0x010000520005CC89,310,234,Rizia/Turn 3/EnT_ElenaRustyMeeting,Russello Montoro,en,「ウーゴ公、彼女に道を案内してあげてはいかがですか？そのついでに、私が最近手に入れた芸術品も見てもらえばよいでしょう。」
0x010000520005CC96,310,238,Rizia/Turn 3/EnT_ElenaRustyMeeting,Narrator,en,彼は私にウィンクをした。
0x010000520005CC9F,310,239,Rizia/Turn 3/EnT_ElenaRustyMeeting,Player_Romus,en,「ヴェルナーなら自分で道を見つけ出せるはずだ。」
0x010000520005CCA6,310,240,Rizia/Turn 3/EnT_ElenaRustyMeeting,Player_Romus,en,「続けなさい、ウーゴ。私はここにいても平気だ。」
0x010000520005CCAE,310,241,Rizia/Turn 3/EnT_ElenaRustyMeeting,Hugo Toras,en,「彼女ならきっと大丈夫です。私はここに留まっています。」
0x010000520005CCB5,310,242,Rizia/Turn 3/EnT_ElenaRustyMeeting,Narrator,en,ウーゴは我々二人を警戒の眼差しで見つめた。
0x010000520005CCC1,310,244,Rizia/Turn 3/EnT_ElenaRustyMeeting,Hugo Toras,en,「わかりました。ヴェルナー様？」
0x010000520005CCC8,310,245,Rizia/Turn 3/EnT_ElenaRustyMeeting,Narrator,en,エレナは彼にうなずきを返した。二人は宮殿の扉へと向かった。
0x010000520005CCD4,310,247,Rizia/Turn 3/EnT_ElenaRustyMeeting,Narrator,en,私は彼らが中に入っていくのを見ていた。再びラスティの方に目を向けると、彼が私をじっと見つめているのがわかった。
0x010000520005CCDB,310,248,Rizia/Turn 3/EnT_ElenaRustyMeeting,Player_Romus,en,「私から隠していることがあるのか？」
0x010000520005CCE2,310,249,Rizia/Turn 3/EnT_ElenaRustyMeeting,Player_Romus,en,「もし民が規制を望むのであれば、私は彼らの邪魔をするつもりはない。」
0x010000520005CCE8,310,250,Rizia/Turn 3/EnT_ElenaRustyMeeting,Russello Montoro,en,「私も同じ質問をしてもよろしいでしょうか。」
0x010000520005CCEF,310,251,Rizia/Turn 3/EnT_ElenaRustyMeeting,Player_Romus,en,「モントーロさん、あなたは私の忍耐力を試すようになってきたね。」
0x010000520005CCF6,310,252,Rizia/Turn 3/EnT_ElenaRustyMeeting,Russello Montoro,en,「待ってください、陛下。これからの話はぜひお聞きいただきたいものです。」
0x010000520005CCFD,310,253,Rizia/Turn 3/EnT_ElenaRustyMeeting,Russello Montoro,en,「陛下、リジアにかなり大きな変革をもたらそうとお考えだと伺いました。」
0x010000520005CD05,310,254,Rizia/Turn 3/EnT_ElenaRustyMeeting,Player_Romus,en,「それはどうしてご存知なのか？」
0x010000520005CD0C,310,255,Rizia/Turn 3/EnT_ElenaRustyMeeting,Player_Romus,en,「ああ、私は変革を計画している。あなたのような者たちが富を独占することを防ぐための変革だ。」
0x010000520005CD18,310,257,Rizia/Turn 3/EnT_ElenaRustyMeeting,Player_Romus,en,「私はあなたのその発言に返事をするほど価値はないと思う。」
0x010000520005CD1F,310,258,Rizia/Turn 3/EnT_ElenaRustyMeeting,Player_Romus,en,「どのようなことをお聞きになったのか？」
0x010000520005CD27,310,259,Rizia/Turn 3/EnT_ElenaRustyMeeting,Russello Montoro,en,「しかし、民衆がもっと望んでいることが他にもあります。ですよね、陛下？」
0x010000520005CD2F,310,260,Rizia/Turn 3/EnT_ElenaRustyMeeting,Narrator,en,彼は我々の護衛全員が聞こえない場所にいるかを確認するために周囲を見回した。
0x010000520005CD3D,310,261,Rizia/Turn 3/EnT_ElenaRustyMeeting,Russello Montoro,en,「やはり私の考えが正しかったですね。」
0x010000520005CD44,310,262,Rizia/Turn 3/EnT_ElenaRustyMeeting,Russello Montoro,en,「私のような者たちが1823年以降のあらゆる大きな権力交代に資金を提供してきました。アルカシア、キナル、レスピア……何であれ、その背後には莫大な富を持つ者がいるのです。」
0x010000520005CE21,310,263,Rizia/Turn 3/EnT_ElenaRustyMeeting,Player_Romus,en,「私は協力することに反対しているわけではない。しかし、全ては私の条件に従って行われるべきだ。」
0x010000520005CE28,310,264,Rizia/Turn 3/EnT_ElenaRustyMeeting,Russello Montoro,en,「これはまだ始まりに過ぎません、陛下。」
0x010000520005CE30,310,265,Rizia/Turn 3/EnT_ElenaRustyMeeting,Russello Montoro,en,「もし本当にリジアの貴族たちの足元から敷物を引き抜こうとお考えなら、最も裕福な財布が必要でしょう。」
0x010000520005CE37,310,266,Rizia/Turn 3/EnT_ElenaRustyMeeting,Russello Montoro,en,「返事をする必要はありません。少しだけ私の話を聞いてください。」
0x010000520005CE3D,310,267,Rizia/Turn 3/EnT_ElenaRustyMeeting,Russello Montoro,en,「私が知っているのは、『改革』という言葉が陛下のお名前に関連して一度か二度ほど挙がったということだけです。もちろんダストヌリティ派のことではありません。」
0x010000520005CE4D,310,268,Rizia/Turn 3/EnT_ElenaRustyMeeting,Player_Romus,en,「もし私にそのような計画があるとしても、それがあなたに何の関係があるというのか？」
0x010000520005CE55,310,269,Rizia/Turn 3/EnT_ElenaRustyMeeting,Russello Montoro,en,「ああ！つまり私の考えが正しいということですね？」
0x010000520005CE5E,310,270,Rizia/Turn 3/EnT_ElenaRustyMeeting,Player_Romus,en,「モントーロさん、地獄へ行きなさい。」
0x010000520005CE65,310,271,Rizia/Turn 3/EnT_ElenaRustyMeeting,Narrator,en,彼は肩をすくめた。
0x010000520005CE6C,310,272,Rizia/Turn 3/EnT_ElenaRustyMeeting,Russello Montoro,en,「陛下のご命令の通りにいたします。」
0x010000520005CE73,310,273,Rizia/Turn 3/EnT_ElenaRustyMeeting,Player_Romus,en,「その噂は大げさだ。私が実施する改革も、せいぜい些細なものに過ぎない。」
0x010000520005CE80,310,274,Rizia/Turn 3/EnT_ElenaRustyMeeting,Russello Montoro,en,「たとえ些細なものであっても、この国の貴族たちが変化を好まないことは、私と同じように陛下もご存知でしょう。」
0x010000520005CE9B,310,275,Rizia/Turn 3/EnT_ElenaRustyMeeting,Narrator,en,彼は勝ち誇った様子で自分の方を指差した。ウーゴがこちらに歩いて戻ってくるのを見ると、彼はより真剣な態度を取った。
0x010000520005CEA7,310,276,Rizia/Turn 3/EnT_ElenaRustyMeeting,Russello Montoro,en,「陛下、お側には味方が必要でしょう。資源を惜しみなく使え、そのために何の遠慮も持たない人物です。」
0x010000520005CEF2,310,277,Rizia/Turn 3/EnT_ElenaRustyMeeting,Russello Montoro,en,「陛下、私はあなたの側にいます。もし許していただければ、これからもそうあり続けます。」
0x010000520005CF43,310,278,Rizia/Turn 3/EnT_ElenaRustyMeeting,Russello Montoro,en,「私は本当に、心底申し訳ありません。アルカシアから近衛兵を連れ去ることはできても、他の者たちは……ええ、ご存知の通りです。」
0x010000520005CF4A,310,279,Rizia/Turn 3/EnT_ElenaRustyMeeting,Russello Montoro,en,「旧友と再会するのに、特別な機会など必要ですか？」
0x010000520005CF57,310,280,Rizia/Turn 3/EnT_ElenaRustyMeeting,Hugo Toras,en,「モントーロさん、いつから陛下がリジア人民党のことを気になさるようになったのですか？」
0x010000520005CF5E,310,281,Rizia/Turn 3/EnT_ElenaRustyMeeting,Player_Romus,en,「彼が心配するのも無理はない。マヌス・サゾンが指導者である限り、その党派は実際の脅威となり得る。」
0x010000520005CF65,310,282,Rizia/Turn 3/EnT_ElenaRustyMeeting,Player_Romus,en,「私の言う通りだ。RPPには何も変える力などない。」
0x010000520005CF6C,310,283,Rizia/Turn 3/EnT_ElenaRustyMeeting,Player_Romus,en,「その党は労働者たちの要求を最上位の政府機関まで届けようとしているのだね。素晴らしいことだ。」
0x010000520005CF73,310,284,Rizia/Turn 3/EnT_ElenaRustyMeeting,Player_Romus,en,「鉱山労働者たちはRPPの助けなど必要としていない。私こそが王だ。即座に彼らの状況を改善できるのは私だ。」
0x010000520005CF7A,310,285,Rizia/Turn 3/EnT_ElenaRustyMeeting,Russello Montoro,en,「陛下、それは可能でございます。しかし、本当にそうすべきでしょうか？」
0x010000520005CF81,310,286,Rizia/Turn 3/EnT_ElenaRustyMeeting,Russello Montoro,en,「理論上の話に過ぎません。」
0x010000520005CF88,310,287,Rizia/Turn 3/EnT_ElenaRustyMeeting,Russello Montoro,en,「民衆の心以外はです。」
0x010000520005CF8F,310,288,Rizia/Turn 3/EnT_ElenaRustyMeeting,Russello Montoro,en,「我々が適切な方向に導けば、そうはなりません。」
0x010000520005CF9F,310,292,Rizia/Turn 3/EnT_ElenaRustyMeeting,Russello Montoro,en,「私としては、新たな地を開拓することに力を入れた方が良いと思います。あなたの行った鉱山調査は良い出発点でした…」
0x010000520005CFA6,310,293,Rizia/Turn 3/EnT_ElenaRustyMeeting,Russello Montoro,en,「一方、カルスは実に有望ですね。あなたの行った調査は真に天才的な発想でした。」
0x010000520005CFB3,310,297,Rizia/Turn 3/EnT_ElenaRustyMeeting,Russello Montoro,en,「私としては、新たな土地を開拓することに力を入れた方が良いと思います。噂では、ヴァレンキリスにおられる陛下のご親族が、非常に価値の高い不動産を所有しているそうです。」
0x010000520005CFBA,310,298,Rizia/Turn 3/EnT_ElenaRustyMeeting,Russello Montoro,en,「ですが、その金を採掘するために満たさなければならない不要な条件が多くなればなるほど、陛下が手元に残せる量は少なくなってしまいます。」
0x010000520005CFC4,310,299,Rizia/Turn 3/EnT_ElenaRustyMeeting,Russello Montoro,en,「それで本当に誰かの安全が確保されるのでしょうか？疑問です。我々の利益にとって致命的な打撃となるでしょうか？間違いなくそうです。」
0x010000520005CFCB,310,300,Rizia/Turn 3/EnT_ElenaRustyMeeting,Player_Romus,en,「私には依然として、あなたが何を言いたいのか分からない。」
0x010000520005CFD2,310,301,Rizia/Turn 3/EnT_ElenaRustyMeeting,Russello Montoro,en,「もし噂が事実なら、陛下……我々両者ともに大きな利益を得られる莫大な可能性があるように思えます。」
0x010000520005CFD9,310,302,Rizia/Turn 3/EnT_ElenaRustyMeeting,Russello Montoro,en,「まったく、国際的な投資家たちが絶対君主制に手を出したがらないせいで、我々がどれだけの発展機会を逃しているか分かっていますか？」
0x010000520005CFE0,310,303,Rizia/Turn 3/EnT_ElenaRustyMeeting,Russello Montoro,en,「私は陛下の側にいます。もし許していただけるなら、そうあり続けます。」
0x010000520005CFE8,310,304,Rizia/Turn 3/EnT_ElenaRustyMeeting,Hugo Toras,en,「モントーロ氏がその出資権の再交渉に前向きであることは良い兆候だと思います。また、我々の産業への過度な規制は企業活動を妨げる一方で労働者を危険なほど傲慢にさせるという点についても同感です。」
0x010000520005CFEF,310,305,Rizia/Turn 3/EnT_ElenaRustyMeeting,Narrator,en,彼は私に意地悪な笑みを向けた。
0x010000520005CFF6,310,306,Rizia/Turn 3/EnT_ElenaRustyMeeting,Russello Montoro,en,「はい、陛下。毎日のように、私が与えられたこの特権に感謝しております。」
0x010000520005CFFD,310,307,Rizia/Turn 3/EnT_ElenaRustyMeeting,Russello Montoro,en,「私もまた同じように恩返しをしたいと思っております。RRGがこれまで通り存続し続けるよう願い、必ず三倍の恩返しを致します。」
0x010000520005D021,310,311,Rizia/Turn 3/EnT_ElenaRustyMeeting,Russello Montoro,en,「私の友人であるガス・マンガーが、陛下の治世に可能性があると言っていました。私も彼の意見に賛同する傾向にあります。」
0x010000520005D028,310,312,Rizia/Turn 3/EnT_ElenaRustyMeeting,Russello Montoro,en,「もし引き続き取引を続け、これまで通り我々に事業を営ませてくださるのであれば……陛下、リジア人の各家庭の裏庭に金でできたプールがある光景を想像してみてください。」
0x010000520005D02F,310,313,Rizia/Turn 3/EnT_ElenaRustyMeeting,Russello Montoro,en,「我々は共にこの状況を乗り越えていきます。リジア王室金鉱の利益となることは、リジアの王族にとっても利益となります。その逆もまた真です。」
0x010000520005D038,310,314,Rizia/Turn 3/EnT_ElenaRustyMeeting,Russello Montoro,en,「これまで通りに物事を運営させていただければ、残りのことは私が対処いたします。」
0x010000520005D04C,310,315,Rizia/Turn 3/EnT_ElenaRustyMeeting,Hugo Toras,en,「陛下、あなた様が芸術の鑑識家だとは思いませんでした。モントーロ氏、廊下にあるそのコロレスのフレスコ画は実に見事ですね。」
0x010000520005D052,310,316,Rizia/Turn 3/EnT_ElenaRustyMeeting,Narrator,en,ウーゴがこちらに向かって歩いてくるのを見ると、彼は言葉を途切れさせた。
0x010000520005D05C,310,317,Rizia/Turn 3/EnT_ElenaRustyMeeting,Russello Montoro,en,「ええ、まあ。私の友人であるガス・マンガーが、それは良い投資だと説得してくれたのです。」
0x010000520005D063,310,318,Rizia/Turn 3/EnT_ElenaRustyMeeting,Narrator,en,彼はかすかに笑みを浮かべた。
0x010000520005D069,310,319,Rizia/Turn 3/EnT_ElenaRustyMeeting,Narrator,en,ウーゴは静かに身震いした。
0x010000520005D070,310,320,Rizia/Turn 3/EnT_ElenaRustyMeeting,Player_Romus,en,「もう十分聞いた。ここに招いてまで私から恩恵を引き出そうとするとは知っていれば、わざわざ来る手間は省いたのに。」
0x010000520005D077,310,321,Rizia/Turn 3/EnT_ElenaRustyMeeting,Russello Montoro,en,「陛下、何か手がかりをお教えください。王位は我々の側にあるのでしょうか？」
0x010000520005D086,310,322,Rizia/Turn 3/EnT_ElenaRustyMeeting,Narrator,en,彼は両腕を大きく広げた。
0x010000520005D092,310,323,Rizia/Turn 3/EnT_ElenaRustyMeeting,Player_Romus,en,「我々は確かに共にこの状況に立ち向かっている。引き続き王国に金を供給してくれれば、RRGの行く手にあるあらゆる障害は私が解決しよう。」
0x010000520005D099,310,324,Rizia/Turn 3/EnT_ElenaRustyMeeting,Player_Romus,en,「私が味方するのは、ただ働きに励む一般のリジア人だけだ。たとえ我々の金鉱の備蓄が損なわれようとも、彼らの幸せこそが最優先だ。」
0x010000520005D0A0,310,325,Rizia/Turn 3/EnT_ElenaRustyMeeting,Russello Montoro,en,「もし私が間違っているなら、遠慮なく地獄に行けと言ってください。どうせ貴族たちはいつもそうすることですから。」
0x010000520005D0B1,310,327,Rizia/Turn 3/EnT_ElenaRustyMeeting,Player_Romus,en,「私がそんな不敬な言葉を口にするはずがない。だが、あなたとこの件について話し合う気はない。」
0x010000520005D0BD,310,329,Rizia/Turn 3/EnT_ElenaRustyMeeting,Narrator,en,彼は肩をすくめた。
0x010000520005D0C3,310,330,Rizia/Turn 3/EnT_ElenaRustyMeeting,Russello Montoro,en,「陛下、お好きになさってください。」
0x010000520005D0D7,310,334,Rizia/Turn 3/EnT_ElenaRustyMeeting,Russello Montoro,en,「ところで、彼は陛下の治世に対して非常に高い期待を抱いていると私に語りました。私も同じような期待を持っております。」
0x010000520005D0DE,310,335,Rizia/Turn 3/EnT_ElenaRustyMeeting,Russello Montoro,en,「ところで、陛下が彼の提案を断ったことについては何も不満を抱いておりません。ですが、引き続き交渉の道を開いていてほしいと願っています。」
0x010000520005D0E6,310,336,Rizia/Turn 3/EnT_ElenaRustyMeeting,Russello Montoro,en,「もし引き続き取引を続け、これまで通り我々に事業を営ませてくださるのであれば……陛下、リジア人の各家庭の裏庭に金でできたプールがある光景を想像してみてください。」
0x010000520005D0EC,310,337,Rizia/Turn 3/EnT_ElenaRustyMeeting,Narrator,en,ウーゴは静かに身震いした。
0x010000520005D0F4,310,338,Rizia/Turn 3/EnT_ElenaRustyMeeting,Russello Montoro,en,「私も同じです。特に、先ほど話していたあの件に関してはなおさらです。」
0x010000520005D0FF,310,339,Rizia/Turn 3/EnT_ElenaRustyMeeting,Player_Romus,en,「RRGが王室のためにしてくれたことすべてに感謝している。しかし、労働者たちの懸念を考慮するのは、リジアの民への義務だと思っている。」
0x010000520005D107,310,340,Rizia/Turn 3/EnT_ElenaRustyMeeting,Player_Romus,en,「どちらかという約束はしない。」
0x010000520005D110,310,341,Rizia/Turn 3/EnT_ElenaRustyMeeting,Narrator,en,彼は動じることなく頷いた。
0x010000520005D117,310,342,Rizia/Turn 3/EnT_ElenaRustyMeeting,Russello Montoro,en,「かしこまりました、陛下。」
0x010000520005D120,310,343,Rizia/Turn 3/EnT_ElenaRustyMeeting,Russello Montoro,en,「お願い事ですって？誤解を与えてしまったなら申し訳ありません。単に友好的な会話をしようと思っただけです。」
0x010000520005D12D,310,344,Rizia/Turn 3/EnT_ElenaRustyMeeting,Russello Montoro,en,「陛下、心より感謝いたします。」
0x010000520005D13C,310,346,Rizia/Turn 3/EnT_ElenaRustyMeeting,Narrator,en,彼はプールが見渡せるテラスに並べられていた花模様の椅子たちを指差した。
0x010000BE000042B1,310,350,Rizia/Turn 3/EnT_ElenaRustyMeeting,Russello Montoro,en,「陛下、私がお金を受け取られた時に、陛下が私の振る舞いについて不満を言う声は聞きませんでしたよ。」
0x010000BE000042C5,310,354,Rizia/Turn 3/EnT_ElenaRustyMeeting,Russello Montoro,en,「それに、最近陛下が私から多額の金を受け取られたこともありますし、ご恩人に直接会っていただきたく思ったのです。」
0x010000BE000042D1,310,358,Rizia/Turn 3/EnT_ElenaRustyMeeting,Russello Montoro,en,「ところで、私がお貸ししたその借金の返済については急ぐ必要はありません。」
0x010000BE000042DA,310,359,Rizia/Turn 3/EnT_ElenaRustyMeeting,Player_Romus,en,「ああ、ご厚意に感謝する。必ず適切な時期に返済する。」
0x010000BE000042E1,310,360,Rizia/Turn 3/EnT_ElenaRustyMeeting,Player_Romus,en,「私の父があなたにこれほど多くの富を蓄えさせたのは恥知らずな行為だ。リジア王国の王が平民から借金をしなければならないなんてあり得ないことだ。」
0x010000BE000042EC,310,361,Rizia/Turn 3/EnT_ElenaRustyMeeting,Player_Romus,en,「RRGから借金をするからといって、我々の間に何らかの*取り決め*が生まれるわけではない。その点は最初から分かっておくべきだ。」
0x010000BE000042F5,310,362,Rizia/Turn 3/EnT_ElenaRustyMeeting,Russello Montoro,en,「陛下、あなた様は私の事業にとって非常に貴重な株主です。我々の間の取り決めをここで終わらせたいとお考えでしたら、そう致しましょう。」
0x010000BE000042FE,310,363,Rizia/Turn 3/EnT_ElenaRustyMeeting,Russello Montoro,en,「どういたしまして。陛下とヴェルナー様がそのお金を適切に使ってくださることは間違いありません。」
0x010000BE00004305,310,364,Rizia/Turn 3/EnT_ElenaRustyMeeting,Russello Montoro,en,「えっ、私が努力しなかったわけではありません。それに、陛下とヴェルナー様ならその資金をすぐに二倍にしてくださることでしょう。」
0x010000BE00004310,310,365,Rizia/Turn 3/EnT_ElenaRustyMeeting,Player_Romus,en,「ここでそのような話を持ち出すのは無礼だ。これ以上その件について話さない。」
0x010000BE00004319,310,366,Rizia/Turn 3/EnT_ElenaRustyMeeting,Russello Montoro,en,「わかりました。もう何も口にしません。」
0x010000BE00004327,310,370,Rizia/Turn 3/EnT_ElenaRustyMeeting,Player_Romus,en,「あなたは協力と言うが、私には高利貸しのように思える。その『融資』という手口を私の父上にも使おうとしたのか？」
0x010000BE0000432E,310,371,Rizia/Turn 3/EnT_ElenaRustyMeeting,Russello Montoro,en,「陛下、それは策略でしょうか？私はただ両者共に利益を得られるよう努めているだけです。おそらくご存知の通り、金を稼ぐためには資金を使わなければなりません。」
0x010000BE00004343,310,375,Rizia/Turn 3/EnT_ElenaRustyMeeting,Russello Montoro,en,「ところで、もし陛下の国庫が不足するようなことがあれば、遠慮なくご連絡ください。」
0x010000BE0000434A,310,376,Rizia/Turn 3/EnT_ElenaRustyMeeting,Russello Montoro,en,「RRGの件はさておき、私は運良く非常に利益の大きい投資を行うことができました。その富を分かち合えることを嬉しく思います。」
0x010000BE00004351,310,377,Rizia/Turn 3/EnT_ElenaRustyMeeting,Russello Montoro,en,「陛下、誤解なさらないでください。私の個人的な財政状況は問題ありません。ここで心配しているのは陛下の収入源のことです。」
0x010000BE00004358,310,378,Rizia/Turn 3/EnT_ElenaRustyMeeting,Russello Montoro,en,「そして忘れてはなりません。もし再び王室の資金が不足するようなことがあれば、ラスティの銀行は依然として開いています。」
0x010000C7000001B3,310,382,Rizia/Turn 3/EnT_ElenaRustyMeeting,Russello Montoro,en,「一方、カルスは実に有望な状況にあります。」
