articy_id,conversation_id,entry_id,conversation,actor,field,ja
0x01000000000018C7,1,3,Sordland/Turn01/EnT_EconomicOverview,Narrator,en,シモン・ホル、ガス・マンガー、リリアス・グラーフは、予定されていた経済会議のためにホワイトルームに到着しようとしていた。そこはマルーン宮殿内で、すべての重要な会議が開催される部屋だった。
0x01000000000018E9,1,4,Sordland/Turn01/EnT_EconomicOverview,Symon Holl,en,「私と部下たちは、あらゆる側面を徹底的に分析しました――」
0x01000000000018FA,1,5,Sordland/Turn01/EnT_EconomicOverview,Symon Holl,en,「ああ、そこに置いてください。」
0x0100000000001903,1,6,Sordland/Turn01/EnT_EconomicOverview,Narrator,en,ドアのそばにいた補佐官の一人からうめき声が上がり、彼の話は遮られた。二人とも重いプロジェクターを支えようと必死にもがいているのが見て取れた。
0x010000000000190B,1,7,Sordland/Turn01/EnT_EconomicOverview,Narrator,en,彼はソル大統領の絵画の下を指差した。補佐官たちはテーブルの横にプロジェクターを設置し、壁に白いスクリーンを取り付けた。
0x0100000000001913,1,8,Sordland/Turn01/EnT_EconomicOverview,Player,en,「我が国のGDPや負債の状況はどうなっているのか？」
0x0100000000001913,1,8,Sordland/Turn01/EnT_EconomicOverview,Player,Menu Text en,「我が国のGDPや負債の状況はどうなっているのか？」
0x0100000000001919,1,9,Sordland/Turn01/EnT_EconomicOverview,Player,en,「我が国の失業率とインフレ率はいくつだ？」
0x0100000000001919,1,9,Sordland/Turn01/EnT_EconomicOverview,Player,Menu Text en,「我が国の失業率とインフレ率はいくつだ？」
0x010000000000192A,1,10,Sordland/Turn01/EnT_EconomicOverview,Symon Holl,en,「レイン大統領、経済はご専門ですので、おそらく既に関連データをご存知かと思います。それでも私から現在の経済状況をより詳しく説明させていただきます。」
0x0100000000001939,1,11,Sordland/Turn01/EnT_EconomicOverview,Symon Holl,en,「大統領、少々お時間をいただけますでしょうか。非常に重要なデータを説明しようと思います。」
0x0100000000001C33,1,12,Sordland/Turn01/EnT_EconomicOverview,Player,en,「申し訳ない、どうぞ続けてくれ。」
0x0100000000001C33,1,12,Sordland/Turn01/EnT_EconomicOverview,Player,Menu Text en,「申し訳ない、どうぞ続けてくれ。」
0x0100000000001C43,1,13,Sordland/Turn01/EnT_EconomicOverview,Player_Italic,en,私は黙っていた。突然、部屋の雰囲気がわずかに悪くなった。
0x0100000000001C43,1,13,Sordland/Turn01/EnT_EconomicOverview,Player_Italic,Menu Text en,黙っている
0x0100000000001C69,1,14,Sordland/Turn01/EnT_EconomicOverview,Symon Holl,en,「レイン様、私はとても元気でやる気に満ちております。我が国の大臣たちも同じような気持ちのようです。」
0x0100000000001C84,1,15,Sordland/Turn01/EnT_EconomicOverview,Player,en,「景気後退の現状はどうなっているか？」
0x0100000000001C84,1,15,Sordland/Turn01/EnT_EconomicOverview,Player,Menu Text en,「景気後退の現状はどうなっているか？」
0x0100000000001C9F,1,16,Sordland/Turn01/EnT_EconomicOverview,Symon Holl,en,「現在の我が国のGDPは3100億ソードランド・レンで、国家債務は4270億です。」
0x0100000000001CA6,1,17,Sordland/Turn01/EnT_EconomicOverview,Symon Holl,en,"「過去1年間、経済は約-6％の不況状態にありました。1人当たりのGDPも1951年から現在にかけて、SR15,454からSR10,359まで低下しています。」"
0x0100000000001CAD,1,18,Sordland/Turn01/EnT_EconomicOverview,Symon Holl,en,「失業率は急騰し、現在では驚異の16％に達しており、物価上昇率も10％と比較的高い水準にあります。」
0x0100000000001D9D,1,19,Sordland/Turn01/EnT_EconomicOverview,Narrator,en,シモンは目の前の書類の山を整然と並べ直し、最後にメモをもう一度確認してから咳払いをした。
0x0100000000002102,1,22,Sordland/Turn01/EnT_EconomicOverview,Player,en,「必要な情報はすべて揃っている。では、経済戦略について話そう。」
0x0100000000002102,1,22,Sordland/Turn01/EnT_EconomicOverview,Player,Menu Text en,「必要な情報はすべて揃っている。では、経済戦略について話そう。」
0x010000000000210C,1,23,Sordland/Turn01/EnT_EconomicOverview,Player_Italic,en,私はあくびをした。シモンは不満げに私を見つめた。
0x010000000000210C,1,23,Sordland/Turn01/EnT_EconomicOverview,Player_Italic,Menu Text en,あくびをした
0x0100000000002115,1,24,Sordland/Turn01/EnT_EconomicOverview,Player_Italic,en,リリアスはテーブルに身を寄せて話し始めた。
0x0100000000002115,1,24,Sordland/Turn01/EnT_EconomicOverview,Player_Italic,Menu Text en,待つ
0x0100000000003B3A,1,25,Sordland/Turn01/EnT_EconomicOverview,Gus Manger,en,「バカなことを言うな、リリアス。大ホルソードやゲルスランド地域が直面している失業危機はどうするんだ？あの地域こそが我々の経済の中心地なのだ。」
0x0100000000003B41,1,26,Sordland/Turn01/EnT_EconomicOverview,Lileas Graf,en,「ガス、経済的に進んだ地域の方がアグンランドよりも投資を必要としていると本当に思うのか？」
0x0100000000003B49,1,27,Sordland/Turn01/EnT_EconomicOverview,Symon Holl,en,「おはようございます、大統領。」
0x0100000000003B50,1,28,Sordland/Turn01/EnT_EconomicOverview,Narrator,en,廊下から、リリアス・グラーフの声が聞こえてきた。彼女は激しい口論の際によく見せる、忍耐強くほとんど母親のような口調を使っていた。
0x0100000000003B5A,1,29,Sordland/Turn01/EnT_EconomicOverview,Narrator,en,シモン・ホルは二人の大臣を見ることもせず、素早くその間に割って入った。そして咳払いをした。
0x0100000000003B6B,1,30,Sordland/Turn01/EnT_EconomicOverview,Player,en,「この議論は何についてのものか？」
0x0100000000003B6B,1,30,Sordland/Turn01/EnT_EconomicOverview,Player,Menu Text en,「この論争は何についてのものか？」
0x0100000000003B73,1,31,Sordland/Turn01/EnT_EconomicOverview,Player,en,「皆さん、おはよう。元気か？」
0x0100000000003B73,1,31,Sordland/Turn01/EnT_EconomicOverview,Player,Menu Text en,「皆さん、おはよう。」
0x0100000000003BA1,1,32,Sordland/Turn01/EnT_EconomicOverview,Lileas Graf,en,「レイン大統領、これは単なる国内経済戦略に関する意見の相違に過ぎません。」
0x0100000000003BA9,1,33,Sordland/Turn01/EnT_EconomicOverview,Gus Manger,en,「リリアス、それを単なる意見の相違と呼べるかどうか分からないな。」
0x0100000000003BB1,1,34,Sordland/Turn01/EnT_EconomicOverview,Player,en,「では、説明を始めよう。」
0x0100000000003BB1,1,34,Sordland/Turn01/EnT_EconomicOverview,Player,Menu Text en,「では、説明を始めよう。」
0x0100000000003BC2,1,35,Sordland/Turn01/EnT_EconomicOverview,Player,en,「リリアス、状況を説明してくれないか？」
0x0100000000003BC2,1,35,Sordland/Turn01/EnT_EconomicOverview,Player,Menu Text en,「リリアス、状況を説明してくれないか？」
0x0100000000003BCB,1,36,Sordland/Turn01/EnT_EconomicOverview,Lileas Graf,en,「我々はすでに地方自治体の再編や新たな安全対策の導入を始めており、順調なスタートを切っている。」
0x0100000000003BD2,1,37,Sordland/Turn01/EnT_EconomicOverview,Gus Manger,en,「状況は好調です、大統領。ただ、対処が必要な課題も多くあるようです。」
0x0100000000003BDB,1,38,Sordland/Turn01/EnT_EconomicOverview,Player,en,「私の内閣らしいな。ガスとリリアスはどうだ？」
0x0100000000003BDB,1,38,Sordland/Turn01/EnT_EconomicOverview,Player,Menu Text en,「予想通りだ。ガスとリリアスはどうしている？」
0x0100000000003BF6,1,39,Sordland/Turn01/EnT_EconomicOverview,Lileas Graf,en,「一方、アグンランドのレンクルグやアルヴォリーといった多くの都市では、依然として生活必需品が適時に届けられていないのです。」
0x0100000000003BFE,1,40,Sordland/Turn01/EnT_EconomicOverview,Player,en,「ガス、説明してもらえるか？」
0x0100000000003BFE,1,40,Sordland/Turn01/EnT_EconomicOverview,Player,Menu Text en,「ガス、説明してもらえるか？」
0x0100000000003C0F,1,41,Sordland/Turn01/EnT_EconomicOverview,Gus Manger,en,「グラーフ夫人は、経済的な利益を得られない地域に我が国の経済発展の重点を置こうとしているのです。」
0x0100000000003C37,1,42,Sordland/Turn01/EnT_EconomicOverview,Symon Holl,en,「もちろんです、大統領。」
0x0100000000003C40,1,43,Sordland/Turn01/EnT_EconomicOverview,Symon Holl,en,「はい。反対する方がいなければ、私の説明を続けますが？」
0x0100000000003C48,1,44,Sordland/Turn01/EnT_EconomicOverview,Lileas Graf,en,「お願いします。」
0x0100000000003C4F,1,45,Sordland/Turn01/EnT_EconomicOverview,Gus Manger,en,「どうぞ。」
0x0100000000003C59,1,46,Sordland/Turn01/EnT_EconomicOverview,Player,en,「それは良かった。では始めよう。」
0x0100000000003C59,1,46,Sordland/Turn01/EnT_EconomicOverview,Player,Menu Text en,「それは良かった。では始めよう。」
0x0100000000003C62,1,47,Sordland/Turn01/EnT_EconomicOverview,Player,en,「よろしい。あなたの能力には信頼を寄せている。」
0x0100000000003C62,1,47,Sordland/Turn01/EnT_EconomicOverview,Player,Menu Text en,「よろしい。あなたの能力には信頼を寄せている。」
0x0100000000003C6A,1,48,Sordland/Turn01/EnT_EconomicOverview,Player,en,「何かお手伝いが必要なことがあれば、私に連絡してくれ。」
0x0100000000003C6A,1,48,Sordland/Turn01/EnT_EconomicOverview,Player,Menu Text en,「何かお手伝いが必要なことがあれば、私に連絡してくれ。」
0x0100000000003FF3,1,49,Sordland/Turn01/EnT_EconomicOverview,Gus Manger,en,「もちろんです、大統領。」
0x0100000000003FFA,1,50,Sordland/Turn01/EnT_EconomicOverview,Lileas Graf,en,「了解しました。」
0x0100000000004003,1,51,Sordland/Turn01/EnT_EconomicOverview,Lileas Graf,en,「そのお言葉、感謝いたします。」
0x010000000000400B,1,52,Sordland/Turn01/EnT_EconomicOverview,Gus Manger,en,「我々は皆様を失望させることはありません。」
0x010000000000404B,1,53,Sordland/Turn01/EnT_EconomicOverview,Player,en,「それははっきりと分かる。あの議論は何についてだったのか？」
0x010000000000404B,1,53,Sordland/Turn01/EnT_EconomicOverview,Player,Menu Text en,「それははっきりと分かる。あの議論は何についてだったのか？」
0x0100000000004055,1,54,Sordland/Turn01/EnT_EconomicOverview,Gus Manger,en,「我々はインフラ計画について話し合っていました。よろしければ、その件について大統領とお話ししたいのですが――」
0x010000000000405C,1,55,Sordland/Turn01/EnT_EconomicOverview,Symon Holl,en,「ありがとうございます、大統領。それでは、最新の経済状況をお見せしたいと思います。」
0x010000000000406C,1,56,Sordland/Turn01/EnT_EconomicOverview,Narrator,en,シモンは自分のスライドを探し始めた。彼はいつも書類を持ち歩いていたのだ。
0x0100000000004073,1,57,Sordland/Turn01/EnT_EconomicOverview,Symon Holl,en,「今すぐ去ってください。つまり、ありがとうございます、そしてどうか今すぐ立ち去ってほしいのです。」
0x0100000000004084,1,58,Sordland/Turn01/EnT_EconomicOverview,Symon Holl,en,「まず最初に、私の経済に関する報告を行いたいと思います。」
0x0100000000004099,1,59,Sordland/Turn01/EnT_EconomicOverview,Player,en,「ガス、君はこの件についてどう思う？」
0x0100000000004099,1,59,Sordland/Turn01/EnT_EconomicOverview,Player,Menu Text en,「ガス、君はこの件についてどう思う？」
0x01000000000040D6,1,60,Sordland/Turn01/EnT_EconomicOverview,Narrator,en,補佐官たちは内閣室を去っていった。シモンは人付き合いがあまり得意ではなかったことを改めて思い出した。しかし数字に対する卓越した才能のおかげで、彼はソードランドで最も需要の高い経済専門家となっていたのだ。
0x01000000000040E8,1,61,Sordland/Turn01/EnT_EconomicOverview,Lileas Graf,en,「地域の発展や国民への奉仕ではなく、金儲けを主目的とするのであれば、それもまた賢明な考えだ。」
0x01000000000040F0,1,62,Sordland/Turn01/EnT_EconomicOverview,Gus Manger,en,「大統領、大ホルソードやゲルスランドで政府の契約を引き受けてくれる優秀な建設会社がいくつかございます。」
0x01000000000040F8,1,63,Sordland/Turn01/EnT_EconomicOverview,Player,en,「リリアス、もう少し詳しく説明してくれないか？」
0x01000000000040F8,1,63,Sordland/Turn01/EnT_EconomicOverview,Player,Menu Text en,「リリアス、もう少し詳しく説明してくれないか？」
0x0100000000004101,1,64,Sordland/Turn01/EnT_EconomicOverview,Player,en,「リリアス、言い方に気をつけてくれないか？」
0x0100000000004101,1,64,Sordland/Turn01/EnT_EconomicOverview,Player,Menu Text en,「リリアス、言い方に気をつけてくれないか？」
0x0100000000004116,1,65,Sordland/Turn01/EnT_EconomicOverview,Lileas Graf,en,「申し訳ありません、大統領。私はアルヴォリーの街とアグンランド地方全体のために最善を尽くしたいだけです。」
0x010000000000411E,1,66,Sordland/Turn01/EnT_EconomicOverview,Lileas Graf,en,「もちろんです。問題は単純です。アグンランドは経済的・社会的支援の両面において、我々の中で最も弱体な地域なのです。」
0x0100000000004126,1,67,Sordland/Turn01/EnT_EconomicOverview,Gus Manger,en,「あなたがどれほど公平でいられるというのですか？」
0x010000000000412E,1,68,Sordland/Turn01/EnT_EconomicOverview,Player,en,「私も同感だ。アグンランドには投資が必要だ。」
0x010000000000412E,1,68,Sordland/Turn01/EnT_EconomicOverview,Player,Menu Text en,「私も同感だ。アグンランドには投資が必要だ。」
0x0100000000004136,1,69,Sordland/Turn01/EnT_EconomicOverview,Player,en,「なぜ彼女の公平さを疑うのか？」
0x0100000000004136,1,69,Sordland/Turn01/EnT_EconomicOverview,Player,Menu Text en,「なぜ彼女の公平さを疑うのか？」
0x0100000000004147,1,70,Sordland/Turn01/EnT_EconomicOverview,Narrator,en,シモンはその口論を見ていた。
0x0100000000004151,1,71,Sordland/Turn01/EnT_EconomicOverview,Player,en,「シモン、あなたの見解はどうだ？」
0x0100000000004151,1,71,Sordland/Turn01/EnT_EconomicOverview,Player,Menu Text en,「シモン、あなたの見解はどうだ？」
0x010000000000415A,1,72,Sordland/Turn01/EnT_EconomicOverview,Symon Holl,en,「実を言うと、私は二人の意見に共感します。アグンランドには投資が必要であり、大ホルソードやゲルスランドの状況も改善できるはずです。」
0x010000000000429B,1,73,Sordland/Turn01/EnT_EconomicOverview,Narrator,en,シモンが割って入った。
0x01000000000042A6,1,74,Sordland/Turn01/EnT_EconomicOverview,Gus Manger,en,「この蛇のような女はかつてアルヴォリーの市長で、エリック・ニールがその後継者だ。彼女の主張には偏りがある可能性がある。」
0x01000000000042AE,1,75,Sordland/Turn01/EnT_EconomicOverview,Lileas Graf,en,「ガス、私の主張は単純な経済データによって裏付けられているの。我々で最も貧しく、発展が遅れている地域はアグンランドだ。」
0x01000000000042B6,1,76,Sordland/Turn01/EnT_EconomicOverview,Lileas Graf,en,「事実は明らかです。しかし、あなたは自分の考えを押し通すために中傷に頼ろうとしているように思えます。」
0x01000000000042BE,1,77,Sordland/Turn01/EnT_EconomicOverview,Narrator,en,リリアスは微笑み、丁寧に両手を合わせた。
0x01000000000042E6,1,78,Sordland/Turn01/EnT_EconomicOverview,Symon Holl,en,「今はこの話は避けたい。将来的にまた議論する機会があるからだ。まずは我々の現在の経済状況についてしっかりと説明したい。」
0x01000000000042EF,1,79,Sordland/Turn01/EnT_EconomicOverview,Gus Manger,en,「例えば、ナルギスでは統計数値が意図的に操作され、先進地域のように見せかけられている。実際には、そこは全土で最も貧しい地域なのだ。」
0x01000000000042F8,1,80,Sordland/Turn01/EnT_EconomicOverview,Symon Holl,en,「この議論はここで終わらせたい。すべてを落ち着いて、論理的に話し合おう。」
0x0100000000004398,1,81,Sordland/Turn01/EnT_EconomicOverview,Lileas Graf,en,「シモン、エストードに建設中だった新しい警察署はどうなったのですか？」
0x010000000000439F,1,82,Sordland/Turn01/EnT_EconomicOverview,Narrator,en,ブリーフケースの中身を確認しながら、彼は答えるために一瞬立ち止まった。
0x01000000000043A7,1,83,Sordland/Turn01/EnT_EconomicOverview,Symon Holl,en,「政府の財産境界問題によって進行が滞っているんです。私も早く調べようと思っていました。」
0x01000000000043B7,1,84,Sordland/Turn01/EnT_EconomicOverview,Lileas Graf,en,「その件については私が調べてみましょう。エストードにはできる限りの治安支援が必要です。」
0x01000000000043C7,1,85,Sordland/Turn01/EnT_EconomicOverview,Symon Holl,en,「もちろんです。分析に費やす時間がもっと増えます。」
0x01000000000043CF,1,86,Sordland/Turn01/EnT_EconomicOverview,Narrator,en,やっと探していたスライドを見つけると、彼の目は輝いた。
0x01000000000043E1,1,87,Sordland/Turn01/EnT_EconomicOverview,Gus Manger,en,「1500億もの富を失ったなんて、いまだに信じがたい。過去3年間は本当に厳しいものだった。」
0x01000000000043E8,1,88,Sordland/Turn01/EnT_EconomicOverview,Lileas Graf,en,「失業率の上昇が犯罪や薬物使用を増加させています。人々を街頭から救い出す必要があります。インフレもまた一般市民にとって好ましい状況ではありません。」
0x01000000000043F0,1,89,Sordland/Turn01/EnT_EconomicOverview,Symon Holl,en,「この政権の成功は、景気後退を食い止める我々の能力にかかっています。できるだけ早くGDP成長を実現することが重要です。」
0x0100000000004424,1,90,Sordland/Turn01/EnT_EconomicOverview,Player,en,「では始めよう。私としてもこれを楽しみにしている。」
0x0100000000004424,1,90,Sordland/Turn01/EnT_EconomicOverview,Player,Menu Text en,「では、始めよう。」
0x010000000000442D,1,91,Sordland/Turn01/EnT_EconomicOverview,Player,en,「ガスが何を言うか、私は聞いてみたいと思っている。」
0x010000000000442D,1,91,Sordland/Turn01/EnT_EconomicOverview,Player,Menu Text en,「ガスが何を言うか、私は聞いてみたいと思っている。」
0x0100000000004436,1,92,Sordland/Turn01/EnT_EconomicOverview,Symon Holl,en,「もちろんです、大統領。」
0x010000000000443E,1,93,Sordland/Turn01/EnT_EconomicOverview,Gus Manger,en,「大統領、大ホルソード地域やゲルスランド地域で政府の契約を引き受けてくれる優秀な建設会社がいくつかございます。」
0x0100000000004446,1,94,Sordland/Turn01/EnT_EconomicOverview,Gus Manger,en,「それによって農村経済が活性化するでしょう。大ホルソードやゲルスランド地域で事業を展開する投資先を選ぶ方が賢明だと思います。」
0x0100000000004458,1,95,Sordland/Turn01/EnT_EconomicOverview,Player,en,「これは良い機会のようだね。」
0x0100000000004458,1,95,Sordland/Turn01/EnT_EconomicOverview,Player,Menu Text en,「これは良い機会のようだね。」
0x0100000000004460,1,96,Sordland/Turn01/EnT_EconomicOverview,Player,en,「急ぐ必要はない、ガス。我々が何とかする。」
0x0100000000004460,1,96,Sordland/Turn01/EnT_EconomicOverview,Player,Menu Text en,「急ぐ必要はない、ガス。我々が何とかする。」
0x0100000000004472,1,97,Sordland/Turn01/EnT_EconomicOverview,Gus Manger,en,「それによって農村経済が活性化するでしょう。大ホルソードやゲルスランド地域で事業を展開する投資先を選ぶ方が賢明だと思います。」
0x010000000000447B,1,98,Sordland/Turn01/EnT_EconomicOverview,Player,en,「大ホルソードとゲルスランドの農村地域には投資が必要だという点に、私も同意する。」
0x010000000000447B,1,98,Sordland/Turn01/EnT_EconomicOverview,Player,Menu Text en,「私も、田園地帯には投資が必要だと考えている。」
0x0100000000004485,1,99,Sordland/Turn01/EnT_EconomicOverview,Narrator,en,ガスはニヤリと笑った。
0x0100000000004499,1,100,Sordland/Turn01/EnT_EconomicOverview,Narrator,en,リリアスとガスは黙り込んだ。
0x01000000000044AA,1,101,Sordland/Turn01/EnT_EconomicOverview,Gus Manger,en,「そうでしょう？それに、我々は……」
0x01000000000044B2,1,102,Sordland/Turn01/EnT_EconomicOverview,Narrator,en,リリアスが彼の言葉を遮った。
0x0100000000004E10,1,104,Sordland/Turn01/EnT_EconomicOverview,Player,en,「リリアス、この案についてあなたの考えは何だ？ご自身の見解を説明していただけるか？」
0x0100000000004E10,1,104,Sordland/Turn01/EnT_EconomicOverview,Player,Menu Text en,「リリアス、この提案についてあなたの考えはどうだ？」
0x01000000000122E2,1,124,Sordland/Turn01/EnT_EconomicOverview,Symon Holl,en,「我々の主要な公約の一つは、不況を食い止めるために計画経済を推進することでした。率直に言って、これが良い考えだったとは今でも思いません。」
0x01000000000122F1,1,125,Sordland/Turn01/EnT_EconomicOverview,Player,en,「自由市場経済を推進するのだ。」
0x01000000000122F1,1,125,Sordland/Turn01/EnT_EconomicOverview,Player,Menu Text en,「自由市場経済を推進するのだ。」
0x0100000000012301,1,126,Sordland/Turn01/EnT_EconomicOverview,Player,en,「約束した通り、計画経済を推進するのだ。」
0x0100000000012301,1,126,Sordland/Turn01/EnT_EconomicOverview,Player,Menu Text en,「約束した通り、計画経済を推進するのだ。」
0x010000000001232F,1,129,Sordland/Turn01/EnT_EconomicOverview,Symon Holl,en,「では、我々の全体的な経済計画は何を推進するのでしょうか？」
0x0100000000012349,1,130,Sordland/Turn01/EnT_EconomicOverview,Lileas Graf,en,「私は依然としてそれを支持しません。優秀な国有企業があるのに、なぜ民間部門を振興しなければならないのでしょうか？」
0x010000000001235E,1,131,Sordland/Turn01/EnT_EconomicOverview,Gus Manger,en,「再びソロノミクスに戻るべきではありません。それこそが不況の原因なのです。」
0x01000000000123D1,1,132,Sordland/Turn01/EnT_EconomicOverview,Lileas Graf,en,「私としては、これに賛同できるとは言えません。」
0x01000000000123D8,1,133,Sordland/Turn01/EnT_EconomicOverview,Gus Manger,en,「ここで正しい決断を下したのか、自信がありません。」
0x0100000000012403,1,134,Sordland/Turn01/EnT_EconomicOverview,Symon Holl,en,「これで進むべき方向が明確になりました。それに応じてしっかりとした計画を立てます。」
0x010000000002BFA9,1,137,Sordland/Turn01/EnT_EconomicOverview,Narrator,en,シモンはうなずいた。
0x010000000002BFB1,1,138,Sordland/Turn01/EnT_EconomicOverview,Narrator,en,シモンはその発言を無視した。
0x010000000002E3B1,1,139,Sordland/Turn01/EnT_EconomicOverview,Player,en,「自由市場戦略がもたらす結果のいくつかとは何だろうか？」
0x010000000002E3B1,1,139,Sordland/Turn01/EnT_EconomicOverview,Player,Menu Text en,「自由市場政策の結果として何が起こるのか？」
0x010000000002E3B9,1,140,Sordland/Turn01/EnT_EconomicOverview,Player,en,「我々の長期的な経済計画には何が盛り込まれているのか？」
0x010000000002E3B9,1,140,Sordland/Turn01/EnT_EconomicOverview,Player,Menu Text en,「我々の長期的な経済計画には何が盛り込まれているのか？」
0x010000000002E3C1,1,141,Sordland/Turn01/EnT_EconomicOverview,Player,en,「我々の長期的な経済計画には何が盛り込まれているのか？」
0x010000000002E3C1,1,141,Sordland/Turn01/EnT_EconomicOverview,Player,Menu Text en,「我々の長期的な経済計画には何が盛り込まれているのか？」
0x010000000002E3C9,1,142,Sordland/Turn01/EnT_EconomicOverview,Player,en,「計画経済戦略の欠点とは何だ？」
0x010000000002E3C9,1,142,Sordland/Turn01/EnT_EconomicOverview,Player,Menu Text en,「計画経済の欠点とは何だ？」
0x010000000002E3D1,1,143,Sordland/Turn01/EnT_EconomicOverview,Symon Holl,en,「建設業者の選定、貿易関係の整備、税制改革、民営化の推進などがその例です。」
0x010000000002E3D8,1,144,Sordland/Turn01/EnT_EconomicOverview,Symon Holl,en,「数は多くありませんが、世界経済の影響を強く受けやすくなっていると言えます。」
0x010000000002E3DF,1,145,Sordland/Turn01/EnT_EconomicOverview,Symon Holl,en,「当時の予測によれば、ソロノミクスの構造的問題はどうせ不況を招くことになっていた。いずれにせよ、どの学説を採用しようとも、個々の状況に応じて経済政策を決定する選択肢は残されている。」
0x010000000002E3E6,1,146,Sordland/Turn01/EnT_EconomicOverview,Symon Holl,en,「国家営公社やその他政府が管理するシステムの大部分は、効率が低いことは明らかだ。」
0x010000000002E3ED,1,147,Sordland/Turn01/EnT_EconomicOverview,Symon Holl,en,「建設会社の選定、貿易関係の整備、税制改革、そして福祉制度の民営化または国有化といった取り組みがその例です。」
0x010000000002E3F4,1,148,Sordland/Turn01/EnT_EconomicOverview,Lileas Graf,en,「堅固な計画経済戦略を守り続けることが正しい選択となるでしょう。過去においても五カ年計画は大きな成果を上げてきました。」
0x010000000002E3FB,1,149,Sordland/Turn01/EnT_EconomicOverview,Gus Manger,en,「世界経済の好調は我が国の経済にも良い影響をもたらすため、この問題について考えることは重要だ。」
0x010000000002E402,1,150,Sordland/Turn01/EnT_EconomicOverview,Lileas Graf,en,「ですが、私の見解ではそれは推奨されません。我々に最も必要ないのは、混乱した経済計画です。」
0x010000000002E409,1,151,Sordland/Turn01/EnT_EconomicOverview,Lileas Graf,en,「ソードランド政府およびその各機関や国営企業は、長年にわたり確かな成果を上げてきた実績がある。」
0x010000000002E410,1,152,Sordland/Turn01/EnT_EconomicOverview,Gus Manger,en,「我々は賢明に選択を下さなければならず、あらゆる形態の自由市場経済こそが世界の未来であることを忘れてはなりません。」
0x010000000002E417,1,153,Sordland/Turn01/EnT_EconomicOverview,Narrator,en,シモンは、挙げられた両方の経済思想に基づく可能性を示した法的文書を提出した。内閣のメンバーたちは私の方を見た。
0x010000000002E43A,1,154,Sordland/Turn01/EnT_EconomicOverview,Symon Holl,en,「大統領、最終的なご所見は何でしょうか？」
0x010000000002E457,1,155,Sordland/Turn01/EnT_EconomicOverview,Lileas Graf,en,「自給自足こそが、困難な時期を乗り切るための助けとなるのです。」
0x010000000002E460,1,156,Sordland/Turn01/EnT_EconomicOverview,Gus Manger,en,「競争がないため、彼らは非効率的になってしまったからです。」
0x010000000002E4C4,1,157,Sordland/Turn01/EnT_EconomicOverview,Player,en,「重要な機関は国家の管理下に置かれ続けなければならない。我々はサービスを提供する上で全責任を負わなければならないのだ。」
0x010000000002E4C4,1,157,Sordland/Turn01/EnT_EconomicOverview,Player,Menu Text en,「重要な機関は国家の管理下に置かれ続けなければならない。我々はサービスを提供する上で全責任を負わなければならないのだ。」
0x010000000002E4CC,1,158,Sordland/Turn01/EnT_EconomicOverview,Player,en,「財源を確保するために、民営化のような機会を探すべきだ。」
0x010000000002E4CC,1,158,Sordland/Turn01/EnT_EconomicOverview,Player,Menu Text en,「財源を確保するために、民営化のような機会を探すべきだ。」
0x010000000002E4D4,1,159,Sordland/Turn01/EnT_EconomicOverview,Player,en,「これらの選択肢について、完全に賛成したり反対したりするのは難しい。」
0x010000000002E4D4,1,159,Sordland/Turn01/EnT_EconomicOverview,Player,Menu Text en,「これらの選択肢について、完全に賛成したり反対したりするのは難しい。」
0x010000000002E4DF,1,160,Sordland/Turn01/EnT_EconomicOverview,Symon Holl,en,「市場経済とは、あらゆる機関を民営化することを意味するわけではない。だがいずれにせよ、選択を下すのはあなた自身だ。」
0x010000000002E4E6,1,161,Sordland/Turn01/EnT_EconomicOverview,Symon Holl,en,「これこそが私の考え方です。教育や医療の民営化といった、実現可能な選択肢は数多く存在します。計画と一貫性を持たせるためにも、市場経済を推進した方が良いでしょう。」
0x010000000002E4EF,1,162,Sordland/Turn01/EnT_EconomicOverview,Symon Holl,en,「大統領、実に難しい状況ですね。しかし最終的な決定はあなたのものです。ここは全体的な戦略的方向性であり、個別の経済判断を下す余地は依然として残っていますのを忘れないでください。」
0x010000000002F661,1,163,Sordland/Turn01/EnT_EconomicOverview,Narrator,en,経済政策の方向性が決定されると、閣僚たちはマルーン宮殿で昼食を取るために散っていった。
0x010000000002F66A,1,164,Sordland/Turn01/EnT_EconomicOverview,Narrator,en,二人の補佐官が先に到着し、重いプロジェクターを運んできた。彼らはそのプロジェクターを持ったままドアのそばに立ち、閣僚たちが入ってくるのを待っていた。
0x010000000002F675,1,165,Sordland/Turn01/EnT_EconomicOverview,Symon Holl,en,「大丈夫だ、ガス。急ぐ必要はない。」
0x010000000002F67F,1,166,Sordland/Turn01/EnT_EconomicOverview,Gus Manger,en,「特に貧困から人々を救い出すことですね。確かに、大きな課題でしょう。」
0x010000000002F686,1,167,Sordland/Turn01/EnT_EconomicOverview,Lileas Graf,en,「現在の状況については、かなり自信を持っています。」
0x010000000002F690,1,168,Sordland/Turn01/EnT_EconomicOverview,Narrator,en,シモンが口を挟んだ。
0x010000000002F698,1,169,Sordland/Turn01/EnT_EconomicOverview,Lileas Graf,en,「マンガー氏は、既に発展した地域に投資すべきだと提案しています。」
0x010000000002F6AC,1,170,Sordland/Turn01/EnT_EconomicOverview,Lileas Graf,en,「我々はアルヴォリー市と、その尊敬される市長を支援すべきだ。」
0x010000000002F6CE,1,174,Sordland/Turn01/EnT_EconomicOverview,Player,en,「自由市場重視の政策が、より強力な同盟者をもたらすだろうか？」
0x010000000002F6CE,1,174,Sordland/Turn01/EnT_EconomicOverview,Player,Menu Text en,「自由市場重視の政策が、より強力な同盟者をもたらすだろうか？」
0x010000000002F6D6,1,175,Sordland/Turn01/EnT_EconomicOverview,Player,en,「計画経済という方針が、より強力な同盟者をもたらすのだろうか？」
0x010000000002F6D6,1,175,Sordland/Turn01/EnT_EconomicOverview,Player,Menu Text en,「計画経済という方針が、より強力な同盟者をもたらすのだろうか？」
0x010000000002F6E0,1,176,Sordland/Turn01/EnT_EconomicOverview,Player,en,「この好景気はソルと彼の計画経済のおかげだ。これこそがその制度の成功を明確に示しているのだ。」
0x010000000002F6E0,1,176,Sordland/Turn01/EnT_EconomicOverview,Player,Menu Text en,「この好景気はソルと彼の計画経済のおかげだ。これこそがその制度の成功を明確に示しているのだ。」
0x010000000002F6FF,1,177,Sordland/Turn01/EnT_EconomicOverview,Symon Holl,en,「これで会議を終了します。次回の集まりでは、今後のインフラ投資計画について話し合います。」
0x010000000002F709,1,178,Sordland/Turn01/EnT_EconomicOverview,Lileas Graf,en,「外交的な観点からすれば、それによってコンタナ連邦が我が国をより好意的に見るようになるでしょう。彼らは計画経済の支持者ですから。」
0x010000000002F711,1,179,Sordland/Turn01/EnT_EconomicOverview,Gus Manger,en,「それによってアルカシアは我が国をより好意的な目で見るようになるだろう。彼らは自由市場経済の支持者だからな。」
0x010000000002F719,1,180,Sordland/Turn01/EnT_EconomicOverview,Symon Holl,en,「アルカシアが世界経済に与える影響は非常に大きい。だが、我々の経済戦略は国内の状況を踏まえたものであるべきだ。」
0x010000000002F721,1,181,Sordland/Turn01/EnT_EconomicOverview,Symon Holl,en,「たとえそれがどれほどの価値があろうとも、アルカシアが世界経済に与える影響は甚大だ。しかし我々の経済戦略は国内の状況を踏まえて決定されるべきだ。」
0x010000000002F72A,1,182,Sordland/Turn01/EnT_EconomicOverview,Player,en,「アルフォンソが始めた資本主義的自由市場改革をやり遂げよう。彼の道はソードランドを豊かにするものだった。」
0x010000000002F72A,1,182,Sordland/Turn01/EnT_EconomicOverview,Player,Menu Text en,「アルフォンソが始めた資本主義的自由市場改革をやり遂げよう。彼の道はソードランドを豊かにするものだった。」
0x010000000002F733,1,183,Sordland/Turn01/EnT_EconomicOverview,Lileas Graf,en,「まさに旧来の制度を守り続けるべき理由です。国家による計画立案と規制は、30年代においても大いなる成功を収めました。」
0x010000000002F73A,1,184,Sordland/Turn01/EnT_EconomicOverview,Gus Manger,en,「歴史は、この不況の原因がエヴァルト・アルフォンソが自党に裏切られたことにあったと記録すべきだ。」
0x010000000002F741,1,185,Sordland/Turn01/EnT_EconomicOverview,Lileas Graf,en,「その景気後退は、彼の自由市場改革がもたらした直接的な結果だったのです。」
0x010000000002F748,1,186,Sordland/Turn01/EnT_EconomicOverview,Gus Manger,en,「それもごく短期間のことで、タルキン・ソル自身がその制度の限界に気づくまでだけだ。衰退は彼の統治下で始まったんだ、覚えているか？」
0x010000000002F759,1,187,Sordland/Turn01/EnT_EconomicOverview,Narrator,en,ガスは心配そうな顔をしていた。
0x010000000002F760,1,188,Sordland/Turn01/EnT_EconomicOverview,Narrator,en,リリアスは不機嫌そうな顔をした。
0x0100000000046158,1,189,Sordland/Turn01/EnT_EconomicOverview,Lileas Graf,en,「ええ……。そして世界経済が崩壊すれば、我々も共に沈んでしまうのです。」
0x010000000004C2D5,1,190,Sordland/Turn01/EnT_EconomicOverview,Lileas Graf,en,「私としては、そこまで確信していない。」
0x0100000000058E05,1,220,Sordland/Turn01/EnT_EconomicOverview,Gus Manger,en,「やっと、我々二人が同意できる点が出てきましたね、リリアス。」
0x01000000000753AA,1,221,Sordland/Turn01/EnT_EconomicOverview,Lileas Graf,en,「それは違います。彼には行動を起こすための十分な時間がありました。もし2年間で変化を実現できないのであれば、責任はあなた側にあります。」
0x01000000000753C4,1,225,Sordland/Turn01/EnT_EconomicOverview,Player,en,「約束した通り、自由市場経済を推進する。」
0x01000000000753C4,1,225,Sordland/Turn01/EnT_EconomicOverview,Player,Menu Text en,「約束した通り、自由市場経済を推進する。」
0x01000000000753CC,1,226,Sordland/Turn01/EnT_EconomicOverview,Player,en,「計画経済を推進するのだ。」
0x01000000000753CC,1,226,Sordland/Turn01/EnT_EconomicOverview,Player,Menu Text en,「計画経済を推進するのだ。」
0x010000000007C5ED,1,230,Sordland/Turn01/EnT_EconomicOverview,Symon Holl,en,「現在の経済状況について、何を知りたいですか？」
0x01000004000090DD,1,231,Sordland/Turn01/EnT_EconomicOverview,Narrator,en,『51年の不況は経済に甚大な圧力をもたらし、我が国通貨の価値が暴落する結果となった。この全体的な状況は、我々政権にとって大きな懸念事項であった。』
0x01000004000090E9,1,232,Sordland/Turn01/EnT_EconomicOverview,Symon Holl,en,「今日、ソードランド通貨の価値がさらに下落するという動きが見られました。我々は中央銀行を通じてその安定化に努めています。」
0x0100000400009DE2,1,235,Sordland/Turn01/EnT_EconomicOverview,Gus Manger,en,「経済界の指導者たちは、より良い物流網の整備を求めており、それによって経済への貢献度を高めたいと考えています。」
0x0100000400009DEB,1,236,Sordland/Turn01/EnT_EconomicOverview,Player,en,「市場経済ならあまり多くの指導は必要なく、外国資本を引き寄せるのに役立つだろう。」
0x0100000400009DEB,1,236,Sordland/Turn01/EnT_EconomicOverview,Player,Menu Text en,「市場経済ならあまり多くの指導は必要なく、外国資本を引き寄せるのに役立つだろう。」
0x0100000400009DF4,1,237,Sordland/Turn01/EnT_EconomicOverview,Symon Holl,en,「特にアルカシアからです。ウォーカー大統領は常にアルカシア条約機構の経済圏拡大に関心を寄せており、資本主義国から利益の大きい投資を引き付けることができるでしょう。」
0x0100000400009E3A,1,238,Sordland/Turn01/EnT_EconomicOverview,Narrator,en,私の内務大臣であるリリアスが足早に部屋に入ってきた。彼女は茶色やベージュ系の服を着ており、唯一色がついているのはネックレスに付けられた明るい黄色のダストヌリティ派十字だけだった。ガス・マンガーがそのすぐ後ろをついてきた。
0x0100000400009E43,1,239,Sordland/Turn01/EnT_EconomicOverview,Narrator,en,ガスは両手を拳に握りしめた。農業・農村開発大臣の気性はアルフォンソ政権時代から変わっておらず、物事を成し遂げるという評判も変わっていない。彼の広範な人脈網は他に類を見ないものだった。
0x0100000600046E30,1,251,Sordland/Turn01/EnT_EconomicOverview,Symon Holl,en,「我々の公約の一つは、不況を食い止めるために自由市場経済を推進することでした。率直に言えば、それが不況から脱出する唯一の方法だと考えています。」
0x01000006000470EE,1,252,Sordland/Turn01/EnT_EconomicOverview,Lileas Graf,en,「我々の経済に直接的な影響を与えるもう一つの重要な要因があります。超大国です。」
0x0100000600047110,1,259,Sordland/Turn01/EnT_EconomicOverview,Lileas Graf,en,「選挙には勝ったかもしれないが、私は依然として超大国たちと手を組むことに反対だ。」
0x0100000600047128,1,260,Sordland/Turn01/EnT_EconomicOverview,Lileas Graf,en,「選挙には勝ったかもしれないが、私は依然としてどの超大国とも同盟を結ぶことに反対だ。」
0x0100000600047136,1,261,Sordland/Turn01/EnT_EconomicOverview,Lileas Graf,en,「アルカシアと協力するというあなたの約束を再考してほしいのです。」
0x0100000600047140,1,262,Sordland/Turn01/EnT_EconomicOverview,Lileas Graf,en,「我々が彼らのどちら側にもつかずにいたことは、正しい判断だったのです。」
0x0100000600047150,1,263,Sordland/Turn01/EnT_EconomicOverview,Lileas Graf,en,「我々は極めて慎重でなければならない。ソードランドに関して何者かが陰謀を企んでいるのだ。今であれ将来であれ、彼らの要求に屈してはならない。さもなければ我が国は駒と化してしまうだろう。」
0x010000060004715A,1,264,Sordland/Turn01/EnT_EconomicOverview,Player,en,「心配しないでくれ。私はコンタナ連邦にソードランドを支配させない。」
0x010000060004715A,1,264,Sordland/Turn01/EnT_EconomicOverview,Player,Menu Text en,「心配しないでくれ。私はコンタナ連邦にソードランドを支配させない。」
0x0100000600047163,1,265,Sordland/Turn01/EnT_EconomicOverview,Player,en,「私はソードランドの国民に約束をした。決して後退しない。」
0x0100000600047163,1,265,Sordland/Turn01/EnT_EconomicOverview,Player,Menu Text en,「私はソードランドの国民に約束をした。決して後退しない。」
0x0100000600047172,1,266,Sordland/Turn01/EnT_EconomicOverview,Lileas Graf,en,「我々は極めて慎重でなければならない。ソードランドに関して何者かが陰謀を企んでいるのだ。今であれ将来であれ、彼らの要求に屈してはならない。さもなければ我が国は駒と化してしまうだろう。」
0x010000060004717A,1,267,Sordland/Turn01/EnT_EconomicOverview,Lileas Graf,en,「コンタナ連邦と連携するというあなたの約束を再考してほしいのです。」
0x0100000600047188,1,268,Sordland/Turn01/EnT_EconomicOverview,Lileas Graf,en,「我々は極めて慎重でなければならない。ソードランドに関して何者かが陰謀を企んでいるのだ。今であれ将来であれ、彼らの要求に屈してはならない。さもなければ我が国は駒と化してしまうだろう。」
0x0100000600047193,1,269,Sordland/Turn01/EnT_EconomicOverview,Player,en,「コンタナ連邦によって革命が起こされた。永続的な革命だ。そしてソードランドもその一部でなければならない。」
0x0100000600047193,1,269,Sordland/Turn01/EnT_EconomicOverview,Player,Menu Text en,「コンタナ連邦によって革命が起こされた。永続的な革命だ。そしてソードランドもその一部でなければならない。」
0x010000060004719C,1,270,Sordland/Turn01/EnT_EconomicOverview,Gus Manger,en,「我々は説明するのではなく、実際に示すことができればと思います。」
0x01000006000471A5,1,271,Sordland/Turn01/EnT_EconomicOverview,Gus Manger,en,「私も断固として主張しなければなりません。コンタナ連邦側につくことで良い結果は何も得られません。彼らと手を組めば、私の見解でははるかに影響力の大きいアルカシアと敵対関係になってしまうでしょう。」
0x01000006000471B5,1,272,Sordland/Turn01/EnT_EconomicOverview,Player,en,「あなたの言う通りかもしれない。これから何が起こるか見てみよう。」
0x01000006000471B5,1,272,Sordland/Turn01/EnT_EconomicOverview,Player,Menu Text en,「あなたの言う通りかもしれない。これから何が起こるか見てみよう。」
0x01000006000471BE,1,273,Sordland/Turn01/EnT_EconomicOverview,Gus Manger,en,「それがどれくらい続くか、見てみましょう。」
0x01000006000471CC,1,275,Sordland/Turn01/EnT_EconomicOverview,Gus Manger,en,「私もこの件についてはリリアスと同じ意見です。コンタナ連邦側につくことで良い結果は得られません。彼らと手を組めば、私の考えでははるかに影響力の大きいアルカシアと敵対することになりかねません。」
0x01000006000471DC,1,276,Sordland/Turn01/EnT_EconomicOverview,Lileas Graf,en,「同じ理由ではないにせよ、今日我々が合意に至った点は二つあるのだ、ガス。」
0x01000006000471EC,1,277,Sordland/Turn01/EnT_EconomicOverview,Narrator,en,シモンは再び咳払いをした。
0x01000006000471F3,1,278,Sordland/Turn01/EnT_EconomicOverview,Symon Holl,en,「性急に進むべきではありません。ウィスキ大臣がそのような外交政策上の決定事項について説明を行います。まずは国内の経済計画を決定しなければなりません。」
0x010000060004720E,1,279,Sordland/Turn01/EnT_EconomicOverview,Lileas Graf,en,「同じ理由ではないにせよ、今日我々が合意に至った点は二つあるのだ、ガス。」
0x0100000600047217,1,280,Sordland/Turn01/EnT_EconomicOverview,Player,en,「私はソードランドの国民に約束をした。決して後退しない。」
0x0100000600047217,1,280,Sordland/Turn01/EnT_EconomicOverview,Player,Menu Text en,「私はソードランドの国民に約束をした。決して後退しない。」
0x010000060004721F,1,281,Sordland/Turn01/EnT_EconomicOverview,Player,en,「心配するな。アルカシアにソードランドを支配させはしない。」
0x010000060004721F,1,281,Sordland/Turn01/EnT_EconomicOverview,Player,Menu Text en,「心配するな。アルカシアにソードランドを支配させはしない。」
0x0100000600047227,1,282,Sordland/Turn01/EnT_EconomicOverview,Player,en,「アルカシアとの関係を深めることは、様々な面で我が国の経済を活性化させる助けとなる。彼らは裕福で影響力も大きいのだ。」
0x0100000600047227,1,282,Sordland/Turn01/EnT_EconomicOverview,Player,Menu Text en,「アルカシアとの関係を深めることは、様々な面で我が国の経済を活性化させる助けとなる。彼らは裕福で影響力も大きいのだ。」
0x010000060004722F,1,283,Sordland/Turn01/EnT_EconomicOverview,Gus Manger,en,「支配ですって？いえ、大統領、それは単なるパートナーシップに過ぎません。しかも非常に価値の高いものです。」
0x0100000600047236,1,284,Sordland/Turn01/EnT_EconomicOverview,Lileas Graf,en,「時が来たら、我々の利益のためにも正しい決断をしてくださることを願っています。」
0x010000060004723D,1,285,Sordland/Turn01/EnT_EconomicOverview,Gus Manger,en,「その通りです。我々は約束をしました。国民は自分たちの大統領を信頼したいのです。もしその約束を破ったら、将来の世代にどのような手本を示すことになるでしょうか？」
0x0100000600047244,1,286,Sordland/Turn01/EnT_EconomicOverview,Gus Manger,en,「大統領。我々は約束をしました。国民は自分たちの大統領を信頼したいのです。もし約束を破ったら、将来の世代にどのような手本を示すことになるでしょうか？」
0x010000060004724B,1,287,Sordland/Turn01/EnT_EconomicOverview,Gus Manger,en,「その通りです。私はこれを非常に価値の高いパートナーシップだと考えています。アルカシアのような強力な国と手を組むことで得られる契約により、不況は間違いなくすぐに終わるでしょう。」
0x0100000600047256,1,289,Sordland/Turn01/EnT_EconomicOverview,Player,en,「あなたの言う通りかもしれない。これから何が起こるか見てみよう。」
0x0100000600047256,1,289,Sordland/Turn01/EnT_EconomicOverview,Player,Menu Text en,「あなたの言う通りかもしれない。これから何が起こるか見てみよう。」
0x010000060004725E,1,290,Sordland/Turn01/EnT_EconomicOverview,Lileas Graf,en,「ガス、あなたが長い間党の中でこれを推進してきたことは知っています。」
0x0100000600047265,1,291,Sordland/Turn01/EnT_EconomicOverview,Lileas Graf,en,「ソードランドがこの地域で唯一の傀儡国家ではない国として正しい決断を下したことに、将来の世代は日々感謝するだろう。」
0x010000060004727B,1,292,Sordland/Turn01/EnT_EconomicOverview,Gus Manger,en,「また、私の考えでは、アルカシアのような強大な国と連携することは非常に優れた決断でした。」
0x0100000600047284,1,293,Sordland/Turn01/EnT_EconomicOverview,Lileas Graf,en,「大統領。これこそが支配されている状態の姿そのものです。自発的であれ、非自発的であれ。」
0x010000060004728C,1,294,Sordland/Turn01/EnT_EconomicOverview,Narrator,en,ガスは不信の眼差しでリリアスを見つめたが、何も言わなかった。
0x0100000600047295,1,295,Sordland/Turn01/EnT_EconomicOverview,Lileas Graf,en,「アルカシアにとっては価値があるかもしれない。だがソードランドにとってはそうではない。」
0x010000060004729D,1,296,Sordland/Turn01/EnT_EconomicOverview,Gus Manger,en,「それは明らかに嘘です。」
0x01000006000472A7,1,297,Sordland/Turn01/EnT_EconomicOverview,Lileas Graf,en,「何と引き換えにだ？ソードランドの独立というのか？」
0x01000006000472B1,1,298,Sordland/Turn01/EnT_EconomicOverview,Player,en,「中立を保つことがうまくいくかどうかは、時が示してくれるだろう。」
0x01000006000472B1,1,298,Sordland/Turn01/EnT_EconomicOverview,Player,Menu Text en,「中立を保つことがうまくいくかどうかは、時が示してくれるだろう。」
0x01000006000472C1,1,299,Sordland/Turn01/EnT_EconomicOverview,Player,en,「ソードランドはいかなる国にも支配されることはない。」
0x01000006000472C1,1,299,Sordland/Turn01/EnT_EconomicOverview,Player,Menu Text en,「ソードランドはいかなる国にも支配されることはない。」
0x01000006000472C9,1,300,Sordland/Turn01/EnT_EconomicOverview,Player,en,「その通りだ。ソルの政策は当初から正しかったのだ。」
0x01000006000472C9,1,300,Sordland/Turn01/EnT_EconomicOverview,Player,Menu Text en,「その通りだ。ソルの政策は当初から正しかったのだ。」
0x01000006000472D9,1,302,Sordland/Turn01/EnT_EconomicOverview,Lileas Graf,en,「我々が同じ考えを持てていることを嬉しく思います。」
0x01000006000472E1,1,303,Sordland/Turn01/EnT_EconomicOverview,Gus Manger,en,「これを後悔することがないよう願っています。」
0x01000006000472EA,1,304,Sordland/Turn01/EnT_EconomicOverview,Lileas Graf,en,「まさにその通りです。我々はしっかりと立ち上がり、世界に模範を示します。」
0x01000006000472F3,1,305,Sordland/Turn01/EnT_EconomicOverview,Player,en,「彼らが何らかの取引を持ちかけてくるつもりなのか、まだ決めかねている。」
0x01000006000472F3,1,305,Sordland/Turn01/EnT_EconomicOverview,Player,Menu Text en,「彼らが何らかの取引を持ちかけてくるつもりなのか、まだ決めかねている。」
0x01000006000472FC,1,306,Sordland/Turn01/EnT_EconomicOverview,Lileas Graf,en,「我が国民が苦しむ中で、奴らだけがより多くの利益を得るような取引だ。」
0x0100000600047304,1,307,Sordland/Turn01/EnT_EconomicOverview,Gus Manger,en,「それは分かりません。様子を見るべきでしょう。アルカシアのような強大な国と手を組めば十分対応できますから、不況もすぐに終わるはずです。」
0x010000060004730D,1,308,Sordland/Turn01/EnT_EconomicOverview,Lileas Graf,en,「我々は国と我々の価値観を守るために、何としてでもこれを成功させなければならない。他に方法はないのだ。」
0x0100000600047314,1,309,Sordland/Turn01/EnT_EconomicOverview,Gus Manger,en,「他の可能性にも目を向ける必要があります。アルカシアは強大な国で、もし我々が彼らの影響下に入れば、ソードランドの世界における影響力も高まるでしょう。」
0x010000060004731D,1,310,Sordland/Turn01/EnT_EconomicOverview,Gus Manger,en,「我々が結ぶ取引によって、間違いなく不況から脱出できるだろう。」
0x0100000600047325,1,311,Sordland/Turn01/EnT_EconomicOverview,Lileas Graf,en,「何と引き換えにだ？我々の独立というのか？」
0x0100000100000C23,1,312,Sordland/Turn01/EnT_EconomicOverview,Symon Holl,en,「経済的な観点から言えば、我々はコンタナ連邦よりもアルカシアにずっと近いため、西側諸国と連携する方が理にかなっています。」
0x0100000100000C39,1,313,Sordland/Turn01/EnT_EconomicOverview,Symon Holl,en,「経済的な観点から言えば、我々はアルカシアほどコンタナ連合に縛られていないため、東側諸国と同盟を結ぶという決断を下すのははるかに困難だ。」
0x0100000100000C40,1,314,Sordland/Turn01/EnT_EconomicOverview,Symon Holl,en,「経済的な観点から言えば、孤立主義政策は、両陣営の利益と対立関係を同時に利用できる場合にのみ機能しうる。これは極めて危険な試みだが、それでも不可能ではない。」
0x0100000100000C47,1,315,Sordland/Turn01/EnT_EconomicOverview,Player,en,「経済の支配範囲が広がれば広がるほど、不況をよりうまく対処できるのだ。」
0x0100000100000C47,1,315,Sordland/Turn01/EnT_EconomicOverview,Player,Menu Text en,「経済の支配範囲が広がれば広がるほど、不況をよりうまく対処できるのだ。」
0x0100000100000C51,1,316,Sordland/Turn01/EnT_EconomicOverview,Player,en,「規制のない経済制度は必ず失敗に終わる。」
0x0100000100000C51,1,316,Sordland/Turn01/EnT_EconomicOverview,Player,Menu Text en,「規制のない経済制度は必ず失敗に終わる。」
0x0100000100000C5B,1,317,Sordland/Turn01/EnT_EconomicOverview,Player,en,「20世紀の人類は、需要と供給の法則によって繁栄してきたのだ。」
0x0100000100000C5B,1,317,Sordland/Turn01/EnT_EconomicOverview,Player,Menu Text en,「20世紀の人類は、需要と供給の法則によって繁栄してきたのだ。」
0x0100000100000C65,1,318,Sordland/Turn01/EnT_EconomicOverview,Gus Manger,en,「税金から商品の基準に至るまで、この制度のあらゆる側面を規制する要素は数多く存在します。」
0x0100000100000C6C,1,319,Sordland/Turn01/EnT_EconomicOverview,Lileas Graf,en,「しかし、それだけで十分か？私には疑問だ。もし経済のさらなる側面を計画することができれば、我々のような優秀なチームがいれば成功の可能性は高まるはずだ。」
0x0100000100000C73,1,320,Sordland/Turn01/EnT_EconomicOverview,Symon Holl,en,「現行のあらゆる制度には当然何らかの規制が存在しており、そうでなければ無秩序状態に陥ってしまう。誰も混沌とした社会を望んではいないのだ。」
0x0100000100000C7E,1,321,Sordland/Turn01/EnT_EconomicOverview,Lileas Graf,en,「良い評判で記憶される方法の一つとして、景気後退を引き起こし、いくつかの借金だけを残すことがある。」
0x0100000100000C85,1,322,Sordland/Turn01/EnT_EconomicOverview,Gus Manger,en,「アルフォンソのことはどう思おうと、彼の努力がなければ現在の国庫は空になり、景気後退は深刻な不況へと発展していたでしょう。」
0x0100000100000C8C,1,323,Sordland/Turn01/EnT_EconomicOverview,Symon Holl,en,「確かにその意見も一理あります。しかし、市場における人々の自由を全体的に制限してしまえば、需給関係における我々の革新性や活力が妨げられてしまうでしょう。」
0x0100000100000C97,1,324,Sordland/Turn01/EnT_EconomicOverview,Lileas Graf,en,「もし十分な生産手段があれば市場経済に深く統合することも可能だろう。だが我々の産業はそれを欠いている。」
0x0100000100000C9E,1,325,Sordland/Turn01/EnT_EconomicOverview,Gus Manger,en,「ソードランドにも同様の可能性がある。なぜ我々はその潜在力を真剣に受け止めないのか？」
0x0100000100000CA5,1,326,Sordland/Turn01/EnT_EconomicOverview,Symon Holl,en,「同感です。需要と供給の法則を取り入れることで、レスピアやアルカシアがいかに急速に繁栄を遂げてきたかご覧ください。」
0x0100000100000D0A,1,333,Sordland/Turn01/EnT_EconomicOverview,Symon Holl,en,「ご覧の通り、状況は深刻ですが、全てが悪いわけではありません。アルフォンソによる大規模な民営化政策と重要な外国直接投資のおかげで大幅な予算黒字が生まれ、それを活用して危機を安定させることができます。」
0x0100000100000D12,1,334,Sordland/Turn01/EnT_EconomicOverview,Symon Holl,en,「我々がまず決定すべき主な課題は、在任中にどのような方針を取るかということです。30年代にはソロノミクスに基づく国有化が行われ、アルフォンソによる大規模な民営化は40年代後半に始まりました。我が政権では何に重点を置くのでしょうか？」
0x0100000E00002AB8,1,335,Sordland/Turn01/EnT_EconomicOverview,Narrator,en,シモンはポケットから絹のハンカチを取り出し、手短に眼鏡を拭いた。
0x0100001300002860,1,345,Sordland/Turn01/EnT_EconomicOverview,Player,en,「では、結論に入ろう。」
0x0100001300002860,1,345,Sordland/Turn01/EnT_EconomicOverview,Player,Menu Text en,「では、結論に入ろう。」
0x0100005E0000010E,1,346,Sordland/Turn01/EnT_EconomicOverview,Gus Manger,en,「もっと多くの外国直接投資を呼び込むべきです。大統領、我々は1952年と1953年にリジア、レスピア、キナルといった国と利益の大きい貿易協定を結ぶことで、国を深刻な不況から救い出しました。」
0x0100005E00000118,1,347,Sordland/Turn01/EnT_EconomicOverview,Narrator,en,リリアスはグラスから水を一口飲んだ。
0x010000C800003B7F,1,349,Sordland/Turn01/EnT_EconomicOverview,Player,en,「質問は不要だ。詳細はすでによく把握している。では、戦略の話に移ろう。」
0x010000C800003B89,1,350,Sordland/Turn01/EnT_EconomicOverview,Player,en,「こうするつもりだ……」
0x010000C800003B93,1,351,Sordland/Turn01/EnT_EconomicOverview,Player,en,「我々が何をするつもりかは、すでにご存知だろう。」
0x0100000000057B10,2,3,Sordland/Turn01/SnO_MPShot,Narrator,en,状況室の雰囲気は陰鬱だった。
0x0100000000057B24,2,4,Sordland/Turn01/SnO_MPShot,Narrator,en,私の内閣のメンバーたちは宮殿の外で起きた銃撃事件について話し合うために集まった。リリアスが最初の報告書を提出した。
0x0100000000058AAC,2,6,Sordland/Turn01/SnO_MPShot,Lileas Graf,en,「私も同感です。我々は安全対策を見直しています。しかし、不況が我が省に悪影響を及ぼしています。」
0x0100000000058AB8,2,7,Sordland/Turn01/SnO_MPShot,Iosef Lancea,en,「国として警戒を怠らなければこそ……来年度の予算についても考えなければなりません。」
0x0100000000058ABE,2,8,Sordland/Turn01/SnO_MPShot,Nia Morgna,en,「表現の自由は我が国の憲法に定められている。異なる意見を述べたからといって、ましてや議員であろうと誰かを撃ち殺すことなど許されない。」
0x0100000000058AC5,2,9,Sordland/Turn01/SnO_MPShot,Player,en,「しかし、なぜベナード・シルカスなのか？」
0x0100000000058AC5,2,9,Sordland/Turn01/SnO_MPShot,Player,Menu Text en,「しかし、なぜベナード・シルカスなのか？」
0x0100000000058ADA,2,10,Sordland/Turn01/SnO_MPShot,Lileas Graf,en,「ベナード・シルカスは夜9時3分に宮殿の門の前で射殺されました。彼は選出された議会の無所属議員であり、ご存知の通り著名な共産主義者でもありました。」
0x0100000000058AE0,2,11,Sordland/Turn01/SnO_MPShot,Player,en,「なぜそんな恐ろしい行為を犯したのか、その動機は何だったのか？」
0x0100000000058AE0,2,11,Sordland/Turn01/SnO_MPShot,Player,Menu Text en,「なぜ、あんな恐ろしい行為を犯したのか？」
0x0100000000058AF5,2,12,Sordland/Turn01/SnO_MPShot,Lucian Galade,en,「最初からこの問題を政治的なものにしてはいけません。それは事態をさらに悪化させるだけです。」
0x0100000000058AFB,2,13,Sordland/Turn01/SnO_MPShot,Lileas Graf,en,「いずれにせよ、関与した全員に対する徹底した調査が現在進行中です。間もなく反逆者たちを見つけ出し、厳罰を与えますので、大統領。」
0x0100000000058B01,2,14,Sordland/Turn01/SnO_MPShot,Narrator,en,会議は終了し、閣僚たちは心配そうな表情で部屋を去った。これから何が起こるのか予測するのは難しかった。
0x0100000000058B15,2,15,Sordland/Turn01/SnO_MPShot,Lileas Graf,en,「現場の警備員たちは50メートル離れた場所にいたが、すぐに対応して行動し、民族主義組織『ソード青年団』のメンバーと判明した襲撃者を射殺した。」
0x0100000000058B1D,2,16,Sordland/Turn01/SnO_MPShot,Player,en,「宮殿の近くで議員が撃たれた。それは断じて容認できない。」
0x0100000000058B1D,2,16,Sordland/Turn01/SnO_MPShot,Player,Menu Text en,「宮殿の近くで議員が撃たれた。それは断じて容認できない。」
0x0100000000058B27,2,17,Sordland/Turn01/SnO_MPShot,Lileas Graf,en,「我々の捜査官たちは、ソード青年団がしばらく前から共産主義者たちを脅していたことから、これは政治的な暗殺事件ではないかと疑っています。」
0x0100000000058B2D,2,18,Sordland/Turn01/SnO_MPShot,Lileas Graf,en,「彼は常に悪名高い人物でした。彼の詩はソードランドにおける共産主義思想の普及に大きな影響を与え、多くの者が彼を脅威と見なしていました。」
0x0100000000058B37,2,19,Sordland/Turn01/SnO_MPShot,Lucian Galade,en,「これにより、1920年代の左右対立による政治的暴力が再び勃発するような危険な状況が生まれかねません。」
0x0100000000058B3D,2,20,Sordland/Turn01/SnO_MPShot,Player,en,「私も全く同感だ。言論の自由を守るべきだ。」
0x0100000000058B3D,2,20,Sordland/Turn01/SnO_MPShot,Player,Menu Text en,「私も全く同感だ。言論の自由を守るべきだ。」
0x0100000000058B44,2,21,Sordland/Turn01/SnO_MPShot,Player,en,「赤旗青年団が推進するマレニエフ主義思想も我が国にとって脅威となり得る。警戒しなければならない。」
0x0100000000058B44,2,21,Sordland/Turn01/SnO_MPShot,Player,Menu Text en,「赤旗青年団が推進するマレニエフ主義思想も我が国にとって脅威となり得る。警戒しなければならない。」
0x0100000000058B4F,2,22,Sordland/Turn01/SnO_MPShot,Player,en,「愛国主義者であるソード青年団は度を越してしまい、このような過激な行為の代償を払わなければならない。」
0x0100000000058B4F,2,22,Sordland/Turn01/SnO_MPShot,Player,Menu Text en,「愛国主義者であるソード青年団は度を越してしまい、このような過激な行為の代償を払わなければならない。」
0x0100000000058B5A,2,23,Sordland/Turn01/SnO_MPShot,Petr Vectern,en,「あの時代に戻ることは壊滅的な結果を招くだろう。クーデターこそが、我が国が10年間も停滞し続けた原因なのだ。」
0x0100000000058B62,2,24,Sordland/Turn01/SnO_MPShot,Narrator,en,司法大臣のニア・モルグナはため息をついた。
0x0100000000058B6B,2,25,Sordland/Turn01/SnO_MPShot,Nia Morgna,en,「我々の法律にはそのような規定があり、それには十分な理由がある。声を封じ込めれば、社会内に恐怖と停滞しか生まないのだ。」
0x0100000000058B72,2,26,Sordland/Turn01/SnO_MPShot,Narrator,en,数台の警察車両がマルーン宮殿のそばを猛スピードで通り過ぎ、周囲は一斉に静まり返った。
0x0100000000058B79,2,27,Sordland/Turn01/SnO_MPShot,Iosef Lancea,en,「敬意は払いますが、奥様、徹底的な調査が行われる前に軽率に結論を出すべきではありません。」
0x0100000000058B9E,2,28,Sordland/Turn01/SnO_MPShot,Lileas Graf,en,「同感です。我々は常に国内の脅威を警戒しており、赤旗青年団と似た思想を持つ、禁止されている共産党員たちのような存在もその一例です。」
0x0100000000058BAD,2,29,Sordland/Turn01/SnO_MPShot,Iosef Lancea,en,「バカなことを言うな、女よ。あの組織は国家に反対する連中だ。ソードランド労働組合も同じ立場だ。コンタナ統一党が彼ら全員を支援しているとしても驚かないぞ。」
0x0100000000058BBD,2,30,Sordland/Turn01/SnO_MPShot,Lileas Graf,en,「ご懸念の点は承知しております。我が国の警察は国民の権利を守るために最善を尽くしています。安全対策を再評価することで、このような事件が二度と起きないようにします。」
0x0100000000058BE1,2,31,Sordland/Turn01/SnO_MPShot,Player,en,「私も同感だ。国内の安定を保つことが不可欠だ。治安維持のための予算を増やす必要があるかもしれない。」
0x0100000000058BE1,2,31,Sordland/Turn01/SnO_MPShot,Player,Menu Text en,「私も同感だ。国内の安定を保つことが不可欠だ。治安維持のための予算を増やす必要があるかもしれない。」
0x0100000000058BE8,2,32,Sordland/Turn01/SnO_MPShot,Player,en,「我々は、憲法改正といった真の政治的目標を見失ってはならない。」
0x0100000000058BE8,2,32,Sordland/Turn01/SnO_MPShot,Player,Menu Text en,「我々は、憲法改正といった真の政治的目標を見失ってはならない。」
0x0100000000058C39,2,33,Sordland/Turn01/SnO_MPShot,Player,en,「結論を出すにはまだ早い。無謀な行動は深刻な結果を招くだろう。」
0x0100000000058C39,2,33,Sordland/Turn01/SnO_MPShot,Player,Menu Text en,「結論を出すにはまだ早い。無謀な行動は深刻な結果を招くだろう。」
0x0100000000058C41,2,34,Sordland/Turn01/SnO_MPShot,Lucian Galade,en,「同感です。全容が明らかになるまで、我々は辛抱強く待つ必要があります。」
0x0100000000058C48,2,35,Sordland/Turn01/SnO_MPShot,Lucian Galade,en,「内務大臣が既に必要な予防措置を講じているはずです。」
0x0100000000058C4F,2,36,Sordland/Turn01/SnO_MPShot,Lucian Galade,en,「同感です。これらの問題によって、国民が我々に求めていることから注意が散漫になってはなりません。」
0x0100000000058C6B,2,46,Sordland/Turn01/SnO_MPShot,Player,en,「我々の権力に対するあらゆる脅威は、できるだけ早く対処しなければならない。」
0x0100000000058C6B,2,46,Sordland/Turn01/SnO_MPShot,Player,Menu Text en,「我々の権力に対するあらゆる脅威は、できるだけ早く対処しなければならない。」
0x0100000000058C75,2,47,Sordland/Turn01/SnO_MPShot,Lucian Galade,en,「政府や我々の民衆に対する直接的な攻撃は深刻な問題だが、今のところ行動を起こすには十分な情報がない。」
0x0100000000058C7C,2,48,Sordland/Turn01/SnO_MPShot,Lucian Galade,en,「共産主義者と民族主義者の間の緊張は、これからさらに激化していくようだ。」
0x0100000000058C86,2,49,Sordland/Turn01/SnO_MPShot,Nia Morgna,en,「国に混乱があれば、有意義な変革を実現するのは極めて困難だろう。」
0x0100000000058D58,2,50,Sordland/Turn01/SnO_MPShot,Lileas Graf,en,「我々の警察部隊や情報機関は警戒レベルを引き上げており、政府関係者に対して誰も何一つ手出しすることはできないはずです。」
0x0100000600004B98,2,51,Sordland/Turn01/SnO_MPShot,Petr Vectern,en,「では、今日はここまでです。もうすぐ再び集まります。皆さん、ありがとうございました。状況の変化があればすぐにご連絡をお願いします。」
0x0100000400009E4C,2,52,Sordland/Turn01/SnO_MPShot,Narrator,en,ニアは常に司法省の中でその名に真にふさわしい数少ない職員の一人だった。同省内の腐敗と戦う過程で無数の攻撃を生き延び、権力者となってからはむしろ道徳的義務感が一層強まっただけだった。
0x0100000400009E53,2,53,Sordland/Turn01/SnO_MPShot,Narrator,en,国防大臣のヨセフ・ランチェアは不満げにうなった。彼は完全な軍服を着て我々全員よりも大柄で、数多くの戦功章が目立つように見えていた。
0x0100000400009E5C,2,54,Sordland/Turn01/SnO_MPShot,Narrator,en,国防大臣のヨセフ・ランチェアは不満げにうなった。彼は完全な軍服を着て我々全員よりも大柄で、数多くの戦功章が目立つように見えていた。
0x0100000400009E66,2,55,Sordland/Turn01/SnO_MPShot,Lileas Graf,en,「幸いなことに、そのようなことはありませんでした。あなたは単に間違った場所に間違ったタイミングでいただけです。現時点では、我々の治安部隊は誰かがソードランドの大統領に対して何らかの行動を起こす動機があるとは考えていません。」
0x0100000400009E6C,2,56,Sordland/Turn01/SnO_MPShot,Player,en,「つまり、私が標的ではなかったということか？」
0x0100000400009E6C,2,56,Sordland/Turn01/SnO_MPShot,Player,Menu Text en,「つまり、私が標的ではなかったということか？」
0x0100000400009E7E,2,57,Sordland/Turn01/SnO_MPShot,Nia Morgna,en,「赤旗青年団はその殺害を非難しただけでなく、更に復讐を約束したのです。」
0x0100000400009E9F,2,58,Sordland/Turn01/SnO_MPShot,Nia Morgna,en,「これによって再び『ソード青年団』の攻撃的行動が引き起こされるだろう。この悪循環はベナード・シルカスが自分の意見を述べたことから始まったのだ。我々はただ目をそらすわけにはいかない。」
0x0100000400009EA7,2,59,Sordland/Turn01/SnO_MPShot,Nia Morgna,en,「これは単なる出過ぎた行動ではなく、我が国への攻撃だ。政治的見解を理由とした殺人など過去の話であり、我が政権は新しいものを築き上げているのだ。」
0x0100000400009EAF,2,60,Sordland/Turn01/SnO_MPShot,Nia Morgna,en,「もし彼らが我々の大国民議会に代表として出席しているのであれば、こんな非常識な手段に訴えることはないはずだ。高い選挙のハードルや各種禁止措置が、こうした派閥を極端な方向へと追いやっているのだ。」
0x0100000400009EB8,2,61,Sordland/Turn01/SnO_MPShot,Nia Morgna,en,「正義は必ず実現され、この国にはかつてないほど強固な法の支配が戻ってくるでしょう。」
0x0100000400009ED8,2,62,Sordland/Turn01/SnO_MPShot,Player,en,「それはやはり政治的な問題だよね？」
0x0100000400009ED8,2,62,Sordland/Turn01/SnO_MPShot,Player,Menu Text en,「それはやはり政治的な問題だよね？」
0x0100000400009EDF,2,63,Sordland/Turn01/SnO_MPShot,Player,en,「まだ早いが、葬儀に出席するか？」
0x0100000400009EDF,2,63,Sordland/Turn01/SnO_MPShot,Player,Menu Text en,「まだ早いが、葬儀に出席するか？」
0x0100000400009EE8,2,64,Sordland/Turn01/SnO_MPShot,Iosef Lancea,en,「ベナード・シルカスのことを言っているのですから、どうやってそんなことが可能でしょうか。彼こそがソードランドの共産主義者その人です。」
0x0100000400009EEE,2,65,Sordland/Turn01/SnO_MPShot,Iosef Lancea,en,「側面などほとんどない。国家対その敵というだけだ。」
0x0100000400009F1E,2,66,Sordland/Turn01/SnO_MPShot,Nia Morgna,en,「我々は以前にも同じようなことがあり、その結果がどうだったかをよく知っている。」
0x0100000400009F27,2,67,Sordland/Turn01/SnO_MPShot,Iosef Lancea,en,「承知いたしました、大統領。我々の国家憲兵隊も可能な限り、農村地域の治安強化に協力いたします。今後もさらなる暴力事件が起こる可能性があります。」
0x0100000400009F2D,2,68,Sordland/Turn01/SnO_MPShot,Narrator,en,国防大臣のヨセフ・ランチェアはうなずいて同意を示した。彼は完全な軍服を着込み、数多くの戦功勲章が目立つ姿で、我々他の者たちよりもはるかに背が高かった。
0x0100000400009F36,2,69,Sordland/Turn01/SnO_MPShot,Lileas Graf,en,「同感です。NFPに連絡し、ソード青年団との対立を鎮めるよう要請します。両者にはつながりがあり、キベナー氏も理にかなった判断をする人ですから――ソード青年団の場合は時としてそうとは限りませんが。」
0x0100000400009F3E,2,70,Sordland/Turn01/SnO_MPShot,Player,en,「その通りだ。状況を落ち着かせる必要がある。」
0x0100000400009F3E,2,70,Sordland/Turn01/SnO_MPShot,Player,Menu Text en,「ご指摘の通りだ。状況を収拾する必要がある。」
0x0100000400009F55,2,71,Sordland/Turn01/SnO_MPShot,Lucian Galade,en,「ええ、ですが国を鎮静させる必要があります。どちらかの側につけば事態はさらに悪化する可能性があります。」
0x0100000400009F5B,2,72,Sordland/Turn01/SnO_MPShot,Lucian Galade,en,「我が国の政府には治安を維持する能力があります。我々の役割は緊張状態を緩和することです。」
0x0100000400009F61,2,73,Sordland/Turn01/SnO_MPShot,Lucian Galade,en,「私の考えでは、出席すべきです。ここで重要なのは、その人物を暴力的な行為から切り離すという点です。」
0x0100000400009F6E,2,74,Sordland/Turn01/SnO_MPShot,Lucian Galade,en,「困難な状況ですが、選出された職員が撃たれました。これは我々の新政府にとって容認できることではありません。葬儀の場でこれを非難することにより、断固たる姿勢を示さなければなりません。」
0x0100000400009F76,2,75,Sordland/Turn01/SnO_MPShot,Narrator,en,ルシアンは最新の新聞や報告書を確認した後、いくつかメモを取った。
0x0100000400009F7E,2,76,Sordland/Turn01/SnO_MPShot,Player,en,「安定がなければ景気後退を改善することはできない。」
0x0100000400009F7E,2,76,Sordland/Turn01/SnO_MPShot,Player,Menu Text en,「安定がなければ景気後退を改善することはできない。」
0x0100000400009F85,2,77,Sordland/Turn01/SnO_MPShot,Player,en,「このような状況では、いかなる憲法改正も成立させることはできない。」
0x0100000400009F85,2,77,Sordland/Turn01/SnO_MPShot,Player,Menu Text en,「このような状況では、いかなる憲法改正も成立させることはできない。」
0x0100000400009F8C,2,78,Sordland/Turn01/SnO_MPShot,Player,en,「我々はこの困難を乗り越え、約束を必ず果たしてみせる。」
0x0100000400009F8C,2,78,Sordland/Turn01/SnO_MPShot,Player,Menu Text en,「我々はこの困難を乗り越え、約束を必ず果たしてみせる。」
0x0100000400009F96,2,79,Sordland/Turn01/SnO_MPShot,Petr Vectern,en,「その通りです。万が一の事態になれば、状況を安定させるためには閣僚たちを信頼するしかありません。」
0x0100000400009F9D,2,80,Sordland/Turn01/SnO_MPShot,Petr Vectern,en,「今はそれを心配しても意味がない。まずは影響を分析しよう。その時になってから対処すればいいのだ。」
0x0100000400009FA4,2,81,Sordland/Turn01/SnO_MPShot,Petr Vectern,en,「もちろんです、レイン大統領！」
0x0100000400009FD1,2,88,Sordland/Turn01/SnO_MPShot,Player,en,「国家に反する者はすべて敵だ。」
0x0100000400009FD1,2,88,Sordland/Turn01/SnO_MPShot,Player,Menu Text en,「国家に反する者はすべて敵だ。」
0x0100000400009FDA,2,89,Sordland/Turn01/SnO_MPShot,Iosef Lancea,en,「我々は必ず勝利する。」
0x0100000400009FE7,2,90,Sordland/Turn01/SnO_MPShot,Petr Vectern,en,「我々はここに留まり続けるのだ。」
0x0100000400009FEE,2,91,Sordland/Turn01/SnO_MPShot,Petr Vectern,en,「行政上の業務を調整するため、全力を尽くしてお手伝いいたします。」
0x0100000E00002ABF,2,93,Sordland/Turn01/SnO_MPShot,Narrator,en,彼女は最後の言葉を嫌悪感を込めて吐き捨てた。
0x0100000E00002B0B,2,94,Sordland/Turn01/SnO_MPShot,Lileas Graf,en,「大統領とそのご家族は無事でした、神に感謝します。」
0x010000000002FA26,3,3,Sordland/Turn01/A_Media,Lucian Galade,en,「大統領、アルトル・S・ウィスキがお会いするよう申し出てきました。」
0x010000000002FA60,3,4,Sordland/Turn01/A_Media,Lucian Galade,en,「ですが、性急に進むべきではありません。まず最初に、メディアに対する全体的な方針を決定する必要があります。」
0x010000000002FA89,3,5,Sordland/Turn01/A_Media,Player,en,「メディアは独立していなければならない。」
0x010000000002FA89,3,5,Sordland/Turn01/A_Media,Player,Menu Text en,「メディアは独立していなければならない。」
0x010000000002FA90,3,6,Sordland/Turn01/A_Media,Player,en,「メディアというのは、利用すべき道具に過ぎない。」
0x010000000002FA90,3,6,Sordland/Turn01/A_Media,Player,Menu Text en,「メディアというのは、利用すべき道具に過ぎない。」
0x010000000002FA97,3,7,Sordland/Turn01/A_Media,Lucian Galade,en,「私も同感です。メディアは、スキャンダルや過ちによる被害を避けつつ、世論を我々の見解や政策に沿わせる上で非常に重要な役割を果たします。」
0x010000000002FA9E,3,8,Sordland/Turn01/A_Media,Lucian Galade,en,「少々厳しい言い方に聞こえることは認めますが、我々の見解や知識、経験によって、一般のソードランド人よりも優れた判断ができると確信しています。」
0x010000000002FAA4,3,9,Sordland/Turn01/A_Media,Lucian Galade,en,「理想的にはそうです。しかし、人気のない指導者では最も簡単な改革でさえ成立させることはできません。国民の支持を維持し、害を及ぼすスキャンダルや過ちを避けることが極めて重要です。」
0x010000000002FAAB,3,10,Sordland/Turn01/A_Media,Lucian Galade,en,「大統領、一つだけ強調しておきたいことがあります。我々の政策を支持する人々が多ければ多いほど、より多くの成果を上げることができます。影響力のあるメディア機関に味方がいれば、これは非常に容易に達成可能です。」
0x010000000002FAB1,3,11,Sordland/Turn01/A_Media,Petr Vectern,en,「私もルシアンに同意しますが、なぜスキャンダルや失敗が起こると決めつけるのでしょうか？」
0x010000000002FAC0,3,12,Sordland/Turn01/A_Media,Petr Vectern,en,「彼らは非常に強力で影響力の大きなメディア企業群だ。まず、『ソードランド・トゥデイ』紙やソードランド人放送協会、S‑」
0x010000000002FAFB,3,13,Sordland/Turn01/A_Media,Lucian Galade,en,「彼の父上が亡くなられた後――安らかに眠っていらっしゃいますように――マルセルはHOS財閥の次期CEOになることを目指しており、有意義な協力関係について言及しました。」
0x010000000002FB02,3,14,Sordland/Turn01/A_Media,Player,en,「二つの過ちが正しさにはならない。」
0x010000000002FB02,3,14,Sordland/Turn01/A_Media,Player,Menu Text en,「二つの過ちが正しさにはならない。」
0x010000000002FB09,3,15,Sordland/Turn01/A_Media,Player,en,「あなたの言いたいことはわかる。」
0x010000000002FB09,3,15,Sordland/Turn01/A_Media,Player,Menu Text en,「あなたの言いたいことはわかる。」
0x010000000002FB10,3,16,Sordland/Turn01/A_Media,Player,en,「確かに、厳しい言い方に聞こえるだろうね。」
0x010000000002FB10,3,16,Sordland/Turn01/A_Media,Player,Menu Text en,「確かに、厳しい言い方に聞こえるだろうね。」
0x010000000002FB17,3,17,Sordland/Turn01/A_Media,Player,en,「私もあなたの意見に賛同する。」
0x010000000002FB17,3,17,Sordland/Turn01/A_Media,Player,Menu Text en,「私もあなたの意見に賛同する。」
0x010000000002FB21,3,18,Sordland/Turn01/A_Media,Petr Vectern,en,「たぶんそうかもしれないし、そうでないかもしれない。昨年アルフォンソ大統領に起こったことを忘れるのは難しいからな。」
0x010000000002FB2C,3,19,Sordland/Turn01/A_Media,Lucian Galade,en,「内閣が辞任し、マスコミが彼を中傷し始めたことで状況はさらに悪化したが、それもまた彼自身の無能さが招いた結果だった。」
0x010000000002FB33,3,20,Sordland/Turn01/A_Media,Lucian Galade,en,「常に最善を願うことはできます。しかし、本当に何も問題は起きないと思えるのでしょうか？特にソードランドの最近の歴史を考えればなおさらです。」
0x010000000002FB3B,3,21,Sordland/Turn01/A_Media,Petr Vectern,en,「ええ、潜在的な政治的失策を解決するためにこのような手段に頼るべきではありません。」
0x010000000002FB42,3,22,Sordland/Turn01/A_Media,Lucian Galade,en,「ペトル、問題はそれだけではありません。たとえ我々が正しくても、我々を害そうとする集団や人物が現れるかもしれないのです。」
0x010000000002FB49,3,23,Sordland/Turn01/A_Media,Petr Vectern,en,「私も同感です。たとえ利用しなくても、それをコントロールできるはずです。」
0x010000000002FB50,3,24,Sordland/Turn01/A_Media,Lucian Galade,en,「あなた方もご存知の通り、私には世論を操作するという確かな手腕があります。メディアを我々の側につけてみせましょう。」
0x010000000002FB5B,3,25,Sordland/Turn01/A_Media,Lucian Galade,en,「メディアに対処する方法は二通りあります。一つは影響を与えることで、これには明確な利点があります。もう一つは独立させたままにすることです。」
0x010000000002FB61,3,26,Sordland/Turn01/A_Media,Petr Vectern,en,「私はメディアの専門家ではありませんが、昨日の準備会議でルシアンが非常に興味深い主張をしていました。」
0x010000000002FB90,3,27,Sordland/Turn01/A_Media,Narrator,en,ドアを二度ノックする音がした。
0x010000000002FB9B,3,28,Sordland/Turn01/A_Media,Player,en,「どうぞ、入ってくれ。」
0x010000000002FB9B,3,28,Sordland/Turn01/A_Media,Player,Menu Text en,「どうぞ、入ってくれ。」
0x010000000002FBA2,3,29,Sordland/Turn01/A_Media,Player,en,「誰だ？」
0x010000000002FBA2,3,29,Sordland/Turn01/A_Media,Player,Menu Text en,「誰だ？」
0x010000000002FBAB,3,30,Sordland/Turn01/A_Media,Livia Suno,en,「失礼します、大統領。ガラド氏の秘書から何度も電話があり、メッセージを伝えてほしいとのことです。」
0x010000000002FBBA,3,31,Sordland/Turn01/A_Media,Narrator,en,私の新しい秘書であるリヴィア・スーノがオフィスに入ってきた。
0x010000000002FC3C,3,32,Sordland/Turn01/A_Media,Narrator,en,コロンティ家は常にソードランドで最も裕福で影響力のある家族の一つとして知られていた。マルセル・コロンティも例外ではなかった。
0x010000000002FC4C,3,33,Sordland/Turn01/A_Media,Player,en,「この『生産的な協力』とは一体何を意味するのか？」
0x010000000002FC4C,3,33,Sordland/Turn01/A_Media,Player,Menu Text en,「この『生産的な協力』とは一体何を意味するのか？」
0x010000000002FC56,3,34,Sordland/Turn01/A_Media,Player,en,「まずは選択肢を検討しよう。急ぐ必要はない。」
0x010000000002FC56,3,34,Sordland/Turn01/A_Media,Player,Menu Text en,「まずは選択肢を検討しよう。急ぐ必要はない。」
0x010000000002FCCA,3,35,Sordland/Turn01/A_Media,Livia Suno,en,「HOS財閥の新しいCEOであるマルセル・コロンティが、ガラド氏との通話を繋ごうとしています。」
0x010000000002FCD8,3,36,Sordland/Turn01/A_Media,Petr Vectern,en,「さて、今はこちらが行動を起こす番です。」
0x010000000002FCF1,3,37,Sordland/Turn01/A_Media,Livia Suno,en,「すぐに対応いたします、大統領。第一回線に接続します。」
0x010000000002FCFA,3,38,Sordland/Turn01/A_Media,Narrator,en,リヴィアが部屋を出て行き、電話が鳴り始めた。私が受話器を取った。
0x010000000002FD02,3,39,Sordland/Turn01/A_Media,Lucian Galade,en,「実に良い知らせですね。おめでとうございます、コロンティさん。この件で連絡をくださりありがとうございます。後ほど詳しく話しましょう。」
0x010000000002FD09,3,40,Sordland/Turn01/A_Media,Narrator,en,ルシアンは電話を置いた。
0x010000000002FD10,3,41,Sordland/Turn01/A_Media,Petr Vectern,en,「どうしてそんなに急ぎの重要な用件だったのですか？」
0x010000000002FD17,3,42,Sordland/Turn01/A_Media,Lucian Galade,en,「彼はちょうど取締役会によってCEOに選出されたばかりです。自身のメディア事業部に関する提携案を持ち込んできて、コンリアト近郊にある自分のリゾートで会合を開くよう我々を招いているのです。」
0x010000000002FD1F,3,43,Sordland/Turn01/A_Media,Player,en,「コロンティ氏との会合を手配してくれ。」
0x010000000002FD1F,3,43,Sordland/Turn01/A_Media,Player,Menu Text en,「コロンティ氏との会合を手配してくれ。」
0x010000000002FD26,3,44,Sordland/Turn01/A_Media,Player,en,「私はメディアの大物と関わりたくない。その申し出を断ろう。」
0x010000000002FD26,3,44,Sordland/Turn01/A_Media,Player,Menu Text en,「私はメディアの大物と関わりたくない。その申し出を断ろう。」
0x010000000002FD2D,3,45,Sordland/Turn01/A_Media,Player,en,「ペトル、あなたの意見を聞かせてほしいのだ。」
0x010000000002FD2D,3,45,Sordland/Turn01/A_Media,Player,Menu Text en,「ペトル、あなたの意見を聞かせてほしいのだ。」
0x010000000002FD3E,3,47,Sordland/Turn01/A_Media,Player,en,「あなたが行ってくれ。私の執務室に回線をつなげて。」
0x010000000002FD3E,3,47,Sordland/Turn01/A_Media,Player,Menu Text en,「あなたが行ってくれ。私の執務室に回線をつなげて。」
0x010000000002FD45,3,48,Sordland/Turn01/A_Media,Player,en,「私が彼と話をする。回線を私の執務室につなげてくれ。」
0x010000000002FD45,3,48,Sordland/Turn01/A_Media,Player,Menu Text en,「私が彼と話をする。回線を私の執務室につなげてくれ。」
0x010000000002FD4E,3,49,Sordland/Turn01/A_Media,Narrator,en,二人が電話で話し合っている間、数分が過ぎていった。
0x010000000002FD5F,3,50,Sordland/Turn01/A_Media,Marcel Koronti,en,「こちらこそ光栄です。」
0x010000000002FD6C,3,51,Sordland/Turn01/A_Media,Player,en,「大統領が話し始める。」
0x010000000002FD6C,3,51,Sordland/Turn01/A_Media,Player,Menu Text en,「大統領が話し始める。」
0x010000000002FD74,3,52,Sordland/Turn01/A_Media,Player,en,「お会いできて光栄だ、コロンティさん。」
0x010000000002FD74,3,52,Sordland/Turn01/A_Media,Player,Menu Text en,「お会いできて光栄だ、コロンティさん。」
0x010000000002FD7C,3,53,Sordland/Turn01/A_Media,Player,en,「こんにちは、マルセル。」
0x010000000002FD7C,3,53,Sordland/Turn01/A_Media,Player,Menu Text en,「こんにちは、マルセル。」
0x010000000002FD84,3,54,Sordland/Turn01/A_Media,Lucian Galade,en,「彼は実質的な好条件を提示しようとしており、今や企業連合の力も握っています。決定は大統領閣下に委ねられています。私がすぐに会議の手配をいたします。」
0x010000000002FD8B,3,55,Sordland/Turn01/A_Media,Marcel Koronti,en,「レイン様、ごきげんようです。」
0x010000000002FD93,3,56,Sordland/Turn01/A_Media,Marcel Koronti,en,「大統領、光栄に存じます。」
0x010000000002FD9A,3,57,Sordland/Turn01/A_Media,Petr Vectern,en,「取締役会はかなり迅速に決定を下しました。そのおかげで彼は再び我々に接触する自信を持ったようです。」
0x010000000002FDA2,3,58,Sordland/Turn01/A_Media,Marcel Koronti,en,「大統領のお時間は貴重であることを承知していますので、無駄にはしません。私はちょうどHOSのCEOに選出されたばかりです。」
0x010000000002FDB3,3,59,Sordland/Turn01/A_Media,Player,en,「ご提案、ありがとう。会合を持つことに興味がある。」
0x010000000002FDB3,3,59,Sordland/Turn01/A_Media,Player,Menu Text en,「ご提案、ありがとう。会合を持つことに興味がある。」
0x010000000002FDBB,3,60,Sordland/Turn01/A_Media,Player,en,「コロンティさん、ご提案いただきありがとう。だが、残念ながら断らざるを得ない。」
0x010000000002FDBB,3,60,Sordland/Turn01/A_Media,Player,Menu Text en,「コロンティさん、ご提案いただきありがとう。だが、残念ながら断らざるを得ない。」
0x010000000002FDC3,3,61,Sordland/Turn01/A_Media,Marcel Koronti,en,「必ずご満足いただけます、約束します。」
0x010000000002FDCA,3,62,Sordland/Turn01/A_Media,Marcel Koronti,en,「残念ですね。それでもお時間をいただき、ありがとうございます。」
0x010000000002FDD1,3,63,Sordland/Turn01/A_Media,Narrator,en,コロンティ氏は私の返答を待たずに電話を切ってしまった。
0x010000000002FDE1,3,64,Sordland/Turn01/A_Media,Marcel Koronti,en,「では、皆さんの忙しいスケジュールに戻ってもらいます。また後ほど会いましょう、大統領。」
0x010000000002FDEA,3,65,Sordland/Turn01/A_Media,Petr Vectern,en,「正直、迷っています。もし彼がCEOになったのであれば、今や非常に大きな影響力を持っているはずです。一方で、まだよく知らない相手とこっそり会うべきなのでしょうか？」
0x010000000002FDF1,3,66,Sordland/Turn01/A_Media,Lucian Galade,en,「その会合なら彼の正体を突き止めるのに役立つでしょう。たとえ何が提案されようと、我々は断ることもできます。」
0x010000000002FDF7,3,67,Sordland/Turn01/A_Media,Player,en,「コロンティ氏との会合を手配してくれ。」
0x010000000002FDF7,3,67,Sordland/Turn01/A_Media,Player,Menu Text en,「コロンティ氏との会合を手配してくれ。」
0x010000000002FDFE,3,68,Sordland/Turn01/A_Media,Player,en,「私はメディアの大物と関わりたくない。その申し出を断ろう。」
0x010000000002FDFE,3,68,Sordland/Turn01/A_Media,Player,Menu Text en,「私はメディアの大物と関わりたくない。その申し出を断ろう。」
0x010000000002FE07,3,69,Sordland/Turn01/A_Media,Lucian Galade,en,「すぐに手配いたします。来月には有益な会談が開かれるでしょう。」
0x010000000002FE0E,3,70,Sordland/Turn01/A_Media,Lucian Galade,en,「それは明確な拒否ですね。わかりました。正しい判断を下せたことを願っています。」
0x010000000002FE25,3,71,Sordland/Turn01/A_Media,Lucian Galade,en,「今日の業務はこれで終わりのようです。後ほど中断したところから再開します。お時間をいただきありがとうございました。」
0x010000000002FE2C,3,72,Sordland/Turn01/A_Media,Player,en,「マルセルとの協力、よくやった。この調子を続けてくれ。」
0x010000000002FE2C,3,72,Sordland/Turn01/A_Media,Player,Menu Text en,「マルセルとの協力、よくやった。この調子を続けてくれ。」
0x010000000002FE3D,3,73,Sordland/Turn01/A_Media,Player,en,「またすぐ会おう、皆さん。」
0x010000000002FE3D,3,73,Sordland/Turn01/A_Media,Player,Menu Text en,「またすぐ会おう、皆さん。」
0x010000000002FE45,3,74,Sordland/Turn01/A_Media,Petr Vectern,en,「それで決まりですね。来月が楽しみです。あの人はプールを持っているのかな？」
0x010000000002FE4B,3,75,Sordland/Turn01/A_Media,Petr Vectern,en,「なるほど、それで状況は明確になりました。ともかく他のことに力を入れるべきですね。」
0x010000000002FE98,3,77,Sordland/Turn01/A_Media,Marcel Koronti,en,「今後もご健闘を祈ります。」
0x010000000002FEE6,3,78,Sordland/Turn01/A_Media,Narrator,en,我々はすでに有力者たち、そして潜在的に危険な人物たちの注目を集めていた。
0x01000000000307AE,3,79,Sordland/Turn01/A_Media,Narrator,en,ルシアンとペトルが、最近の状況やメディア戦略について話し合うため、私のオフィスにやって来た。
0x010000000004BD10,3,80,Sordland/Turn01/A_Media,Marcel Koronti,en,「これが、我々のメディア部門に関する提携案を提案する理由です。詳細を協議するため、コンリアト近郊にある私の別荘で会合を開くよう正式にお招きしたいと思います。」
0x010000000004C2B7,3,81,Sordland/Turn01/A_Media,Marcel Koronti,en,「この企業集団を運営する上での私の戦略は、父のやり方とは異なるものになるだろう。」
0x01000000000752C9,3,82,Sordland/Turn01/A_Media,Player,en,「彼は何を望んでいるのか？」
0x01000000000752C9,3,82,Sordland/Turn01/A_Media,Player,Menu Text en,「彼は何を望んでいるのか？」
0x01000000000752D0,3,83,Sordland/Turn01/A_Media,Player,en,「なぜコンラートは自分の息子を送ってくるのか？」
0x01000000000752D0,3,83,Sordland/Turn01/A_Media,Player,Menu Text en,「なぜコンラートは自分の息子を送ってくるのか？」
0x01000000000752E5,3,84,Sordland/Turn01/A_Media,Player,en,「なぜ私が彼に会わなければならないのか？」
0x01000000000752E5,3,84,Sordland/Turn01/A_Media,Player,Menu Text en,「なぜ私が彼に会わなければならないのか？」
0x0100000000075305,3,85,Sordland/Turn01/A_Media,Narrator,en,ルシアンが私の方を向いた。
0x0100000000075310,3,86,Sordland/Turn01/A_Media,Petr Vectern,en,「彼は、えっと、残念ながら今日亡くなりました。」
0x010000000007531F,3,87,Sordland/Turn01/A_Media,Lucian Galade,en,「つまり、彼らを味方につけておくのが賢明だということです。邪魔してしまって申し訳ありません。」
0x0100000000075332,3,88,Sordland/Turn01/A_Media,Livia Suno,en,「大統領、リヴィアです。」
0x010000000007533B,3,89,Sordland/Turn01/A_Media,Narrator,en,私の新しい秘書であるリヴィア・スーノがオフィスに入ってきた。
0x0100000000075344,3,90,Sordland/Turn01/A_Media,Lucian Galade,en,「大統領、ご自身で彼と話されますか、それとも私が代わりに話しましょうか？」
0x010000000007534E,3,91,Sordland/Turn01/A_Media,Livia Suno,en,「すぐに対応いたします、大統領。第一回線に接続します。」
0x0100000000075355,3,92,Sordland/Turn01/A_Media,Narrator,en,リヴィアが部屋を出て行くと、電話が鳴り始めた。ルシアンが受話器を取った。
0x0100000000075360,3,93,Sordland/Turn01/A_Media,Narrator,en,ルシアンは時計を見た。
0x0100000000075369,3,94,Sordland/Turn01/A_Media,Narrator,en,ルシアンとペトルは書類をまとめて、すぐに私のオフィスを去っていった。
0x0100000000075373,3,95,Sordland/Turn01/A_Media,Player,en,「それにはどのような内容が含まれるのか？」
0x0100000000075373,3,95,Sordland/Turn01/A_Media,Player,Menu Text en,「それにはどのような内容が含まれるのか？」
0x010000000007537B,3,96,Sordland/Turn01/A_Media,Marcel Koronti,en,「大統領、これは我々がパートナーとしての将来を左右する問題です。詳細については電話で話すわけにもいきません。ぜひ直接お会いしてお話ししたいのです。」
0x0100000000075382,3,97,Sordland/Turn01/A_Media,Marcel Koronti,en,「もし興味がおありでしたら、私の秘書を通じて詳細を送ります。」
0x010000000007538C,3,98,Sordland/Turn01/A_Media,Player,en,「後ほど会おう、コロンティさん。」
0x010000000007538C,3,98,Sordland/Turn01/A_Media,Player,Menu Text en,「後ほど会おう、コロンティさん。」
0x0100000000075394,3,99,Sordland/Turn01/A_Media,Narrator,en,私は電話を切った。
0x010000000007539B,3,100,Sordland/Turn01/A_Media,Player,en,「さようなら。」
0x010000000007539B,3,100,Sordland/Turn01/A_Media,Player,Menu Text en,「さようなら。」
0x010000000007C622,3,104,Sordland/Turn01/A_Media,Petr Vectern,en,「昨年、メディアを利用してアルフォンソ大統領の背後から攻撃した男が言う台詞ですな。」
0x010000060000147C,3,105,Sordland/Turn01/A_Media,Narrator,en,二人とも私の向かいに席に着いた。ルシアンは読書用眼鏡をかけ、素早く書類を確認した。ペトルはルシアンの方を向いてうなずいた。
0x010000060000148B,3,106,Sordland/Turn01/A_Media,Lucian Galade,en,「皆様、ごきげんよう。」
0x010000060000149C,3,107,Sordland/Turn01/A_Media,Narrator,en,彼は、HOSを創設した実業家でメディア界の大物であり、ソードランド全土で最も裕福な人物でもあったコンラート・コロンティの長男だった。
0x01000006000014A5,3,108,Sordland/Turn01/A_Media,Player,en,「そこには可能性があるようだね。」
0x01000006000014A5,3,108,Sordland/Turn01/A_Media,Player,Menu Text en,「そこには可能性があるようだね。」
0x01000006000014AD,3,109,Sordland/Turn01/A_Media,Lucian Galade,en,「しかし、ペトルが言ったように、彼らはメディア機関の内容に大きな影響力を持っている。見出しやラジオ番組などだ。それが彼が提案するものであり、見返りとして彼が求めていることこそ、我々が理解しなければならない点だ。」
0x01000006000014B4,3,110,Sordland/Turn01/A_Media,Lucian Galade,en,「私も同感です。慎重に行動する必要があります。」
0x01000006000014C3,3,111,Sordland/Turn01/A_Media,Lucian Galade,en,「確かに可能性はある。その可能性は好転することも悪化することもあるのだ。」
0x01000006000014D9,3,112,Sordland/Turn01/A_Media,Lucian Galade,en,「彼は電話ではなく、直接会って詳細を説明したいと考えています。もうすぐ彼から電話がかかってくると思います。」
0x01000006000014EA,3,113,Sordland/Turn01/A_Media,Narrator,en,ルシアンとペトルはうなずいてから書類をまとめ、私のオフィスを去っていった。
0x01000006000014FD,3,117,Sordland/Turn01/A_Media,Player,en,「もっと優れた同盟者を連れてくることを期待している。」
0x01000006000014FD,3,117,Sordland/Turn01/A_Media,Player,Menu Text en,「もっと優れた同盟者を連れてくることを期待している。」
0x0100000E00002AFC,3,138,Sordland/Turn01/A_Media,Narrator,en,彼女が部屋を横切って私のデスクまで来ると、その黒いカールした髪が揺れ動いた。彼女の声にはわずかな抑揚があった。
0x0100001D000037A6,3,139,Sordland/Turn01/A_Media,Lucian Galade,en,「ちょうど内務省から、近くにあるホルソード国立大学の資料館で突然発生した火災に関する新たな情報が届きました。」
0x0100001D000037AC,3,140,Sordland/Turn01/A_Media,Petr Vectern,en,「この件にSIDが本当に必要なのか？そもそもなぜ誰かが大学の記録保管所を攻撃しようとするのだ？論理的な動機が全く見当たらない。」
0x0100001D000037B2,3,141,Sordland/Turn01/A_Media,Player,en,「すぐに消火できたか？」
0x0100001D000037B2,3,141,Sordland/Turn01/A_Media,Player,Menu Text en,「すぐに消火できたか？」
0x0100001D000037C6,3,142,Sordland/Turn01/A_Media,Player,en,「もっと詳しく話してくれ。」
0x0100001D000037C6,3,142,Sordland/Turn01/A_Media,Player,Menu Text en,「もっと詳しく話してくれ。」
0x0100001D000037F0,3,143,Sordland/Turn01/A_Media,Lucian Galade,en,「我々の消防士たちはできるだけ早く火を消しました。しかし、すでに6時間も燃え続けていたため、記録保管所や建物に甚大な被害が出ました。」
0x0100001D00003800,3,144,Sordland/Turn01/A_Media,Lucian Galade,en,「ホルソードの警察長官からの最初の報告によると、放火事件の可能性があるそうです。規定に従い、ソードランド情報局に連絡が取られました。」
0x0100001D00003807,3,145,Sordland/Turn01/A_Media,Player,en,「その件には興味がない。」
0x0100001D00003807,3,145,Sordland/Turn01/A_Media,Player,Menu Text en,「その件には興味がない。」
0x0100001D0000380F,3,146,Sordland/Turn01/A_Media,Lucian Galade,en,「すみません。もう次に進みましょう。」
0x0100001D00003816,3,147,Sordland/Turn01/A_Media,Petr Vectern,en,「もっと重要なのは、ルシアンがマルセル・コロンティが自分に連絡を取ってきたと言っていたことです。」
0x0100001D00003824,3,148,Sordland/Turn01/A_Media,Petr Vectern,en,「彼らが全力を尽くした勇気を称えるため、勲章を授与するよう手配しよう。ホルソード消防隊には屈強な英雄たちが大勢いるのだ。」
0x0100001D0000382A,3,149,Sordland/Turn01/A_Media,Lucian Galade,en,「最高裁長官によれば、主犯は外国の妨害工作だと見ているそうです。アーカイブの大部分が破壊されたとの連絡がありました。その中には、我々の偉大な思想家たちによって書かれた、世界的に認められた何万もの研究資料の原稿が含まれていたのです。」
0x0100001D0000383C,3,150,Sordland/Turn01/A_Media,Player,en,「これほど多くの知識が失われたのは残念だ。」
0x0100001D0000383C,3,150,Sordland/Turn01/A_Media,Player,Menu Text en,「これほど多くの知識が失われたのは残念だ。」
0x0100001D00003843,3,151,Sordland/Turn01/A_Media,Player,en,「ペトルの話に戻る。もしこれが放火だとしたら、その動機は何だったと考えられるか？」
0x0100001D00003843,3,151,Sordland/Turn01/A_Media,Player,Menu Text en,「ペトルの話に戻る。もしこれが放火だとしたら、その動機は何だったと考えられるか？」
0x0100001D0000384A,3,152,Sordland/Turn01/A_Media,Player,en,「我々は将来の新たな発見のために、教育制度をしっかり支えていく必要がある。」
0x0100001D0000384A,3,152,Sordland/Turn01/A_Media,Player,Menu Text en,「我々は将来の新たな発見のために、教育制度をしっかり支えていく必要がある。」
0x0100001D00003866,3,153,Sordland/Turn01/A_Media,Lucian Galade,en,「幸いなことに、原本のほとんどは他の大学やいくつかの国際図書館にコピーがある。私が最も愛読していたヘルマン・エクア著の『ソードランドの地政学』の初版も破壊されてしまった。」
0x0100001D0000386C,3,154,Sordland/Turn01/A_Media,Lucian Galade,en,「従業員の記録が研究資料と共に破壊されたという事実は、さらなる疑問を呼び起こしている。」
0x0100001D00003884,3,155,Sordland/Turn01/A_Media,Lucian Galade,en,「知識を守り続けることは、それを拡大することと同じくらい重要だ。興味深いことに、従業員の記録も破壊されてしまったようだ。」
0x0100001D000038AF,3,156,Sordland/Turn01/A_Media,Petr Vectern,en,「たぶん単なる偶然の事故に過ぎないでしょう。重要な著作のコピーはこちらにもあるのだから、一度の火事で我々の知識がすべて失われることはありません。従業員の記録を破壊する意味も私には見当たりません。」
0x0100001C0000266F,3,157,Sordland/Turn01/A_Media,Lucian Galade,en,「我々が受け取った情報は、かなり驚くべきものだ。」
0x0100000000004E33,4,3,Sordland/Turn01/A_PoliticalOverview,Narrator,en,ドアが開き、私の首席戦略家であるルシアン・ガラドが入ってきた。彼は背が低く、鋭く鳥のような顔立ちをした男だった。部屋の隅々まで一瞥すると、彼は腰を下ろし、水を一杯注いでから、素早く優雅な動作でブリーフケースを開けた。
0x0100000000004E47,4,4,Sordland/Turn01/A_PoliticalOverview,Narrator,en,ペトル・ベクターンは数分早く到着し、私の向かいに座った。彼は笑顔を抑えようと必死だった。
0x0100000000004E63,4,5,Sordland/Turn01/A_PoliticalOverview,Petr Vectern,en,「でもね、大学時代に、我々がこうしてマルーン宮殿で一緒にいるなんて想像したことあった？この偉大な勝利を祝わなくちゃ。」
0x0100000000004E72,4,6,Sordland/Turn01/A_PoliticalOverview,Player,en,「今は祝う時ではない、ペトル。やるべき仕事があるのだ。」
0x0100000000004E72,4,6,Sordland/Turn01/A_PoliticalOverview,Player,Menu Text en,「今は祝う時ではない、ペトル。やるべき仕事があるのだ。」
0x0100000000004E7A,4,7,Sordland/Turn01/A_PoliticalOverview,Player,en,「就任舞踏会で祝賀を行う。夕方までしっかり耐えていてくれ。」
0x0100000000004E7A,4,7,Sordland/Turn01/A_PoliticalOverview,Player,Menu Text en,「就任舞踏会で祝賀を行う。夕方までしっかり耐えていてくれ。」
0x0100000000004E82,4,8,Sordland/Turn01/A_PoliticalOverview,Player,en,「では祝おう。我々のために特別なものを手に入れてきたんだ。エルローリー・マルーン、30年物だ。」
0x0100000000004E82,4,8,Sordland/Turn01/A_PoliticalOverview,Player,Menu Text en,「では祝おう。我々のために特別なものを手に入れてきたんだ。エルローリー・マルーン、30年物だ。」
0x0100000000004E9A,4,9,Sordland/Turn01/A_PoliticalOverview,Petr Vectern,en,「楽しみにしています。エヴリンもそこで直接お祝いを申し上げたいと思っています。」
0x0100000000004EA9,4,10,Sordland/Turn01/A_PoliticalOverview,Player,en,「それは助かる。最後に彼女に会ってからずいぶん時間が経ったね。」
0x0100000000004EA9,4,10,Sordland/Turn01/A_PoliticalOverview,Player,Menu Text en,「それは助かる。最後に彼女に会ってからずいぶん時間が経ったね。」
0x0100000000004EB1,4,11,Sordland/Turn01/A_PoliticalOverview,Player,en,「きっと子供たちも、副大統領となったペトルおじさんに初めて会えるのを喜ぶだろう。」
0x0100000000004EB1,4,11,Sordland/Turn01/A_PoliticalOverview,Player,Menu Text en,「きっと子供たちも、副大統領となったペトルおじさんに初めて会えるのを喜ぶだろう。」
0x0100000000004EE3,4,12,Sordland/Turn01/A_PoliticalOverview,Petr Vectern,en,「たしかフランクの誕生日だったと思います。この数ヶ月、家族と過ごす時間さえほとんどありませんでしたよね？」
0x0100000000004F01,4,13,Sordland/Turn01/A_PoliticalOverview,Petr Vectern,en,「それは本当にうれしいですね！あの二人がこんなに早く成長したなんて信じられません。あなたは優しい父親です。」
0x0100000000004F08,4,14,Sordland/Turn01/A_PoliticalOverview,Narrator,en,ペトルの目には物悲しげな表情が浮かんでいた。彼とエヴリンには自分たちの子供を持つことができなかったのだ。選挙運動中、与党対抗派は彼が若い頃に私生児をもうけているという噂を流したが、それは一度も証明されることはなかった。
0x0100000000004F0F,4,15,Sordland/Turn01/A_PoliticalOverview,Petr Vectern,en,「ええ……同感です。今日はやるべきことがたくさんあります。舞踏会では思う存分楽しめばいいのです。」
0x0100000000004F50,4,16,Sordland/Turn01/A_PoliticalOverview,Lucian Galade,en,「諸君。」
0x0100000000004F5E,4,17,Sordland/Turn01/A_PoliticalOverview,Petr Vectern,en,「今期の政治戦略について話し合います。ルシアンと私は党および改革派と会談を行いました。」
0x0100000000004F65,4,18,Sordland/Turn01/A_PoliticalOverview,Petr Vectern,en,「我々はほとんど意見が一致していますが、あなたの考えも聞いてみたいのです。」
0x0100000000005014,4,19,Sordland/Turn01/A_PoliticalOverview,Player,en,「私も同感かどうか見てみよう。」
0x0100000000005014,4,19,Sordland/Turn01/A_PoliticalOverview,Player,Menu Text en,「私も同感かどうか見てみよう。」
0x010000000000501C,4,20,Sordland/Turn01/A_PoliticalOverview,Player,en,「素晴らしい。ルシアンが到着したら、これについて話し合おう。」
0x010000000000501C,4,20,Sordland/Turn01/A_PoliticalOverview,Player,Menu Text en,「素晴らしい。ルシアンが到着したら、これについて話し合おう。」
0x010000000000503C,4,21,Sordland/Turn01/A_PoliticalOverview,Narrator,en,部屋にあった大きな時計が3時を打った。
0x0100000000005054,4,22,Sordland/Turn01/A_PoliticalOverview,Lucian Galade,en,「こんにちは、ペトル。」
0x010000000000505A,4,23,Sordland/Turn01/A_PoliticalOverview,Petr Vectern,en,「ちくしょう、まさに時間通りだな。」
0x0100000000005063,4,24,Sordland/Turn01/A_PoliticalOverview,Narrator,en,ルシアンは私の方を向いた。彼はわずかに頭を下げた。
0x010000000000523F,4,25,Sordland/Turn01/A_PoliticalOverview,Lucian Galade,en,「もう一つ重要な点があります。ロザーバーグ・グループに警戒しなければなりません。財閥たちはこの組織を通じて経済政策に影響を与えています。かつてはコンラート・コロンティが長期間その指導者でしたが、病気に倒れました。現在の新しいリーダーはウォルター・タスク大統領です。」
0x0100000000005246,4,26,Sordland/Turn01/A_PoliticalOverview,Petr Vectern,en,「私の知る限り、コンリアトの息子であるマルセルはこのグループと強いつながりを持っています。彼の影響力は間違いなく我々にとって有益なものになり得ます。しかし、彼も何らかの見返りを求めるだろうことは確実です。」
0x010000000000524D,4,27,Sordland/Turn01/A_PoliticalOverview,Player,en,「コロンティ氏の広範な人脈は承知している。それは役立つだろう。」
0x010000000000524D,4,27,Sordland/Turn01/A_PoliticalOverview,Player,Menu Text en,「コロンティ氏の広範な人脈は承知している。それは役立つだろう。」
0x0100000000005255,4,28,Sordland/Turn01/A_PoliticalOverview,Player,en,「そのグループの影響力は重要な力であり、我が政権運営において有利に活用すべきものだ。」
0x0100000000005255,4,28,Sordland/Turn01/A_PoliticalOverview,Player,Menu Text en,「そのグループの影響力は重要な力であり、我が政権運営において有利に活用すべきものだ。」
0x010000000000525D,4,29,Sordland/Turn01/A_PoliticalOverview,Player,en,「あの集団は我々の経済政策に依存しており、我々なしでは何一つ動けないのだ。」
0x010000000000525D,4,29,Sordland/Turn01/A_PoliticalOverview,Player,Menu Text en,「あの集団は我々の経済政策に依存しており、我々なしでは何一つ動けないのだ。」
0x0100000000005286,4,30,Sordland/Turn01/A_PoliticalOverview,Petr Vectern,en,「そんなに楽観視するべきではありません。彼らが代表する資本が別の方向に向けられれば、大きな被害をもたらす可能性があります。」
0x0100000000005607,4,31,Sordland/Turn01/A_PoliticalOverview,Narrator,en,ルシアンはメモを取っていた。
0x0100000000026DAD,4,32,Sordland/Turn01/A_PoliticalOverview,Player,en,「では、舞踏会でまた会おう。」
0x0100000000026DAD,4,32,Sordland/Turn01/A_PoliticalOverview,Player,Menu Text en,「では、舞踏会でまた会おう。」
0x0100000000026DB6,4,33,Sordland/Turn01/A_PoliticalOverview,Petr Vectern,en,「もちろんです！」
0x0100000000026DBD,4,34,Sordland/Turn01/A_PoliticalOverview,Petr Vectern,en,「会議を続けましょう。」
0x0100000000026DC6,4,35,Sordland/Turn01/A_PoliticalOverview,Player,en,「状況は順調に進んでいることを願っている。」
0x0100000000026DC6,4,35,Sordland/Turn01/A_PoliticalOverview,Player,Menu Text en,「状況は順調に進んでいることを願っている。」
0x010000000002BFCF,4,36,Sordland/Turn01/A_PoliticalOverview,Lucian Galade,en,「報告によると、国民経済連盟の一部メンバーは彼らの手先だそうです。タスクとそのグループは、特別な経済的優遇を得る見返りに、我々を買収しようと必ずしも試みてくるでしょう。」
0x010000000002BFD7,4,37,Sordland/Turn01/A_PoliticalOverview,Narrator,en,ルシアンはペトルを見た。
0x01000000000307BC,4,39,Sordland/Turn01/A_PoliticalOverview,Petr Vectern,en,「もし彼らを我々の側につけることができれば、それは我々がどんな利益を提供できるか、そして指導者が何を望んでいるか次第です。」
0x01000000000307C2,4,40,Sordland/Turn01/A_PoliticalOverview,Petr Vectern,en,「彼には慎重に接する必要があります。一見すると悪の度合いが低そうに見えますが、すぐに状況が逆転する可能性もあるのです。」
0x01000000000307CA,4,41,Sordland/Turn01/A_PoliticalOverview,Lucian Galade,en,「在任中を生き抜くためには、あらゆる勢力と慎重に付き合い、巧みに対処しなければならない。この状況の深刻さを改めて強調しておかねばならない。」
0x01000000000307D0,4,42,Sordland/Turn01/A_PoliticalOverview,Lucian Galade,en,「これで本日の政治ブリーフィングは終了です。次回の会議ではメディア戦略について話し合います。」
0x01000000000307EB,4,43,Sordland/Turn01/A_PoliticalOverview,Narrator,en,ルシアンとペトルは別れを告げて去っていった。遠く地平線上で、正体不明の煙が立ち上っていた。
0x0100000000057E95,4,44,Sordland/Turn01/A_PoliticalOverview,Lucian Galade,en,「まずは現在の状況を評価しましょう。」
0x0100000000057EC6,4,45,Sordland/Turn01/A_PoliticalOverview,Lucian Galade,en,「確かに、それは我々にとって問題を引き起こす可能性があります。」
0x0100000000057EF9,4,46,Sordland/Turn01/A_PoliticalOverview,Lucian Galade,en,「しかし、改革派の人気が高まるにつれて、我々は彼らに立ち向かう余裕がなくなるかもしれない。」
0x0100000000057EFF,4,47,Sordland/Turn01/A_PoliticalOverview,Lucian Galade,en,「ソードランド人の大多数は変革を求めている。彼らは憲法よりも経済の方をより重視しているが、自分たちの問題の原因を制度に求めているのだ。」
0x0100000000057F05,4,48,Sordland/Turn01/A_PoliticalOverview,Lucian Galade,en,「簡単なことではないだろう。」
0x0100000000057F0B,4,49,Sordland/Turn01/A_PoliticalOverview,Petr Vectern,en,「人々は我が国の民主主義に対する信頼を失いつつあります。ベナード・シルカスのような過激派がなぜますます人気を集めるようになったと思いますか？皆、前政権が成し遂げられなかった変革を我々に期待しているのです。」
0x0100000000057F17,4,50,Sordland/Turn01/A_PoliticalOverview,Player,en,「私も改革派の意見に賛成だ。我々の責任は、壊れ果てた制度を民主化することにある。」
0x0100000000057F17,4,50,Sordland/Turn01/A_PoliticalOverview,Player,Menu Text en,「私も改革派の意見に賛成だ。我々の責任は、壊れ果てた制度を民主化することにある。」
0x0100000000057F25,4,51,Sordland/Turn01/A_PoliticalOverview,Player,en,「この国に仕えるためには、国民の声に耳を傾けなければならない。」
0x0100000000057F25,4,51,Sordland/Turn01/A_PoliticalOverview,Player,Menu Text en,「この国に仕えるためには、国民の声に耳を傾けなければならない。」
0x0100000000057F2C,4,52,Sordland/Turn01/A_PoliticalOverview,Lucian Galade,en,「政府内の守旧派と戦うには、多くの同盟者が必要だ。」
0x0100000000057F32,4,53,Sordland/Turn01/A_PoliticalOverview,Player,en,「もし我々が権力を失えば、国の利益のために必要な改革を実行することができなくなるだろう。」
0x0100000000057F32,4,53,Sordland/Turn01/A_PoliticalOverview,Player,Menu Text en,「もし我々が権力を失えば、国の利益のために必要な改革を実行することができなくなるだろう。」
0x0100000000057F5D,4,57,Sordland/Turn01/A_PoliticalOverview,Petr Vectern,en,「それこそが我々が選挙運動で訴えてきたことです。国を前進させる真の変化です。」
0x010000000005801D,4,58,Sordland/Turn01/A_PoliticalOverview,Player,en,「ルシアン、元気か？」
0x010000000005801D,4,58,Sordland/Turn01/A_PoliticalOverview,Player,Menu Text en,「ルシアン、元気か？」
0x0100000000058024,4,59,Sordland/Turn01/A_PoliticalOverview,Player,en,「ルシアン、会えて嬉しいよ。」
0x0100000000058024,4,59,Sordland/Turn01/A_PoliticalOverview,Player,Menu Text en,「ルシアン、会えて嬉しいよ。」
0x010000000005802B,4,60,Sordland/Turn01/A_PoliticalOverview,Player,en,「時間を無駄にはできない。ルシアン、概要の説明を始めてくれ。」
0x010000000005802B,4,60,Sordland/Turn01/A_PoliticalOverview,Player,Menu Text en,「時間を無駄にはできない。ルシアン、概要の説明を始めてくれ。」
0x0100000000058035,4,61,Sordland/Turn01/A_PoliticalOverview,Lucian Galade,en,「こちらにいられるのは光栄です、大統領。」
0x010000000005803C,4,62,Sordland/Turn01/A_PoliticalOverview,Lucian Galade,en,「私は準備ができ、任務を遂行できます、大統領。」
0x0100000000058043,4,63,Sordland/Turn01/A_PoliticalOverview,Lucian Galade,en,「ご命令の通りにいたします、大統領。」
0x010000000005804D,4,64,Sordland/Turn01/A_PoliticalOverview,Lucian Galade,en,「改革派を満足させるための包括的な改革とは、政府のあらゆる機関間でバランスを保つことを意味するのだ。」
0x0100000000058064,4,65,Sordland/Turn01/A_PoliticalOverview,Petr Vectern,en,「私も同感です。ただ、守旧派はこれを快く思わないでしょう。」
0x010000000005806A,4,66,Sordland/Turn01/A_PoliticalOverview,Petr Vectern,en,「どうあれ、最高裁判所と協力していく必要があります。」
0x0100000000058077,4,67,Sordland/Turn01/A_PoliticalOverview,Lucian Galade,en,「つまり、あなたの絶対的な拒否権も撤廃されるということです。改革派は憲法のあらゆる抜け穴を埋めることを要求しています。」
0x0100000000058089,4,68,Sordland/Turn01/A_PoliticalOverview,Player,en,「権力構造をより公平に均衡させるためには、包括的な法案が必要だ。」
0x0100000000058089,4,68,Sordland/Turn01/A_PoliticalOverview,Player,Menu Text en,「権力構造をより公平に均衡させるためには、包括的な法案が必要だ。」
0x0100000000058090,4,69,Sordland/Turn01/A_PoliticalOverview,Lucian Galade,en,「守旧派は憲法を守るために全力を尽くすだろう。最高裁長官であるホーカーと彼の仲間の裁判官たちは最高裁判所に大きな影響力を持っており、その勢力を打破するのは困難だ。」
0x0100000000058096,4,70,Sordland/Turn01/A_PoliticalOverview,Lucian Galade,en,「リクター氏は多くの議会議員たちを説得し、新憲法の起草に賛同してもらうことに成功しました。改革派の政治家の数も急速に増えています。」
0x010000000005809C,4,71,Sordland/Turn01/A_PoliticalOverview,Petr Vectern,en,「最高裁判所は憲法に関する立法においても最終的な決定権を持っています。彼らの承認がなければ、それを変更することすらできません。」
0x01000000000580A2,4,72,Sordland/Turn01/A_PoliticalOverview,Lucian Galade,en,「我々の党内における改革派は依然として少数派ではあるが、フレンス・リクターのもとで団結すれば議会で三党連立の過半数を形成する可能性があります。」
0x01000000000580A8,4,73,Sordland/Turn01/A_PoliticalOverview,Lucian Galade,en,「同感です。彼らはソードランドの政治においてあまりにも大きな権力を握っています。」
0x01000000000580AE,4,74,Sordland/Turn01/A_PoliticalOverview,Player,en,「何としてでも最高裁判所の権力を打ち砕かなければならない。」
0x01000000000580AE,4,74,Sordland/Turn01/A_PoliticalOverview,Player,Menu Text en,「何としてでも最高裁判所の権力を打ち砕かなければならない。」
0x01000000000580BA,4,75,Sordland/Turn01/A_PoliticalOverview,Petr Vectern,en,「改革派の要求は明確だ。彼らは大統領の拒否権を制限し、最高裁判所の独立性を保障し、憲法改正に関する裁判所の投票権を奪い取りたいと考えている。」
0x01000000000580C0,4,76,Sordland/Turn01/A_PoliticalOverview,Player,en,「私は改革派を支持する。この国には適切な権力のバランスが必要だ。」
0x01000000000580C0,4,76,Sordland/Turn01/A_PoliticalOverview,Player,Menu Text en,「私は改革派を支持する。この国には適切な権力のバランスが必要だ。」
0x01000000000580C7,4,77,Sordland/Turn01/A_PoliticalOverview,Player,en,「彼らに逆らうのは避けたい。リスクが高すぎるからだ。」
0x01000000000580C7,4,77,Sordland/Turn01/A_PoliticalOverview,Player,Menu Text en,「彼らに逆らうのは避けたい。リスクが高すぎるからだ。」
0x01000000000580D2,4,78,Sordland/Turn01/A_PoliticalOverview,Lucian Galade,en,「私も同感です、大統領。」
0x01000000000580F8,4,79,Sordland/Turn01/A_PoliticalOverview,Lucian Galade,en,「その通りです。しかし、かつてアルフォンソに対してしたように、守旧派に操られて裏切られることだけは許してはなりません。」
0x01000000000580FE,4,80,Sordland/Turn01/A_PoliticalOverview,Player,en,「彼らの要求に耳を傾けなければならない。そうでなければ、我々は過去の政権と変わりない。」
0x01000000000580FE,4,80,Sordland/Turn01/A_PoliticalOverview,Player,Menu Text en,「彼らの要求に耳を傾けなければならない。そうでなければ、我々は過去の政権と変わりない。」
0x0100000000058105,4,81,Sordland/Turn01/A_PoliticalOverview,Player,en,「私は彼らに自分を左右されるつもりはない。我々が自分たちの未来を切り開くのだ。」
0x0100000000058105,4,81,Sordland/Turn01/A_PoliticalOverview,Player,Menu Text en,「私は彼らに自分を左右されるつもりはない。我々が自分たちの未来を切り開くのだ。」
0x010000000005810C,4,82,Sordland/Turn01/A_PoliticalOverview,Petr Vectern,en,「憲法制定の際に彼らの投票権を奪う必要がある。選出されてすらいないのに法案に投票できるなんて、まったく馬鹿げている。」
0x0100000000058112,4,83,Sordland/Turn01/A_PoliticalOverview,Petr Vectern,en,「私も同感です。結局のところ、変化の流れを無視するわけにはいきません。」
0x0100000000058156,4,84,Sordland/Turn01/A_PoliticalOverview,Petr Vectern,en,「我々なら何とかできる。我々の党は依然として大国民議会の250議席のうち130議席を握っており、権力もあるのだ。」
0x010000000005815C,4,85,Sordland/Turn01/A_PoliticalOverview,Player,en,「妨害を企む者たちが存在することは許されない。」
0x010000000005815C,4,85,Sordland/Turn01/A_PoliticalOverview,Player,Menu Text en,「妨害を企む者たちが存在することは許されない。」
0x0100000000058163,4,86,Sordland/Turn01/A_PoliticalOverview,Player,en,「これから我々を待ち受ける課題は多いようだ。」
0x0100000000058163,4,86,Sordland/Turn01/A_PoliticalOverview,Player,Menu Text en,「これから我々を待ち受ける課題は多いようだ。」
0x010000000005816A,4,87,Sordland/Turn01/A_PoliticalOverview,Player,en,「この状況を侮ってはならない。」
0x010000000005816A,4,87,Sordland/Turn01/A_PoliticalOverview,Player,Menu Text en,「この状況を侮ってはならない。」
0x01000000000581A7,4,88,Sordland/Turn01/A_PoliticalOverview,Player,en,「私は改革派と共に、より民主的な憲法を起草するつもりだ。」
0x01000000000581A7,4,88,Sordland/Turn01/A_PoliticalOverview,Player,Menu Text en,「私は改革派と共に、より民主的な憲法を起草するつもりだ。」
0x01000000000581AE,4,89,Sordland/Turn01/A_PoliticalOverview,Player,en,「新しい憲法では、大統領にソードランドを未来へと導くための広範な権限が与えられるべきだ。」
0x01000000000581AE,4,89,Sordland/Turn01/A_PoliticalOverview,Player,Menu Text en,「新しい憲法では、大統領にソードランドを未来へと導くための広範な権限が与えられるべきだ。」
0x01000000000581B5,4,90,Sordland/Turn01/A_PoliticalOverview,Player,en,「我々は守旧派と協力して、現在持っている広範な権限を守り続けることができる。」
0x01000000000581B5,4,90,Sordland/Turn01/A_PoliticalOverview,Player,Menu Text en,「我々は守旧派と協力して、現在持っている広範な権限を守り続けることができる。」
0x01000000000581C1,4,94,Sordland/Turn01/A_PoliticalOverview,Player,en,「どうすれば最善の形でこの状況を切り抜けられるだろうか？」
0x01000000000581C1,4,94,Sordland/Turn01/A_PoliticalOverview,Player,Menu Text en,「どうすれば最善の形でこの状況を切り抜けられるだろうか？」
0x01000000000581C8,4,95,Sordland/Turn01/A_PoliticalOverview,Petr Vectern,en,「それこそが我々が内部で準備してきたことです。あの約束が我々を当選させたのだということを忘れてはなりません。」
0x01000000000581CE,4,96,Sordland/Turn01/A_PoliticalOverview,Lucian Galade,en,「ここで最も重要なのは、既に多数派で主導権を握っている議会の力をさらに強化することです。」
0x01000000000581D4,4,97,Sordland/Turn01/A_PoliticalOverview,Player,en,「では、どうすべきだとお考えか？」
0x01000000000581D4,4,97,Sordland/Turn01/A_PoliticalOverview,Player,Menu Text en,「では、どうすべきだとお考えか？」
0x01000000000581E2,4,98,Sordland/Turn01/A_PoliticalOverview,Petr Vectern,en,「リクターとその改革派の連中と手を組めば、支持基盤を説得するのは難しいだろう。しかし新しい憲法が必要だという点については皆が同意している。」
0x01000000000581E8,4,99,Sordland/Turn01/A_PoliticalOverview,Player,en,「もうやめろ、お前たち二人とも。私の味方かどうかはっきりしろ！」
0x01000000000581E8,4,99,Sordland/Turn01/A_PoliticalOverview,Player,Menu Text en,「もうやめろ、お前たち二人とも。私の味方かどうかはっきりしろ！」
0x01000000000581EF,4,100,Sordland/Turn01/A_PoliticalOverview,Lucian Galade,en,「それは改革派には受け入れられないでしょう。この案は、我々の党とPFJPのメンバー双方の助言をもとに作成されたものです。」
0x01000000000581F5,4,101,Sordland/Turn01/A_PoliticalOverview,Lucian Galade,en,「それは実に大胆な考えですね。ではまず、最高裁判所が憲法制定に対して持つ権限を排除し、さらには彼らの免責特権も取り消すことから始めなければなりません。」
0x01000000000581FB,4,102,Sordland/Turn01/A_PoliticalOverview,Lucian Galade,en,「改革派や守旧派との関係も悪化させることになります。」
0x0100000000058201,4,103,Sordland/Turn01/A_PoliticalOverview,Petr Vectern,en,「改革派が大統領の拒否権制度の抜け穴を是正するよう求めていることも忘れてはなりません。」
0x0100000000058216,4,107,Sordland/Turn01/A_PoliticalOverview,Petr Vectern,en,「選挙の際に我々が国民に民主的な憲法を約束したことを忘れてはなりません。」
0x0100000000058220,4,108,Sordland/Turn01/A_PoliticalOverview,Petr Vectern,en,「どうやってですか？国民が我々に大幅な改革を実施することを望んでいるのはご存知のはずです。それに、守旧派があなたを支持してくれるかどうか、我々に何の保証がありますか？」
0x0100000000058226,4,109,Sordland/Turn01/A_PoliticalOverview,Narrator,en,ルシアンは自分の資料を開いた。
0x010000000005822D,4,110,Sordland/Turn01/A_PoliticalOverview,Lucian Galade,en,「もし我々が民衆の要求に逆らえば、改革派は激怒するだろう。それはかえって事態を悪化させる可能性がある。」
0x0100000000058239,4,111,Sordland/Turn01/A_PoliticalOverview,Player,en,「どうすればよいとお考えか？」
0x0100000000058239,4,111,Sordland/Turn01/A_PoliticalOverview,Player,Menu Text en,「どうすればよいとお考えか？」
0x0100000000058240,4,112,Sordland/Turn01/A_PoliticalOverview,Lucian Galade,en,「大統領、そのようなリスクを負うべきではないと私は思います。」
0x0100000000058246,4,113,Sordland/Turn01/A_PoliticalOverview,Player,en,「あなたの言う通りかもしれない。」
0x0100000000058246,4,113,Sordland/Turn01/A_PoliticalOverview,Player,Menu Text en,「あなたの言う通りかもしれない。」
0x010000000005824D,4,114,Sordland/Turn01/A_PoliticalOverview,Player,en,「ソードランドを偉大な国にするのは、強力な政権だけだ。」
0x010000000005824D,4,114,Sordland/Turn01/A_PoliticalOverview,Player,Menu Text en,「ソードランドを偉大な国にするのは、強力な政権だけだ。」
0x0100000000058254,4,115,Sordland/Turn01/A_PoliticalOverview,Player,en,「私は拒否権を制限するつもりはない。それが必要なのだ。」
0x0100000000058254,4,115,Sordland/Turn01/A_PoliticalOverview,Player,Menu Text en,「私は拒否権を制限するつもりはない。それが必要なのだ。」
0x010000000005825B,4,116,Sordland/Turn01/A_PoliticalOverview,Lucian Galade,en,「わかりました。そのような憲法改正を現実的に成立させる方法について、すぐに検討を始めましょう。」
0x0100000000058261,4,117,Sordland/Turn01/A_PoliticalOverview,Player,en,「彼らはそのままいても構わない。何の改革もないよりは、多少の改革の方がましだ。」
0x0100000000058261,4,117,Sordland/Turn01/A_PoliticalOverview,Player,Menu Text en,「彼らはそのままいても構わない。何の改革もないよりは、多少の改革の方がましだ。」
0x0100000000058268,4,118,Sordland/Turn01/A_PoliticalOverview,Lucian Galade,en,「ご希望通りです。その件についてはすぐに取り組みます。」
0x010000000005826E,4,119,Sordland/Turn01/A_PoliticalOverview,Player,en,「もちろん、詳細に検討される。」
0x010000000005826E,4,119,Sordland/Turn01/A_PoliticalOverview,Player,Menu Text en,「もちろん、詳細に検討される。」
0x0100000000058275,4,120,Sordland/Turn01/A_PoliticalOverview,Lucian Galade,en,「その通りですが、進化しなければ我々も問題の一部になってしまうかもしれません。」
0x010000000005827B,4,121,Sordland/Turn01/A_PoliticalOverview,Lucian Galade,en,「ですが、私はこれに賛成していないことを強調しなければなりません。」
0x0100000000058281,4,122,Sordland/Turn01/A_PoliticalOverview,Lucian Galade,en,「はい、大統領。」
0x0100000000058287,4,123,Sordland/Turn01/A_PoliticalOverview,Lucian Galade,en,「第二に、大統領の絶対的な拒否権が廃止されます。現在の抜け穴を修正することで、限定された拒否権制度に置き換えることが可能です。」
0x0100000000058293,4,124,Sordland/Turn01/A_PoliticalOverview,Player,en,「我々は司法機関の権力を排除するための法案を起草しなければならない。」
0x0100000000058293,4,124,Sordland/Turn01/A_PoliticalOverview,Player,Menu Text en,「我々は司法機関の権力を排除するための法案を起草しなければならない。」
0x010000000005829A,4,125,Sordland/Turn01/A_PoliticalOverview,Lucian Galade,en,「最高裁判所の立法権を奪いながら、自分だけが立法において絶対的な権力を握り続けるというのは、自身の権力を強化しようとする試みのように見えかねません。」
0x01000000000582A0,4,126,Sordland/Turn01/A_PoliticalOverview,Petr Vectern,en,「はい。より良いソードランドのために、権力の配分を再調整する必要があります。」
0x01000000000582A6,4,127,Sordland/Turn01/A_PoliticalOverview,Player,en,「なるほど。では改革派と協力しよう。」
0x01000000000582AD,4,128,Sordland/Turn01/A_PoliticalOverview,Player,en,「我々なら以前の政府と同じように対処できる。」
0x01000000000582AD,4,128,Sordland/Turn01/A_PoliticalOverview,Player,Menu Text en,「我々なら以前の政府と同じように対処できる。」
0x01000000000582C5,4,129,Sordland/Turn01/A_PoliticalOverview,Player,en,「確かに、我々にはそれはできない。あまりにも危険すぎるのだ。」
0x01000000000582C5,4,129,Sordland/Turn01/A_PoliticalOverview,Player,Menu Text en,「確かに、我々にはそれはできない。あまりにも危険すぎるのだ。」
0x01000000000582CC,4,130,Sordland/Turn01/A_PoliticalOverview,Player,en,「より多くの行政権限を持つ法案を起草しなければならない。」
0x01000000000582CC,4,130,Sordland/Turn01/A_PoliticalOverview,Player,Menu Text en,「より多くの行政権限を持つ法案を起草しなければならない。」
0x01000000000582D3,4,131,Sordland/Turn01/A_PoliticalOverview,Lucian Galade,en,「大統領、それは冒すに値するリスクではありません。」
0x01000000000582D9,4,132,Sordland/Turn01/A_PoliticalOverview,Player,en,「いや、私が支持するのは自分の地位を強化する新しい憲法だけだ。改革派など気にせず、代わりにNFPと連携すべきだ。」
0x01000000000582E6,4,133,Sordland/Turn01/A_PoliticalOverview,Player,en,「では、憲法改正を進めるつもりはない。守旧派に連絡を取る。」
0x01000000000582E6,4,133,Sordland/Turn01/A_PoliticalOverview,Player,Menu Text en,「では、憲法改正を進めるつもりはない。守旧派に連絡を取る。」
0x01000000000582ED,4,134,Sordland/Turn01/A_PoliticalOverview,Lucian Galade,en,「それは非常に危険な道のりとなるでしょう。」
0x01000000000582F3,4,135,Sordland/Turn01/A_PoliticalOverview,Player,en,「私が対処しよう。これはレイン政権のもとで実行される。」
0x01000000000582F3,4,135,Sordland/Turn01/A_PoliticalOverview,Player,Menu Text en,「私が対処しよう。これはレイン政権のもとで実行される。」
0x01000000000582FA,4,136,Sordland/Turn01/A_PoliticalOverview,Petr Vectern,en,「なぜ守旧派と手を組もうとするのですか？」
0x0100000000058304,4,137,Sordland/Turn01/A_PoliticalOverview,Player,en,「ソル派の支援がなければ、我々に力はない。」
0x0100000000058304,4,137,Sordland/Turn01/A_PoliticalOverview,Player,Menu Text en,「ソル派の支援がなければ、我々に力はない。」
0x010000000005830B,4,138,Sordland/Turn01/A_PoliticalOverview,Petr Vectern,en,「立法に対する絶対的な拒否権は維持しつつ、最高裁判所の議会への影響力を取り除けば、それは権力奪取のように見えてしまうでしょう。」
0x0100000000058311,4,139,Sordland/Turn01/A_PoliticalOverview,Player,en,「私は自分の権力を維持しなければならない。」
0x0100000000058311,4,139,Sordland/Turn01/A_PoliticalOverview,Player,Menu Text en,「私は自分の権力を維持しなければならない。」
0x0100000000058318,4,140,Sordland/Turn01/A_PoliticalOverview,Player,en,「我々ならできる、ルシアン！これまでに成し遂げてきたことを見てごらん。」
0x0100000000058318,4,140,Sordland/Turn01/A_PoliticalOverview,Player,Menu Text en,「我々ならできる、ルシアン！これまでに成し遂げてきたことを見てごらん。」
0x010000000005831F,4,141,Sordland/Turn01/A_PoliticalOverview,Lucian Galade,en,「現状でも国家の力は十分強大です。問題は、どのようにしてこれらの憲法改正に取り組み、それを実現することが現実的かという点です。」
0x0100000000058325,4,142,Sordland/Turn01/A_PoliticalOverview,Petr Vectern,en,「改革派や世論にまともに逆らうという話ですね。」
0x010000000005832B,4,143,Sordland/Turn01/A_PoliticalOverview,Lucian Galade,en,「副大統領のおっしゃることも一理あります。」
0x0100000000058331,4,144,Sordland/Turn01/A_PoliticalOverview,Lucian Galade,en,「わかりました。大統領の拒否権を取り消す必要はありません。その代わり、改革派と協力してその行使範囲を制限する方法について話し合えばよいでしょう。」
0x010000000005833E,4,145,Sordland/Turn01/A_PoliticalOverview,Petr Vectern,en,「政治的にそれを乗り越えられるかどうか、私にも分からない。」
0x0100000000058344,4,146,Sordland/Turn01/A_PoliticalOverview,Player,en,「では、どうすればよいとお考えか？改革派との協力についても再考できるかもしれない。」
0x0100000000058357,4,147,Sordland/Turn01/A_PoliticalOverview,Player,en,「いや、そんなことは起こらない。どちらの案も採用したくない。」
0x0100000000058365,4,148,Sordland/Turn01/A_PoliticalOverview,Player,en,「私の地位に与える被害をできるだけ小さくしたいのだ。」
0x0100000000058365,4,148,Sordland/Turn01/A_PoliticalOverview,Player,Menu Text en,「私の地位に与える被害をできるだけ小さくしたいのだ。」
0x010000000005836C,4,149,Sordland/Turn01/A_PoliticalOverview,Player,en,「これらの条項については問題ない。改革派と共に取り組もう。」
0x010000000005836C,4,149,Sordland/Turn01/A_PoliticalOverview,Player,Menu Text en,「これらの条項については問題ない。改革派と共に取り組もう。」
0x0100000000058373,4,150,Sordland/Turn01/A_PoliticalOverview,Player,en,「安定を維持するためには、大統領が円滑に権限を行使できることが不可欠だ。」
0x0100000000058373,4,150,Sordland/Turn01/A_PoliticalOverview,Player,Menu Text en,「安定を維持するためには、大統領が円滑に権限を行使できることが不可欠だ。」
0x010000000005837A,4,151,Sordland/Turn01/A_PoliticalOverview,Player,en,「守旧派の権力を排除することで、国を強化しなければならない。」
0x010000000005837A,4,151,Sordland/Turn01/A_PoliticalOverview,Player,Menu Text en,「守旧派の権力を排除することで、国を強化しなければならない。」
0x0100000000058387,4,152,Sordland/Turn01/A_PoliticalOverview,Player,en,「真の問題は大統領ではなく、司法機関の権力にあるのだ。」
0x0100000000058387,4,152,Sordland/Turn01/A_PoliticalOverview,Player,Menu Text en,「真の問題は大統領ではなく、司法機関の権力にあるのだ。」
0x010000000005838E,4,153,Sordland/Turn01/A_PoliticalOverview,Petr Vectern,en,「はい。もちろん、私はあなたの側です。」
0x0100000000058394,4,154,Sordland/Turn01/A_PoliticalOverview,Player,en,「他にもっと重要な問題にも対処しなければならない。」
0x01000000000583A1,4,155,Sordland/Turn01/A_PoliticalOverview,Player,en,「では、我々にとって最善の結果とは何だろうか？」
0x01000000000583A1,4,155,Sordland/Turn01/A_PoliticalOverview,Player,Menu Text en,「では、我々にとって最善の結果とは何だろうか？」
0x01000000000583AC,4,156,Sordland/Turn01/A_PoliticalOverview,Lucian Galade,en,「もしこれを本気で進めるのであれば、大統領、私が適切な選択肢を探し出します。」
0x01000000000583B2,4,157,Sordland/Turn01/A_PoliticalOverview,Lucian Galade,en,「どの方向に進む前に明確にしておきたいのですが、大統領、ご意向は何でしょうか？」
0x01000000000583B8,4,158,Sordland/Turn01/A_PoliticalOverview,Lucian Galade,en,「一般国民なら説得できるかもしれませんが、大国民議会の改革派たちは決してそれに騙されません。」
0x01000000000583BE,4,159,Sordland/Turn01/A_PoliticalOverview,Lucian Galade,en,「彼らはあなたを、さらに権力を握ろうとするまた一人の強権者として描こうとするでしょう。」
0x01000000000583CB,4,160,Sordland/Turn01/A_PoliticalOverview,Player,en,「ルシアン、あなたはどう提案するか？」
0x01000000000583CB,4,160,Sordland/Turn01/A_PoliticalOverview,Player,Menu Text en,「ルシアン、あなたはどう提案するか？」
0x01000000000583E0,4,161,Sordland/Turn01/A_PoliticalOverview,Lucian Galade,en,「そのような法案を提出するのに必要な166票を確保するのはかなり困難でしょう。」
0x01000000000583E6,4,162,Sordland/Turn01/A_PoliticalOverview,Player,en,「ペトル、あなたはどうだ？」
0x01000000000583E6,4,162,Sordland/Turn01/A_PoliticalOverview,Player,Menu Text en,「ペトル、あなたはどうだ？」
0x01000000000583ED,4,163,Sordland/Turn01/A_PoliticalOverview,Petr Vectern,en,「改革派にその主張を説得するのは極めて困難だろう。」
0x01000000000583FF,4,167,Sordland/Turn01/A_PoliticalOverview,Petr Vectern,en,「アントン、我々は民主的改革を約束して選出されたのです。」
0x0100000000058405,4,168,Sordland/Turn01/A_PoliticalOverview,Lucian Galade,en,「それは困難でしょう、大統領。ですが、あなたの判断を信頼しています。」
0x0100000000058411,4,169,Sordland/Turn01/A_PoliticalOverview,Petr Vectern,en,「我々は改革派の支持をすべて失ってしまうでしょう。」
0x0100000000058417,4,170,Sordland/Turn01/A_PoliticalOverview,Petr Vectern,en,「それには、拒否権を覆す機会を議会に与えてその力を強化し、司法が独立している状態を維持することも含まれます。」
0x010000000005841D,4,171,Sordland/Turn01/A_PoliticalOverview,Player,en,「改革派など必要ない。NFPと協力すればいつでも問題ないのだ。」
0x0100000000058428,4,172,Sordland/Turn01/A_PoliticalOverview,Lucian Galade,en,「ご希望通りです。その件についてはすぐに取り組みます。」
0x010000000005842E,4,173,Sordland/Turn01/A_PoliticalOverview,Player,en,「それを『民主的』な改革として位置づけることができる。」
0x010000000005842E,4,173,Sordland/Turn01/A_PoliticalOverview,Player,Menu Text en,「それを『民主的』な改革として位置づけることができる。」
0x0100000000058435,4,174,Sordland/Turn01/A_PoliticalOverview,Lucian Galade,en,「しかし、ほとんどの人々はそれに納得しないだろう。そのような法案を提出するのに必要な166票を集めるのは困難だ。」
0x010000000005843B,4,175,Sordland/Turn01/A_PoliticalOverview,Player,en,「その通りだ。改革派と協力しよう。」
0x0100000000058442,4,176,Sordland/Turn01/A_PoliticalOverview,Player,en,「何と言われようと、私は大統領としてより強くなってこの状況を乗り越えていくつもりだ。」
0x0100000000058442,4,176,Sordland/Turn01/A_PoliticalOverview,Player,Menu Text en,「何と言われようと、私は大統領としてより強くなってこの状況を乗り越えていくつもりだ。」
0x0100000000058449,4,177,Sordland/Turn01/A_PoliticalOverview,Lucian Galade,en,「ええと……何ができるか考えてみましょう。」
0x010000000005844F,4,178,Sordland/Turn01/A_PoliticalOverview,Lucian Galade,en,「先生、私もある程度ご意見に賛同いたします。」
0x0100000000058455,4,179,Sordland/Turn01/A_PoliticalOverview,Petr Vectern,en,「皆が期待しているのは、行政部門、立法部門、司法部門の間での力の再均衡です。」
0x010000000005845B,4,180,Sordland/Turn01/A_PoliticalOverview,Petr Vectern,en,「もちろんです。ご希望のことはすべて、時間をかけて話し合うことができます。」
0x0100000000058467,4,181,Sordland/Turn01/A_PoliticalOverview,Player,en,「やらなければならないのであれば、私がやる。」
0x0100000000058467,4,181,Sordland/Turn01/A_PoliticalOverview,Player,Menu Text en,「やらなければならないのであれば、私がやる。」
0x010000000005846E,4,182,Sordland/Turn01/A_PoliticalOverview,Petr Vectern,en,「アントン、改革派の連中は大統領権限についてかなり強く意見を述べていますよ。彼らはこの地位が独裁者を生み出すと考えているのです。」
0x0100000000058474,4,183,Sordland/Turn01/A_PoliticalOverview,Player,en,「議会の権限強化は避けることができないのか？」
0x0100000000058474,4,183,Sordland/Turn01/A_PoliticalOverview,Player,Menu Text en,「議会の権限強化は避けることができないのか？」
0x0100000000058481,4,184,Sordland/Turn01/A_PoliticalOverview,Lucian Galade,en,「改革派と共に作成した初期案によれば、憲法には彼らの議論を受け付けない二つの変更点がある。」
0x0100000000058487,4,185,Sordland/Turn01/A_PoliticalOverview,Player,en,「なるほど。とはいえ、当面はその方向で進めていくつもりだ。」
0x0100000000058487,4,185,Sordland/Turn01/A_PoliticalOverview,Player,Menu Text en,「なるほど。とはいえ、当面はその方向で進めていくつもりだ。」
0x010000000005848E,4,186,Sordland/Turn01/A_PoliticalOverview,Player,en,「彼らが何を考えていようと気にしない。我々なら対処できる。」
0x0100000000058495,4,187,Sordland/Turn01/A_PoliticalOverview,Lucian Galade,en,「まず、最高裁判所はもはや憲法改正について投票しなくなる。」
0x01000000000586C2,4,188,Sordland/Turn01/A_PoliticalOverview,Lucian Galade,en,「この全てのプロセスには長い時間がかかるだろう。しかし、新しい憲法を作成するためのあらゆる可能性を評価するため、できるだけ早く改革委員会と共に作業を開始しなければならない。」
0x01000000000586DE,4,192,Sordland/Turn01/A_PoliticalOverview,Lucian Galade,en,「我々はすべての政党と共に改革委員会を設立し、新しい憲法を作成するために議会や裁判所の関係者全員に働きかけを始めます。」
0x01000000000586E4,4,193,Sordland/Turn01/A_PoliticalOverview,Lucian Galade,en,「我々は改革委員会を設立し、大国民議会や最高裁長官のもとにいる関係者全員と話し合いを始めて、このような憲法改正が実現可能かどうか探ってみます。」
0x01000000000586EA,4,194,Sordland/Turn01/A_PoliticalOverview,Lucian Galade,en,「少なくとも改革委員会を設置して、議会や最高裁のあらゆる関係者たちと話し合い、意見を聞き出すようにしましょう。その間、私は守旧派とも連絡を取ってみます。」
0x0100000000058703,4,195,Sordland/Turn01/A_PoliticalOverview,Petr Vectern,en,「今年の後半までには、改革の内容や他の政党が何を望んでいるかについて見当がつくはずです。」
0x0100000000058709,4,196,Sordland/Turn01/A_PoliticalOverview,Petr Vectern,en,「今年の後半までには、改革の内容や新憲法の各条項をどうバランスさせるかについて、より詳しい情報が得られるはずです。」
0x0100000000058710,4,197,Sordland/Turn01/A_PoliticalOverview,Petr Vectern,en,「今年の後半までには、改革の内容や他の政党が何を望んでいるかについて見当がつくはずだ。その上で、実際に行動を起こすかどうかを決められる。」
0x0100000000058D67,4,198,Sordland/Turn01/A_PoliticalOverview,Player,en,「我々の党は自らの立場に沿って行動しなければならない。深刻な分裂があってはならないのだ。」
0x0100000000058D67,4,198,Sordland/Turn01/A_PoliticalOverview,Player,Menu Text en,「我々の党は自らの立場に沿って行動しなければならない。深刻な分裂があってはならないのだ。」
0x0100000000058D6E,4,199,Sordland/Turn01/A_PoliticalOverview,Player,en,「USPの改革派が変革が必要だと考えるのは間違っていないが、我々こそが主導権を握るべきだ。」
0x0100000000058D6E,4,199,Sordland/Turn01/A_PoliticalOverview,Player,Menu Text en,「USPの改革派が変革が必要だと考えるのは間違っていないが、我々こそが主導権を握るべきだ。」
0x0100000000058D77,4,200,Sordland/Turn01/A_PoliticalOverview,Petr Vectern,en,「この件でPFJPの指導部に注目を集めさせてはならない。」
0x0100000000058D7D,4,201,Sordland/Turn01/A_PoliticalOverview,Petr Vectern,en,「その通りです。もし我々の党が分裂すれば、利益を得るのは野党です。」
0x0100000000058D8D,4,202,Sordland/Turn01/A_PoliticalOverview,Player,en,「リクター氏は、議会で多数派を維持するという我々の目標において潜在的な同盟者となり得るだろう。」
0x0100000000058D8D,4,202,Sordland/Turn01/A_PoliticalOverview,Player,Menu Text en,「リクター氏は、議会で多数派を維持するという我々の目標において潜在的な同盟者となり得るだろう。」
0x0100000000058D97,4,203,Sordland/Turn01/A_PoliticalOverview,Lucian Galade,en,「彼は間違いなく、この件における鍵となる人物だ。」
0x0100000000058DA1,4,204,Sordland/Turn01/A_PoliticalOverview,Narrator,en,ペトルは悩んだ様子だった。
0x0100000000058DA7,4,205,Sordland/Turn01/A_PoliticalOverview,Narrator,en,ルシアンは片眉を上げた。
0x0100000000058DAD,4,206,Sordland/Turn01/A_PoliticalOverview,Narrator,en,ルシアンはうなずいた。
0x0100000000058DB3,4,207,Sordland/Turn01/A_PoliticalOverview,Narrator,en,ペトルは同意してうなずいた。
0x0100000000058DB9,4,208,Sordland/Turn01/A_PoliticalOverview,Narrator,en,ペトルは首を振った。
0x0100000000058DBF,4,209,Sordland/Turn01/A_PoliticalOverview,Narrator,en,ルシアンは頭をかいた。
0x0100000000058DD5,4,210,Sordland/Turn01/A_PoliticalOverview,Player,en,「私は買収されない、そんなことは起こらない。」
0x0100000000058DD5,4,210,Sordland/Turn01/A_PoliticalOverview,Player,Menu Text en,「私は買収されない、そんなことは起こらない。」
0x0100000000058DDC,4,211,Sordland/Turn01/A_PoliticalOverview,Player,en,「やがて彼らと対話を始めるつもりだ。外交的な態度を取る必要がある。」
0x0100000000058DDC,4,211,Sordland/Turn01/A_PoliticalOverview,Player,Menu Text en,「やがて彼らと対話を始めるつもりだ。外交的な態度を取る必要がある。」
0x0100000000058EBD,4,212,Sordland/Turn01/A_PoliticalOverview,Lucian Galade,en,「しかし、憲法を改正するには大国民議会で3分の2の過半数、つまり166票が必要であり、さらに最高裁判所では単純多数、すなわち6票が求められるのだ。」
0x0100000000058ECB,4,213,Sordland/Turn01/A_PoliticalOverview,Lucian Galade,en,「進め方を決めた後、党の重鎮たちと話し合う必要があります。まず第一に、手続きを開始するのに必要な150件の署名を集めることが目標です。」
0x0100000000062238,4,214,Sordland/Turn01/A_PoliticalOverview,Lucian Galade,en,「もちろんです。」
0x010000000006EE35,4,215,Sordland/Turn01/A_PoliticalOverview,Narrator,en,ルシアンは時計を見た。
0x010000000006EE4A,4,216,Sordland/Turn01/A_PoliticalOverview,Lucian Galade,en,「では、諸君。ちょうど30分です。」
0x010000000006EE52,4,217,Sordland/Turn01/A_PoliticalOverview,Lucian Galade,en,「またすぐお話ししましょう、大統領。引き続き連絡を取り合います。」
0x010000000006EE59,4,218,Sordland/Turn01/A_PoliticalOverview,Petr Vectern,en,「次の会合でまたお二人に会いましょう。」
0x010000000007C613,4,222,Sordland/Turn01/A_PoliticalOverview,Lucian Galade,en,「その通りです。しかし、かつてアルフォンソに対してしたように、守旧派に操られて裏切られることだけは許してはなりません。」
0x010000060000653F,4,227,Sordland/Turn01/A_PoliticalOverview,Lucian Galade,en,「改革派の指導者であるフレンス・リクターは、我々の権力の一部を大国民議会に移譲することによってのみ真の変革が達成できると考えています。彼らの要求の詳細についてもすぐに説明します。」
0x010000060000752E,4,228,Sordland/Turn01/A_PoliticalOverview,Petr Vectern,en,「やったぞ、アントン、我々が勝った！ついにだ！長年の努力が実を結んだんだ。」
0x0100000100000D25,4,245,Sordland/Turn01/A_PoliticalOverview,Lucian Galade,en,「USPの承認を得たら、他の政党の指導者たちに連絡して、我々の案を支持してもらえるか話し合います。最後の段階は、最高裁判所の判事たちを説得することです。」
0x0100000E00002A78,4,246,Sordland/Turn01/A_PoliticalOverview,Narrator,en,ペトルの目は輝いていた。ここ数ヶ月の苦労が彼の普段の軽薄な魅力を損なっていたが、今日は以前の自分に近い様子と振る舞いを見せていた。彼はネクタイを緩め、シャツの上から二つのボタンを外した。
0x0100000E00002A7F,4,247,Sordland/Turn01/A_PoliticalOverview,Petr Vectern,en,「私が選んでやった新しい秘書を気に入ってるか？彼女の見事な……才能にはきっと感心するだろう。残念ながら他の職員たちはあれほど目を楽しませてはくれないな。」
0x0100000E00002A85,4,248,Sordland/Turn01/A_PoliticalOverview,Narrator,en,彼は自分のウエストバンドを突き出しているわずかなお腹を指差した。
0x0100000E00002A8D,4,249,Sordland/Turn01/A_PoliticalOverview,Narrator,en,ルシアンは静かで短い調子で話し、その言葉にすぐにあなたの注意が向けられた。ペトルと私は彼が続けるのを待っていた。
0x0100000E00002A94,4,250,Sordland/Turn01/A_PoliticalOverview,Petr Vectern,en,「やったぞ、アントン、我々が勝った！ついにだ！賄賂も陰謀も――すべて報われたんだ。」
0x0100000E00002A9B,4,251,Sordland/Turn01/A_PoliticalOverview,Petr Vectern,en,「やったぞ、アントン、我々が勝った！ついにだ！メディアと繰り広げたあの戦略はすべて実を結んだんだ。」
0x0100001300002B7F,4,261,Sordland/Turn01/A_PoliticalOverview,Lucian Galade,en,「我々の選挙運動では軍事を重点に置くと約束しました。それは安全な選択肢でした。軍隊や参謀本部は国家における強力な存在であり、歴史が示すように危険な存在でもあるのです。」
0x0100001300002B86,4,262,Sordland/Turn01/A_PoliticalOverview,Lucian Galade,en,「軍隊と参謀本部は国家において強力な存在であり、歴史が示すように危険な要素でもある。例えば予算を削減することによって構造的な変更を加える余地はある程度あるが、その範囲はかなり限られている。」
0x0100001300002B8D,4,263,Sordland/Turn01/A_PoliticalOverview,Player,en,「どうせ彼らと協力したいのだ。新政府は実業家たちと話し合う姿勢を持っている。」
0x0100001300002B8D,4,263,Sordland/Turn01/A_PoliticalOverview,Player,Menu Text en,「どうせ彼らと協力したいのだ。新政府は実業家たちと話し合う姿勢を持っている。」
0x0100001300002B96,4,264,Sordland/Turn01/A_PoliticalOverview,Player,en,「軍隊は強力な同盟相手となり得る。そして、近くにルンブルクの脅威が迫っている今、我々には彼らが必要だ。」
0x0100001300002B96,4,264,Sordland/Turn01/A_PoliticalOverview,Player,Menu Text en,「軍隊は強力な同盟相手となり得る。そして、近くにルンブルクの脅威が迫っている今、我々には彼らが必要だ。」
0x0100001300002B9D,4,265,Sordland/Turn01/A_PoliticalOverview,Player,en,「ソードランド人で構成されるソードランド軍は、我が国の誇りであり、約束通り十分な資金が投入されるだろう。」
0x0100001300002B9D,4,265,Sordland/Turn01/A_PoliticalOverview,Player,Menu Text en,「ソードランド人で構成されるソードランド軍は、我が国の誇りであり、約束通り十分な資金が投入されるだろう。」
0x0100001300002BAB,4,266,Sordland/Turn01/A_PoliticalOverview,Player,en,「ルンブルクの脅威が差し迫っている今、国防力を削減して参謀本部を怒らせるわけにはいかない。」
0x0100001300002BAB,4,266,Sordland/Turn01/A_PoliticalOverview,Player,Menu Text en,「ルンブルクの脅威が差し迫っている今、国防力を削減して参謀本部を怒らせるわけにはいかない。」
0x0100001300002BB2,4,267,Sordland/Turn01/A_PoliticalOverview,Player,en,「軍隊は我が国社会にとって重荷以外の何物でもない。予算を削減するような断固たる措置を講じるべきだ。」
0x0100001300002BB2,4,267,Sordland/Turn01/A_PoliticalOverview,Player,Menu Text en,「軍隊は我が国社会にとって重荷以外の何物でもない。予算を削減するような断固たる措置を講じるべきだ。」
0x0100001300002BB9,4,268,Sordland/Turn01/A_PoliticalOverview,Player,en,「もし彼らが将来的に政治的な脅威となることが証明されれば、排除することができる。」
0x0100001300002BB9,4,268,Sordland/Turn01/A_PoliticalOverview,Player,Menu Text en,「もし彼らが将来的に政治的な脅威となることが証明されれば、排除することができる。」
0x0100001300002BC0,4,269,Sordland/Turn01/A_PoliticalOverview,Lucian Galade,en,「ルンブルクは甚大な脅威だ。我々が他のより強力な国と同盟を結ぶ必要があるほどの脅威である。」
0x0100001300002BC6,4,270,Sordland/Turn01/A_PoliticalOverview,Lucian Galade,en,「そうすれば、我々の任期中に何か断固とした措置を講じない限り、彼らは必ず我々の側についてくれるでしょう。」
0x0100001300002BD2,4,271,Sordland/Turn01/A_PoliticalOverview,Lucian Galade,en,「私も同じようにアドバイスします。予算は維持すべきで、軍部とあまり直接対立することは避けるべきです。」
0x0100001300002BD8,4,272,Sordland/Turn01/A_PoliticalOverview,Lucian Galade,en,「それも可能ですが、強い反発が起こるのは確実でしょう。軍事力を過度に重視すれば、本当の問題を引き起こしかねません。」
0x0100001300002BDE,4,273,Sordland/Turn01/A_PoliticalOverview,Lucian Galade,en,「大統領、実に大胆な戦略ですね。確かに有効かもしれませんが、まずは憲法を改正する必要があります。性急に物事を進めすぎないようにしましょう。」
0x0100001300002BF0,4,274,Sordland/Turn01/A_PoliticalOverview,Petr Vectern,en,「もし軍部に対して強硬に出れば、あの二人とも団結して我々に立ち向かってくるだろう。ルシアンの意見に賛成だ。ここは慎重に行動しなければならない。」
0x0100001300002BF6,4,275,Sordland/Turn01/A_PoliticalOverview,Lucian Galade,en,「国防大臣のヨセフ・ランチェアは、クルーガー将軍よりも我々に忠実です。もちろん、我々の行動次第でその状況は変わり得ます。いずれにせよ、二人の考え方に明らかな違いがあるため、将来的に対立が生じる可能性があると見ています。」
0x0100001300002D5B,4,276,Sordland/Turn01/A_PoliticalOverview,Lucian Galade,en,「我々誰も、1927年のような事態を再び経験したくはないのです。」
0x0100001300002D61,4,277,Sordland/Turn01/A_PoliticalOverview,Player,en,「アルトル・S・ウィスキのように刑務所で死んでいきたくはない。」
0x0100001300002D61,4,277,Sordland/Turn01/A_PoliticalOverview,Player,Menu Text en,「アルトル・S・ウィスキのように刑務所で死んでいきたくはない。」
0x0100001300002D6B,4,278,Sordland/Turn01/A_PoliticalOverview,Lucian Galade,en,「彼らの意見を聞くのは良いことだが、その考え方は極めて偏っており狭量だ。ナショナリズムが彼らの判断を曇らせている。クルーガー将軍など過去の遺物にすぎない。」
0x0100001300002D71,4,279,Sordland/Turn01/A_PoliticalOverview,Player,en,「決断を下す前に、軍の意見を聞きたいのだ。」
0x0100001300002D71,4,279,Sordland/Turn01/A_PoliticalOverview,Player,Menu Text en,「決断を下す前に、軍の意見を聞きたいのだ。」
0x0100001300002E07,4,283,Sordland/Turn01/A_PoliticalOverview,Player,en,「我々は、特権を持ち、強欲で傲慢な資本家どもに国を任せてはならないのだ。」
0x0100001300002E07,4,283,Sordland/Turn01/A_PoliticalOverview,Player,Menu Text en,「我々は、特権を持ち、強欲で傲慢な資本家どもに国を任せてはならないのだ。」
0x0100001300002E10,4,284,Sordland/Turn01/A_PoliticalOverview,Lucian Galade,en,「政権側にとっては、企業の支援を得る方が常に容易だ。」
0x0100001300002E17,4,285,Sordland/Turn01/A_PoliticalOverview,Lucian Galade,en,「アルフォンソも同じことを言っていました。彼の場合、頼れる者が他にいたとは思えません。」
0x0100001300002E1E,4,286,Sordland/Turn01/A_PoliticalOverview,Lucian Galade,en,「賢明なアプローチですね。状況を理解し、折衷案を見出せるか検討するのは良いことでしょう。」
0x0100001300002E25,4,287,Sordland/Turn01/A_PoliticalOverview,Lucian Galade,en,「彼らの影響力を過小評価してはいけません。彼らも決して無害な人間たちではありません。」
0x0100001300002E30,4,288,Sordland/Turn01/A_PoliticalOverview,Petr Vectern,en,「彼もまた有用な同盟者となるでしょう。タスクは信じられないほど広範な人脈を持ち、大量のベルギア製鉄を所有しています。」
0x0100001300002E36,4,289,Sordland/Turn01/A_PoliticalOverview,Player,en,「タスクがそのグループを率いている。彼が我々の側につくようにしなければならない。」
0x0100001300002E36,4,289,Sordland/Turn01/A_PoliticalOverview,Player,Menu Text en,「タスクがそのグループを率いている。彼が我々の側につくようにしなければならない。」
0x010000510002FCA7,4,290,Sordland/Turn01/A_PoliticalOverview,Narrator,en,ペトルは悩んだ様子だった。
0x010000510002FCB0,4,291,Sordland/Turn01/A_PoliticalOverview,Player,en,「それこそが私の目指すところだ。」
0x0100000300044B85,5,3,Sordland/Turn01/Petr Opens Whisky,Narrator,en,彼は緊張した笑い声を上げた。
0x0100000300044B8B,5,4,Sordland/Turn01/Petr Opens Whisky,Petr Vectern,en,「必ずそうならないようにします。同じ過ちは二度と犯しません。」
0x0100000300044B91,5,5,Sordland/Turn01/Petr Opens Whisky,Player,en,「そうであってほしいと心から願っている。」
0x0100000300044B91,5,5,Sordland/Turn01/Petr Opens Whisky,Player,Menu Text en,「そうであってほしいと心から願っている。」
0x0100000300044B98,5,6,Sordland/Turn01/Petr Opens Whisky,Player,en,「落ち着いてくれ。冗談を言っているだけだ。」
0x0100000300044B98,5,6,Sordland/Turn01/Petr Opens Whisky,Player,Menu Text en,「落ち着いてくれ。冗談を言っているだけだ。」
0x0100000300044B9F,5,7,Sordland/Turn01/Petr Opens Whisky,Player,en,「我々はあまり成果を上げられないだろう。前の政権のことを思い出せ。」
0x0100000300044B9F,5,7,Sordland/Turn01/Petr Opens Whisky,Player,Menu Text en,「我々はあまり成果を上げられないだろう。前の政権のことを思い出せ。」
0x0100000300044BA6,5,8,Sordland/Turn01/Petr Opens Whisky,Player,en,「もう二度と同じ過ちを犯してはならない。」
0x0100000300044BA6,5,8,Sordland/Turn01/Petr Opens Whisky,Player,Menu Text en,「もう二度と同じ過ちを犯してはならない。」
0x0100000300044BAD,5,9,Sordland/Turn01/Petr Opens Whisky,Petr Vectern,en,「我々はそのすべてから教訓を得ました。」
0x0100000300044BB3,5,10,Sordland/Turn01/Petr Opens Whisky,Narrator,en,私は高価なウィスキーのボトルを開け、用意していた二つのグラスに注いだ。すぐにその素晴らしい香りが部屋中に広がった。
0x0100000300044BB9,5,11,Sordland/Turn01/Petr Opens Whisky,Player,en,「ああ、その通りだ。」
0x0100000300044BB9,5,11,Sordland/Turn01/Petr Opens Whisky,Player,Menu Text en,「ああ、その通りだ。」
0x0100000300044BC0,5,12,Sordland/Turn01/Petr Opens Whisky,Player,en,「未来が待っているのだ、ペトル。」
0x0100000300044BC0,5,12,Sordland/Turn01/Petr Opens Whisky,Player,Menu Text en,「未来が待っているのだ、ペトル。」
0x0100000300044BCB,5,14,Sordland/Turn01/Petr Opens Whisky,Petr Vectern,en,「たぶんダメでしょう。でも飲み物をくれてありがとう。本当に素晴らしいです。」
0x0100000300044BD1,5,15,Sordland/Turn01/Petr Opens Whisky,Player,en,「そうすることもできるが、やめておいた方がいいかもしれない。」
0x0100000300044BD1,5,15,Sordland/Turn01/Petr Opens Whisky,Player,Menu Text en,「そうすることもできるが、やめておいた方がよさそうだ。」
0x0100000300044BD8,5,16,Sordland/Turn01/Petr Opens Whisky,Player_Italic,en,私はグラスを持ち上げてペトルと乾杯した後、ウイスキーの香りを嗅ぎ、一口飲んだ。甘いバニラの風味にオーク材の味わいが加わり、長く残る煙草のような香りへと変化していった。
0x0100000300044BD8,5,16,Sordland/Turn01/Petr Opens Whisky,Player_Italic,Menu Text en,乾杯
0x0100000300044BDF,5,17,Sordland/Turn01/Petr Opens Whisky,Narrator,en,ペトルは本当に楽しんでいるようだった。
0x0100000300044BE5,5,18,Sordland/Turn01/Petr Opens Whisky,Petr Vectern,en,「ええ、だが我々は違います。あの連中は特権を享受するだけでした。」
0x0100000300044BEB,5,19,Sordland/Turn01/Petr Opens Whisky,Petr Vectern,en,「なんという美味しさだ！アントン、会議はこうして始めるべきだよ。」
0x0100000300044BF1,5,20,Sordland/Turn01/Petr Opens Whisky,Narrator,en,彼は椅子に座ったまま、突然少し不安そうな表情を浮かべた。
0x0100000300044BF7,5,21,Sordland/Turn01/Petr Opens Whisky,Player,en,「1924年なんてどうでもいい。あれが今この瞬間を台無しにしているのだ。」
0x0100000300044BF7,5,21,Sordland/Turn01/Petr Opens Whisky,Player,Menu Text en,「1924年なんてどうでもいい。あれが今この瞬間を台無しにしているのだ。」
0x0100000300044BFE,5,22,Sordland/Turn01/Petr Opens Whisky,Player,en,「私の内閣にはそんなことが起きないよう願っている。」
0x0100000300044BFE,5,22,Sordland/Turn01/Petr Opens Whisky,Player,Menu Text en,「私の内閣にはそんなことが起きないよう願っている。」
0x0100000300044C05,5,23,Sordland/Turn01/Petr Opens Whisky,Petr Vectern,en,「1924年ですか？あれは私が大学1年生だった年で、革命の翌年でもあります。正直言ってとても厳しい時代でしたが、この香りはまるで天国のようです。」
0x0100000000005F69,6,3,Sordland/Turn01/Start_Inauguration,Narrator,en,遠くには、有名な誇りの丘の頂上にマルーン宮殿がそびえていた。そこで私を待ち受けている未来が何であるか、見当もつかなかった。
0x0100000000005F70,6,4,Sordland/Turn01/Start_Inauguration,Narrator,en,私は家族を見た。息子と娘のフランクとディアナが、妻のモニカのそばにいた。彼女の目には誇りがきらめいていた。
0x0100000000005F77,6,5,Sordland/Turn01/Start_Inauguration,Narrator,en,私の思考が次第に消えていく中、状況の現実が徐々に理解できてきた。最高裁判所長官であるオルソ・ホーカーが私を待っていたのだ。
0x0100000000005F85,6,6,Sordland/Turn01/Start_Inauguration,Orso Hawker,en,「宣誓の時が来ました。」
0x0100000000005F8C,6,7,Sordland/Turn01/Start_Inauguration,Player,en,「私は準備ができている。」
0x0100000000005F8C,6,7,Sordland/Turn01/Start_Inauguration,Player,Menu Text en,「私は準備ができている。」
0x0100000000005F93,6,8,Sordland/Turn01/Start_Inauguration,Player,en,「確かにそうだ。」
0x0100000000005F93,6,8,Sordland/Turn01/Start_Inauguration,Player,Menu Text en,「確かにそうだ。」
0x0100000000005F9A,6,9,Sordland/Turn01/Start_Inauguration,Player,en,「では、始めよう。」
0x0100000000005F9A,6,9,Sordland/Turn01/Start_Inauguration,Player,Menu Text en,「では、始めよう。」
0x0100000000005FAF,6,10,Sordland/Turn01/Start_Inauguration,Orso Hawker,en,「私の言葉を真似してください。私は厳粛に誓います……」
0x0100000000005FB8,6,11,Sordland/Turn01/Start_Inauguration,Player,en,「私はソードランドの大統領としての職務を誠実に果たすことを厳粛に誓う。」
0x0100000000005FB8,6,11,Sordland/Turn01/Start_Inauguration,Player,Menu Text en,「私は厳粛に誓う……」
0x0100000000005FC0,6,12,Sordland/Turn01/Start_Inauguration,Orso Hawker,en,「私の全力を尽くして、守り、保護し、防衛し……」
0x0100000000005FC7,6,13,Sordland/Turn01/Start_Inauguration,Player,en,「私は自分の力の及ぶ限り、ソードランド共和国の国民と憲法を守り、保護し、防衛していくつもりだ。」
0x0100000000005FC7,6,13,Sordland/Turn01/Start_Inauguration,Player,Menu Text en,「私の全力を尽くして、守り、保護し、防衛し……」
0x0100000000005FCF,6,14,Sordland/Turn01/Start_Inauguration,Orso Hawker,en,「大統領、これより就任演説をなさってもよろしいです。」
0x0100000000005FD7,6,15,Sordland/Turn01/Start_Inauguration,Player,en,「ホーカーさん、ありがとう。」
0x0100000000005FD7,6,15,Sordland/Turn01/Start_Inauguration,Player,Menu Text en,「ありがとう。」
0x0100000000005FDE,6,16,Sordland/Turn01/Start_Inauguration,Player,en,「大統領、光栄に思う。」
0x0100000000005FDE,6,16,Sordland/Turn01/Start_Inauguration,Player,Menu Text en,「光栄に思う。」
0x0100000000005FE5,6,17,Sordland/Turn01/Start_Inauguration,Player,en,「よし、始めよう。」
0x0100000000005FE5,6,17,Sordland/Turn01/Start_Inauguration,Player,Menu Text en,「では、始めよう。」
0x0100000000005FF0,6,18,Sordland/Turn01/Start_Inauguration,Player,en,「ソードランドの親愛なる国民の皆さん！」
0x0100000000005FF0,6,18,Sordland/Turn01/Start_Inauguration,Player,Menu Text en,「ソードランドの親愛なる国民の皆さん！」
0x0100000000005FFA,6,19,Sordland/Turn01/Start_Inauguration,Narrator,en,群衆は私の話を聞くことに大変熱心な様子だった。
0x0100000000006001,6,20,Sordland/Turn01/Start_Inauguration,Player,en,「何世代にもわたり、この国とその長い歴史は、我々を一つの理念、すなわち団結と、自由で繁栄した生活を送るという我が民の権利という理念に結びつけてきた。」
0x0100000000006001,6,20,Sordland/Turn01/Start_Inauguration,Player,Menu Text en,「団結という理念だ。」
0x0100000000006009,6,21,Sordland/Turn01/Start_Inauguration,Player,en,「我々はかつてないほどの経済的困難に見舞われており、今日、我が国は崩壊しつつある。この深刻な状況の中で、我々国民――つまり我々自身も苦しんでいるのだ。」
0x0100000000006009,6,21,Sordland/Turn01/Start_Inauguration,Player,Menu Text en,「今のこの深刻な状況だ。」
0x0100000000006010,6,22,Sordland/Turn01/Start_Inauguration,Player,en,「民よ、あなた方が選んでくださった。我々は共にこの国に繁栄と改革をもたらすのだ。これは希望の時代であり、変革の時代でもあるのだ。」
0x0100000000006010,6,22,Sordland/Turn01/Start_Inauguration,Player,Menu Text en,「変革と希望。」
0x0100000000006019,6,23,Sordland/Turn01/Start_Inauguration,Player,en,「もう一度、団結し強大なソードランドを築く時が来たのだ！」
0x0100000000006019,6,23,Sordland/Turn01/Start_Inauguration,Player,Menu Text en,「もう一度、団結し強大なソードランドを築く時が来たのだ！」
0x0100000000006020,6,24,Sordland/Turn01/Start_Inauguration,Player,en,「今こそ変えよう。来たる10年や数年後ではなく、今日だ！」
0x0100000000006020,6,24,Sordland/Turn01/Start_Inauguration,Player,Menu Text en,「今こそ変革を！次の10年や数年ではなく、今日だ！」
0x0100000000006027,6,25,Sordland/Turn01/Start_Inauguration,Player,en,「我が国の力はかつてないほど強大になったのだ！」
0x0100000000006027,6,25,Sordland/Turn01/Start_Inauguration,Player,Menu Text en,「我が国の力はかつてないほど強大になったのだ！」
0x010000000000A0FD,6,26,Sordland/Turn01/Start_Inauguration,Narrator,en,数十万人もの人々が歓声を上げた。彼らは一斉に私の名前を叫んでいた。私は同時に責任、権力、そして重荷を感じた。
0x010000000000A115,6,27,Sordland/Turn01/Start_Inauguration,Player,en,「お会いできて光栄だ、セルジュ。」
0x010000000000A115,6,27,Sordland/Turn01/Start_Inauguration,Player,Menu Text en,「お会いできて光栄だ、セルジュ。」
0x010000000000A11C,6,28,Sordland/Turn01/Start_Inauguration,Player,en,「光栄だ。」
0x010000000000A11C,6,28,Sordland/Turn01/Start_Inauguration,Player,Menu Text en,「光栄だ。」
0x010000000000A15F,6,29,Sordland/Turn01/Start_Inauguration,Serge Wolkner,en,「光栄に思います。」
0x010000000000A16D,6,30,Sordland/Turn01/Start_Inauguration,Serge Wolkner,en,「喜びは私のものではありません。」
0x010000000000A2FC,6,31,Sordland/Turn01/Start_Inauguration,Narrator,en,車列が動き出した。その途中で、セルジュは運転手としての自分の職務について説明し続けた。
0x010000000000A306,6,32,Sordland/Turn01/Start_Inauguration,Serge Wolkner,en,「それを見るたびに、この国への自分の責任を思い出させられます。」
0x010000000000A30D,6,33,Sordland/Turn01/Start_Inauguration,Player,en,「私も同感だ、セルジュ。結局のところ、それこそが国の鼓動する心臓なのだ。」
0x010000000000A30D,6,33,Sordland/Turn01/Start_Inauguration,Player,Menu Text en,「私も同感だ、セルジュ。結局のところ、それこそが国の鼓動する心臓なのだ。」
0x010000000000A314,6,34,Sordland/Turn01/Start_Inauguration,Player,en,「我々は皆、ここから国を導いてくれた人々に大きな恩義を負っているのだ。」
0x010000000000A314,6,34,Sordland/Turn01/Start_Inauguration,Player,Menu Text en,「我々は皆、ここから国を導いてくれた人々に大きな恩義を負っているのだ。」
0x010000000000A31D,6,35,Sordland/Turn01/Start_Inauguration,Player,en,「もう安心して任せられる。」
0x010000000000A31D,6,35,Sordland/Turn01/Start_Inauguration,Player,Menu Text en,「もう安心して任せられる。」
0x010000000000A32D,6,36,Sordland/Turn01/Start_Inauguration,Serge Wolkner,en,「その点は確信しております、大統領。」
0x010000000000A334,6,37,Sordland/Turn01/Start_Inauguration,Serge Wolkner,en,「よく言われました、大統領。」
0x010000000000A33B,6,38,Sordland/Turn01/Start_Inauguration,Serge Wolkner,en,「彼らの貢献は決して忘れ去られることはない。」
0x010000000000A342,6,39,Sordland/Turn01/Start_Inauguration,Narrator,en,車は壮麗な門を通り過ぎ、坂道を上って入口まで進み、扉の前で停まった。
0x010000000000A34C,6,40,Sordland/Turn01/Start_Inauguration,Serge Wolkner,en,「素晴らしい一日をお過ごしください、大統領。A Morgna wes core」
0x010000000000A353,6,41,Sordland/Turn01/Start_Inauguration,Player,en,「さようなら。」
0x010000000000A353,6,41,Sordland/Turn01/Start_Inauguration,Player,Menu Text en,「さようなら。」
0x010000000000A35A,6,42,Sordland/Turn01/Start_Inauguration,Player,en,「またすぐ会おう。」
0x010000000000A35A,6,42,Sordland/Turn01/Start_Inauguration,Player,Menu Text en,「またすぐ会おう。」
0x010000000000A36B,6,43,Sordland/Turn01/Start_Inauguration,Narrator,en,私は宮殿の豪華な回廊を通って二階へと向かった。内部は大理石や彫刻が施された木製の装飾で彩られていた。
0x010000000000AD3D,6,45,Sordland/Turn01/Start_Inauguration,Serge Wolkner,en,「こんにちは、大統領。」
0x0100000000026129,6,46,Sordland/Turn01/Start_Inauguration,Serge Wolkner,en,「自己紹介をさせていただきます。私はセルジュで、あなたの新しい運転手です。」
0x0100000000026133,6,47,Sordland/Turn01/Start_Inauguration,Serge Wolkner,en,「我々は宮殿へ向かいます。」
0x010000000002613B,6,48,Sordland/Turn01/Start_Inauguration,Serge Wolkner,en,「見事ですね？マルーン宮殿は。」
0x01000000000261DB,6,49,Sordland/Turn01/Start_Inauguration,Player,en,「過去にも生存をかけた時代があり、紛争や経済的困難の時期もあったが、我々が団結したときはいつでも必ず勝利を収めてきた。」
0x01000000000261DB,6,49,Sordland/Turn01/Start_Inauguration,Player,Menu Text en,「我々が団結すれば、必ず勝利できる。」
0x01000000000261E1,6,50,Sordland/Turn01/Start_Inauguration,Player,en,「依然としてインフラが不足しており、電気も水道もない家々が存在する。街中には犯罪が横行し、若者の間では失業が問題となっている。さらに政府内には我々を苦しめる不正が今もなお残っているのだ。」
0x01000000000261E1,6,50,Sordland/Turn01/Start_Inauguration,Player,Menu Text en,「我々を苦しめている問題だ。」
0x01000000000261E7,6,51,Sordland/Turn01/Start_Inauguration,Player,en,「我々の労働者たちは10年前と変わらず高い生産性を発揮している。優れた知性もかつてと変わらず創造力に富み、製品やサービスへの需要も先週、先月、昨年と同じく高いままだ。」
0x01000000000261E7,6,51,Sordland/Turn01/Start_Inauguration,Player,Menu Text en,「我々の能力だ。」
0x0100000000049E23,6,52,Sordland/Turn01/Start_Inauguration,Narrator,en,私の演説が終わった後もまだ高揚感に浸っていた。新しい肩書きを聞いて、さらに笑みがこぼれた。
0x0100000000049E33,6,53,Sordland/Turn01/Start_Inauguration,Narrator,en,私はこの瞬間を忘れないよう、ソードランドの人々をじっくりと見つめた。
0x0100000000049E3C,6,54,Sordland/Turn01/Start_Inauguration,Narrator,en,大統領専用車は真っ黒なカディラで、フロントヘッドライトの上にはソードランドの国旗が飾られていた。その隣では、一人の男がドアを開けて待っていた。
0x0100000000049E45,6,55,Sordland/Turn01/Start_Inauguration,Narrator,en,時間が過ぎていくにつれ、私は再び物思いにふけってしまい、彼の言葉にほとんど注意を払えなかった。すると彼は突然窓の外を指差した。
0x0100000000049E58,6,56,Sordland/Turn01/Start_Inauguration,Narrator,en,彼の言う通りだった。宮殿の数多くあるマルーン色のドームに日光が反射し、あまりの明るさに目をそらさざるを得なかった。
0x0100000000049E61,6,57,Sordland/Turn01/Start_Inauguration,Narrator,en,セルジュは車から降りて、私のためにドアを開けてくれた。
0x0100000000049E4C,6,58,Sordland/Turn01/Start_Inauguration,Narrator,en,それから、すべてを可能にしてくれた重要な人々の方へと向き直った。もちろん、彼ら一人ひとりに私の政府での要職が約束されていた。
0x010000000004C15A,6,59,Sordland/Turn01/Start_Inauguration,Narrator,en,選挙に勝ってから2週間が経過した。
0x010000000004C17C,6,60,Sordland/Turn01/Start_Inauguration,Narrator,en,そして今、私はソードランドの第4代大統領として就任宣誓を行おうとしていた。
0x010000000004C184,6,61,Sordland/Turn01/Start_Inauguration,Narrator,en,何千人もの人々が就任式を見守り、私の名前であるアントン・レインと叫んで歓声を上げていた。
0x010000000004C1E5,6,62,Sordland/Turn01/Start_Inauguration,Player,en,「落ち着いてくれ、セルジュ。」
0x010000000004C1E5,6,62,Sordland/Turn01/Start_Inauguration,Player,Menu Text en,「落ち着いてくれ、セルジュ。」
0x010000000004C1EC,6,63,Sordland/Turn01/Start_Inauguration,Serge Wolkner,en,「ご希望通りです、大統領。」
0x010000000007528B,6,64,Sordland/Turn01/Start_Inauguration,Narrator,en,大統領警護隊の一人がやって来て、出発の時間だと告げに来た。私は車列の先頭にある車へと向かった。
0x0100000000075294,6,65,Sordland/Turn01/Start_Inauguration,Narrator,en,彼は恭しく頭を下げてから車のドアを開け、中に入るよう手振りで示した。私は車に乗り込んだ。
0x010000000007529F,6,66,Sordland/Turn01/Start_Inauguration,Player,en,「それはただの建物に過ぎない、セルジュ。」
0x010000000007529F,6,66,Sordland/Turn01/Start_Inauguration,Player,Menu Text en,「それはただの建物に過ぎない、セルジュ。」
0x01000000000752A7,6,67,Sordland/Turn01/Start_Inauguration,Serge Wolkner,en,「その通りです、大統領。私は建築についてあまり詳しくありませんが、私にとってはホルソード全土で最も美しい建物です。」
0x01000000000752AF,6,68,Sordland/Turn01/Start_Inauguration,Narrator,en,"彼は革命時代の有名なソードランドの言葉である「A Morgna wes core, Vectern sis da!」、つまり「朝が来れば、勝利は近い」という言葉を引用した。"
0x01000000000752B9,6,69,Sordland/Turn01/Start_Inauguration,Player,en,「Vectern sis da!」
0x01000000000752B9,6,69,Sordland/Turn01/Start_Inauguration,Player,Menu Text en,「Vectern sis da!」
0x01000000000753E0,6,70,Sordland/Turn01/Start_Inauguration,Player_Italic,en,運命の分かれ道が訪れ、そこで私の物語が始まったのだ。
0x01000000000753E0,6,70,Sordland/Turn01/Start_Inauguration,Player_Italic,Menu Text en,運命の分かれ道が訪れたのだ
0x010000000007C5D0,6,71,Sordland/Turn01/Start_Inauguration,Player_Italic,en,私は拳を空に掲げると、大きな拍手の波が起こった。
0x010000000007C5D0,6,71,Sordland/Turn01/Start_Inauguration,Player_Italic,Menu Text en,拳を挙げる
0x010000000007C5D7,6,72,Sordland/Turn01/Start_Inauguration,Player_Italic,en,私は群衆に手を振ったところ、人々はさらに大声で歓声を上げた。
0x010000000007C5D7,6,72,Sordland/Turn01/Start_Inauguration,Player_Italic,Menu Text en,手を振る
0x010000000007C5DE,6,73,Sordland/Turn01/Start_Inauguration,Player_Italic,en,深く息を吸い込み、その瞬間を心ゆくまで味わった。
0x010000000007C5DE,6,73,Sordland/Turn01/Start_Inauguration,Player_Italic,Menu Text en,この瞬間を楽しもう
0x0100000300024E0C,6,93,Sordland/Turn01/Start_Inauguration,Player,en,「兄弟姉妹の皆さん！」
0x0100000300024E0C,6,93,Sordland/Turn01/Start_Inauguration,Player,Menu Text en,「兄弟姉妹の皆さん！」
0x0100000300024E14,6,94,Sordland/Turn01/Start_Inauguration,Player,en,「私の同胞たちよ！」
0x0100000300024E14,6,94,Sordland/Turn01/Start_Inauguration,Player,Menu Text en,「私の同胞たちよ！」
0x0100000300024E24,6,95,Sordland/Turn01/Start_Inauguration,Player,en,「約束する、我々は必ず不況を食い止め、貧困をなくしてみせる！」
0x0100000300024E24,6,95,Sordland/Turn01/Start_Inauguration,Player,Menu Text en,「約束する、我々は必ず不況を食い止め、貧困をなくしてみせる！」
0x0100000300024E2B,6,96,Sordland/Turn01/Start_Inauguration,Player,en,「未来が我々を待っている！今こそ東の方角へ向かう時だ！」
0x0100000300024E2B,6,96,Sordland/Turn01/Start_Inauguration,Player,Menu Text en,「未来が我々を待っている！今こそ東の方角へ向かう時だ！」
0x0100000300024E32,6,97,Sordland/Turn01/Start_Inauguration,Player,en,「未来が我々を待っている！今こそ西の方角へ向かう時だ！」
0x0100000300024E32,6,97,Sordland/Turn01/Start_Inauguration,Player,Menu Text en,「未来が我々を待っている！今こそ西の方角へ向かう時だ！」
0x0100000300024E39,6,98,Sordland/Turn01/Start_Inauguration,Player,en,「まず第一に、1929年に制定された破綻した憲法を書き換えなければならない！」
0x0100000300024E39,6,98,Sordland/Turn01/Start_Inauguration,Player,Menu Text en,「まず第一に、1929年に制定された破綻した憲法を書き換えなければならない！」
0x0100000300024E40,6,99,Sordland/Turn01/Start_Inauguration,Player,en,「未来が我々を待っている！ソードランドは世界で最も優れた国だ！」
0x0100000300024E40,6,99,Sordland/Turn01/Start_Inauguration,Player,Menu Text en,「未来が我々を待っている！ソードランドは世界で最も優れた国だ！」
0x0100005D00000128,6,123,Sordland/Turn01/Start_Inauguration,Narrator,en,私はかつてのライバルであり元大統領だったエヴァルト・アルフォンソに会い、彼が軽くうなずいてくれるのを見た。タルキン・ソルも招待されていたが、予想通り彼は自分の島の隠れ家を離れなかった。
0x0100005500005384,6,130,Sordland/Turn01/Start_Inauguration,Narrator,en,私はかつてのライバルであり元大統領だったエヴァルト・アルフォンソに会った。タルキン・ソルも招待されていたが、予想通り彼は自分の島の隠れ家を離れなかった。
0x010000550000538F,6,131,Sordland/Turn01/Start_Inauguration,Narrator,en,私はかつてのライバルであり元大統領だったエヴァルト・アルフォンソに会った。タルキン・ソルも招待されていたが、予想通り彼は自分の島の隠れ家を離れなかった。
0x0100007400006237,6,132,Sordland/Turn01/Start_Inauguration,Narrator,en,巨大な広間に私の足音が反響した。新しい執務室の巨大な扉を開けると、警備兵たちは敬意を表して頭を下げた。
0x0100000600007553,7,3,Sordland/Turn01/Trailer_Intro,Narrator,en,シモン・ホルが私の正対面に座っていた。
0x010000060000755A,7,4,Sordland/Turn01/Trailer_Intro,Symon Holl,en,「大統領、我々の壮大な経済計画とは何でしょうか？」
0x0100000600007561,7,5,Sordland/Turn01/Trailer_Intro,Player,en,「市場経済を推進する。」
0x0100000600007568,7,6,Sordland/Turn01/Trailer_Intro,Player,en,「計画経済を推進する。」
0x010000060000756F,7,7,Sordland/Turn01/Trailer_Intro,Symon Holl,en,「すぐに取り組んでみます。」
0x010000000002EDE7,8,3,Sordland/Turn01/InT_Infrastructure,Symon Holl,en,「大統領、できるだけ早く経済を活性化させることに力を入れる必要があります。そのための最も迅速な方法の一つがインフラ整備プロジェクトです。」
0x010000000002EDF5,8,4,Sordland/Turn01/InT_Infrastructure,Symon Holl,en,「一方で、実業家たちはホルソードとラハベンを結ぶ物流鉄道網の遅さに不満を訴えています。」
0x010000000002EDFC,8,5,Sordland/Turn01/InT_Infrastructure,Lileas Graf,en,「一方で、市民たちはラハベンとアルヴォリーを結ぶ適切な高速道路がないことを批判しています。海岸沿いの狭い道は危険だけでなく、通行も困難です。」
0x010000000002EE03,8,6,Sordland/Turn01/InT_Infrastructure,Player,en,「我々は何に力を注げばよいのだろうか？」
0x010000000002EE03,8,6,Sordland/Turn01/InT_Infrastructure,Player,Menu Text en,「我々は何に力を注げばよいのだろうか？」
0x010000000002EE0D,8,7,Sordland/Turn01/InT_Infrastructure,Symon Holl,en,「そのため、皆様のご検討のために二つの重要なプロジェクトを定めました。それがH-3高速道路計画とL-1高速鉄道計画です。」
0x010000000002EE14,8,8,Sordland/Turn01/InT_Infrastructure,Player,en,「H-3高速道路計画だ。」
0x010000000002EE14,8,8,Sordland/Turn01/InT_Infrastructure,Player,Menu Text en,「H-3高速道路計画だ。」
0x010000000002EE1C,8,9,Sordland/Turn01/InT_Infrastructure,Symon Holl,en,「H-3プロジェクトは、アグノリアと国境を接するアグンランド地方のひどい状態にある道路網を改善することを目的としています。この地域には数百万人ものソードランド人やソードランド人が住んでおり、彼らは現在見捨てられていると感じています。」
0x010000000002EE23,8,10,Sordland/Turn01/InT_Infrastructure,Symon Holl,en,「あなたの前任者であるアルフォンソは、この選挙公約を果たすことができませんでした。しかし今、画期的な鉄道建設プロジェクトを始動させるチャンスが訪れました。」
0x010000000002EE2A,8,11,Sordland/Turn01/InT_Infrastructure,Player,en,「L-1高速鉄道計画だ。」
0x010000000002EE2A,8,11,Sordland/Turn01/InT_Infrastructure,Player,Menu Text en,「L-1高速鉄道計画だ。」
0x010000000002EE34,8,12,Sordland/Turn01/InT_Infrastructure,Symon Holl,en,「アグンランドとの間には適切な高速道路での結びつきが存在しない。アルヴォリーの市長エリック・ニールは、地域のインフラ整備のためより多くの予算を要求し続けている。」
0x010000000002EE3C,8,13,Sordland/Turn01/InT_Infrastructure,Player,en,「党員であるエリック・ニールの要請を無視するわけにはいかない。」
0x010000000002EE3C,8,13,Sordland/Turn01/InT_Infrastructure,Player,Menu Text en,「党員であるエリック・ニールの要請を無視するわけにはいかない。」
0x010000000002EE44,8,14,Sordland/Turn01/InT_Infrastructure,Player,en,「私も同感だ。これは地元の企業にも悪影響を及ぼす可能性がある。」
0x010000000002EE44,8,14,Sordland/Turn01/InT_Infrastructure,Player,Menu Text en,「私も同感だ。これは地元の企業にも悪影響を及ぼす可能性がある。」
0x010000000002EE4E,8,15,Sordland/Turn01/InT_Infrastructure,Player,en,「同感だ。超大国たちは高度な技術で先頭に立っている。我々も追いつかなければならない。」
0x010000000002EE4E,8,15,Sordland/Turn01/InT_Infrastructure,Player,Menu Text en,「同感だ。超大国たちは高度な技術で先頭に立っている。我々も追いつかなければならない。」
0x010000000002EE56,8,16,Sordland/Turn01/InT_Infrastructure,Player,en,「これによって企業も力を得て、投資が呼び込まれるかもしれない。」
0x010000000002EE56,8,16,Sordland/Turn01/InT_Infrastructure,Player,Menu Text en,「これによって企業も力を得て、投資が呼び込まれるかもしれない。」
0x010000000002EE5E,8,17,Sordland/Turn01/InT_Infrastructure,Symon Holl,en,「ご存知の通り、現在の我が国の列車は今日の基準を満たしていません。他の多くの国が新しい電気機関車技術を導入して列車の動力化を図っている中、我々は遅れをとっているのです。」
0x010000000002EE65,8,18,Sordland/Turn01/InT_Infrastructure,Player,en,「それでは国民の皆さんにとって大変な負担だろう。」
0x010000000002EE65,8,18,Sordland/Turn01/InT_Infrastructure,Player,Menu Text en,「それでは国民の皆さんにとって大変な負担だろう。」
0x010000000002EE6E,8,19,Sordland/Turn01/InT_Infrastructure,Player,en,「ソードランドの主要都市は、増加する人口を支えるためにより多くのインフラが必要だ。」
0x010000000002EE6E,8,19,Sordland/Turn01/InT_Infrastructure,Player,Menu Text en,「ソードランドの主要都市は、増加する人口を支えるためにより多くのインフラが必要だ。」
0x010000000002EE79,8,20,Sordland/Turn01/InT_Infrastructure,Symon Holl,en,「アップグレード案をもっと詳しく見ていきましょう。」
0x010000000002EE91,8,21,Sordland/Turn01/InT_Infrastructure,Player_Italic,en,リリアスはラハベンを指差していた。
0x010000000002EE91,8,21,Sordland/Turn01/InT_Infrastructure,Player_Italic,Menu Text en,地図を見る
0x010000000002EE9B,8,22,Sordland/Turn01/InT_Infrastructure,Player,en,「私は、より貧しい地域のインフラを整備するためにH-3高速道路計画を採用することに決めた。」
0x010000000002EE9B,8,22,Sordland/Turn01/InT_Infrastructure,Player,Menu Text en,「私は、より貧しい地域のインフラを整備するためにH-3高速道路計画を採用することに決めた。」
0x010000000002EEA3,8,23,Sordland/Turn01/InT_Infrastructure,Player,en,「私は、最も生産性の高い都市同士の結びつきを強化するために、L-1高速鉄道計画を採用することに決めた。」
0x010000000002EEA3,8,23,Sordland/Turn01/InT_Infrastructure,Player,Menu Text en,「私は、最も生産性の高い都市同士の結びつきを強化するために、L-1高速鉄道計画を採用することに決めた。」
0x010000000002EEB2,8,24,Sordland/Turn01/InT_Infrastructure,Gus Manger,en,「コンタナ連邦で新しく開発された電気列車のニュースを聞き、我々企業も大いに関心を寄せています。彼らもまた、ホルソードからラハベンまで資源や物資を極めて迅速かつ効率的に輸送したいと考えているのです。」
0x010000000002EEBA,8,25,Sordland/Turn01/InT_Infrastructure,Lileas Graf,en,「彼の話によると、トラックでさえも主要道路を通行するのが困難だそうです。増加した交通量が、この地域を行き来する人々に迷惑をかけているのです。」
0x010000000002EEC9,8,26,Sordland/Turn01/InT_Infrastructure,Gus Manger,en,「そこからまずアンリカへ向かうのです...」
0x010000000002EED0,8,27,Sordland/Turn01/InT_Infrastructure,Symon Holl,en,「我々の計画は、ホルソードからラハベンへと続く古いL-1路線を改良し、高速鉄道に生まれ変わらせることです。」
0x010000000002EEDE,8,28,Sordland/Turn01/InT_Infrastructure,Player_Italic,en,ガスはホルソードを指差していたが、シモンは注意深く見つめていた。
0x010000000002EEDE,8,28,Sordland/Turn01/InT_Infrastructure,Player_Italic,Menu Text en,地図を見る
0x010000000002EEEC,8,29,Sordland/Turn01/InT_Infrastructure,Symon Holl,en,「内務省の見積もりでは、今後の各段階をすべて順調に進めれば、建設は2年で完了するとのことです。」
0x010000000002EEF3,8,30,Sordland/Turn01/InT_Infrastructure,Player,en,「皆様のご尽力とご意見に心から感謝する。良い一日を過ごしてくれ。」
0x010000000002EEF3,8,30,Sordland/Turn01/InT_Infrastructure,Player,Menu Text en,「皆様のご尽力とご意見に感謝する。」
0x010000000002EEFB,8,31,Sordland/Turn01/InT_Infrastructure,Player,en,「よろしい。他に何かあるか？」
0x010000000002EEFB,8,31,Sordland/Turn01/InT_Infrastructure,Player,Menu Text en,「よろしい。他に何かあるか？」
0x010000000002EF03,8,32,Sordland/Turn01/InT_Infrastructure,Symon Holl,en,「交渉は今年の半ばに始まります。あなたはご自身が選んだ企業に契約を与えることができるでしょう。」
0x010000000002EF0A,8,33,Sordland/Turn01/InT_Infrastructure,Symon Holl,en,「では、まずどちらの計画について聞きたいですか？」
0x010000000002EF11,8,34,Sordland/Turn01/InT_Infrastructure,Narrator,en,ホル氏は椅子の上で体勢を変えた。
0x010000000002EF1C,8,35,Sordland/Turn01/InT_Infrastructure,Player,en,「我々は自分たちの能力を証明しなければならない。この政権が実際に物事を成し遂げられると、国民に知ってもらわねばならないのだ。」
0x010000000002EF1C,8,35,Sordland/Turn01/InT_Infrastructure,Player,Menu Text en,「我々は自分たちの能力を証明しなければならない。この政権が実際に物事を成し遂げられると、国民に知ってもらわねばならないのだ。」
0x010000000002EF24,8,36,Sordland/Turn01/InT_Infrastructure,Player,en,「我々は国の経済を改善し、不況から脱却させなければならない。」
0x010000000002EF24,8,36,Sordland/Turn01/InT_Infrastructure,Player,Menu Text en,「我々は国の経済を改善し、不況から脱却させなければならない。」
0x010000000002EF3E,8,38,Sordland/Turn01/InT_Infrastructure,Symon Holl,en,「これで全てです、大統領。」
0x010000000002EF85,8,39,Sordland/Turn01/InT_Infrastructure,Player,en,「とても興味深いね。しかし、やはり高速道路計画についても聞きたいのだ。」
0x010000000002EF85,8,39,Sordland/Turn01/InT_Infrastructure,Player,Menu Text en,「とても興味深いね。しかし、やはり高速道路計画についても聞きたいのだ。」
0x010000000002EF93,8,40,Sordland/Turn01/InT_Infrastructure,Player,en,「とても興味深いね。だが、やはり鉄道建設計画についても聞きたいのだ。」
0x010000000002EF93,8,40,Sordland/Turn01/InT_Infrastructure,Player,Menu Text en,「とても興味深いね。だが、やはり鉄道建設計画についても聞きたいのだ。」
0x010000000002EF9A,8,41,Sordland/Turn01/InT_Infrastructure,Player,en,「私は決断を下した。」
0x010000000002EF9A,8,41,Sordland/Turn01/InT_Infrastructure,Player,Menu Text en,「私は決断を下した。」
0x010000000002EFA4,8,42,Sordland/Turn01/InT_Infrastructure,Player_Italic,en,私はうなずいた。
0x010000000002EFA4,8,42,Sordland/Turn01/InT_Infrastructure,Player_Italic,Menu Text en,うなずく
0x010000000002F2CA,8,43,Sordland/Turn01/InT_Infrastructure,Lileas Graf,en,「神様に感謝します。あなたが分別を持って判断してくださると信じていました。」
0x010000000002F2D1,8,44,Sordland/Turn01/InT_Infrastructure,Gus Manger,en,「正しい選択です、大統領。」
0x010000000002F2DB,8,45,Sordland/Turn01/InT_Infrastructure,Lileas Graf,en,「またすぐお会いしましょう、レイン様。」
0x010000000002F2E2,8,46,Sordland/Turn01/InT_Infrastructure,Gus Manger,en,「今日も良い一日を、大統領。」
0x010000000002F3CA,8,58,Sordland/Turn01/InT_Infrastructure,Player,en,「同感だ。」
0x010000000002F3CA,8,58,Sordland/Turn01/InT_Infrastructure,Player,Menu Text en,「同感だ。」
0x010000000002F455,8,59,Sordland/Turn01/InT_Infrastructure,Symon Holl,en,「何より重要なのは、あなたの最初の経済政策が具体的な成果をもたらすことです。」
0x010000000002F4A1,8,60,Sordland/Turn01/InT_Infrastructure,Gus Manger,en,「アンリカの市長であるクルタン・レステも、このプロジェクトを優先的に進めるよう要請してきました。」
0x010000000002F56D,8,61,Sordland/Turn01/InT_Infrastructure,Player,en,「経済成長のためには、最も利益が得られる案を選ばなければならない。」
0x010000000002F56D,8,61,Sordland/Turn01/InT_Infrastructure,Player,Menu Text en,「経済成長のためには、最も利益が得られる案を選ばなければならない。」
0x010000000002F575,8,62,Sordland/Turn01/InT_Infrastructure,Player,en,「国民とその要求こそが最も重要なのだ。」
0x010000000002F575,8,62,Sordland/Turn01/InT_Infrastructure,Player,Menu Text en,「国民とその要求こそが最も重要なのだ。」
0x010000000002F57D,8,63,Sordland/Turn01/InT_Infrastructure,Player,en,「不況の今、我々は国内企業の要請に耳を傾ける必要がある。」
0x010000000002F57D,8,63,Sordland/Turn01/InT_Infrastructure,Player,Menu Text en,「不況の今、我々は国内企業の要請に耳を傾ける必要がある。」
0x010000000002F588,8,64,Sordland/Turn01/InT_Infrastructure,Lileas Graf,en,「今苦しんでいるのは実業家たちではなく、一般の民衆だ。」
0x010000000002F58F,8,65,Sordland/Turn01/InT_Infrastructure,Gus Manger,en,「同感です。ホルソードからラハベンへの鉄道接続を改善する方が、我々の経済にははるかに大きな利益をもたらすでしょう。」
0x010000000002F596,8,66,Sordland/Turn01/InT_Infrastructure,Gus Manger,en,「それは明らかに、我が国で最も経済的に強大な二つの都市を結ぶものです。」
0x010000000002F5E0,8,67,Sordland/Turn01/InT_Infrastructure,Player,en,「ああ、中央にあるこれらの農村地域をソードランドの主要都市と結びつけるべきだ。」
0x010000000002F5E0,8,67,Sordland/Turn01/InT_Infrastructure,Player,Menu Text en,「ああ、中央にあるこれらの農村地域をソードランドの主要都市と結びつけるべきだ。」
0x010000000002F5E8,8,68,Sordland/Turn01/InT_Infrastructure,Player,en,「これによってソードランドの企業やソードランド全体が利益を得られると思う。」
0x010000000002F5E8,8,68,Sordland/Turn01/InT_Infrastructure,Player,Menu Text en,「これによってソードランドの企業やソードランド全体が利益を得られると思う。」
0x010000000002F5F0,8,69,Sordland/Turn01/InT_Infrastructure,Player,en,「既に発展している地域に投資する意味はほとんどない。」
0x010000000002F5F0,8,69,Sordland/Turn01/InT_Infrastructure,Player,Menu Text en,「既に発展している地域に投資する意味はほとんどない。」
0x010000000002F5F8,8,70,Sordland/Turn01/InT_Infrastructure,Player,en,「もはや、アグノリアとの貿易において重要な地域を放置してはならない。」
0x010000000002F5F8,8,70,Sordland/Turn01/InT_Infrastructure,Player,Menu Text en,「もはや、アグノリアとの貿易において重要な地域を放置してはならない。」
0x010000000002F600,8,71,Sordland/Turn01/InT_Infrastructure,Player,en,「アグノ・ソードランド系の国民も、我々と同じソードランド人として尊重されるべきです。」
0x010000000002F600,8,71,Sordland/Turn01/InT_Infrastructure,Player,Menu Text en,「アグノ・ソードランド系の国民も、我々と同じソードランド人として尊重されるべきです。」
0x010000000002F608,8,72,Sordland/Turn01/InT_Infrastructure,Player,en,「そんな人里離れた地域に投資をするのはほとんど意味がない。」
0x010000000002F608,8,72,Sordland/Turn01/InT_Infrastructure,Player,Menu Text en,「そんな人里離れた地域に投資をするのはほとんど意味がない。」
0x010000000002F610,8,73,Sordland/Turn01/InT_Infrastructure,Lileas Graf,en,「市長として、中央政府が我が国のソードランド人が多数を占める地域を絶えず無視し続けてきたのを目の当たりにしました。この政権も同じような無関心を続けるつもりなのでしょうか？」
0x010000000002F61E,8,74,Sordland/Turn01/InT_Infrastructure,Lileas Graf,en,「我々は最も裕福な地域だけに目を向けており、より一層の投資が必要なアグンランドのことを忘れているのです。」
0x010000000002F625,8,75,Sordland/Turn01/InT_Infrastructure,Lileas Graf,en,「こうした地域の富裕層や中産階級の市民には役立つでしょうが、値上げされた運賃を負担できない貧しい人々には恩恵が及ばないでしょう。」
0x010000000002F62C,8,76,Sordland/Turn01/InT_Infrastructure,Lileas Graf,en,「私も全く同感です。我々の注意は困窮している人々に向けられるべきでしょう。H-3の方がはるかに理にかなった計画です。」
0x010000000002F639,8,77,Sordland/Turn01/InT_Infrastructure,Gus Manger,en,「もちろんです。しかし、ほとんどの商品はラハベンやホルソードへ流れているため、そちらの物流により重点を置くべきでしょう。」
0x010000000002F641,8,78,Sordland/Turn01/InT_Infrastructure,Gus Manger,en,「そうです、ソードランドの間に特別な優先順位や区分は設けるべきではありません。つまり、国全体にとって最も良いことを考えるべきだということです。」
0x010000000002F649,8,79,Sordland/Turn01/InT_Infrastructure,Gus Manger,en,「だからこそ、L-1プロジェクトを開始すべきなのです。」
0x010000000002F769,8,80,Sordland/Turn01/InT_Infrastructure,Narrator,en,ラハベンの美しい海岸線に夜が訪れた。
0x0100000000031849,8,81,Sordland/Turn01/InT_Infrastructure,Symon Holl,en,「現在の能力と予算では、省としては一度に一つのプロジェクトしか支援できません。それぞれの詳細に移りましょう。」
0x0100000000049D0C,8,82,Sordland/Turn01/InT_Infrastructure,Narrator,en,シモンが息をつくやいなや、リリアスが話し始めた。
0x010000000004C254,8,86,Sordland/Turn01/InT_Infrastructure,Narrator,en,ラハベンの美しい海岸線に夜が訪れた。
0x010000000004C25B,8,87,Sordland/Turn01/InT_Infrastructure,Narrator,en,ラハベンの美しい海岸線に夜が訪れた。
0x010000000004C262,8,88,Sordland/Turn01/InT_Infrastructure,Narrator,en,ラハベンの美しい海岸線に夜が訪れた。
0x0100000000058D1A,8,98,Sordland/Turn01/InT_Infrastructure,Narrator,en,しかし、この豪華な宮殿を楽しむことが我々の訪問目的ではなかった。私は新たなインフラ投資プロジェクトについて話し合うため、経済チームをここに集めたのだ。
0x0100000000058D28,8,99,Sordland/Turn01/InT_Infrastructure,Narrator,en,ラハベンから見下ろすマルキア海の景色は実に素晴らしいものだった。青き館という名前がふさわしい海岸沿いの官邸は、広々としており、豪華で、快適な造りだった。
0x0100000000058E19,8,100,Sordland/Turn01/InT_Infrastructure,Lileas Graf,en,「彼らの要求は正当です。ラハベンとアルヴォリーを結ぶ道路インフラが深刻な状況にあることは見過ごせません。」
0x0100000000058E21,8,101,Sordland/Turn01/InT_Infrastructure,Gus Manger,en,「しかし投資収益率は低くなるでしょう。我々が重視すべきは経済成長です。」
0x0100000000058E3B,8,102,Sordland/Turn01/InT_Infrastructure,Player,en,「まだ完全には納得できていない。もう少し詳しく説明してくれ。」
0x0100000000058E3B,8,102,Sordland/Turn01/InT_Infrastructure,Player,Menu Text en,「まだ完全には納得できていない。もう少し詳しく説明してくれ。」
0x0100000000058E43,8,103,Sordland/Turn01/InT_Infrastructure,Lileas Graf,en,「私は彼を個人的に知っており、彼が我々の党の信頼できる党員であることを保証できます。」
0x0100000000058E51,8,104,Sordland/Turn01/InT_Infrastructure,Lileas Graf,en,「まったく、彼らも善人だ。この件について我々の考えが一致していて嬉しい。」
0x0100000000058E5F,8,105,Sordland/Turn01/InT_Infrastructure,Player,en,「現時点で、この地域を我々の優先事項とすべきかどうかはよく分からない。」
0x0100000000058E5F,8,105,Sordland/Turn01/InT_Infrastructure,Player,Menu Text en,「現時点で、この地域を我々の優先事項とすべきかどうかはよく分からない。」
0x0100000000058E69,8,106,Sordland/Turn01/InT_Infrastructure,Symon Holl,en,「この地域の実業家たちは大変満足するでしょう。それによって投資や雇用も増加します。ですから、L-1高速鉄道計画を推奨いたします。」
0x0100000000058E77,8,107,Sordland/Turn01/InT_Infrastructure,Lileas Graf,en,「もし我々がこれを成功裏に達成できれば、国民は大変喜ぶでしょう。それに、アグノリアと貿易交渉を始めれば、彼らもこの投資を好意的な兆候と見なすはずです。」
0x0100000000058E7E,8,108,Sordland/Turn01/InT_Infrastructure,Lileas Graf,en,「私は異議を唱えます。これにより地域全体の輸送速度が向上するでしょう。」
0x0100000000058E9E,8,109,Sordland/Turn01/InT_Infrastructure,Gus Manger,en,「国際的な舞台において我々が優位に立てるのは、技術進歩だけだ。」
0x0100000000058EA5,8,110,Sordland/Turn01/InT_Infrastructure,Gus Manger,en,「これこそが我々の最優先事項であり、成長と発展の最適化だ。」
0x0100000600001551,8,111,Sordland/Turn01/InT_Infrastructure,Narrator,en,会議が始まってから既に30分が経過していた。残念ながら、いつもの午後のコーヒーを飲む時間さえなかった。
0x010000060000155A,8,112,Sordland/Turn01/InT_Infrastructure,Narrator,en,窓の外の景色を眺めながら、数秒間ぼんやりと考え事をしていた。シモンの声で再び現在進行中の議論に意識を戻した。
0x01000004000090F5,8,113,Sordland/Turn01/InT_Infrastructure,Symon Holl,en,「素晴らしいです。では大統領、最終的なご決断は何でしょうか？」
0x01000004000091D0,8,114,Sordland/Turn01/InT_Infrastructure,Gus Manger,en,「……その後、ゲルソードと接続されるのです。」
0x0100000400009DFE,8,115,Sordland/Turn01/InT_Infrastructure,Gus Manger,en,「その後、我々の経済の中心地であるラハベンに到達するだろう。」
0x0100000400009E06,8,116,Sordland/Turn01/InT_Infrastructure,Gus Manger,en,「L-1は、新たに結ばれた都市だけでなく、その間の農村地域の経済も大幅に活性化させるでしょう。ラハベンが我々の主要港ですから、そこで荷降ろしされた商品ははるかに迅速にホルソードへ運ばれます。」
0x0100000400009E11,8,117,Sordland/Turn01/InT_Infrastructure,Lileas Graf,en,「……そこからはアルヴォリーまで続いています。」
0x0100000400009E18,8,118,Sordland/Turn01/InT_Infrastructure,Lileas Graf,en,「その結果、アグノリアの首都スタールポートへ向かう道路網も大幅に改善されるでしょう。」
0x0100000400009E21,8,119,Sordland/Turn01/InT_Infrastructure,Symon Holl,en,「短期的に見れば、この高速道路がもたらす利益はそれほど大きくないと指摘せざるを得ません。」
0x0100000400009E31,8,120,Sordland/Turn01/InT_Infrastructure,Narrator,en,彼女は言葉を切り、椅子の上で身を乗り出した。
0x0100006900000184,8,130,Sordland/Turn01/InT_Infrastructure,Lileas Graf,en,「H-3高速道路はラハベンのこの場所から始まります...」
0x010000690000018C,8,131,Sordland/Turn01/InT_Infrastructure,Lileas Graf,en,「……そしてそこからレンクルグへと続いていきます……」
0x01000069000001A1,8,133,Sordland/Turn01/InT_Infrastructure,Gus Manger,en,「計画されている建設は、まさにここの首都から始まります。」
0x01000069000001BF,8,138,Sordland/Turn01/InT_Infrastructure,Narrator,en,彼は身を乗り出した。
0x0100000000005968,9,3,Sordland/Turn01/Personal_Ball,Narrator,en,私がスーツのジャケットのボタンを留め終えたばかりの時、ドアベルが鳴った。就任式の舞踏会に連れて行ってくれるため、大統領警護隊がやって来たのだ。
0x0100000000005988,9,4,Sordland/Turn01/Personal_Ball,Narrator,en,その舞踏会は30年も続く伝統の行事で、政治家や官僚、報道機関によって熱望されていた。すべての視線が私に集まることになるのだった。
0x0100000000005B6C,9,5,Sordland/Turn01/Personal_Ball,Narrator,en,私の護衛たちが彼らの大半を撃退したが、一人の女性だけが彼らをかわして私を追い詰めることに成功した。彼女の報道用ブレスレットにはソードランドの放送会社のロゴがあったので、すぐに気づいた。
0x0100000000005B73,9,6,Sordland/Turn01/Personal_Ball,Player,en,「もし野党が我々を支援してくれるならば。」
0x0100000000005B73,9,6,Sordland/Turn01/Personal_Ball,Player,Menu Text en,「もし野党が我々を支援してくれるならば。」
0x0100000000005B7B,9,7,Sordland/Turn01/Personal_Ball,Player,en,「私の政権は真の変革をもたらすだろう。」
0x0100000000005B7B,9,7,Sordland/Turn01/Personal_Ball,Player,Menu Text en,「私の政権は真の変革をもたらすだろう。」
0x0100000000005B83,9,8,Sordland/Turn01/Personal_Ball,Player,en,「今夜は祝賀の夜だ。私の政策については今話さない。」
0x0100000000005B83,9,8,Sordland/Turn01/Personal_Ball,Player,Menu Text en,「今夜は祝賀の夜だ。私の政策については今話さない。」
0x0100000000005B8B,9,9,Sordland/Turn01/Personal_Ball,Player,en,「我々はすべての人々と協力していくつもりだ。」
0x0100000000005B8B,9,9,Sordland/Turn01/Personal_Ball,Player,Menu Text en,「我々はすべての人々と協力していくつもりだ。」
0x0100000000005B97,9,10,Sordland/Turn01/Personal_Ball,Reporter,en,「予定されている憲法改正について、野党と協力して進めるつもりですか？」
0x0100000000005BA3,9,11,Sordland/Turn01/Personal_Ball,Reporter,en,「つまり、協力するつもりはないということですか？他の政党とは何の共通点もないと思っているのですか？」
0x0100000000005BAD,9,12,Sordland/Turn01/Personal_Ball,Reporter,en,「リクター氏は、民主化の約束を守り続ける限り、これらの問題において最後まであなた方を支援すると明言しました。この発言についてどう思われますか？」
0x0100000000005BB6,9,13,Sordland/Turn01/Personal_Ball,Player,en,「そんなことは言っていない。」
0x0100000000005BB6,9,13,Sordland/Turn01/Personal_Ball,Player,Menu Text en,「そんなことは言っていない。」
0x0100000000005BBD,9,14,Sordland/Turn01/Personal_Ball,Player,en,「何があっても、我々は自分の役割を果たす。」
0x0100000000005BBD,9,14,Sordland/Turn01/Personal_Ball,Player,Menu Text en,「何があっても、我々は自分の役割を果たす。」
0x0100000000005BC4,9,15,Sordland/Turn01/Personal_Ball,Player,en,「反対派には我々の価値観は共通していないと思う、そうだね。」
0x0100000000005BC4,9,15,Sordland/Turn01/Personal_Ball,Player,Menu Text en,「反対派は我々の価値観を共有していないと思う、そうだ。」
0x0100000000005BCB,9,16,Sordland/Turn01/Personal_Ball,Player,en,「コメントはしない、申し訳ない。」
0x0100000000005BCB,9,16,Sordland/Turn01/Personal_Ball,Player,Menu Text en,「コメントはしない、申し訳ない。」
0x0100000000005BD6,9,17,Sordland/Turn01/Personal_Ball,Player,en,「私もそれを歓迎する。これは我々全員にとっての試練だ。」
0x0100000000005BD6,9,17,Sordland/Turn01/Personal_Ball,Player,Menu Text en,「私もそれを歓迎する。これは我々全員にとっての試練だ。」
0x0100000000005BDD,9,18,Sordland/Turn01/Personal_Ball,Player,en,「他の政党にもこの取り組みに加わってほしいのだ。」
0x0100000000005BDD,9,18,Sordland/Turn01/Personal_Ball,Player,Menu Text en,「他の政党にもこの取り組みに加わってほしいのだ。」
0x0100000000005BE4,9,19,Sordland/Turn01/Personal_Ball,Player,en,「正直言って、彼にはあまり期待していない。」
0x0100000000005BE4,9,19,Sordland/Turn01/Personal_Ball,Player,Menu Text en,「正直言って、彼にはあまり期待していない。」
0x0100000000005BEB,9,20,Sordland/Turn01/Personal_Ball,Player,en,「彼の発言をまだ見ていないので、コメントすることはできない。」
0x0100000000005BEB,9,20,Sordland/Turn01/Personal_Ball,Player,Menu Text en,「彼の発言をまだ見ていないので、コメントすることはできない。」
0x0100000000005BF6,9,21,Sordland/Turn01/Personal_Ball,Reporter,en,「もう一つ質問があります。大統領として最初に行われた措置の一つが、選挙資金法に署名し、投票数ではなく議会の議席数に応じて公的選挙資金を配分したことですが、これは選挙の閾値に達していない共産党やブルディア労働党の資金供給を意図的に削減しようとする試みでしょうか？」
0x0100000000005C05,9,22,Sordland/Turn01/Personal_Ball,Narrator,en,「もう十分だ、奥様」と私の護衛の一人が言い、記者を私から押しやった。群衆の間に道ができ、我々は急いで宮殿の入口へ向かった。その同じ時刻に、十数発の花火が打ち上げられた。
0x0100000000005C0C,9,23,Sordland/Turn01/Personal_Ball,Narrator,en,入口は、ソードランドの色である白、黄、マルーンの美しいリボンで飾られていた。階段には豪華なマルーン色のカーペットが敷かれていた。
0x0100000000005C5A,9,24,Sordland/Turn01/Personal_Ball,Narrator,en,我々はロビーに入り、舞踏室へ向かう人々の群れに加わった。
0x0100000000005C7A,9,25,Sordland/Turn01/Personal_Ball,Deana,en,「ペトルおじさん！」
0x0100000000005C80,9,26,Sordland/Turn01/Personal_Ball,Franc,en,「やあ、ペトルおじさん。会えて嬉しいよ。」
0x0100000000005C87,9,27,Sordland/Turn01/Personal_Ball,Petr Vectern,en,「あれがソードランドで最も美しい家族です！」
0x0100000000005C8D,9,28,Sordland/Turn01/Personal_Ball,Evelyn Vectern,en,「おめでとうございます、アントン。正直なところ、最初から結果は明らかでした。」
0x0100000000005C96,9,29,Sordland/Turn01/Personal_Ball,Petr Vectern,en,「お前たち二人の成長の速さは、私が賢くなる速度を上回っている！」
0x0100000000005C9D,9,30,Sordland/Turn01/Personal_Ball,Player,en,「ペトル、本当にもっと賢くなったのか？」
0x0100000000005C9D,9,30,Sordland/Turn01/Personal_Ball,Player,Menu Text en,「ペトル、本当にもっと賢くなったのか？」
0x0100000000005CA4,9,31,Sordland/Turn01/Personal_Ball,Player,en,「ペトル、君の姿を見ると心が和むよ。」
0x0100000000005CA4,9,31,Sordland/Turn01/Personal_Ball,Player,Menu Text en,「ペトル、君の姿を見ると心が和むよ。」
0x0100000000005CAB,9,32,Sordland/Turn01/Personal_Ball,Player,en,「副大統領閣下。」
0x0100000000005CAB,9,32,Sordland/Turn01/Personal_Ball,Player,Menu Text en,「副大統領閣下。」
0x0100000000005CC5,9,33,Sordland/Turn01/Personal_Ball,Narrator,en,中に入ると、再び騒がしい群衆に囲まれた――だが今回は、ソードランドの新たな権力者を取り込もうとする政治家たちだった。
0x0100000000005CD2,9,34,Sordland/Turn01/Personal_Ball,Narrator,en,ペトルの妻エヴリンが我々のもとに歩み寄り、その繊細な容姿とは裏腹な力強さで握手をしてきた。
0x0100000000005CF5,9,35,Sordland/Turn01/Personal_Ball,Player,en,「感謝する、エヴリン。とても意味のあることだ。」
0x0100000000005CF5,9,35,Sordland/Turn01/Personal_Ball,Player,Menu Text en,「感謝する、エヴリン。とても意味のあることだ。」
0x0100000000005CFC,9,36,Sordland/Turn01/Personal_Ball,Player,en,「あなたほど確信が持てればいいのだが。」
0x0100000000005CFC,9,36,Sordland/Turn01/Personal_Ball,Player,Menu Text en,「あなたほど確信が持てればいいのだが。」
0x0100000000005D03,9,37,Sordland/Turn01/Personal_Ball,Player,en,「成功した男性の背後には必ず女性がいる。」
0x0100000000005D03,9,37,Sordland/Turn01/Personal_Ball,Player,Menu Text en,「成功した男性の背後には必ず女性がいる。」
0x0100000000005D0D,9,38,Sordland/Turn01/Personal_Ball,Player,en,「ありがとう。これを実現するために、我々二人とも懸命に努力した。」
0x0100000000005D0D,9,38,Sordland/Turn01/Personal_Ball,Player,Menu Text en,「ありがとう。これを実現するために、我々二人とも懸命に努力した。」
0x0100000000005D15,9,39,Sordland/Turn01/Personal_Ball,Evelyn Vectern,en,「モニカ、元気ですか？ほとんど何も話していませんね。」
0x0100000000005D1C,9,40,Sordland/Turn01/Personal_Ball,Petr Vectern,en,「そして今夜、我々はその成果を手に入れるのだ！」
0x0100000000005D3F,9,41,Sordland/Turn01/Personal_Ball,Evelyn Vectern,en,「なんて紳士的な方でしょう。」
0x0100000000005D73,9,42,Sordland/Turn01/Personal_Ball,Evelyn Vectern,en,「こちらこそ光栄です。」
0x0100000000005E31,9,43,Sordland/Turn01/Personal_Ball,Deana,en,「パパ、行ってもいい？舞踏室が見たいの！」
0x0100000000005E40,9,44,Sordland/Turn01/Personal_Ball,Player,en,「そうだ、もう時間だ。行こう。」
0x0100000000005E40,9,44,Sordland/Turn01/Personal_Ball,Player,Menu Text en,「そうだ、もう時間だ。行こう。」
0x0100000000005E47,9,45,Sordland/Turn01/Personal_Ball,Player,en,「もちろんだ、我が愛しい子よ。これ以上遅らせるべきではない。」
0x0100000000005E47,9,45,Sordland/Turn01/Personal_Ball,Player,Menu Text en,「もちろんだ、あなた。」
0x0100000000005E50,9,46,Sordland/Turn01/Personal_Ball,Player_Italic,en,我々はロビーを出て、舞踏室へと向かった。
0x0100000000005E50,9,46,Sordland/Turn01/Personal_Ball,Player_Italic,Menu Text en,舞踏室へ向かう
0x0100000000005E7E,9,47,Sordland/Turn01/Personal_Ball,Player,en,「帰路でまた会おう。」
0x0100000000005E7E,9,47,Sordland/Turn01/Personal_Ball,Player,Menu Text en,「帰路でまた会おう。」
0x0100000000005E8F,9,48,Sordland/Turn01/Personal_Ball,Player,en,「さようなら。」
0x0100000000005E8F,9,48,Sordland/Turn01/Personal_Ball,Player,Menu Text en,「さようなら。」
0x010000000001210D,9,49,Sordland/Turn01/Personal_Ball,Narrator,en,私が外に出ると、すぐに騒がしい声やカメラのフラッシュに囲まれた。熱心なジャーナリストたちの群れが、自分たちのポータブルマイクを私に向かって突き出してきた。
0x0100000000012119,9,50,Sordland/Turn01/Personal_Ball,Narrator,en,政治家、官僚、著名人たち――ソードランドのエリート層の中でも最も優秀な人々が次々と建物内に集まってきた。
0x0100000000012121,9,51,Sordland/Turn01/Personal_Ball,Serge Wolkner,en,「大統領、ご武運をお祈りします。」
0x0100000000012150,9,52,Sordland/Turn01/Personal_Ball,Petr Vectern,en,「たぶん違うな。結局のところ、私は依然としてあなたに付き従っているのだ。」
0x0100000000012156,9,53,Sordland/Turn01/Personal_Ball,Petr Vectern,en,「私も同じです。」
0x010000000001215C,9,54,Sordland/Turn01/Personal_Ball,Petr Vectern,en,「大統領。」
0x0100000000012162,9,55,Sordland/Turn01/Personal_Ball,Monica,en,「アントン、会えて嬉しいわ。ペトルも、エヴリンも！」
0x0100000000026233,9,56,Sordland/Turn01/Personal_Ball,Reporter,en,「大統領！大統領！」
0x0100000000026244,9,57,Sordland/Turn01/Personal_Ball,Player,en,「ディアナ、こちらでは会話をしているところだ。」
0x0100000000026244,9,57,Sordland/Turn01/Personal_Ball,Player,Menu Text en,「ディアナ、こちらでは会話をしているところだ。」
0x010000000002624C,9,58,Sordland/Turn01/Personal_Ball,Narrator,en,彼女はがっかりして顔を背けた。
0x0100000000026253,9,59,Sordland/Turn01/Personal_Ball,Monica,en,「大丈夫よ、どうせ行かなきゃいけないんだから。もう時間よ。」
0x0100000000026287,9,60,Sordland/Turn01/Personal_Ball,Petr Vectern,en,「さあ、あなたはもう大統領です。与党の指導部に立ち向かい、見事勝利を収めました。」
0x010000000002628E,9,61,Sordland/Turn01/Personal_Ball,Petr Vectern,en,「そのお考えは尊重いたします。」
0x010000000002629C,9,62,Sordland/Turn01/Personal_Ball,Evelyn Vectern,en,「我々もその努力を知っています。あなたこそがその地位にふさわしいのです。」
0x01000000000262A4,9,63,Sordland/Turn01/Personal_Ball,Petr Vectern,en,「この勝利を祝う時が来たと思います！」
0x01000000000262AB,9,64,Sordland/Turn01/Personal_Ball,Player,en,「ありがとう、ペトル。」
0x01000000000262AB,9,64,Sordland/Turn01/Personal_Ball,Player,Menu Text en,「ありがとう、ペトル。」
0x01000000000262B3,9,65,Sordland/Turn01/Personal_Ball,Player,en,「あなたがいなければ、私にはできなかった。」
0x01000000000262B3,9,65,Sordland/Turn01/Personal_Ball,Player,Menu Text en,「あなたがいなければ、私にはできなかった。」
0x01000000000262BD,9,66,Sordland/Turn01/Personal_Ball,Player,en,「まずは飲み物を用意しよう。」
0x01000000000262BD,9,66,Sordland/Turn01/Personal_Ball,Player,Menu Text en,「まずは飲み物を用意しよう。」
0x01000000000262C5,9,67,Sordland/Turn01/Personal_Ball,Player,en,「ああ、これだけのことがあったら祝賀を行う必要があるね。」
0x01000000000262C5,9,67,Sordland/Turn01/Personal_Ball,Player,Menu Text en,「ああ、これだけのことがあったら祝賀を行う必要があるね。」
0x01000000000262CD,9,68,Sordland/Turn01/Personal_Ball,Petr Vectern,en,「そうであることは私も知っている。」
0x01000000000262D4,9,69,Sordland/Turn01/Personal_Ball,Petr Vectern,en,「私の考えを読んだな。」
0x01000000000262DB,9,70,Sordland/Turn01/Personal_Ball,Narrator,en,ペトルはにやりと笑い、回っているウェイターを呼んだ。我々四人はそれぞれシャンパンのグラスを一つずつもらった。
0x01000000000262EC,9,71,Sordland/Turn01/Personal_Ball,Player,en,「その通り、だからこそ我々はここにいるのだ。」
0x01000000000262EC,9,71,Sordland/Turn01/Personal_Ball,Player,Menu Text en,「その通り、だからこそ我々はここにいるのだ。」
0x010000000002632F,9,72,Sordland/Turn01/Personal_Ball,Player,en,「仕事においても同じ熱意を見せてくれることを願っている。」
0x010000000002632F,9,72,Sordland/Turn01/Personal_Ball,Player,Menu Text en,「仕事においても同じ熱意を見せてくれることを願っている。」
0x0100000000026338,9,73,Sordland/Turn01/Personal_Ball,Narrator,en,彼は半分本物のように見える短い笑みを浮かべた。どこか居心地悪そうだった。
0x010000000002633E,9,74,Sordland/Turn01/Personal_Ball,Petr Vectern,en,「もちろんです！私のことをご存知でしょう――プレーする時と同じくらい真剣に仕事もしますから。」
0x0100000000026347,9,75,Sordland/Turn01/Personal_Ball,Player,en,「誰かがやらなければならなかったのだ。」
0x0100000000026347,9,75,Sordland/Turn01/Personal_Ball,Player,Menu Text en,「誰かがやらなければならなかったのだ。」
0x010000000002634F,9,76,Sordland/Turn01/Personal_Ball,Petr Vectern,en,「その通りです。あなたがやってくれて本当に良かったです。」
0x0100000000026A1B,9,77,Sordland/Turn01/Personal_Ball,Petr Vectern,en,「まずは飲み物を用意しよう。」
0x0100000000049D04,9,78,Sordland/Turn01/Personal_Ball,Narrator,en,モニカは私に微笑みかけた。
0x010000000007BBA6,9,79,Sordland/Turn01/Personal_Ball,Petr Vectern,en,「私は自分の役目を果たしただけです、アントン。でも、ありがとうございます。とても嬉しいです。」
0x010000000007BBD4,9,80,Sordland/Turn01/Personal_Ball,Narrator,en,我々がようやく食卓に着いたとき、バンドがゆっくりとしたジャズの曲を演奏し始めていた。その時、ベクターン家の人々も一緒にいた。
0x010000000007BC19,9,81,Sordland/Turn01/Personal_Ball,Petr Vectern,en,「うっ、疲れたな。」
0x010000000007BC20,9,82,Sordland/Turn01/Personal_Ball,Player,en,「我々はこれに慣れなければならない。」
0x010000000007BC20,9,82,Sordland/Turn01/Personal_Ball,Player,Menu Text en,「我々はこれに慣れなければならない。」
0x010000000007BC28,9,83,Sordland/Turn01/Personal_Ball,Player,en,「もしまた別の人と握手をしなければならないなんて……」
0x010000000007BC28,9,83,Sordland/Turn01/Personal_Ball,Player,Menu Text en,「もしまた別の人と握手をしなければならないなんて……」
0x010000000007BC30,9,84,Sordland/Turn01/Personal_Ball,Player,en,「えっ、もう疲れたのか？」
0x010000000007BC30,9,84,Sordland/Turn01/Personal_Ball,Player,Menu Text en,「えっ、もう疲れたのか？」
0x010000000007BC38,9,85,Sordland/Turn01/Personal_Ball,Petr Vectern,en,「えっと――」
0x010000000007BC41,9,86,Sordland/Turn01/Personal_Ball,Narrator,en,突然、舞踏会場の外から大きな叩きつけるような音が響いてきた。その直後にまた音がし、さらにもう一度聞こえた。
0x010000000007BC8C,9,87,Sordland/Turn01/Personal_Ball,Player,en,「もう一杯どうだ？」
0x010000000007BC8C,9,87,Sordland/Turn01/Personal_Ball,Player,Menu Text en,「もう一杯どうだ？」
0x010000000007C605,9,88,Sordland/Turn01/Personal_Ball,Monica,en,「この大変な状況がようやく終わって本当にほっとしてる。でももちろん、これからが本当の仕事の始まりよ…」
0x010000000007E1F0,9,89,Sordland/Turn01/Personal_Ball,Narrator,en,私はモニカに子供たちの準備をするよう頼んだ。鏡を見ながらネクタイを整え、深く息を吸った。今夜を過ぎれば、もう後戻りはできないのだ。
0x010000000007E27B,9,90,Sordland/Turn01/Personal_Ball,Narrator,en,私はその後数時間を、人々と握手を交わしたり、様々な会話に参加したり――真面目なものもあれば軽いものもあった――そして演説を行ったりして過ごした。
0x0100000000082B71,9,91,Sordland/Turn01/Personal_Ball,Narrator,en,音楽家たちは演奏を止めた。部屋にいる全員が困惑しながら周囲を見回していた。
0x0100000000082B78,9,92,Sordland/Turn01/Personal_Ball,Petr Vectern,en,「花火だと！？」
0x0100000000082B85,9,93,Sordland/Turn01/Personal_Ball,Narrator,en,ペトルと私は互いに顔を向け合い、二人の表情には理解が浮かんできた。
0x01000000000882CF,9,95,Sordland/Turn01/Personal_Ball,Narrator,en,どんな犠牲を払ってでも。
0x01000000000882D6,9,96,Sordland/Turn01/Personal_Ball,Narrator,en,私は灰皿でタバコを押しつぶした。
0x0100000600007537,9,97,Sordland/Turn01/Personal_Ball,Evelyn Vectern,en,「ああ、その通りです。使用人たちの管理、パーティーの計画、外国の要人たちに良い印象を与えるための日々の美容院通い――」
0x0100000600007545,9,98,Sordland/Turn01/Personal_Ball,Monica,en,「エヴリン、そんな古風な考えはやめてよ！私はファーストレディとしての権限を活用して、ソードランド中の女性たちの地位向上に力を入れるつもり。私たち女性に平等な権利が与えられるのはとうに遅すぎるわよね、アントン？」
0x01000003000114C3,9,102,Sordland/Turn01/Personal_Ball,Reporter,en,「リクター氏は、もしあなたが彼らの民主化要求を支持すれば、協力的な姿勢であらゆる問題について共に取り組むと明言しました。この発言についてどう思われますか？」
0x0100000E00000014,9,116,Sordland/Turn01/Personal_Ball,Reporter,en,「もう一つ質問があります。大統領として最初に行った措置の一つが、小規模政党から公的資金を奪い、自党への資金供給を増やす内容だった選挙資金法に拒否権を行使したことですが、これはより平等主義的な政権の始まりを示しているのでしょうか？」
0x0100000E0000001C,9,117,Sordland/Turn01/Personal_Ball,Player,en,「もうあなたの質問にはうんざりだ！」
0x0100000E0000001C,9,117,Sordland/Turn01/Personal_Ball,Player,Menu Text en,「もうあなたの質問にはうんざりだ！」
0x0100000E00000023,9,118,Sordland/Turn01/Personal_Ball,Player,en,「それは大国民議会の多数派によって合意されたことだ。私は初日に拒否権を行使することはできなかった。」
0x0100000E00000023,9,118,Sordland/Turn01/Personal_Ball,Player,Menu Text en,「それは大国民議会の多数派によって合意されたことだ。私は初日に拒否権を行使することはできなかった。」
0x0100000E0000002A,9,119,Sordland/Turn01/Personal_Ball,Player,en,「もうあなたの質問にはうんざりだ！」
0x0100000E0000002A,9,119,Sordland/Turn01/Personal_Ball,Player,Menu Text en,「もうあなたの質問にはうんざりだ！」
0x0100000E00000032,9,120,Sordland/Turn01/Personal_Ball,Player,en,「ああ。どの政党も声を奪われるべきではない。」
0x0100000E00000032,9,120,Sordland/Turn01/Personal_Ball,Player,Menu Text en,「ああ。どの政党も声を奪われるべきではない。」
0x0100000E0000003A,9,121,Sordland/Turn01/Personal_Ball,Player,en,「初日にあまり騒ぎを起こしたくなかっただけだ。」
0x0100000E0000003A,9,121,Sordland/Turn01/Personal_Ball,Player,Menu Text en,「初日にあまり騒ぎを起こしたくなかっただけだ。」
0x0100000E00000047,9,122,Sordland/Turn01/Personal_Ball,Player,en,「おそらくそうだろう。放っておけば、あの二つの党は私にとって障害となるだけだ。」
0x0100000E00000047,9,122,Sordland/Turn01/Personal_Ball,Player,Menu Text en,「おそらくそうだろう。放っておけば、あの二つの党は私にとって障害となるだけだ。」
0x0100000E00000053,9,123,Sordland/Turn01/Personal_Ball,Player,en,「ロースト肉を焼き焦がさなければいいんですよね、ペトル？」
0x0100000E00000053,9,123,Sordland/Turn01/Personal_Ball,Player,Menu Text en,「ロースト肉を焼き焦がさなければいいんですよね、ペトル？」
0x0100000E0000005A,9,124,Sordland/Turn01/Personal_Ball,Player,en,「ある程度はその通りだ。ただ、夫や家族に対する責任を怠ってはならない。」
0x0100000E0000005A,9,124,Sordland/Turn01/Personal_Ball,Player,Menu Text en,「ある程度はその通りだ。ただ、夫や家族に対する責任を怠ってはならない。」
0x0100000E00000061,9,125,Sordland/Turn01/Personal_Ball,Player,en,「もちろんだ。我々は力を合わせてそれを実現しよう。」
0x0100000E00000061,9,125,Sordland/Turn01/Personal_Ball,Player,Menu Text en,「もちろんだ。我々は力を合わせてそれを実現しよう。」
0x0100000E00000068,9,126,Sordland/Turn01/Personal_Ball,Player,en,「あれが私の妻だ――美しい顔だけで満足するような人ではない！」
0x0100000E00000068,9,126,Sordland/Turn01/Personal_Ball,Player,Menu Text en,「あれが私の妻だ――美しい顔だけで満足するような人ではない！」
0x0100000E0000006F,9,127,Sordland/Turn01/Personal_Ball,Narrator,en,ペトルは大声で笑った。モニカとエヴリンの二人は我々をにらみつけた。気まずい沈黙が訪れた。
0x0100000E0000007A,9,128,Sordland/Turn01/Personal_Ball,Narrator,en,モニカは口を開けたが、すぐにまた閉じた。気まずい沈黙が流れた。
0x0100000E00000081,9,129,Sordland/Turn01/Personal_Ball,Narrator,en,モニカは私に微笑みを向けてきた。
0x0100000E00000093,9,132,Sordland/Turn01/Personal_Ball,Narrator,en,ディアナが突然我々の間に飛び込んできて、私の袖を引っ張った。
0x0100000E000000A3,9,133,Sordland/Turn01/Personal_Ball,Player,en,「いや、それはUSPがこの国に真の民主主義をもたらすのに十分な長期間政権を維持するための資金を確保するためだ。」
0x0100000E000000A3,9,133,Sordland/Turn01/Personal_Ball,Player,Menu Text en,「それは、USPがこの国に真の民主主義をもたらすのに十分な長期間政権を維持するために必要な資金を確保するためだ。」
0x0100001D00003376,9,140,Sordland/Turn01/Personal_Ball,Narrator,en,私がスーツのジャケットのボタンを留め終えたばかりの時、ドアベルが鳴った。就任式の舞踏会に連れて行ってくれるため、大統領警護隊がやって来たのだ。
0x010000510002FDB4,9,142,Sordland/Turn01/Personal_Ball,Player,en,「もちろんだ。その法案が私の党によって提出されたかどうかに関わらず、我々の民主主義の利益に反するならば、必ず拒否権を行使する。」
0x0100006500003218,9,144,Sordland/Turn01/Personal_Ball,Bernard Circas,en,「おめでとうございます、レイン大統領。実に素晴らしい成果ですね。」
0x010000650000321E,9,145,Sordland/Turn01/Personal_Ball,Bernard Circas,en,「政治的な意見の相違であっても、成果を認め合うことを妨げるべきではありません。ですが、あなたが赤旗青年団に加入したのが一時的なことに過ぎないとは思えず、依然として希望を抱いています。」
0x010000650000322B,9,146,Sordland/Turn01/Personal_Ball,Narrator,en,背後で、聞き覚えのある声がした。
0x010000650000323B,9,147,Sordland/Turn01/Personal_Ball,Bernard Circas,en,「おそらく今こそ、我々が長年育んできた革命の夢がついに現実となる時なのでしょう。」
0x0100006500003241,9,148,Sordland/Turn01/Personal_Ball,Player,en,「シルカスさん、ありがとう。政治的な見解の違いがあるにもかかわらず、ご祝辞を心から受け取る。」
0x0100006500003248,9,149,Sordland/Turn01/Personal_Ball,Player,en,「確かに素晴らしい成果だ。しかし本当の試練は今から始まるのではないだろうか？」
0x010000650000324F,9,150,Sordland/Turn01/Personal_Ball,Player,en,「お祝いの言葉を頂き、感謝している。だが、元赤旗青年団員同士として、我々の仕事はまだ始まったばかりだということをお互いよく理解している。」
0x0100006500003C60,9,157,Sordland/Turn01/Personal_Ball,Remus Holstron,en,「レイン大統領、マルーン宮殿で同じ『ソード青年団』の仲間を見られるなんて、私はどれほど嬉しいかお分かりになりません。」
0x0100006500003C6D,9,158,Sordland/Turn01/Personal_Ball,Remus Holstron,en,「確かにそうです。ですが、あの日々のことはまるで昨日のように今も覚えています。」
0x0100006500003C73,9,159,Sordland/Turn01/Personal_Ball,Remus Holstron,en,「ソード青年団であった者は一生ソード青年団のままだ。少なくとも、私はそう信じている。」
0x0100006500003C79,9,160,Sordland/Turn01/Personal_Ball,Player,en,「ホルストロンさん、ありがとう。共に過ごした過去が、より強固なソードランドを築くというこの道のりで我々を結びつけているのだ。」
0x0100006500003C80,9,161,Sordland/Turn01/Personal_Ball,Player,en,「我々はかつてのソード青年団時代から大きく成長したね、ホルストロンさん？」
0x0100006500003C87,9,162,Sordland/Turn01/Personal_Ball,Player,en,「この舞踏会で同じソード青年団の仲間を見られるほど嬉しい気持ちになるんです。」
0x0100006500003CB3,9,163,Sordland/Turn01/Personal_Ball,Narrator,en,客で埋め尽くされた場所を進んでいくと、目の前に屈強な人物が立っているのが見えた。それは「鉄壁」と呼ばれ、元ソード青年団のメンバーであり国民戦線党の中核人物でもあるレムス・ホルストロンだった。
0x0100006500003CBF,9,164,Sordland/Turn01/Personal_Ball,Narrator,en,群衆の中を進んでいると、見覚えのある人物が私の前に立ちはだかった。それは高名な詩人であり現在は国会議員でもあるベナード・シルカスだった。彼の顔には微妙な反抗の色が浮かんでいた。
0x0100006500003CCC,9,165,Sordland/Turn01/Personal_Ball,Player,en,「シルカスさん、ありがとう。我々二人とも、かつての赤旗青年団時代から大きく成長したね？」
0x0100006500003CD5,9,166,Sordland/Turn01/Personal_Ball,Bernard Circas,en,「その通りです、大統領。本当の仕事は今から始まるのです。」
0x0100006500003CDC,9,167,Sordland/Turn01/Personal_Ball,Bernard Circas,en,「その通りです、レイン大統領。一度赤旗青年団の一員になれば、生涯その身分は変わりません。」
0x0100006500003CE3,9,168,Sordland/Turn01/Personal_Ball,Bernard Circas,en,「ええ、その通りです。ですが、変わらないものもあるのですよね？」
0x0100006500003CF8,9,174,Sordland/Turn01/Personal_Ball,Bernard Circas,en,「あなたが大統領に就任された今、変革の風が我々のソードランドにどのように吹き荒れるのか、思わず気になってしまいます。」
0x0100006500003D06,9,175,Sordland/Turn01/Personal_Ball,Player,en,「革命だって、シルカスさん？ソードランドとその新しい大統領のためにも、平和的な革命であることを願う。」
0x0100006500003D0D,9,176,Sordland/Turn01/Personal_Ball,Player,en,「ベルナルド、君の考えはもしかすると正しいかもしれない。だが今夜は政治のことは脇に置いて、この夜を楽しもう。」
0x0100006500003D17,9,177,Sordland/Turn01/Personal_Ball,Player,en,「革命など関係ない、シルカスさん。今夜はソードランドが団結する夜だ。それを祝おう。」
0x0100006500003D23,9,178,Sordland/Turn01/Personal_Ball,Player,en,「ソードランドに必要なのは進歩であり、革命ではない。いかなる混乱も我々の発展の機会を危うくするだけだ。」
0x0100006500003D2B,9,179,Sordland/Turn01/Personal_Ball,Bernard Circas,en,「忘れてはなりません。太陽へと進むことは炎を招く行為であり、真の栄光は激しい危険を経ることによってのみ得られるのです。その光が我々全員を結びつけているのです。」
0x0100006500003D32,9,180,Sordland/Turn01/Personal_Ball,Bernard Circas,en,「その通りです。今夜は祝宴の夜であるべきです。しかし忘れてはならない、太陽に向かって進めば炎を招くことになり、真の栄光は激しい危険を経てのみ得られるのです。その光が我々全員を結びつけているのです。」
0x0100006500003D39,9,181,Sordland/Turn01/Personal_Ball,Bernard Circas,en,「統一というものは珍しい存在です、レイン大統領。忘れてはなりません——太陽へ向かって進めば炎が待ち受け、真の栄光はその激しい危険を乗り越えた時にのみ得られるのです。その光が我々全員を結びつけているのです。」
0x0100006500003D40,9,182,Sordland/Turn01/Personal_Ball,Bernard Circas,en,「忘れてはならない。太陽へと進むことは炎を招くことであり、真の栄光は激しい危険を経てのみ得られるのだ。その光が我々全員を結びつけている。」
0x0100006500003D47,9,183,Sordland/Turn01/Personal_Ball,Bernard Circas,en,「それがあなたの新しい役割の重みです。」
0x0100006500003D4D,9,184,Sordland/Turn01/Personal_Ball,Bernard Circas,en,「ソードランドにも同じことが起きるよう願おう。」
0x0100006500003D53,9,185,Sordland/Turn01/Personal_Ball,Bernard Circas,en,「我々は共にこの道のりを歩んでいくのです。」
0x0100006500003D59,9,186,Sordland/Turn01/Personal_Ball,Bernard Circas,en,「危険と進歩……それらはあなたが思うよりも深く結びついているのかもしれない。」
0x0100006500003D63,9,187,Sordland/Turn01/Personal_Ball,Bernard Circas,en,「レイン大統領、十分にお時間をいただきました。結局のところ、今夜はあなたの夜です。ご家族や友人、そして国の人々があなたを待っています。」
0x0100006500003D69,9,188,Sordland/Turn01/Personal_Ball,Player,en,「シルカスさん、ご教示いただき感謝する。良い夜を過ごしてくれ。」
0x0100006500003D70,9,189,Sordland/Turn01/Personal_Ball,Player,en,「よく言った、ベルナルド。中で会おう。」
0x0100006500003D77,9,190,Sordland/Turn01/Personal_Ball,Player,en,「シルカスさん、あなたは本当に言葉を使うのが上手だね。なぜあなたがヴルピッツァー賞を授与されたのか、よくわかる。」
0x0100006500003D7E,9,191,Sordland/Turn01/Personal_Ball,Narrator,en,それは単なる詩的表現に過ぎないのか？それとも、国内で渦巻く真の社会主義的思潮を反映したものなのか？
0x0100006500003D91,9,192,Sordland/Turn01/Personal_Ball,Narrator,en,ベナード・シルカスが群衆の中に消えていくのを見ていると、彼の言葉が私の心に響き続けていた。
0x0100006500003DA3,9,193,Sordland/Turn01/Personal_Ball,Bernard Circas,en,「また会う日まで。」
0x0100006500003DAE,9,194,Sordland/Turn01/Personal_Ball,Player,en,「ホルストロンさん、そのお気持ちに感謝する。この勝利はすべてのソードランドのものだ。」
0x0100006500003DB9,9,195,Sordland/Turn01/Personal_Ball,Remus Holstron,en,「あなたの勝利を聞いて、赤い血を持つすべてのソードランド人が喜んでいることは私にもわかります。」
0x0100006500003DBF,9,196,Sordland/Turn01/Personal_Ball,Remus Holstron,en,「ジェンでの街頭の乱闘から、マルーン宮殿での握手まで。」
0x0100006500003DD4,9,203,Sordland/Turn01/Personal_Ball,Remus Holstron,en,「『ソード青年団』で過ごした日々は、この国の真の精神について多くを教えてくれました。あなたもきっと同じだろう。」
0x0100006500003DDE,9,204,Sordland/Turn01/Personal_Ball,Remus Holstron,en,「ソードランドとは、火の中で鍛えられた鉄のようなものだ。献身の炎と秩序というハンマーによって強化されているのだ。」
0x0100006500003DE5,9,205,Sordland/Turn01/Personal_Ball,Player,en,「よく表現された、ホルストロンさん。我々の共通する過去と価値観が、強固なソードランドを築く上で役立つだろう。」
0x0100006500003DEC,9,206,Sordland/Turn01/Personal_Ball,Player,en,「新たな理想を受け入れることの重要性を忘れてはならない。」
0x0100006500003DF3,9,207,Sordland/Turn01/Personal_Ball,Player,en,「秩序と強さを重視するあなたの姿勢は私を不安にさせる。民主主義こそが我が国の核心であることを決して忘れてはならない。」
0x0100006500003DFA,9,208,Sordland/Turn01/Personal_Ball,Player,en,「あなたの見解には感謝するが、ソードランドの精神を真に称えるためには、強さと思いやりのバランスを取る必要があると考える。」
0x0100006500003E05,9,209,Sordland/Turn01/Personal_Ball,Remus Holstron,en,「国が混乱に陥った時、思いやりだけでは何の役にも立たない。揺るぎない強い統治力だけが必要なのだ。」
0x0100006500003E0B,9,210,Sordland/Turn01/Personal_Ball,Remus Holstron,en,「そうであってほしい。あの弱虫のアルフォンソには、リーダーシップの真の姿など全く分かっていなかった。」
0x0100006500003E11,9,211,Sordland/Turn01/Personal_Ball,Remus Holstron,en,「私は異なる見解です。大統領、民主主義は我が国の核心ではありません。それは隣国から模倣したものに過ぎません。」
0x0100006500003E17,9,212,Sordland/Turn01/Personal_Ball,Remus Holstron,en,「新しい理想を全面的に支持します。ただ、我々を支えてきた原則からあまりに逸脱してはならないのです。」
0x0100006500003E21,9,213,Sordland/Turn01/Personal_Ball,Remus Holstron,en,「どちらにせよ、我々二人とも忙しい任期を迎えるようですね。社会内の対立に対処するため、今、一連の法案を作成しています。」
0x0100006500003E27,9,214,Sordland/Turn01/Personal_Ball,Remus Holstron,en,「1866年であれ1928年であれ、一つだけ確かなことがあります。秩序がなければ混乱が生じるのです。」
0x0100006500003E2F,9,215,Sordland/Turn01/Personal_Ball,Remus Holstron,en,「ところで、ソードランドの移民法を厳格化するというあなたの約束について聞きました。」
0x0100006500003E36,9,216,Sordland/Turn01/Personal_Ball,Remus Holstron,en,我々の文化やアイデンティティが薄れてしまってはならない。彼らの言うように、「ソードランドはソードランド人のもの」だからだ。
0x0100006500003E3D,9,217,Sordland/Turn01/Personal_Ball,Player,en,「ご支援に感謝する。我々一同で、ソードランド人としてのアイデンティティを必ず守り抜く。」
0x0100006500003E44,9,218,Sordland/Turn01/Personal_Ball,Player,en,「法律の厳格化は、分裂を招くのではなく、我が国の調和を守ることを目的とすべきだ。」
0x0100006500003E4B,9,219,Sordland/Turn01/Personal_Ball,Player,en,「ああ、我が国の移民政策には厳格な規制が急務だ。しかし、団結と思いやりという我々の価値観を忘れてはならない。」
0x0100006500003E52,9,220,Sordland/Turn01/Personal_Ball,Player,en,「私は同意しない。多様性こそが文化や思想の豊かさを生み出すのだ。移民はむしろソードランドのアイデンティティをより強固なものにするだけだ。」
0x0100006500003E59,9,221,Sordland/Turn01/Personal_Ball,Player,en,「ホルストロンさん、我が国はこれまで常に他者を受け入れることで発展してきた。今こそその姿勢から背を向けてはならない。」
0x0100006500003E60,9,222,Sordland/Turn01/Personal_Ball,Player,en,「あまりに急いで大きく変えるつもりはなかった。だが、あなたの意見には賛成だ。将来的にはその法律を厳格化していきたいと考えている。」
0x0100006500003E93,9,223,Sordland/Turn01/Personal_Ball,Remus Holstron,en,「ところで、アルフォンソの緩い移民政策をそのまま続けるつもりだと聞きましたが？そんなはずはないでしょう。」
0x0100006500003E9A,9,224,Sordland/Turn01/Personal_Ball,Remus Holstron,en,「私と同じように、我が国のアイデンティティを守ることを重視してくれて嬉しいです。」
0x0100006500003EA5,9,225,Sordland/Turn01/Personal_Ball,Remus Holstron,en,「でも今夜は祝賀の夜ですよね？宮殿にいる権力者たち全員に、真の愛国者がどんなふうに力を発揮するか見せてやる時です。」
0x0100006500003EB2,9,226,Sordland/Turn01/Personal_Ball,Player,en,「そうだ、今夜は政治のことは脇に置こう。素敵な夜を過ごしてくれ。」
0x0100006500003EB9,9,227,Sordland/Turn01/Personal_Ball,Player,en,「私もそのつもりだ。優しいお言葉、ありがとう。」
0x0100006500003EC0,9,228,Sordland/Turn01/Personal_Ball,Player,en,「ホルストロンさん、やるべき仕事が山ほどある。あなたの提案を楽しみにしている。こんばんは。」
0x0100006500003ECA,9,229,Sordland/Turn01/Personal_Ball,Narrator,en,ソードランド国内で今なお渦巻くナショナリズムを映し出す存在として、彼はこれから我々が乗り越えていかなければならない複雑さや対立を強烈に思い起こさせるものであった。
0x0100006500003ED1,9,230,Sordland/Turn01/Personal_Ball,Narrator,en,レムス・ホルストロンが再び群衆の中に消えていくと、彼の別れの言葉が響き渡った。
0x0100006500003ED9,9,231,Sordland/Turn01/Personal_Ball,Remus Holstron,en,「またすぐ話しましょう。そして忘れないでください、鉄の大義を決して見失ってはならないということを。」
0x0100006500003EE0,9,232,Sordland/Turn01/Personal_Ball,Remus Holstron,en,「楽しみにしております、大統領。忘れないでください――一つのソードランド、一つの国家、一つの未来です。」
0x0100006500003EE7,9,233,Sordland/Turn01/Personal_Ball,Remus Holstron,en,「大統領、忘れてはなりません。一つのソードランド、一つの国家、一つの未来です。」
0x0100007400006D6E,9,235,Sordland/Turn01/Personal_Ball,Player,en,「私がソード青年団にいた日々は、とっくの昔に終わったのだ。」
0x0100007400006D76,9,236,Sordland/Turn01/Personal_Ball,Remus Holstron,en,「かつてソード青年団の一員だった者は、生涯その身分を離れない。少なくとも私はそう思っている。」
0x0100007400006D7D,9,237,Sordland/Turn01/Personal_Ball,Player,en,「久しぶりだね、シルカス同志。」
0x0100007400006D85,9,238,Sordland/Turn01/Personal_Ball,Bernard Circas,en,「確かにその通りです、レイン大統領。しかし一度赤旗青年団の一員となれば、生涯その身分は変わりません。」
0x010000520001E1A8,9,240,Sordland/Turn01/Personal_Ball,Narrator,en,彼は鋼のような視線を私に向けた後、すぐに笑顔を浮かべた。
0x010000040000D292,10,3,Sordland/Turn01/Ball Prep and Travel,Narrator,en,セルジュが私のためにドアを開けてくれた。いつも厳かなその宮殿は派手な横断幕で飾られ、まるで明るく見えるほどだった。その周りには光沢のある高級セダンが列をなして並んでいた。
0x010000040000D299,10,4,Sordland/Turn01/Ball Prep and Travel,Serge Wolkner,en,「実は……私の家族全員があなたに投票しました。」
0x010000040000D2A0,10,5,Sordland/Turn01/Ball Prep and Travel,Player,en,「セルジュ、君の家族を裏切るようなことはしない。」
0x010000040000D2A0,10,5,Sordland/Turn01/Ball Prep and Travel,Player,Menu Text en,「セルジュ、君の家族を裏切るようなことはしない。」
0x010000040000D2A7,10,6,Sordland/Turn01/Ball Prep and Travel,Player,en,「私も不安だよ、フランク。でも息子がそばにいれば、ずっと自信が持てるんだ。」
0x010000040000D2A7,10,6,Sordland/Turn01/Ball Prep and Travel,Player,Menu Text en,「私も不安だよ、フランク。でも息子がそばにいれば、ずっと自信が持てるんだ。」
0x010000040000D2AE,10,7,Sordland/Turn01/Ball Prep and Travel,Player,en,「ありがとう、あなたとご家族にも。皆さんの支えがあってこそ、私はここにいられる。」
0x010000040000D2AE,10,7,Sordland/Turn01/Ball Prep and Travel,Player,Menu Text en,「ありがとう、あなたとご家族にも。皆さんの支えがあってこそ、私はここにいられる。」
0x010000040000D2B5,10,8,Sordland/Turn01/Ball Prep and Travel,Monica,en,「大丈夫よ、あなた。彼らはあなたのお父さんやその家族に何も悪いことが起きないように見守りに来てくれてるの。」
0x010000040000D2BB,10,9,Sordland/Turn01/Ball Prep and Travel,Serge Wolkner,en,「私に感謝する必要はありません、大統領。我々全員の心に希望の光を灯してくださったのはあなたです。」
0x010000040000D2C2,10,10,Sordland/Turn01/Ball Prep and Travel,Serge Wolkner,en,「その点は疑いません、大統領。我々全員に希望の光をもたらしてくださったのはあなたです。」
0x010000040000D2C9,10,11,Sordland/Turn01/Ball Prep and Travel,Monica,en,「フランク、もう終わったの？行きましょう。車が待ってるわ。」
0x010000040000D2CF,10,12,Sordland/Turn01/Ball Prep and Travel,Narrator,en,突然、ディアナが後ろから私を抱きしめてきて、少し驚いた。モニカはリボンを編み込んだ精巧な三つ編みに髪をまとっていた。
0x010000040000D2D8,10,13,Sordland/Turn01/Ball Prep and Travel,Narrator,en,これまでの長い年月、彼女はずっと私のそばにいてくれた。今、我々は人生で最も困難な章を迎えようとしているのだ。
0x010000040000D2DF,10,14,Sordland/Turn01/Ball Prep and Travel,Deana,en,「パパ！ママがもう行く時間だって言ったの！」
0x010000040000D2E6,10,15,Sordland/Turn01/Ball Prep and Travel,Player,en,「そうか、サージュ。知ってよかった。」
0x010000040000D2E6,10,15,Sordland/Turn01/Ball Prep and Travel,Player,Menu Text en,「そうか、サージュ。知ってよかった。」
0x010000040000D2ED,10,16,Sordland/Turn01/Ball Prep and Travel,Franc,en,「もちろん、父さん。行きたくてうずうずしてるよ。」
0x010000040000D2F3,10,17,Sordland/Turn01/Ball Prep and Travel,Franc,en,「退屈な演説の合間に時間があればいいんだけどね。」
0x010000040000D2F9,10,18,Sordland/Turn01/Ball Prep and Travel,Narrator,en,彼女は肩をすくめた。
0x010000040000D2FF,10,19,Sordland/Turn01/Ball Prep and Travel,Player,en,「ああ、セルジュ。ありがとう。」
0x010000040000D2FF,10,19,Sordland/Turn01/Ball Prep and Travel,Player,Menu Text en,「ああ、セルジュ。ありがとう。」
0x010000040000D306,10,20,Sordland/Turn01/Ball Prep and Travel,Player,en,「ありがとう。セルジュ、今日は元気か？」
0x010000040000D306,10,20,Sordland/Turn01/Ball Prep and Travel,Player,Menu Text en,「ありがとう。本日はお元気か？」
0x010000040000D30D,10,21,Sordland/Turn01/Ball Prep and Travel,Serge Wolkner,en,「そう言っていただけて、いつも光栄です。」
0x010000040000D314,10,22,Sordland/Turn01/Ball Prep and Travel,Franc,en,「今ここにいるでしょ？」
0x010000040000D31A,10,23,Sordland/Turn01/Ball Prep and Travel,Serge Wolkner,en,「私はできる限りのことをしました。ですが今日はあなたの日です、大統領。今、あなたが指揮を執ってくださって嬉しいです。」
0x010000040000D321,10,24,Sordland/Turn01/Ball Prep and Travel,Franc,en,「うん。早く行けば早く終わるよね？」
0x010000040000D32B,10,26,Sordland/Turn01/Ball Prep and Travel,Player_Italic,en,私はうなずいた。
0x010000040000D32B,10,26,Sordland/Turn01/Ball Prep and Travel,Player_Italic,Menu Text en,うなずく
0x010000040000D332,10,27,Sordland/Turn01/Ball Prep and Travel,Deana,en,「パパ、変なこと言わないで！」
0x010000040000D33C,10,29,Sordland/Turn01/Ball Prep and Travel,Player,en,「ディアナ、こいつらは我々の友人だよ。」
0x010000040000D33C,10,29,Sordland/Turn01/Ball Prep and Travel,Player,Menu Text en,「ディアナ、こいつらは我々の友人だよ。」
0x010000040000D343,10,30,Sordland/Turn01/Ball Prep and Travel,Serge Wolkner,en,「大統領、こちらに参りました。道中、お楽しみいただけましたでしょうか。」
0x010000040000D34A,10,31,Sordland/Turn01/Ball Prep and Travel,Deana,en,「フランクはまだ上の階にいると思う。」
0x010000040000D350,10,32,Sordland/Turn01/Ball Prep and Travel,Narrator,en,セルジュはリムジンの防音壁を下ろした。
0x010000040000D357,10,33,Sordland/Turn01/Ball Prep and Travel,Narrator,en,ほんの数分しか経っていないように思えた後、車列は徐々に速度を落とし、やがて停止した。
0x010000040000D35E,10,34,Sordland/Turn01/Ball Prep and Travel,Player_Italic,en,私は彼女の髪を撫でた。
0x010000040000D35E,10,34,Sordland/Turn01/Ball Prep and Travel,Player_Italic,Menu Text en,彼女の髪を撫でる
0x010000040000D365,10,35,Sordland/Turn01/Ball Prep and Travel,Player,en,「お母様に、もうすぐ準備が整うと伝えてくれ。」
0x010000040000D365,10,35,Sordland/Turn01/Ball Prep and Travel,Player,Menu Text en,「お母様に、もうすぐ準備が整うと伝えてくれ。」
0x010000040000D36C,10,36,Sordland/Turn01/Ball Prep and Travel,Player,en,「こんにちは、あなた。私は準備ができた。あなたの兄さんはどこだ？」
0x010000040000D36C,10,36,Sordland/Turn01/Ball Prep and Travel,Player,Menu Text en,「こんにちは、あなた。私は準備ができた。あなたの兄さんはどこだ？」
0x010000040000D373,10,37,Sordland/Turn01/Ball Prep and Travel,Franc,en,「これ、かゆいんだ。」
0x010000040000D379,10,38,Sordland/Turn01/Ball Prep and Travel,Deana,en,「パパ、これからもこの人たちが私たちのそばにいるの？」
0x010000040000D37F,10,39,Sordland/Turn01/Ball Prep and Travel,Player,en,「この夜を存分に楽しもう。」
0x010000040000D37F,10,39,Sordland/Turn01/Ball Prep and Travel,Player,Menu Text en,「この夜を存分に楽しもう。」
0x010000040000D386,10,40,Sordland/Turn01/Ball Prep and Travel,Player,en,「モニカ、フランク、もうそんなに騒がないで！早く出発しよう！」
0x010000040000D386,10,40,Sordland/Turn01/Ball Prep and Travel,Player,Menu Text en,「モニカ、フランク、もうそんなに騒がないで！早く出発しよう！」
0x010000040000D38D,10,41,Sordland/Turn01/Ball Prep and Travel,Player,en,「これは私にとって非常に大切な意味を持っている。」
0x010000040000D38D,10,41,Sordland/Turn01/Ball Prep and Travel,Player,Menu Text en,「これは私にとって非常に大切な意味を持っている。」
0x010000040000D394,10,42,Sordland/Turn01/Ball Prep and Travel,Narrator,en,フランクは新しいタキシードの襟を引っ張っていた。彼は落ち着かない様子だった。
0x010000040000D39A,10,43,Sordland/Turn01/Ball Prep and Travel,Player_Italic,en,あなたは黙ったまま、ずっと窓の外を見ていた。
0x010000040000D39A,10,43,Sordland/Turn01/Ball Prep and Travel,Player_Italic,Menu Text en,黙っている
0x010000040000D3A1,10,44,Sordland/Turn01/Ball Prep and Travel,Player,en,「ダーリン！フランク！出発の時間だ。」
0x010000040000D3A1,10,44,Sordland/Turn01/Ball Prep and Travel,Player,Menu Text en,「ダーリン！フランク！出発の時間だ。」
0x010000040000D3A8,10,45,Sordland/Turn01/Ball Prep and Travel,Player,en,「その時が来ればわかるさ、ダーリン。」
0x010000040000D3A8,10,45,Sordland/Turn01/Ball Prep and Travel,Player,Menu Text en,「その時が来ればわかるさ、ダーリン。」
0x010000040000D3AF,10,46,Sordland/Turn01/Ball Prep and Travel,Narrator,en,フランクはうつむいたまま、不機嫌そうに床を見つめていた。
0x010000040000D3B5,10,47,Sordland/Turn01/Ball Prep and Travel,Monica,en,「きっとそうしてくれるわ、あなた。」
0x010000040000D3BB,10,48,Sordland/Turn01/Ball Prep and Travel,Player,en,「さて、私の第一夫人はどこだ？」
0x010000040000D3BB,10,48,Sordland/Turn01/Ball Prep and Travel,Player,Menu Text en,「さて、私の第一夫人はどこだ？」
0x010000040000D3C2,10,49,Sordland/Turn01/Ball Prep and Travel,Narrator,en,フランクは呆れたように目を転がした。
0x010000040000D3C9,10,50,Sordland/Turn01/Ball Prep and Travel,Player,en,「よし、出発しよう。」
0x010000040000D3C9,10,50,Sordland/Turn01/Ball Prep and Travel,Player,Menu Text en,「よし、行こう。」
0x010000040000D3D0,10,51,Sordland/Turn01/Ball Prep and Travel,Deana,en,「パパが全部直すのを手伝うね！」
0x010000040000D3D6,10,52,Sordland/Turn01/Ball Prep and Travel,Monica,en,「何があっても、私と子供たちはいつでもあなたのそばにいるからね。」
0x010000040000D3DC,10,53,Sordland/Turn01/Ball Prep and Travel,Player,en,「冗談など言っていない、息子よ。」
0x010000040000D3DC,10,53,Sordland/Turn01/Ball Prep and Travel,Player,Menu Text en,「冗談など言っていない、息子よ。」
0x010000040000D3E3,10,54,Sordland/Turn01/Ball Prep and Travel,Narrator,en,もうすぐ出発の時間だ。大規模な舞踏会が1時間もしないうちに始まる。
0x010000040000D3EE,10,56,Sordland/Turn01/Ball Prep and Travel,Deana,en,「うん、パパ。宮殿を見るのがすごく楽しみ！」
0x010000040000D3F4,10,57,Sordland/Turn01/Ball Prep and Travel,Narrator,en,彼女はくすくすと笑った。
0x010000040000D3FA,10,58,Sordland/Turn01/Ball Prep and Travel,Monica,en,「あなた、いろいろ考えすぎでしょう。でも今夜はゆっくりするべきよ。」
0x010000040000D400,10,59,Sordland/Turn01/Ball Prep and Travel,Monica,en,「ええ、本当に。これからも一緒にやり遂げることがたくさんあるわ。」
0x010000040000D406,10,60,Sordland/Turn01/Ball Prep and Travel,Player,en,「これまでに起きたことすべてを考えると、自分が正しい選択をしたのか疑問に思う。」
0x010000040000D406,10,60,Sordland/Turn01/Ball Prep and Travel,Player,Menu Text en,「これまでに起きたことすべてを考えると、自分が正しい選択をしたのか疑問に思う。」
0x010000040000D40D,10,61,Sordland/Turn01/Ball Prep and Travel,Player,en,「我々は共に長い道のりを歩んできたのだよね？」
0x010000040000D40D,10,61,Sordland/Turn01/Ball Prep and Travel,Player,Menu Text en,「我々は共に長い道のりを歩んできたのだよね？」
0x010000040000D414,10,62,Sordland/Turn01/Ball Prep and Travel,Player,en,「別に。いい車だな、そう思わないか？」
0x010000040000D414,10,62,Sordland/Turn01/Ball Prep and Travel,Player,Menu Text en,「別に。いい車だな、そう思わないか？」
0x010000040000D41B,10,63,Sordland/Turn01/Ball Prep and Travel,Player,en,「フランク、もう出発できるか？」
0x010000040000D41B,10,63,Sordland/Turn01/Ball Prep and Travel,Player,Menu Text en,「フランク、もう出発できるか？」
0x010000040000D422,10,64,Sordland/Turn01/Ball Prep and Travel,Franc,en,「来たよ！ここにいる！」
0x010000040000D428,10,65,Sordland/Turn01/Ball Prep and Travel,Franc,en,「四角い奴らだけのパーティーか。話す相手なんているわけないじゃん。」
0x010000040000D42E,10,66,Sordland/Turn01/Ball Prep and Travel,Monica,en,「アントン、何を考えてるの？」
0x010000040000D434,10,67,Sordland/Turn01/Ball Prep and Travel,Narrator,en,車までの途中で、フランクは突然立ち止まり、私の方を向いた。
0x010000040000D43A,10,68,Sordland/Turn01/Ball Prep and Travel,Player,en,「この特別な夜にあなたが我々と共にいてくれて嬉しい。」
0x010000040000D43A,10,68,Sordland/Turn01/Ball Prep and Travel,Player,Menu Text en,「この特別な夜にあなたが我々と共にいてくれて嬉しい。」
0x010000040000D441,10,69,Sordland/Turn01/Ball Prep and Travel,Player,en,「モニカ、愛しい人よ、我々が結婚したあの日と変わらず、あなたは本当に美しいね。」
0x010000040000D441,10,69,Sordland/Turn01/Ball Prep and Travel,Player,Menu Text en,「モニカ、愛しい人よ、我々が結婚したあの日と変わらず、あなたは本当に美しいね。」
0x010000040000D448,10,70,Sordland/Turn01/Ball Prep and Travel,Narrator,en,車列は宮殿に向かって進み始めた。私は窓の外を見つめながら、深く思索に耽っていた。
0x010000040000D44E,10,71,Sordland/Turn01/Ball Prep and Travel,Narrator,en,彼女はシンプルでありながら上品なベージュ色のワンピースと短いヒールの靴を身につけていた。髪はきちんとチニオンにまとめられ、我々の結婚15周年に贈った真珠のイヤリングが映えていた。
0x010000040000D455,10,72,Sordland/Turn01/Ball Prep and Travel,Narrator,en,赤と青のライトが周囲で点滅する中、大統領警護隊が道を案内してくれた。私の運転手であるセルジュが、我々を装甲リムジンに案内した。
0x010000040000D45B,10,73,Sordland/Turn01/Ball Prep and Travel,Narrator,en,モニカが階段を降りてきた。
0x010000040000D462,10,74,Sordland/Turn01/Ball Prep and Travel,Player,en,「私はどのように見えるか？」
0x010000040000D462,10,74,Sordland/Turn01/Ball Prep and Travel,Player,Menu Text en,「私はどのように見えるか？」
0x010000040000D469,10,75,Sordland/Turn01/Ball Prep and Travel,Player,en,「残念ながら、その通りだ。私の任期が終わるまで彼らは我々の側を離れることはできない。いずれ慣れるよ。」
0x010000040000D469,10,75,Sordland/Turn01/Ball Prep and Travel,Player,Menu Text en,「残念ながら、その通りだ。私の任期が終わるまで彼らは我々の側を離れることはできない。いずれ慣れるよ。」
0x010000040000D470,10,76,Sordland/Turn01/Ball Prep and Travel,Monica,en,「さあ、あなたを当選させたあの魅力よね。」
0x010000040000D476,10,77,Sordland/Turn01/Ball Prep and Travel,Player,en,「ああ。ソードランドで最も重要な家族には、より強固な保護が必要だ！」
0x010000040000D476,10,77,Sordland/Turn01/Ball Prep and Travel,Player,Menu Text en,「ああ。ソードランドで最も重要な家族には、より強固な保護が必要だ！」
0x010000040000D47D,10,78,Sordland/Turn01/Ball Prep and Travel,Monica,en,「こんにちは、大統領。」
0x010000040000D483,10,79,Sordland/Turn01/Ball Prep and Travel,Narrator,en,彼女は家の入口にいる大統領警護隊を指差した。
0x010000040000D489,10,80,Sordland/Turn01/Ball Prep and Travel,Narrator,en,フランクはしばらくの間、黙っていた。
0x010000040000D48F,10,81,Sordland/Turn01/Ball Prep and Travel,Franc,en,「わかった。ごめんな...」
0x010000040000D495,10,82,Sordland/Turn01/Ball Prep and Travel,Player,en,「もう一度、私を待たせないでくれ。」
0x010000040000D495,10,82,Sordland/Turn01/Ball Prep and Travel,Player,Menu Text en,「もう一度、私を待たせないでくれ。」
0x010000040000D49C,10,83,Sordland/Turn01/Ball Prep and Travel,Player,en,「きっと気に入るよ、息子よ。一緒に踊れる美しい娘たちもたくさんいるはずだ…」
0x010000040000D49C,10,83,Sordland/Turn01/Ball Prep and Travel,Player,Menu Text en,「きっと気に入るよ、息子よ。一緒に踊れる美しい娘たちもたくさんいるはずだ…」
0x010000040000D4A3,10,84,Sordland/Turn01/Ball Prep and Travel,Monica,en,「もういいでしょ、フランク。前にも同じこと言ったじゃない。」
0x010000040000D4A9,10,85,Sordland/Turn01/Ball Prep and Travel,Narrator,en,フランクは階段をゆっくりと降りていった。
0x010000040000D4B0,10,86,Sordland/Turn01/Ball Prep and Travel,Franc,en,「うん、わかってる。ごめん。ちょっと運を試してみたかっただけ。」
0x010000040000D4B6,10,87,Sordland/Turn01/Ball Prep and Travel,Narrator,en,モニカはディアナの手を握っていた。我々は一緒に、護衛たちに囲まれながらドアから外へと歩み出した。
0x010000040000D4BC,10,88,Sordland/Turn01/Ball Prep and Travel,Franc,en,「まあ、他に選択肢はないみたいだな。」
0x010000040000D4C9,10,89,Sordland/Turn01/Ball Prep and Travel,Player,en,「怒らせないでくれ、フランク。」
0x010000040000D4C9,10,89,Sordland/Turn01/Ball Prep and Travel,Player,Menu Text en,「怒らせないでくれ、フランク。」
0x010000040000D4D8,10,92,Sordland/Turn01/Ball Prep and Travel,Narrator,en,フランクはしぶしぶ微笑んだ。
0x010000040000D4DE,10,93,Sordland/Turn01/Ball Prep and Travel,Franc,en,「そう言われたら…うん、行こう。」
0x010000040000D4E4,10,94,Sordland/Turn01/Ball Prep and Travel,Narrator,en,フランクが急いで階段を駆け下りてきた。
0x010000040000D4EB,10,95,Sordland/Turn01/Ball Prep and Travel,Monica,en,「まるでソードランドの第4代大統領みたいね。」
0x010000040000D4F1,10,96,Sordland/Turn01/Ball Prep and Travel,Player,en,「一体フランクはどこだ？フランク！」
0x010000040000D4F1,10,96,Sordland/Turn01/Ball Prep and Travel,Player,Menu Text en,「一体フランクはどこだ？フランク！」
0x010000040000D4F8,10,97,Sordland/Turn01/Ball Prep and Travel,Franc,en,「父さん、本当に行かなきゃダメなの？家にいた方がいいんじゃない？」
0x010000040000D4FE,10,98,Sordland/Turn01/Ball Prep and Travel,Player,en,「これは私のために開かれるパーティーなんだ！父親を応援したくないのか？」
0x010000040000D4FE,10,98,Sordland/Turn01/Ball Prep and Travel,Player,Menu Text en,「これは私のために開かれるパーティーなんだ！父親を応援したくないのか？」
0x0100000E00000120,10,99,Sordland/Turn01/Ball Prep and Travel,Player_Italic,en,彼女は手袋をはめた手を差し出し、私はそれを自分の唇に運んだ。
0x0100000E00000120,10,99,Sordland/Turn01/Ball Prep and Travel,Player_Italic,Menu Text en,彼女の手にキスをする
0x0100000E00000127,10,100,Sordland/Turn01/Ball Prep and Travel,Player_Italic,en,私は彼女を強く抱きしめた。
0x0100000E00000127,10,100,Sordland/Turn01/Ball Prep and Travel,Player_Italic,Menu Text en,彼女を抱きしめる
0x0100000E0000012E,10,101,Sordland/Turn01/Ball Prep and Travel,Player_Italic,en,私はそこに立ち、妻を上から下まで見回した。
0x0100000E0000012E,10,101,Sordland/Turn01/Ball Prep and Travel,Player_Italic,Menu Text en,その場に立って、彼女を見ていればいい
0x0100000E00000141,10,102,Sordland/Turn01/Ball Prep and Travel,Player,en,「いつか、あの若者たちをあなたから引き離さなければならないだろう。」
0x0100000E00000141,10,102,Sordland/Turn01/Ball Prep and Travel,Player,Menu Text en,「いつか、あの若者たちをあなたから引き離さなければならないだろう。」
0x0100000E0000014A,10,103,Sordland/Turn01/Ball Prep and Travel,Player,en,「いつかあなたも大統領になれるかもしれないのよ、知っている？」
0x0100000E0000014A,10,103,Sordland/Turn01/Ball Prep and Travel,Player,Menu Text en,「いつかあなたも大統領になれるかもしれないのよ、知っている？」
0x0100000E00000152,10,104,Sordland/Turn01/Ball Prep and Travel,Deana,en,「あなたみたいに年を取ってからでないと！」
0x010000040000D5A5,11,3,Sordland/Turn01/Shooting,Narrator,en,ソードランド警察の責任者であるカール・グライザーは、装飾入り制服を着た他の3人の警官と共に我々の方へ駆けてきた。彼らは全員が銃を構えていた。
0x010000040000D5AB,11,4,Sordland/Turn01/Shooting,Petr Vectern,en,<shout>「いやだ！銃声がする！！！」</shout>
0x010000040000D5B2,11,5,Sordland/Turn01/Shooting,Narrator,en,彼が我々のもとに到着し、我々が無事であることを確認すると、安堵の大きなため息をついた。
0x010000040000D5B8,11,6,Sordland/Turn01/Shooting,Narrator,en,モニカは依然としてディアナの世話をしようとしていたが、フランクは部屋の中を行き来しながら、家に留まるべきだったとつぶやいていた。
0x010000040000D5BE,11,7,Sordland/Turn01/Shooting,Narrator,en,モニカはその言葉を聞くなり、席から飛び上がった。
0x010000040000D5C5,11,8,Sordland/Turn01/Shooting,Karl Greiser,en,「申し訳ありません、大統領。何が起きているのかを突き止め次第、私が直々に宮殿警備隊に関する調査を行います。無能な者たちに対しては断固とした対応を取ることをお約束します。」
0x010000040000D5CB,11,9,Sordland/Turn01/Shooting,Karl Greiser,en,「彼は国会議員に向かって3発撃ちました――1発は頭部、2発は胴体に当たり、即座にその男を殺害したのです。」
0x010000040000D5D1,11,10,Sordland/Turn01/Shooting,Petr Vectern,en,「なんて最悪な夜だ。」
0x010000040000D5D7,11,11,Sordland/Turn01/Shooting,Karl Greiser,en,「宮殿の大統領警護隊は即座に攻撃者を射殺しました。その人物の身元はまだ判明しておらず、調査が必要です。」
0x010000040000D5DD,11,12,Sordland/Turn01/Shooting,Player,en,<shout>「伏せてくれ！」</shout>
0x010000040000D5DD,11,12,Sordland/Turn01/Shooting,Player,Menu Text en,「伏せろ！」
0x010000040000D5E4,11,13,Sordland/Turn01/Shooting,Karl Greiser,en,「撃殺された議員はベナード・シルカスであると判明しました。」
0x010000040000D5EB,11,14,Sordland/Turn01/Shooting,Narrator,en,部屋の中は静まり返った。ペトルは何か言いそうだったようだったが、私の一瞥で言葉を飲み込んだ。
0x010000040000D5F1,11,15,Sordland/Turn01/Shooting,Petr Vectern,en,「アントン、これは甚大な問題だ。多くの困難が生じるだろう。」
0x010000040000D5F7,11,16,Sordland/Turn01/Shooting,Player_Italic,en,私はモニカ、ディアナ、フランクの上に身を投げて彼らを守った。
0x010000040000D5F7,11,16,Sordland/Turn01/Shooting,Player_Italic,Menu Text en,モニカと子供たちを守る
0x010000040000D5FF,11,17,Sordland/Turn01/Shooting,Petr Vectern,en,「多くの問題が……」
0x010000040000D605,11,18,Sordland/Turn01/Shooting,Monica,en,<shout>「アントン、子供たちよ！」</shout>
0x010000040000D60B,11,19,Sordland/Turn01/Shooting,Narrator,en,ペトルはタバコを二本取り出し、一本を私に渡した。そしてエヴリンの方を向いた。彼がすべてうまくいくと彼女を安心させようとしている声が聞こえた。
0x010000040000D611,11,20,Sordland/Turn01/Shooting,Narrator,en,我々はすぐにカールに続いて、宮殿の入り組んだホールや廊下を進んだ。彼の部下たちは依然として銃を構えており、それが緊張を和らげることはなかった。その途中でペトルが沈黙を破ろうと試みた。
0x010000040000D617,11,21,Sordland/Turn01/Shooting,Karl Greiser,en,「これが現時点で分かっていることです。宮殿の前で二人が銃撃されたことは確認しています。犯人はそのうちの一人で、単独で行動していたと考える理由があります。」
0x010000040000D61F,11,22,Sordland/Turn01/Shooting,Narrator,en,モニカ、ディアナ、フランクの三人は懇願するような目で私を見つめた。私は急いで彼女たちを守ろうとした。
0x010000040000D625,11,23,Sordland/Turn01/Shooting,Karl Greiser,en,「ご命令の通りにいたします、大統領。」
0x010000040000D62B,11,24,Sordland/Turn01/Shooting,Narrator,en,彼は部屋のより静かな隅を指し示し、もっと静かに話し始めた。
0x010000040000D631,11,25,Sordland/Turn01/Shooting,Karl Greiser,en,「心配しないでください。状況はすでに収拾されています。私についてきてください。」
0x010000040000D637,11,26,Sordland/Turn01/Shooting,Narrator,en,私の怒鳴り声のせいで、ディアナは再び泣き出してしまった。
0x010000040000D63D,11,27,Sordland/Turn01/Shooting,Narrator,en,カールは壁のスイッチを入れるとパネルが開き、大きな頑丈なドアへと続く隠し階段が現れた。その中では非常灯がちらつき始めていた。隠し部屋は快適で広々としており、高価そうな革製のソファが置かれていた。
0x010000040000D643,11,28,Sordland/Turn01/Shooting,Karl Greiser,en,「もしよろしければ、大統領。」
0x010000040000D649,11,29,Sordland/Turn01/Shooting,Deana,en,「パパ！何が起こってるの！？」
0x010000040000D64F,11,30,Sordland/Turn01/Shooting,Karl Greiser,en,「ポール、ヤンセン、私についてきなさい。彼らを安全な部屋へ連れて行くのだ。」
0x010000040000D655,11,31,Sordland/Turn01/Shooting,Franc,en,「やっぱりだ！来るんじゃなかった！」
0x010000040000D65B,11,32,Sordland/Turn01/Shooting,Player,en,<shout>「お前たちの身のためにもそうした方がいい。状況の更新だ！」</shout>
0x010000040000D65B,11,32,Sordland/Turn01/Shooting,Player,Menu Text en,「自分の身のためにも黙っていた方がいい。状況報告を！」
0x010000040000D662,11,33,Sordland/Turn01/Shooting,Player,en,「よろしい。では、何が起きているのか？」
0x010000040000D662,11,33,Sordland/Turn01/Shooting,Player,Menu Text en,「よろしい。では、何が起きているのか？」
0x010000040000D669,11,34,Sordland/Turn01/Shooting,Narrator,en,彼はモニカ、エヴリン、そして子供たちの方をちらりと見た。
0x010000040000D66F,11,35,Sordland/Turn01/Shooting,Narrator,en,彼は今度はモニカ、エヴリン、そして子供たちの方を向き、より優しい声で話した。
0x010000040000D675,11,36,Sordland/Turn01/Shooting,Narrator,en,混乱が起こり、一部の来客はテーブルの下に身を隠し、他の者たちは叫びながらドアの方へ走っていった。ディアナは涙を流し始め、フランクは自分の目に浮かぶ恐怖を隠しながら彼女を慰めようとした。
0x010000040000D67B,11,37,Sordland/Turn01/Shooting,Karl Greiser,en,「いえ、大統領。」
0x010000040000D681,11,38,Sordland/Turn01/Shooting,Karl Greiser,en,「良い知らせです。現在、我々は何の危険にもさらされていません。事態はすでに収拾され、周辺地域も憲兵隊と警察によって確実に封鎖されています。」
0x010000040000D687,11,39,Sordland/Turn01/Shooting,Narrator,en,さらに3発の銃声が大きく響き渡った。
0x010000040000D68D,11,40,Sordland/Turn01/Shooting,Karl Greiser,en,「とんでもありません、大統領。」
0x010000040000D693,11,41,Sordland/Turn01/Shooting,Narrator,en,角を曲がろうとしたその時、カールは真剣な表情で我々の方を向いた。
0x010000040000D699,11,42,Sordland/Turn01/Shooting,Karl Greiser,en,「大統領！ご無事ですか？」
0x010000040000D6A0,11,43,Sordland/Turn01/Shooting,Player,en,「もう一度言ってくれ。」
0x010000040000D6A0,11,43,Sordland/Turn01/Shooting,Player,Menu Text en,「もう一度言ってくれ。」
0x010000040000D6A7,11,44,Sordland/Turn01/Shooting,Player,en,<shout>「では、なぜこの見世物が私の舞踏会で行われたのか説明してみろ。」</shout>
0x010000040000D6A7,11,44,Sordland/Turn01/Shooting,Player,Menu Text en,「では、なぜ私の舞踏会でこんな馬鹿げた騒動が起きたのか説明しろ。」
0x010000040000D6AE,11,45,Sordland/Turn01/Shooting,Karl Greiser,en,「少々お待ちください、大統領。」
0x010000040000D6B4,11,46,Sordland/Turn01/Shooting,Player,en,「叫んでしまって申し訳ない、カール。今は少しおびえているだけだ。」
0x010000040000D6B4,11,46,Sordland/Turn01/Shooting,Player,Menu Text en,「叫んでしまって申し訳ない、カール。今は少しおびえているだけだ。」
0x010000040000D6BB,11,47,Sordland/Turn01/Shooting,Karl Greiser,en,私は完全に理解しておる、閣下。私が直接宮殿の警備部隊について調査を行い、無能な者たちに対して断固とした対処をすることをお約束する。
0x010000040000D6C1,11,48,Sordland/Turn01/Shooting,Narrator,en,カールの無線機から突然音声が聞こえてきた。受信機に耳を当てたまま、一秒一秒が永遠のように感じられた。音が止んだとき、彼は我々の方を向いた。
0x010000040000D6C7,11,49,Sordland/Turn01/Shooting,Player,en,「少しは口を閉ざしてくれないか？」
0x010000040000D6C7,11,49,Sordland/Turn01/Shooting,Player,Menu Text en,「少しは口を閉ざしてくれないか？」
0x010000040000D6CE,11,50,Sordland/Turn01/Shooting,Karl Greiser,en,「大統領、もうすぐ確認の連絡が来るはずです。すべては制御下にあります。」
0x010000040000D6D4,11,51,Sordland/Turn01/Shooting,Player,en,「しーっ。今はだめだ、ペトル。」
0x010000040000D6D4,11,51,Sordland/Turn01/Shooting,Player,Menu Text en,「しーっ。今はだめだ、ペトル。」
0x010000040000D6DB,11,52,Sordland/Turn01/Shooting,Player,en,「まだ終わっていない。」
0x010000040000D6DB,11,52,Sordland/Turn01/Shooting,Player,Menu Text en,「まだ終わっていない。」
0x010000040000D6E2,11,53,Sordland/Turn01/Shooting,Narrator,en,ペトルは緊張した笑い声を上げた。
0x010000040000D6E8,11,54,Sordland/Turn01/Shooting,Player,en,「では、現在の状況はどうなっているのか？」
0x010000040000D6E8,11,54,Sordland/Turn01/Shooting,Player,Menu Text en,「では、現在の状況はどうなっているのか？」
0x010000040000D6EF,11,55,Sordland/Turn01/Shooting,Narrator,en,壁に設置された小型の監視モニターには、宮殿内の各部屋の粗い映像が映し出されていた。そこには会議室と、数ヶ月分の食料を蓄えられる貯蔵庫があった。モニカとエブリンは子供たちを座らせ、涙を拭き始めた。
0x010000040000D6F5,11,56,Sordland/Turn01/Shooting,Karl Greiser,en,「大統領、もうすぐ確認の連絡が来るはずです。すべては制御下にあります。」
0x010000040000D6FB,11,57,Sordland/Turn01/Shooting,Player,en,「周囲を確認しろ。」
0x010000040000D6FB,11,57,Sordland/Turn01/Shooting,Player,Menu Text en,「周囲を確認しろ。」
0x010000040000D702,11,58,Sordland/Turn01/Shooting,Karl Greiser,en,「神様に感謝します。」
0x010000040000D708,11,59,Sordland/Turn01/Shooting,Narrator,en,彼は素早く部下たちの方を振り向いた。
0x010000040000D70E,11,60,Sordland/Turn01/Shooting,Karl Greiser,en,「静かにしてください。」
0x010000040000D714,11,61,Sordland/Turn01/Shooting,Player,en,「我々は攻撃を受けているのか？誰が我々を攻撃しているのだ？何が起こっているんだ！？」
0x010000040000D714,11,61,Sordland/Turn01/Shooting,Player,Menu Text en,「我々は攻撃を受けているのか？誰が我々を攻撃しているのだ？何が起こっているんだ！？」
0x010000040000D71B,11,62,Sordland/Turn01/Shooting,Karl Greiser,en,「すぐに周囲を確認しろ！」
0x010000040000D721,11,63,Sordland/Turn01/Shooting,Narrator,en,カールは我々から離れて数回無線で連絡を取った。用事が終わると、再び私とペトルのもとに戻ってきた。
0x010000040000D727,11,64,Sordland/Turn01/Shooting,Player,en,「状況報告だ！」
0x010000040000D727,11,64,Sordland/Turn01/Shooting,Player,Menu Text en,「状況報告だ！」
0x010000040000D72E,11,65,Sordland/Turn01/Shooting,Player,en,「今まで出席した就任式の舞踏会の中では最も良くなかった。」
0x010000040000D72E,11,65,Sordland/Turn01/Shooting,Player,Menu Text en,「今まで出席した就任式の舞踏会の中では最も良くなかった。」
0x010000040000D735,11,66,Sordland/Turn01/Shooting,Player,en,「一体何が起きているんだ？！」
0x010000040000D735,11,66,Sordland/Turn01/Shooting,Player,Menu Text en,「一体何が起きているんだ？！」
0x010000040000D73C,11,67,Sordland/Turn01/Shooting,Player,en,「我々は攻撃を受けているのか？誰が我々を攻撃しているのだ？何が起こっているんだ！？」
0x010000040000D73C,11,67,Sordland/Turn01/Shooting,Player,Menu Text en,「我々は攻撃を受けているのか？誰が我々を攻撃しているのだ？何が起こっているんだ！？」
0x010000040000D743,11,68,Sordland/Turn01/Shooting,Evelyn Vectern,en,「ペトル、黙れ。」
0x010000040000D74A,11,69,Sordland/Turn01/Shooting,Player,en,<shout>「ではカール、教えてくれ。私の警備隊には道化師がいるのか？」</shout>
0x010000040000D74A,11,69,Sordland/Turn01/Shooting,Player,Menu Text en,「ではカール、教えてくれ。私の警備隊には道化師がいるのか？」
0x010000040000D751,11,70,Sordland/Turn01/Shooting,Narrator,en,私が声を上げると、彼は敬意を表して頭を下げた。
0x010000040000D757,11,71,Sordland/Turn01/Shooting,Petr Vectern,en,「申し訳ありません、緊張すると話してしまうんです。」
0x0100000E000000B8,11,72,Sordland/Turn01/Shooting,Player_Italic,en,私は妻と子供たちの隣に座った。
0x0100000E000000B8,11,72,Sordland/Turn01/Shooting,Player_Italic,Menu Text en,モニカと子供たちを慰めてあげて
0x0100000E000000C6,11,73,Sordland/Turn01/Shooting,Player_Italic,en,私はタバコに火をつけ、深く一服した。
0x0100000E000000C6,11,73,Sordland/Turn01/Shooting,Player_Italic,Menu Text en,煙だけを
0x0100000E000000D0,11,74,Sordland/Turn01/Shooting,Player,en,「ペトル、古い友よ、我々は一体何に巻き込まれてしまったんだ？」
0x0100000E000000D0,11,74,Sordland/Turn01/Shooting,Player,Menu Text en,「ペトル、古い友よ、我々は一体何に巻き込まれてしまったんだ？」
0x0100000E000000D7,11,75,Sordland/Turn01/Shooting,Player,en,「二度とこんなことは起こらない。必ずそうしよう。」
0x0100000E000000D7,11,75,Sordland/Turn01/Shooting,Player,Menu Text en,「二度とこんなことは起こらない。必ずそうしよう。」
0x0100000E000000EC,11,76,Sordland/Turn01/Shooting,Narrator,en,喫煙を続けているうちに、不思議と落ち着きが訪れた。
0x0100000E000000F3,11,77,Sordland/Turn01/Shooting,Monica,en,「もう何が起こるかなんてわからないわ、アントン。」
0x0100000E000000F3,11,77,Sordland/Turn01/Shooting,Monica,Menu Text en,「もう何が起こるかなんてわからないわ、アントン。」
0x0100000E000000FB,11,78,Sordland/Turn01/Shooting,Narrator,en,私はタバコに火をつけ、深く一服した。何があっても最後までやり遂げ、家族を守り抜こうと思ったのだ。
0x0100000E00000102,11,79,Sordland/Turn01/Shooting,Narrator,en,私はこれを最後までやり遂げるつもりだった。
0x0100000E0000010B,11,80,Sordland/Turn01/Shooting,Petr Vectern,en,「アントン、君と私なら何とかできるさ。」
0x0100000E00000112,11,81,Sordland/Turn01/Shooting,Narrator,en,私はタバコに火をつけ、深く一服した。我々はこれを最後までやり遂げるのだ。
0x010000030005350A,11,82,Sordland/Turn01/Shooting,Player,en,「我々は安全だ。すべてがうまくいくように私が責任を持つ。」
0x010000030005350A,11,82,Sordland/Turn01/Shooting,Player,Menu Text en,「我々は安全だ。すべてがうまくいくように私が責任を持つ。」
0x010000000000670F,277,3,Sordland/Prologue,Player,en,...ラハベンの街にある裕福な家庭から来た。
0x0100000000006715,277,4,Sordland/Prologue,Player,en,...ホルソードの街に住む中流家庭から来た。
0x010000000000671B,277,5,Sordland/Prologue,Player,en,...デイルという街の貧しい家庭から来た。
0x0100000000006727,277,6,Sordland/Prologue,Narrator,en,"あなたはこの世界の目を開けた。 

あなたは……からやって来た。"
0x0100000000006727,277,6,Sordland/Prologue,Narrator,Menu Text en,1908|ソードランド王国
0x0100000000006733,277,7,Sordland/Prologue,Narrator,en,"あなたの両親はあなたにアントンという名前を付けた。成功した実業家の一人息子として、あなたは裕福な家庭で育つ機会に恵まれた。

最初の頃は生活が楽で、お金で買える最良の教育を受けることができた。 

しかし、あなたの父親がいないことでレイン家の状況は変わってしまった。それがあなたの母親やあなた自身に悪影響を及ぼしたのだった。"
0x0100000000006739,277,8,Sordland/Prologue,Narrator,en,"あなたの両親はあなたにアントンという名前を付けた。勤勉な公務員の一人息子として、あなたはごく普通の幼少時代を過ごした。

生活は悪くなかった。あなたは有名な公立学校に通えるほど幸運だった。

しかし、レイン家では頻繁に争いが起こり、それがあなたを不安にさせていた。"
0x010000000000673F,277,9,Sordland/Prologue,Narrator,en,"あなたの両親はあなたにアントンという名前を付けた。農夫の一人息子として、あなたは幼少期を小麦畑の中で過ごした。

生活は決して楽ではなかった。あなたたちは貧しくて、質の高い教育を受ける余裕がなかった。

レイン家は、経済的に非常に厳しい状況にあっても常に思いやりを持って接してくれた。あなたの両親も、あなたを支えるために常に最善を尽くしていた。"
0x0100000000006745,277,10,Sordland/Prologue,Narrator,en,"学校の歴史の授業中に、突然鐘の音が鳴り始めた。外で大きな騒ぎ声が聞こえてきた。

皆が何が起きているのか理解しようとしている間に、校長は歴史的な革命が起こったと発表した。 

王国はもはや存在しなくなった。ソードランド共和国が誕生したのだった。"
0x0100000000006745,277,10,Sordland/Prologue,Narrator,Menu Text en,1923|9月9日
0x0100000000006784,277,11,Sordland/Prologue,Player,en,あなたはその状況を完全には理解できなかった。
0x010000000000678A,277,12,Sordland/Prologue,Player,en,あなたはその日が休日だったことに喜んでいた。
0x0100000000006790,277,13,Sordland/Prologue,Player,en,あなたは少し心配になっていた。
0x01000000000067BC,277,14,Sordland/Prologue,Narrator,en,"卒業後、あなたは大学入試に高得点で合格した。

あなたにはいくつかの進路の中から選ぶ機会があった。あなたは……を選んだ。"
0x01000000000067BC,277,14,Sordland/Prologue,Narrator,Menu Text en,1926年
0x01000000000067C8,277,15,Sordland/Prologue,Player,en,...ホルソード国立大学で法学を学ぶことを選んだ。
0x01000000000067CE,277,16,Sordland/Prologue,Player,en,...ラハベン経営大学での経済学を選んだ。
0x01000000000067D4,277,17,Sordland/Prologue,Player,en,...デイル文化大学で歴史学を学ぶ道を選んだ。
0x01000000000067DD,277,18,Sordland/Prologue,Narrator,en,"最初の年に、あなたはデイヴィド・ウィスキと一緒に講義を受けた。彼は外務省出身の有名な外交官であり、大統領の息子でもあった。

静かに会場の様子を見渡した後、彼はなぜ市場経済がソードランドにとってより良い選択肢であるのかを説明した。

彼は、商品やサービスの価格を自由市場によって決定する制度を主張した。"
0x01000000000067E5,277,19,Sordland/Prologue,Narrator,en,"最初の年に、あなたはデイヴィド・ウィスキと一緒に講義を受けた。彼は外務省出身の有名な外交官であり、大統領の息子でもあった。

静かに会場の様子を見守った後、彼はソードランドにおいて最高裁判所がどのように正義の実現を妨げているかを説明した。 

彼は、法律は公平に適用されるべきであり、最高裁判所の判事たちであっても同じ法律の拘束を受けると述べた。"
0x01000000000067EC,277,20,Sordland/Prologue,Narrator,en,"最初の年に、あなたはデイヴィド・ウィスキと一緒に講義を受けた。彼は外務省出身の有名な外交官であり、大統領の息子でもあった。

静かに会場を見回した後、彼は成功する外交政策にとってリアルポリティクがなぜ重要かを説明した。

彼は、現実的かつ物的要因に基づく戦略の方が、ソードランドの野心を達成する上ではるかに成功しやすいと主張した。"
0x0100000000006810,277,21,Sordland/Prologue,Narrator,en,"最初の選挙を前に、兵士たちが夕方にキャンパス内に入ってきた。

制服を着た男たちが警戒線を張って教師たちを逮捕し始めたため、多くの人々が衝撃を受けた。 

数人の学生たちが抗議のために集まり始めた。あなたの親友であるペトル・ベクターンと共に、あなたは……することに決めた。"
0x0100000000006810,277,21,Sordland/Prologue,Narrator,Menu Text en,1927|5月22日
0x0100000000006835,277,22,Sordland/Prologue,Player,en,...生徒たちと共に抗議した。
0x010000000000683B,277,23,Sordland/Prologue,Player,en,…対立を避けるためだ。
0x010000000000694A,277,30,Sordland/Prologue,Narrator,en,"将校の一人が大声で宣言し、その声はキャンパス中に響き渡った。

「ルデリン将軍は政権を回復させるために戒厳令を宣言した。どうか後ろに下がり、各自の部屋に戻ってください。」

あなたは、ゆっくりと兵士たちの大集団に向かって行進する学生たちに加わった。"
0x0100000000006950,277,31,Sordland/Prologue,Narrator,en,"キャンパス中に響き渡る大きなアナウンス声が聞こえた。

「ルデリン将軍は政権を回復させるために戒厳令を宣言した。どうか後ろに下がり、各自の部屋に戻ってください。」

あなたは急いでその光景を避けながら、寮の方へと向かった。"
0x0100000000006990,277,41,Sordland/Prologue,Narrator,en,"逮捕された教師たちの代わりに、国家への服従を促す者たちが配置された。

ホルソードは起きていることを見過ごしていた。

あなたも何もせずにいるわけにはいかず、参加することにしたのだ。"
0x0100000000006990,277,41,Sordland/Prologue,Narrator,Menu Text en,1927|10月10日
0x0100000000006996,277,42,Sordland/Prologue,Narrator,en,"学生や教師の大半が反対の意を示した。

そのため、ラハベンは軍事政権の標的となった。

あなたも何もせずにいるわけにはいかず、参加することにしたのだ。"
0x0100000000006996,277,42,Sordland/Prologue,Narrator,Menu Text en,1927|10月10日
0x010000000000699C,277,43,Sordland/Prologue,Narrator,en,"そのクーデターによって学生たちは二つのグループに分かれ、頻繁に争いが起こった。 

デイルでは、反対意見を持つ者への拷問や投獄が日常的な光景となっていた。

あなたも何もせずにいるわけにはいかず、参加することにしたのだ。"
0x010000000000699C,277,43,Sordland/Prologue,Narrator,Menu Text en,1927|10月10日
0x01000000000069CF,277,44,Sordland/Prologue,Player,en,ホルソードはそこで起きている出来事を見過ごしていた。我々も何もしないでいるわけにはいかず、政治討論グループに参加することにしたのだった。
0x01000000000069E7,277,45,Sordland/Prologue,Narrator,en,生徒が倒れ、皆が逃げ出す中で踏みつけられてしまった。
0x01000000000069F1,277,46,Sordland/Prologue,Narrator,en,部屋に入ると、外から悲鳴が聞こえてきた。
0x01000000000069FB,277,47,Sordland/Prologue,Player,en,あなたはその場に留まり続けた。
0x0100000000006A02,277,48,Sordland/Prologue,Player,en,あなたは外に出て様子を見ようとした。
0x0100000000006B2F,277,49,Sordland/Prologue,Player,en,あなたは逃げ出した。
0x0100000000006B39,277,50,Sordland/Prologue,Narrator,en,兵士たちは容赦なくあなたを殴り続けた。
0x0100000000006B3F,277,51,Sordland/Prologue,Narrator,en,他の者たちとは違い、あなたは幸運にも逃げ出すことができた。
0x0100000000006B4D,277,52,Sordland/Prologue,Player,en,あなたは布団の中に隠れようとした。
0x0100000000006B54,277,53,Sordland/Prologue,Narrator,en,しかし、悲鳴は響き続けた。
0x0100000000006B5A,277,54,Sordland/Prologue,Narrator,en,しかし兵士たちがドアを閉めてしまったのだ。
0x0100000000006D8D,277,55,Sordland/Prologue,Narrator,en,"何十回もの討論会を通じて、あなたの弁論スキルは磨かれると同時に、人脈も広がっていった。

さまざまな集団間の議論はしばしば激しくなったものの、皆さんは意見を交わすことを通じて成長していった。

ある会合の際、ペトル・ベクターンが自分の同級生であるモニカをあなたに紹介した。あなたはすぐに彼女に惹かれた…"
0x0100000000006D94,277,56,Sordland/Prologue,Narrator,en,政治的に緊張した状況が、あなたを……へと導いたのだった。
0x0100000000006D9B,277,57,Sordland/Prologue,Player,en,…社会主義者である赤旗青年団に加入した。
0x0100000000006DA1,277,58,Sordland/Prologue,Player,en,…我々は民族主義者である赤旗青年団に加入した。
0x0100000000006DA9,277,59,Sordland/Prologue,Narrator,en,"ラジオからの放送によると、共産主義者のリカルド将軍がルデリン将軍とその部隊を包囲し、降伏を要求していたということだった。

彼らは拒否し、国中で激しい戦闘が勃発した。 

あなたは信じられないものだった。軍隊が互いに戦い合っていたのである。"
0x0100000000006DA9,277,59,Sordland/Prologue,Narrator,Menu Text en,1928|6月2日
0x0100000000006DCD,277,63,Sordland/Prologue,Narrator,en,"リカルドの突然の攻撃によって、国はさらなる不安定状態に陥った。 

しかし、民族主義者のルデリンと比べると、彼は真の社会主義者だった。

これにより、あなたは支援デモへの参加を決意した。あなたたちは「〜」と叫んでいた…"
0x0100000000006DD4,277,64,Sordland/Prologue,Narrator,en,"リカルドの突然の攻撃により、その国ではさらに多くの流血が起こった。 

彼はナショナリストのルデリンと比べると何か違っているように見えた。しかしあなたの考えでは、彼も同じタイプだった。 

そこであなたは抗議デモに参加した。あなたたちはスローガンを叫んでいた…"
0x0100000000006DDB,277,65,Sordland/Prologue,Player,en,……「団結すれば立ち上がれ、分裂すれば滅びる！」
0x0100000000006DED,277,66,Sordland/Prologue,Player,en,……「自由、平等、団結！」
0x0100000000006DF7,277,67,Sordland/Prologue,Narrator,en,"あなたたちはリカルドの兵士たちの保護のもとで行進していた。

ルデリン将軍のクーデターを支持する学生たちが、あなたの前方数百メートルの場所に集まっていた。 

彼らの中には多くのナショナリストがいた。何か起ころうとしていることをあなたは感じていた。"
0x0100000000006E0B,277,68,Sordland/Prologue,Player,en,あなたは彼女を救うために駆け寄った。
0x0100000000006E11,277,69,Sordland/Prologue,Player,en,あなたは彼女に警告した。
0x0100000000006E19,277,70,Sordland/Prologue,Narrator,en,"あなたはリカルドに対して軍を率いて進軍していた。

ルデリンのクーデターに反対する学生たちと兵士たちは、数百メートル離れた場所に集まっていた。

彼らの中には多くの社会主義者がいた。あなたには何かが起ころうとしていることが分かっていた。"
0x0100000000006E21,277,71,Sordland/Prologue,Narrator,en,しかし、あなたは間に合わず彼女のもとへ行けなかった…
0x0100000000006E27,277,72,Sordland/Prologue,Narrator,en,"両者の間で大規模な衝突が起こった。兵士たちが学生たちを暴行し始めた。

戦車たちが前進し始めた。 

この混乱した瞬間、あなたは戦車に轢かれそうになっている幼い少女を目にした。"
0x0100000000006E3A,277,73,Sordland/Prologue,Narrator,en,だが、あなたのすべての努力は無駄に終わったのだ…
0x0100000000006E49,277,74,Sordland/Prologue,Narrator,en,"衝突は全面的な内戦へとエスカレートした。そうした恐ろしい状況のため、あなたはしばらく一人になって過ごすことを余儀なくされた。

モニカがあなたを支えてくれ、二人の間には愛情が育っていった。

しかし、恋愛にとっては困難な時期だった。"
0x0100000000006E51,277,75,Sordland/Prologue,Narrator,en,"カリスマ的な大佐であるタルキン・ソルは、ルデリン派とリカルド派の軍勢が戦っていた首都に対して突然の攻撃を仕掛けた。彼は両陣営を打ち負かし、戦争に終止符を打ったのだ。

新しい憲法が作成され、軍事政権は安定を取り戻すための努力を始めた。多くの人々はその大佐を救世主と見なした。 

彼は統一ソードランド党を結成し、大統領候補として出馬した。史上初の一党制選挙において……"
0x0100000000006E51,277,75,Sordland/Prologue,Narrator,Menu Text en,1929|ソードランド共和国
0x0100000000006E58,277,76,Sordland/Prologue,Player,en,…あなたは投票をしなかった。
0x0100000000006FA6,277,77,Sordland/Prologue,Narrator,en,"USPは圧倒的な多数で選挙に勝利した。軍事政権は完全な文民政府へ移行するための4年間の復興期間を宣言した。

卒業後、あなたはモニカに会い続けた。あなた二人とも結婚して家庭を築くことに興味があった。

しかし、軍から手紙が届き、義務的な兵役を果たすよう呼びかけられた。"
0x0100000000006FA6,277,77,Sordland/Prologue,Narrator,Menu Text en,1929|6月
0x0100000000006FBB,277,78,Sordland/Prologue,Narrator,en,"隣国のヴェーレンで起きた壊滅的な内戦は、すぐに地域勢力と世界の強大国との間の代理戦争へと変わっていった。

優秀な少佐であるヨセフ・ランチェアは、あなたに部隊を率いて国境巡視任務を行うよう命じた。

あなたがグムレン前哨基地を出発して行進を始めたのは、とても寒い冬の夜だった。"
0x0100000000006FBB,277,78,Sordland/Prologue,Narrator,Menu Text en,1930|2月|ベルギア地方
0x0100000000006FCB,277,79,Sordland/Prologue,Player,en,時が過ぎていった。
0x0100000000006FDD,277,80,Sordland/Prologue,Player,en,あなたの唯一の関心事は試験に合格することだけだった。
0x0100000000006FEF,277,81,Sordland/Prologue,Player,en,あなたは彼らの言う通りにすぐ行動した。
0x0100000000006FF7,277,82,Sordland/Prologue,Player,en,息が白く見えた。
0x0100000000006FFE,277,83,Sordland/Prologue,Narrator,en,"数時間にわたって雪深い丘陵地帯を行進した後、遠くから何かの音が聞こえてきた。 

視界が悪すぎて出所を確認できなかったため、小隊は編成を保って前進し、観察できる場所を見つけた。

一群の難民たちが国境のフェンスを越えてきた。あなたは…"
0x010000000000700B,277,84,Sordland/Prologue,Player,en,...彼らをそのまま通してしまえ。
0x0100000000007019,277,85,Sordland/Prologue,Player,en,...彼らを護衛して戻した。
0x0100000000007085,277,86,Sordland/Prologue,Narrator,en,"難民たちは、あなたが自分たちを国境まで連れ戻そうとしていることに気づき、絶望した。

彼らが拘束されると、悲鳴や抗議の声が上がった。あなたは彼らを国境警備隊の手に引き渡した。

数ヶ月間の兵役を終えた後……"
0x010000000000715E,277,93,Sordland/Prologue,Player,en,…あなたの職務は終わり、再び一般市民としての生活に戻った。
0x010000000000717D,277,94,Sordland/Prologue,Narrator,en,"あなたとモニカは一緒に人生を過ごすことを決めた。ディアナの両親から祝福を受けた後、ホルソードで式典が行われた。

同年に、あなたは与党である統一ソードランド党内で高給の仕事を提案された。 

良いスタートを切ることが重要だったため、その高給の仕事を受け入れた。"
0x010000000000717D,277,94,Sordland/Prologue,Narrator,Menu Text en,1931|7月|ホルソード
0x0100000000007187,277,95,Sordland/Prologue,Narrator,en,"あなたは議会の経験豊富なメンバーの一人の法律補佐官となった。

あなたは長時間にわたって懸命に働き、夜遅くまで何百ページもある法的文書を調べ続けた。"
0x010000000000718E,277,96,Sordland/Prologue,Narrator,en,"あなたは議会の経験豊富なメンバーの一人の経済担当補佐となった。

あなたは夜更けまで何百ページにも及ぶ経済報告書を調査するため、長時間にわたって懸命に働き続けた。"
0x0100000000007194,277,97,Sordland/Prologue,Narrator,en,"あなたは議会の経験豊富なメンバーの一人の外交政策補佐官となった。

あなたは夜更けまで何十もの外交政策案を精査し、長時間にわたって懸命に働き続けた。"
0x010000000000719C,277,98,Sordland/Prologue,Player,en,それは国をより良い方向へ変えるための最良の機会だった。
0x01000000000071A6,277,99,Sordland/Prologue,Narrator,en,"タルキン・ソルは内戦で残った勢力たちに恩赦を与え、緊張緩和と宥和政策を選んだ。かつての王国の制度や象徴は徐々に置き換えられていった。

彼の政権は、経済を活性化させるための市民出資による法案提出制度や、社会を再建し向上させるための社会労働計画、そしてエネルギー危機を解決する大規模なダム建設プロジェクトといった、いくつかの新たな取り組みを開始した。

ソードランドの歴史において初めての複数政党による選挙が行われた。"
0x01000000000071A6,277,99,Sordland/Prologue,Narrator,Menu Text en,1933|9月
0x01000000000071B2,277,100,Sordland/Prologue,Player,en,あなたは出世の階段を登っていた。
0x01000000000071BC,277,101,Sordland/Prologue,Player,en,大統領タルキン・ソルが再び選出された。
0x01000000000071FD,277,102,Sordland/Prologue,Narrator,en,"ソル大統領は、与党の対立候補との選挙でかろうじて過半数を確保しただけだった。

その後1年間で、ソードランド人たちは腐敗や日増しに悪化する生活環境に対してますます不満を抱くようになった。経済成長も鈍化していった。

一方、指導部争いが起こり始める中で、統一ソードランド党の党大会を開くよう求める声がますます大きくなっていった。あなたは…"
0x01000000000071FD,277,102,Sordland/Prologue,Narrator,Menu Text en,1945|10月|変革の時
0x0100000000007204,277,103,Sordland/Prologue,Player,en,…国内の反対派に加わった。
0x010000000000721D,277,110,Sordland/Prologue,Narrator,en,アルフォンソ大統領は、もしあなたがこれから行われる投票で彼を支持すれば、次の政府において司法法務大臣の職をあなたに与えると申し出た。
0x0100000000007224,277,111,Sordland/Prologue,Narrator,en,アルフォンソ大統領は、もしあなたがこれから行われる投票で彼を支持すれば、次の政府において経済通商エネルギー大臣の職をあなたに与えると申し出た。
0x010000000000722A,277,112,Sordland/Prologue,Narrator,en,大統領は、もし来るべき投票で彼を支持すれば、次の政府において外務通商大臣の職をあなたに与えると申し出た。
0x0100000000007232,277,113,Sordland/Prologue,Player,en,あなたはその申し出を受け入れた。
0x010000000000723B,277,114,Sordland/Prologue,Narrator,en,"その党大会は実に見事なものだった。統一ソードランド党の旗があらゆる場所を飾っていた。

この歴史的転換点のために、何千人もの影響力のある政治家やロビイスト、寄付者たちが集まった。 

党の指導部を決める投票が始まった。"
0x010000000000723B,277,114,Sordland/Prologue,Narrator,Menu Text en,1946|8月
0x0100000000007242,277,115,Sordland/Prologue,Player,en,あなたはエヴァルト・アルフォンソに投票した。
0x0100000000007249,277,116,Sordland/Prologue,Narrator,en,"その努力は実を結び、対立の激しかった指導者選出投票ではエヴァルト・アルフォンソが勝利した。 

会議の最中、タルキン・ソルは任期終了と同時に政界を引退すると発表し、アルフォンソを副大統領に任命した。

あなたは、彼が築き上げた体制が永続するものだと知っていた。国はますます専制化していったのだ。あなた……"
0x0100000000007249,277,116,Sordland/Prologue,Narrator,Menu Text en,1946|9月1日
0x0100000000007250,277,117,Sordland/Prologue,Player,en,あなたはタルキン・ソルに投票した。
0x0100000000007258,277,118,Sordland/Prologue,Player,en,あなたはそれを拒否した。
0x0100000000007276,277,121,Sordland/Prologue,Player,en,…誰が指導者であろうと気にしなかった。
0x010000000000729E,277,122,Sordland/Prologue,Narrator,en,"総選挙の際、与党の主要な反対派指導者は秘書との間のセックススキャンダルに巻き込まれてしまった。彼の後任としてより人気のあるフレンス・リクターが据えられたものの、既に被害は拡大していた。

エヴァルト・アルフォンソが提案した新たな経済政策と大規模な民営化計画により、統一ソードランド党は選挙で勝利を収めることができた。

その後の数年間、あなたたちは…"
0x010000000000729E,277,122,Sordland/Prologue,Narrator,Menu Text en,1949年
0x01000000000072E6,277,123,Sordland/Prologue,Narrator,en,"アルフォンソ大統領の在任中、政府や法律において多くの大胆な改革が行われ、自由民主主義的価値観も進展した。

しかし、内部抗争や組織の混乱、大陸全体の経済的緊張、そして急進的な民営化の影響により、その後深刻な景気後退が訪れた。

他の政党たちは1953年の選挙への出馬を宣言したが、不公平な選挙制度によって野党の選挙運動は妨げられた。あなた……"
0x01000000000072E6,277,123,Sordland/Prologue,Narrator,Menu Text en,1951|夏|新しいソードランド
0x01000000000072FD,277,124,Sordland/Prologue,Narrator,en,"ペトルの助けにより、あなたのUSPでの影響力は高まっていった。あなた二人は長い夜を共に過ごし、彼が敵対者たちをあなたの側に引き込んだのだった。 

あなたは党の新しい派閥の象徴となった。着実な計画に基づき段階的に進めることで、アルフォンソ大統領が国の統治を失う中、あなたの派閥が指導権を握っていった。

行動を起こす時がやってきた。あなた…"
0x01000000000072FD,277,124,Sordland/Prologue,Narrator,Menu Text en,1952|10月|レインの台頭
0x0100000000007305,277,125,Sordland/Prologue,Player,en,…アルフォンソに辞任するよう助言した。
0x0100000000007313,277,126,Sordland/Prologue,Narrator,en,"彼はあなたの助言に耳を傾けた。 

アルフォンソは指導権争いを諦め、あなたの疑う余地のない影響力のおかげで党は最終的にあなたを選出した。

その後、ペトルを副大統領候補として一般選挙で大統領職に立候補すると発表した。"
0x0100000000007313,277,126,Sordland/Prologue,Narrator,Menu Text en,1953|3月
0x010000000000734E,277,127,Sordland/Prologue,Player,en,…アルフォンソと共にあなたの評判も傷つくことを懸念している。
0x010000000000735F,277,128,Sordland/Prologue,Player,en,今度はあなたの番だった。
0x010000000000737D,277,129,Sordland/Prologue,Player,en,それは暗い年だった。
0x010000000000738A,277,130,Sordland/Prologue,Player,en,…彼女の勤勉さのおかげで。
0x0100000000007391,277,131,Sordland/Prologue,Player,en,ソードランドは混沌に陥った。
0x0100000000007398,277,132,Sordland/Prologue,Player,en,あなたはその場に留まった。
0x010000000000739F,277,133,Sordland/Prologue,Player,en,あなたは彼女の顔を決して忘れなかった。
0x01000000000073A6,277,134,Sordland/Prologue,Player,en,この混乱は終わらせなければならなかった。
0x01000000000073BA,277,135,Sordland/Prologue,Narrator,en,"党の指導者候補はエヴァルト・アルフォンソで、改革主義者であり才能ある実業家でもあった彼は、党内で支持者を次第に増やしていた。

ソル大統領は、あなたが彼のために票を集めようとする動きに気づき、有利な取引を持ちかけてきた。"
0x01000000000073BA,277,135,Sordland/Prologue,Narrator,Menu Text en,1946|7月
0x01000000000073C1,277,136,Sordland/Prologue,Player,en,ソル大統領は、あなたが彼のために票を集めようとする動きに気づき、あなたのもとへやって来た。
0x01000000000073CB,277,137,Sordland/Prologue,Narrator,en,"1ヶ月後、あなたの娘が生まれた。モニカはその子にディアナという名前を付けた。党内が混乱していた時期に、彼女はあなたを支えてくれた。

副大統領でありUSPの党首でもあったエヴァルト・アルフォンソは、国民教育隊やソードランド国営公社法案といった、USPによって設立された古い組織や制度を次々と解体し始めた。

総選挙が近づいてきていた。統一ソードランド党は新しい指導部のもとにあった。あなたは…"
0x01000000000073CB,277,137,Sordland/Prologue,Narrator,Menu Text en,1946|10月15日|不安の年月
0x01000000000073D2,277,138,Sordland/Prologue,Player,en,...あなたは彼を助けないよう最善を尽くした。
0x01000000000073E1,277,139,Sordland/Prologue,Player,en,...あなたは党とその成功のために全力を尽くした。
0x01000000000073FF,277,140,Sordland/Prologue,Narrator,en,"選挙運動期間中にすべての都市や町を訪れた後、あなたは国営テレビで演説を行った。

あなたは約束した……"
0x01000000000073FF,277,140,Sordland/Prologue,Narrator,Menu Text en,1953|10月|選挙戦
0x010000000000743A,277,141,Sordland/Prologue,Player,en,…国家の価値観を守ると約束した。
0x0100000000007447,277,142,Sordland/Prologue,Player,en,…民主的な改革を実施すると約束した。
0x01000000000074BB,277,143,Sordland/Prologue,Narrator,en,"「我々国民は空虚な約束にうんざりしていた。制度や政府に根本的な変革が必要だった！」

堅固で透明性の高い民主主義が我々を待っている。兄弟姉妹よ、新しい憲法と新しい時代が間もなく訪れるのだ！"
0x0100000000007560,277,146,Sordland/Prologue,Player,en,…アルフォンソの側近たちを賄賂や恐喝で支配した。
0x0100000000007876,277,147,Sordland/Prologue,Player,en,放送が終わった。
0x010000000000789C,277,148,Sordland/Prologue,Narrator,en,選挙日には、数百万人もの人々が投票所に足を運んだ。
0x010000000000789C,277,148,Sordland/Prologue,Narrator,Menu Text en,1953|11月5日
0x010000000000D19D,277,149,Sordland/Prologue,Player,en,...テレビでこの危機の責任をアルフォンソに押し付けた。
0x0100000000025532,277,150,Sordland/Prologue,Player,en,静かに会場を見回した後、彼はなぜ市場経済が必要なのかを説明した。
0x0100000000025539,277,151,Sordland/Prologue,Player,en,…生徒会に参加することにしたのだ。
0x010000000002553F,277,152,Sordland/Prologue,Player,en,…人権団体に加わることにしたのだ。
0x010000000002554D,277,153,Sordland/Prologue,Player,en,……「混乱を終わらせよ！我々は安定を望む！」
0x0100000000025556,277,154,Sordland/Prologue,Player,en,……「世界の労働者よ、団結せよ！」
0x010000000002555E,277,155,Sordland/Prologue,Player,en,…「ナショナリストどもを打倒せ！」
0x0100000000025566,277,156,Sordland/Prologue,Player,en,……「一つの国、一つの制度、一つの民！」
0x010000000002556F,277,157,Sordland/Prologue,Player,en,あなたはその場を離れた。
0x0100000000025585,277,158,Sordland/Prologue,Player,en,…あなたは統一ソードランド党に投票した。
0x01000000000255B2,277,159,Sordland/Prologue,Player,en,その金額の多さは断れないほどだった。
0x01000000000255B9,277,160,Sordland/Prologue,Player,en,与党で働くことが、権力を得るための最も簡単な道だった。
0x01000000000255D2,277,161,Sordland/Prologue,Player,en,あなたは疑いを抱きながらもその招待を受け入れた。
0x01000000000255D8,277,162,Sordland/Prologue,Player,en,あなたはすぐにその誘いを受け入れた。
0x01000000000255E2,277,163,Sordland/Prologue,Player,en,…引き続き大統領を支持し続けた。
0x01000000000255E8,277,164,Sordland/Prologue,Player,en,…傍観するしかなかった。
0x01000000000255F2,277,165,Sordland/Prologue,Narrator,en,"あなたは、党の指導権を巡る主要な競争相手であり、改革志向に加え才能も兼ね備えた実業家でもあったエヴァルト・アルフォンソを支持した。

一方、党大会の前に票を確保しようと必死の努力をする中、ソル大統領は党員たちと一人ずつ会っていた。"
0x01000000000255F2,277,165,Sordland/Prologue,Narrator,Menu Text en,1946|7月
0x01000000000255FA,277,166,Sordland/Prologue,Narrator,en,"党の指導者候補はエヴァルト・アルフォンソで、改革主義者であり才能ある実業家でもあった。彼は党内で支持者を次第に増やしていた。

一方、党大会の前に票を確保しようと必死の努力をする中、ソル大統領は党員たちと一人ずつ会っていた。"
0x01000000000255FA,277,166,Sordland/Prologue,Narrator,Menu Text en,1946|7月
0x0100000000025608,277,167,Sordland/Prologue,Player,en,しかし、彼はあなたのもとにはやってこなかった。
0x0100000000025612,277,168,Sordland/Prologue,Player,en,彼もあなたのところにやって来た。
0x010000000002561F,277,169,Sordland/Prologue,Narrator,en,"残念ながら、タルキン・ソルはリーダーシップ投票でわずかな差をつけられてエヴァルト・アルフォンソに敗れた。 

会議の最中、ソルは任期終了と同時に政界を引退すると発表し、アルフォンソを副大統領に任命した。

彼が築き上げた制度はずっと存続し、彼の業績も決して忘れ去られることはなかった。あなたは……"
0x010000000002561F,277,169,Sordland/Prologue,Narrator,Menu Text en,1946|9月1日
0x0100000000025628,277,170,Sordland/Prologue,Player,en,…ソルの去り際に困惑していた。
0x010000000002562E,277,171,Sordland/Prologue,Player,en,…ソルがついに去ることになり、皆喜んでいた。
0x010000000002563A,277,172,Sordland/Prologue,Player,en,…副大統領でありUSPの指導者でもあるエヴァルト・アルフォンソは、旧来の組織を解体し始め、彼のための選挙運動にも加わった。
0x0100000000025642,277,173,Sordland/Prologue,Player,en,…出世のためにあらゆる手段を尽くしたのだ。
0x0100000000025648,277,174,Sordland/Prologue,Player,en,…ソードランドをより良い場所にするために全力を尽くした。
0x0100000000025652,277,175,Sordland/Prologue,Player,en,…あなたの党はもう一度の危機には耐えられないだろうと思っていた。
0x01000000000256B9,277,176,Sordland/Prologue,Narrator,en,"その評議会では、予算編成に参加すると同時に、キャンパス内での学生たちの関与を深めることに力が注がれていた。 

積極的に参加することで、あなたは予算管理やリーダーシップのスキルを身につけた。

ある会合の際、ペトル・ベクターンが自分の同級生であるモニカをあなたに紹介した。あなたはすぐに彼女に惹かれた…"
0x01000000000256BF,277,177,Sordland/Prologue,Narrator,en,"その団体は、ソードランドにおける悪化する人権状況に対して激しく抗議した。 

あなたは自由を守り拡大する方法について徹底的な議論を重ね、貢献した。

ある会合の際、ペトル・ベクターンが自分の同級生であるモニカをあなたに紹介した。あなたはすぐに彼女に惹かれた…"
0x01000000000256CA,277,178,Sordland/Prologue,Player,en,……その美しさ。
0x01000000000256D0,277,179,Sordland/Prologue,Narrator,en,"衝突は全面的な内戦へとエスカレートした。そうした恐ろしい状況のため、あなたはしばらく一人になって過ごすことを余儀なくされた。

モニカがあなたを支えてくれ、二人の間には愛情が育っていった。

しかし、恋愛にとっては困難な時期だった。"
0x0100000000025FDA,277,180,Sordland/Prologue,Player,en,国民としての義務を果たす時が来た。
0x0100000000025FF2,277,181,Sordland/Prologue,Player,en,あなたは原則として同意した。
0x0100000000026023,277,182,Sordland/Prologue,Player,en,…彼らは経済不況を懸念していた。
0x0100000000026039,277,183,Sordland/Prologue,Player,en,もはや真実に向き合う時が来たのだ。
0x0100000000026160,277,184,Sordland/Prologue,Player,en,突然、兵士たちが突進してきた。
0x0100000000026185,277,185,Sordland/Prologue,Narrator,en,"巡回任務の後、ランチェア少佐が怒りを抱えてやって来て、すぐにあなたを指揮官の職から解任し、あなたを失望させる存在だと呼んだ。

あなたの部下の一人が、あなたの行動を報告したのだ。

数ヶ月間、罰として床を磨き続けた後……"
0x01000000000261BB,277,186,Sordland/Prologue,Narrator,en,"側近のほとんどが、開発大臣であるガス・マンガーでさえも彼を見捨てた。アルフォンソ大統領は内閣の再編を試みたが、既に手遅れだった。

アルフォンソは不信任投票によって権力の座を追われた。あなたの影響力のおかげで、最終的に党はあなたを大統領に選んだのだった。

その後、あなたはペトルを副大統領候補として一般選挙で大統領職に立候補すると発表した。"
0x01000000000261BB,277,186,Sordland/Prologue,Narrator,Menu Text en,1953|3月
0x01000000000261C5,277,187,Sordland/Prologue,Narrator,en,"メディアからの強い反発により、アルフォンソ大統領は内閣を再編することになったが、開発大臣であるガス・マンガーを含む側近のほとんどが彼を見捨てた。

アルフォンソは不信任投票によって権力の座を追われた。あなたの影響力のおかげで、最終的に党はあなたを大統領に選んだのだった。

その後、ペトルを副大統領候補として、総選挙で大統領職に立候補すると発表した。"
0x01000000000261C5,277,187,Sordland/Prologue,Narrator,Menu Text en,1953|3月
0x01000000000261D1,277,188,Sordland/Prologue,Player,en,…彼女の知性。
0x010000000002CC6F,277,196,Sordland/Prologue,Player,en,…あなたの職務は終わり、再び一般市民としての生活に戻った。
0x010000000002CC76,277,197,Sordland/Prologue,Narrator,en,"あなたとモニカは一緒に人生を過ごすことを決めた。ディアナの両親から祝福を受けた後、ホルソードで式典が行われた。

その同年に、あなたは統一ソードランド党という与党内で高給の仕事を得るために懸命に努力した。 

「難民事件」の影響で順調にキャリアをスタートさせることははるかに困難だったが、それでもあなたは何とかやり遂げた。"
0x010000000002CC76,277,197,Sordland/Prologue,Narrator,Menu Text en,1931|7月|ホルソード
0x010000000002ED20,277,198,Sordland/Prologue,Narrator,en,"あなたがいない間、ペトル・ベクターンは信頼できる人脈を見つけ出し、党内におけるあなたの地位を強化した。

同じ頃、ソル大統領は年月が経つにつれて権力を強めていった。彼の拡大する自我がUSP内で対立を引き起こし始めたのだった。"
0x010000000002ED20,277,198,Sordland/Prologue,Narrator,Menu Text en,1941|10月
0x010000000002ED30,277,199,Sordland/Prologue,Player,en,亀裂が現れ始めた。
0x0100000000039EBA,277,200,Sordland/Prologue,Player,en,...どんな政治組織にも関わらないようにしてくれ。
0x0100000000039EC1,277,201,Sordland/Prologue,Narrator,en,"ラジオからの放送によると、共産主義者のリカルド将軍がルデリン将軍とその部隊を包囲し、降伏を要求していたということだった。

彼らは拒否し、国中で激しい戦闘が勃発した。 

あなたは信じられないものだった。軍隊が互いに戦い合っていたのである。"
0x0100000000039EC1,277,201,Sordland/Prologue,Narrator,Menu Text en,1928|6月2日
0x0100000000039EC9,277,202,Sordland/Prologue,Player,en,ソードランドは混沌に陥った。
0x010000000004BD3B,277,205,Sordland/Prologue,Narrator,en,"「偉大なるソードランドの国よ！我々の無能な指導者たちのせいで、国内外の敵勢力がこの栄光ある国に影響を及ぼしているのだ。」

今日、かつてないほどに、我々は一つの旗のもとに団結し、自らの価値観を守る必要があった。グレキ・ソードランド！"
0x010000000005A1EE,277,207,Sordland/Prologue,Narrator,en,"最年少の議員だったため、影響力のある核心グループとつながるのは難しかった。味方が必要だったので、ペトル・ベクターンを側近として迎え入れた。

あなたの息子であるフランクが生まれ、一時的に喜びと安堵の時間が訪れた。

あなたは…"
0x010000000005A1EE,277,207,Sordland/Prologue,Narrator,Menu Text en,1938|6月|出世の道
0x010000000005A1F6,277,208,Sordland/Prologue,Narrator,en,"アグノリアとの包括的な貿易協定の準備に、あなたの個人的な時間のほとんどが費やされていた。

しかし、貿易交渉におけるあなたの大きな貢献がきっかけとなり、タルキン・ソル大統領本人と会う機会が与えられ、彼から重要な役職が提示された。

あなたは最年少の議会議員になることになっていた。"
0x010000000005A1F6,277,208,Sordland/Prologue,Narrator,Menu Text en,1934|4月2日
0x010000000005A1FE,277,209,Sordland/Prologue,Player,en,…家族と過ごす時間のために、仕事を犠牲にした。
0x010000000005A209,277,213,Sordland/Prologue,Player,en,…党内での地位を上げるために家族と過ごす時間を犠牲にした。
0x010000000005A21B,277,217,Sordland/Prologue,Narrator,en,"新たな5カ年計画とそれに伴う財政対策のため、あなたは大きなプレッシャーにさらされた。

しかし、経済戦略に対するあなたの大きな貢献がきっかけとなり、タルキン・ソル大統領本人と会う機会を得て、彼から重要な役職が提示された。

あなたは最年少の議会議員になることになっていた。"
0x010000000005A21B,277,217,Sordland/Prologue,Narrator,Menu Text en,1934|4月2日
0x010000000005A223,277,218,Sordland/Prologue,Narrator,en,"司法省と最高裁判所の間で続いていた法的争いにより、あなたは大きなプレッシャーにさらされていた。

しかし、その訴訟への大きな貢献により、あなたはタルキン・ソル大統領本人と会う機会を得て、重要な役職が与えられた。

あなたは最年少の議会議員になることになっていた。"
0x010000000005A223,277,218,Sordland/Prologue,Narrator,Menu Text en,1934|4月2日
0x010000000005A251,277,220,Sordland/Prologue,Narrator,en,"あなたはかつての父親と同じように、家族よりも仕事を優先した。ペトル・ベクターンと共に、あなたは党のために大きな功績を残した。 

家では、モニカとフランクがあなたの不在を寂しく感じていた。

その間、ソル大統領は年月が経つにつれて権力を強化していった。彼の増大する自我がUSP内で対立を引き起こし始めたのだった。"
0x010000000005A251,277,220,Sordland/Prologue,Narrator,Menu Text en,1941|10月
0x0100000600007524,277,226,Sordland/Prologue,Narrator,en,"ペトル・ベクターンと共に、あなたは党内での地位を固めるために大きな功績を残した。一方、故郷ではモニカとフランクがあなたの不在を寂しく感じていた。

同じ頃、ソル大統領は年月が経つにつれて権力を強めていった。彼の拡大する自我がUSP内で対立を引き起こし始めたのだった。"
0x0100000600007524,277,226,Sordland/Prologue,Narrator,Menu Text en,1941|10月
0x0100001D00000150,277,243,Sordland/Prologue,Narrator,en,"卒業後、あなたは大学入試に高得点で合格した。

あなたの家族は貧しかったにもかかわらず、公的な教育制度のおかげで大学に進学することができた。あなたたちあなたは複数の学部の中から選ぶ機会を得ていた。

あなたは……を選んだ。"
0x0100001D00000150,277,243,Sordland/Prologue,Narrator,Menu Text en,1926年
0x010000550000536B,277,247,Sordland/Prologue,Narrator,en,"アルフォンソ大統領の在任中、政府や法律において多くの大胆な改革が行われ、自由民主主義的価値観も進展した。彼はその間ずっと、あなたの支援を大切にしていた。

しかし、内部抗争や組織の混乱、大陸全体の経済的緊張、そして急進的な民営化の影響により、その後深刻な経済不況が訪れた。

他の政党たちは1953年の選挙への出馬を宣言したが、不公平な選挙制度のせいで野党の選挙運動は妨げられた。あなたは…"
0x010000550000536B,277,247,Sordland/Prologue,Narrator,Menu Text en,1951|夏|新しいソードランド
0x01000052000179D0,277,285,Sordland/Prologue,Narrator,en,"彼女はあなたに、女性の権利を訴える団体であるソードランド婦人連盟のボランティアだと話したことがある。

あなたは…"
0x01000052000179D6,277,286,Sordland/Prologue,Player,en,...あなたは彼女に、彼女の活動を心から支援すると伝えた。
0x01000052000179DE,277,287,Sordland/Prologue,Player,en,…私は女性の権利にそれほど関心がなかったが、それでも彼女をディナーに誘った。
0x010000BD0000148C,277,290,Sordland/Prologue,Narrator,en,"共和国が樹立されて数ヶ月後、あなたの周りの生活は変わっていった。友人や家族が不確実性、経済的困難、そして旧体制に縛られた者たちからの散発的な騒乱や抵抗に直面するのを見てきた。 

彼らの闘いの中で、あなたは…"
0x010000BD00001493,277,291,Sordland/Prologue,Player,en,…そんな苦難から逃れた者たちを羨み、もっと簡単な道があればと願っていた。
0x010000BD00001493,277,291,Sordland/Prologue,Player,Menu Text en,…そのすべてから逃れた者たちを羨み、もっと簡単な道があればと願った。［資源：易しい］
0x010000BD00001499,277,292,Sordland/Prologue,Player,en,…苦悩と不屈の精神の両方を目の当たりにし、その両者の間のバランスを模索した。
0x010000BD0000149F,277,293,Sordland/Prologue,Player,en,…彼らが背負う重荷を感じ、さらにそれを自分の肩に担おうと決意した。
0x010000BD0000149F,277,293,Sordland/Prologue,Player,Menu Text en,…彼らが背負っている重荷を感じ、さらにそれを担うことを選んだのだ。［資源：難しい］
