articy_id,conversation_id,entry_id,conversation,actor,field,ja
0x010000000001348E,49,3,Sordland/Turn04/InT_SSCRailwayIssue,Narrator,en,我々がこの地を訪れた主な目的は、期限を危うくするようになっていた建設上の問題を解決することだった。
0x01000000000134AF,49,4,Sordland/Turn04/InT_SSCRailwayIssue,Narrator,en,L-1鉄道の建設により、ソードランドの先進的な技術の中心地を訪れる絶好の機会が生まれた。この都市出身の電気技師数十名が、鉄道路線の電化改修作業に従事した。
0x01000000000134B7,49,5,Sordland/Turn04/InT_SSCRailwayIssue,Narrator,en,アンリカの市長であるクルタン・レステからも支援のメッセージが寄せられ、L-1への投資に感謝の意を表していた。
0x0100000000013A63,49,12,Sordland/Turn04/InT_SSCRailwayIssue,Narrator,en,ゲルソード研究評議会は、教育予算の増加に満足していた学長たちのおかげで、我々がその施設を利用することを快く許可してくれた。
0x0100000000013A6A,49,13,Sordland/Turn04/InT_SSCRailwayIssue,Narrator,en,ゲルソード研究評議会は我々に彼らの施設を利用させてくれたが、各学園の責任者たちは我々の事情に興味を示さなかった。
0x0100000000013A71,49,14,Sordland/Turn04/InT_SSCRailwayIssue,Narrator,en,ゲルソード研究評議会は、教育予算の削減に校長たちが甚だしく不満を抱いていたため、我々が彼らの施設を利用することを渋っていた。
0x0100000000013AEE,49,15,Sordland/Turn04/InT_SSCRailwayIssue,Narrator,en,会議は終了した。我々三人はゲルソードにある先端研究開発部門を見学した。
0x0100000000013BBC,49,16,Sordland/Turn04/InT_SSCRailwayIssue,Narrator,en,一日に及ぶ訪問は、街の要人たちが集まる夕食会をもって終わった。その多くは科学者だった。
0x0100000000013BC4,49,17,Sordland/Turn04/InT_SSCRailwayIssue,Symon Holl,en,「それで問題なく進むはずです。工程を前に進める方法が見つかって良かったですね。」
0x0100000000013BCE,49,18,Sordland/Turn04/InT_SSCRailwayIssue,Narrator,en,その後、我々はホルソードへと戻った。
0x010000000002CC65,49,20,Sordland/Turn04/InT_SSCRailwayIssue,Narrator,en,シモンはいつもより少し緊張している様子だった。ガスも解決策を探すためにここにいた。彼はしばらく私をじっと見ていた。
0x0100000400006C70,49,21,Sordland/Turn04/InT_SSCRailwayIssue,Symon Holl,en,「我々はこのプロジェクトの完成時期を1955年暮れに設定しましたが、進捗が予想より遅れているため、建設面で懸念があります。」
0x010000040000B9D6,49,22,Sordland/Turn04/InT_SSCRailwayIssue,Player,en,「プロジェクトの管理不全という状況だろうか？」
0x010000040000B9D6,49,22,Sordland/Turn04/InT_SSCRailwayIssue,Player,Menu Text en,「プロジェクトの管理不全という状況だろうか？」
0x010000040000B9DD,49,23,Sordland/Turn04/InT_SSCRailwayIssue,Player,en,「有能な管理者を見つけ出すのも一つの方法だ。新しい人材が状況を元に戻す手助けとなるだろう。」
0x010000040000B9DD,49,23,Sordland/Turn04/InT_SSCRailwayIssue,Player,Menu Text en,「有能な管理者を見つけ出すのも一つの方法だ。新しい人材が状況を元に戻す手助けとなるだろう。」
0x010000040000B9E4,49,24,Sordland/Turn04/InT_SSCRailwayIssue,Gus Manger,en,「私は建設業界において優秀で経験豊富な人材が大勢いることを知っています。シモンもおそらく同様だろうと思います。」
0x010000040000B9F0,49,25,Sordland/Turn04/InT_SSCRailwayIssue,Symon Holl,en,「その警告が彼らの業務遂行に良い影響をもたらすことを願っています。必要であれば、後日さらに厳しい対応を取ることもできます。」
0x010000040000B9FE,49,26,Sordland/Turn04/InT_SSCRailwayIssue,Player,en,「無能な経営者たちは解雇されるべきだ。これは恥ずかしいことだ。」
0x010000040000B9FE,49,26,Sordland/Turn04/InT_SSCRailwayIssue,Player,Menu Text en,「無能な経営者たちは解雇されるべきだ。これは恥ずかしいことだ。」
0x010000040000BA05,49,27,Sordland/Turn04/InT_SSCRailwayIssue,Symon Holl,en,「それは過激な措置かもしれませんが、不合理ではありません。有能な管理者に交代させれば問題は解決します。」
0x010000040000BA0B,49,28,Sordland/Turn04/InT_SSCRailwayIssue,Gus Manger,en,「この改革は良い結果をもたらすかもしれませんが、もしSSC全体がこれにボイコットを仕掛けたらどうなるでしょうか。」
0x010000040000BA17,49,29,Sordland/Turn04/InT_SSCRailwayIssue,Gus Manger,en,「私は自ら数人のSSCの管理者たちに会いに行き、この状況の深刻さを伝えます。」
0x010000040000BA1D,49,30,Sordland/Turn04/InT_SSCRailwayIssue,Symon Holl,en,「彼らが反撃してくるとは思いませんが、抗議を行うことで工事の進行をさらに遅らせる可能性はあります。」
0x010000040000BA23,49,31,Sordland/Turn04/InT_SSCRailwayIssue,Player,en,「SSCは国家が所有している。彼らには報復することも、自分たちを養ってくれる存在を害することもできないのだ。」
0x010000040000BA23,49,31,Sordland/Turn04/InT_SSCRailwayIssue,Player,Menu Text en,「SSCは国家が所有している。彼らには報復することも、自分たちを養ってくれる存在を害することもできないのだ。」
0x010000040000BA2A,49,32,Sordland/Turn04/InT_SSCRailwayIssue,Narrator,en,シモンは深く息を吸い、話を続けた。
0x010000040000BA31,49,33,Sordland/Turn04/InT_SSCRailwayIssue,Gus Manger,en,「私としては、より有能な管理者に交代させるべきだと思います。そうすれば、非効率的に扱われている資源の問題も解決できるはずです。」
0x010000040000BA3B,49,35,Sordland/Turn04/InT_SSCRailwayIssue,Symon Holl,en,「まったく同感です。この状態がこれ以上続くべきではありません。」
0x010000040000BA49,49,37,Sordland/Turn04/InT_SSCRailwayIssue,Player,en,「我々は、無能な経営によってプロジェクトが遅れることを許してはならない。それは決して容認できないことだ。」
0x010000040000BA49,49,37,Sordland/Turn04/InT_SSCRailwayIssue,Player,Menu Text en,「我々は、無能な経営によってプロジェクトが遅れることを許してはならない。それは決して容認できないことだ。」
0x010000040000BA50,49,38,Sordland/Turn04/InT_SSCRailwayIssue,Player,en,「建設管理者たちに警告しろ。経済省と大統領府から正式な警告を送れ。」
0x010000040000BA50,49,38,Sordland/Turn04/InT_SSCRailwayIssue,Player,Menu Text en,「建設管理者たちに警告しろ。経済省と大統領府から正式な警告を送れ。」
0x010000040000BA57,49,39,Sordland/Turn04/InT_SSCRailwayIssue,Gus Manger,en,「彼らのような国営企業は性能に関する罰則をほとんど受けることがないため、無能で責任感も欠いているのです。」
0x010000040000BA5D,49,40,Sordland/Turn04/InT_SSCRailwayIssue,Player,en,「彼らに厳重な警告を与えるのが解決策かもしれない。軽い注意程度では効果は期待できないだろう。」
0x010000040000BA5D,49,40,Sordland/Turn04/InT_SSCRailwayIssue,Player,Menu Text en,「彼らに厳重な警告を与えるのが解決策かもしれない。軽い注意程度では効果は期待できないだろう。」
0x010000040000BA64,49,41,Sordland/Turn04/InT_SSCRailwayIssue,Player,en,「期限を守るため、建設現場の責任者たちをもっと有能な人間に交代させてくれ。」
0x010000040000BA64,49,41,Sordland/Turn04/InT_SSCRailwayIssue,Player,Menu Text en,「期限を守るため、建設現場の責任者たちをもっと有能な人間に交代させてくれ。」
0x010000040000BA6B,49,42,Sordland/Turn04/InT_SSCRailwayIssue,Gus Manger,en,「いくつか電話をかけてみます。有望な候補者たちに加えられる優秀な人脈がいますので。」
0x010000040000BA72,49,43,Sordland/Turn04/InT_SSCRailwayIssue,Symon Holl,en,「失敗に報酬も罰も与えられないのは良いことです。我々は人脈を通じてより有能な人材を見つけ出します。」
0x010000040000BA79,49,44,Sordland/Turn04/InT_SSCRailwayIssue,Symon Holl,en,「彼らはこの問題をより真剣に受け止め、作業のスピードを上げるための対策を講じる可能性が高いでしょう。」
0x010000040000BA7F,49,45,Sordland/Turn04/InT_SSCRailwayIssue,Symon Holl,en,「重要な問題の一つは、彼らの建設管理チームです。もう一つは、より多くの人員を必要とする時代遅れの建設手法かもしれませんが、それが問題の原因かどうかは確信が持てません。」
0x010000040000BA86,49,46,Sordland/Turn04/InT_SSCRailwayIssue,Player,en,「どうすれば建設を加速して元のペースに戻せるだろうか？」
0x010000040000BA86,49,46,Sordland/Turn04/InT_SSCRailwayIssue,Player,Menu Text en,「どうすれば建設を加速して元のペースに戻せるだろうか？」
0x010000040000BA99,49,48,Sordland/Turn04/InT_SSCRailwayIssue,Symon Holl,en,「それがまさに重要な問題です。SSCが期限を守るためには、解決すべき課題がいくつかあります。」
0x010000040000BAAF,49,49,Sordland/Turn04/InT_SSCRailwayIssue,Gus Manger,en,「与えられた資源だけでは建設の進度を維持できていないのです。なぜ彼らがより多くの資源を受け取る必要があるのでしょうか？」
0x010000040000BAB5,49,50,Sordland/Turn04/InT_SSCRailwayIssue,Player,en,「SSCを加速させるにはより多くのリソースが必要かもしれない。その期限は必ず守らなければならない。」
0x010000040000BAB5,49,50,Sordland/Turn04/InT_SSCRailwayIssue,Player,Menu Text en,「SSCを加速させるにはより多くのリソースが必要かもしれない。その期限は必ず守らなければならない。」
0x010000040000BABC,49,51,Sordland/Turn04/InT_SSCRailwayIssue,Symon Holl,en,「より多くの労働者を雇い、より多くの機械を購入するための資金投入は、建設作業に良い影響を与える可能性があります。」
0x010000040000BAC2,49,52,Sordland/Turn04/InT_SSCRailwayIssue,Player,en,「開業日を守るためには、そうすることさえ必要かもしれない。」
0x010000040000BAC2,49,52,Sordland/Turn04/InT_SSCRailwayIssue,Player,Menu Text en,「開業日を守るためには、そうすることさえ必要かもしれない。」
0x010000040000BAC9,49,53,Sordland/Turn04/InT_SSCRailwayIssue,Symon Holl,en,「彼らがその資金を適切に管理してくれることを願います。私としてもまだ百パーセント確信が持てていないのです。」
0x010000040000BAD5,49,54,Sordland/Turn04/InT_SSCRailwayIssue,Gus Manger,en,「それが私の考えです。彼らは線路が通る地域について知っていたからです。かつてのSSCの建設責任者たちは、自分たちなら誰にも手出しできず、何の義務も負わないと思っているのです。」
0x010000040000BB44,49,55,Sordland/Turn04/InT_SSCRailwayIssue,Symon Holl,en,「建設責任者たちにもっと資金を与えるか、警告するか、あるいは彼らを交代させるかのどれかです。」
0x010000040000BB50,49,56,Sordland/Turn04/InT_SSCRailwayIssue,Symon Holl,en,「何らかの方法でこの問題を解決しなければなりません。さもなければ将来的に深刻な事態を招く可能性があります。」
0x010000040000BB56,49,57,Sordland/Turn04/InT_SSCRailwayIssue,Gus Manger,en,「その可能性の方がはるかに高いと思います。もし私ならそのリスクは冒しません。まだ行える重要な投資がたくさんあるのですから。」
0x010000040000BB6C,49,59,Sordland/Turn04/InT_SSCRailwayIssue,Gus Manger,en,「これは、彼らが基本契約上の義務を果たせなかったことの証拠です。我々が彼らを信頼してしまったのは実に残念なことです。」
0x010000040000BB73,49,60,Sordland/Turn04/InT_SSCRailwayIssue,Player,en,「その資金が無駄になる可能性もある。我々はすでにこの投資に多額の費用を費やしているのだ。」
0x010000040000BB73,49,60,Sordland/Turn04/InT_SSCRailwayIssue,Player,Menu Text en,「その資金が無駄になる可能性もある。我々はすでにこの投資に多額の費用を費やしているのだ。」
0x010000040000BB7A,49,61,Sordland/Turn04/InT_SSCRailwayIssue,Player,en,「建設責任者たちにもっと資金を与えて、期限を守るためにより多くの労働者を雇い、機械も購入できるようにしよう。」
0x010000040000BB7A,49,61,Sordland/Turn04/InT_SSCRailwayIssue,Player,Menu Text en,「建設業者たちにもっと資金を与えて、より多くの労働者を雇い、期限を守るための機械を購入できるようにしよう。」 ［政府予算-1］
0x010000040000BB82,49,62,Sordland/Turn04/InT_SSCRailwayIssue,Symon Holl,en,「この追加投資があれば、事態を元の軌道に戻すのに十分かもしれません。ですが、他の場所でも同様に資金が必要なため、余計に費用を使わざるを得ず、残念でなりません。」
0x010000040000BB89,49,63,Sordland/Turn04/InT_SSCRailwayIssue,Gus Manger,en,「SSCからの報告によると、ゲルソードへ向かう途中のいくつかの地域で土砂崩れの危険性があり、作業員の安全が脅かされるため進捗が遅れているそうです。私の考えでは、彼らは事前にそのことを把握していたはずです。」
0x010000040000BB8F,49,64,Sordland/Turn04/InT_SSCRailwayIssue,Player,en,「正式に警告するのも一つの方法だが具体的な効果は期待できない。我々には行動が必要だ。」
0x010000040000BB8F,49,64,Sordland/Turn04/InT_SSCRailwayIssue,Player,Menu Text en,「正式に警告するのも一つの方法だが具体的な効果は期待できない。我々には行動が必要だ。」
0x0100000100001112,49,65,Sordland/Turn04/InT_SSCRailwayIssue,Player,en,「あなたの言う通りだった。政府はもう二度とSSCと協力することはない。」
0x0100000100001112,49,65,Sordland/Turn04/InT_SSCRailwayIssue,Player,Menu Text en,「あなたの言う通りだった。政府はもう二度とSSCと協力することはない。」
0x010000010000111A,49,66,Sordland/Turn04/InT_SSCRailwayIssue,Player,en,「言い訳や理由ではなく、解決策を聞かせてもらいたい。」
0x010000010000111A,49,66,Sordland/Turn04/InT_SSCRailwayIssue,Player,Menu Text en,「言い訳や理由ではなく、解決策を聞かせてもらいたい。」
0x0100000100001122,49,67,Sordland/Turn04/InT_SSCRailwayIssue,Gus Manger,en,「大統領、率直なことを申し上げますと、SSCの経営陣は何でも自分たちが知っているという態度のため、連絡を取るのが非常に困難です。」
0x0100000100001135,49,68,Sordland/Turn04/InT_SSCRailwayIssue,Gus Manger,en,「ご判断は正しいです、大統領。もし予算が確保できれば、将来的に第二のプロジェクトを進めるための基盤が整うはずです。」
0x0100000100001145,49,69,Sordland/Turn04/InT_SSCRailwayIssue,Symon Holl,en,「我々は現在の問題を解決することに集中しなければなりません。」
0x0100000100001189,49,70,Sordland/Turn04/InT_SSCRailwayIssue,Gus Manger,en,「ご指摘の通りです。私としては彼らに警告することを勧めます。そうすれば、彼らも状況を悟る可能性があります。」
0x0100000100001195,49,71,Sordland/Turn04/InT_SSCRailwayIssue,Gus Manger,en,「もし彼らがソードランドの大統領の言うことを聞かないのであれば、一体誰の言うことを聞くというのでしょうか。」
0x0100000100001B38,49,73,Sordland/Turn04/InT_SSCRailwayIssue,Symon Holl,en,「リーダーシップの交代を要求することも可能でしょう。」
0x0100000100001B73,49,74,Sordland/Turn04/InT_SSCRailwayIssue,Gus Manger,en,「私は事を始める前から何らかの問題が起こるだろうと予想していました。この企業には、状況に応じて問題を解決する方法を知らない古態依然とした連中ばかりです。」
0x0100000000013ECA,50,3,Sordland/Turn04/InT_SSCHighwayIssue,Narrator,en,しかし、我々が訪れた主な目的は、期限を危うくするようになっていた建設上の問題を解決することだった。
0x0100000000013EE4,50,4,Sordland/Turn04/InT_SSCHighwayIssue,Narrator,en,H-3高速道路の建設により、サーモンで有名な海辺の町レンクルグを訪れる第二の機会が生まれた。都市部から何千人もの人々が、この新しい高速道路建設プロジェクトで働くことになった。
0x0100000000013EEC,50,5,Sordland/Turn04/InT_SSCHighwayIssue,Narrator,en,アルヴォリーの市長であるエリック・ニールからも支援のメッセージが寄せられ、彼はH-3への投資に感謝していた。
0x0100000000013F5E,50,9,Sordland/Turn04/InT_SSCHighwayIssue,Narrator,en,市長は自身の屋敷で我々をもてなし、アグンランド地方へ大規模に投資するという我々の決断を称賛した。
0x0100000000013F65,50,10,Sordland/Turn04/InT_SSCHighwayIssue,Narrator,en,我々最初に市長と会い、街の簡単な見学をした。
0x0100000000013FD5,50,11,Sordland/Turn04/InT_SSCHighwayIssue,Narrator,en,会議は終わった。我々三人はレンクルグの海岸に行った。そこはかなり岩が多かったものの、とても手つかずの状態だった。マルキア海越しの夕日は実に見事だった。
0x0100000000014087,50,12,Sordland/Turn04/InT_SSCHighwayIssue,Narrator,en,一日間に及ぶ訪問は、街の要人たちが集まる夕食会をもって終わった。その多くは官僚だった。
0x010000000001408F,50,13,Sordland/Turn04/InT_SSCHighwayIssue,Symon Holl,en,「それで問題なく進むはずです。工程を前に進める方法が見つかって良かったですね。」
0x0100000000014099,50,14,Sordland/Turn04/InT_SSCHighwayIssue,Narrator,en,その後、我々はホルソードへと戻った。
0x010000000002CC5A,50,16,Sordland/Turn04/InT_SSCHighwayIssue,Narrator,en,その後、我々は市役所に集まった。サイモンは心配そうな表情を浮かべていた。
0x010000040000BC12,50,17,Sordland/Turn04/InT_SSCHighwayIssue,Lileas Graf,en,「大統領、私を信じてください。これこそが我々が行える最良の投資です。SSCはこの経験からさらに成長し、学んでいくでしょう。」
0x010000040000BC19,50,18,Sordland/Turn04/InT_SSCHighwayIssue,Symon Holl,en,「この追加投資があれば、事態を元の軌道に戻すのに十分かもしれません。ですが、他の場所でも同様に資金が必要なため、余計に費用を使わざるを得ず、残念でなりません。」
0x010000040000BC20,50,19,Sordland/Turn04/InT_SSCHighwayIssue,Lileas Graf,en,「現場の状況に対して警告がどれほど効果を発揮できるか、私にはよく分からない。経営陣はすでに対処しなければならない問題が山積みだ。」
0x010000040000BC26,50,20,Sordland/Turn04/InT_SSCHighwayIssue,Player,en,「SSCは国家が所有している。彼らには報復することも、自分たちを養ってくれる存在を害することもできないのだ。」
0x010000040000BC26,50,20,Sordland/Turn04/InT_SSCHighwayIssue,Player,Menu Text en,「SSCは国家が所有している。彼らには報復することも、自分たちを養ってくれる存在を害することもできないのだ。」
0x010000040000BC2D,50,21,Sordland/Turn04/InT_SSCHighwayIssue,Narrator,en,シモンは深く息を吸い、話を続けた。
0x010000040000BC34,50,22,Sordland/Turn04/InT_SSCHighwayIssue,Lileas Graf,en,「より多くの資源があれば、建設責任者たちは期限を守る可能性が高くなります。他のどんな対処法もソードランドに損害を与えるだけです。」
0x010000040000BC46,50,26,Sordland/Turn04/InT_SSCHighwayIssue,Lileas Graf,en,「これは悪い決断でした。これによって名誉あるSSCが最も大きな被害を受け、我々の取り組みも妨げられることになります。」
0x010000040000BC4D,50,27,Sordland/Turn04/InT_SSCHighwayIssue,Symon Holl,en,「まったく同感です。この状態がこれ以上続くべきではありません。」
0x010000040000BC53,50,28,Sordland/Turn04/InT_SSCHighwayIssue,Lileas Graf,en,「私も同感です。労働力を増やし、新しい機械を購入すれば建設の進度は回復できるでしょう。」
0x010000040000BC59,50,29,Sordland/Turn04/InT_SSCHighwayIssue,Player,en,「建設責任者たちにもっと資金を与えて、期限を守るためにより多くの労働者を雇い、機械も購入できるようにしよう。」
0x010000040000BC59,50,29,Sordland/Turn04/InT_SSCHighwayIssue,Player,Menu Text en,「建設業者たちにもっと資金を与えて、より多くの労働者を雇い、期限を守るための機械を購入できるようにしよう。」 ［政府予算-1］
0x010000040000BC60,50,30,Sordland/Turn04/InT_SSCHighwayIssue,Player,en,「期限を守るため、建設現場の責任者たちをもっと有能な人間に交代させてくれ。」
0x010000040000BC60,50,30,Sordland/Turn04/InT_SSCHighwayIssue,Player,Menu Text en,「期限を守るため、建設現場の責任者たちをもっと有能な人間に交代させてくれ。」
0x010000040000BC67,50,31,Sordland/Turn04/InT_SSCHighwayIssue,Player,en,「建設管理者たちに警告しろ。経済省と大統領府から正式な警告を送れ。」
0x010000040000BC67,50,31,Sordland/Turn04/InT_SSCHighwayIssue,Player,Menu Text en,「建設管理者たちに警告しろ。経済省と大統領府から正式な警告を送れ。」
0x010000040000BC6E,50,32,Sordland/Turn04/InT_SSCHighwayIssue,Lileas Graf,en,「外国人ではなく、失業している我が国の国民たちに雇用の機会を創出することは極めて重要です。」
0x010000040000BC74,50,33,Sordland/Turn04/InT_SSCHighwayIssue,Symon Holl,en,「建設責任者たちに金を渡すか、警告するか、あるいは彼らを交代させるしかありません。」
0x010000040000BC7A,50,34,Sordland/Turn04/InT_SSCHighwayIssue,Symon Holl,en,「現金を投入すれば、プロジェクトの費用はさらに上昇するでしょう。」
0x010000040000BC80,50,35,Sordland/Turn04/InT_SSCHighwayIssue,Symon Holl,en,「何らかの方法でこの問題を解決しなければなりません。さもなければ将来的に深刻な事態を招く可能性があります。」
0x010000040000BC86,50,36,Sordland/Turn04/InT_SSCHighwayIssue,Player,en,「開業日を守るためには、そうすることさえ必要かもしれない。」
0x010000040000BC86,50,36,Sordland/Turn04/InT_SSCHighwayIssue,Player,Menu Text en,「開業日を守るためには、そうすることさえ必要かもしれない。」
0x010000040000BC8D,50,37,Sordland/Turn04/InT_SSCHighwayIssue,Symon Holl,en,「彼らはきっとより真剣に受け止め、作業のスピードを上げるための対策を講じるでしょう。」
0x010000040000BC93,50,38,Sordland/Turn04/InT_SSCHighwayIssue,Player,en,「その資金が無駄になる可能性もある。我々はすでにこの投資に多額の費用を費やしているのだ。」
0x010000040000BC93,50,38,Sordland/Turn04/InT_SSCHighwayIssue,Player,Menu Text en,「その資金が無駄になる可能性もある。我々はすでにこの投資に多額の費用を費やしているのだ。」
0x010000040000BC9A,50,39,Sordland/Turn04/InT_SSCHighwayIssue,Player,en,「彼らに厳重な警告を与えるのが解決策かもしれない。軽い注意程度では効果は期待できないだろう。」
0x010000040000BC9A,50,39,Sordland/Turn04/InT_SSCHighwayIssue,Player,Menu Text en,「彼らに厳重な警告を与えるのが解決策かもしれない。軽い注意程度では効果は期待できないだろう。」
0x010000040000BCA1,50,40,Sordland/Turn04/InT_SSCHighwayIssue,Lileas Graf,en,「国が他の国に警告を発するなんて、そもそも全く意味がありません。彼らの言い分は単なる口実に過ぎません。」
0x010000040000BCA7,50,41,Sordland/Turn04/InT_SSCHighwayIssue,Player,en,「正式に警告するのも一つの方法だが具体的な効果は期待できない。我々には行動が必要だ。」
0x010000040000BCA7,50,41,Sordland/Turn04/InT_SSCHighwayIssue,Player,Menu Text en,「正式に警告するのも一つの方法だが具体的な効果は期待できない。我々には行動が必要だ。」
0x010000040000BCAE,50,42,Sordland/Turn04/InT_SSCHighwayIssue,Symon Holl,en,「もし彼らがその資金を手に入れたとしても、きちんと管理してくれることを願うしかありません。私としてはまだ完全には納得していません。」
0x010000040000BCB4,50,43,Sordland/Turn04/InT_SSCHighwayIssue,Lileas Graf,en,「もし開幕式を期日通りに行えば、国民は我々の効率性を高く評価するでしょう。」
0x010000040000BCBA,50,44,Sordland/Turn04/InT_SSCHighwayIssue,Symon Holl,en,「失敗に報酬も罰も与えられないのは良いことです。我々は人脈を通じてより有能な人材を見つけ出します。」
0x010000040000BCC1,50,45,Sordland/Turn04/InT_SSCHighwayIssue,Symon Holl,en,「それは過激な措置かもしれませんが、不合理ではありません。有能な管理者に交代させれば問題は解決します。」
0x010000040000BCC7,50,46,Sordland/Turn04/InT_SSCHighwayIssue,Lileas Graf,en,「アンダーホールのような連中は期限を守るためなら規則を曲げ、労働者の命さえも危険に晒すことを厭わないのです。一方、SSCは規則や規定を厳守しています。」
0x010000040000BCCD,50,47,Sordland/Turn04/InT_SSCHighwayIssue,Lileas Graf,en,「私は全く同意できません。SSCの管理者たちはソードランドで最も経験豊富な建設管理者たちです。」
0x010000040000BCD3,50,48,Sordland/Turn04/InT_SSCHighwayIssue,Player,en,「有能な管理者を見つけ出すのも一つの方法だ。新しい人材が状況を元に戻す手助けとなるだろう。」
0x010000040000BCD3,50,48,Sordland/Turn04/InT_SSCHighwayIssue,Player,Menu Text en,「有能な管理者を見つけ出すのも一つの方法だ。新しい人材が状況を元に戻す手助けとなるだろう。」
0x010000040000BCDA,50,49,Sordland/Turn04/InT_SSCHighwayIssue,Symon Holl,en,「民間企業には優秀な建設管理者が大勢おり、SSCで我々のもとで働いてくれるはずです。」
0x010000040000BCEB,50,50,Sordland/Turn04/InT_SSCHighwayIssue,Symon Holl,en,「進捗が予定より遅れているため、この建設工事について懸念しています。」
0x010000040000BCF1,50,51,Sordland/Turn04/InT_SSCHighwayIssue,Player,en,「SSCを加速させるにはより多くのリソースが必要かもしれない。その期限は必ず守らなければならない。」
0x010000040000BCF1,50,51,Sordland/Turn04/InT_SSCHighwayIssue,Player,Menu Text en,「SSCを加速させるにはより多くのリソースが必要かもしれない。その期限は必ず守らなければならない。」
0x010000040000BCF8,50,52,Sordland/Turn04/InT_SSCHighwayIssue,Symon Holl,en,「我々はこのプロジェクトを1955年暮れに完了させるよう計画しましたが、現在の進捗状況ではソードランド国営公社がその目標を達成できないかもしれません。」
0x010000040000BCFE,50,53,Sordland/Turn04/InT_SSCHighwayIssue,Player,en,「我々は、無能な経営によってプロジェクトが遅れることを許してはならない。それは決して容認できないことだ。」
0x010000040000BCFE,50,53,Sordland/Turn04/InT_SSCHighwayIssue,Player,Menu Text en,「我々は、無能な経営によってプロジェクトが遅れることを許してはならない。それは決して容認できないことだ。」
0x010000040000BD05,50,54,Sordland/Turn04/InT_SSCHighwayIssue,Lileas Graf,en,「SSCは原則を重んじる組織ですので、急いで人々の命を危険にさらすようなことはしません。国家として軽率な行動を取ってはなりません。」
0x010000040000BD0B,50,55,Sordland/Turn04/InT_SSCHighwayIssue,Player,en,「経営陣は解雇されるべきだ。これは容認できない。」
0x010000040000BD0B,50,55,Sordland/Turn04/InT_SSCHighwayIssue,Player,Menu Text en,「経営陣は解雇されるべきだ。これは容認できない。」
0x010000040000BD12,50,56,Sordland/Turn04/InT_SSCHighwayIssue,Lileas Graf,en,「しかし、それに伴って他の問題も生じます。管理チーム内に混乱を招き、さらなる問題を引き起こすようなことは避けたいのです。」
0x010000040000BD18,50,57,Sordland/Turn04/InT_SSCHighwayIssue,Player,en,「SSCならば必ず期限内に任務を達成してくれると信じている。」
0x010000040000BD18,50,57,Sordland/Turn04/InT_SSCHighwayIssue,Player,Menu Text en,「SSCならば必ず期限内に任務を達成してくれると信じている。」
0x010000040000BD1F,50,58,Sordland/Turn04/InT_SSCHighwayIssue,Player,en,「シモン、どうすれば建設の速度を上げることができるのか？」
0x010000040000BD1F,50,58,Sordland/Turn04/InT_SSCHighwayIssue,Player,Menu Text en,「どうすれば建設を再び予定通りに進められるだろうか？」
0x010000040000BD26,50,59,Sordland/Turn04/InT_SSCHighwayIssue,Symon Holl,en,「それがまさに重要な問題です。SSCが期限を守るためには、解決すべき課題がいくつかあります。」
0x010000040000BD36,50,60,Sordland/Turn04/InT_SSCHighwayIssue,Symon Holl,en,「その警告が彼らの業務遂行に良い影響をもたらすことを願っています。必要であれば、後日さらに厳しい対応を取ることもできます。」
0x010000040000BD42,50,61,Sordland/Turn04/InT_SSCHighwayIssue,Lileas Graf,en,「なぜそんなことをするのですか？SSCは当局を完全に尊重しており、我々に逆らうようなことは決してしません。」
0x010000040000BD48,50,62,Sordland/Turn04/InT_SSCHighwayIssue,Symon Holl,en,「重要な問題の一つは、彼らの建設管理チームです。もう一つは、より多くの人員を必要とする時代遅れの建設手法かもしれませんが、それが問題の原因かどうかは確信が持てません。」
0x0100000100001B28,50,64,Sordland/Turn04/InT_SSCHighwayIssue,Player,en,「私は原則など気にしない。約束した開始日は必ず守られなければならない。」
0x0100000100001B28,50,64,Sordland/Turn04/InT_SSCHighwayIssue,Player,Menu Text en,「私は原則など気にしない。約束した開始日は必ず守られなければならない。」
0x0100000100001B2F,50,65,Sordland/Turn04/InT_SSCHighwayIssue,Player,en,「これでは全く信頼感が湧かない。おそらくSSCを選ばなかった方が良かったのだろう。」
0x0100000100001B2F,50,65,Sordland/Turn04/InT_SSCHighwayIssue,Player,Menu Text en,「これでは全く信頼感が湧かない。おそらくSSCを選ばなかった方が良かったのだろう。」
0x0100000100001B44,50,66,Sordland/Turn04/InT_SSCHighwayIssue,Lileas Graf,en,「大統領、命を危険にさらすべきではありません。絶対的な必要がない限り、SSCが建設の進行を遅らせることはありません。」
0x0100000100001B4A,50,67,Sordland/Turn04/InT_SSCHighwayIssue,Symon Holl,en,「どちらにせよ、現在の問題を解決してもらう必要があります。」
0x0100000100001B50,50,68,Sordland/Turn04/InT_SSCHighwayIssue,Symon Holl,en,「彼らが目標を達成できるか自信がないため、検討する価値はあります。」
0x0100000100001B56,50,69,Sordland/Turn04/InT_SSCHighwayIssue,Lileas Graf,en,「私もそう思いますが、工程を加速させるために新しい機械を購入できるよう予算を増やすべきかもしれません。」
0x0100000100001B6B,50,70,Sordland/Turn04/InT_SSCHighwayIssue,Lileas Graf,en,「管理者たちと話し合った結果、彼らは着実にだがゆっくりと作業を進めているとのことです。レンクルグとアルヴォリー間の断崖沿いでの敷設工事は、予想以上に危険な状況にあります。」
0x0100000100001B80,50,74,Sordland/Turn04/InT_SSCHighwayIssue,Narrator,en,数十人もの人々が屋敷の外で応援の意を示し、党のスローガンを叫んでいた。
0x0100000000094F48,51,3,Sordland/Turn04/Personal_Jogging,Narrator,en,夕方早く、外はまだ明るく、空気にはわずかな寒さが感じられただけだった。フランクは友人のところにいて、ディアナは美術教室にいた。私とモニカは夕食前に散歩に出かけることにした。
0x0100000000094F50,51,4,Sordland/Turn04/Personal_Jogging,Narrator,en,モニカはドアのところで私に会い、我々二人はコートと帽子を着た。
0x0100000000094F89,51,5,Sordland/Turn04/Personal_Jogging,Monica,en,「どうにかして、この国のために貢献したいの。何があってもね。」
0x0100000000094F8F,51,6,Sordland/Turn04/Personal_Jogging,Narrator,en,モニカは興奮で顔を赤らめながら、私に満面の笑みを向けた。
0x0100000000094FB0,51,8,Sordland/Turn04/Personal_Jogging,Monica,en,「家に戻って夕食を取りましょう。」
0x0100000000094FC2,51,9,Sordland/Turn04/Personal_Jogging,Narrator,en,そんなに簡単に変えられてしまうのであれば、我々の理想とは一体何だったのだろうか？我々が尊敬する人々はどうなるのだろうか？
0x0100000000094FC8,51,10,Sordland/Turn04/Personal_Jogging,Narrator,en,イオナスはかつて、ソルの司法制度改革に強く抵抗していた。しかし、政府が彼のあらゆる動きを妨げ続けた数年間を経て、彼は自分の理想を捨て、政権の一員となった。
0x0100000000094FCE,51,11,Sordland/Turn04/Personal_Jogging,Narrator,en,川に着いたとき、元法務大臣のイオナス・クローナが反対方向に歩いているのが見えた。ニア・モルグナがかつて彼の副大臣だったことを私は思い出した。彼は我々に軽く会釈をして挨拶した。
0x0100000000094FF0,51,12,Sordland/Turn04/Personal_Jogging,Narrator,en,私が彼女と結婚したのは、まさにこの情熱と決意のためだった。遅かれ早かれ彼女も政治の場で私と共に歩むようになるだろうと、以前から予想しているべきだった。
0x0100000000094FF7,51,13,Sordland/Turn04/Personal_Jogging,Monica,en,「そうでなければ、私たちもあのような目に遭うことになるわ…」
0x0100000000094FFD,51,14,Sordland/Turn04/Personal_Jogging,Monica,en,「アントン、私たちは弱くないわ。でも理想を守り続けている限りだけが強いのよ。」
0x010000000009501C,51,25,Sordland/Turn04/Personal_Jogging,Player,en,「エヴァルト・アルフォンソか？」
0x010000000009501C,51,25,Sordland/Turn04/Personal_Jogging,Player,Menu Text en,「エヴァルト・アルフォンソか？」
0x0100000000095024,51,26,Sordland/Turn04/Personal_Jogging,Player,en,「ソル大佐か？」
0x0100000000095024,51,26,Sordland/Turn04/Personal_Jogging,Player,Menu Text en,「ソル大佐か？」
0x010000000009502B,51,27,Sordland/Turn04/Personal_Jogging,Player,en,「イオナス・クロナ？」
0x010000000009502B,51,27,Sordland/Turn04/Personal_Jogging,Player,Menu Text en,「イオナス・クロナ？」
0x0100000000095043,51,31,Sordland/Turn04/Personal_Jogging,Monica,en,「前の大統領も最善を尽くした。ええ、失敗はしたが、それは彼の理想が原因ではなかった。」
0x010000000009504A,51,32,Sordland/Turn04/Personal_Jogging,Monica,en,「もう一度考えてみて。」
0x0100000000095051,51,33,Sordland/Turn04/Personal_Jogging,Monica,en,「もう一度言ってみて。」
0x0100000000095057,51,34,Sordland/Turn04/Personal_Jogging,Monica,en,「何を言われても、あの過去の遺物は昔も今も、ソードランドで最も理想主義的な人間の一人だよ。」
0x010000000009505F,51,35,Sordland/Turn04/Personal_Jogging,Monica,en,「その通りよ。彼は自分の理想を捨ててしまったから、今ではみんなが彼の本当の姿を知っているの...」
0x0100000000095066,51,36,Sordland/Turn04/Personal_Jogging,Narrator,en,その時、我々は再びイオナス・クローナのそばを通り過ぎた。彼は近くのベンチに座り、自分も散歩の後で一服していた。モニカは満面の笑みを浮かべて彼に挨拶し、そのあと私の方を向いた。
0x0100000000095077,51,39,Sordland/Turn04/Personal_Jogging,Monica,en,「……臆病者ね。」
0x010000000009507E,51,40,Sordland/Turn04/Personal_Jogging,Narrator,en,我々はベンチから立ち上がり、自宅に戻る道を歩き始めた。
0x0100000000095085,51,41,Sordland/Turn04/Personal_Jogging,Narrator,en,もし人々がイオナスのことをそのように記憶しているのなら、私のことはどう思っているのだろうか？彼が何をしたにせよ、どんな理想を失ったにせよ、きっとそれには理由があったはずだ。
0x010000000009508C,51,42,Sordland/Turn04/Personal_Jogging,Narrator,en,彼らは私のことを真の愛国者として覚えているだろうか？国の改革者として記憶されるだろうか？歴史書には私について何が書かれるのだろうか？
0x010000000009509B,51,43,Sordland/Turn04/Personal_Jogging,Player,en,「もちろんだ。先導してくれ。」
0x010000000009509B,51,43,Sordland/Turn04/Personal_Jogging,Player,Menu Text en,「もちろんだ。先導してくれ。」
0x01000000000950B1,51,44,Sordland/Turn04/Personal_Jogging,Narrator,en,私はちょうど、その言葉の意味を理解し始めたところだった。
0x01000000000950B8,51,45,Sordland/Turn04/Personal_Jogging,Narrator,en,地平線に太陽が沈み始め、雲をオレンジ色やピンク色に染め上げた。
0x01000000000950C1,51,46,Sordland/Turn04/Personal_Jogging,Monica,en,「それで、今日はどうだったの？」
0x01000000000950CA,51,47,Sordland/Turn04/Personal_Jogging,Player,en,「書類仕事や終わりのない会議……いつもの悪夢だ。」
0x01000000000950CA,51,47,Sordland/Turn04/Personal_Jogging,Player,Menu Text en,「書類仕事や終わりのない会議……いつもの悪夢だ。」
0x01000000000950D2,51,48,Sordland/Turn04/Personal_Jogging,Player,en,「それについては言及しない。」
0x01000000000950D2,51,48,Sordland/Turn04/Personal_Jogging,Player,Menu Text en,「それについては言及しない。」
0x01000000000950DA,51,49,Sordland/Turn04/Personal_Jogging,Player,en,「あなたの一日はどうだったか？」
0x01000000000950DA,51,49,Sordland/Turn04/Personal_Jogging,Player,Menu Text en,「あなたの一日はどうだったか？」
0x01000000000950E2,51,50,Sordland/Turn04/Personal_Jogging,Monica,en,「それ、本当にそんなに良かったの？」
0x01000000000950E8,51,51,Sordland/Turn04/Personal_Jogging,Monica,en,「わからないわ。きっと、刺激的だと思う人もいるでしょうね。」
0x01000000000950EE,51,52,Sordland/Turn04/Personal_Jogging,Monica,en,「私の質問を避けてるのね？まあいいわ。」
0x01000000000950F7,51,53,Sordland/Turn04/Personal_Jogging,Player,en,「あなたの一日はどうだったか？」
0x01000000000950F7,51,53,Sordland/Turn04/Personal_Jogging,Player,Menu Text en,「あなたの一日はどうだったか？」
0x01000000000950FF,51,54,Sordland/Turn04/Personal_Jogging,Monica,en,「あら、まあ平気よ。子供たちが学校にいる間に本を読んで過ごしたの。」
0x0100000000095107,51,55,Sordland/Turn04/Personal_Jogging,Monica,en,「エヴリンもお茶に来てくれたの。挨拶をしてくれたわ。でもちょっと落ち込んでいるみたい。どうやら彼女とペトルの間に少し意見の食い違いがあったらしいの。」
0x010000000009510E,51,56,Sordland/Turn04/Personal_Jogging,Monica,en,「どうやらペトルは相変わらずウイスキーを飲み過ぎて、昨日エヴリンの父親が夕食に来たときにちゃんとした態度を取れなかったみたい。」
0x0100000000095114,51,57,Sordland/Turn04/Personal_Jogging,Monica,en,「そうでありますように。二人はいつもとても親しそうに見えましたから。」
0x010000000009511A,51,58,Sordland/Turn04/Personal_Jogging,Player,en,「あれがペトルだ――いつも不機嫌な男だ。私が彼と話をしてくる。」
0x010000000009511A,51,58,Sordland/Turn04/Personal_Jogging,Player,Menu Text en,「あれがペトルだ――いつも不機嫌な男だ。私が彼と話をしてくる。」
0x0100000000095121,51,59,Sordland/Turn04/Personal_Jogging,Player,en,「これは一時的な困難に過ぎない、愛しい人。彼らは大丈夫だろう。」
0x0100000000095121,51,59,Sordland/Turn04/Personal_Jogging,Player,Menu Text en,「これは一時的な困難に過ぎない、愛しい人。彼らは大丈夫だろう。」
0x0100000000095128,51,60,Sordland/Turn04/Personal_Jogging,Player,en,「正直言って、私はどうでもいいと思う。」
0x0100000000095128,51,60,Sordland/Turn04/Personal_Jogging,Player,Menu Text en,「正直言って、私はどうでもいいと思う。」
0x0100000000095135,51,61,Sordland/Turn04/Personal_Jogging,Player,en,「誰だ？」
0x0100000000095135,51,61,Sordland/Turn04/Personal_Jogging,Player,Menu Text en,「誰だ？」
0x010000000009513D,51,62,Sordland/Turn04/Personal_Jogging,Player,en,「ああ、ジャニスか……そうだったね。」
0x010000000009513D,51,62,Sordland/Turn04/Personal_Jogging,Player,Menu Text en,「ああ、ジャニスか……そうだったね。」
0x0100000000095145,51,63,Sordland/Turn04/Personal_Jogging,Monica,en,「大学時代の友達のこと、覚えてるでしょ？一緒にソードランド人文学の授業を受けてたじゃない？」
0x010000000009514D,51,64,Sordland/Turn04/Personal_Jogging,Narrator,en,その名前も特徴の描写も、私には何の印象も与えなかった。
0x0100000000095153,51,65,Sordland/Turn04/Personal_Jogging,Monica,en,「とにかく、彼女はヴァイオレット・ピクチャーズ映画スタジオで執行アシスタントとして働いているのよ。」
0x0100000000095159,51,66,Sordland/Turn04/Personal_Jogging,Player,en,「ああ、そのジャニスのことだね。」
0x0100000000095159,51,66,Sordland/Turn04/Personal_Jogging,Player,Menu Text en,「ああ、そのジャニスのことだね。」
0x0100000000095160,51,67,Sordland/Turn04/Personal_Jogging,Player,en,「私にもまだ彼女のことは思い出せないが、続けてくれ。」
0x0100000000095160,51,67,Sordland/Turn04/Personal_Jogging,Player,Menu Text en,「私にもまだ彼女のことは思い出せないが、続けてくれ。」
0x010000000009516B,51,68,Sordland/Turn04/Personal_Jogging,Monica,en,「彼女、最近妊娠してて、上司に有給の産休を申請したの。で、何か分かった？」「『あなた』、その子のこと、ちゃんと面倒見てあげてね。」
0x0100000000095172,51,69,Sordland/Turn04/Personal_Jogging,Monica,en,「彼女、そのせいで解雇されちゃったのよ！」
0x0100000000095178,51,70,Sordland/Turn04/Personal_Jogging,Player,en,「産休を申請した後だって？それはひどすぎる。」
0x0100000000095178,51,70,Sordland/Turn04/Personal_Jogging,Player,Menu Text en,「産休を申請した後だって？それはひどすぎる。」
0x010000000009517F,51,71,Sordland/Turn04/Personal_Jogging,Player,en,「それが何だというのか？」
0x010000000009517F,51,71,Sordland/Turn04/Personal_Jogging,Player,Menu Text en,「それが何だというのか？」
0x0100000000095188,51,72,Sordland/Turn04/Personal_Jogging,Monica,en,「ええ、彼女から聞いたときは本当に動揺しちゃったの。それだけじゃないわ。」
0x010000000009518F,51,73,Sordland/Turn04/Personal_Jogging,Monica,en,「彼らはすぐに、若くて経験の少ない男を彼女の代わりに据えたの。しかも役員の息子だっていうのよ。」
0x0100000000095195,51,74,Sordland/Turn04/Personal_Jogging,Monica,en,「『それがどうしたの？』アントン、彼女は泣いてたのよ。その後何があったのか聞いてみたの。」
0x010000000009519E,51,75,Sordland/Turn04/Personal_Jogging,Player,en,「それはまったく馬鹿げている。」
0x010000000009519E,51,75,Sordland/Turn04/Personal_Jogging,Player,Menu Text en,「それはまったく馬鹿げている。」
0x01000000000951A6,51,76,Sordland/Turn04/Personal_Jogging,Player,en,「では、彼女はファーストレディに助けを求めたのか？」
0x01000000000951A6,51,76,Sordland/Turn04/Personal_Jogging,Player,Menu Text en,「では、彼女はファーストレディに助けを求めたのか？」
0x01000000000951AE,51,77,Sordland/Turn04/Personal_Jogging,Player,en,「縁故主義か？どうやら最初からあの男をその地位に据えたかったようだね。」
0x01000000000951AE,51,77,Sordland/Turn04/Personal_Jogging,Player,Menu Text en,「縁故主義か？どうやら最初からあの男をその地位に据えたかったようだね。」
0x01000000000951B6,51,78,Sordland/Turn04/Personal_Jogging,Monica,en,「私と同じ意見でよかったわ。」
0x01000000000951BC,51,79,Sordland/Turn04/Personal_Jogging,Monica,en,「彼女は友人に電話したの。私がこれに情熱を注いでいることを知っているからよ。」
0x01000000000951C3,51,80,Sordland/Turn04/Personal_Jogging,Monica,en,「それだけじゃ、彼女にしたことの言い訳にはならないわ。」
0x01000000000951CB,51,81,Sordland/Turn04/Personal_Jogging,Monica,en,「実は、別の友人が秘書を募集しているテレビ局で働いていて、私が二人を引き合わせたの。」
0x01000000000951D1,51,82,Sordland/Turn04/Personal_Jogging,Player,en,「素晴らしい！それなら問題も解決だね。」
0x01000000000951D1,51,82,Sordland/Turn04/Personal_Jogging,Player,Menu Text en,「素晴らしい！それなら問題も解決だね。」
0x01000000000951D8,51,83,Sordland/Turn04/Personal_Jogging,Player,en,「ですが、それでは根本的な問題は解決しない。」
0x01000000000951D8,51,83,Sordland/Turn04/Personal_Jogging,Player,Menu Text en,「ですが、それでは根本的な問題は解決しない。」
0x01000000000951ED,51,84,Sordland/Turn04/Personal_Jogging,Monica,en,「アンリカの市長であるクルタン・レステが、ベンフィ祭の年次開幕式で演説をするって知ってるわ。」
0x01000000000951F3,51,85,Sordland/Turn04/Personal_Jogging,Monica,en,「私たちの声が聞かれるようにしたいの。この祭りこそ、その機会よ。アントン、そしてソードランドの大統領としてのあなたの祝福だけが必要なの。」
0x01000000000951F9,51,86,Sordland/Turn04/Personal_Jogging,Player,en,「私は常に、あなたを心から支援する。」
0x01000000000951F9,51,86,Sordland/Turn04/Personal_Jogging,Player,Menu Text en,「私は常に、あなたを心から支援する。」
0x0100000000095200,51,87,Sordland/Turn04/Personal_Jogging,Player,en,「断じてだめだ。そんなことはあり得ない。」
0x0100000000095200,51,87,Sordland/Turn04/Personal_Jogging,Player,Menu Text en,「断じてだめだ。そんなことはあり得ない。」
0x0100000000095207,51,88,Sordland/Turn04/Personal_Jogging,Player,en,「もちろんだ、ただの演説に過ぎない。最悪何が起こるというのだろうか？」
0x0100000000095207,51,88,Sordland/Turn04/Personal_Jogging,Player,Menu Text en,「もちろんだ、ただの演説に過ぎない。最悪何が起こるというのだろうか？」
0x0100000000095214,51,89,Sordland/Turn04/Personal_Jogging,Player,en,「私はあなたに政治の世界に足を踏み入れてほしくないのだ。」
0x0100000000095214,51,89,Sordland/Turn04/Personal_Jogging,Player,Menu Text en,「私はあなたに政治の世界に足を踏み入れてほしくないのだ。」
0x010000000009521C,51,90,Sordland/Turn04/Personal_Jogging,Player,en,「今は適切な時期ではない。ソードランドは政治的な混乱に直面しており、女性の権利については後で対処しなければならない。」
0x010000000009521C,51,90,Sordland/Turn04/Personal_Jogging,Player,Menu Text en,「今は適切な時期ではない。ソードランドは政治的な混乱に直面しており、女性の権利については後で対処しなければならない。」
0x0100000000095223,51,91,Sordland/Turn04/Personal_Jogging,Monica,en,「だからこそあなたが大好きなの。ありがとう、アントン――これが私にとってどれほど意味のあることか、あなたには想像もつかないわ。」
0x010000000009522A,51,92,Sordland/Turn04/Personal_Jogging,Monica,en,「アントン、私はあなたを裏切ったりしないわ。ありがとう。」
0x0100000000095231,51,93,Sordland/Turn04/Personal_Jogging,Narrator,en,モニカはしばらく沈黙していた。ようやく口を開いたとき、彼女の声には冷たさが漂っていた。
0x0100000000095237,51,94,Sordland/Turn04/Personal_Jogging,Monica,en,「本当にそう思ってるなら、仕方ないわね。」
0x0100000000095245,51,95,Sordland/Turn04/Personal_Jogging,Narrator,en,我々二人は、お互いの顔を見合わせることもなく家へと歩いて帰った。
0x010000000009524C,51,96,Sordland/Turn04/Personal_Jogging,Player,en,「申し訳ないが、クルタン・レステを怒らせることはできない。」
0x010000000009524C,51,96,Sordland/Turn04/Personal_Jogging,Player,Menu Text en,「申し訳ないが、クルタン・レステを怒らせることはできない。」
0x0100000000095254,51,97,Sordland/Turn04/Personal_Jogging,Monica,en,「たとえ短期的に少し問題が起きたとしても、それは女性だけでなくソードランド全体にとって永続的で良い変化をもたらすことに比べれば何でもないわ。」
0x0100000000095262,51,98,Sordland/Turn04/Personal_Jogging,Player,en,「わかった。あなたにとってそれほど重要なことでしたら、お話しいただけるよう手配をする。」
0x0100000000095262,51,98,Sordland/Turn04/Personal_Jogging,Player,Menu Text en,「わかった。それがあなたにとってそんなに重要なことなら、話す機会を用意しよう。」
0x0100000000095269,51,99,Sordland/Turn04/Personal_Jogging,Player,en,「私はそうは思わない。」
0x0100000000095269,51,99,Sordland/Turn04/Personal_Jogging,Player,Menu Text en,「私はそうは思わない。」
0x0100000000095279,51,100,Sordland/Turn04/Personal_Jogging,Monica,en,「私の願いは、あなたの代わりにその場に立ってスピーチをすることよ。」
0x010000000009527F,51,101,Sordland/Turn04/Personal_Jogging,Monica,en,「それはただのスピーチじゃないの。本当の変化をもたらすチャンスよ。何世紀にもわたる抑圧に終止符を打ち、もっと平等な社会の始まりなのよ。」
0x0100000000095287,51,102,Sordland/Turn04/Personal_Jogging,Monica,en,「わからない。これってあなたも気にしてることだろう？」
0x0100000000095293,51,103,Sordland/Turn04/Personal_Jogging,Monica,en,「この国の女性たちは、やはりまず妻で母として見られ、その次に初めて人間として扱われるのよ。」
0x01000000000952A9,51,106,Sordland/Turn04/Personal_Jogging,Monica,en,「私、経験はないのは分かってる。でもやれるわ。信じてよ！」
0x01000000000952B1,51,107,Sordland/Turn04/Personal_Jogging,Player,en,「私の決定は最終的なものだ。あなたはその演説を行うことはない。」
0x01000000000952B1,51,107,Sordland/Turn04/Personal_Jogging,Player,Menu Text en,「私の決定は最終的なものだ。あなたは演説を行ってはならない。」
0x01000000000952BB,51,108,Sordland/Turn04/Personal_Jogging,Monica,en,「ソードランドにおける女性の権利をテーマにした演説をしたいの。私たちが日々直面している抑圧や差別、つまり性別だけで生じる問題を中心にね。」
0x01000000000952C3,51,109,Sordland/Turn04/Personal_Jogging,Narrator,en,モニカの目には、学生時代以来見たことのない熱い光が宿っていた。彼女はこれを何よりも強く望んでいたのだ。
0x01000000000952CB,51,110,Sordland/Turn04/Personal_Jogging,Narrator,en,しかし、私は自分が出した約束には慎重でなければならなかった。
0x01000000000952D6,51,111,Sordland/Turn04/Personal_Jogging,Player,en,「私の方も同じくらい良かったと願っているが？」
0x01000000000952D6,51,111,Sordland/Turn04/Personal_Jogging,Player,Menu Text en,「私の方も同じくらい良かったと願っているが？」
0x01000000000952E1,51,112,Sordland/Turn04/Personal_Jogging,Monica,en,「アントン、知ってるでしょう、ペトルのこと。これ、どう思う？」
0x01000000000952EB,51,113,Sordland/Turn04/Personal_Jogging,Monica,en,「よかった。エヴリンは泣きそうな様子だったわ。」
0x01000000000952F1,51,114,Sordland/Turn04/Personal_Jogging,Monica,en,「気にした方がいいかもね。だって彼はあなたの副大統領でしょう。それに二人とも私たちの一番親しい友達よ。」
0x01000000000952FA,51,115,Sordland/Turn04/Personal_Jogging,Monica,en,「私より数歳若くて、赤毛で、額に傷がある人よね？彼女とその夫と一緒に食事をしたことが1、2回あるわ。」
0x0100000000095303,51,116,Sordland/Turn04/Personal_Jogging,Monica,en,「でも彼女は何年もずっと同じ職場で働いているのに、給料の上昇すらないのよ。アントン、これは明らかにおかしいわ。それだけじゃないの。」
0x010000000009530C,51,117,Sordland/Turn04/Personal_Jogging,Player_Italic,en,「もちろんだ。私が先導いたす。」
0x010000000009530C,51,117,Sordland/Turn04/Personal_Jogging,Player_Italic,Menu Text en,ご自身で先導する
0x0100000000095315,51,118,Sordland/Turn04/Personal_Jogging,Player,en,「今度は彼女が彼に何のことでしつこく言っているんですか？」
0x0100000000095315,51,118,Sordland/Turn04/Personal_Jogging,Player,Menu Text en,「今度は彼女が彼に何のことでしつこく言っているんですか？」
0x010000000009531E,51,119,Sordland/Turn04/Personal_Jogging,Monica,en,「えっと、去年『ホルソード・ポスト』でエヴリンにあんなことが起きてから、彼女、前みたいじゃないのよ。」
0x0100000000095324,51,120,Sordland/Turn04/Personal_Jogging,Monica,en,「覚えてるでしょ――去年、ホルソード・ポストで起きた出来事の後、彼女がアルフォンソを支持したせいで解雇されたこと。ペトルは彼女の職を取り戻すためにあらゆる手を尽くしたけど、ダメだったのよ。」
0x010000000009532E,51,121,Sordland/Turn04/Personal_Jogging,Player,en,「ペトルがまた問題を起こしたのか？どうしてそうなったのか？」
0x010000000009532E,51,121,Sordland/Turn04/Personal_Jogging,Player,Menu Text en,「ペトルがまた問題を起こしたのか？どうしてそうなったのか？」
0x0100000000095337,51,122,Sordland/Turn04/Personal_Jogging,Monica,en,「でも、ベクターン家の話はもういいわ。ジャニスとも電話で話したの。」
0x010000000009533E,51,123,Sordland/Turn04/Personal_Jogging,Player,en,「たぶん、十分に努力しなかったのだろう。」
0x010000000009533E,51,123,Sordland/Turn04/Personal_Jogging,Player,Menu Text en,「たぶん、十分に努力しなかったのだろう。」
0x0100000000095345,51,124,Sordland/Turn04/Personal_Jogging,Player,en,「彼女にはそれが報いだったのだ。」
0x0100000000095345,51,124,Sordland/Turn04/Personal_Jogging,Player,Menu Text en,「彼女にはそれが報いだったのだ。」
0x010000000009534C,51,125,Sordland/Turn04/Personal_Jogging,Player,en,「ソードランドにおけるジャーナリズムと言論の自由にとって、悲しい日だ。」
0x010000000009534C,51,125,Sordland/Turn04/Personal_Jogging,Player,Menu Text en,「ソードランドにおけるジャーナリズムと言論の自由にとって、悲しい日だ。」
0x0100000000095356,51,126,Sordland/Turn04/Personal_Jogging,Monica,en,「どうしてそんなこと言えるの？ソードランドの報道の自由にとって、今日は本当に悲しい日だったわ。」
0x010000000009535E,51,127,Sordland/Turn04/Personal_Jogging,Monica,en,「どうやってもうまくいかなかったと思うわ。ソードランドの報道の自由にとって、本当に悲しい日だったのよ。」
0x0100000000095366,51,128,Sordland/Turn04/Personal_Jogging,Monica,en,「私も全く同感よ。本当に悲しい日ね。」
0x010000000009536E,51,129,Sordland/Turn04/Personal_Jogging,Player,en,「コストの観点から見てみよう。明らかに、彼らは利益を失いたくないのだ。」
0x010000000009536E,51,129,Sordland/Turn04/Personal_Jogging,Player,Menu Text en,「コストの観点から見てみよう。明らかに、彼らは利益を失いたくないのだ。」
0x0100000000095377,51,130,Sordland/Turn04/Personal_Jogging,Player_Italic,en,私は歩き続けた。
0x0100000000095377,51,130,Sordland/Turn04/Personal_Jogging,Player_Italic,Menu Text en,黙って歩き続ける
0x0100000000095380,51,131,Sordland/Turn04/Personal_Jogging,Monica,en,「この国の女性たちは仕事場で嫌がらせを受けたり、給料が安かったり、権力のある地位に就くこともできなかったりするのよ……それでもまだ幸運な方々なのよ！」
0x0100000000095387,51,132,Sordland/Turn04/Personal_Jogging,Monica,en,「この国には、ディアナのような少女たちが教育を受ける権利さえ奪われている場所がまだあるなんて――」
0x010000000009538E,51,133,Sordland/Turn04/Personal_Jogging,Player,en,「どうぞ。」
0x010000000009538E,51,133,Sordland/Turn04/Personal_Jogging,Player,Menu Text en,「どうぞ。」
0x0100000000095395,51,134,Sordland/Turn04/Personal_Jogging,Player,en,「きっと、その親たちにも何か理由があるのだろう。」
0x0100000000095395,51,134,Sordland/Turn04/Personal_Jogging,Player,Menu Text en,「きっと、その親たちにも何か理由があるのだろう。」
0x010000000009539E,51,135,Sordland/Turn04/Personal_Jogging,Player,en,「ああ、私もその状況を変えるためにできる限りのことをする。」
0x010000000009539E,51,135,Sordland/Turn04/Personal_Jogging,Player,Menu Text en,「ああ、私もその状況を変えるためにできる限りのことをする。」
0x01000000000953A6,51,136,Sordland/Turn04/Personal_Jogging,Monica,en,「アントン、どんな理由なの？これを正当化できるものなんてあるの？」
0x01000000000953AD,51,137,Sordland/Turn04/Personal_Jogging,Player,en,「貧困だ。」
0x01000000000953AD,51,137,Sordland/Turn04/Personal_Jogging,Player,Menu Text en,「貧困だ。」
0x01000000000953B5,51,138,Sordland/Turn04/Personal_Jogging,Player,en,「伝統だ。」
0x01000000000953B5,51,138,Sordland/Turn04/Personal_Jogging,Player,Menu Text en,「伝統だ。」
0x01000000000953BD,51,139,Sordland/Turn04/Personal_Jogging,Monica,en,「だから、みんなが手頃な費用で教育を受けられるように、もっと努力しなくちゃ。その間、ジャニスのような女の子たちや女性たちは、自分たちの代わりに声を上げてくれる人が必要よ。手本になる人、成功した女性がね。」
0x01000000000953C4,51,140,Sordland/Turn04/Personal_Jogging,Monica,en,「こんな時代遅れの考え方が、ソードランドが近代国家へと変わる足を鈍らせているのよ。」
0x01000000000953CB,51,141,Sordland/Turn04/Personal_Jogging,Monica,en,「この子供たちやジャニスのような人々には、彼らの代わりに声を上げてくれる人が必要よ。手本となる存在、つまり成功した女性がね。」
0x01000000000953D1,51,142,Sordland/Turn04/Personal_Jogging,Monica,en,「それで、私の言いたかったことに戻る。」
0x01000000000953D9,51,143,Sordland/Turn04/Personal_Jogging,Monica,en,「この子たちやジャニスのような人々には、自分たちの代わりに声を上げてくれる人が必要よ。手本となる存在、つまり成功した女性がね。」
0x01000000000953E3,51,144,Sordland/Turn04/Personal_Jogging,Monica,en,「あなただけじゃダメよ。この子たちやジャニスのような人々には、自分たちの代わりに声を上げてくれる人が必要なの。手本となる人、つまり成功した女性がね。」
0x0100000000097673,51,145,Sordland/Turn04/Personal_Jogging,Player,en,「まさか。我々には護衛がいるのだ、恐れることは何もない。カピトルパークへ行こう。」
0x0100000000097673,51,145,Sordland/Turn04/Personal_Jogging,Player,Menu Text en,「まさか。我々には護衛がいるのだ、恐れることは何もない。カピトルパークへ行こう。」
0x01000000000976AC,51,146,Sordland/Turn04/Personal_Jogging,Monica,en,「ソル広場に向かって歩こうと思ったのだが、警備員たちにまた抗議活動で閉鎖されているって言われた」
0x01000000000976BA,51,147,Sordland/Turn04/Personal_Jogging,Monica,en,「今回は一体誰に対して抗議しているのかしら。」
0x01000000000976C1,51,148,Sordland/Turn04/Personal_Jogging,Player,en,「何が問題だというのか？あれは同じコインの表裏に過ぎない。」
0x01000000000976C1,51,148,Sordland/Turn04/Personal_Jogging,Player,Menu Text en,「何が問題だというのか？あれは同じコインの表裏に過ぎない。」
0x01000000000976C8,51,149,Sordland/Turn04/Personal_Jogging,Player,en,「ただの暴徒だ。必ず罰を与えてやる。」
0x01000000000976C8,51,149,Sordland/Turn04/Personal_Jogging,Player,Menu Text en,「ただの暴徒だ。必ず罰を与えてやる。」
0x01000000000976CF,51,150,Sordland/Turn04/Personal_Jogging,Player,en,「またあの忌々しい共産主義者どもに違いない。」
0x01000000000976CF,51,150,Sordland/Turn04/Personal_Jogging,Player,Menu Text en,「またあの忌々しい共産主義者どもに違いない。」
0x01000000000976D6,51,151,Sordland/Turn04/Personal_Jogging,Player,en,「ソード青年団はやり過ぎている。」
0x01000000000976D6,51,151,Sordland/Turn04/Personal_Jogging,Player,Menu Text en,「ソード青年団はやり過ぎている。」
0x01000000000976F7,51,152,Sordland/Turn04/Personal_Jogging,Monica,en,「とにかく、どこに行こうかしら？この天気じゃキャピトルパークもあまり良い案だとは思えないわ…」
0x010000000009771C,51,153,Sordland/Turn04/Personal_Jogging,Player,en,「あなたの言う通りだ――そのような安全上のリスクを冒す価値はない。緑地帯の内部に留まろう。」
0x010000000009771C,51,153,Sordland/Turn04/Personal_Jogging,Player,Menu Text en,「あなたの言う通りだ――そのような安全上のリスクを冒す価値はない。緑地帯の内部に留まろう。」
0x010000000009772C,51,154,Sordland/Turn04/Personal_Jogging,Narrator,en,我々が散歩するのに最も好きだった場所は、ホルソード全土で最も広大な緑地である近くのキャピトルパークだった。子供たちが生まれる前は、我々は夜ごと川辺の遊歩道で深い会話を交わしながら時間を過ごした。
0x0100000000097733,51,155,Sordland/Turn04/Personal_Jogging,Narrator,en,もう一つのお気に入りの散歩道は、大統領官邸群の背後にある森を通って続き、夏になると子供たちが泳げる私有の池へと続いていた。その池はソル自身の命令で作られたと聞かされていた。大統領であることの利点というものだ。
0x0100000000097741,51,156,Sordland/Turn04/Personal_Jogging,Monica,en,「わかった。子供たちが帰ってくる前に、行きましょう。」
0x0100000000097747,51,157,Sordland/Turn04/Personal_Jogging,Monica,en,「私も同感。子供たちが帰ってくる前に、行きましょう。」
0x010000000009774F,51,158,Sordland/Turn04/Personal_Jogging,Narrator,en,私は衛兵たちに我々の行く道を伝え、我々一家は家を出た。
0x0100000000097756,51,159,Sordland/Turn04/Personal_Jogging,Narrator,en,私は衛兵たちに我々の行く道を伝え、我々一家は家を出た。
0x010000000009775D,51,160,Sordland/Turn04/Personal_Jogging,Narrator,en,我々が門を出ると、衛兵たちは黒いカディラで我々の後を追ってきた。急ぎ足で歩くこと数分で、我々はキャピトルパークに到着した。
0x0100000000097764,51,161,Sordland/Turn04/Personal_Jogging,Narrator,en,我々が散歩道へ向かうと、衛兵たちは適度な距離を保って後をついてきた。
0x010000000009776B,51,162,Sordland/Turn04/Personal_Jogging,Narrator,en,我々が森の中に入ると、モニカが沈黙を破った。
0x0100000000097772,51,163,Sordland/Turn04/Personal_Jogging,Narrator,en,公園に入ると、モニカが沈黙を破った。
0x0100000000097795,51,167,Sordland/Turn04/Personal_Jogging,Monica,en,「ソル広場に向かって歩こうと思ったのだが、非常事態法のせいで閉鎖されているって警備員たちが言っていた」
0x010000000009779D,51,168,Sordland/Turn04/Personal_Jogging,Monica,en,「今、街中に警察官がたくさんいて、まるで20年代を思い出させるわ。」
0x01000000000977A5,51,169,Sordland/Turn04/Personal_Jogging,Monica,en,「これがいつまで続くのかしら。」
0x01000000000977AC,51,170,Sordland/Turn04/Personal_Jogging,Player,en,「彼らは我々を敵から守ってくれているのだ。」
0x01000000000977AC,51,170,Sordland/Turn04/Personal_Jogging,Player,Menu Text en,「彼らは我々を敵から守ってくれているのだ。」
0x01000000000977B3,51,171,Sordland/Turn04/Personal_Jogging,Player,en,「必要な限り続ける。」
0x01000000000977B3,51,171,Sordland/Turn04/Personal_Jogging,Player,Menu Text en,「必要な限り続ける。」
0x01000000000977CE,51,172,Sordland/Turn04/Personal_Jogging,Monica,en,「わかったわ。」
0x01000000000977D4,51,173,Sordland/Turn04/Personal_Jogging,Monica,en,「そう言うけど、やっぱり街中にあんなにたくさん銃があるのは嫌よ。」
0x01000000000977DF,51,174,Sordland/Turn04/Personal_Jogging,Player,en,「私もわかっている。私にとっても不安でなりません。」
0x01000000000977DF,51,174,Sordland/Turn04/Personal_Jogging,Player,Menu Text en,「私もわかっている。私にとっても不安でなりません。」
0x01000000000977E6,51,175,Sordland/Turn04/Personal_Jogging,Monica,en,「うまく効果が出て、その脅威が収まるといいんだけど。」
0x010000000009793A,51,176,Sordland/Turn04/Personal_Jogging,Narrator,en,レステはソードランドで最も影響力のある政治家の一人だった。彼はアンリカで権力を握る前にベンフィでキャリアをスタートさせていた。ベンフィの現市長が自ら彼を招き、開会の演説を行わせようとしたのだった。
0x0100000000097942,51,177,Sordland/Turn04/Personal_Jogging,Narrator,en,モニカに彼の代わりをさせれば、おそらく彼は怒るだろう――大きな騒動に発展するほどではないかもしれないが、保守派への影響力を使って私が議会で活動するのを妨げる程度には十分だろう。
0x010000000009795E,51,181,Sordland/Turn04/Personal_Jogging,Narrator,en,我々が自宅に戻ると、私は秘書のリビアに電話をかけて、モニカがレステ氏の代わりに演説を行うことを伝えてほしいと頼んだ。
0x0100000E00000494,51,234,Sordland/Turn04/Personal_Jogging,Monica,en,「あなたも昔はクソ共産主義者だったでしょう？」
0x0100000E0000049A,51,235,Sordland/Turn04/Personal_Jogging,Monica,en,「あなたも昔は、あの悪党たちの一人だったでしょう？」
0x0100000E000004A2,51,236,Sordland/Turn04/Personal_Jogging,Monica,en,「あなたも昔、ヤング・ソードだった頃にはそんな風には思わなかったでしょう？」
0x0100000E000004A9,51,237,Sordland/Turn04/Personal_Jogging,Player,en,「これは違う。もっと邪悪な種類だ。」
0x0100000E000004A9,51,237,Sordland/Turn04/Personal_Jogging,Player,Menu Text en,「これは違う。もっと邪悪な種類だ。」
0x0100000E000004B3,51,238,Sordland/Turn04/Personal_Jogging,Player,en,「私は若くて愚かだった。何が正しいのか分からなかったのだ。」
0x0100000E000004B3,51,238,Sordland/Turn04/Personal_Jogging,Player,Menu Text en,「私は若くて愚かだった。何が正しいのか分からなかったのだ。」
0x0100000E000004BD,51,239,Sordland/Turn04/Personal_Jogging,Monica,en,「昔の恨みって、なかなか消えないんですね。」
0x0100000E000004C5,51,240,Sordland/Turn04/Personal_Jogging,Monica,en,「大学時代のアントンなら、絶対にそんなこと言わなかったわ。」
0x0100000E000004CC,51,241,Sordland/Turn04/Personal_Jogging,Monica,en,「あなたって、いつも自分は他の人より特別だと思ってるんでしょうね。」
0x0100000E000004D5,51,242,Sordland/Turn04/Personal_Jogging,Player,en,「大統領になると人の視点が変わってしまうものだね。」
0x0100000E000004D5,51,242,Sordland/Turn04/Personal_Jogging,Player,Menu Text en,「大統領になると人の視点が変わってしまうものだね。」
0x0100000E000004F4,51,248,Sordland/Turn04/Personal_Jogging,Player,en,「私とあなたがこのような口論をしないことを嬉しく思わないか？」
0x0100000E000004F4,51,248,Sordland/Turn04/Personal_Jogging,Player,Menu Text en,「私とあなたがこのような口論をしないことを嬉しく思わないか？」
0x0100000E000004FD,51,249,Sordland/Turn04/Personal_Jogging,Player,en,「あんな意地悪な女と結婚していたら、誰だって酒に頼るしかないだろう。」
0x0100000E000004FD,51,249,Sordland/Turn04/Personal_Jogging,Player,Menu Text en,「あんな意地悪な女と結婚していたら、誰だって酒に頼るしかないだろう。」
0x0100000E00000513,51,254,Sordland/Turn04/Personal_Jogging,Narrator,en,モニカは私の頬に軽くキスをしてくれた。我々二人は再び歩き続けた。
0x0100000E0000051A,51,255,Sordland/Turn04/Personal_Jogging,Narrator,en,モニカは何も言わなかった。我々二人はそのまま歩き続けた。
0x0100000E00000521,51,256,Sordland/Turn04/Personal_Jogging,Narrator,en,モニカは私を鋭い目で見た。我々には歩き続けるしかなかった。
0x0100000E0000052D,51,257,Sordland/Turn04/Personal_Jogging,Player,en,「彼女が子供を育てる間、夫が二人分の生活費を支えてあげられないのだろうか？」
0x0100000E0000052D,51,257,Sordland/Turn04/Personal_Jogging,Player,Menu Text en,「彼女が子供を育てる間、夫が二人分の生活費を支えてあげられないのだろうか？」
0x0100000E00000534,51,258,Sordland/Turn04/Personal_Jogging,Monica,en,「でも、どうして彼女が仕事を失わなきゃいけないの？何かおかしいわ、アントン。それだけじゃないのよ。」
0x0100000E00000541,51,262,Sordland/Turn04/Personal_Jogging,Monica,en,「やっとあなたも私の考え方が分かってきたんだね！」
0x0100000E00000548,51,263,Sordland/Turn04/Personal_Jogging,Monica,en,「その通りよ！あなたも同じ考えだって分かってたわ。」
0x0100000E0000055A,51,267,Sordland/Turn04/Personal_Jogging,Monica,en,「まだわかってないでしょう？」
0x0100000E00000561,51,268,Sordland/Turn04/Personal_Jogging,Monica,en,「本当に、アントン？私たちがこれまで話し合ってきたことのあとで？」
0x0100000E00000571,51,272,Sordland/Turn04/Personal_Jogging,Narrator,en,我々がいたのは、川沿いに並んでいる公園のベンチの一つの真ん前だった。モニカがそのベンチを指し示し、我々はそこに座った。
0x0100000E00000579,51,273,Sordland/Turn04/Personal_Jogging,Narrator,en,我々が小道の終わりにある池に到着した。そこには水を見下ろせる公園のベンチがあった。モニカがそのベンチを指し示し、我々はそこに座った。
0x0100000E00000582,51,274,Sordland/Turn04/Personal_Jogging,Player,en,「必ず祭りの時にやらなければならないのか？どうして別の日に演説をしないのか？」
0x0100000E00000582,51,274,Sordland/Turn04/Personal_Jogging,Player,Menu Text en,「必ず祭りの時にやらなければならないのか？どうして別の日に演説をしないのか？」
0x0100000E00000597,51,278,Sordland/Turn04/Personal_Jogging,Monica,en,「わからない。私があなたを支えるためにこれだけ頑張ってきたのに、このことだけは私を支えてくれないの？」
0x0100000E000005A3,51,279,Sordland/Turn04/Personal_Jogging,Player,en,「女性は家庭にいるべきもので、政治の場にいるべきではない。」
0x0100000E000005A3,51,279,Sordland/Turn04/Personal_Jogging,Player,Menu Text en,「女性は家庭にいるべきもので、政治の場にいるべきではない。」
0x0100000E000005AD,51,280,Sordland/Turn04/Personal_Jogging,Monica,en,「今こそやらなくちゃ。この祭りには何千人もの人が集まり、家では何百万人もが演説を見るのよ。ソードランドの女性たちはもう待てないの！」
0x0100000E000005BD,51,281,Sordland/Turn04/Personal_Jogging,Narrator,en,門のすぐ外で、元法務大臣のイオナス・クローナが国会議事堂公園に向かって歩いているのがちらりと見えた。ニア・モルグナがかつて彼の副大臣だったことを思い出した。彼は通り過ぎる際、我々に気づいていないようだった。
0x0100000E000005D4,51,285,Sordland/Turn04/Personal_Jogging,Narrator,en,モニカは微笑んだ。
0x0100000E000005DB,51,286,Sordland/Turn04/Personal_Jogging,Monica,en,「ええ、やってみるつもりよ。」
0x0100000600089D65,51,324,Sordland/Turn04/Personal_Jogging,Player,en,「それにはもっともな理由があるのだ。」
0x0100000600089D65,51,324,Sordland/Turn04/Personal_Jogging,Player,Menu Text en,「それにはもっともな理由があるのだ。」
0x0100001300003665,51,349,Sordland/Turn04/Personal_Jogging,Narrator,en,夕方早く、外はまだ明るく、空気にはわずかな寒さが感じられただけだった。フランクは友人のところにいて、ディアナは美術教室にいた。私とモニカは夕食前に散歩に出かけることにした。
0x010000130000366C,51,350,Sordland/Turn04/Personal_Jogging,Narrator,en,夕方早く、外はまだ明るく、空気にはわずかな寒さが感じられただけだった。フランクは友人のところにいて、ディアナは美術教室にいた。私とモニカは夕食前に散歩に出かけることにした。
0x01000052000179F1,51,363,Sordland/Turn04/Personal_Jogging,Monica,en,「大学時代に私がソードランド婦人連盟で活動していたこと、覚えてるでしょ？あの頃もあなたは私を支えてくれた。今も同じように、あなたの力を貸してほしいの。」
0x010000BD00000FC1,51,401,Sordland/Turn04/Personal_Jogging,Monica,en,「セルジュがガレージから車を持ち出した後、中で何か見つけたって言っていたわ。」
0x010000BD00000FC7,51,402,Sordland/Turn04/Personal_Jogging,Monica,en,「手紙よ。折りたたまれていて封筒はなく、角にE.M.というイニシャルだけが書かれているの。」
0x010000BD00000FCE,51,403,Sordland/Turn04/Personal_Jogging,Player,en,「どうしてそこにあったのか？」
0x010000BD00000FD6,51,404,Sordland/Turn04/Personal_Jogging,Player,en,「それは珍しいね。」
0x010000BD00000FDE,51,405,Sordland/Turn04/Personal_Jogging,Monica,en,「問題はそれよ。彼によると、昨夜以来誰もその車のそばに近づいてないって言うの。」
0x010000BD00000FE6,51,406,Sordland/Turn04/Personal_Jogging,Monica,en,「でも私が読んだ後、あなたがそれを渡したら、大統領警護隊が受け取ったの。どうやらこれは定められた手順らしくて、毒や残留物とかを調べるのよ。」
0x010000BD00000FF6,51,407,Sordland/Turn04/Personal_Jogging,Player,en,「誰かが私の車にメモを残すほど近づいてきたというのか？」
0x010000BD00000FFF,51,408,Sordland/Turn04/Personal_Jogging,Player,en,「まずあなたが読んだのか？中には何と書かれていたか？」
0x010000BD00001006,51,409,Sordland/Turn04/Personal_Jogging,Player,en,「たぶん、我々を困らせようとする者の仕業だろう。」
0x010000BD0000100D,51,410,Sordland/Turn04/Personal_Jogging,Player,en,「開封する前に、彼らに回収させるべきだった。」
0x010000BD00001017,51,411,Sordland/Turn04/Personal_Jogging,Monica,en,「私は一部しか覚えていないわ……でも、忘れられるものじゃないの。」
0x010000BD0000101D,51,412,Sordland/Turn04/Personal_Jogging,Monica,en,「そうかもね。」
0x010000BD00001023,51,413,Sordland/Turn04/Personal_Jogging,Monica,en,「わかってるの。迷ったのよ。でも、もう開いちゃってたの。」
0x010000BD0000102B,51,414,Sordland/Turn04/Personal_Jogging,Monica,en,「私はあまり読み進められなくてすぐあなたに渡したわ。でも、その程度で十分よ。」
0x010000BD00001035,51,415,Sordland/Turn04/Personal_Jogging,Monica,en,「その宮殿は最初から嘘の上に建てられたの……神にも民にも頼らず、ただ人の意図によってね。『アントン』」
0x010000BD0000103C,51,416,Sordland/Turn04/Personal_Jogging,Monica,en,「私も同じ重荷を背負ってきたの。E.A.の時になって初めて理解できたわ。」
0x010000BD00001043,51,417,Sordland/Turn04/Personal_Jogging,Monica,en,「古いものを焼き尽くせ。火を通してこそ新しいものが生まれる。その時までは過渡期が苦痛をもたらし……草原は自らを窒息させてしまうだろう。」
0x010000BD0000104A,51,418,Sordland/Turn04/Personal_Jogging,Player,en,「警備隊に掃討を終えさせよう。私が後ほど確認に行く。」
0x010000BD00001051,51,419,Sordland/Turn04/Personal_Jogging,Player,en,「E.M.はあまりに多くのことを知っていた。あそこまで近づかれてしまえば、すべてを見られている可能性がある。」
0x010000BD00001058,51,420,Sordland/Turn04/Personal_Jogging,Player,en,「彼らは私に警告しているのかもしれない。あるいは、こちらへ来るのを止めようとしているのかも。」
0x010000BD00001062,51,421,Sordland/Turn04/Personal_Jogging,Monica,en,「もう聞いたわよ。審査に通れば送ってくれるって。」
0x010000BD00001069,51,422,Sordland/Turn04/Personal_Jogging,Monica,en,「私もそう思ったわ。脅しのようには聞こえなかった。後悔しているみたいに聞こえたの。」
0x010000BD00001070,51,423,Sordland/Turn04/Personal_Jogging,Monica,en,「私も同じことを考えていたの。あの手紙は傍受されたんじゃなくて…ちゃんと届けられたのよ。」
0x010000BD00001077,51,424,Sordland/Turn04/Personal_Jogging,Player,en,「たぶん、重要そうに見せようとする退屈な革命家の若者に過ぎないだろう。」
0x010000BD0000107F,51,425,Sordland/Turn04/Personal_Jogging,Monica,en,「そうかもね。でももし冗談なら、すごく鋭い冗談だったわ。」
0x010000BD00001086,51,426,Sordland/Turn04/Personal_Jogging,Monica,en,「とにかく、走る時間は楽しまなきゃね。これだけは私たち二人だけの時間よ」
0x010000BD00001090,51,427,Sordland/Turn04/Personal_Jogging,Narrator,en,我々はしばらく静かにジョギングを続けた。
0x010000BD00001097,51,428,Sordland/Turn04/Personal_Jogging,Narrator,en,我々の前の道を、滑らかな体つきの猫が跳び越えていった。銀色の毛並みに青い目と緑の目を一つずつ持っており、間違いなくアグン種の猫だった。少し見ていると、その大理石のような模様の尾をひらめかせて生垣の中に消えていった。
0x010000BD0000109E,51,429,Sordland/Turn04/Personal_Jogging,Monica,en,「私も若い頃、あんなのを二匹飼っていたの。母が面倒見てくれて。昼間はずっと窓辺で寝てて、夜になるとまるで小さな幽霊みたいに消えちゃうのよ。」
0x010000BD000010A5,51,430,Sordland/Turn04/Personal_Jogging,Player,en,「あの家のことを話しているときのあなたが、いつも一番穏やかに見えると私は思っていた。」
0x010000BD000010AC,51,431,Sordland/Turn04/Personal_Jogging,Player,en,「以前、あなたが練習している間、そのうちの一匹がピアノのスツールに座っていて、まるで私の演奏技術を判断しているかのようだったとおっしゃっていたのを覚えている。」
0x010000BD000010B3,51,432,Sordland/Turn04/Personal_Jogging,Player,en,「私にはそんな場所があった記憶がない。おそらくだからこそ、その存在を恋しく思う方法を学ばなかったのだろう。」
0x010000BD000010BA,51,433,Sordland/Turn04/Personal_Jogging,Monica,en,「じゃあ、一緒に作りましょう。周りがどう変わろうと、私たちならできるわ。もし私たちじゃなくても、子供たちのためにね。」
0x010000BD000010C3,51,434,Sordland/Turn04/Personal_Jogging,Monica,en,「本当にそうよ。状況が緊張していても……そこにはまだ息遣いがあったの。まるで私たちのための場所を作ってくれているみたいに。」
0x010000BD000010CA,51,435,Sordland/Turn04/Personal_Jogging,Monica,en,「彼は本当に容赦がなかったの。私が間違った音を弾くたびに、いつも部屋を出て行ってしまうのよ。」
0x010000BD000010D0,51,436,Sordland/Turn04/Personal_Jogging,Monica,en,「一緒にいること。結局のところ、それだけが大事なのよ。」
0x010000BD000010D7,51,437,Sordland/Turn04/Personal_Jogging,Player,en,「過去は過去だ。我々には築き上げていける、素晴らしい未来が待っている。」
0x01000006000496E0,52,3,Sordland/Turn04/EnT_TaxReform,Narrator,en,我々がいたのは、美しいラハベンの景色を一望できる経済評議会ビルの最上階だった。私は高いガラス窓から外を見た。
0x01000006000496EF,52,4,Sordland/Turn04/EnT_TaxReform,Narrator,en,船々の進路を追って見ると、港の様子が目に入った。ラハベンには大陸全体で最も大きな港の一つがあり、多くの造船所労働者たちがコンテナの積み下ろし作業をしていた。ここでは仕事が絶えることはなかった。
0x01000006000496F6,52,5,Sordland/Turn04/EnT_TaxReform,Narrator,en,マルキア海は見渡す限り広がっており、地平線の方には多くの船が点在していた。それらはほとんどが貨物船で、ソードランドの内外へ貴重な品々を運んでいたのだった。
0x0100000600049706,52,6,Sordland/Turn04/EnT_TaxReform,Narrator,en,ドアが開き、サイモン、ミカイル、エディスが会議室に入ってきた。
0x010000060004970E,52,7,Sordland/Turn04/EnT_TaxReform,Symon Holl,en,「大統領。」
0x0100000600049715,52,8,Sordland/Turn04/EnT_TaxReform,Narrator,en,サイモンは自分のバッグをテーブルの上に置き、書類をまとめ始めた。その間、他の人々もゆっくりと席に着いていった。
0x010000060004971D,52,9,Sordland/Turn04/EnT_TaxReform,Narrator,en,シモンは辛抱強く待っていた。全員が準備を整えると、彼は眼鏡の位置を直した。
0x0100000600049725,52,10,Sordland/Turn04/EnT_TaxReform,Mikail Aven,en,「こんにちは、大統領。」
0x010000060004972B,52,11,Sordland/Turn04/EnT_TaxReform,Edith Agnoc,en,「大統領。またお会いできて光栄です。」
0x0100000600049741,52,12,Sordland/Turn04/EnT_TaxReform,Symon Holl,en,「まず初めに、税制改革のために尽力してくださった皆様に感謝申し上げます。」
0x0100000600049748,52,13,Sordland/Turn04/EnT_TaxReform,Player,en,「こんにちは。」
0x0100000600049748,52,13,Sordland/Turn04/EnT_TaxReform,Player,Menu Text en,「こんにちは。」
0x0100000600049750,52,14,Sordland/Turn04/EnT_TaxReform,Player,en,「また皆さんにお会いできて光栄だ。」
0x0100000600049750,52,14,Sordland/Turn04/EnT_TaxReform,Player,Menu Text en,「また皆さんにお会いできて光栄だ。」
0x0100000600049758,52,15,Sordland/Turn04/EnT_TaxReform,Player,en,「どうぞ掛けてくれ。始めよう。」
0x0100000600049758,52,15,Sordland/Turn04/EnT_TaxReform,Player,Menu Text en,「どうぞ掛けてくれ。始めよう。」
0x0100000600049770,52,16,Sordland/Turn04/EnT_TaxReform,Symon Holl,en,「我々全員が、現在の税制がいかに複雑であるかを理解しており、大統領なしではこの仕事は成し遂げられませんでした。」
0x010000060004977D,52,17,Sordland/Turn04/EnT_TaxReform,Narrator,en,彼は私の方を向いた。
0x010000060004978B,52,18,Sordland/Turn04/EnT_TaxReform,Symon Holl,en,「計画の策定に取り掛かる前に、まずは大統領様に我々の進むべき方向を決定していただく必要があります。」
0x010000060004991F,52,19,Sordland/Turn04/EnT_TaxReform,Symon Holl,en,「これまでの検討結果から、いくつかの選択肢が考えられます。」
0x0100000600049925,52,20,Sordland/Turn04/EnT_TaxReform,Symon Holl,en,「大企業の税金は引き上げたり、維持したり、引き下げたりすることができます。この件については、ここにいる我々の中にも強い意見を持つ人が何人かいると思います。」
0x010000060004992B,52,21,Sordland/Turn04/EnT_TaxReform,Symon Holl,en,「同様に、中小企業の税金も引き上げたり、現状維持したり、引き下げたりすることができます。」
0x010000060004993A,52,22,Sordland/Turn04/EnT_TaxReform,Symon Holl,en,「ここの最終的な目標は、不況を終わらせることです。」
0x0100000600049948,52,23,Sordland/Turn04/EnT_TaxReform,Symon Holl,en,「まずは大企業から始めましょう。その後、中小企業について話を進めます。」
0x010000060004994F,52,24,Sordland/Turn04/EnT_TaxReform,Player,en,「大企業の税金を引き上げた場合、どのような結果になるか？」
0x010000060004994F,52,24,Sordland/Turn04/EnT_TaxReform,Player,Menu Text en,「大企業の税金を引き上げた場合、どのような結果になるか？」
0x0100000600049980,52,25,Sordland/Turn04/EnT_TaxReform,Player,en,「大企業の税金を引き下げたらどうだろうか？」
0x0100000600049980,52,25,Sordland/Turn04/EnT_TaxReform,Player,Menu Text en,「大企業の税金を引き下げたらどうだろうか？」
0x0100000600049987,52,26,Sordland/Turn04/EnT_TaxReform,Player,en,「皆さんは、我々がどうすべきだと考えているか？」
0x0100000600049987,52,26,Sordland/Turn04/EnT_TaxReform,Player,Menu Text en,「皆さんは、我々がどうすべきだと考えているか？」
0x0100000600049995,52,27,Sordland/Turn04/EnT_TaxReform,Player,en,「私は決断を下す準備ができている。」
0x0100000600049995,52,27,Sordland/Turn04/EnT_TaxReform,Player,Menu Text en,「私は決断を下す準備ができている。」
0x01000006000499CF,52,44,Sordland/Turn04/EnT_TaxReform,Symon Holl,en,「簡単に言えば、税金を引き上げればより多くの政府予算が確保でき、それは役立つかもしれません。一方で、経済の活性化に直接つながるわけではありません。」
0x01000006000499D6,52,45,Sordland/Turn04/EnT_TaxReform,Symon Holl,en,「我が政府は既に借金を抱えています。これがその借金から脱する方法かもしれません。」
0x01000006000499DD,52,46,Sordland/Turn04/EnT_TaxReform,Symon Holl,en,「我が政府予算に影響が出ます。しかし一方で、こうした企業からの経済的貢献度は非常に大きいため、不況を食い止める上で役立つはずです。」
0x01000006000499E3,52,47,Sordland/Turn04/EnT_TaxReform,Symon Holl,en,「確かに、不況を終わらせたいのであれば、これは間違いなく良い選択肢だと思います。」
0x01000006000499F0,52,51,Sordland/Turn04/EnT_TaxReform,Player,en,「現状をそのまま維持することに、何か欠点はあるか？」
0x01000006000499F0,52,51,Sordland/Turn04/EnT_TaxReform,Player,Menu Text en,「現状をそのまま維持することに、何か欠点はあるか？」
0x01000006000499FA,52,52,Sordland/Turn04/EnT_TaxReform,Symon Holl,en,「私としては、何の変更も加えなければ何も変わらないと考えています。不況を食い止めるためには、何か行動を起こす必要があります。」
0x0100000600049A07,52,53,Sordland/Turn04/EnT_TaxReform,Symon Holl,en,「私の個人的な意見としては、大企業の税金を引き下げるべきだと思います。短期的には費用がかかりますが、長期的に見れば不況を終わらせる上で最も有効な手段となるでしょう。」
0x0100000600049A1B,52,57,Sordland/Turn04/EnT_TaxReform,Symon Holl,en,「我々はすでに予算の黒字状態です。不況を終わらせるのに役立つ可能性のある分野に投資しないまま資本を増やしても、大した意味はないと思います。」
0x0100000600049A22,52,58,Sordland/Turn04/EnT_TaxReform,Symon Holl,en,「しかし、一つ問題があります。それは我々の予算状況です。利点はあるものの、これが最善の案とは限りません。リスクを冒す価値があるかどうかは、大統領ご自身が判断していただかなければなりません。」
0x0100000600049A28,52,59,Sordland/Turn04/EnT_TaxReform,Symon Holl,en,「特に現在の我が国の予算状況を考えるとなおさらです。」
0x0100000600049A36,52,63,Sordland/Turn04/EnT_TaxReform,Edith Agnoc,en,「確かに不況を脱する方法は一つあります。それは大企業の貿易活動や経済的貢献を通じたものです。彼らの税金を増やせば、彼らは逆に我々に敵対するでしょう。」
0x0100000600049A3C,52,64,Sordland/Turn04/EnT_TaxReform,Mikail Aven,en,「私はもう一歩進んで考えます。彼らの税金を増やせば悲惨な結果を招き、あなた方を彼らの敵にしてしまうでしょう。大統領、私を信じてください。誰も彼らと敵対したくはないのです。」
0x0100000600049A45,52,65,Sordland/Turn04/EnT_TaxReform,Edith Agnoc,en,「これは実行可能な案だと思います。現在のバランスを崩すのはあまり望ましくないでしょう。」
0x0100000600049A4B,52,66,Sordland/Turn04/EnT_TaxReform,Mikail Aven,en,「私も同感です。大統領、不況危機を解決するだけでなく、財閥たちの支持も得られるでしょう。」
0x0100000600049C63,52,67,Sordland/Turn04/EnT_TaxReform,Edith Agnoc,en,「私も同感です。」
0x0100000600049C6A,52,68,Sordland/Turn04/EnT_TaxReform,Mikail Aven,en,「承知いたしました。」
0x0100000600049C71,52,69,Sordland/Turn04/EnT_TaxReform,Edith Agnoc,en,「我が国の対外貿易は、主にこうした企業の製品によって支えられています。彼らこそが我が国経済の中核なのです。」
0x0100000600049C78,52,70,Sordland/Turn04/EnT_TaxReform,Mikail Aven,en,「その通りです。税金を減らして企業の業績向上を図れば、それによってソードランドへの投資が増えるはずです。資本が増えれば、不況から脱出する速度も速くなります。」
0x0100000600049C7F,52,71,Sordland/Turn04/EnT_TaxReform,Symon Holl,en,「かしこまりました、大統領。さらなる不安定化が深刻な結果を招く可能性があるため、経済が安定した軌道に乗っていることを確実にしたいのです。」
0x0100000600049C86,52,72,Sordland/Turn04/EnT_TaxReform,Player,en,「彼らも私の側に留まろうと努める方がいいだろう。」
0x0100000600049C86,52,72,Sordland/Turn04/EnT_TaxReform,Player,Menu Text en,「彼らも私の側に留まろうと努める方がいいだろう。」
0x0100000600049C8D,52,73,Sordland/Turn04/EnT_TaxReform,Player,en,「私も同感だ。彼らと同盟を結べば、景気後退の危機を解決するだけでなく、大いに役立つだろう。」
0x0100000600049C8D,52,73,Sordland/Turn04/EnT_TaxReform,Player,Menu Text en,「私も同感だ。彼らと同盟を結べば、景気後退の危機を解決するだけでなく、大いに役立つだろう。」
0x0100000600049C94,52,74,Sordland/Turn04/EnT_TaxReform,Player,en,「アヴェンさん、それは両方に当てはまる。」
0x0100000600049C94,52,74,Sordland/Turn04/EnT_TaxReform,Player,Menu Text en,「アヴェンさん、それは両方に当てはまる。」
0x0100000600049C9E,52,75,Sordland/Turn04/EnT_TaxReform,Player,en,「おっしゃる通りかもしれない。」
0x0100000600049C9E,52,75,Sordland/Turn04/EnT_TaxReform,Player,Menu Text en,「おっしゃる通りかもしれない。」
0x0100000600049CA6,52,76,Sordland/Turn04/EnT_TaxReform,Mikail Aven,en,「もちろんです。」
0x0100000600049CCB,52,82,Sordland/Turn04/EnT_TaxReform,Player,en,「大企業の税金を引き下げてくれ。」
0x0100000600049CCB,52,82,Sordland/Turn04/EnT_TaxReform,Player,Menu Text en,「大企業の税金を引き下げる。」［政府予算-4］
0x0100000600049CD2,52,83,Sordland/Turn04/EnT_TaxReform,Player,en,「大企業の税金はそのまま維持し続けてくれ。」
0x0100000600049CD2,52,83,Sordland/Turn04/EnT_TaxReform,Player,Menu Text en,「大企業の税金はそのまま維持し続けてくれ。」
0x0100000600049CD9,52,84,Sordland/Turn04/EnT_TaxReform,Player,en,「大企業の税金を引き上げる。」
0x0100000600049CD9,52,84,Sordland/Turn04/EnT_TaxReform,Player,Menu Text en,「大企業の税金を引き上げる。」［政府予算+3］
0x0100000600049CE3,52,85,Sordland/Turn04/EnT_TaxReform,Mikail Aven,en,「それは間違いです。」
0x0100000600049CEA,52,86,Sordland/Turn04/EnT_TaxReform,Mikail Aven,en,「これでは何も変わりません。」
0x0100000600049CF1,52,87,Sordland/Turn04/EnT_TaxReform,Mikail Aven,en,「素晴らしい決断ですね。」
0x0100000600049CF8,52,88,Sordland/Turn04/EnT_TaxReform,Edith Agnoc,en,「将来的には甚大な悪影響をもたらすことになるでしょう。」
0x0100000600049CFF,52,89,Sordland/Turn04/EnT_TaxReform,Edith Agnoc,en,「こうして何もしないままでは何の利益も得られません。私はこれに強く反対します。」
0x0100000600049D06,52,90,Sordland/Turn04/EnT_TaxReform,Edith Agnoc,en,「私も同感です。これにより、不況はすぐに解消されるでしょう。」
0x0100000600049D0D,52,91,Sordland/Turn04/EnT_TaxReform,Symon Holl,en,「もう十分です。大統領はすでに決断を下しました。」
0x0100000600049D15,52,92,Sordland/Turn04/EnT_TaxReform,Symon Holl,en,「私もこれは良い選択だったと思います。」
0x0100000600049D1C,52,93,Sordland/Turn04/EnT_TaxReform,Symon Holl,en,「では、我々の方針をメモしましたので、できるだけ早く実行に移します。」
0x0100000600049D24,52,94,Sordland/Turn04/EnT_TaxReform,Narrator,en,サイモンはブリーフケースを開け、目の前にあった書類の束と入れ替えて別の束を取り出した。
0x0100000600049D2C,52,95,Sordland/Turn04/EnT_TaxReform,Symon Holl,en,「では、中小企業の件に移りましょう。」
0x0100000600049D3C,52,99,Sordland/Turn04/EnT_TaxReform,Player,en,「中小企業の税金を引き上げた場合、どのような結果になるだろうか？」
0x0100000600049D3C,52,99,Sordland/Turn04/EnT_TaxReform,Player,Menu Text en,「中小企業の税金を引き上げた場合、どのような結果になるだろうか？」
0x0100000600049D43,52,100,Sordland/Turn04/EnT_TaxReform,Player,en,「もし中小企業の税金を引き下げたらどうだろうか？」
0x0100000600049D43,52,100,Sordland/Turn04/EnT_TaxReform,Player,Menu Text en,「もし中小企業の税金を引き下げたらどうだろうか？」
0x0100000600049D60,52,108,Sordland/Turn04/EnT_TaxReform,Symon Holl,en,「私の個人的な意見としては、中小企業に対する税金を引き上げるべきだと思います。それによって人々が怒ることにはなりますが、不況が終わった後の将来において彼らをもっと幸せにすることができます。」
0x0100000600049D66,52,109,Sordland/Turn04/EnT_TaxReform,Player,en,「中小企業の税金を引き上げてくれ。」
0x0100000600049D66,52,109,Sordland/Turn04/EnT_TaxReform,Player,Menu Text en,「中小企業の税金を引き上げる。」 ［政府予算+2］
0x0100000600049D6D,52,110,Sordland/Turn04/EnT_TaxReform,Player,en,「おっしゃる通りかもしれない。」
0x0100000600049D6D,52,110,Sordland/Turn04/EnT_TaxReform,Player,Menu Text en,「おっしゃる通りかもしれない。」
0x0100000600049D7B,52,111,Sordland/Turn04/EnT_TaxReform,Player,en,「人々は自分たちが苦労して稼いだお金が必要だ。」
0x0100000600049D7B,52,111,Sordland/Turn04/EnT_TaxReform,Player,Menu Text en,「人々は自分たちが苦労して稼いだお金が必要だ。」
0x0100000600049D82,52,112,Sordland/Turn04/EnT_TaxReform,Symon Holl,en,「彼らは我が国の経済の柱であり、ほとんどが一般市民です。もし彼らからの税金をさらに増やそうとすれば、国民が政府に対して悪感情を抱く原因となるかもしれません。」
0x0100000600049D88,52,113,Sordland/Turn04/EnT_TaxReform,Symon Holl,en,「それは間違いなく景気後退を食い止めるのに役立つでしょう。もちろん、その代償として政府予算の一部を失うことになります。」
0x0100000600049D8E,52,114,Sordland/Turn04/EnT_TaxReform,Player,en,「現状をそのまま維持することに、何か欠点はあるか？」
0x0100000600049D8E,52,114,Sordland/Turn04/EnT_TaxReform,Player,Menu Text en,「現状をそのまま維持することに、何か欠点はあるか？」
0x0100000600049D95,52,115,Sordland/Turn04/EnT_TaxReform,Symon Holl,en,「ソードランドは不況から脱するために変化が必要だ。どうあれな。現状をそのまま維持し続けても、我々が立ち直れるとは思えない。」
0x0100000600049DA0,52,119,Sordland/Turn04/EnT_TaxReform,Symon Holl,en,「わかりました。もう一度メモを取らせていただきます。これらの変更をどのように実施していくか、検討してみましょう。」
0x0100000600049DB2,52,120,Sordland/Turn04/EnT_TaxReform,Player,en,「中小企業の税金を引き下げてくれ。」
0x0100000600049DB2,52,120,Sordland/Turn04/EnT_TaxReform,Player,Menu Text en,「中小企業の税金を引き下げる。」［政府予算-3］
0x0100000600049DD8,52,126,Sordland/Turn04/EnT_TaxReform,Symon Holl,en,「一方で、何としてでも借金を返済しなければなりません。これは間違いなく一つの解決策になるでしょう。」
0x0100000600049DDE,52,127,Sordland/Turn04/EnT_TaxReform,Symon Holl,en,「我々の予算は順調な状態にあります。人気を犠牲にして税金を引き上げる必要はないと考えています。」
0x0100000600049DF5,52,131,Sordland/Turn04/EnT_TaxReform,Symon Holl,en,「わかりました。」
0x0100000600049E02,52,132,Sordland/Turn04/EnT_TaxReform,Mikail Aven,en,「長期的に見れば、中小企業の税金を引き上げることで、政府が提供するサービスに対して人々はより満足するようになるでしょう。」
0x0100000600049E0E,52,133,Sordland/Turn04/EnT_TaxReform,Player,en,「私は決断を下す準備ができている。」
0x0100000600049E0E,52,133,Sordland/Turn04/EnT_TaxReform,Player,Menu Text en,「私は決断を下す準備ができている。」
0x0100000600049E1B,52,134,Sordland/Turn04/EnT_TaxReform,Player,en,「皆さんは、我々がどうすべきだと考えているか？」
0x0100000600049E1B,52,134,Sordland/Turn04/EnT_TaxReform,Player,Menu Text en,「皆さんは、我々がどうすべきだと考えているか？」
0x0100000600049E2C,52,136,Sordland/Turn04/EnT_TaxReform,Symon Holl,en,「資金がなくなってしまい、さらに返済すべき借金も残っているのは非常に危険です。」
0x0100000600049E38,52,137,Sordland/Turn04/EnT_TaxReform,Edith Agnoc,en,「これらの小規模企業の税金を引き上げることは、追加の資金を確保する良い方法だと思います。そうすれば政府は適切な時期にそれを国民に還元することができます。」
0x0100000600049E3E,52,138,Sordland/Turn04/EnT_TaxReform,Edith Agnoc,en,「人々というものは、つい……忘れがちなものです。」
0x0100000600049E44,52,139,Sordland/Turn04/EnT_TaxReform,Mikail Aven,en,「その件については、私はエディスおよびサイモンと共に意見を述べます。」
0x0100000600049E6A,52,147,Sordland/Turn04/EnT_TaxReform,Player,en,「中小企業の税金はそのまま維持してくれ。」
0x0100000600049E6A,52,147,Sordland/Turn04/EnT_TaxReform,Player,Menu Text en,「中小企業の税金はそのまま維持してくれ。」
0x0100000600049EB7,52,149,Sordland/Turn04/EnT_TaxReform,Player,en,「人気を失うリスクは冒せない。」
0x0100000600049EB7,52,149,Sordland/Turn04/EnT_TaxReform,Player,Menu Text en,「人気を失うリスクは冒せない。」
0x0100000600049EC8,52,150,Sordland/Turn04/EnT_TaxReform,Symon Holl,en,「では……皆さん、ありがとうございます。本日はこれで終わりにしましょう。」
0x0100000600049ED0,52,151,Sordland/Turn04/EnT_TaxReform,Player,en,「よくやった。」
0x0100000600049ED0,52,151,Sordland/Turn04/EnT_TaxReform,Player,Menu Text en,「よくやった。」
0x0100000600049ED7,52,152,Sordland/Turn04/EnT_TaxReform,Player,en,「ラハベンを存分に楽しんでくれ。」
0x0100000600049ED7,52,152,Sordland/Turn04/EnT_TaxReform,Player,Menu Text en,「ラハベンを存分に楽しんでくれ。」
0x0100000600049EDE,52,153,Sordland/Turn04/EnT_TaxReform,Player,en,「シモン、ありがとう。」
0x0100000600049EDE,52,153,Sordland/Turn04/EnT_TaxReform,Player,Menu Text en,「シモン、ありがとう。」
0x0100000600049EE8,52,154,Sordland/Turn04/EnT_TaxReform,Narrator,en,彼らは会議室を出て行った。私はもう少し残ることにした。
0x0100000600049EF2,52,155,Sordland/Turn04/EnT_TaxReform,Narrator,en,私は再び窓辺に行き、しばらくの間、静かに海を見続けた。
0x0100000600049F07,52,160,Sordland/Turn04/EnT_TaxReform,Mikail Aven,en,「大統領。始める前に、私が耳にしたいくつかの噂について申し上げたいと思います。」
0x0100000600049F0D,52,161,Sordland/Turn04/EnT_TaxReform,Mikail Aven,en,「特に最低賃金に関する最初の部分です。」
0x0100000600049F14,52,162,Sordland/Turn04/EnT_TaxReform,Mikail Aven,en,「『労働者権利法』は多くの事業主たちに受け入れられませんでした。」
0x0100000600049F1C,52,163,Sordland/Turn04/EnT_TaxReform,Edith Agnoc,en,「私も同じことを聞きました。これにより、こうした企業は一晩で何百万レンもの損失を被ったのです。」
0x0100000600049F24,52,164,Sordland/Turn04/EnT_TaxReform,Edith Agnoc,en,「実に残念なことです。特に不況の最中には。」
0x0100000600049F30,52,165,Sordland/Turn04/EnT_TaxReform,Mikail Aven,en,「大統領。始める前に、私が耳にしたいくつかの噂について申し上げたいと思います。」
0x0100000600049F36,52,166,Sordland/Turn04/EnT_TaxReform,Mikail Aven,en,「最低賃金に関する最初の項目は、多くの企業にとって甚大な被害をもたらすものだったでしょう。」
0x0100000600049F3C,52,167,Sordland/Turn04/EnT_TaxReform,Mikail Aven,en,「先日の労働者権利法に対する拒否権の行使は、多くの企業経営者たちから歓迎されました。」
0x0100000600049F42,52,168,Sordland/Turn04/EnT_TaxReform,Edith Agnoc,en,「私としては良い決断だと思います。特に不況の時期にはなおさらです。」
0x0100000600049F48,52,169,Sordland/Turn04/EnT_TaxReform,Edith Agnoc,en,「私も同じことを聞きました。」
0x0100000600049F53,52,170,Sordland/Turn04/EnT_TaxReform,Player,en,「エディスさん、実際に不幸なのは、この法案がこんなに遅くまで可決されたという点だ。」
0x0100000600049F53,52,170,Sordland/Turn04/EnT_TaxReform,Player,Menu Text en,「実に残念なのは、この法案がこんなに遅くまで可決されたことだ。」
0x0100000600049F5A,52,171,Sordland/Turn04/EnT_TaxReform,Player,en,「私の決定に異議を唱える立場にあなたにはないのだ。」
0x0100000600049F5A,52,171,Sordland/Turn04/EnT_TaxReform,Player,Menu Text en,「私の決定に異議を唱える立場にあなたにはないのだ。」
0x0100000600049F61,52,172,Sordland/Turn04/EnT_TaxReform,Player,en,「噂など気にしない。何か言いたい者がいれば、直接私に話してもらえばよいのだ。」
0x0100000600049F61,52,172,Sordland/Turn04/EnT_TaxReform,Player,Menu Text en,「噂など気にしない。何か言いたい者がいれば、直接私に話してもらえばよいのだ。」
0x0100000600049F6B,52,173,Sordland/Turn04/EnT_TaxReform,Narrator,en,二人とも返事をしなかった。
0x0100000600049F7C,52,174,Sordland/Turn04/EnT_TaxReform,Player,en,「私はそれに署名したかったのだが、正しい判断を下さなければならなかった。」
0x0100000600049F7C,52,174,Sordland/Turn04/EnT_TaxReform,Player,Menu Text en,「私はそれに署名したかったのだが、正しい判断を下さなければならなかった。」
0x0100000600049F83,52,175,Sordland/Turn04/EnT_TaxReform,Player,en,「私の決定を評価できる立場にあなたはいない。」
0x0100000600049F83,52,175,Sordland/Turn04/EnT_TaxReform,Player,Menu Text en,「私の決定を評価できる立場にあなたはいない。」
0x0100000600049F8A,52,176,Sordland/Turn04/EnT_TaxReform,Player,en,「噂など気にしない。何か言いたい者がいれば、直接私に話してもらえばよいのだ。」
0x0100000600049F8A,52,176,Sordland/Turn04/EnT_TaxReform,Player,Menu Text en,「噂など気にしない。何か言いたい者がいれば、直接私に話してもらえばよいのだ。」
0x0100000600049F94,52,177,Sordland/Turn04/EnT_TaxReform,Edith Agnoc,en,「私は、あなたが正しい判断を下したと思います。」
0x0100000600049F9E,52,178,Sordland/Turn04/EnT_TaxReform,Narrator,en,二人とも返事をしなかった。
0x0100000300043C1F,52,264,Sordland/Turn04/EnT_TaxReform,Symon Holl,en,「現時点ではその選択肢はありません。我が国の経済はすでに崩壊状態です。」
0x0100000300043C26,52,265,Sordland/Turn04/EnT_TaxReform,Symon Holl,en,「企業から残っているものを取り上げれば、経済はさらに破綻してしまうでしょう。」
0x0100000300043C2D,52,266,Sordland/Turn04/EnT_TaxReform,Player,en,「中小企業の税金を引き下げて負担を軽減することで、バランスを取ることができる。」
0x0100000300043C2D,52,266,Sordland/Turn04/EnT_TaxReform,Player,Menu Text en,「中小企業の税金を引き下げて負担を軽減することで、バランスを取ることができる。」
0x0100000300043C35,52,267,Sordland/Turn04/EnT_TaxReform,Symon Holl,en,「なるほど。現在の我が国の経済状況を考えると、それが良い案かどうかは分からないのですが…」
0x0100000300043C3D,52,268,Sordland/Turn04/EnT_TaxReform,Player,en,「なるほどだ。」
0x0100000300043C3D,52,268,Sordland/Turn04/EnT_TaxReform,Player,Menu Text en,「なるほどだ。」
0x0100000300043C45,52,269,Sordland/Turn04/EnT_TaxReform,Player,en,「では、実行することはできないのか？」
0x0100000300043C45,52,269,Sordland/Turn04/EnT_TaxReform,Player,Menu Text en,「では、実行することはできないのか？」
0x0100000300043C4D,52,270,Sordland/Turn04/EnT_TaxReform,Symon Holl,en,「それはあり得ません。中小企業への減税でバランスを取ろうと試みない限りは……」
0x0100000300043C54,52,271,Sordland/Turn04/EnT_TaxReform,Symon Holl,en,「私としては、そのような案は推奨しません。」
0x0100000300043C62,52,275,Sordland/Turn04/EnT_TaxReform,Symon Holl,en,「現時点ではその選択肢はありません。我が国の財政は破綻しているのです。」
0x0100000300043C72,52,276,Sordland/Turn04/EnT_TaxReform,Symon Holl,en,「税金のおかげでやっとこそ国が機能している状態です。」
0x0100000300043C79,52,277,Sordland/Turn04/EnT_TaxReform,Player,en,「では、実行することはできないのか？」
0x0100000300043C79,52,277,Sordland/Turn04/EnT_TaxReform,Player,Menu Text en,「では、実行することはできないのか？」
0x0100000300043C80,52,278,Sordland/Turn04/EnT_TaxReform,Player,en,「なるほどだ。」
0x0100000300043C80,52,278,Sordland/Turn04/EnT_TaxReform,Player,Menu Text en,「なるほどだ。」
0x0100000300043C87,52,279,Sordland/Turn04/EnT_TaxReform,Symon Holl,en,「なるほど。現在の我が国の経済状況を考えると、それが良い案かどうかは分からないのですが…」
0x0100000300043C8D,52,280,Sordland/Turn04/EnT_TaxReform,Player,en,「中小企業の税金を引き上げることで、バランスを取ることができる。」
0x0100000300043C8D,52,280,Sordland/Turn04/EnT_TaxReform,Player,Menu Text en,「中小企業の税金を引き上げることで、バランスを取ることができる。」
0x0100000300043C94,52,281,Sordland/Turn04/EnT_TaxReform,Symon Holl,en,「私としては、そのような案は推奨しません。」
0x0100000300043C9A,52,282,Sordland/Turn04/EnT_TaxReform,Symon Holl,en,「それはあり得ません。中小企業への税金引き上げで何とかバランスを取るしかないでしょう……」
0x0100000300043CB7,52,286,Sordland/Turn04/EnT_TaxReform,Symon Holl,en,「残念ながら、現時点ではそれしかできることがありません。」
0x0100000300043CBE,52,287,Sordland/Turn04/EnT_TaxReform,Edith Agnoc,en,「大統領、経済は完全に破壊されてしまいました。どうやってこの混乱から脱出できるのか、私にもわかりません……」
0x0100000300043CD3,52,291,Sordland/Turn04/EnT_TaxReform,Symon Holl,en,「現時点では何もすることはできないと思います。税金の引き下げを望んでいましたが、それが最善の選択肢とは思えません。」
0x0100000300043CDA,52,292,Sordland/Turn04/EnT_TaxReform,Edith Agnoc,en,「我が国の対外貿易は、主にこうした企業の製品によって支えられています。彼らこそが我が国経済の中核なのです。」
0x0100000300043CE1,52,293,Sordland/Turn04/EnT_TaxReform,Mikail Aven,en,「その通りです。税率の引き上げは絶対にあり得ません。これらの企業こそが我が国の経済の支柱であり、不況から脱出するための鍵となるのです。」
0x0100000300043CFD,52,303,Sordland/Turn04/EnT_TaxReform,Symon Holl,en,「我々は中小企業に対する税制優遇措置を導入することで国民の負担を軽減します。一方、大企業の税金は引き上げられ、それによって国の財政バランスを維持できるでしょう。」
0x0100000300043D12,52,304,Sordland/Turn04/EnT_TaxReform,Player,en,「大企業の税金は引き上げ、一方で中小企業の税金は引き下げることでバランスを取る。」
0x0100000300043D12,52,304,Sordland/Turn04/EnT_TaxReform,Player,Menu Text en,「大企業の税金は引き上げ、一方で中小企業の税金は引き下げることでバランスを取る。」
0x0100000300043D1A,52,305,Sordland/Turn04/EnT_TaxReform,Player,en,「大企業の税金は引き下げ、一方で中小企業の税金を上げることで予算のバランスを取る。」
0x0100000300043D1A,52,305,Sordland/Turn04/EnT_TaxReform,Player,Menu Text en,「大企業の税金を引き下げ、中小企業の税金を引き上げることで予算のバランスを取る。」 ［政府予算-2］
0x0100000300043D70,52,312,Sordland/Turn04/EnT_TaxReform,Mikail Aven,en,「素晴らしい決断ですね。」
0x0100000300043D76,52,313,Sordland/Turn04/EnT_TaxReform,Edith Agnoc,en,「私も同感です。これにより、不況はすぐに解消されるでしょう。」
0x0100000300043D7E,52,314,Sordland/Turn04/EnT_TaxReform,Symon Holl,en,「これは実際に我が国の経済に悪影響を及ぼすと思います。多くの人々が苦しむことになるでしょう……ですが、まあ……」
0x0100000300043D86,52,315,Sordland/Turn04/EnT_TaxReform,Symon Holl,en,「中小企業に対しては税金を引き上げ、一方で大企業には減税措置が講じられます。国家予算の均衡を図るため、中小企業から多額の資金が吸い上げられることになります。」
0x0100000300043D8D,52,316,Sordland/Turn04/EnT_TaxReform,Narrator,en,シモンは目の前にあった書類の山を整理し、再びブリーフケースに戻した。
0x0100000300043D9E,52,320,Sordland/Turn04/EnT_TaxReform,Symon Holl,en,「残念ながら、それは不可能です。国民にはもはや国に納めるお金が残っていません。我々の経済発展水準ではこれを支えることができず、流通している資金もほとんどありません。」
0x0100000300043DA8,52,321,Sordland/Turn04/EnT_TaxReform,Symon Holl,en,「残念ながら、それは不可能です。我が国の財政は破綻しており、現在の税制ではやっと機能を維持している状態です。」
0x0100000300043DB7,52,325,Sordland/Turn04/EnT_TaxReform,Symon Holl,en,「ソードランドが不況から脱するには変革が必要です。しかし現在の経済状況は混乱しており、税制について我々が行える変更もほとんどありません。」
0x0100000300043DF8,52,329,Sordland/Turn04/EnT_TaxReform,Symon Holl,en,「残念ながら、彼らの税金をそのまま維持する以外にあまり手立てはありません。」
0x0100001300000E2E,52,369,Sordland/Turn04/EnT_TaxReform,Narrator,en,私は再び窓辺に行き、しばらくの間、静かに海を見続けた。
0x0100001300000E3A,52,373,Sordland/Turn04/EnT_TaxReform,Narrator,en,私は再び窓辺に行き、しばらくの間、静かに海を見続けた。
0x0100001D00003323,52,467,Sordland/Turn04/EnT_TaxReform,Player,en,「我々の企業や雇用創出の取り組みを妨げたくなかったのだ。」
0x0100001D00003323,52,467,Sordland/Turn04/EnT_TaxReform,Player,Menu Text en,「我々の企業や雇用創出の取り組みを妨げたくなかったのだ。」
0x0100000600048DDC,53,3,Sordland/Turn04/SnO_LawEnforcementBudget,Narrator,en,私は自分の執務室で、抗議活動の現状に関する各省からの報告書を読んでいた。
0x0100000600048DE3,53,4,Sordland/Turn04/SnO_LawEnforcementBudget,Narrator,en,次に予定されていた会議は、法執行機関の予算について話し合うためのニアとリリアスとのものだった。その時、ドアをノックする音が聞こえた。
0x0100000600048DEB,53,5,Sordland/Turn04/SnO_LawEnforcementBudget,Narrator,en,ニアが部屋に入ってきて、私のデスクの前に座った。リリアスは姿を見せなかった。
0x0100000600048DF3,53,6,Sordland/Turn04/SnO_LawEnforcementBudget,Nia Morgna,en,「こんにちは、大統領。」
0x0100000600048DFA,53,7,Sordland/Turn04/SnO_LawEnforcementBudget,Nia Morgna,en,「リリアスは遅れるようです。内務省で急を要する用事があって対応しなければならなかったそうです。すぐに戻ってくるはずです。」
0x0100000600048E01,53,8,Sordland/Turn04/SnO_LawEnforcementBudget,Player,en,「わかった。では、待とう。」
0x0100000600048E01,53,8,Sordland/Turn04/SnO_LawEnforcementBudget,Player,Menu Text en,「わかった。では、待とう。」
0x0100000600048E09,53,9,Sordland/Turn04/SnO_LawEnforcementBudget,Player,en,「どのような緊急の用件だろうか？」
0x0100000600048E09,53,9,Sordland/Turn04/SnO_LawEnforcementBudget,Player,Menu Text en,「どのような緊急の用件だろうか？」
0x0100000600048E11,53,10,Sordland/Turn04/SnO_LawEnforcementBudget,Nia Morgna,en,「待っている間、少しお話ししませんか？」
0x0100000600048E1C,53,14,Sordland/Turn04/SnO_LawEnforcementBudget,Player,en,「リリアスの出勤時間が数分短縮されるとは、素晴らしいね。」
0x0100000600048E1C,53,14,Sordland/Turn04/SnO_LawEnforcementBudget,Player,Menu Text en,「リリアスの出勤時間が数分短縮されるとは、素晴らしいね。」
0x0100000600048E24,53,15,Sordland/Turn04/SnO_LawEnforcementBudget,Nia Morgna,en,「彼女は警察部隊への物資配給について何か言っていましたが、重大なことではありませんでした。」
0x0100000600048E2B,53,16,Sordland/Turn04/SnO_LawEnforcementBudget,Nia Morgna,en,「他のように考える者はほとんどいないでしょう。」
0x0100000600048E32,53,17,Sordland/Turn04/SnO_LawEnforcementBudget,Narrator,en,彼女は笑った。
0x0100000600048E3A,53,18,Sordland/Turn04/SnO_LawEnforcementBudget,Narrator,en,私は再び報告書に目を向けた。その間、ニアは乱れた髪の毛を整えていた。気まずい沈黙が流れていた。
0x0100000600048E46,53,19,Sordland/Turn04/SnO_LawEnforcementBudget,Nia Morgna,en,「少し変に聞こえるかもしれませんが、私はあなたを誇りに思っています。」
0x0100000600048E4C,53,20,Sordland/Turn04/SnO_LawEnforcementBudget,Nia Morgna,en,「何があっても、実際には国の改革を試みていらっしゃるのですね、大統領。」
0x0100000600048E5B,53,21,Sordland/Turn04/SnO_LawEnforcementBudget,Player,en,「これは我々全員の功績であり、ニア個人のものではない。私一人だけではこんなことは決して成し遂げられない。だから、あなたを誇りに思う。」
0x0100000600048E5B,53,21,Sordland/Turn04/SnO_LawEnforcementBudget,Player,Menu Text en,「これは我々全員の功績であり、ニア個人のものではない。私一人だけではこんなことは決して成し遂げられない。だから、あなたを誇りに思う。」
0x0100000600048E63,53,22,Sordland/Turn04/SnO_LawEnforcementBudget,Player,en,「お世辞は効かない。何の用か？」
0x0100000600048E63,53,22,Sordland/Turn04/SnO_LawEnforcementBudget,Player,Menu Text en,「お世辞は効かない。何の用か？」
0x0100000600048E6B,53,23,Sordland/Turn04/SnO_LawEnforcementBudget,Player,en,「これはまだ始まりに過ぎない。やるべきことはまだ山ほどある。」
0x0100000600048E6B,53,23,Sordland/Turn04/SnO_LawEnforcementBudget,Player,Menu Text en,「これはまだ始まりに過ぎない。やるべきことはまだ山ほどある。」
0x0100000600048E73,53,24,Sordland/Turn04/SnO_LawEnforcementBudget,Nia Morgna,en,「ええ、ありがとうございます。」
0x0100000600048E79,53,25,Sordland/Turn04/SnO_LawEnforcementBudget,Nia Morgna,en,「大統領、実に言葉を使うのがお上手ですね。」
0x0100000600048E81,53,26,Sordland/Turn04/SnO_LawEnforcementBudget,Nia Morgna,en,「はい。やるべきことは多いですが、将来は明るく見えます。ご尽力いただき、感謝します。」
0x0100000600048E8F,53,27,Sordland/Turn04/SnO_LawEnforcementBudget,Player,en,「私が大統領でいられるのは、それだけの能力があるからに他ならない。」
0x0100000600048E8F,53,27,Sordland/Turn04/SnO_LawEnforcementBudget,Player,Menu Text en,「私が大統領でいられるのは、それだけの能力があるからに他ならない。」
0x0100000600048E97,53,28,Sordland/Turn04/SnO_LawEnforcementBudget,Nia Morgna,en,「なるほど、その通りです。」
0x0100000600048E9D,53,29,Sordland/Turn04/SnO_LawEnforcementBudget,Narrator,en,彼女は笑った。
0x0100000600048EA6,53,30,Sordland/Turn04/SnO_LawEnforcementBudget,Player,en,「言葉は単なる言葉に過ぎない。重要なのは行動だ。」
0x0100000600048EA6,53,30,Sordland/Turn04/SnO_LawEnforcementBudget,Player,Menu Text en,「言葉は単なる言葉に過ぎない。重要なのは行動だ。」
0x0100000600048EAE,53,31,Sordland/Turn04/SnO_LawEnforcementBudget,Nia Morgna,en,「今のところ、その両方の面でもうまくやっているようですね。利点が欠点を十分に相殺しているでしょう。」
0x0100000600048EBC,53,32,Sordland/Turn04/SnO_LawEnforcementBudget,Nia Morgna,en,「アントン、実際のところどうですか？大統領としての務めは。」
0x0100000600048EC4,53,33,Sordland/Turn04/SnO_LawEnforcementBudget,Narrator,en,彼女は身を乗り出した。
0x0100000600048ECE,53,34,Sordland/Turn04/SnO_LawEnforcementBudget,Nia Morgna,en,「私にとって、この国がより良くなれるという希望を与えてくださっています。」
0x0100000600048ED5,53,35,Sordland/Turn04/SnO_LawEnforcementBudget,Player,en,「それは『できる』か『できない』の問題ではない。必ず良くなる。我々がそうしてみせる。」
0x0100000600048ED5,53,35,Sordland/Turn04/SnO_LawEnforcementBudget,Player,Menu Text en,「それは『できる』か『できない』の問題ではない。必ず良くなる。我々がそうしてみせる。」
0x0100000600048EDD,53,36,Sordland/Turn04/SnO_LawEnforcementBudget,Player,en,「あなたの支援も、私に希望を与えてくれる。」
0x0100000600048EDD,53,36,Sordland/Turn04/SnO_LawEnforcementBudget,Player,Menu Text en,「あなたの支援も、私に希望を与えてくれる。」
0x0100000600048EE5,53,37,Sordland/Turn04/SnO_LawEnforcementBudget,Nia Morgna,en,「結局のところ、我々は皆、共にこの状況を乗り越えていくのです。」
0x0100000600048EEB,53,38,Sordland/Turn04/SnO_LawEnforcementBudget,Nia Morgna,en,「私は大統領が国のために良い決断を続けてくださる限り、どこへでもおついて行きます。」
0x0100000600048EFC,53,39,Sordland/Turn04/SnO_LawEnforcementBudget,Nia Morgna,en,「とりあえず、少し話をしたいだけです。」
0x0100000600048F04,53,40,Sordland/Turn04/SnO_LawEnforcementBudget,Player,en,「これは私が人生で経験した中で最も困難なことだが、同時に最も意義のあることでもある。」
0x0100000600048F04,53,40,Sordland/Turn04/SnO_LawEnforcementBudget,Player,Menu Text en,「これは私が人生で経験した中で最も困難なことだが、同時に最も意義のあることでもある。」
0x0100000600048F0B,53,41,Sordland/Turn04/SnO_LawEnforcementBudget,Player,en,「私にできないことなどない。」
0x0100000600048F0B,53,41,Sordland/Turn04/SnO_LawEnforcementBudget,Player,Menu Text en,「私にできないことなどない。」
0x0100000600048F14,53,42,Sordland/Turn04/SnO_LawEnforcementBudget,Player,en,「日々、国の重圧が私を押しつぶそうとしているように感じる。」
0x0100000600048F14,53,42,Sordland/Turn04/SnO_LawEnforcementBudget,Player,Menu Text en,「日々、国の重圧が私を押しつぶそうとしているように感じる。」
0x0100000600048F1C,53,43,Sordland/Turn04/SnO_LawEnforcementBudget,Nia Morgna,en,「わかりました。その言葉を信じます。」
0x0100000600048F23,53,44,Sordland/Turn04/SnO_LawEnforcementBudget,Nia Morgna,en,「お察しいたします。同時にこれほどの責任と権力を担うということですね。」
0x0100000600048F2A,53,45,Sordland/Turn04/SnO_LawEnforcementBudget,Nia Morgna,en,「たぶん、誰もが大統領になるまでは大統領になりたいと思うものでしょうね。」
0x0100000600048F31,53,46,Sordland/Turn04/SnO_LawEnforcementBudget,Nia Morgna,en,「私はできる限り大統領様とこの国を支えたいと思っています。そのために一つ案があります。まず、我々が抱える最も深刻な問題を解決する必要があります。」
0x0100000600048F3A,53,47,Sordland/Turn04/SnO_LawEnforcementBudget,Nia Morgna,en,「汚職です。」
0x0100000600048F41,53,48,Sordland/Turn04/SnO_LawEnforcementBudget,Player,en,「馬鹿なことを。我が政府は決して腐敗した政府ではないのだ。」
0x0100000600048F41,53,48,Sordland/Turn04/SnO_LawEnforcementBudget,Player,Menu Text en,「馬鹿なことを。我が政府は決して腐敗した政府ではないのだ。」
0x0100000600048F48,53,49,Sordland/Turn04/SnO_LawEnforcementBudget,Player,en,「それをどのように実行すればよいのだろうか？」
0x0100000600048F48,53,49,Sordland/Turn04/SnO_LawEnforcementBudget,Player,Menu Text en,「それをどのように実行すればよいのだろうか？」
0x0100000600048F4F,53,50,Sordland/Turn04/SnO_LawEnforcementBudget,Player,en,「やっと本題に入ってくれたね。あなたは一体何を望んでいるのか？」
0x0100000600048F4F,53,50,Sordland/Turn04/SnO_LawEnforcementBudget,Player,Menu Text en,「やっと本題に入ってくれたね。あなたは一体何を望んでいるのか？」
0x0100000600048F5A,53,51,Sordland/Turn04/SnO_LawEnforcementBudget,Nia Morgna,en,「我が政府はそうかもしれませんが、最高裁判所のことを考えてみてください。あの旧態依然とした者たちは全員、法の裁きを受けなければなりません。」
0x0100000600048F61,53,52,Sordland/Turn04/SnO_LawEnforcementBudget,Nia Morgna,en,「旧参謀たちだけの問題ではありません。財閥のことも考えなければなりません。彼らが政府内にコネを持っていることは誰もが知っています。その関係がどれほど深くまで及んでいるか、誰にも分からないのです。」
0x0100000600048F68,53,53,Sordland/Turn04/SnO_LawEnforcementBudget,Nia Morgna,en,「お願いです。私は大統領と普通に会話をすることもできないのでしょうか？」
0x0100000600048F6F,53,54,Sordland/Turn04/SnO_LawEnforcementBudget,Nia Morgna,en,「司法大臣として、ご存知の通り、私は正義に対する情熱を持っています。」
0x0100000600048F76,53,55,Sordland/Turn04/SnO_LawEnforcementBudget,Nia Morgna,en,「もはや、旧派勢力と最高裁判所が国を自分たちの思い通りに操るのはやめる時です。」
0x0100000600048F86,53,56,Sordland/Turn04/SnO_LawEnforcementBudget,Nia Morgna,en,「ですから、新たな部隊を創設したいのです。汚職捜査局です。それが私の考えです。」
0x0100000600048F8D,53,57,Sordland/Turn04/SnO_LawEnforcementBudget,Player,en,「少し時間をいただき、よく考えさせてくれ。」
0x0100000600048F8D,53,57,Sordland/Turn04/SnO_LawEnforcementBudget,Player,Menu Text en,「少し時間をいただき、よく考えさせてくれ。」
0x0100000600048F95,53,58,Sordland/Turn04/SnO_LawEnforcementBudget,Player,en,「それは実に優れた案のようだね。」
0x0100000600048F95,53,58,Sordland/Turn04/SnO_LawEnforcementBudget,Player,Menu Text en,「それは実に優れた案のようだね。」
0x0100000600048F9D,53,59,Sordland/Turn04/SnO_LawEnforcementBudget,Player,en,「では？もし汚職捜査局自体が腐敗してしまったらどうなるのか？その時はどうするつもりか？」
0x0100000600048F9D,53,59,Sordland/Turn04/SnO_LawEnforcementBudget,Player,Menu Text en,「では？もし汚職捜査局自体が腐敗してしまったらどうなるのか？その時はどうするつもりか？」
0x0100000600048FA5,53,60,Sordland/Turn04/SnO_LawEnforcementBudget,Nia Morgna,en,「現在、詳細についてはまだ自分で調べている最中ですが、もちろん安全保障の仕組みは必ず設けられます。」
0x0100000600048FAC,53,61,Sordland/Turn04/SnO_LawEnforcementBudget,Nia Morgna,en,「現在、私も詳細についてまだ検討中ですが、考えられる選択肢についてはご考察ください。」
0x0100000600048FB2,53,62,Sordland/Turn04/SnO_LawEnforcementBudget,Nia Morgna,en,「ご同意いただけて嬉しいです。現在、私自身も詳細を検討中ですが、様々な可能性について考えてみてください。」
0x0100000600048FC3,53,66,Sordland/Turn04/SnO_LawEnforcementBudget,Nia Morgna,en,「私はできる限り、大統領様とこの国をお手伝いしたいと思っています。残念ながら、現在の法執行機関向け予算配分の制約により、あまり行動しにくい状況です――」
0x0100000600048FCA,53,67,Sordland/Turn04/SnO_LawEnforcementBudget,Nia Morgna,en,「もう一つ、あります。」
0x0100000600048FD3,53,68,Sordland/Turn04/SnO_LawEnforcementBudget,Nia Morgna,en,「リリアスについてです。」
0x0100000600048FDA,53,69,Sordland/Turn04/SnO_LawEnforcementBudget,Nia Morgna,en,「もし私が彼女の立場なら、決して信用しません――」
0x0100000600048FE1,53,70,Sordland/Turn04/SnO_LawEnforcementBudget,Lileas Graf,en,「大統領、私の介入で会話の邪魔をしていないことを願っております。」
0x0100000600048FE7,53,71,Sordland/Turn04/SnO_LawEnforcementBudget,Narrator,en,彼女が文を終えるやいなや、ドアをノックする音が聞こえた。ニアは椅子の上でほとんど飛び上がりそうになった。リリアス・グラーフが部屋に入ってきた。
0x0100000600049012,53,72,Sordland/Turn04/SnO_LawEnforcementBudget,Nia Morgna,en,「大統領の非常事態令について話し合いましょう。」
0x0100000600049020,53,76,Sordland/Turn04/SnO_LawEnforcementBudget,Nia Morgna,en,「いわゆる『改革』パッケージについて話し合おうということです。」
0x0100000600049027,53,77,Sordland/Turn04/SnO_LawEnforcementBudget,Player,en,「それが何だというのか？」
0x0100000600049027,53,77,Sordland/Turn04/SnO_LawEnforcementBudget,Player,Menu Text en,「それが何だというのか？」
0x010000060004902F,53,78,Sordland/Turn04/SnO_LawEnforcementBudget,Player,en,「もちろんだ、話し合おう。」
0x010000060004902F,53,78,Sordland/Turn04/SnO_LawEnforcementBudget,Player,Menu Text en,「もちろんだ、話し合おう。」
0x0100000600049036,53,79,Sordland/Turn04/SnO_LawEnforcementBudget,Player,en,「私にもその理由があったのだ。」
0x0100000600049036,53,79,Sordland/Turn04/SnO_LawEnforcementBudget,Player,Menu Text en,「私にもその理由があったのだ。」
0x010000060004903F,53,80,Sordland/Turn04/SnO_LawEnforcementBudget,Nia Morgna,en,「防御的になる必要はありません。ですが、一言申し上げます。」
0x0100000600049046,53,81,Sordland/Turn04/SnO_LawEnforcementBudget,Nia Morgna,en,「特に何もありません。ただ、再びソルの過ちを繰り返しているという点だけです。」
0x010000060004904C,53,82,Sordland/Turn04/SnO_LawEnforcementBudget,Nia Morgna,en,「それとも、これが我々が選出された目的ではないという事実です。」
0x0100000600049053,53,83,Sordland/Turn04/SnO_LawEnforcementBudget,Nia Morgna,en,「それに、これは我々が選ばれた目的ではないという事実です。つまり、ご理解いただけるでしょう。」
0x010000060004905B,53,84,Sordland/Turn04/SnO_LawEnforcementBudget,Player,en,「私の決定に同意していないようだね。」
0x010000060004905B,53,84,Sordland/Turn04/SnO_LawEnforcementBudget,Player,Menu Text en,「私の決定に同意していないようだね。」
0x0100000600049062,53,85,Sordland/Turn04/SnO_LawEnforcementBudget,Nia Morgna,en,「私の言い方が十分に明確ではなかったでしょうか？」
0x010000060004906A,53,86,Sordland/Turn04/SnO_LawEnforcementBudget,Player,en,「時代は変わる。国内外の脅威は排除しなければならない。」
0x010000060004906A,53,86,Sordland/Turn04/SnO_LawEnforcementBudget,Player,Menu Text en,「時代は変わる。国内外の脅威は排除しなければならない。」
0x0100000600049072,53,87,Sordland/Turn04/SnO_LawEnforcementBudget,Nia Morgna,en,「またしてもソルの過ちを繰り返しているのですね。」
0x0100000600049079,53,88,Sordland/Turn04/SnO_LawEnforcementBudget,Nia Morgna,en,「これは我々が選ばれた目的ではありません。」
0x0100000600049082,53,89,Sordland/Turn04/SnO_LawEnforcementBudget,Player,en,「ソルの過ちだと？現在のこの偉大な国を築き上げたのは彼自身だ。」
0x0100000600049082,53,89,Sordland/Turn04/SnO_LawEnforcementBudget,Player,Menu Text en,「ソルの過ちだと？現在のこの偉大な国を築き上げたのは彼自身だ。」
0x0100000600049090,53,90,Sordland/Turn04/SnO_LawEnforcementBudget,Nia Morgna,en,「国内の対立によって、街中で無実の人々が殺害されている場所。それがあなたの考える偉大な国というものですか？」
0x010000060004909C,53,91,Sordland/Turn04/SnO_LawEnforcementBudget,Nia Morgna,en,「時代は確かに変わりますが、手法だけは明らかに変わっていません。」
0x01000006000490B9,53,92,Sordland/Turn04/SnO_LawEnforcementBudget,Narrator,en,彼女はため息をついた。
0x01000006000490CA,53,93,Sordland/Turn04/SnO_LawEnforcementBudget,Nia Morgna,en,「何度考え直しても、結論は変わりません。私にはこれを支持することなど到底できません。裁判所における私の投票権を忘れないでください。」
0x01000006000490D9,53,94,Sordland/Turn04/SnO_LawEnforcementBudget,Player,en,「私を信じてくれ。私がこれらすべてを行っているのは、ソードランドの繁栄のためだ。」
0x01000006000490D9,53,94,Sordland/Turn04/SnO_LawEnforcementBudget,Player,Menu Text en,「私を信じてくれ。私がこれらすべてを行っているのは、ソードランドの繁栄のためだ。」
0x01000006000490E0,53,95,Sordland/Turn04/SnO_LawEnforcementBudget,Player,en,「もう十分だ。私はすでに決断を下した。残されたのは、あなたがそれに従うことだけだ。」
0x01000006000490E0,53,95,Sordland/Turn04/SnO_LawEnforcementBudget,Player,Menu Text en,「もう十分だ。私はすでに決断を下した。残されたのは、あなたがそれに従うことだけだ。」
0x01000006000490EA,53,96,Sordland/Turn04/SnO_LawEnforcementBudget,Narrator,en,彼女は返事をしようと口を開いたが、その時ドアをノックする音がした。リリアス・グラーフが部屋に入ってきた。
0x01000006000490FC,53,97,Sordland/Turn04/SnO_LawEnforcementBudget,Lileas Graf,en,「大統領、ニアです。」
0x010000060004910B,53,98,Sordland/Turn04/SnO_LawEnforcementBudget,Nia Morgna,en,「いえ、全くそのようなことはありません。我々はただ……いくつかの事柄について話し合っていただけです。」
0x0100000600049112,53,99,Sordland/Turn04/SnO_LawEnforcementBudget,Narrator,en,ニアはリリアスに微笑みかけた。
0x010000060004911D,53,100,Sordland/Turn04/SnO_LawEnforcementBudget,Lileas Graf,en,「では……すぐに始めましょう。」
0x0100000600049124,53,101,Sordland/Turn04/SnO_LawEnforcementBudget,Player,en,「どうぞ。」
0x0100000600049124,53,101,Sordland/Turn04/SnO_LawEnforcementBudget,Player,Menu Text en,「どうぞ。」
0x010000060004912B,53,102,Sordland/Turn04/SnO_LawEnforcementBudget,Lileas Graf,en,「法執行機関の現状について、簡単に最新情報をお伝えします。」
0x0100000600049138,53,103,Sordland/Turn04/SnO_LawEnforcementBudget,Nia Morgna,en,「司法省と最高裁判所は、国内の抗議活動に対処するために内務省と密接に協力して取り組んでいます。」
0x010000060004913F,53,104,Sordland/Turn04/SnO_LawEnforcementBudget,Nia Morgna,en,「私が付け加えておかなければならないのは、我が国の司法機関の懸命な努力のおかげで、私の省に配属されている法執行部隊が効率的に任務を遂行しているということです。」
0x0100000600049153,53,105,Sordland/Turn04/SnO_LawEnforcementBudget,Lileas Graf,en,「ニア？」
0x0100000600049159,53,106,Sordland/Turn04/SnO_LawEnforcementBudget,Player_Italic,en,私はうなずいた。
0x0100000600049159,53,106,Sordland/Turn04/SnO_LawEnforcementBudget,Player_Italic,Menu Text en,うなずく
0x0100000600049161,53,107,Sordland/Turn04/SnO_LawEnforcementBudget,Narrator,en,リリアスはニアの隣の席に座り、話し続けた。
0x0100000600049174,53,111,Sordland/Turn04/SnO_LawEnforcementBudget,Nia Morgna,en,「最近、我々の取り組みは大幅に強化されました。特に非常事態令が出されてからはです。」
0x0100000600049180,53,112,Sordland/Turn04/SnO_LawEnforcementBudget,Lileas Graf,en,「それは我々の現場にいる部隊の功績と言うべきであり、政府の司法機関のおかげではありません。」
0x0100000600049192,53,113,Sordland/Turn04/SnO_LawEnforcementBudget,Narrator,en,リリアスはニアに短く、冷たい視線を投げかけた。
0x01000006000491AA,53,120,Sordland/Turn04/SnO_LawEnforcementBudget,Lileas Graf,en,「予想通り、予算削減の後、職員たちの士気は過去最低にまで落ち込んでいます。彼らの多くが今、職を失う危機に直面しているのです。」
0x01000006000491C7,53,121,Sordland/Turn04/SnO_LawEnforcementBudget,Nia Morgna,en,「同感です。司法省が最も大きな被害を受けました。裁判の未処理件数があまりに多く、裁判官たちはより軽微な案件さえ見る時間がなく、それらも数ヶ月や数年先に延期されてしまっています。」
0x01000006000491DC,53,125,Sordland/Turn04/SnO_LawEnforcementBudget,Lileas Graf,en,「私が掲げた公約の一つに治安部隊の強化があったにもかかわらず、これはさらに驚くべきことです。それなのに今、大規模な抗議が起きている最中に治安部隊の職員を解雇する方法を考えているとは。」
0x01000006000491E3,53,126,Sordland/Turn04/SnO_LawEnforcementBudget,Lileas Graf,en,「これは馬鹿げています！」
0x01000006000491EB,53,127,Sordland/Turn04/SnO_LawEnforcementBudget,Lileas Graf,en,「それなのに今、国中で大規模な抗議デモが起きているというのに、我々は保安部隊の職員を解雇しなければならないと話し合っているのです。」
0x01000006000491F3,53,128,Sordland/Turn04/SnO_LawEnforcementBudget,Nia Morgna,en,「これにより深刻なボトルネックが生じています。このような事件にさえ対応する時間がないのであれば、どうやって正義を実現できるというのですか？」
0x01000006000491FA,53,129,Sordland/Turn04/SnO_LawEnforcementBudget,Lileas Graf,en,「案の定、予算の増額によって法執行機関の職員たちの士気が高まりました。この厳しい時期において、私の部下たちもニアの部下たちも特に喜んでいます。」
0x0100000600049200,53,130,Sordland/Turn04/SnO_LawEnforcementBudget,Nia Morgna,en,「同感です。司法省としてもこの決定に大変満足しております。裁判所の未処理案件が減少し、現在の状況に即した対応を取れるようになってきました。」
0x010000060004920B,53,134,Sordland/Turn04/SnO_LawEnforcementBudget,Lileas Graf,en,「その点については、私が言えるのは……素晴らしい！実に優れた決断でした。」
0x0100000600049211,53,135,Sordland/Turn04/SnO_LawEnforcementBudget,Lileas Graf,en,「大統領、治安維持機関内での皆さんからのご支持がかつてないほど高まっているということをお聞きになれば、きっと喜ばれると思います。」
0x0100000600049217,53,136,Sordland/Turn04/SnO_LawEnforcementBudget,Lileas Graf,en,「これは我々の選挙公約にすら含まれていなかったことから、内務省の多くの人間にとって嬉しい意外性でした。」
0x010000060004921D,53,137,Sordland/Turn04/SnO_LawEnforcementBudget,Nia Morgna,en,「確かに、正しい方向への一歩ですね。」
0x010000060004922B,53,138,Sordland/Turn04/SnO_LawEnforcementBudget,Lileas Graf,en,「現在の予算のため、警察組織へのさらなる資金投入に対する期待は薄れてしまっています。」
0x0100000600049231,53,139,Sordland/Turn04/SnO_LawEnforcementBudget,Nia Morgna,en,「同感です。司法省の多くの者たちは増額を望んでおり、この決定には満足していませんでした。」
0x010000060004923C,53,143,Sordland/Turn04/SnO_LawEnforcementBudget,Lileas Graf,en,「下された決定は、国の現状を反映させる必要があります。大規模な抗議活動に直面している今、これは断じて適切な判断ではありません。」
0x0100000600049242,53,144,Sordland/Turn04/SnO_LawEnforcementBudget,Lileas Graf,en,「私が掲げた公約の一つに治安部隊強化がありましたが、これはさらに大きな驚きです。結局また元の状態に戻ってしまったのですから。」
0x0100000600049248,53,145,Sordland/Turn04/SnO_LawEnforcementBudget,Lileas Graf,en,「それなのに今、国中で大規模な抗議行動が起きている。我々は依然として以前と全く変わらない状況に立たされているのだ。」
0x010000060004924E,53,146,Sordland/Turn04/SnO_LawEnforcementBudget,Nia Morgna,en,「いずれにせよ、これでは増え続ける裁判の積み残しを処理しなければならなくなります。対処は可能ですが、間違いなく大きな課題となるでしょう。」
0x0100000600049262,53,147,Sordland/Turn04/SnO_LawEnforcementBudget,Player,en,「ありがとう。ご承認いただけて嬉しい。」
0x0100000600049262,53,147,Sordland/Turn04/SnO_LawEnforcementBudget,Player,Menu Text en,「ありがとう。ご承認いただけて嬉しい。」
0x0100000600049269,53,148,Sordland/Turn04/SnO_LawEnforcementBudget,Player,en,「私は自分に求められたことを行っただけだ。それだけだ。」
0x0100000600049269,53,148,Sordland/Turn04/SnO_LawEnforcementBudget,Player,Menu Text en,「私は自分に求められたことを行っただけだ。それだけだ。」
0x0100000600049272,53,149,Sordland/Turn04/SnO_LawEnforcementBudget,Player,en,「もちろん正しい決断だった。結局のところ、それを下したのは私だから。」
0x0100000600049272,53,149,Sordland/Turn04/SnO_LawEnforcementBudget,Player,Menu Text en,「もちろん、それは正しい決断だった。結局のところ、私が下した判断だ。」
0x010000060004927A,53,150,Sordland/Turn04/SnO_LawEnforcementBudget,Lileas Graf,en,「もちろんです。」
0x010000060004928A,53,151,Sordland/Turn04/SnO_LawEnforcementBudget,Narrator,en,ニアはリリアスの方を横目で見た。
0x0100000600049293,53,152,Sordland/Turn04/SnO_LawEnforcementBudget,Narrator,en,ニアはうなずいた。
0x010000060004929A,53,153,Sordland/Turn04/SnO_LawEnforcementBudget,Lileas Graf,en,「もちろんです。」
0x01000006000492AA,53,154,Sordland/Turn04/SnO_LawEnforcementBudget,Lileas Graf,en,「もちろんです。」
0x01000006000492B1,53,155,Sordland/Turn04/SnO_LawEnforcementBudget,Player,en,「心配しないでくれ。きっとうまくやっていけるはずだ。」
0x01000006000492B1,53,155,Sordland/Turn04/SnO_LawEnforcementBudget,Player,Menu Text en,「心配しないでくれ。きっとうまくやっていけるはずだ。」
0x01000006000492B8,53,156,Sordland/Turn04/SnO_LawEnforcementBudget,Player,en,「ソードランドのためなら、私は犠牲を払わざるを得なかった。」
0x01000006000492B8,53,156,Sordland/Turn04/SnO_LawEnforcementBudget,Player,Menu Text en,「ソードランドのためなら、私は犠牲を払わざるを得なかった。」
0x01000006000492BF,53,157,Sordland/Turn04/SnO_LawEnforcementBudget,Player,en,「与えられたものを与えられた指示通りに使ってくれ。」
0x01000006000492BF,53,157,Sordland/Turn04/SnO_LawEnforcementBudget,Player,Menu Text en,「与えられたものを与えられた指示通りに使ってくれ。」
0x01000006000492C9,53,158,Sordland/Turn04/SnO_LawEnforcementBudget,Lileas Graf,en,「このような犠牲のせいで、ソードランドの構造的安定性が損なわれてしまった可能性もあります。」
0x01000006000492CF,53,159,Sordland/Turn04/SnO_LawEnforcementBudget,Nia Morgna,en,「それはまだ分からないが、すでに国中でその影響が現れている。この決定が何か悪いことの始まりにならないことを願っている。」
0x01000006000492D7,53,160,Sordland/Turn04/SnO_LawEnforcementBudget,Lileas Graf,en,「抗議者たちに圧倒されている現場の警察官たちに、そのようなことを言ってみなさい。」
0x01000006000492DE,53,161,Sordland/Turn04/SnO_LawEnforcementBudget,Nia Morgna,en,「国内の至る所でその影響がすでに現れています。どうか、この決定が何か悪いことの始まりにならないよう願っています。」
0x01000006000492EC,53,162,Sordland/Turn04/SnO_LawEnforcementBudget,Narrator,en,リリアス・グラーフとニア・モルグナは互いに見つめ合った後、沈黙に包まれた。
0x0100000600049302,53,163,Sordland/Turn04/SnO_LawEnforcementBudget,Player,en,「心配しないでくれ。きっとうまくやっていけるはずだ。」
0x0100000600049302,53,163,Sordland/Turn04/SnO_LawEnforcementBudget,Player,Menu Text en,「心配しないでくれ。きっとうまくやっていけるはずだ。」
0x0100000600049309,53,164,Sordland/Turn04/SnO_LawEnforcementBudget,Player,en,「ソードランドのためなら、私は犠牲を払わざるを得なかった。」
0x0100000600049309,53,164,Sordland/Turn04/SnO_LawEnforcementBudget,Player,Menu Text en,「ソードランドのためなら、私は犠牲を払わざるを得なかった。」
0x0100000600049310,53,165,Sordland/Turn04/SnO_LawEnforcementBudget,Lileas Graf,en,「このような犠牲のせいで、ソードランドの構造的安定性が損なわれてしまった可能性もあります。」
0x0100000600049316,53,166,Sordland/Turn04/SnO_LawEnforcementBudget,Lileas Graf,en,「抗議者たちに圧倒されている現場の警察官たちに、そのようなことを言ってみなさい。」
0x010000060004931C,53,167,Sordland/Turn04/SnO_LawEnforcementBudget,Nia Morgna,en,「それはまだ分からないが、すでに国中でその影響が現れている。この決定が何か悪いことの始まりにならないことを願っている。」
0x0100000600049322,53,168,Sordland/Turn04/SnO_LawEnforcementBudget,Player,en,「与えられたものを与えられた指示通りに使ってくれ。」
0x0100000600049322,53,168,Sordland/Turn04/SnO_LawEnforcementBudget,Player,Menu Text en,「与えられたものを与えられた指示通りに使ってくれ。」
0x0100000600049329,53,169,Sordland/Turn04/SnO_LawEnforcementBudget,Nia Morgna,en,「国内の至る所でその影響がすでに現れています。どうか、この決定が何か悪いことの始まりにならないよう願っています。」
0x010000060004932F,53,170,Sordland/Turn04/SnO_LawEnforcementBudget,Narrator,en,リリアス・グラーフとニア・モルグナは互いに見つめ合った後、沈黙に包まれた。
0x010000060004933E,53,171,Sordland/Turn04/SnO_LawEnforcementBudget,Lileas Graf,en,「では、ここに集まった本来の目的に移りましょう。」
0x010000060004934D,53,172,Sordland/Turn04/SnO_LawEnforcementBudget,Lileas Graf,en,「予算の増加により、ソードランドの主要な治安機関としてこれまで以上に多くのことを行うことができるようになります。」
0x0100000600049377,53,176,Sordland/Turn04/SnO_LawEnforcementBudget,Lileas Graf,en,「しかし……」
0x010000060004937E,53,177,Sordland/Turn04/SnO_LawEnforcementBudget,Player,en,「なぜ私が内務省を選ばなければならないのか？」
0x010000060004937E,53,177,Sordland/Turn04/SnO_LawEnforcementBudget,Player,Menu Text en,「なぜ私が内務省を選ばなければならないのか？」
0x0100000600049385,53,178,Sordland/Turn04/SnO_LawEnforcementBudget,Player,en,「なぜ私が司法省を選ばなければならないのだろうか？」
0x0100000600049385,53,178,Sordland/Turn04/SnO_LawEnforcementBudget,Player,Menu Text en,「なぜ私が司法省を選ばなければならないのだろうか？」
0x010000060004938C,53,179,Sordland/Turn04/SnO_LawEnforcementBudget,Lileas Graf,en,「内務省というのは、資金が必要なはるかに重要度の高い政府機関です。特に国中で多くの抗議活動が起きている今のような時期にはなおさらです。」
0x0100000600049392,53,180,Sordland/Turn04/SnO_LawEnforcementBudget,Lileas Graf,en,「これは資金不足の問題ではなく、組織的な問題のようです。内務省の方が警察や地方自治体のために資金をより必要としています。」
0x0100000600049398,53,181,Sordland/Turn04/SnO_LawEnforcementBudget,Player,en,「もし内務省と司法省の間で予算を均衡させるよう決めたらどうなるか？」
0x0100000600049398,53,181,Sordland/Turn04/SnO_LawEnforcementBudget,Player,Menu Text en,「もし内務省と司法省の間で予算を均衡させることにしたらどうなるだろうか？」
0x010000060004939F,53,182,Sordland/Turn04/SnO_LawEnforcementBudget,Lileas Graf,en,「予算のバランスを取ってもあまり意味はありません。現在の状況では、国の利益のために断固とした決断を下すことが明らかに求められています。」
0x01000006000493AB,53,183,Sordland/Turn04/SnO_LawEnforcementBudget,Lileas Graf,en,「その通りです。決定を下す際には全体的な状況を考慮しなければなりません。あなたなら正しい選択をして内務省を選ぶと信じています。」
0x01000006000493B1,53,184,Sordland/Turn04/SnO_LawEnforcementBudget,Nia Morgna,en,「私も同感です。具体的な成果を得るためには、一つの省庁に力を集中させる必要があります。」
0x01000006000493B7,53,185,Sordland/Turn04/SnO_LawEnforcementBudget,Nia Morgna,en,「内務省と司法省の予算バランスについて、何らかの決定を下さなければなりません。」
0x01000006000493BD,53,186,Sordland/Turn04/SnO_LawEnforcementBudget,Nia Morgna,en,「リリアス、裁判官が不足している状況で犯罪者を起訴したり地方自治体の法律を運用したりするのは大変でしょうね。」
0x01000006000493CD,53,187,Sordland/Turn04/SnO_LawEnforcementBudget,Nia Morgna,en,「日に日に裁判官の手元に積み上がる法廷案件の数は増え続けています。資金不足のため、汚職や犯罪に関する事件の処理も遅れが生じているのです。」
0x01000006000493E7,53,188,Sordland/Turn04/SnO_LawEnforcementBudget,Nia Morgna,en,「現在の状況では、最も理にかなった対応は、長年放置されてきた司法省を支援し、ソードランドの法制度を改善することでしょう。」
0x0100000600049416,53,205,Sordland/Turn04/SnO_LawEnforcementBudget,Player,en,「私は既に決断を下した。」
0x0100000600049416,53,205,Sordland/Turn04/SnO_LawEnforcementBudget,Player,Menu Text en,「私は既に決断を下した。」
0x010000060004943B,53,209,Sordland/Turn04/SnO_LawEnforcementBudget,Player,en,「私は決断を下す準備ができている。」
0x010000060004943B,53,209,Sordland/Turn04/SnO_LawEnforcementBudget,Player,Menu Text en,「私は決断を下す準備ができている。」
0x0100000600049449,53,210,Sordland/Turn04/SnO_LawEnforcementBudget,Narrator,en,リリアスとニアは身を乗り出した。
0x0100000600049452,53,211,Sordland/Turn04/SnO_LawEnforcementBudget,Player,en,「その資金は司法省に渡され、裁判所の未処理案件を減らし司法制度を改善するために使われる。」
0x0100000600049452,53,211,Sordland/Turn04/SnO_LawEnforcementBudget,Player,Menu Text en,「その資金は司法省に渡され、裁判所の未処理案件を減らし司法制度を改善するために使われる。」
0x0100000600049459,53,212,Sordland/Turn04/SnO_LawEnforcementBudget,Player,en,「予算は内務省と司法省の間で均等に配分される。」
0x0100000600049459,53,212,Sordland/Turn04/SnO_LawEnforcementBudget,Player,Menu Text en,「予算は内務省と司法省の間で均等に配分される。」
0x0100000600049460,53,213,Sordland/Turn04/SnO_LawEnforcementBudget,Player,en,「その資金は内務省に渡り、警察や地方自治体の改善に充てられる。」
0x0100000600049460,53,213,Sordland/Turn04/SnO_LawEnforcementBudget,Player,Menu Text en,「その資金は内務省に渡り、警察や地方自治体の改善に充てられる。」
0x010000060004946C,53,214,Sordland/Turn04/SnO_LawEnforcementBudget,Lileas Graf,en,「ニア、教えてくれ。犯罪者を裁判官の前に連れてくるのは誰だ？私が答えよう。内務省に属する警察部隊だ。」
0x0100000600049475,53,215,Sordland/Turn04/SnO_LawEnforcementBudget,Lileas Graf,en,「予算の削減により、どうしても一部の部門の資金を削減せざるを得ません。」
0x010000060004947B,53,216,Sordland/Turn04/SnO_LawEnforcementBudget,Lileas Graf,en,「しかし……」
0x0100000600049481,53,217,Sordland/Turn04/SnO_LawEnforcementBudget,Lileas Graf,en,「その通りです。決定を下す際には全体像を見渡す必要があり、あなたなら間違いなく正しい選択をしてくださると信じています。」
0x0100000600049487,53,218,Sordland/Turn04/SnO_LawEnforcementBudget,Nia Morgna,en,「どの機関に予算を割り当てるか、決定を下さなければなりません。」
0x010000060004949A,53,223,Sordland/Turn04/SnO_LawEnforcementBudget,Player,en,「なぜ内務省への資金提供を削減しなければならないのか？」
0x010000060004949A,53,223,Sordland/Turn04/SnO_LawEnforcementBudget,Player,Menu Text en,「なぜ内務省への資金提供を削減しなければならないのか？」
0x01000006000494A1,53,224,Sordland/Turn04/SnO_LawEnforcementBudget,Player,en,「なぜ私が司法省への資金提供を削減しなければならないのか？」
0x01000006000494A1,53,224,Sordland/Turn04/SnO_LawEnforcementBudget,Player,Menu Text en,「なぜ私が司法省への資金提供を削減しなければならないのか？」
0x01000006000494B4,53,225,Sordland/Turn04/SnO_LawEnforcementBudget,Player,en,「もし内務省と司法省の予算を均等に削減するとしたらどうだろうか？」
0x01000006000494B4,53,225,Sordland/Turn04/SnO_LawEnforcementBudget,Player,Menu Text en,「もし内務省と司法省の予算を均等に削減するとしたらどうだろうか？」
0x01000006000494D3,53,226,Sordland/Turn04/SnO_LawEnforcementBudget,Player,en,「その資金は司法省から削減される。現在の状況を考えれば、明らかに最も重要度が低い機関だから。」
0x01000006000494D3,53,226,Sordland/Turn04/SnO_LawEnforcementBudget,Player,Menu Text en,「その資金は司法省から削減される。現在の状況を考えれば、明らかに最も重要度が低い機関だから。」
0x01000006000494E2,53,228,Sordland/Turn04/SnO_LawEnforcementBudget,Player,en,「私は決断を下す準備ができている。」
0x01000006000494E2,53,228,Sordland/Turn04/SnO_LawEnforcementBudget,Player,Menu Text en,「私は決断を下す準備ができている。」
0x01000006000494E9,53,229,Sordland/Turn04/SnO_LawEnforcementBudget,Player,en,「内務省の予算を削減することになる。公正な裁判を行うためには、裁判所の未処理案件の問題を解決しなければならない。」
0x01000006000494E9,53,229,Sordland/Turn04/SnO_LawEnforcementBudget,Player,Menu Text en,「内務省の予算を削減することになる。公正な裁判を行うためには、裁判所の未処理案件の問題を解決しなければならない。」
0x01000006000494F0,53,230,Sordland/Turn04/SnO_LawEnforcementBudget,Narrator,en,リリアスとニアは身を乗り出した。
0x010000060004951F,53,243,Sordland/Turn04/SnO_LawEnforcementBudget,Player,en,「私は既に決断を下した。」
0x010000060004951F,53,243,Sordland/Turn04/SnO_LawEnforcementBudget,Player,Menu Text en,「私は既に決断を下した。」
0x010000060004952A,53,244,Sordland/Turn04/SnO_LawEnforcementBudget,Player,en,「内務省と司法省の予算は同額ずつ削減される。」
0x010000060004952A,53,244,Sordland/Turn04/SnO_LawEnforcementBudget,Player,Menu Text en,「内務省と司法省の予算は同額ずつ削減される。」
0x010000060004954E,53,245,Sordland/Turn04/SnO_LawEnforcementBudget,Lileas Graf,en,「国内の安全が脅かされるような時期には、内務省や現場の警察力がはるかに大きく、より重要な役割を果たします。」
0x0100000600049554,53,246,Sordland/Turn04/SnO_LawEnforcementBudget,Lileas Graf,en,「簡単です。内務省に削減の余裕はないからでして、もし国中が抗議者で溢れかえることを望まないのであれば仕方ありません。」
0x010000060004955A,53,247,Sordland/Turn04/SnO_LawEnforcementBudget,Nia Morgna,en,「ソードランドにおいて内務省は十分な資金が投入されている政府機関の一つです。一方、司法省については同じことは言えません。」
0x0100000600049560,53,248,Sordland/Turn04/SnO_LawEnforcementBudget,Nia Morgna,en,「断固とした対応が必要です。内務省と司法省の両方から予算を削減しても、誰の役にも立ちません。」
0x0100000600049566,53,249,Sordland/Turn04/SnO_LawEnforcementBudget,Nia Morgna,en,「はっ。リリアス、教えてくれ。もし裁判官たちが裁判の日を6ヶ月や1年先に延期せざるを得ないのなら、どうやって犯罪者たちを裁くつもりだ？」
0x010000060004956C,53,250,Sordland/Turn04/SnO_LawEnforcementBudget,Lileas Graf,en,「それには何の意味もありません。内務省の役割の方がはるかに重要です。特に今という時期には。」
0x010000060004957F,53,251,Sordland/Turn04/SnO_LawEnforcementBudget,Lileas Graf,en,「ニア、教えてくれ。犯罪者を裁判官の前に連れてくるのは誰だ？私が答えよう。内務省に属する警察部隊だ。」
0x0100000600049586,53,252,Sordland/Turn04/SnO_LawEnforcementBudget,Nia Morgna,en,「こう考えてみてください。ソードランドでは司法省はこれまで十分な資金を得られることがなく、一方で内務省の方が常に恵まれていたため、両者の間にこのような不均衡が生じているのです。」
0x010000060004958F,53,253,Sordland/Turn04/SnO_LawEnforcementBudget,Nia Morgna,en,「我々の裁判件数は増え続けており、終わる気配がありません。すでにボトルネックに陥っています。状況を悪化させれば、司法制度全体が崩壊してしまうでしょう。」
0x0100000600049597,53,254,Sordland/Turn04/SnO_LawEnforcementBudget,Nia Morgna,en,「たとえ自分の部下を使って何人の犯罪者を捕まえようと、正義が実現できなければ意味がないのです。」
0x01000006000495C1,53,261,Sordland/Turn04/SnO_LawEnforcementBudget,Lileas Graf,en,「これはまったく馬鹿げており、ソードランドの大統領として相応しくありません。」
0x01000006000495CB,53,263,Sordland/Turn04/SnO_LawEnforcementBudget,Nia Morgna,en,「私が理にかなった判断をしてくださると信じていました。ありがとうございます。」
0x01000006000495DA,53,266,Sordland/Turn04/SnO_LawEnforcementBudget,Lileas Graf,en,「大統領、我々が同じ側に立つことは最初から分かっていました。」
0x01000006000495E0,53,267,Sordland/Turn04/SnO_LawEnforcementBudget,Nia Morgna,en,「それは馬鹿げています。」
0x010000060004960A,53,272,Sordland/Turn04/SnO_LawEnforcementBudget,Lileas Graf,en,「悪い決断ですね。」
0x0100000600049610,53,273,Sordland/Turn04/SnO_LawEnforcementBudget,Nia Morgna,en,「正しい決断です。司法省が必要な資金を手に入れる時が来ていました。」
0x010000060004961A,53,275,Sordland/Turn04/SnO_LawEnforcementBudget,Nia Morgna,en,「大統領、あなたはもっと違う方だと思っていました。」
0x0100000600049640,53,281,Sordland/Turn04/SnO_LawEnforcementBudget,Lileas Graf,en,「決定を下す前に、この政権の指導者としてのご義務や約束をお思い出いただきたく存じます、大統領。」
0x010000060004964E,53,285,Sordland/Turn04/SnO_LawEnforcementBudget,Nia Morgna,en,「どのようになさいますか？」
0x010000060004965C,53,289,Sordland/Turn04/SnO_LawEnforcementBudget,Lileas Graf,en,「決定を下す前に、この政権の指導者としてのご義務や約束をお思い出いただきたく存じます、大統領。」
0x0100000600049662,53,290,Sordland/Turn04/SnO_LawEnforcementBudget,Nia Morgna,en,「どのようになさいますか？」
0x0100000600049679,53,292,Sordland/Turn04/SnO_LawEnforcementBudget,Lileas Graf,en,「悪い決断ですね。」
0x010000060004967F,53,293,Sordland/Turn04/SnO_LawEnforcementBudget,Nia Morgna,en,「大統領、あなたはもっと違う方だと思っていました。」
0x010000060004968C,53,295,Sordland/Turn04/SnO_LawEnforcementBudget,Lileas Graf,en,「これはまったく馬鹿げており、ソードランドの大統領として相応しくありません。」
0x0100000600049692,53,296,Sordland/Turn04/SnO_LawEnforcementBudget,Nia Morgna,en,「それは馬鹿げています。」
0x010000060004969B,53,297,Sordland/Turn04/SnO_LawEnforcementBudget,Narrator,en,ほんの少しの間、熟考が続いた。リリアス・グラーフとニア・モルグナは自分たちの席から立ち上がった。
0x01000006000496A8,53,298,Sordland/Turn04/SnO_LawEnforcementBudget,Nia Morgna,en,「必要な変更を実施するため、再び省庁に戻らなければなりません。」
0x01000006000496AF,53,299,Sordland/Turn04/SnO_LawEnforcementBudget,Lileas Graf,en,「私もです。」
0x01000006000496C2,53,300,Sordland/Turn04/SnO_LawEnforcementBudget,Narrator,en,彼らはその部屋を出て行った。
0x01000006000496CA,53,301,Sordland/Turn04/SnO_LawEnforcementBudget,Narrator,en,ドアが閉まると同時に、彼らが口論しているかすかな声が聞こえてきた。
0x0100000600049A62,53,306,Sordland/Turn04/SnO_LawEnforcementBudget,Lileas Graf,en,「始める前にお伝えしたいのですが、警察力強化を呼びかけてくださった大統領のご尽力のおかげで、公共の安全維持に大きな助けとなっております。」
0x0100000600049A69,53,307,Sordland/Turn04/SnO_LawEnforcementBudget,Lileas Graf,en,「警察学校を卒業した新人たちの未熟さが原因で数件の事件が発生したようです。彼らは直ちに職務から外されました。」
0x0100000600049A83,53,311,Sordland/Turn04/SnO_LawEnforcementBudget,Narrator,en,ほんの少しの間、熟考の時間が過ぎた。ニアは自分の席から立ち上がった。
0x0100000600049A8D,53,312,Sordland/Turn04/SnO_LawEnforcementBudget,Narrator,en,ほんの少しの間、熟考が続いた。リリアス・グラーフとニア・モルグナは自分たちの席から立ち上がった。
0x0100000600049A94,53,313,Sordland/Turn04/SnO_LawEnforcementBudget,Nia Morgna,en,「では、私はもう省に戻らなければなりません。」
0x0100000600049A9A,53,314,Sordland/Turn04/SnO_LawEnforcementBudget,Narrator,en,彼らはその部屋を出て行った。
0x0100000600049AA1,53,315,Sordland/Turn04/SnO_LawEnforcementBudget,Lileas Graf,en,「私もです。」
0x0100000600049AA7,53,316,Sordland/Turn04/SnO_LawEnforcementBudget,Narrator,en,ドアが閉まるとすぐに、彼らが口論しているかすかな声が聞こえてきた。
0x0100000600049AB5,53,317,Sordland/Turn04/SnO_LawEnforcementBudget,Narrator,en,少しの間、熟考が続いた。リリアス・グラーフは自分の席から立ち上がった。
0x0100000600049ABD,53,318,Sordland/Turn04/SnO_LawEnforcementBudget,Narrator,en,ほんの少しの間、熟考の時間が過ぎた。ニアとリリアスは自分たちの席にもたれかかった。
0x0100000600049AC5,53,319,Sordland/Turn04/SnO_LawEnforcementBudget,Nia Morgna,en,「必要な変更を実施するため、再び省庁に戻らなければなりません。」
0x0100000600049ACC,53,320,Sordland/Turn04/SnO_LawEnforcementBudget,Lileas Graf,en,「わかりました。またすぐ会いましょう、ニア。大統領と少しお話しする必要があります。」
0x0100000600049AD3,53,321,Sordland/Turn04/SnO_LawEnforcementBudget,Lileas Graf,en,「必要な変更を実施するため、再び省庁に戻らなければなりません。」
0x0100000600049AD9,53,322,Sordland/Turn04/SnO_LawEnforcementBudget,Nia Morgna,en,「わかりました。またすぐ会いましょう、リリアス。大統領と少しお話しする必要があります。」
0x0100000600049AE2,53,323,Sordland/Turn04/SnO_LawEnforcementBudget,Narrator,en,リリアス・グラーフは部屋を出て行った。
0x0100000600049AEA,53,324,Sordland/Turn04/SnO_LawEnforcementBudget,Narrator,en,ニアは薄く微笑んで部屋を出て行った。リリアス・グラーフは私の方を向いた。
0x0100000600049AF2,53,325,Sordland/Turn04/SnO_LawEnforcementBudget,Lileas Graf,en,「ですから、私は特別高等警察の設立を提案しているのです。」
0x0100000600049AF8,53,326,Sordland/Turn04/SnO_LawEnforcementBudget,Lileas Graf,en,「提案があります。」
0x0100000600049AFF,53,327,Sordland/Turn04/SnO_LawEnforcementBudget,Lileas Graf,en,「我々は長い間、テロと戦い続けてきました。これを終わらせたいのです。」
0x0100000600049B07,53,328,Sordland/Turn04/SnO_LawEnforcementBudget,Lileas Graf,en,「もしこれを受け入れていただければ、我が政権は脅威に対処する際、より…巧妙に行動できる力を得ることができます。」
0x0100000600049B0E,53,329,Sordland/Turn04/SnO_LawEnforcementBudget,Player,en,「わかった。特別高等警察を設立しよう。」
0x0100000600049B0E,53,329,Sordland/Turn04/SnO_LawEnforcementBudget,Player,Menu Text en,「わかった。特別高等警察を設立しよう。」
0x0100000600049B16,53,330,Sordland/Turn04/SnO_LawEnforcementBudget,Player,en,「そうは思わない。現在の体制で十分だ。」
0x0100000600049B16,53,330,Sordland/Turn04/SnO_LawEnforcementBudget,Player,Menu Text en,「そうは思わない。現在の体制で十分だ。」
0x0100000600049B1E,53,331,Sordland/Turn04/SnO_LawEnforcementBudget,Lileas Graf,en,「素晴らしいです。すぐに準備作業を始めます。」
0x0100000600049B25,53,332,Sordland/Turn04/SnO_LawEnforcementBudget,Lileas Graf,en,「残念ですね。」
0x0100000600049B2C,53,333,Sordland/Turn04/SnO_LawEnforcementBudget,Lileas Graf,en,「大統領、今日は次々と素晴らしい決断をなさっていますね。」
0x0100000600049B33,53,334,Sordland/Turn04/SnO_LawEnforcementBudget,Lileas Graf,en,「また連絡を取り合います。」
0x0100000600049B3A,53,335,Sordland/Turn04/SnO_LawEnforcementBudget,Lileas Graf,en,「ともかく、今日は非常に実り多い一日でした。私もそろそろ退室しなければなりません。」
0x0100000600049B42,53,336,Sordland/Turn04/SnO_LawEnforcementBudget,Narrator,en,リリアスは立ち上がり、部屋を出て行った。
0x0100000600049B4B,53,337,Sordland/Turn04/SnO_LawEnforcementBudget,Nia Morgna,en,「こちらが私の提案です。」
0x0100000600049B52,53,338,Sordland/Turn04/SnO_LawEnforcementBudget,Nia Morgna,en,「汚職はどの政府においても常に重大な問題であり、あらゆる悪の根源です。」
0x0100000600049B58,53,339,Sordland/Turn04/SnO_LawEnforcementBudget,Nia Morgna,en,「ですから、私は汚職捜査局の設立を提案しているのです。」
0x0100000600049B60,53,340,Sordland/Turn04/SnO_LawEnforcementBudget,Nia Morgna,en,「もしこれを受け入れていただければ、我が政権は汚職に迅速かつ断固として対処する力を得ることができます。」
0x0100000600049B67,53,341,Sordland/Turn04/SnO_LawEnforcementBudget,Player,en,「わかった。汚職捜査局を設立しよう。」
0x0100000600049B67,53,341,Sordland/Turn04/SnO_LawEnforcementBudget,Player,Menu Text en,「わかった。汚職捜査局を設立しよう。」
0x0100000600049B6E,53,342,Sordland/Turn04/SnO_LawEnforcementBudget,Player,en,「そうは思わない。現在の体制で十分だ。」
0x0100000600049B6E,53,342,Sordland/Turn04/SnO_LawEnforcementBudget,Player,Menu Text en,「そうは思わない。現在の体制で十分だ。」
0x0100000600049B77,53,343,Sordland/Turn04/SnO_LawEnforcementBudget,Nia Morgna,en,「素晴らしいです。すぐに準備作業を始めます。」
0x0100000600049B7D,53,344,Sordland/Turn04/SnO_LawEnforcementBudget,Nia Morgna,en,「大統領、今日もまた素晴らしい決断を次々と下しておられますね。」
0x0100000600049B83,53,345,Sordland/Turn04/SnO_LawEnforcementBudget,Narrator,en,ニアは立ち上がって部屋を出て行った。
0x0100000600049B8A,53,346,Sordland/Turn04/SnO_LawEnforcementBudget,Nia Morgna,en,「残念ですね。」
0x0100000600049B90,53,347,Sordland/Turn04/SnO_LawEnforcementBudget,Nia Morgna,en,「ともかく、今日は非常に実り多い一日でした。私もそろそろ退室しなければなりません。」
0x0100000600049B96,53,348,Sordland/Turn04/SnO_LawEnforcementBudget,Nia Morgna,en,「また連絡を取り合います。」
0x0100000600049BB7,53,349,Sordland/Turn04/SnO_LawEnforcementBudget,Narrator,en,リリアス・グラーフとニア・モルグナは立ち上がって部屋を出て行った。
0x0100000600049BBE,53,350,Sordland/Turn04/SnO_LawEnforcementBudget,Player,en,「そうは思わない。現在の体制で十分だ。」
0x0100000600049BBE,53,350,Sordland/Turn04/SnO_LawEnforcementBudget,Player,Menu Text en,「そうは思わない。現在の体制で十分だ。」
0x0100000600049BC5,53,351,Sordland/Turn04/SnO_LawEnforcementBudget,Nia Morgna,en,「ですから、我々は地域警察の設立を提案しているのです。」
0x0100000600049BCB,53,352,Sordland/Turn04/SnO_LawEnforcementBudget,Lileas Graf,en,「提案があります。」
0x0100000600049BD1,53,353,Sordland/Turn04/SnO_LawEnforcementBudget,Lileas Graf,en,「残念ですね。」
0x0100000600049BD7,53,354,Sordland/Turn04/SnO_LawEnforcementBudget,Lileas Graf,en,「我々は長い間、国内の混乱と戦い続けてきました。これを終わらせたいのです。」
0x0100000600049BDD,53,355,Sordland/Turn04/SnO_LawEnforcementBudget,Nia Morgna,en,「ともかく、今日は非常に実り多い一日でした。私もそろそろ退室しなければなりません。」
0x0100000600049BE3,53,356,Sordland/Turn04/SnO_LawEnforcementBudget,Lileas Graf,en,「またご連絡いたします。」
0x0100000600049BE9,53,357,Sordland/Turn04/SnO_LawEnforcementBudget,Nia Morgna,en,「その通りです。もしご承認いただければ、我々政権は混乱を迅速に鎮圧する力を得ることができます。」
0x0100000600049BEF,53,358,Sordland/Turn04/SnO_LawEnforcementBudget,Nia Morgna,en,「大統領、今日もまた素晴らしい決断を次々と下しておられますね。」
0x0100000600049BF5,53,359,Sordland/Turn04/SnO_LawEnforcementBudget,Lileas Graf,en,「素晴らしいです。すぐに準備作業を開始します。」
0x0100000600049BFB,53,360,Sordland/Turn04/SnO_LawEnforcementBudget,Player,en,「わかった。地域警察を設立しよう。」
0x0100000600049BFB,53,360,Sordland/Turn04/SnO_LawEnforcementBudget,Player,Menu Text en,「わかった。地域警察を設立しよう。」
0x0100000600049C12,53,361,Sordland/Turn04/SnO_LawEnforcementBudget,Narrator,en,彼らは互いに顔を見合わせた後、私の方を向いた。
0x0100000600049C1B,53,362,Sordland/Turn04/SnO_LawEnforcementBudget,Nia Morgna,en,「大統領、ありがとうございます。」
0x010000060004A183,53,381,Sordland/Turn04/SnO_LawEnforcementBudget,Nia Morgna,en,「司法省の下部組織として、ACPは大統領府から完全な権限を与えられ、腐敗した政府職員や市民を捜査することになります。」
0x010000060004A189,53,382,Sordland/Turn04/SnO_LawEnforcementBudget,Nia Morgna,en,「地域警察は、地域社会の信頼できる住民から選出されます。そうすることで、犯罪者と戦うために国内全体をよりしっかりとカバーできるようになります。」
0x010000060004A18F,53,383,Sordland/Turn04/SnO_LawEnforcementBudget,Nia Morgna,en,「高位にいる腐敗した官僚や政治に干渉する財閥など、特にそうした問題を扱う際にこれは非常に役立つでしょう。最高裁判所もその一例です。」
0x010000060004A195,53,384,Sordland/Turn04/SnO_LawEnforcementBudget,Nia Morgna,en,「治安機関の中にはこれを否定的に見る者もいますが、我々はこれが成功する可能性を持っていると信じています。」
0x010000060004A1E1,53,385,Sordland/Turn04/SnO_LawEnforcementBudget,Lileas Graf,en,「それは国内の治安や情報活動を担当する新しい部隊となるでしょう。」
0x010000060004A1E7,53,386,Sordland/Turn04/SnO_LawEnforcementBudget,Lileas Graf,en,「この計画の主な目的は、破壊活動を行う勢力が国家に対して何らかの害悪的な行為を起こす前にそれらを見つけ出し、未然に防ぐことです。」
0x010000060004A1F9,53,387,Sordland/Turn04/SnO_LawEnforcementBudget,Lileas Graf,en,「これは抗議活動に対処する上で役立つでしょう。」
0x0100000300043B76,53,444,Sordland/Turn04/SnO_LawEnforcementBudget,Lileas Graf,en,「大統領、暴動鎮圧用装備の提供をしていただき、心から感謝いたします。警察組織にとってそれは確かに必要なものでした。」
0x0100000300043B84,53,448,Sordland/Turn04/SnO_LawEnforcementBudget,Lileas Graf,en,「大統領、正直に申し上げますと、法執行機関へのご支援が不足しているため警察力が大きな打撃を受けております。彼らは次第に衰えつつあります...ですが、その件についてはもうすぐ話し合います。」
0x0100000D00000211,53,455,Sordland/Turn04/SnO_LawEnforcementBudget,Lileas Graf,en,「事態を悪化させているのは、不足している暴動鎮圧用装備への資金提供要請が無視され続けていることです。」
0x0100000D00000217,53,456,Sordland/Turn04/SnO_LawEnforcementBudget,Lileas Graf,en,「少なくとも、ある程度秩序を維持できるような追加の暴徒鎮圧装備への資金提供という我々の要請は叶えていただきました。」
0x0100000D00000221,53,457,Sordland/Turn04/SnO_LawEnforcementBudget,Lileas Graf,en,「少なくとも、ある程度秩序を維持できるような追加の暴徒鎮圧装備への資金提供という我々の要請は叶えていただきました。」
0x0100000D00000227,53,458,Sordland/Turn04/SnO_LawEnforcementBudget,Lileas Graf,en,「事態を悪化させているのは、不足している暴動鎮圧用装備への資金提供要請が無視され続けていることです。」
0x0100000D00000231,53,459,Sordland/Turn04/SnO_LawEnforcementBudget,Lileas Graf,en,「状況は依然として好転していません。」
0x01000006000B358F,53,479,Sordland/Turn04/SnO_LawEnforcementBudget,Lileas Graf,en,「賢明なご決断ですね。」
0x010000510001366B,53,480,Sordland/Turn04/SnO_LawEnforcementBudget,Lileas Graf,en,「遅れてしまい申し訳ありません。省庁内で重要な用件がありました。ベルギアの治安部隊が私の部署と恣意的に協力しないため、些細な問題が生じています。」
0x0100005100013671,53,481,Sordland/Turn04/SnO_LawEnforcementBudget,Lileas Graf,en,「幸いなことに、彼らは任務を完全に台無しにすることはなく、ブルディア自由戦線のためにベルギア人を勧誘している司祭たちの大規模なネットワークを実際に発見することができました。」
0x0100005100013678,53,482,Sordland/Turn04/SnO_LawEnforcementBudget,Player,en,「それは非常に重要なことのようだね。もっと詳しく説明していただけるか？」
0x010000510001367F,53,483,Sordland/Turn04/SnO_LawEnforcementBudget,Player,en,「よろしい。知事の部隊との誤解や衝突をできるだけ抑えるよう最善を尽くしなさい。我々はテロとの戦いを真剣に受け止めなければならない。」
0x0100005100013688,53,484,Sordland/Turn04/SnO_LawEnforcementBudget,Player,en,「グラーフさん、遅れてしまったね。だがこちらにいらっしゃったので、会議を始めよう。」
0x0100005100013691,53,485,Sordland/Turn04/SnO_LawEnforcementBudget,Lileas Graf,en,「もちろんです。」
0x0100005100013699,53,486,Sordland/Turn04/SnO_LawEnforcementBudget,Lileas Graf,en,「その問題は、ベルギア国内で進行中の捜査に関する誤解から生じたものです。しかし先ほども申し上げましたが、結果に悪影響を与えるようなことはありませんでした。」
0x01000051000136A0,53,487,Sordland/Turn04/SnO_LawEnforcementBudget,Lileas Graf,en,「しかし、調査の過程でいくつか憂慮すべき事実が明らかになりました。現在ベルギアで活動しているBFFと結託した司祭たちから成る巨大なネットワークの存在を疑っています。」
0x01000051000136A7,53,488,Sordland/Turn04/SnO_LawEnforcementBudget,Lileas Graf,en,「我々は、ベルギア内に存在する既存のゴルコンド主義者の聖堂や共同体のほとんどが、実際にはBFFのために直接活動していることを突き止めました。」
0x01000051000136AE,53,489,Sordland/Turn04/SnO_LawEnforcementBudget,Lileas Graf,en,「いくつかの報告書によれば、これらのゴルコンド主義者の宗派がダストヌーリティ教徒やヴルヘック教徒の集団に浸透している可能性も指摘されています。もしこれが事実であるなら、神が我々をお許しくださいますように。」
0x01000051000136BB,53,490,Sordland/Turn04/SnO_LawEnforcementBudget,Player,en,「簡潔な報告をしてくれてありがとう、リリアス。」
0x01000051000136C2,53,491,Sordland/Turn04/SnO_LawEnforcementBudget,Player,en,「これは憂慮すべきニュースだ。引き続き調査を進めてくれ。決してこれらの宗派によって我が国の社会が分裂することを許してはならない。」
0x01000051000136CB,53,492,Sordland/Turn04/SnO_LawEnforcementBudget,Player,en,「ゴルコンド主義者たちについて教えてくれ。」
0x01000051000136D3,53,493,Sordland/Turn04/SnO_LawEnforcementBudget,Lileas Graf,en,「私の率直な意見を言わせてもらえば、彼らはヴルヘック教のヌーリティを歪んだ形で解釈する危険な過激派集団です。真のニューリストであれば、誰も彼らと関わりたくないでしょう。」
0x01000051000136DA,53,494,Sordland/Turn04/SnO_LawEnforcementBudget,Nia Morgna,en,「リリアス、そのような言い方は好ましくありません。ソードランドのブルディア人の大多数はゴルコンド主義を信奉しています。」
0x01000051000136E1,53,495,Sordland/Turn04/SnO_LawEnforcementBudget,Lileas Graf,en,「モルグナさん、彼らを普通の存在として扱ってはいけません。彼らはこの世の害悪です。正統派のヴルヘック教徒でさえ彼らを好みません。」
0x01000051000136E8,53,496,Sordland/Turn04/SnO_LawEnforcementBudget,Lileas Graf,en,「私もまた熱心なヌーリティ教徒ですので、ソードランドでは我々の宗教と主流のヴルヘック教の間に何の対立も経験したことがありません。聖ダストに祝福を――ヌーリティ教の信者たちは皆、ここで平和に暮らしているのです...」
0x01000051000136EF,53,497,Sordland/Turn04/SnO_LawEnforcementBudget,Lileas Graf,en,「……もちろん、ゴルコンド主義者たちは別です。彼らの過激な信条は忌まわしいものです。そして残念ながら、デルディアでのヴルヘック教革命以降、今や我々は国際的にその信仰の影響力を振るうゴルコンド主義者の国家を抱えてしまっているのです。」
0x01000051000136F6,53,498,Sordland/Turn04/SnO_LawEnforcementBudget,Lileas Graf,en,「実のところ、デルディア・ヌーリスト共和国もBFFの支援者疑いの一つです。彼らの目的は明らかに同じなのです。」
0x01000051000136FD,53,499,Sordland/Turn04/SnO_LawEnforcementBudget,Lileas Graf,en,「もちろんです、大統領。」
0x010000510001370C,53,500,Sordland/Turn04/SnO_LawEnforcementBudget,Player,en,「説明していただき、ありがとう、リリアス。」
0x0100005100013713,53,501,Sordland/Turn04/SnO_LawEnforcementBudget,Player,en,「デルディアと共に他の国もBFFを支援している疑いはあるか？」
0x010000510001371B,53,502,Sordland/Turn04/SnO_LawEnforcementBudget,Player,en,「その手がかりを引き続き追ってくれ。デルディアのような国に、宗教を利用して我々の安定を乱させることは許されない。」
0x0100005100013722,53,503,Sordland/Turn04/SnO_LawEnforcementBudget,Lileas Graf,en,「もちろんです、大統領。」
0x010000510001373A,53,504,Sordland/Turn04/SnO_LawEnforcementBudget,Lileas Graf,en,「私は、リジア王国がデルディアと共にこの件に関与していると疑っています。しかし、最も大きな影響力を持つのはルンブルクであり、彼らの干渉について明確な証拠があります。我々の焦点は彼らに置かれるべきです。」
0x0100005100013741,53,505,Sordland/Turn04/SnO_LawEnforcementBudget,Nia Morgna,en,「根拠のない疑念のために国際的な関係を損なうべきではありません。我々の直近の隣国の方がはるかに大きな影響力を持っています。」
0x0100005100013748,53,506,Sordland/Turn04/SnO_LawEnforcementBudget,Nia Morgna,en,「それに、これは今回の会議の話題ではありません。十分な証拠が集まった時、あるいは集められた場合に外部の安全保障会議でこの件を議論するのが最善だと思います。」
0x010000510001374F,53,507,Sordland/Turn04/SnO_LawEnforcementBudget,Lileas Graf,en,「その通りです。」
0x010000510001376A,53,511,Sordland/Turn04/SnO_LawEnforcementBudget,Lileas Graf,en,「ベルギア人としてご自身が彼らのことをよく知っているものだと思っていました。」
0x0100005100013771,53,512,Sordland/Turn04/SnO_LawEnforcementBudget,Lileas Graf,en,「大学時代に彼らと出会ったのではないかと思っていました。」
0x0100005100013781,53,516,Sordland/Turn04/SnO_LawEnforcementBudget,Player,en,「正直言って、私は宗教など全く気にしない。」
0x0100005100013789,53,517,Sordland/Turn04/SnO_LawEnforcementBudget,Lileas Graf,en,「神聖なる神があなたの魂をお救いくださいますように。」
0x0100005100013797,53,518,Sordland/Turn04/SnO_LawEnforcementBudget,Nia Morgna,en,「もしこれで終わりなら、会議を始めましょうか？」
0x0100005100013EDB,53,519,Sordland/Turn04/SnO_LawEnforcementBudget,Lileas Graf,en,「残念ながら、ベルギア特別区における私の権限が限られているため、彼らの活動を統制することはできません。」
0x010000030002CDF7,54,3,Sordland/Turn04/A_ConvinceAlbin,Player,en,「クラヴィンさん、すべて順調だろうか？」
0x010000030002CDF7,54,3,Sordland/Turn04/A_ConvinceAlbin,Player,Menu Text en,「クラヴィンさん、すべて順調だろうか？」
0x010000030002CDFE,54,4,Sordland/Turn04/A_ConvinceAlbin,Narrator,en,グロリア・トーリーとの会談や、党および内閣とのさらなる協議を経た後、改革派がこの提案を支持するようにアルビン・クラヴィンと話し合う時が来た。
0x010000030002CE0A,54,5,Sordland/Turn04/A_ConvinceAlbin,Albin Clavin,en,「大統領！ようこそいらっしゃいました！」
0x010000030002CE11,54,6,Sordland/Turn04/A_ConvinceAlbin,Narrator,en,我々も会談の後、より詳細にまとめられた提案を提示し、党に対して我々の方針を明らかにするつもりでいた。
0x010000030002CE18,54,7,Sordland/Turn04/A_ConvinceAlbin,Narrator,en,私は大国民議会の左翼部分に入り、USPの執務室へと向かった。会議場に着くと、多くの党員たちが中で話し合っているのが見えた。
0x010000030002CE1F,54,8,Sordland/Turn04/A_ConvinceAlbin,Narrator,en,中をちらりと見た後、再び廊下に戻り、場所の奥側にあるアルビン・クラヴィンの執務室を探した。
0x010000030002CE26,54,9,Sordland/Turn04/A_ConvinceAlbin,Narrator,en,私が彼の部屋に着くと、ドアをノックして中に入った。
0x010000030002CE45,54,10,Sordland/Turn04/A_ConvinceAlbin,Narrator,en,部屋の周りは、書類や資料でいっぱいの本棚に囲まれていた。そこは小さなオフィスで、隅々に至るまで本や記録が散らばっており、息苦しい雰囲気だった。
0x010000030002CE4C,54,11,Sordland/Turn04/A_ConvinceAlbin,Narrator,en,彼の合図で、私は席に着いた。
0x010000030002CE62,54,12,Sordland/Turn04/A_ConvinceAlbin,Player,en,「このオフィスに爆弾が投下されたのか？」
0x010000030002CE62,54,12,Sordland/Turn04/A_ConvinceAlbin,Player,Menu Text en,「このオフィスに爆弾が投下されたのか？」
0x010000030002CE6A,54,13,Sordland/Turn04/A_ConvinceAlbin,Narrator,en,彼は笑った。
0x010000030002CE71,54,14,Sordland/Turn04/A_ConvinceAlbin,Albin Clavin,en,「とても忙しい日々が続いております。党員の皆さんも一生懸命働いてくれています、大統領。お尋ねいただきありがとうございます。」
0x010000030002CE78,54,15,Sordland/Turn04/A_ConvinceAlbin,Albin Clavin,en,「宮殿でのご公務はいかがでしょうか、大統領？」
0x010000030002CE7F,54,16,Sordland/Turn04/A_ConvinceAlbin,Albin Clavin,en,「そう言えなくもありませんね。」
0x010000030002CE86,54,17,Sordland/Turn04/A_ConvinceAlbin,Albin Clavin,en,「我々が検討している計画については、さらなる調査や準備が大量に必要です。」
0x010000030002CE8D,54,18,Sordland/Turn04/A_ConvinceAlbin,Albin Clavin,en,「大統領、ご自身の業務は順調でいらっしゃいますか？」
0x010000030002CE94,54,19,Sordland/Turn04/A_ConvinceAlbin,Player,en,「かなり厳しい状況だ。」
0x010000030002CE94,54,19,Sordland/Turn04/A_ConvinceAlbin,Player,Menu Text en,「かなり厳しい状況だ。」
0x010000030002CE9D,54,20,Sordland/Turn04/A_ConvinceAlbin,Player,en,「私はかなり調子が良い。」
0x010000030002CE9D,54,20,Sordland/Turn04/A_ConvinceAlbin,Player,Menu Text en,「私はかなり調子が良い。」
0x010000030002CEA6,54,21,Sordland/Turn04/A_ConvinceAlbin,Player,en,「それは今日の会議次第だ。」
0x010000030002CEA6,54,21,Sordland/Turn04/A_ConvinceAlbin,Player,Menu Text en,「それは今日の会議次第だ。」
0x010000030002CEAF,54,22,Sordland/Turn04/A_ConvinceAlbin,Albin Clavin,en,「ああ、なるほど。では大統領、状況をこれ以上悪化させないよう最善を尽くします。」
0x010000030002CEB6,54,23,Sordland/Turn04/A_ConvinceAlbin,Albin Clavin,en,「大統領、あちらでお扱いになっている業務の厳しさは想像もつきません。」
0x010000030002CEBD,54,24,Sordland/Turn04/A_ConvinceAlbin,Albin Clavin,en,「それは大変うれしく存じます。」
0x010000030002CEC4,54,25,Sordland/Turn04/A_ConvinceAlbin,Albin Clavin,en,「ともかく、大統領、その提案について話し合いましょう。グロリアと私の見解が一致しない事項もあるため、私の意見を聞き入れていただきありがとうございます。」
0x010000030002CECD,54,26,Sordland/Turn04/A_ConvinceAlbin,Albin Clavin,en,「正直なところ、進歩派の大半はすでにあなたに好意的になり始めていました。憲法を改正しようとするあなたの試みは大きな注目を集めました。30年代以来感じられなかったほどの熱気だとさえ言えるでしょう…」
0x010000030002CED4,54,27,Sordland/Turn04/A_ConvinceAlbin,Albin Clavin,en,「ですが、現在の案の状況にはいくつか問題点があります。そのため、もう少し興奮を抑えておく必要があるかもしれません。」
0x010000030002CEDA,54,28,Sordland/Turn04/A_ConvinceAlbin,Albin Clavin,en,「トーリー夫人と共にまとめられた提案書を読みました。驚いたことに、かなり良い内容に仕上がっていました。」
0x010000030002CEE0,54,29,Sordland/Turn04/A_ConvinceAlbin,Albin Clavin,en,「現在の形では、その提案は受け入れられないと言わざるを得ません。」
0x010000030002D0F2,54,30,Sordland/Turn04/A_ConvinceAlbin,Narrator,en,その会議のせいで私はすっかり疲れ果ててしまった。
0x010000030002D104,54,31,Sordland/Turn04/A_ConvinceAlbin,Narrator,en,私は大国民議会のレストランに行き、党の他のメンバーたちと話をしながら何か食べ物を手に入れた。
0x010000030002D10B,54,32,Sordland/Turn04/A_ConvinceAlbin,Narrator,en,遠くで、アルビン・クラヴィンが自分の支持者たちと話しているのが見えた。
0x010000030002D112,54,33,Sordland/Turn04/A_ConvinceAlbin,Narrator,en,しばらくして会議の準備が始まり、私は再び会議場に戻って、自分が行う演説のためのメモを用意した。
0x010000030002D119,54,34,Sordland/Turn04/A_ConvinceAlbin,Narrator,en,党の現在のメンバー全員を会場に集めるのに時間がかかった。グロリア・トーリーが壇上から私の名前を呼んだ。
0x010000030002D120,54,35,Sordland/Turn04/A_ConvinceAlbin,Narrator,en,部屋にいた全員が拍手を始める中、壇上へと歩み寄った。
0x010000030002D13F,54,36,Sordland/Turn04/A_ConvinceAlbin,Player,en,「大国民議会の皆様、本日は我が国の将来に向けた施策を発表するためにここに参った。」
0x010000030002D13F,54,36,Sordland/Turn04/A_ConvinceAlbin,Player,Menu Text en,「議会の皆様、」
0x010000030002D147,54,37,Sordland/Turn04/A_ConvinceAlbin,Player,en,「党の皆様！本日は我が国の将来に向けた施策を発表するためにここに参った。」
0x010000030002D147,54,37,Sordland/Turn04/A_ConvinceAlbin,Player,Menu Text en,「党の皆様！」
0x010000030002D14F,54,38,Sordland/Turn04/A_ConvinceAlbin,Player,en,「統一ソードランドの兄弟姉妹の皆さん！今日ここに来たのは、我が国の将来に向けた計画を発表するためだ。」
0x010000030002D14F,54,38,Sordland/Turn04/A_ConvinceAlbin,Player,Menu Text en,「統一ソードランドの兄弟姉妹たちよ！」
0x010000030002D157,54,39,Sordland/Turn04/A_ConvinceAlbin,Narrator,en,私は演説を、憲法改正の理由から始めた。
0x010000030002D160,54,40,Sordland/Turn04/A_ConvinceAlbin,Player,en,「ソードランドの民が声を上げた！彼らは我々の制度や仕組みを非難し、変革を望んでいるのだ！民を責めることができるか？我々の憲法の欠陥にうんざりしていない者はいない。我々は彼らの願いに耳を傾け、ソードランドへの信頼を取り戻さなければならない！」
0x010000030002D160,54,40,Sordland/Turn04/A_ConvinceAlbin,Player,Menu Text en,「ソードランドの人々が声を上げた…」
0x010000030002D168,54,41,Sordland/Turn04/A_ConvinceAlbin,Player,en,「ソルが国を厳しく支配し始めてから数十年にわたり、我々の制度や仕組みはますます非民主的なものへと変質してきた。今日では最高裁判所が大統領や大国民議会の職務の遂行を妨げている。我々はついに、彼らが作り上げた現状に逆らい、新しい憲法を制定するほどの勇気を持たなければならない！」
0x010000030002D168,54,41,Sordland/Turn04/A_ConvinceAlbin,Player,Menu Text en,「我々の制度や仕組みは、ソルが国を厳しく支配し始めてから数十年にわたり、ますます非民主的なものへと変質してきた。それ以来、大統領や副大統領の職務の遂行を妨げる最高裁判所が存在しているのだ」
0x010000030002D170,54,42,Sordland/Turn04/A_ConvinceAlbin,Player,en,「ソル大統領がそのような裁判官たちを最高裁判所に配置したため、再び最高裁判所がソードランドの将来を妨げているのだ。彼らは選出されてすらいないのに、自分たちこそが憲法の唯一の守護者でありソードランドの真の指導者だと考えている。我々は彼らの支配から自由になるほどの勇気を持ち、ソードランドが切望してきた変革を実現させなければならない！」
0x010000030002D170,54,42,Sordland/Turn04/A_ConvinceAlbin,Player,Menu Text en,「最高裁判所がソードランドの未来を再び妨げている...」
0x010000030002D178,54,43,Sordland/Turn04/A_ConvinceAlbin,Narrator,en,彼らが拍手を始めたので私は一時停止し、その後再び話し続けた。
0x010000030002D17F,54,44,Sordland/Turn04/A_ConvinceAlbin,Narrator,en,何人かが拍手を始めたため私は一時停止したが、その拍手はすぐに止んだ。深呼吸をしてから、再び話し続けた。
0x010000030002D187,54,45,Sordland/Turn04/A_ConvinceAlbin,Player_Italic,en,私は民主主義の重要性と、なぜより民主的な憲法を作成しなければならないのかについて説明した。また、我々の提案がどのようにして問題を解決するかも述べた。
0x010000030002D187,54,45,Sordland/Turn04/A_ConvinceAlbin,Player_Italic,Menu Text en,民主主義について話す
0x010000030002D18E,54,46,Sordland/Turn04/A_ConvinceAlbin,Player_Italic,en,私は人々の抗議行動やUSPの支持率がわずかに低下していることについて指摘した。そして、我々の提案がすべての人々に利益をもたらすものであることを説明した。
0x010000030002D18E,54,46,Sordland/Turn04/A_ConvinceAlbin,Player_Italic,Menu Text en,USPが次の選挙を乗り切るためになぜこれが必要かについて話そう
0x010000030002D195,54,47,Sordland/Turn04/A_ConvinceAlbin,Player_Italic,en,私は、立法機関が業務を遂行できない原因を旧派議員たちのせいだと考えた。憲法改正に対する彼らの権力を制限すれば、さらなる改革が可能になることを説明した。
0x010000030002D195,54,47,Sordland/Turn04/A_ConvinceAlbin,Player_Italic,Menu Text en,旧保守派と最高裁判所を標的にする
0x010000030002D1A7,54,51,Sordland/Turn04/A_ConvinceAlbin,Narrator,en,左側から拍手の音が聞こえてきた。
0x010000030002D1AE,54,52,Sordland/Turn04/A_ConvinceAlbin,Narrator,en,アルビンが座っていたホールの左側から拍手が起こり始めた。
0x010000030002D1B5,54,53,Sordland/Turn04/A_ConvinceAlbin,Narrator,en,中央に座っていた穏健派の者たちが拍手を始めた。
0x010000030002D1BC,54,54,Sordland/Turn04/A_ConvinceAlbin,Narrator,en,その後、新しい憲法の内容を説明し、この案に対する全面的な支持を彼らに求めた。
0x010000030002D1C5,54,55,Sordland/Turn04/A_ConvinceAlbin,Player_Italic,en,私は、この提案に反対する者は決して容認されず、党の裏切り者と見なされるだろうと宣言した。
0x010000030002D1C5,54,55,Sordland/Turn04/A_ConvinceAlbin,Player_Italic,Menu Text en,彼らに賛成票を投じるよう脅す
0x010000030002D1CD,54,56,Sordland/Turn04/A_ConvinceAlbin,Player_Italic,en,我々は共に変革を実現するため、メンバー一人ひとりの投票を求めた。
0x010000030002D1CD,54,56,Sordland/Turn04/A_ConvinceAlbin,Player_Italic,Menu Text en,彼らの投票を求める
0x010000030002D1D5,54,57,Sordland/Turn04/A_ConvinceAlbin,Player_Italic,en,私は彼らに、何をすべきか、そして何が求められているのかを伝えた。
0x010000030002D1D5,54,57,Sordland/Turn04/A_ConvinceAlbin,Player_Italic,Menu Text en,彼らに賛成票を投じるよう命じる
0x010000030002D1E0,54,58,Sordland/Turn04/A_ConvinceAlbin,Narrator,en,アルビン・クラヴィンが合図をすると、左側にいた改革派のメンバーたちが立ち上がり、大声で拍手をし始めた。
0x010000030002D1F3,54,65,Sordland/Turn04/A_ConvinceAlbin,Narrator,en,間もなく、党員の大半が立ち上がって彼らに加わった。
0x010000030002D1FA,54,66,Sordland/Turn04/A_ConvinceAlbin,Narrator,en,グロリアが手で合図をするのを見た後、彼女が座っていたホールの右側にいた保守派たちは立ち上がり、大声で拍手し始めた。
0x010000030002D201,54,67,Sordland/Turn04/A_ConvinceAlbin,Narrator,en,党からはあまり反応がなかった。
0x010000030002D208,54,68,Sordland/Turn04/A_ConvinceAlbin,Narrator,en,私は部屋にいる全員に最後に一度敬礼をし、ステージを去る前に彼らに別れを告げた。
0x010000030002D21C,54,69,Sordland/Turn04/A_ConvinceAlbin,Narrator,en,私は大国民議会の外に出て、再び宮殿の中へ戻った……
0x010000030002DA34,54,76,Sordland/Turn04/A_ConvinceAlbin,Albin Clavin,en,「ご提出いただいた提案書は既に拝読しました。かなり良い内容のようですね。トーリー夫人が支持を示さなかったのも無理はありません。」
0x010000030002DA59,54,95,Sordland/Turn04/A_ConvinceAlbin,Albin Clavin,en,「おそらくトーリー夫人がこの提案に大きな影響を与えたのでしょう。率直に申し上げますと、現状のままではこの提案は受け入れられません。」
0x010000030002DA61,54,96,Sordland/Turn04/A_ConvinceAlbin,Albin Clavin,en,「……残念ながら、現在の案によってその考えは打ち砕かれてしまいました。」
0x010000030002DA75,54,103,Sordland/Turn04/A_ConvinceAlbin,Albin Clavin,en,「これは我々が意図したものでも、求めたものでも決してありません。」
0x010000030002DA7E,54,104,Sordland/Turn04/A_ConvinceAlbin,Albin Clavin,en,「現在の形のままではこれを支持することはできません。」
0x010000030002DA84,54,105,Sordland/Turn04/A_ConvinceAlbin,Albin Clavin,en,「おそらくトーリー夫人がこの提案に大きな影響を与えたのでしょう。ですが、現在の形ではこれを支持することはできません。」
0x010000030002DA8C,54,106,Sordland/Turn04/A_ConvinceAlbin,Player,en,「党は私の決定を尊重すべきだ。」
0x010000030002DA8C,54,106,Sordland/Turn04/A_ConvinceAlbin,Player,Menu Text en,「党は私の決定を尊重すべきだ。」
0x010000030002DA93,54,107,Sordland/Turn04/A_ConvinceAlbin,Player,en,「クラヴィンさん、あなたの支援が必要だ。」
0x010000030002DA93,54,107,Sordland/Turn04/A_ConvinceAlbin,Player,Menu Text en,「クラヴィンさん、あなたの支援が必要だ。」
0x010000030002DA9A,54,108,Sordland/Turn04/A_ConvinceAlbin,Player,en,「私はあなたが民主主義者だと思っていた。」
0x010000030002DA9A,54,108,Sordland/Turn04/A_ConvinceAlbin,Player,Menu Text en,「私はあなたが民主主義者だと思っていた。」
0x010000030002DAAA,54,109,Sordland/Turn04/A_ConvinceAlbin,Player,en,「何が問題なのか？」
0x010000030002DAAA,54,109,Sordland/Turn04/A_ConvinceAlbin,Player,Menu Text en,「何が問題なのか？」
0x010000030002DAB9,54,113,Sordland/Turn04/A_ConvinceAlbin,Albin Clavin,en,「大統領、それはあなたにとっても大変良いことだったでしょうね？」
0x010000030002DABF,54,114,Sordland/Turn04/A_ConvinceAlbin,Albin Clavin,en,「大統領、敬意を表して申し上げますが、あなたを大統領にしたのはこの党であることを忘れない方がよろしいかと存じます。」
0x010000030002DAC5,54,115,Sordland/Turn04/A_ConvinceAlbin,Albin Clavin,en,「私が知っている事実です。」
0x010000030002DACB,54,116,Sordland/Turn04/A_ConvinceAlbin,Albin Clavin,en,「私は民主主義者です。」
0x010000030002DAD1,54,117,Sordland/Turn04/A_ConvinceAlbin,Albin Clavin,en,「しかし、我々民主主義者たちは既に要求事項を明確にしましたが、それはあなた方によって無視されたようですね。」
0x010000030002DAD7,54,118,Sordland/Turn04/A_ConvinceAlbin,Albin Clavin,en,「こちらで民主主義者だと主張することはできません。」
0x010000030002DADD,54,119,Sordland/Turn04/A_ConvinceAlbin,Albin Clavin,en,「しかし今の段階では、私の支持だけでは不十分です。」
0x010000030002DAEB,54,120,Sordland/Turn04/A_ConvinceAlbin,Albin Clavin,en,「どこから話し始めればいいのでしょうか？」
0x010000030002DAF2,54,121,Sordland/Turn04/A_ConvinceAlbin,Player,en,「どのような問題があるのか、聞かせてくれ。」
0x010000030002DAF2,54,121,Sordland/Turn04/A_ConvinceAlbin,Player,Menu Text en,「どのような問題があるのか、聞かせてくれ。」
0x010000030002DAFA,54,122,Sordland/Turn04/A_ConvinceAlbin,Player,en,「他の取引についてはどうだろうか？」
0x010000030002DAFA,54,122,Sordland/Turn04/A_ConvinceAlbin,Player,Menu Text en,「他の取引についてはどうだろうか？」
0x010000030002DB02,54,123,Sordland/Turn04/A_ConvinceAlbin,Player,en,「私はあなたにこれを台無しにさせるわけにはいかない。」
0x010000030002DB02,54,123,Sordland/Turn04/A_ConvinceAlbin,Player,Menu Text en,「私はあなたにこれを台無しにさせるわけにはいかない。」
0x010000030002DB0A,54,124,Sordland/Turn04/A_ConvinceAlbin,Player,en,「私が誰に話しかけているのかを忘れないでくれ。」
0x010000030002DB0A,54,124,Sordland/Turn04/A_ConvinceAlbin,Player,Menu Text en,「私が誰に話しかけているのかを忘れないでくれ。」
0x010000030002DB16,54,125,Sordland/Turn04/A_ConvinceAlbin,Player,en,「どういう意味か？」
0x010000030002DB16,54,125,Sordland/Turn04/A_ConvinceAlbin,Player,Menu Text en,「どういう意味か？」
0x010000030002DB1D,54,126,Sordland/Turn04/A_ConvinceAlbin,Player,en,「問題点を教えてくれ。どうすれば皆さんの支持を得られるか？」
0x010000030002DB1D,54,126,Sordland/Turn04/A_ConvinceAlbin,Player,Menu Text en,「問題点を教えてくれ。どうすれば皆さんの支持を得られるか？」
0x010000030002DB27,54,127,Sordland/Turn04/A_ConvinceAlbin,Albin Clavin,en,「現在の形では、この提案が支持を得るのは非常に難しいでしょう。それはご存知のはずです。」
0x010000030002DB2F,54,128,Sordland/Turn04/A_ConvinceAlbin,Albin Clavin,en,「自党の改革派の意見に耳を傾けようとしないのであれば、それはご自身を台無しにしているだけです…」
0x010000030002DB42,54,129,Sordland/Turn04/A_ConvinceAlbin,Albin Clavin,en,「まず、基準値が急激に下がっていることを懸念しています。党の改革派はこれに反対するために全力を尽くすでしょう。」
0x010000030002DB49,54,130,Sordland/Turn04/A_ConvinceAlbin,Albin Clavin,en,「数十もの政党が議会に入る可能性があるため、我々の党にとって悪影響を及ぼすでしょう。選挙資金制度の改革により彼らの選挙運動能力は低下しますが、それでも状況は決して我々に有利にはなりません。」
0x010000030002DB50,54,131,Sordland/Turn04/A_ConvinceAlbin,Albin Clavin,en,「我々は大臣の任命を変更するよう具体的に要請してきました。これこそが党が期待していたことです。」
0x010000030002DB56,54,132,Sordland/Turn04/A_ConvinceAlbin,Narrator,en,彼は言葉を止め、親指をいじり始めた。
0x010000030002DB5E,54,133,Sordland/Turn04/A_ConvinceAlbin,Albin Clavin,en,「しかし、我々の提案が完全に無視されたようですね。」
0x010000030002DB64,54,134,Sordland/Turn04/A_ConvinceAlbin,Albin Clavin,en,「大統領、申し訳ありませんが、どうして彼らが無視されないのでしょうか？」
0x010000030002DB6A,54,135,Sordland/Turn04/A_ConvinceAlbin,Player,en,「それは我々にとって優先事項ではない。」
0x010000030002DB6A,54,135,Sordland/Turn04/A_ConvinceAlbin,Player,Menu Text en,「それは我々にとって優先事項ではない。」
0x010000030002DB71,54,136,Sordland/Turn04/A_ConvinceAlbin,Player,en,「クラヴィンさん、我々の提案は全く無視されているわけではない。」
0x010000030002DB71,54,136,Sordland/Turn04/A_ConvinceAlbin,Player,Menu Text en,「クラヴィンさん、我々の提案は全く無視されているわけではない。」
0x010000030002DB78,54,137,Sordland/Turn04/A_ConvinceAlbin,Player,en,「その問題は今すぐ対処できる。」
0x010000030002DB78,54,137,Sordland/Turn04/A_ConvinceAlbin,Player,Menu Text en,「その問題は今すぐ対処できる。」
0x010000030002DB7F,54,138,Sordland/Turn04/A_ConvinceAlbin,Albin Clavin,en,「私の支援を与えたとしても、あなたのために何ができるか分かりません。党はこれを快く思わないでしょう。」
0x010000030002DB85,54,139,Sordland/Turn04/A_ConvinceAlbin,Albin Clavin,en,「我々とは誰のことですか？もう党もその範囲に含まれているのではありませんか？」
0x010000030002DB8B,54,140,Sordland/Turn04/A_ConvinceAlbin,Albin Clavin,en,「おや？」
0x010000030002DB9A,54,141,Sordland/Turn04/A_ConvinceAlbin,Player,en,「グロリアと保守派の人々は、それに何の問題も抱いていないようだった。」
0x010000030002DB9A,54,141,Sordland/Turn04/A_ConvinceAlbin,Player,Menu Text en,「グロリアと保守派の人々は、それに何の問題も抱いていないようだった。」
0x010000030002DBA2,54,142,Sordland/Turn04/A_ConvinceAlbin,Albin Clavin,en,「それはどういう意味ですか？我々にこそ問題があるのです。」
0x010000030002DBAA,54,143,Sordland/Turn04/A_ConvinceAlbin,Albin Clavin,en,「では、見てみましょう……」
0x010000030002DBB1,54,144,Sordland/Turn04/A_ConvinceAlbin,Albin Clavin,en,「はい、私の提案をこちらに用意しております。」
0x010000030002DBB7,54,145,Sordland/Turn04/A_ConvinceAlbin,Narrator,en,彼は一束の書類を取り出し、自分の机の上に置いた。
0x010000030002DBC3,54,147,Sordland/Turn04/A_ConvinceAlbin,Narrator,en,その書類には、憲法の改正案が記載されていた。
0x010000030002DBCA,54,148,Sordland/Turn04/A_ConvinceAlbin,Narrator,en,私は彼が示した法律の内容をざっと目を通した。「大臣会議は、大国民議会が選出する候補者リストから大統領が任命することによって構成される。」
0x010000030002DBD1,54,149,Sordland/Turn04/A_ConvinceAlbin,Player,en,「党の他のメンバーのことは私に任せてくれ。今、求めているのは*あなた方*の支援だ。」
0x010000030002DBD1,54,149,Sordland/Turn04/A_ConvinceAlbin,Player,Menu Text en,「党の他のメンバーのことは私に任せてくれ。今、求めているのは*あなた方*の支援だ。」
0x010000030002DBD8,54,150,Sordland/Turn04/A_ConvinceAlbin,Player,en,「提案に、ご要望の変更内容を加えることができる。」
0x010000030002DBD8,54,150,Sordland/Turn04/A_ConvinceAlbin,Player,Menu Text en,「提案に、ご要望の変更内容を加えることができる。」
0x010000030002DBDF,54,151,Sordland/Turn04/A_ConvinceAlbin,Player,en,「党などどうでもいい。」
0x010000030002DBDF,54,151,Sordland/Turn04/A_ConvinceAlbin,Player,Menu Text en,「党などどうでもいい。」
0x010000030002DBE9,54,152,Sordland/Turn04/A_ConvinceAlbin,Albin Clavin,en,「おや、そうですか？」
0x010000030002DBF1,54,153,Sordland/Turn04/A_ConvinceAlbin,Albin Clavin,en,「あなたの提案はどうせこのように打ち砕かれるだけです。私としては、実際に支えられるものを欲しいのです。」
0x010000030002DBF7,54,154,Sordland/Turn04/A_ConvinceAlbin,Albin Clavin,en,「まず第一に、この提案がどの方向へ進もうとしているのかを我々は懸念しています。」
0x010000030002DBFE,54,155,Sordland/Turn04/A_ConvinceAlbin,Albin Clavin,en,「これは、弾劾される可能性すらなく、あなたに絶対的な免責特権を与えることを目的としています。」
0x010000030002DC0E,54,159,Sordland/Turn04/A_ConvinceAlbin,Albin Clavin,en,「ですが、今はそれよりも重要な問題があります。もっと深刻な問題が潜んでいるのです。この提案がどの方向へ向かうのか、我々にも見当がつきません。」
0x010000030002DC16,54,160,Sordland/Turn04/A_ConvinceAlbin,Albin Clavin,en,「私はあなたが我々の仲間だと思っていました。ソル主義や権力の集中に反対する人だと。これは間違っています。」
0x010000030002DC1D,54,161,Sordland/Turn04/A_ConvinceAlbin,Player,en,「私はソル主義に反対だ。裁判所から自分を守るために、この法律は必要なのだ。」
0x010000030002DC1D,54,161,Sordland/Turn04/A_ConvinceAlbin,Player,Menu Text en,「私はソル主義に反対だ。裁判所から自分を守るために、この法律は必要なのだ。」
0x010000030002DC24,54,162,Sordland/Turn04/A_ConvinceAlbin,Player,en,「きっと何とかうまくいくはずだ。」
0x010000030002DC24,54,162,Sordland/Turn04/A_ConvinceAlbin,Player,Menu Text en,「きっと何とかうまくいくはずだ。」
0x010000030002DC2B,54,163,Sordland/Turn04/A_ConvinceAlbin,Player,en,「ああ、クラヴィンさん、あなたの考えは間違っていた。」
0x010000030002DC2B,54,163,Sordland/Turn04/A_ConvinceAlbin,Player,Menu Text en,「ああ、クラヴィンさん、あなたの考えは間違っていた。」
0x010000030002DC32,54,164,Sordland/Turn04/A_ConvinceAlbin,Player,en,「変更については話し合う用意があるが、この法律については受け入れられない。」
0x010000030002DC32,54,164,Sordland/Turn04/A_ConvinceAlbin,Player,Menu Text en,「変更については話し合う用意があるが、この法律については受け入れられない。」
0x010000030002DCCF,54,165,Sordland/Turn04/A_ConvinceAlbin,Albin Clavin,en,「大統領、この法律はあなただけでなく、後継者の方々をも守ることになります。また、新たなソルを生み出す可能性も秘めています。」
0x010000030002DCDF,54,168,Sordland/Turn04/A_ConvinceAlbin,Albin Clavin,en,「ええ、その通りです。あなたの言うとおりです。」
0x010000030002DCE5,54,169,Sordland/Turn04/A_ConvinceAlbin,Narrator,en,彼は片方の眉を上げ、その後私に向かって顔をしかめた。
0x010000030002DCED,54,170,Sordland/Turn04/A_ConvinceAlbin,Albin Clavin,en,「我々の懸念を聞きたいのですか、それとも自分の考えを押し通すだけでここに来たのですか？」
0x010000030002DCF5,54,171,Sordland/Turn04/A_ConvinceAlbin,Player,en,「他の何かを見つけ出すことはきっとできるはずだ。」
0x010000030002DCF5,54,171,Sordland/Turn04/A_ConvinceAlbin,Player,Menu Text en,「他の何かを見つけ出すことはきっとできるはずだ。」
0x010000030002DD03,54,173,Sordland/Turn04/A_ConvinceAlbin,Albin Clavin,en,「これでは旧貴族派の権力を抑えることなどできません……。この案はかえって行政部門により多くの権力を与えるだけです。どうしてこれが以前より良いと言えるのでしょうか？」
0x010000030002DD0A,54,174,Sordland/Turn04/A_ConvinceAlbin,Albin Clavin,en,「今はそのことがはっきりと分かります。」
0x010000030002DD17,54,178,Sordland/Turn04/A_ConvinceAlbin,Albin Clavin,en,「それなら、私にはお力になれません。」
0x010000030002DD1E,54,179,Sordland/Turn04/A_ConvinceAlbin,Albin Clavin,en,「裁判官たちの免責特権を取り消し、それを自分自身に与えているのですね。好き勝手に彼らを交代させることもできる以上、これはほとんど専制政治そのものです。我々は心の底から民主主義者だということを忘れましたか、大統領？」
0x010000030002DD2B,54,183,Sordland/Turn04/A_ConvinceAlbin,Albin Clavin,en,「それなら、私にはお力になれません。」
0x010000030002DD32,54,184,Sordland/Turn04/A_ConvinceAlbin,Albin Clavin,en,「大統領、あなたは自分自身に絶対的な免責特権を与えつつ、幅広い法令制定権も保持し続けています。このような変更を支持する存在だと我々のことをどう思っているのですか、大統領？」
0x010000030002DD3F,54,188,Sordland/Turn04/A_ConvinceAlbin,Albin Clavin,en,「それは良い出発点とは言えませんね。では、まず他の問題を見てみましょう。」
0x010000030002DD47,54,189,Sordland/Turn04/A_ConvinceAlbin,Albin Clavin,en,「それは良い出発点とは言えませんね。」
0x010000030002DD5B,54,196,Sordland/Turn04/A_ConvinceAlbin,Albin Clavin,en,「この法律とその基準が存続する限り、私にはあなたを支持することはできないと思います。」
0x010000030002DD62,54,197,Sordland/Turn04/A_ConvinceAlbin,Albin Clavin,en,「私としてもあなたを支援したい気持ちはありますが、この提案によってあなたは我々に余計な圧力をかけているのです…」
0x010000030002DD71,54,198,Sordland/Turn04/A_ConvinceAlbin,Player,en,「それは権力を増やすためではなく、単に保護するためのものだ。」
0x010000030002DD71,54,198,Sordland/Turn04/A_ConvinceAlbin,Player,Menu Text en,「それは権力を増やすためではなく、単に保護するためのものだ。」
0x010000030002DD79,54,199,Sordland/Turn04/A_ConvinceAlbin,Player,en,「わかった、この法律を変更しよう。」
0x010000030002DD79,54,199,Sordland/Turn04/A_ConvinceAlbin,Player,Menu Text en,「よし、この法律を変えよう。」［改革案を変える］
0x010000030002DD81,54,200,Sordland/Turn04/A_ConvinceAlbin,Player,en,「変更については話し合う用意があるが、この法律については受け入れられない。」
0x010000030002DD81,54,200,Sordland/Turn04/A_ConvinceAlbin,Player,Menu Text en,「変更については話し合う用意があるが、この法律については受け入れられない。」
0x010000030002DD8B,54,201,Sordland/Turn04/A_ConvinceAlbin,Albin Clavin,en,「私もあなたの考え方は理解できますが、我々改革派としてはこの変更には同意できません。これこそが我々が対抗している政治文化そのものです。」
0x010000030002DD93,54,202,Sordland/Turn04/A_ConvinceAlbin,Albin Clavin,en,「もし我々があなたを信頼し、あなたが史上最も偉大な指導者になったとしてです。では、あなたが職を離れた後はどうなるのでしょうか？」
0x010000030002DD9A,54,203,Sordland/Turn04/A_ConvinceAlbin,Albin Clavin,en,「本当にそうお考えですか？」
0x010000030002DDA1,54,204,Sordland/Turn04/A_ConvinceAlbin,Albin Clavin,en,「それは良い進展ですね。」
0x010000030002DDA9,54,205,Sordland/Turn04/A_ConvinceAlbin,Albin Clavin,en,「改革派は任期制に関する改革を期待していました。なぜその内容が提案に盛り込まれていないのですか？」
0x010000030002DDB0,54,206,Sordland/Turn04/A_ConvinceAlbin,Albin Clavin,en,「ほう、そうですか？何をご考えでしょうか？」
0x010000030002DDB7,54,207,Sordland/Turn04/A_ConvinceAlbin,Player,en,「提案からその変更案を削除しよう。」
0x010000030002DDB7,54,207,Sordland/Turn04/A_ConvinceAlbin,Player,Menu Text en,「提案からその変更を削除しよう。」［改革案を変える］
0x010000030002DDBF,54,208,Sordland/Turn04/A_ConvinceAlbin,Player,en,「他の方法でお手伝いできるかもしれない...」
0x010000030002DDBF,54,208,Sordland/Turn04/A_ConvinceAlbin,Player,Menu Text en,「他の方法でお手伝いできるかもしれない...」
0x010000030002DDD4,54,213,Sordland/Turn04/A_ConvinceAlbin,Albin Clavin,en,「興味深い夢をお持ちのようですね。ですが、やはり夢に過ぎません。」
0x010000030002DDDB,54,214,Sordland/Turn04/A_ConvinceAlbin,Albin Clavin,en,「もしこれだけが問題だったなら、あなたの立場も理解できました……しかし、他にも問題があります。」
0x010000030002DDE9,54,218,Sordland/Turn04/A_ConvinceAlbin,Albin Clavin,en,「大統領、あなたは少し運を試しすぎているようですね。」
0x010000030002DDF0,54,219,Sordland/Turn04/A_ConvinceAlbin,Albin Clavin,en,「実は……これだけが問題というわけではありません。別の問題もあるのです。」
0x010000030002DDF8,54,220,Sordland/Turn04/A_ConvinceAlbin,Albin Clavin,en,「大統領、少なくとも任期制については民主的な変更を行うことを決断してくださったのですね。」
0x010000030002DE09,54,224,Sordland/Turn04/A_ConvinceAlbin,Player,en,「それは優先事項ではなかった。」
0x010000030002DE09,54,224,Sordland/Turn04/A_ConvinceAlbin,Player,Menu Text en,「それは優先事項ではなかった。」
0x010000030002DE10,54,225,Sordland/Turn04/A_ConvinceAlbin,Player,en,「これは私の初代任期に過ぎない。任期制を導入するにはまだ時期尚早だ。」
0x010000030002DE10,54,225,Sordland/Turn04/A_ConvinceAlbin,Player,Menu Text en,「これは私の初代任期に過ぎない。任期制を導入するにはまだ時期尚早だ。」
0x010000030002DE17,54,226,Sordland/Turn04/A_ConvinceAlbin,Player,en,「その件については、今日中に対処できる。」
0x010000030002DE17,54,226,Sordland/Turn04/A_ConvinceAlbin,Player,Menu Text en,「その件については、今日中に対処できる。」
0x010000030002DE21,54,227,Sordland/Turn04/A_ConvinceAlbin,Albin Clavin,en,「つまり、あなたも体制の欠点を自分の利益のために利用したいというわけですね。」
0x010000030002DE27,54,228,Sordland/Turn04/A_ConvinceAlbin,Albin Clavin,en,「それは安心できますね。」
0x010000030002DE2D,54,229,Sordland/Turn04/A_ConvinceAlbin,Albin Clavin,en,「大統領、あなたにとっての優先事項とは何でしょうか？」
0x010000030002DE36,54,230,Sordland/Turn04/A_ConvinceAlbin,Albin Clavin,en,「広範な法令制定権に関して何らかの改革が行われるものだと思っていましたが…」
0x010000030002DE3D,54,231,Sordland/Turn04/A_ConvinceAlbin,Narrator,en,彼は私の目をまっすぐ見つめてきた。
0x010000030002DE44,54,232,Sordland/Turn04/A_ConvinceAlbin,Player,en,「わかった。では、この件について話し合おう。」
0x010000030002DE44,54,232,Sordland/Turn04/A_ConvinceAlbin,Player,Menu Text en,「わかった。では、この件について話し合おう。」
0x010000030002DE4B,54,233,Sordland/Turn04/A_ConvinceAlbin,Player,en,「その法令に関しては改革は行われないだろう。」
0x010000030002DE4B,54,233,Sordland/Turn04/A_ConvinceAlbin,Player,Menu Text en,「その法令に関しては改革は行われないだろう。」
0x010000030002DE52,54,234,Sordland/Turn04/A_ConvinceAlbin,Player,en,「ご覧ください。さらなる改革を進めるには法令の制定が必要だ。すべてを譲歩するわけにはいかない。」
0x010000030002DE52,54,234,Sordland/Turn04/A_ConvinceAlbin,Player,Menu Text en,「ご覧ください。さらなる改革を進めるには法令の制定が必要だ。すべてを譲歩するわけにはいかない。」
0x010000030002DE6E,54,244,Sordland/Turn04/A_ConvinceAlbin,Player_Italic,en,その提案を適宜変更した。
0x010000030002DE6E,54,244,Sordland/Turn04/A_ConvinceAlbin,Player_Italic,Menu Text en,それに応じて提案を変更せよ。［改革案を変える］
0x010000030002DE76,54,245,Sordland/Turn04/A_ConvinceAlbin,Player,en,「よく考え直してみると、これは変更しないことにする。」
0x010000030002DE76,54,245,Sordland/Turn04/A_ConvinceAlbin,Player,Menu Text en,「よく考え直してみると、これは変更しないことにする。」
0x010000030002DE84,54,246,Sordland/Turn04/A_ConvinceAlbin,Player,en,「最高裁判所の立法権を制限することだ。」
0x010000030002DE84,54,246,Sordland/Turn04/A_ConvinceAlbin,Player,Menu Text en,「最高裁判所の立法権を制限することだ。」
0x010000030002DE8C,54,247,Sordland/Turn04/A_ConvinceAlbin,Player,en,「権力の均衡と分立だ。」
0x010000030002DE8C,54,247,Sordland/Turn04/A_ConvinceAlbin,Player,Menu Text en,「権力の均衡と分立だ。」
0x010000030002DE94,54,248,Sordland/Turn04/A_ConvinceAlbin,Player,en,「ソルの憲法を廃止することだ。」
0x010000030002DE94,54,248,Sordland/Turn04/A_ConvinceAlbin,Player,Menu Text en,「ソルの憲法を廃止することだ。」
0x010000030002DE9C,54,249,Sordland/Turn04/A_ConvinceAlbin,Player,en,「我々の宣言書を読んでおくべきだったね。」
0x010000030002DE9C,54,249,Sordland/Turn04/A_ConvinceAlbin,Player,Menu Text en,「我々の宣言書を読んでおくべきだったね。」
0x010000030002DEA4,54,250,Sordland/Turn04/A_ConvinceAlbin,Albin Clavin,en,「大統領はご自身に絶対的な免責特権を与えようとしているのですね…」
0x010000030002DEB7,54,257,Sordland/Turn04/A_ConvinceAlbin,Albin Clavin,en,「……そして、あなたの広範な権力も維持し続けるのですね。」
0x010000030002DEC6,54,261,Sordland/Turn04/A_ConvinceAlbin,Albin Clavin,en,「それだけではなく、もっと何かをしているのでしょう？裁判官の免責特権を剥奪し、我々、いや正確に言えばあなた方の党が支配する議会に弾劾権を与えているのですね。」
0x010000030002DECD,54,262,Sordland/Turn04/A_ConvinceAlbin,Albin Clavin,en,「なるほど、その通りです。」
0x010000030002DEDB,54,266,Sordland/Turn04/A_ConvinceAlbin,Albin Clavin,en,「ソルと同じ権利を自分に与えることでですか？」
0x010000030002DEE2,54,267,Sordland/Turn04/A_ConvinceAlbin,Albin Clavin,en,「そんなことを信じろとおっしゃるのですか？」
0x010000030002DEEB,54,268,Sordland/Turn04/A_ConvinceAlbin,Albin Clavin,en,「お尋ねしてもよろしいでしょうか……この提案におけるご優先事項は何でしょうか？」
0x010000030002DEF6,54,269,Sordland/Turn04/A_ConvinceAlbin,Narrator,en,彼は作り笑いを浮かべた。
0x010000030002DEFD,54,270,Sordland/Turn04/A_ConvinceAlbin,Albin Clavin,en,「では、見てみましょう……もう一つ問題があります。」
0x010000030002DF0B,54,274,Sordland/Turn04/A_ConvinceAlbin,Albin Clavin,en,「それだけではありません……」
0x010000030002DF1B,54,278,Sordland/Turn04/A_ConvinceAlbin,Albin Clavin,en,「では、考えてみましょう……何をお考えですか？」
0x010000030002DF22,54,279,Sordland/Turn04/A_ConvinceAlbin,Player,en,「任期は2期までとすることにする。」
0x010000030002DF22,54,279,Sordland/Turn04/A_ConvinceAlbin,Player,Menu Text en,「任期は2期までとすることにする。」
0x010000030002DF37,54,281,Sordland/Turn04/A_ConvinceAlbin,Player,en,「よく考えてみると、任期制の変更は加えない方が良さそうだ。」
0x010000030002DF37,54,281,Sordland/Turn04/A_ConvinceAlbin,Player,Menu Text en,「よく考えてみると、任期制の変更は加えない方が良さそうだ。」
0x010000030002DF45,54,282,Sordland/Turn04/A_ConvinceAlbin,Albin Clavin,en,「申し上げましたよ。これは権力奪取の企てです。私にはこれを支持することはできません。」
0x010000030002DF4C,54,283,Sordland/Turn04/A_ConvinceAlbin,Albin Clavin,en,「少なくとも任期制については何らかの対策を講じるべきです。」
0x010000030002DF53,54,284,Sordland/Turn04/A_ConvinceAlbin,Albin Clavin,en,「少なくとも閾値については何らかの対策を講じるべきです。党はこれを快く思わないでしょう。」
0x010000030002DF5A,54,285,Sordland/Turn04/A_ConvinceAlbin,Albin Clavin,en,「我々は何らかの改革を望んでいます。現在の大統領は権力を握りすぎています。」
0x010000030002DF61,54,286,Sordland/Turn04/A_ConvinceAlbin,Albin Clavin,en,「法令の権限を付則によって制限することを提案します。万が一悪意ある大統領が現れた場合に備え、大国民議会が一定の監視権を持つべきです。」
0x010000030002DF68,54,287,Sordland/Turn04/A_ConvinceAlbin,Albin Clavin,en,「もし本当にさらなる民主主義的改革を望むのであれば、権限付与法を制定します。ですが、大統領がもはや単独で行動できないようにしなければなりません。」
0x010000030002DF6F,54,288,Sordland/Turn04/A_ConvinceAlbin,Player,en,「その通りだ。あなたの提案を取り入れ、法令の範囲を限定する。」
0x010000030002DF6F,54,288,Sordland/Turn04/A_ConvinceAlbin,Player,Menu Text en,「理にかなっている。あなたの提案を取り入れ、布告の範囲を限定しよう。」［改革案を変える］
0x010000030002DF77,54,289,Sordland/Turn04/A_ConvinceAlbin,Player,en,「たとえそうだとしても、大規模な改革を実施する権限を与えてくれるとは大国民議会を信用していない。」
0x010000030002DF77,54,289,Sordland/Turn04/A_ConvinceAlbin,Player,Menu Text en,「たとえそうだとしても、大規模な改革を実施する権限を与えてくれるとは大国民議会を信用していない。」
0x010000030002DF7F,54,290,Sordland/Turn04/A_ConvinceAlbin,Player,en,「大国民議会に私を支配させるわけにはいかない。」
0x010000030002DF7F,54,290,Sordland/Turn04/A_ConvinceAlbin,Player,Menu Text en,「大国民議会に私を支配させるわけにはいかない。」
0x010000030002DF87,54,291,Sordland/Turn04/A_ConvinceAlbin,Albin Clavin,en,「変革について話し合いたいとお考えだと思っていましたが…」
0x010000030002DF8F,54,292,Sordland/Turn04/A_ConvinceAlbin,Albin Clavin,en,「素晴らしいですね。」
0x010000030002DF9B,54,293,Sordland/Turn04/A_ConvinceAlbin,Player,en,「きっと、あなたを説得するための*他の方法*が何かあるはずだ。」
0x010000030002DF9B,54,293,Sordland/Turn04/A_ConvinceAlbin,Player,Menu Text en,「きっと、あなたを説得するための*他の方法*が何かあるはずだ。」
0x010000030002DFA3,54,294,Sordland/Turn04/A_ConvinceAlbin,Player,en,「わかった。法律を変更し、布告の範囲を制限しよう。」
0x010000030002DFA3,54,294,Sordland/Turn04/A_ConvinceAlbin,Player,Menu Text en,「よし。法律を変えて、政令の範囲を制限しよう。」［改革案を変える］
0x010000030002DFAB,54,295,Sordland/Turn04/A_ConvinceAlbin,Player,en,「私はそうするつもりはないと思う。」
0x010000030002DFAB,54,295,Sordland/Turn04/A_ConvinceAlbin,Player,Menu Text en,「私はそうするつもりはないと思う。」
0x010000030002DFB3,54,296,Sordland/Turn04/A_ConvinceAlbin,Albin Clavin,en,「これでようやく前進できそうです。」
0x010000030002DFBF,54,297,Sordland/Turn04/A_ConvinceAlbin,Albin Clavin,en,「なるほどです。」
0x010000030002DFCC,54,301,Sordland/Turn04/A_ConvinceAlbin,Albin Clavin,en,「少なくとも、党が求める大臣制度改革については何らかの対応をすべきです。」
0x010000030002DFD3,54,302,Sordland/Turn04/A_ConvinceAlbin,Albin Clavin,en,「わかりました……」
0x010000030002DFDA,54,303,Sordland/Turn04/A_ConvinceAlbin,Albin Clavin,en,「もう一つの問題はどうでしょうか？」
0x010000030002DFE8,54,307,Sordland/Turn04/A_ConvinceAlbin,Albin Clavin,en,「意外と良い結果ですね。それでは次に進みましょう。」
0x010000030002DFF0,54,308,Sordland/Turn04/A_ConvinceAlbin,Albin Clavin,en,「わかりました……」
0x010000030002DFF7,54,309,Sordland/Turn04/A_ConvinceAlbin,Narrator,en,彼はその提案書を見下ろした。
0x010000030002DFFD,54,310,Sordland/Turn04/A_ConvinceAlbin,Player,en,「わかった。ご提案を取り入れる。」
0x010000030002DFFD,54,310,Sordland/Turn04/A_ConvinceAlbin,Player,Menu Text en,「わかった。あなたの提案を取り入れる。」［改革案を変える］
0x010000030002E004,54,311,Sordland/Turn04/A_ConvinceAlbin,Albin Clavin,en,「大臣たちは大国民議会によって指名されるべきです。」
0x010000030002E00C,54,312,Sordland/Turn04/A_ConvinceAlbin,Player,en,「それは断念しよう。」
0x010000030002E00C,54,312,Sordland/Turn04/A_ConvinceAlbin,Player,Menu Text en,「それは断念しよう。」
0x010000030002E014,54,313,Sordland/Turn04/A_ConvinceAlbin,Player,en,「わかった。閾値の引き下げは撤回そう。」
0x010000030002E014,54,313,Sordland/Turn04/A_ConvinceAlbin,Player,Menu Text en,「わかった。基準値引き下げの措置は撤回しよう。」［改革案を変える］
0x010000030002E01D,54,314,Sordland/Turn04/A_ConvinceAlbin,Player,en,「わかった。任期を2期までとする制限を設ける。」
0x010000030002E01D,54,314,Sordland/Turn04/A_ConvinceAlbin,Player,Menu Text en,「わかった。在任期間を2期までとする制限を設けよう。」［改革案を変える］
0x010000030002E02E,54,315,Sordland/Turn04/A_ConvinceAlbin,Player,en,「わかった。大統領の免責制度に関する変更は撤回する。」
0x010000030002E02E,54,315,Sordland/Turn04/A_ConvinceAlbin,Player,Menu Text en,「わかった。大統領の免責特権に関する変更案は撤回しよう。」［改革案を変える］
0x010000030002E036,54,316,Sordland/Turn04/A_ConvinceAlbin,Player,en,「わかった。では、法令を改正してみよう。」
0x010000030002E036,54,316,Sordland/Turn04/A_ConvinceAlbin,Player,Menu Text en,「わかった。では、法令を改正してみよう。」
0x010000030002E05C,54,325,Sordland/Turn04/A_ConvinceAlbin,Albin Clavin,en,「素晴らしいですね！」
0x010000030002E06A,54,327,Sordland/Turn04/A_ConvinceAlbin,Player,en,「他に何かご提案できるかもしれない...」
0x010000030002E06A,54,327,Sordland/Turn04/A_ConvinceAlbin,Player,Menu Text en,「他に何かご提案できるかもしれない...」
0x010000030002E071,54,328,Sordland/Turn04/A_ConvinceAlbin,Player,en,「わかった。裁判官の免責制度に関する変更は撤回する。」
0x010000030002E071,54,328,Sordland/Turn04/A_ConvinceAlbin,Player,Menu Text en,「わかった。裁判官の免責制度に関する変更案は撤回する。」 ［改革案を変える］
0x010000030002E078,54,329,Sordland/Turn04/A_ConvinceAlbin,Player,en,「わかった。では、法令を改正してみよう。」
0x010000030002E078,54,329,Sordland/Turn04/A_ConvinceAlbin,Player,Menu Text en,「わかった。では、法令を改正してみよう。」
0x010000030002E07F,54,330,Sordland/Turn04/A_ConvinceAlbin,Player,en,「わかった。大統領の免責制度に関する変更は撤回する。」
0x010000030002E07F,54,330,Sordland/Turn04/A_ConvinceAlbin,Player,Menu Text en,「わかった。大統領の免責特権に関する変更案は撤回しよう。」［改革案を変える］
0x010000030002E08B,54,331,Sordland/Turn04/A_ConvinceAlbin,Player,en,「わかった。その基準値の変更は撤回する。」
0x010000030002E08B,54,331,Sordland/Turn04/A_ConvinceAlbin,Player,Menu Text en,「わかった。その閾値変更は撤廃しよう。」［改革案を変える］
0x010000030002E092,54,332,Sordland/Turn04/A_ConvinceAlbin,Player,en,「それは断念しよう。」
0x010000030002E092,54,332,Sordland/Turn04/A_ConvinceAlbin,Player,Menu Text en,「それは断念しよう。」
0x010000030002E0AF,54,333,Sordland/Turn04/A_ConvinceAlbin,Albin Clavin,en,「やっと、何か進展が見えてきました。」
0x010000030002E0CD,54,338,Sordland/Turn04/A_ConvinceAlbin,Albin Clavin,en,「これでようやく前進できそうです。」
0x010000030002E0FC,54,340,Sordland/Turn04/A_ConvinceAlbin,Albin Clavin,en,「残念ですね。」
0x010000030002E112,54,347,Sordland/Turn04/A_ConvinceAlbin,Albin Clavin,en,「順調そうですね。」
0x010000030002E119,54,348,Sordland/Turn04/A_ConvinceAlbin,Albin Clavin,en,「もしかすると……私がこれを支持する方法がまだあるかもしれません。」
0x010000030002E128,54,349,Sordland/Turn04/A_ConvinceAlbin,Albin Clavin,en,「……もしかすると、他に私に提案できることがあるのではないでしょうか。」
0x010000030002E12F,54,350,Sordland/Turn04/A_ConvinceAlbin,Player,en,「もう一度案を見直しよう。私が譲歩をする。」
0x010000030002E12F,54,350,Sordland/Turn04/A_ConvinceAlbin,Player,Menu Text en,「もう一度案を見直しよう。私が譲歩をする。」
0x010000030002E137,54,351,Sordland/Turn04/A_ConvinceAlbin,Player,en,「もちろんだ。私が『別の何か』をご提案しよう。」
0x010000030002E137,54,351,Sordland/Turn04/A_ConvinceAlbin,Player,Menu Text en,「もちろんだ。私が『別の何か』をご提案しよう。」
0x010000030002E13F,54,352,Sordland/Turn04/A_ConvinceAlbin,Player,en,「ふっ、この会議はもう終わりだ。」
0x010000030002E13F,54,352,Sordland/Turn04/A_ConvinceAlbin,Player,Menu Text en,「ふっ、この会議はもう終わりだ。」
0x010000030002E14D,54,356,Sordland/Turn04/A_ConvinceAlbin,Albin Clavin,en,「閾値の変更を撤回してくだされば、我々もリジアのように繁栄できます。大統領、党内で混乱を招く必要はありません。」
0x010000030002E15B,54,357,Sordland/Turn04/A_ConvinceAlbin,Albin Clavin,en,「私はその提案を支持し、我々の派閥から必要な署名を集めてまいります。」
0x010000030002E162,54,358,Sordland/Turn04/A_ConvinceAlbin,Albin Clavin,en,「大統領、どのような対応をご希望でも結構です。何か不快な思いをさせてしまっていないことを願っております。」
0x010000030002E16E,54,360,Sordland/Turn04/A_ConvinceAlbin,Albin Clavin,en,「大統領、これだけでは不十分です。草案をもう一度見直すか、あるいは……他に私に提案できることがあるのではないでしょうか。」
0x010000030002E178,54,361,Sordland/Turn04/A_ConvinceAlbin,Albin Clavin,en,「我々の懸念点は、既にご存知でしょう。」
0x010000030002E17F,54,362,Sordland/Turn04/A_ConvinceAlbin,Narrator,en,我々二人とも、その提案書に目を通し続けた。
0x010000030002E195,54,363,Sordland/Turn04/A_ConvinceAlbin,Player,en,「私は大国民議会に大臣を指名する権限を与える。」
0x010000030002E195,54,363,Sordland/Turn04/A_ConvinceAlbin,Player,Menu Text en,「私は議会に大臣を指名する権限を与える。」［改革案を変える］
0x010000030002E19C,54,364,Sordland/Turn04/A_ConvinceAlbin,Player,en,「私は大統領の免責特権に関する変更を撤回する。」
0x010000030002E19C,54,364,Sordland/Turn04/A_ConvinceAlbin,Player,Menu Text en,「私は大統領の免責特権に関する変更を撤回する。」［改革案を変える］
0x010000030002E1C1,54,377,Sordland/Turn04/A_ConvinceAlbin,Player,en,「私は、施行法の制定を条件とすることで大統領令の範囲を制限する。」
0x010000030002E1C1,54,377,Sordland/Turn04/A_ConvinceAlbin,Player,Menu Text en,「私は、大統領令にUSPの承認を必須とすることでその権限を制限する。」 ［改革案を変える］
0x010000030002E1D2,54,378,Sordland/Turn04/A_ConvinceAlbin,Albin Clavin,en,「それほど難しくはなかったでしょう？」
0x010000030002E1E7,54,382,Sordland/Turn04/A_ConvinceAlbin,Albin Clavin,en,「これで問題ないでしょう。」
0x010000030002E1EF,54,383,Sordland/Turn04/A_ConvinceAlbin,Albin Clavin,en,「しかし残念ながら、大統領。これだけでは不十分です。もっと変更を加えるか、さもなければ……」
0x010000030002E1F7,54,384,Sordland/Turn04/A_ConvinceAlbin,Player,en,「これ以上時間を無駄にしない方がよいだろう。」
0x010000030002E1F7,54,384,Sordland/Turn04/A_ConvinceAlbin,Player,Menu Text en,「これ以上時間を無駄にしない方がよいだろう。」
0x010000030002E200,54,385,Sordland/Turn04/A_ConvinceAlbin,Player,en,「私も任期制を導入する。2期で十分だろう。」
0x010000030002E200,54,385,Sordland/Turn04/A_ConvinceAlbin,Player,Menu Text en,「任期制限も導入する。2期で十分だろう。」［改革案を変える］
0x010000030002E214,54,392,Sordland/Turn04/A_ConvinceAlbin,Player,en,「私もまた、裁判官の免責制度に関する変更を撤回する。」
0x010000030002E214,54,392,Sordland/Turn04/A_ConvinceAlbin,Player,Menu Text en,「裁判官の免責制度に関する変更も撤回する。」［改革案を変える］
0x010000030002E226,54,393,Sordland/Turn04/A_ConvinceAlbin,Albin Clavin,en,「素晴らしいです！」
0x010000030002E230,54,394,Sordland/Turn04/A_ConvinceAlbin,Player,en,「わかった。閾値に関する変更は撤回する。」
0x010000030002E230,54,394,Sordland/Turn04/A_ConvinceAlbin,Player,Menu Text en,「わかった。閾値に関する変更を撤回する。」［改革案を変える］
0x010000030002E23B,54,395,Sordland/Turn04/A_ConvinceAlbin,Albin Clavin,en,「それほど難しくはなかったでしょう？」
0x010000030002E243,54,396,Sordland/Turn04/A_ConvinceAlbin,Player,en,「いや、それはできない。」
0x010000030002E243,54,396,Sordland/Turn04/A_ConvinceAlbin,Player,Menu Text en,「いや、それはできない。」
0x010000030002E258,54,399,Sordland/Turn04/A_ConvinceAlbin,Albin Clavin,en,「承知いたしました、大統領。」
0x010000030002E25E,54,400,Sordland/Turn04/A_ConvinceAlbin,Albin Clavin,en,「私が持っている改革派の票は、大統領にとって非常に重要なものになると思います。」
0x010000030002E264,54,401,Sordland/Turn04/A_ConvinceAlbin,Albin Clavin,en,「誰にも分かりませんね。おそらく今回のことで、将来的に私を政府の役職に任命してくださるかもしれません。」
0x010000030002E26A,54,402,Sordland/Turn04/A_ConvinceAlbin,Player,en,「投票で役立つことを証明してくれれば、あなたのことも考慮しよう。」
0x010000030002E26A,54,402,Sordland/Turn04/A_ConvinceAlbin,Player,Menu Text en,「投票で役立つことを証明してくれれば、あなたのことも考慮しよう。」
0x010000030002E271,54,403,Sordland/Turn04/A_ConvinceAlbin,Player,en,「クラヴィンさん、ぜひご投票をお願いする。」
0x010000030002E271,54,403,Sordland/Turn04/A_ConvinceAlbin,Player,Menu Text en,「クラヴィンさん、ぜひご投票をお願いする。」
0x010000030002E278,54,404,Sordland/Turn04/A_ConvinceAlbin,Albin Clavin,en,「大統領、会議でお会いしましょう。」
0x010000030002E27E,54,405,Sordland/Turn04/A_ConvinceAlbin,Albin Clavin,en,「ええ、もちろんそういたします、大統領。」
0x010000030002E284,54,406,Sordland/Turn04/A_ConvinceAlbin,Albin Clavin,en,「もちろんです。」
0x010000030002E28A,54,407,Sordland/Turn04/A_ConvinceAlbin,Albin Clavin,en,「すぐに彼らの署名を集めてまいります。」
0x010000030002E290,54,408,Sordland/Turn04/A_ConvinceAlbin,Albin Clavin,en,「失敗するようなことはありません。」
0x010000030002E296,54,409,Sordland/Turn04/A_ConvinceAlbin,Player,en,「失敗してはいけない。」
0x010000030002E296,54,409,Sordland/Turn04/A_ConvinceAlbin,Player,Menu Text en,「失敗してはいけない。」
0x010000030002E29D,54,410,Sordland/Turn04/A_ConvinceAlbin,Albin Clavin,en,「すぐに部下たちと話をしましょう。」
0x010000030002E2A3,54,411,Sordland/Turn04/A_ConvinceAlbin,Player,en,「もちろんだ、クラヴィンさん。」
0x010000030002E2A3,54,411,Sordland/Turn04/A_ConvinceAlbin,Player,Menu Text en,「もちろんだ、クラヴィンさん。」
0x010000030002E2AA,54,412,Sordland/Turn04/A_ConvinceAlbin,Player,en,「クラヴィンさん、ありがとう。」
0x010000030002E2AA,54,412,Sordland/Turn04/A_ConvinceAlbin,Player,Menu Text en,「クラヴィンさん、ありがとう。」
0x010000030002E2C1,54,413,Sordland/Turn04/A_ConvinceAlbin,Albin Clavin,en,「大統領、残念ながら私にはあなたのためにできることが何もありません。」
0x010000030002E2C7,54,414,Sordland/Turn04/A_ConvinceAlbin,Albin Clavin,en,「改革によって党を統一すること、頑張ってください。ですがこのままでは、党の人々があなたに反発して団結するだけでしょう。」
0x010000030002E2CD,54,415,Sordland/Turn04/A_ConvinceAlbin,Albin Clavin,en,「それもまた一つの成果と言えるでしょうね。」
0x010000030002E2D3,54,416,Sordland/Turn04/A_ConvinceAlbin,Albin Clavin,en,「それはまだ分かりません、大統領。」
0x010000030002E2D9,54,417,Sordland/Turn04/A_ConvinceAlbin,Albin Clavin,en,「ともかく、私は再び仕事に戻らなければなりません、大統領。」
0x010000030002E2DF,54,418,Sordland/Turn04/A_ConvinceAlbin,Player,en,「承知した。これ以上お邪魔しない。」
0x010000030002E2DF,54,418,Sordland/Turn04/A_ConvinceAlbin,Player,Menu Text en,「承知した。これ以上お邪魔しない。」
0x010000030002E2E6,54,419,Sordland/Turn04/A_ConvinceAlbin,Player,en,「クラヴィンさん、改革派の支持を得られるものと期待している。」
0x010000030002E2E6,54,419,Sordland/Turn04/A_ConvinceAlbin,Player,Menu Text en,「クラヴィンさん、改革派の支持を得られるものと期待している。」
0x010000030002E2ED,54,420,Sordland/Turn04/A_ConvinceAlbin,Player,en,「クラヴィンさん、さようならだ。」
0x010000030002E2ED,54,420,Sordland/Turn04/A_ConvinceAlbin,Player,Menu Text en,「クラヴィンさん、さようならだ。」
0x010000030002E2F4,54,421,Sordland/Turn04/A_ConvinceAlbin,Albin Clavin,en,「大統領、私が言いたかったのはそういう意味ではありません。」
0x010000030002E2FA,54,422,Sordland/Turn04/A_ConvinceAlbin,Player,en,「大丈夫だ、クラヴィンさん。私は気にしていない。」
0x010000030002E2FA,54,422,Sordland/Turn04/A_ConvinceAlbin,Player,Menu Text en,「大丈夫だ、クラヴィンさん。私は気にしていない。」
0x010000030002E301,54,423,Sordland/Turn04/A_ConvinceAlbin,Albin Clavin,en,「大統領、さようならです。」
0x010000030002E307,54,424,Sordland/Turn04/A_ConvinceAlbin,Player_Italic,en,私は彼の部屋を出て、再び廊下に戻った。
0x010000030002E307,54,424,Sordland/Turn04/A_ConvinceAlbin,Player_Italic,Menu Text en,部屋を出る
0x010000030002E31A,54,425,Sordland/Turn04/A_ConvinceAlbin,Narrator,en,私は彼の部屋を出て、再び廊下に戻った。
0x010000030002E323,54,426,Sordland/Turn04/A_ConvinceAlbin,Narrator,en,私は彼の部屋を出て、再び廊下に戻った。
0x010000030002E375,54,428,Sordland/Turn04/A_ConvinceAlbin,Albin Clavin,en,「ぜひお聞かせください。」
0x010000030002E37C,54,429,Sordland/Turn04/A_ConvinceAlbin,Player,en,「あなたが私を支持してくれるなら、次の内閣であなたを私の副大統領にする。」
0x010000030002E37C,54,429,Sordland/Turn04/A_ConvinceAlbin,Player,Menu Text en,「あなたが私を支持してくれるなら、次の内閣であなたは私の副大統領になる。［癒着］」
0x010000030002E38C,54,430,Sordland/Turn04/A_ConvinceAlbin,Player,en,「これはいかがだろうか？」
0x010000030002E38C,54,430,Sordland/Turn04/A_ConvinceAlbin,Player,Menu Text en,「これはどうだろう？［小切手を見せる］」
0x010000030002E39B,54,434,Sordland/Turn04/A_ConvinceAlbin,Narrator,en,私は小切手を取り出して彼に見せた。それですぐに彼の注意が引かれた。
0x010000030002E3A2,54,435,Sordland/Turn04/A_ConvinceAlbin,Player,en,「かなりの額だ。」
0x010000030002E3A2,54,435,Sordland/Turn04/A_ConvinceAlbin,Player,Menu Text en,「かなりの額だ。［個人資産-1］」
0x010000030002E3AA,54,436,Sordland/Turn04/A_ConvinceAlbin,Albin Clavin,en,「それは実に率直でしたね...」
0x010000030002E3B1,54,437,Sordland/Turn04/A_ConvinceAlbin,Albin Clavin,en,「……ここで話している金額というのは、一体いくらなのですか？」
0x010000030002E3B9,54,438,Sordland/Turn04/A_ConvinceAlbin,Player,en,「人生を変えるほどの額だ。」
0x010000030002E3B9,54,438,Sordland/Turn04/A_ConvinceAlbin,Player,Menu Text en,「人生を変えるほどの額だ。」［個人資産-2］
0x010000030002E3C1,54,439,Sordland/Turn04/A_ConvinceAlbin,Player,en,「ご希望の金額をお申し付けください。」
0x010000030002E3C1,54,439,Sordland/Turn04/A_ConvinceAlbin,Player,Menu Text en,「ご希望の金額をお申し付けください。」
0x010000030002E3D7,54,446,Sordland/Turn04/A_ConvinceAlbin,Albin Clavin,en,「私はあなたがそんなに優れた*実業家*だとは知りませんでした。」
0x010000030002E3DF,54,447,Sordland/Turn04/A_ConvinceAlbin,Albin Clavin,en,「大統領、私はあなたと同じ側にいます。」
0x010000030002E3E7,54,448,Sordland/Turn04/A_ConvinceAlbin,Albin Clavin,en,「興味深い提案ですね。」
0x010000030002E3FB,54,452,Sordland/Turn04/A_ConvinceAlbin,Albin Clavin,en,「断りにくい提案ですね。」
0x010000030002E402,54,453,Sordland/Turn04/A_ConvinceAlbin,Albin Clavin,en,「特に今、我々の考えが一致していると思うので、大統領。」
0x010000030002E409,54,454,Sordland/Turn04/A_ConvinceAlbin,Albin Clavin,en,「その約束、必ず守っていただけますか？」
0x010000030002E410,54,455,Sordland/Turn04/A_ConvinceAlbin,Albin Clavin,en,「しかし、まだ十分とは言えません。」
0x010000030002E417,54,456,Sordland/Turn04/A_ConvinceAlbin,Albin Clavin,en,「これらの懸念点に何らかの変更がなければ、その提案を支持することはできません。」
0x010000030002E41E,54,457,Sordland/Turn04/A_ConvinceAlbin,Narrator,en,彼は紙に書き出された問題点を示した。
0x010000030002E42A,54,461,Sordland/Turn04/A_ConvinceAlbin,Player,en,「私は大国民議会に大臣を指名する権限を与える。」
0x010000030002E42A,54,461,Sordland/Turn04/A_ConvinceAlbin,Player,Menu Text en,「私は議会に大臣を指名する権限を与える。」［改革案を変える］
0x010000030002E431,54,462,Sordland/Turn04/A_ConvinceAlbin,Player,en,「私は大統領の免責特権に関する変更を撤回する。」
0x010000030002E431,54,462,Sordland/Turn04/A_ConvinceAlbin,Player,Menu Text en,「私は大統領の免責特権に関する変更を撤回する。」［改革案を変える］
0x010000030002E446,54,469,Sordland/Turn04/A_ConvinceAlbin,Player,en,「私は、施行法の制定を条件とすることで大統領令の範囲を制限する。」
0x010000030002E446,54,469,Sordland/Turn04/A_ConvinceAlbin,Player,Menu Text en,「私は、大統領令にUSPの承認を必須とすることでその権限を制限する。」 ［改革案を変える］
0x010000030002E45E,54,470,Sordland/Turn04/A_ConvinceAlbin,Player,en,「わかった。この提案を大国民議会で通すためなら、どんな手段でも使う。」
0x010000030002E45E,54,470,Sordland/Turn04/A_ConvinceAlbin,Player,Menu Text en,「わかった。この提案を大国民議会で通すためなら、どんな手段でも使う。」
0x010000030002E46B,54,471,Sordland/Turn04/A_ConvinceAlbin,Albin Clavin,en,「素晴らしい。何かについては合意できると思っていました。」
0x010000030002E49A,54,472,Sordland/Turn04/A_ConvinceAlbin,Player,en,「私の内閣で役職をどうだ？」
0x010000030002E49A,54,472,Sordland/Turn04/A_ConvinceAlbin,Player,Menu Text en,「私の内閣で役職をどうだ？」
0x010000030002E4A2,54,473,Sordland/Turn04/A_ConvinceAlbin,Albin Clavin,en,「我々が共に率い合えば、多くのことを成し遂げられると思います。」
0x010000030002E4A9,54,474,Sordland/Turn04/A_ConvinceAlbin,Albin Clavin,en,「ええと……副大統領のポストを約束してくださるなら。」
0x010000030002E4BA,54,475,Sordland/Turn04/A_ConvinceAlbin,Player,en,「申し訳ないが、それはできかねる。」
0x010000030002E4BA,54,475,Sordland/Turn04/A_ConvinceAlbin,Player,Menu Text en,「申し訳ないが、それはできかねる。」
0x010000030002E4C2,54,476,Sordland/Turn04/A_ConvinceAlbin,Albin Clavin,en,「残念ですね。」
0x010000030002E4EC,54,482,Sordland/Turn04/A_ConvinceAlbin,Albin Clavin,en,「お持ちの小切手のうち二枚はいかがでしょうか？」
0x010000030002E4F3,54,483,Sordland/Turn04/A_ConvinceAlbin,Player,en,「どうぞ。」
0x010000030002E4F3,54,483,Sordland/Turn04/A_ConvinceAlbin,Player,Menu Text en,「どうぞ。［小切手を2枚渡す、個人資産-2］」
0x010000030002E501,54,487,Sordland/Turn04/A_ConvinceAlbin,Player,en,「とりあえず一通だけにしてはどうだろうか？」
0x010000030002E501,54,487,Sordland/Turn04/A_ConvinceAlbin,Player,Menu Text en,「とりあえず一通だけにしてはどうだろうか？」
0x010000030002E509,54,488,Sordland/Turn04/A_ConvinceAlbin,Player,en,「それは多すぎる。」
0x010000030002E509,54,488,Sordland/Turn04/A_ConvinceAlbin,Player,Menu Text en,「それは多すぎる。」
0x010000030002E511,54,489,Sordland/Turn04/A_ConvinceAlbin,Albin Clavin,en,「あなたは裕福な方だと思っていましたが…」
0x010000030002E520,54,490,Sordland/Turn04/A_ConvinceAlbin,Player,en,「これが一つだ。これで十分だろう。」
0x010000030002E520,54,490,Sordland/Turn04/A_ConvinceAlbin,Player,Menu Text en,「これで一つ。これだけあれば十分だ。」［個人資産-1］
0x010000030002E530,54,491,Sordland/Turn04/A_ConvinceAlbin,Player,en,「今日は何の合意にも至らないだろう。」
0x010000030002E530,54,491,Sordland/Turn04/A_ConvinceAlbin,Player,Menu Text en,「今日は何の合意にも至らないだろう。」
0x010000030002E537,54,492,Sordland/Turn04/A_ConvinceAlbin,Albin Clavin,en,「残念ですね。」
0x010000030002E563,54,497,Sordland/Turn04/A_ConvinceAlbin,Albin Clavin,en,「大統領としてお取引できて光栄です。」
0x010000030002E569,54,498,Sordland/Turn04/A_ConvinceAlbin,Narrator,en,彼は小切手を受け取り、自分のジャケットのポケットに滑り込ませた。
0x010000030002E572,54,499,Sordland/Turn04/A_ConvinceAlbin,Narrator,en,彼はテーブルの上にある提案書をちらりと見た。
0x010000030002E57A,54,500,Sordland/Turn04/A_ConvinceAlbin,Albin Clavin,en,「今やあなたの提案は実に説得力のあるものとなりましたね。」
0x010000030002E582,54,501,Sordland/Turn04/A_ConvinceAlbin,Player,en,「もちろんだ。私は約束を守る男だ。」
0x010000030002E582,54,501,Sordland/Turn04/A_ConvinceAlbin,Player,Menu Text en,「もちろんだ。私は約束を守る男だ。」
0x010000030002E589,54,502,Sordland/Turn04/A_ConvinceAlbin,Player,en,「私は再びペトルと共に立候補するつもりはない。約束する、次はあなただ。」
0x010000030002E589,54,502,Sordland/Turn04/A_ConvinceAlbin,Player,Menu Text en,「私は再びペトルと共に立候補するつもりはない。約束する、次はあなただ。」
0x010000030002E592,54,503,Sordland/Turn04/A_ConvinceAlbin,Player,en,「私が皆さんの支援を得られる限りだ。」
0x010000030002E592,54,503,Sordland/Turn04/A_ConvinceAlbin,Player,Menu Text en,「私が皆さんの支援を得られる限りだ。」
0x010000030002E59A,54,504,Sordland/Turn04/A_ConvinceAlbin,Albin Clavin,en,「よろしい。それなら合意に達したようですね。」
0x010000030002E5A5,54,505,Sordland/Turn04/A_ConvinceAlbin,Albin Clavin,en,「私は何の問題も引き起こしません。」
0x010000030002E5AC,54,506,Sordland/Turn04/A_ConvinceAlbin,Player,en,「まさに私が聞きたかったことだ。」
0x010000030002E5AC,54,506,Sordland/Turn04/A_ConvinceAlbin,Player,Menu Text en,「まさに私が聞きたかったことだ。」
0x010000030002E5B3,54,507,Sordland/Turn04/A_ConvinceAlbin,Player,en,「それは安心できますね。」
0x010000030002E5B3,54,507,Sordland/Turn04/A_ConvinceAlbin,Player,Menu Text en,「それは安心できますね。」
0x010000030002E5BA,54,508,Sordland/Turn04/A_ConvinceAlbin,Player,en,「クラヴィンさん、ありがとう。ご協力いただけることを心から感謝している。」
0x010000030002E5BA,54,508,Sordland/Turn04/A_ConvinceAlbin,Player,Menu Text en,「クラヴィンさん、ありがとう。ご協力いただけることを心から感謝している。」
0x0100000100000FF2,54,515,Sordland/Turn04/A_ConvinceAlbin,Albin Clavin,en,「労働者権利法が可決されたことに感謝の意を表したいと思います。これは私が行ってきた最も包括的で成果の大きかった政治的取り組みの一つです。」
0x0100000100000FF8,54,516,Sordland/Turn04/A_ConvinceAlbin,Albin Clavin,en,「労働者権利法の否決に我々のチームは大変失望しました。何週間も昼夜を問わず努力してきたのです。それがあれば大統領、あなたの支持率も上がっていたはずです。」
0x0100000100000FFE,54,517,Sordland/Turn04/A_ConvinceAlbin,Player,en,「今は政府に負担をかけるような急激な変更を行うのに適した時期ではなかった。」
0x0100000100000FFE,54,517,Sordland/Turn04/A_ConvinceAlbin,Player,Menu Text en,「今は政府に負担をかけるような急激な変更を行うのに適した時期ではなかった。」
0x0100000100001005,54,518,Sordland/Turn04/A_ConvinceAlbin,Player,en,「私とあなたは、この件を含む多くの事柄について意見が一している。」
0x0100000100001005,54,518,Sordland/Turn04/A_ConvinceAlbin,Player,Menu Text en,「私とあなたは、この件を含む多くの事柄について意見が一している。」
0x0100000100001012,54,519,Sordland/Turn04/A_ConvinceAlbin,Player,en,「企業はさらに重い負担を背負うことになるだろう。このような状況では経済に悪影響を及ぼす。」
0x0100000100001012,54,519,Sordland/Turn04/A_ConvinceAlbin,Player,Menu Text en,「企業はさらに重い負担を背負うことになるだろう。このような状況では経済に悪影響を及ぼす。」
0x0100000100001019,54,520,Sordland/Turn04/A_ConvinceAlbin,Player,en,「私の努力は宮殿側にも高く評価された。」
0x0100000100001019,54,520,Sordland/Turn04/A_ConvinceAlbin,Player,Menu Text en,「いずれにせよ、あなたの努力は宮廷から高く評価された。」
0x0100000100001020,54,521,Sordland/Turn04/A_ConvinceAlbin,Player,en,「我々の労働者たちが何十年も苦しんできたのだから、それは当然の措置だった。」
0x0100000100001020,54,521,Sordland/Turn04/A_ConvinceAlbin,Player,Menu Text en,「我々の労働者たちが何十年も苦しんできたのだから、それは当然の措置だった。」
0x0100000100001027,54,522,Sordland/Turn04/A_ConvinceAlbin,Player,en,「党の取り組みは支援されなければならなかったのだ。」
0x0100000100001027,54,522,Sordland/Turn04/A_ConvinceAlbin,Player,Menu Text en,「党の取り組みは支援されなければならなかったのだ。」
0x010000010000103A,54,523,Sordland/Turn04/A_ConvinceAlbin,Albin Clavin,en,「確かに、人々は自分たちの生活が好転したことを、大統領閣下の政権および党の功績だと考えるでしょう。」
0x0100000100001041,54,524,Sordland/Turn04/A_ConvinceAlbin,Albin Clavin,en,「正直なところ、宮殿と政党との緊密な連携は順調に進んでいます。これらの改革を通じて何が成し遂げられるか、楽しみにしております。」
0x0100000100001048,54,525,Sordland/Turn04/A_ConvinceAlbin,Albin Clavin,en,「私の耳には心地よい音です。」
0x010000010000104F,54,526,Sordland/Turn04/A_ConvinceAlbin,Albin Clavin,en,「いつだってそうです。これが世論にどのような影響を与えるか分かりませんが、良い方向にはならないでしょう。」
0x0100000100001055,54,527,Sordland/Turn04/A_ConvinceAlbin,Albin Clavin,en,「私もあなたの考えは理解していますが、長い間、企業はこの状況から利益を得て儲けを上げてきたのではありませんか？」
0x010000010000105B,54,528,Sordland/Turn04/A_ConvinceAlbin,Albin Clavin,en,「言葉だけでは不十分で、行動によってこそもっと大きな成果が得られるのです。」
0x0100000100001064,54,529,Sordland/Turn04/A_ConvinceAlbin,Albin Clavin,en,「政府は非常に企業寄りの姿勢を取っているようですね。」
0x0100000100001070,54,530,Sordland/Turn04/A_ConvinceAlbin,Narrator,en,アルビンは微笑み、木を叩いた。
0x0100000100001076,54,531,Sordland/Turn04/A_ConvinceAlbin,Narrator,en,彼は自分のために水を注ぎ、一口飲んでから話を続けた。
0x010000010000108D,54,535,Sordland/Turn04/A_ConvinceAlbin,Albin Clavin,en,「我々は、宮殿が我々を裏切らないだろうと思っただけです。」
0x010000010000109D,54,536,Sordland/Turn04/A_ConvinceAlbin,Albin Clavin,en,「企業は国家と共にその負担を分かち合うことになりますが、それは彼らが受け入れなければならない変化です。」
0x01000001000010A5,54,537,Sordland/Turn04/A_ConvinceAlbin,Player,en,「労働者革命は小さな一歩から始まるのだ。」
0x01000001000010A5,54,537,Sordland/Turn04/A_ConvinceAlbin,Player,Menu Text en,「労働者革命は小さな一歩から始まるのだ。」
0x01000001000010B2,54,538,Sordland/Turn04/A_ConvinceAlbin,Albin Clavin,en,「まるでワルダ夫人と話しているかのようだな。ご存知の通り、党はそのような思想を支持していない。」
0x01000001000010BA,54,539,Sordland/Turn04/A_ConvinceAlbin,Albin Clavin,en,「私としては、マレニエフ主義にも尊重すべき理念はあるのですが、それをそのまま全面的に受け入れることはできません。」
0x01000001000010C2,54,540,Sordland/Turn04/A_ConvinceAlbin,Player,en,「ここは自由な供給と需要のメカニズムを持つ市場経済だ。政府は過度に規制すべきではない。」
0x01000001000010C2,54,540,Sordland/Turn04/A_ConvinceAlbin,Player,Menu Text en,「ここは自由な供給と需要のメカニズムを持つ市場経済だ。政府は過度に規制すべきではない。」
0x01000001000010CA,54,541,Sordland/Turn04/A_ConvinceAlbin,Albin Clavin,en,「現状はほとんど搾取的なものであり、そのため大会議の大多数がそれを支持したのです。この措置によって、これまで存在しなかった一定の規制が導入されるはずでした。」
0x01000001000010E5,54,545,Sordland/Turn04/A_ConvinceAlbin,Albin Clavin,en,「パスカル・ベニウォルの支援がなければ成し遂げられませんでした。労働組合やマグヌス・カルトゥス団といった複数のNGOも選挙運動に貢献しました。」
0x01000001000010FE,54,546,Sordland/Turn04/A_ConvinceAlbin,Narrator,en,アルビンはため息をついた。
0x010000040000C3C7,54,579,Sordland/Turn04/A_ConvinceAlbin,Albin Clavin,en,「まず、基準値の引き上げについて懸念を表明します。我々の目指すのは民主化であり、その逆ではないため、党の改革派はそれに反対するため全力を尽くすでしょう。」
0x010000010000234E,54,580,Sordland/Turn04/A_ConvinceAlbin,Albin Clavin,en,「私の支持者たちは、このような状況を決して受け入れません。」
0x010000010000235C,54,584,Sordland/Turn04/A_ConvinceAlbin,Albin Clavin,en,「この変更により、何十もの新党が議会に入る可能性があるため、我々の党にとって悪影響をもたらすでしょう。」
0x010000010000236A,54,588,Sordland/Turn04/A_ConvinceAlbin,Albin Clavin,en,「選挙資金制度の改革と合わせれば、他のどの政党も議会に入ることは決してできない。我々の有権者はそのような状況を決して受け入れないだろう。」
0x0100000100002387,54,595,Sordland/Turn04/A_ConvinceAlbin,Player,en,「わかった。閾値の引き上げは撤回する。」
0x0100000100002387,54,595,Sordland/Turn04/A_ConvinceAlbin,Player,Menu Text en,「わかった。閾値の引き上げは撤回する。」
0x0100000100002398,54,599,Sordland/Turn04/A_ConvinceAlbin,Albin Clavin,en,「裁判官の免責特権を撤廃し、議会に弾劾する権限を与えようとしています。私は根本的に議員ですから、これが国民の代表権を強化するものだとは思いますが、それでも間違っているのです。」
0x01000001000023A0,54,600,Sordland/Turn04/A_ConvinceAlbin,Albin Clavin,en,「大統領、このような変更を支持するために、我々のことを何だと思っているのですか？」
0x01000001000023CA,54,601,Sordland/Turn04/A_ConvinceAlbin,Player,en,「私は裁判官の免責制度に関する変更を撤回する。」
0x01000001000023CA,54,601,Sordland/Turn04/A_ConvinceAlbin,Player,Menu Text en,「最高裁判所の判事たちの免責制度に関する変更を撤回する。」［改革案を変える］
0x01000001000023F7,54,606,Sordland/Turn04/A_ConvinceAlbin,Albin Clavin,en,「それだけではなく、もっと何かをしているのでしょう？裁判官たちの免責特権を剥奪し、彼らを交代させる権限を自分自身に与えている。実に憂慮すべき考えですね。」
0x0100000100002417,54,607,Sordland/Turn04/A_ConvinceAlbin,Player,en,「閾値の引き下げは撤廃する。」
0x0100000100002417,54,607,Sordland/Turn04/A_ConvinceAlbin,Player,Menu Text en,「閾値引下げの措置を撤回する。」［改革案を変える］
0x010000010000241E,54,608,Sordland/Turn04/A_ConvinceAlbin,Player,en,「私は基準値の引き上げを撤廃する。」
0x010000010000241E,54,608,Sordland/Turn04/A_ConvinceAlbin,Player,Menu Text en,「閾値引き上げを撤回する。」［改革案を変える］
0x0100000100002441,54,615,Sordland/Turn04/A_ConvinceAlbin,Albin Clavin,en,「この変更は逆の傾向を示しているため、特に懸念されます。法令よりも優先され、司法審査の対象ともならない大統領令というのは、権力分立を破壊することになるでしょう。そのため、そうした命令は強化されるのではなく、むしろ弱められるべきです。」
0x0100000100002447,54,616,Sordland/Turn04/A_ConvinceAlbin,Player,en,「国を真に改革するためには、大統領は見直しが不可能な法令を制定する必要がある。」
0x0100000100002447,54,616,Sordland/Turn04/A_ConvinceAlbin,Player,Menu Text en,「国を真に改革するためには、大統領は見直しが不可能な法令を制定する必要がある。」
0x010000010000244E,54,617,Sordland/Turn04/A_ConvinceAlbin,Player,en,「USPの大統領が強力な法令制定権を持つことに何の問題があるのか？」
0x010000010000244E,54,617,Sordland/Turn04/A_ConvinceAlbin,Player,Menu Text en,「USPの大統領が強力な法令制定権を持つことに何の問題があるのか？」
0x0100000100002455,54,618,Sordland/Turn04/A_ConvinceAlbin,Player,en,「私は改革派の見解を尊重している。」
0x0100000100002455,54,618,Sordland/Turn04/A_ConvinceAlbin,Player,Menu Text en,「私は改革派の見解を尊重している。」
0x010000010000245D,54,619,Sordland/Turn04/A_ConvinceAlbin,Albin Clavin,en,「私が予想していなかったのは、現状がさらに悪化することでした。成文法よりも上位にあり、司法審査の対象にもならない大統領令……それでは権力分立が破壊されてしまうでしょう。」
0x0100000100002468,54,620,Sordland/Turn04/A_ConvinceAlbin,Albin Clavin,en,「拒否権を議会に委譲してこれを相殺しようとする試みで、しかも行動に期限すら設けないなんて、実に卑劣な手段です。このような策略は決して見過ごされることはありません。」
0x01000001000024E0,54,621,Sordland/Turn04/A_ConvinceAlbin,Albin Clavin,en,「変革について話し合いたいとお考えだと思っていましたが…」
0x01000001000024E6,54,622,Sordland/Turn04/A_ConvinceAlbin,Player,en,「他にも方法があるはずだ。」
0x01000001000024E6,54,622,Sordland/Turn04/A_ConvinceAlbin,Player,Menu Text en,「他にも方法があるはずだ。」
0x01000001000024F1,54,623,Sordland/Turn04/A_ConvinceAlbin,Player,en,「わかった。法律を変更し、布告の範囲を制限しよう。」
0x01000001000024F1,54,623,Sordland/Turn04/A_ConvinceAlbin,Player,Menu Text en,「よし。法律を変えて、政令の範囲を制限しよう。」［改革案を変える］
0x01000001000024F8,54,624,Sordland/Turn04/A_ConvinceAlbin,Albin Clavin,en,「なるほどです。」
0x01000001000024FE,54,625,Sordland/Turn04/A_ConvinceAlbin,Player,en,「私はそうするつもりはないと思う。」
0x01000001000024FE,54,625,Sordland/Turn04/A_ConvinceAlbin,Player,Menu Text en,「私はそうするつもりはないと思う。」
0x0100000100002505,54,626,Sordland/Turn04/A_ConvinceAlbin,Player,en,「大国民議会に私を支配させるわけにはいかない。」
0x0100000100002505,54,626,Sordland/Turn04/A_ConvinceAlbin,Player,Menu Text en,「大国民議会に私を支配させるわけにはいかない。」
0x010000010000250C,54,627,Sordland/Turn04/A_ConvinceAlbin,Albin Clavin,en,「素晴らしいですね。」
0x0100000100002512,54,628,Sordland/Turn04/A_ConvinceAlbin,Player,en,「たとえそうだとしても、大規模な改革を実施する権限を与えてくれるとは大国民議会を信用していない。」
0x0100000100002512,54,628,Sordland/Turn04/A_ConvinceAlbin,Player,Menu Text en,「たとえそうだとしても、大規模な改革を実施する権限を与えてくれるとは大国民議会を信用していない。」
0x0100000100002519,54,629,Sordland/Turn04/A_ConvinceAlbin,Albin Clavin,en,「素晴らしいですね。」
0x0100000100002523,54,630,Sordland/Turn04/A_ConvinceAlbin,Player,en,「その通りだ。あなたの提案を取り入れ、法令の範囲を限定する。」
0x0100000100002523,54,630,Sordland/Turn04/A_ConvinceAlbin,Player,Menu Text en,「理にかなっている。あなたの提案を取り入れ、布告の範囲を限定しよう。」［改革案を変える］
0x0100000100002545,54,634,Sordland/Turn04/A_ConvinceAlbin,Player,en,「拒否権を覆す力を大国民議会に与えるということ自体が、十分な変化だ。」
0x0100000100002545,54,634,Sordland/Turn04/A_ConvinceAlbin,Player,Menu Text en,「拒否権を覆す力を大国民議会に与えるということ自体が、十分な変化だ。」
0x010000010000254D,54,635,Sordland/Turn04/A_ConvinceAlbin,Albin Clavin,en,「その回答に期限を設けなかったため、再び元の状態に戻ってしまうような抜け道ができてしまいました。何も進展ありません。」
0x0100000100002555,54,636,Sordland/Turn04/A_ConvinceAlbin,Albin Clavin,en,「もし本当にさらなる民主主義的改革を望むのであれば、権限付与法を制定します。ですが、大統領がもはや単独で行動できないようにしなければなりません。」
0x010000010000255B,54,637,Sordland/Turn04/A_ConvinceAlbin,Albin Clavin,en,「法令の権限を付則によって制限することを提案します。万が一悪意ある大統領が現れた場合に備え、大国民議会が一定の監視権を持つべきです。」
0x0100000100002562,54,638,Sordland/Turn04/A_ConvinceAlbin,Albin Clavin,en,「実は、タルキン・ソルに関するいくつかの誤った情報があったのです。再び同じようなことが起きないようにしたいのです。」
0x0100000100002568,54,639,Sordland/Turn04/A_ConvinceAlbin,Albin Clavin,en,「この案を支持するという我々の傾向に大きな影響を与えるような、わずかな変更を加えるだけで十分ですか？」
0x010000010000256E,54,640,Sordland/Turn04/A_ConvinceAlbin,Albin Clavin,en,「なぜ大統領は大国民議会と密接に協力できないのですか？」
0x010000040000C3EC,54,647,Sordland/Turn04/A_ConvinceAlbin,Albin Clavin,en,「この案によれば、退任後も終身の免除権が与えられることになります。」
0x010000040000C3F4,54,648,Sordland/Turn04/A_ConvinceAlbin,Albin Clavin,en,「名誉議員制度を廃止したことからも、あなたが民主主義者であることがわかります。」
0x010000040000C3FD,54,649,Sordland/Turn04/A_ConvinceAlbin,Albin Clavin,en,「しかし、あなたの民主主義的信念の深さが重要なのです。」
0x010000040000C413,54,653,Sordland/Turn04/A_ConvinceAlbin,Albin Clavin,en,「名誉議員資格の剥奪も、党によっては尊重されないでしょう。」
0x01000006000B34F1,54,692,Sordland/Turn04/A_ConvinceAlbin,Player,en,「わかった。私は受け入れる。」
0x01000006000B34F1,54,692,Sordland/Turn04/A_ConvinceAlbin,Player,Menu Text en,「わかった。受け入れる。［癒着］」
0x01000006000B3507,54,696,Sordland/Turn04/A_ConvinceAlbin,Player,en,「次の副大統領にはもう少し……資金があっても構わないだろう。」
0x01000006000B3507,54,696,Sordland/Turn04/A_ConvinceAlbin,Player,Menu Text en,「次の副大統領にもう少し多くの…資金があっても構わないな。［小切手を見せる］」
0x01000006000B3510,54,697,Sordland/Turn04/A_ConvinceAlbin,Narrator,en,私は小切手を取り出して彼に見せた。それですぐに彼の注意が引かれた。
0x01000006000B3517,54,698,Sordland/Turn04/A_ConvinceAlbin,Albin Clavin,en,「大統領、あなたは実に説得力のある主張の仕方をご存知ですね？」
0x01000006000B351E,54,699,Sordland/Turn04/A_ConvinceAlbin,Narrator,en,彼は小切手を受け取り、自分のジャケットのポケットに滑り込ませた。
0x01000006000B3524,54,700,Sordland/Turn04/A_ConvinceAlbin,Albin Clavin,en,「大統領としてお取引できて光栄です。」
0x0100002C00000676,54,708,Sordland/Turn04/A_ConvinceAlbin,Player,en,「私は大国民議会に大臣を指名する権限を与える。」
0x0100002C00000676,54,708,Sordland/Turn04/A_ConvinceAlbin,Player,Menu Text en,「私は議会に大臣を指名する権限を与える。」［改革案を変える］
0x0100002C0000067D,54,709,Sordland/Turn04/A_ConvinceAlbin,Player,en,「私は大統領の免責特権に関する変更を撤回する。」
0x0100002C0000067D,54,709,Sordland/Turn04/A_ConvinceAlbin,Player,Menu Text en,「私は大統領の免責特権に関する変更を撤回する。」［改革案を変える］
0x0100003000003AE7,54,715,Sordland/Turn04/A_ConvinceAlbin,Narrator,en,彼は深く息を吸い込んだ後、長いため息をついた。
0x0100002C00001687,54,716,Sordland/Turn04/A_ConvinceAlbin,Player,en,「よく考えてみると、現在の案で問題ない。」
0x0100002C00001687,54,716,Sordland/Turn04/A_ConvinceAlbin,Player,Menu Text en,「よく考えてみると、現在の案で問題ない。」
0x0100000600050250,55,3,Sordland/Turn04/InT_TaurusRailwayIssue,Symon Holl,en,「ガスの言う点には同意しますが、こっそりとこの問題を処理するにはこれが最善の選択肢かもしれません。」
0x0100000600050289,55,4,Sordland/Turn04/InT_TaurusRailwayIssue,Symon Holl,en,「我々は工事の完了をより早くする予定でしたが、現在の進捗状況ではタウルス・ホールディングがその目標を達成できないかもしれません。」
0x010000060005028F,55,5,Sordland/Turn04/InT_TaurusRailwayIssue,Gus Manger,en,「私も大統領、あなたと同じくその法案には賛成できません。理由は簡単で、それが企業に問題を引き起こし、従業員の人件費上昇を招くことになるからです。」
0x0100000600050295,55,6,Sordland/Turn04/InT_TaurusRailwayIssue,Gus Manger,en,「今更その法案を可決しても意味はほとんどありません。おそらく最善の解決策は、ストライキ中の労働者たちを交代させることでしょう。」
0x010000060005029B,55,7,Sordland/Turn04/InT_TaurusRailwayIssue,Gus Manger,en,「彼らの報告によれば、無能というわけではなく、新たな法案によって労働者のコストが上昇したことで支出が急激に増加してしまったのです。」
0x01000006000502A1,55,8,Sordland/Turn04/InT_TaurusRailwayIssue,Player,en,「おやすみなさい。」
0x01000006000502A1,55,8,Sordland/Turn04/InT_TaurusRailwayIssue,Player,Menu Text en,「おやすみなさい。」
0x01000006000502A8,55,9,Sordland/Turn04/InT_TaurusRailwayIssue,Symon Holl,en,「しかし、拒否権が行使されたことを受けて、我々はその政策の実施を中止し専門家チームも解体しました。その結果、新たなチームを編成する場合、法案のコストが上昇する可能性が生じます。」
0x01000006000502B2,55,11,Sordland/Turn04/InT_TaurusRailwayIssue,Gus Manger,en,「どうなるか見てみましょう。期限を逃せば、国民は我々の能力に対する信頼を失ってしまうでしょう。」
0x01000006000502BE,55,12,Sordland/Turn04/InT_TaurusRailwayIssue,Player,en,「市長のもてなしを存分に楽しもう。」
0x01000006000502BE,55,12,Sordland/Turn04/InT_TaurusRailwayIssue,Player,Menu Text en,「市長のもてなしを存分に楽しもう。」
0x01000006000502CB,55,13,Sordland/Turn04/InT_TaurusRailwayIssue,Symon Holl,en,「この件において、何もせずに座っているだけでは役立たないでしょう。」
0x01000006000502D1,55,14,Sordland/Turn04/InT_TaurusRailwayIssue,Gus Manger,en,「これで間に合って、期日通りに開業できることを願います。」
0x01000006000502D7,55,15,Sordland/Turn04/InT_TaurusRailwayIssue,Player,en,「皆さん、ありがとう。」
0x01000006000502D7,55,15,Sordland/Turn04/InT_TaurusRailwayIssue,Player,Menu Text en,「皆さん、ありがとう。」
0x01000006000502EB,55,17,Sordland/Turn04/InT_TaurusRailwayIssue,Player,en,「私は無能を許さない。」
0x01000006000502EB,55,17,Sordland/Turn04/InT_TaurusRailwayIssue,Player,Menu Text en,「私は無能を許さない。」
0x01000006000502F2,55,18,Sordland/Turn04/InT_TaurusRailwayIssue,Symon Holl,en,「これにより遅延が生じる可能性が高いですが、タウルス・ホールディングへは直ちに連絡が行われます。」
0x01000006000502F8,55,19,Sordland/Turn04/InT_TaurusRailwayIssue,Symon Holl,en,「では、お越しいただきありがとうございます。この件についてはこれで全てです。」
0x0100000600050305,55,20,Sordland/Turn04/InT_TaurusRailwayIssue,Symon Holl,en,「ご希望通りです。私はその資金をタウルス・ホールディングに割り当てます。」
0x010000060005030B,55,21,Sordland/Turn04/InT_TaurusRailwayIssue,Symon Holl,en,「建設現場で発生したストライキが問題を引き起こしています。」
0x0100000600050316,55,25,Sordland/Turn04/InT_TaurusRailwayIssue,Symon Holl,en,「恐ろしいモルベル鉱山の災害以来、労働者たちは不安な日々を送っています。労働者権利法案に拒否権を行使したことも、状況を好転させるどころかでした。」
0x010000060005031C,55,26,Sordland/Turn04/InT_TaurusRailwayIssue,Symon Holl,en,「その件については、私もそうするつもりです。」
0x0100000600050322,55,27,Sordland/Turn04/InT_TaurusRailwayIssue,Symon Holl,en,「ストライキ参加者たちの主な要求は、その法案を再び施行することです。我々はこの問題を解決しなければ、建設作業がさらに長期間停滞し続けるでしょう。」
0x010000060005032C,55,29,Sordland/Turn04/InT_TaurusRailwayIssue,Player,en,「我々には余分な資金がない。」
0x010000060005032C,55,29,Sordland/Turn04/InT_TaurusRailwayIssue,Player,Menu Text en,「我々には余分な資金がない。」
0x0100000600050333,55,30,Sordland/Turn04/InT_TaurusRailwayIssue,Player,en,「追加の資金を彼らに与えてくれ。」
0x0100000600050333,55,30,Sordland/Turn04/InT_TaurusRailwayIssue,Player,Menu Text en,「追加の資金を彼らに与えよ。」［政府予算-1］
0x010000060005033A,55,31,Sordland/Turn04/InT_TaurusRailwayIssue,Symon Holl,en,「タウルス・ホールディングから連絡があり、より多くの資金を要請してきました。」
0x0100000600050340,55,32,Sordland/Turn04/InT_TaurusRailwayIssue,Narrator,en,シモンはうなずき、我々二人で会議室を出た。
0x0100000600050347,55,33,Sordland/Turn04/InT_TaurusRailwayIssue,Symon Holl,en,「いずれにせよ、決定は下されました。」
0x010000060005034D,55,34,Sordland/Turn04/InT_TaurusRailwayIssue,Player,en,「ストライキをしている者たちが疲れるまで、そのまま待っていればよいのだ。」
0x010000060005034D,55,34,Sordland/Turn04/InT_TaurusRailwayIssue,Player,Menu Text en,「ストライキをしている者たちが疲れるまで、そのまま待っていればよいのだ。」
0x0100000600050354,55,35,Sordland/Turn04/InT_TaurusRailwayIssue,Player,en,「彼らの要求通りに労働者権利法案を可決してしまった方がどうだろうか？」
0x0100000600050354,55,35,Sordland/Turn04/InT_TaurusRailwayIssue,Player,Menu Text en,「彼らの要求通りに労働者権利法案を可決してしまった方がどうだろうか？」
0x010000060005035B,55,36,Sordland/Turn04/InT_TaurusRailwayIssue,Player,en,「確かに、ストライキ中の労働者たちを交代させるだけでもよいだろう。」
0x010000060005035B,55,36,Sordland/Turn04/InT_TaurusRailwayIssue,Player,Menu Text en,「確かに、ストライキ中の労働者たちを交代させるだけでもよいだろう。」
0x0100000600050362,55,37,Sordland/Turn04/InT_TaurusRailwayIssue,Symon Holl,en,「それではストライキ参加者たちをさらに怒らせるだけでしょう。結局、より大きな混乱が生じるかもしれません。」
0x0100000600050368,55,38,Sordland/Turn04/InT_TaurusRailwayIssue,Player,en,「なぜわざわざ余分な資金が必要なのだろうか？」
0x0100000600050368,55,38,Sordland/Turn04/InT_TaurusRailwayIssue,Player,Menu Text en,「なぜわざわざ余分な資金が必要なのだろうか？」
0x0100000600050375,55,39,Sordland/Turn04/InT_TaurusRailwayIssue,Gus Manger,en,「群衆の要求に屈するだと？国家が既に決定したことを彼らが変えられると示せば、これからどれだけ多くのストライキが起きるというのですか？」
0x010000060005037B,55,40,Sordland/Turn04/InT_TaurusRailwayIssue,Symon Holl,en,「大統領、ご決断はいかがなさいますか？」
0x0100000600050381,55,41,Sordland/Turn04/InT_TaurusRailwayIssue,Gus Manger,en,「それならうまくいくかもしれません。しばらくすれば彼らも疲れて再び仕事に戻るでしょう。」
0x0100000600050387,55,42,Sordland/Turn04/InT_TaurusRailwayIssue,Player,en,「このプロジェクトを期日通りに完了させることが重要だ。金銭など問題ではない。」
0x0100000600050387,55,42,Sordland/Turn04/InT_TaurusRailwayIssue,Player,Menu Text en,「このプロジェクトを期日通りに完了させることが重要だ。金銭など問題ではない。」
0x010000060005038E,55,43,Sordland/Turn04/InT_TaurusRailwayIssue,Gus Manger,en,「これが我々にとって最善の方法だと思います。手をこまねいているわけにはいきませんし、ごく少数のストライキ参加者に国の法律を変えさせるわけにもいきません。」
0x010000060005039A,55,44,Sordland/Turn04/InT_TaurusRailwayIssue,Player,en,「タウルス・ホールディングに命じて、ストライキ中の労働者の代わりに新しい労働者を投入させよ。そうすれば我々の問題は解決するはずだ。」
0x010000060005039A,55,44,Sordland/Turn04/InT_TaurusRailwayIssue,Player,Menu Text en,「タウルス・ホールディングに命じて、ストライキ中の労働者の代わりに新しい労働者を投入させよ。そうすれば我々の問題は解決するはずだ。」
0x01000006000503A1,55,45,Sordland/Turn04/InT_TaurusRailwayIssue,Narrator,en,我々、会議室を出た。
0x01000006000503A8,55,46,Sordland/Turn04/InT_TaurusRailwayIssue,Player,en,「心配していない。とりあえず様子を見よう。やがて彼らも手を引くはずで、すべて元通りになる。」
0x01000006000503A8,55,46,Sordland/Turn04/InT_TaurusRailwayIssue,Player,Menu Text en,「心配していない。とりあえず様子を見よう。やがて彼らも手を引くはずで、すべて元通りになる。」
0x01000006000503AF,55,47,Sordland/Turn04/InT_TaurusRailwayIssue,Gus Manger,en,「企業を経営する上での現実とは、変化する状況に適応できることです。ここで最も重要なのは、期限内にプロジェクトを完了させることです。」
0x01000006000503B9,55,49,Sordland/Turn04/InT_TaurusRailwayIssue,Player,en,「我々は、否決された労働者権利法案を可決する手続きを開始する。」
0x01000006000503B9,55,49,Sordland/Turn04/InT_TaurusRailwayIssue,Player,Menu Text en,「拒否された労働者権利法案を可決する手続きを開始する。［政府予算-2］」
0x01000006000503C0,55,50,Sordland/Turn04/InT_TaurusRailwayIssue,Symon Holl,en,「我々は、この最初の巨大プロジェクトである同計画を期日通りに完成させられることを国民に示す必要があります。」
0x01000006000503C6,55,51,Sordland/Turn04/InT_TaurusRailwayIssue,Symon Holl,en,「彼らは新しい労働者権利法案によって生じた予期せぬ費用のためにそれが必要なのです。また、契約を結んでいる数社の輸送業者も必要な資材の価格を上げてきました。」
0x01000006000503CC,55,52,Sordland/Turn04/InT_TaurusRailwayIssue,Gus Manger,en,「残念ながら、費用に急激な変動が生じると工事の進行が妨げられてしまいます。契約金額が安く提示された時点で何か問題があると私は気づきました。アンダーホールなら彼らの豊富な経験によりこのような問題は起こらなかったでしょう。」
0x01000006000503DC,55,54,Sordland/Turn04/InT_TaurusRailwayIssue,Symon Holl,en,「彼らが送ってきた報告によると、新しい労働法の影響でより多くの資金が必要だと気づき、鉄道を期日通り完成させるためには追加の資本が不可欠だということです。」
0x01000006000503E2,55,55,Sordland/Turn04/InT_TaurusRailwayIssue,Player,en,「断じてだめだ。わずかなストライキ参加者に我が国の運命を決めさせはしない。」
0x01000006000503E2,55,55,Sordland/Turn04/InT_TaurusRailwayIssue,Player,Menu Text en,「断じてだめだ。わずかなストライキ参加者に我が国の運命を決めさせはしない。」
0x01000006000503E9,55,56,Sordland/Turn04/InT_TaurusRailwayIssue,Player,en,「その点、ごもっともだ。」
0x01000006000503E9,55,56,Sordland/Turn04/InT_TaurusRailwayIssue,Player,Menu Text en,「その点、ごもっともだ。」
0x01000006000503F0,55,57,Sordland/Turn04/InT_TaurusRailwayIssue,Player,en,「ストライキ参加者を交代させるだけではこの問題を根本的に解決することはできない。真に事態を食い止めるためには、元凶である連中の首を切り落とす必要があるのだ。」
0x01000006000503F0,55,57,Sordland/Turn04/InT_TaurusRailwayIssue,Player,Menu Text en,「ストライキ参加者を交代させるだけではこの問題を根本的に解決することはできない。真に事態を食い止めるためには、元凶である連中の首を切り落とす必要があるのだ。」
0x01000006000503F7,55,58,Sordland/Turn04/InT_TaurusRailwayIssue,Symon Holl,en,「これについては確信が持てませんが、大統領のご希望通りにいたします。」
0x01000006000503FD,55,59,Sordland/Turn04/InT_TaurusRailwayIssue,Gus Manger,en,「いずれにせよ、このプロジェクトを期日通りに完成させたいのであれば、他に選択肢がなくなるかもしれません。」
0x0100000600050403,55,60,Sordland/Turn04/InT_TaurusRailwayIssue,Symon Holl,en,「もし彼らが要求する追加の費用を支出してしまえば、他の機会を逃す可能性があります。」
0x0100000600050409,55,61,Sordland/Turn04/InT_TaurusRailwayIssue,Gus Manger,en,「私も同感です。もし彼らに気まぐれで法律を変えさせてしまえば、政府への信頼が低下し、安定性に問題が生じるでしょう。」
0x010000060005040F,55,62,Sordland/Turn04/InT_TaurusRailwayIssue,Symon Holl,en,「わかりました。反発が我々にあまり影響を及ぼさないことを願います。」
0x0100000600050415,55,63,Sordland/Turn04/InT_TaurusRailwayIssue,Gus Manger,en,「彼の言う通りだが、契約を結んだ後で誰でも好き勝手に法律を変更させてはいけない。それでは国民にどのようなメッセージを送ることになるのか？決定を覆す弱体な政府だということにならないか？」
0x010000060005041B,55,64,Sordland/Turn04/InT_TaurusRailwayIssue,Gus Manger,en,「もしこれが工事の遅延を招けば、国民の目の前で面目を失うことにもなります。タウルス・ホールディングへさらに資金を投入するのも理想的ではありません。」
0x0100000600050421,55,65,Sordland/Turn04/InT_TaurusRailwayIssue,Gus Manger,en,「その通りです。これが再び同じ問題が起きないための唯一の方法です。ストライキを起こした者たちに厳しい罰を与えて、他の者が二度と同じことを試みないようにしなければなりません。」
0x0100000600050427,55,66,Sordland/Turn04/InT_TaurusRailwayIssue,Gus Manger,en,「ですから、わずかなストライキを起こすだけで誰でもソードランドの法律を変えることができてしまいます。国家への敬意が損なわれるでしょう。」
0x010000060005042D,55,67,Sordland/Turn04/InT_TaurusRailwayIssue,Symon Holl,en,「ストライキにはどのように対処すべきでしょうか？」
0x0100000600050433,55,68,Sordland/Turn04/InT_TaurusRailwayIssue,Gus Manger,en,「それは残念なことです。」
0x01000006000504C9,55,69,Sordland/Turn04/InT_TaurusRailwayIssue,Symon Holl,en,「彼らはこうなることを予見すべきだった。もし予見できなかったのであれば、それこそが無能さだ。」
0x01000006000504D3,55,70,Sordland/Turn04/InT_TaurusRailwayIssue,Symon Holl,en,「我々は工事の完了をより早くする予定でしたが、現在の進捗状況ではタウルス・ホールディングがその目標を達成できないかもしれません。」
0x01000006000504DB,55,71,Sordland/Turn04/InT_TaurusRailwayIssue,Gus Manger,en,「その上、これによってソードランドのすべての企業が影響を受け、従業員に追加の賃金を支払わなければならなくなります。こんな些細な問題が国全体に波及するはずがありません。」
0x01000006000504E3,55,72,Sordland/Turn04/InT_TaurusRailwayIssue,Gus Manger,en,「私も必ずご一緒に参ります。」
0x0100000100001F5A,55,78,Sordland/Turn04/InT_TaurusRailwayIssue,Narrator,en,我々がこの地を訪れた主な目的は、期限を危うくするようになっていた建設上の問題を解決することだった。
0x0100000100001F61,55,79,Sordland/Turn04/InT_TaurusRailwayIssue,Narrator,en,L-1鉄道の建設により、ソードランドの先進的な技術の中心地を訪れる絶好の機会が生まれた。この都市出身の電気技師数十名が、鉄道路線の電化改修作業に従事した。
0x0100000100001F68,55,80,Sordland/Turn04/InT_TaurusRailwayIssue,Narrator,en,ゲルソード研究評議会は、教育予算の削減に校長たちが甚だしく不満を抱いていたため、我々が彼らの施設を利用することを渋っていた。
0x0100000100001F79,55,87,Sordland/Turn04/InT_TaurusRailwayIssue,Narrator,en,シモンはいつもより少し緊張している様子だった。ガスも解決策を探すためにここにいた。彼はしばらく私をじっと見ていた。
0x0100000100001F80,55,88,Sordland/Turn04/InT_TaurusRailwayIssue,Narrator,en,ゲルソード研究評議会は、教育予算の増加に満足していた学長たちのおかげで、我々がその施設を利用することを快く許可してくれた。
0x0100000100001F87,55,89,Sordland/Turn04/InT_TaurusRailwayIssue,Narrator,en,ゲルソード研究評議会は我々に彼らの施設を利用させてくれたが、各学園の責任者たちは我々の事情に興味を示さなかった。
0x0100000100002173,55,92,Sordland/Turn04/InT_TaurusRailwayIssue,Gus Manger,en,「一つだけ確かなことがあります。我が政権は今後、タウルスとは協力を避け、アンダーホールのような安全な選択肢を採用しなければなりません。」
0x0100000100002183,55,93,Sordland/Turn04/InT_TaurusRailwayIssue,Player,en,「どんなプロジェクトにも失敗は付き物だ。」
0x0100000100002183,55,93,Sordland/Turn04/InT_TaurusRailwayIssue,Player,Menu Text en,「どんなプロジェクトにも失敗は付き物だ。」
0x010000010000218A,55,94,Sordland/Turn04/InT_TaurusRailwayIssue,Player,en,「アンダーホールの方が確かに良い選択肢だね」
0x010000010000218A,55,94,Sordland/Turn04/InT_TaurusRailwayIssue,Player,Menu Text en,「アンダーホールの方が確かに良い選択肢だね」
0x010000010000219B,55,95,Sordland/Turn04/InT_TaurusRailwayIssue,Gus Manger,en,「確かにそうですが、今回は余計なリスクを負ったのです。あまりに良すぎるものは本物ではありません。安価な契約には悪い予感がしました。」
0x01000001000021A2,55,96,Sordland/Turn04/InT_TaurusRailwayIssue,Gus Manger,en,「アンダーホールの経営陣には私が知っている人間がいます。彼らは将来的な第二のプロジェクトでも協力してくれるでしょう。」
0x01000001000021A9,55,97,Sordland/Turn04/InT_TaurusRailwayIssue,Gus Manger,en,「問題は、タウルスが要求した資金を彼らに与えるかどうかということです。」
0x01000001000021CC,55,99,Sordland/Turn04/InT_TaurusRailwayIssue,Gus Manger,en,「会社の名残などではない。もしタイムラインに問題が生じるとすれば、それはあちら側のことだ。」
0x01000001000021D2,55,100,Sordland/Turn04/InT_TaurusRailwayIssue,Player,en,「SSCなら協力相手になり得る。」
0x01000001000021D2,55,100,Sordland/Turn04/InT_TaurusRailwayIssue,Player,Menu Text en,「SSCなら協力相手になり得る。」
0x010000040000C115,55,102,Sordland/Turn04/InT_TaurusRailwayIssue,Gus Manger,en,「一つだけ確かなことがあります。我が政権は今後、タウルスとは協力を避け、アンダーホールのような安全な選択肢を採用しなければなりません。」
0x010000040000C11B,55,103,Sordland/Turn04/InT_TaurusRailwayIssue,Player,en,「どんなプロジェクトにも失敗は付き物だ。」
0x010000040000C11B,55,103,Sordland/Turn04/InT_TaurusRailwayIssue,Player,Menu Text en,「どんなプロジェクトにも失敗は付き物だ。」
0x010000040000C122,55,104,Sordland/Turn04/InT_TaurusRailwayIssue,Player,en,「アンダーホールの方が確かに良い選択肢だね」
0x010000040000C122,55,104,Sordland/Turn04/InT_TaurusRailwayIssue,Player,Menu Text en,「アンダーホールの方が確かに良い選択肢だね」
0x010000040000C129,55,105,Sordland/Turn04/InT_TaurusRailwayIssue,Player,en,「SSCなら協力相手になり得る。」
0x010000040000C129,55,105,Sordland/Turn04/InT_TaurusRailwayIssue,Player,Menu Text en,「SSCなら協力相手になり得る。」
0x010000040000C130,55,106,Sordland/Turn04/InT_TaurusRailwayIssue,Gus Manger,en,「確かにそうですが、今回は余計なリスクを負ったのです。あまりに良すぎるものは本物ではありません。安価な契約には悪い予感がしました。」
0x010000040000C136,55,107,Sordland/Turn04/InT_TaurusRailwayIssue,Gus Manger,en,「アンダーホールの経営陣には私が知っている人間がいます。彼らは将来的な第二のプロジェクトでも協力してくれるでしょう。」
0x010000040000C13C,55,108,Sordland/Turn04/InT_TaurusRailwayIssue,Gus Manger,en,「会社の名残などではない。もしタイムラインに問題が生じるとすれば、それはあちら側のことだ。」
0x0100006500000415,55,120,Sordland/Turn04/InT_TaurusRailwayIssue,Symon Holl,en,「どうしても口にしたくはありませんが、労働者権利法案を可決させることが、我々にとって最善の方法だと思います。」
0x010000DC00000021,55,128,Sordland/Turn04/InT_TaurusRailwayIssue,Narrator,en,我々、会議室を出た。
0x010000DC0000002D,55,129,Sordland/Turn04/InT_TaurusRailwayIssue,Narrator,en,シモンはうなずき、我々二人で会議室を出た。
0x01000001000016DE,56,3,Sordland/Turn04/InT_TaurusHighwayIssue,Narrator,en,しかし、我々が訪れた主な目的は、期限を危うくするようになったストライキを解決することだった。
0x01000001000016F2,56,4,Sordland/Turn04/InT_TaurusHighwayIssue,Narrator,en,H-3高速道路の建設により、サーモンで有名な海辺の町レンクルグを訪れる第二の機会が生まれた。都市部から何千人もの人々が、この新しい高速道路建設プロジェクトで働くことになった。
0x010000040000BEF4,56,6,Sordland/Turn04/InT_TaurusHighwayIssue,Narrator,en,市長は自身の屋敷で我々を迎え入れ、アグンランド地方へ大規模に投資するという我々の決断を称賛した。
0x010000040000BF00,56,10,Sordland/Turn04/InT_TaurusHighwayIssue,Narrator,en,市長は自身の屋敷で我々を迎え入れ、街の簡単な見学を案内してくれた。
0x010000040000BF20,56,11,Sordland/Turn04/InT_TaurusHighwayIssue,Narrator,en,アルヴォリーの市長であるエリック・ニールからも支援のメッセージが寄せられ、彼はH-3への投資に感謝していた。
0x010000040000BF27,56,12,Sordland/Turn04/InT_TaurusHighwayIssue,Narrator,en,我々が市役所に集まったとき、サイモンは少し心配そうな様子だったが、リリアスは非常に真剣な面持ちをしていた。
0x010000040000BF39,56,16,Sordland/Turn04/InT_TaurusHighwayIssue,Narrator,en,数十人もの人々が屋敷の外で応援の意を示し、党のスローガンを叫んでいた。
0x010000040000BF66,56,17,Sordland/Turn04/InT_TaurusHighwayIssue,Symon Holl,en,「我々は工事の完了をより早くする予定でしたが、現在の進捗状況ではタウルス・ホールディングがその目標を達成できないかもしれません。」
0x010000040000BF72,56,18,Sordland/Turn04/InT_TaurusHighwayIssue,Lileas Graf,en,「この国にとってその法案は不可欠です。我が国民には補償が与えられ、安全規制も設けられる必要があります。」
0x010000040000BF7E,56,19,Sordland/Turn04/InT_TaurusHighwayIssue,Lileas Graf,en,「私としては、大統領閣下がこの法案を可決する力をお持ちであれば、抗議活動の解決に役立つと思います。もしくは、様子を見て彼らに再び仕事に戻ってもらう方法もあります。」
0x0100000600050024,56,24,Sordland/Turn04/InT_TaurusHighwayIssue,Narrator,en,夕食の後、我々は会議室に移った。シモンが話し始めた。
0x010000060005002C,56,25,Sordland/Turn04/InT_TaurusHighwayIssue,Symon Holl,en,「建設現場で発生したストライキが問題を引き起こしています。」
0x0100000600050045,56,29,Sordland/Turn04/InT_TaurusHighwayIssue,Symon Holl,en,「恐ろしいモルベル鉱山の災害以来、労働者たちは不安な日々を送っています。労働者権利法案に拒否権を行使したことも、状況を好転させるどころかでした。」
0x010000060005004D,56,30,Sordland/Turn04/InT_TaurusHighwayIssue,Symon Holl,en,「ストライキ参加者たちの主な要求は、その法案を再び施行することです。我々はこの問題を解決しなければ、建設作業がさらに長期間停滞し続けるでしょう。」
0x010000060005005E,56,31,Sordland/Turn04/InT_TaurusHighwayIssue,Symon Holl,en,「タウルス・ホールディングから連絡があり、より多くの資金を要請してきました。」
0x0100000600050067,56,32,Sordland/Turn04/InT_TaurusHighwayIssue,Player,en,「ストライキをしている者たちが疲れるまで、そのまま待っていればよいのだ。」
0x0100000600050067,56,32,Sordland/Turn04/InT_TaurusHighwayIssue,Player,Menu Text en,「ストライキをしている者たちが疲れるまで、そのまま待っていればよいのだ。」
0x010000060005006E,56,33,Sordland/Turn04/InT_TaurusHighwayIssue,Player,en,「彼らの要求通りに労働者権利法案を可決してしまった方がどうだろうか？」
0x010000060005006E,56,33,Sordland/Turn04/InT_TaurusHighwayIssue,Player,Menu Text en,「彼らの要求通りに労働者権利法案を可決してしまった方がどうだろうか？」
0x0100000600050075,56,34,Sordland/Turn04/InT_TaurusHighwayIssue,Player,en,「ストライキ中の労働者たちを代替させることもできる。」
0x0100000600050075,56,34,Sordland/Turn04/InT_TaurusHighwayIssue,Player,Menu Text en,「ストライキ中の労働者たちを代替させることもできる。」
0x010000060005007F,56,35,Sordland/Turn04/InT_TaurusHighwayIssue,Lileas Graf,en,「我々が柔軟に対応し変化できることを彼らに示せば、さらなるストライキを多く防ぐことができます。」
0x0100000600050086,56,36,Sordland/Turn04/InT_TaurusHighwayIssue,Lileas Graf,en,「それも一つの方法ですが、果たしてどれほど役立つかは分かりません。法案を可決すれば、彼らの要求を尊重することになります。」
0x010000060005008D,56,37,Sordland/Turn04/InT_TaurusHighwayIssue,Lileas Graf,en,「我々はただ手をこまねいているわけにはいきませんし、法を守ろうとする頑なさのせいで、ごく少数のストライキ参加者が建設工事を妨げることも許してはなりません。」
0x0100000600050094,56,38,Sordland/Turn04/InT_TaurusHighwayIssue,Symon Holl,en,「私もリリアスの意見に賛成です。この状況では何もせずに座していても役に立たないでしょう。」
0x010000060005009B,56,39,Sordland/Turn04/InT_TaurusHighwayIssue,Symon Holl,en,「これが最も迅速に問題を解決するための最良の選択肢かもしれません。」
0x01000006000500A2,56,40,Sordland/Turn04/InT_TaurusHighwayIssue,Symon Holl,en,「それではストライキ参加者たちをさらに怒らせるだけでしょう。結局、より大きな混乱が生じるかもしれません。」
0x01000006000500B6,56,41,Sordland/Turn04/InT_TaurusHighwayIssue,Symon Holl,en,「我々は、この最初の巨大プロジェクトである同計画を期日通りに完成させられることを国民に示す必要があります。」
0x01000006000500BF,56,42,Sordland/Turn04/InT_TaurusHighwayIssue,Symon Holl,en,「しかし、拒否権が行使されたことを受けて、我々はその政策の実施を中止し専門家チームも解体しました。その結果、新たなチームを編成する場合、法案のコストが上昇する可能性が生じます。」
0x01000006000500C6,56,43,Sordland/Turn04/InT_TaurusHighwayIssue,Player,en,「断じてだめだ。わずかなストライキ参加者に我が国の運命を決めさせはしない。」
0x01000006000500C6,56,43,Sordland/Turn04/InT_TaurusHighwayIssue,Player,Menu Text en,「断じてだめだ。わずかなストライキ参加者に我が国の運命を決めさせはしない。」
0x01000006000500CD,56,44,Sordland/Turn04/InT_TaurusHighwayIssue,Player,en,「その点、ごもっともだ。」
0x01000006000500CD,56,44,Sordland/Turn04/InT_TaurusHighwayIssue,Player,Menu Text en,「その点、ごもっともだ。」
0x01000006000500D4,56,45,Sordland/Turn04/InT_TaurusHighwayIssue,Player,en,「ストライキ参加者を交代させるだけではこの問題を根本的に解決することはできない。真に事態を食い止めるためには、元凶である連中の首を切り落とす必要があるのだ。」
0x01000006000500D4,56,45,Sordland/Turn04/InT_TaurusHighwayIssue,Player,Menu Text en,「ストライキ参加者を交代させるだけではこの問題を根本的に解決することはできない。真に事態を食い止めるためには、元凶である連中の首を切り落とす必要があるのだ。」
0x01000006000500DE,56,46,Sordland/Turn04/InT_TaurusHighwayIssue,Lileas Graf,en,「私は同意しません。法律を変えなければ、政府への信頼が低下し、国の安定に問題が生じるでしょう。」
0x01000006000500E5,56,47,Sordland/Turn04/InT_TaurusHighwayIssue,Lileas Graf,en,「強力な政府であれば、自らの決定を撤回し、それが間違っていたと認めることができるのです。」
0x01000006000500EC,56,48,Sordland/Turn04/InT_TaurusHighwayIssue,Lileas Graf,en,「ストライキ参加者を処罰して見せしめにするのは間違っています。我々は問題の根本的な原因に取り組む必要があります。」
0x01000006000500F3,56,49,Sordland/Turn04/InT_TaurusHighwayIssue,Symon Holl,en,「では、大統領、どのようなご決断でしょうか？」
0x01000006000500FC,56,50,Sordland/Turn04/InT_TaurusHighwayIssue,Symon Holl,en,「ストライキにはどのように対処すべきでしょうか？」
0x0100000600050103,56,51,Sordland/Turn04/InT_TaurusHighwayIssue,Player,en,「我々は、否決された労働者権利法案を可決する手続きを開始する。」
0x0100000600050103,56,51,Sordland/Turn04/InT_TaurusHighwayIssue,Player,Menu Text en,「拒否された労働者権利法案を可決する手続きを開始する。［政府予算-2］」
0x010000060005010A,56,52,Sordland/Turn04/InT_TaurusHighwayIssue,Player,en,「心配していない。とりあえず様子を見よう。やがて彼らも手を引くはずで、すべて元通りになる。」
0x010000060005010A,56,52,Sordland/Turn04/InT_TaurusHighwayIssue,Player,Menu Text en,「心配していない。とりあえず様子を見よう。やがて彼らも手を引くはずで、すべて元通りになる。」
0x0100000600050111,56,53,Sordland/Turn04/InT_TaurusHighwayIssue,Player,en,「タウルス・ホールディングに命じて、ストライキ中の労働者の代わりに新しい労働者を投入させよ。そうすれば我々の問題は解決するはずだ。」
0x0100000600050111,56,53,Sordland/Turn04/InT_TaurusHighwayIssue,Player,Menu Text en,「タウルス・ホールディングに命じて、ストライキ中の労働者の代わりに新しい労働者を投入させよ。そうすれば我々の問題は解決するはずだ。」
0x010000060005011B,56,54,Sordland/Turn04/InT_TaurusHighwayIssue,Symon Holl,en,「これについては確信が持てませんが、大統領のご希望通りにいたします。」
0x0100000600050122,56,55,Sordland/Turn04/InT_TaurusHighwayIssue,Lileas Graf,en,「このような選択をしたことを嬉しく思います。」
0x0100000600050128,56,56,Sordland/Turn04/InT_TaurusHighwayIssue,Lileas Graf,en,「国家への敬意は高まるでしょう。国民の側に立つことが正しい選択です。」
0x0100000600050130,56,57,Sordland/Turn04/InT_TaurusHighwayIssue,Symon Holl,en,「わかりました。反発が我々にあまり影響を及ぼさないことを願います。」
0x0100000600050150,56,60,Sordland/Turn04/InT_TaurusHighwayIssue,Symon Holl,en,「いずれにせよ、決定は下されました。」
0x0100000600050159,56,61,Sordland/Turn04/InT_TaurusHighwayIssue,Symon Holl,en,「では、お越しいただきありがとうございます。この件についてはこれで全てです。」
0x0100000600050160,56,62,Sordland/Turn04/InT_TaurusHighwayIssue,Player,en,「皆さん、ありがとう。」
0x0100000600050160,56,62,Sordland/Turn04/InT_TaurusHighwayIssue,Player,Menu Text en,「皆さん、ありがとう。」
0x0100000600050168,56,63,Sordland/Turn04/InT_TaurusHighwayIssue,Player,en,「市長のもてなしを存分に楽しもう。」
0x0100000600050168,56,63,Sordland/Turn04/InT_TaurusHighwayIssue,Player,Menu Text en,「市長のもてなしを存分に楽しもう。」
0x010000060005016F,56,64,Sordland/Turn04/InT_TaurusHighwayIssue,Player,en,「おやすみなさい。」
0x010000060005016F,56,64,Sordland/Turn04/InT_TaurusHighwayIssue,Player,Menu Text en,「おやすみなさい。」
0x0100000600050178,56,65,Sordland/Turn04/InT_TaurusHighwayIssue,Symon Holl,en,「その件については、私もそうするつもりです。」
0x010000060005017F,56,66,Sordland/Turn04/InT_TaurusHighwayIssue,Narrator,en,シモンはうなずき、我々二人で会議室を出た。
0x0100000600050188,56,67,Sordland/Turn04/InT_TaurusHighwayIssue,Narrator,en,我々、会議室を出た。
0x0100000600050192,56,68,Sordland/Turn04/InT_TaurusHighwayIssue,Symon Holl,en,「彼らが送ってきた報告によると、新しい労働法の影響でより多くの資金が必要だと判明し、高速道路を期日通り完成させるためには追加の資本投入が不可欠だそうです。」
0x0100000600050199,56,69,Sordland/Turn04/InT_TaurusHighwayIssue,Player,en,「私は無能を許さない。」
0x0100000600050199,56,69,Sordland/Turn04/InT_TaurusHighwayIssue,Player,Menu Text en,「私は無能を許さない。」
0x01000006000501A0,56,70,Sordland/Turn04/InT_TaurusHighwayIssue,Player,en,「なぜわざわざ余分な資金が必要なのだろうか？」
0x01000006000501A0,56,70,Sordland/Turn04/InT_TaurusHighwayIssue,Player,Menu Text en,「なぜわざわざ余分な資金が必要なのだろうか？」
0x01000006000501A7,56,71,Sordland/Turn04/InT_TaurusHighwayIssue,Player,en,「このプロジェクトを期日通りに完了させることが重要だ。金銭など問題ではない。」
0x01000006000501A7,56,71,Sordland/Turn04/InT_TaurusHighwayIssue,Player,Menu Text en,「このプロジェクトを期日通りに完了させることが重要だ。金銭など問題ではない。」
0x01000006000501AE,56,72,Sordland/Turn04/InT_TaurusHighwayIssue,Lileas Graf,en,「これは到底受け入れられません。もっと安い見積もりが技術的に不可能だということは、最初から分かっているべきでした。もしタウルス・ホールディングの代わりにSSCを選択してくれていたら、このような問題は起こらなかったはずです。」
0x01000006000501B4,56,73,Sordland/Turn04/InT_TaurusHighwayIssue,Lileas Graf,en,「今、彼らは増加した費用を賄うためにさらなる資金の提供を求めてきています。もし我々がそれを拒否すれば工事が遅延し、我々の評判が損なわれる危険があります。」
0x01000006000501BF,56,74,Sordland/Turn04/InT_TaurusHighwayIssue,Symon Holl,en,「もし彼らが要求する追加の費用を支出してしまえば、他の機会を逃す可能性があります。」
0x01000006000501C5,56,75,Sordland/Turn04/InT_TaurusHighwayIssue,Lileas Graf,en,「このような状況に追い込まれてしまったのは残念です。ここで我々に選択肢があると言えるでしょうか？」
0x01000006000501CD,56,76,Sordland/Turn04/InT_TaurusHighwayIssue,Lileas Graf,en,「我々も同じです。だからこそ、各企業とその潜在的な問題点についての報告書が作成されたのです。」
0x01000006000501D4,56,77,Sordland/Turn04/InT_TaurusHighwayIssue,Symon Holl,en,「新しい労働者権利法案によって生じた予期せぬ費用のためです。また、契約している数社の輸送業者も必要な資材の価格を上げてきました。」
0x01000006000501DB,56,78,Sordland/Turn04/InT_TaurusHighwayIssue,Lileas Graf,en,「これらの建設プロジェクトについては国家がより厳格に管理を行う必要があります。次のプロジェクトでは内閣から直接責任者を任命すべきです。」
0x01000006000501E9,56,79,Sordland/Turn04/InT_TaurusHighwayIssue,Symon Holl,en,「大統領、ご決断はいかがなさいますか？」
0x01000006000501F9,56,80,Sordland/Turn04/InT_TaurusHighwayIssue,Player,en,「追加の資金を彼らに与えてくれ。」
0x01000006000501F9,56,80,Sordland/Turn04/InT_TaurusHighwayIssue,Player,Menu Text en,「追加の資金を彼らに与えよ。」［政府予算-1］
0x0100000600050200,56,81,Sordland/Turn04/InT_TaurusHighwayIssue,Player,en,「我々には余分な資金がない。」
0x0100000600050200,56,81,Sordland/Turn04/InT_TaurusHighwayIssue,Player,Menu Text en,「我々には余分な資金がない。」
0x0100000600050209,56,82,Sordland/Turn04/InT_TaurusHighwayIssue,Symon Holl,en,「ご希望通りです。私はその資金をタウルス・ホールディングに割り当てます。」
0x0100000600050210,56,83,Sordland/Turn04/InT_TaurusHighwayIssue,Symon Holl,en,「これにより遅延が生じる可能性が高いですが、タウルス・ホールディングへは直ちに連絡が行われます。」
0x0100000600050223,56,85,Sordland/Turn04/InT_TaurusHighwayIssue,Lileas Graf,en,「まずは仕事をきちんとこなさないのに、お金だけ受け取るなんて。馬鹿げている！」
0x0100000600050500,56,86,Sordland/Turn04/InT_TaurusHighwayIssue,Symon Holl,en,「我々は工事の完了をより早くする予定でしたが、現在の進捗状況ではタウルス・ホールディングがその目標を達成できないかもしれません。」
0x01000001000021C4,56,90,Sordland/Turn04/InT_TaurusHighwayIssue,Symon Holl,en,「もはや過去を掘り下げても意味はありません。」
0x01000001000021DC,56,91,Sordland/Turn04/InT_TaurusHighwayIssue,Lileas Graf,en,「一つだけ確かなことがあります。我が政権は今後、タウルスとは一切協力を避け、SSCのような安全な選択肢を採用しなければなりません。」
0x01000001000021EA,56,92,Sordland/Turn04/InT_TaurusHighwayIssue,Player,en,「どんなプロジェクトにも失敗は付き物だ。」
0x01000001000021EA,56,92,Sordland/Turn04/InT_TaurusHighwayIssue,Player,Menu Text en,「どんなプロジェクトにも失敗は付き物だ。」
0x01000001000021F1,56,93,Sordland/Turn04/InT_TaurusHighwayIssue,Player,en,「SSCの方が確かに良い選択肢だね。」
0x01000001000021F1,56,93,Sordland/Turn04/InT_TaurusHighwayIssue,Player,Menu Text en,「SSCの方が確かに良い選択肢だね。」
0x01000001000021F8,56,94,Sordland/Turn04/InT_TaurusHighwayIssue,Player,en,「アンダーホールがパートナーになる可能性がある。」
0x01000001000021F8,56,94,Sordland/Turn04/InT_TaurusHighwayIssue,Player,Menu Text en,「アンダーホールがパートナーになる可能性がある。」
0x0100000100002209,56,95,Sordland/Turn04/InT_TaurusHighwayIssue,Lileas Graf,en,「確かにそうかもしれませんが、この問題は避けられたはずです。タウルス周辺には当初から警告の兆しがありました。」
0x010000010000220F,56,96,Sordland/Turn04/InT_TaurusHighwayIssue,Lileas Graf,en,「我々自身の国営公社があるのだから、わざわざ外部の人間を巻き込む必要など何にもありませんよね？」
0x0100000100002215,56,97,Sordland/Turn04/InT_TaurusHighwayIssue,Lileas Graf,en,「タウルスの後にまた利益追求型の企業ができることには懐疑的です。」
0x0100000100002220,56,98,Sordland/Turn04/InT_TaurusHighwayIssue,Lileas Graf,en,「これにさらに資金を投じるべきか、それとも彼らに自分たちで解決させるべきかですね？」
0x0100000100002252,56,101,Sordland/Turn04/InT_TaurusHighwayIssue,Lileas Graf,en,「現時点では、その期限を守れるという期待は持っていません。」
0x010000040000C17B,56,106,Sordland/Turn04/InT_TaurusHighwayIssue,Lileas Graf,en,「タウルスの後にまた利益追求型の企業ができることには懐疑的です。」
0x010000040000C181,56,107,Sordland/Turn04/InT_TaurusHighwayIssue,Lileas Graf,en,「我々自身の国営公社があるのだから、わざわざ外部の人間を巻き込む必要など何にもありませんよね？」
0x010000040000C187,56,108,Sordland/Turn04/InT_TaurusHighwayIssue,Lileas Graf,en,「確かにそうかもしれませんが、この問題は避けられたはずです。タウルス周辺には当初から警告の兆しがありました。」
0x010000040000C18D,56,109,Sordland/Turn04/InT_TaurusHighwayIssue,Player,en,「どんなプロジェクトにも失敗は付き物だ。」
0x010000040000C18D,56,109,Sordland/Turn04/InT_TaurusHighwayIssue,Player,Menu Text en,「どんなプロジェクトにも失敗は付き物だ。」
0x010000040000C194,56,110,Sordland/Turn04/InT_TaurusHighwayIssue,Player,en,「SSCの方が確かに良い選択肢だね。」
0x010000040000C194,56,110,Sordland/Turn04/InT_TaurusHighwayIssue,Player,Menu Text en,「SSCの方が確かに良い選択肢だね。」
0x010000040000C19B,56,111,Sordland/Turn04/InT_TaurusHighwayIssue,Player,en,「アンダーホールがパートナーになる可能性がある。」
0x010000040000C19B,56,111,Sordland/Turn04/InT_TaurusHighwayIssue,Player,Menu Text en,「アンダーホールがパートナーになる可能性がある。」
0x010000040000C1A2,56,112,Sordland/Turn04/InT_TaurusHighwayIssue,Lileas Graf,en,「一つだけ確かなことがあります。我が政権は今後、タウルスとは一切協力を避け、SSCのような安全な選択肢を採用しなければなりません。」
0x010000650000041C,56,121,Sordland/Turn04/InT_TaurusHighwayIssue,Symon Holl,en,「どうしても口にしたくはありませんが、労働者権利法案を可決させることが、我々にとって最善の方法だと思います。」
0x0100000600047C87,57,3,Sordland/Turn04/PSnW_EducationReform,Narrator,en,ルシアンはテーブルの向こう側で私の向かいに座り、書類を確認していた。その時、シアラが部屋に入ってきた。
0x0100000600047C8E,57,4,Sordland/Turn04/PSnW_EducationReform,Narrator,en,我々がまだレイレンにいて、公務員向けの質素なゲストハウスに滞在していた頃のことだ。シアラは学校視察の後、私とルシアンとの会合を設け、ソードランド教育制度における古く時代遅れで政治的な要素を変えるための教育改革案を説明した。
0x0100000600047C97,57,5,Sordland/Turn04/PSnW_EducationReform,Ciara Walda,en,「昨日の訪問の後、あの男の子と女の子のことを考えて眠ることさえできませんでした。」
0x0100000600047C9F,57,6,Sordland/Turn04/PSnW_EducationReform,Ciara Walda,en,「私の教育制度改革に対する決意は、これまで以上に固いものです。」
0x0100000600047CA7,57,7,Sordland/Turn04/PSnW_EducationReform,Narrator,en,ルシアンは読書用眼鏡を外してテーブルの上に置いた。
0x0100000600047CAF,57,8,Sordland/Turn04/PSnW_EducationReform,Player,en,「私も同感だ。教育改革は必要不可欠だ。」
0x0100000600047CAF,57,8,Sordland/Turn04/PSnW_EducationReform,Player,Menu Text en,「私も同感だ。教育改革は必要不可欠だ。」
0x0100000600047CB6,57,9,Sordland/Turn04/PSnW_EducationReform,Player,en,「私の考えでは、我が国の教育制度に何の問題もない。」
0x0100000600047CB6,57,9,Sordland/Turn04/PSnW_EducationReform,Player,Menu Text en,「私の考えでは、我が国の教育制度に何の問題もない。」
0x0100000600047CC7,57,10,Sordland/Turn04/PSnW_EducationReform,Ciara Walda,en,「そうお思いになりますか？」
0x0100000600047CCF,57,11,Sordland/Turn04/PSnW_EducationReform,Ciara Walda,en,「客観的に見て、その制度の何が問題かを理解できないのですか？そんな真剣に考えることはありません。」
0x0100000600047CD7,57,12,Sordland/Turn04/PSnW_EducationReform,Lucian Galade,en,「シアラ、言い方を改めなさい。」
0x0100000600047CDF,57,13,Sordland/Turn04/PSnW_EducationReform,Ciara Walda,en,「ルシアン、そんなことを男性に言うのですか？」
0x0100000600047CE7,57,14,Sordland/Turn04/PSnW_EducationReform,Ciara Walda,en,「あの生徒たちは毎日同じソル主義者の宣伝を繰り返さなければならない。心が自由であるべき成長期に、彼らは洗脳されているのだ。」
0x0100000600047CF6,57,15,Sordland/Turn04/PSnW_EducationReform,Ciara Walda,en,「その通りです。」
0x0100000600047CFE,57,16,Sordland/Turn04/PSnW_EducationReform,Ciara Walda,en,「あの生徒たちは毎日同じソル主義者の宣伝を繰り返さなければならない。心が自由であるべき成長期に、彼らは洗脳されているのだ。」
0x0100000600047D0D,57,17,Sordland/Turn04/PSnW_EducationReform,Ciara Walda,en,「その上、少女たちは少年たちと同等の機会を与えられていません。思春期に達する前から主婦としての役割を強いられているのです！」
0x0100000600047D15,57,18,Sordland/Turn04/PSnW_EducationReform,Ciara Walda,en,「その上、少女たちは少年たちと同じ機会を与えられていません。思春期に達する前から主婦としての役割を強いられているのです！私が学校に通っていた頃と何も変わっていないのです。」
0x0100000600047D1D,57,19,Sordland/Turn04/PSnW_EducationReform,Ciara Walda,en,「大統領。我々は変革をもたらす必要があります。これら若者たちの思考を解放しなければなりません。彼らこそが我々の未来です。」
0x0100000600047D26,57,20,Sordland/Turn04/PSnW_EducationReform,Player,en,「わかった。教育改革のためには何をすべきだろうか？」
0x0100000600047D26,57,20,Sordland/Turn04/PSnW_EducationReform,Player,Menu Text en,「わかった。教育改革のためには何をすべきだろうか？」
0x0100000600047D2D,57,21,Sordland/Turn04/PSnW_EducationReform,Player,en,「今のままで問題はない。なぜ変える必要があるのか？」
0x0100000600047D2D,57,21,Sordland/Turn04/PSnW_EducationReform,Player,Menu Text en,「今のままで問題はない。なぜ変える必要があるのか？」
0x0100000600047D36,57,22,Sordland/Turn04/PSnW_EducationReform,Ciara Walda,en,「私の言葉が大統領に伝わっていないようですね。」
0x0100000600047D3E,57,23,Sordland/Turn04/PSnW_EducationReform,Ciara Walda,en,「我々の子供たちの頭の中にソル主義者の宣伝を詰め込むこと、そしてディアナのような少女たちにこの国での彼女たちの唯一の価値は出産のための器に過ぎないと教えることを、本当に問題ないと思っているのですか？」
0x0100000600047D4D,57,24,Sordland/Turn04/PSnW_EducationReform,Ciara Walda,en,「アルトル・S・ウィスキの言葉はご存知ですね。私よりもよくご存知でしょう。」
0x0100000600047D54,57,25,Sordland/Turn04/PSnW_EducationReform,Ciara Walda,en,「あらゆる社会、あらゆる家庭において、教育こそが進歩の前提です。」
0x0100000600047D5D,57,26,Sordland/Turn04/PSnW_EducationReform,Ciara Walda,en,「我々は教育制度を改革する必要があります。さもなければ、ソードランドの将来は暗いものとなってしまいます。」
0x0100000600047D66,57,27,Sordland/Turn04/PSnW_EducationReform,Player,en,「子供たちの教育などよりも、我々が考えるべき重要な問題が他にあるのだ。」
0x0100000600047D66,57,27,Sordland/Turn04/PSnW_EducationReform,Player,Menu Text en,「子供たちの教育などよりも、我々が考えるべき重要な問題が他にあるのだ。」
0x0100000600047D6E,57,28,Sordland/Turn04/PSnW_EducationReform,Player,en,「我々はソルの道から逸脱することはない。」
0x0100000600047D6E,57,28,Sordland/Turn04/PSnW_EducationReform,Player,Menu Text en,「我々はソルの道から逸脱することはない。」
0x0100000600047D8F,57,32,Sordland/Turn04/PSnW_EducationReform,Ciara Walda,en,「信じられません。将来振り返ったとき、これは重大な過ちと見なされるでしょう。」
0x0100000600047D96,57,33,Sordland/Turn04/PSnW_EducationReform,Player,en,「ご指摘の通りだ。では、どのような計画をお持ちだろうか？」
0x0100000600047D96,57,33,Sordland/Turn04/PSnW_EducationReform,Player,Menu Text en,「ご指摘の通りだ。では、どのような計画をお持ちだろうか？」
0x0100000600047DA0,57,34,Sordland/Turn04/PSnW_EducationReform,Narrator,en,シアラは敗北感に打ちひしがれた。
0x0100000600047DA8,57,35,Sordland/Turn04/PSnW_EducationReform,Ciara Walda,en,「ご正論をおっしゃってくださり、私としても安心いたします。」
0x0100000600047DB0,57,36,Sordland/Turn04/PSnW_EducationReform,Ciara Walda,en,「これは若く優秀な人材たちを著しく蝕んでいるのです。彼らは自分で考える代わりに、物事をそのまま受け入れることを学んでしまっています。」
0x0100000600047DC8,57,37,Sordland/Turn04/PSnW_EducationReform,Ciara Walda,en,「男女が同じ教育を受けられるようにする必要もあります。編み物や裁縫といった手工芸は、性別に関係なく教えるか、あるいは全く教えない方が良いでしょう。」
0x0100000600047DCF,57,38,Sordland/Turn04/PSnW_EducationReform,Ciara Walda,en,「教育課程から政治を排除する必要があります。ソルは単なる歴史上の人物として扱われるべきで、子供たちが毎日彼の名前を繰り返し呼ぶようなことがあってはなりません。」
0x0100000600047DD9,57,39,Sordland/Turn04/PSnW_EducationReform,Ciara Walda,en,「ソードランドの若者たちは、これからの10年間にわたって高度な技術力と能力を身につけなければなりません。今日の学校に見られるような過度な愛国主義的洗脳や狭量な考え方では、それは不可能でしょう。」
0x0100000600047DE1,57,40,Sordland/Turn04/PSnW_EducationReform,Ciara Walda,en,「我々は、将来の課題に立ち向かえるような世代を育てるか、そうでないかのどちらかです。大統領、どちらになさいますか？」
0x0100000600047DE9,57,41,Sordland/Turn04/PSnW_EducationReform,Lucian Galade,en,「ソル大将を高く評価してはいるものの、彼の時代は過ぎ去りました。今こそ我々の時です。これがより大きな計画の第一歩となるかもしれないと考えています。」
0x0100000600047DFA,57,42,Sordland/Turn04/PSnW_EducationReform,Player,en,「ルシアン、あなたはどう思うか？」
0x0100000600047DFA,57,42,Sordland/Turn04/PSnW_EducationReform,Player,Menu Text en,「ルシアン、あなたはどう思うか？」
0x0100000600047E02,57,43,Sordland/Turn04/PSnW_EducationReform,Player,en,「伝統的な教育制度を維持し続けるのだ。」
0x0100000600047E02,57,43,Sordland/Turn04/PSnW_EducationReform,Player,Menu Text en,「伝統的な教育制度を維持し続けるのだ。」
0x0100000600047E09,57,44,Sordland/Turn04/PSnW_EducationReform,Player,en,「教育制度を改革しよう。」
0x0100000600047E09,57,44,Sordland/Turn04/PSnW_EducationReform,Player,Menu Text en,「教育制度を改革しよう。」
0x0100000600047E12,57,45,Sordland/Turn04/PSnW_EducationReform,Ciara Walda,en,「後悔することはありません。直ちに作業を始めます。」
0x0100000600047E1D,57,46,Sordland/Turn04/PSnW_EducationReform,Ciara Walda,en,「私は深く失望しています。特に昨日の学校視察の後ではなおさらです。あなたの中に何か変化が起きるだろうと思っていましたのに。」
0x0100000600047E2B,57,50,Sordland/Turn04/PSnW_EducationReform,Ciara Walda,en,「私の提案に反して教育予算が削減された以上、困難な戦いになるでしょう。ですが、全力を尽くします。」
0x0100000600047E5A,57,55,Sordland/Turn04/PSnW_EducationReform,Lucian Galade,en,「決定が下されましたので、次に進みましょう。」
0x0100000600047E64,57,56,Sordland/Turn04/PSnW_EducationReform,Ciara Walda,en,「予算が増額された後、該当省庁はその資金を効果的に活用するための計画を急いで策定し始めました。」
0x0100000600047E75,57,63,Sordland/Turn04/PSnW_EducationReform,Ciara Walda,en,「予算に変更がないため、教育省は自分たちだけで対応せざるを得ませんでした。我々は厳しい選択を迫られましたが、依然として追加の資金が不足しています。」
0x0100000600047E7C,57,64,Sordland/Turn04/PSnW_EducationReform,Ciara Walda,en,「では、ご決断はいかがですか？」
0x0100000600047E88,57,68,Sordland/Turn04/PSnW_EducationReform,Ciara Walda,en,「しかし、前に進むにあたり、教育を完全に国が資金提供し続けるか、新たな私立学校の設立を認めるかという問題は依然として未解決のままです。」
0x0100000600047E8F,57,69,Sordland/Turn04/PSnW_EducationReform,Player,en,「教育は引き続き国家の責任として行われるべきだ。これこそが最も理想的な状況だろう。」
0x0100000600047E8F,57,69,Sordland/Turn04/PSnW_EducationReform,Player,Menu Text en,「教育は引き続き国家の責任として行われるべきだ。これこそが最も理想的な状況だろう。」
0x0100000600047E96,57,70,Sordland/Turn04/PSnW_EducationReform,Player,en,「民営化には負の副作用が生じる可能性がある。」
0x0100000600047E96,57,70,Sordland/Turn04/PSnW_EducationReform,Player,Menu Text en,「民営化には負の副作用が生じる可能性がある。」
0x0100000600047EA2,57,74,Sordland/Turn04/PSnW_EducationReform,Ciara Walda,en,「私を信じてください。その点はよく理解しています。質の高い教育の費用が上昇する可能性はありますが、現状ではどうやっても避けられないことです。」
0x0100000600047EA9,57,75,Sordland/Turn04/PSnW_EducationReform,Player,en,「私立学校を認めることの利点について話してくれ。」
0x0100000600047EA9,57,75,Sordland/Turn04/PSnW_EducationReform,Player,Menu Text en,「私立学校を認めることの利点について話してくれ。」
0x0100000600047EB0,57,76,Sordland/Turn04/PSnW_EducationReform,Narrator,en,シアラは続ける前に書類をざっと目を通した。
0x0100000600047EB7,57,77,Sordland/Turn04/PSnW_EducationReform,Ciara Walda,en,「これにより、少なくとも重要な教育サービスが影響を受けないよう、民営化を認めることを検討するようになりました。」
0x0100000600047EBE,57,78,Sordland/Turn04/PSnW_EducationReform,Ciara Walda,en,「ですから、教育の民営化によって十分な資金が確保でき、投資を行えるかどうかを調査しているのです。」
0x0100000600047EC5,57,79,Sordland/Turn04/PSnW_EducationReform,Ciara Walda,en,「予算の削減が我々にこの問題を検討させる要因になっていないと言うのは嘘です。民営化は好ましくありませんが、それでも資金は必要なのです。」
0x0100000600047ECC,57,80,Sordland/Turn04/PSnW_EducationReform,Ciara Walda,en,「追加の資金がなくても対応できます。私がそれを検討したいと思った唯一の理由は、教育改善のためにより多くの資金を確保するためです。」
0x0100000600047ED3,57,81,Sordland/Turn04/PSnW_EducationReform,Ciara Walda,en,「ソードランドの教育を向上させるための十分な資金があります。民営化といった手段で事態をさらに複雑にする必要はありません。」
0x0100000600047EDA,57,82,Sordland/Turn04/PSnW_EducationReform,Ciara Walda,en,「私の考えは明確です。反対です。しかし、それによって競争が促進される一方で、教育のための追加資金も得られるでしょう。」
0x0100000600047EE6,57,83,Sordland/Turn04/PSnW_EducationReform,Ciara Walda,en,「私も同感です。教育の運営は完全に政府が責任を持つべきです。」
0x0100000600047EED,57,84,Sordland/Turn04/PSnW_EducationReform,Lucian Galade,en,「国家による教育制度は、市場経済を推進するという我々の全体的な経済戦略に反しています。」
0x0100000600047EF9,57,88,Sordland/Turn04/PSnW_EducationReform,Narrator,en,数分間の審議が続いた。
0x0100000600047F0A,57,92,Sordland/Turn04/PSnW_EducationReform,Ciara Walda,en,「利点はそれほど多くありません。ですが、我々に緊急に必要な資金をもたらし、学校間の競争を促進するでしょう。」
0x0100000600047F11,57,93,Sordland/Turn04/PSnW_EducationReform,Player,en,「民営化にはどのような利点があるのだろうか？」
0x0100000600047F11,57,93,Sordland/Turn04/PSnW_EducationReform,Player,Menu Text en,「民営化にはどのような利点があるのだろうか？」
0x0100000600047F18,57,94,Sordland/Turn04/PSnW_EducationReform,Lucian Galade,en,「我々の計画経済という全体的な経済戦略において、民間教育は両立しません。」
0x0100000600047F24,57,95,Sordland/Turn04/PSnW_EducationReform,Lucian Galade,en,「それは、計画経済という我々の全体的な経済戦略に反することになります。」
0x0100000600047F30,57,96,Sordland/Turn04/PSnW_EducationReform,Ciara Walda,en,「教育予算の削減により、我々の行動は完全に制限されてしまいました。現在、予算危機への対応という状況にあります。」
0x0100000600047F37,57,97,Sordland/Turn04/PSnW_EducationReform,Lucian Galade,en,「それは市場経済を推進するという我々の全体的な経済戦略を支えることになります。」
0x0100000600047F6B,57,98,Sordland/Turn04/PSnW_EducationReform,Narrator,en,彼女は深いため息をついた。
0x0100000600047F73,57,99,Sordland/Turn04/PSnW_EducationReform,Ciara Walda,en,「わかりました。」
0x0100000600047F7D,57,100,Sordland/Turn04/PSnW_EducationReform,Player,en,「より多くの資金を確保するために民営化を推進しよう。そうすれば競争が活発になり、質も向上するはずだ。」
0x0100000600047F7D,57,100,Sordland/Turn04/PSnW_EducationReform,Player,Menu Text en,「より多くの資金を確保するために民営化を推進しよう。そうすれば競争が活発になり、質も向上するはずだ。」 ［政府予算+2］
0x0100000600047F8D,57,103,Sordland/Turn04/PSnW_EducationReform,Lucian Galade,en,「今日はとても実り多い一日でした。私はホルソードに戻ります。」
0x0100000600047FA0,57,107,Sordland/Turn04/PSnW_EducationReform,Player,en,「皆様、お時間をいただきありがとう。」
0x0100000600047FA0,57,107,Sordland/Turn04/PSnW_EducationReform,Player,Menu Text en,「お時間をいただき、ありがとう。」
0x0100000600047FA7,57,108,Sordland/Turn04/PSnW_EducationReform,Ciara Walda,en,「承知いたしました。とりあえずはこれで十分でしょう。すぐに作業を始め、後ほど報告いたします。」
0x0100000600047FBB,57,113,Sordland/Turn04/PSnW_EducationReform,Player,en,「教育は純粋に国家の管轄事項とすべきだ。我々は民間勢力の干渉を防がなければならない。」
0x0100000600047FBB,57,113,Sordland/Turn04/PSnW_EducationReform,Player,Menu Text en,「教育は純粋に国家の管轄事項とすべきだ。我々は民間勢力の干渉を防がなければならない。」
0x0100000600047FC3,57,114,Sordland/Turn04/PSnW_EducationReform,Narrator,en,我々一同でほぼ一日を過ごした後、それぞれ別々の道へと向かった。私は少しの間だけレイレンの新鮮な夕暮れの空気を吸い込んだ。
0x0100000600047FCA,57,115,Sordland/Turn04/PSnW_EducationReform,Player,en,「良い一日を過ごしてくれ。また、安全に帰ってくれ。」
0x0100000600047FCA,57,115,Sordland/Turn04/PSnW_EducationReform,Player,Menu Text en,「今日も良い一日をお過ごしください。」
0x0100000600047FD1,57,116,Sordland/Turn04/PSnW_EducationReform,Player,en,「後ほど、お二人にも会おう。」
0x0100000600047FD1,57,116,Sordland/Turn04/PSnW_EducationReform,Player,Menu Text en,「また後で会おう。」
0x0100000600047FD8,57,117,Sordland/Turn04/PSnW_EducationReform,Ciara Walda,en,「よろしいです。とりあえずこれで十分でしょう。すぐに作業を始め、後ほど報告します。」
0x0100000600047FDF,57,118,Sordland/Turn04/PSnW_EducationReform,Narrator,en,私はここにいると何故か落ち着きを感じていた。しかし、やがて再びホルソードの混沌とした状況へ戻らなければならなかった。
0x0100000E00002AE4,57,208,Sordland/Turn04/PSnW_EducationReform,Narrator,en,シアラは激怒している様子だった。彼女はゆっくりと首を振った。
0x0100000E00002AEC,57,209,Sordland/Turn04/PSnW_EducationReform,Ciara Walda,en,「私のような者やニア、リリアス、グロリア、そしてあなたの妻でさえもその状況から逃れることができたのは、我々の家族が幸運にもコネクションを持っており、公立学校制度以外で我々を教育してくれたからです。それがあなたが娘に与えたい国の姿なのですか？」
0x0100000E00002AF4,57,210,Sordland/Turn04/PSnW_EducationReform,Ciara Walda,en,「私のような女性やリリアス、ニア、それにあなたの妻でさえも、あなたやルシアンが当たり前のように受けられた同じ大学教育を得るためには二倍の努力をしなければなりませんでした。それがあなたが娘に育ってほしいと思う国の姿ですか？」
0x010000C600000767,57,271,Sordland/Turn04/PSnW_EducationReform,Player,en,「より多くの資金を確保するために民営化を推進しよう。そうすれば競争が活発になり、質も向上するはずだ。」
0x010000C600000767,57,271,Sordland/Turn04/PSnW_EducationReform,Player,Menu Text en,「より多くの資金を確保するために民営化を推進しよう。そうすれば競争が活発になり、質も向上するはずだ。」 ［政府予算+1］
0x0100000000098AAF,58,3,Sordland/Turn04/A_ConvinceGloria,Narrator,en,私は宮殿から車でわずか5分ほどの場所にある大国民議会に到着した。
0x0100000000098AB4,58,4,Sordland/Turn04/A_ConvinceGloria,Gloria Tory,en,「こちらでお会いできて光栄です、レイン大統領。」
0x0100000000098AC5,58,5,Sordland/Turn04/A_ConvinceGloria,Narrator,en,今日、私はUSPの指導者の一人であるグロリア・トーリーと個人的に会い、この提案を承認してもらうよう頼んだ。彼女は党の保守派および穏健派に大きな影響力を持っていたため、新しい憲法案を提出するための150人分の署名を集める上でも重要な役割を果たした。
0x0100000000098ACC,58,6,Sordland/Turn04/A_ConvinceGloria,Narrator,en,大国民議会の廊下を歩いていると、この歴史的な建物にまつわる思い出が浮かんできた。つい最近まで議会のメンバーだったにもかかわらず、今ではすっかり遠い過去のように感じられた。
0x0100000000098AD3,58,7,Sordland/Turn04/A_ConvinceGloria,Narrator,en,私は当時USPの拠点として使われていた大国民議会の左翼エリアに足を運んだ。中でも最初にあったのがグロリアの執務室だった。
0x0100000000098ADA,58,8,Sordland/Turn04/A_ConvinceGloria,Narrator,en,私はドアをノックして中に入った。
0x0100000000098B11,58,9,Sordland/Turn04/A_ConvinceGloria,Narrator,en,そこは小さくて整然と整理されたオフィスだった。部屋の中には小さな置物や写真、植物が置かれており、私が以前勤務していた大国民議会のオフィスとは違って居心地の良い雰囲気が漂っていた。
0x0100000000098B18,58,10,Sordland/Turn04/A_ConvinceGloria,Narrator,en,彼女の合図で、私は席に着いた。その椅子はとても不快だった。
0x0100000000098CF4,58,11,Sordland/Turn04/A_ConvinceGloria,Player,en,「トーリー夫人、お元気か？」
0x0100000000098CF4,58,11,Sordland/Turn04/A_ConvinceGloria,Player,Menu Text en,「トーリー夫人、お元気か？」
0x0100000000098CFB,58,12,Sordland/Turn04/A_ConvinceGloria,Gloria Tory,en,「我々二人とも、なぜここにいるのかを理解しています。あなたは私に支持を与えてほしいのですね。」
0x0100000000098D01,58,13,Sordland/Turn04/A_ConvinceGloria,Player,en,「私は、あなたがオフィスに施したことが気に入っている。」
0x0100000000098D01,58,13,Sordland/Turn04/A_ConvinceGloria,Player,Menu Text en,「私は、あなたがオフィスに施したことが気に入っている。」
0x0100000000098D08,58,14,Sordland/Turn04/A_ConvinceGloria,Narrator,en,彼女は微笑んだ。
0x0100000000098D14,58,15,Sordland/Turn04/A_ConvinceGloria,Gloria Tory,en,「私は元気です、レイン大統領。あなたはいかがですか？」
0x0100000000098D21,58,16,Sordland/Turn04/A_ConvinceGloria,Gloria Tory,en,「『女性の手つき」と呼ばれるものですね。まるで男性には清潔感やスタイルを持つことができないかのようだ。」
0x0100000000098D27,58,17,Sordland/Turn04/A_ConvinceGloria,Gloria Tory,en,「とにかく、簡単に済ませましょう、大統領。」
0x0100000000098D2D,58,18,Sordland/Turn04/A_ConvinceGloria,Gloria Tory,en,「……実際、それも間違っていないかもしれませんね。」
0x0100000000098D6E,58,19,Sordland/Turn04/A_ConvinceGloria,Player,en,「私も元気だ、ありがとう。」
0x0100000000098D6E,58,19,Sordland/Turn04/A_ConvinceGloria,Player,Menu Text en,「私も元気だ、ありがとう。」
0x0100000000098D76,58,20,Sordland/Turn04/A_ConvinceGloria,Player,en,「トーリー夫人、お会いできて大変嬉しい。久しぶりだね。」
0x0100000000098D76,58,20,Sordland/Turn04/A_ConvinceGloria,Player,Menu Text en,「トーリー夫人、お会いできて大変嬉しい。久しぶりだね。」
0x0100000000098D7E,58,21,Sordland/Turn04/A_ConvinceGloria,Player,en,「私にできる限りの良い状態だ。」
0x0100000000098D7E,58,21,Sordland/Turn04/A_ConvinceGloria,Player,Menu Text en,「私にできる限りの良い状態だ。」
0x0100000000098D86,58,22,Sordland/Turn04/A_ConvinceGloria,Gloria Tory,en,「確かに、大統領。」
0x0100000000098D8D,58,23,Sordland/Turn04/A_ConvinceGloria,Gloria Tory,en,「それこそが、我々全員が目指していることです。」
0x0100000000098DA3,58,24,Sordland/Turn04/A_ConvinceGloria,Player,en,「あなたが思うほど良くはない。」
0x0100000000098DA3,58,24,Sordland/Turn04/A_ConvinceGloria,Player,Menu Text en,「あなたが思うほど良くはない。」
0x0100000000098DAA,58,25,Sordland/Turn04/A_ConvinceGloria,Player,en,「それの方が良いのだ、他に何と言えようか？」
0x0100000000098DAA,58,25,Sordland/Turn04/A_ConvinceGloria,Player,Menu Text en,「それの方が良いのだ、他に何と言えようか？」
0x0100000000098DB3,58,26,Sordland/Turn04/A_ConvinceGloria,Player,en,「その議長席自体は悪くないが、それに伴う業務の量は信じられないほど多いのだ。」
0x0100000000098DB3,58,26,Sordland/Turn04/A_ConvinceGloria,Player,Menu Text en,「その議長席自体は悪くないが、それに伴う業務の量は信じられないほど多いのだ。」
0x0100000000098DBB,58,27,Sordland/Turn04/A_ConvinceGloria,Gloria Tory,en,「ええ、そのことはご存知だったのですね？」
0x0100000000098DC3,58,28,Sordland/Turn04/A_ConvinceGloria,Gloria Tory,en,「我々のように腰痛を引き起こすことはないでしょう。」
0x0100000000098DCC,58,29,Sordland/Turn04/A_ConvinceGloria,Gloria Tory,en,「USPの中核メンバーが、あなたの性急な改革を支持する理由が私にはわかりません。それらがこの党および国家の創設者の意志に正反対であることに気づいていないのですか？」
0x0100000000098F4B,58,30,Sordland/Turn04/A_ConvinceGloria,Player,en,「これらの改革は誰に対しても反するものではない。すべては民主主義の名のためだ。」
0x0100000000098F4B,58,30,Sordland/Turn04/A_ConvinceGloria,Player,Menu Text en,「これらの改革は誰に対しても反するものではない。すべては民主主義の名のためだ。」
0x0100000000098F52,58,31,Sordland/Turn04/A_ConvinceGloria,Player,en,「トーリー夫人、こちらはあなたのご協力が必要だ。」
0x0100000000098F52,58,31,Sordland/Turn04/A_ConvinceGloria,Player,Menu Text en,「トーリー夫人、こちらはあなたのご協力が必要だ。」
0x0100000000098F59,58,32,Sordland/Turn04/A_ConvinceGloria,Player,en,「私の改革はソードランドの将来にとって極めて重要なものだ、トーリー夫人。」
0x0100000000098F59,58,32,Sordland/Turn04/A_ConvinceGloria,Player,Menu Text en,「私の改革はソードランドの将来にとって極めて重要なものだ、トーリー夫人。」
0x0100000000098F63,58,33,Sordland/Turn04/A_ConvinceGloria,Gloria Tory,en,「民主主義の名のもとにですか？」
0x0100000000098F6A,58,34,Sordland/Turn04/A_ConvinceGloria,Gloria Tory,en,「USPが崩壊することを望んでいるのですね、レイン大統領？」
0x0100000000098F71,58,35,Sordland/Turn04/A_ConvinceGloria,Gloria Tory,en,「たとえすべてをソル大佐のおかげで得たとしても、あなたは彼や彼が築いた党を決して好きになれなかったのではないですか。」
0x0100000000098F78,58,36,Sordland/Turn04/A_ConvinceGloria,Gloria Tory,en,「我々の党がこれほどまでに努力して築き上げてきたものを破壊するのを手伝えというのですか？」
0x0100000000098F80,58,37,Sordland/Turn04/A_ConvinceGloria,Gloria Tory,en,「我々の党がこれまで多大な努力を注いで築き上げてきたものを破壊するにあたり、それらは確かに極めて重要な要素です。」
0x0100000000098F88,58,38,Sordland/Turn04/A_ConvinceGloria,Player,en,「これは個人的な問題ではない、トーリー夫人。」
0x0100000000098F88,58,38,Sordland/Turn04/A_ConvinceGloria,Player,Menu Text en,「これは個人的な問題ではない、トーリー夫人。」
0x0100000000098F8F,58,39,Sordland/Turn04/A_ConvinceGloria,Player,en,「私は決して我々の党を裏切ることはない。」
0x0100000000098F8F,58,39,Sordland/Turn04/A_ConvinceGloria,Player,Menu Text en,「私は決して我々の党を裏切ることはない。」
0x0100000000098F98,58,40,Sordland/Turn04/A_ConvinceGloria,Player,en,「どうして私がソルのことを好きではないなどと言えるのだ？私は誇り高きソル主義者だ。」
0x0100000000098F98,58,40,Sordland/Turn04/A_ConvinceGloria,Player,Menu Text en,「どうして私がソルのことを好きではないなどと言えるのだ？私は誇り高きソル主義者だ。」
0x0100000000098FA0,58,41,Sordland/Turn04/A_ConvinceGloria,Gloria Tory,en,「レイン大統領、そうおっしゃいますが、ソル主義者たちはすでにあなたが誰と手を組んでいるかを知っています。」
0x0100000000098FC3,58,42,Sordland/Turn04/A_ConvinceGloria,Gloria Tory,en,「どのようなことをしようとも、かなりの反対に直面するでしょう。」
0x0100000000098FD1,58,43,Sordland/Turn04/A_ConvinceGloria,Gloria Tory,en,「それ以上、申し上げることはありません。」
0x0100000000099008,58,44,Sordland/Turn04/A_ConvinceGloria,Player,en,「我々ならきっと合意に達することができる。」
0x0100000000099008,58,44,Sordland/Turn04/A_ConvinceGloria,Player,Menu Text en,「我々ならきっと合意に達することができる。」
0x0100000000099016,58,48,Sordland/Turn04/A_ConvinceGloria,Player,en,「適切な場所に投資を行えば、この件についてあなた方の考えを変えられるかもしれないね？」
0x0100000000099016,58,48,Sordland/Turn04/A_ConvinceGloria,Player,Menu Text en,「もしかすると、適切な投資を行えば、この件について皆さんの考えを変えることができるかもしれないね？」
0x010000000009901E,58,49,Sordland/Turn04/A_ConvinceGloria,Player,en,「これらの改革は必要不可欠なものだとご理解いただきたい。説明させてくれ。」
0x010000000009901E,58,49,Sordland/Turn04/A_ConvinceGloria,Player,Menu Text en,「これらの改革は必要不可欠なものだとご理解いただきたい。説明させてくれ。」
0x0100000000099026,58,50,Sordland/Turn04/A_ConvinceGloria,Gloria Tory,en,「どのようにしてですか？」
0x010000000009902D,58,51,Sordland/Turn04/A_ConvinceGloria,Player,en,「最高裁判所の権限が制限されていないことによる問題を解決するために、これらの改革が必要だ。」
0x010000000009902D,58,51,Sordland/Turn04/A_ConvinceGloria,Player,Menu Text en,「最高裁判所の権限が制限されていないことによる問題を解決するために、これらの改革が必要だ。」
0x0100000000099035,58,52,Sordland/Turn04/A_ConvinceGloria,Player,en,「ソードランドの民は変革を求めている。USPは彼らが望むものを与えなければならない。我々には国民の支持が必要だ。」
0x0100000000099035,58,52,Sordland/Turn04/A_ConvinceGloria,Player,Menu Text en,「ソードランドの民は変革を求めている。USPは彼らが望むものを与えなければならない。我々には国民の支持が必要だ。」
0x010000000009903D,58,53,Sordland/Turn04/A_ConvinceGloria,Player,en,「USPは時代の変化に適応する方法を知っている政党だ。我々は国を未来へと導かなければならない。」
0x010000000009903D,58,53,Sordland/Turn04/A_ConvinceGloria,Player,Menu Text en,「USPは時代の変化に適応する方法を知っている政党だ。我々は国を未来へと導かなければならない。」
0x0100000000099045,58,54,Sordland/Turn04/A_ConvinceGloria,Gloria Tory,en,「最高裁判所は既に、ソルの価値観を守るために全力を尽くしているのです。」
0x010000000009904B,58,55,Sordland/Turn04/A_ConvinceGloria,Gloria Tory,en,「大統領、私を買収できるとお考えですか？」
0x0100000000099052,58,56,Sordland/Turn04/A_ConvinceGloria,Gloria Tory,en,「私の安全のためにも、誰にもその話を聞かれていないことを願います。ここの壁はあなたの宮殿ほど厚くありませんから。」
0x010000000009905B,58,57,Sordland/Turn04/A_ConvinceGloria,Gloria Tory,en,「それについては、あまり確信が持てません。」
0x0100000000099070,58,61,Sordland/Turn04/A_ConvinceGloria,Gloria Tory,en,「特に、選挙の門戸を下げようとしている今、なおさらです。」
0x0100000000099077,58,62,Sordland/Turn04/A_ConvinceGloria,Gloria Tory,en,「これによって共産主義者たちが大国民議会に入ることになるのは明らかでしょう。おそらくあなたは彼らか、あるいは……もしかするとPFJPと何らかの取引をしているのでしょう。フレンズもあなたへの支援に前向きだったようですね。」
0x0100000000099085,58,66,Sordland/Turn04/A_ConvinceGloria,Gloria Tory,en,「特に、名誉議員制度の法改正を試みているという事実を考えれば、これは明らかにソル大統領に対抗する動きです。」
0x010000000009909A,58,67,Sordland/Turn04/A_ConvinceGloria,Player,en,「私は誰とも取引などしていない。」
0x010000000009909A,58,67,Sordland/Turn04/A_ConvinceGloria,Player,Menu Text en,「私は誰とも取引などしていない。」
0x01000000000990A2,58,68,Sordland/Turn04/A_ConvinceGloria,Player,en,「考えもせずに他人を非難しているのだね。」
0x01000000000990A2,58,68,Sordland/Turn04/A_ConvinceGloria,Player,Menu Text en,「考えもせずに他人を非難しているのだね。」
0x01000000000990AA,58,69,Sordland/Turn04/A_ConvinceGloria,Player,en,「この削減は、我が国の選挙を民主化する上で重要な意味を持っている。」
0x01000000000990AA,58,69,Sordland/Turn04/A_ConvinceGloria,Player,Menu Text en,「この削減は、我が国の選挙を民主化する上で重要な意味を持っている。」
0x01000000000990B2,58,70,Sordland/Turn04/A_ConvinceGloria,Player,en,「閾値を引き下げることについては、再考することができる。」
0x01000000000990B2,58,70,Sordland/Turn04/A_ConvinceGloria,Player,Menu Text en,「閾値を引き下げることについては、再考することができる。」
0x01000000000990BA,58,71,Sordland/Turn04/A_ConvinceGloria,Gloria Tory,en,「USPの内部であなたの行動がどうやって正当化されるのか、私には理解できません。」
0x01000000000990C4,58,72,Sordland/Turn04/A_ConvinceGloria,Gloria Tory,en,「リクター氏との間で生じている問題以外には、こちらに問題はありません。」
0x01000000000990CB,58,73,Sordland/Turn04/A_ConvinceGloria,Gloria Tory,en,「我々の人気が低下していることは承知しております。」
0x01000000000990D2,58,74,Sordland/Turn04/A_ConvinceGloria,Gloria Tory,en,「しかし、これは今の政権の責任だと思います、大統領。それに、こうした改革は国民のためのものではないでしょう？」
0x01000000000990D9,58,75,Sordland/Turn04/A_ConvinceGloria,Gloria Tory,en,「それは党が決定すべきことであり、あなたではありません。」
0x01000000000990E0,58,76,Sordland/Turn04/A_ConvinceGloria,Gloria Tory,en,「保守派の連中が果たしてあなたを支持してくれるかどうか、私には全く見当もつきません。」
0x01000000000990EA,58,77,Sordland/Turn04/A_ConvinceGloria,Gloria Tory,en,「おや、再考してくださるというのですか？」
0x01000000000990FE,58,78,Sordland/Turn04/A_ConvinceGloria,Player,en,「ああ、閾値の変更は撤回する。」
0x01000000000990FE,58,78,Sordland/Turn04/A_ConvinceGloria,Player,Menu Text en,「ああ、閾値の変更を撤回する。」 ［改革案を変える］
0x0100000000099106,58,79,Sordland/Turn04/A_ConvinceGloria,Player,en,「それであなた方の支持を得られるというのか？」
0x0100000000099106,58,79,Sordland/Turn04/A_ConvinceGloria,Player,Menu Text en,「それであなた方の支持を得られるというのか？」
0x010000000009910E,58,80,Sordland/Turn04/A_ConvinceGloria,Gloria Tory,en,「レイン大統領、あなた様からのご決意をお聞きするまでは、何とお答えすればよいか分かりません。」
0x010000000009911D,58,81,Sordland/Turn04/A_ConvinceGloria,Player,en,「私も同じだ。」
0x010000000009911D,58,81,Sordland/Turn04/A_ConvinceGloria,Player,Menu Text en,「私も同じだ。」
0x0100000000099125,58,82,Sordland/Turn04/A_ConvinceGloria,Player,en,「まず、皆さんのご支援を得られるかどうかを知りたいのだ。」
0x0100000000099125,58,82,Sordland/Turn04/A_ConvinceGloria,Player,Menu Text en,「まず、皆さんのご支援を得られるかどうかを知りたいのだ。」
0x010000000009912D,58,83,Sordland/Turn04/A_ConvinceGloria,Gloria Tory,en,「あなた方の具体的な行動を見るまでは、何か約束できるかどうか分かりません。特に党にこれだけ多くの問題を引き起こしている状況では。」
0x01000000000991A5,58,84,Sordland/Turn04/A_ConvinceGloria,Gloria Tory,en,「それは正しい方向への一歩です。」
0x01000000000991AC,58,85,Sordland/Turn04/A_ConvinceGloria,Gloria Tory,en,「きっと彼のことではありません。他の栄誉議員の誰かのことでしょう。」
0x0100000000099E54,58,86,Sordland/Turn04/A_ConvinceGloria,Player,en,「わかった。閾値の変更部分は削除する。」
0x0100000000099E54,58,86,Sordland/Turn04/A_ConvinceGloria,Player,Menu Text en,「わかった。閾値の変更は撤回する。」［改革案を変える］
0x0100000300026597,58,93,Sordland/Turn04/A_ConvinceGloria,Gloria Tory,en,「基準値を3％に下げるのは受け入れられません。そうなればすべての小政党が大国民議会に入り、我々の過半数地位が低下してしまいます。」
0x010000030002659E,58,94,Sordland/Turn04/A_ConvinceGloria,Gloria Tory,en,「私は8％という選挙のハードルを支持しません。そうなればWPBもCPSもより大きな力を持つことになり、我々にとって危険な状況が生じます。」
0x01000003000265AB,58,95,Sordland/Turn04/A_ConvinceGloria,Gloria Tory,en,「私の党を破壊することは許しません。この条件を完全に撤回しない限り、議論すら成立しません。」
0x01000003000265B2,58,96,Sordland/Turn04/A_ConvinceGloria,Gloria Tory,en,「その選挙のハードルはそのままにしておいた方が良いと思います。」
0x01000003000265BD,58,97,Sordland/Turn04/A_ConvinceGloria,Player,en,「それはあなたが決めることではない、トーリー。私が提案した基準値は変わらない。」
0x01000003000265BD,58,97,Sordland/Turn04/A_ConvinceGloria,Player,Menu Text en,「それはあなたが決めることではない、トーリー。私が提案した基準値は変わらない。」
0x01000003000265CE,58,101,Sordland/Turn04/A_ConvinceGloria,Gloria Tory,en,「私が約束できるのは、その条項を削除しない限り保守派が間違いなく大統領に反対するということだけです。」
0x01000003000265D5,58,102,Sordland/Turn04/A_ConvinceGloria,Player,en,「わかった。閾値の変更は撤回する。」
0x01000003000265D5,58,102,Sordland/Turn04/A_ConvinceGloria,Player,Menu Text en,「わかった、閾値の変更は撤回しよう。」［改革案を変える］
0x01000003000265DE,58,103,Sordland/Turn04/A_ConvinceGloria,Player,en,「その点については約束することができない。」
0x01000003000265DE,58,103,Sordland/Turn04/A_ConvinceGloria,Player,Menu Text en,「その点については約束することができない。」
0x0100000300026601,58,110,Sordland/Turn04/A_ConvinceGloria,Gloria Tory,en,「それは残念ですね。それでもなお我々の支援を望むとは…」
0x0100000300026632,58,114,Sordland/Turn04/A_ConvinceGloria,Gloria Tory,en,「我々二人とも、あなたがここにいる理由を知っています。あなたには私の支援が必要なのです。」
0x0100000300026640,58,118,Sordland/Turn04/A_ConvinceGloria,Gloria Tory,en,「我々二人とも、あなたがここにいる理由を知っています。あなたは私に支持を求めているのですね。」
0x0100000300026647,58,119,Sordland/Turn04/A_ConvinceGloria,Gloria Tory,en,「なぜこの党の中核が、あなたの性急な改革を支持しなければならないのか、私には理解できません。」
0x0100000300026654,58,120,Sordland/Turn04/A_ConvinceGloria,Player,en,「これらの改革はソードランドの将来にとって極めて重要なものだ、トーリー夫人。」
0x0100000300026654,58,120,Sordland/Turn04/A_ConvinceGloria,Player,Menu Text en,「これらの改革はソードランドの将来にとって極めて重要なものだ、トーリー夫人。」
0x010000030002665B,58,121,Sordland/Turn04/A_ConvinceGloria,Player,en,「トーリー夫人、こちらはあなたのご協力が必要だ。」
0x010000030002665B,58,121,Sordland/Turn04/A_ConvinceGloria,Player,Menu Text en,「トーリー夫人、こちらはあなたのご協力が必要だ。」
0x0100000300026662,58,122,Sordland/Turn04/A_ConvinceGloria,Player,en,「我々の民主主義のためには、こうした改革が必要だ。」
0x0100000300026662,58,122,Sordland/Turn04/A_ConvinceGloria,Player,Menu Text en,「我々の民主主義のためには、こうした改革が必要だ。」
0x0100000300026673,58,126,Sordland/Turn04/A_ConvinceGloria,Gloria Tory,en,「民主主義ですか？」
0x010000030002667D,58,127,Sordland/Turn04/A_ConvinceGloria,Gloria Tory,en,「私に何かお力になれるかどうか、わかりません。」
0x0100000300026684,58,128,Sordland/Turn04/A_ConvinceGloria,Gloria Tory,en,「私はそれには賛成しかねます。」
0x010000030002668B,58,129,Sordland/Turn04/A_ConvinceGloria,Gloria Tory,en,「あなたが行っていることは、最高裁判所に対する妨害行為のように思えます。」
0x0100000300026698,58,130,Sordland/Turn04/A_ConvinceGloria,Gloria Tory,en,「私も同じように思います。」
0x010000030002669E,58,131,Sordland/Turn04/A_ConvinceGloria,Gloria Tory,en,「その提案には問題点があります。」
0x01000003000266B2,58,135,Sordland/Turn04/A_ConvinceGloria,Gloria Tory,en,「やってみましょう。」
0x01000003000266C2,58,139,Sordland/Turn04/A_ConvinceGloria,Gloria Tory,en,「現在の形のこの提案は私としては支持できません。ですが、話し合う気があるようですので、話をしましょう。」
0x01000003000266CF,58,143,Sordland/Turn04/A_ConvinceGloria,Gloria Tory,en,「……ですが、名誉議員に関する法律の改正は大きな障害となっています。タルキン・ソル大佐への脅威を決して容認するわけにはいきません。」
0x01000003000266D5,58,144,Sordland/Turn04/A_ConvinceGloria,Player,en,「残念だ。我々が協力できることを願っていた。」
0x01000003000266D5,58,144,Sordland/Turn04/A_ConvinceGloria,Player,Menu Text en,「残念だ。我々が協力できることを願っていた。」
0x01000003000266DC,58,145,Sordland/Turn04/A_ConvinceGloria,Gloria Tory,en,「彼が過去に取り組んだ攻撃的な政策のために罰を与えたいと？それがここの目的ですか？大統領、あなたにはこの戦いに勝つことはできません。ソルは血と混乱の中からこの共和国を築き上げました。彼は敬意を要求するのです。」
0x01000003000266E2,58,146,Sordland/Turn04/A_ConvinceGloria,Player,en,「私はソル大佐を裁判にかけるつもりはない。」
0x01000003000266E2,58,146,Sordland/Turn04/A_ConvinceGloria,Player,Menu Text en,「私はソル大佐を裁判にかけるつもりはない。」
0x01000003000266E9,58,147,Sordland/Turn04/A_ConvinceGloria,Player,en,「これはソルの問題ではない。」
0x01000003000266E9,58,147,Sordland/Turn04/A_ConvinceGloria,Player,Menu Text en,「これはソルの問題ではない。」
0x01000003000266FD,58,148,Sordland/Turn04/A_ConvinceGloria,Gloria Tory,en,「少なくとも名誉議員に関する法律の変更は撤回すべきです。そうでなければ、これ以上話し合いは進みません。」
0x010000030002670C,58,152,Sordland/Turn04/A_ConvinceGloria,Gloria Tory,en,「我々の創設者を標的にしても、決して支持は得られません。この点が撤回されなければ、強力な反対勢力が現れるでしょう。」
0x0100000300026713,58,153,Sordland/Turn04/A_ConvinceGloria,Player,en,「トーリー夫人、なぜこれら全てに反対なのか？我々が協力し合えると思っていたが。」
0x0100000300026713,58,153,Sordland/Turn04/A_ConvinceGloria,Player,Menu Text en,「トーリー夫人、なぜこれら全てに反対なのか？我々が協力し合えると思っていたが。」
0x010000030002671A,58,154,Sordland/Turn04/A_ConvinceGloria,Player,en,「これは彼の問題ではない。」
0x010000030002671A,58,154,Sordland/Turn04/A_ConvinceGloria,Player,Menu Text en,「これは彼の問題ではない。」
0x0100000300026721,58,155,Sordland/Turn04/A_ConvinceGloria,Player,en,「わかった。名誉議員法の改正案からその部分を削除しよう。」
0x0100000300026721,58,155,Sordland/Turn04/A_ConvinceGloria,Player,Menu Text en,「わかった。提案から名誉議員法の改正案を削除しよう。」［改革案を変える］
0x0100000300026734,58,156,Sordland/Turn04/A_ConvinceGloria,Gloria Tory,en,「大統領、私はできる限り皆様と協力しようと努めております。しかし、あなた様はご自身の党員の意見さえ聞かないのです。」
0x010000030002673B,58,157,Sordland/Turn04/A_ConvinceGloria,Gloria Tory,en,「では、提案からその条項を削除するつもりはないのですか？」
0x0100000300026743,58,158,Sordland/Turn04/A_ConvinceGloria,Player,en,「わかった。名誉議員法の改正案からその部分を削除しよう。」
0x0100000300026743,58,158,Sordland/Turn04/A_ConvinceGloria,Player,Menu Text en,「わかった。提案から名誉議員法の改正案を削除しよう。」［改革案を変える］
0x010000030002674B,58,159,Sordland/Turn04/A_ConvinceGloria,Player,en,「いや。代わりに他の条項について話し合うことができる。」
0x010000030002674B,58,159,Sordland/Turn04/A_ConvinceGloria,Player,Menu Text en,「いや。代わりに他の条項について話し合うことができる。」
0x0100000300026753,58,160,Sordland/Turn04/A_ConvinceGloria,Gloria Tory,en,「どうやらご理解いただけていないようですね。」
0x0100000300026796,58,165,Sordland/Turn04/A_ConvinceGloria,Gloria Tory,en,「素晴らしい。では、本格的に話し合いを始めることができます。」
0x01000003000267D9,58,179,Sordland/Turn04/A_ConvinceGloria,Gloria Tory,en,「正直なところ、私は大国民議会に大臣を指名する権限を与えるつもりはありませんでした。そうすれば将来の政府に多くの問題が生じかねないからです。」
0x01000003000267E1,58,180,Sordland/Turn04/A_ConvinceGloria,Gloria Tory,en,「大臣の任命に関する変更点は気に入っています。それは確かに良い点ですね。」
0x01000003000267FD,58,187,Sordland/Turn04/A_ConvinceGloria,Gloria Tory,en,「大臣の任命に関して何らかの改革が行われるものだと思っていました。そうした動きに対する大きな支持を無視されていることに驚いています。」
0x0100000300026804,58,188,Sordland/Turn04/A_ConvinceGloria,Player,en,「どうして私が彼を尊敬していないなんて思うのか？」
0x0100000300026804,58,188,Sordland/Turn04/A_ConvinceGloria,Player,Menu Text en,「どうして私が彼を尊敬していないなんて思うのか？」
0x010000030002680C,58,189,Sordland/Turn04/A_ConvinceGloria,Gloria Tory,en,「そうではありませんか？我が政府機関を改革すると約束されましたが、ご提案の内容は別の目的を示しているようですね。」
0x0100000300026813,58,190,Sordland/Turn04/A_ConvinceGloria,Gloria Tory,en,「ではなぜ彼の地位を奪おうとするのですか？我が国のために一生懸命戦ってきた老人をなぜ攻撃するのでしょうか？」
0x0100000300026820,58,194,Sordland/Turn04/A_ConvinceGloria,Gloria Tory,en,「では、なぜ彼の免責特権を取り上げるのですか？政治界から引退した以上、彼は公人ですらありません。どうしてあなたはそのようなことを、いわゆる『民主主義』の一環として盛り込もうと思ったのでしょうか？」
0x0100000300026827,58,195,Sordland/Turn04/A_ConvinceGloria,Gloria Tory,en,「私も同じです、大統領。かつてあなたがUSPの理念を誇らしげに守っていたことを覚えています。しかし、それも単なる政治的な手段だったようですね。」
0x0100000300026834,58,199,Sordland/Turn04/A_ConvinceGloria,Gloria Tory,en,「どういうわけか、最初からこれが実現しないことは分かっていました。アルフォンソの無能さを理由に、あなたがどのようにしてソル大統領を裏切ったかも今でも覚えています。」
0x010000030002683B,58,200,Sordland/Turn04/A_ConvinceGloria,Gloria Tory,en,「私としては、あなたが既にこの道を選ぶだろうと予想していました。」
0x0100000300026842,58,201,Sordland/Turn04/A_ConvinceGloria,Gloria Tory,en,「大統領、まさか本気でそんなことをお尋ねになるのですか？我々はあなたの提案について話していると思っていましたが。」
0x010000030002684F,58,205,Sordland/Turn04/A_ConvinceGloria,Gloria Tory,en,「アルフォンソの無能さを理由にソル大統領を裏切った時、私もその場にいたことを忘れないでください。」
0x0100000300026857,58,206,Sordland/Turn04/A_ConvinceGloria,Player,en,「名誉議員制度など不要であり、民主主義に反するものだ。これはソルの問題ではない。」
0x0100000300026857,58,206,Sordland/Turn04/A_ConvinceGloria,Player,Menu Text en,「名誉議員制度など不要であり、民主主義に反するものだ。これはソルの問題ではない。」
0x010000030002685F,58,207,Sordland/Turn04/A_ConvinceGloria,Player,en,「まずはあなたが私に答えてくれ。なぜソルは自分自身に絶対的な免責と保護を与えたのか？彼は何を恐れているのだろうか？」
0x010000030002685F,58,207,Sordland/Turn04/A_ConvinceGloria,Player,Menu Text en,「まずはあなたが私に答えてくれ。なぜソルは自分自身に絶対的な免責と保護を与えたのか？彼は何を恐れているのだろうか？」
0x0100000300026869,58,208,Sordland/Turn04/A_ConvinceGloria,Player,en,「落ち着こう。私は皆さんの懸念を聞くためにここにいるのだ。」
0x0100000300026869,58,208,Sordland/Turn04/A_ConvinceGloria,Player,Menu Text en,「落ち着こう。私は皆さんの懸念を聞くためにここにいるのだ。」
0x0100000300026874,58,209,Sordland/Turn04/A_ConvinceGloria,Player,en,「何を言っているのか？そんな『アジェンダ』など存在しない。」
0x0100000300026874,58,209,Sordland/Turn04/A_ConvinceGloria,Player,Menu Text en,「何を言っているのか？そんな『アジェンダ』など存在しない。」
0x010000030002687C,58,210,Sordland/Turn04/A_ConvinceGloria,Gloria Tory,en,「ともかく……これ以上引き延ばすつもりはありません。党の意見を聞くのですか、それとも自分の考えを押し通し続けるのですか？」
0x0100000300026883,58,211,Sordland/Turn04/A_ConvinceGloria,Player,en,「あの頃は違ったのだ。」
0x0100000300026883,58,211,Sordland/Turn04/A_ConvinceGloria,Player,Menu Text en,「あの頃は違ったのだ。」
0x010000030002688B,58,212,Sordland/Turn04/A_ConvinceGloria,Player,en,「すべては政治だ、トーリー夫人。あなたこそそれをよく理解しているはずだ。」
0x010000030002688B,58,212,Sordland/Turn04/A_ConvinceGloria,Player,Menu Text en,「すべては政治だ、トーリー夫人。あなたこそそれをよく理解しているはずだ。」
0x0100000300026893,58,213,Sordland/Turn04/A_ConvinceGloria,Player,en,「落ち着こう。私は皆さんの懸念を聞くためにここにいるのだ。」
0x0100000300026893,58,213,Sordland/Turn04/A_ConvinceGloria,Player,Menu Text en,「落ち着こう。私は皆さんの懸念を聞くためにここにいるのだ。」
0x010000030002689B,58,214,Sordland/Turn04/A_ConvinceGloria,Gloria Tory,en,「ええ、私の懸念点は既に申し上げました。大統領、今度はあなたのお考えをお聞かせください。」
0x01000003000268A2,58,215,Sordland/Turn04/A_ConvinceGloria,Gloria Tory,en,「私もよく承知しております。」
0x01000003000268AA,58,216,Sordland/Turn04/A_ConvinceGloria,Gloria Tory,en,「まあ、そんなことはないでしょう。」
0x01000003000268B1,58,217,Sordland/Turn04/A_ConvinceGloria,Gloria Tory,en,「ソルこそが唯一の栄誉議員です。したがって、これは当然彼に関する問題なのです。」
0x01000003000268B8,58,218,Sordland/Turn04/A_ConvinceGloria,Gloria Tory,en,「おそらく、『...』のような裏切り者に対する安全保障策だったのでしょう」
0x01000003000268C0,58,219,Sordland/Turn04/A_ConvinceGloria,Narrator,en,彼女は咳払いをした。
0x01000003000268C9,58,220,Sordland/Turn04/A_ConvinceGloria,Player,en,「ご覧ください。我々は彼に手を出さないと約束する。しかし、これらの古い法律は廃止されるべきだ。」
0x01000003000268C9,58,220,Sordland/Turn04/A_ConvinceGloria,Player,Menu Text en,「ご覧ください。我々は彼に手を出さないと約束する。しかし、これらの古い法律は廃止されるべきだ。」
0x01000003000268D4,58,221,Sordland/Turn04/A_ConvinceGloria,Player,en,「トーリー夫人、あなたの意見の通りだ。もしこれによってあなたの支持を得られるのであれば、提案からその項目を削除しよう。」
0x01000003000268D4,58,221,Sordland/Turn04/A_ConvinceGloria,Player,Menu Text en,「トーリー、あなたの勝ちだ。もしこれであなたの支持を得られるなら、この提案からその項目を削除しよう。」［改革案を変える］
0x01000003000268E1,58,222,Sordland/Turn04/A_ConvinceGloria,Player,en,「皮肉はやめてくれ。」
0x01000003000268E1,58,222,Sordland/Turn04/A_ConvinceGloria,Player,Menu Text en,「皮肉はやめてくれ。」
0x01000003000268E9,58,223,Sordland/Turn04/A_ConvinceGloria,Player,en,「では、なぜそんなに驚くのか？」
0x01000003000268E9,58,223,Sordland/Turn04/A_ConvinceGloria,Player,Menu Text en,「では、なぜそんなに驚くのか？」
0x01000003000268F1,58,224,Sordland/Turn04/A_ConvinceGloria,Player,en,「さあ、何とか共通点を見つけ出そうではないか。」
0x01000003000268F1,58,224,Sordland/Turn04/A_ConvinceGloria,Player,Menu Text en,「さあ、何とか共通点を見つけ出そうではないか。」
0x01000003000268FF,58,225,Sordland/Turn04/A_ConvinceGloria,Gloria Tory,en,「わかりました。では、他の点について話しましょう。」
0x0100000300026929,58,227,Sordland/Turn04/A_ConvinceGloria,Player,en,「わかった。名誉議員法の改正案からその部分を削除しよう。」
0x0100000300026929,58,227,Sordland/Turn04/A_ConvinceGloria,Player,Menu Text en,「わかった。提案から名誉議員法の改正案を削除しよう。」［改革案を変える］
0x0100000300026934,58,228,Sordland/Turn04/A_ConvinceGloria,Gloria Tory,en,「よろしい。では、話を始めることができます。」
0x0100000300026961,58,232,Sordland/Turn04/A_ConvinceGloria,Gloria Tory,en,「しかし、それはさておき……」
0x010000030002696D,58,233,Sordland/Turn04/A_ConvinceGloria,Gloria Tory,en,「裁判官たちの免責特権を取り上げるなんて信じられません。重大な間違いです。」
0x0100000300026974,58,234,Sordland/Turn04/A_ConvinceGloria,Gloria Tory,en,「大国民議会は国民によって選出されてはいるものの、裁判官を弾劾するだけの十分な司法的見識や中立性を持っていません。三権分立が損なわれてはなりません。」
0x010000030002697C,58,235,Sordland/Turn04/A_ConvinceGloria,Gloria Tory,en,「すでに強力な大統領令をさらに強化するなんて、それも信じがたいことです。あなたの考えはよく分かりませんが、私としては決して好ましく思っていないのは明らかです。この状況は非常に悪い方向に進みかねません。」
0x0100000300026983,58,236,Sordland/Turn04/A_ConvinceGloria,Gloria Tory,en,「自分自身の弾劾の可能性をなくすというのは正しくありません。在任中に絶対的な免責特権を与えるのはあまりにも無謀です。」
0x010000030002699D,58,243,Sordland/Turn04/A_ConvinceGloria,Gloria Tory,en,「大統領、ここには何一つ『民主的』なものは見当たりません。私にはそう思えますが？」
0x01000003000269A4,58,244,Sordland/Turn04/A_ConvinceGloria,Gloria Tory,en,「大統領令を撤回するだけではありません。誰にそそのかされてそうしたのかは分かりませんが、明らかにその人物の影響力が他の誰よりも私に及んでいるのです。」
0x01000003000269AC,58,245,Sordland/Turn04/A_ConvinceGloria,Gloria Tory,en,「それだけでなく、自分自身が弾劾される可能性まで排除しようとしているのですね。在任中に絶対的な免責特権を得ようとするとは、実に大胆なことです。」
0x01000003000269BA,58,246,Sordland/Turn04/A_ConvinceGloria,Player,en,「我々の民主主義に対する理解は、かなり異なっているようだね。」
0x01000003000269BA,58,246,Sordland/Turn04/A_ConvinceGloria,Player,Menu Text en,「我々の民主主義に対する理解は、かなり異なっているようだね。」
0x01000003000269C4,58,247,Sordland/Turn04/A_ConvinceGloria,Player,en,「これによって党に利益がもたらされる。」
0x01000003000269C4,58,247,Sordland/Turn04/A_ConvinceGloria,Player,Menu Text en,「これによって党に利益がもたらされる。」
0x01000003000269CC,58,248,Sordland/Turn04/A_ConvinceGloria,Player,en,「私が見ているのは、ソードランドの明るい未来だ。我々は団結しなければならない。」
0x01000003000269CC,58,248,Sordland/Turn04/A_ConvinceGloria,Player,Menu Text en,「私が見ているのは、ソードランドの明るい未来だ。我々は団結しなければならない。」
0x01000003000269D4,58,249,Sordland/Turn04/A_ConvinceGloria,Player,en,「話題を変えて、どうすればあなたや保守派の人々を喜ばせられるかについて話し合おう。」
0x01000003000269D4,58,249,Sordland/Turn04/A_ConvinceGloria,Player,Menu Text en,「話題を変えて、どうすればあなたや保守派の人々を喜ばせられるかについて話し合おう。」
0x01000003000269F1,58,253,Sordland/Turn04/A_ConvinceGloria,Gloria Tory,en,「誰をだまそうとしているのですか？この提案はあなた自身の利益のために考えられたものです。」
0x01000003000269F8,58,254,Sordland/Turn04/A_ConvinceGloria,Gloria Tory,en,「私は依然として同意できません。」
0x01000003000269FF,58,255,Sordland/Turn04/A_ConvinceGloria,Gloria Tory,en,「そのようだね。」
0x0100000300026A07,58,256,Sordland/Turn04/A_ConvinceGloria,Gloria Tory,en,「我々の懸念に耳を傾け、それに対処することでですか？大統領、私は党の保守派を代表しております。ここにいるのが単なる一人の人物ではないことをご理解いただきたいのです。」
0x0100000300026A0E,58,257,Sordland/Turn04/A_ConvinceGloria,Gloria Tory,en,「では、何を考えているのですか？提案を修正する準備はできていますか、それともこれ以上無駄話を続けるべきでしょうか？」
0x0100000300026A18,58,258,Sordland/Turn04/A_ConvinceGloria,Player,en,「トーリー夫人、どうか私の立場を理解してくれ。今は何の譲歩もできない。」
0x0100000300026A18,58,258,Sordland/Turn04/A_ConvinceGloria,Player,Menu Text en,「トーリー夫人、どうか私の立場を理解してくれ。今は何の譲歩もできない。」
0x0100000300026A39,58,268,Sordland/Turn04/A_ConvinceGloria,Player,en,「私は大統領弾劾に関する改正案を撤回する。」
0x0100000300026A39,58,268,Sordland/Turn04/A_ConvinceGloria,Player,Menu Text en,「大統領の弾劾に関する変更内容を撤回する。」 ［改革案を変える］
0x0100000300026A41,58,269,Sordland/Turn04/A_ConvinceGloria,Player,en,「その通りだ。大統領令を強化するつもりはない。現状のままにしよう。」
0x0100000300026A41,58,269,Sordland/Turn04/A_ConvinceGloria,Player,Menu Text en,「その通りだ。大統領令を強化するつもりはない。現状のままにしよう。」［改革案を変える］
0x0100000300026A4B,58,270,Sordland/Turn04/A_ConvinceGloria,Player,en,「わかった。裁判官の免責特権には手をつけない。その項目は削除しよう。」
0x0100000300026A4B,58,270,Sordland/Turn04/A_ConvinceGloria,Player,Menu Text en,「わかった。裁判官の免責特権には手を付けない。その項目は削除しよう。」［改革案を変える］
0x0100000300026A59,58,271,Sordland/Turn04/A_ConvinceGloria,Gloria Tory,en,「それは確かに正しい方向への一歩ですね...」
0x0100000300026A6F,58,272,Sordland/Turn04/A_ConvinceGloria,Gloria Tory,en,「やっとですね。この提案、少しずつ理にかなってきたようです。」
0x0100000300026A76,58,273,Sordland/Turn04/A_ConvinceGloria,Gloria Tory,en,「やっとですね。この提案、少しずつ理にかなってきたようです。」
0x0100000300026A83,58,277,Sordland/Turn04/A_ConvinceGloria,Gloria Tory,en,「……ですが、まだ十分とは言えません。」
0x0100000300026A8A,58,278,Sordland/Turn04/A_ConvinceGloria,Gloria Tory,en,「大統領、アドバイスを一つさせていただきます。タルキン・ソルと同じ称号を使ったからといって、あなたが英雄になるわけではありません。その称号も、それに伴う免除権や保護も、あなたはまだ得ていないのです。」
0x0100000300026A91,58,279,Sordland/Turn04/A_ConvinceGloria,Gloria Tory,en,「提案が公になる前に、名誉議員制度の改正案を削除してください。これ以上党や大統領の評判を傷つけないようにしましょう。そんなことをすれば、大統領自身が嘲笑の的になるだけです。」
0x0100000300026A98,58,280,Sordland/Turn04/A_ConvinceGloria,Gloria Tory,en,「大国民議会であれ最高裁判所であれ、決してこの案に賛成票を投じることはないでしょう。」
0x0100000300026A9F,58,281,Sordland/Turn04/A_ConvinceGloria,Gloria Tory,en,「ご存知ですか？」
0x0100000300026AA6,58,282,Sordland/Turn04/A_ConvinceGloria,Narrator,en,彼女は片眉を上げ、その後テーブルの上にある提案書を見つめた。
0x0100000300026AB7,58,283,Sordland/Turn04/A_ConvinceGloria,Narrator,en,彼女は自分の机の上にある提案書をじっくりと見つめた。
0x0100000300026B16,58,284,Sordland/Turn04/A_ConvinceGloria,Gloria Tory,en,「あなたは頑固な方ですね。ともかく……」
0x0100000300026B33,58,285,Sordland/Turn04/A_ConvinceGloria,Player,en,「ご指摘の通りだ。それは確かに危険な話題だ。私が撤回する。」
0x0100000300026B33,58,285,Sordland/Turn04/A_ConvinceGloria,Player,Menu Text en,「その通りだ。それは確かにリスクの高い話題だ。私が撤回そう。」［改革案を変える］
0x0100000300026B3B,58,286,Sordland/Turn04/A_ConvinceGloria,Player,en,「トーリー夫人、どう信じても構わない。我々に支援をしてくださるかどうかだけ答えてくれ。」
0x0100000300026B3B,58,286,Sordland/Turn04/A_ConvinceGloria,Player,Menu Text en,「トーリー夫人、どう信じても構わない。我々に支援をしてくださるかどうかだけ答えてくれ。」
0x0100000300026B43,58,287,Sordland/Turn04/A_ConvinceGloria,Player,en,「あなたの言う通りかもしれないが、それでも私は試みをやめない。どうかこの努力にご一緒していただきたいのだ。」
0x0100000300026B43,58,287,Sordland/Turn04/A_ConvinceGloria,Player,Menu Text en,「あなたの言う通りかもしれないが、それでも私は試みをやめない。どうかこの努力にご一緒していただきたいのだ。」
0x0100000300026B4F,58,288,Sordland/Turn04/A_ConvinceGloria,Gloria Tory,en,「我々が同じ考えを持っていて嬉しいです。」
0x0100000300026B91,58,294,Sordland/Turn04/A_ConvinceGloria,Gloria Tory,en,「わかりました、大統領。お力にはなれず申し訳ありません。必要な署名を集める際に幸運がありますように。」
0x0100000300026BAC,58,299,Sordland/Turn04/A_ConvinceGloria,Gloria Tory,en,「私の支持を得るために、もう一つ方法があります。」
0x0100000300026BB3,58,300,Sordland/Turn04/A_ConvinceGloria,Gloria Tory,en,「最高裁判所の判事候補者リストの最上位に私の名前を載せてください。もし最高裁判所に空席ができた場合、私が任命されるようにしてほしいのです。」
0x0100000300026BBA,58,301,Sordland/Turn04/A_ConvinceGloria,Player,en,「もしそれであなた方の支持を得られるのであれば、私の約束だ。」
0x0100000300026BBA,58,301,Sordland/Turn04/A_ConvinceGloria,Player,Menu Text en,「もしそれであなた方の支持を得られるのであれば、私の約束だ。」
0x0100000300026BC2,58,302,Sordland/Turn04/A_ConvinceGloria,Player,en,「それだけか？とても簡単だね。処理済みと見なしてくれ。」
0x0100000300026BC2,58,302,Sordland/Turn04/A_ConvinceGloria,Player,Menu Text en,「それだけか？とても簡単だね。処理済みと見なしてくれ。」
0x0100000300026BCA,58,303,Sordland/Turn04/A_ConvinceGloria,Player,en,「わかった、トーリー夫人。その見返りにあなたの投票を期待している。」
0x0100000300026BCA,58,303,Sordland/Turn04/A_ConvinceGloria,Player,Menu Text en,「わかった、トーリー夫人。その見返りにあなたの投票を期待している。」
0x0100000300026BDE,58,304,Sordland/Turn04/A_ConvinceGloria,Player,en,「そんなことはできない。」
0x0100000300026BDE,58,304,Sordland/Turn04/A_ConvinceGloria,Player,Menu Text en,「そんなことはできない。」
0x0100000300026BFA,58,306,Sordland/Turn04/A_ConvinceGloria,Gloria Tory,en,「その約束は必ず守ります。」
0x0100000300026C01,58,307,Sordland/Turn04/A_ConvinceGloria,Gloria Tory,en,「よろしい。」
0x0100000300026C08,58,308,Sordland/Turn04/A_ConvinceGloria,Gloria Tory,en,「大統領、わざと見せびらかす必要はありません。」
0x0100000300026C2B,58,310,Sordland/Turn04/A_ConvinceGloria,Gloria Tory,en,「私はあなたの提案を詳しく検討しました。優れた草案ですね。あなたが加えた変更点は、問題を引き起こすほど大きなものではありません。」
0x0100000300026C32,58,311,Sordland/Turn04/A_ConvinceGloria,Gloria Tory,en,「提案に必要な署名を用意して差し上げます。他の保守派の方々とも話をしましょう。」
0x0100000300026C39,58,312,Sordland/Turn04/A_ConvinceGloria,Gloria Tory,en,「大統領、何か予期せぬ事態が起きないことを願っております。」
0x0100000300026C40,58,313,Sordland/Turn04/A_ConvinceGloria,Player,en,「トーリー夫人、そう聞いて安心した。」
0x0100000300026C40,58,313,Sordland/Turn04/A_ConvinceGloria,Player,Menu Text en,「トーリー夫人、そう聞いて安心した。」
0x0100000300026C47,58,314,Sordland/Turn04/A_ConvinceGloria,Player,en,「どのような驚きか？」
0x0100000300026C47,58,314,Sordland/Turn04/A_ConvinceGloria,Player,Menu Text en,「どのような驚きか？」
0x0100000300026C4E,58,315,Sordland/Turn04/A_ConvinceGloria,Player,en,「私への信頼が欠けているのは残念だ。」
0x0100000300026C4E,58,315,Sordland/Turn04/A_ConvinceGloria,Player,Menu Text en,「私への信頼が欠けているのは残念だ。」
0x0100000300026C58,58,316,Sordland/Turn04/A_ConvinceGloria,Player,en,「安心してくれ。心配されるようなことは何もない。」
0x0100000300026C58,58,316,Sordland/Turn04/A_ConvinceGloria,Player,Menu Text en,「安心してくれ。心配されるようなことは何もない。」
0x0100000300026C60,58,317,Sordland/Turn04/A_ConvinceGloria,Gloria Tory,en,「その約束は必ず守ります。」
0x0100000300026C7B,58,324,Sordland/Turn04/A_ConvinceGloria,Gloria Tory,en,「大統領、あらゆる可能性を考慮に入れなければなりません。というのも、他の政策については私が同意できないからです。」
0x0100000300026C82,58,325,Sordland/Turn04/A_ConvinceGloria,Gloria Tory,en,「特にアルフォンソの自由市場改革を引き続き推進することです……」
0x0100000300026C89,58,326,Sordland/Turn04/A_ConvinceGloria,Gloria Tory,en,「景気後退の状況はご存知の通りです。この試みが機能しないことが証明されました。しかし、ともかく……」
0x0100000300026C8F,58,327,Sordland/Turn04/A_ConvinceGloria,Gloria Tory,en,「大統領、あらゆる可能性を考慮に入れなければなりません。というのも、他の政策については私が同意できないからです。」
0x0100000300026C96,58,328,Sordland/Turn04/A_ConvinceGloria,Gloria Tory,en,「特に東方の価値観を推進することです。コンタナ連邦との関係強化は、我々にとって間違いなく大きな問題を引き起こすでしょう。」
0x0100000300026C9D,58,329,Sordland/Turn04/A_ConvinceGloria,Gloria Tory,en,「その考えを最後まで実行に移すつもりはないことを願っています。マレニエフ主義者たちと親しくすることは、我々にとって只々災いをもたらすだけです。」
0x0100000300026CA4,58,330,Sordland/Turn04/A_ConvinceGloria,Gloria Tory,en,「大統領、あらゆる可能性を考慮に入れなければなりません。結局のところ、ここはソードランドですから。」
0x0100000300026CC0,58,337,Sordland/Turn04/A_ConvinceGloria,Gloria Tory,en,「私としては、あなたが経済政策を通じてアルフォンソのように国を破壊し続けないことを願っているだけです。」
0x0100000300026CC7,58,338,Sordland/Turn04/A_ConvinceGloria,Gloria Tory,en,「マレニエフ主義者たちと親しくするようなことがないよう願っています。東方の価値観を推進されるのは問題だったのです。」
0x0100000300026CCE,58,339,Sordland/Turn04/A_ConvinceGloria,Gloria Tory,en,「もちろん、党の保守派全員があなたの憲法改正案に賛成票を投じるとは保証できません。」
0x0100000300026CDA,58,340,Sordland/Turn04/A_ConvinceGloria,Gloria Tory,en,「それはある程度、大統領の政策次第となります。ですが少なくとも、必要な署名はすでにほぼ集まっています。」
0x0100000300026CE7,58,341,Sordland/Turn04/A_ConvinceGloria,Player,en,「署名だけでは不十分だ。USPの全ての票が必要だ。」
0x0100000300026CE7,58,341,Sordland/Turn04/A_ConvinceGloria,Player,Menu Text en,「署名だけでは不十分だ。USPの全ての票が必要だ。」
0x0100000300026CEE,58,342,Sordland/Turn04/A_ConvinceGloria,Player,en,「どのような政策がご心配なのか？」
0x0100000300026CEE,58,342,Sordland/Turn04/A_ConvinceGloria,Player,Menu Text en,「どのような政策がご心配なのか？」
0x0100000300026CF5,58,343,Sordland/Turn04/A_ConvinceGloria,Player,en,「ありがとう。」
0x0100000300026CF5,58,343,Sordland/Turn04/A_ConvinceGloria,Player,Menu Text en,「ありがとう。」
0x0100000300026CFF,58,344,Sordland/Turn04/A_ConvinceGloria,Gloria Tory,en,「まあ、それが政治というものですね。」
0x0100000300026D06,58,345,Sordland/Turn04/A_ConvinceGloria,Narrator,en,彼女は微笑んだ。
0x0100000300026D0D,58,346,Sordland/Turn04/A_ConvinceGloria,Narrator,en,彼女は微笑みながら頷いた。
0x0100000300026D14,58,347,Sordland/Turn04/A_ConvinceGloria,Gloria Tory,en,「私にできることは全力を尽くします。」
0x0100000300026D1B,58,348,Sordland/Turn04/A_ConvinceGloria,Gloria Tory,en,「私は、我が国の教育機関を民営化しようとするあなたの試みに断固として反対します。」
0x0100000300026D28,58,352,Sordland/Turn04/A_ConvinceGloria,Gloria Tory,en,「国家は国民の教育に責任を負うべきです。あなたの改革は我々の教育制度を腐敗させ、外部の影響をもたらすことになるでしょう……」
0x0100000300026D2F,58,353,Sordland/Turn04/A_ConvinceGloria,Gloria Tory,en,「私は財閥や我が国の経済状況を懸念しています。彼らが自分たちの利益のために大統領に影響を与えるのではないかと心配しているのです。」
0x0100000300026D36,58,354,Sordland/Turn04/A_ConvinceGloria,Gloria Tory,en,「その件については後で話し合いましょう。我々があなたに求めているのは、これ以上民営化を進めないことです。もし医療や国営企業の民営化を始めたら、私にはあなたを助けることは難しいでしょう。」
0x0100000300026D3E,58,355,Sordland/Turn04/A_ConvinceGloria,Gloria Tory,en,「アルフォンソが彼らの誘惑に抗うことで失敗した分、あなたには成功してほしいと願っています。もし医療や国営企業の民営化を始めるようなことがあれば、私にはあなたを助けられないでしょう。」
0x0100000300026D45,58,356,Sordland/Turn04/A_ConvinceGloria,Gloria Tory,en,「終わる前に……一言だけ申し上げたいことがあります。」
0x0100000300026D53,58,357,Sordland/Turn04/A_ConvinceGloria,Gloria Tory,en,「終わる前に……一言だけ申し上げたいことがあります。」
0x0100000300026D5B,58,358,Sordland/Turn04/A_ConvinceGloria,Player,en,「心配しないでくれ。そんなことは起こらない。」
0x0100000300026D5B,58,358,Sordland/Turn04/A_ConvinceGloria,Player,Menu Text en,「心配しないでくれ。そんなことは起こらない。」
0x0100000300026D62,58,359,Sordland/Turn04/A_ConvinceGloria,Player,en,「何も約束はできない。これらの決定は状況次第だ。」
0x0100000300026D62,58,359,Sordland/Turn04/A_ConvinceGloria,Player,Menu Text en,「何も約束はできない。これらの決定は状況次第だ。」
0x0100000300026D69,58,360,Sordland/Turn04/A_ConvinceGloria,Player,en,「私はアルフォンソではない。」
0x0100000300026D69,58,360,Sordland/Turn04/A_ConvinceGloria,Player,Menu Text en,「私はアルフォンソではない。」
0x0100000300026D70,58,361,Sordland/Turn04/A_ConvinceGloria,Player,en,「どうにかして実現するだろう。」
0x0100000300026D70,58,361,Sordland/Turn04/A_ConvinceGloria,Player,Menu Text en,「どうにかして実現するだろう。」
0x0100000300026D7F,58,362,Sordland/Turn04/A_ConvinceGloria,Gloria Tory,en,「改革を進めるためにも、そのような事態にはならないことを願った方がよいでしょう。」
0x0100000300026D8D,58,363,Sordland/Turn04/A_ConvinceGloria,Gloria Tory,en,「わかっています。だからこそ、あなたの成功を願っているのです。」
0x0100000300026D9A,58,367,Sordland/Turn04/A_ConvinceGloria,Gloria Tory,en,「はい。おそらく、名前が違うだけでしょう。」
0x0100000300026DA2,58,368,Sordland/Turn04/A_ConvinceGloria,Gloria Tory,en,「よろしい。」
0x0100000300026C1D,58,369,Sordland/Turn04/A_ConvinceGloria,Gloria Tory,en,「私なら、あなたが必要としている助けを提供できると思います。」
0x0100000300026DAF,58,371,Sordland/Turn04/A_ConvinceGloria,Narrator,en,彼女は立ち上がった。
0x0100000300026DB9,58,372,Sordland/Turn04/A_ConvinceGloria,Gloria Tory,en,「私の考えは十分に伝わったと思います。お時間をいただきありがとうございます、大統領。約束を守っていただけることを願っています。」
0x0100000300026DC0,58,373,Sordland/Turn04/A_ConvinceGloria,Narrator,en,彼女は握手のために私に手を差し伸べた。
0x0100000300026DC7,58,374,Sordland/Turn04/A_ConvinceGloria,Narrator,en,私が彼女と握手を交わすと、彼女はすぐに再び座り直した。
0x0100000300026DD2,58,375,Sordland/Turn04/A_ConvinceGloria,Gloria Tory,en,「ですが、今は再び職務に戻らなければなりません。失礼します、大統領。」
0x0100000300026DDC,58,377,Sordland/Turn04/A_ConvinceGloria,Player,en,「トーリー夫人、あなたの派閥の支援を期待しているよ。」
0x0100000300026DDC,58,377,Sordland/Turn04/A_ConvinceGloria,Player,Menu Text en,「トーリー夫人、あなたの派閥の支援を期待しているよ。」
0x0100000300026DE3,58,378,Sordland/Turn04/A_ConvinceGloria,Player,en,「承知した。それでは、お任せする。」
0x0100000300026DE3,58,378,Sordland/Turn04/A_ConvinceGloria,Player,Menu Text en,「承知した。それでは、お任せする。」
0x0100000300026DEA,58,379,Sordland/Turn04/A_ConvinceGloria,Player,en,「トーリー夫人、さようなら。ありがとうございました。」
0x0100000300026DEA,58,379,Sordland/Turn04/A_ConvinceGloria,Player,Menu Text en,「トーリー夫人、さようなら。ありがとうございました。」
0x0100000300026DF1,58,380,Sordland/Turn04/A_ConvinceGloria,Narrator,en,私が彼女のオフィスを出るとき、彼女はただ頷くだけで応えた。
0x0100000300026DFF,58,381,Sordland/Turn04/A_ConvinceGloria,Narrator,en,彼女は突然立ち上がった。
0x0100000300026E05,58,382,Sordland/Turn04/A_ConvinceGloria,Gloria Tory,en,「仕事に戻らなければなりません。お時間をいただきありがとうございます、大統領。」
0x0100000300026E0B,58,383,Sordland/Turn04/A_ConvinceGloria,Narrator,en,彼女は握手のために私に手を差し伸べた。
0x0100000300026E14,58,384,Sordland/Turn04/A_ConvinceGloria,Player_Italic,en,私は立ち上がって、彼女と握手をした。
0x0100000300026E14,58,384,Sordland/Turn04/A_ConvinceGloria,Player_Italic,Menu Text en,彼女と握手をする
0x0100000300026E1C,58,385,Sordland/Turn04/A_ConvinceGloria,Player_Italic,en,私は立ち上がってその場を去った。
0x0100000300026E1C,58,385,Sordland/Turn04/A_ConvinceGloria,Player_Italic,Menu Text en,握手せずにその場を去る
0x0100000300026E24,58,386,Sordland/Turn04/A_ConvinceGloria,Player,en,「まだ終わっていない。」
0x0100000300026E24,58,386,Sordland/Turn04/A_ConvinceGloria,Player,Menu Text en,「まだ終わっていない。」
0x0100000300026E2C,58,387,Sordland/Turn04/A_ConvinceGloria,Player,en,「署名を渡してもらうまでは、どこにも行かない。」
0x0100000300026E2C,58,387,Sordland/Turn04/A_ConvinceGloria,Player,Menu Text en,「署名を渡してもらうまでは、どこにも行かない。」
0x0100000300026E34,58,388,Sordland/Turn04/A_ConvinceGloria,Gloria Tory,en,「大統領、これ以上ご自身を辱めないでください。」
0x0100000300026E3C,58,389,Sordland/Turn04/A_ConvinceGloria,Gloria Tory,en,「礼儀作法はどこへ行ってしまったのですか？」
0x0100000300026E43,58,390,Sordland/Turn04/A_ConvinceGloria,Gloria Tory,en,「これは他の事柄についても協力できないという意味ではありません。近いうちに再び話す機会があることを願っています。」
0x0100000300026E4A,58,391,Sordland/Turn04/A_ConvinceGloria,Gloria Tory,en,「好きになさってください。」
0x0100000300026E59,58,392,Sordland/Turn04/A_ConvinceGloria,Narrator,en,私は彼女の部屋を出た。
0x0100000300027619,58,396,Sordland/Turn04/A_ConvinceGloria,Gloria Tory,en,「なぜこの党の中核が、あなたの性急な改革を支持しなければならないのか、私には理解できません。」
0x010000030002C30E,58,397,Sordland/Turn04/A_ConvinceGloria,Player,en,「署名を渡してもらう。自発的かどうかなど気にしない。」
0x010000030002C30E,58,397,Sordland/Turn04/A_ConvinceGloria,Player,Menu Text en,「署名を渡してもらう。自発的かどうかなど気にしない。」
0x010000030002C315,58,398,Sordland/Turn04/A_ConvinceGloria,Player,en,「相手が誰であるかを忘れてはならない。」
0x010000030002C315,58,398,Sordland/Turn04/A_ConvinceGloria,Player,Menu Text en,「相手が誰であるかを忘れてはならない。」
0x010000030002C31E,58,399,Sordland/Turn04/A_ConvinceGloria,Player,en,「さようなら。」
0x010000030002C31E,58,399,Sordland/Turn04/A_ConvinceGloria,Player,Menu Text en,「さようなら。」
0x010000030002C326,58,400,Sordland/Turn04/A_ConvinceGloria,Gloria Tory,en,「その質問には答えない方がよいでしょう。」
0x010000030002C337,58,401,Sordland/Turn04/A_ConvinceGloria,Narrator,en,アルビンと改革派は、その提案に必要な150人分の署名を集めるための最後の望みだった。
0x010000030002C33E,58,402,Sordland/Turn04/A_ConvinceGloria,Narrator,en,それでも、大国民議会で166票を獲得できるかどうかは非常に不確かな状況だった。
0x010000030002C345,58,403,Sordland/Turn04/A_ConvinceGloria,Narrator,en,私は外に出た。セルジュが私を宮殿まで送り返し、そこでルシアンと会ってその悪い知らせを伝えた。
0x010000030002C35A,58,405,Sordland/Turn04/A_ConvinceGloria,Gloria Tory,en,「私の良心は、マレニエフ主義の拡大を助けることを許しません。」
0x010000030002C5FA,58,409,Sordland/Turn04/A_ConvinceGloria,Gloria Tory,en,「それでは、これ以上議論はありません。」
0x010000030002C605,58,410,Sordland/Turn04/A_ConvinceGloria,Player,en,「トーリー夫人、あなたが望むものをお渡しすることはできない。」
0x010000030002C605,58,410,Sordland/Turn04/A_ConvinceGloria,Player,Menu Text en,「トーリー夫人、あなたが望むものをお渡しすることはできない。」
0x010000030002C612,58,412,Sordland/Turn04/A_ConvinceGloria,Gloria Tory,en,「残念ですね。もうすぐ合意に達しそうだと思っていました。」
0x010000030002C629,58,419,Sordland/Turn04/A_ConvinceGloria,Gloria Tory,en,「……ですが、まだ十分とは言えません。」
0x010000030002C63E,58,421,Sordland/Turn04/A_ConvinceGloria,Gloria Tory,en,「私は、裁判所の権限を奪いながら自分だけに絶対的な免責特権を与えることを支持できません。これは断じて受け入れられないことです。」
0x010000030002C64E,58,423,Sordland/Turn04/A_ConvinceGloria,Narrator,en,彼女は椅子の上で再び自分の姿勢を整えた。
0x010000030002C65C,58,427,Sordland/Turn04/A_ConvinceGloria,Gloria Tory,en,「大統領、ここには真の改革など見当たりません。私もそう思いますが？」
0x010000030002C66A,58,428,Sordland/Turn04/A_ConvinceGloria,Player,en,「我々の改革に対する考え方は、かなり異なっているようだね。」
0x010000030002C66A,58,428,Sordland/Turn04/A_ConvinceGloria,Player,Menu Text en,「我々の改革に対する考え方は、かなり異なっているようだね。」
0x010000030002C681,58,432,Sordland/Turn04/A_ConvinceGloria,Gloria Tory,en,「実はですね……」
0x010000030002C687,58,433,Sordland/Turn04/A_ConvinceGloria,Narrator,en,彼女はその提案書を見てみた。
0x010000030002CDDB,58,434,Sordland/Turn04/A_ConvinceGloria,Narrator,en,保守派の問題は解決したが、必要としていた150人分の署名を集めるためには、依然としてアルビン・クラヴィンや改革派とも対処しなければならなかった。
0x010000030002CDE7,58,435,Sordland/Turn04/A_ConvinceGloria,Narrator,en,私は外に出た。セルジュが私を宮殿まで送り返し、そこでルシアンと会ってグロリアとの交渉の進展状況を伝えた。
0x010000030002E357,58,436,Sordland/Turn04/A_ConvinceGloria,Player,en,「おはよう、トーリー夫人。」
0x010000030002E357,58,436,Sordland/Turn04/A_ConvinceGloria,Player,Menu Text en,「おはよう、トーリー夫人。」
0x010000030002E35E,58,437,Sordland/Turn04/A_ConvinceGloria,Player,en,「こんにちは、グロリアさん。」
0x010000030002E35E,58,437,Sordland/Turn04/A_ConvinceGloria,Player,Menu Text en,「こんにちは、グロリアさん。」
0x010000030002E365,58,438,Sordland/Turn04/A_ConvinceGloria,Player,en,「こちらに参った。」
0x010000030002E365,58,438,Sordland/Turn04/A_ConvinceGloria,Player,Menu Text en,「こちらに参った。」
0x010000060004DF47,58,441,Sordland/Turn04/A_ConvinceGloria,Narrator,en,彼女は微笑んだ。
0x010000060004DF4D,58,442,Sordland/Turn04/A_ConvinceGloria,Gloria Tory,en,「それで、大統領の執務椅子は大国民議会のものと比べてどうなのですか？」
0x0100000100002329,58,454,Sordland/Turn04/A_ConvinceGloria,Gloria Tory,en,「裁判官の免職権を持つ大統領は将来的に非常に危険な存在となるでしょう。我々は三権分立を損なってはなりません。」
0x0100000100002338,58,455,Sordland/Turn04/A_ConvinceGloria,Gloria Tory,en,「それは私が受け入れることのできないことです。」
0x010000010000233F,58,456,Sordland/Turn04/A_ConvinceGloria,Gloria Tory,en,「閾値を15パーセントに引き上げれば、長年USPに所属している多くのメンバーをなだめることができるはずです。それにより我々の有利な立場は守られ、他党を排除することでさらに強化されます。」
0x01000006000B354A,58,492,Sordland/Turn04/A_ConvinceGloria,Gloria Tory,en,「保守派の連中は、大統領に多くを期待しているでしょう。」
0x01000006000B3552,58,493,Sordland/Turn04/A_ConvinceGloria,Player,en,「私も保守派には多くを期待している。」
0x01000006000B3552,58,493,Sordland/Turn04/A_ConvinceGloria,Player,Menu Text en,「私も保守派には多くを期待している。」
0x01000006000B3559,58,494,Sordland/Turn04/A_ConvinceGloria,Player,en,「もちろんです。」
0x01000006000B3559,58,494,Sordland/Turn04/A_ConvinceGloria,Player,Menu Text en,「もちろんです。」
0x01000006000B3567,58,495,Sordland/Turn04/A_ConvinceGloria,Gloria Tory,en,「よろしい。」
0x01000006000B356E,58,496,Sordland/Turn04/A_ConvinceGloria,Player,en,「トーリー夫人、何であれご要望にお応えする。」
0x01000006000B356E,58,496,Sordland/Turn04/A_ConvinceGloria,Player,Menu Text en,「トーリー夫人、何であれご要望にお応えする。」
0x01000006000B357D,58,497,Sordland/Turn04/A_ConvinceGloria,Gloria Tory,en,「今日はいつも以上に気前が良く感じます。」
0x01000006000B3585,58,498,Sordland/Turn04/A_ConvinceGloria,Gloria Tory,en,「大統領、どうか忘れないでください。」
0x0100002C000009E0,58,506,Sordland/Turn04/A_ConvinceGloria,Player,en,「いや、これは私にとってあまりにも重要なことだ。では、基準値の変更部分だけを削除するのはどうだろうか？」［改革案を変える］
0x0100002C000009E0,58,506,Sordland/Turn04/A_ConvinceGloria,Player,Menu Text en,「いや、これは私にとってあまりにも重要なことだ。では、基準値の変更部分だけを削除するのはどうだろうか？」［改革案を変える］
0x0100002C000009EA,58,507,Sordland/Turn04/A_ConvinceGloria,Gloria Tory,en,「よろしい。では、話を始めることができます。」
0x0100002C000009F6,58,509,Sordland/Turn04/A_ConvinceGloria,Gloria Tory,en,「どうやらご理解いただけていないようですね。」
0x0100002C000009FC,58,510,Sordland/Turn04/A_ConvinceGloria,Player,en,「いや。代わりに他の条項について話し合うことができる。」
0x0100002C000009FC,58,510,Sordland/Turn04/A_ConvinceGloria,Player,Menu Text en,「いや。代わりに他の条項について話し合うことができる。」
0x0100002C00000A08,58,514,Sordland/Turn04/A_ConvinceGloria,Player,en,「あなたの勝ちだ。では、閾値の変更は取り消そうか？」
0x0100002C00000A08,58,514,Sordland/Turn04/A_ConvinceGloria,Player,Menu Text en,「あなたの勝ちだ。では、閾値変更を取り消すことにしないか？」 ［改革案を変える］
0x0100002C00000A1B,58,518,Sordland/Turn04/A_ConvinceGloria,Gloria Tory,en,「よろしい。では、話を始めることができます。」
0x0100002C00000A29,58,519,Sordland/Turn04/A_ConvinceGloria,Gloria Tory,en,「一つだけ条件があります。ベンフィ祭でご夫人のために計画している演説を中止してほしいのです。」
0x0100002C00000A30,58,520,Sordland/Turn04/A_ConvinceGloria,Gloria Tory,en,「レステ市長はベンフィでは高い人気を誇っているだけでなく、USPの保守派においても最も影響力のあるメンバーの一人です。」
0x0100002C00000A37,58,521,Sordland/Turn04/A_ConvinceGloria,Gloria Tory,en,「彼を怒らせるようなことはしたくないですよね、大統領？」
0x0100002C00000A3E,58,522,Sordland/Turn04/A_ConvinceGloria,Player,en,「彼には何の関係もないではないか？」
0x0100002C00000A3E,58,522,Sordland/Turn04/A_ConvinceGloria,Player,Menu Text en,「彼には何の関係もないではないか？」
0x0100002C00000A45,58,523,Sordland/Turn04/A_ConvinceGloria,Player,en,「彼が怒るかどうかなど気にしない。」
0x0100002C00000A45,58,523,Sordland/Turn04/A_ConvinceGloria,Player,Menu Text en,「彼が怒るかどうかなど気にしない。」
0x0100002C00000A56,58,524,Sordland/Turn04/A_ConvinceGloria,Player,en,「トーリー夫人、お願いだ。そんな無理な要求はやめてくれ。」
0x0100002C00000A56,58,524,Sordland/Turn04/A_ConvinceGloria,Player,Menu Text en,「トーリー夫人、お願いだ。そんな無理な要求はやめてくれ。」
0x0100002C00000A5E,58,525,Sordland/Turn04/A_ConvinceGloria,Player,en,「わかった。モニカにスケジュールを調整させ、彼に発言の機会を与える。」
0x0100002C00000A5E,58,525,Sordland/Turn04/A_ConvinceGloria,Player,Menu Text en,「わかった。モニカにスケジュールを調整させ、彼に発言の機会を与える。」
0x0100002C00000A66,58,526,Sordland/Turn04/A_ConvinceGloria,Gloria Tory,en,「大統領、怒るのは彼だけではありません。そのことはご存知でしょう。」
0x0100002C00000A6F,58,527,Sordland/Turn04/A_ConvinceGloria,Gloria Tory,en,「もし保守派の支持を得たいのであれば、第一夫人にレステ氏の代わりとして発言させてはなりません。」
0x0100002C00000A76,58,528,Sordland/Turn04/A_ConvinceGloria,Gloria Tory,en,「素晴らしいですね。」
0x0100002C00000A8D,58,529,Sordland/Turn04/A_ConvinceGloria,Gloria Tory,en,「では、我々は行き詰まってしまったのですね。」
0x0100003100005931,58,532,Sordland/Turn04/A_ConvinceGloria,Player,en,「いや。私は妻をあのようにがっかりさせるつもりはない。」
0x0100003100005931,58,532,Sordland/Turn04/A_ConvinceGloria,Player,Menu Text en,「いや。私は妻をあのようにがっかりさせるつもりはない。」
0x0100003100005939,58,533,Sordland/Turn04/A_ConvinceGloria,Gloria Tory,en,「教えてください。なぜ彼女はそんなにも必死にこの演説を行いたがるのでしょうか？」
0x0100003100005940,58,534,Sordland/Turn04/A_ConvinceGloria,Player,en,「彼女はソードランドの女性たちに発言の機会を与えたいのだ。」
0x0100003100005940,58,534,Sordland/Turn04/A_ConvinceGloria,Player,Menu Text en,「彼女はソードランドの女性たちに発言の機会を与えたいのだ。」
0x0100003100005948,58,535,Sordland/Turn04/A_ConvinceGloria,Gloria Tory,en,「私も同感です。しかし、これは正しい方法ではありません。」
0x0100003100005956,58,536,Sordland/Turn04/A_ConvinceGloria,Player,en,「これは彼女の問題ではなく、女性の権利に関することだ。あなたなら理解してくれると思っていた。」
0x0100003100005956,58,536,Sordland/Turn04/A_ConvinceGloria,Player,Menu Text en,「これは彼女の問題ではなく、女性の権利に関することだ。あなたなら理解してくれると思っていた。」
0x010000310000595E,58,537,Sordland/Turn04/A_ConvinceGloria,Gloria Tory,en,「信じてください、私にはよく分かっています。あなたの妻以上にね。」
0x0100003100005965,58,538,Sordland/Turn04/A_ConvinceGloria,Gloria Tory,en,「私はこの大国民議会でほぼ20年間過ごしてきました。真の変革がどのように起こるものかをよく知っています。」
0x010000310000596C,58,539,Sordland/Turn04/A_ConvinceGloria,Gloria Tory,en,「この政府で権力を握っている古参の保守派たちは、レイン夫人の演説を聞いて急に考えを変えるようなことはありません。むしろその逆でしょう。」
0x0100003100005979,58,540,Sordland/Turn04/A_ConvinceGloria,Player,en,「わかった。モニカに演説を中止するよう伝える。」
0x0100003100005979,58,540,Sordland/Turn04/A_ConvinceGloria,Player,Menu Text en,「わかった。モニカに演説を中止するよう伝える。」
0x0100003100005981,58,541,Sordland/Turn04/A_ConvinceGloria,Player,en,「彼女は第一夫人の地位を、単なる儀礼的なもの以上のものにしたいと考えている。」
0x0100003100005981,58,541,Sordland/Turn04/A_ConvinceGloria,Player,Menu Text en,「彼女は第一夫人の地位を、単なる儀礼的なもの以上のものにしたいと考えている。」
0x0100003100005989,58,542,Sordland/Turn04/A_ConvinceGloria,Gloria Tory,en,「なぜそうでなければならないのですか？あなたの奥様は政治について何を知っているというのですか？」
0x0100003100005991,58,543,Sordland/Turn04/A_ConvinceGloria,Player,en,「重要かどうかなんて関係ない。彼女は私の妻だ。彼女にとって重要なことであれば、私にとっても重要なのだ。」
0x0100003100005991,58,543,Sordland/Turn04/A_ConvinceGloria,Player,Menu Text en,「重要かどうかなんて関係ない。彼女は私の妻だ。彼女にとって重要なことであれば、私にとっても重要なのだ。」
0x0100003100005999,58,544,Sordland/Turn04/A_ConvinceGloria,Gloria Tory,en,「あなたが推進しようとしている改革ほど重要だというのですか？」
0x01000031000059A2,58,545,Sordland/Turn04/A_ConvinceGloria,Gloria Tory,en,「彼らが見るのは、あの舞台の座を得るために大統領と寝てしまい、今や全く状況を把握できずに取り乱して叫ぶような主婦に過ぎないでしょう。」
0x01000031000059AC,58,546,Sordland/Turn04/A_ConvinceGloria,Player,en,「それは不公平だ。私がモニカに会ってから、彼女はずっと女性の権利のために活動してきた。」
0x01000031000059AC,58,546,Sordland/Turn04/A_ConvinceGloria,Player,Menu Text en,「それは不公平だ。私がモニカに会ってから、彼女はずっと女性の権利のために活動してきた。」
0x01000031000059B4,58,547,Sordland/Turn04/A_ConvinceGloria,Player,en,「確かに、その点は一理あるね。」
0x01000031000059B4,58,547,Sordland/Turn04/A_ConvinceGloria,Player,Menu Text en,「確かに、その点は一理あるね。」
0x01000031000059BC,58,548,Sordland/Turn04/A_ConvinceGloria,Gloria Tory,en,「他の人々がどう思うかをお伝えしているだけです。」
0x01000031000059C3,58,549,Sordland/Turn04/A_ConvinceGloria,Gloria Tory,en,「聞いてください。あなたの政権下では女性の地位が向上する可能性が高いと私は考えています。教育大臣が提案中の法案について、かなり有望なアイデアを集めているのです。」
0x01000031000059CA,58,550,Sordland/Turn04/A_ConvinceGloria,Gloria Tory,en,「ですが、忍耐が必要です。今、モニカに発言させては我々全員にとって害となります。」
0x01000031000059D2,58,551,Sordland/Turn04/A_ConvinceGloria,Gloria Tory,en,「レステ市長に少しでも注目を浴びさせてあげましょう。彼の時代もすぐに終わりますから。」
0x01000031000059DA,58,552,Sordland/Turn04/A_ConvinceGloria,Player,en,「いや、モニカがその祭典でスピーチを行う。」
0x01000031000059DA,58,552,Sordland/Turn04/A_ConvinceGloria,Player,Menu Text en,「いや、モニカがその祭典でスピーチを行う。」
0x01000031000059E3,58,553,Sordland/Turn04/A_ConvinceGloria,Gloria Tory,en,「ありがとうございます。どうか信じてください、これが最善の道です。」
0x01000031000059EA,58,554,Sordland/Turn04/A_ConvinceGloria,Player,en,「苦々しい口調だね。あなたが頂点に立つ道のりが、彼女ほど順調ではなかったことを残念に思う。」
0x01000031000059EA,58,554,Sordland/Turn04/A_ConvinceGloria,Player,Menu Text en,「苦々しい口調だね。あなたが頂点に立つ道のりが、彼女ほど順調ではなかったことを残念に思う。」
0x01000031000059F2,58,555,Sordland/Turn04/A_ConvinceGloria,Gloria Tory,en,「確かにそうです。しかし、それは今回の件とは何の関係もありません。」
0x01000031000059FE,58,556,Sordland/Turn04/A_ConvinceGloria,Gloria Tory,en,「では、我々は行き詰まってしまったのですね。」
0x0100003100005A05,58,557,Sordland/Turn04/A_ConvinceGloria,Gloria Tory,en,「では、我々は行き詰まってしまったのですね。」
0x0100001D000025A1,58,558,Sordland/Turn04/A_ConvinceGloria,Gloria Tory,en,「医療制度の民営化やソードランド国営公社の民間移管には大きな懸念があります。私の派閥の支持も変わり得るのです。」
0x010000060004787E,60,4,Sordland/Turn04/PSnW_SchoolVisit,Narrator,en,計画されていた日程の一環として、我々は中学校を視察するためにレイレンに到着した。
0x0100000600047885,60,5,Sordland/Turn04/PSnW_SchoolVisit,Narrator,en,有名なトーレン・ヒル・スクールは、市中心部のすぐ外側にある郊外の近くに位置していた。その建物の両側には二つの丘があり、それぞれに低木や花々が美しく植えられていた。
0x010000060004788D,60,6,Sordland/Turn04/PSnW_SchoolVisit,Narrator,en,ルシアン、シアラ、そして私はそれぞれの車から降りて入口で合流した。我々が来たことは誰にも気付かれていなかったわけではない。護衛たちの他に、少なくとも十人の報道記者が我々の後をつけてきていた。
0x0100000600047895,60,7,Sordland/Turn04/PSnW_SchoolVisit,Lucian Galade,en,「あれが校長でしょう。こちらへどうぞ、大統領。」
0x010000060004789D,60,8,Sordland/Turn04/PSnW_SchoolVisit,Narrator,en,校長は背が低く、濃い口ひげを生やし、眼鏡をかけた男性だった。彼はすぐに我々のもとへ近づいてきたが、警備員たちに止められた。警備員たちは彼の身体を探り、捜索を始めたのだった。
0x01000006000478A5,60,9,Sordland/Turn04/PSnW_SchoolVisit,Principal,en,「大統領。お会いできて光栄です。」
0x01000006000478AC,60,10,Sordland/Turn04/PSnW_SchoolVisit,Player,en,「その必要はない。彼を通してあげてくれ。」
0x01000006000478AC,60,10,Sordland/Turn04/PSnW_SchoolVisit,Player,Menu Text en,「その必要はない。彼を通してあげてくれ。」
0x01000006000478B4,60,11,Sordland/Turn04/PSnW_SchoolVisit,Player_Italic,en,私は彼らがその校長の捜索を終えるのを待った。警備員の一人が私の方を向いてうなずいた。
0x01000006000478B4,60,11,Sordland/Turn04/PSnW_SchoolVisit,Player_Italic,Menu Text en,彼らが終えるのを待とう
0x01000006000478C7,60,12,Sordland/Turn04/PSnW_SchoolVisit,Player_Italic,en,我々は握手を交わした。
0x01000006000478C7,60,12,Sordland/Turn04/PSnW_SchoolVisit,Player_Italic,Menu Text en,彼と握手をする
0x01000006000478CF,60,13,Sordland/Turn04/PSnW_SchoolVisit,Player_Italic,en,我々は握手を交わし、私はカメラに向かって微笑むために振り返った。記者たちはすぐに数枚の写真を撮った。
0x01000006000478CF,60,13,Sordland/Turn04/PSnW_SchoolVisit,Player_Italic,Menu Text en,彼と握手し、カメラに向かって微笑む
0x01000006000478D9,60,14,Sordland/Turn04/PSnW_SchoolVisit,Principal,en,「我々の質素な学校へようこそです。」
0x010000060004791D,60,15,Sordland/Turn04/PSnW_SchoolVisit,Player,en,「警備員の件は申し訳ない。それは必要な措置で、標準的な手順だ。」
0x010000060004791D,60,15,Sordland/Turn04/PSnW_SchoolVisit,Player,Menu Text en,「警備員の件は申し訳ない。それは必要な措置で、標準的な手順だ。」
0x0100000600047924,60,16,Sordland/Turn04/PSnW_SchoolVisit,Player,en,「こちらにいられて良かっただ。」
0x0100000600047924,60,16,Sordland/Turn04/PSnW_SchoolVisit,Player,Menu Text en,「こちらにいられて良かっただ。」
0x010000060004792B,60,17,Sordland/Turn04/PSnW_SchoolVisit,Player,en,「では、始めよう。」
0x010000060004792B,60,17,Sordland/Turn04/PSnW_SchoolVisit,Player,Menu Text en,「では、始めよう。」
0x0100000600047936,60,18,Sordland/Turn04/PSnW_SchoolVisit,Lucian Galade,en,「お会いできて光栄です、大統領。」
0x010000060004793D,60,19,Sordland/Turn04/PSnW_SchoolVisit,Principal,en,「素晴らしいです。あなたがガラドさんに違いありませんね。」
0x0100000600047948,60,20,Sordland/Turn04/PSnW_SchoolVisit,Principal,en,「ワルダさんもいらっしゃって。わざわざこちらまでお越しくださり、本当にありがとうございます。」
0x0100000600047950,60,21,Sordland/Turn04/PSnW_SchoolVisit,Ciara Walda,en,「ありがとう。」
0x0100000600047958,60,22,Sordland/Turn04/PSnW_SchoolVisit,Narrator,en,我々が中に入ると、学生たちは国歌を歌い始めた。
0x0100000600047960,60,23,Sordland/Turn04/PSnW_SchoolVisit,Narrator,en,国歌が終わると、生徒たちはすぐに姿勢を正し、私の方を向いた。
0x0100000600047968,60,24,Sordland/Turn04/PSnW_SchoolVisit,Ciara Walda,en,「学校というよりは軍事施設のようですね。」
0x0100000600047970,60,25,Sordland/Turn04/PSnW_SchoolVisit,Principal,en,「その通りです。それこそが我々の誇りであり、当校において規律は最も重要な要素なのです。」
0x0100000600047978,60,26,Sordland/Turn04/PSnW_SchoolVisit,Player,en,「少しの規律は誰にとっても害にならない。」
0x0100000600047978,60,26,Sordland/Turn04/PSnW_SchoolVisit,Player,Menu Text en,「ある程度の規律は、誰にとっても害にならない。」
0x010000060004797F,60,27,Sordland/Turn04/PSnW_SchoolVisit,Player,en,「よろしい。」
0x010000060004797F,60,27,Sordland/Turn04/PSnW_SchoolVisit,Player,Menu Text en,「よろしい。」
0x0100000600047986,60,28,Sordland/Turn04/PSnW_SchoolVisit,Player,en,「我々に必要なのは兵士ではなく、より多くの教養を持つ人々だ。」
0x0100000600047986,60,28,Sordland/Turn04/PSnW_SchoolVisit,Player,Menu Text en,「我々に必要なのは兵士ではなく、より多くの教養を持つ人々だ。」
0x0100000600047990,60,29,Sordland/Turn04/PSnW_SchoolVisit,Ciara Walda,en,「その点については我々の考えは一致しています。」
0x01000006000479A0,60,30,Sordland/Turn04/PSnW_SchoolVisit,Ciara Walda,en,「ある程度はそうかもしれません。これらの子供たちを見てください。」
0x01000006000479A8,60,31,Sordland/Turn04/PSnW_SchoolVisit,Narrator,en,シアラは顔をしかめて首を振った。
0x01000006000479BA,60,32,Sordland/Turn04/PSnW_SchoolVisit,Narrator,en,男の子と女の子がステージに上がり、マイクを手に取った。生徒たちは二人の方を向いた。
0x01000006000479C1,60,33,Sordland/Turn04/PSnW_SchoolVisit,Principal,en,「私の方からお約束します。我が校の生徒たちは非常に優れた教育を受けており、実際、こちらの学校はソードランド全土でトップ10に入る中学校の一つです。」
0x01000006000479D0,60,34,Sordland/Turn04/PSnW_SchoolVisit,Principal,en,「大統領、気に入っていただけて嬉しいです。」
0x01000006000479D8,60,35,Sordland/Turn04/PSnW_SchoolVisit,Principal,en,「これより、生徒たちが毎日行う学生誓約の儀式を見ていきましょう。」
0x01000006000479E7,60,36,Sordland/Turn04/PSnW_SchoolVisit,Principal,en,「私が保証します。我々の生徒たちは非常に優れた教育を受けており、実際、当校はソードランド全土でトップ10に入る中学校の一つです。」
0x01000006000479F3,60,37,Sordland/Turn04/PSnW_SchoolVisit,Boy,en,「私はソードです！私の力はこの血にあります！」
0x01000006000479FA,60,38,Sordland/Turn04/PSnW_SchoolVisit,Girl,en,「私は我が国の尊敬すべき長老たちを敬います！若者たちを守り抜きます！」
0x0100000600047A03,60,39,Sordland/Turn04/PSnW_SchoolVisit,Boy,en,「私の人生は今やソードランドに属しており、これからも永遠にそうであり続けるのです！」
0x0100000600047A0B,60,40,Sordland/Turn04/PSnW_SchoolVisit,Girl,en,「私は常にその指針の光に従っていくのです！」
0x0100000600047A13,60,41,Sordland/Turn04/PSnW_SchoolVisit,Boy,en,「ソル大佐とソード青年団のために！」
0x0100000600047A1B,60,42,Sordland/Turn04/PSnW_SchoolVisit,Girl,en,「A モルグナ wes core！ベクターン sis da！」
0x0100000600047A23,60,43,Sordland/Turn04/PSnW_SchoolVisit,Player_Italic,en,私は大声で拍手をし始めた。他の人たちも皆、一緒に拍手した。
0x0100000600047A23,60,43,Sordland/Turn04/PSnW_SchoolVisit,Player_Italic,Menu Text en,大声で拍手をする
0x0100000600047A2B,60,44,Sordland/Turn04/PSnW_SchoolVisit,Player_Italic,en,私は子供たちにうなずいた。
0x0100000600047A2B,60,44,Sordland/Turn04/PSnW_SchoolVisit,Player_Italic,Menu Text en,子供たちにうなずく
0x0100000600047A33,60,45,Sordland/Turn04/PSnW_SchoolVisit,Player_Italic,en,私は何もしなかった。
0x0100000600047A33,60,45,Sordland/Turn04/PSnW_SchoolVisit,Player_Italic,Menu Text en,何もしない
0x0100000600047A3E,60,46,Sordland/Turn04/PSnW_SchoolVisit,Ciara Walda,en,「えっ？卒業してしまえば、誰もそれを覚えていないのですか？」
0x0100000600047A45,60,47,Sordland/Turn04/PSnW_SchoolVisit,Lucian Galade,en,「覚えておくべき言葉です。」
0x0100000600047A50,60,48,Sordland/Turn04/PSnW_SchoolVisit,Principal,en,「もし私についてきていただけるなら、教室の一つを見てまいりましょう。」
0x0100000600047A58,60,49,Sordland/Turn04/PSnW_SchoolVisit,Narrator,en,廊下を進みながら、我々は7-A教室へと向かった。私が中に入るとすぐに、教室の全員が立ち上がって敬礼した。
0x0100000600047A60,60,50,Sordland/Turn04/PSnW_SchoolVisit,Player,en,「どうぞ座ってくれ。」
0x0100000600047A60,60,50,Sordland/Turn04/PSnW_SchoolVisit,Player,Menu Text en,「どうぞ、座ってくれ。」
0x0100000600047A67,60,51,Sordland/Turn04/PSnW_SchoolVisit,Player,en,「落ち着いてくれ。」
0x0100000600047A67,60,51,Sordland/Turn04/PSnW_SchoolVisit,Player,Menu Text en,「落ち着いてくれ。」
0x0100000600047A78,60,52,Sordland/Turn04/PSnW_SchoolVisit,Narrator,en,生徒たちは席に着いた。先ほどのあの男の子と女の子が再び我々のもとへやって来た。
0x0100000600047A81,60,53,Sordland/Turn04/PSnW_SchoolVisit,Principal,en,「こちらが我々の優秀な生徒たちであり、最高のクラスです。そしてこの子が私の息子です。」
0x0100000600047A89,60,54,Sordland/Turn04/PSnW_SchoolVisit,Narrator,en,その少年は私の前に来て、軍人のように敬礼をした。
0x0100000600047A91,60,55,Sordland/Turn04/PSnW_SchoolVisit,Principal,en,「大統領に、あなたが何になりたいのかをお伝えしなさい。」
0x0100000600047A99,60,56,Sordland/Turn04/PSnW_SchoolVisit,Boy,en,「大統領！私は将軍になりたいのです！」
0x0100000600047AA1,60,57,Sordland/Turn04/PSnW_SchoolVisit,Boy,en,「私は我が国とあなたのために、自らを犠牲にする覚悟でございます、大統領！」
0x0100000600047AA9,60,58,Sordland/Turn04/PSnW_SchoolVisit,Player,en,「よろしい。お前は将来的に優れた兵士になるだろう。落ち着け、将軍！」
0x0100000600047AA9,60,58,Sordland/Turn04/PSnW_SchoolVisit,Player,Menu Text en,「よろしい。お前は将来的に優れた兵士になるだろう。落ち着け、将軍！」
0x0100000600047AB1,60,59,Sordland/Turn04/PSnW_SchoolVisit,Player,en,「それは馬鹿げている。一体何を教えようとしているのか、これらの生徒たちに？」
0x0100000600047AB1,60,59,Sordland/Turn04/PSnW_SchoolVisit,Player,Menu Text en,「それは馬鹿げている。一体何を教えようとしているのか、これらの生徒たちに？」
0x0100000600047AB9,60,60,Sordland/Turn04/PSnW_SchoolVisit,Player,en,「そのような事態が起こらないよう、私にできる限りのことをする。」
0x0100000600047AB9,60,60,Sordland/Turn04/PSnW_SchoolVisit,Player,Menu Text en,「そのような事態が起こらないよう、私にできる限りのことをする。」
0x0100000600047AC1,60,61,Sordland/Turn04/PSnW_SchoolVisit,Principal,en,「気に入らなかったのですか？大変申し訳ありません、大統領。」
0x0100000600047AC8,60,62,Sordland/Turn04/PSnW_SchoolVisit,Narrator,en,校長はひどく驚いた様子だった。
0x0100000600047AD1,60,63,Sordland/Turn04/PSnW_SchoolVisit,Narrator,en,校長は息子の肩を軽く叩き、少年は顔を上げて父親に微笑みかけた。父親は彼の背中を撫でて、自分の席に戻るよう促した。
0x0100000600047ADA,60,64,Sordland/Turn04/PSnW_SchoolVisit,Boy,en,「ありがとうございます、大統領！」
0x0100000600047AE4,60,65,Sordland/Turn04/PSnW_SchoolVisit,Ciara Walda,en,「これはまったく馬鹿げています。ここでは学生を育てているのではなく、兵士を養成しているのです！」
0x0100000600047AEC,60,66,Sordland/Turn04/PSnW_SchoolVisit,Principal,en,「大変申し訳ありません。直ちに懲戒処分を行います。」
0x0100000600047AF5,60,67,Sordland/Turn04/PSnW_SchoolVisit,Ciara Walda,en,「若い女性のあなたはどう思いますか？これについては何とお考えですか？」
0x0100000600047AFD,60,68,Sordland/Turn04/PSnW_SchoolVisit,Principal,en,「彼女はこの学校で最も優秀な生徒です。彼女の卓越した成績は――」
0x0100000600047B04,60,69,Sordland/Turn04/PSnW_SchoolVisit,Ciara Walda,en,「私が尋ねたわけではありません。」
0x0100000600047B0D,60,70,Sordland/Turn04/PSnW_SchoolVisit,Girl,en,「私は――」
0x0100000600047B15,60,71,Sordland/Turn04/PSnW_SchoolVisit,Girl,en,「男の子たちが科学や化学を学んでいる間、私だけが編み物や裁縫をしなければならないのはもううんざりです。私の方が彼ら全員より賢いのに、なぜこんな馬鹿げた手工芸の授業を受けなければいけないのでしょうか？」
0x0100000600047B1C,60,72,Sordland/Turn04/PSnW_SchoolVisit,Principal,en,「しーっ！あなたが何者かわかっているのですか――」
0x0100000600047B25,60,73,Sordland/Turn04/PSnW_SchoolVisit,Ciara Walda,en,「黙れ。彼女に話させなさい。」
0x0100000600047B2D,60,74,Sordland/Turn04/PSnW_SchoolVisit,Girl,en,「私の数学と読解の成績は学校で最も高いのです。でも、女の子だからというだけで、望む授業を受けさせてもらえないのです。」
0x0100000600047B35,60,75,Sordland/Turn04/PSnW_SchoolVisit,Girl,en,「私は科学者になりたいのです！兵士の妻なんて嫌です！」
0x0100000600047B3D,60,76,Sordland/Turn04/PSnW_SchoolVisit,Player,en,「校長先生、彼女の言うことを聞いてくれ。直ちに必要な変更を行っていただきたいのだ。」
0x0100000600047B3D,60,76,Sordland/Turn04/PSnW_SchoolVisit,Player,Menu Text en,「校長先生、彼女の言うことを聞いてくれ。直ちに必要な変更を行っていただきたいのだ。」
0x0100000600047B44,60,77,Sordland/Turn04/PSnW_SchoolVisit,Player,en,「ですが、編み物や裁縫は女性にとって必要な重要な技能だ。」
0x0100000600047B44,60,77,Sordland/Turn04/PSnW_SchoolVisit,Player,Menu Text en,「ですが、編み物や裁縫は女性にとって必要な重要な技能だ。」
0x0100000600047B4D,60,78,Sordland/Turn04/PSnW_SchoolVisit,Narrator,en,シアラの目は私に向かって鋭い視線を放っていた。彼女は再びその少女の方を見た。
0x0100000600047B55,60,79,Sordland/Turn04/PSnW_SchoolVisit,Lucian Galade,en,「私が直接確認し、必要な変更が行われるように致します。」
0x0100000600047B5D,60,80,Sordland/Turn04/PSnW_SchoolVisit,Principal,en,「ご命令の通りです、大統領。直ちに対応いたします。」
0x0100000600047B66,60,81,Sordland/Turn04/PSnW_SchoolVisit,Player,en,「この国にはあなたのような人材がもっと必要だ。あなたの決意を高く評価する。」
0x0100000600047B66,60,81,Sordland/Turn04/PSnW_SchoolVisit,Player,Menu Text en,「この国にはあなたのような人材がもっと必要だ。あなたの決意を高く評価する。」
0x0100000600047B6E,60,82,Sordland/Turn04/PSnW_SchoolVisit,Ciara Walda,en,「心配しないでください。後ほど二人だけで話しましょう、ね？」
0x0100000600047B76,60,83,Sordland/Turn04/PSnW_SchoolVisit,Principal,en,「はい、大統領。」
0x0100000600047B7E,60,84,Sordland/Turn04/PSnW_SchoolVisit,Ciara Walda,en,「言葉だけでは不十分です。行動が必要です。」
0x0100000600047B8D,60,85,Sordland/Turn04/PSnW_SchoolVisit,Girl,en,「わかりました。」
0x0100000600047B95,60,86,Sordland/Turn04/PSnW_SchoolVisit,Lucian Galade,en,「では、残念ながらもう時間がほとんどありません。今日は他にも出席しなければならない会議があります。」
0x0100000600047B9C,60,87,Sordland/Turn04/PSnW_SchoolVisit,Ciara Walda,en,「具体的な行動が必要です。このような少女たちを守らなければなりません。」
0x0100000600047BA3,60,88,Sordland/Turn04/PSnW_SchoolVisit,Narrator,en,カメラのフラッシュが光った。
0x0100000600047BAD,60,89,Sordland/Turn04/PSnW_SchoolVisit,Narrator,en,カメラのフラッシュが再び光った。
0x0100000600047BB9,60,90,Sordland/Turn04/PSnW_SchoolVisit,Lucian Galade,en,「温かい歓迎をいただき、ありがとうございます。」
0x0100000600047BC1,60,91,Sordland/Turn04/PSnW_SchoolVisit,Player,en,「わかりました。」
0x0100000600047BC1,60,91,Sordland/Turn04/PSnW_SchoolVisit,Player,Menu Text en,「わかりました。」
0x0100000600047BC8,60,92,Sordland/Turn04/PSnW_SchoolVisit,Player,en,「ルシアン、もう行こう。」
0x0100000600047BC8,60,92,Sordland/Turn04/PSnW_SchoolVisit,Player,Menu Text en,「ルシアン、もう行こう。」
0x0100000600047BCF,60,93,Sordland/Turn04/PSnW_SchoolVisit,Player,en,「ご案内いただき、ありがとう。」
0x0100000600047BCF,60,93,Sordland/Turn04/PSnW_SchoolVisit,Player,Menu Text en,「ご案内いただき、ありがとう。」
0x0100000600047BD6,60,94,Sordland/Turn04/PSnW_SchoolVisit,Ciara Walda,en,「大統領。ルシアン、どうぞ先に進んでください。私はその少女と二人きりで話をしたいのです。」
0x0100000600047BE1,60,95,Sordland/Turn04/PSnW_SchoolVisit,Principal,en,「我々の学校をご訪問いただき、ありがとうございます、大統領。」
0x0100000600047BEB,60,96,Sordland/Turn04/PSnW_SchoolVisit,Principal,en,「さあ、生徒たち。いち、に。」
0x0100000600047BF3,60,97,Sordland/Turn04/PSnW_SchoolVisit,Boy,en,「A モルグナ wes core！」
0x0100000600047BFA,60,98,Sordland/Turn04/PSnW_SchoolVisit,Narrator,en,教室にいた生徒全員が叫び声を上げたが、私が会った少年の声が最も大きかっただ。
0x0100000600047C03,60,99,Sordland/Turn04/PSnW_SchoolVisit,Narrator,en,もう一度写真撮影を終えた後、我々はその場を去った。
0x0100000600047C0B,60,100,Sordland/Turn04/PSnW_SchoolVisit,Narrator,en,私は教室の中を見回し、ソル大佐の大きな肖像画があるのを目にした。
0x0100000600047C13,60,101,Sordland/Turn04/PSnW_SchoolVisit,Player,en,「それを取り下げてくれ。」
0x0100000600047C13,60,101,Sordland/Turn04/PSnW_SchoolVisit,Player,Menu Text en,「それを取り下げてくれ。」
0x0100000600047C23,60,102,Sordland/Turn04/PSnW_SchoolVisit,Player_Italic,en,私は何も言わなかった。
0x0100000600047C23,60,102,Sordland/Turn04/PSnW_SchoolVisit,Player_Italic,Menu Text en,何も言わない
0x0100000600047C2D,60,103,Sordland/Turn04/PSnW_SchoolVisit,Principal,en,「しかし大統領、あれはソル大佐の肖像画です。簡単に取り下げるわけにはいきません。」
0x0100000600047C35,60,104,Sordland/Turn04/PSnW_SchoolVisit,Player,en,「もう一度言わせないでくれ。」
0x0100000600047C35,60,104,Sordland/Turn04/PSnW_SchoolVisit,Player,Menu Text en,「もう一度言わせないでくれ。」
0x0100000600047C3C,60,105,Sordland/Turn04/PSnW_SchoolVisit,Player,en,「ルシアン、やってくれ。」
0x0100000600047C3C,60,105,Sordland/Turn04/PSnW_SchoolVisit,Player,Menu Text en,「ルシアン、やってくれ。」
0x0100000600047C45,60,106,Sordland/Turn04/PSnW_SchoolVisit,Player,en,「私はあなたに命令を下したのだ。」
0x0100000600047C45,60,106,Sordland/Turn04/PSnW_SchoolVisit,Player,Menu Text en,「私はあなたに命令を下したのだ。」
0x0100000600047C4D,60,107,Sordland/Turn04/PSnW_SchoolVisit,Narrator,en,報道記者たちでさえ一瞬困惑した様子を見せたが、すぐに取り外されていく肖像画の写真を何枚も撮った。
0x0100000600047C54,60,108,Sordland/Turn04/PSnW_SchoolVisit,Narrator,en,ルシアンはその枠を外して校長に渡した。
0x0100000600047C5C,60,109,Sordland/Turn04/PSnW_SchoolVisit,Narrator,en,校長はしぶしぶその肖像画を下ろした。
0x0100000600047C69,60,110,Sordland/Turn04/PSnW_SchoolVisit,Narrator,en,シアラは微笑んでいて、私が彼女を見ていることに気づくとうなずいた。
0x0100000600047C74,60,111,Sordland/Turn04/PSnW_SchoolVisit,Player,en,「ソル大佐の素晴らしい肖像画だね。とてもリアルだ。」
0x0100000600047C74,60,111,Sordland/Turn04/PSnW_SchoolVisit,Player,Menu Text en,「ソル大佐の素晴らしい肖像画だね。とてもリアルだ。」
0x0100000600047C7C,60,112,Sordland/Turn04/PSnW_SchoolVisit,Principal,en,「ありがとうございます。」
0x0100000300037DBB,60,115,Sordland/Turn04/PSnW_SchoolVisit,Player_Italic,en,私は教室を出た。
0x0100000300037DBB,60,115,Sordland/Turn04/PSnW_SchoolVisit,Player_Italic,Menu Text en,去る
0x0100000300037DC5,60,116,Sordland/Turn04/PSnW_SchoolVisit,Player,en,「Vectern sis da!」
0x0100000300037DC5,60,116,Sordland/Turn04/PSnW_SchoolVisit,Player,Menu Text en,「Vectern sis da!」
0x010000040000C1E3,60,156,Sordland/Turn04/PSnW_SchoolVisit,Principal,en,「あらゆる社会、あらゆる家庭において、教育こそが進歩の前提です。」
0x010000040000C1EA,60,157,Sordland/Turn04/PSnW_SchoolVisit,Narrator,en,"入口の壁には、学校のモットーが大きな文字で刻まれていた。「Instreten sis er Anginicar av Gereigna, int olla Almergwolltene, int olla Mexis。」"
0x0100000E00002AC7,60,158,Sordland/Turn04/PSnW_SchoolVisit,Narrator,en,シアラは怒りを露わにした。
0x0100000E00002ACE,60,159,Sordland/Turn04/PSnW_SchoolVisit,Narrator,en,彼女はかがみ込み、その若い学生に優しく話しかけた。
0x0100000E00002AD4,60,160,Sordland/Turn04/PSnW_SchoolVisit,Ciara Walda,en,「大統領、あなたの学校についてはどう思われますか？女性同士だけの話ですよ。」
0x0100000E00002ADD,60,161,Sordland/Turn04/PSnW_SchoolVisit,Narrator,en,シアラの存在がその少女を勇気づけ、彼女は話し続けた。
0x0100006500003293,60,170,Sordland/Turn04/PSnW_SchoolVisit,Narrator,en,校長は誇らしげに彼らを見つめた。
0x010000650000329C,60,171,Sordland/Turn04/PSnW_SchoolVisit,Principal,en,「素晴らしいですね、私の愛する生徒たちよ。」
0x01000065000032A5,60,172,Sordland/Turn04/PSnW_SchoolVisit,Narrator,en,我々が門を通って中に入ると、本館の階段の前には多くの学生たちが列をなしていた。
0x010000640000BBDB,61,3,Sordland/Turn04/Personal_LucianChessMatch,Narrator,en,夕暮れが首都を覆い、私とルシアンは私の執務室で二人きりになった。私は最高戦略担当者の視線を追って、コーヒーテーブルの上にあるチェス盤に目を向けた。
0x010000640000BBE9,61,4,Sordland/Turn04/Personal_LucianChessMatch,Narrator,en,その光景を見ると、もっと単純だった時代のことが思い出された。深夜に行われていた戦略会議が次第にチェスの対局へと変わっていった日々のことだ。我々は政治的な混乱から逃れ、ルークやビショップが存在する世界へと身を置いていたのだ。
0x010000640000BBF1,61,5,Sordland/Turn04/Personal_LucianChessMatch,Narrator,en,我々の対局は緊張感と親しみやすさが共存するもので、長い間続いてきた我々の関係を反映していた。ルシアンは常に強敵であることを証明してきた。
0x010000640000BBF8,61,6,Sordland/Turn04/Personal_LucianChessMatch,Narrator,en,彼のチェス盤上での戦略も政治における戦略も、同じように予測不可能な鋭さを持っていた。
0x010000640000BBFF,61,7,Sordland/Turn04/Personal_LucianChessMatch,Narrator,en,静かなノック音が、私の思い出に浸っているところを遮った。
0x010000640000BC06,61,8,Sordland/Turn04/Personal_LucianChessMatch,Livia Suno,en,「長い夜をかけて戦略を練ってきたのに、今度はチェスまで。あなたたち二人とも、絶え間なく考え続けるんですね？」
0x010000640000BC21,61,11,Sordland/Turn04/Personal_LucianChessMatch,Narrator,en,リヴィアがいつものコーヒーを持って部屋に入ってきた。彼女はチェス盤に気づくと微笑んだ。
0x010000640000BC29,61,12,Sordland/Turn04/Personal_LucianChessMatch,Lucian Galade,en,「大統領、力を持つのが常に王であるとは限らないことをお忘れなきよう。時には、適切な場所に置かれたポーンが局面を変えてしまうものです。」
0x010000640000BC37,61,13,Sordland/Turn04/Personal_LucianChessMatch,Player,en,「リヴィア、いつも楽しいね。コーヒーまで持ってきてくれるとなおさらだ。」
0x010000640000BC3C,61,14,Sordland/Turn04/Personal_LucianChessMatch,Player,en,「もし今回の対局が昔我々が遊んでいた時ほど時間がかかるようなら、夕食を注文しなければならないかもしれない。」
0x010000640000BC41,61,15,Sordland/Turn04/Personal_LucianChessMatch,Player,en,「リヴィア、チェスについてどう思うか？習ってみたいと思ったことはあるか？」
0x010000640000BC4C,61,16,Sordland/Turn04/Personal_LucianChessMatch,Livia Suno,en,「大統領、この官庁の業務が滞らないようにするのが私の仕事です。」
0x010000640000BC53,61,17,Sordland/Turn04/Personal_LucianChessMatch,Livia Suno,en,「では、マルーン宮殿のシェフを速ダイヤルに登録しておきます。」
0x010000640000BC5A,61,18,Sordland/Turn04/Personal_LucianChessMatch,Livia Suno,en,「大統領、私はウィストの方が好きです。複雑な策略は専門家に任せます。」
0x010000640000BC61,61,19,Sordland/Turn04/Personal_LucianChessMatch,Narrator,en,彼女は振り返って部屋を出て行った。ルシアンはわずかにうなずいて彼女の退室を受け入れたが、その目は依然としてチェス盤から離れなかった。
0x010000640000BC67,61,20,Sordland/Turn04/Personal_LucianChessMatch,Livia Suno,en,「皆さん、楽しんで対局してください。」
0x010000640000BC76,61,21,Sordland/Turn04/Personal_LucianChessMatch,Player,en,「それはまさにその通りではないだ？私も最高の手を打つ際にはポーンを活用してきた。」
0x010000640000BC7C,61,22,Sordland/Turn04/Personal_LucianChessMatch,Player,en,「ルシアン、彼ら二人とも実際の権力を持ってはいない。彼らを操っているのはプレイヤーなのだ。」
0x010000640000BC82,61,23,Sordland/Turn04/Personal_LucianChessMatch,Player,en,「チェス盤上の力関係は政治について多くを教えてくれるものだ。ルシアン、そう思わないか？」
0x010000640000BC88,61,24,Sordland/Turn04/Personal_LucianChessMatch,Lucian Galade,en,「一方で、大統領、他の駒を見落としてしまえば、いかに戦略的なポーンの動きであっても何の役にも立ちません。」
0x010000640000BC8F,61,25,Sordland/Turn04/Personal_LucianChessMatch,Lucian Galade,en,「もちろんです、大統領。しかし賢明なプレイヤーであれば、盤上の各駒の価値を理解しています。」
0x010000640000BC96,61,26,Sordland/Turn04/Personal_LucianChessMatch,Lucian Galade,en,「もちろんです。政治家たちとチェスを指せば、どんな演説よりも彼らの目的や計画について多くのことがわかります。」
0x010000640000BCAD,61,27,Sordland/Turn04/Personal_LucianChessMatch,Narrator,en,彼の巧みな駒の動かし方は、ペトルと我々が出世していくのを支えてくれた見えない裏工作を反映していた。
0x010000640000BCB4,61,28,Sordland/Turn04/Personal_LucianChessMatch,Narrator,en,ルシアンがチェス盤の上に駒を並べている間、我々がUSPで過ごした初期の日々の思い出がよみがえってきた。
0x010000640000BCC2,61,29,Sordland/Turn04/Personal_LucianChessMatch,Narrator,en,最後の駒が配置されると、チェス盤は静まり返った戦場へと変わっていった。
0x010000640000BCD0,61,30,Sordland/Turn04/Personal_LucianChessMatch,Player,en,「ルシアン、この対局を始めようか？」
0x010000640000BCD6,61,31,Sordland/Turn04/Personal_LucianChessMatch,Player,en,「もう過去の話は十分だ。始めよう、ルシアン。」
0x010000640000BCE3,61,32,Sordland/Turn04/Personal_LucianChessMatch,Lucian Galade,en,「確かにです、大統領。チェスの対局こそが我々に必要なものです。」
0x010000640000BCE9,61,33,Sordland/Turn04/Personal_LucianChessMatch,Lucian Galade,en,「ああ、大統領としての性急さですな。わかりました、では始めましょう。」
0x010000640000BCFB,61,34,Sordland/Turn04/Personal_LucianChessMatch,Lucian Galade,en,「どちらの色がお好きですか？いつもの黒か、今回は白でしょうか？」
0x010000640000BD03,61,35,Sordland/Turn04/Personal_LucianChessMatch,Player,en,「私は黒を選ぶ。反応する上での利点が気に入っているのだ。」
0x010000640000BD09,61,36,Sordland/Turn04/Personal_LucianChessMatch,Player,en,「私にとってはどちらでも構わない、ルシアン。どちらの側からでもプレイできる。」
0x010000640000BD0F,61,37,Sordland/Turn04/Personal_LucianChessMatch,Player,en,「私は白を選ぶ。先手の栄誉を。」
0x010000640000BD18,61,38,Sordland/Turn04/Personal_LucianChessMatch,Lucian Galade,en,「優れた選択ですね。指導者としてのご意欲にふさわしい。最初の手は大統領様の番です。」
0x010000640000BD1E,61,39,Sordland/Turn04/Personal_LucianChessMatch,Lucian Galade,en,「戦略家としての選択ですね。驚きません。対応するのはあなた次第です。」
0x010000640000BD24,61,40,Sordland/Turn04/Personal_LucianChessMatch,Lucian Galade,en,「もし差し支えなければ、最初の手を打つ栄誉を私にお与えください。白側を選びます。」
0x010000640000BD2D,61,41,Sordland/Turn04/Personal_LucianChessMatch,Narrator,en,側面が決まると、ルシアンは背もたれにもたれかかり、物思いにふけるように指を組んだ。
0x010000640000BD3C,61,43,Sordland/Turn04/Personal_LucianChessMatch,Narrator,en,こうしてその対局が始まったのである。
0x010000640000BD49,61,47,Sordland/Turn04/Personal_LucianChessMatch,Player,en,「ルシアン、良い挑戦というものは常に楽しいものだ。シーナンは我々二人を常に警戒心を持たせてくれるだろう。」
0x010000640000BD4F,61,48,Sordland/Turn04/Personal_LucianChessMatch,Player,en,「ああ、ルシアン、新南防御は最も優れた攻撃法だと言われているよ。」
0x010000640000BD55,61,49,Sordland/Turn04/Personal_LucianChessMatch,Player,en,「ルシアン、少し雰囲気を変えてみようと思う。シーナンでどれだけ上手く対応できるか見てみよう。」
0x010000640000BD61,61,50,Sordland/Turn04/Personal_LucianChessMatch,Player,en,「レティ？もう少し趣向を凝らしてみよう。」
0x010000640000BD67,61,51,Sordland/Turn04/Personal_LucianChessMatch,Player,en,「中心だけが全てというわけではないだよね？」
0x010000640000BD6D,61,52,Sordland/Turn04/Personal_LucianChessMatch,Player,en,「興味深い始まりだね、ルシアン。」
0x010000640000BD73,61,53,Sordland/Turn04/Personal_LucianChessMatch,Lucian Galade,en,「確かに、大統領。次の手を見るのが楽しみです。」
0x010000640000BD79,61,54,Sordland/Turn04/Personal_LucianChessMatch,Lucian Galade,en,「それは戦略の舞いです、大統領。我々二人とも、そのための『靴』を持ってきていることを願います。」
0x010000640000BD7F,61,55,Sordland/Turn04/Personal_LucianChessMatch,Lucian Galade,en,「確かにその通りでございます、大統領。今日の我々にも同じことが当てはまるか試してみましょう。」
0x010000640000BD85,61,56,Sordland/Turn04/Personal_LucianChessMatch,Narrator,en,こうして対局が始まった。最初の決定は私が下したものだった。
0x010000640000BD8F,61,57,Sordland/Turn04/Personal_LucianChessMatch,Narrator,en,ルシアンはナイトをg1からf3に動かした。レティ・オープニングを目指しての動きだった。
0x010000640000BD9F,61,58,Sordland/Turn04/Personal_LucianChessMatch,Player_Italic,en,ルシアンのレティ・オープニングの試みに応えて、私は中心部での支配力を強化するために、d7からd5へとポーンを前進させた。
0x010000640000BD9F,61,58,Sordland/Turn04/Personal_LucianChessMatch,Player_Italic,Menu Text en,中心を掌握する
0x010000640000BDA6,61,59,Sordland/Turn04/Personal_LucianChessMatch,Player_Italic,en,ルシアンのナイトに対抗して、私は自分のナイトをg8からf6へと動かし、中央を狙いながら防御体制を整えた。
0x010000640000BDA6,61,59,Sordland/Turn04/Personal_LucianChessMatch,Player_Italic,Menu Text en,騎士の進軍
0x010000640000BDCE,61,63,Sordland/Turn04/Personal_LucianChessMatch,Lucian Galade,en,「ああ、対称性。それ自体が一つの芸術形態ですね。」
0x010000640000BDDC,61,64,Sordland/Turn04/Personal_LucianChessMatch,Lucian Galade,en,「素晴らしい手です、レイン大統領。中央の支配を維持することはしばしば重要な鍵となります。」
0x010000640000BDF0,61,65,Sordland/Turn04/Personal_LucianChessMatch,Narrator,en,ルシアンの次の手は計算され尽くした迅速なものだった。ビショップはf1からg2へと滑るように動き、将側のキャッスルを行う準備をしつつ、ポーン構成を強化した。
0x010000640000BDF7,61,66,Sordland/Turn04/Personal_LucianChessMatch,Narrator,en,ルシアンの返答はg2からg3へのポーンの動きという形で現れ、自分のビショップをフィアンケットするという決意をほのめかしていた。
0x010000640000BDFE,61,67,Sordland/Turn04/Personal_LucianChessMatch,Player,en,「まだ防御に隠れるには早い時期だよね？」
0x010000640000BE04,61,68,Sordland/Turn04/Personal_LucianChessMatch,Player,en,「私のビショップが動いているようだね。」
0x010000640000BE0A,61,69,Sordland/Turn04/Personal_LucianChessMatch,Player,en,「堅実な防御を選ぶのか、ルシアン？」
0x010000640000BE13,61,70,Sordland/Turn04/Personal_LucianChessMatch,Player,en,「珍しいやり方だね。これがどう展開するのか、見てみたいものだ。」
0x010000640000BE19,61,71,Sordland/Turn04/Personal_LucianChessMatch,Player,en,「ファインケットの構えか、興味深いね。」
0x010000640000BE1F,61,72,Sordland/Turn04/Personal_LucianChessMatch,Player,en,「ビショップの配置をしているようだね。」
0x010000640000BE28,61,73,Sordland/Turn04/Personal_LucianChessMatch,Lucian Galade,en,「どんな城にも城壁は必要だ。」
0x010000640000BE2E,61,74,Sordland/Turn04/Personal_LucianChessMatch,Lucian Galade,en,「王のゲームにおいては、どれだけ慎重であっても過ぎることはありません。」
0x010000640000BE34,61,75,Sordland/Turn04/Personal_LucianChessMatch,Lucian Galade,en,「各駒にはそれぞれ果たすべき役割があります、大統領。」
0x010000640000BE3A,61,76,Sordland/Turn04/Personal_LucianChessMatch,Lucian Galade,en,「駒を育てることも重要だ。」
0x010000640000BE40,61,77,Sordland/Turn04/Personal_LucianChessMatch,Lucian Galade,en,「人生というものは、予期せぬ出来事で満ちているのです。」
0x010000640000BE46,61,78,Sordland/Turn04/Personal_LucianChessMatch,Lucian Galade,en,「多様性については、よく言われていることがありますね。」
0x010000640000BE6B,61,79,Sordland/Turn04/Personal_LucianChessMatch,Player_Italic,en,私はe4から手を進め、ルシアンはc5で応じた。私はダイナミックで非対称的な局面を目指し、シーナン防衛戦を始めていたのだ。
0x010000640000BE6B,61,79,Sordland/Turn04/Personal_LucianChessMatch,Player_Italic,Menu Text en,シーナン防御
0x010000640000BE72,61,80,Sordland/Turn04/Personal_LucianChessMatch,Player_Italic,en,私は自分のポーンをe4に動かし、ルシアンはe5で応じた。その後、王のギャンビットを示すために大胆にfポーンを前進させた。
0x010000640000BE72,61,80,Sordland/Turn04/Personal_LucianChessMatch,Player_Italic,Menu Text en,キングス・ギャンビット
0x010000640000BE7A,61,81,Sordland/Turn04/Personal_LucianChessMatch,Lucian Galade,en,「ああ、シーナン防御ですか。大胆な選択ですね、大統領。面白い対局になりそうです。」
0x010000640000BE80,61,82,Sordland/Turn04/Personal_LucianChessMatch,Lucian Galade,en,「キングス・ガンビットですか、大統領？大胆なオープニングですね。興味深い対局になりそうです。」
0x010000640000BE86,61,83,Sordland/Turn04/Personal_LucianChessMatch,Player,en,「リスクもゲームの一部だよ、ルシアン。それが報われるかどうか見てみよう。」
0x010000640000BE8C,61,84,Sordland/Turn04/Personal_LucianChessMatch,Player,en,「ルシアン、『王のギャンビット』はいつだって興味深い対局を約束してくれる。君の返答が楽しみだよ。」
0x010000640000BE92,61,85,Sordland/Turn04/Personal_LucianChessMatch,Player,en,「少し冒険的な手を打つことでゲームに面白みが出るよ、ルシアン。あなたの対応を見てみよう。」
0x010000640000BE98,61,86,Sordland/Turn04/Personal_LucianChessMatch,Lucian Galade,en,「承知いたしました、大統領。あなたが築かれる迷宮を進んでみたく存じます。」
0x010000640000BE9E,61,87,Sordland/Turn04/Personal_LucianChessMatch,Lucian Galade,en,「確かに、レイン大統領。最も優れたプレイヤーが勝利することでしょう。」
0x010000640000BEA4,61,88,Sordland/Turn04/Personal_LucianChessMatch,Lucian Galade,en,「私も同じです、大統領。ご手番です。」
0x010000640000BECF,61,89,Sordland/Turn04/Personal_LucianChessMatch,Narrator,en,こうしてすべての準備が整った。序盤の駆け引きは、中盤に入って知恵比べの戦いへと変わっていった。
0x010000640000BED6,61,90,Sordland/Turn04/Personal_LucianChessMatch,Narrator,en,各ポーンの動かし方や微妙な位置調整は、すべてルシアンの戦略的な才能と我々の粘り強さを示していた。
0x010000640000BEDD,61,91,Sordland/Turn04/Personal_LucianChessMatch,Narrator,en,次の一手は極めて重要なものとなった。ルシアンのクイーンが盤面の中心を通って進み、私の防御が薄いキングサイドを脅かしたのだ。
0x010000640000BEFA,61,92,Sordland/Turn04/Personal_LucianChessMatch,Narrator,en,ルシアンが去った後、彼が語ってくれたことについて考えた。少しは知ることができたが、その男は以前よりも一層謎めいていた。
0x010000640000BF01,61,93,Sordland/Turn04/Personal_LucianChessMatch,Player_Italic,en,私は大胆な一歩でポーンを前進させ、f列の防御を破った。次の手ではルシアンのナイトを奪い取った。
0x010000640000BF01,61,93,Sordland/Turn04/Personal_LucianChessMatch,Player_Italic,Menu Text en,ルークを解放する
0x010000640000BF09,61,94,Sordland/Turn04/Personal_LucianChessMatch,Lucian Galade,en,「確かに犠牲ではありますが、私としては喜んで払う覚悟です。」
0x010000640000BF10,61,95,Sordland/Turn04/Personal_LucianChessMatch,Player,en,「あなたのそのナイトは……大胆な犠牲だね、ルシアン。」
0x010000640000BF16,61,96,Sordland/Turn04/Personal_LucianChessMatch,Player,en,「ルシアン、お前のナイトは私のものだ。それはお前にとっても立派な犠牲のようだな。」
0x010000640000BF1C,61,97,Sordland/Turn04/Personal_LucianChessMatch,Player,en,「ルシアン、騎士をあんな危うい位置に置くとは、大胆な決断だね。」
0x010000640000BF3B,61,98,Sordland/Turn04/Personal_LucianChessMatch,Narrator,en,賭けられているものは非常に大きなものだった。大胆にポーンを前進させれば、私のルークの力を引き出してルシアンのナイトを脅かすことができた。一方で、リミッシュ・ギャンビットという危険な手を使って中央の支配権を奪い返す賭けに出ることも可能だった。
0x010000640000BF43,61,99,Sordland/Turn04/Personal_LucianChessMatch,Player_Italic,en,私はラミッシュ・ギャンビットを試みた。中盤で優位に立つことを望み、重要なポーンを危険にさらす決断をした。
0x010000640000BF43,61,99,Sordland/Turn04/Personal_LucianChessMatch,Player_Italic,Menu Text en,ルミッシュ・ギャンビットを試す
0x010000640000BF64,61,102,Sordland/Turn04/Personal_LucianChessMatch,Lucian Galade,en,「このチェスの高い賭け金と複雑な戦略は、私がキャリアの初期に経験した試練を思い出させます。」
0x010000640000BF6A,61,103,Sordland/Turn04/Personal_LucianChessMatch,Lucian Galade,en,「激しいプレッシャーの中で見事な手筋でした。あなたは優れた戦術家ですが、まだ全く終わったわけではありません。」
0x010000640000BF74,61,104,Sordland/Turn04/Personal_LucianChessMatch,Narrator,en,ルシアンは角からルークを動かし、私の守りが薄いビショップに圧力をかけてきた。
0x010000640000BF80,61,105,Sordland/Turn04/Personal_LucianChessMatch,Lucian Galade,en,「ああ、ラミッシュ・ギャンビットですね。中央を押し進める戦法で、大胆だがリスクも伴います。」
0x010000640000BF87,61,106,Sordland/Turn04/Personal_LucianChessMatch,Player,en,「大胆さこそが勝利をもたらすのだ、ルシアン。」
0x010000640000BF8D,61,107,Sordland/Turn04/Personal_LucianChessMatch,Player,en,「時には勝つために賭けるしかないのだ、ルシアン。」
0x010000640000BF93,61,108,Sordland/Turn04/Personal_LucianChessMatch,Player,en,「リュシアン、危険というものはしばしば報酬を伴うものだ。」
0x010000640000BF9C,61,109,Sordland/Turn04/Personal_LucianChessMatch,Narrator,en,彼は落ち着いてクイーンを盤上で動かし、孤立していた私のポーンを脅かした。その微妙なにやりとした笑みから、彼が私の策略を理解し、反撃の準備ができていることが分かった。
0x010000640000BFA5,61,110,Sordland/Turn04/Personal_LucianChessMatch,Player_Italic,en,私は騎士を巧みに動かし、ルシアンの王とルークに二重の脅威となるマスにそれを配置した。
0x010000640000BFA5,61,110,Sordland/Turn04/Personal_LucianChessMatch,Player_Italic,Menu Text en,リジア人フォークを仕掛ける
0x010000640000BFAC,61,111,Sordland/Turn04/Personal_LucianChessMatch,Player_Italic,en,私はルークを動かして、苦戦しているビショップの隣に配置した。その堅固な防御陣形は、ルーシアンのどんな攻撃も防ぐことができるだろう。
0x010000640000BFAC,61,111,Sordland/Turn04/Personal_LucianChessMatch,Player_Italic,Menu Text en,ビショップの陣地を強化する
0x010000640000BFBD,61,114,Sordland/Turn04/Personal_LucianChessMatch,Player,en,「物質の本質は、炎を通してこそ知ることができるのだ。」
0x010000640000BFC3,61,115,Sordland/Turn04/Personal_LucianChessMatch,Player,en,「それこそがこのゲームを面白くしているのではないか？」
0x010000640000BFDD,61,116,Sordland/Turn04/Personal_LucianChessMatch,Narrator,en,ルシアンは上機嫌で、その目には珍しく満足感が光っていた。
0x010000640000BFE4,61,117,Sordland/Turn04/Personal_LucianChessMatch,Narrator,en,ルシアンはじっとした視線を保ち、その表情には何の変化もなかった。
0x010000640000BFEC,61,118,Sordland/Turn04/Personal_LucianChessMatch,Lucian Galade,en,「あなたの防御は称賛に値します。ですが、私にあまりにも多くのスペースを与えすぎています。」
0x010000640000BFF3,61,119,Sordland/Turn04/Personal_LucianChessMatch,Narrator,en,ルシアンは私の堅固な防御に動じることなく、自分のクイーンをより有利なマスへと移動させた。
0x010000640000BFFA,61,120,Sordland/Turn04/Personal_LucianChessMatch,Narrator,en,私のナイトの攻撃に対して、ルシアンは自分のナイトを動かし、私のナイトと彼のキングの間に障壁を作った。
0x010000640000C005,61,121,Sordland/Turn04/Personal_LucianChessMatch,Player,en,「火こそが金の真価を試すものだ、ルシアン。」
0x010000640000C00E,61,122,Sordland/Turn04/Personal_LucianChessMatch,Player,en,「宇宙というのは単なる絵布に過ぎない、ルシアン。」
0x010000640000C014,61,123,Sordland/Turn04/Personal_LucianChessMatch,Player,en,「時には、与えるためにも受け取らなければならないのだ。」
0x010000640000C01A,61,124,Sordland/Turn04/Personal_LucianChessMatch,Player,en,「あなたの失脚には、それだけ余地ができるということだ。」
0x010000640000C023,61,125,Sordland/Turn04/Personal_LucianChessMatch,Player_Italic,en,私は防御を強化することに決め、ルークを動かして自分のキングを守った。
0x010000640000C023,61,125,Sordland/Turn04/Personal_LucianChessMatch,Player_Italic,Menu Text en,王を守るために防御力を強化する
0x010000640000C02A,61,126,Sordland/Turn04/Personal_LucianChessMatch,Player_Italic,en,私は思い切ってクイーンを動かし、ルシアンのキングがチェックメイトされる危険な状況に置いた。
0x010000640000C02A,61,126,Sordland/Turn04/Personal_LucianChessMatch,Player_Italic,Menu Text en,クイーンを囮にする
0x010000640000C031,61,127,Sordland/Turn04/Personal_LucianChessMatch,Narrator,en,中央エリアは混雑しており、それはルシアンの屈しない戦術を示していた。彼の陣形は非常に堅固で、駒同士が互いに支え合う形で結びつき、一方で盤上全体に脅威を及ぼしながらもお互いを守っていた。
0x010000640000C03D,61,128,Sordland/Turn04/Personal_LucianChessMatch,Narrator,en,私の番となり、対局は最終段階に入っていた。ルシアンのクイーンが危険なほど近くにあり、脅威を放っていた。私の前にある選択肢はわずかしかなかった。
0x010000640000C052,61,135,Sordland/Turn04/Personal_LucianChessMatch,Player_Italic,en,私は思い切った賭けに出ることにし、試合の結末が急に変わることを願った。
0x010000640000C052,61,135,Sordland/Turn04/Personal_LucianChessMatch,Player_Italic,Menu Text en,全勝か全敗だ
0x010000640000C059,61,136,Sordland/Turn04/Personal_LucianChessMatch,Player_Italic,en,私は女王を配置して永続的なチェックをかけ、繰り返しによって引き分けを迫るつもりだった。
0x010000640000C059,61,136,Sordland/Turn04/Personal_LucianChessMatch,Player_Italic,Menu Text en,永続的チェックを仕掛ける
0x010000640000C062,61,137,Sordland/Turn04/Personal_LucianChessMatch,Player_Italic,en,私はルシアンの間もなく始まる攻撃を防ごうと、駒を防御的な配置に動かした。
0x010000640000C062,61,137,Sordland/Turn04/Personal_LucianChessMatch,Player_Italic,Menu Text en,防御陣形
0x010000640000C069,61,138,Sordland/Turn04/Personal_LucianChessMatch,Player_Italic,en,私は自分のナイトを犠牲にすることに決め、この予期せぬ手によってルシアンのバランスが崩れることを願った。
0x010000640000C069,61,138,Sordland/Turn04/Personal_LucianChessMatch,Player_Italic,Menu Text en,ナイトの犠牲
0x01000065000023B5,61,139,Sordland/Turn04/Personal_LucianChessMatch,Lucian Galade,en,「大胆な選択ですね、大統領。どうやら終わりが近いようです。」
0x01000065000023BB,61,140,Sordland/Turn04/Personal_LucianChessMatch,Narrator,en,ルシアンの王は危うい立場にあったが、危険な手を打てば私自身の王も危険にさらされる可能性があった。それでもこの機会を逃すよりはリスクを冒す方が価値があるように思えた。
0x01000065000023C2,61,141,Sordland/Turn04/Personal_LucianChessMatch,Narrator,en,その対局は非常に緊迫しており、結果がどうなるか全く分からなかった。もし慎重に指せば引き分けの可能性があり、一方で思い切って全力を出せば奇跡的な勝利のチャンスもあった。
0x01000065000023C9,61,142,Sordland/Turn04/Personal_LucianChessMatch,Narrator,en,ゲームの主導権は私の手からすり抜けていった。私には二つの選択肢しかなかった。一つは迅速な終結をもたらしうる危険なナイトの犠牲をすること、もう一つは防御に徹して引き分けを願うことだった。
0x01000065000023D7,61,143,Sordland/Turn04/Personal_LucianChessMatch,Narrator,en,もしルシアンが私が仕掛けた脅威に気づかなければ、勝利は私のものになっていただろう。もし彼がその罠を見抜いても、対局は長引くかもしれないが、優位性は依然として私の方にあった。
0x01000065000023DE,61,144,Sordland/Turn04/Personal_LucianChessMatch,Lucian Galade,en,「慎重な手ですね、大統領。我々を引き分けの終局状態に追い込もうとしているのです。」
0x01000065000023E5,61,145,Sordland/Turn04/Personal_LucianChessMatch,Narrator,en,もし今、ルシアンが攻撃的に出てきたなら、私の王を守るために築いた要塞が私の救いとなり、引き分けに終わっただろう。彼もまた自分の陣地を固めようとすれば、引き分けのエンドゲームになるのは避けられなかった。
0x01000065000023EC,61,146,Sordland/Turn04/Personal_LucianChessMatch,Lucian Galade,en,「大胆な犠牲ですね。これがどう展開するか見てみましょう。」
0x01000065000023F3,61,147,Sordland/Turn04/Personal_LucianChessMatch,Narrator,en,もしルシアンがその罠にはまっていれば、私は引き分けることができたかもしれない。しかし彼がそれを見抜いていたなら、私の敗北は避けられなかった。
0x01000065000023FA,61,148,Sordland/Turn04/Personal_LucianChessMatch,Lucian Galade,en,「大統領、今は守勢に回っています。終局局面は私が主導します。」
0x0100006500002401,61,149,Sordland/Turn04/Personal_LucianChessMatch,Narrator,en,もし今、ルシアンがミスを犯せば、私は引き分けに持ち込むことができるかもしれない。しかし、彼がうまく手を打てば、私に残された結果は敗北だけだった。
0x0100006500002408,61,150,Sordland/Turn04/Personal_LucianChessMatch,Lucian Galade,en,「ああ、引き分けを狙われているのですか、大統領？興味深いですね。」
0x010000650000240F,61,151,Sordland/Turn04/Personal_LucianChessMatch,Narrator,en,ある夕暮れ時、ルシアンがチェスをしようと申し出た。我々は勝つことも負けることもあり得たが、同時にルシアン・ガラデの過去について少しずつ知ることもできた。
0x0100006500002416,61,152,Sordland/Turn04/Personal_LucianChessMatch,Lucian Galade,en,「大統領、我々は賭けをしているのですね？これがどこへ続くのか見てみましょう。」
0x010000650000241D,61,153,Sordland/Turn04/Personal_LucianChessMatch,Narrator,en,もしルシアンが私の大胆な手に騙されれば、敗北の淵から奇跡的な勝利を奪い取ることができたかもしれない。しかし彼が慎重に対応すれば、私の負けは避けられなかった。
0x0100006500002424,61,154,Sordland/Turn04/Personal_LucianChessMatch,Lucian Galade,en,「見事でした。ですが、まだ終わっていません。」
0x010000650000242B,61,155,Sordland/Turn04/Personal_LucianChessMatch,Narrator,en,ルシアンが必死に逃れようとしたにもかかわらず、彼の王は罠にはまってしまった。私のクイーンが最後の一撃を与えてチェックメイトに持ち込んだ。対局は終わり、私が勝利を収めたのだった。
0x0100006500002432,61,156,Sordland/Turn04/Personal_LucianChessMatch,Lucian Galade,en,「安全が最優先です。ご手番を。」
0x0100006500002438,61,157,Sordland/Turn04/Personal_LucianChessMatch,Narrator,en,我々二人とも自分の立場を危険にさらすことを拒んだため、その対局は引き分けで終わった。どちらの側も勝利を収めることはできなかった。
0x0100006500002440,61,158,Sordland/Turn04/Personal_LucianChessMatch,Narrator,en,私の仕掛けにはまったルシアンは、自分の王を危険な場所から脱出させようと努めた。
0x0100006500002446,61,159,Sordland/Turn04/Personal_LucianChessMatch,Narrator,en,ルシアンは私の守備的な戦法を察して、自分の防御をさらに強化した。
0x0100006500002456,61,160,Sordland/Turn04/Personal_LucianChessMatch,Lucian Galade,en,「このゲームができるのはあなただけではありません。」
0x010000650000245C,61,161,Sordland/Turn04/Personal_LucianChessMatch,Narrator,en,王手は続き、我々二人とも一歩も譲らなかった。同じ局面が三度繰り返されたため、三重反復規則によってこの対局は引き分けと宣告された。
0x0100006500002462,61,162,Sordland/Turn04/Personal_LucianChessMatch,Lucian Galade,en,「あなたの賭けを見抜きました。私は城を出して応じます。」
0x0100006500002468,61,163,Sordland/Turn04/Personal_LucianChessMatch,Narrator,en,私の大胆な賭けは失敗に終わった。ルシアンの防御は破れることがなく、私にはもう何の手も残っていなかった。彼のクイーンが飛び込んで最後のチェックメイトを決めた。対局は終わり、ルシアンの勝利だった。
0x010000650000246E,61,164,Sordland/Turn04/Personal_LucianChessMatch,Narrator,en,ルシアンは、繰り返される王の攻撃から自分の王を守るために動き回ろうとした。
0x0100006500002474,61,165,Sordland/Turn04/Personal_LucianChessMatch,Narrator,en,ルシアンはその餌に乗ることを選ばず、代わりに私の必死の賭けに対する防御を強化した。
0x0100006500002480,61,166,Sordland/Turn04/Personal_LucianChessMatch,Lucian Galade,en,「無駄な犠牲だ。受け入れよう。」
0x0100006500002486,61,167,Sordland/Turn04/Personal_LucianChessMatch,Narrator,en,私の大胆な手は裏目に出た。ルシアンの駒たちが次々と迫ってきて、私の王を囲み込んだのだ。チェックメイトだった。対局は終わり、ルシアンが勝利した。
0x010000650000248C,61,168,Sordland/Turn04/Personal_LucianChessMatch,Lucian Galade,en,「もう突破する時です。」
0x0100006500002492,61,169,Sordland/Turn04/Personal_LucianChessMatch,Narrator,en,彼の攻撃は容赦がなく、私には抗うことができなかった。私の王は追い詰められ、最後の決定的な一手でルシアンはチェックメイトを宣言した。対局は終わり、私は負けてしまったのだった。
0x0100006500002498,61,170,Sordland/Turn04/Personal_LucianChessMatch,Narrator,en,ルシアンはその好機をつかみ、私が犠牲にしたナイトを取って自分の陣地を強化した。
0x010000650000249E,61,171,Sordland/Turn04/Personal_LucianChessMatch,Narrator,en,ルシアンは自分の優位を生かすことに決め、私の防御陣形に対して積極的な攻撃を仕掛けてきた。
0x01000065000024AA,61,172,Sordland/Turn04/Personal_LucianChessMatch,Player,en,「ルシアン、あなたの王は囲まれている。このゲームは私のものだ。」
0x01000065000024B0,61,173,Sordland/Turn04/Personal_LucianChessMatch,Player,en,「チェックメイトだ、友よ。見事な戦いだった。」
0x01000065000024B6,61,174,Sordland/Turn04/Personal_LucianChessMatch,Player,en,「ルシアン、王が追い詰められているようだね。良い対局だった。」
0x01000065000024BF,61,175,Sordland/Turn04/Personal_LucianChessMatch,Player,en,「ルシアン、我々は行き詰まってしまった。引き分けだね。」
0x01000065000024C5,61,176,Sordland/Turn04/Personal_LucianChessMatch,Player,en,「引き分けだか。なかなかの戦いだったね、ルシアン。」
0x01000065000024CB,61,177,Sordland/Turn04/Personal_LucianChessMatch,Player,en,「どうやら我々二人とも勝利を手にすることはできないようだね、ルシアン。」
0x01000065000024D4,61,178,Sordland/Turn04/Personal_LucianChessMatch,Lucian Galade,en,「確かにです、大統領。素晴らしい対局でした。おめでとうございます。」
0x01000065000024DA,61,179,Sordland/Turn04/Personal_LucianChessMatch,Lucian Galade,en,「他に出口は見当たりません。お見事です、大統領。この勝利はご自身の努力の賜物です。」
0x01000065000024E0,61,180,Sordland/Turn04/Personal_LucianChessMatch,Lucian Galade,en,「レイン大統領、今回はあなたの勝利です。見事な対局でした。」
0x01000065000024E9,61,181,Sordland/Turn04/Personal_LucianChessMatch,Lucian Galade,en,「はい、レイン大統領。しっかり戦った試合にふさわしい結末です。」
0x01000065000024EF,61,182,Sordland/Turn04/Personal_LucianChessMatch,Lucian Galade,en,「確かに引き分けですね。互いの実力が拮抗している証しとしましょう。」
0x01000065000024F5,61,183,Sordland/Turn04/Personal_LucianChessMatch,Lucian Galade,en,「確かに、大統領。引き分け状態ですね。良い対局でした。」
0x01000065000024FE,61,184,Sordland/Turn04/Personal_LucianChessMatch,Player,en,「ルシアン、こちらは引き分け状態だ。引き分けとなるね。」
0x0100006500002504,61,185,Sordland/Turn04/Personal_LucianChessMatch,Player,en,「勝ちも負けもない、ルシアン。引き分けだ。」
0x010000650000250A,61,186,Sordland/Turn04/Personal_LucianChessMatch,Player,en,「引き分けだな。ルシアン、あなたは私の攻撃をうまくかわしてきた。」
0x0100006500002510,61,187,Sordland/Turn04/Personal_LucianChessMatch,Lucian Galade,en,「はい、大統領。非常に難しい対局でしたが、引き分けに終わりました。」
0x0100006500002516,61,188,Sordland/Turn04/Personal_LucianChessMatch,Lucian Galade,en,「我々どちらも決定的な一撃を与えることができませんでした。引き分けです、大統領。」
0x010000650000251C,61,189,Sordland/Turn04/Personal_LucianChessMatch,Lucian Galade,en,「大統領、これは引き分けの状態です。見事な対局でした。」
0x0100006500002525,61,190,Sordland/Turn04/Personal_LucianChessMatch,Player,en,「私の賭けは失敗に終わったな、ルシアン。お前の勝ちだ。」
0x010000650000252B,61,191,Sordland/Turn04/Personal_LucianChessMatch,Player,en,「ルシアン、見事に防御してくれた。君の勝利だ。」
0x0100006500002531,61,192,Sordland/Turn04/Personal_LucianChessMatch,Player,en,「ルシアン、私の策略を見抜いたな。見事だ。」
0x0100006500002537,61,193,Sordland/Turn04/Personal_LucianChessMatch,Lucian Galade,en,「大統領、あなたの大胆な手によって非常に興味深い終局局面が生まれました。見事な対局でした。」
0x010000650000253D,61,194,Sordland/Turn04/Personal_LucianChessMatch,Lucian Galade,en,「レイン大統領、あなたの賭けは危険なものでした。今回は私の勝利です。」
0x0100006500002543,61,195,Sordland/Turn04/Personal_LucianChessMatch,Lucian Galade,en,「大統領、あなたは大胆にプレイしましたね。ですが今回は、勝利は私のものです。」
0x010000650000254C,61,196,Sordland/Turn04/Personal_LucianChessMatch,Player,en,「ルシアン、私の王を囲んでしまったな。このゲームはお前のものだ。」
0x0100006500002552,61,197,Sordland/Turn04/Personal_LucianChessMatch,Player,en,「ルシアン、あなたの戦略は優れていた。私は敗北を認める。」
0x0100006500002558,61,198,Sordland/Turn04/Personal_LucianChessMatch,Player,en,「ルシアン、あなたの策略には負けた。見事だった。」
0x010000650000255E,61,199,Sordland/Turn04/Personal_LucianChessMatch,Lucian Galade,en,「ありがとうございます、大統領。しっかりと戦ってくださったのですね。」
0x0100006500002564,61,200,Sordland/Turn04/Personal_LucianChessMatch,Lucian Galade,en,「大統領、見事な対局でした。次回はもっと良い結果が得られるでしょう。」
0x010000650000256A,61,201,Sordland/Turn04/Personal_LucianChessMatch,Lucian Galade,en,「大統領、この対局は非常に厳しかったです。あなたの敗北も簡単に決まったわけではありませんでした。」
0x0100006500002573,61,202,Sordland/Turn04/Personal_LucianChessMatch,Player,en,「私の王は追い詰められている、ルシアン。見事だった。」
0x0100006500002579,61,203,Sordland/Turn04/Personal_LucianChessMatch,Player,en,「ルシアン、あなたは私の防御を突破した。あなたの勝利だ。」
0x010000650000257F,61,204,Sordland/Turn04/Personal_LucianChessMatch,Player,en,「ルシアン、あなたの攻撃は容赦がなかった。私は降参する。」
0x0100006500002585,61,205,Sordland/Turn04/Personal_LucianChessMatch,Lucian Galade,en,「レイン大統領、ご防御は破るのが非常に困難でした。見事な対局でした。」
0x010000650000258B,61,206,Sordland/Turn04/Personal_LucianChessMatch,Lucian Galade,en,「大統領、この勝利は決して容易なものではありませんでした。私に苦労させていただきました。」
0x0100006500002591,61,207,Sordland/Turn04/Personal_LucianChessMatch,Lucian Galade,en,「大統領、あなたの棋風は実に見事でした。ですが最終的には私の勝利となりました。」
0x01000065000025A6,61,208,Sordland/Turn04/Personal_LucianChessMatch,Player_Italic,en,私はルークを最後列に動かし、バックランクチェックメイトでルシアンのキングを脅かした。
0x01000065000025A6,61,208,Sordland/Turn04/Personal_LucianChessMatch,Player_Italic,Menu Text en,バックランク攻撃を仕掛ける
0x01000065000025C5,61,209,Sordland/Turn04/Personal_LucianChessMatch,Player_Italic,en,私は思い切って中央のポーンを前進させ、ナイトやビショップが優位に立てる道を作った。
0x01000065000025C5,61,209,Sordland/Turn04/Personal_LucianChessMatch,Player_Italic,Menu Text en,先駆ピョン前進
0x01000065000025E0,61,212,Sordland/Turn04/Personal_LucianChessMatch,Lucian Galade,en,「ああ、まさに心臓を突くような速攻ですね、大統領。この対局はますます面白くなってきました。」
0x0100006500002611,61,213,Sordland/Turn04/Personal_LucianChessMatch,Lucian Galade,en,「賢明ですね、レイン大統領。しかし、あらゆる結果を考慮されましたか？」
0x0100006500002633,61,214,Sordland/Turn04/Personal_LucianChessMatch,Narrator,en,ルシアンは大胆な手を打ち、自分のポーンを前進させることで私のビショップを危険な立場に追い込んだ。
0x0100006500002639,61,215,Sordland/Turn04/Personal_LucianChessMatch,Narrator,en,危機に瀕している自分のビショップを守りたいという気持ちは強かったが、同時に私の前には魅力的なチャンスもあった。それはルシアンのキングとルークに対する二重攻撃の機会だったのである。
0x0100006500002644,61,216,Sordland/Turn04/Personal_LucianChessMatch,Player_Italic,en,私は何も言わずに続けて対局をした。
0x0100006500002644,61,216,Sordland/Turn04/Personal_LucianChessMatch,Player_Italic,Menu Text en,黙って続けてプレイする
0x0100006500002658,61,217,Sordland/Turn04/Personal_LucianChessMatch,Player_Italic,en,私は何も言わずに続けて対局をした。
0x0100006500002658,61,217,Sordland/Turn04/Personal_LucianChessMatch,Player_Italic,Menu Text en,黙って続けてプレイする
0x0100006500002661,61,218,Sordland/Turn04/Personal_LucianChessMatch,Player_Italic,en,私は何も言わずに続けて対局をした。
0x0100006500002661,61,218,Sordland/Turn04/Personal_LucianChessMatch,Player_Italic,Menu Text en,黙って続けてプレイする
0x010000650000266C,61,219,Sordland/Turn04/Personal_LucianChessMatch,Lucian Galade,en,「我々は過ちから多くのことを学ぶのです。」
0x0100006500002675,61,220,Sordland/Turn04/Personal_LucianChessMatch,Lucian Galade,en,「また今度、運命が許せば対局しましょう。」
0x0100006500002687,61,221,Sordland/Turn04/Personal_LucianChessMatch,Lucian Galade,en,「良い時間でした。ですが、勝利からはあまり多くのことを学べないものです。」
0x01000065000026A2,61,222,Sordland/Turn04/Personal_LucianChessMatch,Narrator,en,私とルシアンはゆっくりとチェス盤を解体し始め、各駒を丁寧に元の保護ケースに戻していった。
0x01000065000026C4,61,223,Sordland/Turn04/Personal_LucianChessMatch,Narrator,en,ルシアンは私のキングス・ギャンビットに対し、慎重かつ賢明な手で応じ、自分のナイトをf6まで進めた。
0x01000065000026CA,61,224,Sordland/Turn04/Personal_LucianChessMatch,Narrator,en,私のシーナン防衛に対する返答として、ルーシアンはオープン・シーナン戦法を選び、ポーンをd4まで前進させて私を驚かせた。
0x01000065000026D0,61,225,Sordland/Turn04/Personal_LucianChessMatch,Narrator,en,これはファルクビール・カウンターギャンビットで、私のe4ポーンを直接攻撃しつつ、f4ポーンを孤立させるものだった。
0x01000065000026DA,61,226,Sordland/Turn04/Personal_LucianChessMatch,Player,en,「ルシアン、あなたの手筋からは経験値が感じられる。この対局はかなり激しい戦いになりそうだね。」
0x01000065000026E0,61,227,Sordland/Turn04/Personal_LucianChessMatch,Player,en,「ルシアン、あなたは挑戦を逃れるような人間ではないようだね。わかった。」
0x01000065000026E6,61,228,Sordland/Turn04/Personal_LucianChessMatch,Player,en,「ファルクビール・カウンターギャンビットか、ルシアン？あなたは本当に物事を面白く保つ方法をよく知っているね。」
0x01000065000026EF,61,229,Sordland/Turn04/Personal_LucianChessMatch,Player_Italic,en,私は何も言わずに続けて対局をした。
0x01000065000026EF,61,229,Sordland/Turn04/Personal_LucianChessMatch,Player_Italic,Menu Text en,黙って続けてプレイする
0x01000065000026F6,61,230,Sordland/Turn04/Personal_LucianChessMatch,Lucian Galade,en,「レイン大統領、私も努力はしております。今度はあなたの番です。」
0x01000065000026FC,61,231,Sordland/Turn04/Personal_LucianChessMatch,Lucian Galade,en,「大統領、あなたならこの程度のことは当然ですよ。」
0x0100006500002702,61,232,Sordland/Turn04/Personal_LucianChessMatch,Lucian Galade,en,「もし私が引き下がったら、それはもはやゲームと呼べないでしょうね、レイン大統領？」
0x010000650000270C,61,233,Sordland/Turn04/Personal_LucianChessMatch,Player_Italic,en,私はナイトをf3に動かし、危機に瀕しているe4のポーンを守ると同時に、次の手で王城移動を行う準備をした。
0x010000650000270C,61,233,Sordland/Turn04/Personal_LucianChessMatch,Player_Italic,Menu Text en,ポーンを守る
0x0100006500002713,61,234,Sordland/Turn04/Personal_LucianChessMatch,Player_Italic,en,私は自分の電子ポーンをe5に進めて、ルシアンのナイトに圧力をかけつつ、中央の支配権を握ろうとした。
0x0100006500002713,61,234,Sordland/Turn04/Personal_LucianChessMatch,Player_Italic,Menu Text en,ポーンを前進させる
0x0100006500002724,61,235,Sordland/Turn04/Personal_LucianChessMatch,Narrator,en,彼は早い段階で中央の支配を目指し、この対局を戦術的な近接戦に持ち込もうとした。
0x010000650000272E,61,236,Sordland/Turn04/Personal_LucianChessMatch,Player,en,「大胆な戦略だね、ルシアン。どうやら我々は戦術の駆け引きを繰り広げることになりそうだ。」
0x0100006500002734,61,237,Sordland/Turn04/Personal_LucianChessMatch,Player,en,「ルシアン、早々に中央を掌握しようとしているようだね。それは攻撃的な手だ。」
0x010000650000273A,61,238,Sordland/Turn04/Personal_LucianChessMatch,Player,en,「オープン・シーナンか、ルシアン？あなたの意図は明らかに隠そうとしていないね。」
0x0100006500002740,61,239,Sordland/Turn04/Personal_LucianChessMatch,Player_Italic,en,私は何も言わずに続けて対局をした。
0x0100006500002740,61,239,Sordland/Turn04/Personal_LucianChessMatch,Player_Italic,Menu Text en,黙って続けてプレイする
0x0100006500002747,61,240,Sordland/Turn04/Personal_LucianChessMatch,Lucian Galade,en,「なぜ隠す必要があるのですか、レイン大統領？チェスとは戦略と対決のゲームです。」
0x010000650000274D,61,241,Sordland/Turn04/Personal_LucianChessMatch,Lucian Galade,en,「それこそがチェスの本質です、大統領。」
0x0100006500002753,61,242,Sordland/Turn04/Personal_LucianChessMatch,Lucian Galade,en,「攻撃的な戦法こそが勝利の鍵となり得ます、大統領。」
0x0100006500002764,61,243,Sordland/Turn04/Personal_LucianChessMatch,Player_Italic,en,私は早めに駒を交換することにし、ポジションを均衡させるために自分のc5ピョンでルーシアンのポーンを取った。
0x0100006500002764,61,243,Sordland/Turn04/Personal_LucianChessMatch,Player_Italic,Menu Text en,ポーンを交換する
0x010000650000276B,61,244,Sordland/Turn04/Personal_LucianChessMatch,Player_Italic,en,私は自分のナイトをf6に動かし、前進しているポーンに圧力をかけつつ、自分のポーンを前進させる準備をした。
0x010000650000276B,61,244,Sordland/Turn04/Personal_LucianChessMatch,Player_Italic,Menu Text en,ナイトを前進させる
0x0100006500002778,61,245,Sordland/Turn04/Personal_LucianChessMatch,Player_Italic,en,ルシアンの戦略が明らかになるのを見て、私は中央の支配権を握ろうと決意した。ポーンをe5からe3に動かして、盤上での彼の優位性に挑む準備をしたのだ。
0x0100006500002778,61,245,Sordland/Turn04/Personal_LucianChessMatch,Player_Italic,Menu Text en,中央を押す
0x010000650000277F,61,246,Sordland/Turn04/Personal_LucianChessMatch,Player_Italic,en,私はルシアンの戦略を真似ることにし、自分の王を安全な場所へ移動させた。王をルークの方へ2マス動かし、その代わりにルークを反対側に移してキングサイド・カスルを完成させたのだ。
0x010000650000277F,61,246,Sordland/Turn04/Personal_LucianChessMatch,Player_Italic,Menu Text en,キングサイド・カスル
0x010000650000278E,61,247,Sordland/Turn04/Personal_LucianChessMatch,Player_Italic,en,ルシアンがフィアネッコを選んだことに応じて、私は自分のビショップをf8からc5へ動かし、彼のポーン構成を脅かした。
0x010000650000278E,61,247,Sordland/Turn04/Personal_LucianChessMatch,Player_Italic,Menu Text en,ビショップの脅威
0x0100006500002795,61,248,Sordland/Turn04/Personal_LucianChessMatch,Player_Italic,en,ルシアンのフィアンケットに応じて、私は騎士をb8からc6へ進め、盤面のより多くの領域を支配しようとした。
0x0100006500002795,61,248,Sordland/Turn04/Personal_LucianChessMatch,Player_Italic,Menu Text en,騎士の前進
0x01000065000027BD,61,252,Sordland/Turn04/Personal_LucianChessMatch,Player_Italic,en,私は何も言わずに続けて対局をした。
0x01000065000027BD,61,252,Sordland/Turn04/Personal_LucianChessMatch,Player_Italic,Menu Text en,黙って続けてプレイする
0x01000065000027C7,61,253,Sordland/Turn04/Personal_LucianChessMatch,Player_Italic,en,私は何も言わずに続けて対局をした。
0x01000065000027C7,61,253,Sordland/Turn04/Personal_LucianChessMatch,Player_Italic,Menu Text en,黙って続けてプレイする
0x01000065000027DB,61,257,Sordland/Turn04/Personal_LucianChessMatch,Narrator,en,ルシアンの目には遠い視線が浮かんでいた。おそらく彼は心の中でその対局を再現していたのだろう。
0x01000065000027EA,61,258,Sordland/Turn04/Personal_LucianChessMatch,Narrator,en,彼はナイトを手に取り、思案しながらそれを手の中でくるくると回した。
0x01000065000027F1,61,259,Sordland/Turn04/Personal_LucianChessMatch,Narrator,en,そのチェスの対局の後、彼は物思いにふけっているようだった。おそらく、自分が取り得たはずの手順について考えていたのだろう。
0x01000065000027FF,61,260,Sordland/Turn04/Personal_LucianChessMatch,Lucian Galade,en,「このチェスは、かつてのリジア王国時代に我々が保たなければならなかった微妙な均衡をいつも思い出させます。」
0x0100006500002806,61,261,Sordland/Turn04/Personal_LucianChessMatch,Lucian Galade,en,「チェスというのは難しいゲームですね。絶え間ない脅威と反撃によって、かつて私が直面した同様に過酷だった時期を思い出します。」
0x0100006500002817,61,262,Sordland/Turn04/Personal_LucianChessMatch,Lucian Galade,en,「たとえ、あそこの状況がほとんどの場合、そんなにもはっきり善悪に分かれているわけではありませんでしたが。」
0x010000650000281E,61,263,Sordland/Turn04/Personal_LucianChessMatch,Lucian Galade,en,「それは常に簡単な任務というわけではありませんでした。」
0x0100006500002825,61,264,Sordland/Turn04/Personal_LucianChessMatch,Player,en,「ルシアン、あなたは本当に物事を面白く保つ方法を知っているね。あなたの過去はよく守られた秘密のようだ。」
0x010000650000282B,61,265,Sordland/Turn04/Personal_LucianChessMatch,Player,en,「戦略の複雑さか？その経歴について興味深い話があるようだね。一つ聞かせていただけるか？」
0x0100006500002831,61,266,Sordland/Turn04/Personal_LucianChessMatch,Player,en,「もっと教えてくれ。将棋はあなたの若い頃に何らかの役割を果たしたか？」
0x010000650000283A,61,267,Sordland/Turn04/Personal_LucianChessMatch,Player,en,「脅威と反撃の連鎖……あなたの過去は、私のものよりずっと興味深いようだね。」
0x0100006500002840,61,268,Sordland/Turn04/Personal_LucianChessMatch,Player,en,「特に今でも心に残っているような困難はあったか？」
0x0100006500002846,61,269,Sordland/Turn04/Personal_LucianChessMatch,Player,en,「どうやらご自身の過去はかなり複雑だったようだね。」
0x010000650000284F,61,270,Sordland/Turn04/Personal_LucianChessMatch,Player,en,「ルシアン、あなたが言うその均衡というものは、あなたの過去に潜む興味深い側面をほのめかしているようだね。」
0x0100006500002855,61,271,Sordland/Turn04/Personal_LucianChessMatch,Player,en,「ルシアン、あなたがこれまでどのような状況を乗り越えてきたのか、気にならずにはいられない。」
0x010000650000285B,61,272,Sordland/Turn04/Personal_LucianChessMatch,Player,en,「かつてのリジア王国時代の均衡とは？ルシアン、何か歴史を私から隠してきたのか？」
0x0100006500002880,61,273,Sordland/Turn04/Personal_LucianChessMatch,Lucian Galade,en,「ある意味で、チェスは私が直面した様々な試練に立ち向かうための準備となりました。」
0x0100006500002887,61,274,Sordland/Turn04/Personal_LucianChessMatch,Lucian Galade,en,「私はかつて、一つの動きが全てを大きく変えてしまうような複雑な状況に巻き込まれたことがあります。」
0x010000650000288E,61,275,Sordland/Turn04/Personal_LucianChessMatch,Lucian Galade,en,「あの時代のことは、言わない方が良いものもあります。ただ、あの頃にはある種の……二面性があったとだけ申し上げましょう。」
0x0100006500002894,61,276,Sordland/Turn04/Personal_LucianChessMatch,Lucian Galade,en,「チェスだけが均衡を保たなければならないゲームではありません。」
0x010000650000289C,61,277,Sordland/Turn04/Personal_LucianChessMatch,Lucian Galade,en,「大統領、我々全員にはそれぞれ過去があるのです。」
0x01000065000028A2,61,278,Sordland/Turn04/Personal_LucianChessMatch,Lucian Galade,en,「私の過去というものは、数多くの攻防が繰り返され、その一つ一つにそれぞれ結果が伴うものでした。」
0x01000065000028AA,61,279,Sordland/Turn04/Personal_LucianChessMatch,Player,en,「一つ一つの手が状況を大きく変えてしまうとは？あなたの初期の経歴はかなり波乱に満ちていたことだろうね。」
0x01000065000028B0,61,280,Sordland/Turn04/Personal_LucianChessMatch,Player,en,「複雑な状況だと？多くの困難な決断を下してきたようだね。」
0x01000065000028B6,61,281,Sordland/Turn04/Personal_LucianChessMatch,Player,en,「ルシアン、これらの結果はかつてのリジア王国の最期の時代に起こったことだったのか？」
0x01000065000028BC,61,282,Sordland/Turn04/Personal_LucianChessMatch,Player,en,「手筋や反撃の策だか。つまり、あなたも多くの争いを目の当たりにしてきたということだね。」
0x01000065000028C2,61,283,Sordland/Turn04/Personal_LucianChessMatch,Player,en,「二重性か？複数の役割を同時にこなしていたのか？」
0x01000065000028C8,61,284,Sordland/Turn04/Personal_LucianChessMatch,Player,en,「どうやらかなり真剣に取り組んでいたようだね。」
0x01000065000028D4,61,285,Sordland/Turn04/Personal_LucianChessMatch,Lucian Galade,en,「確かに、大統領。私の過去にも暗い部分がありました。かつてはあまり正々堂々とした立場ではなく仕事をしていた時期がございます。」
0x01000065000028DA,61,286,Sordland/Turn04/Personal_LucianChessMatch,Narrator,en,ルシアンは静かに物思いにふけりながら、自分の空になったグラスを見つめた。
0x01000065000028E0,61,287,Sordland/Turn04/Personal_LucianChessMatch,Lucian Galade,en,「大統領、かつてのリジア王国は、絶えず変わる同盟や忠誠心が入り混じった混沌とした場所でした。」
0x01000065000028E6,61,288,Sordland/Turn04/Personal_LucianChessMatch,Narrator,en,ルシアンは静かな音を立ててチェスボックスを閉じた。彼はこれ以上何も話したがらない様子だった。
0x01000065000028EC,61,289,Sordland/Turn04/Personal_LucianChessMatch,Lucian Galade,en,「はい、大統領。あれはソードランドにとって非常に困難な時期でした。私も他の多くの人々と同様、その混乱した時代の渦中に巻き込まれていたのです。」
0x01000065000028F2,61,290,Sordland/Turn04/Personal_LucianChessMatch,Narrator,en,夕暮れ時、ルシアンの瞳を何かが覆うように過ぎていった。それは彼の記憶に今も残り続ける混乱の兆しだった。
0x0100006500002901,61,291,Sordland/Turn04/Personal_LucianChessMatch,Lucian Galade,en,「私が関わっていたのは、ええと、情報活動と呼ぶべきような事柄だったことがあります」
0x0100006500002907,61,292,Sordland/Turn04/Personal_LucianChessMatch,Lucian Galade,en,「私は危うい均衡の上で踊ってきた。一歩ごとに深刻な結果を招くような状況だったのです。」
0x010000650000290F,61,293,Sordland/Turn04/Personal_LucianChessMatch,Player,en,「ルシアン、あなたはますます私の興味を引くようだね。何を隠しているのか？」
0x0100006500002915,61,294,Sordland/Turn04/Personal_LucianChessMatch,Player,en,「その……あなたが勤めていた別の組織について、もう少し教えていただけるか？」
0x010000650000291D,61,295,Sordland/Turn04/Personal_LucianChessMatch,Player,en,「私としても、あなたを不安にさせるようなことに首を突っ込みたくはない。」
0x0100006500002925,61,296,Sordland/Turn04/Personal_LucianChessMatch,Lucian Galade,en,「私は自分の過去と和解しました、大統領。信頼できる人々にその一部を話すことを遠慮しません。」
0x010000650000292F,61,297,Sordland/Turn04/Personal_LucianChessMatch,Lucian Galade,en,「それは欺瞞と陰謀に満ちた、複雑極まりない駆け引きだったのです。」
0x0100006500002936,61,298,Sordland/Turn04/Personal_LucianChessMatch,Lucian Galade,en,「私もまた、あの危険な状況を切り抜けていかなければならなかった多くの人々の一人に過ぎません。」
0x010000650000293E,61,299,Sordland/Turn04/Personal_LucianChessMatch,Player,en,「我々は何年も互いを知っているのに、これだけが報酬か？」
0x0100006500002944,61,300,Sordland/Turn04/Personal_LucianChessMatch,Player,en,「危険な状況だね……あなたは海軍将校だったのか？」
0x010000650000294A,61,301,Sordland/Turn04/Personal_LucianChessMatch,Player,en,「私としても、あなたを不安にさせるようなことに首を突っ込みたくはない。」
0x0100006500002950,61,302,Sordland/Turn04/Personal_LucianChessMatch,Player,en,「我々が話しているのは、どのような対立なのだろうか？」
0x0100006500002956,61,303,Sordland/Turn04/Personal_LucianChessMatch,Player,en,「交戦状態に巻き込まれて……あなたは軍人だったのか？」
0x010000650000295C,61,304,Sordland/Turn04/Personal_LucianChessMatch,Lucian Galade,en,「私は大統領様から情報を隠すつもりはございません。ですが、ソードランドの未来に焦点を当て、その歴史は本来あるべき場所に残しておくべきだと考えています。」
0x0100006500002968,61,305,Sordland/Turn04/Personal_LucianChessMatch,Lucian Galade,en,「大統領、その話はまた別の日にしましょう。要するに、あれはソードランドが古い理念と野心の戦場であった時代だということです。」
0x010000650000296E,61,306,Sordland/Turn04/Personal_LucianChessMatch,Lucian Galade,en,「私の役割ですか？まあ、盤上の駒の一人だったと言っておきましょう。」
0x0100006500002979,61,307,Sordland/Turn04/Personal_LucianChessMatch,Lucian Galade,en,「私は自分の過去と和解し、それを脇に置いたのです。」
0x0100006500002982,61,308,Sordland/Turn04/Personal_LucianChessMatch,Player,en,「つまり、あなたはスパイだったのか？とても興味深いね。」
0x0100006500002988,61,309,Sordland/Turn04/Personal_LucianChessMatch,Player,en,「比喩はやめてくれ、ルシアン。詳細を教えてほしい。」
0x010000650000298E,61,310,Sordland/Turn04/Personal_LucianChessMatch,Player,en,「ルシアン、あなたは情報活動に関わっていたのか？それは実に意外な発見だね。」
0x0100006500002997,61,311,Sordland/Turn04/Personal_LucianChessMatch,Lucian Galade,en,「その通りでございます、大統領。王国時代の末期に、私はエグムンド王の情報機関に所属していました。」
0x010000650000299D,61,312,Sordland/Turn04/Personal_LucianChessMatch,Lucian Galade,en,「多くの人が不適切だと考えるようなやり方です。」
0x01000065000029A3,61,313,Sordland/Turn04/Personal_LucianChessMatch,Lucian Galade,en,「まだ話せないことが多いのです。しかし、私はエグムント王のためにいくつか通常とは異なる任務を遂行しました。」
0x01000065000029A9,61,314,Sordland/Turn04/Personal_LucianChessMatch,Lucian Galade,en,「私は、しばしば道徳的に困難な選択を迫られる役職で勤務してきました。」
0x01000065000029AF,61,315,Sordland/Turn04/Personal_LucianChessMatch,Lucian Galade,en,「『スパイ』というのは単純化された表現でして、大統領。私の過去の役割というのは、言ってみれば普通とは異なるものでした。」
0x01000065000029B5,61,316,Sordland/Turn04/Personal_LucianChessMatch,Lucian Galade,en,「私はエグムンド王の国家利益のために働いてきました。」
0x01000065000029C1,61,317,Sordland/Turn04/Personal_LucianChessMatch,Lucian Galade,en,「詳しくお話ししたいところですが、もう失礼させていただきます。楽しい対局をありがとうございました。」
0x01000065000029C7,61,318,Sordland/Turn04/Personal_LucianChessMatch,Lucian Galade,en,「それでは、私はもう出発しなければなりません。今夜の対局を大変楽しませていただきました、大統領。」
0x01000065000029CE,61,319,Sordland/Turn04/Personal_LucianChessMatch,Player,en,「あなたの戦略的な手腕を目の当たりにできるのは、いつでも楽しいことだ。」
0x01000065000029D4,61,320,Sordland/Turn04/Personal_LucianChessMatch,Player,en,「あなたにとっては楽しい試合だったかもしれないね。私は再戦を要求する。」
0x01000065000029DA,61,321,Sordland/Turn04/Personal_LucianChessMatch,Player,en,「ありがとう、ルシアン。実に見応えのある対局だった。」
0x01000065000029E6,61,322,Sordland/Turn04/Personal_LucianChessMatch,Player,en,「そんなお言葉をいただき、誠に光栄だ。」
0x01000065000029EC,61,323,Sordland/Turn04/Personal_LucianChessMatch,Player,en,「私もだ。その対局は非常に楽しく、同時に多くのことを学ぶことができた。」
0x01000065000029F2,61,324,Sordland/Turn04/Personal_LucianChessMatch,Player,en,「確かに、今回の対局は大変楽しいものだった、ルシアン。無事に帰宅してくれ。」
0x0100006500002A04,61,325,Sordland/Turn04/Personal_LucianChessMatch,Lucian Galade,en,「また近いうちに対局できればと思います。もっとも、今回とは違う結果になるとは約束できませんが。」
0x0100006500002A0F,61,326,Sordland/Turn04/Personal_LucianChessMatch,Lucian Galade,en,「勝っても負けても、チェスの一局からは常に学ぶべきことがあります。」
0x0100006500002A18,61,327,Sordland/Turn04/Personal_LucianChessMatch,Narrator,en,ルシアンが部屋を出て行った後も、我々のチェス対局の記憶は消えずに残り、同時に彼自身が放つ謎めいたオーラもなお漂っていた。
0x010000520001B82B,61,330,Sordland/Turn04/Personal_LucianChessMatch,Narrator,en,彼は微笑んだ。
0x010000520001B831,61,331,Sordland/Turn04/Personal_LucianChessMatch,Lucian Galade,en,「おやすみなさい、大統領。」
0x010000520001B839,61,332,Sordland/Turn04/Personal_LucianChessMatch,Lucian Galade,en,「おやすみなさい、大統領。」
0x010000650000CB7F,61,337,Sordland/Turn04/Personal_LucianChessMatch,Narrator,en,数分が経ち、盤上でさらにいくつかの手が打たれた。
0x010000650000CB86,61,338,Sordland/Turn04/Personal_LucianChessMatch,Narrator,en,数分が経ち、盤上でさらにいくつかの手が打たれた。
