articy_id,conversation_id,entry_id,conversation,actor,field,ja
0x010000000000D899,26,3,Sordland/Turn03/EnT_Budget,Symon Holl,en,「どの分野に資金を投じるかは慎重に決めなければなりません。そうしないと、別の投資プロジェクトのための資源が残らなくなってしまいます。」
0x010000000000D89F,26,4,Sordland/Turn03/EnT_Budget,Symon Holl,en,「今日は重要な日です。政府として定めた目標を達成するため、支出の優先順位を賢明に決めなければなりません。」
0x010000000000D8A5,26,5,Sordland/Turn03/EnT_Budget,Symon Holl,en,「同感です。資源がかなり限られているため、予算に関して戦略的な決定を下さなければなりません。」
0x010000000000D8C0,26,6,Sordland/Turn03/EnT_Budget,Player,en,「では始めよう、ホル氏。」
0x010000000000D8C0,26,6,Sordland/Turn03/EnT_Budget,Player,Menu Text en,「では始めよう、ホル氏。」
0x010000000000D8CD,26,7,Sordland/Turn03/EnT_Budget,Player,en,「シモンの専門知識のおかげで、今日は多くの素晴らしい成果を上げられると確信している。」
0x010000000000D8CD,26,7,Sordland/Turn03/EnT_Budget,Player,Menu Text en,「シモンの専門知識のおかげで、今日は多くの素晴らしい成果を上げられると確信している。」
0x010000000000D8D9,26,8,Sordland/Turn03/EnT_Budget,Symon Holl,en,「喜んで。」
0x010000000000D8DF,26,9,Sordland/Turn03/EnT_Budget,Symon Holl,en,「お褒めいただき、ありがとうございます。」
0x010000000000D92E,26,13,Sordland/Turn03/EnT_Budget,Symon Holl,en,「ですが、このような状況下では過度に投資を進めれば経済危機を悪化させるだけです。現在の不安定な経済状態では借金を増やすのは困難ですが、経済が好転すれば負担できる借金の額を増やすことは可能です。」
0x010000000000D934,26,14,Sordland/Turn03/EnT_Budget,Symon Holl,en,「できる限り努力はいたします。しかし経済改善に失敗すれば、そうした約束も大局的に見ればあまり意味を持ちません。」
0x010000000000D942,26,15,Sordland/Turn03/EnT_Budget,Lucian Galade,en,「十分な政治的支援を維持しつつ、付け加えさせていただきますと、選挙期間中に様々な約束がなされました。」
0x010000000000D948,26,16,Sordland/Turn03/EnT_Budget,Player,en,「最も重要な分野に優先的に資源を割くべきだ。」
0x010000000000D948,26,16,Sordland/Turn03/EnT_Budget,Player,Menu Text en,「最も重要な分野に優先的に資源を割くべきだ。」
0x010000000000D95F,26,17,Sordland/Turn03/EnT_Budget,Lucian Galade,en,「我が政府が選出された理由の一つは、選挙運動中に軍事力強化に力を入れると約束したからです。」
0x010000000000D972,26,18,Sordland/Turn03/EnT_Budget,Player,en,「特定分野への資金削減によって、他の投資プロジェクトへの資金を確保することができる。」
0x010000000000D972,26,18,Sordland/Turn03/EnT_Budget,Player,Menu Text en,「特定分野への資金削減によって、他の投資プロジェクトへの資金を確保することができる。」
0x010000000000D985,26,19,Sordland/Turn03/EnT_Budget,Symon Holl,en,「はい。予算の黒字が多ければ多いほど、経済復興に投じる資金も増えます。」
0x010000000000D991,26,20,Sordland/Turn03/EnT_Budget,Player,en,「我々は選挙で出した約束を守らなければならない。国民が我々に投票したのは、我々が立てた約束があったからだ。」
0x010000000000D991,26,20,Sordland/Turn03/EnT_Budget,Player,Menu Text en,「我々は選挙で出した約束を守らなければならない。国民が我々に投票したのは、我々が立てた約束があったからだ。」
0x010000000000DA67,26,21,Sordland/Turn03/EnT_Budget,Nia Morgna,en,「法執行は確かに最優先事項です。しかし、私としては国内の汚職対策の方が、警察力を増強することよりもはるかに重要だと考えています。」
0x010000000000DA6D,26,22,Sordland/Turn03/EnT_Budget,Lileas Graf,en,「対処すべき国内の脅威が多すぎる上、与えられた限られた資源の中で部隊を過度に分散させている状態です。」
0x010000000000DA79,26,23,Sordland/Turn03/EnT_Budget,Lileas Graf,en,「私は法執行機関への資金投入を増やし、警察の規模を拡大して給与を引き上げたいと思います。」
0x010000000000FB7F,26,24,Sordland/Turn03/EnT_Budget,Narrator,en,政府予算の準備はすべて終わった。内閣のメンバーのほとんどが、この重要な場にあたりホワイトルームに集まった。
0x010000000000FB88,26,25,Sordland/Turn03/EnT_Budget,Narrator,en,私が大統領に就任してからほぼ半年が経過していた。内閣のメンバーたちは疲れ果てている様子だった。
0x010000000000FB90,26,26,Sordland/Turn03/EnT_Budget,Player,en,「この機会に声明を発表したいと思う。」
0x010000000000FB90,26,26,Sordland/Turn03/EnT_Budget,Player,Menu Text en,「この機会に声明を発表したいと思う。」
0x010000000000FB97,26,27,Sordland/Turn03/EnT_Budget,Player,en,「さて、我々全員が待ち望んでいた瞬間だ。ついに政府予算について議論する時が来た。」
0x010000000000FB97,26,27,Sordland/Turn03/EnT_Budget,Player,Menu Text en,「さて、我々全員が待ち望んでいた瞬間だ。ついに政府予算について議論する時が来た。」
0x010000000000FB9E,26,28,Sordland/Turn03/EnT_Budget,Player,en,「皆さん、ようこそ。お会いできて光栄だ。」
0x010000000000FB9E,26,28,Sordland/Turn03/EnT_Budget,Player,Menu Text en,「皆さん、ようこそ。お会いできて光栄だ。」
0x010000000000FBD2,26,29,Sordland/Turn03/EnT_Budget,Symon Holl,en,「大統領、私は興奮のあまり足元が震えてしまいます。」
0x010000000000FBD9,26,30,Sordland/Turn03/EnT_Budget,Lileas Graf,en,「こんにちは。」
0x010000000000FBE8,26,31,Sordland/Turn03/EnT_Budget,Iosef Lancea,en,「大統領。」
0x010000000000FBF2,26,32,Sordland/Turn03/EnT_Budget,Lucian Galade,en,「もちろんです、大統領。」
0x010000000000FC00,26,33,Sordland/Turn03/EnT_Budget,Player,en,「6ヶ月前、我々は皆で歴史の流れを変えるために集まった。今、我々が成し遂げたことやこれから成し遂げるであろうことを誇りに思う。」
0x010000000000FC00,26,33,Sordland/Turn03/EnT_Budget,Player,Menu Text en,「6ヶ月前、我々は皆で歴史の流れを変えるために集まった。今、我々が成し遂げたことやこれから成し遂げるであろうことを誇りに思う。」
0x010000000000FC08,26,34,Sordland/Turn03/EnT_Budget,Player,en,「我々は素晴らしい仕事を進めており、これはまだ始まりに過ぎない。これからも多くの良いことが起こるだろう。」
0x010000000000FC08,26,34,Sordland/Turn03/EnT_Budget,Player,Menu Text en,「我々は素晴らしい仕事を進めており、これはまだ始まりに過ぎない。これからも多くの良いことが起こるだろう。」
0x010000000000FC0F,26,35,Sordland/Turn03/EnT_Budget,Player,en,「皆さんはそれぞれ非常に有能だが、重要なのはチームとして一体となって行動することだ。」
0x010000000000FC0F,26,35,Sordland/Turn03/EnT_Budget,Player,Menu Text en,「皆さんはそれぞれ非常に有能だが、重要なのはチームとして一体となって行動することだ。」
0x010000000000FC18,26,36,Sordland/Turn03/EnT_Budget,Narrator,en,私の発言によって、閣僚たちは私が期待していたほど意欲を示さなかった。
0x010000000000FC20,26,37,Sordland/Turn03/EnT_Budget,Narrator,en,私の発言を聞いて、各大臣たちはやる気を見せたようだった。
0x010000000000FC28,26,38,Sordland/Turn03/EnT_Budget,Narrator,en,私の発言によって、各大臣たちは活気づいた様子だった。
0x010000000000FC41,26,39,Sordland/Turn03/EnT_Budget,Lileas Graf,en,「主が彼らと共におられますように。」
0x010000000000FC55,26,40,Sordland/Turn03/EnT_Budget,Lucian Galade,en,「現在の国の状況を考えると、経済状況の改善は今や最優先の政治課題です。特に第58回選挙に勝利したいのであれば、これまで以上にそうなのです。」
0x010000000000FCAA,26,44,Sordland/Turn03/EnT_Budget,Lucian Galade,en,「大統領、誠にありがとうございます。」
0x010000000000FCB1,26,45,Sordland/Turn03/EnT_Budget,Symon Holl,en,「では、始めましょう。」
0x010000000000FDC0,26,50,Sordland/Turn03/EnT_Budget,Symon Holl,en,「まずどの分野について議論しましょうか？」
0x010000000000FDFD,26,51,Sordland/Turn03/EnT_Budget,Player,en,「まずは医療制度について話し合おう。」
0x010000000000FDFD,26,51,Sordland/Turn03/EnT_Budget,Player,Menu Text en,「まずは医療制度について話し合おう。」
0x010000000000FE04,26,52,Sordland/Turn03/EnT_Budget,Player,en,「そろそろ軍事に関する意見を聞く時間だ。」
0x010000000000FE04,26,52,Sordland/Turn03/EnT_Budget,Player,Menu Text en,「そろそろ軍事に関する意見を聞く時間だ。」
0x010000000000FE0B,26,53,Sordland/Turn03/EnT_Budget,Player,en,「まずは法執行について話し合おう。」
0x010000000000FE0B,26,53,Sordland/Turn03/EnT_Budget,Player,Menu Text en,「まずは法執行について話し合おう。」
0x010000000000FE12,26,54,Sordland/Turn03/EnT_Budget,Player,en,「教育についてはどうなるか？」
0x010000000000FE12,26,54,Sordland/Turn03/EnT_Budget,Player,Menu Text en,「教育についてはどうなるか？」
0x010000000000FE9F,26,67,Sordland/Turn03/EnT_Budget,Lucian Galade,en,「選挙運動中に安全保障と法執行に力を入れると約束しましたので、その点も改めてご案内しておかなければなりません。」
0x010000000000FEB3,26,68,Sordland/Turn03/EnT_Budget,Lileas Graf,en,「我々は我が国を守る準備ができているのです、ワルダさん。」
0x010000000000FEBF,26,69,Sordland/Turn03/EnT_Budget,Ciara Walda,en,「さて、一つ意見を申し上げます。ソードランド軍というものは、我々国民のために割り当てられた財源を浪費するだけで、近い将来起こるかもしれない*戦争*への恐怖心を煽っているに過ぎません。」
0x010000000000FF9E,26,70,Sordland/Turn03/EnT_Budget,Lucian Galade,en,「大変憂慮すべき状況です。パスカルが述べたことに加え、選挙運動中に医療制度の強化を約束したことも忘れてはなりません。」
0x010000000000FFB6,26,71,Sordland/Turn03/EnT_Budget,Ciara Walda,en,「私もモルグナ夫人の意見に賛成です。ますます多くの人権侵害を引き起こしているような組織を甘やかすべきではありません。さらに、汚職こそが我が政府の非効率の原因であり、断固として対処しなければなりません。」
0x010000000000FFC4,26,72,Sordland/Turn03/EnT_Budget,Paskal Beniwoll,en,「我々の医療制度は非常に規模が大きく、ほとんどの国民に無料のサービスを提供しています。しかし、低所得地域や農村部では医療サービスの質がはるかに悪いのです。」
0x010000000000FFCB,26,73,Sordland/Turn03/EnT_Budget,Paskal Beniwoll,en,「ですから、この格差を是正するためにはより多くの資金が必要だと思います。」
0x010000000000FFEA,26,74,Sordland/Turn03/EnT_Budget,Ciara Walda,en,「私も同感です。最近、ナルベルの医療制度について調査を始めましたが、状況は良くありません。」
0x0100000000010012,26,75,Sordland/Turn03/EnT_Budget,Paskal Beniwoll,en,「もし医療サービスへの支出を増やさないのであれば、少なくとも現状を維持する必要があります。そうでなければ人々の命が危険にさらされることになります。」
0x010000000001017C,26,76,Sordland/Turn03/EnT_Budget,Ciara Walda,en,「我々の教育制度は不十分です。資金面だけでなく、近代的なカリキュラムの理念においても不足しています。時代遅れのカリキュラムが我々の若者を無駄にしているのです。」
0x01000000000101A1,26,77,Sordland/Turn03/EnT_Budget,Lileas Graf,en,「馬鹿なことを言うな。ソードランドが今も存在しているのは、お前たちが侮辱するまさにその制度のおかげだ。我々の子供たちに国家のアイデンティティや誇りの理念を教える制度を、どうして侮辱できるというのだ？」
0x01000000000101A7,26,78,Sordland/Turn03/EnT_Budget,Ciara Walda,en,「それが私が二つのことを提唱する理由です。一つは農村地域における教育機会の向上のための予算増額、もう一つは新たな教育改革です。」
0x01000000000101BD,26,82,Sordland/Turn03/EnT_Budget,Lucian Galade,en,「選挙運動中に教育に力を入れると約束しましたので、その点も改めてお伝えしておかなければなりません。」
0x01000000000101D0,26,83,Sordland/Turn03/EnT_Budget,Iosef Lancea,en,「私もリリアスの意見に賛成です。ソードランドはソードランドなのです！」
0x01000000000105A4,26,85,Sordland/Turn03/EnT_Budget,Symon Holl,en,「政府の四つの主要機関の予算編成には三つの選択肢があります。資金を増やすか、現状維持か、あるいは削減するかのどれかです。」
0x01000000000105B3,26,86,Sordland/Turn03/EnT_Budget,Player,en,「大規模な政府運営から離れることが正しい選択だ。」
0x01000000000105B3,26,86,Sordland/Turn03/EnT_Budget,Player,Menu Text en,「大規模な政府運営から離れることが正しい選択だ。」
0x01000000000105BA,26,87,Sordland/Turn03/EnT_Budget,Player,en,「問題は支出される金額そのものではなく、我々がそれをどれだけ効率的に使うかという点だ。」
0x01000000000105BA,26,87,Sordland/Turn03/EnT_Budget,Player,Menu Text en,「問題は支出される金額そのものではなく、我々がそれをどれだけ効率的に使うかという点だ。」
0x01000000000105C3,26,88,Sordland/Turn03/EnT_Budget,Player,en,「民間部門に我々を支えてもらえると期待できるか？」
0x01000000000105C3,26,88,Sordland/Turn03/EnT_Budget,Player,Menu Text en,「民間部門に我々を支えてもらえると期待できるか？」
0x01000000000105CB,26,89,Sordland/Turn03/EnT_Budget,Symon Holl,en,「増額すれば該当機関の機能が向上し、新たな政策の選択肢が生まれます。現状維持なら資金はそのままで目に見える変化はありません。減額するとその機関の効率性が低下します。」
0x01000000000105D5,26,90,Sordland/Turn03/EnT_Budget,Symon Holl,en,「教育や医療といった分野においては、ある程度それを実現できるはずです。」
0x0100000000010711,26,91,Sordland/Turn03/EnT_Budget,Lucian Galade,en,「残念ながら、ペトル・ベクターン、ガス・マンガー、デイヴィド・ウィスキは今回の会議に出席しません。」
0x010000000002846C,26,101,Sordland/Turn03/EnT_Budget,Symon Holl,en,「……予算に関する決定を下す時が来ました。」
0x0100000400002A97,26,107,Sordland/Turn03/EnT_Budget,Player,en,「できるだけ国家の統制を維持し続けることは可能だろうか？」
0x0100000400002A97,26,107,Sordland/Turn03/EnT_Budget,Player,Menu Text en,「できるだけ国家の統制を維持し続けることは可能だろうか？」
0x0100000400002A9F,26,108,Sordland/Turn03/EnT_Budget,Symon Holl,en,「保健省と教育省については可能です。ですが、それが効率的かどうかは分かりません。」
0x0100000400003029,26,109,Sordland/Turn03/EnT_Budget,Lucian Galade,en,「ありがとうございます、大統領。それでは次に進みます。」
0x010000040000302F,26,110,Sordland/Turn03/EnT_Budget,Lucian Galade,en,「ありがとうございます、大統領。」
0x010000040000303C,26,111,Sordland/Turn03/EnT_Budget,Paskal Beniwoll,en,「例えば、我々の福祉制度には解決すべき問題が数多く存在しています。」
0x0100000400003042,26,112,Sordland/Turn03/EnT_Budget,Ciara Walda,en,「確かに、我々の政策の多くはもっと効率的に実施できるはずです。」
0x0100000400003050,26,113,Sordland/Turn03/EnT_Budget,Paskal Beniwoll,en,「このような波及効果をもたらす重大な決定を下す際には、十分に配慮する必要があります。」
0x0100000400003056,26,114,Sordland/Turn03/EnT_Budget,Ciara Walda,en,「我々の普遍的な医療制度は守られなければならず、民間の貪欲や利益によって汚されてはなりません。」
0x010000040000305E,26,115,Sordland/Turn03/EnT_Budget,Lileas Graf,en,「まず、国家は多くのサービスを提供しており、それらは国民が税金で支払っているものです。」
0x0100000400003068,26,116,Sordland/Turn03/EnT_Budget,Ciara Walda,en,「私も同感です。必要不可欠な公共サービスは我々の管轄下に留めるべきです。」
0x0100000600048C04,26,117,Sordland/Turn03/EnT_Budget,Lucian Galade,en,「彼らはヴェーレンおよびアグノリアとの今後の貿易協定に取り組んでいます。」
0x0100000600048C0D,26,118,Sordland/Turn03/EnT_Budget,Player_Italic,en,私はシモンにうなずいた。
0x0100000600048C0D,26,118,Sordland/Turn03/EnT_Budget,Player_Italic,Menu Text en,シモンにうなずく
0x010000000000FED9,26,119,Sordland/Turn03/EnT_Budget,Player,en,「私もリリアスの意見に賛成だ。普通なら別のことを言っただろうが、現在の状況は明らかだから。」
0x010000000000FED9,26,119,Sordland/Turn03/EnT_Budget,Player,Menu Text en,「私もリリアスの意見に賛成だ。普通なら別のことを言っただろうが、現在の状況は明らかだから。」
0x010000000000FEE0,26,120,Sordland/Turn03/EnT_Budget,Player,en,「私もニアの意見に賛成だ。汚職といった実際の問題には、真の解決策が必要だ。」
0x010000000000FEE0,26,120,Sordland/Turn03/EnT_Budget,Player,Menu Text en,「私もニアの意見に賛成だ。汚職といった実際の問題には、真の解決策が必要だ。」
0x0100000600048C27,26,121,Sordland/Turn03/EnT_Budget,Nia Morgna,en,「私の部門に資金を配分すれば、問題の根本的な解決ができます。もし腐敗が依然として横行するなら、どんなに警察の数を増やしても意味はありません。専門的な汚職捜査局が必要であり、資金が私のもとに回ればそうした組織を創設できるのです。」
0x0100000600048C38,26,122,Sordland/Turn03/EnT_Budget,Player,en,「私もルシアンに同意する。国民への約束を簡単に破るわけにはいかない。」
0x0100000600048C38,26,122,Sordland/Turn03/EnT_Budget,Player,Menu Text en,「私もルシアンに同意する。国民への約束を簡単に破るわけにはいかない。」
0x0100000600048C44,26,123,Sordland/Turn03/EnT_Budget,Lileas Graf,en,「警察というのはソードランドの国民に奉仕し、彼らを守るための存在です。ワルダさん、我々もまさにその役割を果たしているのです。」
0x0100000600048C4B,26,124,Sordland/Turn03/EnT_Budget,Lileas Graf,en,「より多くの資金があれば、警察力の強化が可能になります。現在の国の状況を考えれば、これはごく当然の選択です。」
0x0100000600048C57,26,125,Sordland/Turn03/EnT_Budget,Player,en,「私もシアラの意見に賛成だ。あんなことが起きた後で警察に資金を投じたら、人々は我々をどう思うだろうか？」
0x0100000600048C57,26,125,Sordland/Turn03/EnT_Budget,Player,Menu Text en,「私もシアラの意見に賛成だ。あんなことが起きた後で警察に資金を投じたら、人々は我々をどう思うだろうか？」
0x0100000600048C68,26,126,Sordland/Turn03/EnT_Budget,Paskal Beniwoll,en,「我々は今、ソードランドに大流行が発生した場合の状況について新たな分析を始めたところです。その結果によれば、医療施設の状態が現在のままだと、死者数は想像を絶するものになるでしょう。」
0x0100000600048C71,26,127,Sordland/Turn03/EnT_Budget,Paskal Beniwoll,en,「これは生死に関わる問題であり、大統領、このように扱われるべきです。」
0x0100000600048C7B,26,128,Sordland/Turn03/EnT_Budget,Player,en,「我々は国民にした約束を必ず守らなければならない。」
0x0100000600048C7B,26,128,Sordland/Turn03/EnT_Budget,Player,Menu Text en,「我々は国民にした約束を必ず守らなければならない。」
0x0100000600048C82,26,129,Sordland/Turn03/EnT_Budget,Paskal Beniwoll,en,「経済への被害については言及すらしていないのです。」
0x0100000600048C8D,26,130,Sordland/Turn03/EnT_Budget,Player,en,「それは確かに憂慮すべきことだ。我々は政府としてできる限りの対策を講じるべきだろう。」
0x0100000600048C8D,26,130,Sordland/Turn03/EnT_Budget,Player,Menu Text en,「それは確かに憂慮すべきことだ。我々は政府としてできる限りの対策を講じるべきだろう。」
0x0100000600048C95,26,131,Sordland/Turn03/EnT_Budget,Player,en,「それは大流行が起きた場合に限った話だ。」
0x0100000600048C95,26,131,Sordland/Turn03/EnT_Budget,Player,Menu Text en,「それは大流行が起きた場合に限った話だ。」
0x0100000600048C9D,26,132,Sordland/Turn03/EnT_Budget,Player,en,「我々は医療制度を改善しなければならない。国民の命を守ることができないのであれば、我々がここにいる意味は他にない。」
0x0100000600048C9D,26,132,Sordland/Turn03/EnT_Budget,Player,Menu Text en,「我々は医療制度を改善しなければならない。国民の命を守ることができないのであれば、我々がここにいる意味は他にない。」
0x0100000600048CAC,26,133,Sordland/Turn03/EnT_Budget,Iosef Lancea,en,「聞くべきことなど何もありません。私は既に自分の意見を述べました。」
0x0100000600048CB5,26,134,Sordland/Turn03/EnT_Budget,Iosef Lancea,en,「我々が望もうと望まなかろうと、ルンブルクはやってくるのです。今年でなければ来年、来年でなければそのまた翌年に！」
0x0100000600048CBE,26,135,Sordland/Turn03/EnT_Budget,Iosef Lancea,en,「大統領。私とあなたには、この国を敵から守るという共通の責任があります。私は最後の息をするまでその役目を果たす所存です。」
0x0100000600048CC7,26,136,Sordland/Turn03/EnT_Budget,Iosef Lancea,en,「敵がすぐ目の前にいて、我々が少しでも間違った動きをすれば襲ってくるような状況では、軍隊の予算を増やすことに反対する余地はありません！そう考える者は愚か者に他なりません！」
0x0100000600048CD0,26,137,Sordland/Turn03/EnT_Budget,Iosef Lancea,en,「断言して言います。もし２、３年以内にルンブルクがソードランドに対して何の行動も起こさないのであれば、私はヨセフ・ランチェアではありません！」
0x0100000600048CDA,26,138,Sordland/Turn03/EnT_Budget,Lucian Galade,en,「ランチェアさん。」
0x0100000600048CE1,26,139,Sordland/Turn03/EnT_Budget,Iosef Lancea,en,「そうです。大統領、私の大げさな振る舞いをお許しください。しかしこれは重大な問題です。我が国の未来はすべて大統領にかかっているのです。」
0x0100000600048CEA,26,140,Sordland/Turn03/EnT_Budget,Ciara Walda,en,「ルンブルクの問題は外交的に解決できる。もし突然軍事予算を大幅に増やし始めたら、彼らや全世界にどのようなメッセージを送ることになるのか？」
0x0100000600048CF8,26,141,Sordland/Turn03/EnT_Budget,Narrator,en,ヨセフは次第に自分の声の大きさをコントロールできなくなっていった。
0x0100000600048D02,26,142,Sordland/Turn03/EnT_Budget,Iosef Lancea,en,「その通りです。」
0x0100000600048D0C,26,143,Sordland/Turn03/EnT_Budget,Player,en,「我々が選ばれたのには理由がある。彼らのニーズに応えていくつもりだ。」
0x0100000600048D0C,26,143,Sordland/Turn03/EnT_Budget,Player,Menu Text en,「我々が選ばれたのには理由がある。彼らのニーズに応えていくつもりだ。」
0x0100000600048D13,26,144,Sordland/Turn03/EnT_Budget,Player,en,「私もヨセフに同意する。ルンブルクは深刻な脅威であり、我々は万全の準備をしなければならない。」
0x0100000600048D13,26,144,Sordland/Turn03/EnT_Budget,Player,Menu Text en,「私もヨセフに同意する。ルンブルクは深刻な脅威であり、我々は万全の準備をしなければならない。」
0x0100000600048D1A,26,145,Sordland/Turn03/EnT_Budget,Player,en,「私もシアラの意見に賛成だ。できるだけ外交的な態度を取る必要がある。」
0x0100000600048D1A,26,145,Sordland/Turn03/EnT_Budget,Player,Menu Text en,「私もシアラの意見に賛成だ。できるだけ外交的な態度を取る必要がある。」
0x0100000600048D21,26,146,Sordland/Turn03/EnT_Budget,Player,en,「我々の資金は、これよりもっと重要な分野に投じる方が適切だ。」
0x0100000600048D21,26,146,Sordland/Turn03/EnT_Budget,Player,Menu Text en,「我々の資金は、これよりもっと重要な分野に投じる方が適切だ。」
0x0100000600048D33,26,147,Sordland/Turn03/EnT_Budget,Ciara Walda,en,「我々は、新しい世代がより近代的な国の同年代者と同等の教育を受けられるようにしなければなりません。」
0x0100000600048D3A,26,148,Sordland/Turn03/EnT_Budget,Ciara Walda,en,「正直言って、教育水準に関してはアルカシアやコンタナ連邦と比べてソードランドは遅れています。どの国の柱も国民であり、我々は自国の未来を守らなければなりません。」
0x0100000600048D42,26,149,Sordland/Turn03/EnT_Budget,Lileas Graf,en,「他国と比べることはありません。ソードランドはソードランドなのです。」
0x0100000600048D4B,26,150,Sordland/Turn03/EnT_Budget,Player,en,「ルシアン、君の言う通りだ。我々は人々を失望させてはならない。」
0x0100000600048D4B,26,150,Sordland/Turn03/EnT_Budget,Player,Menu Text en,「ルシアン、君の言う通りだ。我々は人々を失望させてはならない。」
0x0100000600048D52,26,151,Sordland/Turn03/EnT_Budget,Player,en,「リリアスの言う通りだ。我々は自分たちの道を切り開くのだ。アルカシアやコンタナ連邦を真似てここまで来たわけではない。」
0x0100000600048D52,26,151,Sordland/Turn03/EnT_Budget,Player,Menu Text en,「リリアスの言う通りだ。我々は自分たちの道を切り開くのだ。アルカシアやコンタナ連邦を真似てここまで来たわけではない。」
0x0100000600048D59,26,152,Sordland/Turn03/EnT_Budget,Player,en,「私もシアラの意見に賛成だ。そろそろ教育に投資し、改革を実施する時期だと思う。」
0x0100000600048D59,26,152,Sordland/Turn03/EnT_Budget,Player,Menu Text en,「私もシアラの意見に賛成だ。そろそろ教育に投資し、改革を実施する時期だと思う。」
0x0100000600048D60,26,153,Sordland/Turn03/EnT_Budget,Player,en,「私はそれについて考えてみる。」
0x0100000600048D60,26,153,Sordland/Turn03/EnT_Budget,Player,Menu Text en,「私はそれについて考えてみる。」
0x0100000600048D72,26,154,Sordland/Turn03/EnT_Budget,Symon Holl,en,「皆様からの意見は大変有益でした。」
0x0100000600048D83,26,155,Sordland/Turn03/EnT_Budget,Symon Holl,en,「では……」
0x0100000600048D8C,26,156,Sordland/Turn03/EnT_Budget,Narrator,en,シモンは私の机の上に書類の束を置いた。
0x0100000600048D93,26,157,Sordland/Turn03/EnT_Budget,Symon Holl,en,「大統領、慎重にご検討ください。」
0x0100000600048D9C,26,158,Sordland/Turn03/EnT_Budget,Narrator,en,私は最初のページをめくった。
0x0100000600048DA5,26,159,Sordland/Turn03/EnT_Budget,Symon Holl,en,「政府の予算を運用する際、様々な分野に投資するために借金を負うこともあり得ます。」
0x0100000600048DAB,26,160,Sordland/Turn03/EnT_Budget,Symon Holl,en,「議論を始める前に、もう一つ私の意見を述べたいことがあります。」
0x0100000600048DB1,26,161,Sordland/Turn03/EnT_Budget,Symon Holl,en,「この予算は我々の在任期間全体に適用されます。正確に計画を立てることが極めて重要です。」
0x0100000D0000025C,26,171,Sordland/Turn03/EnT_Budget,Ciara Walda,en,「始める前に、赤旗青年団への禁止措置について誰も言及しないのですか？」
0x0100000D00000262,26,172,Sordland/Turn03/EnT_Budget,Nia Morgna,en,「始める前に、『赤旗青年団』への禁止措置について誰も言及しないのですか？」
0x0100000D0000026E,26,173,Sordland/Turn03/EnT_Budget,Lileas Graf,en,「若い女性、今私に目を転がしたのですか？」
0x0100000D0000027A,26,174,Sordland/Turn03/EnT_Budget,Nia Morgna,en,「たとえ彼らの政治的目標が我々政権のものと異なっていたとしても、表現の自由はどんな犠牲を払ってでも守られるべきだという点については、ご同意いただけるはずです。」
0x0100000D00000280,26,175,Sordland/Turn03/EnT_Budget,Nia Morgna,en,「たとえ彼らの政治的目標が我々政権のものと異なっていたとしても、表現の自由はどんな犠牲を払ってでも守られるべきだという点については、ご同意いただけるはずです。」
0x0100000D00000286,26,176,Sordland/Turn03/EnT_Budget,Ciara Walda,en,「もし私がそうしたとしても、それは政府の予算会議に宗教が居場所を持つべきではないからです。」
0x0100000D0000028F,26,177,Sordland/Turn03/EnT_Budget,Player,en,「グラーフさん、宗教に関するものはマルーン宮殿の門の外で預けてくれ。」
0x0100000D0000028F,26,177,Sordland/Turn03/EnT_Budget,Player,Menu Text en,「グラーフさん、宗教に関するものはマルーン宮殿の門の外で預けてくれ。」
0x0100000D00000296,26,178,Sordland/Turn03/EnT_Budget,Player,en,「もしこの禁止措置に問題があるなら、私と別途会合を開こう。」
0x0100000D00000296,26,178,Sordland/Turn03/EnT_Budget,Player,Menu Text en,「もしこの禁止措置に問題があるなら、私と別途会合を開こう。」
0x0100000D0000029D,26,179,Sordland/Turn03/EnT_Budget,Player,en,「この禁止措置は最終的なものだ。これ以上疑問を呈してはいけない。」
0x0100000D0000029D,26,179,Sordland/Turn03/EnT_Budget,Player,Menu Text en,「この禁止措置は最終的なものだ。これ以上疑問を呈してはいけない。」
0x0100000D000002A7,26,180,Sordland/Turn03/EnT_Budget,Ciara Walda,en,「はい、それにもう一点付け加えさせてください――」
0x0100000D000002AD,26,181,Sordland/Turn03/EnT_Budget,Ciara Walda,en,「ニア――いえ、モルグナ夫人のおっしゃる通りです。」
0x0100000D000002B9,26,182,Sordland/Turn03/EnT_Budget,Lileas Graf,en,「私は単に、円滑な貿易協定が結ばれることを願っているだけです。表現の自由はどんな犠牲を払っても守られなければなりませんよね、モルグナ夫人？」
0x0100000E0000807B,26,183,Sordland/Turn03/EnT_Budget,Narrator,en,キアラはほとんど隠しきれないような目を転がした。
0x0100000E00008082,26,184,Sordland/Turn03/EnT_Budget,Narrator,en,ニアは感謝の笑みを彼女に向けた。
0x0100000E00008089,26,185,Sordland/Turn03/EnT_Budget,Nia Morgna,en,「その点を指摘していただき、ありがとうございます、ワルダ夫人。赤旗青年団の政治的目標が我々政権のものとどれだけ異なろうとも、表現の自由は何があっても守られなければならないと私も同意します。」
0x0100000E00008091,26,186,Sordland/Turn03/EnT_Budget,Narrator,en,彼女は、ルシアンとシモン、そしてヨセフが無言のまま自分とニアを見つめているのに気づき、話を途中でやめた。
0x0100000E00008098,26,187,Sordland/Turn03/EnT_Budget,Lucian Galade,en,「皆様、余計なおしゃべりはアフターティーの時にしましょう。」
0x0100000E0000809F,26,188,Sordland/Turn03/EnT_Budget,Narrator,en,キアラはリリアスに懇願するような視線を送ったが、リリアスはただ不満げに唇をとがらせるだけだった。
0x0100000E000080A6,26,189,Sordland/Turn03/EnT_Budget,Narrator,en,ニアは感謝の笑みを彼女に向けた。
0x0100000E000080AD,26,190,Sordland/Turn03/EnT_Budget,Ciara Walda,en,「私自身も『赤旗青年団』の政策には強く反対ですが、それでも――」
0x0100000E000080B5,26,191,Sordland/Turn03/EnT_Budget,Nia Morgna,en,「始める前に、赤旗青年団とソード青年団の活動禁止について誰も言及しないのですか？」
0x0100000E000080BC,26,192,Sordland/Turn03/EnT_Budget,Ciara Walda,en,「ニア――いえ、モルグナ夫人のおっしゃる通りです。」
0x0100000E000080C3,26,193,Sordland/Turn03/EnT_Budget,Narrator,en,ニアは感謝の笑みを彼女に向けた。
0x0100000E000080CA,26,194,Sordland/Turn03/EnT_Budget,Ciara Walda,en,「私自身は『赤旗青年団』の方針により近い立場にありますが、『ソード青年団』のそれとも――」
0x0100000E000080D9,26,195,Sordland/Turn03/EnT_Budget,Nia Morgna,en,「実のところ、この件については私もワルダさんの意見に賛成です。」
0x0100000E000080E0,26,196,Sordland/Turn03/EnT_Budget,Narrator,en,キアラは私に感謝の笑みを向けた。
0x0100000E000080E7,26,197,Sordland/Turn03/EnT_Budget,Nia Morgna,en,「聖堂と国家の分離に関するソードランドの法律によれば――」
0x0100000E000080EE,26,198,Sordland/Turn03/EnT_Budget,Narrator,en,彼女は、シモン、ルシアン、そしてヨセフが無言のまま三人の女性大臣を見つめているのに気づき、話を途中でやめた。
0x0100000E000080F6,26,199,Sordland/Turn03/EnT_Budget,Lucian Galade,en,「皆様、余計なおしゃべりはアフターティーの時にしましょう。」
0x0100000E00008100,26,200,Sordland/Turn03/EnT_Budget,Player,en,「ワルダさん、この宮殿ではいつでも主をお迎えする準備ができている。」
0x0100000E00008100,26,200,Sordland/Turn03/EnT_Budget,Player,Menu Text en,「ワルダさん、この宮殿ではいつでも主をお迎えする準備ができている。」
0x0100000E00008108,26,201,Sordland/Turn03/EnT_Budget,Narrator,en,シモンは大声で書類をいじり始めた。皆の視線が経済大臣に向けられた。
0x0100000E00008116,26,202,Sordland/Turn03/EnT_Budget,Narrator,en,ニアは咳払いをした。
0x0100001300000007,26,203,Sordland/Turn03/EnT_Budget,Narrator,en,リリアスが何かを言おうとしたその時、シモンの大きな咳声が部屋の静寂を破った。
0x01000006000B40A9,26,204,Sordland/Turn03/EnT_Budget,Player_Italic,en,私はコメントをするのを控えた。
0x01000006000B40A9,26,204,Sordland/Turn03/EnT_Budget,Player_Italic,Menu Text en,黙っている
0x0100005500005069,26,205,Sordland/Turn03/EnT_Budget,Player,en,「我々は成長を実現するために、できるだけ多くの資金を投じるべきだ。」
0x0100005500005070,26,206,Sordland/Turn03/EnT_Budget,Player,en,「我が政権は経済的に保守的な姿勢を取るべきで、危機を招かないようにしなければならない。」
0x0100005500005078,26,207,Sordland/Turn03/EnT_Budget,Lucian Galade,en,「刺激的な戦略であれば、支援が増えることによって積極的な政治的効果をもたらすでしょう。」
0x0100005500005080,26,208,Sordland/Turn03/EnT_Budget,Lucian Galade,en,「緊縮策では有権者層をなだめることに困難が生じています。」
0x0100008E0000268D,26,211,Sordland/Turn03/EnT_Budget,Player,en,「予算についてはもう決断した。これで進めることができる。」
0x0100008E0000268D,26,211,Sordland/Turn03/EnT_Budget,Player,Menu Text en,「予算についてはもう決断した。これで進めることができる。」
0x010000460001F9C1,27,3,Sordland/Turn03/Budget Feedback,Iosef Lancea,en,「これは実に恥知らずな行為です。ルンブルクがすでに我々の門前に迫っており、ソードランド軍も既に山ほどの問題を抱えているというのに。これは重大な過ちであり、必ずや後日その代償を払わされることになるでしょう。」
0x010000460001F9C9,27,4,Sordland/Turn03/Budget Feedback,Player,en,「皆様、ありがとう。ご多忙の中、ご出席いただき感謝する。」
0x010000460001F9C9,27,4,Sordland/Turn03/Budget Feedback,Player,Menu Text en,「皆様、ありがとう。ご多忙の中、ご出席いただき感謝する。」
0x010000460001F9D0,27,5,Sordland/Turn03/Budget Feedback,Player,en,「何があったとしても、あなた方がいなければ私はここにいられない。我々は一つのチームだということを忘れないでくれ。」
0x010000460001F9D0,27,5,Sordland/Turn03/Budget Feedback,Player,Menu Text en,「何があったとしても、あなた方がいなければ私はここにいられない。我々は一つのチームだということを忘れないでくれ。」
0x010000460001F9D7,27,6,Sordland/Turn03/Budget Feedback,Player,en,「決定内容に不満を持つ方々も、個人的なことと思わないでくれ。」
0x010000460001F9D7,27,6,Sordland/Turn03/Budget Feedback,Player,Menu Text en,「決定内容に不満を持つ方々も、個人的なことと思わないでくれ。」
0x010000460001F9DE,27,7,Sordland/Turn03/Budget Feedback,Narrator,en,ルシアンは何かを言いそうな様子だったが、ヨセフが彼を見るとメモ帳に目を落とした。
0x010000460001F9E9,27,11,Sordland/Turn03/Budget Feedback,Iosef Lancea,en,「軍隊を尊重する大統領のもとで仕えられることは光栄です。私が保証します、この資金があれば我が国の軍隊はかつてないほど強力になるでしょう。」
0x010000460001F9F1,27,12,Sordland/Turn03/Budget Feedback,Iosef Lancea,en,「軍の予算が増額されないのは残念です。国防を維持するためには私が犠牲を払わなければなりません。」
0x010000460001F9F9,27,13,Sordland/Turn03/Budget Feedback,Player,en,「現在の予算条件をそのまま続けるのが適切だ。」
0x010000460001F9F9,27,13,Sordland/Turn03/Budget Feedback,Player,Menu Text en,「現在の予算条件をそのまま続けるのが適切だ。」
0x010000460001FA00,27,14,Sordland/Turn03/Budget Feedback,Lileas Graf,en,「大統領、このご決断に感謝いたします。国内の安全保障上の脅威がかつてないほど高まっていることを考えますと、ご判断が変わられるものと確信しておりました。」
0x010000460001FA0D,27,18,Sordland/Turn03/Budget Feedback,Nia Morgna,en,「予算が変更されなければ、我々に何ができるか分からないのです。」
0x010000460001FA15,27,19,Sordland/Turn03/Budget Feedback,Lileas Graf,en,「私は断固として反対です。治安維持の分野だけでもかろうじてやりくりしている状況です。やむを得ず部隊の規模や職員の給与を削減せざるを得ません。」
0x010000460001FA1D,27,20,Sordland/Turn03/Budget Feedback,Player,en,「我々の新たな優先事項として、法執行機関の規模縮小が求められているのだ。」
0x010000460001FA1D,27,20,Sordland/Turn03/Budget Feedback,Player,Menu Text en,「我々の新たな優先事項として、法執行機関の規模縮小が求められているのだ。」
0x010000460001FA24,27,21,Sordland/Turn03/Budget Feedback,Nia Morgna,en,「予算の削減は、裁判件数を処理する能力にも悪影響を及ぼし、我々を窮地に追い込む可能性があります。」
0x010000460001FA2C,27,22,Sordland/Turn03/Budget Feedback,Lileas Graf,en,「我々は手元にあるもので何とかしなければならないようですね。これは我々にとって最良の状況とは言えません。」
0x010000460001FA35,27,23,Sordland/Turn03/Budget Feedback,Nia Morgna,en,「グラーフ氏の提案する資金使途には依然として異議がありますが、予算の増額は確かに正しい方向への一歩です。」
0x010000460001FA3D,27,24,Sordland/Turn03/Budget Feedback,Symon Holl,en,「ベニウォル氏のご発言をお聞きしましょう。」
0x010000460001FA43,27,25,Sordland/Turn03/Budget Feedback,Player,en,「脅威が存在する状況では、資金供給を維持し続けることが正しい判断だった。」
0x010000460001FA43,27,25,Sordland/Turn03/Budget Feedback,Player,Menu Text en,「脅威が存在する状況では、資金供給を維持し続けることが正しい判断だった。」
0x010000460001FA4A,27,26,Sordland/Turn03/Budget Feedback,Player,en,「軍事予算については譲歩せざるを得なかった。優先順位が変わってしまったのだ。」
0x010000460001FA4A,27,26,Sordland/Turn03/Budget Feedback,Player,Menu Text en,「軍事予算については譲歩せざるを得なかった。優先順位が変わってしまったのだ。」
0x010000460001FA51,27,27,Sordland/Turn03/Budget Feedback,Symon Holl,en,「それで全ての部門が網羅されます。来年に向けて、各大臣が自分たちの政策要求や期待事項を大統領閣下に提出してまいります。」
0x010000460001FA57,27,28,Sordland/Turn03/Budget Feedback,Paskal Beniwoll,en,「正直、かなりがっかりしています。予算削減によって多くの病院を閉鎖せざるを得ず、サービスの質も低下します。それに、政府としての評判にも悪影響を及ぼすでしょう。」
0x010000460001FA5F,27,29,Sordland/Turn03/Budget Feedback,Paskal Beniwoll,en,「ありがとうございます、大統領。この保健予算の増額により、改善策に力を注ぐことができます。これで我々国民はこれまで以上に安全な生活を送れるでしょう。」
0x010000460001FA67,27,30,Sordland/Turn03/Budget Feedback,Paskal Beniwoll,en,「資金維持が悪いことだとは言えませんが、我々のサービスの性能がこれ以上向上するとは思えません。」
0x010000460001FA74,27,34,Sordland/Turn03/Budget Feedback,Narrator,en,キアラは意見を述べることに熱心だった。
0x010000460001FA7A,27,35,Sordland/Turn03/Budget Feedback,Lucian Galade,en,「次は軍事費の件です。」
0x010000460001FA85,27,39,Sordland/Turn03/Budget Feedback,Nia Morgna,en,「その通りです。これは大きな過ちでした。申し訳ありません、シアラ。」
0x010000460001FA8D,27,40,Sordland/Turn03/Budget Feedback,Ciara Walda,en,「現在の予算をそのまま維持しても同じ問題が続くだけです。ですが、削減するよりはこれの方がましだと思います。私自身の力で制度改革に取り組んでみます。」
0x010000460001FA95,27,41,Sordland/Turn03/Budget Feedback,Ciara Walda,en,「削減だと！？それは我々が必要としていることの正反対です。こんなにも必要とされていない場所にその資金が使われるなんて、実に残念です。」
0x010000460001FA9D,27,42,Sordland/Turn03/Budget Feedback,Player,en,「教育こそが我々の未来であり、決して軽視されるものではない。ワルダさん、我々の取り組みは明確だ。」
0x010000460001FA9D,27,42,Sordland/Turn03/Budget Feedback,Player,Menu Text en,「教育こそが我々の未来であり、決して軽視されることはない。我々の取り組み姿勢は明確だ。」
0x010000460001FAA4,27,43,Sordland/Turn03/Budget Feedback,Ciara Walda,en,「ありがとうございます。十年ぶりに行政の姿勢に前向きな変化が見られ、大変嬉しく思います。」
0x010000460001FAAA,27,44,Sordland/Turn03/Budget Feedback,Nia Morgna,en,「十分な資金が確保され、規模も拡大された教育省であれば、誰もが利益を得られるはずです。」
0x010000460001FAB2,27,45,Sordland/Turn03/Budget Feedback,Ciara Walda,en,「資金の増額は大変歓迎すべきことです。新しい学校を建設したり教育制度を改善したりすることで、ようやく包括的な改良を進めることができます。」
0x010000460001FABB,27,46,Sordland/Turn03/Budget Feedback,Lucian Galade,en,「この重要な時にお時間とご協力をいただき、ありがとうございます。会議を終了します。」
0x010000460001FAC4,27,47,Sordland/Turn03/Budget Feedback,Narrator,en,各大臣たちは別れの言葉を述べた――興奮した様子で言う者もいれば、落胆して言う者もいた。
0x010000460001FAD2,27,49,Sordland/Turn03/Budget Feedback,Narrator,en,内閣のメンバーたちはゆっくりとホワイトルームから去っていった。我々の任期中の予算案は決定されたのだった。
0x010000460001FAE3,27,56,Sordland/Turn03/Budget Feedback,Iosef Lancea,en,「軍事力強化という約束を守ってくださり、誠に立派で適切な決断ですね。」
0x010000460001FAEC,27,57,Sordland/Turn03/Budget Feedback,Iosef Lancea,en,「その上、軍事力強化という約束も守らなかった。私はこれを忘れません。」
0x010000460001FAF6,27,58,Sordland/Turn03/Budget Feedback,Narrator,en,ヨセフは拳を握りしめた。
0x010000460001FB35,27,73,Sordland/Turn03/Budget Feedback,Symon Holl,en,「投資やその他の支出のために、非常に豊富な予算剰余金が残っております。実に素晴らしいですね！」
0x010000460001FB3B,27,74,Sordland/Turn03/Budget Feedback,Symon Holl,en,「赤字も黒字もない、バランスの取れた予算になったようですね。悪くありません。全く悪くありません。」
0x010000460001FB4B,27,81,Sordland/Turn03/Budget Feedback,Narrator,en,私は政府の予算配分を終えた。それにより、一部の閣僚たちは満足したが、他の者たちは不満を抱いた。彼らも私も、これが我々の在任期間の重要な部分を決定づけることになると理解していた。
0x010000460001FB52,27,82,Sordland/Turn03/Budget Feedback,Symon Holl,en,「現在、財政赤字が生じております。今後の投資資金を調達するために借金に頼らざるを得ません。バランスを取らなければ、この状況は悪影響をもたらす可能性があります。」
0x010000460001FB7F,27,104,Sordland/Turn03/Budget Feedback,Narrator,en,キアラは明らかにまだ話し終えていなかったが、口を挟むことはしなかった。その代わりにヨセフが発言した。
0x010000460001FB87,27,105,Sordland/Turn03/Budget Feedback,Narrator,en,ニアとリリアスは二人とも微笑んでいた。
0x010000460001FB8D,27,106,Sordland/Turn03/Budget Feedback,Narrator,en,リリアスは身を乗り出し、顎に手を当てた。ニアは床を見下ろしていた。
0x010000460001FB93,27,107,Sordland/Turn03/Budget Feedback,Narrator,en,ニアとリリアスは顔をしかめていた。私が彼女たちを見ると、リリアスは首を振った。
0x010000460001FBA0,27,108,Sordland/Turn03/Budget Feedback,Player,en,「軍事は私の最優先事項であり、これからも変わらない。どうぞ安心してくれ。」
0x010000460001FBA0,27,108,Sordland/Turn03/Budget Feedback,Player,Menu Text en,「軍事は私の最優先事項であり、これからも変わらない。どうぞ安心してくれ。」
0x010000460001FBD7,27,119,Sordland/Turn03/Budget Feedback,Iosef Lancea,en,「そうするのはより困難でしょうが、私は方法を見つけ出します。それが私の義務です。」
0x010000460001FBDF,27,120,Sordland/Turn03/Budget Feedback,Iosef Lancea,en,「我が国の国家安全よりも優先すべきことがあるでしょうか？そんなことはないと私は思います。」
0x010000460001FBE7,27,121,Sordland/Turn03/Budget Feedback,Iosef Lancea,en,「その脅威状況を考えれば、予算を引き続き現水準で維持するだけでは不十分で、増額が必要でした。」
0x010000460001FBF2,27,122,Sordland/Turn03/Budget Feedback,Iosef Lancea,en,「大統領、あなたの判断力にはいつも頼れると思っておりました。」
0x010000460001FC0F,27,132,Sordland/Turn03/Budget Feedback,Player,en,「あなたの才能と経験があれば、我が国の軍隊が直面する問題を必ず克服できるだろう。」
0x010000460001FC0F,27,132,Sordland/Turn03/Budget Feedback,Player,Menu Text en,「あなたの才能と経験があれば、我が国の軍隊が直面する問題を必ず克服できるだろう。」
0x010000460001FC1D,27,136,Sordland/Turn03/Budget Feedback,Iosef Lancea,en,「皆様のご支援があれば、どんな脅威からもこの国を守り抜きます。」
0x010000460001FC2A,27,137,Sordland/Turn03/Budget Feedback,Narrator,en,ヨセフは椅子にもたれかかった。
0x010000460001FC34,27,138,Sordland/Turn03/Budget Feedback,Nia Morgna,en,「我々は汚職や未処理の事件を断固として解決していきます。」
0x010000460001FC3C,27,139,Sordland/Turn03/Budget Feedback,Lileas Graf,en,「来年には必ず良い結果を得ることができます。ご安心ください。」
0x010000460001FC59,27,150,Sordland/Turn03/Budget Feedback,Player,en,「治安維持は、増大する脅威や安全保障上の必要性からより多くの予算が必要な重要な分野だ。」
0x010000460001FC59,27,150,Sordland/Turn03/Budget Feedback,Player,Menu Text en,「治安維持は、増大する脅威や安全保障上の必要性から、より多くの予算が必要な重要な分野だ。」
0x010000460001FC60,27,151,Sordland/Turn03/Budget Feedback,Player,en,「いや、これで全てだ。」
0x010000460001FC60,27,151,Sordland/Turn03/Budget Feedback,Player,Menu Text en,「いや、これで全てだ。」
0x010000460001FC67,27,152,Sordland/Turn03/Budget Feedback,Lucian Galade,en,「大統領、この件について何かお考えはございますか？」
0x010000460001FC75,27,153,Sordland/Turn03/Budget Feedback,Player,en,「次は保健の問題だ。続けよう。」
0x010000460001FC75,27,153,Sordland/Turn03/Budget Feedback,Player,Menu Text en,「次は保健の問題だ。続けよう。」
0x010000460001FC7F,27,154,Sordland/Turn03/Budget Feedback,Player,en,「内務省と司法省の業務推進は、私があなたに託す。」
0x010000460001FC7F,27,154,Sordland/Turn03/Budget Feedback,Player,Menu Text en,「内務省と司法省の業務推進は、私があなたに託す。」
0x010000460001FC90,27,158,Sordland/Turn03/Budget Feedback,Nia Morgna,en,「正義の回復を望む人々にとってはがっかりな結果です。未処理の問題は解決されず、政権に損害が及ぶでしょう。」
0x010000460001FC98,27,159,Sordland/Turn03/Budget Feedback,Lileas Graf,en,「削減が行われれば、我々の業務は妨げられ、より困難になるでしょう。」
0x010000460001FCA1,27,160,Sordland/Turn03/Budget Feedback,Nia Morgna,en,「この国において正義が実現され、より多くの支援を得ることは正しい方向への一歩です。」
0x010000460001FCA9,27,161,Sordland/Turn03/Budget Feedback,Lileas Graf,en,「我々はこれらの新しい資源を有効に活用し、犯罪やテロ、反体制勢力と戦っていくつもりです。」
0x010000460001FCB3,27,162,Sordland/Turn03/Budget Feedback,Nia Morgna,en,「我々の各省庁にとって、困難な時期が待ち受けています。」
0x010000460001FCBB,27,163,Sordland/Turn03/Budget Feedback,Lileas Graf,en,「これらは憂慮すべき変更です。我々はその影響を緩和するよう努めます。」
0x010000460001FCC4,27,164,Sordland/Turn03/Budget Feedback,Nia Morgna,en,「新たな課題に対応するだけの資源がないかもしれませんが、この国を支える方法は必ず見つけ出します。」
0x010000460001FCCC,27,165,Sordland/Turn03/Budget Feedback,Lileas Graf,en,「我々の期待は、これよりはるかに高かったのです。」
0x010000460001FCDA,27,166,Sordland/Turn03/Budget Feedback,Lileas Graf,en,「わかりました。」
0x010000460001FCE3,27,167,Sordland/Turn03/Budget Feedback,Lucian Galade,en,「では、まず法執行について取り上げましょう。」
0x010000460001FCEB,27,168,Sordland/Turn03/Budget Feedback,Lucian Galade,en,「教育大臣の意見を聞きましょう。」
0x010000460001FCFE,27,170,Sordland/Turn03/Budget Feedback,Player,en,「あなたの専門知識と情熱によって、改善のための必要な変更を行うことができるはずだ。」
0x010000460001FCFE,27,170,Sordland/Turn03/Budget Feedback,Player,Menu Text en,「あなたの専門知識と情熱によって、改善のための必要な変更を行うことができるはずだ。」
0x010000460001FD05,27,171,Sordland/Turn03/Budget Feedback,Player,en,「私の期待としては、同じ予算で教育サービスを維持してほしいのだ。」
0x010000460001FD05,27,171,Sordland/Turn03/Budget Feedback,Player,Menu Text en,「私の期待としては、同じ予算で教育サービスを維持してほしいのだ。」
0x010000460001FD1B,27,181,Sordland/Turn03/Budget Feedback,Player,en,「これで次に進める。」
0x010000460001FD1B,27,181,Sordland/Turn03/Budget Feedback,Player,Menu Text en,「これで次に進める。」
0x010000460001FD22,27,182,Sordland/Turn03/Budget Feedback,Player,en,「この政府は優先事項を定めており、教育はそのリストの最上位にはないのだ。」
0x010000460001FD22,27,182,Sordland/Turn03/Budget Feedback,Player,Menu Text en,「この政府は優先事項を定めており、教育はそのリストの最上位にはないのだ。」
0x010000460001FD2B,27,183,Sordland/Turn03/Budget Feedback,Ciara Walda,en,「我々の未来は子供たちにかかっています。無知と戦う上で、教育が最初の一歩なのです。」
0x010000460001FD39,27,184,Sordland/Turn03/Budget Feedback,Ciara Walda,en,「これら新たな予算資源があれば、私の壮大な目標を必ず達成できるでしょう。」
0x010000460001FD3F,27,185,Sordland/Turn03/Budget Feedback,Ciara Walda,en,「我々には手持ちのわずかなものに頼るしか選択肢がないようです。子供たちは我々のことをどう思うでしょうか？」
0x010000460001FD45,27,186,Sordland/Turn03/Budget Feedback,Ciara Walda,en,「それはリストにすら載っていません。予算を削減すれば大惨事につながります。」
0x010000460001FD4B,27,187,Sordland/Turn03/Budget Feedback,Ciara Walda,en,「ええ……次に進みましょう。」
0x010000460001FD60,27,191,Sordland/Turn03/Budget Feedback,Ciara Walda,en,「私にご信頼を寄せていただき感謝しますが、追加の資金がなければ犠牲を強いられます。その結果は我々の制度にも影響を及ぼすでしょう。」
0x010000460001FD6E,27,193,Sordland/Turn03/Budget Feedback,Ciara Walda,en,「我々の在任中は、福祉を最優先事項とし続けなければなりません。他に方法はありません。」
0x010000460001FD74,27,194,Sordland/Turn03/Budget Feedback,Player,en,「我々にとって医療は極めて重要であり、今後さらに大幅に改善されていくだろう。」
0x010000460001FD74,27,194,Sordland/Turn03/Budget Feedback,Player,Menu Text en,「我々にとって医療は極めて重要であり、今後さらに大幅に改善されていくだろう。」
0x010000460001FD7B,27,195,Sordland/Turn03/Budget Feedback,Player,en,「パスカル、あなたの意見は受け止めた。国の医療水準を向上させることがあなたの任務だ。」
0x010000460001FD7B,27,195,Sordland/Turn03/Budget Feedback,Player,Menu Text en,「パスカル、あなたの意見は受け止めた。国の医療水準を向上させることがあなたの任務だ。」
0x010000460001FD82,27,196,Sordland/Turn03/Budget Feedback,Player,en,「現状のまま資金提供を続けるのが最善だ。新たな資源を見つけ出すしかない。」
0x010000460001FD82,27,196,Sordland/Turn03/Budget Feedback,Player,Menu Text en,「現状のまま資金提供を続けるのが最善だ。新たな資源を見つけ出すしかない。」
0x010000460001FD89,27,197,Sordland/Turn03/Budget Feedback,Player,en,「残念ながら、医療分野も予算削減の対象となってしまった。これについてはあまり手立てがない。」
0x010000460001FD89,27,197,Sordland/Turn03/Budget Feedback,Player,Menu Text en,「残念ながら、医療分野も予算削減の対象となってしまった。これについてはあまり手立てがない。」
0x010000460001FD95,27,201,Sordland/Turn03/Budget Feedback,Player,en,「では、これで終わりにしよう。」
0x010000460001FD95,27,201,Sordland/Turn03/Budget Feedback,Player,Menu Text en,「では、これで終わりにしよう。」
0x010000460001FDA9,27,208,Sordland/Turn03/Budget Feedback,Paskal Beniwoll,en,「私の目指すものに政府の力が背後から支えてくれるのは、大変心強いことです。」
0x010000460001FDB1,27,209,Sordland/Turn03/Budget Feedback,Paskal Beniwoll,en,「新しい予算により、医療制度を改善し国民のために施策を講じるための多くの選択肢が得られます。」
0x010000460001FDB9,27,210,Sordland/Turn03/Budget Feedback,Paskal Beniwoll,en,「保健省ではサービスの向上のための資金を確保するため、民営化を推進していくつもりです。」
0x010000460001FDC1,27,211,Sordland/Turn03/Budget Feedback,Paskal Beniwoll,en,「それは実に残念なことです。運営を維持するための資金を確保するため、国内の一部を民営化してみるしかないでしょう。」
0x010000460001FDC9,27,212,Sordland/Turn03/Budget Feedback,Paskal Beniwoll,en,「では、行きましょう。」
0x010000460001FDD8,27,216,Sordland/Turn03/Budget Feedback,Paskal Beniwoll,en,「資金の増加がなければ、それを実現するのは極めて困難でしょう。」
0x010000460001FDF7,27,217,Sordland/Turn03/Budget Feedback,Lucian Galade,en,「同感だ。」
0x010000460001FE02,27,218,Sordland/Turn03/Budget Feedback,Paskal Beniwoll,en,「私もまた、農村地域の病院が不足している問題や、最近増加している憂慮すべき産婦死亡者数といった課題に取り組むつもりです。」
0x010000460001FE0B,27,219,Sordland/Turn03/Budget Feedback,Player,en,「会議を終了する。」
0x010000460001FE0B,27,219,Sordland/Turn03/Budget Feedback,Player,Menu Text en,「会議を終了する。」
0x010000460002009B,27,407,Sordland/Turn03/Budget Feedback,Nia Morgna,en,「私としては、レイン政権が法と正義の側に立つものだと思っていました。」
0x01000046000200A3,27,408,Sordland/Turn03/Budget Feedback,Lileas Graf,en,「我々の努力は、現在あるものを活用して秩序を維持することに集中します。」
0x0100006500000292,27,436,Sordland/Turn03/Budget Feedback,Symon Holl,en,「投資やその他の必要な事項に充てるための十分な予算余剰が残っております。実に素晴らしいことです。」
0x010000000000E049,28,3,Sordland/Turn03/PSnW_Overview,Paskal Beniwoll,en,「なんと壮大な景色でしょう。」
0x010000000000E058,28,4,Sordland/Turn03/PSnW_Overview,Narrator,en,教育大臣であるキアラ・ワルダは、空色のパンツスーツを着てバルコニーに我々と合流した。彼女がスカートよりもズボンを好む傾向のため、宮殿内で多くの噂の的となっていたが、それが彼女を少しも悩ませている様子はなかった。
0x010000000000E063,28,5,Sordland/Turn03/PSnW_Overview,Narrator,en,私がその景色に見とれている間、パスカル・ベニウォルが私のもとへ歩み寄ってきた。
0x010000000000E201,28,6,Sordland/Turn03/PSnW_Overview,Ciara Walda,en,「絶望感と機会の欠如が人々を極端な行動に追い込むことがあります。犯罪や家庭内暴力が増加しており、さらに男女間の格差も拡大しているのです...」
0x010000000000E20A,28,7,Sordland/Turn03/PSnW_Overview,Paskal Beniwoll,en,「もう一つ申し上げたい事項があります。私は我が国における労働者の権利向上に取り組んできており、現在党によって審査中の法案の草案を提出しました。」
0x010000000000E212,28,8,Sordland/Turn03/PSnW_Overview,Narrator,en,我々、再び建物の中に戻った。
0x010000000000E21A,28,9,Sordland/Turn03/PSnW_Overview,Narrator,en,会議室はすでに国政に使うための準備が整っていた。自治体によって、我々一人ひとりのための小さな贈り物がテーブルの上に置かれていた。我々はそれぞれ席に着いた。
0x010000000000E222,28,10,Sordland/Turn03/PSnW_Overview,Player,en,「まずはパスカルさん、医療制度の概要からお話しいただこう。」
0x010000000000E222,28,10,Sordland/Turn03/PSnW_Overview,Player,Menu Text en,「まずはパスカルさん、医療制度の概要からお話しいただこう。」
0x010000000000E232,28,11,Sordland/Turn03/PSnW_Overview,Player,en,「シアラ、あなたの計画についてもう少し詳しく話してくれ。」
0x010000000000E232,28,11,Sordland/Turn03/PSnW_Overview,Player,Menu Text en,「シアラ、あなたの計画についてもう少し詳しく話してくれ。」
0x010000000000E2B4,28,16,Sordland/Turn03/PSnW_Overview,Player,en,「医師や看護師は何人雇用されているか？」
0x010000000000E2B4,28,16,Sordland/Turn03/PSnW_Overview,Player,Menu Text en,「医師や看護師は何人雇用されているか？」
0x010000000000E2BB,28,17,Sordland/Turn03/PSnW_Overview,Player,en,「国民一万人あたりの病床数はいくつだ？」
0x010000000000E2BB,28,17,Sordland/Turn03/PSnW_Overview,Player,Menu Text en,「国民一万人あたりの病床数はいくつだ？」
0x010000000000E2C2,28,18,Sordland/Turn03/PSnW_Overview,Player,en,「平均寿命と死亡率はいくつだ？」
0x010000000000E2C2,28,18,Sordland/Turn03/PSnW_Overview,Player,Menu Text en,「平均寿命と死亡率はいくつだ？」
0x010000000000E2DF,28,28,Sordland/Turn03/PSnW_Overview,Player,en,「都市部と農村部の教育にどのような違いがあるのか、教えてくれ。」
0x010000000000E2DF,28,28,Sordland/Turn03/PSnW_Overview,Player,Menu Text en,「都市部と農村部の教育にどのような違いがあるのか、教えてくれ。」
0x010000000000E2E6,28,29,Sordland/Turn03/PSnW_Overview,Player,en,「ソードランドの識字率はいくつだ？」
0x010000000000E2E6,28,29,Sordland/Turn03/PSnW_Overview,Player,Menu Text en,「ソードランドの識字率はいくつだ？」
0x010000000000E2F2,28,33,Sordland/Turn03/PSnW_Overview,Player,en,「国内には学生や教師が何人いるのだろうか？」
0x010000000000E2F2,28,33,Sordland/Turn03/PSnW_Overview,Player,Menu Text en,「国内には学生や教師が何人いるのだろうか？」
0x010000000000E315,28,40,Sordland/Turn03/PSnW_Overview,Paskal Beniwoll,en,"「保健省には31,594人の医師と73,680人の看護師が勤務しており、これは非常に多い数です。私が思うに――」"
0x010000000000E31C,28,41,Sordland/Turn03/PSnW_Overview,Paskal Beniwoll,en,「国民一人当たり十床です。近隣のほとんどの国と比べても、これは非常に良い数値だと言えます。」
0x010000000000E322,28,42,Sordland/Turn03/PSnW_Overview,Paskal Beniwoll,en,「我々の平均寿命は65歳です。乳幼児死亡率は1000人の出産に対して121人という憂慮すべき数値であり、妊産婦死亡率は1000人につき5人です。」
0x010000000000E331,28,43,Sordland/Turn03/PSnW_Overview,Ciara Walda,en,"「現在、学生の数は約五百万人です。小学校に三百万人、中学校に百万人、大学にも百万人が在籍しており、教師の数は155,316人です。」"
0x010000000000E338,28,44,Sordland/Turn03/PSnW_Overview,Ciara Walda,en,「ソードランドの識字率は80パーセントです。これは今後の発展にとって非常に良い指標ではありますが、さらに向上させる必要があります。また、男女間で見ると女子の方が男子よりも大幅に低い数値となっています。」
0x010000000000E33F,28,45,Sordland/Turn03/PSnW_Overview,Ciara Walda,en,「都市部では人口1万人あたりの学校数が農村部の3倍にもなっており、また農村部では教師不足の問題も深刻です。」
0x010000000000E353,28,46,Sordland/Turn03/PSnW_Overview,Paskal Beniwoll,en,「私はあらゆる年齢層の国民が可能な限り最高水準の医療を受けられるよう最善を尽くしています。また、高い乳幼児及び妊産婦死亡率という問題も自ら解決したいと考えています。」
0x010000000000E3A1,28,47,Sordland/Turn03/PSnW_Overview,Ciara Walda,en,「失礼な言い方をしたくはありませんが、その数のうち、都市部と農村部にどれだけの医師や看護師がいるのでしょうか？」
0x010000000000E3A8,28,48,Sordland/Turn03/PSnW_Overview,Player,en,「良い指摘だね、シアラ。パスカル？」
0x010000000000E3A8,28,48,Sordland/Turn03/PSnW_Overview,Player,Menu Text en,「良い指摘だね、シアラ。パスカル？」
0x010000000000E3B0,28,49,Sordland/Turn03/PSnW_Overview,Player,en,「お互いに話を遮らないようにしよう。」
0x010000000000E3B0,28,49,Sordland/Turn03/PSnW_Overview,Player,Menu Text en,「お互いに話を遮らないでくれ。」
0x010000000000E3B8,28,50,Sordland/Turn03/PSnW_Overview,Paskal Beniwoll,en,「それは問題ありません。農村部の一人当たり医師数は都市部に比べてはるかに少ないのです。」
0x010000000000E3BF,28,51,Sordland/Turn03/PSnW_Overview,Paskal Beniwoll,en,「統計によると、都市部では人口1万人あたり約11人の医師がいるのに対し、農村部ではわずか3人しかいないそうです。」
0x010000000000E3E0,28,54,Sordland/Turn03/PSnW_Overview,Player,en,「医療制度についてお聞きしたいのだ。」
0x010000000000E3E0,28,54,Sordland/Turn03/PSnW_Overview,Player,Menu Text en,「医療制度についてお聞きしたいのだ。」
0x010000000000E5AC,28,61,Sordland/Turn03/PSnW_Overview,Paskal Beniwoll,en,「我々の病床数はアグノリアやヴェーレンの国より多いですが、レスピアやヴァルグスランドには明らかに及びません。」
0x010000000000E5B9,28,63,Sordland/Turn03/PSnW_Overview,Paskal Beniwoll,en,「大統領、我々は母親と新生児を救うために全力を尽くしていることをお約束します。」
0x010000000000E5C0,28,64,Sordland/Turn03/PSnW_Overview,Player,en,「状況を改善するためには、あなた方の最大限の努力以外に何も期待していない。」
0x010000000000E5C0,28,64,Sordland/Turn03/PSnW_Overview,Player,Menu Text en,「状況を改善するためには、あなた方の最大限の努力以外に何も期待していない。」
0x010000000000E5C8,28,65,Sordland/Turn03/PSnW_Overview,Ciara Walda,en,「その数字は実に悲しませるものですね。」
0x010000000000E5CF,28,66,Sordland/Turn03/PSnW_Overview,Player,en,「私も同感だ。全力を尽くさなければならない。」
0x010000000000E5CF,28,66,Sordland/Turn03/PSnW_Overview,Player,Menu Text en,「私も同感だ。全力を尽くさなければならない。」
0x010000000000E5D8,28,67,Sordland/Turn03/PSnW_Overview,Paskal Beniwoll,en,「我々はサービスの質を向上させるために全力で取り組んでおります。」
0x010000000000E5F5,28,69,Sordland/Turn03/PSnW_Overview,Narrator,en,キアラは立ち上がり、窓の方へと歩いて行った。彼女は深く息を吸った。
0x010000000000E5FC,28,70,Sordland/Turn03/PSnW_Overview,Ciara Walda,en,「私の最優先事項は、愛国主義的な洗脳や性差別的な教育内容を教育制度から排除しつつ、農村地域に学校を建設できるだけの十分な資金を確保することです。」
0x010000000000E653,28,73,Sordland/Turn03/PSnW_Overview,Paskal Beniwoll,en,「ソードランドには優秀で若い人材が大勢います。」
0x010000000000E65C,28,74,Sordland/Turn03/PSnW_Overview,Player,en,「我々は引き続き、すべての人が教育を受けられるよう努力し続けなければならない。」
0x010000000000E65C,28,74,Sordland/Turn03/PSnW_Overview,Player,Menu Text en,「我々は引き続き、すべての人が教育を受けられるよう努力し続けなければならない。」
0x010000000000E663,28,75,Sordland/Turn03/PSnW_Overview,Player,en,「我が国には確かに大きな可能性が満ちている。」
0x010000000000E66D,28,76,Sordland/Turn03/PSnW_Overview,Paskal Beniwoll,en,「もし正しく覚えているなら、最も識字率が低い地域はベルギアとアグンランドです。」
0x010000000000E67B,28,77,Sordland/Turn03/PSnW_Overview,Ciara Walda,en,「その通りです。確かにラハベンは、同じく多くの文盲が存在するナルギス地域の統計を歪めていますが、それこそが教育へのアクセスが欠如しているという私の指摘を裏付けているのです。」
0x010000000000E68F,28,79,Sordland/Turn03/PSnW_Overview,Player,en,「私としても、教師たちが人里離れた地域で働くことを好まないのは理解できる。」
0x010000000000E68F,28,79,Sordland/Turn03/PSnW_Overview,Player,Menu Text en,「教師たちが人里離れた地域を職場として好まないのも無理はないと思う。」
0x010000000000E696,28,80,Sordland/Turn03/PSnW_Overview,Player,en,「その比率はあまり良くない。状況は予想よりも悪いのだ。」
0x010000000000E696,28,80,Sordland/Turn03/PSnW_Overview,Player,Menu Text en,「それはあまり良い比率とは言えない。」
0x010000000000E69F,28,81,Sordland/Turn03/PSnW_Overview,Ciara Walda,en,「これは我々が直面している最も重要な問題の一つであり、おそらく最も重要な問題そのものです。国民の大部分が福祉の面で見過ごされているのです。」
0x010000000000E6DD,28,84,Sordland/Turn03/PSnW_Overview,Player,en,「教育制度について聞かせてくれ。」
0x010000000000E6DD,28,84,Sordland/Turn03/PSnW_Overview,Player,Menu Text en,「教育制度について聞かせてくれ。」
0x010000000000E733,28,86,Sordland/Turn03/PSnW_Overview,Player,en,「どうしたか、シアラ？」
0x010000000000E733,28,86,Sordland/Turn03/PSnW_Overview,Player,Menu Text en,「どうしたか、シアラ？」
0x010000000000E73B,28,87,Sordland/Turn03/PSnW_Overview,Player,en,「教育と医療の両分野において、皆さんが改善のための改革計画を準備していらっしゃることを願っている。」
0x010000000000E73B,28,87,Sordland/Turn03/PSnW_Overview,Player,Menu Text en,「教育と医療の両分野において、皆さんが改善のための改革計画を準備していらっしゃることを願っている。」
0x010000000000E74B,28,88,Sordland/Turn03/PSnW_Overview,Ciara Walda,en,「この貧困に満ちた都市を見てください。道路は穴だらけで、病院はほとんど機能しておらず、学校も半分しか開校していません。」
0x010000000000E754,28,89,Sordland/Turn03/PSnW_Overview,Narrator,en,彼女は私の発言を無視した。
0x010000000000E766,28,90,Sordland/Turn03/PSnW_Overview,Ciara Walda,en,「これは単にソルやアルフォンソの失敗だけの問題ではありません。資本主義によって悪化が促進された構造的な腐敗が原因で、ソードランドの忘れ去られた地域では何十年も前からこの衰退が続いているのです。」
0x010000000000E76D,28,91,Sordland/Turn03/PSnW_Overview,Player,en,「パスカル、あなたはどう思うか？」
0x010000000000E76D,28,91,Sordland/Turn03/PSnW_Overview,Player,Menu Text en,「パスカル、あなたはどう思うか？」
0x010000000000E775,28,92,Sordland/Turn03/PSnW_Overview,Player,en,「我々はその状況を変え、国民のために何かをするためにここにいるのだ。」
0x010000000000E775,28,92,Sordland/Turn03/PSnW_Overview,Player,Menu Text en,「我々はその状況を変え、国民のために何かをするためにここにいるのだ。」
0x010000000000E77D,28,93,Sordland/Turn03/PSnW_Overview,Player,en,「タルキン・ソルは我々全員よりもこの国のために多くを成し遂げた。」
0x010000000000E77D,28,93,Sordland/Turn03/PSnW_Overview,Player,Menu Text en,「タルキン・ソルは我々全員よりもこの国のために多くを成し遂げた。」
0x010000000000E785,28,94,Sordland/Turn03/PSnW_Overview,Paskal Beniwoll,en,「特に申し上げることはありません、大統領。シアラの意見に同意しますが、これらの分野を改善するのもガス・マンガーの役割です。」
0x010000000000E78C,28,95,Sordland/Turn03/PSnW_Overview,Ciara Walda,en,「それは我々一人ひとりの責任です。」
0x010000000000E793,28,96,Sordland/Turn03/PSnW_Overview,Ciara Walda,en,「それはまだ分かりません。私は新しい教育制度の構築に取り組んでおり、大統領のご支援を得られれば幸いです。」
0x010000000000E7AF,28,97,Sordland/Turn03/PSnW_Overview,Ciara Walda,en,「そうですか。では、同意しつつも異なる見解を持つしかないでしょうね。」
0x010000000000E7C9,28,98,Sordland/Turn03/PSnW_Overview,Ciara Walda,en,「必要な項目はすべて取り上げましたか？」
0x010000000000E7D1,28,99,Sordland/Turn03/PSnW_Overview,Ciara Walda,en,「同じ過ちを何度も繰り返さないことを心から願っております。良い一日をお過ごしください、大統領。」
0x010000000000E7D8,28,100,Sordland/Turn03/PSnW_Overview,Narrator,en,大臣たちは去っていき、私は街での他の公的な用事のために出発する準備をした。ガソムに関する会議は、これから数日間にわたって出席が予定されている多くの行事のうちの一つに過ぎなかった。
0x010000000000E7E0,28,101,Sordland/Turn03/PSnW_Overview,Narrator,en,市民たちの服装を見れば、ナルベルの現状が容易に理解できた。一部の人々は数サイズ大きすぎる服を着ており、子供たちの中には靴さえ持っていない者もいた。それでも彼らの目には希望が宿っていた。
0x0100000000010456,28,103,Sordland/Turn03/PSnW_Overview,Ciara Walda,en,「私の計画を実行するには政府予算の増額が必要です。割り当てられた資金を使って、これまで指摘してきた問題を解決しようと考えています。」
0x010000000001045D,28,104,Sordland/Turn03/PSnW_Overview,Ciara Walda,en,「これらの恵まれていない農村地域に学校を建設し、教育制度自体を根本的に見直すことで、男女を問わず全ての子供たちの潜在能力を引き出してみせます。」
0x0100000000010464,28,105,Sordland/Turn03/PSnW_Overview,Player,en,「興味深いね。私は我々の問題はソードランド全体の教育の質にあると思っていた。」
0x0100000000010474,28,106,Sordland/Turn03/PSnW_Overview,Player,en,「田舎地域の状況を改善するのは確かに良い考えだね。」
0x0100000000010474,28,106,Sordland/Turn03/PSnW_Overview,Player,Menu Text en,「田舎地域の状況を改善するのは確かに良い考えだね。」
0x010000000001048C,28,107,Sordland/Turn03/PSnW_Overview,Ciara Walda,en,「それはソードランドの未来への投資です。我々の若者たちが持つ未開拓の潜在能力をすべて引き出し、彼らが生み出す知識や富を想像してみてください。」
0x010000000001049A,28,108,Sordland/Turn03/PSnW_Overview,Ciara Walda,en,「我々の統計によれば、都市部と農村部の教育水準には大きな差があります。これに対処するか、状況がさらに悪化するのを待つしかありません。」
0x01000000000104A1,28,109,Sordland/Turn03/PSnW_Overview,Paskal Beniwoll,en,「私学の振興によって追加の資金が確保できるのではないでしょうか？」
0x01000000000104B2,28,110,Sordland/Turn03/PSnW_Overview,Ciara Walda,en,「はい、ですがどのような代償を払ってでしょうか。私は教育分野における民間部門の支持者ではありません。結局のところ、彼らはまず利益を最優先するのですから。」
0x01000000000104B9,28,111,Sordland/Turn03/PSnW_Overview,Player,en,「パスカル、あなたは何を目指して働いているのか？」
0x01000000000104B9,28,111,Sordland/Turn03/PSnW_Overview,Player,Menu Text en,「パスカル、あなたは何を目指して働いているのか？」
0x01000000000104C9,28,112,Sordland/Turn03/PSnW_Overview,Paskal Beniwoll,en,「私としては、農村地域における医療の質の低さを改善したいと考えています。」
0x01000000000104D0,28,113,Sordland/Turn03/PSnW_Overview,Paskal Beniwoll,en,「予算が増えればもっと多くのことを行うことができます。さらに、医療制度への民間投資を促進する民営化計画によっても追加の資金を確保できるでしょう。」
0x01000000000104E0,28,114,Sordland/Turn03/PSnW_Overview,Player,en,「田舎地域における医療へのアクセスは問題ではないのだろうか？」
0x01000000000104E0,28,114,Sordland/Turn03/PSnW_Overview,Player,Menu Text en,「田舎地域における医療へのアクセスは問題ではないのだろうか？」
0x01000000000104EE,28,115,Sordland/Turn03/PSnW_Overview,Player,en,「より恵まれていない地域の医療水準を向上させることが、我々の最優先事項であるべきだ。」
0x01000000000104F8,28,116,Sordland/Turn03/PSnW_Overview,Paskal Beniwoll,en,「医療へのアクセスは問題ですが、これらの地域の質を向上させることほど深刻ではありません。経験豊富な人材や設備の不足により治療水準が低く、多くの死者が出ています。」
0x01000000000104FF,28,117,Sordland/Turn03/PSnW_Overview,Paskal Beniwoll,en,「その通りです。それによって、現在著しく高い乳幼児及び妊産婦の死亡率を直接的に低下させることができます。加えて、このような取り組みは経済的な利益ももたらします。」
0x0100000000011CC9,28,118,Sordland/Turn03/PSnW_Overview,Player,en,「リリアス・グラーフが犯罪対策を担当する。彼女はその分野の専門家だ。」
0x0100000000011CC9,28,118,Sordland/Turn03/PSnW_Overview,Player,Menu Text en,「リリアス・グラーフが犯罪対策を担当する。彼女はその分野の専門家だ。」
0x0100000000011CD0,28,119,Sordland/Turn03/PSnW_Overview,Player,en,「それらの問題は様々な角度から対処しなければならない。全体的に取り組む必要があるのだ。」
0x0100000000011CD0,28,119,Sordland/Turn03/PSnW_Overview,Player,Menu Text en,「それらの問題は様々な角度から対処しなければならない。全体的に取り組む必要があるのだ。」
0x0100000000011CD7,28,120,Sordland/Turn03/PSnW_Overview,Player,en,「もし景気後退を食い止め、雇用と成長を生み出すことができれば……」
0x0100000000011CD7,28,120,Sordland/Turn03/PSnW_Overview,Player,Menu Text en,「もし景気後退を食い止め、雇用と成長を生み出すことができれば……」
0x0100000000011CE1,28,121,Sordland/Turn03/PSnW_Overview,Paskal Beniwoll,en,「私は予算を増やして医療の質を向上させることで支援しようと考えています。」
0x0100000000011CE7,28,122,Sordland/Turn03/PSnW_Overview,Paskal Beniwoll,en,「彼女は確かに優れた行政の達人です。私が聞いたところでは、市長在任中にアルヴォリーの犯罪率を40％も削減したそうです。」
0x0100000000011CED,28,123,Sordland/Turn03/PSnW_Overview,Paskal Beniwoll,en,「経済状況は生活水準に大きな影響を与えています。我が国の都市部と農村部の格差は極めて激しく、不況の影響も最も弱い層にこそ深刻に及んでいます。」
0x0100000000011CF6,28,124,Sordland/Turn03/PSnW_Overview,Ciara Walda,en,「力ずくでは何も解決できないと思います。タルキン・ソルの厳しい統治が我々をどういう状況に追い込んだか見てください。」
0x0100000000011CFD,28,125,Sordland/Turn03/PSnW_Overview,Ciara Walda,en,「それは役立つかもしれませんが、もっと多くのことを行う必要があります。教育分野にも同様の問題が存在します。」
0x0100000000011D04,28,126,Sordland/Turn03/PSnW_Overview,Ciara Walda,en,「我々だけでは経済を立て直すことはできません。国民に教育を施し、彼らにも新たな機会を創出させる必要があります。」
0x0100000000011D38,28,127,Sordland/Turn03/PSnW_Overview,Ciara Walda,en,「アグノリアやヴェーレンを基準にするのは適切ではありませんが、少なくとも現時点では深刻な健康危機に陥っていないことは確かです。」
0x0100000000011D7D,28,128,Sordland/Turn03/PSnW_Overview,Ciara Walda,en,「教えられている内容には変更が必要だと思います。子供たちが質問をし、自ら学べるよう支援すべきです。」
0x0100000000011D93,28,129,Sordland/Turn03/PSnW_Overview,Narrator,en,キアラは再び腰を下ろし、ため息をついた。
0x0100000000011D9D,28,130,Sordland/Turn03/PSnW_Overview,Ciara Walda,en,「いずれにせよ、ソードランドには変革が必要です。貪欲さと制御されない資本主義だけでは、人々の暮らしを奇跡的に支えることはできません。」
0x0100000000011DFC,28,131,Sordland/Turn03/PSnW_Overview,Player,en,「シアラ、あなたの計画についてもう少し詳しく話してくれ。」
0x0100000000011DFC,28,131,Sordland/Turn03/PSnW_Overview,Player,Menu Text en,「シアラ、あなたの計画についてもう少し詳しく話してくれ。」
0x0100000000011E2A,28,132,Sordland/Turn03/PSnW_Overview,Ciara Walda,en,「私が我が政府に求めるのは、国民のニーズをしっかり理解し、それに焦点を当ててもらうことです。」
0x010000000001280E,28,146,Sordland/Turn03/PSnW_Overview,Ciara Walda,en,「喜んでお答えいたします。」
0x0100000000012820,28,147,Sordland/Turn03/PSnW_Overview,Ciara Walda,en,「ソードランドの教育は無料ですが、私が改革したいほど非常に時代遅れの制度となっています。もう一つの重要な問題は、特に若い女児を含む農村地域での教育機会の不足です。大統領閣下の御力によって、これら二つの問題を解決することが可能です。」
0x0100000000012828,28,148,Sordland/Turn03/PSnW_Overview,Paskal Beniwoll,en,「ソードランドには無料の医療制度があり、その下で運営されている数少ない民間病院を除けば、ほとんどの国民が適切な治療を受けられています。質の高い医療サービスが不足しているため、問題は主に農村地域で発生しています。」
0x010000000001282E,28,149,Sordland/Turn03/PSnW_Overview,Paskal Beniwoll,en,「ご希望通りです、大統領。」
0x0100000000012857,28,150,Sordland/Turn03/PSnW_Overview,Paskal Beniwoll,en,「私は民営化を推進することで競争を生み出し、医療の質を向上させたいと強く願っています。」
0x010000000001285D,28,151,Sordland/Turn03/PSnW_Overview,Ciara Walda,en,「ですが、医療制度を民営化すれば治療費が上昇し、一般市民の医療へのアクセスがさらに悪化することをご理解いただく必要があります。」
0x0100000000012867,28,152,Sordland/Turn03/PSnW_Overview,Ciara Walda,en,「こちらでは教師の給与が非常に低いです。彼らにより良い動機を与えるため、給与を引き上げる必要があります。」
0x010000000002DC23,28,153,Sordland/Turn03/PSnW_Overview,Paskal Beniwoll,en,「ですので、医師の給与を引き上げ、病院の設備を近代化するための案を作成しました。」
0x010000000008F2CF,28,154,Sordland/Turn03/PSnW_Overview,Ciara Walda,en,「この問題について我々の考えが一致していることを嬉しく思います。」
0x010000000008F2D5,28,155,Sordland/Turn03/PSnW_Overview,Player,en,「私の目的は、労働者階級を支援することだ。」
0x010000000008F2D5,28,155,Sordland/Turn03/PSnW_Overview,Player,Menu Text en,「私の目的は、労働者階級を支援することだ。」
0x010000000008F2E2,28,159,Sordland/Turn03/PSnW_Overview,Paskal Beniwoll,en,「よくおっしゃいました、ワルダさん。私が貧困を経験したことについては説明する必要もありません。そして大統領、あなた様も同様の苦難を経験されてきましたね。」
0x010000000008F2EA,28,160,Sordland/Turn03/PSnW_Overview,Ciara Walda,en,「その見かけを超えて見れば、真の問題が見えてきます。」
0x010000000008F2F4,28,161,Sordland/Turn03/PSnW_Overview,Paskal Beniwoll,en,「よくおっしゃいました、ワルダさん。私が貧困を経験したことについては説明する必要もありません。あなた方にも同様の体験があるのでしょうね、大統領？」
0x010000000008F31D,28,168,Sordland/Turn03/PSnW_Overview,Player,en,「我々も中産階級に属していたが、より不幸な家庭の存在を知っていた。」
0x010000000008F31D,28,168,Sordland/Turn03/PSnW_Overview,Player,Menu Text en,「我々も中産階級に属していたが、より不幸な家庭の存在を知っていた。」
0x010000000008F324,28,169,Sordland/Turn03/PSnW_Overview,Player,en,「幸いなことに、我々は金銭面で問題に直面したことは一度もなかった。」
0x010000000008F324,28,169,Sordland/Turn03/PSnW_Overview,Player,Menu Text en,「幸いなことに、我々は金銭的な問題に一度も見舞われたことがない。」
0x010000000008F32C,28,170,Sordland/Turn03/PSnW_Overview,Paskal Beniwoll,en,「ですから、少なくともこれらの人々の苦境に対しては同情していただけるはずです。」
0x010000000008F333,28,171,Sordland/Turn03/PSnW_Overview,Ciara Walda,en,「貧しい家庭に生まれなくても、貧困層の苦境に同情することはできます。同様に、女性として生まれなくても、ソードランドにおける男女平等の必要性を理解できるのです。」
0x010000000008F33B,28,172,Sordland/Turn03/PSnW_Overview,Paskal Beniwoll,en,「『失って初めてその大切さに気づく』という言葉がありますよね。」
0x010000000008F34F,28,173,Sordland/Turn03/PSnW_Overview,Paskal Beniwoll,en,「その通りです。まるで出口がないような気がします。」
0x010000000008F355,28,174,Sordland/Turn03/PSnW_Overview,Player,en,「まるで状況が私に不利に働いているようだね。」
0x010000000008F355,28,174,Sordland/Turn03/PSnW_Overview,Player,Menu Text en,「まるで状況が私に不利に働いているようだね。」
0x010000000008F365,28,175,Sordland/Turn03/PSnW_Overview,Paskal Beniwoll,en,「確かにその通りですが、人によって境遇の厳しさは異なります。我々のように、今もソードランドでは数十万人が同じ苦難を抱えているのです。」
0x010000000008F36B,28,176,Sordland/Turn03/PSnW_Overview,Player,en,「我々全員も困難な時期を経験してきた。」
0x010000000008F36B,28,176,Sordland/Turn03/PSnW_Overview,Player,Menu Text en,「我々全員も困難な時期を経験してきた。」
0x010000000008F382,28,177,Sordland/Turn03/PSnW_Overview,Ciara Walda,en,「私が言っていた通りです――そろそろホルソードがこの国の真の問題に取り組む時ではありませんか？権力層内の過激派や恐怖を煽る者たちの意向に屈して、さらに多くの資源を軍事や法執行機関に回すのではなく？」
0x010000000008F388,28,178,Sordland/Turn03/PSnW_Overview,Ciara Walda,en,「不況が始まって以来、我々の福祉制度、医療制度、教育制度は次第に衰退してきております。ソードランドの貧しい地域の人々は希望を失いつつあります。」
0x010000000008F391,28,179,Sordland/Turn03/PSnW_Overview,Ciara Walda,en,「ソードランドには兵士でいっぱいの兵舎ではなく、子供たちで満たされた学校が、警察署ではなく病院がもっと必要です。」
0x010000000008F397,28,180,Sordland/Turn03/PSnW_Overview,Player,en,「首都には最も重要な資源を優先的に投入しなければならない。」
0x010000000008F397,28,180,Sordland/Turn03/PSnW_Overview,Player,Menu Text en,「首都には最も重要な資源を優先的に投入しなければならない。」
0x010000000008F3B0,28,181,Sordland/Turn03/PSnW_Overview,Ciara Walda,en,「つまり、農村部の住民が緊急な医療処置を必要としても、治療を受けるまで非常に長い時間を待たなければならないということです。」
0x010000000008F3CB,28,182,Sordland/Turn03/PSnW_Overview,Ciara Walda,en,「大統領、教育と医療というものは切り離せないものです。これらの問題はすべて思想に起因しているのです。」
0x010000000008F3D1,28,183,Sordland/Turn03/PSnW_Overview,Player,en,「理念論争に走るべきではない。我々は問題解決に集中すべきだ。」
0x010000000009801D,28,187,Sordland/Turn03/PSnW_Overview,Ciara Walda,en,「それに、それは大統領レインが推進しようと決めた計画経済の枠組みにも合致しません。」
0x0100000000098023,28,188,Sordland/Turn03/PSnW_Overview,Ciara Walda,en,「国家による統制をさらに強化しないという決定は、ソードランドの人々に大きな代償をもたらすことになるでしょう。」
0x0100000000098063,28,189,Sordland/Turn03/PSnW_Overview,Ciara Walda,en,「冷笑的に聞こえるつもりはありませんが、ほとんどの政府は同じ約束を繰り返ししているだけです。我々は行動によって自分たちが異なる存在であることを示さなければなりません。」
0x010000000009806A,28,190,Sordland/Turn03/PSnW_Overview,Ciara Walda,en,「同じ演目で、同じ本です。この国の安全保障優先主義は相変わらず政策を左右し続けています。」
0x0100000000098080,28,191,Sordland/Turn03/PSnW_Overview,Player,en,「我々は国民の選出された代表であり、彼らのニーズを最優先に考えていく。」
0x0100000000098080,28,191,Sordland/Turn03/PSnW_Overview,Player,Menu Text en,「我々は国民の選出された代表であり、彼らのニーズを最優先に考えていく。」
0x0100000000098087,28,192,Sordland/Turn03/PSnW_Overview,Player,en,「安全保障のように、我々が重点的に取り組むべき他の重要な問題もある。」
0x0100000000098087,28,192,Sordland/Turn03/PSnW_Overview,Player,Menu Text en,「安全保障のように、我々が重点的に取り組むべき他の重要な問題もある。」
0x010000000009808E,28,193,Sordland/Turn03/PSnW_Overview,Player,en,「ご説明と計画を拝聴し、感謝する。予算会議の際に再び集まろう。」
0x010000000009808E,28,193,Sordland/Turn03/PSnW_Overview,Player,Menu Text en,「ご説明と計画を拝聴し、感謝する。予算会議の際に再び集まろう。」
0x0100000000098098,28,194,Sordland/Turn03/PSnW_Overview,Paskal Beniwoll,en,「そのお話を聞いて安心しました。」
0x010000000009809E,28,195,Sordland/Turn03/PSnW_Overview,Paskal Beniwoll,en,「最近、多くの悪い動きが見られています。」
0x01000000000980A4,28,196,Sordland/Turn03/PSnW_Overview,Paskal Beniwoll,en,「私としても光栄でした。」
0x01000000000980B2,28,197,Sordland/Turn03/PSnW_Overview,Ciara Walda,en,「会議でお会いしましょう。方針に変化が見られることを願っています。」
0x0100000600046E6A,28,198,Sordland/Turn03/PSnW_Overview,Ciara Walda,en,「実に見事ですね。しかし反対方向を見れば、ソルの数十年にわたる放任がこの都市にどのような被害をもたらしたかが分かります。」
0x0100000600046E79,28,199,Sordland/Turn03/PSnW_Overview,Narrator,en,私はキアラとパスカルとの話し合いのために会議室に到着した。始める前に、しばらくの間バルコニーからの景色を眺めて楽しんだ。ナルベルの山々はすっかり雪に覆われていた。
0x0100000600046EBA,28,200,Sordland/Turn03/PSnW_Overview,Player,en,「まあいい。今なら私はホルソードにいた方がずっとましだ。」
0x0100000600046EBA,28,200,Sordland/Turn03/PSnW_Overview,Player,Menu Text en,「まあいい。今なら私はホルソードにいた方がずっとましだ。」
0x0100000600046EC3,28,201,Sordland/Turn03/PSnW_Overview,Ciara Walda,en,「我々がここにいることで、ナルベルや我が国の他の忘れ去られた地域を今も忘れていないことを示すことができます。」
0x0100000600046ECB,28,202,Sordland/Turn03/PSnW_Overview,Ciara Walda,en,「ナルベルに住む人々の大半は労働者や農民、そしてその家族です。彼らは貪欲な企業たちのせいで、ほとんど報酬も得られずに命を削って働いているのです。」
0x0100000600046ED5,28,203,Sordland/Turn03/PSnW_Overview,Ciara Walda,en,「それは国民にとって重要なことです。」
0x0100000600046EDE,28,204,Sordland/Turn03/PSnW_Overview,Ciara Walda,en,「貧困のような実際の問題です。」
0x0100000600046EE6,28,205,Sordland/Turn03/PSnW_Overview,Player,en,「企業の責任を問うことはできない。それが彼らのやり方なのだ。」
0x0100000600046EE6,28,205,Sordland/Turn03/PSnW_Overview,Player,Menu Text en,「企業の責任を問うことはできない。それが彼らのやり方なのだ。」
0x0100000600046EEE,28,206,Sordland/Turn03/PSnW_Overview,Ciara Walda,en,「いえ、非難できます。コンタナ連邦やアルカシアでは同様の企業が労働者たちのためにはるかに良い待遇を施しています。」
0x0100000600046F05,28,207,Sordland/Turn03/PSnW_Overview,Narrator,en,私が外出しようとした時、天気はかなり寒かったが、それでもUSPの支持者たちが街頭に集まって我々を応援してくれた。
0x0100000600046F0F,28,208,Sordland/Turn03/PSnW_Overview,Narrator,en,彼らは自分たちの街に大統領が来られたことをとても喜んでいた。
0x0100000100000D2E,28,209,Sordland/Turn03/PSnW_Overview,Player,en,「私は在任中に我が国の医療制度を改善すると個人的に約束した。パスカル、あなたの考えを全面的に支持する。」
0x0100000100000D2E,28,209,Sordland/Turn03/PSnW_Overview,Player,Menu Text en,「私は在任中に我が国の医療制度を改善すると個人的に約束した。パスカル、あなたを全面的に支援する。」
0x0100000100000D3C,28,213,Sordland/Turn03/PSnW_Overview,Paskal Beniwoll,en,「これが、今後の予算審議について楽観的でいられる理由の一つです。十分な資金があれば、新しい病院を建設し、サービスの質を向上させることができます。」
0x0100000100000D4A,28,217,Sordland/Turn03/PSnW_Overview,Player,en,「我々の選挙で与えられた使命は教育の改善であり、私はそれを必ず実現させる。」
0x0100000100000D52,28,218,Sordland/Turn03/PSnW_Overview,Ciara Walda,en,「これにより希望がもたらされましたが、それを実行に移す必要があります。やるべきことは山ほどありますが、予算が与えられれば教育の水準をさらに向上させる政策を実施できるでしょう。」
0x0100000100000D60,28,222,Sordland/Turn03/PSnW_Overview,Player,en,「福祉こそが私の最優先事項だ。この政権下では教育と医療の両分野が大幅に改善されるだろう。」
0x0100000100000D60,28,222,Sordland/Turn03/PSnW_Overview,Player,Menu Text en,「福祉こそが私の最優先事項だ。この政権下では教育と医療の両分野が大幅に改善されるだろう。」
0x0100000100000D68,28,223,Sordland/Turn03/PSnW_Overview,Ciara Walda,en,「その通りです。日々人々が利用するサービスと比べれば、治安強化を進めることは社会に良い印象を与えるものではありません。」
0x0100000100000D6E,28,224,Sordland/Turn03/PSnW_Overview,Paskal Beniwoll,en,「福祉が大幅に向上するのを見れば国民は喜びます。我々の世論支持率も急上昇するでしょう。」
0x0100000100000D77,28,225,Sordland/Turn03/PSnW_Overview,Paskal Beniwoll,en,「こちらは少しずつ寒くなってきました。屋内で続けましょうか？」
0x0100000100000D7E,28,226,Sordland/Turn03/PSnW_Overview,Player,en,「私も同感だ。労働者たちのための基準を向上させる必要がある。」
0x0100000100000D7E,28,226,Sordland/Turn03/PSnW_Overview,Player,Menu Text en,「私も同感だ。労働者たちのための基準を向上させる必要がある。」
0x0100000100000D85,28,227,Sordland/Turn03/PSnW_Overview,Paskal Beniwoll,en,「クラヴィン氏は既に私を支持し、協力の意を示してくれました。この分野においてソードランドは他国に大きく遅れをとっており、その状況が変わらないようにするのは私の責任です。」
0x0100000100000D93,28,228,Sordland/Turn03/PSnW_Overview,Player,en,「常に改善の余地はある。ご尽力くださっていると聞き、安心した。」
0x0100000100000D93,28,228,Sordland/Turn03/PSnW_Overview,Player,Menu Text en,「常に改善の余地はある。ご尽力くださっていると聞き、安心した。」
0x0100000100000D9A,28,229,Sordland/Turn03/PSnW_Overview,Player,en,「危機によってすでに苦境に立たされている企業をさらに困らせてはならない。」
0x0100000100000D9A,28,229,Sordland/Turn03/PSnW_Overview,Player,Menu Text en,「危機によってすでに苦境に立たされている企業をさらに困らせてはならない。」
0x0100000100000DA4,28,230,Sordland/Turn03/PSnW_Overview,Ciara Walda,en,「これもまた生死に関わる問題です。毎十年ごとに、雇用主が労働者の安全を顧みないことで起きる恐ろしい事故が報じられています。」
0x0100000100000DAA,28,231,Sordland/Turn03/PSnW_Overview,Paskal Beniwoll,en,「その通りです。ソードランドは前進するために自国の国民のための施策を講じなければなりません。」
0x0100000100000DB6,28,232,Sordland/Turn03/PSnW_Overview,Paskal Beniwoll,en,「大統領、ご丁寧なお言葉をありがとうございます。私は必ず皆様を失望させません。」
0x0100000100000DBC,28,233,Sordland/Turn03/PSnW_Overview,Ciara Walda,en,「大学時代にご自身が赤旗青年団を支援されていたのに、なぜ今になって労働者派の運動から背を向けるのですか？」
0x0100000100000DC2,28,234,Sordland/Turn03/PSnW_Overview,Paskal Beniwoll,en,「これによって運営企業間のバランスが大きく変わることはありません。もし彼らが労働者を不当に扱っているのであれば、それだけ罰することになります。」
0x0100000100000DF1,28,241,Sordland/Turn03/PSnW_Overview,Ciara Walda,en,「それはあなたの献身心を示していますが、これから先も長い年月があります。これはまだ旅の始まりに過ぎません。」
0x0100000100000DF7,28,242,Sordland/Turn03/PSnW_Overview,Paskal Beniwoll,en,「たとえ小さな一歩であっても、それは依然として進歩です。」
0x0100000100000DFD,28,243,Sordland/Turn03/PSnW_Overview,Player,en,「ワルダ大臣、私は企業ではなく困窮している人々を救済してきた。信じてくれ、私の優先順位は正しいものだ。」
0x0100000100000DFD,28,243,Sordland/Turn03/PSnW_Overview,Player,Menu Text en,「ワルダ大臣、私は企業ではなく困窮している人々を救済してきた。信じてくれ、私の優先順位は正しいものだ。」
0x0100000100000E14,28,244,Sordland/Turn03/PSnW_Overview,Paskal Beniwoll,en,「では、大統領、この法案がご手元に届きましたら支持していただけますか？」
0x0100000100000E1B,28,245,Sordland/Turn03/PSnW_Overview,Player,en,「草案が完成しましたら、私としても積極的に支援したいと思っている。」
0x0100000100000E1B,28,245,Sordland/Turn03/PSnW_Overview,Player,Menu Text en,「草案が完成しましたら、私としても積極的に支援したいと思っている。」
0x0100000100000E22,28,246,Sordland/Turn03/PSnW_Overview,Paskal Beniwoll,en,「それを聞いて安心しました。」
0x0100000100000E28,28,247,Sordland/Turn03/PSnW_Overview,Player,en,「決定を下すためには、その内容を詳細に検討する必要がある。」
0x0100000100000E2F,28,248,Sordland/Turn03/PSnW_Overview,Paskal Beniwoll,en,「なるほど。各項目の概要はすべてまとめてお渡しします。」
0x0100000100000E54,28,249,Sordland/Turn03/PSnW_Overview,Paskal Beniwoll,en,「長年にわたり軍事費が過剰に投入されてきたのは明らかです。そろそろこの傾向を変える時が来ているでしょう。」
0x0100000100000E5F,28,250,Sordland/Turn03/PSnW_Overview,Paskal Beniwoll,en,「明らかに、軍事費は長年過剰に投入され続けており、大統領はこの状況を変えると約束されました。」
0x0100000100000E87,28,254,Sordland/Turn03/PSnW_Overview,Player,en,「そんな低優先度の問題にしては、かなり高額な費用がかかりそうだね。」
0x0100000100000E87,28,254,Sordland/Turn03/PSnW_Overview,Player,Menu Text en,「そんな低優先度の問題にしては、かなり高額な費用がかかりそうだね。」
0x0100000100000E95,28,255,Sordland/Turn03/PSnW_Overview,Paskal Beniwoll,en,「もし我々の労働者の命さえ優先事項ではないのであれば、一体何が優先されるというのか？我が政権はこうした改善のために予算を割り当てるべきだ。」
0x0100000100000ED1,28,256,Sordland/Turn03/PSnW_Overview,Player,en,「私は必ずしもそれに反対しているわけではない。ただ懐疑的なだけだ。」
0x0100000100000ED1,28,256,Sordland/Turn03/PSnW_Overview,Player,Menu Text en,「必ずしも反対しているわけではない。ただ懐疑的だ。」
0x0100000100000ED8,28,257,Sordland/Turn03/PSnW_Overview,Player,en,「時代は変わったのだ。」
0x0100000100000ED8,28,257,Sordland/Turn03/PSnW_Overview,Player,Menu Text en,「時代は変わったのだ。」
0x0100000100000EE1,28,258,Sordland/Turn03/PSnW_Overview,Ciara Walda,en,「大統領、これは検討に値することです。」
0x0100000100000EE7,28,259,Sordland/Turn03/PSnW_Overview,Ciara Walda,en,「理想の部分だけは、これほどまでに大きく変わっていないことを願います。」
0x0100000100000EF1,28,260,Sordland/Turn03/PSnW_Overview,Ciara Walda,en,「このような好機を逃してはなりません。」
0x0100000100000EF7,28,261,Sordland/Turn03/PSnW_Overview,Paskal Beniwoll,en,「法案が完成する頃には、お考えが変わっているかもしれません。」
0x0100000100000EFD,28,262,Sordland/Turn03/PSnW_Overview,Player,en,「今はそのような変更を行う時期ではないと思う。解決すべきより重大な問題がある。」
0x0100000100000F08,28,263,Sordland/Turn03/PSnW_Overview,Narrator,en,彼はため息をついた。
0x0100000100000F16,28,264,Sordland/Turn03/PSnW_Overview,Narrator,en,彼は微笑んだ。
0x0100000E00004A90,28,282,Sordland/Turn03/PSnW_Overview,Narrator,en,パスカルは真剣な面持ちでうなずいた。これは彼自身がよく知っているテーマだったのだ。彼の最も有名な著作は、自らが貧しい環境で育った経験をもとに、ソードランドの恵まれない人々の苦境について書かれたものばかりだった。
0x0100000E00004A97,28,283,Sordland/Turn03/PSnW_Overview,Narrator,en,私の保健大臣は皮肉なことに、ベストセラー作家として成功した後に体重が数ポンド増えてやや太っていた。しかし、社会問題に関する彼の権威は疑う余地がなかった。
0x0100001E00001BAD,28,293,Sordland/Turn03/PSnW_Overview,Player,en,「それで全てだと思う。」
0x0100001E00001BAD,28,293,Sordland/Turn03/PSnW_Overview,Player,Menu Text en,「それで全てだと思う。」
0x0100001E00001BB6,28,294,Sordland/Turn03/PSnW_Overview,Player,en,「それで全てだと思う。」
0x0100001E00001BB6,28,294,Sordland/Turn03/PSnW_Overview,Player,Menu Text en,「それで全てだと思う。」
0x0100001E00002A14,28,295,Sordland/Turn03/PSnW_Overview,Player,en,「ありがとう、パスカル。ご丁寧な説明に心から感謝する。」
0x0100001E00002A14,28,295,Sordland/Turn03/PSnW_Overview,Player,Menu Text en,「ありがとう、パスカル。ご丁寧な説明に心から感謝する。」
0x0100001E00002A1D,28,296,Sordland/Turn03/PSnW_Overview,Player,en,「ありがとう、シアラ。ここから先は私が対応できる。」
0x0100001E00002A1D,28,296,Sordland/Turn03/PSnW_Overview,Player,Menu Text en,「ありがとう、シアラ。ここから先は私が対応できる。」
0x0100003100005A4C,28,297,Sordland/Turn03/PSnW_Overview,Paskal Beniwoll,en,「男女平等は我々の最優先事項にすべきではありません。我が国にどれだけ多くの高位にいる女性政治家がいるかを見てください。」
0x0100003100005A53,28,298,Sordland/Turn03/PSnW_Overview,Ciara Walda,en,「見かけは欺くものですよ、パスカル。」
0x0100003100005A5A,28,299,Sordland/Turn03/PSnW_Overview,Narrator,en,彼女の声には苦味が感じられた。
0x0100003100005A61,28,300,Sordland/Turn03/PSnW_Overview,Ciara Walda,en,「リリアス・グラーフが現在の地位に就くまでの経緯を考えてみてください。彼女とソルの間にあると言われている噂は必ずしも信じていませんが、もし彼の主張をそのまま真似ただけなら、決してこれほど高い地位に上り詰めることはできなかったでしょう。」
0x0100003100005A68,28,301,Sordland/Turn03/PSnW_Overview,Ciara Walda,en,「グロリア・トーリー――初の女性大国民議会議長があんなに頑固な保守派だなんて、偶然でしょうか？」
0x0100003100005A6F,28,302,Sordland/Turn03/PSnW_Overview,Ciara Walda,en,「それに、アルフォンソは実際には何の成果も上げないまま、ソードランドに進歩的なイメージを与えるために女性を要職に任命するという習慣がありました...」
0x0100003100005A76,28,303,Sordland/Turn03/PSnW_Overview,Ciara Walda,en,「ナルベルのような地域では女性たちが出世の機会を一切与えられていない一方で、政府は裕福な家庭出身のごく少数の女性政治家たち――私もその一人ですが――を利用し、彼女たちの成功への唯一の障害が自分たちの積極性の欠如だと偽装することができるのです。」
0x0100003100005A7D,28,304,Sordland/Turn03/PSnW_Overview,Ciara Walda,en,「一方で、我々のように権力者が続けて政権を握れるよう影響力を使わない者は、怒りっぽい独身女性として貶められています……大統領、お尋ねします。あなたの戦略担当であるガラド氏に妻がいないことを、誰か気にかけている人はいるのでしょうか？」
0x0100003100005A84,28,305,Sordland/Turn03/PSnW_Overview,Player,en,「実は、私もその点について考えていたのだ。」
0x0100003100005A84,28,305,Sordland/Turn03/PSnW_Overview,Player,Menu Text en,「実は、私もその点について考えていたのだ。」
0x0100003100005A8C,28,306,Sordland/Turn03/PSnW_Overview,Player,en,「ルシアンのことはこれに巻き込まないでくれ。」
0x0100003100005A8C,28,306,Sordland/Turn03/PSnW_Overview,Player,Menu Text en,「ルシアンのことはこれに巻き込まないでくれ。」
0x0100003100005A94,28,307,Sordland/Turn03/PSnW_Overview,Player,en,「ワルダさん、話が脱線している。」
0x0100003100005A94,28,307,Sordland/Turn03/PSnW_Overview,Player,Menu Text en,「ワルダさん、話が脱線している。」
0x0100003100005A9C,28,308,Sordland/Turn03/PSnW_Overview,Player,en,「私も全く同感だ。ソードランドの女性たちはもっと良い扱いを受けるべきだ。」
0x0100003100005A9C,28,308,Sordland/Turn03/PSnW_Overview,Player,Menu Text en,「私も全く同感だ。ソードランドの女性たちはもっと良い扱いを受けるべきだ。」
0x0100003100005AA4,28,309,Sordland/Turn03/PSnW_Overview,Ciara Walda,en,「ベニウォル氏が尋ねました。私が答えました。」
0x0100003100005AAC,28,310,Sordland/Turn03/PSnW_Overview,Paskal Beniwoll,en,「わかりました、シアラ。ご意見を述べていただきありがとうございます。」
0x0100003100005AB5,28,311,Sordland/Turn03/PSnW_Overview,Ciara Walda,en,「そのようで何よりです。」
0x0100008E000021DE,28,314,Sordland/Turn03/PSnW_Overview,Paskal Beniwoll,en,「とはいえ、ナルベルやその他の貧困地域における雇用創出に対して同社が果たした大きな貢献は認めざるを得ません。会長に譲歩を促すことは非常に難しい課題かもしれません。」
0x0100008E000021E4,28,315,Sordland/Turn03/PSnW_Overview,Paskal Beniwoll,en,「もう一つお伝えしたいことがあります。ガソムの会長であり元大統領でもあるアルフォンソ氏との予定されている会談について、私の懸念を申し上げたいのです。」
0x0100008E000021EB,28,316,Sordland/Turn03/PSnW_Overview,Ciara Walda,en,「パスカル、交渉する余地など何もありません。ガソムの労働者たちの待遇はすでに最悪の状態です。大統領である私は、より良い条件を要求できるし、また要求しなければなりません。」
0x0100008E000021F3,28,317,Sordland/Turn03/PSnW_Overview,Player,en,「労働者が不当な扱いを受けているのに雇用創出に何の意味があるのか？もちろん、アルフォンソにはもっと良い対応を求める。」
0x0100008E000021FA,28,318,Sordland/Turn03/PSnW_Overview,Player,en,「アルフォンソがいかに狡猾な人物か私もよく知っている。彼にこの件を持ち出すのは確かに困難なことだろう。」
0x0100008E00002201,28,319,Sordland/Turn03/PSnW_Overview,Player,en,「もし適切に対処すれば、経済の発展と労働者の利益を両立させる解決策を見出すことができる。」
0x0100008E00002208,28,320,Sordland/Turn03/PSnW_Overview,Paskal Beniwoll,en,「私は自著の中でこの問題について詳しく論じました。もし慎重に対処しなければ、対立はこれらの労働者たちが直面する困難をさらに悪化させる可能性があります。」
0x0100008E0000220E,28,321,Sordland/Turn03/PSnW_Overview,Paskal Beniwoll,en,「外交的なアプローチを試してみてください。心の底では、彼も労働者たちの最善のことを望んでいると私は思います。」
0x0100008E00002214,28,322,Sordland/Turn03/PSnW_Overview,Paskal Beniwoll,en,「それは実に驚くべき業績でしょう。その功績によってあなたは世間の注目の的となるでしょうね。」
0x0100008E0000221A,28,323,Sordland/Turn03/PSnW_Overview,Paskal Beniwoll,en,「この問題は私にとって非常に重要なものです。カタリナ・ホルテンおよび彼女を含む労働者代表たちが提起した懸念を解決していただければ、私としても大変感謝するでしょう。」
0x0100008E00002220,28,324,Sordland/Turn03/PSnW_Overview,Ciara Walda,en,「アルフォンソのようなCEOが、自分自身に利益がないまま労働者たちに恩恵を与えるなどということは想像しにくいです。」
0x0100008E00002226,28,325,Sordland/Turn03/PSnW_Overview,Player,en,「この世界において、真に無料のものなど存在しない。私としてもそれ以下のことは期待していない。」
0x0100008E0000222D,28,326,Sordland/Turn03/PSnW_Overview,Player,en,「ガソムも我々と同様に我々を頼りにしている。我々なら妥協の道を見出すことができる。」
0x0100008E00002234,28,327,Sordland/Turn03/PSnW_Overview,Player,en,「ガソムは長年にわたり労働者たちの労働力を利用して利益を得てきた。そろそろ彼らも社会に還元する時が来ている。」
0x0100008E0000223B,28,328,Sordland/Turn03/PSnW_Overview,Ciara Walda,en,「このように見えて好意的な提案には警戒しなければなりません。そうしたものにはたいてい隠された代償が伴い、結果として権力を持つ少数者にしか利益が行かないのです。」
0x0100008E00002241,28,329,Sordland/Turn03/PSnW_Overview,Ciara Walda,en,「中道というものはしばしば現状維持に危うく傾きがちです。どんな交渉でも企業巨大勢力の利益を守るだけでなく、真に国民のためになるものであるよう徹底して確かめなければなりません。」
0x0100008E00002247,28,330,Sordland/Turn03/PSnW_Overview,Ciara Walda,en,「ガソムやその他の企業群が築き上げてきた搾取的な構造を完全に改革しない限り、我々は決して満足すべきではありません。」
0x0100008E0000224D,28,331,Sordland/Turn03/PSnW_Overview,Paskal Beniwoll,en,「シアラ、ご意見をいただきありがとうございます。ですが、対話の道を常に開けておくことの重要性については、レイン大統領にも必ず強調しておきます。」
0x0100008E00002253,28,332,Sordland/Turn03/PSnW_Overview,Paskal Beniwoll,en,「イデオロギーは、実際的で持続的な変化をもたらす妨げになってはなりません。」
0x0100008E0000226E,28,333,Sordland/Turn03/PSnW_Overview,Paskal Beniwoll,en,「アルフォンソおよび彼の会社と交渉することで、ガソムの労働者たちのためにより良い労働環境を確保する機会が得られます。これはナルベル全体にとって大きな勝利となるでしょう。」
0x0100008E00002275,28,334,Sordland/Turn03/PSnW_Overview,Player,en,「私の最優先事項は経済改善だ。それが実現すれば、自然と社会的地位向上も随ってくるだろう。」
0x0100008E0000227D,28,335,Sordland/Turn03/PSnW_Overview,Paskal Beniwoll,en,「大統領、経済の改善が必ずしも幸福や福祉の向上に直結するわけではありません。」
0x0100008E00002285,28,336,Sordland/Turn03/PSnW_Overview,Player,en,「エネルギー安全保障を強化する必要があることを考えると、やむを得ず彼と協力せざるを得ない状況に陥るかもしれない。」
0x0100008E0000228D,28,337,Sordland/Turn03/PSnW_Overview,Ciara Walda,en,「忘れてはなりません。こうした『協力』には通常、何らかの条件が付随してきます。多くの場合、企業ばかりを優遇し、一般国民に負担を押し付けるものです。」
0x0100008E0000229B,28,338,Sordland/Turn03/PSnW_Overview,Paskal Beniwoll,en,「これ以上お時間を取らせません。ご議論いただき、誠にありがとうございます。」
0x0100008E000022A2,28,339,Sordland/Turn03/PSnW_Overview,Player,en,「マンガー氏とアルフォンソ氏が私に会う用意があることは大変心強く、これは前進だと言える。」
0x0100008E000022A9,28,340,Sordland/Turn03/PSnW_Overview,Player,en,「私は同意しない。自分の信念を固く守ることによってのみ、ソードランドが必要とする変革を実現できるのだ。」
0x0100008E000022B7,28,341,Sordland/Turn03/PSnW_Overview,Player,en,「ガソムとのこれらの話し合いが何か実質的で持続的な変化をもたらすとは思えない。以前にも空虚な約束だけを見てきたから。」
0x0100008E000022C6,28,342,Sordland/Turn03/PSnW_Overview,Player,en,「私としても二人に何かを約束することはできない。まずはガソムの状況を把握しなければならない。」
0x010000C60000084C,28,343,Sordland/Turn03/PSnW_Overview,Player,en,「報告は不要だ。私はすでに全容を把握している。」
0x010000C60000084C,28,343,Sordland/Turn03/PSnW_Overview,Player,Menu Text en,「報告は不要だ。私はすでに全容を把握している。」
0x010000C600000855,28,344,Sordland/Turn03/PSnW_Overview,Ciara Walda,en,「ああ、わかりました。」
0x0100000000045D47,29,3,Sordland/Turn03/A_ReformistConstitution,Narrator,en,私は自分の執務室へ向かって歩いていた。今日はソードランド憲法改正案に最終的な修正を加える日だったからだ。
0x0100000000045D4E,29,4,Sordland/Turn03/A_ReformistConstitution,Narrator,en,間もなく、ペトル、ルシアン、ニアが到着した。
0x0100000000045D82,29,5,Sordland/Turn03/A_ReformistConstitution,Player,en,「こんにちは。」
0x0100000000045D82,29,5,Sordland/Turn03/A_ReformistConstitution,Player,Menu Text en,「こんにちは。」
0x0100000000045D89,29,6,Sordland/Turn03/A_ReformistConstitution,Player,en,「やっとだ！」
0x0100000000045D89,29,6,Sordland/Turn03/A_ReformistConstitution,Player,Menu Text en,「やっとだ！」
0x0100000000045DE6,29,7,Sordland/Turn03/A_ReformistConstitution,Narrator,en,私は宮殿の大理石でできた回廊を歩きながら、これから下さなければならない重大な決断について考えていた。
0x0100000000045DEE,29,8,Sordland/Turn03/A_ReformistConstitution,Narrator,en,私の執務室の入り口で、秘書のリヴィアが私を迎えてくれた。
0x0100000000097584,29,9,Sordland/Turn03/A_ReformistConstitution,Nia Morgna,en,「おはようございます、大統領。」
0x010000000009758A,29,10,Sordland/Turn03/A_ReformistConstitution,Petr Vectern,en,「おはようございます。そろそろこの提案を実行に移す時です。」
0x0100000000097974,29,11,Sordland/Turn03/A_ReformistConstitution,Narrator,en,改革委員会はついに実質的な成果を上げ、改正案の草案が私のもとに提出されようとしていた。
0x010000000009797C,29,12,Sordland/Turn03/A_ReformistConstitution,Livia Suno,en,「おはようございます、大統領。」
0x0100000000097985,29,13,Sordland/Turn03/A_ReformistConstitution,Player,en,「おはよう、リビア。」
0x0100000000097985,29,13,Sordland/Turn03/A_ReformistConstitution,Player,Menu Text en,「おはよう、リビア。」
0x010000000009798C,29,14,Sordland/Turn03/A_ReformistConstitution,Player,en,「今日はお元気か？」
0x010000000009798C,29,14,Sordland/Turn03/A_ReformistConstitution,Player,Menu Text en,「今日はお元気か？」
0x010000000009799D,29,15,Sordland/Turn03/A_ReformistConstitution,Livia Suno,en,「私は元気です、ありがとうございます。」
0x01000000000979A5,29,16,Sordland/Turn03/A_ReformistConstitution,Livia Suno,en,「それよりも何より、大統領、ご健康はいかがでしょうか？」
0x01000000000979AD,29,17,Sordland/Turn03/A_ReformistConstitution,Livia Suno,en,「大統領、本日はいかがなお過ごしでしょうか？」
0x01000000000979BD,29,18,Sordland/Turn03/A_ReformistConstitution,Player,en,「私はこれから厳しい決断を下さなければならない。そのため、あまり調子が良くない。」
0x01000000000979BD,29,18,Sordland/Turn03/A_ReformistConstitution,Player,Menu Text en,「私はこれから厳しい決断を下さなければならない。そのため、あまり調子が良くない。」
0x01000000000979C5,29,19,Sordland/Turn03/A_ReformistConstitution,Player,en,「私はまったく問題ない。」
0x01000000000979C5,29,19,Sordland/Turn03/A_ReformistConstitution,Player,Menu Text en,「私はまったく問題ない。」
0x01000000000979CF,29,20,Sordland/Turn03/A_ReformistConstitution,Player,en,「リヴィア、あなたに会えてようやく安心した。」
0x01000000000979CF,29,20,Sordland/Turn03/A_ReformistConstitution,Player,Menu Text en,「リヴィア、あなたに会えてようやく安心した。」
0x01000000000979D8,29,21,Sordland/Turn03/A_ReformistConstitution,Narrator,en,彼女は私から目をそらし、微笑んだ。
0x01000000000979E8,29,22,Sordland/Turn03/A_ReformistConstitution,Livia Suno,en,「それは良かうございます。」
0x01000000000979F8,29,23,Sordland/Turn03/A_ReformistConstitution,Livia Suno,en,「それは残念でございます。」
0x0100000000097A00,29,24,Sordland/Turn03/A_ReformistConstitution,Livia Suno,en,「大統領、ありがとうございます。」
0x0100000000097A08,29,25,Sordland/Turn03/A_ReformistConstitution,Player,en,「ソードランドをはじめとするソードランド全土の人々と共に、その結果が分かるだろう、親愛なる方。」
0x0100000000097A08,29,25,Sordland/Turn03/A_ReformistConstitution,Player,Menu Text en,「ソードランドをはじめとするソードランド全土の人々と共に、その結果が分かるだろう、親愛なる方。」
0x0100000000097A0F,29,26,Sordland/Turn03/A_ReformistConstitution,Player,en,「その点については考慮しよう。」
0x0100000000097A0F,29,26,Sordland/Turn03/A_ReformistConstitution,Player,Menu Text en,「その点については考慮しよう。」
0x0100000000097A16,29,27,Sordland/Turn03/A_ReformistConstitution,Player,en,「まだ何も決定されていない。」
0x0100000000097A16,29,27,Sordland/Turn03/A_ReformistConstitution,Player,Menu Text en,「まだ何も決定されていない。」
0x0100000000097A2E,29,28,Sordland/Turn03/A_ReformistConstitution,Player,en,「それはあなたには関係のないことだ、リヴィア。」
0x0100000000097A2E,29,28,Sordland/Turn03/A_ReformistConstitution,Player,Menu Text en,「それはあなたには関係のないことだ、リヴィア。」
0x0100000000097A5C,29,29,Sordland/Turn03/A_ReformistConstitution,Narrator,en,リヴィアは私のコートを掛けるために出て行った。私は自分の執務室に入り、椅子に座った。
0x0100000000097A65,29,30,Sordland/Turn03/A_ReformistConstitution,Player,en,「皆様、おはよう。」
0x0100000000097A65,29,30,Sordland/Turn03/A_ReformistConstitution,Player,Menu Text en,「皆様、おはよう。」
0x0100000000097A72,29,31,Sordland/Turn03/A_ReformistConstitution,Narrator,en,ペトルはその草案を私の前に置いた。
0x0100000000097A79,29,32,Sordland/Turn03/A_ReformistConstitution,Lucian Galade,en,「大統領様の修正を加えていただいたら、すぐに手続きを開始いたします。」
0x0100000000097A80,29,33,Sordland/Turn03/A_ReformistConstitution,Narrator,en,委員会の報告書と私自身のメモを目の前に置いた後、その書類に没頭した。
0x0100000300025616,29,34,Sordland/Turn03/A_ReformistConstitution,Nia Morgna,en,「私は、大統領の布告に適用範囲に関する制限を設けるよう提案しました。それらを残すとしても、緊急時にのみ使用されるようにしなければなりません。」
0x010000030002561D,29,35,Sordland/Turn03/A_ReformistConstitution,Player,en,「彼のことは別として、偉大な英雄に特別な称号を与えることに何の問題もないと私は思う。」
0x010000030002561D,29,35,Sordland/Turn03/A_ReformistConstitution,Player,Menu Text en,「彼のことは別として、偉大な英雄に特別な称号を与えることに何の問題もないと私は思う。」
0x0100000300025624,29,36,Sordland/Turn03/A_ReformistConstitution,Player,en,「それは単なる称号に過ぎない、モルグナ夫人。」
0x0100000300025624,29,36,Sordland/Turn03/A_ReformistConstitution,Player,Menu Text en,「それは単なる称号に過ぎない、モルグナ夫人。」
0x010000030002562B,29,37,Sordland/Turn03/A_ReformistConstitution,Nia Morgna,en,「大統領。もしやはりソル大佐のようになりたいとお考えでないのでしたら。」
0x0100000300025632,29,38,Sordland/Turn03/A_ReformistConstitution,Lucian Galade,en,「第3条について話し合いを始めることができます。これは大統領の弾劾手続きに関するものです。現在、反逆罪や憲法違反の場合、最高裁判所が大統領を弾劾し裁判を行うことができます。」
0x0100000300025639,29,39,Sordland/Turn03/A_ReformistConstitution,Player,en,「積極的な改正を推し進めた後、私も同様の免除措置が必要になるかもしれない。」
0x0100000300025639,29,39,Sordland/Turn03/A_ReformistConstitution,Player,Menu Text en,「積極的な改正を推し進めた後、私も同様の免除措置が必要になるかもしれない。」
0x0100000300025640,29,40,Sordland/Turn03/A_ReformistConstitution,Player,en,「もし我々の民主主義が衰退の原因であるなら、それを受け入れるしかないのだ。」
0x0100000300025640,29,40,Sordland/Turn03/A_ReformistConstitution,Player,Menu Text en,「もし我々の民主主義が衰退の原因であるなら、それを受け入れるしかないのだ。」
0x0100000300025647,29,41,Sordland/Turn03/A_ReformistConstitution,Player,en,「元大統領たちが特別な扱いを受けるのは不公平ではない。」
0x0100000300025647,29,41,Sordland/Turn03/A_ReformistConstitution,Player,Menu Text en,「元大統領たちが特別な扱いを受けるのは不公平ではない。」
0x010000030002564E,29,42,Sordland/Turn03/A_ReformistConstitution,Petr Vectern,en,「前回の選挙では共産党とブルディア労働者党がいずれも5％を超える票を得たのですから、これは両者に関わる問題だと言えます。」
0x0100000300025655,29,43,Sordland/Turn03/A_ReformistConstitution,Petr Vectern,en,「まあ、大統領がどのような決定を下そうとも、この課題を前進させるためには我々が協力して取り組む必要があります。」
0x010000030002565C,29,44,Sordland/Turn03/A_ReformistConstitution,Nia Morgna,en,「ほとんどの改革派は、弾劾手続きを大国民議会が開始すべきだと考えています。彼らは、権力を乱用する可能性のある悪質な大統領に対して、自分たちには何の権限もないと思っているのです。」
0x0100000300025663,29,45,Sordland/Turn03/A_ReformistConstitution,Petr Vectern,en,「共産党とブルディア労働者党も前回の選挙ではどちらも10パーセント近い得票率を記録したことを忘れてはなりません。」
0x010000030002566A,29,46,Sordland/Turn03/A_ReformistConstitution,Nia Morgna,en,「おっしゃる通りです。ソルが辞任した後でも、議会には依然として三つの政党が存在します。キベナー氏のNFPでさえかろうじて当選した程度です。」
0x0100000300025671,29,47,Sordland/Turn03/A_ReformistConstitution,Player,en,「大国民議会が大統領を監視するのは当然で、そこが最も民主的な機関だ。」
0x0100000300025671,29,47,Sordland/Turn03/A_ReformistConstitution,Player,Menu Text en,「大国民議会が大統領を監視すべきだ。」
0x0100000300025678,29,48,Sordland/Turn03/A_ReformistConstitution,Player,en,「大統領をこれほど厳しく非難するのが適切かどうか、私にもよく分からないのだ。」
0x0100000300025678,29,48,Sordland/Turn03/A_ReformistConstitution,Player,Menu Text en,「大統領をこれほど厳しく非難するのが適切かどうか、私にもよく分からないのだ。」
0x010000030002567F,29,49,Sordland/Turn03/A_ReformistConstitution,Nia Morgna,en,「申し訳ありません、大統領？」
0x0100000300025686,29,50,Sordland/Turn03/A_ReformistConstitution,Nia Morgna,en,「それだけで彼の行動に対する責任を問うのに十分ですが、大統領、なぜそのような称号を保持したいとお考えなのですか？」
0x010000030002568D,29,51,Sordland/Turn03/A_ReformistConstitution,Nia Morgna,en,「改革派はその案に断固として反対するでしょう。」
0x0100000300025694,29,52,Sordland/Turn03/A_ReformistConstitution,Nia Morgna,en,「私も同感です。ソルが辞任した後でも、議会には依然として三つの政党が存在します。キベナー氏のNFPでさえかろうじて当選した程度です。」
0x010000030002569B,29,53,Sordland/Turn03/A_ReformistConstitution,Nia Morgna,en,「大統領、タルキン・ソルを守りたいのですか？」
0x01000003000256A2,29,54,Sordland/Turn03/A_ReformistConstitution,Player,en,「ああ、彼はソードランドの英雄だ。」
0x01000003000256A2,29,54,Sordland/Turn03/A_ReformistConstitution,Player,Menu Text en,「ああ、彼はソードランドの英雄だ。」
0x01000003000256A9,29,55,Sordland/Turn03/A_ReformistConstitution,Petr Vectern,en,「この法律は、今回の状況においてあなたにとって特に危険です。我々は守旧派に立ち向かうことになりますが、もし議会で成功を収めることができれば……」
0x01000003000256B0,29,56,Sordland/Turn03/A_ReformistConstitution,Petr Vectern,en,「閾値を下げると、彼らが大国民議会に進出する道が開かれる可能性があります。」
0x01000003000256BB,29,57,Sordland/Turn03/A_ReformistConstitution,Player,en,「私は弾劾制度自体を廃止することだってできる。完全な免除も手に入れられるのだ。」
0x01000003000256BB,29,57,Sordland/Turn03/A_ReformistConstitution,Player,Menu Text en,「弾劾制度自体を廃止することだってできる。」
0x01000003000256C2,29,58,Sordland/Turn03/A_ReformistConstitution,Player,en,「私も同感だ。この役職は廃止すべきだろう。」
0x01000003000256C2,29,58,Sordland/Turn03/A_ReformistConstitution,Player,Menu Text en,「私も同感だ。この役職は廃止すべきだろう。」
0x01000003000256C9,29,59,Sordland/Turn03/A_ReformistConstitution,Petr Vectern,en,「閾値を下げれば、将来的に彼らが議会に入る道を開くことになります。これをご理解いただくことは重要です。」
0x01000003000256D0,29,60,Sordland/Turn03/A_ReformistConstitution,Player,en,「より洗練された弾劾手続きを定めるべきだ。」
0x01000003000256D0,29,60,Sordland/Turn03/A_ReformistConstitution,Player,Menu Text en,「より洗練された弾劾手続きを定めるべきだ。」
0x01000003000256D7,29,61,Sordland/Turn03/A_ReformistConstitution,Nia Morgna,en,「大統領、これは党派を超えた国家的な問題だと思います。」
0x01000003000256DE,29,62,Sordland/Turn03/A_ReformistConstitution,Player,en,「いや、我々はこの法律を尊重すべきだと思う。」
0x01000003000256DE,29,62,Sordland/Turn03/A_ReformistConstitution,Player,Menu Text en,「いや、我々はこの法律を尊重すべきだと思う。」
0x01000003000256E5,29,63,Sordland/Turn03/A_ReformistConstitution,Player,en,「その称号は残しておきつつ、彼の免責条項だけは撤廃することができる。」
0x01000003000256E5,29,63,Sordland/Turn03/A_ReformistConstitution,Player,Menu Text en,「その称号は残しておきつつ、彼の免責条項だけは撤廃することができる。」
0x01000003000256EC,29,64,Sordland/Turn03/A_ReformistConstitution,Player,en,「すべての大統領は、任期を終えた後にその称号を得るべきなのだ。」
0x01000003000256EC,29,64,Sordland/Turn03/A_ReformistConstitution,Player,Menu Text en,「すべての大統領は、任期を終えた後にその称号を得るべきなのだ。」
0x01000003000256F3,29,65,Sordland/Turn03/A_ReformistConstitution,Player,en,「やはり、その改革案はあまり良い考えではないかもしれないね。」
0x01000003000256F3,29,65,Sordland/Turn03/A_ReformistConstitution,Player,Menu Text en,「やはり改革というのは良い考えではないかもしれない。」
0x01000003000256FA,29,66,Sordland/Turn03/A_ReformistConstitution,Nia Morgna,en,「多くのソードランド人々は、自分たちが大国民議会で代表されていないと感じております。これはソードランドにおける代議制民主主義の問題です。」
0x0100000300025701,29,67,Sordland/Turn03/A_ReformistConstitution,Player,en,「もし我々が成功しなかったらどうなるのだろうか？最高裁判所によって私は弾劾されるかもしれない。」
0x0100000300025701,29,67,Sordland/Turn03/A_ReformistConstitution,Player,Menu Text en,「もし我々が成功しなかったらどうなるのだろうか？最高裁判所によって私は弾劾されるかもしれない。」
0x0100000300025708,29,68,Sordland/Turn03/A_ReformistConstitution,Petr Vectern,en,「...彼らはあなたを制圧するため、違憲と宣言できるものは何でも探し出すでしょう。彼らが必要とするのは、あなたを弾劾する最高裁判所だけです。」
0x010000030002570F,29,69,Sordland/Turn03/A_ReformistConstitution,Nia Morgna,en,「彼を守るためのこの無意味な法律は廃止しなければなりません。彼は自らの統治期間中に行われた残虐行為に対して正義の裁きを受けるべきです。」
0x0100000300025716,29,70,Sordland/Turn03/A_ReformistConstitution,Lucian Galade,en,「もちろん、その場合USPが議会での過半数を失う可能性もあるのです、大統領。」
0x010000030002571D,29,71,Sordland/Turn03/A_ReformistConstitution,Petr Vectern,en,「だからその称号を持っているのはタルキン・ソルだけなのです。彼は軍事クーデターの直後に自分自身にその称号を与えました。この法律は本来、あの大佐を救うために作られたものであり、そのためソードランドにとって象徴的な意味合いも持っています。」
0x0100000300025724,29,72,Sordland/Turn03/A_ReformistConstitution,Lucian Galade,en,「憲法によれば、栄誉議員は法的な免責特権を持つだけでなく、国家によってほとんどの費用も負担され、常時警護も受けます。この地位は議会の絶対多数決と大統領の承認によってのみ誰かに与えられるのです。」
0x010000030002572B,29,73,Sordland/Turn03/A_ReformistConstitution,Nia Morgna,en,「リクター氏と彼のPFJPは間違いなくこの問題の改善を望んでいます。彼らは我々の10％という選挙門戸制を非民主的だと考えており、それについては私も同感です。」
0x0100000300025732,29,74,Sordland/Turn03/A_ReformistConstitution,Lucian Galade,en,「最後の項目はソルの遺産に関する問題です。具体的には彼の『栄誉議員』制度についてで、これにより彼は引退後でも絶対的な免責特権を持っていました。彼は大国民議会の常任議員でもありますが、幸いなことにもう出席してはいません。」
0x0100000300025739,29,75,Sordland/Turn03/A_ReformistConstitution,Nia Morgna,en,「大統領、私も同感です。」
0x0100000300025740,29,76,Sordland/Turn03/A_ReformistConstitution,Player,en,「それは断じてあり得ない。」
0x0100000300025740,29,76,Sordland/Turn03/A_ReformistConstitution,Player,Menu Text en,「それは断じてあり得ない。」
0x0100000300025747,29,77,Sordland/Turn03/A_ReformistConstitution,Player,en,「この件については、もう少し時間をかけて考える必要があるかもしれない。」
0x0100000300025747,29,77,Sordland/Turn03/A_ReformistConstitution,Player,Menu Text en,「この件については、もう少し時間をかけて考える必要があるかもしれない。」
0x010000030002574E,29,78,Sordland/Turn03/A_ReformistConstitution,Nia Morgna,en,「私としてはこの点について特に強い意見を持っておりませんが、大統領、これらの改革は我々の民主主義の将来にとって極めて重要なものです。」
0x0100000300025755,29,79,Sordland/Turn03/A_ReformistConstitution,Petr Vectern,en,「ですが、この方法では裁判官たちを説得するのはより困難でしょう。もしあなたがその後彼らを排除しようとしていると思われれば、エドモンズ夫人もあなたと協力したがらないかもしれません。」
0x010000030002575C,29,80,Sordland/Turn03/A_ReformistConstitution,Lucian Galade,en,「ええ、現在の変革の流れを彼らも認識しているため、すでに私を攻撃しようとしています。しかし、そのような事態が起きないよう、一部の裁判官たちと協力するつもりです。」
0x0100000300025763,29,81,Sordland/Turn03/A_ReformistConstitution,Nia Morgna,en,「はい、詳細については皆で協力して取り組んでまいります。」
0x010000030002576A,29,82,Sordland/Turn03/A_ReformistConstitution,Lucian Galade,en,「それの方が良い戦略です。結局のところ、成功させるためには彼らの一部のメンバーを説得する必要があります。」
0x0100000300025771,29,83,Sordland/Turn03/A_ReformistConstitution,Petr Vectern,en,「もちろんです、そうすべきでございます。」
0x0100000300025778,29,84,Sordland/Turn03/A_ReformistConstitution,Nia Morgna,en,「今のところはそれが最善の方法でしょう。もし引き続き裁判所を刺激すれば、エドモンズ夫人との交渉の機会まで失ってしまうかもしれません。」
0x010000030002577F,29,85,Sordland/Turn03/A_ReformistConstitution,Petr Vectern,en,「その通りです。」
0x0100000300025786,29,86,Sordland/Turn03/A_ReformistConstitution,Player,en,「彼らの免責特権は尊重すべきだ。」
0x0100000300025786,29,86,Sordland/Turn03/A_ReformistConstitution,Player,Menu Text en,「彼らの免責特権は尊重すべきだ。」
0x010000030002578D,29,87,Sordland/Turn03/A_ReformistConstitution,Player,en,「彼らも弾劾されるべきだ。なぜ私だけが弾劾され、彼らはそうでないのだろうか？」
0x010000030002578D,29,87,Sordland/Turn03/A_ReformistConstitution,Player,Menu Text en,「彼らも弾劾されるべきだ。なぜ私だけが弾劾され、彼らはそうでないのだろうか？」
0x0100000300025794,29,88,Sordland/Turn03/A_ReformistConstitution,Player,en,「ソードランドにおけるさらなる改革の道を開くために、守旧派を打倒すべきだ。」
0x0100000300025794,29,88,Sordland/Turn03/A_ReformistConstitution,Player,Menu Text en,「旧体制の勢力を打倒し、ソードランドでのさらなる改革の道を開かなければならない。」
0x010000030002579B,29,89,Sordland/Turn03/A_ReformistConstitution,Player,en,「まだ最高裁判所を敵に回すべきではないかもしれない。改革は穏やかなものに留めよう。」
0x010000030002579B,29,89,Sordland/Turn03/A_ReformistConstitution,Player,Menu Text en,「まだ最高裁判所を敵に回すべきではないかもしれない。」
0x01000003000257A2,29,90,Sordland/Turn03/A_ReformistConstitution,Player,en,「共産主義者たちが議会に入り、ソードランドを危険にさらすことは許してはならない。」
0x01000003000257A2,29,90,Sordland/Turn03/A_ReformistConstitution,Player,Menu Text en,「共産主義者が大国民議会に入ることを許してはならない。」
0x01000003000257A9,29,91,Sordland/Turn03/A_ReformistConstitution,Lucian Galade,en,「改革にそのような内容を盛り込むのは賢明ではないと思います。」
0x01000003000257B0,29,92,Sordland/Turn03/A_ReformistConstitution,Player,en,「そんな簡単に多数派の地位を手放すわけにはいかない。」
0x01000003000257B0,29,92,Sordland/Turn03/A_ReformistConstitution,Player,Menu Text en,「そんな簡単に多数派の地位を手放すわけにはいかない。」
0x01000003000257B7,29,93,Sordland/Turn03/A_ReformistConstitution,Nia Morgna,en,「大統領、我々は守旧派がもはや最高裁判所を支配できないように必ず対処いたします。」
0x01000003000257BE,29,94,Sordland/Turn03/A_ReformistConstitution,Petr Vectern,en,「理論上は彼らに絶対的な免責特権が必要だ。だが現実を見てみろ。我々は世界で最も腐敗した最高裁長官に対処しなければならず、彼を取り締まる手段すらないのだ！」
0x01000003000257C5,29,95,Sordland/Turn03/A_ReformistConstitution,Lucian Galade,en,「第6条です。これは大統領の布告に関するものです。改革派は大統領の行政権限に対するより一層の制限を求めており、リクター氏はそれらを完全に廃止すべきだと主張しています。」
0x01000003000257CC,29,96,Sordland/Turn03/A_ReformistConstitution,Lucian Galade,en,「ええと、次は……」
0x01000003000257D3,29,97,Sordland/Turn03/A_ReformistConstitution,Player,en,「心配しないでくれ。これらの改革により、我々の人気はさらに高まるだろう。」
0x01000003000257D3,29,97,Sordland/Turn03/A_ReformistConstitution,Player,Menu Text en,「心配しないでくれ。これらの改革により、我々の人気はさらに高まるだろう。」
0x01000003000257DA,29,98,Sordland/Turn03/A_ReformistConstitution,Player,en,「私は改革派と協力して、布告の使用を制限していくつもりだ。」
0x01000003000257DA,29,98,Sordland/Turn03/A_ReformistConstitution,Player,Menu Text en,「私は改革派と協力して、布告の使用を制限していくつもりだ。」
0x01000003000257E1,29,99,Sordland/Turn03/A_ReformistConstitution,Player,en,「しかし、その高いハードルこそが、ソードランドの政治がこれほどまでに孤立する原因なのだ。」
0x01000003000257E1,29,99,Sordland/Turn03/A_ReformistConstitution,Player,Menu Text en,「しかし、高い投票率のハードルこそが、ソードランドの政治がこれほどまでに孤立化した原因なのだ。」
0x01000003000257E8,29,100,Sordland/Turn03/A_ReformistConstitution,Nia Morgna,en,「現在の裁判官たちが*問題を抱えている*ことには同意しますが、それを解決する手段としてこれは適切ではありません。法律とは、彼らが圧力を受けないよう法的保護を与えることで司法の独立性を守るものです。」
0x01000003000257EF,29,101,Sordland/Turn03/A_ReformistConstitution,Player,en,「我々の民主主義においてより良い代表制を実現するため、確実にその基準値を引き下げるよう努力すべきだ。」
0x01000003000257EF,29,101,Sordland/Turn03/A_ReformistConstitution,Player,Menu Text en,「民主主義におけるより良い代表性を実現するため、確実にそのハードルを下げるよう努力すべきだ。」
0x01000003000257F6,29,102,Sordland/Turn03/A_ReformistConstitution,Nia Morgna,en,「大統領、私は彼らの権力を自分のために奪うことには賛成しません。司法機関は独立してかつ永続的でなければなりません。」
0x01000003000257FD,29,103,Sordland/Turn03/A_ReformistConstitution,Lucian Galade,en,「第4条です。」
0x0100000300025804,29,104,Sordland/Turn03/A_ReformistConstitution,Lucian Galade,en,「裁判官の免責特権に関する問題です。守旧派に対する反感が高まる中、彼らの免責特権を取り上げれば司法機関に対する統制権を得られるという話も出ています。」
0x010000030002580B,29,105,Sordland/Turn03/A_ReformistConstitution,Lucian Galade,en,「では第8節に移ります。もうすぐ終わります。」
0x0100000300025812,29,106,Sordland/Turn03/A_ReformistConstitution,Player,en,「それが本当に党に害を及ぼすとお考えか？」
0x0100000300025812,29,106,Sordland/Turn03/A_ReformistConstitution,Player,Menu Text en,「それが本当に党に害を及ぼすとお考えか？」
0x0100000300025819,29,107,Sordland/Turn03/A_ReformistConstitution,Lucian Galade,en,「ソルでさえも彼が去らなければならないことは理解しているが、その決定は大統領に委ねよう。」
0x0100000300025820,29,108,Sordland/Turn03/A_ReformistConstitution,Lucian Galade,en,「これは大臣の任命に関するものです。現在、大統領は大国民議会のメンバーの中から誰でも自由に任命できます。この手続きに関与している者は他にいません。」
0x0100000300025827,29,109,Sordland/Turn03/A_ReformistConstitution,Player,en,「私は時間をかけて各選択肢を慎重に検討し、その上で一つを決定する。」
0x0100000300025827,29,109,Sordland/Turn03/A_ReformistConstitution,Player,Menu Text en,「私は時間をかけて各選択肢を慎重に検討し、その上で一つを決定する。」
0x010000030002582E,29,110,Sordland/Turn03/A_ReformistConstitution,Player,en,「ああ、そうだ。ただ、かなりの時間がかかった。」
0x010000030002582E,29,110,Sordland/Turn03/A_ReformistConstitution,Player,Menu Text en,「ああ、そうだ。ただ、かなりの時間がかかった。」
0x0100000300025835,29,111,Sordland/Turn03/A_ReformistConstitution,Nia Morgna,en,「一部の改革派から、大統領が承認する前に議会が大臣を指名すべきだという意見が出ました。」
0x010000030002583C,29,112,Sordland/Turn03/A_ReformistConstitution,Nia Morgna,en,「この手続きに議会を関与させるよう求める声が確実に存在しています。」
0x0100000300025843,29,113,Sordland/Turn03/A_ReformistConstitution,Lucian Galade,en,「それは国の安定を損なう可能性があります。」
0x010000030002584A,29,114,Sordland/Turn03/A_ReformistConstitution,Player,en,「私も同感だ。国民が望むなら、同一人物を再選出することも許されるべきだろう。」
0x010000030002584A,29,114,Sordland/Turn03/A_ReformistConstitution,Player,Menu Text en,「私も同感だ。国民が望むなら、同一人物を再選出することも許されるべきだろう。」
0x0100000300025851,29,115,Sordland/Turn03/A_ReformistConstitution,Lucian Galade,en,「第五章では、問題となっている選挙の門戸制限について触れられています。ほとんどの改革派は、その門戸制限をできるだけ引き下げたいと考えています。」
0x0100000300025858,29,116,Sordland/Turn03/A_ReformistConstitution,Player,en,「大統領の令に改革は必要ないと思う。」
0x0100000300025858,29,116,Sordland/Turn03/A_ReformistConstitution,Player,Menu Text en,「大統領の令に改革は必要ないと思う。」
0x010000030002585F,29,117,Sordland/Turn03/A_ReformistConstitution,Petr Vectern,en,「ねえ、もし人々が同じ人物を繰り返し選出するのであれば、それは彼らが本当に満足しているということだ。大衆は変化を恐れているのです。」
0x0100000300025866,29,118,Sordland/Turn03/A_ReformistConstitution,Nia Morgna,en,「ソルのような人物が再び20年間も職に留まることを許してはなりません。任期制を設けるべきです。」
0x010000030002586D,29,119,Sordland/Turn03/A_ReformistConstitution,Player,en,「私も同感だ。このプロセスにおいては、より一層大国民議会を関与させるべきだろう。」
0x010000030002586D,29,119,Sordland/Turn03/A_ReformistConstitution,Player,Menu Text en,「私も同感だ。このプロセスにおいては、より一層大国民議会を関与させるべきだろう。」
0x0100000300025874,29,120,Sordland/Turn03/A_ReformistConstitution,Player,en,「信頼投票を導入することもできる。」
0x0100000300025874,29,120,Sordland/Turn03/A_ReformistConstitution,Player,Menu Text en,「信頼投票を導入することもできる。」
0x010000030002587B,29,121,Sordland/Turn03/A_ReformistConstitution,Lucian Galade,en,「彼らは、これまでなかった任期制を導入するよう我々に求めています。」
0x0100000300025882,29,122,Sordland/Turn03/A_ReformistConstitution,Player,en,「それはやや行き過ぎだと思う。」
0x0100000300025882,29,122,Sordland/Turn03/A_ReformistConstitution,Player,Menu Text en,「それは少し行き過ぎだと思う。」
0x0100000300025889,29,123,Sordland/Turn03/A_ReformistConstitution,Lucian Galade,en,「はい。タルキン・ソルは20年間統治しました。彼の魔法は人々の心から次第に消えつつあるようで、今では任期制が必要だと考えているようです。」
0x0100000300025890,29,124,Sordland/Turn03/A_ReformistConstitution,Lucian Galade,en,「大統領、うまくいきますように。」
0x0100000300025897,29,125,Sordland/Turn03/A_ReformistConstitution,Lucian Galade,en,「私も同感です。そのままにしておくことができます。」
0x010000030002589E,29,126,Sordland/Turn03/A_ReformistConstitution,Lucian Galade,en,「大統領、これは確かに微妙な問題であることは承知しております。ですが、これらについてご検討いただく時間はまだございます。」
0x01000003000258A5,29,127,Sordland/Turn03/A_ReformistConstitution,Nia Morgna,en,「私も同感です。ソルのような人物が再び20年間も職を維持することは許してはなりません。」
0x01000003000258AC,29,128,Sordland/Turn03/A_ReformistConstitution,Petr Vectern,en,「議会による承認法に基づく形にすることもできます。確かにその場合は手続きが長引きますが、与党が過半数を占めていれば何も変わりません。」
0x01000003000258B3,29,129,Sordland/Turn03/A_ReformistConstitution,Lucian Galade,en,「私も同感です。国家の重要な事案において、大統領が迅速に行動できることが重要だと思います。」
0x01000003000258BA,29,130,Sordland/Turn03/A_ReformistConstitution,Nia Morgna,en,「それも私の提案でした。」
0x01000003000258C1,29,131,Sordland/Turn03/A_ReformistConstitution,Player,en,「あっと。」
0x01000003000258C1,29,131,Sordland/Turn03/A_ReformistConstitution,Player,Menu Text en,「あっと。」
0x01000003000258C8,29,132,Sordland/Turn03/A_ReformistConstitution,Player,en,「私は近いうちに退任するつもりはない。任期制限は設けないのだ。」
0x01000003000258C8,29,132,Sordland/Turn03/A_ReformistConstitution,Player,Menu Text en,「私は近いうちに退任するつもりはない。任期制限は設けないのだ。」
0x01000003000258CF,29,133,Sordland/Turn03/A_ReformistConstitution,Player,en,「任期制は必要なのだ。」
0x01000003000258CF,29,133,Sordland/Turn03/A_ReformistConstitution,Player,Menu Text en,「任期制は必要なのだ。」
0x01000003000258D6,29,134,Sordland/Turn03/A_ReformistConstitution,Player,en,「任期制か？」
0x01000003000258D6,29,134,Sordland/Turn03/A_ReformistConstitution,Player,Menu Text en,「任期制か？」
0x01000003000258DD,29,135,Sordland/Turn03/A_ReformistConstitution,Nia Morgna,en,「そうかもしれません。ですが、リクター氏はそのようには考えていません。」
0x01000003000258E4,29,136,Sordland/Turn03/A_ReformistConstitution,Petr Vectern,en,「はい、ですがこれは極めてデリケートな問題です。党の中では、アルビンでさえも我々に閾値を変更することを望んでおりません。彼らは……そうすれば長期的に我々の党が破壊されてしまうと考えているのです。」
0x01000003000258EB,29,137,Sordland/Turn03/A_ReformistConstitution,Lucian Galade,en,「次は第7条、任期制限です。」
0x01000003000258F2,29,138,Sordland/Turn03/A_ReformistConstitution,Petr Vectern,en,「クラヴィン氏や我々党の改革派は現行法に何の問題も抱いておりません。PFJPも説得できるはずです。」
0x01000003000258F9,29,139,Sordland/Turn03/A_ReformistConstitution,Lucian Galade,en,「その通りです。10％という割合のおかげで、選挙では過半数の約3分の1の議席しか持たなくても議会の半数を支配することができました。」
0x0100000300025900,29,140,Sordland/Turn03/A_ReformistConstitution,Petr Vectern,en,「改革派の方々も間違いなくそれを全面的に支持するでしょう。」
0x0100000300025907,29,141,Sordland/Turn03/A_ReformistConstitution,Petr Vectern,en,「もちろん、与党の比率に従ってです。我々の場合は我々だけです。」
0x010000030002590E,29,142,Sordland/Turn03/A_ReformistConstitution,Petr Vectern,en,「フレンスはおそらく、それらを完全に廃止するよう要求してくるでしょう。しかし彼は、ソードランドが大統領制の共和国であることを忘れているのです。」
0x0100000300025915,29,143,Sordland/Turn03/A_ReformistConstitution,Narrator,en,ルシアンは次の項目へと進んでいった。
0x010000030002591B,29,144,Sordland/Turn03/A_ReformistConstitution,Petr Vectern,en,「もし全体の内容が彼らの希望通りであれば、フレンスも自分の意見に反対することはないでしょう。些細な点だけでこのような大きな変更を拒むはずがありません。」
0x0100000300025922,29,145,Sordland/Turn03/A_ReformistConstitution,Petr Vectern,en,「かしこまりました。最終案を共に作成し始めるまで、十分な時間がございます。」
0x01000003000259B5,29,146,Sordland/Turn03/A_ReformistConstitution,Player,en,「では、始めよう。」
0x01000003000259B5,29,146,Sordland/Turn03/A_ReformistConstitution,Player,Menu Text en,「では、始めよう。」
0x01000003000259BD,29,147,Sordland/Turn03/A_ReformistConstitution,Player,en,「草案で議論されている各項目について、一つずつ確認していってもよろしいだろうか？」
0x01000003000259BD,29,147,Sordland/Turn03/A_ReformistConstitution,Player,Menu Text en,「草案で議論されている各項目について、一つずつ確認していってもよろしいだろうか？」
0x01000003000259C6,29,148,Sordland/Turn03/A_ReformistConstitution,Lucian Galade,en,「ええ、最高裁判所の権限を縮小し大統領の拒否権を制限するという最初の二つの条項以外には……他の事項についてはまだ全員の同意を得られていません。」
0x01000003000259CF,29,149,Sordland/Turn03/A_ReformistConstitution,Player,en,「草案の作成に取り掛かろう。」
0x01000003000259CF,29,149,Sordland/Turn03/A_ReformistConstitution,Player,Menu Text en,「草案の作成に取り掛かろう。」
0x01000003000259D7,29,150,Sordland/Turn03/A_ReformistConstitution,Player,en,「皆様のご意見をいただき、感謝する。」
0x01000003000259D7,29,150,Sordland/Turn03/A_ReformistConstitution,Player,Menu Text en,「皆様のご意見をいただき、感謝する。」
0x01000003000259DF,29,151,Sordland/Turn03/A_ReformistConstitution,Narrator,en,委員会の報告書と私自身のメモを目の前に置いた後、その書類に没頭した。
0x0100000E0000257E,29,153,Sordland/Turn03/A_ReformistConstitution,Narrator,en,彼女は私のコートを受け取る前に少し間を置いた。何か考え事をしているようだった。
0x0100000E00002587,29,154,Sordland/Turn03/A_ReformistConstitution,Livia Suno,en,「大統領、改革計画について少しご教示いただけますでしょうか？私の考えでは、裁判官の免責特権を撤廃することはとうに必要なことですが、この場にいる多くの人々を怒らせる可能性もあります...」
0x0100000E00002592,29,155,Sordland/Turn03/A_ReformistConstitution,Livia Suno,en,「承知いたしました。それでは今すぐコートをお受け取りします。」
0x0100000E0000259B,29,156,Sordland/Turn03/A_ReformistConstitution,Livia Suno,en,「私にも状況をしっかり報告していただきたいです。それでは、コートをお受け取りします。」
0x010000460001F2BD,30,3,Sordland/Turn03/Reformist Post Discussion,Narrator,en,彼らはその変更内容を読み、互いの間で話し合った。
0x010000460001F2C4,30,4,Sordland/Turn03/Reformist Post Discussion,Narrator,en,私が提案書に最終的な修正を加えた後、それを私のチームに見せた。
0x010000460001F2CB,30,5,Sordland/Turn03/Reformist Post Discussion,Lucian Galade,en,「修正案が提案できる状態になったようです。」
0x010000460001F2EB,30,21,Sordland/Turn03/Reformist Post Discussion,Narrator,en,その後、ルシアンが発言した。
0x010000460001F2F9,30,25,Sordland/Turn03/Reformist Post Discussion,Nia Morgna,en,「大統領、議長に絶対的な免責特権を与えることでご自身の地位を守ろうとしていることは理解しておりますが、それは少し行き過ぎではないでしょうか？」
0x010000460001F300,30,26,Sordland/Turn03/Reformist Post Discussion,Nia Morgna,en,「それは全体の方針に反しています。もしこれが承認されなければ、責任は大統領ご自身にあるでしょう。」
0x010000460001F307,30,27,Sordland/Turn03/Reformist Post Discussion,Player,en,「もう少し信頼してくれ、モルグナ夫人。」
0x010000460001F307,30,27,Sordland/Turn03/Reformist Post Discussion,Player,Menu Text en,「もう少し信頼してくれ、モルグナ夫人。」
0x010000460001F30F,30,28,Sordland/Turn03/Reformist Post Discussion,Player,en,「ご意見はありがたいが、決定はすでに下されている。」
0x010000460001F30F,30,28,Sordland/Turn03/Reformist Post Discussion,Player,Menu Text en,「ご意見はありがたいが、決定はすでに下されている。」
0x010000460001F317,30,29,Sordland/Turn03/Reformist Post Discussion,Player,en,「最高裁判所の標的になるだろう、この保護が必要だ。」
0x010000460001F317,30,29,Sordland/Turn03/Reformist Post Discussion,Player,Menu Text en,「最高裁判所の標的になるだろう、この保護が必要だ。」
0x010000460001F31F,30,30,Sordland/Turn03/Reformist Post Discussion,Lucian Galade,en,「レイン大統領のおっしゃることは間違っていません。」
0x010000460001F326,30,31,Sordland/Turn03/Reformist Post Discussion,Nia Morgna,en,「大統領、私も自分にできることは必ず果たします。決して怠りません。ですが、先に自身の立場を明確にしておく必要がありました。」
0x010000460001F32E,30,32,Sordland/Turn03/Reformist Post Discussion,Petr Vectern,en,「しかし、これも言わざるを得ません……」
0x010000460001F338,30,33,Sordland/Turn03/Reformist Post Discussion,Petr Vectern,en,「新しい選挙のハードルは、与党にとって受け入れるのが非常に困難でしょう。我々の部下たちもその案を好ましく思っていません。」
0x010000460001F340,30,34,Sordland/Turn03/Reformist Post Discussion,Petr Vectern,en,「しかし、これも言わざるを得ません……」
0x010000460001F347,30,35,Sordland/Turn03/Reformist Post Discussion,Petr Vectern,en,「大臣法を改革しなければ党から非難されるでしょう。議会のメンバーたちはこの過程に自分たちも関与することを強く主張しています。」
0x010000460001F34E,30,36,Sordland/Turn03/Reformist Post Discussion,Lucian Galade,en,「その通りです。彼ら全員の支持を得るのは難しいでしょう。我々の党員の中には、これに公然と反対しようとする者も出てくるかもしれません。」
0x010000460001F35B,30,40,Sordland/Turn03/Reformist Post Discussion,Petr Vectern,en,「大臣法を改革しないことも党によって非難されるでしょう。議会のメンバーたちはこのプロセスへの関与を強く求めています。」
0x010000460001F363,30,41,Sordland/Turn03/Reformist Post Discussion,Player,en,「そのような事態になれば、再考する用意がある。」
0x010000460001F363,30,41,Sordland/Turn03/Reformist Post Discussion,Player,Menu Text en,「そのような事態になれば、再考する用意がある。」
0x010000460001F36A,30,42,Sordland/Turn03/Reformist Post Discussion,Player,en,「私が党を率いていけるようにする。」
0x010000460001F36A,30,42,Sordland/Turn03/Reformist Post Discussion,Player,Menu Text en,「私が党を率いていけるようにする。」
0x010000460001F371,30,43,Sordland/Turn03/Reformist Post Discussion,Player,en,「我々が何とかする。」
0x010000460001F371,30,43,Sordland/Turn03/Reformist Post Discussion,Player,Menu Text en,「我々が何とかする。」
0x010000460001F37B,30,44,Sordland/Turn03/Reformist Post Discussion,Lucian Galade,en,「進める前に、何かご意見はございますか？」
0x010000460001F382,30,45,Sordland/Turn03/Reformist Post Discussion,Lucian Galade,en,「大統領、我々全員が全力を尽くしてこの計画を成功させます。」
0x010000460001F38B,30,46,Sordland/Turn03/Reformist Post Discussion,Lucian Galade,en,「進める前に、他に何かご意見はございますか？」
0x010000460001F394,30,47,Sordland/Turn03/Reformist Post Discussion,Nia Morgna,en,「私は、大国民議会に最高裁判所の判事を弾劾する権限を与える新法には賛成できないと申し上げます。」
0x010000460001F39B,30,48,Sordland/Turn03/Reformist Post Discussion,Nia Morgna,en,「私も最高裁長官とその妨害的な振る舞いには反対ですが、たとえ彼ら全員を排除したとしても、この法律のせいで新しい裁判官たちはこれまで以上に独立性を失うでしょう。必要な時に政権に逆らうことを恐れるようになるはずです。」
0x010000460001F3A2,30,49,Sordland/Turn03/Reformist Post Discussion,Nia Morgna,en,「彼らは職務を遂行するためにその保護が必要です。でなければ新しい裁判官たちもソルの守旧派と同じように操り人形に過ぎなくなってしまいます。」
0x010000460001F3A9,30,50,Sordland/Turn03/Reformist Post Discussion,Petr Vectern,en,「しかし、まずは守旧派を排除することの方がより重要です、モルグナ夫人。障害がなくなれば、さらに状況を良くしていくことができます。」
0x010000460001F3B2,30,51,Sordland/Turn03/Reformist Post Discussion,Nia Morgna,en,「私としては、名誉議員法の改正には賛成できません。大統領、あなたが任期終了後に免責を得て自分の身を守ろうと必死に努めていることがよくわかります。」
0x010000460001F3B9,30,52,Sordland/Turn03/Reformist Post Discussion,Nia Morgna,en,「この法律は廃止されるべきでした。もともとはソルを守るために作られたのに、今ではすべての大統領に与えようとしているのです。これは我々が考える『民主的改革』の理念と矛盾しています、大統領。」
0x010000460001F3C6,30,56,Sordland/Turn03/Reformist Post Discussion,Nia Morgna,en,「名誉議員法の改正についてはどうなっていますか？大統領が任期終了後に免責を得て自分の身を守ろうと必死に努力しているようですね。」
0x010000460001F3CD,30,57,Sordland/Turn03/Reformist Post Discussion,Narrator,en,彼女は私を見た。
0x010000460001F3D5,30,58,Sordland/Turn03/Reformist Post Discussion,Petr Vectern,en,「その法令を撤廃したのは最善の選択ではなかったと、私は言わざるを得ないと思います。」
0x010000460001F3DC,30,59,Sordland/Turn03/Reformist Post Discussion,Petr Vectern,en,「それにより、特に危機の際に大統領の権限が大幅に削減されることになります。」
0x010000460001F3E3,30,60,Sordland/Turn03/Reformist Post Discussion,Petr Vectern,en,「しかし……」
0x010000460001F3EA,30,61,Sordland/Turn03/Reformist Post Discussion,Player,en,「私が言ったように、背中には標的がつくのだ。そのために免責特権が必要なのだ。」
0x010000460001F3EA,30,61,Sordland/Turn03/Reformist Post Discussion,Player,Menu Text en,「私が言ったように、背中には標的がつくのだ。そのために免責特権が必要なのだ。」
0x010000460001F3F1,30,62,Sordland/Turn03/Reformist Post Discussion,Player,en,「モルグナ夫人、あなたは少し考え過ぎだ。」
0x010000460001F3F1,30,62,Sordland/Turn03/Reformist Post Discussion,Player,Menu Text en,「モルグナ夫人、あなたは少し考え過ぎだ。」
0x010000460001F3F8,30,63,Sordland/Turn03/Reformist Post Discussion,Player,en,「どうやら意見の相違を受け入れることを学ばなければならないようだね。」
0x010000460001F3F8,30,63,Sordland/Turn03/Reformist Post Discussion,Player,Menu Text en,「どうやら意見の相違を受け入れることを学ばなければならないようだね。」
0x010000460001F402,30,64,Sordland/Turn03/Reformist Post Discussion,Narrator,en,彼女は少し怒っているように見えた。
0x010000460001F411,30,68,Sordland/Turn03/Reformist Post Discussion,Petr Vectern,en,「終わらせる前に……」
0x010000460001F419,30,69,Sordland/Turn03/Reformist Post Discussion,Narrator,en,彼は私の方を向いた。
0x010000460001F420,30,70,Sordland/Turn03/Reformist Post Discussion,Petr Vectern,en,「アントン、十分に注意してください。あなたなら問題ないでしょうが、外では様々な事態が起きているため、何らかの形でこうした脅威に備える必要があります。」
0x010000460001F427,30,71,Sordland/Turn03/Reformist Post Discussion,Lucian Galade,en,「すぐに着手できそうですね。」
0x010000460001F42D,30,72,Sordland/Turn03/Reformist Post Discussion,Petr Vectern,en,「私としては、その変更点に何の問題もないと思います。」
0x010000460001F434,30,73,Sordland/Turn03/Reformist Post Discussion,Nia Morgna,en,「私も同じです。」
0x010000460001F43C,30,74,Sordland/Turn03/Reformist Post Discussion,Player,en,「ペトル、ご意見をいただき感謝する。」
0x010000460001F43C,30,74,Sordland/Turn03/Reformist Post Discussion,Player,Menu Text en,「ペトル、ご意見をいただき感謝する。」
0x010000460001F443,30,75,Sordland/Turn03/Reformist Post Discussion,Player,en,「憲法はまだ変更されていない。その時が来るまで準備を続けよう。」
0x010000460001F443,30,75,Sordland/Turn03/Reformist Post Discussion,Player,Menu Text en,「憲法はまだ変更されていない。その時が来るまで準備を続けよう。」
0x010000460001F44A,30,76,Sordland/Turn03/Reformist Post Discussion,Player,en,「承知している。」
0x010000460001F44A,30,76,Sordland/Turn03/Reformist Post Discussion,Player,Menu Text en,「承知している。」
0x010000460001F454,30,77,Sordland/Turn03/Reformist Post Discussion,Lucian Galade,en,「では、これで進めることができると思います。」
0x010000460001F45E,30,78,Sordland/Turn03/Reformist Post Discussion,Lucian Galade,en,「我々は提案を行う前に、法律の専門家たちと密接に協力してその文言を練り上げていきます。」
0x010000460001F464,30,79,Sordland/Turn03/Reformist Post Discussion,Lucian Galade,en,「その間、この提案を我々の党に提出していただかなければなりません。」
0x010000460001F46B,30,80,Sordland/Turn03/Reformist Post Discussion,Lucian Galade,en,「彼らの支持を得るためには力強い演説が必要でしょう。ですが、まずは党の保守派と改革派の両指導者たちと話をすることをお勧めします。」
0x010000460001F471,30,81,Sordland/Turn03/Reformist Post Discussion,Petr Vectern,en,「私の知る限り、クラヴィン氏は既に改革を支持しています。本当の問題はトーリー夫人でしょう。我々が執行部に入ってから彼女こそが実質的な権力者となったのです。」
0x010000460001F478,30,82,Sordland/Turn03/Reformist Post Discussion,Player,en,「私が対処しよう。」
0x010000460001F478,30,82,Sordland/Turn03/Reformist Post Discussion,Player,Menu Text en,「私が対処しよう。」
0x010000460001F47F,30,83,Sordland/Turn03/Reformist Post Discussion,Player,en,「演説について何かアドバイスはあるか？」
0x010000460001F47F,30,83,Sordland/Turn03/Reformist Post Discussion,Player,Menu Text en,「演説について何かアドバイスはあるか？」
0x010000460001F486,30,84,Sordland/Turn03/Reformist Post Discussion,Player,en,「彼女たちをどう対処すべきか、何かアドバイスはあるか？」
0x010000460001F486,30,84,Sordland/Turn03/Reformist Post Discussion,Player,Menu Text en,「彼女たちをどう対処すべきか、何かアドバイスはあるか？」
0x010000460001F490,30,85,Sordland/Turn03/Reformist Post Discussion,Lucian Galade,en,「ベクターン氏が言ったように、クラヴィン氏の方が説得しやすいでしょう。我々はこれを機に党を結集させる必要がありますから、彼の支持は極めて重要です。」
0x010000460001F497,30,86,Sordland/Turn03/Reformist Post Discussion,Lucian Galade,en,「グロリア夫人を説得するのはより困難でしょう。問題は、彼女が穏健派や保守派を我々に敵対させる能力を持っているという点です。」
0x010000460001F49E,30,87,Sordland/Turn03/Reformist Post Discussion,Lucian Galade,en,「どうしても口にしたくはありませんが、もし彼女が提案の変更を要求してきたら、折れざるを得ないかもしれません。」
0x010000460001F4A5,30,88,Sordland/Turn03/Reformist Post Discussion,Lucian Galade,en,「大統領、あなたは演説に非常に精通しておられますし、党の事情もよくご存知です。改革について彼らが熱意を持って取り組むようしっかりと促してください。」
0x010000460001F4AC,30,89,Sordland/Turn03/Reformist Post Discussion,Lucian Galade,en,「弱みを見せてはいけません。万が一そのような状況になった場合、提案を再考する覚悟もしっかり持っていてください。」
0x010000460001F4B3,30,90,Sordland/Turn03/Reformist Post Discussion,Petr Vectern,en,「もちろんです。」
0x010000460001F4BA,30,91,Sordland/Turn03/Reformist Post Discussion,Lucian Galade,en,「大統領、決して弱みを見せてはいけません。万が一そのような状況になった場合は、提案内容を再検討する覚悟をしておいてください。」
0x010000460001F4C1,30,92,Sordland/Turn03/Reformist Post Discussion,Player,en,「アドバイスをいただき、ありがとう。」
0x010000460001F4C1,30,92,Sordland/Turn03/Reformist Post Discussion,Player,Menu Text en,「アドバイスをいただき、ありがとう。」
0x010000460001F4CB,30,93,Sordland/Turn03/Reformist Post Discussion,Player,en,「私は決して譲らない。」
0x010000460001F4CB,30,93,Sordland/Turn03/Reformist Post Discussion,Player,Menu Text en,「私は決して譲らない。」
0x010000460001F4D5,30,94,Sordland/Turn03/Reformist Post Discussion,Player,en,「承知した。」
0x010000460001F4D5,30,94,Sordland/Turn03/Reformist Post Discussion,Player,Menu Text en,「承知した。」
0x010000460001F4DF,30,95,Sordland/Turn03/Reformist Post Discussion,Narrator,en,我々全員が握手を交わし、彼らは部屋を出て行った。
0x010000460001F4E6,30,96,Sordland/Turn03/Reformist Post Discussion,Lucian Galade,en,「大統領、党の活動が順調に進みますようお祈り申し上げます。」
0x010000460001F4EF,30,97,Sordland/Turn03/Reformist Post Discussion,Lucian Galade,en,「ここで会議を終了させることができると思います。」
0x010000460001F54C,30,122,Sordland/Turn03/Reformist Post Discussion,Nia Morgna,en,「好きなだけ進めて構いません。私はこれに関与していません。」
0x010000460001F553,30,123,Sordland/Turn03/Reformist Post Discussion,Player,en,「決定を急ぎすぎではないか？」
0x010000460001F553,30,123,Sordland/Turn03/Reformist Post Discussion,Player,Menu Text en,「決定を急ぎすぎではないか？」
0x010000460001F55A,30,124,Sordland/Turn03/Reformist Post Discussion,Player,en,「大丈夫だ。何とか対処しよう。」
0x010000460001F55A,30,124,Sordland/Turn03/Reformist Post Discussion,Player,Menu Text en,「大丈夫だ。何とか対処しよう。」
0x010000460001F561,30,125,Sordland/Turn03/Reformist Post Discussion,Player,en,「モルグナ夫人、あなたの力が必要だ。そんな風にしないでくれ。」
0x010000460001F561,30,125,Sordland/Turn03/Reformist Post Discussion,Player,Menu Text en,「モルグナ夫人、あなたの力が必要だ。そんな風にしないでくれ。」
0x010000460001F56B,30,126,Sordland/Turn03/Reformist Post Discussion,Nia Morgna,en,「大統領、私の考えは以前からご存知でしたね。」
0x010000460001F572,30,127,Sordland/Turn03/Reformist Post Discussion,Nia Morgna,en,「そうは思えません。」
0x010000460001F579,30,128,Sordland/Turn03/Reformist Post Discussion,Nia Morgna,en,「大統領、私のアドバイスに耳を傾けるべきでした...」
0x010000460001F580,30,129,Sordland/Turn03/Reformist Post Discussion,Lucian Galade,en,「皆さん、この件は後で話し合いましょう。大統領は既に決断を下しましたので、次に進みましょう。」
0x010000460001F58B,30,130,Sordland/Turn03/Reformist Post Discussion,Nia Morgna,en,「私は自ら選んだ法律専門家たちと共に、この提案の文言を直接作成していきます。」
0x010000460001F591,30,131,Sordland/Turn03/Reformist Post Discussion,Nia Morgna,en,「その間に、この提案を我々の党に提出しなければなりません。議会で承認されるためには、彼らに我々を支持してもらう必要があります。」
0x010000460001F598,30,132,Sordland/Turn03/Reformist Post Discussion,Lucian Galade,en,「モルグナ夫人が最も経験豊富な弁護士としての評判により、この提案は万全なものとなるでしょう。最高裁長官オルソでさえ、他者を説得してこれに反対させるのは難しいはずです。」
0x010000460001F5A1,30,133,Sordland/Turn03/Reformist Post Discussion,Lucian Galade,en,「大統領、まずは党の保守派と改革派の指導者たちと話をされることをお勧めいたします。」
0x0100000000097A8D,31,3,Sordland/Turn03/A_DictatorConstitution,Petr Vectern,en,「おはようございます。そろそろこの提案を実行に移す時です。」
0x0100000000097A93,31,4,Sordland/Turn03/A_DictatorConstitution,Narrator,en,ペトルはその草案を私の前に置いた。
0x0100000000097A99,31,5,Sordland/Turn03/A_DictatorConstitution,Lucian Galade,en,「大統領様、ご修正を加えていただきましたので、すぐに手続きを開始させていただきます。」
0x0100000000097AA5,31,6,Sordland/Turn03/A_DictatorConstitution,Narrator,en,間もなくして、ペトルとルシアンが到着した。
0x0100000000097AAC,31,7,Sordland/Turn03/A_DictatorConstitution,Player,en,「こんにちは。」
0x0100000000097AAC,31,7,Sordland/Turn03/A_DictatorConstitution,Player,Menu Text en,「こんにちは。」
0x0100000000097AB3,31,8,Sordland/Turn03/A_DictatorConstitution,Player,en,「やっとだ！」
0x0100000000097AB3,31,8,Sordland/Turn03/A_DictatorConstitution,Player,Menu Text en,「やっとだ！」
0x0100000000097AC1,31,9,Sordland/Turn03/A_DictatorConstitution,Narrator,en,私は自分の執務室へ向かって歩いていた。今日はソードランド憲法改正案に最終的な修正を加える日だったからだ。
0x0100000000097AD5,31,10,Sordland/Turn03/A_DictatorConstitution,Narrator,en,改革委員会はついに実質的な成果を上げ、憲法改正案の草案が間もなく提出されることになった。
0x0100000000097AE8,31,11,Sordland/Turn03/A_DictatorConstitution,Narrator,en,私は宮殿の大理石でできた回廊を歩きながら、これから我々が踏み出そうとしている大きな一歩について考えていた。
0x0100000000097AF5,31,12,Sordland/Turn03/A_DictatorConstitution,Narrator,en,私の秘書であるリヴィアが、私のオフィスの入り口で私を出迎えた。
0x0100000000097AFC,31,13,Sordland/Turn03/A_DictatorConstitution,Player,en,「皆様、おはよう。」
0x0100000000097AFC,31,13,Sordland/Turn03/A_DictatorConstitution,Player,Menu Text en,「皆様、おはよう。」
0x0100000000097BC4,31,14,Sordland/Turn03/A_DictatorConstitution,Narrator,en,委員会の報告書と私自身のメモを目の前に置いた後、その書類に没頭した。
0x0100000300025DD3,31,15,Sordland/Turn03/A_DictatorConstitution,Player,en,「たぶん、彼らを味方につけておくためには、最高裁判所にあまり干渉しない方が良いだろう。」
0x0100000300025DD3,31,15,Sordland/Turn03/A_DictatorConstitution,Player,Menu Text en,「たぶん、彼らを味方につけておくためには、最高裁判所にあまり干渉しない方が良いだろう。」
0x0100000300025DDA,31,16,Sordland/Turn03/A_DictatorConstitution,Lucian Galade,en,「弾劾手続きをより困難にしたり、完全に廃止したりすることも考えられます。そうすれば大統領は自由な行動が取れるでしょう。ですが、それはやや過度かもしれません。」
0x0100000300025DE1,31,17,Sordland/Turn03/A_DictatorConstitution,Lucian Galade,en,「第3条について話し合いを始めることができます。これは大統領の弾劾手続きに関するものです。現在、反逆罪や憲法違反の場合、最高裁判所が大統領を弾劾し裁判を行うことができます。」
0x0100000300025DE8,31,18,Sordland/Turn03/A_DictatorConstitution,Petr Vectern,en,「この法律は、今回の状況においてあなたにとって特に危険です。我々は守旧派に立ち向かうことになりますが、もし議会で成功を収めることができれば……」
0x0100000300025DEF,31,19,Sordland/Turn03/A_DictatorConstitution,Player,en,「その過程で大国民議会を加えることもできるが、弾劾は絶対多数によってのみ可能にすべきだ。」
0x0100000300025DEF,31,19,Sordland/Turn03/A_DictatorConstitution,Player,Menu Text en,「その過程で大国民議会を加えることもできるが、弾劾は絶対多数によってのみ可能にすべきだ。」
0x0100000300025DF6,31,20,Sordland/Turn03/A_DictatorConstitution,Petr Vectern,en,「...彼らはあなたを制圧するため、違憲と宣言できるものは何でも探し出すでしょう。彼らが必要とするのは、あなたを弾劾する最高裁判所だけです。」
0x0100000300025DFD,31,21,Sordland/Turn03/A_DictatorConstitution,Petr Vectern,en,「改革派との間でバランスを取り、これを大国民議会の承認法案に依存させることも可能です。確かにその場合は全体の手続きが長引きますが、我々が過半数を握っていれば実質的に何も変わりません。」
0x0100000300025E04,31,22,Sordland/Turn03/A_DictatorConstitution,Lucian Galade,en,「最後の項目はソルの遺産に関する問題です。具体的には彼の『栄誉議員』制度についてで、これにより彼は引退後でも絶対的な免責特権を持っていました。彼は大国民議会の常任議員でもありますが、幸いなことにもう出席してはいません。」
0x0100000300025E0B,31,23,Sordland/Turn03/A_DictatorConstitution,Lucian Galade,en,「その決定は大統領にお任せしましょう。」
0x0100000300025E12,31,24,Sordland/Turn03/A_DictatorConstitution,Lucian Galade,en,「それは良い案ですね。そうすれば弾劾はほぼ不可能になるでしょう。」
0x0100000300025E19,31,25,Sordland/Turn03/A_DictatorConstitution,Petr Vectern,en,「その通りです……」
0x0100000300025E20,31,26,Sordland/Turn03/A_DictatorConstitution,Player,en,「いや、我々はこの法律を尊重すべきだと思う。」
0x0100000300025E20,31,26,Sordland/Turn03/A_DictatorConstitution,Player,Menu Text en,「いや、我々はこの法律を尊重すべきだと思う。」
0x0100000300025E27,31,27,Sordland/Turn03/A_DictatorConstitution,Petr Vectern,en,「ねえ、もし人々が同じ人物を繰り返し選出するのであれば、それは彼らが本当に満足しているということだ。大衆は変化を恐れているのです。」
0x0100000300025E32,31,28,Sordland/Turn03/A_DictatorConstitution,Lucian Galade,en,「これは大臣の任命に関するものです。現在、大統領は大国民議会のメンバーの中から誰でも自由に任命できます。この手続きに関与している者は他にいません。」
0x0100000300025E3D,31,29,Sordland/Turn03/A_DictatorConstitution,Lucian Galade,en,「もちろん、私はそうではありません。」
0x0100000300025E44,31,30,Sordland/Turn03/A_DictatorConstitution,Petr Vectern,en,「はい、この作業には裁判官たちの協力が必要でしょう。彼らの権限の一部を保持しておけば、我々と対話する意欲が高まるかもしれません。」
0x0100000300025E4B,31,31,Sordland/Turn03/A_DictatorConstitution,Lucian Galade,en,「では第8節に移ります。もうすぐ終わります。」
0x0100000300025E52,31,32,Sordland/Turn03/A_DictatorConstitution,Lucian Galade,en,「次は第4節に移ります。」
0x0100000300025E59,31,33,Sordland/Turn03/A_DictatorConstitution,Lucian Galade,en,「裁判官の免責特権に関する問題です。守旧派に対する反感が高まる中、彼らの免責特権を取り上げれば司法機関に対する統制権を得られるという話も出ています。」
0x0100000300025E60,31,34,Sordland/Turn03/A_DictatorConstitution,Petr Vectern,en,「ええ、それは妥当です。」
0x0100000300025E67,31,35,Sordland/Turn03/A_DictatorConstitution,Player,en,「私は近いうちに退任するつもりはない。任期制限は設けないのだ。」
0x0100000300025E67,31,35,Sordland/Turn03/A_DictatorConstitution,Player,Menu Text en,「私は近いうちに退任するつもりはない。任期制限は設けないのだ。」
0x0100000300025E6E,31,36,Sordland/Turn03/A_DictatorConstitution,Petr Vectern,en,「100％の賛成票を得て可決される見込みは低いですが、ご意見は承りました。」
0x0100000300025E75,31,37,Sordland/Turn03/A_DictatorConstitution,Petr Vectern,en,「もし彼らの免責特権を取り消したり弾劾手続きを定めることができれば、オルソとその一味から裁判所を浄化することができるだろう。」
0x0100000300025E7C,31,38,Sordland/Turn03/A_DictatorConstitution,Lucian Galade,en,「ええ、改革が実現されると予想しているため、彼らはすでに私を攻撃しようとしています。しかし我々は一部の裁判官と協力し、そのような事態が起こらないようにするつもりです。」
0x0100000300025E83,31,39,Sordland/Turn03/A_DictatorConstitution,Player,en,「もし我々が成功しなかったらどうなるのだろうか？最高裁判所によって私は弾劾されるかもしれない。」
0x0100000300025E83,31,39,Sordland/Turn03/A_DictatorConstitution,Player,Menu Text en,「もし我々が成功しなかったらどうなるのだろうか？最高裁判所によって私は弾劾されるかもしれない。」
0x0100000300025E8A,31,40,Sordland/Turn03/A_DictatorConstitution,Player,en,「この法律は完全に廃止してしまおう。」
0x0100000300025E8A,31,40,Sordland/Turn03/A_DictatorConstitution,Player,Menu Text en,「この法律は完全に廃止してしまおう。」
0x0100000300025E91,31,41,Sordland/Turn03/A_DictatorConstitution,Lucian Galade,en,「なるほどです。」
0x0100000300025E98,31,42,Sordland/Turn03/A_DictatorConstitution,Lucian Galade,en,「私も同感です。そのままにしておくことができます。」
0x0100000300025E9F,31,43,Sordland/Turn03/A_DictatorConstitution,Lucian Galade,en,「ですから、野党にこれを売り渡したいのでない限り、変更する理由はありません。議会と権力を分かち合えば、彼らが私に好意的になるかもしれません。これはNFPにとっても重要かもしれませんね。」
0x0100000300025EA6,31,44,Sordland/Turn03/A_DictatorConstitution,Petr Vectern,en,「はい、ですがこれは極めてデリケートな問題です。党の中では、アルビンでさえも我々に閾値を変更することを望んでおりません。彼らは……そうすれば長期的に我々の党が破壊されてしまうと考えているのです。」
0x0100000300025EAD,31,45,Sordland/Turn03/A_DictatorConstitution,Petr Vectern,en,「改革派の中にもそれを支持する者がいるはずです。」
0x0100000300025EB4,31,46,Sordland/Turn03/A_DictatorConstitution,Player,en,「信頼投票を導入することもできる。」
0x0100000300025EB4,31,46,Sordland/Turn03/A_DictatorConstitution,Player,Menu Text en,「信頼投票を導入することもできる。」
0x0100000300025EBB,31,47,Sordland/Turn03/A_DictatorConstitution,Player,en,「私も同感だ。このプロセスにおいては、より一層大国民議会を関与させるべきだろう。」
0x0100000300025EBB,31,47,Sordland/Turn03/A_DictatorConstitution,Player,Menu Text en,「私も同感だ。このプロセスにおいては、より一層大国民議会を関与させるべきだろう。」
0x0100000300025EC2,31,48,Sordland/Turn03/A_DictatorConstitution,Lucian Galade,en,「それは悪くない考えです。我々が大国民議会で過半数を占めている限り、あまり状況は変わらないでしょう。」
0x0100000300025EC9,31,49,Sordland/Turn03/A_DictatorConstitution,Lucian Galade,en,「一部の改革派から、大統領が承認する前に議会が大臣を指名すべきだという意見が出ました。」
0x0100000300025ED0,31,50,Sordland/Turn03/A_DictatorConstitution,Petr Vectern,en,「もちろん、与党の比率に従ってです。我々の場合は我々だけです。」
0x0100000300025ED7,31,51,Sordland/Turn03/A_DictatorConstitution,Lucian Galade,en,「その通りです。10％という割合のおかげで、選挙では過半数の約3分の1の議席しか持たなくても議会の半数を支配することができました。」
0x0100000300025EDE,31,52,Sordland/Turn03/A_DictatorConstitution,Lucian Galade,en,「第五章では、問題となっている選挙の投票率基準について触れられています。ほとんどの改革派はその基準をできるだけ下げたいと考えています。彼らと協力してみることも可能ですが、現行法のままにしておく方が簡単でしょう。」
0x0100000300025EE5,31,53,Sordland/Turn03/A_DictatorConstitution,Lucian Galade,en,「はい。タルキン・ソルは20年間統治しました。彼の魔法は人々の心から次第に消えつつあるようで、今では任期制が必要だと考えているようです。」
0x0100000300025EEC,31,54,Sordland/Turn03/A_DictatorConstitution,Petr Vectern,en,「先の選挙では、二つの主要な左派政党であるソードランド共産党とブルディア労働者党は、どちらも約10パーセント前後の得票率だったのです。」
0x0100000300025EF3,31,55,Sordland/Turn03/A_DictatorConstitution,Player,en,「任期制か？」
0x0100000300025EF3,31,55,Sordland/Turn03/A_DictatorConstitution,Player,Menu Text en,「任期制か？」
0x0100000300025EFA,31,56,Sordland/Turn03/A_DictatorConstitution,Narrator,en,ルシアンは次の項目へと進んでいった。
0x0100000300025F00,31,57,Sordland/Turn03/A_DictatorConstitution,Player,en,「我々もその称号を使えるからだ。」
0x0100000300025F00,31,57,Sordland/Turn03/A_DictatorConstitution,Player,Menu Text en,「我々もその称号を使えるからだ。」
0x0100000300025F07,31,58,Sordland/Turn03/A_DictatorConstitution,Player,en,「我々は確実に、その基準値をある程度引き下げるよう努力すべきだ。」
0x0100000300025F07,31,58,Sordland/Turn03/A_DictatorConstitution,Player,Menu Text en,「我々は確実に、その基準値をある程度引き下げるよう努力すべきだ。」
0x0100000300025F0E,31,59,Sordland/Turn03/A_DictatorConstitution,Player,en,「それが本当に党に害を及ぼすとお考えか？」
0x0100000300025F0E,31,59,Sordland/Turn03/A_DictatorConstitution,Player,Menu Text en,「それが本当に党に害を及ぼすとお考えか？」
0x0100000300025F15,31,60,Sordland/Turn03/A_DictatorConstitution,Player,en,「削減などあり得ない。」
0x0100000300025F15,31,60,Sordland/Turn03/A_DictatorConstitution,Player,Menu Text en,「削減などあり得ない。」
0x0100000300025F1C,31,61,Sordland/Turn03/A_DictatorConstitution,Player,en,「彼のことは別として、偉大な英雄に特別な称号を与えることに何の問題もないと私は思う。」
0x0100000300025F1C,31,61,Sordland/Turn03/A_DictatorConstitution,Player,Menu Text en,「彼のことは別として、偉大な英雄に特別な称号を与えることに何の問題もないと私は思う。」
0x0100000300025F23,31,62,Sordland/Turn03/A_DictatorConstitution,Player,en,「ああ、彼はソードランドの英雄だ。」
0x0100000300025F23,31,62,Sordland/Turn03/A_DictatorConstitution,Player,Menu Text en,「ああ、彼はソードランドの英雄だ。」
0x0100000300025F2A,31,63,Sordland/Turn03/A_DictatorConstitution,Player,en,「元大統領たちが特別な扱いを受けるのは不公平ではない。」
0x0100000300025F2A,31,63,Sordland/Turn03/A_DictatorConstitution,Player,Menu Text en,「元大統領たちが特別な扱いを受けるのは不公平ではない。」
0x0100000300025F31,31,64,Sordland/Turn03/A_DictatorConstitution,Player,en,「積極的な改正を推し進めた後、私も同様の免除措置が必要になるかもしれない。」
0x0100000300025F31,31,64,Sordland/Turn03/A_DictatorConstitution,Player,Menu Text en,「積極的な改正を推し進めた後、私も同様の免除措置が必要になるかもしれない。」
0x0100000300025F38,31,65,Sordland/Turn03/A_DictatorConstitution,Petr Vectern,en,「改革派の方々はそのように望んでおります。」
0x0100000300025F3F,31,66,Sordland/Turn03/A_DictatorConstitution,Lucian Galade,en,「確かに、それは非常に強力な手段ですね。もし大統領が法令による統治を行うことを決めれば、我々の大臣たちの中にも怯える者が出るかもしれません。」
0x0100000300025F46,31,67,Sordland/Turn03/A_DictatorConstitution,Petr Vectern,en,「しかし、この案では裁判官たちを説得するのがより困難になるでしょう。もしあなたがその後彼らを排除しようとしていると思われれば、エドモンズ夫人やガラチ氏は協力したがらないかもしれません。」
0x0100000300025F4D,31,68,Sordland/Turn03/A_DictatorConstitution,Petr Vectern,en,「かしこまりました。最終案を共に作成し始める前に、十分な時間をいただけます。」
0x0100000300025F54,31,69,Sordland/Turn03/A_DictatorConstitution,Lucian Galade,en,「数値が下がれば将来的に我々の立場が確実に損なわれます。もし別の政党が大国民議会に選出された場合、我々が予測している得票数は実際の得票数に近づき、それはかなり少ない数になるでしょう。」
0x0100000300025F5B,31,70,Sordland/Turn03/A_DictatorConstitution,Lucian Galade,en,「その可能性もあります。そうすれば改革派も変更案を検討する気になるかもしれません。」
0x0100000300025F62,31,71,Sordland/Turn03/A_DictatorConstitution,Petr Vectern,en,「しかし、もし同じ有権者層を維持して15％という基準を設ければ、NFPは大国民議会に入ることができず、政党は二つだけになってしまいます。フレンス側も後退するのでなければですが、それはあり得ないでしょう。」
0x0100000300025F69,31,72,Sordland/Turn03/A_DictatorConstitution,Petr Vectern,en,「私も同感です。これは新憲法にとって実際には何の重要性もありません。また、我々が望むかどうかに関わらず、ソルは多くのソードランド人にとって英雄でした。」
0x0100000300025F70,31,73,Sordland/Turn03/A_DictatorConstitution,Petr Vectern,en,「それだけで彼の行動に対する責任を問うのに十分ですが、なぜわざわざそのような称号を残そうとするのですか？」
0x0100000300025F77,31,74,Sordland/Turn03/A_DictatorConstitution,Petr Vectern,en,「ええ、そうあるべきです。」
0x0100000300025F7E,31,75,Sordland/Turn03/A_DictatorConstitution,Petr Vectern,en,「ああ、結局は同じ特権を使いたいということですね。」
0x0100000300025F85,31,76,Sordland/Turn03/A_DictatorConstitution,Player,en,「すべての大統領は、任期を終えた後にその称号を得るべきなのだ。」
0x0100000300025F85,31,76,Sordland/Turn03/A_DictatorConstitution,Player,Menu Text en,「すべての大統領は、任期を終えた後にその称号を得るべきなのだ。」
0x0100000300025F8C,31,77,Sordland/Turn03/A_DictatorConstitution,Player,en,「その称号は残しておきつつ、彼の免責条項だけは撤廃することができる。」
0x0100000300025F8C,31,77,Sordland/Turn03/A_DictatorConstitution,Player,Menu Text en,「その称号は残しておきつつ、彼の免責条項だけは撤廃することができる。」
0x0100000300025F93,31,78,Sordland/Turn03/A_DictatorConstitution,Lucian Galade,en,「大統領、多くの人々にとって10％という数字だけでも既に高すぎるようです。引き上げを行えば、改正案に過度な注目が集まる恐れがあります。」
0x0100000300025F9A,31,79,Sordland/Turn03/A_DictatorConstitution,Lucian Galade,en,「どのような方法かは分かりませんが、もちろんです。」
0x0100000300025FA1,31,80,Sordland/Turn03/A_DictatorConstitution,Petr Vectern,en,「しかし、前回の選挙ではソードランド共産党とブルディア労働者党がどちらも約10パーセントの票を得ていたことを忘れてはなりません。」
0x0100000300025FA8,31,81,Sordland/Turn03/A_DictatorConstitution,Player,en,「この役職は廃止すべきだ。」
0x0100000300025FA8,31,81,Sordland/Turn03/A_DictatorConstitution,Player,Menu Text en,「この役職は廃止すべきだ。」
0x0100000300025FAF,31,82,Sordland/Turn03/A_DictatorConstitution,Player,en,「彼らの免責特権は尊重すべきだ。」
0x0100000300025FAF,31,82,Sordland/Turn03/A_DictatorConstitution,Player,Menu Text en,「彼らの免責特権は尊重すべきだ。」
0x0100000300025FB6,31,83,Sordland/Turn03/A_DictatorConstitution,Player,en,「私は代わりに、必要に応じて裁判官を交代させる権限を大統領に与える。」
0x0100000300025FB6,31,83,Sordland/Turn03/A_DictatorConstitution,Player,Menu Text en,「私は代わりに、必要に応じて裁判官を交代させる権限を大統領に与える。」
0x0100000300025FBD,31,84,Sordland/Turn03/A_DictatorConstitution,Lucian Galade,en,「今は第６項目です。これは大統領令に関するものです。改革派がそれらを廃止または制限したいと望んでいることは既にご存知でしょう。しかし、大統領、すでに強力な権限を持つその命令に変更を加えたくないのではないでしょうか。」
0x0100000300025FC4,31,85,Sordland/Turn03/A_DictatorConstitution,Lucian Galade,en,「とりあえず次の項目に移ります。任期制です。」
0x0100000300025FCB,31,86,Sordland/Turn03/A_DictatorConstitution,Petr Vectern,en,「閾値を下げると、彼らが大国民議会に進出する道が開かれる可能性があります。」
0x0100000300025FD2,31,87,Sordland/Turn03/A_DictatorConstitution,Petr Vectern,en,「閾値を下げれば、将来的に彼らが議会に入る道を開くことになります。これをご理解いただくことは重要です。」
0x0100000300025FD9,31,88,Sordland/Turn03/A_DictatorConstitution,Petr Vectern,en,「一方、引き上げる場合はより複雑です。NFPが議会から除外されるかもしれませんが、その場合でも議会に党が二つしか残らなければPFJPの議席数も増えてしまうでしょう。」
0x0100000300025FE0,31,89,Sordland/Turn03/A_DictatorConstitution,Petr Vectern,en,「私としては、改革派の中には彼が在任中に犯した罪、特にブルディア人に対する行為を裁こうと真剣に考えている者もいるようです。この法律は、彼らにとってもソル主義者たちにとっても象徴的な意味合いを持つものです。」
0x0100000300025FE7,31,90,Sordland/Turn03/A_DictatorConstitution,Lucian Galade,en,「私も同感です。国家の重要な事案において、大統領が迅速に行動できることが重要だと思います。」
0x0100000300025FEE,31,91,Sordland/Turn03/A_DictatorConstitution,Petr Vectern,en,「だからこそ、それを持っているのはタルキン・ソルだけなのです。彼は軍事クーデターの直後に自分自身にその地位を与えました。この法律は本来、あの大佐を救うために作られたものなのです。」
0x0100000300025FF5,31,92,Sordland/Turn03/A_DictatorConstitution,Player,en,「あっと。」
0x0100000300025FF5,31,92,Sordland/Turn03/A_DictatorConstitution,Player,Menu Text en,「あっと。」
0x0100000300025FFC,31,93,Sordland/Turn03/A_DictatorConstitution,Lucian Galade,en,「リクター氏はおそらく、それらを完全に撤廃するよう要求してくるでしょう。そのだけでは彼が我々と協議に応じてくれるとは思えません。」
0x0100000300026003,31,94,Sordland/Turn03/A_DictatorConstitution,Lucian Galade,en,「憲法によれば、栄誉議員は法的な免責特権を持つだけでなく、国家によってほとんどの費用も負担され、常時警護も受けます。この地位は議会の絶対多数決と大統領の承認によってのみ誰かに与えられるのです。」
0x010000030002600A,31,95,Sordland/Turn03/A_DictatorConstitution,Player,en,「この件については、もう少し時間をかけて考える必要があるかもしれない。」
0x010000030002600A,31,95,Sordland/Turn03/A_DictatorConstitution,Player,Menu Text en,「この件については、もう少し時間をかけて考える必要があるかもしれない。」
0x0100000300026011,31,96,Sordland/Turn03/A_DictatorConstitution,Player,en,「ソードランドにおけるさらなる改革の道を開くために、守旧派を打倒すべきだ。」
0x0100000300026011,31,96,Sordland/Turn03/A_DictatorConstitution,Player,Menu Text en,「旧体制の勢力を打倒し、ソードランドでのさらなる改革の道を開かなければならない。」
0x0100000300026018,31,97,Sordland/Turn03/A_DictatorConstitution,Player,en,「まだ最高裁判所を敵に回すべきではないかもしれない。改革は穏やかなものに留めよう。」
0x0100000300026018,31,97,Sordland/Turn03/A_DictatorConstitution,Player,Menu Text en,「まだ最高裁判所を敵に回すべきではないかもしれない。」
0x010000030002601F,31,98,Sordland/Turn03/A_DictatorConstitution,Petr Vectern,en,「今のところはそれが最善の方法でしょう。もし引き続き裁判所を刺激すれば、エドモンズ夫人との交渉の機会まで失ってしまうかもしれません。」
0x0100000300026026,31,99,Sordland/Turn03/A_DictatorConstitution,Player,en,「法令をさらに強化し、成文法よりも優先されるようにすべきだ。」
0x0100000300026026,31,99,Sordland/Turn03/A_DictatorConstitution,Player,Menu Text en,「法令をさらに強化し、成文法よりも優先されるようにすべきだ。」
0x010000030002602D,31,100,Sordland/Turn03/A_DictatorConstitution,Player,en,「心配しないでくれ。これらの改革により、我々の人気はさらに高まるだろう。」
0x010000030002602D,31,100,Sordland/Turn03/A_DictatorConstitution,Player,Menu Text en,「心配しないでくれ。これらの改革により、我々の人気はさらに高まるだろう。」
0x0100000300026034,31,101,Sordland/Turn03/A_DictatorConstitution,Player,en,「どうせ、我々の過半数の議席をそんな簡単に手放すわけにはいかない。」
0x0100000300026034,31,101,Sordland/Turn03/A_DictatorConstitution,Player,Menu Text en,「どうせ、我々の過半数の議席をそんな簡単に手放すわけにはいかない。」
0x010000030002603B,31,102,Sordland/Turn03/A_DictatorConstitution,Player,en,「共産主義者が大国民議会に入ることを許してはならない。」
0x010000030002603B,31,102,Sordland/Turn03/A_DictatorConstitution,Player,Menu Text en,「共産主義者が大国民議会に入ることを許してはならない。」
0x0100000300026042,31,103,Sordland/Turn03/A_DictatorConstitution,Player,en,「我々は彼らの道を開き、左派を結集させるべきだ。」
0x0100000300026042,31,103,Sordland/Turn03/A_DictatorConstitution,Player,Menu Text en,「我々は彼らの道を開き、左派を結集させるべきだ。」
0x0100000300026049,31,104,Sordland/Turn03/A_DictatorConstitution,Lucian Galade,en,「私も同感です、大統領。」
0x0100000300026050,31,105,Sordland/Turn03/A_DictatorConstitution,Lucian Galade,en,「そうでしょうね。」
0x0100000300026057,31,106,Sordland/Turn03/A_DictatorConstitution,Petr Vectern,en,「クラヴィン氏でさえ、我々党の改革派も現行法に異議を唱えていません。USPもその決定を全面的に支持するでしょう。何らかの方法でキベナー氏を説得できるかもしれませんね。」
0x010000030002605E,31,107,Sordland/Turn03/A_DictatorConstitution,Player,en,「大統領の令に改革は必要ないと思う。」
0x010000030002605E,31,107,Sordland/Turn03/A_DictatorConstitution,Player,Menu Text en,「大統領の令に改革は必要ないと思う。」
0x0100000300026065,31,108,Sordland/Turn03/A_DictatorConstitution,Player,en,「ああ、それを施行法に依存させることは可能だ。」
0x0100000300026065,31,108,Sordland/Turn03/A_DictatorConstitution,Player,Menu Text en,「ああ、それを施行法に依存させることは可能だ。」
0x010000030002606C,31,109,Sordland/Turn03/A_DictatorConstitution,Narrator,en,ルシアンは顔に浮かんだ驚きの表情を隠すことができなかった。
0x0100000300026072,31,110,Sordland/Turn03/A_DictatorConstitution,Player,en,「我々は引き続きその基準値を利用して有利な状況を保つべきだ。」
0x0100000300026072,31,110,Sordland/Turn03/A_DictatorConstitution,Player,Menu Text en,「我々は引き続きその基準値を利用して有利な状況を保つべきだ。」
0x0100000300026079,31,111,Sordland/Turn03/A_DictatorConstitution,Player,en,「今のままで問題ない。」
0x0100000300026079,31,111,Sordland/Turn03/A_DictatorConstitution,Player,Menu Text en,「今のままで問題ない。」
0x0100000300026080,31,112,Sordland/Turn03/A_DictatorConstitution,Petr Vectern,en,「そうであってほしいですね。」
0x0100000300026087,31,113,Sordland/Turn03/A_DictatorConstitution,Petr Vectern,en,「もちろんです。」
0x010000030002608E,31,114,Sordland/Turn03/A_DictatorConstitution,Lucian Galade,en,「はい、混乱を招く可能性があります。」
0x0100000300026095,31,115,Sordland/Turn03/A_DictatorConstitution,Petr Vectern,en,「もちろんです、そうすべきでございます。」
0x01000003000260A0,31,116,Sordland/Turn03/A_DictatorConstitution,Player,en,「その数値を単純に引き上げればよいのだ。」
0x01000003000260A0,31,116,Sordland/Turn03/A_DictatorConstitution,Player,Menu Text en,「その数値を単純に引き上げればよいのだ。」
0x01000003000260A7,31,117,Sordland/Turn03/A_DictatorConstitution,Lucian Galade,en,「まあ、これらは確実には分かりません。前回の選挙ではソードランド共産党とブルディア労働者党の得票率はどちらも10％前後でした。今後数年間でそのうちの一方が得票を増やす可能性も十分にあります。」
0x01000003000260AE,31,118,Sordland/Turn03/A_DictatorConstitution,Lucian Galade,en,「大統領、ご決断を熟考されるための時間をいただけます。」
0x01000003000260B5,31,119,Sordland/Turn03/A_DictatorConstitution,Lucian Galade,en,「それは実に大胆なお考えですね、大統領。しかし私としては気に入ります。」
0x01000003000260BC,31,120,Sordland/Turn03/A_DictatorConstitution,Lucian Galade,en,「その懸念はもっともです。結局のところ、彼らの議員の一部を説得して成功させる必要があります。」
0x010000030002614B,31,121,Sordland/Turn03/A_DictatorConstitution,Player,en,「では、始めよう。」
0x010000030002614B,31,121,Sordland/Turn03/A_DictatorConstitution,Player,Menu Text en,「では、始めよう。」
0x0100000300026153,31,122,Sordland/Turn03/A_DictatorConstitution,Player,en,「草案で議論されている各項目について、一つずつ確認していってもよろしいだろうか？」
0x0100000300026153,31,122,Sordland/Turn03/A_DictatorConstitution,Player,Menu Text en,「草案で議論されている各項目について、一つずつ確認していってもよろしいだろうか？」
0x010000030002615C,31,123,Sordland/Turn03/A_DictatorConstitution,Lucian Galade,en,「まず、最高裁判所の権限を縮小し大統領の拒否権を制限するという最初の二つの条項以外については……残りの条項は今後議論されることになっています。」
0x0100000300026165,31,124,Sordland/Turn03/A_DictatorConstitution,Player,en,「皆様のご意見をいただき、感謝する。」
0x0100000300026165,31,124,Sordland/Turn03/A_DictatorConstitution,Player,Menu Text en,「皆様のご意見をいただき、感謝する。」
0x010000030002616C,31,125,Sordland/Turn03/A_DictatorConstitution,Petr Vectern,en,「どのような決定をなさっても、この課題を前進させるためには我々が協力し合う必要があります。」
0x0100000300026173,31,126,Sordland/Turn03/A_DictatorConstitution,Player,en,「草案の作成に取り掛かろう。」
0x0100000300026173,31,126,Sordland/Turn03/A_DictatorConstitution,Player,Menu Text en,「草案の作成に取り掛かろう。」
0x010000030002617A,31,127,Sordland/Turn03/A_DictatorConstitution,Narrator,en,委員会の報告書と私自身のメモを目の前に置いた後、その書類に没頭した。
0x0100000E000025A7,31,129,Sordland/Turn03/A_DictatorConstitution,Livia Suno,en,「おはようございます、大統領。」
0x0100000E000025AE,31,130,Sordland/Turn03/A_DictatorConstitution,Player,en,「おはよう、リビア。」
0x0100000E000025AE,31,130,Sordland/Turn03/A_DictatorConstitution,Player,Menu Text en,「おはよう、リビア。」
0x0100000E000025B5,31,131,Sordland/Turn03/A_DictatorConstitution,Player,en,「今日はお元気か？」
0x0100000E000025B5,31,131,Sordland/Turn03/A_DictatorConstitution,Player,Menu Text en,「今日はお元気か？」
0x0100000E000025BC,31,132,Sordland/Turn03/A_DictatorConstitution,Livia Suno,en,「それは残念でございます。」
0x0100000E000025C3,31,133,Sordland/Turn03/A_DictatorConstitution,Player,en,「私はまったく問題ない。」
0x0100000E000025C3,31,133,Sordland/Turn03/A_DictatorConstitution,Player,Menu Text en,「私はまったく問題ない。」
0x0100000E000025CA,31,134,Sordland/Turn03/A_DictatorConstitution,Livia Suno,en,「私は元気です、ありがとうございます。」
0x0100000E000025D1,31,135,Sordland/Turn03/A_DictatorConstitution,Narrator,en,リヴィアは私のコートを掛けるために出て行った。私は自分の執務室に入り、椅子に座った。
0x0100000E000025D7,31,136,Sordland/Turn03/A_DictatorConstitution,Livia Suno,en,「大統領、改革計画について少しご教示いただけますでしょうか？私の考えでは、裁判官の免責特権を撤廃することはとうに必要なことですが、この場にいる多くの人々を怒らせる可能性もあります...」
0x0100000E000025DE,31,137,Sordland/Turn03/A_DictatorConstitution,Livia Suno,en,「それよりも何より、大統領、ご健康はいかがでしょうか？」
0x0100000E000025E5,31,138,Sordland/Turn03/A_DictatorConstitution,Player,en,「まだ何も決定されていない。」
0x0100000E000025E5,31,138,Sordland/Turn03/A_DictatorConstitution,Player,Menu Text en,「まだ何も決定されていない。」
0x0100000E000025EC,31,139,Sordland/Turn03/A_DictatorConstitution,Livia Suno,en,「大統領、本日はいかがなお過ごしでしょうか？」
0x0100000E000025F3,31,140,Sordland/Turn03/A_DictatorConstitution,Livia Suno,en,「私にも状況をしっかり報告していただきたいです。それでは、コートをお受け取りします。」
0x0100000E000025FA,31,141,Sordland/Turn03/A_DictatorConstitution,Livia Suno,en,「承知いたしました。それでは今すぐコートをお受け取りします。」
0x0100000E00002601,31,142,Sordland/Turn03/A_DictatorConstitution,Narrator,en,彼女は私のコートを受け取る前に少し間を置いた。何か考え事をしているようだった。
0x0100000E0000260E,31,143,Sordland/Turn03/A_DictatorConstitution,Player,en,「その点については考慮しよう。」
0x0100000E0000260E,31,143,Sordland/Turn03/A_DictatorConstitution,Player,Menu Text en,「その点については考慮しよう。」
0x0100000E00002615,31,144,Sordland/Turn03/A_DictatorConstitution,Narrator,en,彼女は私から目をそらし、微笑んだ。
0x0100000E0000261B,31,145,Sordland/Turn03/A_DictatorConstitution,Player,en,「私はこれから厳しい決断を下さなければならない。そのため、あまり調子が良くない。」
0x0100000E0000261B,31,145,Sordland/Turn03/A_DictatorConstitution,Player,Menu Text en,「私はこれから厳しい決断を下さなければならない。そのため、あまり調子が良くない。」
0x0100000E00002622,31,146,Sordland/Turn03/A_DictatorConstitution,Player,en,「それはあなたには関係のないことだ、リヴィア。」
0x0100000E00002622,31,146,Sordland/Turn03/A_DictatorConstitution,Player,Menu Text en,「それはあなたには関係のないことだ、リヴィア。」
0x0100000E00002629,31,147,Sordland/Turn03/A_DictatorConstitution,Player,en,「リヴィア、あなたに会えてようやく安心した。」
0x0100000E00002629,31,147,Sordland/Turn03/A_DictatorConstitution,Player,Menu Text en,「リヴィア、あなたに会えてようやく安心した。」
0x0100000E00002630,31,148,Sordland/Turn03/A_DictatorConstitution,Livia Suno,en,「大統領、ありがとうございます。」
0x0100000E00002637,31,149,Sordland/Turn03/A_DictatorConstitution,Livia Suno,en,「それは良かうございます。」
0x0100000E0000265C,31,150,Sordland/Turn03/A_DictatorConstitution,Player,en,「ソードランドの全ての人々と共に、あなたもその答えを知ることになるわ、あなた。」
0x0100000E0000265C,31,150,Sordland/Turn03/A_DictatorConstitution,Player,Menu Text en,「ソードランドの全ての人々と共に、あなたもその答えを知ることになるわ、あなた。」
0x010000460001F5B8,32,3,Sordland/Turn03/Dictator Post Discussion,Narrator,en,チームは変更点を調べた後、互いの間で議論を始めた。その後、ルシアンが発言した。
0x010000460001F5BF,32,4,Sordland/Turn03/Dictator Post Discussion,Narrator,en,提案に最終的な修正が加えられた後、それをチームのメンバーたちに見せた。
0x010000460001F5C6,32,5,Sordland/Turn03/Dictator Post Discussion,Lucian Galade,en,「修正案が提案できる状態になったようです。」
0x010000460001F5D6,32,12,Sordland/Turn03/Dictator Post Discussion,Lucian Galade,en,「クラヴィン氏を説得するのはより困難でしょう。問題は、彼が穏健派にも反対へ向かわせる影響力を持っている点です。」
0x010000460001F5E1,32,16,Sordland/Turn03/Dictator Post Discussion,Lucian Galade,en,「ここで会議を終了させることができると思います。」
0x010000460001F5E7,32,17,Sordland/Turn03/Dictator Post Discussion,Lucian Galade,en,「しかし大統領、弾劾を廃止しようとされていることは理解しておりますが、党内部に問題を引き起こす可能性があると申し上げざるを得ません。」
0x010000460001F5ED,32,18,Sordland/Turn03/Dictator Post Discussion,Lucian Galade,en,「我々は彼らがその案を支持するようにしなければなりません。USPの支援を失いたくはありません。」
0x010000460001F5F3,32,19,Sordland/Turn03/Dictator Post Discussion,Player,en,「我々が何とかする。」
0x010000460001F5F3,32,19,Sordland/Turn03/Dictator Post Discussion,Player,Menu Text en,「我々が何とかする。」
0x010000460001F5FA,32,20,Sordland/Turn03/Dictator Post Discussion,Player,en,「私が必ず彼らの支持を得させる。」
0x010000460001F5FA,32,20,Sordland/Turn03/Dictator Post Discussion,Player,Menu Text en,「私が必ず彼らの支持を得させる。」
0x010000460001F601,32,21,Sordland/Turn03/Dictator Post Discussion,Player,en,「ご意見はありがたいが、決定はすでに下されている。」
0x010000460001F601,32,21,Sordland/Turn03/Dictator Post Discussion,Player,Menu Text en,「ご意見はありがたいが、決定はすでに下されている。」
0x010000460001F608,32,22,Sordland/Turn03/Dictator Post Discussion,Lucian Galade,en,「大統領、党の活動が順調に進みますようお祈り申し上げます。」
0x010000460001F60E,32,23,Sordland/Turn03/Dictator Post Discussion,Player,en,「党の件は私が対処する。」
0x010000460001F60E,32,23,Sordland/Turn03/Dictator Post Discussion,Player,Menu Text en,「党の件は私が対処する。」
0x010000460001F615,32,24,Sordland/Turn03/Dictator Post Discussion,Narrator,en,我々全員が握手を交わし、彼らは部屋を出て行った。
0x010000460001F61C,32,25,Sordland/Turn03/Dictator Post Discussion,Lucian Galade,en,「大統領、我々全員が自分の役割を果たします。」
0x010000460001F622,32,26,Sordland/Turn03/Dictator Post Discussion,Lucian Galade,en,「大統領、我々全員が全力を尽くしてこの計画を成功させます。」
0x010000460001F628,32,27,Sordland/Turn03/Dictator Post Discussion,Petr Vectern,en,「申し上げなければなりません……」
0x010000460001F62E,32,28,Sordland/Turn03/Dictator Post Discussion,Player,en,「承知した。」
0x010000460001F62E,32,28,Sordland/Turn03/Dictator Post Discussion,Player,Menu Text en,「承知した。」
0x010000460001F635,32,29,Sordland/Turn03/Dictator Post Discussion,Petr Vectern,en,「新しい選挙の最低投票率の基準は、与党にとって受け入れるのが非常に困難でしょう。我々の仲間たちもその案を好ましく思っていません。」
0x010000460001F63B,32,30,Sordland/Turn03/Dictator Post Discussion,Player,en,「私は決して譲らない。」
0x010000460001F63B,32,30,Sordland/Turn03/Dictator Post Discussion,Player,Menu Text en,「私は決して譲らない。」
0x010000460001F642,32,31,Sordland/Turn03/Dictator Post Discussion,Petr Vectern,en,「しかし、これも言わざるを得ません……」
0x010000460001F648,32,32,Sordland/Turn03/Dictator Post Discussion,Petr Vectern,en,「大臣法を改革しなければ党から非難されるでしょう。議会のメンバーたちはこの過程に自分たちも関与することを強く主張しています。」
0x010000460001F64E,32,33,Sordland/Turn03/Dictator Post Discussion,Lucian Galade,en,「その通りです。彼ら全員の支持を得るのは難しいでしょう。我々の党員の中には、これに公然と反対しようとする者も出てくるかもしれません。」
0x010000460001F654,32,34,Sordland/Turn03/Dictator Post Discussion,Player,en,「アドバイスをいただき、ありがとう。」
0x010000460001F654,32,34,Sordland/Turn03/Dictator Post Discussion,Player,Menu Text en,「アドバイスをいただき、ありがとう。」
0x010000460001F660,32,38,Sordland/Turn03/Dictator Post Discussion,Petr Vectern,en,「大臣法を改革しないことも党によって非難されるでしょう。議会のメンバーたちはこのプロセスへの関与を強く求めています。」
0x010000460001F666,32,39,Sordland/Turn03/Dictator Post Discussion,Lucian Galade,en,「そのような事態になった場合は、提案を再検討する準備もしておくよう、大統領。」
0x010000460001F66C,32,40,Sordland/Turn03/Dictator Post Discussion,Player,en,「そのような事態になれば、再考する用意がある。」
0x010000460001F66C,32,40,Sordland/Turn03/Dictator Post Discussion,Player,Menu Text en,「そのような事態になれば、再考する用意がある。」
0x010000460001F673,32,41,Sordland/Turn03/Dictator Post Discussion,Petr Vectern,en,「もちろんです。」
0x010000460001F679,32,42,Sordland/Turn03/Dictator Post Discussion,Lucian Galade,en,「その間、この提案を我々の党にご紹介くださる必要がございます、大統領。」
0x010000460001F67F,32,43,Sordland/Turn03/Dictator Post Discussion,Lucian Galade,en,「そのような事態に陥った場合は、提案を再検討する準備もしておかねばなりません。」
0x010000460001F685,32,44,Sordland/Turn03/Dictator Post Discussion,Lucian Galade,en,「進める前に、他に何かご意見はございますか？」
0x010000460001F68B,32,45,Sordland/Turn03/Dictator Post Discussion,Lucian Galade,en,「我々は提案書の文言を検討するにあたり、まず法律の専門家たちと協力して作成していきます。」
0x010000460001F691,32,46,Sordland/Turn03/Dictator Post Discussion,Lucian Galade,en,「彼らの支持を得るには力強い演説が必要でしょう。ですが、まずは党の保守派と改革派の指導者たちと話をすることをお勧めします。」
0x010000460001F697,32,47,Sordland/Turn03/Dictator Post Discussion,Lucian Galade,en,「大統領、あなたは演説に非常に精通しておられますし、党の事情もよくご存知です。改革について彼らが熱意を持って取り組むようしっかりと促してください。」
0x010000460001F69D,32,48,Sordland/Turn03/Dictator Post Discussion,Lucian Galade,en,「どうしても口にしたくはありませんが、もし彼らが提案の変更を要求してきた場合、私としては譲歩せざるを得ないかもしれません。」
0x010000460001F6A3,32,49,Sordland/Turn03/Dictator Post Discussion,Lucian Galade,en,「進める前に、他に何かご意見はございますか？」
0x010000460001F6A9,32,50,Sordland/Turn03/Dictator Post Discussion,Lucian Galade,en,「ベクターン氏が言ったように、トーリー夫人の方が説得しやすいでしょう。この変更を受けて党を結束させる必要があるため、彼女の支持は極めて重要です。」
0x010000460001F6AF,32,51,Sordland/Turn03/Dictator Post Discussion,Petr Vectern,en,「私の知る限り、クラヴィン氏が我々にとって最大の問題となるでしょう。彼は大統領を独裁者として描こうとするかもしれません。トーリー夫人も難しい相手ですが、まずは彼女を制圧する必要があります。」
0x010000460001F6B5,32,52,Sordland/Turn03/Dictator Post Discussion,Player,en,「彼女たちをどう対処すべきか、何かアドバイスはあるか？」
0x010000460001F6B5,32,52,Sordland/Turn03/Dictator Post Discussion,Player,Menu Text en,「彼女たちをどう対処すべきか、何かアドバイスはあるか？」
0x010000460001F6BC,32,53,Sordland/Turn03/Dictator Post Discussion,Player,en,「演説について何かアドバイスはあるか？」
0x010000460001F6BC,32,53,Sordland/Turn03/Dictator Post Discussion,Player,Menu Text en,「演説について何かアドバイスはあるか？」
0x010000460001F6C3,32,54,Sordland/Turn03/Dictator Post Discussion,Player,en,「私が対処しよう。」
0x010000460001F6C3,32,54,Sordland/Turn03/Dictator Post Discussion,Player,Menu Text en,「私が対処しよう。」
0x010000460001F6FF,32,55,Sordland/Turn03/Dictator Post Discussion,Player,en,「では、我々は反撃するのだ。」
0x010000460001F6FF,32,55,Sordland/Turn03/Dictator Post Discussion,Player,Menu Text en,「では、我々は反撃するのだ。」
0x010000460001F70A,32,56,Sordland/Turn03/Dictator Post Discussion,Petr Vectern,en,「私は問題ありません。」
0x010000460001F712,32,57,Sordland/Turn03/Dictator Post Discussion,Lucian Galade,en,「では、進めよう。」
0x010000460001F719,32,58,Sordland/Turn03/Dictator Post Discussion,Narrator,en,ルシアンは私を見た。
0x0100000000097BCC,33,3,Sordland/Turn03/A_AutocratDecree,Orso Hawker,en,「おはようございます、大統領。」
0x0100000000097BD2,33,4,Sordland/Turn03/A_AutocratDecree,Narrator,en,彼らは緊急法の草案を私の前に置いた。
0x0100000000097BD8,33,5,Sordland/Turn03/A_AutocratDecree,Lucian Galade,en,「リクター氏が我が政権が改革を妨げていると公言したためです。現在、多くの人々もそれに抗議しています。」
0x0100000000097BDE,33,6,Sordland/Turn03/A_AutocratDecree,Narrator,en,間もなく、オルソとルシアンが到着した。
0x0100000000097BE5,33,7,Sordland/Turn03/A_AutocratDecree,Player,en,「こんにちは。」
0x0100000000097BE5,33,7,Sordland/Turn03/A_AutocratDecree,Player,Menu Text en,「こんにちは。」
0x0100000000097BEC,33,8,Sordland/Turn03/A_AutocratDecree,Player,en,「やっと、おいでになったね。」
0x0100000000097BEC,33,8,Sordland/Turn03/A_AutocratDecree,Player,Menu Text en,「やっと、おいでになったね。」
0x0100000000097BF3,33,9,Sordland/Turn03/A_AutocratDecree,Livia Suno,en,「承知いたしました、大統領。すぐにコートをお受け取りします。」
0x0100000000097BFA,33,10,Sordland/Turn03/A_AutocratDecree,Narrator,en,私は自分の執務室へ向かって歩いていた。今日こそ、緊急法を起草し、その法令の施行を命じる日だった。
0x0100000000097C07,33,11,Sordland/Turn03/A_AutocratDecree,Livia Suno,en,「私は元気です、ありがとうございます。」
0x0100000000097C0E,33,12,Sordland/Turn03/A_AutocratDecree,Narrator,en,守旧派の指導者たちとの話し合いは実り多いものであり、非常事態への準備もすでに進行中だった。
0x0100000000097C14,33,13,Sordland/Turn03/A_AutocratDecree,Player,en,「リヴィア、あなたに会えてようやく安心した。」
0x0100000000097C14,33,13,Sordland/Turn03/A_AutocratDecree,Player,Menu Text en,「リヴィア、あなたに会えてようやく安心した。」
0x0100000000097C1B,33,14,Sordland/Turn03/A_AutocratDecree,Narrator,en,リヴィアは私のコートを掛けるために出て行った。私は自分の執務室に入り、椅子に座った。
0x0100000000097C21,33,15,Sordland/Turn03/A_AutocratDecree,Narrator,en,私は宮殿の大理石でできた回廊を歩きながら、これから下さなければならない重大な決断について考えていた。
0x0100000000097C27,33,16,Sordland/Turn03/A_AutocratDecree,Livia Suno,en,「そのようなこととは、残念でございます。」
0x0100000000097C2E,33,17,Sordland/Turn03/A_AutocratDecree,Narrator,en,私の秘書が大統領執務室の入り口で私を出迎えた。
0x0100000000097C35,33,18,Sordland/Turn03/A_AutocratDecree,Player,en,「皆様、おはよう。」
0x0100000000097C35,33,18,Sordland/Turn03/A_AutocratDecree,Player,Menu Text en,「皆様、おはよう。」
0x0100000000097C3C,33,19,Sordland/Turn03/A_AutocratDecree,Livia Suno,en,「おはようございます、大統領。」
0x0100000000097C43,33,20,Sordland/Turn03/A_AutocratDecree,Player,en,「私は特に問題ない。」
0x0100000000097C43,33,20,Sordland/Turn03/A_AutocratDecree,Player,Menu Text en,「私は特に問題ない。」
0x0100000000097C4A,33,21,Sordland/Turn03/A_AutocratDecree,Player,en,「私はこれから厳しい決断を下さなければならない。そのため、あまり調子が良くない。」
0x0100000000097C4A,33,21,Sordland/Turn03/A_AutocratDecree,Player,Menu Text en,「私はこれから厳しい決断を下さなければならない。そのため、あまり調子が良くない。」
0x0100000000097C5F,33,22,Sordland/Turn03/A_AutocratDecree,Livia Suno,en,「大統領、ありがとうございます。」
0x0100000000097C66,33,23,Sordland/Turn03/A_AutocratDecree,Player,en,「今日はお元気か？」
0x0100000000097C66,33,23,Sordland/Turn03/A_AutocratDecree,Player,Menu Text en,「今日はお元気か？」
0x0100000000097C6D,33,24,Sordland/Turn03/A_AutocratDecree,Player,en,「おはよう、リビア。」
0x0100000000097C6D,33,24,Sordland/Turn03/A_AutocratDecree,Player,Menu Text en,「おはよう、リビア。」
0x0100000000097C74,33,25,Sordland/Turn03/A_AutocratDecree,Livia Suno,en,「大統領、どうぞそのように。ではすぐにコートをお受け取りいたします。」
0x0100000000097C89,33,26,Sordland/Turn03/A_AutocratDecree,Player,en,「あなたの言う通りだ、愛しい人。それはあなたが口出しすべきことではない。」
0x0100000000097C89,33,26,Sordland/Turn03/A_AutocratDecree,Player,Menu Text en,「あなたの言う通りだ、愛しい人。それはあなたが口出しすべきことではない。」
0x0100000000097C90,33,27,Sordland/Turn03/A_AutocratDecree,Player,en,「おっしゃる通りかもしれない。だが、私には他に解決策が見当たらない。」
0x0100000000097C90,33,27,Sordland/Turn03/A_AutocratDecree,Player,Menu Text en,「おっしゃる通りかもしれない。だが、私には他に解決策が見当たらない。」
0x0100000000097C97,33,28,Sordland/Turn03/A_AutocratDecree,Player,en,「私がお前の上司だ、リヴィア。私の決定に異議を唱えるな。」
0x0100000000097C97,33,28,Sordland/Turn03/A_AutocratDecree,Player,Menu Text en,「私がお前の上司だ、リヴィア。私の決定に異議を唱えるな。」
0x0100000000097CA5,33,29,Sordland/Turn03/A_AutocratDecree,Livia Suno,en,「それは何よりです。」
0x0100000000097CAC,33,30,Sordland/Turn03/A_AutocratDecree,Narrator,en,彼女は私から目をそらし、微笑んだ。
0x0100000000097CB2,33,31,Sordland/Turn03/A_AutocratDecree,Livia Suno,en,「それよりも何より、大統領、ご健康はいかがでしょうか？」
0x0100000000097CB9,33,32,Sordland/Turn03/A_AutocratDecree,Livia Suno,en,「大統領、本日はいかがなお過ごしでしょうか？」
0x0100000000097CC0,33,33,Sordland/Turn03/A_AutocratDecree,Narrator,en,草案と自分のメモを丁寧に確認した後、書類に没頭し続けた。
0x0100000000097CFF,33,34,Sordland/Turn03/A_AutocratDecree,Orso Hawker,en,「緊急事態期間を開始する時が来ました。前回会談して以来、街の状況はさらに悪化しています。」
0x0100000000097D07,33,35,Sordland/Turn03/A_AutocratDecree,Orso Hawker,en,「彼らが誰であれ、何を支持していようと、状況は明確です。大統領の法令に基づき、これからどのように進めていくかを検討しましょう。」
0x0100000E00002568,33,37,Sordland/Turn03/A_AutocratDecree,Narrator,en,彼女は私のコートを受け取る前に少し間を置いた。何か考え事をしているようだった。
0x0100000E00002571,33,38,Sordland/Turn03/A_AutocratDecree,Livia Suno,en,「大統領、私に言うべきことではないかもしれませんが、この非常措置の背景にあるご判断について疑問を感じています。国民は改革を望んでおり、それを先延ばしにすればさらなる暴力しか招かないでしょう。」
0x010000460001F780,34,3,Sordland/Turn03/Autocrat Post Discussion,Narrator,en,彼らはその布告を読み、互いの間で議論した。
0x010000460001F787,34,4,Sordland/Turn03/Autocrat Post Discussion,Narrator,en,私がその法令に最終的な修正を加えた後、それを彼らに見せた。
0x010000460001F78E,34,5,Sordland/Turn03/Autocrat Post Discussion,Lucian Galade,en,「大統領、残された唯一の手続きは命令に署名し、それを公布することだけのようです。」
0x010000460001F794,34,6,Sordland/Turn03/Autocrat Post Discussion,Narrator,en,その後、ルシアンが発言した。
0x010000460001F7A3,34,10,Sordland/Turn03/Autocrat Post Discussion,Lucian Galade,en,「しかし、これによって我が政権にさらなる問題が生じるのではないかと懸念しております。」
0x010000460001F7AA,34,11,Sordland/Turn03/Autocrat Post Discussion,Lucian Galade,en,「特にブルディアの分離主義者たちを脅威と宣言することで、一般のブルディア国民に対するさらなる暴力が起きることが予想されます。」
0x010000460001F7B1,34,12,Sordland/Turn03/Autocrat Post Discussion,Orso Hawker,en,「何を心配しているのですか？彼らは国家安全保障上の脅威なのです。」
0x010000460001F7B8,34,13,Sordland/Turn03/Autocrat Post Discussion,Orso Hawker,en,「ブルディア人がテロ組織を支援することは許されません。彼らならもっと分別を持つべきでした。」
0x010000460001F7C5,34,17,Sordland/Turn03/Autocrat Post Discussion,Lucian Galade,en,「赤旗青年団を脅威として宣言することには賛成です。特にあの銃撃事件の後ではなおさらです。ですが、そうすれば民族主義者たちの怒りを買う結果になるかもしれません。」
0x010000460001F7CB,34,18,Sordland/Turn03/Autocrat Post Discussion,Orso Hawker,en,「キベナー氏がその組織と何らかのつながりを持っている可能性があると考えます。」
0x010000460001F7D2,34,19,Sordland/Turn03/Autocrat Post Discussion,Orso Hawker,en,「彼については特に問題はありませんが、適切な調査を行うべきでしょう。」
0x010000460001F7DA,34,20,Sordland/Turn03/Autocrat Post Discussion,Narrator,en,ルシアンは再びその布告を見つめた。
0x010000460001F7E2,34,21,Sordland/Turn03/Autocrat Post Discussion,Player,en,「私も同感だ。彼らと何らかの関係がある者は全員、調査を行うべきだろう。」
0x010000460001F7E2,34,21,Sordland/Turn03/Autocrat Post Discussion,Player,Menu Text en,「私も同感だ。彼らと何らかの関係がある者は全員、調査を行うべきだろう。」
0x010000460001F7EA,34,22,Sordland/Turn03/Autocrat Post Discussion,Player,en,「たぶん、当面はキベナー氏をそのままにして、組織レベルで対処する方が良いだろう。」
0x010000460001F7EA,34,22,Sordland/Turn03/Autocrat Post Discussion,Player,Menu Text en,「たぶん、当面はキベナー氏をそのままにして、組織レベルで対処する方が良いだろう。」
0x010000460001F7F2,34,23,Sordland/Turn03/Autocrat Post Discussion,Narrator,en,ルシアンは再びその布告を見つめた。
0x010000460001F801,34,27,Sordland/Turn03/Autocrat Post Discussion,Lucian Galade,en,「大統領、ここで生じつつある状況には慎重でなければなりません。」
0x010000460001F808,34,28,Sordland/Turn03/Autocrat Post Discussion,Lucian Galade,en,「アルカシアに対する我々の行動は決して軽視されることはない。超大国を怒らせれば、我が国の経済に大きな打撃が及ぶだろう。」
0x010000460001F80F,34,29,Sordland/Turn03/Autocrat Post Discussion,Player,en,「もはや彼らに屈することはない。」
0x010000460001F80F,34,29,Sordland/Turn03/Autocrat Post Discussion,Player,Menu Text en,「もはや彼らに屈することはない。」
0x010000460001F816,34,30,Sordland/Turn03/Autocrat Post Discussion,Player,en,「適切な予防措置を講じる。」
0x010000460001F816,34,30,Sordland/Turn03/Autocrat Post Discussion,Player,Menu Text en,「適切な予防措置を講じる。」
0x010000460001F81F,34,31,Sordland/Turn03/Autocrat Post Discussion,Player,en,「承知している、ルシアン。」
0x010000460001F81F,34,31,Sordland/Turn03/Autocrat Post Discussion,Player,Menu Text en,「承知している、ルシアン。」
0x010000460001F82D,34,35,Sordland/Turn03/Autocrat Post Discussion,Lucian Galade,en,「コンタナ連邦に逆らい、赤旗青年団を禁止することは、間違いなく我々をコンタナ条約機構の敵にするでしょう。」
0x010000460001F836,34,36,Sordland/Turn03/Autocrat Post Discussion,Orso Hawker,en,「ここで重要なのは、共産主義者と戦うための措置を講じているという点です。」
0x010000460001F83E,34,37,Sordland/Turn03/Autocrat Post Discussion,Lucian Galade,en,「これは決して軽視できる問題ではありません。」
0x010000460001F84B,34,41,Sordland/Turn03/Autocrat Post Discussion,Lucian Galade,en,「しかし大統領、我々はアルカシアに対しても行動を起こしております。東方の強国に立ち向かうには彼らが必要です。」
0x010000460001F852,34,42,Sordland/Turn03/Autocrat Post Discussion,Orso Hawker,en,「それは難しい決断だったと思いますが、ソードランドは単独で立つしかありません。アルガデさん、あなたもご存知の通りです。」
0x010000460001F859,34,43,Sordland/Turn03/Autocrat Post Discussion,Orso Hawker,en,「アルカシアをどれほど嫌っており、この一連の混乱の背後に彼らがいると考える理由もあるのですが……」
0x010000460001F860,34,44,Sordland/Turn03/Autocrat Post Discussion,Orso Hawker,en,「大統領は彼らに対して何も行動を起こさないと決定されました。最悪の事態になっても、ガラドさん、我々は彼らの保護を受けることができます。」
0x010000460001F867,34,45,Sordland/Turn03/Autocrat Post Discussion,Orso Hawker,en,「あの共産党員たちを恐れる必要など全くありません...」
0x010000460001F874,34,49,Sordland/Turn03/Autocrat Post Discussion,Orso Hawker,en,「この法令により、犯罪の疑いがある者は誰であっても拘束することが可能になります。」
0x010000460001F87B,34,50,Sordland/Turn03/Autocrat Post Discussion,Orso Hawker,en,「私が直々にリクター氏に対する調査を指揮します。他に何か手掛かりが見つかり次第……」
0x010000460001F882,34,51,Sordland/Turn03/Autocrat Post Discussion,Orso Hawker,en,「...彼を排除することができるでしょう。」
0x010000460001F889,34,52,Sordland/Turn03/Autocrat Post Discussion,Orso Hawker,en,「では、これから何を行うかに集中しましょう。」
0x010000460001F892,34,53,Sordland/Turn03/Autocrat Post Discussion,Player,en,「勢いに任せないでくれ。彼は我々の主な標的ではない。」
0x010000460001F892,34,53,Sordland/Turn03/Autocrat Post Discussion,Player,Menu Text en,「勢いに任せないでくれ。彼は我々の主な標的ではない。」
0x010000460001F899,34,54,Sordland/Turn03/Autocrat Post Discussion,Player,en,「ああ、我々は反対派に集中しなければならない。」
0x010000460001F899,34,54,Sordland/Turn03/Autocrat Post Discussion,Player,Menu Text en,「ああ、我々は反対派に集中しなければならない。」
0x010000460001F8A0,34,55,Sordland/Turn03/Autocrat Post Discussion,Player,en,「それを楽しみにしている。」
0x010000460001F8A0,34,55,Sordland/Turn03/Autocrat Post Discussion,Player,Menu Text en,「それを楽しみにしている。」
0x010000460001F8AF,34,59,Sordland/Turn03/Autocrat Post Discussion,Orso Hawker,en,「大統領、どうぞそのようにご判断ください。」
0x010000460001F8BA,34,60,Sordland/Turn03/Autocrat Post Discussion,Orso Hawker,en,「幸いなことに、今度は警察がその脅威へ対処する権限を持つことになります。」
0x010000460001F8C1,34,61,Sordland/Turn03/Autocrat Post Discussion,Orso Hawker,en,「しかし、警察には脅威を効果的に排除するのに十分な権限があるとは依然として思えません。」
0x010000460001F8CE,34,65,Sordland/Turn03/Autocrat Post Discussion,Lucian Galade,en,「ええ、抗議活動や群衆の集結を中止することは、警察の予算にとって大きな負担となるでしょう。」
0x010000460001F8D5,34,66,Sordland/Turn03/Autocrat Post Discussion,Lucian Galade,en,「そして国民はこれを好まないでしょう。特に改革派がそうです。」
0x010000460001F8DC,34,67,Sordland/Turn03/Autocrat Post Discussion,Orso Hawker,en,「十分な予防策で問題を解決できることを願っています。」
0x010000460001F8E4,34,68,Sordland/Turn03/Autocrat Post Discussion,Orso Hawker,en,「それこそが我々が反対している相手です、ガラドさん。」
0x010000460001F8EB,34,69,Sordland/Turn03/Autocrat Post Discussion,Lucian Galade,en,「ともかく……」
0x010000460001F8F3,34,70,Sordland/Turn03/Autocrat Post Discussion,Lucian Galade,en,「残された手段は、緊急事態を宣言し、最高裁判所でそれを承認してもらうことだけです、大統領。」
0x010000460001F8FA,34,71,Sordland/Turn03/Autocrat Post Discussion,Lucian Galade,en,「大統領、宣言のためのご演説の内容をしっかりと準備すべきです。これはソードランドにとって非常に重要な瞬間となります。」
0x010000460001F901,34,72,Sordland/Turn03/Autocrat Post Discussion,Narrator,en,我々全員が握手を交わし、彼らは部屋を出て行った。
0x010000460001F908,34,73,Sordland/Turn03/Autocrat Post Discussion,Orso Hawker,en,「大統領、またご連絡いたします。」
0x010000460001F90F,34,74,Sordland/Turn03/Autocrat Post Discussion,Orso Hawker,en,「最高裁判所では、その宣言を待っております。」
0x010000460001F916,34,75,Sordland/Turn03/Autocrat Post Discussion,Player,en,「最高裁判所が約束を守ってくれるものと期待している。」
0x010000460001F916,34,75,Sordland/Turn03/Autocrat Post Discussion,Player,Menu Text en,「最高裁判所が約束を守ってくれるものと期待している。」
0x010000460001F91D,34,76,Sordland/Turn03/Autocrat Post Discussion,Player,en,「皆さん、早速仕事に取り掛かろう。」
0x010000460001F91D,34,76,Sordland/Turn03/Autocrat Post Discussion,Player,Menu Text en,「皆さん、早速仕事に取り掛かろう。」
0x010000460001F924,34,77,Sordland/Turn03/Autocrat Post Discussion,Player,en,「ご尽力いただき、誠にありがとう。」
0x010000460001F924,34,77,Sordland/Turn03/Autocrat Post Discussion,Player,Menu Text en,「ご尽力いただき、誠にありがとう。」
0x010000460001F92E,34,78,Sordland/Turn03/Autocrat Post Discussion,Player,en,「新たな時代が始まる。」
0x010000460001F92E,34,78,Sordland/Turn03/Autocrat Post Discussion,Player,Menu Text en,「新たな時代が始まる。」
0x010000460001F936,34,79,Sordland/Turn03/Autocrat Post Discussion,Lucian Galade,en,「その通りでございます。」
0x010000460001F93D,34,80,Sordland/Turn03/Autocrat Post Discussion,Orso Hawker,en,「もちろんです、大統領。我々はこれについて共に取り組んでおります。」
0x010000000009F081,35,4,Sordland/Turn03/A_LateBriefing,Narrator,en,旧守旧派との交渉が決裂した後、改革委員会は活動を強化した。新しい憲法に関する案がすでに作成されていた。
0x010000000009F133,35,5,Sordland/Turn03/A_LateBriefing,Narrator,en,数分後、ルシアンとペトルが到着した。
0x010000000009F218,35,6,Sordland/Turn03/A_LateBriefing,Lucian Galade,en,「USP内には、より強い行政権を持つ新しい憲法を支持する人々がいます。民族主義者たちの支援を得ることが我々にとって最善の策です。」
0x010000000009FF81,35,7,Sordland/Turn03/A_LateBriefing,Lucian Galade,en,「これで大統領のご意向がよりはっきりと分かりました。すぐに私のコネクションを活用して、大統領様に適した案を作成し始めます。」
0x010000000009FF95,35,8,Sordland/Turn03/A_LateBriefing,Petr Vectern,en,「私はあなたの意見を委員会に提出します。数ヶ月後には、最終的な修正をご自身で行えるよう草案が届きます。」
0x010000000009FF9D,35,9,Sordland/Turn03/A_LateBriefing,Lucian Galade,en,「大統領、今回の会談もまた実り多いものであったと存じます。」
0x01000000000A0030,35,10,Sordland/Turn03/A_LateBriefing,Lucian Galade,en,「これで大統領のご意向がよりはっきりと分かりました。すぐに私のコネクションを活用して、大統領に適した案を作成し始めます。」
0x01000000000A0037,35,11,Sordland/Turn03/A_LateBriefing,Petr Vectern,en,「どのような決断をなさっても、我々は内閣全員と協力してこの課題を推進していかなければなりません。」
0x01000000000A003E,35,12,Sordland/Turn03/A_LateBriefing,Lucian Galade,en,「私はあなたのご意見をUSPの指導者と国民戦線に提出します。数ヶ月後には、最終的な修正をご自身で行えるよう草案が届きます。」
0x01000000000A0045,35,13,Sordland/Turn03/A_LateBriefing,Lucian Galade,en,「大統領、今回の会談もまた有益なものでした。私はあなたの判断を信頼しております。」
0x01000000000A0053,35,14,Sordland/Turn03/A_LateBriefing,Player,en,「あなたの尽力に感謝している。」
0x01000000000A0053,35,14,Sordland/Turn03/A_LateBriefing,Player,Menu Text en,「あなたの尽力に感謝している。」
0x01000000000A005B,35,15,Sordland/Turn03/A_LateBriefing,Player,en,「もしこれを実行すれば、約束する。あなた方は王となるだろう。」
0x01000000000A005B,35,15,Sordland/Turn03/A_LateBriefing,Player,Menu Text en,「もしこれを実行すれば、約束する。あなた方は王となるだろう。」
0x01000000000A0063,35,16,Sordland/Turn03/A_LateBriefing,Player,en,「我々一同でソードランドを偉大な国にしていこう。」
0x01000000000A0063,35,16,Sordland/Turn03/A_LateBriefing,Player,Menu Text en,「我々一同でソードランドを偉大な国にしていこう。」
0x01000000000A006B,35,17,Sordland/Turn03/A_LateBriefing,Player,en,「先生方、今回の会談に感謝する。」
0x01000000000A006B,35,17,Sordland/Turn03/A_LateBriefing,Player,Menu Text en,「先生方、今回の会談に感謝する。」
0x01000000000A0073,35,18,Sordland/Turn03/A_LateBriefing,Lucian Galade,en,「大統領、お時間をいただきありがとうございます。」
0x01000000000A007B,35,19,Sordland/Turn03/A_LateBriefing,Petr Vectern,en,「はい、必ずそう致します！」
0x01000000000A0083,35,20,Sordland/Turn03/A_LateBriefing,Lucian Galade,en,「親切なお言葉をいただき、ありがとうございます、大統領。」
0x01000000000A008B,35,21,Sordland/Turn03/A_LateBriefing,Petr Vectern,en,「大統領、我々を信頼してください。」
0x01000000000A0094,35,22,Sordland/Turn03/A_LateBriefing,Lucian Galade,en,「大統領、あなたが我々を偉大なる境地へと導いてくださることでしょう。お時間をいただき、ありがとうございます。」
0x01000000000A009C,35,23,Sordland/Turn03/A_LateBriefing,Petr Vectern,en,「ありがとうございます、大統領。」
0x01000000000A00A4,35,24,Sordland/Turn03/A_LateBriefing,Player,en,「あなたの尽力に感謝している。」
0x01000000000A00A4,35,24,Sordland/Turn03/A_LateBriefing,Player,Menu Text en,「あなたの尽力に感謝している。」
0x01000000000A00AB,35,25,Sordland/Turn03/A_LateBriefing,Player,en,「もしこれを実行すれば、我々は英雄として記憶されるだろう。」
0x01000000000A00AB,35,25,Sordland/Turn03/A_LateBriefing,Player,Menu Text en,「もしこれを実行すれば、我々は英雄として記憶されるだろう。」
0x01000000000A00B2,35,26,Sordland/Turn03/A_LateBriefing,Player,en,「我々一同でソードランドを民主化していこう。」
0x01000000000A00B2,35,26,Sordland/Turn03/A_LateBriefing,Player,Menu Text en,「我々一同でソードランドを民主化していこう。」
0x01000000000A00B9,35,27,Sordland/Turn03/A_LateBriefing,Player,en,「皆さん、今回の会議を開いてくださりありがとう。」
0x01000000000A00B9,35,27,Sordland/Turn03/A_LateBriefing,Player,Menu Text en,「皆さん、今回の会議を開いてくださりありがとう。」
0x01000000000A00C0,35,28,Sordland/Turn03/A_LateBriefing,Lucian Galade,en,「親切なお言葉をいただき、ありがとうございます、大統領。」
0x01000000000A00C7,35,29,Sordland/Turn03/A_LateBriefing,Petr Vectern,en,「ありがとうございます、大統領。」
0x01000000000A00CE,35,30,Sordland/Turn03/A_LateBriefing,Lucian Galade,en,「大統領、お時間をいただきありがとうございます。」
0x01000000000A00DC,35,31,Sordland/Turn03/A_LateBriefing,Petr Vectern,en,「大統領、我々を信頼してください。」
0x01000000000A00EC,35,32,Sordland/Turn03/A_LateBriefing,Petr Vectern,en,「それは実に素晴らしいことでしょう！」
0x01000000000A00F4,35,33,Sordland/Turn03/A_LateBriefing,Narrator,en,彼は笑った。
0x01000000000A0103,35,34,Sordland/Turn03/A_LateBriefing,Lucian Galade,en,「はい、大統領。お時間をいただき、ありがとうございます。」
0x01000000000A010A,35,35,Sordland/Turn03/A_LateBriefing,Petr Vectern,en,「我々ももちろんです。」
0x01000000000A011B,35,36,Sordland/Turn03/A_LateBriefing,Lucian Galade,en,「モルグナ夫人と再び同じ認識に達したので、憲法草案の作成について指導を仰ぐため彼女に連絡を取ります。彼女は自らの信念を持っており、過去の意見の相違から自分の規範に反するようなことはしません。」
0x01000000000A0126,35,37,Sordland/Turn03/A_LateBriefing,Lucian Galade,en,「ともかく、ここで決定しましょう、大統領。良い一日をお過ごしください。」
0x01000000000A012E,35,38,Sordland/Turn03/A_LateBriefing,Lucian Galade,en,「大統領、ここで決定しましょう。良い一日をお過ごしください。」
0x010000040000600D,35,42,Sordland/Turn03/A_LateBriefing,Lucian Galade,en,「軽率な行動は避けましょう。彼らはすでに我々の改革試みに反対する動きを始めていますが、立法に関する最高裁判所の投票権を撤廃する道を選ぶなら、十分に検討しなければなりません。」
0x0100000400006014,35,43,Sordland/Turn03/A_LateBriefing,Petr Vectern,en,「彼らがやったことを考えれば、彼らを徹底的に打ち負かすべきだ。改革を思い切り推し進めて、守旧派の力を粉々にしてしまおう。」
0x010000040000601D,35,44,Sordland/Turn03/A_LateBriefing,Petr Vectern,en,「国民が真の変革を実現するために我々を選んだのです。それを成し遂げるには、障害となる者たちを権力の座から追放するためにできる限り多くの憲法的権限を手に入れる必要があります。」
0x0100000400006026,35,45,Sordland/Turn03/A_LateBriefing,Player,en,「副大統領の言う通りだ。今は我々対彼らという状況だ。」
0x0100000400006026,35,45,Sordland/Turn03/A_LateBriefing,Player,Menu Text en,「副大統領の言う通りだ。今は我々対彼らという状況だ。」
0x010000040000602D,35,46,Sordland/Turn03/A_LateBriefing,Player,en,「我々はあらゆる選択肢を慎重に検討しよう。」
0x010000040000602D,35,46,Sordland/Turn03/A_LateBriefing,Player,Menu Text en,「我々はあらゆる選択肢を慎重に検討しよう。」
0x0100000400006036,35,47,Sordland/Turn03/A_LateBriefing,Player,en,「将来は憲法の真の改革にある。国民が我々を選んだのはそのためであり、我々は自らの使命を果たさなければならない。」
0x0100000400006036,35,47,Sordland/Turn03/A_LateBriefing,Player,Menu Text en,「将来は憲法の真の改革にある。国民が我々を選んだのはそのためであり、我々は自らの使命を果たさなければならない。」
0x010000040000603E,35,48,Sordland/Turn03/A_LateBriefing,Petr Vectern,en,「彼らからもっと権力を奪ってしまった方がどうでしょうか？」
0x010000040000617C,35,50,Sordland/Turn03/A_LateBriefing,Petr Vectern,en,「確かに、少し性急になってしまい申し訳ありません。」
0x0100000400006184,35,51,Sordland/Turn03/A_LateBriefing,Lucian Galade,en,「昔からずっとそうでした。ですが、これからどう進めましょうか？」
0x010000040000618B,35,52,Sordland/Turn03/A_LateBriefing,Petr Vectern,en,「境界線は既に引かれております、大統領。」
0x01000004000061A1,35,56,Sordland/Turn03/A_LateBriefing,Player,en,「我々は憲法的権力を強化し、守旧派という障害を取り除くべきだ。」
0x01000004000061A1,35,56,Sordland/Turn03/A_LateBriefing,Player,Menu Text en,「我々は憲法的権力を強化し、守旧派という障害を取り除くべきだ。」
0x01000004000061A8,35,57,Sordland/Turn03/A_LateBriefing,Player,en,「敵への憎悪に目がくらむべきではない。我々の真の目的は、この国の未来のための実質的な改革を行うことだ。」
0x01000004000061A8,35,57,Sordland/Turn03/A_LateBriefing,Player,Menu Text en,「敵への憎悪に目がくらむべきではない。我々の真の目的は、この国の未来のための実質的な改革を行うことだ。」
0x01000004000061B6,35,58,Sordland/Turn03/A_LateBriefing,Lucian Galade,en,「改革委員会からは二つの案が提出されました。守旧派を打倒するために我々がより多くの権力を握るか、あるいはソードランドを民主化するための真の改革案を選択するかのどちらかです。」
0x01000004000061D0,35,59,Sordland/Turn03/A_LateBriefing,Petr Vectern,en,「それがあなたの決断であるならば仕方ありません。我々はさらに進歩派と協力していく必要があります。」
0x01000004000061F6,35,61,Sordland/Turn03/A_LateBriefing,Petr Vectern,en,「アントン大統領、私は全力でお力になります。」
0x010000040000C6BE,36,3,Sordland/Turn03/LateDictatorSection,Petr Vectern,en,「改革派の方々はそのように望んでおります。」
0x010000040000C6C5,36,4,Sordland/Turn03/LateDictatorSection,Petr Vectern,en,「私も同感です。これは新憲法にとって実際には何の重要性もありません。また、我々が望むかどうかに関わらず、ソルは多くのソードランド人にとって英雄でした。」
0x010000040000C6CC,36,5,Sordland/Turn03/LateDictatorSection,Player,en,「ああ、彼はソードランドの英雄だ。」
0x010000040000C6CC,36,5,Sordland/Turn03/LateDictatorSection,Player,Menu Text en,「ああ、彼はソードランドの英雄だ。」
0x010000040000C6D3,36,6,Sordland/Turn03/LateDictatorSection,Player,en,「彼のことは別として、偉大な英雄に特別な称号を与えることに何の問題もないと私は思う。」
0x010000040000C6D3,36,6,Sordland/Turn03/LateDictatorSection,Player,Menu Text en,「彼のことは別として、偉大な英雄に特別な称号を与えることに何の問題もないと私は思う。」
0x010000040000C6DA,36,7,Sordland/Turn03/LateDictatorSection,Petr Vectern,en,「クラヴィン氏でさえ、我々党の改革派も現行法に異議を唱えていません。USPもその決定を全面的に支持するでしょう。何らかの方法でキベナー氏を説得できるかもしれませんね。」
0x010000040000C6E1,36,8,Sordland/Turn03/LateDictatorSection,Lucian Galade,en,「PFJPには決して協力してもらえないでしょう。ですが、もしこの件でケサロ・キベナーを味方につけることができれば、残る問題は我々自身の党を結集させることだけになります。」
0x010000040000C6E8,36,9,Sordland/Turn03/LateDictatorSection,Petr Vectern,en,「閾値を下げれば、将来的に彼らが議会に入る道を開くことになります。これをご理解いただくことは重要です。」
0x010000040000C6F4,36,13,Sordland/Turn03/LateDictatorSection,Petr Vectern,en,「その通りです。」
0x010000040000C703,36,15,Sordland/Turn03/LateDictatorSection,Player,en,「この役職は廃止すべきだ。」
0x010000040000C703,36,15,Sordland/Turn03/LateDictatorSection,Player,Menu Text en,「この役職は廃止すべきだ。」
0x010000040000C70A,36,16,Sordland/Turn03/LateDictatorSection,Player,en,「いや、我々はこの法律を尊重すべきだと思う。」
0x010000040000C70A,36,16,Sordland/Turn03/LateDictatorSection,Player,Menu Text en,「いや、我々はこの法律を尊重すべきだと思う。」
0x010000040000C715,36,18,Sordland/Turn03/LateDictatorSection,Petr Vectern,en,「ああ、結局は同じ特権を使いたいということですね。」
0x010000040000C71C,36,19,Sordland/Turn03/LateDictatorSection,Player,en,「すべての大統領は、任期を終えた後にその称号を得るべきなのだ。」
0x010000040000C71C,36,19,Sordland/Turn03/LateDictatorSection,Player,Menu Text en,「すべての大統領は、任期を終えた後にその称号を得るべきなのだ。」
0x010000040000C723,36,20,Sordland/Turn03/LateDictatorSection,Lucian Galade,en,「一部の改革派から、大統領が承認する前に議会が大臣を指名すべきだという意見が出ました。」
0x010000040000C72A,36,21,Sordland/Turn03/LateDictatorSection,Petr Vectern,en,「ええ、それは妥当です。」
0x010000040000C731,36,22,Sordland/Turn03/LateDictatorSection,Petr Vectern,en,「改革派の中には、彼が在任中に犯した罪について実際に裁こうと望む者もいるようです。この法律は、彼らにとってもソル主義者たちにとっても象徴的な重要性を持っているのです。」
0x010000040000C738,36,23,Sordland/Turn03/LateDictatorSection,Player,en,「彼らを説得できると思うか？」
0x010000040000C738,36,23,Sordland/Turn03/LateDictatorSection,Player,Menu Text en,「彼らを説得できると思うか？」
0x010000040000C73F,36,24,Sordland/Turn03/LateDictatorSection,Petr Vectern,en,「だからこそ、それを持っているのはタルキン・ソルだけなのです。彼は軍事クーデターの直後に自分自身にその地位を与えました。この法律は本来、あの大佐を救うために作られたものなのです。」
0x010000040000C746,36,25,Sordland/Turn03/LateDictatorSection,Lucian Galade,en,「憲法によれば、栄誉議員は法的な免責特権を持つだけでなく、国家によってほとんどの費用も負担され、常時警護も受けます。この地位は議会の絶対多数決と大統領の承認によってのみ誰かに与えられるのです。」
0x010000040000C74D,36,26,Sordland/Turn03/LateDictatorSection,Narrator,en,ルシアンは顔に浮かんだ驚きの表情を隠すことができなかった。
0x010000040000C753,36,27,Sordland/Turn03/LateDictatorSection,Player,en,「我々は彼らの道を開き、左派を結集させるべきだ。」
0x010000040000C753,36,27,Sordland/Turn03/LateDictatorSection,Player,Menu Text en,「我々は彼らの道を開き、左派を結集させるべきだ。」
0x010000040000C75A,36,28,Sordland/Turn03/LateDictatorSection,Lucian Galade,en,「最後の項目はソルの遺産に関する問題です。具体的には彼の『栄誉議員』制度についてで、これにより彼は引退後でも絶対的な免責特権を持っていました。彼は大国民議会の常任議員でもありますが、幸いなことにもう出席してはいません。」
0x010000040000C765,36,29,Sordland/Turn03/LateDictatorSection,Lucian Galade,en,「どのような方法かは分かりませんが、もちろんです。」
0x010000040000C76C,36,30,Sordland/Turn03/LateDictatorSection,Player,en,「積極的な改正を推し進めた後、私も同様の免除措置が必要になるかもしれない。」
0x010000040000C76C,36,30,Sordland/Turn03/LateDictatorSection,Player,Menu Text en,「積極的な改正を推し進めた後、私も同様の免除措置が必要になるかもしれない。」
0x010000040000C773,36,31,Sordland/Turn03/LateDictatorSection,Petr Vectern,en,「しかし、この案では裁判官たちを説得するのがより困難になるでしょう。もしあなたがその後彼らを排除しようとしていると思われれば、エドモンズ夫人やガラチ氏は協力したがらないかもしれません。」
0x010000040000C77A,36,32,Sordland/Turn03/LateDictatorSection,Lucian Galade,en,「恐れ入りますが、守旧派を買収するのは難しいでしょう。最高裁長官のホーカーが我々を妨害するために全力を尽くすはずです。しかし、ヘロン・ガラチには手を伸ばせるかもしれません。」
0x010000040000C781,36,33,Sordland/Turn03/LateDictatorSection,Petr Vectern,en,「アルビン・クラヴィンと彼の改革派グループはあなたに完全に反対するでしょう。彼はすでに委員会の場で否定的な態度を示しています。彼を説得するのは非常に難しいと思われます。」
0x010000040000C788,36,34,Sordland/Turn03/LateDictatorSection,Petr Vectern,en,「もちろんです、そうすべきでございます。」
0x010000040000C78F,36,35,Sordland/Turn03/LateDictatorSection,Lucian Galade,en,「それは実に大胆なお考えですね、大統領。しかし私としては気に入ります。」
0x010000040000C796,36,36,Sordland/Turn03/LateDictatorSection,Petr Vectern,en,「今のところはそれが最善の方法でしょう。もし引き続き裁判所を刺激すれば、エドモンズ夫人との交渉の機会まで失ってしまうかもしれません。」
0x010000040000C79D,36,37,Sordland/Turn03/LateDictatorSection,Petr Vectern,en,「ですが、保守派の方々はもっと容易に説得できるかもしれません。党内には依然としてソルの影響力が強く残っており、強力な指導者として尊敬されればあなたに従う可能性があります。」
0x010000040000C7A4,36,38,Sordland/Turn03/LateDictatorSection,Player,en,「まだ最高裁判所を敵に回すべきではないかもしれない。改革は穏やかなものに留めよう。」
0x010000040000C7A4,36,38,Sordland/Turn03/LateDictatorSection,Player,Menu Text en,「まだ最高裁判所を敵に回すべきではないかもしれない。」
0x010000040000C7AB,36,39,Sordland/Turn03/LateDictatorSection,Player,en,「彼らの免責特権は尊重すべきだ。」
0x010000040000C7AB,36,39,Sordland/Turn03/LateDictatorSection,Player,Menu Text en,「彼らの免責特権は尊重すべきだ。」
0x010000040000C7B2,36,40,Sordland/Turn03/LateDictatorSection,Player,en,「私は代わりに、必要に応じて裁判官を交代させる権限を大統領に与える。」
0x010000040000C7B2,36,40,Sordland/Turn03/LateDictatorSection,Player,Menu Text en,「私は代わりに、必要に応じて裁判官を交代させる権限を大統領に与える。」
0x010000040000C7B9,36,41,Sordland/Turn03/LateDictatorSection,Player,en,「ソードランドにおけるさらなる改革の道を開くために、守旧派を打倒すべきだ。」
0x010000040000C7B9,36,41,Sordland/Turn03/LateDictatorSection,Player,Menu Text en,「旧体制の勢力を打倒し、ソードランドでのさらなる改革の道を開かなければならない。」
0x010000040000C7C0,36,42,Sordland/Turn03/LateDictatorSection,Petr Vectern,en,「もし彼らの免責特権を取り消したり弾劾手続きを定めることができれば、オルソとその一味から裁判所を浄化することができるだろう。」
0x010000040000C7C7,36,43,Sordland/Turn03/LateDictatorSection,Lucian Galade,en,「その懸念はもっともです。結局のところ、彼らの議員の一部を説得して成功させる必要があります。」
0x010000040000C7CE,36,44,Sordland/Turn03/LateDictatorSection,Petr Vectern,en,「かしこまりました。最終案を共に作成し始める前に、十分な時間をいただけます。」
0x010000040000C7D5,36,45,Sordland/Turn03/LateDictatorSection,Player,en,「この件については、もう少し時間をかけて考える必要があるかもしれない。」
0x010000040000C7D5,36,45,Sordland/Turn03/LateDictatorSection,Player,Menu Text en,「この件については、もう少し時間をかけて考える必要があるかもしれない。」
0x010000040000C7DC,36,46,Sordland/Turn03/LateDictatorSection,Petr Vectern,en,「ですから、できるだけ多くの保守派に我々を支持してもらう必要があります。そして、彼らの支持を得るのに役立つ重要な人物が一人います。」
0x010000040000C7E3,36,47,Sordland/Turn03/LateDictatorSection,Lucian Galade,en,「裁判官の免責特権に関する問題です。守旧派に対する反感が高まる中、彼らの免責特権を取り上げれば司法機関に対する統制権を得られるという話も出ています。」
0x010000040000C7EA,36,48,Sordland/Turn03/LateDictatorSection,Petr Vectern,en,「彼らの支持を得るのに役立つ重要な人物が一人います。」
0x010000040000C7F1,36,49,Sordland/Turn03/LateDictatorSection,Lucian Galade,en,「では第8節に移ります。もうすぐ終わります。」
0x010000040000C7F8,36,50,Sordland/Turn03/LateDictatorSection,Petr Vectern,en,「もう一人、彼らの支持を得るのに役立つ重要な人物がいます。」
0x010000040000C7FF,36,51,Sordland/Turn03/LateDictatorSection,Lucian Galade,en,「裁判所の中道派たちを『説得』してみることもできます。ダルトン氏やマールティン氏なら賄賂で味方につけられるかと思います。最も手強いのはエドモンズ夫人でしょう。」
0x010000040000C806,36,52,Sordland/Turn03/LateDictatorSection,Lucian Galade,en,「その決定は大統領にお任せしましょう。」
0x010000040000C80D,36,53,Sordland/Turn03/LateDictatorSection,Petr Vectern,en,「ねえ、もし人々が同じ人物を繰り返し選出するのであれば、それは彼らが本当に満足しているということだ。大衆は変化を恐れているのです。」
0x010000040000C814,36,54,Sordland/Turn03/LateDictatorSection,Petr Vectern,en,「はい、エドモンズ判事と話をする必要があります。もし彼女とガラチ判事を説得できれば、十分な票を集められるかもしれません。二人とも大きな影響力を持っていますから。」
0x010000040000C81B,36,55,Sordland/Turn03/LateDictatorSection,Player,en,「削減などあり得ない。」
0x010000040000C81B,36,55,Sordland/Turn03/LateDictatorSection,Player,Menu Text en,「削減などあり得ない。」
0x010000040000C822,36,56,Sordland/Turn03/LateDictatorSection,Lucian Galade,en,「もちろん、私はそうではありません。」
0x010000040000C829,36,57,Sordland/Turn03/LateDictatorSection,Petr Vectern,en,「ええ、そうあるべきです。」
0x010000040000C830,36,58,Sordland/Turn03/LateDictatorSection,Player,en,「あっと。」
0x010000040000C830,36,58,Sordland/Turn03/LateDictatorSection,Player,Menu Text en,「あっと。」
0x010000040000C837,36,59,Sordland/Turn03/LateDictatorSection,Lucian Galade,en,「とりあえず次の項目に移ります。任期制です。」
0x010000040000C83E,36,60,Sordland/Turn03/LateDictatorSection,Lucian Galade,en,「はい。タルキン・ソルは20年間統治しました。彼の魔法は人々の心から次第に消えつつあるようで、今では任期制が必要だと考えているようです。」
0x010000040000C845,36,61,Sordland/Turn03/LateDictatorSection,Lucian Galade,en,「私も同感です。そのままにしておくことができます。」
0x010000040000C850,36,62,Sordland/Turn03/LateDictatorSection,Lucian Galade,en,「憲法によれば、ニア・モルグナは最高裁判所の判事ですから、これに反対する票が一票すでに確保されていることになります。また、彼女と共にいる判事のうち二人も私が知っています。」
0x010000040000C857,36,63,Sordland/Turn03/LateDictatorSection,Petr Vectern,en,「100％の賛成票を得て可決される見込みは低いですが、ご意見は承りました。」
0x010000040000C85E,36,64,Sordland/Turn03/LateDictatorSection,Player,en,「我々もその称号を使えるからだ。」
0x010000040000C85E,36,64,Sordland/Turn03/LateDictatorSection,Player,Menu Text en,「我々もその称号を使えるからだ。」
0x010000040000C865,36,65,Sordland/Turn03/LateDictatorSection,Petr Vectern,en,「それだけで彼の行動に対する責任を問うのに十分ですが、なぜわざわざそのような称号を残そうとするのですか？」
0x010000040000C86C,36,66,Sordland/Turn03/LateDictatorSection,Player,en,「任期制か？」
0x010000040000C86C,36,66,Sordland/Turn03/LateDictatorSection,Player,Menu Text en,「任期制か？」
0x010000040000C873,36,67,Sordland/Turn03/LateDictatorSection,Player,en,「その称号は残しておきつつ、彼の免責条項だけは撤廃することができる。」
0x010000040000C873,36,67,Sordland/Turn03/LateDictatorSection,Player,Menu Text en,「その称号は残しておきつつ、彼の免責条項だけは撤廃することができる。」
0x010000040000C87A,36,68,Sordland/Turn03/LateDictatorSection,Petr Vectern,en,「保守的な判事たちからもさらに多くの票を得る必要があります。旧守旧派の中ではヘロン・ガラチが最も弱い環節であると思われます。彼なら我々が必要とする6票を手に入れるのに役立つでしょう。」
0x010000040000C881,36,69,Sordland/Turn03/LateDictatorSection,Petr Vectern,en,「改革派との間でバランスを取り、これを大国民議会の承認法案に依存させることも可能です。確かにその場合は全体の手続きが長引きますが、我々が過半数を握っていれば実質的に何も変わりません。」
0x010000040000C888,36,70,Sordland/Turn03/LateDictatorSection,Player,en,「ああ、それを施行法に依存させることは可能だ。」
0x010000040000C888,36,70,Sordland/Turn03/LateDictatorSection,Player,Menu Text en,「ああ、それを施行法に依存させることは可能だ。」
0x010000040000C88F,36,71,Sordland/Turn03/LateDictatorSection,Lucian Galade,en,「リクター氏はおそらく、それらを完全に撤廃するよう要求してくるでしょう。そのだけでは彼が我々と協議に応じてくれるとは思えません。」
0x010000040000C896,36,72,Sordland/Turn03/LateDictatorSection,Player,en,「大統領の令に改革は必要ないと思う。」
0x010000040000C896,36,72,Sordland/Turn03/LateDictatorSection,Player,Menu Text en,「大統領の令に改革は必要ないと思う。」
0x010000040000C89D,36,73,Sordland/Turn03/LateDictatorSection,Lucian Galade,en,「私も同感です。国家の重要な事案において、大統領が迅速に行動できることが重要だと思います。」
0x010000040000C8A4,36,74,Sordland/Turn03/LateDictatorSection,Petr Vectern,en,「エドモンズ判事と彼女が率いる中道派グループに連絡を取る必要があります。彼らからは3票を得られるでしょう。彼らは守旧派の影響下にあるようには見えず、断じて改革派でもありません。」
0x010000040000C8AB,36,75,Sordland/Turn03/LateDictatorSection,Lucian Galade,en,「はい、混乱を招く可能性があります。」
0x010000040000C8B2,36,76,Sordland/Turn03/LateDictatorSection,Player,en,「私は近いうちに退任するつもりはない。任期制限は設けないのだ。」
0x010000040000C8B2,36,76,Sordland/Turn03/LateDictatorSection,Player,Menu Text en,「私は近いうちに退任するつもりはない。任期制限は設けないのだ。」
0x010000040000C8B9,36,77,Sordland/Turn03/LateDictatorSection,Petr Vectern,en,「確かに可能でしょう。しかし私の意見に関わらず、憲法改正案を可決させるためには彼らの大多数を説得して味方につける*必要があります*。」
0x010000040000C8C0,36,78,Sordland/Turn03/LateDictatorSection,Player,en,「共産主義者が大国民議会に入ることを許してはならない。」
0x010000040000C8C0,36,78,Sordland/Turn03/LateDictatorSection,Player,Menu Text en,「共産主義者が大国民議会に入ることを許してはならない。」
0x010000040000C8C7,36,79,Sordland/Turn03/LateDictatorSection,Petr Vectern,en,「保守派は約40議席を持っています。もし中立派の人々にも我々を支持してもらえれば、『忠誠派』と合わせて十分な票数を確保できるでしょう。」
0x010000040000C8CE,36,80,Sordland/Turn03/LateDictatorSection,Player,en,「では、裁判所において我々の投票権すらないということか？」
0x010000040000C8CE,36,80,Sordland/Turn03/LateDictatorSection,Player,Menu Text en,「では、裁判所において我々の投票権すらないということか？」
0x010000040000C8D5,36,81,Sordland/Turn03/LateDictatorSection,Player,en,「これらの変更を支持してくれるであろう人間は誰だと思うか？」
0x010000040000C8D5,36,81,Sordland/Turn03/LateDictatorSection,Player,Menu Text en,「これらの変更を支持してくれるであろう人間は誰だと思うか？」
0x010000040000C8DC,36,82,Sordland/Turn03/LateDictatorSection,Player,en,「法令をさらに強化し、成文法よりも優先されるようにすべきだ。」
0x010000040000C8DC,36,82,Sordland/Turn03/LateDictatorSection,Player,Menu Text en,「法令をさらに強化し、成文法よりも優先されるようにすべきだ。」
0x010000040000C8E3,36,83,Sordland/Turn03/LateDictatorSection,Lucian Galade,en,「私としては、署名するか拒否権を行使する代わりに、実質的に何も行動を起こさないという選択も可能です。手続きが適切に定められていなければ、法案を永遠に無視しても全く違法ではありません。」
0x010000040000C8EA,36,84,Sordland/Turn03/LateDictatorSection,Lucian Galade,en,「確かに、それは非常に強力な手段ですね。もし大統領が法令による統治を行うことを決めれば、我々の大臣たちの中にも怯える者が出るかもしれません。」
0x010000040000C8F1,36,85,Sordland/Turn03/LateDictatorSection,Player,en,「彼らなら確実に買収できるはずだ。」
0x010000040000C8F1,36,85,Sordland/Turn03/LateDictatorSection,Player,Menu Text en,「彼らなら確実に買収できるはずだ。」
0x010000040000C8F8,36,86,Sordland/Turn03/LateDictatorSection,Lucian Galade,en,「今は第６項目です。これは大統領令に関するものです。改革派がそれらを廃止または制限したいと望んでいることは既にご存知でしょう。しかし、大統領、すでに強力な権限を持つその命令に変更を加えたくないのではないでしょうか。」
0x010000040000C8FF,36,87,Sordland/Turn03/LateDictatorSection,Narrator,en,ルシアンは次の項目へと進んでいった。
0x010000040000C905,36,88,Sordland/Turn03/LateDictatorSection,Lucian Galade,en,「まず、大国民議会が超過半数の賛成によって貴方の拒否権を無効化する手続きを定めることができます。これにより貴方の拒否権の力は制限されますが、もし大統領が法案に対して行動を起こすための期限を設けなければ……」
0x010000040000C90C,36,89,Sordland/Turn03/LateDictatorSection,Lucian Galade,en,「大統領、ご決断を熟考されるための時間をいただけます。」
0x010000040000C913,36,90,Sordland/Turn03/LateDictatorSection,Player,en,「私が彼らに真のリーダーシップを示してみせよう。」
0x010000040000C913,36,90,Sordland/Turn03/LateDictatorSection,Player,Menu Text en,「私が彼らに真のリーダーシップを示してみせよう。」
0x010000040000C91A,36,91,Sordland/Turn03/LateDictatorSection,Petr Vectern,en,「私も同感です。どうせ改革派に逆らうのであれば、わざわざ譲歩をする必要などありません。」
0x010000040000C926,36,93,Sordland/Turn03/LateDictatorSection,Lucian Galade,en,「とはいえ、議会でそのような変更案を提出できるよう、NFPや我々党の保守派とも共通の土台を見出す努力をすべきです。」
0x010000040000C92D,36,94,Sordland/Turn03/LateDictatorSection,Lucian Galade,en,「ええ、改革が実現されると予想しているため、彼らはすでに私を攻撃しようとしています。しかし我々は一部の裁判官と協力し、そのような事態が起こらないようにするつもりです。」
0x010000040000C934,36,95,Sordland/Turn03/LateDictatorSection,Player,en,「もし我々が成功しなかったらどうなるのだろうか？最高裁判所によって私は弾劾されるかもしれない。」
0x010000040000C934,36,95,Sordland/Turn03/LateDictatorSection,Player,Menu Text en,「もし我々が成功しなかったらどうなるのだろうか？最高裁判所によって私は弾劾されるかもしれない。」
0x010000040000C93B,36,96,Sordland/Turn03/LateDictatorSection,Player,en,「その過程で大国民議会を加えることもできるが、弾劾は絶対多数によってのみ可能にすべきだ。」
0x010000040000C93B,36,96,Sordland/Turn03/LateDictatorSection,Player,Menu Text en,「その過程で大国民議会を加えることもできるが、弾劾は絶対多数によってのみ可能にすべきだ。」
0x010000040000C942,36,97,Sordland/Turn03/LateDictatorSection,Player,en,「この法律は完全に廃止してしまおう。」
0x010000040000C942,36,97,Sordland/Turn03/LateDictatorSection,Player,Menu Text en,「この法律は完全に廃止してしまおう。」
0x010000040000C949,36,98,Sordland/Turn03/LateDictatorSection,Player,en,「彼らはいくつの票を持っているのか？」
0x010000040000C949,36,98,Sordland/Turn03/LateDictatorSection,Player,Menu Text en,「彼らはいくつの票を持っているのか？」
0x010000040000C950,36,99,Sordland/Turn03/LateDictatorSection,Petr Vectern,en,「その案は気に入りました。それを使えば改革派の一部を説得できるかもしれません。ですがすべては全体の変更次第です。何も変えない方が良いかもしれません。」
0x010000040000C957,36,100,Sordland/Turn03/LateDictatorSection,Player,en,「裁判所を利用して彼らを分裂させ、打ち負かそう。彼らにはそれだけの報いがある。」
0x010000040000C957,36,100,Sordland/Turn03/LateDictatorSection,Player,Menu Text en,「最高裁判所をいじって、彼らを分断して打ち負かそう。」
0x010000040000C95E,36,101,Sordland/Turn03/LateDictatorSection,Lucian Galade,en,「それは良い案ですね。そうすれば弾劾はほぼ不可能になるでしょう。」
0x010000040000C967,36,102,Sordland/Turn03/LateDictatorSection,Player,en,「これは既に我が政権が実行しようとしていたことだ。」
0x010000040000C967,36,102,Sordland/Turn03/LateDictatorSection,Player,Menu Text en,「これは、我々がすでに実行しようとしていたことだ。」
0x010000040000C96E,36,103,Sordland/Turn03/LateDictatorSection,Player,en,「いや。拒否権に関する条文を変更する必要はない。」
0x010000040000C96E,36,103,Sordland/Turn03/LateDictatorSection,Player,Menu Text en,「いや。拒否権に関する条文を変更する必要はない。」
0x010000040000C975,36,104,Sordland/Turn03/LateDictatorSection,Lucian Galade,en,「なるほどです。」
0x010000040000C97C,36,105,Sordland/Turn03/LateDictatorSection,Lucian Galade,en,「弾劾手続きをより困難にしたり、完全に廃止したりすることも考えられます。そうすれば大統領は自由な行動が取れるでしょう。ですが、それはやや過度かもしれません。」
0x010000040000C983,36,106,Sordland/Turn03/LateDictatorSection,Lucian Galade,en,「これは大臣の任命に関するものです。現在、大統領は大国民議会のメンバーの中から誰でも自由に任命できます。この手続きに関与している者は他にいません。」
0x010000040000C98A,36,107,Sordland/Turn03/LateDictatorSection,Petr Vectern,en,「閾値を下げると、彼らが大国民議会に進出する道が開かれる可能性があります。」
0x010000040000C991,36,108,Sordland/Turn03/LateDictatorSection,Lucian Galade,en,「それは悪くない考えです。我々が大国民議会で過半数を占めている限り、あまり状況は変わらないでしょう。」
0x010000040000C998,36,109,Sordland/Turn03/LateDictatorSection,Lucian Galade,en,「そうでしょうね。」
0x010000040000C99F,36,110,Sordland/Turn03/LateDictatorSection,Player,en,「拒否権の行使範囲を制限し、それを大きな改革として提示することができる。」
0x010000040000C99F,36,110,Sordland/Turn03/LateDictatorSection,Player,Menu Text en,「拒否権の行使範囲を制限し、それを大きな改革として提示することができる。」
0x010000040000C9A6,36,111,Sordland/Turn03/LateDictatorSection,Player,en,「私も同感だ。このプロセスにおいては、より一層大国民議会を関与させるべきだろう。」
0x010000040000C9A6,36,111,Sordland/Turn03/LateDictatorSection,Player,Menu Text en,「私も同感だ。このプロセスにおいては、より一層大国民議会を関与させるべきだろう。」
0x010000040000C9AD,36,112,Sordland/Turn03/LateDictatorSection,Petr Vectern,en,「はい、その過程で群れの中から何人かの『羊』のような裁判官を排除する必要があります。」
0x010000040000C9B4,36,113,Sordland/Turn03/LateDictatorSection,Player,en,「それを最高裁判所に持ち込んで審議してもらえるか？」
0x010000040000C9B4,36,113,Sordland/Turn03/LateDictatorSection,Player,Menu Text en,「それを最高裁判所に持ち込んで審議してもらえるか？」
0x010000040000C9BB,36,114,Sordland/Turn03/LateDictatorSection,Lucian Galade,en,「次は第4節に移ります。」
0x010000040000C9C2,36,115,Sordland/Turn03/LateDictatorSection,Player,en,「議会で3分の2の過半数を得ることは可能だろうか？」
0x010000040000C9C2,36,115,Sordland/Turn03/LateDictatorSection,Player,Menu Text en,「議会で3分の2の過半数を得ることは可能だろうか？」
0x010000040000C9C9,36,116,Sordland/Turn03/LateDictatorSection,Player,en,「その案は気に入った。どのような抜け道を考えているのか？」
0x010000040000C9C9,36,116,Sordland/Turn03/LateDictatorSection,Player,Menu Text en,「その案は気に入った。どのような抜け道を考えているのか？」
0x010000040000C9D0,36,117,Sordland/Turn03/LateDictatorSection,Player,en,「信頼投票を導入することもできる。」
0x010000040000C9D0,36,117,Sordland/Turn03/LateDictatorSection,Player,Menu Text en,「信頼投票を導入することもできる。」
0x010000040000C9D7,36,118,Sordland/Turn03/LateDictatorSection,Lucian Galade,en,「あるいはもっと良い方法として、彼らの要求に従って条文を変更しつつ、大統領が拒否権を維持できるよう新たな抜け道を設けることもできます。」
0x010000040000C9DE,36,119,Sordland/Turn03/LateDictatorSection,Lucian Galade,en,「もちろんです。」
0x010000040000C9E5,36,120,Sordland/Turn03/LateDictatorSection,Petr Vectern,en,「一方、引き上げる場合はより複雑です。NFPが議会から除外されるかもしれませんが、その場合でも議会に党が二つしか残らなければPFJPの議席数も増えてしまうでしょう。」
0x010000040000C9EC,36,121,Sordland/Turn03/LateDictatorSection,Player,en,「我々は引き続きその基準値を利用して有利な状況を保つべきだ。」
0x010000040000C9EC,36,121,Sordland/Turn03/LateDictatorSection,Player,Menu Text en,「我々は引き続きその基準値を利用して有利な状況を保つべきだ。」
0x010000040000C9F3,36,122,Sordland/Turn03/LateDictatorSection,Player,en,「心配しないでくれ。これらの改革により、我々の人気はさらに高まるだろう。」
0x010000040000C9F3,36,122,Sordland/Turn03/LateDictatorSection,Player,Menu Text en,「心配しないでくれ。これらの改革により、我々の人気はさらに高まるだろう。」
0x010000040000C9FA,36,123,Sordland/Turn03/LateDictatorSection,Player,en,「どうせ、我々の過半数の議席をそんな簡単に手放すわけにはいかない。」
0x010000040000C9FA,36,123,Sordland/Turn03/LateDictatorSection,Player,Menu Text en,「どうせ、我々の過半数の議席をそんな簡単に手放すわけにはいかない。」
0x010000040000CA01,36,124,Sordland/Turn03/LateDictatorSection,Lucian Galade,en,「まあ、これらを確実に知ることはできません。前回の選挙では社会党とブルディア労働者党の得票率はどちらも10％前後でした。そのうちの一方が今後数年間で得票を増やす可能性も十分にあります。」
0x010000040000CA0C,36,126,Sordland/Turn03/LateDictatorSection,Lucian Galade,en,「はい、大統領。」
0x010000040000CA13,36,127,Sordland/Turn03/LateDictatorSection,Player,en,「では、我々の*改革*の詳細について話し合おう。」
0x010000040000CA13,36,127,Sordland/Turn03/LateDictatorSection,Player,Menu Text en,「では、我々の*改革*の詳細について話し合おう。」
0x010000040000CA1A,36,128,Sordland/Turn03/LateDictatorSection,Player,en,「今のままで問題ない。」
0x010000040000CA1A,36,128,Sordland/Turn03/LateDictatorSection,Player,Menu Text en,「今のままで問題ない。」
0x010000040000CA21,36,129,Sordland/Turn03/LateDictatorSection,Petr Vectern,en,「改革派の中にもそれを支持する者がいるはずです。」
0x010000040000CA28,36,130,Sordland/Turn03/LateDictatorSection,Lucian Galade,en,「ですから、野党にこれを売り渡したいのでない限り、変更する理由はありません。議会と権力を分かち合えば、彼らが私に好意的になるかもしれません。これはNFPにとっても重要かもしれませんね。」
0x010000040000CA2F,36,131,Sordland/Turn03/LateDictatorSection,Player,en,「彼らは必ずや、国とその未来のための正義の大義を支持するだろう。」
0x010000040000CA2F,36,131,Sordland/Turn03/LateDictatorSection,Player,Menu Text en,「彼らは必ずや、国とその未来のための正義の大義を支持するだろう。」
0x010000040000CA36,36,132,Sordland/Turn03/LateDictatorSection,Lucian Galade,en,「この提案を通すには、11人の裁判官のうち少なくとも6人が賛成票を投じる必要があります。しかしホーカー大統領は裁判官たちに対して絶大な影響力を持っています。」
0x010000040000CA3D,36,133,Sordland/Turn03/LateDictatorSection,Lucian Galade,en,「彼らが最も大きな障害となっています。たとえ議会を通過できたとしても、最高裁長官は我々の改正案を阻止するために全力を尽くすでしょう。」
0x010000040000CA44,36,134,Sordland/Turn03/LateDictatorSection,Petr Vectern,en,「そうであってほしいですね。」
0x010000040000CA4B,36,135,Sordland/Turn03/LateDictatorSection,Player,en,「計画についてはすでに作業を始めたか？」
0x010000040000CA4B,36,135,Sordland/Turn03/LateDictatorSection,Player,Menu Text en,「計画についてはすでに作業を始めたか？」
0x010000040000CA52,36,136,Sordland/Turn03/LateDictatorSection,Lucian Galade,en,「私も同感です、大統領。」
0x010000040000CA59,36,137,Sordland/Turn03/LateDictatorSection,Lucian Galade,en,「議会の130議席の過半数が賛成票を投じてくれる必要があります。しかし、NFPの40票という支援がなければ、必要な166票には決して達しません。キベナー氏の全面的な支持と我々党の協力が不可欠です。」
0x010000040000CA60,36,138,Sordland/Turn03/LateDictatorSection,Petr Vectern,en,「もちろんです。」
0x010000040000CA67,36,139,Sordland/Turn03/LateDictatorSection,Lucian Galade,en,「承知いたしました、大統領。その場合は後ほど対処いたします。」
0x010000040000CA6E,36,140,Sordland/Turn03/LateDictatorSection,Narrator,en,ルシアンはブリーフケースから分厚い書類の束を取り出した。
0x010000040000CA74,36,141,Sordland/Turn03/LateDictatorSection,Player,en,「ああ、その点については必ずしも確信が持てない。」
0x010000040000CA74,36,141,Sordland/Turn03/LateDictatorSection,Player,Menu Text en,「ああ、その点については必ずしも確信が持てない。」
0x010000040000CA7B,36,142,Sordland/Turn03/LateDictatorSection,Player,en,「では、進めよう。」
0x010000040000CA7B,36,142,Sordland/Turn03/LateDictatorSection,Player,Menu Text en,「では、進めよう。」
0x010000040000CA82,36,143,Sordland/Turn03/LateDictatorSection,Lucian Galade,en,「素晴らしい、これにより我々の選択肢がさらに増えます。」
0x010000040000CA89,36,144,Sordland/Turn03/LateDictatorSection,Petr Vectern,en,「我々はこっそりと裁判官たちに連絡を取るべきです。彼らの中には、我々を支持するために独自の判断を下す者もいるかもしれません。」
0x010000040000CA90,36,145,Sordland/Turn03/LateDictatorSection,Player,en,「それが我々にとって何の役に立つというのか？」
0x010000040000CA90,36,145,Sordland/Turn03/LateDictatorSection,Player,Menu Text en,「それが我々にとって何の役に立つというのか？」
0x010000040000CA97,36,146,Sordland/Turn03/LateDictatorSection,Player,en,「この改正を可決させるには裁判所の承認が必要だ。一体なぜ彼らがこれを支持するというのだろうか？」
0x010000040000CA97,36,146,Sordland/Turn03/LateDictatorSection,Player,Menu Text en,「この改正を可決させるには裁判所の承認が必要だ。一体なぜ彼らがこれを支持するというのだろうか？」
0x010000040000CA9E,36,147,Sordland/Turn03/LateDictatorSection,Petr Vectern,en,「しかし、有権者層を変えないままだと、例えば15％の基準を設ければNFPは大国民議会に入れなくなり、政党は二つしか残らないでしょう。フレンスも同様に後退することがなければですが。」
0x010000040000CAA5,36,148,Sordland/Turn03/LateDictatorSection,Petr Vectern,en,「我々は最高裁判所がもはや憲法改正を妨げられないようにするつもりです。」
0x010000040000CAAC,36,149,Sordland/Turn03/LateDictatorSection,Petr Vectern,en,「彼らの大半は賛成しません。ですが、イザベルとの間で合意に達する可能性については既に話し合っており、それによって状況が変わるかもしれません。ヘロンやソル主義者の裁判官たちを味方につけることも可能でしょう。」
0x010000040000CAB3,36,150,Sordland/Turn03/LateDictatorSection,Lucian Galade,en,「第3節に移ります。こちらは大統領の弾劾手続きについてです。現在、反逆罪や憲法違反の場合、最高裁判所が大統領を弾劾し裁判を行うことができます。」
0x010000040000CABA,36,151,Sordland/Turn03/LateDictatorSection,Player,en,「そのお考えには異議を唱えることはできない。」
0x010000040000CABA,36,151,Sordland/Turn03/LateDictatorSection,Player,Menu Text en,「その意見には異議を唱えられない。」
0x010000040000CAC1,36,152,Sordland/Turn03/LateDictatorSection,Lucian Galade,en,「そのお言葉、光栄に思います、大統領。」
0x010000040000CAC8,36,153,Sordland/Turn03/LateDictatorSection,Lucian Galade,en,「ほとんどの人々は、最高裁判所が憲法改正に対して絶対的な権限を持つこと自体を危険だと考えています。大統領、現在の状況をご覧ください。司法部門が他のあらゆる機関よりも強い力を持っているのです。」
0x010000040000CACF,36,154,Sordland/Turn03/LateDictatorSection,Petr Vectern,en,「だからこそ、守旧派は我々に対して交渉の材料を持っているのです。」
0x010000040000CAD6,36,155,Sordland/Turn03/LateDictatorSection,Petr Vectern,en,「この法律は、今回の状況においてあなたにとって特に危険です。我々は守旧派に立ち向かうことになりますが、もし議会で成功を収めることができれば……」
0x010000040000CADD,36,156,Sordland/Turn03/LateDictatorSection,Petr Vectern,en,「もちろん、与党の比率に従ってです。我々の場合は我々だけです。」
0x010000040000CAE4,36,157,Sordland/Turn03/LateDictatorSection,Petr Vectern,en,「はい。そうすれば最高裁判所がもはや立法に対して絶対的な権力を持つことはなくなります。これを使えば他の政党たちを説得することもできるでしょう。」
0x010000040000CAEB,36,158,Sordland/Turn03/LateDictatorSection,Petr Vectern,en,「...彼らはあなたを制圧するため、違憲と宣言できるものは何でも探し出すでしょう。彼らが必要とするのは、あなたを弾劾する最高裁判所だけです。」
0x010000040000CAF2,36,159,Sordland/Turn03/LateDictatorSection,Lucian Galade,en,「しかし、既に分裂勢力が生まれているUSPを結集させるのは困難でしょう。彼らを忠実に従わせなければなりません。」
0x010000040000CAF9,36,160,Sordland/Turn03/LateDictatorSection,Lucian Galade,en,「私は改革派の要求に沿った九つの項目を定めました。一つずつ説明し、ご意見を伺いたいと思います。」
0x010000040000CB00,36,161,Sordland/Turn03/LateDictatorSection,Player,en,「彼らならきっと協力してくれるだろう。」
0x010000040000CB00,36,161,Sordland/Turn03/LateDictatorSection,Player,Menu Text en,「彼らならきっと協力してくれるだろう。」
0x010000040000CB07,36,162,Sordland/Turn03/LateDictatorSection,Petr Vectern,en,「しかし、前回の選挙では社会党とブルディア労働者党の両方がほぼ10パーセントの得票率だったことを忘れてはなりません。」
0x010000040000CB0E,36,163,Sordland/Turn03/LateDictatorSection,Player,en,「我々は彼らを従わせるために必要なことを行うだろう。」
0x010000040000CB0E,36,163,Sordland/Turn03/LateDictatorSection,Player,Menu Text en,「我々は彼らを従わせるために必要なことを行うだろう。」
0x010000040000CB15,36,164,Sordland/Turn03/LateDictatorSection,Lucian Galade,en,「一部の人間はそう考えるかもしれませんが、それでも可決させることは可能ですから、実際には問題ありません。」
0x010000040000CB1C,36,165,Sordland/Turn03/LateDictatorSection,Player,en,「私としては、何の問題もないと思う。」
0x010000040000CB1C,36,165,Sordland/Turn03/LateDictatorSection,Player,Menu Text en,「私としては、何の問題もないと思う。」
0x010000040000CB23,36,166,Sordland/Turn03/LateDictatorSection,Player,en,「以前の選挙の時もやり遂げた。今回も再び団結させることができる。」
0x010000040000CB23,36,166,Sordland/Turn03/LateDictatorSection,Player,Menu Text en,「以前の選挙の時もやり遂げた。今回も再び団結させることができる。」
0x010000040000CB2A,36,167,Sordland/Turn03/LateDictatorSection,Player,en,「私が彼らに従わせてみせる。」
0x010000040000CB2A,36,167,Sordland/Turn03/LateDictatorSection,Player,Menu Text en,「私が彼らに従わせてみせる。」
0x010000040000CB31,36,168,Sordland/Turn03/LateDictatorSection,Lucian Galade,en,「もしこの方向で進むのであれば、全員が集中する必要があります。」
0x010000040000CB38,36,169,Sordland/Turn03/LateDictatorSection,Player,en,「携帯拒否権か？改革派の者たちはそれを見抜かないはずがないよね？」
0x010000040000CB38,36,169,Sordland/Turn03/LateDictatorSection,Player,Menu Text en,「携帯拒否権か？改革派の者たちはそれを見抜かないはずがないよね？」
0x010000040000CB3F,36,170,Sordland/Turn03/LateDictatorSection,Petr Vectern,en,「私は大統領が必ずやり遂げてくださると信じています。もし彼らの支持を得られれば、キベナー氏の支援も加わり、憲法改正に必要な票数を確保できるでしょう。」
0x010000040000CB46,36,171,Sordland/Turn03/LateDictatorSection,Lucian Galade,en,「そのような変更によれば、憲法改正を提案するには引き続き3分の2の賛成票制度が必要となります。ただし、改正案について最終的な決定権を持つのは司法機関ではありません。」
0x010000040000CB4D,36,172,Sordland/Turn03/LateDictatorSection,Player,en,「あなたの言うことには私の注意が向いている。」
0x010000040000CB4D,36,172,Sordland/Turn03/LateDictatorSection,Player,Menu Text en,「あなたの言うことには私の注意が向いている。」
0x010000040000CB54,36,173,Sordland/Turn03/LateDictatorSection,Petr Vectern,en,「はい、ですがこれは極めて微妙な問題です。党全体、いやアルビンでさえも我々に選挙のハードルを下げることを望んでおりません。彼らは、そうすれば長期的に我々の党が破壊されてしまうと考えているのです。」
0x010000040000CB5B,36,174,Sordland/Turn03/LateDictatorSection,Player,en,「我々は確実に、その基準値をある程度引き下げるよう努力すべきだ。」
0x010000040000CB5B,36,174,Sordland/Turn03/LateDictatorSection,Player,Menu Text en,「我々は確実に、その基準値をある程度引き下げるよう努力すべきだ。」
0x010000040000CB62,36,175,Sordland/Turn03/LateDictatorSection,Player,en,「それが本当に党に害を及ぼすとお考えか？」
0x010000040000CB62,36,175,Sordland/Turn03/LateDictatorSection,Player,Menu Text en,「それが本当に党に害を及ぼすとお考えか？」
0x010000040000CB69,36,176,Sordland/Turn03/LateDictatorSection,Petr Vectern,en,「先の選挙では、社会党とブルディア労働者党という二つの主要な左派政党が、どちらも約10パーセント前後の得票率を記録しました。」
0x010000040000CB70,36,177,Sordland/Turn03/LateDictatorSection,Petr Vectern,en,「ええ、我々には投票権がありません。裁判官たちがそう簡単にそのような変更を支持するとは思えませんが、確実に賄賂で買収できるでしょう。」
0x010000040000CB77,36,178,Sordland/Turn03/LateDictatorSection,Player,en,「その数値を単純に引き上げればよいのだ。」
0x010000040000CB77,36,178,Sordland/Turn03/LateDictatorSection,Player,Menu Text en,「その数値を単純に引き上げればよいのだ。」
0x010000040000CB7E,36,179,Sordland/Turn03/LateDictatorSection,Lucian Galade,en,「その通りです。10％という割合のおかげで、選挙では過半数の約3分の1の議席しか持たなくても議会の半数を支配することができました。」
0x010000040000CB85,36,180,Sordland/Turn03/LateDictatorSection,Lucian Galade,en,「第五章では、問題となっている選挙の投票率基準について触れられています。ほとんどの改革派はその基準をできるだけ下げたいと考えています。彼らと協力してみることも可能ですが、現行法のままにしておく方が簡単でしょう。」
0x010000040000CB8C,36,181,Sordland/Turn03/LateDictatorSection,Lucian Galade,en,「数値が下がれば将来的に我々の立場が確実に損なわれます。もし別の政党が大国民議会に選出された場合、我々が予測している得票数は実際の得票数に近づき、それはかなり少ない数になるでしょう。」
0x010000040000CB93,36,182,Sordland/Turn03/LateDictatorSection,Lucian Galade,en,「大統領、多くの人々にとって10％という数字だけでも既に高すぎるようです。引き上げを行えば、改正案に過度な注目が集まる恐れがあります。」
0x010000040000CB9A,36,183,Sordland/Turn03/LateDictatorSection,Lucian Galade,en,「その可能性もあります。そうすれば改革派も変更案を検討する気になるかもしれません。」
0x010000040000CBA1,36,184,Sordland/Turn03/LateDictatorSection,Narrator,en,ルシアンは疑念の目を向けていた。
0x010000040000CBA7,36,185,Sordland/Turn03/LateDictatorSection,Petr Vectern,en,「我々は間違いなく、守旧派と結託した一部の裁判官たちと協力しなければなりません。」
0x010000040000CBAE,36,186,Sordland/Turn03/LateDictatorSection,Lucian Galade,en,「まず第1項から始めましょう。改革派は、大統領の絶対的な拒否権を廃止するか、少なくとも制限することを求めています。その権限を制限することで彼らの要求に応えることが可能でしょう。議会では既に我々が多数派を占めているため、問題は生じないはずです。」
0x010000040000CBB5,36,187,Sordland/Turn03/LateDictatorSection,Petr Vectern,en,「これはすべての党派が一致して同意した点です。タルキン・ソルは自身の『29年憲法』を守るためにこの規則を定めました。これによって守旧派の権力を打破することができます。」
0x010000040000CBBC,36,188,Sordland/Turn03/LateDictatorSection,Lucian Galade,en,「では、二点目に移ります。新しい憲法では、最高裁判所を憲法改正のプロセスから除外すべきです。それによって国民の支持も得られる上、司法機関に対する我々の立場も強化されるでしょう。」
0x010000040000CBC3,36,189,Sordland/Turn03/LateDictatorSection,Narrator,en,ニアはその発言に驚いた。
0x010000040000CBC9,36,190,Sordland/Turn03/LateDictatorSection,Petr Vectern,en,「エドモンズ判事に連絡を取ることができると思います。さらに、ダルトン氏やマールティン氏にもです。我々の知る限り、彼らは守旧派とは協力していません。」
0x010000040000CCC8,37,3,Sordland/Turn03/LateReformistSection,Player,en,「ああ、彼はソードランドの英雄だ。」
0x010000040000CCC8,37,3,Sordland/Turn03/LateReformistSection,Player,Menu Text en,「ああ、彼はソードランドの英雄だ。」
0x010000040000CCCF,37,4,Sordland/Turn03/LateReformistSection,Player,en,「私も同感だ。この役職は廃止すべきだろう。」
0x010000040000CCCF,37,4,Sordland/Turn03/LateReformistSection,Player,Menu Text en,「私も同感だ。この役職は廃止すべきだろう。」
0x010000040000CCD6,37,5,Sordland/Turn03/LateReformistSection,Player,en,「議会で3分の2の過半数を獲得することは可能だろうか？」
0x010000040000CCD6,37,5,Sordland/Turn03/LateReformistSection,Player,Menu Text en,「議会で3分の2の過半数を獲得することは可能だろうか？」
0x010000040000CCDD,37,6,Sordland/Turn03/LateReformistSection,Player,en,「いや、我々はこの法律を尊重すべきだと思う。」
0x010000040000CCDD,37,6,Sordland/Turn03/LateReformistSection,Player,Menu Text en,「いや、我々はこの法律を尊重すべきだと思う。」
0x010000040000CCE4,37,7,Sordland/Turn03/LateReformistSection,Player,en,「その称号は残しておきつつ、彼の免責条項だけは撤廃することができる。」
0x010000040000CCE4,37,7,Sordland/Turn03/LateReformistSection,Player,Menu Text en,「その称号は残しておきつつ、彼の免責条項だけは撤廃することができる。」
0x010000040000CCEB,37,8,Sordland/Turn03/LateReformistSection,Player,en,「つまり、11票中3票しかないということか？」
0x010000040000CCEB,37,8,Sordland/Turn03/LateReformistSection,Player,Menu Text en,「つまり、11票中3票しかないということか？」
0x010000040000CCF2,37,9,Sordland/Turn03/LateReformistSection,Player,en,「すべての大統領は、任期を終えた後にその称号を得るべきなのだ。」
0x010000040000CCF2,37,9,Sordland/Turn03/LateReformistSection,Player,Menu Text en,「すべての大統領は、任期を終えた後にその称号を得るべきなのだ。」
0x010000040000CCF9,37,10,Sordland/Turn03/LateReformistSection,Petr Vectern,en,「申し訳ありません、大統領？」
0x010000040000CD00,37,11,Sordland/Turn03/LateReformistSection,Lucian Galade,en,「もしフレンス・リクターを説得して協力してもらえれば、我々の唯一の問題は与党内部を結束させることだけになります。NFPが協力してくれる見込みはまったくありません。」
0x010000040000CD07,37,12,Sordland/Turn03/LateReformistSection,Petr Vectern,en,「それだけで彼の行動に対する責任を問うのに十分ですが、大統領、なぜそのような称号を保持したいとお考えなのですか？」
0x010000040000CD0E,37,13,Sordland/Turn03/LateReformistSection,Lucian Galade,en,「我々が賛成票を得るには、議会の130議席の過半数の支持が必要です。PFJPの70票という全面的な支援があれば、必要な166票を容易く上回ることができます。」
0x010000040000CD15,37,14,Sordland/Turn03/LateReformistSection,Petr Vectern,en,「改革派はその案に断固として反対するでしょう。」
0x010000040000CD1C,37,15,Sordland/Turn03/LateReformistSection,Lucian Galade,en,「しかし、既に分裂勢力が生まれているUSPを結集させるのは困難でしょう。彼らを忠実に従わせなければなりません。」
0x010000040000CD23,37,16,Sordland/Turn03/LateReformistSection,Petr Vectern,en,「大統領、タルキン・ソルを守りたいのですか？」
0x010000040000CD2A,37,17,Sordland/Turn03/LateReformistSection,Player,en,「以前の選挙でも成し遂げた。今回もまたできる。」
0x010000040000CD2A,37,17,Sordland/Turn03/LateReformistSection,Player,Menu Text en,「以前の選挙でも成し遂げた。今回もまたできる。」
0x010000040000CD31,37,18,Sordland/Turn03/LateReformistSection,Player,en,「我々が主要な人物たちを説得する。」
0x010000040000CD31,37,18,Sordland/Turn03/LateReformistSection,Player,Menu Text en,「我々が主要な人物たちを説得する。」
0x010000040000CD38,37,19,Sordland/Turn03/LateReformistSection,Player,en,「彼のことは別として、偉大な英雄に特別な称号を与えることに何の問題もないと私は思う。」
0x010000040000CD38,37,19,Sordland/Turn03/LateReformistSection,Player,Menu Text en,「彼のことは別として、偉大な英雄に特別な称号を与えることに何の問題もないと私は思う。」
0x010000040000CD3F,37,20,Sordland/Turn03/LateReformistSection,Petr Vectern,en,「アルビン・クラヴィンと彼の改革派グループが大統領を支援してくれるでしょう。彼はすでに委員会の会合で大きな影響力を発揮しています。」
0x010000040000CD46,37,21,Sordland/Turn03/LateReformistSection,Player,en,「それは単なる称号に過ぎない。」
0x010000040000CD46,37,21,Sordland/Turn03/LateReformistSection,Player,Menu Text en,「それは単なる称号に過ぎない。」
0x010000040000CD4D,37,22,Sordland/Turn03/LateReformistSection,Petr Vectern,en,「ですが、保守派を説得するのは困難でしょう。党内には依然としてソルの影響力が強く残っています。」
0x010000040000CD54,37,23,Sordland/Turn03/LateReformistSection,Petr Vectern,en,「確かに可能でしょう。しかし私の意見に関わらず、憲法改正案を可決させるためには彼らの大多数を説得して味方につける*必要があります*。」
0x010000040000CD5B,37,24,Sordland/Turn03/LateReformistSection,Player,en,「積極的な改正を推し進めた後、私も同様の免除措置が必要になるかもしれない。」
0x010000040000CD5B,37,24,Sordland/Turn03/LateReformistSection,Player,Menu Text en,「積極的な改正を推し進めた後、私も同様の免除措置が必要になるかもしれない。」
0x010000040000CD62,37,25,Sordland/Turn03/LateReformistSection,Player,en,「我々はやがて、彼の長期にわたる影響力を排除してみせる。」
0x010000040000CD62,37,25,Sordland/Turn03/LateReformistSection,Player,Menu Text en,「我々はいずれ彼の影響力を排除してみせる。」
0x010000040000CD69,37,26,Sordland/Turn03/LateReformistSection,Player,en,「元大統領たちが特別な扱いを受けるのは不公平ではない。」
0x010000040000CD69,37,26,Sordland/Turn03/LateReformistSection,Player,Menu Text en,「元大統領たちが特別な扱いを受けるのは不公平ではない。」
0x010000040000CD70,37,27,Sordland/Turn03/LateReformistSection,Player,en,「彼らの合計得票数はいくつだ？」
0x010000040000CD70,37,27,Sordland/Turn03/LateReformistSection,Player,Menu Text en,「彼らはいくつの票を持っているのか？」
0x010000040000CD77,37,28,Sordland/Turn03/LateReformistSection,Petr Vectern,en,「この課題を前進させるためには、我々が力を合わせて取り組む必要があります。」
0x010000040000CD7E,37,29,Sordland/Turn03/LateReformistSection,Player,en,「彼らを本当に説得できるとお考えか？」
0x010000040000CD7E,37,29,Sordland/Turn03/LateReformistSection,Player,Menu Text en,「彼らを説得できると思うか？」
0x010000040000CD85,37,30,Sordland/Turn03/LateReformistSection,Petr Vectern,en,「保守派は約40議席を持っています。中立の人々も多数おり、あなたの『忠誠派』の中にも本当の姿を現す者が出てくるかもしれません。」
0x010000040000CD8C,37,31,Sordland/Turn03/LateReformistSection,Lucian Galade,en,「まずはUSP内の守旧派の力を打ち砕かなければなりません。保守派の大部分は依然として彼らのソル大佐に忠実ですから。」
0x010000040000CD93,37,32,Sordland/Turn03/LateReformistSection,Petr Vectern,en,「憲法を改正するには彼らの支持が大部分必要です。そして、彼らに我々の側についてもらうための鍵となる人物は一人しかいません。」
0x010000040000CD9A,37,33,Sordland/Turn03/LateReformistSection,Petr Vectern,en,「彼らに我々を支持してもらうための鍵となる人物は、たった一人しかいません。」
0x010000040000CDA5,37,34,Sordland/Turn03/LateReformistSection,Petr Vectern,en,「ですから、できるだけ多くの保守派に我々を支持してもらう必要があります。そして、彼らに我々側についてもらう上で鍵となる人物は一人しかいません。」
0x010000040000CDAC,37,35,Sordland/Turn03/LateReformistSection,Lucian Galade,en,「グロリア・トーリーです。彼女はソル主義者たちから高く尊敬されており、大国民議会において我々の最大の障害となるでしょう。」
0x010000040000CDB3,37,36,Sordland/Turn03/LateReformistSection,Petr Vectern,en,「ですが、この方法では裁判官たちを説得するのはより困難でしょう。もしあなたがその後彼らを排除しようとしていると思われれば、エドモンズ夫人もあなたと協力したがらないかもしれません。」
0x010000040000CDBA,37,37,Sordland/Turn03/LateReformistSection,Lucian Galade,en,「最後の項目はソルの遺産に関する問題です。具体的には彼の『栄誉議員』制度についてで、これにより彼は引退後でも絶対的な免責特権を持っていました。彼は大国民議会の常任議員でもありますが、幸いなことにもう出席してはいません。」
0x010000040000CDC1,37,38,Sordland/Turn03/LateReformistSection,Lucian Galade,en,「私も、彼女がオルソの手先である可能性があると考える理由があります。彼女を説得するのは困難でしょうが、保守派の支持を得るためには彼女の協力が必要です。」
0x010000040000CDD0,37,40,Sordland/Turn03/LateReformistSection,Lucian Galade,en,「憲法によれば、栄誉議員は法的な免責特権を持つだけでなく、国家によってほとんどの費用も負担され、常時警護も受けます。この地位は議会の絶対多数決と大統領の承認によってのみ誰かに与えられるのです。」
0x010000040000CDD7,37,41,Sordland/Turn03/LateReformistSection,Lucian Galade,en,「もし改革派と合意に達することができれば、このような変更を提案する上で大国民議会において非常に強い立場に立つことができます。」
0x010000040000CDDE,37,42,Sordland/Turn03/LateReformistSection,Petr Vectern,en,「だからその称号を持っているのはタルキン・ソルだけなのです。彼は軍事クーデターの直後に自分自身にその称号を与えました。この法律は本来、あの大佐を救うために作られたものであり、そのためソードランドにとって象徴的な意味合いも持っています。」
0x010000040000CDE5,37,43,Sordland/Turn03/LateReformistSection,Player,en,「任期制は必要なのだ。」
0x010000040000CDE5,37,43,Sordland/Turn03/LateReformistSection,Player,Menu Text en,「任期制は必要なのだ。」
0x010000040000CDEC,37,44,Sordland/Turn03/LateReformistSection,Petr Vectern,en,「彼を守るためのこの無意味な法律は廃止しなければなりません。彼は自らの統治期間中に行われた残虐行為に対して正義の裁きを受けるべきです。」
0x010000040000CDF8,37,46,Sordland/Turn03/LateReformistSection,Player,en,「これは既に我が政権が実行しようとしていたことだ。」
0x010000040000CDF8,37,46,Sordland/Turn03/LateReformistSection,Player,Menu Text en,「これは、我々がすでに実行しようとしていたことだ。」
0x010000040000CDFF,37,47,Sordland/Turn03/LateReformistSection,Player,en,「そのお考えには異議を唱えることはできない。」
0x010000040000CDFF,37,47,Sordland/Turn03/LateReformistSection,Player,Menu Text en,「その意見には異議を唱えられない。」
0x010000040000CE06,37,48,Sordland/Turn03/LateReformistSection,Player,en,「これを最高裁判所で承認してもらうことは可能だろうか？」
0x010000040000CE06,37,48,Sordland/Turn03/LateReformistSection,Player,Menu Text en,「最高裁判所でこれを通過させることは可能か？」
0x010000040000CE0D,37,49,Sordland/Turn03/LateReformistSection,Player,en,「大国民議会が大統領を監視するのは当然で、そこが最も民主的な機関だ。」
0x010000040000CE0D,37,49,Sordland/Turn03/LateReformistSection,Player,Menu Text en,「大国民議会が大統領を監視すべきだ。」
0x010000040000CE14,37,50,Sordland/Turn03/LateReformistSection,Lucian Galade,en,「それの方が良い戦略です。結局のところ、成功させるためには彼らの一部のメンバーを説得する必要があります。」
0x010000040000CE1B,37,51,Sordland/Turn03/LateReformistSection,Petr Vectern,en,「もちろんです、そうすべきでございます。」
0x010000040000CE22,37,52,Sordland/Turn03/LateReformistSection,Petr Vectern,en,「今のところはそれが最善の方法でしょう。もし引き続き裁判所を刺激すれば、エドモンズ夫人との交渉の機会まで失ってしまうかもしれません。」
0x010000040000CE29,37,53,Sordland/Turn03/LateReformistSection,Petr Vectern,en,「その通りです。」
0x010000040000CE30,37,54,Sordland/Turn03/LateReformistSection,Player,en,「大統領をこれほど厳しく非難するのが適切かどうか、私にもよく分からないのだ。」
0x010000040000CE30,37,54,Sordland/Turn03/LateReformistSection,Player,Menu Text en,「大統領をこれほど厳しく非難するのが適切かどうか、私にもよく分からないのだ。」
0x010000040000CE37,37,55,Sordland/Turn03/LateReformistSection,Player,en,「それが我々にとって何の役に立つというのか？」
0x010000040000CE37,37,55,Sordland/Turn03/LateReformistSection,Player,Menu Text en,「それが我々にとって何の役に立つというのか？」
0x010000040000CE3E,37,56,Sordland/Turn03/LateReformistSection,Lucian Galade,en,「彼らが最も大きな障害となっています。たとえ議会を通過できたとしても、最高裁長官は我々の改正案を阻止するために全力を尽くすでしょう。」
0x010000040000CE4A,37,60,Sordland/Turn03/LateReformistSection,Player,en,「彼らの免責特権は尊重すべきだ。」
0x010000040000CE4A,37,60,Sordland/Turn03/LateReformistSection,Player,Menu Text en,「彼らの免責特権は尊重すべきだ。」
0x010000040000CE51,37,61,Sordland/Turn03/LateReformistSection,Player,en,「彼らだって弾劾されるはずだ。なぜ私だけが弾劾され、彼らはされないのだろうか？」
0x010000040000CE51,37,61,Sordland/Turn03/LateReformistSection,Player,Menu Text en,「彼らだって弾劾されるはずだ。なぜ私だけが弾劾され、彼らはされないのだろうか？」
0x010000040000CE58,37,62,Sordland/Turn03/LateReformistSection,Player,en,「ソードランドにおけるさらなる改革の道を開くために、守旧派を打倒すべきだ。」
0x010000040000CE58,37,62,Sordland/Turn03/LateReformistSection,Player,Menu Text en,「旧体制の勢力を打倒し、ソードランドでのさらなる改革の道を開かなければならない。」
0x010000040000CE5F,37,63,Sordland/Turn03/LateReformistSection,Player,en,「まだ最高裁判所を敵に回すべきではないかもしれない。改革は穏やかなものに留めよう。」
0x010000040000CE5F,37,63,Sordland/Turn03/LateReformistSection,Player,Menu Text en,「まだ最高裁判所を敵に回すべきではないかもしれない。」
0x010000040000CE66,37,64,Sordland/Turn03/LateReformistSection,Petr Vectern,en,「この法律は、今回の状況においてあなたにとって特に危険です。我々は守旧派に立ち向かうことになりますが、もし議会で成功を収めることができれば……」
0x010000040000CE6D,37,65,Sordland/Turn03/LateReformistSection,Lucian Galade,en,「ほとんどの人々は、憲法改正に対する最高裁判所の絶対的な権限を危険だと考えています。大統領、現在の状況をご覧ください。司法部門が他のあらゆる機関よりも強い力を持っているのです。」
0x010000040000CE74,37,66,Sordland/Turn03/LateReformistSection,Lucian Galade,en,「この提案を通すには、11人の裁判官のうち少なくとも6人が賛成票を投じる必要があります。しかしホーカー大統領は裁判官たちに対して絶大な影響力を持っています。」
0x010000040000CE7B,37,67,Sordland/Turn03/LateReformistSection,Petr Vectern,en,「ほとんどの改革派は、弾劾手続きを大国民議会が開始すべきだと考えています。彼らは、権力を乱用する可能性のある悪質な大統領に対して、自分たちには何の権限もないと思っているのです。」
0x010000040000CE82,37,68,Sordland/Turn03/LateReformistSection,Lucian Galade,en,「理論上は彼らに絶対的な免責特権が必要だ。だが現実を見てみろ。我々は世界で最も腐敗した最高裁長官に対処しなければならず、彼を取り締まる手段すらないのだ！」
0x010000040000CE89,37,69,Sordland/Turn03/LateReformistSection,Player,en,「草案の詳細を確認しよう。」
0x010000040000CE89,37,69,Sordland/Turn03/LateReformistSection,Player,Menu Text en,「草案を確認しよう。」
0x010000040000CE90,37,70,Sordland/Turn03/LateReformistSection,Petr Vectern,en,「現在の裁判官たちが*問題を抱えている*ことには同意しますが、それを解決する手段としてこれは適切ではありません。法律とは、彼らが圧力を受けないよう法的保護を与えることで司法の独立性を守るものです。」
0x010000040000CE97,37,71,Sordland/Turn03/LateReformistSection,Petr Vectern,en,「大統領、私は彼らの権力を自分のために奪うことには賛成しません。司法機関は独立してかつ永続的でなければなりません。」
0x010000040000CE9E,37,72,Sordland/Turn03/LateReformistSection,Player,en,「最終的な要求は何だ？」
0x010000040000CE9E,37,72,Sordland/Turn03/LateReformistSection,Player,Menu Text en,「最終的な要求とは何だ？」
0x010000040000CEA5,37,73,Sordland/Turn03/LateReformistSection,Petr Vectern,en,「我々は、二度と政治的動機による最高裁判所が生まれないよう徹底して対処します。」
0x010000040000CEAC,37,74,Sordland/Turn03/LateReformistSection,Lucian Galade,en,「裁判官の免責特権に関する問題です。守旧派に対する反感が高まる中、彼らの免責特権を取り上げれば司法機関に対する統制権を得られるという話も出ています。」
0x010000040000CEB3,37,75,Sordland/Turn03/LateReformistSection,Lucian Galade,en,「では第8節に移ります。もうすぐ終わります。」
0x010000040000CEBA,37,76,Sordland/Turn03/LateReformistSection,Petr Vectern,en,「だからこそ、守旧派は我々に対して交渉の材料を持っているのです。」
0x010000040000CEC1,37,77,Sordland/Turn03/LateReformistSection,Petr Vectern,en,「ソルでさえも彼が去らなければならないことは理解しているが、その決定は大統領に委ねよう。」
0x010000040000CEC8,37,78,Sordland/Turn03/LateReformistSection,Lucian Galade,en,「私は、議論のためだけに大統領令の適用範囲にいくつか制限を設けることを提案しました。それらを維持するのであれば、緊急時にのみ使用されるようにしなければなりません。」
0x010000040000CECF,37,79,Sordland/Turn03/LateReformistSection,Player,en,「私は時間をかけて各選択肢を慎重に検討し、その上で一つを決定する。」
0x010000040000CECF,37,79,Sordland/Turn03/LateReformistSection,Player,Menu Text en,「私は時間をかけて各選択肢を慎重に検討し、その上で一つを決定する。」
0x010000040000CED6,37,80,Sordland/Turn03/LateReformistSection,Player,en,「ああ、そうだ。ただ、かなりの時間がかかった。」
0x010000040000CED6,37,80,Sordland/Turn03/LateReformistSection,Player,Menu Text en,「ああ、そうだ。ただ、かなりの時間がかかった。」
0x010000040000CEDD,37,81,Sordland/Turn03/LateReformistSection,Lucian Galade,en,「ええと、次は……」
0x010000040000CEE4,37,82,Sordland/Turn03/LateReformistSection,Petr Vectern,en,「我々はこっそりと裁判官たちに連絡を取るべきです。彼らの中には、我々を支持するために独自の判断を下す者もいるかもしれません。」
0x010000040000CEEB,37,83,Sordland/Turn03/LateReformistSection,Lucian Galade,en,「もちろんです。」
0x010000040000CEF2,37,84,Sordland/Turn03/LateReformistSection,Player,en,「私も同感だ。国民が望むなら、同一人物を再選出することも許されるべきだろう。」
0x010000040000CEF2,37,84,Sordland/Turn03/LateReformistSection,Player,Menu Text en,「私も同感だ。国民が望むなら、同一人物を再選出することも許されるべきだろう。」
0x010000040000CEF9,37,85,Sordland/Turn03/LateReformistSection,Lucian Galade,en,「草案にある9つの項目を一つずつ検討し、まずは大統領のご意見をお聞きしたいと思います。項目を進めながら、モルグナ夫人が彼らの要求について説明してくださるでしょう。」
0x010000040000CF00,37,86,Sordland/Turn03/LateReformistSection,Player,en,「彼らは必ずや、国とその未来のための正義の大義を支持するだろう。」
0x010000040000CF00,37,86,Sordland/Turn03/LateReformistSection,Player,Menu Text en,「彼らは必ずや、国とその未来のための正義の大義を支持するだろう。」
0x010000040000CF07,37,87,Sordland/Turn03/LateReformistSection,Lucian Galade,en,「私も同感です。そのままにしておくことができます。」
0x010000040000CF0E,37,88,Sordland/Turn03/LateReformistSection,Lucian Galade,en,「ねえ、もし人々が同じ人物を繰り返し選出するのであれば、それは彼らが本当に満足しているということだ。大衆は変化を恐れているのです。」
0x010000040000CF15,37,89,Sordland/Turn03/LateReformistSection,Player,en,「成功を収めるためなら、どんな手段でも検討すべきだ。」
0x010000040000CF15,37,89,Sordland/Turn03/LateReformistSection,Player,Menu Text en,「成功を収めるためなら、どんな手段でも検討すべきだ。」
0x010000040000CF1C,37,90,Sordland/Turn03/LateReformistSection,Petr Vectern,en,「私も同感です。ソルのような人物が再び20年間も職を維持することは許してはなりません。」
0x010000040000CF23,37,91,Sordland/Turn03/LateReformistSection,Player,en,「信頼投票を導入することもできる。」
0x010000040000CF23,37,91,Sordland/Turn03/LateReformistSection,Player,Menu Text en,「信頼投票を導入することもできる。」
0x010000040000CF2A,37,92,Sordland/Turn03/LateReformistSection,Petr Vectern,en,「ソルのような人物が再び20年間も職に留まることを許してはなりません。任期制を設けるべきです。」
0x010000040000CF31,37,93,Sordland/Turn03/LateReformistSection,Petr Vectern,en,「大統領、我々は守旧派がもはや最高裁判所を支配できないように必ず対処いたします。」
0x010000040000CF38,37,94,Sordland/Turn03/LateReformistSection,Petr Vectern,en,「そう聞いて安心しました。」
0x010000040000CF3F,37,95,Sordland/Turn03/LateReformistSection,Narrator,en,ルシアンは疑念の目を向けていた。
0x010000040000CF45,37,96,Sordland/Turn03/LateReformistSection,Lucian Galade,en,「草案の9つの項目を一つずつ検討し、ご意見を伺います。モルグナ夫人が各項目に関する要求事項を説明してくださいます。」
0x010000040000CF4C,37,97,Sordland/Turn03/LateReformistSection,Lucian Galade,en,「次は第7条、任期制限です。」
0x010000040000CF53,37,98,Sordland/Turn03/LateReformistSection,Player,en,「あっと。」
0x010000040000CF53,37,98,Sordland/Turn03/LateReformistSection,Player,Menu Text en,「あっと。」
0x010000040000CF5A,37,99,Sordland/Turn03/LateReformistSection,Lucian Galade,en,「ええ、現在の変革の流れを彼らも認識しているため、すでに私を攻撃しようとしています。しかし、そのような事態が起きないよう、一部の裁判官たちと協力するつもりです。」
0x010000040000CF61,37,100,Sordland/Turn03/LateReformistSection,Player,en,「私は近いうちに退任するつもりはない。任期制限は設けないのだ。」
0x010000040000CF61,37,100,Sordland/Turn03/LateReformistSection,Player,Menu Text en,「私は近いうちに退任するつもりはない。任期制限は設けないのだ。」
0x010000040000CF68,37,101,Sordland/Turn03/LateReformistSection,Lucian Galade,en,「先の選挙では社会党とブルディア労働者党の両方がほぼ10パーセント前後の得票率だったことを忘れてはなりません。」
0x010000040000CF6F,37,102,Sordland/Turn03/LateReformistSection,Player,en,「この改正を可決させるには裁判所の承認が必要だ。一体なぜ彼らがこれを支持するというのだろうか？」
0x010000040000CF6F,37,102,Sordland/Turn03/LateReformistSection,Player,Menu Text en,「この変更案を可決させるにも最高裁判所の承認が必要だ。一体なぜ彼らがこれを支持するというのか？」
0x010000040000CF76,37,103,Sordland/Turn03/LateReformistSection,Petr Vectern,en,「はい、詳細については皆で協力して取り組んでまいります。」
0x010000040000CF7D,37,104,Sordland/Turn03/LateReformistSection,Player,en,「任期制か？」
0x010000040000CF7D,37,104,Sordland/Turn03/LateReformistSection,Player,Menu Text en,「任期制か？」
0x010000040000CF84,37,105,Sordland/Turn03/LateReformistSection,Petr Vectern,en,「はい。そうすれば、再び政治的動機による最高裁判所が出現することはないでしょう。」
0x010000040000CF8B,37,106,Sordland/Turn03/LateReformistSection,Lucian Galade,en,「彼らは、これまでなかった任期制を導入するよう我々に求めています。」
0x010000040000CF92,37,107,Sordland/Turn03/LateReformistSection,Lucian Galade,en,「憲法によれば、ニアは最高裁判所の判事ですから、我々側にはすでに一票があることになります。先日の出来事があった後でも彼女はきっと我々を支持してくれるでしょう。彼女の道徳観念はあまりにも強固だからです。」
0x010000040000CF99,37,108,Sordland/Turn03/LateReformistSection,Petr Vectern,en,「はい。タルキン・ソルは20年間統治しました。彼の魔法は人々の心から次第に消えつつあるようで、今では任期制が必要だと考えているようです。」
0x010000040000CFA0,37,109,Sordland/Turn03/LateReformistSection,Lucian Galade,en,「まず第1項から始めます。新しい憲法によって、大統領の絶対的な拒否権に関する抜け穴が是正されるでしょう。」
0x010000040000CFA7,37,110,Sordland/Turn03/LateReformistSection,Lucian Galade,en,「改革にそのような内容を盛り込むのは賢明ではないと思います。」
0x010000040000CFAE,37,111,Sordland/Turn03/LateReformistSection,Lucian Galade,en,「裁判官のうち二人は彼女の友人で、改革についても同じ見解を持っています。彼らも味方だと考えてください。」
0x010000040000CFB5,37,112,Sordland/Turn03/LateReformistSection,Petr Vectern,en,「議会による承認法に基づく形にすることもできます。確かにその場合は手続きが長引きますが、与党が過半数を占めていれば何も変わりません。」
0x010000040000CFBC,37,113,Sordland/Turn03/LateReformistSection,Player,en,「大統領の令に改革は必要ないと思う。」
0x010000040000CFBC,37,113,Sordland/Turn03/LateReformistSection,Player,Menu Text en,「大統領の令に改革は必要ないと思う。」
0x010000040000CFC7,37,115,Sordland/Turn03/LateReformistSection,Player,en,「私は改革派と協力して、布告の使用を制限していくつもりだ。」
0x010000040000CFC7,37,115,Sordland/Turn03/LateReformistSection,Player,Menu Text en,「私は改革派と協力して、布告の使用を制限していくつもりだ。」
0x010000040000CFCE,37,116,Sordland/Turn03/LateReformistSection,Player,en,「私は弾劾制度自体を廃止することだってできる。完全な免除も手に入れられるのだ。」
0x010000040000CFCE,37,116,Sordland/Turn03/LateReformistSection,Player,Menu Text en,「弾劾制度自体を廃止することだってできる。」
0x010000040000CFD5,37,117,Sordland/Turn03/LateReformistSection,Player,en,「この件については、もう少し時間をかけて考える必要があるかもしれない。」
0x010000040000CFD5,37,117,Sordland/Turn03/LateReformistSection,Player,Menu Text en,「この件については、もう少し時間をかけて考える必要があるかもしれない。」
0x010000040000CFDC,37,118,Sordland/Turn03/LateReformistSection,Lucian Galade,en,「第3節に移ります。こちらは大統領の弾劾手続きについてです。現在、反逆罪や憲法違反の場合、最高裁判所が大統領を弾劾し裁判を行うことができます。」
0x010000040000CFE3,37,119,Sordland/Turn03/LateReformistSection,Petr Vectern,en,「かしこまりました。最終案を共に作成し始めるまで、十分な時間がございます。」
0x010000040000CFEA,37,120,Sordland/Turn03/LateReformistSection,Lucian Galade,en,「リクター氏が拒否権を完全に廃止すべきだと大々的に主張しましたが、委員会では漏れがある現行憲法の問題点を修正し、大統領の拒否権を制限することでほぼ全員が合意しています。」
0x010000040000CFF1,37,121,Sordland/Turn03/LateReformistSection,Petr Vectern,en,「フレンスはおそらく、それらを完全に廃止するよう要求してくるでしょう。しかし彼は、ソードランドが大統領制の共和国であることを忘れているのです。」
0x010000040000CFF8,37,122,Sordland/Turn03/LateReformistSection,Player,en,「より洗練された弾劾手続きを定めるべきだ。」
0x010000040000CFF8,37,122,Sordland/Turn03/LateReformistSection,Player,Menu Text en,「より洗練された弾劾手続きを定めるべきだ。」
0x010000040000CFFF,37,123,Sordland/Turn03/LateReformistSection,Lucian Galade,en,「私も同感です。国家の重要な事案において、大統領が迅速に行動できることが重要だと思います。」
0x010000040000D006,37,124,Sordland/Turn03/LateReformistSection,Player,en,「他の者たちもきっと賄賂で買収できるだろう。」
0x010000040000D006,37,124,Sordland/Turn03/LateReformistSection,Player,Menu Text en,「他の者たちもきっと賄賂で買収できるだろう。」
0x010000040000D00D,37,125,Sordland/Turn03/LateReformistSection,Player,en,「他に改革を支持しようとする者はいるのか？」
0x010000040000D00D,37,125,Sordland/Turn03/LateReformistSection,Player,Menu Text en,「他に改革を支持しようとする者はいるのか？」
0x010000040000D014,37,126,Sordland/Turn03/LateReformistSection,Player,en,「それはやや行き過ぎだと思う。」
0x010000040000D014,37,126,Sordland/Turn03/LateReformistSection,Player,Menu Text en,「それは少し行き過ぎだと思う。」
0x010000040000D01B,37,127,Sordland/Turn03/LateReformistSection,Player,en,「もし我々が成功しなかったらどうなるのだろうか？最高裁判所によって私は弾劾されるかもしれない。」
0x010000040000D01B,37,127,Sordland/Turn03/LateReformistSection,Player,Menu Text en,「もし我々が成功しなかったらどうなるのだろうか？最高裁判所によって私は弾劾されるかもしれない。」
0x010000040000D022,37,128,Sordland/Turn03/LateReformistSection,Player,en,「そんな簡単に多数派の地位を手放すわけにはいかない。」
0x010000040000D022,37,128,Sordland/Turn03/LateReformistSection,Player,Menu Text en,「そんな簡単に多数派の地位を手放すわけにはいかない。」
0x010000040000D029,37,129,Sordland/Turn03/LateReformistSection,Player,en,「共産主義者たちが議会に入り、ソードランドを危険にさらすことは許してはならない。」
0x010000040000D029,37,129,Sordland/Turn03/LateReformistSection,Player,Menu Text en,「共産主義者が大国民議会に入ることを許してはならない。」
0x010000040000D030,37,130,Sordland/Turn03/LateReformistSection,Lucian Galade,en,「大統領、うまくいきますように。」
0x010000040000D037,37,131,Sordland/Turn03/LateReformistSection,Petr Vectern,en,「...彼らはあなたを制圧するため、違憲と宣言できるものは何でも探し出すでしょう。彼らが必要とするのは、あなたを弾劾する最高裁判所だけです。」
0x010000040000D03E,37,132,Sordland/Turn03/LateReformistSection,Petr Vectern,en,「大統領、私も同感です。」
0x010000040000D049,37,134,Sordland/Turn03/LateReformistSection,Lucian Galade,en,「大統領、これは確かに微妙な問題であることは承知しております。ですが、これらについてご検討いただく時間はまだございます。」
0x010000040000D050,37,135,Sordland/Turn03/LateReformistSection,Lucian Galade,en,「私の提案としては、議会が超過半数によって拒否権を覆すための手続きを詳述した条項を加えることです。一人の人間が他者全員の意思を妨げることがあってはなりません。」
0x010000040000D057,37,136,Sordland/Turn03/LateReformistSection,Lucian Galade,en,「第6条です。これは大統領の布告に関するものです。改革派は大統領の行政権限に対するより一層の制限を求めており、リクター氏はそれらを完全に廃止すべきだと主張しています。」
0x010000040000D05E,37,137,Sordland/Turn03/LateReformistSection,Player,en,「私も同感だ。このプロセスにおいては、より一層大国民議会を関与させるべきだろう。」
0x010000040000D05E,37,137,Sordland/Turn03/LateReformistSection,Player,Menu Text en,「私も同感だ。このプロセスにおいては、より一層大国民議会を関与させるべきだろう。」
0x010000040000D065,37,138,Sordland/Turn03/LateReformistSection,Petr Vectern,en,「この手続きに議会を関与させるよう求める声が確実に存在しています。」
0x010000040000D06C,37,139,Sordland/Turn03/LateReformistSection,Petr Vectern,en,「リクター氏と彼のPFJPは、この問題における変革を強く望んでいます。彼らは我々の10％という選挙門戸制を非民主的だと考えているのですが、私はそれに同意しません。」
0x010000040000D073,37,140,Sordland/Turn03/LateReformistSection,Lucian Galade,en,「それは国の安定を損なう可能性があります。」
0x010000040000D07A,37,141,Sordland/Turn03/LateReformistSection,Lucian Galade,en,「これは大臣の任命に関するものです。現在、大統領は大国民議会のメンバーの中から誰でも自由に任命できます。この手続きに関与している者は他にいません。」
0x010000040000D081,37,142,Sordland/Turn03/LateReformistSection,Lucian Galade,en,「第五章では、問題となっている選挙の門戸制限について触れられています。ほとんどの改革派は、その門戸制限をできるだけ引き下げたいと考えています。」
0x010000040000D088,37,143,Sordland/Turn03/LateReformistSection,Narrator,en,ルシアンは次の項目へと進んでいった。
0x010000040000D08E,37,144,Sordland/Turn03/LateReformistSection,Petr Vectern,en,「彼らの大半は賛成しません。ですが、私の投票とイザベルとの間で合意に達する可能性については既に話し合った通り、状況を変えることがあるでしょう。」
0x010000040000D095,37,145,Sordland/Turn03/LateReformistSection,Lucian Galade,en,「次は第2項です。新憲法では、憲法改正の手続きから最高裁判所を除外することになります。」
0x010000040000D09C,37,146,Sordland/Turn03/LateReformistSection,Lucian Galade,en,「守旧派だけを賄賂で買収することは不可能です。ガラチ判事とホーカー最高裁長官も我々を妨害するために全力を尽くすでしょう。」
0x010000040000D0A3,37,147,Sordland/Turn03/LateReformistSection,Lucian Galade,en,「エドモンズ判事なら説得できると思います。それに、ダルトン氏やマールティン氏も同様です。」
0x010000040000D0AA,37,148,Sordland/Turn03/LateReformistSection,Petr Vectern,en,「これもまた、すべての党派が一致して合意した点です。タルキン・ソルは自身の『29年憲法』を守るためにこの規則を定めました。裁判官の大半が彼の支配下にあることは我々皆が知っていることです。」
0x010000040000D0B1,37,149,Sordland/Turn03/LateReformistSection,Lucian Galade,en,「閾値を下げれば、将来的に彼らが議会に入る道を開くことになります。これをご理解いただくことは重要です。」
0x010000040000D0B8,37,150,Sordland/Turn03/LateReformistSection,Lucian Galade,en,「投票数は三票です。ですが、エドモンズ判事も説得できると思います。彼女に加え、ダルトン氏とマールティン氏という他の二人の判事もです。」
0x010000040000D0BF,37,151,Sordland/Turn03/LateReformistSection,Lucian Galade,en,「はい、前回の選挙では社会党とブルディア労働者党が5％を超える得票率を記録しました。」
0x010000040000D0C6,37,152,Sordland/Turn03/LateReformistSection,Lucian Galade,en,「閾値を下げると、彼らが大国民議会に進出する道が開かれる可能性があります。」
0x010000040000D0CD,37,153,Sordland/Turn03/LateReformistSection,Player,en,「彼らに交渉を押し付けることは許されないだろう。」
0x010000040000D0CD,37,153,Sordland/Turn03/LateReformistSection,Player,Menu Text en,「彼らに交渉を押し付けることは許されないだろう。」
0x010000040000D0D4,37,154,Sordland/Turn03/LateReformistSection,Lucian Galade,en,「もちろん、その場合USPが議会での過半数を失う可能性もあるのです、大統領。」
0x010000040000D0DB,37,155,Sordland/Turn03/LateReformistSection,Player,en,「その抜け道によって大統領が過度な権力を握り、それが悪用される恐れがある。」
0x010000040000D0DB,37,155,Sordland/Turn03/LateReformistSection,Player,Menu Text en,「その抜け道のせいで大統領に過度な権力が与えられてしまっている。」
0x010000040000D0E2,37,156,Sordland/Turn03/LateReformistSection,Player,en,「私はリクター氏の意見に賛同する。拒否権は完全に廃止されるべきだ。」
0x010000040000D0E2,37,156,Sordland/Turn03/LateReformistSection,Player,Menu Text en,「私はリクター氏の意見に賛同する。拒否権は完全に廃止されるべきだ。」
0x010000040000D0E9,37,157,Sordland/Turn03/LateReformistSection,Player,en,「もし我々の民主主義が衰退の原因であるなら、それを受け入れるしかないのだ。」
0x010000040000D0E9,37,157,Sordland/Turn03/LateReformistSection,Player,Menu Text en,「もし我々の民主主義が衰退の原因であるなら、それを受け入れるしかないのだ。」
0x010000040000D0F0,37,158,Sordland/Turn03/LateReformistSection,Lucian Galade,en,「彼らはソル主義のイデオロギーに真に惑わされていたわけではありません。」
0x010000040000D0F7,37,159,Sordland/Turn03/LateReformistSection,Player,en,「心配しないでくれ。これらの改革により、我々の人気はさらに高まるだろう。」
0x010000040000D0F7,37,159,Sordland/Turn03/LateReformistSection,Player,Menu Text en,「心配しないでくれ。これらの改革により、我々の人気はさらに高まるだろう。」
0x010000040000D0FE,37,160,Sordland/Turn03/LateReformistSection,Lucian Galade,en,「第4条です。」
0x010000040000D105,37,161,Sordland/Turn03/LateReformistSection,Lucian Galade,en,「そうかもしれません。ですが、リクター氏はそのようには考えていません。」
0x010000040000D10C,37,162,Sordland/Turn03/LateReformistSection,Petr Vectern,en,「もし全体の内容が彼らの希望通りであれば、フレンスも自分の意見に反対することはないでしょう。些細な点だけでこのような大きな変更を拒むはずがありません。」
0x010000040000D113,37,163,Sordland/Turn03/LateReformistSection,Petr Vectern,en,「はい、ですがこれは極めて微妙な問題です。党全体、いやアルビンでさえも我々に選挙のハードルを下げることを望んでおりません。彼らは、そうすれば長期的に我々の党が破壊されてしまうと考えているのです。」
0x010000040000D11A,37,164,Sordland/Turn03/LateReformistSection,Lucian Galade,en,「その通りです。10％という割合のおかげで、選挙では過半数の約3分の1の議席しか持たなくても議会の半数を支配することができました。」
0x010000040000D121,37,165,Sordland/Turn03/LateReformistSection,Lucian Galade,en,「しかし、裁判所の中道派を買収してみることもできます。ダルトン氏やマールティン氏なら賄賂で動かせるかもしれません。最も難しいのはエドモンズ夫人でしょう。」
0x010000040000D128,37,166,Sordland/Turn03/LateReformistSection,Player,en,「しかし、その高いハードルこそが、ソードランドの政治がこれほどまでに孤立する原因なのだ。」
0x010000040000D128,37,166,Sordland/Turn03/LateReformistSection,Player,Menu Text en,「しかし、高い投票率のハードルこそが、ソードランドの政治がこれほどまでに孤立化した原因なのだ。」
0x010000040000D12F,37,167,Sordland/Turn03/LateReformistSection,Petr Vectern,en,「改革派の方々も間違いなくそれを全面的に支持するでしょう。」
0x010000040000D136,37,168,Sordland/Turn03/LateReformistSection,Player,en,「我々の民主主義においてより良い代表制を実現するため、確実にその基準値を引き下げるよう努力すべきだ。」
0x010000040000D136,37,168,Sordland/Turn03/LateReformistSection,Player,Menu Text en,「民主主義におけるより良い代表性を実現するため、確実にそのハードルを下げるよう努力すべきだ。」
0x010000040000D13D,37,169,Sordland/Turn03/LateReformistSection,Lucian Galade,en,「一部の改革派から、大統領が承認する前に議会が大臣を指名すべきだという意見が出ました。」
0x010000040000D144,37,170,Sordland/Turn03/LateReformistSection,Player,en,「それが本当に党に害を及ぼすとお考えか？」
0x010000040000D144,37,170,Sordland/Turn03/LateReformistSection,Player,Menu Text en,「それが本当に党に害を及ぼすとお考えか？」
0x010000040000D14B,37,171,Sordland/Turn03/LateReformistSection,Lucian Galade,en,「どのような決断をなさっても、バランスの取れた状況把握が重要です。我々はソルの『29年憲法』を改正することで歴史を作り出すことになるのです。」
0x010000040000D152,37,172,Sordland/Turn03/LateReformistSection,Player,en,「それは断じてあり得ない。」
0x010000040000D152,37,172,Sordland/Turn03/LateReformistSection,Player,Menu Text en,「それは断じてあり得ない。」
0x010000040000D159,37,173,Sordland/Turn03/LateReformistSection,Petr Vectern,en,「これは憲法改正に関する全ての議論の出発点の一つです。」
0x010000040000D160,37,174,Sordland/Turn03/LateReformistSection,Petr Vectern,en,「おっしゃる通りです。ソルが辞任した後でも、議会には依然として三つの政党が存在します。キベナー氏のNFPでさえかろうじて当選した程度です。」
0x010000040000D167,37,175,Sordland/Turn03/LateReformistSection,Petr Vectern,en,「もちろん、与党の比率に従ってです。我々の場合は我々だけです。」
0x010000040000D16E,37,176,Sordland/Turn03/LateReformistSection,Petr Vectern,en,「はい、エドモンズ判事と話をする必要があります。もし彼女を説得できれば、必要な6票を手に入れられるかもしれません。それが我々の最善の策です。」
0x010000040000D175,37,177,Sordland/Turn03/LateReformistSection,Petr Vectern,en,「私も同感です。ソルが辞任した後でも、議会には依然として三つの政党が存在します。キベナー氏のNFPでさえかろうじて当選した程度です。」
0x010000040000D17C,37,178,Sordland/Turn03/LateReformistSection,Petr Vectern,en,「はい、あの三人は最高裁長官ホーカーと直接協力しているようには見えません。もしイザベル・エドモンズを説得できれば、必要な6票を手に入れられるかもしれません。それが我々の最善の策です。」
0x010000040000D183,37,179,Sordland/Turn03/LateReformistSection,Lucian Galade,en,「それも私の提案でした。」
0x010000040000D18A,37,180,Sordland/Turn03/LateReformistSection,Petr Vectern,en,「これはどの改革派にとっても議論の対象になるような事柄だとは思いません。」
0x010000040000D191,37,181,Sordland/Turn03/LateReformistSection,Petr Vectern,en,「憲法改正を実現するのは依然として非常に困難でしょう。改正案を提出するために3分の2の賛成票制を維持しなければならないからです。ただし、改正案について最終的な決定権を持つのは司法機関ではありません。」
0x010000040000D198,37,182,Sordland/Turn03/LateReformistSection,Petr Vectern,en,「クラヴィン氏や我々党の改革派は現行法に何の問題も抱いておりません。PFJPも説得できるはずです。」
0x010000000007BCC7,38,3,Sordland/Turn03/Personal_FrancTalk,Narrator,en,土曜日の午後で、何年も働き続けた末にようやく得た初めての休みであり、天気もまさに最高だった。シルカスの暗殺によって引き起こされた混乱のことを頭から追い払おうとしながら、私は裏庭のグリルに火をつけた。
0x010000000007BCCE,38,4,Sordland/Turn03/Personal_FrancTalk,Narrator,en,モニカとディアナは工芸用品を買いに出かけており、私は職員たちに休日を与えていた。家には私とフランクだけがいた。
0x010000000007BCD6,38,5,Sordland/Turn03/Personal_FrancTalk,Narrator,en,案の定、フランクはグリルと肉を見るなり外に出てきて私と一緒になった。
0x010000000007BCDE,38,6,Sordland/Turn03/Personal_FrancTalk,Franc,en,「父さん、変なこと考えるなよ。俺はただリブが食べたいだけだから。」
0x010000000007BCE5,38,7,Sordland/Turn03/Personal_FrancTalk,Player,en,「それが、息子よ、賄賂の仕組みだ。」
0x010000000007BCE5,38,7,Sordland/Turn03/Personal_FrancTalk,Player,Menu Text en,「それが、息子よ、賄賂の仕組みだ。」
0x010000000007BCEC,38,8,Sordland/Turn03/Personal_FrancTalk,Franc,en,「はあ。なんて素晴らしい例を示すんだよ、父さん。」
0x010000000007BCF4,38,9,Sordland/Turn03/Personal_FrancTalk,Player,en,「まずは彼らのために働く必要がある。これらの炎を扇いで私を助けてくれ。」
0x010000000007BCF4,38,9,Sordland/Turn03/Personal_FrancTalk,Player,Menu Text en,「まずは彼らのために働く必要がある。これらの炎を扇いで私を助けてくれ。」
0x010000000007BCFC,38,10,Sordland/Turn03/Personal_FrancTalk,Player,en,「父親に逆らう子供は夕食をもらえない。この炎を扇いでくれないか？」
0x010000000007BCFC,38,10,Sordland/Turn03/Personal_FrancTalk,Player,Menu Text en,「父親に逆らう子供は夕食をもらえない。この炎を扇いでくれないか？」
0x010000000007BD03,38,11,Sordland/Turn03/Personal_FrancTalk,Narrator,en,フランクはため息をつき、だらしなく扇子を振ったため、火が消えかけるほどだった。
0x010000000007BD0C,38,12,Sordland/Turn03/Personal_FrancTalk,Player,en,「その調子では夕食の時間になっても終わらない。もっと真剣に取り組みなさい！」
0x010000000007BD0C,38,12,Sordland/Turn03/Personal_FrancTalk,Player,Menu Text en,「その調子では夕食の時間になっても終わらない。もっと真剣に取り組みなさい！」
0x010000000007BD13,38,13,Sordland/Turn03/Personal_FrancTalk,Player,en,「気にしないでくれ、私が自分でやる。台所から大きな盛り付け皿を持ってきてくれれば十分だ。」
0x010000000007BD13,38,13,Sordland/Turn03/Personal_FrancTalk,Player,Menu Text en,「気にしないでくれ、私が自分でやる。台所から大きな盛り付け皿を持ってきてくれれば十分だ。」
0x010000000007BD1A,38,14,Sordland/Turn03/Personal_FrancTalk,Player,en,「うまくいったな？誰にでも支払わねばならない代償がある。それを忘れるな。」
0x010000000007BD1A,38,14,Sordland/Turn03/Personal_FrancTalk,Player,Menu Text en,「うまくいったな？誰にでも支払わねばならない代償がある。それを忘れるな。」
0x010000000007BD22,38,15,Sordland/Turn03/Personal_FrancTalk,Player,en,「それは政治の世界だ、フランク。もう世の中の仕組みを学ぶ年齢だろう。」
0x010000000007BD22,38,15,Sordland/Turn03/Personal_FrancTalk,Player,Menu Text en,「それは政治の世界だ、フランク。もう世の中の仕組みを学ぶ年齢だろう。」
0x010000000007BD29,38,16,Sordland/Turn03/Personal_FrancTalk,Narrator,en,彼は何かを言いそうな様子だったが、すぐに口を閉じて頷いた。
0x010000000007BD32,38,17,Sordland/Turn03/Personal_FrancTalk,Franc,en,「わかったよ。」
0x010000000007BD3D,38,18,Sordland/Turn03/Personal_FrancTalk,Franc,en,「頑張ってるよ。」
0x010000000007BD44,38,19,Sordland/Turn03/Personal_FrancTalk,Narrator,en,彼は以前と変わらず、やる気なく話し続けた。
0x010000000007BD4B,38,20,Sordland/Turn03/Personal_FrancTalk,Franc,en,「え、もう俺、父さんの部下なんだ？」
0x010000000007BD54,38,21,Sordland/Turn03/Personal_FrancTalk,Player_Italic,en,私はフランクの手から扇子を奪い取り、必死に炎を煽ぎ始めた。
0x010000000007BD54,38,21,Sordland/Turn03/Personal_FrancTalk,Player_Italic,Menu Text en,彼に正しいやり方を示してあげる
0x010000000007BD64,38,22,Sordland/Turn03/Personal_FrancTalk,Player,en,「ほらね？簡単だよ。」
0x010000000007BD64,38,22,Sordland/Turn03/Personal_FrancTalk,Player,Menu Text en,「ほらね？簡単だよ。」
0x010000000007BD6B,38,23,Sordland/Turn03/Personal_FrancTalk,Player,en,「私の父なら、このようなことをした私を平手打ちしただろう。」
0x010000000007BD6B,38,23,Sordland/Turn03/Personal_FrancTalk,Player,Menu Text en,「私の父なら、このようなことをした私を平手打ちしただろう。」
0x010000000007BD72,38,24,Sordland/Turn03/Personal_FrancTalk,Player,en,「努力はたいてい報われるものだ。」
0x010000000007BD72,38,24,Sordland/Turn03/Personal_FrancTalk,Player,Menu Text en,「努力はたいてい報われるものだ。」
0x010000000007BD7C,38,25,Sordland/Turn03/Personal_FrancTalk,Franc,en,「父さんがこんなことしたら平手打ちされるだろうから、君がそうしなくてくれてありがたいかもな」
0x010000000007BD92,38,26,Sordland/Turn03/Personal_FrancTalk,Franc,en,「うん、父さん。『たいてい』ね。」
0x010000000007BD9F,38,27,Sordland/Turn03/Personal_FrancTalk,Player,en,「怒らせないでくれ。私の言う通りにしろ。」
0x010000000007BD9F,38,27,Sordland/Turn03/Personal_FrancTalk,Player,Menu Text en,「怒らせないでくれ。私の言う通りにしろ。」
0x010000000007BDA7,38,28,Sordland/Turn03/Personal_FrancTalk,Player,en,「私の息子に頼み事をしてもよろしいではないか？」
0x010000000007BDA7,38,28,Sordland/Turn03/Personal_FrancTalk,Player,Menu Text en,「もう息子に頼み事すらできないのか？」
0x010000000007BDAF,38,29,Sordland/Turn03/Personal_FrancTalk,Franc,en,「うわ、あの目つき、わかるよ。」
0x010000000007BDB7,38,30,Sordland/Turn03/Personal_FrancTalk,Narrator,en,フランクは、肉や野菜をすべて入れるのに十分な大きさのトレイを持って戻ってきた。火は依然として弱々しく燃え続けていた。
0x010000000007BDBF,38,31,Sordland/Turn03/Personal_FrancTalk,Franc,en,「こっち、私がやってみる。」
0x010000000007BDC8,38,32,Sordland/Turn03/Personal_FrancTalk,Narrator,en,彼は扇子を手に取り、素早くその扇子で炭火を煽り始めた。すると火が勢いよく燃え上がった。
0x010000000007BDD0,38,33,Sordland/Turn03/Personal_FrancTalk,Player,en,「よくやった。」
0x010000000007BDD0,38,33,Sordland/Turn03/Personal_FrancTalk,Player,Menu Text en,「よくやった。」
0x010000000007BDD7,38,34,Sordland/Turn03/Personal_FrancTalk,Player,en,「悪くない、息子よ、悪くない。」
0x010000000007BDD7,38,34,Sordland/Turn03/Personal_FrancTalk,Player,Menu Text en,「悪くない、息子よ、悪くない。」
0x010000000007BDE5,38,35,Sordland/Turn03/Personal_FrancTalk,Narrator,en,彼は満面の笑みを浮かべて私の方を振り返り、まるで褒め言葉を期待しているかのようだった。
0x010000000007BDED,38,36,Sordland/Turn03/Personal_FrancTalk,Player_Italic,en,私は何も言わず、フランクの笑みは消えていった。我々二人とも火を見つめていた。
0x010000000007BDED,38,36,Sordland/Turn03/Personal_FrancTalk,Player_Italic,Menu Text en,何も言わない
0x010000000007BDF7,38,37,Sordland/Turn03/Personal_FrancTalk,Franc,en,「ありがとうございます、父さん。自分の役割を正確に果たすことが、僕たちにとって最も大事なことだ。尋問はあとちょうど1分32秒で始まる。」
0x010000000007BDFE,38,38,Sordland/Turn03/Personal_FrancTalk,Narrator,en,それはルシアンを見事に真似たものだった。我々は一瞬お互いを見つめ合った後、思わず大笑いした。
0x010000000007BE08,38,39,Sordland/Turn03/Personal_FrancTalk,Player_Italic,en,私は何も言わずにフランクの方を向き、彼の目をまっすぐ見つめた。すると彼はすぐに理解した。
0x010000000007BE08,38,39,Sordland/Turn03/Personal_FrancTalk,Player_Italic,Menu Text en,フランクを怒りの目で見つめる
0x010000000007BE11,38,40,Sordland/Turn03/Personal_FrancTalk,Narrator,en,最近では、フランクが私の言うことに同意するなんて滅多になかった。私は火の世話をしに向かった。
0x010000000007BE29,38,41,Sordland/Turn03/Personal_FrancTalk,Narrator,en,私は喉がひどく渇いていることに気づいた。台所にはビールの6本入りパックがあった。
0x010000000007BE32,38,42,Sordland/Turn03/Personal_FrancTalk,Player,en,「フランク、ビールを一杯持ってきてくれないか？」
0x010000000007BE32,38,42,Sordland/Turn03/Personal_FrancTalk,Player,Menu Text en,「フランク、ビールを一杯持ってきてくれないか？」
0x010000000007BE39,38,43,Sordland/Turn03/Personal_FrancTalk,Player,en,「フランクの性格の核心や、彼が人生で何を望んでいるのかを知るために、ビールを数本持ってきてはどうだ？」
0x010000000007BE39,38,43,Sordland/Turn03/Personal_FrancTalk,Player,Menu Text en,「フランクの性格の核心や、彼が人生で何を望んでいるのかを知るために、ビールを数本持ってきてはどうだ？」
0x010000000007BE42,38,44,Sordland/Turn03/Personal_FrancTalk,Narrator,en,彼は信じられないという様子で私を見つめた。
0x010000000007BE49,38,45,Sordland/Turn03/Personal_FrancTalk,Player_Italic,en,私は立ち上がり、ビールを一本取ってから再びグリルのところに戻った。
0x010000000007BE49,38,45,Sordland/Turn03/Personal_FrancTalk,Player_Italic,Menu Text en,立ち上がってビールを取ってこい
0x010000000007BE52,38,46,Sordland/Turn03/Personal_FrancTalk,Narrator,en,フランクは何も言わずに立ち上がり、キッチンへ行って冷たいビールを持って戻ってきた。
0x010000000007BE5A,38,47,Sordland/Turn03/Personal_FrancTalk,Player,en,「ありがとう。」
0x010000000007BE5A,38,47,Sordland/Turn03/Personal_FrancTalk,Player,Menu Text en,「ありがとう。」
0x010000000007BE62,38,48,Sordland/Turn03/Personal_FrancTalk,Player_Italic,en,私はビールの蓋を開け、街のスカイラインを眺めた。父と息子である我々は、共にその静けさを楽しんだ。
0x010000000007BE62,38,48,Sordland/Turn03/Personal_FrancTalk,Player_Italic,Menu Text en,ビールを開ける
0x010000000007BE6A,38,49,Sordland/Turn03/Personal_FrancTalk,Franc,en,「つまり、私ができるってこと？でも母さんが──」
0x010000000007BE71,38,50,Sordland/Turn03/Personal_FrancTalk,Narrator,en,彼は言葉を飲み込み、急いで中に駆け込んで二本のビールを持って戻ってきた。我々は瓶の蓋を開けて軽くぶつけ合い、街のスカイラインを眺めた。
0x010000000007BE79,38,51,Sordland/Turn03/Personal_FrancTalk,Narrator,en,私はビールの蓋を開け、街のスカイラインを眺めた。父と息子である我々は、共にその静けさを楽しんだ。
0x010000000007BE81,38,52,Sordland/Turn03/Personal_FrancTalk,Narrator,en,私はそれを開けて座り、息子と一緒に街のスカイラインを眺めた。
0x010000000007BE89,38,53,Sordland/Turn03/Personal_FrancTalk,Narrator,en,一瞬、私の思いは子供時代や実の父親との関係へと遡っていった。
0x010000000007BE94,38,54,Sordland/Turn03/Personal_FrancTalk,Franc,en,「父さん、ちょっと聞いてもいい？」
0x010000000007BEBA,38,61,Sordland/Turn03/Personal_FrancTalk,Narrator,en,私の父は貧しい人で、わずかな収入だけで我々を養うのに苦労していた。私がフランクと同じ年齢になるずっと前から、父は私を農場で働かせていたが、それでも常に生活費を賄えるわけではなかった。それでも我々は家族として常に仲が良かったのだ。
0x010000000007BEC2,38,62,Sordland/Turn03/Personal_FrancTalk,Narrator,en,私の父は裕福な人だった。我々家族は食べ物や服、その他何かを心配する必要がほとんどなかった。しかし彼はほとんど常に外出しており、家にいる稀な機会でもずっと気が散っていた。
0x010000000007BECA,38,63,Sordland/Turn03/Personal_FrancTalk,Narrator,en,私の父は勤勉な人で、常に我々の最善の利益を考えていた――少なくとも、彼自身はそう言っていた。しかし彼には気性が激しく、口論の際には母を怒鳴りつけることがあり、その声は私の寝室からでも聞こえた。私がフランクと同じ年齢になった頃には、我々はほとんど話さなくなっていた。
0x010000000007BED2,38,64,Sordland/Turn03/Personal_FrancTalk,Narrator,en,私が大統領になってから、フランクが私が経験したような苦労をすることは決してないだろうと分かっていた。少し嫉妬の気持ちを抱いていたのも否定できなかった。
0x010000000007BEDA,38,65,Sordland/Turn03/Personal_FrancTalk,Narrator,en,私が大統領になってから、父と同じような存在になってしまうのではないかと心配していた。フランクの人生から遠く離れ、そばにいない存在になってしまうのではないかと。
0x010000000007BEE2,38,66,Sordland/Turn03/Personal_FrancTalk,Narrator,en,私が大統領になってからは、父がかつて経験したことのないほどのストレスに直面するようになった。家族に怒りをぶつけないよう、必死で努力しなければならなかった。
0x010000000007BEEF,38,67,Sordland/Turn03/Personal_FrancTalk,Player,en,「どうぞ。」
0x010000000007BEEF,38,67,Sordland/Turn03/Personal_FrancTalk,Player,Menu Text en,「どうぞ。」
0x010000000007BEF6,38,68,Sordland/Turn03/Personal_FrancTalk,Player,en,「我々は家族だ。何でも尋ねて構わない。」
0x010000000007BEF6,38,68,Sordland/Turn03/Personal_FrancTalk,Player,Menu Text en,「我々は家族だ。何でも尋ねて構わない。」
0x010000000007BEFD,38,69,Sordland/Turn03/Personal_FrancTalk,Player_Italic,en,私は、彼が何と言うべきか考えるのを待った。
0x010000000007BEFD,38,69,Sordland/Turn03/Personal_FrancTalk,Player_Italic,Menu Text en,彼が続けるのを待つ
0x010000000007BF07,38,70,Sordland/Turn03/Personal_FrancTalk,Franc,en,「ただ……父さん、あなたが私から隠していることがすごく多い気がするんだ。過去のことも、今起きていることも。」
0x010000000007BF15,38,71,Sordland/Turn03/Personal_FrancTalk,Franc,en,「でも……あの頃はどんな感じだったの？ペトルおじさんが、二人ともすごく大変な思いをしたって言ってたよ……」
0x010000000007BF1B,38,72,Sordland/Turn03/Personal_FrancTalk,Franc,en,「もう子供じゃないんだ。話してくれていいよ。」
0x010000000007BF25,38,73,Sordland/Turn03/Personal_FrancTalk,Narrator,en,私が考えをまとめる前に、見慣れた光景が目の前で次々と浮かび上がってきた。
0x010000000007BF35,38,74,Sordland/Turn03/Personal_FrancTalk,Narrator,en,私と友人たちに向かって武器を構えながら進んでくる兵士たちの姿が目に浮かんだ。また、友人や隣人といった知っている人々が街中を引きずり回され、路地裏で殺害される光景も思い出された。
0x010000000007BF3E,38,75,Sordland/Turn03/Personal_FrancTalk,Narrator,en,そしてあの少女の顔は……
0x010000000007BF46,38,76,Sordland/Turn03/Personal_FrancTalk,Player,en,「そのことについては話したくない。」
0x010000000007BF46,38,76,Sordland/Turn03/Personal_FrancTalk,Player,Menu Text en,「そのことについては話したくない。」
0x010000000007BF4D,38,77,Sordland/Turn03/Personal_FrancTalk,Player,en,「あれは実に暗い時代だった。」
0x010000000007BF4D,38,77,Sordland/Turn03/Personal_FrancTalk,Player,Menu Text en,「あれは実に暗い時代だった。」
0x010000000007BF5C,38,78,Sordland/Turn03/Personal_FrancTalk,Narrator,en,私の声に含まれるかすかな震えを聞き取り、フランクは理解し、これ以上問い詰めることはしなかった。
0x010000000007BF65,38,79,Sordland/Turn03/Personal_FrancTalk,Franc,en,「そうみたいだね。」
0x010000000007BF6C,38,80,Sordland/Turn03/Personal_FrancTalk,Player,en,「ですが、もうすぐ大人だ。そのことについて話そう。」
0x010000000007BF6C,38,80,Sordland/Turn03/Personal_FrancTalk,Player,Menu Text en,「ですが、もうすぐ大人だ。そのことについて話そう。」
0x010000000007BF73,38,81,Sordland/Turn03/Personal_FrancTalk,Player,en,「話題を変えよう。」
0x010000000007BF73,38,81,Sordland/Turn03/Personal_FrancTalk,Player,Menu Text en,「話題を変えよう。」
0x010000000007BF7C,38,82,Sordland/Turn03/Personal_FrancTalk,Franc,en,「大丈夫だよ。ごめん、そんなこと聞くべきじゃなかった。」
0x010000000007BF9A,38,83,Sordland/Turn03/Personal_FrancTalk,Player,en,「私もかつては今のあなたとほとんど変わらない年齢で、ホルソード国立大学で法学を学んでいた。まだ1年生で、胸に高揚感を抱き、若気溢れていたのだ。」
0x010000000007BF9A,38,83,Sordland/Turn03/Personal_FrancTalk,Player,Menu Text en,「私もあなたとほとんど変わらない年齢で、ホルソード州立大学で法学を学んでいた。まだ1年生で、胸躍る若さだった。」
0x010000000007BFB3,38,90,Sordland/Turn03/Personal_FrancTalk,Player,en,「私もかつては今のあなたとほとんど変わらない年齢で、ラハベン経営大学で経済学を学んでいた。まだ1年生で、胸躍るような若さだった。」
0x010000000007BFB3,38,90,Sordland/Turn03/Personal_FrancTalk,Player,Menu Text en,「私もあなたとほとんど変わらない年齢で、ホルソード州立大学で法学を学んでいた。まだ1年生で、胸躍る若さだった。」
0x010000000007BFCE,38,92,Sordland/Turn03/Personal_FrancTalk,Player_Italic,en,1927年のクーデターについて彼に話す時が来た。
0x010000000007BFCE,38,92,Sordland/Turn03/Personal_FrancTalk,Player_Italic,Menu Text en,フランクに1927年のクーデターについて話してやる
0x010000000007BFD5,38,93,Sordland/Turn03/Personal_FrancTalk,Player_Italic,en,そろそろ彼に内戦のことを話す時が来た。
0x010000000007BFD5,38,93,Sordland/Turn03/Personal_FrancTalk,Player_Italic,Menu Text en,フランクに内戦のことを話そう
0x010000000007BFDC,38,94,Sordland/Turn03/Personal_FrancTalk,Player,en,「いや、気にしないでくれ。今は過去のことを話す時ではない。」
0x010000000007BFDC,38,94,Sordland/Turn03/Personal_FrancTalk,Player,Menu Text en,「いや、気にしないでくれ。今は過去のことを話す時ではない。」
0x010000000007BFFB,38,95,Sordland/Turn03/Personal_FrancTalk,Player,en,「教室を出て家に戻ろうとしたところ、複数の車両がキャンパスの門に近づいてくる音が聞こえた。さらに近づいてみると、それらが兵士数百人を乗せた迷彩塗装の軍用トラックや戦車だと分かった。」
0x010000000007BFFB,38,95,Sordland/Turn03/Personal_FrancTalk,Player,Menu Text en,「ちょうど教室を出て家に戻ろうとしたところ、キャンパスの門に複数の車両が近づいてくる音が聞こえた。よく見ると、それらは何百台もの軍用迷彩トラックや戦車だった」
0x010000000007C005,38,96,Sordland/Turn03/Personal_FrancTalk,Player,en,「ソードランドの市民を守るはずだったあの兵士たちが、我々に銃口を向けてきた。彼らは即座に施設の支配権を握ったのだ。友人の一人が何が起こっているのか尋ねたところ、すぐに逮捕されてしまった。さらに多くの人々が怒り、抗議のために集まってきた。」
0x010000000007C005,38,96,Sordland/Turn03/Personal_FrancTalk,Player,Menu Text en,「ソードランドの市民を守るはずだった同じ兵士たちが、我々に銃口を向けてきた...」
0x010000000007C013,38,100,Sordland/Turn03/Personal_FrancTalk,Narrator,en,私はその場で足を止め、フランクから顔を背けた。
0x010000000007C037,38,102,Sordland/Turn03/Personal_FrancTalk,Player,en,「私があなたのお母様に出会った直後のことだ――我々は共に同じ人権団体に所属し、27年のクーデター後の変革を求めて活動していた。やがて自分だけでは不十分だと確信するようになり、そのため『赤旗青年団』に加入したのだ。」
0x010000000007C037,38,102,Sordland/Turn03/Personal_FrancTalk,Player,Menu Text en,「君の母親に出会った直後のことだ――27年のクーデターの後、変革を求めて我々は同じ人権団体に所属していた。やがて自分では十分なことができていないと確信するようになり、そこで赤旗青年団に加わったのだ。」
0x010000000007C088,38,127,Sordland/Turn03/Personal_FrancTalk,Player,en,「あなたのお母様に出会った直後のことだ――私も彼女も、27年のクーデターの後に変革を求めて同じ人権団体に参加していた。やがて自分だけでは不十分だと確信し、私は『赤旗青年団』に加わったのだ。」
0x010000000007C088,38,127,Sordland/Turn03/Personal_FrancTalk,Player,Menu Text en,「君の母親に出会った直後のことだ――27年のクーデターの後、変革を求めて我々は同じ人権団体に所属していた。やがて自分では十分なことができていないと確信するようになり、そこで赤旗青年団に加わったのだ。」
0x010000000007C08F,38,128,Sordland/Turn03/Personal_FrancTalk,Player,en,「私があなたのお母様に出会った直後のことだ――我々は共に同じ人権団体に所属し、27年のクーデター後の変革を求めて活動していた。しかし翌年にはソードランドの状況は悪化し、人々は次第に派閥を作り始めたため、できるだけ距離を置こうと努めた。」
0x010000000007C08F,38,128,Sordland/Turn03/Personal_FrancTalk,Player,Menu Text en,「君の母親に出会った直後のことだ――27年のクーデターの後、変革を求めて我々は同じ人権団体に所属していた。やがて自分では十分なことができていないと確信するようになり、そこで赤旗青年団に加わったのだ。」
0x010000000007C098,38,129,Sordland/Turn03/Personal_FrancTalk,Player,en,「それは私があなたのお母様に出会った直後のことだ。我々は共に27年のクーデターの後、変革を求めて生徒会に加わった。やがて自分だけでは不十分だと確信するようになり、そのため赤旗青年団に入ったのだ。」
0x010000000007C098,38,129,Sordland/Turn03/Personal_FrancTalk,Player,Menu Text en,「君の母親に出会った直後のことだ――27年のクーデターの後、変革を求めて我々は同じ人権団体に所属していた。やがて自分では十分なことができていないと確信するようになり、そこで赤旗青年団に加わったのだ。」
0x010000000007C09F,38,130,Sordland/Turn03/Personal_FrancTalk,Player,en,「それは私があなたのお母様に出会った直後のことだ。我々は共に27年のクーデターの後、変革を求めて生徒会に加わった。やがて自分だけでは不十分だと確信するようになり、そこで『ソード青年団』に加入したのだ。」
0x010000000007C09F,38,130,Sordland/Turn03/Personal_FrancTalk,Player,Menu Text en,「君の母親に出会った直後のことだ――27年のクーデターの後、変革を求めて我々は同じ人権団体に所属していた。やがて自分では十分なことができていないと確信するようになり、そこで赤旗青年団に加わったのだ。」
0x010000000007C0A6,38,131,Sordland/Turn03/Personal_FrancTalk,Player,en,「あなたのお母様に出会った直後のことだ――私も彼女も、27年のクーデターの後に変革を求めて学生評議会に参加していた。しかし翌年にはソードランドの状況は悪化し、人々は次第に派閥を作り始めた。私はできるだけ距離を置こうと努めた。」
0x010000000007C0A6,38,131,Sordland/Turn03/Personal_FrancTalk,Player,Menu Text en,「君の母親に出会った直後のことだ――27年のクーデターの後、変革を求めて我々は同じ人権団体に所属していた。やがて自分では十分なことができていないと確信するようになり、そこで赤旗青年団に加わったのだ。」
0x010000000007C0C8,38,132,Sordland/Turn03/Personal_FrancTalk,Player_Italic,en,「そしてある夜、予期せぬ出来事が起こった。軍内の二つの異なる派閥が互いに戦いを始めたのだ。一方は極端主義者のルデリン将軍が率い、もう一方は社会主義者のリカルド将軍が率いていた。それは凄まじい流血の惨劇であり、どこも安全な場所はなかった。」
0x010000000007C0C8,38,132,Sordland/Turn03/Personal_FrancTalk,Player_Italic,Menu Text en,フランクに、ルデリン将軍とリカルド将軍の間の衝突について話してやる
0x010000000007C0D8,38,133,Sordland/Turn03/Personal_FrancTalk,Player,en,「我々はある日、リカルドを支援する抗議活動を組織した。我々の考えでは、彼の方が二人の中で優れており、真の社会主義者だったからだ。」
0x010000000007C0D8,38,133,Sordland/Turn03/Personal_FrancTalk,Player,Menu Text en,「そこで我々はリカルドを支援する抗議行動を組織したのだ。我々の考えでは、彼の方が二人の中では優れており、真の社会主義者だったからだ。」
0x010000000007C0E6,38,137,Sordland/Turn03/Personal_FrancTalk,Player,en,「我々はある日、リカルドに抗議する集会を開いた。再び国を弄ぶ軍部の振る舞いにはもう我慢の限界だった。」
0x010000000007C0E6,38,137,Sordland/Turn03/Personal_FrancTalk,Player,Menu Text en,「そこで我々はリカルドを支援する抗議行動を組織したのだ。我々の考えでは、彼の方が二人の中では優れており、真の社会主義者だったからだ。」
0x010000000007C112,38,144,Sordland/Turn03/Personal_FrancTalk,Player,en,「今日はこれで十分だ。」
0x010000000007C112,38,144,Sordland/Turn03/Personal_FrancTalk,Player,Menu Text en,「今日はこれで十分だ。」
0x010000000007C11B,38,145,Sordland/Turn03/Personal_FrancTalk,Franc,en,「自分の人生が時々どれだけ楽なものか、俺にはわからないんだ。」
0x010000000007C128,38,146,Sordland/Turn03/Personal_FrancTalk,Narrator,en,フランクはためらった後、私が座っている場所にやって来て、気まずそうに私の背中を軽く叩いた。
0x010000000007C130,38,147,Sordland/Turn03/Personal_FrancTalk,Franc,en,「たまに文句を言うけど、父さんが経験したことに比べれば俺の悩みなんて大したことないよ。」
0x010000000007C137,38,148,Sordland/Turn03/Personal_FrancTalk,Player,en,「どのような問題か？」
0x010000000007C137,38,148,Sordland/Turn03/Personal_FrancTalk,Player,Menu Text en,「どのような問題か？」
0x010000000007C14F,38,149,Sordland/Turn03/Personal_FrancTalk,Narrator,en,フランクが何かを言う前に、私は玄関のドアが開く音を聞いた。ディアナとモニカの声や、買い物袋が擦れる音が家の中に満ちていった。
0x010000000007C157,38,150,Sordland/Turn03/Personal_FrancTalk,Franc,en,「夕食前に少し勉強しないと。でもこれ、本当にありがとう、父さん。心からだよ。」
0x010000000007C15E,38,151,Sordland/Turn03/Personal_FrancTalk,Narrator,en,フランクは中に入ると急いで二階へ駆け上がった。
0x010000000007C166,38,152,Sordland/Turn03/Personal_FrancTalk,Narrator,en,私はビールを大きく一口飲み、街と今にも沈もうとしている太陽を見つめていた。
0x010000000007C16E,38,153,Sordland/Turn03/Personal_FrancTalk,Narrator,en,私は、フランクと自分の過去について話したことが正しい決断だったと願っていた。心のどこかでは、何らかの重荷が取り除かれたような気持ちにもなっていた。
0x010000000007C18B,38,157,Sordland/Turn03/Personal_FrancTalk,Narrator,en,しかし、その夜もまた同じ悪夢を見たのだった。
0x010000000007C192,38,158,Sordland/Turn03/Personal_FrancTalk,Narrator,en,しかし、その夜もまた同じ悪夢を見たのだった。
0x010000000008036F,38,160,Sordland/Turn03/Personal_FrancTalk,Narrator,en,フランクは椅子の上で体を前に傾け、目を大きく見開いていた。
0x01000000000829EA,38,161,Sordland/Turn03/Personal_FrancTalk,Player_Italic,en,「私は戒厳令が宣言された時、抗議者たちと共にその場にいた。我々は彼らの方へ向かって行進した。彼らは力を使うと脅したが、我々は決して引き下がらなかった。そこで彼らは私を含む目につく者すべてを殴り始めた。身体的な傷は数週間かけて治ったが、心の傷は今日に至るまで私と共に残っている。」
0x01000000000829EA,38,161,Sordland/Turn03/Personal_FrancTalk,Player_Italic,Menu Text en,彼に、兵士たちがあなたを殴ったことを話する
0x01000000000829F1,38,162,Sordland/Turn03/Personal_FrancTalk,Player_Italic,en,「私は戒厳令が宣言された時、抗議者たちと共にその場にいた。我々は彼らのもとへ向かって行進した。彼らは力を使うと脅したが、我々は自分たちの立場を守り続けた。」
0x01000000000829F1,38,162,Sordland/Turn03/Personal_FrancTalk,Player_Italic,Menu Text en,彼にその残虐行為のことは話さないでおく
0x01000000000829FD,38,163,Sordland/Turn03/Personal_FrancTalk,Player_Italic,en,「群衆が集まってくるのを見て、何か悪いことが起ころうとしていると私は悟った。我々では武装した男たちに立ち向かうことは不可能だと判断し、その場から逃げ出した。逮捕され、撃たれようとしている友人たちのもとからも逃げ、臆病者のように自分の命だけを救おうとしたのだ。」
0x01000000000829FD,38,163,Sordland/Turn03/Personal_FrancTalk,Player_Italic,Menu Text en,臆病者のように命を救うために逃げたと伝える
0x0100000000082A04,38,164,Sordland/Turn03/Personal_FrancTalk,Player_Italic,en,「群衆が集まってくるのを見て、何か悪いことが起ころうとしていることに気づいた。我々は武装した男たちに立ち向かうのは無理だと判断し、その場を離れることにした。」
0x0100000000082A04,38,164,Sordland/Turn03/Personal_FrancTalk,Player_Italic,Menu Text en,自分がすぐに逃げ出したことは彼に話さないでおく
0x0100000000082A0D,38,165,Sordland/Turn03/Personal_FrancTalk,Player,en,「私も幸運だった方の一人だった。友人たちの中には撃たれた者もおり、さらに多くが逮捕された。今でもあの悲鳴声を忘れることができない。」
0x0100000000082A0D,38,165,Sordland/Turn03/Personal_FrancTalk,Player,Menu Text en,「私は運が良かったのだ…」
0x0100000000082A17,38,166,Sordland/Turn03/Personal_FrancTalk,Player,en,「私としては、あの時逃げたのは当然の判断だったと思っている。誰でも同じように行動しただろう。銃声やブーツの音のせいでその夜は誰も眠ることができなかった。今でもあの悲鳴の声を忘れることができない。」
0x0100000000082A17,38,166,Sordland/Turn03/Personal_FrancTalk,Player,Menu Text en,「私の逃走は正当だったと今でも思っている――誰だって同じことをしただろう。銃声や足音のせいでその夜、誰も眠ることができなかった。今でもあの悲鳴の声は忘れられない。」
0x0100000000082A1E,38,167,Sordland/Turn03/Personal_FrancTalk,Narrator,en,私はその場で足を止め、フランクから顔を背けた。
0x0100000000082A30,38,168,Sordland/Turn03/Personal_FrancTalk,Player_Italic,en,私は少し間を置いてから話を続けた。
0x0100000000082A30,38,168,Sordland/Turn03/Personal_FrancTalk,Player_Italic,Menu Text en,彼にその女の子のことを話してあげる
0x0100000000082A43,38,172,Sordland/Turn03/Personal_FrancTalk,Player_Italic,en,私は少し間を置いてから話を続けた。
0x0100000000082A43,38,172,Sordland/Turn03/Personal_FrancTalk,Player_Italic,Menu Text en,その少女のことは彼に話さない
0x0100000000082A8E,38,173,Sordland/Turn03/Personal_FrancTalk,Narrator,en,私は言葉を途切れさせた。息子が知る必要のないこともいくつかあったからだ。
0x0100000000082AA3,38,174,Sordland/Turn03/Personal_FrancTalk,Narrator,en,フランクは椅子にもたれかかった。彼の肩は大きく落ち込んでいた。
0x0100000000082AAC,38,175,Sordland/Turn03/Personal_FrancTalk,Narrator,en,フランクは椅子にもたれかかった。彼の肩は大きく落ち込んでいた。
0x0100000000082ABC,38,176,Sordland/Turn03/Personal_FrancTalk,Narrator,en,フランクの顔は青ざめていた。彼は私から目をそらした。
0x0100000000082ACF,38,180,Sordland/Turn03/Personal_FrancTalk,Player,en,「リカルドを支持するか反対するかで人々は抗議活動を組織した。翌日に起きた衝突のことも聞き及んだ。私の友人の多くが撃たれたり逮捕されたりし、私は数ヶ月間一人になって過ごした。」
0x0100000000082ACF,38,180,Sordland/Turn03/Personal_FrancTalk,Player,Menu Text en,「私は手を出さなかった...」
0x0100000000082AE0,38,181,Sordland/Turn03/Personal_FrancTalk,Player_Italic,en,私は少し間を置いてから話を続けた。
0x0100000000082AE0,38,181,Sordland/Turn03/Personal_FrancTalk,Player_Italic,Menu Text en,自分の脱出については彼に話さないようにする
0x0100000000082AE7,38,182,Sordland/Turn03/Personal_FrancTalk,Player_Italic,en,私は少し間を置いてから話を続けた。
0x0100000000082AE7,38,182,Sordland/Turn03/Personal_FrancTalk,Player_Italic,Menu Text en,彼に、逃げ出したと伝える
0x0100000000082AF0,38,183,Sordland/Turn03/Personal_FrancTalk,Narrator,en,私は言葉を途切れさせた。フランクがこれ以上詳細を尋ねないことを願っていたのだ。
0x0100000000082AF8,38,184,Sordland/Turn03/Personal_FrancTalk,Narrator,en,数年後も、私は依然として自分の判断が正しかったと思っていた。どんなに正しい目的であろうと、ただの民間人が十分に訓練を受けた軍隊に立ち向かえるはずがないのだ。
0x0100000000082B00,38,185,Sordland/Turn03/Personal_FrancTalk,Narrator,en,フランクは自分の考えに没頭して、顔を背けた。
0x0100000000082B0E,38,186,Sordland/Turn03/Personal_FrancTalk,Narrator,en,フランクは明らかに居心地が悪そうに席で身じろぎした。
0x0100000000082B17,38,187,Sordland/Turn03/Personal_FrancTalk,Narrator,en,案の定、フランクはグリルと肉を見るなり外に出てきて私と一緒になった。
0x01000000000975EA,38,191,Sordland/Turn03/Personal_FrancTalk,Franc,en,「父さん、ソードランドで内戦が起こるの？」
0x01000000000975F1,38,192,Sordland/Turn03/Personal_FrancTalk,Player,en,「私としても、内戦が起こらないことを願っている。」
0x01000000000975F1,38,192,Sordland/Turn03/Personal_FrancTalk,Player,Menu Text en,「私としても、内戦が起こらないことを願っている。」
0x01000000000975F9,38,193,Sordland/Turn03/Personal_FrancTalk,Player,en,「いや。私は決してそのような事態を許さない。」
0x01000000000975F9,38,193,Sordland/Turn03/Personal_FrancTalk,Player,Menu Text en,「いや。私は決してそのような事態を許さない。」
0x0100000000097601,38,194,Sordland/Turn03/Personal_FrancTalk,Player_Italic,en,私は何も言わず、彼から顔を背けた。
0x0100000000097601,38,194,Sordland/Turn03/Personal_FrancTalk,Player_Italic,Menu Text en,何も言わず、彼の質問を避ける
0x0100000000097610,38,195,Sordland/Turn03/Personal_FrancTalk,Franc,en,「よろしい。」
0x0100000000097617,38,196,Sordland/Turn03/Personal_FrancTalk,Narrator,en,彼はため息をついた。
0x010000000009761F,38,197,Sordland/Turn03/Personal_FrancTalk,Narrator,en,彼はため息をついた。
0x0100000600047048,38,204,Sordland/Turn03/Personal_FrancTalk,Player,en,「私は賄賂が良いことだと言った覚えはないよね？常に道徳的な選択をして、こんな美味しい肋肉も断ることができる...」
0x0100000600047048,38,204,Sordland/Turn03/Personal_FrancTalk,Player,Menu Text en,「私は賄賂が良いと言ったわけではないだろう？常に道徳的な選択をして、この美味しい肋肉を断ることもできる...」
0x0100000600047050,38,205,Sordland/Turn03/Personal_FrancTalk,Narrator,en,フランクは一瞬だけ微笑んだ。私は火の世話をしに向き直った。
0x0100000600047065,38,208,Sordland/Turn03/Personal_FrancTalk,Franc,en,「もう、父さんはほとんど家にいないし、いる時だって使用人みたいに俺に命令ばかりしてくるよね？」
0x0100000600047072,38,209,Sordland/Turn03/Personal_FrancTalk,Franc,en,「頼み事なら、命令じゃなければいいんだよ。」
0x0100000600047082,38,211,Sordland/Turn03/Personal_FrancTalk,Player_Italic,en,「もう一度試してみましょう。フランク、台をキッチンから持ってきてくれると大変助かる。お願いだ。」
0x0100000600047082,38,211,Sordland/Turn03/Personal_FrancTalk,Player_Italic,Menu Text en,もう少し丁寧にもう一度頼んでみて
0x010000060004708A,38,212,Sordland/Turn03/Personal_FrancTalk,Franc,en,「ほら、そんなに難しくなかったでしょ？」
0x0100000600047092,38,213,Sordland/Turn03/Personal_FrancTalk,Player,en,<shout>「フランク！怒らせるなと言ったはずだ！」</shout>
0x0100000600047092,38,213,Sordland/Turn03/Personal_FrancTalk,Player,Menu Text en,「フランク！怒らせるなと言っただろう！」
0x010000060004709A,38,214,Sordland/Turn03/Personal_FrancTalk,Franc,en,「もう怒鳴らないでよ。なんでいつもそうなの？」
0x01000006000470A3,38,215,Sordland/Turn03/Personal_FrancTalk,Player,en,「申し訳ない。仕事の量が多すぎて手いっぱいだったが、それをあなたに押し付けるべきではなかった。」
0x01000006000470A3,38,215,Sordland/Turn03/Personal_FrancTalk,Player,Menu Text en,「申し訳ない。時には仕事の量が多すぎて手に負えなくなる。あなたに怒りをぶつけるべきではなかった。」
0x01000006000470AB,38,216,Sordland/Turn03/Personal_FrancTalk,Franc,en,「うん、大丈夫。父さんの息子でいるのもそんなに楽なことじゃないからね。」
0x01000006000470B2,38,217,Sordland/Turn03/Personal_FrancTalk,Player,en,「私には想像するしかない。あなたがこれらの変化をどのように乗り越えてきたか、とても誇りに思う。」
0x01000006000470B2,38,217,Sordland/Turn03/Personal_FrancTalk,Player,Menu Text en,「想像するしかない。あなたがこれらすべてをうまく乗り越えてきたことを誇りに思う。」
0x01000006000470BA,38,218,Sordland/Turn03/Personal_FrancTalk,Player,en,「そのことは後でもっと話そう。とりあえず、食事ができるようにトレイを取ってきてもらえるか？」
0x01000006000470BA,38,218,Sordland/Turn03/Personal_FrancTalk,Player,Menu Text en,「後でもっと詳しく話そう。とりあえず、食事のためにトレイを持ってきてもらえるか？」
0x01000006000470C2,38,219,Sordland/Turn03/Personal_FrancTalk,Franc,en,「わかった、父さん。」
0x01000006000470D0,38,221,Sordland/Turn03/Personal_FrancTalk,Player,en,「いや。あなたは私の息子だ。今、お願いできるか？そのトレイを持ってきてもらえないか？」
0x01000006000470D0,38,221,Sordland/Turn03/Personal_FrancTalk,Player,Menu Text en,「いや。あなたは私の息子だ。今、お願いできるか？そのトレイを持ってきてもらえないか？」
0x01000006000470D8,38,222,Sordland/Turn03/Personal_FrancTalk,Franc,en,「ああ。『お願い』か。その魔法の言葉だな。」
0x01000006000470DF,38,223,Sordland/Turn03/Personal_FrancTalk,Franc,en,「わかった、また戻るよ。」
0x010000060004732F,38,224,Sordland/Turn03/Personal_FrancTalk,Player,en,「お前たちの世代は最低だ。みんな同じで、弱い。」
0x010000060004732F,38,224,Sordland/Turn03/Personal_FrancTalk,Player,Menu Text en,「お前たちの世代は最低だ。みんな同じで、弱い。」
0x0100000600047343,38,225,Sordland/Turn03/Personal_FrancTalk,Franc,en,「弱いだって？父さん、ここで苦労してるのが君だけじゃないってわからないの？」
0x0100000600047353,38,226,Sordland/Turn03/Personal_FrancTalk,Franc,en,「学校で他の人と違う扱いを受けたり、みんながずっと暴動のことを聞いてきたり、護衛につかれずにトイレに行けないなんて、どんな気持ちか一度も聞いてくれたことすらないよ...」
0x010000060004735C,38,227,Sordland/Turn03/Personal_FrancTalk,Player,en,「まあ、そんなに泣くな。しっかりしろ、自分のために何かを成し遂げるのだ。」
0x010000060004735C,38,227,Sordland/Turn03/Personal_FrancTalk,Player,Menu Text en,「まあ、そんなに泣くな。しっかりしろ、自分のために何かを成し遂げるのだ。」
0x0100000600047364,38,228,Sordland/Turn03/Personal_FrancTalk,Franc,en,「弱虫だったこと、ごめんね。もう満足した？そのくそったれのトレイ、取ってくるよ。」
0x010000060004736B,38,229,Sordland/Turn03/Personal_FrancTalk,Narrator,en,フランクは、肉や野菜をすべて入れられるほど大きなトレイを持って戻ってきた。彼はそのトレイを私に押し付けた。
0x0100000600047373,38,230,Sordland/Turn03/Personal_FrancTalk,Franc,en,「部屋に行くよ。」
0x0100000600047380,38,232,Sordland/Turn03/Personal_FrancTalk,Narrator,en,私が何か言う前に、彼は家の中に駆け込んでしまった。彼の後ろでドアがバタンと閉まった。
0x0100000600047388,38,233,Sordland/Turn03/Personal_FrancTalk,Narrator,en,私はビールをぐっと一口飲んだ。
0x01000006000473A3,38,234,Sordland/Turn03/Personal_FrancTalk,Player,en,「私は既に警告したはずだ。黙って私の言う通りにしろ――さもなければ。」
0x01000006000473A3,38,234,Sordland/Turn03/Personal_FrancTalk,Player,Menu Text en,「私は既に警告したはずだ。黙って私の言う通りにしろ――さもなければ。」
0x01000006000473B0,38,236,Sordland/Turn03/Personal_FrancTalk,Franc,en,「それで何するの？私を叩くつもり？殴るつもり？」
0x01000006000473B7,38,237,Sordland/Turn03/Personal_FrancTalk,Franc,en,「わかったよ。そのくそったれのトレイを取ってくる。」
0x01000006000476B8,38,241,Sordland/Turn03/Personal_FrancTalk,Narrator,en,彼はうなずいた。
0x01000006000476C7,38,245,Sordland/Turn03/Personal_FrancTalk,Franc,en,「わかった。夕食までは二階にいるよ。」
0x01000006000476D7,38,249,Sordland/Turn03/Personal_FrancTalk,Franc,en,「うん、父さん。」
0x01000006000476E6,38,253,Sordland/Turn03/Personal_FrancTalk,Franc,en,「まずは私の秘書を通らないといけないよ。」
0x01000006000476ED,38,254,Sordland/Turn03/Personal_FrancTalk,Narrator,en,彼は笑いながらキッチンへ向かった。
0x0100000600047706,38,258,Sordland/Turn03/Personal_FrancTalk,Franc,en,「もう一つだけ。あの頃、父さんがソード青年団に入ったって知ってるんだ。理由を聞いてもいいかな？」
0x010000060004771C,38,265,Sordland/Turn03/Personal_FrancTalk,Franc,en,「もう一つだけ。あの頃、君が赤旗青年団に入っていたことは知ってる。なぜか聞いてもいい？」
0x0100000600047722,38,266,Sordland/Turn03/Personal_FrancTalk,Franc,en,「もう一つだけ――あなたがどちらの側にも立たないようにしてきたのは知ってる。その理由を聞いてもいい？」
0x010000060004772A,38,267,Sordland/Turn03/Personal_FrancTalk,Player,en,「ああ、答えたくない。その話はしたくないのだ。」
0x010000060004772A,38,267,Sordland/Turn03/Personal_FrancTalk,Player,Menu Text en,「ああ、答えたくない。その話はしたくないのだ。」
0x0100000600047731,38,268,Sordland/Turn03/Personal_FrancTalk,Player,en,「ソードランドは共産主義者たちの攻撃を受けており、私は国を守らなければならなかった。」
0x0100000600047731,38,268,Sordland/Turn03/Personal_FrancTalk,Player,Menu Text en,「ソードランドは共産主義者たちの攻撃を受けており、私は国を守らなければならなかった。」
0x0100000600047738,38,269,Sordland/Turn03/Personal_FrancTalk,Franc,en,「わかった。ただ気になっただけだよ。」
0x0100000600047741,38,270,Sordland/Turn03/Personal_FrancTalk,Narrator,en,フランクは眉を上げたが、まだ好奇心が満たされていなかった。しかし私が続けるのをためらっていることに気づくと、ただ頷くだけだった。
0x0100000600047748,38,271,Sordland/Turn03/Personal_FrancTalk,Player,en,「あのような環境では何とか生き残らなければならず、私は一つの選択をした。」
0x0100000600047748,38,271,Sordland/Turn03/Personal_FrancTalk,Player,Menu Text en,「あのような環境では何とか生き残らなければならず、私は一つの選択をした。」
0x0100000600047751,38,272,Sordland/Turn03/Personal_FrancTalk,Player,en,「ああ、答えたくない。その話はしたくないのだ。」
0x0100000600047751,38,272,Sordland/Turn03/Personal_FrancTalk,Player,Menu Text en,「ああ、答えたくない。その話はしたくないのだ。」
0x0100000600047758,38,273,Sordland/Turn03/Personal_FrancTalk,Franc,en,「わかった。ただ気になっただけだよ。」
0x0100000600047760,38,274,Sordland/Turn03/Personal_FrancTalk,Player,en,「ソードランドにとって共産主義革命は過去も現在も唯一の道である。」
0x0100000600047760,38,274,Sordland/Turn03/Personal_FrancTalk,Player,Menu Text en,「ソードランドにとって共産主義革命は過去も現在も唯一の道である。」
0x0100000600047768,38,275,Sordland/Turn03/Personal_FrancTalk,Narrator,en,フランクは眉を上げたが、まだ好奇心が満たされていなかった。しかし私が続けるのをためらっていることに気づくと、ただ頷くだけだった。
0x010000060004776F,38,276,Sordland/Turn03/Personal_FrancTalk,Player,en,「あのような環境では何とか生き残らなければならず、私は一つの選択をした。」
0x010000060004776F,38,276,Sordland/Turn03/Personal_FrancTalk,Player,Menu Text en,「あのような環境では何とか生き残らなければならず、私は一つの選択をした。」
0x0100000600047778,38,277,Sordland/Turn03/Personal_FrancTalk,Player,en,「ああ、答えたくない。その話はしたくないのだ。」
0x0100000600047778,38,277,Sordland/Turn03/Personal_FrancTalk,Player,Menu Text en,「ああ、答えたくない。その話はしたくないのだ。」
0x010000060004777F,38,278,Sordland/Turn03/Personal_FrancTalk,Franc,en,「わかった。ただ気になっただけだよ。」
0x0100000600047786,38,279,Sordland/Turn03/Personal_FrancTalk,Narrator,en,フランクは眉を上げたが、まだ好奇心が満たされていなかった。しかし私が続けるのをためらっていることに気づくと、ただ頷くだけだった。
0x010000060004778C,38,280,Sordland/Turn03/Personal_FrancTalk,Player,en,「私は暴力に加担したくなかったのだ。」
0x010000060004778C,38,280,Sordland/Turn03/Personal_FrancTalk,Player,Menu Text en,「私は暴力に加担したくなかったのだ。」
0x0100000600047793,38,281,Sordland/Turn03/Personal_FrancTalk,Player,en,「それらは同じ硬貨の表裏に過ぎない。」
0x0100000600047793,38,281,Sordland/Turn03/Personal_FrancTalk,Player,Menu Text en,「それらは同じ硬貨の表裏に過ぎない。」
0x010000060004779F,38,282,Sordland/Turn03/Personal_FrancTalk,Franc,en,「質問ばかりしてごめんね、父さん。」
0x010000030002F48B,38,283,Sordland/Turn03/Personal_FrancTalk,Player,en,「特別なことをしたかのように振る舞わないでくれ、フランク。」
0x010000030002F48B,38,283,Sordland/Turn03/Personal_FrancTalk,Player,Menu Text en,「特別なことをしたかのように振る舞わないでくれ、フランク。」
0x010000030002F493,38,284,Sordland/Turn03/Personal_FrancTalk,Narrator,en,彼は私を無表情で見つめたまま、すぐに視線をそらした。
0x0100000E00000310,38,307,Sordland/Turn03/Personal_FrancTalk,Narrator,en,その時、彼が私のことをどう思っているのかは分からなかった。しかし、彼が焼き肋骨のことをどう思っているのかは分かっていた。我々の料理人が冷蔵庫に漬け込んでおいたものがあったのだ。
0x0100000E0000031D,38,311,Sordland/Turn03/Personal_FrancTalk,Player,en,「では、再び私と話すことに決めたのか？」
0x0100000E0000031D,38,311,Sordland/Turn03/Personal_FrancTalk,Player,Menu Text en,「では、ついにまた私と話すことに決めたのか？」
0x0100000E00000325,38,312,Sordland/Turn03/Personal_FrancTalk,Player,en,「おや、ようやく部屋から出てきた人がいるね。」
0x0100000E00000325,38,312,Sordland/Turn03/Personal_FrancTalk,Player,Menu Text en,「おや、ようやく部屋から出てきた人がいるね。」
0x0100000E00000338,38,313,Sordland/Turn03/Personal_FrancTalk,Player,en,「お父さんとゆっくり時間を過ごしに来たのか？」
0x0100000E00000338,38,313,Sordland/Turn03/Personal_FrancTalk,Player,Menu Text en,「お父さんとゆっくり時間を過ごしに来たのか？」
0x0100000E00000349,38,317,Sordland/Turn03/Personal_FrancTalk,Franc,en,「父さん、話をしてよ。もう家で全然会わないじゃん。」
0x0100000E00000350,38,318,Sordland/Turn03/Personal_FrancTalk,Franc,en,「もちろん、忙しいスケジュールの中から少し時間を作ってくれるなら。」
0x0100000E0000036B,38,322,Sordland/Turn03/Personal_FrancTalk,Player,en,「申し訳ない、最近あまり家にいられていないことは自覚している。だが、今あなたに会えて嬉しい。」
0x0100000E0000036B,38,322,Sordland/Turn03/Personal_FrancTalk,Player,Menu Text en,「申し訳ない、最近あまり家にいられていないことは自覚している。だが、今あなたに会えて嬉しい。」
0x0100000E00000371,38,323,Sordland/Turn03/Personal_FrancTalk,Player,en,「息子よ、私は国の重要な問題に専念しているのだ。」
0x0100000E00000371,38,323,Sordland/Turn03/Personal_FrancTalk,Player,Menu Text en,「息子よ、私は国の重要な問題に専念しているのだ。」
0x0100000E00000381,38,324,Sordland/Turn03/Personal_FrancTalk,Franc,en,「はい、大統領。父さんが言うことなら何でも聞く。」
0x0100000E00000392,38,326,Sordland/Turn03/Personal_FrancTalk,Player,en,「しかし今は、この肋骨以上に重要なことは何もない。」
0x0100000E00000392,38,326,Sordland/Turn03/Personal_FrancTalk,Player,Menu Text en,「しかし今は、この肋骨以上に重要なことは何もない。」
0x0100000E000003A1,38,328,Sordland/Turn03/Personal_FrancTalk,Franc,en,「大丈夫だよ。父さんが国で最もストレスの多い仕事をしてるのは知ってるし、その上で家族を養わなきゃいけないんだから…」
0x0100000E000003A8,38,329,Sordland/Turn03/Personal_FrancTalk,Narrator,en,我々二人ともくすっと笑った。私は火の世話をするために向き直った。
0x0100000E000003BD,38,330,Sordland/Turn03/Personal_FrancTalk,Franc,en,「あの舞踏会の後の夕食の時みたいに。父さんは全てがうまく収まってるって言ったけど、実際はそうじゃなかったよね？」
0x0100000E000003C9,38,334,Sordland/Turn03/Personal_FrancTalk,Franc,en,「20年代に何が起こったかは知ってるよ――学校で全部学んだから。今度は抗議や暴動が起きてるけど、また同じことになるの？」
0x0100000E000003D0,38,335,Sordland/Turn03/Personal_FrancTalk,Franc,en,「あの舞踏会の後の夕食の時みたいに。ディアナの前でそんなことを言うべきじゃなかったかもしれないけど、私の方が正しかったよね？本当に最悪だ。」
0x010000000007BF2C,38,339,Sordland/Turn03/Personal_FrancTalk,Narrator,en,父親たち、母親たち、そして孤児となった子供たちの顔に浮かんでいた衝撃と悲しみ。
0x0100000E000003EA,38,340,Sordland/Turn03/Personal_FrancTalk,Player,en,「私があなたのお母様に出会った直後のことだ――我々は共に同じ政治討論グループに所属し、27年のクーデター後の変革を推進していた。しかし翌年にはソードランドの状況は悪化し、人々は次第に派閥を作り始めたため、できるだけ距離を置こうと努めた。」
0x0100000E000003EA,38,340,Sordland/Turn03/Personal_FrancTalk,Player,Menu Text en,「君の母親に出会った直後のことだ――27年のクーデターの後、変革を求めて我々は同じ人権団体に所属していた。やがて自分では十分なことができていないと確信するようになり、そこで赤旗青年団に加わったのだ。」
0x0100000E000003F2,38,341,Sordland/Turn03/Personal_FrancTalk,Player,en,「あなたのお母様に出会った直後のことだ――私も彼女も、27年のクーデターの後に変革を求めて同じ政治討論グループに参加していた。やがて自分だけでは不十分だと確信し、私は『赤旗青年団』に加わったのだ。」
0x0100000E000003F2,38,341,Sordland/Turn03/Personal_FrancTalk,Player,Menu Text en,「君の母親に出会った直後のことだ――27年のクーデターの後、変革を求めて我々は同じ人権団体に所属していた。やがて自分では十分なことができていないと確信するようになり、そこで赤旗青年団に加わったのだ。」
0x0100000E000003FA,38,342,Sordland/Turn03/Personal_FrancTalk,Player,en,「あなたのお母様に出会った直後のことだ――私も彼女も、27年のクーデターの後に変革を求めて同じ政治討論グループに参加していた。やがて自分だけでは不十分だと確信し、私は赤旗青年団に加わったのだ。」
0x0100000E000003FA,38,342,Sordland/Turn03/Personal_FrancTalk,Player,Menu Text en,「君の母親に出会った直後のことだ――27年のクーデターの後、変革を求めて我々は同じ人権団体に所属していた。やがて自分では十分なことができていないと確信するようになり、そこで赤旗青年団に加わったのだ。」
0x0100000E00000406,38,343,Sordland/Turn03/Personal_FrancTalk,Player,en,「本当に恐ろしい光景だった。彼らは我々を待ち構えていた。兵士たちは皆を殴ったり撃ったりし、戦車で群衆を轢き殺した。その混乱の中にあの少女がいた。私は彼女の顔を決して忘れることがない。彼女を救おうとしたが、間に合わなかったのだ…」
0x0100000E00000406,38,343,Sordland/Turn03/Personal_FrancTalk,Player,Menu Text en,「本当に恐ろしい光景だった…」
0x0100000E0000040D,38,344,Sordland/Turn03/Personal_FrancTalk,Player,en,「本当に恐ろしい光景だった。彼らは我々を待ち構えていた。すべてが混乱に陥り、兵士たちは皆を殴ったり撃ったりし始めたのだ……」
0x0100000E0000040D,38,344,Sordland/Turn03/Personal_FrancTalk,Player,Menu Text en,「本当に恐ろしい光景だった…」
0x0100000E00000415,38,345,Sordland/Turn03/Personal_FrancTalk,Player,en,「兵士たちが我々を待っていた。何か起こるだろうと感じていた。悪いことが。武装した者たちに立ち向かうのは無理だと判断し、その場から逃げ出したのだ。」
0x0100000E00000415,38,345,Sordland/Turn03/Personal_FrancTalk,Player,Menu Text en,「兵士たちが我々を待っていた…」
0x0100000E0000041D,38,346,Sordland/Turn03/Personal_FrancTalk,Player,en,「我々は彼らと対決する準備ができていた。悩んでいる暇などなく、彼らはすぐに我々に襲いかかってきたのだ。我々は立ち向かって戦ったが、多くの者が逮捕されたり射殺されたりした...」
0x0100000E0000041D,38,346,Sordland/Turn03/Personal_FrancTalk,Player,Menu Text en,「我々は彼らと対決する準備ができていた…」
0x0100000E00000427,38,347,Sordland/Turn03/Personal_FrancTalk,Player,en,「私もかつては今のあなたとほとんど変わらない年齢で、デイル文化大学で歴史を学んでいた。まだ新入生で、胸に高揚感を抱き、若気溢れていたのだ。」
0x0100000E00000427,38,347,Sordland/Turn03/Personal_FrancTalk,Player,Menu Text en,「私もあなたとほとんど変わらない年齢で、ホルソード州立大学で法学を学んでいた。まだ1年生で、胸躍る若さだった。」
0x01000000000829E2,38,348,Sordland/Turn03/Personal_FrancTalk,Narrator,en,フランクは驚いた表情を浮かべたまま、じっと耳を傾けていた。
0x0100000E00000435,38,349,Sordland/Turn03/Personal_FrancTalk,Player,en,「私は何であれ、彼らの話に耳を傾けるためにここにいるのだ。」
0x0100000E00000435,38,349,Sordland/Turn03/Personal_FrancTalk,Player,Menu Text en,「私は何であれ、彼らの話に耳を傾けるためにここにいるのだ。」
0x0100000E0000043C,38,350,Sordland/Turn03/Personal_FrancTalk,Player,en,「その通りだ。あなた方の世代には決して理解できないだろう。」
0x0100000E0000043C,38,350,Sordland/Turn03/Personal_FrancTalk,Player,Menu Text en,「その通りだ。あなた方の世代には決して理解できないだろう。」
0x010000030004AE47,38,356,Sordland/Turn03/Personal_FrancTalk,Player,en,「私の逃走は依然として恥ずべきことだったと思っている。あの場で立ち向かうべきだった。銃声やブーツの音のせいでその夜は誰も眠ることができなかった。今でもあの悲鳴の声を忘れることができない。」
0x010000030004AE47,38,356,Sordland/Turn03/Personal_FrancTalk,Player,Menu Text en,「私は依然として、自分が逃げ出したことを恥ずかしく思っている――立ち向かうべきだったのに。その夜は銃声や足音で誰も眠ることができなかった。今でもあの悲鳴の声を忘れることができない。」
0x010000030004AE51,38,357,Sordland/Turn03/Personal_FrancTalk,Player,en,「私はできる限り強くいよう努めた。友人の中には撃たれた者もおり、さらに多くの者が逮捕された。今でもあの悲鳴声を忘れることはできない。しかし、決して屈しなかったことを誇りに思う。」
0x010000030004AE51,38,357,Sordland/Turn03/Personal_FrancTalk,Player,Menu Text en,「私は強くあり続けようと努めた...」
0x010000650000DDE9,38,401,Sordland/Turn03/Personal_FrancTalk,Franc,en,「そうみたいだね。」
0x0100000600048742,39,3,Sordland/Turn03/A_AutocratSpeech,Narrator,en,私は最近、緊急法に署名したため、ブルディア人の警察組織や大国民議会の中で大きな騒動が起こった。
0x0100000600048748,39,4,Sordland/Turn03/A_AutocratSpeech,Narrator,en,今こそ大国民議会で演説を行い、公に非常事態を宣言する時が来たのだった。
0x010000060004874F,39,5,Sordland/Turn03/A_AutocratSpeech,Narrator,en,私は大国民議会の廊下を早足で歩き、議事堂へ向かう途中で出会った人々に挨拶をした。
0x0100000600048756,39,6,Sordland/Turn03/A_AutocratSpeech,Narrator,en,私が会議場に入ったとき、大国民議会は完全な混乱状態にあり、各党派の間で叫び声や悪態が飛び交っていた。NFP所属の国会議員が提出した提案をめぐって激しい論争が起こっていたのだ。
0x010000060004875D,39,7,Sordland/Turn03/A_AutocratSpeech,Narrator,en,私は大臣たち専用の特別エリアにある自分の席に着いた。ホールの中央にいるグロリアは、議長棒を前回よりも強く三度叩きながら叫んでいた。
0x0100000600048765,39,8,Sordland/Turn03/A_AutocratSpeech,Gloria Tory,en,<shout>「『秩序を！秩序を！』と叫びました」</shout>
0x010000060004876C,39,9,Sordland/Turn03/A_AutocratSpeech,Narrator,en,彼女がどれだけ努力しても、議論は数分間続き、やがて全員が自分の席に戻り、ようやく静かになった。
0x0100000600048772,39,10,Sordland/Turn03/A_AutocratSpeech,Gloria Tory,en,「キベナーさん、次に私がそう命じた時は、席に戻るか会場を出ていってください。そうすればこの大国民議会の手続きを進め、我々の職務を続けることができます。」
0x0100000600048779,39,11,Sordland/Turn03/A_AutocratSpeech,Narrator,en,NFP陣営の一部の議員たちが抗議として彼女に向かって叫び返した。
0x0100000600048780,39,12,Sordland/Turn03/A_AutocratSpeech,Gloria Tory,en,「尊敬する皆様、もし続けさせていただけますなら……」
0x0100000600048787,39,13,Sordland/Turn03/A_AutocratSpeech,Gloria Tory,en,「本日は大統領がこちらにお見えになっております。重要な宣言をなさる予定です。」
0x010000060004878D,39,14,Sordland/Turn03/A_AutocratSpeech,Narrator,en,私は、ケサロ・キベナーが自分の席から立ち上がり、PFJPのメンバーたちに向かって叫んでいるのを見た。
0x0100000600048794,39,15,Sordland/Turn03/A_AutocratSpeech,Gloria Tory,en,「キベナーさん！落ち着いてください！この大国民議会の手続きを尊重してください！」
0x010000060004879C,39,16,Sordland/Turn03/A_AutocratSpeech,Narrator,en,彼女は手で私を指し示した。
0x01000006000487A4,39,17,Sordland/Turn03/A_AutocratSpeech,Gloria Tory,en,「大統領、お話しいただけます。」
0x01000006000487AA,39,18,Sordland/Turn03/A_AutocratSpeech,Narrator,en,大国民議会は静まり返った。
0x01000006000487B2,39,19,Sordland/Turn03/A_AutocratSpeech,Narrator,en,USP側で大きな拍手が始まる中、演壇へと歩いて行った。
0x01000006000487BA,39,20,Sordland/Turn03/A_AutocratSpeech,Player,en,「ソードランドの大国民議会の皆様！今日ここにいるのは、最近ソードランドで起きている憂慮すべき状況に関して国が下した重要な決定をお伝えするためだ。」
0x01000006000487BA,39,20,Sordland/Turn03/A_AutocratSpeech,Player,Menu Text en,「紳士淑女の皆様……」
0x01000006000487C9,39,21,Sordland/Turn03/A_AutocratSpeech,Player,en,「1月のある日、ベナード・シルカスが『ソード青年団』の過激派によって撃たれるという重大な出来事がソードランドで起こった。その日は、ソードランドとその国民に対する恐怖政治の始まりを告げるものだった。」
0x01000006000487C9,39,21,Sordland/Turn03/A_AutocratSpeech,Player,Menu Text en,ベナード・シルカスが赤旗青年団の過激派によって撃たれた1月のあの日、ソードランドは極めて危機的な状況を迎えた。その日こそが、ソードランドとその国民に対する恐怖政治の始まりだった
0x01000006000487D0,39,22,Sordland/Turn03/A_AutocratSpeech,Player,en,「ソードランドは極めて危機的な時期を迎えている！過激派政治組織同士の衝突が街頭まで及び、我が国の国家安全保障を脅かし始めているのだ。」
0x01000006000487D0,39,22,Sordland/Turn03/A_AutocratSpeech,Player,Menu Text en,赤旗青年団とソード青年団の衝突に焦点を当てる
0x01000006000487D7,39,23,Sordland/Turn03/A_AutocratSpeech,Player,en,「ソードランドは長年、国内に存在するブルディア人の分離主義集団に悩まされてきた。しかし今回ほどその脅威が深刻だったことはない。彼らはルンブルクからの軍事援助を受けて、ソードランドに対抗するため大量に武器を装備しているのだ！」
0x01000006000487D7,39,23,Sordland/Turn03/A_AutocratSpeech,Player,Menu Text en,ブルディア自由戦線とルンブルクの支援に焦点を当てる
0x01000006000487DE,39,24,Sordland/Turn03/A_AutocratSpeech,Narrator,en,私は……の問題に注目を促した。
0x01000006000487E4,39,25,Sordland/Turn03/A_AutocratSpeech,Narrator,en,私は……の問題に注目を促した。
0x01000006000487EA,39,26,Sordland/Turn03/A_AutocratSpeech,Narrator,en,私は……の問題に注目を促した。
0x0100000600048802,39,33,Sordland/Turn03/A_AutocratSpeech,Player,en,「ソード青年団と彼らが国民や国家に対して行っている行為はもはや容認できない。したがって、今日からブルディアの極端な民族主義運動は国家安全保障上の脅威と見なさなければならない。」
0x0100000600048802,39,33,Sordland/Turn03/A_AutocratSpeech,Player,Menu Text en,ソード青年団の脅威と右翼の野心
0x0100000600048810,39,37,Sordland/Turn03/A_AutocratSpeech,Player,en,「ソードランドでは明らかに左右両派の過激派グループ間で危険な内乱が起きており、それによって我が国の市民の命が危険にさらされるだけでなく、政府を転覆させようとする動きも見受けられる。今日、我々は非常事態に直面しているのだ。」
0x0100000600048810,39,37,Sordland/Turn03/A_AutocratSpeech,Player,Menu Text en,ソードランドにおける極左・極右過激派集団の脅威
0x0100000600048819,39,38,Sordland/Turn03/A_AutocratSpeech,Player,en,「赤旗青年団が国民や国家に対して行っている行為はもはや容認できない。したがって、今日からソードランド人の共産主義運動は国家安全保障上の脅威と見なさなければならない。」
0x0100000600048819,39,38,Sordland/Turn03/A_AutocratSpeech,Player,Menu Text en,赤旗青年団の脅威と左翼勢力の動き
0x0100000600048825,39,42,Sordland/Turn03/A_AutocratSpeech,Player,en,「今日から、すべてのブルディア分離主義集団およびブルディア自由戦線の支持者たちは国家の安全保障上の脅威と見なさなければならない。我が主権国家を攻撃しようと企むこれらの準軍事組織を、もはやソードランドは容認してはならない。」
0x0100000600048825,39,42,Sordland/Turn03/A_AutocratSpeech,Player,Menu Text en,ブルディア人の分離主義者たちの脅威
0x0100000600048831,39,43,Sordland/Turn03/A_AutocratSpeech,Player,en,「BFFの軍備を背景に、ルンブルクはソードランドに対して明確な攻撃的姿勢を示している。彼らは我が国にとって重大な国家安全保障上の脅威だ。我々は強く立ち続け、彼らの裏切り的な行動に備えなければならない。」
0x0100000600048831,39,43,Sordland/Turn03/A_AutocratSpeech,Player,Menu Text en,ルンブルクの脅威
0x0100000600048839,39,44,Sordland/Turn03/A_AutocratSpeech,Narrator,en,NFPの議席から拍手が起こった。
0x0100000600048841,39,45,Sordland/Turn03/A_AutocratSpeech,Narrator,en,NFPの議席から拍手が起こった。
0x0100000600048848,39,46,Sordland/Turn03/A_AutocratSpeech,Narrator,en,反対派の議員たちは抗議の声を上げ始めた。
0x010000060004884F,39,47,Sordland/Turn03/A_AutocratSpeech,Narrator,en,NFPのメンバーたちは抗議の声を上げ始めた。
0x0100000600048856,39,48,Sordland/Turn03/A_AutocratSpeech,Player,en,「その上、ブルディアの分離主義者たちがベルギア地方を占領し、我が国の領土内に新たな国家を樹立しようと計画していることが判明した。ゆえに国家はこれらの脅威に迅速に対処するため、特別な措置を講じることを決定したのだ。」
0x0100000600048856,39,48,Sordland/Turn03/A_AutocratSpeech,Player,Menu Text en,ベルギア占領を企てているのはブルディア自由戦線の分離主義者たちだ
0x010000060004885D,39,49,Sordland/Turn03/A_AutocratSpeech,Player,en,「その上、共産党員たちが我が政府を転覆させることによってソードランドで共産主義革命を起こそうと計画していることが判明した。ゆえに国家はこれらの脅威に迅速に対処するため、特別な措置を講じることを決定したのだ。」
0x010000060004885D,39,49,Sordland/Turn03/A_AutocratSpeech,Player,Menu Text en,政府転覆を企てたのは共産主義者たちだと非難する
0x0100000600048864,39,50,Sordland/Turn03/A_AutocratSpeech,Player,en,「その上、超国家主義者たちが我が政府を転覆させ、全体主義的な極端主義国家を樹立しようと計画していることが判明した。ゆえに国家はこれらの脅威に迅速に対処するため、特別な措置を講じることを決定したのだ。」
0x0100000600048864,39,50,Sordland/Turn03/A_AutocratSpeech,Player,Menu Text en,政府転覆を企てたのは超国家主義者たちだと非難する
0x0100000600048892,39,60,Sordland/Turn03/A_AutocratSpeech,Player,en,「外国の勢力が悪の元凶だ！彼らは我が国の主権を軽視し、我が政府を倒して傀儡国家を樹立する目的で、こうした過激派組織を扇動し支援しているのだ。国家として即座にこうした脅威に対処する。」
0x0100000600048892,39,60,Sordland/Turn03/A_AutocratSpeech,Player,Menu Text en,極端主義集団を支援しているのは外国勢力だと非難する
0x01000006000488A4,39,61,Sordland/Turn03/A_AutocratSpeech,Player,en,「警察には武力行使に関する権限が強化される。非常事態期間中、一般市民の捜索や没収命令を法的限度を超えて行うことも許可されるだろう。」
0x01000006000488A4,39,61,Sordland/Turn03/A_AutocratSpeech,Player,Menu Text en,「警察には武力行使に関する権限が強化されることになる……」
0x01000006000488B5,39,65,Sordland/Turn03/A_AutocratSpeech,Player,en,「国家の監視能力は、改めて指示が出るまで限界を超えて強化される。」
0x01000006000488B5,39,65,Sordland/Turn03/A_AutocratSpeech,Player,Menu Text en,「国家の監視能力は、追って通知があるまで限界を超えて強化されることになる。」
0x01000006000488C1,39,69,Sordland/Turn03/A_AutocratSpeech,Player,en,「もし当該犯罪が国家及びその国民の安全を危険にさらす場合、容疑者は裁判を経ることなく拘束される。」
0x01000006000488C1,39,69,Sordland/Turn03/A_AutocratSpeech,Player,Menu Text en,「容疑者が国家や国民の安全を危険にさらす犯罪を犯した場合、裁判なしで拘束することができる。」
0x01000006000488CD,39,73,Sordland/Turn03/A_AutocratSpeech,Player,en,「非常事態が続く間、抗議のための集会の権利は停止される。すべての国民には法律を遵守することが求められ、警察は集まった群衆に対して力を行使する許可を与えられている。」
0x01000006000488CD,39,73,Sordland/Turn03/A_AutocratSpeech,Player,Menu Text en,「抗議のための集会の権利は非常事態期間中は停止される...」
0x01000006000488F4,39,90,Sordland/Turn03/A_AutocratSpeech,Player,en,「憲法の第57条および第58条に基づき、今日のような緊急事態においては国家がこうした措置を講じる権利を有している。」
0x01000006000488F4,39,90,Sordland/Turn03/A_AutocratSpeech,Player,Menu Text en,「憲法第57条および第58条に基づき、今日のような緊急事態においては国家がこれらの措置を講じる権利を有する。」
0x0100000600048903,39,91,Sordland/Turn03/A_AutocratSpeech,Narrator,en,大国民議会からは大きな反応が起こった。
0x010000060004890A,39,92,Sordland/Turn03/A_AutocratSpeech,Gloria Tory,en,「大統領はまだ話し終えておりません！」
0x0100000600048910,39,93,Sordland/Turn03/A_AutocratSpeech,Narrator,en,グロリアは再び木槌を叩いた。
0x0100000600048917,39,94,Sordland/Turn03/A_AutocratSpeech,Narrator,en,ブルディア人の国会議員であり無党派派閥のリーダーと見なされていたマンスン・レケは、自分の席から立ち上がり、私に向かって叫び始めた。
0x010000060004891E,39,95,Sordland/Turn03/A_AutocratSpeech,Mansoun Leke,en,<shout>「『これは全体主義だ！』」</shout>
0x010000060004892B,39,96,Sordland/Turn03/A_AutocratSpeech,Player,en,「これらの措置は異例のものではあるが、我々が取るにあたっては完全に必要なものだった。危機の時代には国として常に警戒を怠ってはならず、必ずや勝利を収めることができるだろう。」
0x010000060004892B,39,96,Sordland/Turn03/A_AutocratSpeech,Player,Menu Text en,演説を続ける
0x0100000600048939,39,98,Sordland/Turn03/A_AutocratSpeech,Narrator,en,騒がしい混乱の最中でも、私は少し休む時間を見つけることができた。
0x0100000600048959,39,103,Sordland/Turn03/A_AutocratSpeech,Player,en,「レケさん、私が話している間は静かにしていただけるか？」
0x0100000600048959,39,103,Sordland/Turn03/A_AutocratSpeech,Player,Menu Text en,「レケさん、私が話している間は静かにしていただけるか？」
0x0100000600048961,39,104,Sordland/Turn03/A_AutocratSpeech,Narrator,en,私はUSPの議員席から上がる拍手に包まれながら話を続けた。
0x010000060004896A,39,105,Sordland/Turn03/A_AutocratSpeech,Player,en,「大国民議会の皆様！我々は互いの違いを脇に置かなければならない。」
0x010000060004896A,39,105,Sordland/Turn03/A_AutocratSpeech,Player,Menu Text en,「大国民議会の皆様！我々は互いの違いを脇に置かなければならない。」
0x0100000600048977,39,109,Sordland/Turn03/A_AutocratSpeech,Narrator,en,「この非常時期においても、我々はこれまで通り外交政策の推進を再開するつもりだ。」
0x010000060004897E,39,110,Sordland/Turn03/A_AutocratSpeech,Narrator,en,「緊急法に基づき、ソードランドはルンブルクの裏切的な行為ゆえに両国間のあらゆる外交関係を断絶することになる。我々も禁輸措置で対抗していくつもりだ。」
0x0100000600048991,39,117,Sordland/Turn03/A_AutocratSpeech,Narrator,en,「緊急法に基づき、ソードランドはコンタナ連邦の裏切的な行為ゆえに同国とのあらゆる外交関係を断絶する。我々も禁輸措置によって対抗していくつもりだった。」
0x010000060004899E,39,121,Sordland/Turn03/A_AutocratSpeech,Narrator,en,「同じ措置がコンタナ連邦に対しても取られることになる……」
0x01000006000489AB,39,125,Sordland/Turn03/A_AutocratSpeech,Narrator,en,「緊急法に基づき、ソードランドはアルカシアが自国に対して反逆行為を働いたことを理由に、同国とのあらゆる外交関係を断絶する。我々は禁輸措置を講じてこれに対抗するつもりだった。」
0x01000006000489B9,39,129,Sordland/Turn03/A_AutocratSpeech,Narrator,en,「アルカシアに対しても同じ措置が取られるだろう。」
0x01000006000489C6,39,133,Sordland/Turn03/A_AutocratSpeech,Narrator,en,「必要とあらば、ソードランドは単独で立ち向かうだろう。どのような状況であれ、我々は強くいなければならない。」
0x01000006000489D0,39,134,Sordland/Turn03/A_AutocratSpeech,Narrator,en,「……そしてアルカシアも同様だった。」
0x01000006000489D8,39,135,Sordland/Turn03/A_AutocratSpeech,Narrator,en,「我々国民は強くあらねばならず、互いのつながりを守らなければならなかった。」
0x01000006000489DF,39,136,Sordland/Turn03/A_AutocratSpeech,Narrator,en,私は一時停止して、大国民議会の様子を見た。
0x01000006000489E8,39,137,Sordland/Turn03/A_AutocratSpeech,Player,en,「今日、我々はソードランドのために戦わなければならない！」
0x01000006000489E8,39,137,Sordland/Turn03/A_AutocratSpeech,Player,Menu Text en,「今日、我々はソードランドのために戦わなければならない！」
0x01000006000489EF,39,138,Sordland/Turn03/A_AutocratSpeech,Player,en,「我々の置かれている状況を、皆様にご理解いただきたいと思う。」
0x01000006000489EF,39,138,Sordland/Turn03/A_AutocratSpeech,Player,Menu Text en,「我々の置かれている状況を、皆様にご理解いただきたいと思う。」
0x01000006000489FC,39,142,Sordland/Turn03/A_AutocratSpeech,Player,en,「やっとのことで勇気を出し、その赤い脅威を打ち倒さなければならない！」
0x01000006000489FC,39,142,Sordland/Turn03/A_AutocratSpeech,Player,Menu Text en,「やっとのことで勇気を出し、その赤い脅威を打ち倒さなければならない！」
0x0100000600048A06,39,143,Sordland/Turn03/A_AutocratSpeech,Narrator,en,USPの議席から拍手が起こった。
0x0100000600048A10,39,144,Sordland/Turn03/A_AutocratSpeech,Player,en,「皆様にはご辛抱いただきたくお願い申し上げる。」
0x0100000600048A10,39,144,Sordland/Turn03/A_AutocratSpeech,Player,Menu Text en,「皆様にはご辛抱いただきたくお願い申し上げる。」
0x0100000600048A1D,39,148,Sordland/Turn03/A_AutocratSpeech,Player,en,「我々は共に極端主義者たちと戦っていく！」
0x0100000600048A1D,39,148,Sordland/Turn03/A_AutocratSpeech,Player,Menu Text en,「我々は共に極端主義者たちと戦っていく！」
0x0100000600048A26,39,149,Sordland/Turn03/A_AutocratSpeech,Player,en,「この状況は長く続くことはない。必ずやすぐに収束する。」
0x0100000600048A26,39,149,Sordland/Turn03/A_AutocratSpeech,Player,Menu Text en,「この状況は長く続くことはない。必ずやすぐに収束する。」
0x0100000600048A2D,39,150,Sordland/Turn03/A_AutocratSpeech,Player,en,「国家に反対する者は全員排除してみせる！」
0x0100000600048A2D,39,150,Sordland/Turn03/A_AutocratSpeech,Player,Menu Text en,「国家に反対する者は全員排除してみせる！」
0x0100000600048A35,39,151,Sordland/Turn03/A_AutocratSpeech,Player,en,「我々は皆様の協力と支援をお願い申し上げる。」
0x0100000600048A35,39,151,Sordland/Turn03/A_AutocratSpeech,Player,Menu Text en,「我々は皆様の協力と支援をお願い申し上げる。」
0x0100000600048A48,39,152,Sordland/Turn03/A_AutocratSpeech,Player,en,「国家は迅速にこの状況に対処する。」
0x0100000600048A48,39,152,Sordland/Turn03/A_AutocratSpeech,Player,Menu Text en,「国家は迅速にこの状況に対処する。」
0x0100000600048A56,39,156,Sordland/Turn03/A_AutocratSpeech,Player,en,「ブルディア人に関する問題もついに解決されるだろう！」
0x0100000600048A56,39,156,Sordland/Turn03/A_AutocratSpeech,Player,Menu Text en,「ブルディア人に関する問題もついに解決されるだろう！」
0x0100000600048A5E,39,157,Sordland/Turn03/A_AutocratSpeech,Player,en,「ブルディア分離主義者たちは間もなく根絶されるだろう！」
0x0100000600048A5E,39,157,Sordland/Turn03/A_AutocratSpeech,Player,Menu Text en,「ブルディア分離主義者たちは間もなく根絶されるだろう！」
0x0100000600048A66,39,158,Sordland/Turn03/A_AutocratSpeech,Narrator,en,私は群衆に敬礼した。
0x0100000600048A70,39,159,Sordland/Turn03/A_AutocratSpeech,Player,en,「自由なソードランドのために！」
0x0100000600048A70,39,159,Sordland/Turn03/A_AutocratSpeech,Player,Menu Text en,「自由なソードランドのために！」
0x0100000600048A78,39,160,Sordland/Turn03/A_AutocratSpeech,Player,en,「強きソードランドのために！」
0x0100000600048A78,39,160,Sordland/Turn03/A_AutocratSpeech,Player,Menu Text en,「強きソードランドのために！」
0x0100000600048A80,39,161,Sordland/Turn03/A_AutocratSpeech,Player,en,「ソードランドの平和のために！」
0x0100000600048A80,39,161,Sordland/Turn03/A_AutocratSpeech,Player,Menu Text en,「ソードランドの平和のために！」
0x0100000600048A88,39,162,Sordland/Turn03/A_AutocratSpeech,Player,en,「ソルの遺産のために！」
0x0100000600048A88,39,162,Sordland/Turn03/A_AutocratSpeech,Player,Menu Text en,「ソルの遺産のために！」
0x0100000600048A90,39,163,Sordland/Turn03/A_AutocratSpeech,Narrator,en,大国民議会では様々な反応が巻き起こり、騒然となった。
0x0100000600048A99,39,164,Sordland/Turn03/A_AutocratSpeech,Narrator,en,私が演壇を後にすると、USPのメンバーのほとんどは拍手を送ったが、反対派の全員が抗議の声を上げた。
0x0100000600048AA1,39,165,Sordland/Turn03/A_AutocratSpeech,Narrator,en,私が自分の席に向かって歩いていく間、抗議の声は次第に大きくなっていった。
0x0100000600048AA7,39,166,Sordland/Turn03/A_AutocratSpeech,Gloria Tory,en,「大統領、そのお知らせをいただき、ありがとうございます。」
0x0100000600048AAF,39,167,Sordland/Turn03/A_AutocratSpeech,Narrator,en,マンスン・レケが再び私に向かって怒鳴り始めた。
0x0100000600048AB6,39,168,Sordland/Turn03/A_AutocratSpeech,Mansoun Leke,en,<shout>「あなたはまさにソルのようです！」</shout>
0x0100000600048AC4,39,172,Sordland/Turn03/A_AutocratSpeech,Mansoun Leke,en,<shout>「ブルディアの民を放っておきなさい！」</shout>
0x0100000600048ACB,39,173,Sordland/Turn03/A_AutocratSpeech,Narrator,en,ケサロは自分の席から立ち上がり、私の方へ歩いてきて怒鳴った。
0x0100000600048AD9,39,177,Sordland/Turn03/A_AutocratSpeech,Kesaro Kibener,en,<shout>「これは間違いです、大統領！どうして国民主義者を標的にするようなことをなさるのですか？」</shout>
0x0100000600048AE0,39,178,Sordland/Turn03/A_AutocratSpeech,Kesaro Kibener,en,<shout>「『赤旗青年団とは、自国とソードランド文化を愛する人々の集まりです。彼らは敵ではありません！』」</shout>
0x0100000600048AED,39,182,Sordland/Turn03/A_AutocratSpeech,Narrator,en,ケサロは自分の席から立ち上がり、マンスンに向かって叫び返した。
0x0100000600048AF4,39,183,Sordland/Turn03/A_AutocratSpeech,Kesaro Kibener,en,<shout>「レケさん、あなたはソードランドに住んでいるのですね！」</shout>
0x0100000600048AFC,39,184,Sordland/Turn03/A_AutocratSpeech,Kesaro Kibener,en,<shout>「この国に対して抵抗しようとして、何も反応がないなどと思ってはいけません！」</shout>
0x0100000600048B03,39,185,Sordland/Turn03/A_AutocratSpeech,Narrator,en,マンスン・レケが再び私に向かって怒鳴り始めた。
0x0100000600048B0B,39,186,Sordland/Turn03/A_AutocratSpeech,Mansoun Leke,en,<shout>「極端主義者たちがベナード・シルカスを冷酷に殺害しただけでは十分でなかったのですか！？」</shout>
0x0100000600048B12,39,187,Sordland/Turn03/A_AutocratSpeech,Mansoun Leke,en,<shout>「今、あなたは左派に対する戦争を宣言しているのですね！大統領、あなたはまさにソルと同じです！」</shout>
0x0100000600048B19,39,188,Sordland/Turn03/A_AutocratSpeech,Mansoun Leke,en,<shout>「『冷酷非情なナショナリストだ！』」</shout>
0x0100000600048B20,39,189,Sordland/Turn03/A_AutocratSpeech,Narrator,en,状況がさらに悪化すると、グロリアは再び木槌を叩き始めた。
0x0100000600048B2A,39,190,Sordland/Turn03/A_AutocratSpeech,Narrator,en,ケサロは自分の席から立ち上がり、マンスンに向かって叫び返した。
0x0100000600048B32,39,191,Sordland/Turn03/A_AutocratSpeech,Kesaro Kibener,en,<shout>「ここでそんな口の利き方をするとは、何たる無礼だ！」</shout>
0x0100000600048B39,39,192,Sordland/Turn03/A_AutocratSpeech,Kesaro Kibener,en,<shout>「レケさん、あなたはソードランドに住んでいるのですね！」</shout>
0x0100000600048B41,39,193,Sordland/Turn03/A_AutocratSpeech,Gloria Tory,en,<shout>「『秩序を！』」</shout>
0x0100000600048B48,39,194,Sordland/Turn03/A_AutocratSpeech,Gloria Tory,en,「諸君、いつになったら大人として振る舞うことを学ぶのですか？」
0x0100000600048B4F,39,195,Sordland/Turn03/A_AutocratSpeech,Narrator,en,私が大国民議会の全員の注意がグロリアに向いていることを確認すると、その場を離れた。
0x0100000600048B57,39,196,Sordland/Turn03/A_AutocratSpeech,Narrator,en,私は静かに宮殿へと歩いて戻った。
0x0100000600048B5E,39,197,Sordland/Turn03/A_AutocratSpeech,Player,en,「ソードランド大国民議会の尊敬すべき議員の皆様！今日ここにいるのは、最近ソードランドで起きている憂慮すべき事態に関し、国家が下した重要な決定をご報告するためだ。」
0x0100000600048B5E,39,197,Sordland/Turn03/A_AutocratSpeech,Player,Menu Text en,「大国民議会の尊敬すべき議員の皆様…」
0x0100000600048B67,39,198,Sordland/Turn03/A_AutocratSpeech,Player,en,「兄弟姉妹の皆さん！今日ここにいるのは、ソードランドで最近起きている憂慮すべき事態に関し、国家が下した重要な決定をお伝えするためだ。」
0x0100000600048B67,39,198,Sordland/Turn03/A_AutocratSpeech,Player,Menu Text en,「兄弟姉妹の皆さん……」
0x0100000300030FD1,39,282,Sordland/Turn03/A_AutocratSpeech,Player,en,「前述の条文に基づき、私はここに非常事態を宣言し、緊急法の速やかな施行を命じる。」
0x0100000300030FD1,39,282,Sordland/Turn03/A_AutocratSpeech,Player,Menu Text en,「前述の条文に基づき、私はここに非常事態を宣言し、緊急法の速やかな施行を命じる。」
0x0100000300030FDA,39,283,Sordland/Turn03/A_AutocratSpeech,Player,en,「私はここに、ソードランドに非常事態を宣言する！」
0x0100000300030FDA,39,283,Sordland/Turn03/A_AutocratSpeech,Player,Menu Text en,「私はここに、ソードランドに非常事態を宣言する！」
0x0100000300030FE3,39,284,Sordland/Turn03/A_AutocratSpeech,Player,en,「敬意を示してくれ！」
0x0100000300030FE3,39,284,Sordland/Turn03/A_AutocratSpeech,Player,Menu Text en,「敬意を示してくれ！」
0x0100000000064A9E,40,3,Sordland/Turn03/EnT_BusinessCouncil,Player_Italic,en,私は車に乗り込み、我々一同はラハベンにある我々の住居へ向かって車を走らせた。セルジュが海岸沿いの道を選んで運転した。
0x0100000000064A9E,40,3,Sordland/Turn03/EnT_BusinessCouncil,Player_Italic,Menu Text en,車に乗り込む
0x0100000000064C43,40,7,Sordland/Turn03/EnT_BusinessCouncil,Player,en,「どうぞ、話してくれ。」
0x0100000000064C43,40,7,Sordland/Turn03/EnT_BusinessCouncil,Player,Menu Text en,「ぜひ、話してくれ。」
0x0100000000064C4A,40,8,Sordland/Turn03/EnT_BusinessCouncil,Player,en,「わかった、そうしなければならないのであれば。」
0x0100000000064C4A,40,8,Sordland/Turn03/EnT_BusinessCouncil,Player,Menu Text en,「わかった、そうしなければならないのであれば。」
0x0100000000064C53,40,9,Sordland/Turn03/EnT_BusinessCouncil,Narrator,en,ウォルターは葉巻に火をつけ、数回吸った後で話を続けた。
0x0100000000064C5C,40,10,Sordland/Turn03/EnT_BusinessCouncil,Walter Tusk,en,「私が推進している市場経済を重視するという経済方針について、皆が意見の一致を見ているそうです。」
0x0100000000064C62,40,11,Sordland/Turn03/EnT_BusinessCouncil,Walter Tusk,en,「私が非効率的な計画経済を推進することで選んだ経済方針に対し、グループ内の多くの人々が失望しております。」
0x0100000000064C74,40,12,Sordland/Turn03/EnT_BusinessCouncil,Player,en,「その決定をグループの皆が支持してくれて嬉しい。すべて慎重に検討した上での判断だった。」
0x0100000000064C74,40,12,Sordland/Turn03/EnT_BusinessCouncil,Player,Menu Text en,「グループがこの決定を支持してくれて嬉しい。」
0x0100000000064C7B,40,13,Sordland/Turn03/EnT_BusinessCouncil,Player,en,「この状況を解決させたいのだ。状況を改善するために何ができるか？」
0x0100000000064C7B,40,13,Sordland/Turn03/EnT_BusinessCouncil,Player,Menu Text en,「この状況を改善するためには、何ができるのか？」
0x0100000000064C82,40,14,Sordland/Turn03/EnT_BusinessCouncil,Player,en,「選挙期間中に約束したことは必ず守らなければならない。それがその決定の主な理由だった。」
0x0100000000064C82,40,14,Sordland/Turn03/EnT_BusinessCouncil,Player,Menu Text en,「選挙期間中に約束したことは必ず守らなければならない。それがその決定の主な理由だった。」
0x0100000000064C89,40,15,Sordland/Turn03/EnT_BusinessCouncil,Player,en,「ロザーバーグ・グループの意見など私には関係ない。私は自分の判断で決断を下す。」
0x0100000000064C89,40,15,Sordland/Turn03/EnT_BusinessCouncil,Player,Menu Text en,「ロザーバーグ・グループの意見など私には関係ない。私は自分の判断で決断を下す。」
0x0100000000064C98,40,16,Sordland/Turn03/EnT_BusinessCouncil,Walter Tusk,en,「もし政府が民間企業向けの税制引き下げを実施し、医療と教育の両分野を民営化すれば、ロザーバーグ・グループの政府に対する態度は大きく好転するでしょう。」
0x0100000000064C9F,40,17,Sordland/Turn03/EnT_BusinessCouncil,Walter Tusk,en,「大統領、ロザーバーグ・グループの不満はご留意すべき事柄です。非常に重視されるべきことでして、特に我々が提供した『貢献』を受け取りながら何も行動に移さなかった後ではなおさらです。」
0x0100000000064CA5,40,18,Sordland/Turn03/EnT_BusinessCouncil,Walter Tusk,en,「彼らは巨大な経済力を持つ集団です。協力すれば不況の解決に役立つでしょう。」
0x0100000000064CAC,40,19,Sordland/Turn03/EnT_BusinessCouncil,Narrator,en,ウォルターは満足している様子には見えなかった。
0x0100000000064CB5,40,20,Sordland/Turn03/EnT_BusinessCouncil,Walter Tusk,en,「政治的な動機は称賛に値しますが、経済というのは数字や現在の現実を扱うものであり、過去ではありません。」
0x0100000000064CF9,40,22,Sordland/Turn03/EnT_BusinessCouncil,Player,en,「私は大手民間企業に税制減免を行うつもりだ。」
0x0100000000064CF9,40,22,Sordland/Turn03/EnT_BusinessCouncil,Player,Menu Text en,「大手民間企業に税制減免を行う。」［減税を約束する］
0x0100000000064D02,40,23,Sordland/Turn03/EnT_BusinessCouncil,Player,en,「私は客観的に税制に関する決定を下す。何かを約束することはできない。」
0x0100000000064D02,40,23,Sordland/Turn03/EnT_BusinessCouncil,Player,Menu Text en,「私は客観的に税制に関する決定を下す。何かを約束することはできない。」
0x0100000000064D0B,40,24,Sordland/Turn03/EnT_BusinessCouncil,Walter Tusk,en,「これを聞いて大変満足しております。我々とソードランドの繁栄する未来のためにも！」
0x0100000000064D12,40,25,Sordland/Turn03/EnT_BusinessCouncil,Walter Tusk,en,「まあ、急ぐ必要はありません。ロザーバーグ・グループが大統領の側につけば不況も終わるでしょう。」
0x0100000000064D1F,40,26,Sordland/Turn03/EnT_BusinessCouncil,Walter Tusk,en,「妥協に反対するのは難しいことです。」
0x0100000000064D26,40,27,Sordland/Turn03/EnT_BusinessCouncil,Player,en,「おそらく、折衷案を探すことが解決策だろう。」
0x0100000000064D26,40,27,Sordland/Turn03/EnT_BusinessCouncil,Player,Menu Text en,「おそらく、折衷案を探すことが解決策だろう。」
0x0100000000064D2D,40,28,Sordland/Turn03/EnT_BusinessCouncil,Player,en,「今回は違う。私の考えを変えるつもりはない。」
0x0100000000064D2D,40,28,Sordland/Turn03/EnT_BusinessCouncil,Player,Menu Text en,「今回は違う。私の考えを変えるつもりはない。」
0x0100000000064D3B,40,29,Sordland/Turn03/EnT_BusinessCouncil,Narrator,en,ウォルターは微笑んだ。
0x0100000000065062,40,31,Sordland/Turn03/EnT_BusinessCouncil,Narrator,en,ウォルターは去り、セルジュが私を迎えに来た。
0x01000000000652BD,40,35,Sordland/Turn03/EnT_BusinessCouncil,Walter Tusk,en,「新しい憲法において守旧派に対処することを決められたようですね。実に勇敢なことだ。」
0x01000000000652C3,40,36,Sordland/Turn03/EnT_BusinessCouncil,Walter Tusk,en,「非常事態の状況について我々は大変憂慮しております。これからの未来を思うと不安でなりません。」
0x01000000000652C9,40,37,Sordland/Turn03/EnT_BusinessCouncil,Walter Tusk,en,「やっと、国民の声に耳を傾けてくださる大統領がおいでになりました。新しい憲法を大国民議会や最高裁判所で承認させるのは容易ではないでしょう。」
0x01000000000652CF,40,38,Sordland/Turn03/EnT_BusinessCouncil,Walter Tusk,en,「もし我々の要求を受け入れていただければ、現状を打破する上で強力な同盟者となることができます。我々は大国民議会やおそらくは最高裁判所の面でも支援が可能です...」
0x01000000000652D5,40,39,Sordland/Turn03/EnT_BusinessCouncil,Walter Tusk,en,「もし我々のいくつかの経済的な要望に協力していただけるなら、新憲法が議会や最高裁判所を通過するようお手伝いできます。」
0x01000000000652DB,40,40,Sordland/Turn03/EnT_BusinessCouncil,Walter Tusk,en,「企業が正常に活動するためには安定が不可欠です。ですから、我々の資本をもってあなた方の側につくようお願いしたいのであれば、こちらからもいくつか条件があります。」
0x01000000000980EE,40,47,Sordland/Turn03/EnT_BusinessCouncil,Walter Tusk,en,「最初の巨大インフラプロジェクトについては、我々の間で合意がありました。」
0x01000000000980F4,40,48,Sordland/Turn03/EnT_BusinessCouncil,Walter Tusk,en,「大統領、最初の巨大インフラプロジェクトの建設をアンダーホール建設に任せるという、以前行った個別の提案をお断りになったのですね。」
0x01000000000980FD,40,49,Sordland/Turn03/EnT_BusinessCouncil,Walter Tusk,en,「その約束を守り、契約をアンダーホール建設に与えましたね。我々の計画では問題なく進んでいました。」
0x0100000000098103,40,50,Sordland/Turn03/EnT_BusinessCouncil,Walter Tusk,en,「その約束を破り、アンダーホール建設に契約を与えなかったのですね。その行為によってグループ内では大きな失望が広がりました。」
0x010000000009810B,40,51,Sordland/Turn03/EnT_BusinessCouncil,Walter Tusk,en,「ですが、やはりあなたの選択は正しかったのです。ただ、あなたの党がその寄付を受け取れなかったのは残念でして。なぜ誰かがその資金を欲しがらないのか、私には理解できません。」
0x01000004000055C0,40,52,Sordland/Turn03/EnT_BusinessCouncil,Walter Tusk,en,「今回の税制に関する会議が開催されることは承知しております。民間企業に減税が行われれば、正しい方向への一歩となるでしょう。」
0x01000004000055C7,40,53,Sordland/Turn03/EnT_BusinessCouncil,Walter Tusk,en,「雇用創出によって経済を活性化させるのはもちろんです……。そしてその副次的な効果として、私の在任期間中ずっと政権を支援し続けられることになります。」
0x01000004000055CE,40,54,Sordland/Turn03/EnT_BusinessCouncil,Walter Tusk,en,「通常、ロザーバーグ・グループの代表者は政権について直接コメントしませんが、今夜は特別な夜ですので、少しお話ししたいと思います。」
0x01000004000055E5,40,58,Sordland/Turn03/EnT_BusinessCouncil,Walter Tusk,en,「この措置により、当グループ内に失望の声が上がっています。」
0x01000004000055FC,40,59,Sordland/Turn03/EnT_BusinessCouncil,Walter Tusk,en,「我々の側では、先日の失敗は解決され、経済界における新政府への信頼も回復するでしょう。」
0x0100000400005611,40,60,Sordland/Turn03/EnT_BusinessCouncil,Player,en,「我々の共通の利益のために、これからも一層協力していきたく思う。」
0x0100000400005611,40,60,Sordland/Turn03/EnT_BusinessCouncil,Player,Menu Text en,「我々の共通の利益のために、これからも一層協力していきたく思う。」
0x010000040000561F,40,61,Sordland/Turn03/EnT_BusinessCouncil,Player,en,「私は民間企業への税制優遇を実施し、医療や教育分野での民営化も推進する。」
0x010000040000561F,40,61,Sordland/Turn03/EnT_BusinessCouncil,Player,Menu Text en,「私は民間企業への税制優遇を実施し、医療や教育分野での民営化を推進する。」 ［減税を約束する］
0x0100000400005626,40,62,Sordland/Turn03/EnT_BusinessCouncil,Player,en,「私は税制や民営化に関する決定を客観的に下す。何かを約束することはできない。」
0x0100000400005626,40,62,Sordland/Turn03/EnT_BusinessCouncil,Player,Menu Text en,「私は税制や民営化に関する決定を客観的に下す。何かを約束することはできない。」
0x0100000400006239,40,65,Sordland/Turn03/EnT_BusinessCouncil,Walter Tusk,en,「大統領、民間企業への税制引き下げや医療・教育の民営化を実施すれば、我々に多くの良い結果をもたらすでしょう。福祉分野内でさらなる資金を調達する絶好の機会となります。」
0x010000040000623F,40,66,Sordland/Turn03/EnT_BusinessCouncil,Narrator,en,彼は微笑んだ。
0x0100000400006246,40,67,Sordland/Turn03/EnT_BusinessCouncil,Narrator,en,気まずい沈黙が流れた。
0x0100000400009084,40,69,Sordland/Turn03/EnT_BusinessCouncil,Narrator,en,彼は警備員たちに合図をし、その後私を小さなVIPラウンジの中へ呼び入れた。
0x0100000400009093,40,70,Sordland/Turn03/EnT_BusinessCouncil,Narrator,en,彼は私を小さなVIPラウンジの中に呼び入れた。
0x0100000400009A7F,40,71,Sordland/Turn03/EnT_BusinessCouncil,Walter Tusk,en,「大統領。少しだけお時間をいただけますでしょうか。」
0x0100000400009A85,40,72,Sordland/Turn03/EnT_BusinessCouncil,Walter Tusk,en,「いずれにせよ……大統領、我々はここにおり、もしお考えが変わられましたらいつでもご協力する準備ができています。そのことを忘れないでください。」
0x0100000400009B5E,40,73,Sordland/Turn03/EnT_BusinessCouncil,Player,en,「私としては、あなた方側からの財政的支援を望んでいる。」
0x0100000400009B5E,40,73,Sordland/Turn03/EnT_BusinessCouncil,Player,Menu Text en,「［賄賂を求める］ あなた方からの財政的支援を望む。」
0x0100000400009B75,40,74,Sordland/Turn03/EnT_BusinessCouncil,Player,en,「我々は確かに、ロザーバーグ・グループと良好な関係を維持することに関心がある。」
0x0100000400009B75,40,74,Sordland/Turn03/EnT_BusinessCouncil,Player,Menu Text en,「我々は確かに、ロザーバーグ・グループと良好な関係を維持することに関心がある。」
0x0100000400009B7E,40,75,Sordland/Turn03/EnT_BusinessCouncil,Player,en,「承知したが、それが私にどのような関係があるのかよくわからない。」
0x0100000400009B7E,40,75,Sordland/Turn03/EnT_BusinessCouncil,Player,Menu Text en,「承知したが、それが私にどのような関係があるのかよくわからない。」
0x0100000400009B86,40,76,Sordland/Turn03/EnT_BusinessCouncil,Player,en,「我々はロザーバーグ・グループとは同じ利益を共有していない。」
0x0100000400009B86,40,76,Sordland/Turn03/EnT_BusinessCouncil,Player,Menu Text en,「我々はロザーバーグ・グループとは同じ利益を共有していない。」
0x0100000400009B8E,40,77,Sordland/Turn03/EnT_BusinessCouncil,Walter Tusk,en,「それならば、我々には正しい姿勢が備わっているのです！」
0x0100000400009B94,40,78,Sordland/Turn03/EnT_BusinessCouncil,Walter Tusk,en,「ええ、間違いなく私にも関係してきますよ、大統領。」
0x0100000400009B9A,40,79,Sordland/Turn03/EnT_BusinessCouncil,Walter Tusk,en,「そのようなら、我々は共により良い未来へと進んでいけます。」
0x0100000400009BA0,40,80,Sordland/Turn03/EnT_BusinessCouncil,Walter Tusk,en,「我々は同じ国に住んでいるのですから、意見の相違は解消しましょう。」
0x0100000400009BA6,40,81,Sordland/Turn03/EnT_BusinessCouncil,Narrator,en,彼は私の目をじっと見つめた。
0x0100000400009BB8,40,82,Sordland/Turn03/EnT_BusinessCouncil,Walter Tusk,en,「多くの人々が大統領を信頼しております。」
0x0100000400009BC8,40,83,Sordland/Turn03/EnT_BusinessCouncil,Player,en,「少し考えてみるが、今は決められない。」
0x0100000400009BC8,40,83,Sordland/Turn03/EnT_BusinessCouncil,Player,Menu Text en,「少し考えてみるが、今は決められない。」
0x0100000400009BCF,40,84,Sordland/Turn03/EnT_BusinessCouncil,Player,en,「一緒に協力すべきことは何もない。こんばんは。」
0x0100000400009BCF,40,84,Sordland/Turn03/EnT_BusinessCouncil,Player,Menu Text en,「一緒に協力すべきことは何もない。こんばんは。」
0x0100000400009BE1,40,85,Sordland/Turn03/EnT_BusinessCouncil,Player,en,「我々が同盟者であると知れて、安心する。」
0x0100000400009BE1,40,85,Sordland/Turn03/EnT_BusinessCouncil,Player,Menu Text en,「我々が同盟者であると知れて、安心する。」
0x0100000400009BE8,40,86,Sordland/Turn03/EnT_BusinessCouncil,Player,en,「合意に達できて何よりだ、ウォルター。」
0x0100000400009BE8,40,86,Sordland/Turn03/EnT_BusinessCouncil,Player,Menu Text en,「合意に達できて何よりだ、ウォルター。」
0x0100000400009BFB,40,87,Sordland/Turn03/EnT_BusinessCouncil,Walter Tusk,en,「前回のことで我々の間に信頼の問題が生じました。もし条件をご承認いただけるなら、今後は貢献させていただきたく存じます。」
0x0100000400009C15,40,88,Sordland/Turn03/EnT_BusinessCouncil,Walter Tusk,en,「それは残念です。私はあなたに平和の枝を差し出したはずです。」
0x0100000400009C1C,40,89,Sordland/Turn03/EnT_BusinessCouncil,Walter Tusk,en,「どうして我々は皆、ただの友達でいられないのですか？」
0x0100000400009C23,40,90,Sordland/Turn03/EnT_BusinessCouncil,Player,en,「そうは思わない。私には経済のための別の計画がある。」
0x0100000400009C23,40,90,Sordland/Turn03/EnT_BusinessCouncil,Player,Menu Text en,「そうは思わない。私には経済のための別の計画がある。」
0x0100000400009C2A,40,91,Sordland/Turn03/EnT_BusinessCouncil,Player,en,「もしかするとそうできるかもしれない。私が何とかしてみる。」
0x0100000400009C2A,40,91,Sordland/Turn03/EnT_BusinessCouncil,Player,Menu Text en,「もしかするとそうできるかもしれない。私が何とかしてみる。」
0x0100000400009C3A,40,95,Sordland/Turn03/EnT_BusinessCouncil,Walter Tusk,en,「素晴らしいです！そのようなお返事をいただき嬉しく存じます。」
0x0100000400009C40,40,96,Sordland/Turn03/EnT_BusinessCouncil,Walter Tusk,en,「その団体は、民間企業への税制引き下げや医療・教育分野の民営化を求めています。」
0x0100000400009C48,40,97,Sordland/Turn03/EnT_BusinessCouncil,Walter Tusk,en,「当グループが求めているのは民間企業への税制引き下げだけであり、我々は大統領閣下の政権を全面的に支援いたします。」
0x0100000400009C58,40,100,Sordland/Turn03/EnT_BusinessCouncil,Player,en,「私は民間企業への税制優遇を実施し、医療や教育分野での民営化も推進する。」
0x0100000400009C58,40,100,Sordland/Turn03/EnT_BusinessCouncil,Player,Menu Text en,「私は民間企業への税制優遇を実施し、医療や教育分野での民営化を推進する。」 ［減税を約束する］
0x0100000400009C62,40,101,Sordland/Turn03/EnT_BusinessCouncil,Player,en,「それはあまりにも要求が過度だ。よく考え直したが、断らざるを得ない。」
0x0100000400009C62,40,101,Sordland/Turn03/EnT_BusinessCouncil,Player,Menu Text en,「それはあまりにも要求が過度だ。よく考え直したが、断らざるを得ない。」
0x0100000400009C6B,40,102,Sordland/Turn03/EnT_BusinessCouncil,Player,en,「私は民間企業の税制引き下げを実施する。」
0x0100000400009C6B,40,102,Sordland/Turn03/EnT_BusinessCouncil,Player,Menu Text en,「私は民間企業の税金削減法案を可決する。」［減税を約束する］
0x0100000400009C72,40,103,Sordland/Turn03/EnT_BusinessCouncil,Player,en,「それはあまりにも要求が過度だ。よく考え直したが、断らざるを得ない。」
0x0100000400009C72,40,103,Sordland/Turn03/EnT_BusinessCouncil,Player,Menu Text en,「それはあまりにも要求が過度だ。よく考え直したが、断らざるを得ない。」
0x0100000400009CA1,40,105,Sordland/Turn03/EnT_BusinessCouncil,Walter Tusk,en,「大統領、またお会いしましょう。」
0x0100000300026208,40,106,Sordland/Turn03/EnT_BusinessCouncil,Narrator,en,我々一家は、経済の弱点を調査するためにビジネス評議会と協力しようとラハベンにいた。シモンがソードランドの裕福な経済界の重鎮たちを招いて夕食会を主催した。
0x0100000300026214,40,110,Sordland/Turn03/EnT_BusinessCouncil,Narrator,en,誇らしげな表情で、彼は我々を個室へ案内し、その日のためにマローン色のテーブルクロスが敷かれた大きなテーブルに座らせた。
0x010000030002621B,40,111,Sordland/Turn03/EnT_BusinessCouncil,Narrator,en,我々が到着したとき、街は静まり返っており、至る所で警察官たちが巡回していた。この空っぽの都市全体に緊張感が漂っていた。
0x0100000300026222,40,112,Sordland/Turn03/EnT_BusinessCouncil,Narrator,en,我々が到着した時、国全体の雰囲気は緊張していたにもかかわらず、街中は活気に満ちていた。ラハベンの住民たちはあまり心配している様子ではなかった。
0x0100000300026229,40,113,Sordland/Turn03/EnT_BusinessCouncil,Narrator,en,我々はウォルター・タスク、エディット・アグノク、ミカイル・アヴェン、シモン・ホルと共に、海岸沿いにある有名なエステリアレストランへ入っていった。
0x0100000300026238,40,114,Sordland/Turn03/EnT_BusinessCouncil,Narrator,en,「マネージャー」と刺繍されたポケットのついた、背が低く金髪の男が我々を出迎え、興奮して両腕を振りながら、自分の店に我々が来てくれたことをとても嬉しく思っていると語った。
0x0100000300026241,40,115,Sordland/Turn03/EnT_BusinessCouncil,Narrator,en,我々たちはすぐに数人の給仕たちに料理を運んでもらった。彼らが注文を取り始めると、ウォルターが口を開いた。
0x0100000300026249,40,116,Sordland/Turn03/EnT_BusinessCouncil,Walter Tusk,en,「大統領、ラハベンのサーモンをお勧めします。ここの地元特産の珍味で、ソードランドで最も美味しいものですので、ぜひご賞味ください。」
0x0100000300026258,40,117,Sordland/Turn03/EnT_BusinessCouncil,Symon Holl,en,「そのようなことは不要です。皆さんがこの夜を楽しめますように。」
0x010000030002626E,40,118,Sordland/Turn03/EnT_BusinessCouncil,Player,en,「タスクさん、誤解しないでくれ。私はもちろん、ここで何度もこの素晴らしい味を味わってきた。」
0x010000030002626E,40,118,Sordland/Turn03/EnT_BusinessCouncil,Player,Menu Text en,「タスクさん、誤解しないでくれ。私はもちろん、ここで何度もこの素晴らしい味を味わってきた。」
0x010000030002627D,40,122,Sordland/Turn03/EnT_BusinessCouncil,Walter Tusk,en,「大統領、ここのラハベン産サーモンをお勧めします。あなたがラハベン出身であることは存じていますが、これほど素晴らしい味は今までご賞味になったことがないでしょう。」
0x010000030002628D,40,123,Sordland/Turn03/EnT_BusinessCouncil,Player_Italic,en,私はメインディッシュとしてラハベンのサーモンを注文した。ウェイターたちはその注文をメモし、次にどの料理を食べるか尋ねてきた。
0x010000030002628D,40,123,Sordland/Turn03/EnT_BusinessCouncil,Player_Italic,Menu Text en,ラハベンサーモンを注文する
0x0100000300026294,40,124,Sordland/Turn03/EnT_BusinessCouncil,Player_Italic,en,私はメインディッシュとしてレスピア人のパスタを注文した。ウェイターたちはその注文をメモし、次にどの料理を食べるか尋ねてきた。
0x0100000300026294,40,124,Sordland/Turn03/EnT_BusinessCouncil,Player_Italic,Menu Text en,レスピア人パスタを注文する
0x010000030002629B,40,125,Sordland/Turn03/EnT_BusinessCouncil,Player,en,「アドバイスは感謝するが、私はサーモンが好きではない。」
0x010000030002629B,40,125,Sordland/Turn03/EnT_BusinessCouncil,Player,Menu Text en,「アドバイスは感謝するが、私はサーモンが好きではない。」
0x01000003000262A6,40,126,Sordland/Turn03/EnT_BusinessCouncil,Player_Italic,en,私はメインディッシュとして伝統的なブルディア人の豆のスープを注文した。ウェイターたちはその注文をメモし、次にどの料理を食べるか尋ねてきた。
0x01000003000262A6,40,126,Sordland/Turn03/EnT_BusinessCouncil,Player_Italic,Menu Text en,伝統的なソードランド風豆のスープを注文する
0x01000003000262B0,40,127,Sordland/Turn03/EnT_BusinessCouncil,Walter Tusk,en,「まさかですか。残念ですね。それはあなたの損失でしょう。」
0x01000003000262B7,40,128,Sordland/Turn03/EnT_BusinessCouncil,Walter Tusk,en,「失礼です、大統領。あなたのような方がエステリアの常連でいらっしゃることは、私も予想しておくべきでした。」
0x01000003000262C4,40,129,Sordland/Turn03/EnT_BusinessCouncil,Player_Italic,en,私は他の料理は注文せず、ウェイターたちに感謝の意を表した。
0x01000003000262C4,40,129,Sordland/Turn03/EnT_BusinessCouncil,Player_Italic,Menu Text en,もう注文しない
0x01000003000262CB,40,130,Sordland/Turn03/EnT_BusinessCouncil,Player_Italic,en,私はサラダを注文した。
0x01000003000262CB,40,130,Sordland/Turn03/EnT_BusinessCouncil,Player_Italic,Menu Text en,サラダを注文する
0x01000003000262D2,40,131,Sordland/Turn03/EnT_BusinessCouncil,Player_Italic,en,私はご飯を注文した。
0x01000003000262D2,40,131,Sordland/Turn03/EnT_BusinessCouncil,Player_Italic,Menu Text en,米を注文する
0x01000003000262E2,40,132,Sordland/Turn03/EnT_BusinessCouncil,Player_Italic,en,私はご飯を注文した。
0x01000003000262E2,40,132,Sordland/Turn03/EnT_BusinessCouncil,Player_Italic,Menu Text en,米を注文する
0x01000003000262EA,40,133,Sordland/Turn03/EnT_BusinessCouncil,Walter Tusk,en,「大統領、その料理にはレスピア風サラダを一緒にどうぞ。単体だと美味しさが半減してしまいます。」
0x01000003000262F0,40,134,Sordland/Turn03/EnT_BusinessCouncil,Walter Tusk,en,「大統領、それはデンプン質の料理が二品もあります。良くないでしょう。」
0x0100000300026364,40,138,Sordland/Turn03/EnT_BusinessCouncil,Narrator,en,ウェイターたちは我々一人ひとりの前にグラスを置き、パンと水を運んできた。注文を取り終えると、すぐにその個室に我々だけを残して去っていった。
0x010000030002636D,40,139,Sordland/Turn03/EnT_BusinessCouncil,Player,en,「ありがたいが、私は大丈夫だ。」
0x010000030002636D,40,139,Sordland/Turn03/EnT_BusinessCouncil,Player,Menu Text en,「ありがたいが、私は大丈夫だ。」
0x0100000300026375,40,140,Sordland/Turn03/EnT_BusinessCouncil,Player,en,「おっしゃる通りだ。私もサラダを頼もう。」
0x0100000300026375,40,140,Sordland/Turn03/EnT_BusinessCouncil,Player,Menu Text en,「おっしゃる通りだ。私もサラダを頼もう。」
0x010000030002637D,40,141,Sordland/Turn03/EnT_BusinessCouncil,Player,en,「タスクさん、まずはご自身の注文に集中された方がよろしいのではないか？」
0x010000030002637D,40,141,Sordland/Turn03/EnT_BusinessCouncil,Player,Menu Text en,「タスクさん、まずはご自身の注文に集中された方がよろしいのではないか？」
0x0100000300026385,40,142,Sordland/Turn03/EnT_BusinessCouncil,Player,en,「タスクさん、まずはご自身の注文に集中された方がよろしいのではないか？」
0x0100000300026385,40,142,Sordland/Turn03/EnT_BusinessCouncil,Player,Menu Text en,「タスクさん、まずはご自身の注文に集中された方がよろしいのではないか？」
0x010000030002638C,40,143,Sordland/Turn03/EnT_BusinessCouncil,Player,en,「ありがたいが、これで構わない。」
0x010000030002638C,40,143,Sordland/Turn03/EnT_BusinessCouncil,Player,Menu Text en,「ありがたいが、これで構わない。」
0x0100000300026393,40,144,Sordland/Turn03/EnT_BusinessCouncil,Player,en,「どのようなご提案があるか？」
0x0100000300026393,40,144,Sordland/Turn03/EnT_BusinessCouncil,Player,Menu Text en,「どのようなご提案があるか？」
0x010000030002639D,40,145,Sordland/Turn03/EnT_BusinessCouncil,Narrator,en,ウェイターの一人がすぐに会話に割って入り、タスク氏の言う通りだと私に伝え、なぜデンプン質の料理を二つ一緒に食べてはいけないのかを説明し始めた。その後、彼は私のために特別なものを用意してくれると申し出た。
0x01000003000263A7,40,146,Sordland/Turn03/EnT_BusinessCouncil,Walter Tusk,en,「それは単なる提案に過ぎません、大統領……どうか落ち着いてください。」
0x01000003000263AE,40,147,Sordland/Turn03/EnT_BusinessCouncil,Walter Tusk,en,「私としては、大統領にできる限り最良の体験をしていただきたかっただけです！」
0x01000003000263B5,40,148,Sordland/Turn03/EnT_BusinessCouncil,Walter Tusk,en,「どうぞ、お好きなように。」
0x01000003000263BC,40,149,Sordland/Turn03/EnT_BusinessCouncil,Walter Tusk,en,「良い選択ですね。」
0x01000003000263C6,40,150,Sordland/Turn03/EnT_BusinessCouncil,Player,en,「いや、注文したものそのままで結構だ。」
0x01000003000263C6,40,150,Sordland/Turn03/EnT_BusinessCouncil,Player,Menu Text en,「いや、注文したものそのままで結構だ。」
0x01000003000263CE,40,151,Sordland/Turn03/EnT_BusinessCouncil,Player,en,「ええと……わかった。ありがとう。」
0x01000003000263CE,40,151,Sordland/Turn03/EnT_BusinessCouncil,Player,Menu Text en,「ええと……わかった。ありがとう。」
0x01000003000263D6,40,152,Sordland/Turn03/EnT_BusinessCouncil,Player,en,「これは何だ？もう自分の好きなものを注文できないのか？」
0x01000003000263D6,40,152,Sordland/Turn03/EnT_BusinessCouncil,Player,Menu Text en,「これは何だ？もう自分の好きなものを注文できないのか？」
0x01000003000263DE,40,153,Sordland/Turn03/EnT_BusinessCouncil,Walter Tusk,en,「まあ、どうか。彼は大統領ですよ！彼が望むものを出してあげてください！」
0x01000003000263E5,40,154,Sordland/Turn03/EnT_BusinessCouncil,Narrator,en,ウェイターは落ち着かない様子だった。彼は「申し訳ない、大統領閣下。こちらは非常に特別な店であり、最高のサービスを提供したいと考えておる。そのため、互いに相性の悪い二種類のデンプン料理は出すことができない」と返答した。
0x01000003000263EE,40,155,Sordland/Turn03/EnT_BusinessCouncil,Narrator,en,その役人は丁重に頭を下げてメモを取った。
0x01000003000263F8,40,156,Sordland/Turn03/EnT_BusinessCouncil,Narrator,en,短い言い争いの後、ウェイターは私の注文を用意することに同意し、謝罪した。
0x0100000300026402,40,157,Sordland/Turn03/EnT_BusinessCouncil,Edith Agnoc,en,「大統領、本日ご足労いただき、感謝の言葉を申し上げる機会がありませんでした。ご出席いただけたことは私にとって大変意義深いことです。」
0x0100000300026431,40,158,Sordland/Turn03/EnT_BusinessCouncil,Mikail Aven,en,「確かに、大統領。ご一緒して食事をさせていただけるのは光栄です。」
0x0100000300026439,40,159,Sordland/Turn03/EnT_BusinessCouncil,Player,en,「ありがとう。」
0x0100000300026439,40,159,Sordland/Turn03/EnT_BusinessCouncil,Player,Menu Text en,「ありがとう。」
0x0100000300026440,40,160,Sordland/Turn03/EnT_BusinessCouncil,Player,en,「国民経済連盟の皆様とここで一緒にいられて光栄だ。」
0x0100000300026440,40,160,Sordland/Turn03/EnT_BusinessCouncil,Player,Menu Text en,「国民経済連盟の皆様とここで一緒にいられて光栄だ。」
0x0100000300026447,40,161,Sordland/Turn03/EnT_BusinessCouncil,Player,en,「私も同じだ。」
0x0100000300026447,40,161,Sordland/Turn03/EnT_BusinessCouncil,Player,Menu Text en,「私も同じだ。」
0x0100000300026451,40,162,Sordland/Turn03/EnT_BusinessCouncil,Mikail Aven,en,「この会合を開催してくれたシモンに感謝すべきです。」
0x010000030002645E,40,163,Sordland/Turn03/EnT_BusinessCouncil,Walter Tusk,en,「ええ、実際に飲んでみるとさらに美味しいですね。レスピア随一の名酒、1934年産のシャトー・ド・ファレンコです。」
0x010000030002646D,40,164,Sordland/Turn03/EnT_BusinessCouncil,Symon Holl,en,「大統領？」
0x0100000300026475,40,165,Sordland/Turn03/EnT_BusinessCouncil,Narrator,en,シモンは、ウェイターの一人がちょうどテーブルに運んできた高価そうな赤ワインのボトルを指差した。
0x0100000300026484,40,166,Sordland/Turn03/EnT_BusinessCouncil,Player,en,「それは実に見事だね。」
0x0100000300026484,40,166,Sordland/Turn03/EnT_BusinessCouncil,Player,Menu Text en,「それは実に見事だね。」
0x010000030002648F,40,167,Sordland/Turn03/EnT_BusinessCouncil,Player_Italic,en,私は彼にうなずいた。彼は丁寧にワインを私のグラスに注ぎ始め、私が味見するのを待ってからさらに注ぎ加えた。
0x010000030002648F,40,167,Sordland/Turn03/EnT_BusinessCouncil,Player_Italic,Menu Text en,うなずく
0x0100000300026497,40,168,Sordland/Turn03/EnT_BusinessCouncil,Player,en,「はい？」
0x0100000300026497,40,168,Sordland/Turn03/EnT_BusinessCouncil,Player,Menu Text en,「はい？」
0x010000030002649F,40,169,Sordland/Turn03/EnT_BusinessCouncil,Player,en,「いえ、結構です。」
0x010000030002649F,40,169,Sordland/Turn03/EnT_BusinessCouncil,Player,Menu Text en,「いえ、結構です。」
0x01000003000264A7,40,170,Sordland/Turn03/EnT_BusinessCouncil,Symon Holl,en,「大統領、少しいかがでしょうか？これは1934年産のシャトー・ド・ファレンコです。」
0x01000003000264AF,40,171,Sordland/Turn03/EnT_BusinessCouncil,Walter Tusk,en,「レイン大統領、本気ですか？1934年産のシャトー・ド・ファレンコを見送るおつもりですか？」
0x01000003000264B6,40,172,Sordland/Turn03/EnT_BusinessCouncil,Player,en,「そんな質問をして何の意味があるか？もちろんだ。」
0x01000003000264B6,40,172,Sordland/Turn03/EnT_BusinessCouncil,Player,Menu Text en,「そんな質問をして何の意味があるか？もちろんだ。」
0x01000003000264BE,40,173,Sordland/Turn03/EnT_BusinessCouncil,Player,en,「試してみよう。」
0x01000003000264BE,40,173,Sordland/Turn03/EnT_BusinessCouncil,Player,Menu Text en,「試してみよう。」
0x01000003000264C6,40,174,Sordland/Turn03/EnT_BusinessCouncil,Player,en,「ありがたいが、今夜は飲まないつもりだ。」
0x01000003000264C6,40,174,Sordland/Turn03/EnT_BusinessCouncil,Player,Menu Text en,「ありがたいが、今夜は飲まないつもりだ。」
0x01000003000264CD,40,175,Sordland/Turn03/EnT_BusinessCouncil,Player,en,「私は地元産のものか、少なくともソードランド産のものを好む。」
0x01000003000264CD,40,175,Sordland/Turn03/EnT_BusinessCouncil,Player,Menu Text en,「私は地元産のものか、少なくともソードランド産のものを好む。」
0x01000003000264E7,40,176,Sordland/Turn03/EnT_BusinessCouncil,Walter Tusk,en,「なるほど。ワインに対する愛国心というわけですね。」
0x01000003000264EE,40,177,Sordland/Turn03/EnT_BusinessCouncil,Walter Tusk,en,「どうしてもお願いします。」
0x010000030002C692,40,178,Sordland/Turn03/EnT_BusinessCouncil,Narrator,en,みんなのグラスに酒を注ぎ終えると、シモンは立ち上がって自分のグラスを掲げた。
0x010000030002E345,40,179,Sordland/Turn03/EnT_BusinessCouncil,Player,en,「先にも申し上げたが、私は飲まない。」
0x010000030002E345,40,179,Sordland/Turn03/EnT_BusinessCouncil,Player,Menu Text en,「先にも申し上げたが、私は飲まない。」
0x010000030002E34D,40,180,Sordland/Turn03/EnT_BusinessCouncil,Player,en,「わかった……あなたのような方の頼みを断ることはできない、タスクさん。」
0x010000030002E34D,40,180,Sordland/Turn03/EnT_BusinessCouncil,Player,Menu Text en,「わかった……あなたのような方の頼みを断ることはできない、タスクさん。」
0x010000030002E5D1,40,181,Sordland/Turn03/EnT_BusinessCouncil,Player,en,「国が苦境にある今、私は酒を飲むわけにはいかない。」
0x010000030002E5D1,40,181,Sordland/Turn03/EnT_BusinessCouncil,Player,Menu Text en,「国が苦境にある今、私は酒を飲むわけにはいかない。」
0x010000030002E5D9,40,182,Sordland/Turn03/EnT_BusinessCouncil,Narrator,en,彼は笑いながら、ウェイターに対して、店で最も良いブルディア人向けのワインを持ってくるよう合図した。
0x010000030002E5E1,40,183,Sordland/Turn03/EnT_BusinessCouncil,Walter Tusk,en,「解決しました。」
0x010000030002E5EE,40,184,Sordland/Turn03/EnT_BusinessCouncil,Narrator,en,ウェイターが「ダンデリオン」というボリン産の世界的に有名な赤ワインのボトルを持ってきた。シモンは先に立ってそのボトルをウェイターから受け取り、私のグラスに少し注いでから味見してもらうのを待ち、その後またグラスを満たした。
0x010000030002E5F6,40,185,Sordland/Turn03/EnT_BusinessCouncil,Walter Tusk,en,「わかりました、大統領。誰もあなたに強制しているわけではありません。」
0x010000030002E5FD,40,186,Sordland/Turn03/EnT_BusinessCouncil,Walter Tusk,en,「よくおっしゃいました、大統領。」
0x010000030002E615,40,190,Sordland/Turn03/EnT_BusinessCouncil,Walter Tusk,en,「まさに悲しい時代ですね。」
0x010000030002E61C,40,191,Sordland/Turn03/EnT_BusinessCouncil,Walter Tusk,en,「まさに悲しい時代ですね。」
0x010000030002E623,40,192,Sordland/Turn03/EnT_BusinessCouncil,Walter Tusk,en,「しかし、この緊急事態に対して過剰反応しすぎたのではないでしょうか？」
0x010000030002E62A,40,193,Sordland/Turn03/EnT_BusinessCouncil,Narrator,en,シモンが口を挟んだ。
0x010000030002E632,40,194,Sordland/Turn03/EnT_BusinessCouncil,Narrator,en,テーブルの中はしばらく静寂が続いた後、シモンが口を挟んだ。
0x010000030002E63A,40,195,Sordland/Turn03/EnT_BusinessCouncil,Symon Holl,en,「皆さん、落ち込まないでください。」
0x010000030002E643,40,196,Sordland/Turn03/EnT_BusinessCouncil,Narrator,en,全員が好みの飲み物を注文した後、シモンはグラスを掲げて立ち上がった。
0x010000030002E64D,40,197,Sordland/Turn03/EnT_BusinessCouncil,Symon Holl,en,「本日ここにいる皆様方の健康と幸運を祈って乾杯したいと思います。」
0x010000030002E656,40,198,Sordland/Turn03/EnT_BusinessCouncil,Symon Holl,en,「我々も必ずこの困難な時期を乗り越えていけます。」
0x010000030002E65D,40,199,Sordland/Turn03/EnT_BusinessCouncil,Symon Holl,en,「今夜、困難な時期にここで集まっています。しかし努力と協力、そして信頼があれば……」
0x010000030002E665,40,200,Sordland/Turn03/EnT_BusinessCouncil,Symon Holl,en,「経済政策における断固とした決断を下してくださった大統領に、改めて感謝申し上げます……必ずやこの不況を食い止めることができるでしょう。」
0x010000030002E66C,40,201,Sordland/Turn03/EnT_BusinessCouncil,Symon Holl,en,「私も今日こちらにいてくださるタスク氏に感謝します……そのご出席は大変光栄なことです。」
0x010000030002E673,40,202,Sordland/Turn03/EnT_BusinessCouncil,Symon Holl,en,「もちろん、国民経済連盟の同僚であるアグノク夫人やアヴェン氏もいます。皆様がいなければ、これらすべては実現しませんでした。」
0x010000030002E67A,40,203,Sordland/Turn03/EnT_BusinessCouncil,Symon Holl,en,「これからの協力と発展を祝して乾杯しましょう。」
0x010000030002E681,40,204,Sordland/Turn03/EnT_BusinessCouncil,Symon Holl,en,「繁栄するソードランドのために！」
0x010000030002E688,40,205,Sordland/Turn03/EnT_BusinessCouncil,Narrator,en,皆がグラスを掲げて互いに乾杯した。
0x010000030002E690,40,206,Sordland/Turn03/EnT_BusinessCouncil,Narrator,en,数分後、ウェイターたちが我々の料理を持ってやって来た。
0x010000030002E698,40,207,Sordland/Turn03/EnT_BusinessCouncil,Narrator,en,私がその料理を味わったとき、過去の日々へと思い戻った。それはこの街で過ごした子供時代を思い出させてくれた。父親についてはあまり覚えていなかったが、彼もまたエステリアの料理を好んでいたことだけは覚えていた。
0x010000030002E6A8,40,211,Sordland/Turn03/EnT_BusinessCouncil,Narrator,en,食事の味はとても素晴らしかった。ウォルターの言う通り、ここは間違いなくラハベン全体で最も優れた場所だったに違いない。
0x010000030002E6B1,40,212,Sordland/Turn03/EnT_BusinessCouncil,Edith Agnoc,en,「では、大統領、ラハベンで最も優れた高級レストランの料理はいかがでしたでしょうか？」
0x010000030002E6B9,40,213,Sordland/Turn03/EnT_BusinessCouncil,Player,en,「これは決して飽きることがない。貴重な体験だ。シェフには必ずチップを渡さなければならない。」
0x010000030002E6B9,40,213,Sordland/Turn03/EnT_BusinessCouncil,Player,Menu Text en,「これは決して飽きることがない。貴重な体験だ。シェフには必ずチップを渡さなければならない。」
0x010000030002E6C0,40,214,Sordland/Turn03/EnT_BusinessCouncil,Walter Tusk,en,「決して飽きることはありません。ですがチップのことは私が払いますので、ご心配なさらないでください。」
0x010000030002E6C6,40,215,Sordland/Turn03/EnT_BusinessCouncil,Mikail Aven,en,「チップは決して些細なことではありません。私は実際、チップを渡すのが好きではありません。人々に給与が支払われるのには理由があるのです。」
0x010000030002E6CC,40,216,Sordland/Turn03/EnT_BusinessCouncil,Player,en,「上質な料理というのはまさに芸術に似ている。しかし、ここの料理は真正な傑作だ。」
0x010000030002E6CC,40,216,Sordland/Turn03/EnT_BusinessCouncil,Player,Menu Text en,「上質な料理というのはまさに芸術に似ている。しかし、ここの料理は真正な傑作だ。」
0x010000030002E6D3,40,217,Sordland/Turn03/EnT_BusinessCouncil,Player,en,「問題ない。」
0x010000030002E6D3,40,217,Sordland/Turn03/EnT_BusinessCouncil,Player,Menu Text en,「問題ない。」
0x010000030002E6DA,40,218,Sordland/Turn03/EnT_BusinessCouncil,Edith Agnoc,en,「私もまさにその意味が分かります。芸術というのは別物で、我々や我々の周りの世界を色々な形で表現しています。そして食べ物も――」
0x010000030002E6E0,40,219,Sordland/Turn03/EnT_BusinessCouncil,Walter Tusk,en,「おや？」
0x010000030002E6E6,40,220,Sordland/Turn03/EnT_BusinessCouncil,Walter Tusk,en,「ソードランドで最も高級なレストランに足を運ぶ人がそんなことを言うのですか。」
0x010000030002E6EC,40,221,Sordland/Turn03/EnT_BusinessCouncil,Walter Tusk,en,「何事にもその道の技術や芸術がある。金銭を稼ぐ技術、食事を作る技術、ワインを醸造する技術、そして愛を育む技術だ。」
0x010000030002E6F2,40,222,Sordland/Turn03/EnT_BusinessCouncil,Edith Agnoc,en,「些細なことにはいつも気前が良いのですね。」
0x010000030002E6F8,40,223,Sordland/Turn03/EnT_BusinessCouncil,Edith Agnoc,en,「彼のせいにしてはいけません。大統領がその場所を選んだわけではありません。」
0x010000030002E6FE,40,224,Sordland/Turn03/EnT_BusinessCouncil,Player,en,「高級な料理はあまり好きではないが、正直とても美味しいね。」
0x010000030002E6FE,40,224,Sordland/Turn03/EnT_BusinessCouncil,Player,Menu Text en,「高級な料理はあまり好きではないが、正直とても美味しいね。」
0x010000030002E71B,40,225,Sordland/Turn03/EnT_BusinessCouncil,Edith Agnoc,en,「食事が気に入らなかったのですか？」
0x010000030002E730,40,226,Sordland/Turn03/EnT_BusinessCouncil,Player,en,「いや、とても美味しかっただ。ただ、このような豪華な高級料理文化は好きではない。」
0x010000030002E730,40,226,Sordland/Turn03/EnT_BusinessCouncil,Player,Menu Text en,「いや、とても美味しかっただ。ただ、このような豪華な高級料理文化は好きではない。」
0x010000030002E738,40,227,Sordland/Turn03/EnT_BusinessCouncil,Player,en,「私はそれを気に入ったが、特別というわけではない。」
0x010000030002E738,40,227,Sordland/Turn03/EnT_BusinessCouncil,Player,Menu Text en,「私はそれを気に入ったが、特別というわけではない。」
0x010000030002E740,40,228,Sordland/Turn03/EnT_BusinessCouncil,Edith Agnoc,en,「ああ、おっしゃる意味が分かります。」
0x010000030002E747,40,229,Sordland/Turn03/EnT_BusinessCouncil,Walter Tusk,en,「経営者がその言葉を聞いていなかったことを願います。」
0x010000030002E750,40,230,Sordland/Turn03/EnT_BusinessCouncil,Mikail Aven,en,「マルーン宮殿の状況はいかがですか？あの葬儀に出席された後、プレッシャーはさらに高まったことでしょう。」
0x010000030002E756,40,231,Sordland/Turn03/EnT_BusinessCouncil,Mikail Aven,en,「ともかく……」
0x010000030002E763,40,232,Sordland/Turn03/EnT_BusinessCouncil,Mikail Aven,en,「マルーン宮殿の状況はいかがですか？あの葬儀にご出席にならなかった後、プレッシャーはさらに高まっていることでしょう。」
0x010000030002E76A,40,233,Sordland/Turn03/EnT_BusinessCouncil,Player,en,「以前から圧力は高かったのだ。大して変わりはない。」
0x010000030002E76A,40,233,Sordland/Turn03/EnT_BusinessCouncil,Player,Menu Text en,「以前から圧力は高かったのだ。大して変わりはない。」
0x010000030002E772,40,234,Sordland/Turn03/EnT_BusinessCouncil,Player,en,「確かにそうだった。だが、それは正しい決断だった。」
0x010000030002E772,40,234,Sordland/Turn03/EnT_BusinessCouncil,Player,Menu Text en,「確かにそうだった。だが、それは正しい決断だった。」
0x010000030002E77A,40,235,Sordland/Turn03/EnT_BusinessCouncil,Player,en,「申し上げると、将来の見通しはかなり良いようだ。」
0x010000030002E77A,40,235,Sordland/Turn03/EnT_BusinessCouncil,Player,Menu Text en,「申し上げると、将来の見通しはかなり良いようだ。」
0x010000030002E78C,40,239,Sordland/Turn03/EnT_BusinessCouncil,Player,en,「状況は厳しいが、新憲法の作成作業は引き続き進めている。」
0x010000030002E78C,40,239,Sordland/Turn03/EnT_BusinessCouncil,Player,Menu Text en,「状況は厳しいが、新憲法の作成作業は引き続き進めている。」
0x010000030002E794,40,240,Sordland/Turn03/EnT_BusinessCouncil,Player,en,「大変だが、新しい法律によって状況は改善されるだろう。」
0x010000030002E794,40,240,Sordland/Turn03/EnT_BusinessCouncil,Player,Menu Text en,「大変だが、新しい法律によって状況は改善されるだろう。」
0x010000030002E79C,40,241,Sordland/Turn03/EnT_BusinessCouncil,Narrator,en,我々を護衛したのは、重火器を装備した警察部隊と大統領警護隊だった。
0x010000030002E7A5,40,242,Sordland/Turn03/EnT_BusinessCouncil,Mikail Aven,en,「大統領、きっと乗り越えられます。」
0x010000030002E7AC,40,243,Sordland/Turn03/EnT_BusinessCouncil,Mikail Aven,en,「もちろんです。私は大統領のご決断を批判しようとしたわけではありません。」
0x010000030002E7B3,40,244,Sordland/Turn03/EnT_BusinessCouncil,Mikail Aven,en,「それは大変うれしく存じます。」
0x010000030002E7BA,40,245,Sordland/Turn03/EnT_BusinessCouncil,Mikail Aven,en,「我々も皆、そうであることを願っております。」
0x010000030002E7C2,40,246,Sordland/Turn03/EnT_BusinessCouncil,Narrator,en,私がミカイルと会話している間、ウォルターがエディットやシモンと口論しているように声を荒げているのが聞こえた。我々二人とも耳を傾けるために立ち止まった。
0x010000030002E7CD,40,247,Sordland/Turn03/EnT_BusinessCouncil,Walter Tusk,en,「...アルカシアはビジネスを行う上での正しい方法を知っている。彼らの世界への取り組み方は率直で生々しい。そのような厳しいやり方の方が、作為的な丁寧さよりも私は好ましい。」
0x010000030002E7D3,40,248,Sordland/Turn03/EnT_BusinessCouncil,Symon Holl,en,「えっと……そちらも訪れるのに素晴らしい国です。私は仕事で何度も出向いております。彼らの態度は――」
0x010000030002E7E2,40,249,Sordland/Turn03/EnT_BusinessCouncil,Edith Agnoc,en,「えっと――」
0x010000030002E7EA,40,250,Sordland/Turn03/EnT_BusinessCouncil,Narrator,en,彼はにやりと笑った。
0x010000030002E7F3,40,251,Sordland/Turn03/EnT_BusinessCouncil,Edith Agnoc,en,「お金さえあれば、どの国でも訪れる価値のある場所です。」
0x010000030002E800,40,252,Sordland/Turn03/EnT_BusinessCouncil,Walter Tusk,en,「大統領、なぜそうなさるのですか？それとも、なぜそうなさらないのですか？」
0x010000030002E806,40,253,Sordland/Turn03/EnT_BusinessCouncil,Mikail Aven,en,「ワルター、あなたがずっと話しているその金の山は一体どこにあるのですか？」
0x010000030002E80C,40,254,Sordland/Turn03/EnT_BusinessCouncil,Mikail Aven,en,「ところで……」
0x010000030002E812,40,255,Sordland/Turn03/EnT_BusinessCouncil,Player,en,「交渉が円滑に始まるよう、しっかりとした基盤を築いておくように。」
0x010000030002E812,40,255,Sordland/Turn03/EnT_BusinessCouncil,Player,Menu Text en,「交渉が円滑に始まるよう、しっかりとした基盤を築いておくように。」
0x010000030002E819,40,256,Sordland/Turn03/EnT_BusinessCouncil,Player,en,「私はその訪問を楽しみにしている。国を離れてから長い時間が経ったからね。」
0x010000030002E819,40,256,Sordland/Turn03/EnT_BusinessCouncil,Player,Menu Text en,「私はその訪問を楽しみにしている。国を離れてから長い時間が経ったからね。」
0x010000030002E820,40,257,Sordland/Turn03/EnT_BusinessCouncil,Symon Holl,en,「ウォルターがまた我々を迷路の中へと導こうとしている。」
0x010000030002E82D,40,258,Sordland/Turn03/EnT_BusinessCouncil,Symon Holl,en,「我々の優秀なチームはウィスキ氏が率いております。彼の豊富な知識と広範な人脈が、我々の取り組みを支えてくれるでしょう。」
0x010000030002E833,40,259,Sordland/Turn03/EnT_BusinessCouncil,Player,en,「金こそが世界を動かすものだ。それで買える最低限のものが旅行というわけだ。」
0x010000030002E833,40,259,Sordland/Turn03/EnT_BusinessCouncil,Player,Menu Text en,「金こそが世界を動かすものだ。それで買える最低限のものが旅行というわけだ。」
0x010000030002E83A,40,260,Sordland/Turn03/EnT_BusinessCouncil,Symon Holl,en,「スタールポートは比較的穏やかで素敵な海辺の都市です。大統領、きっと気に入られるでしょう。」
0x010000030002E840,40,261,Sordland/Turn03/EnT_BusinessCouncil,Walter Tusk,en,「その結果はまったく違っていたでしょう。」
0x010000030002E852,40,262,Sordland/Turn03/EnT_BusinessCouncil,Player,en,「その通りだ。では、余分なお金を持っていない人々はどうなるのだろうか？」
0x010000030002E852,40,262,Sordland/Turn03/EnT_BusinessCouncil,Player,Menu Text en,「その通りだ。では、余分なお金を持っていない人々はどうなるのだろうか？」
0x010000030002E859,40,263,Sordland/Turn03/EnT_BusinessCouncil,Player,en,「決して全てがそうとは限らない。」
0x010000030002E859,40,263,Sordland/Turn03/EnT_BusinessCouncil,Player,Menu Text en,「決して全てがそうとは限らない。」
0x010000030002E86C,40,264,Sordland/Turn03/EnT_BusinessCouncil,Mikail Aven,en,「異論はありません。大統領にはもっと高い給与がふさわしいのです。」
0x010000030002E872,40,265,Sordland/Turn03/EnT_BusinessCouncil,Symon Holl,en,「ウォルターがまた我々を迷路の中へと導こうとしている。」
0x010000030002E890,40,266,Sordland/Turn03/EnT_BusinessCouncil,Player,en,「老人たちは、自分が決してその木陰に座ることのない木を植えるものだ。」
0x010000030002E890,40,266,Sordland/Turn03/EnT_BusinessCouncil,Player,Menu Text en,「老人たちは、自分が決してその木陰に座ることのない木を植えるものだ。」
0x010000030002E89D,40,267,Sordland/Turn03/EnT_BusinessCouncil,Walter Tusk,en,「なるほど、その通りです。」
0x010000030002E8A3,40,268,Sordland/Turn03/EnT_BusinessCouncil,Player,en,「それは実に自己中心的な世界観だ。」
0x010000030002E8A3,40,268,Sordland/Turn03/EnT_BusinessCouncil,Player,Menu Text en,「それは実に自己中心的な世界観だ。」
0x010000030002E8AA,40,269,Sordland/Turn03/EnT_BusinessCouncil,Walter Tusk,en,「病気はどうなるのでしょうか？死はどうなるのでしょうか？この世界に存在するあらゆる悪しきことはどうなるのでしょうか？」
0x010000030002E8B0,40,270,Sordland/Turn03/EnT_BusinessCouncil,Player,en,「おっしゃる通りだ、ウォルター。我々は一度しか生きられない。」
0x010000030002E8B0,40,270,Sordland/Turn03/EnT_BusinessCouncil,Player,Menu Text en,「おっしゃる通りだ、ウォルター。我々は一度しか生きられない。」
0x010000030002E8B7,40,271,Sordland/Turn03/EnT_BusinessCouncil,Walter Tusk,en,「大統領、あなたは国のために昼夜を問わず働いておられます。もっと高い給与を受け取るべきです。」
0x010000030002E8BD,40,272,Sordland/Turn03/EnT_BusinessCouncil,Walter Tusk,en,「地球の半分ほどは、我々の時間や注意を費やす価値などない。利益が増えない限り、その状況は変わらないだろう。」
0x010000030002E8C3,40,273,Sordland/Turn03/EnT_BusinessCouncil,Walter Tusk,en,「その宝物をお持ちでいる限り、この国はあなたのものです。我々は皆、その宝物の一部に他なりません。」
0x010000030002E8C9,40,274,Sordland/Turn03/EnT_BusinessCouncil,Player,en,「権力が金を支配するのだ。」
0x010000030002E8C9,40,274,Sordland/Turn03/EnT_BusinessCouncil,Player,Menu Text en,「権力が金を支配するのだ。」
0x010000030002E8D6,40,275,Sordland/Turn03/EnT_BusinessCouncil,Player,en,「金こそが真の力なのだ。」
0x010000030002E8D6,40,275,Sordland/Turn03/EnT_BusinessCouncil,Player,Menu Text en,「金こそが真の力なのだ。」
0x010000030002E8E9,40,276,Sordland/Turn03/EnT_BusinessCouncil,Walter Tusk,en,「つまり、金こそが力だということですね。」
0x010000030002E8FA,40,277,Sordland/Turn03/EnT_BusinessCouncil,Walter Tusk,en,「それらは我々の人生を超えた問題です。他人が持っていないものを心配する代わりに、自分自身の向上に力を入れ、今あるものを楽しむべきです。」
0x010000030002E900,40,278,Sordland/Turn03/EnT_BusinessCouncil,Mikail Aven,en,「ウォルター特有の断定的な言い方ですね。しかし投資に関してはあなたの意見に同意します。投資利益を保証できる国はごく限られています。」
0x010000030002E906,40,279,Sordland/Turn03/EnT_BusinessCouncil,Player,en,「世の中は白黒だけではない。」
0x010000030002E906,40,279,Sordland/Turn03/EnT_BusinessCouncil,Player,Menu Text en,「世の中は白黒だけではない。」
0x010000030002E90D,40,280,Sordland/Turn03/EnT_BusinessCouncil,Player,en,「私は金銭によって動機付けられたり影響を受けたりするような人間ではない。」
0x010000030002E90D,40,280,Sordland/Turn03/EnT_BusinessCouncil,Player,Menu Text en,「私は金銭によって動機付けられたり影響を受けたりするような人間ではない。」
0x010000030002E919,40,281,Sordland/Turn03/EnT_BusinessCouncil,Walter Tusk,en,「そうです！その重荷を手放さなければ、いずれあなたを蝕み尽くしてしまいます。」
0x010000030002E91F,40,282,Sordland/Turn03/EnT_BusinessCouncil,Symon Holl,en,「そういえば、我々はアグノリアとヴェーレンへの訪問の準備を進めております。そこで各国政府と会談し、貿易交渉をまとめるつもりです。」
0x010000030002E92C,40,283,Sordland/Turn03/EnT_BusinessCouncil,Walter Tusk,en,「我々の考えは一致しています！ソードランドの大統領ご自身と意見が合うなんて、何と光栄なことでしょう。」
0x010000030002E939,40,284,Sordland/Turn03/EnT_BusinessCouncil,Walter Tusk,en,「それは単なる事実です。人生は短く、我々にできることにも限りがあります。なぜ全てのエネルギーを自分自身に集中させないのですか？」
0x010000030002E93F,40,285,Sordland/Turn03/EnT_BusinessCouncil,Walter Tusk,en,「私は心の底から理想主義者です。よく言われることですが、時間もお金も十分にあってゆっくり座り、リラックスしながら夢を見られるなら、ロマンチックな理想主義者でいるのは簡単なことです。」
0x010000030002E945,40,286,Sordland/Turn03/EnT_BusinessCouncil,Walter Tusk,en,「実際、価格次第というだけなので、驚くほどそうなるのですよ。」
0x010000030002E94B,40,287,Sordland/Turn03/EnT_BusinessCouncil,Walter Tusk,en,「しかし統治者たちは常に自らの財宝を使って権力を維持しようとします。もしあなたが経済省や中央銀行を掌握していなかったら……」
0x010000030002E9AB,40,291,Sordland/Turn03/EnT_BusinessCouncil,Player_Italic,en,ミカイルも加わった。
0x010000030002E9AB,40,291,Sordland/Turn03/EnT_BusinessCouncil,Player_Italic,Menu Text en,黙っている
0x010000030002E9F9,40,292,Sordland/Turn03/EnT_BusinessCouncil,Walter Tusk,en,「前回、そのような目的で行ったのは大学時代でした。それでもコンラートのコネを持つ連中のおかげで色々と騒がしいことになりました。それに――」
0x010000030002EA11,40,293,Sordland/Turn03/EnT_BusinessCouncil,Mikail Aven,en,「それは何を求めるかによります。文化観光なら高級なホテルは必要ありません。」
0x010000030002EA4A,40,300,Sordland/Turn03/EnT_BusinessCouncil,Mikail Aven,en,「このような大規模なプロジェクトを始動されたこと、大統領にお祝いの言葉を申し上げます。」
0x010000030002EA67,40,310,Sordland/Turn03/EnT_BusinessCouncil,Mikail Aven,en,「アンダーホール建設がすでに高速道路の建設を始めているのを見ました。」
0x010000030002EA6F,40,311,Sordland/Turn03/EnT_BusinessCouncil,Mikail Aven,en,「そのプロジェクトによってアグノリアから新たな投資がもたらされることを願っています。すでに雰囲気は好転しつつあります。」
0x010000030002EA76,40,312,Sordland/Turn03/EnT_BusinessCouncil,Mikail Aven,en,「高速道路の建設が既に始まっているのを見ました。その会社には懸念点もありますが、しっかりと仕事をしてくれることを願っています。」
0x010000030002EA7D,40,313,Sordland/Turn03/EnT_BusinessCouncil,Mikail Aven,en,「このプロジェクトによってアグノリアから新たな投資がもたらされるでしょう。すでに雰囲気は好転しつつあります。」
0x010000030002EA87,40,314,Sordland/Turn03/EnT_BusinessCouncil,Mikail Aven,en,「アンダーホール建設がすでに鉄道建設を始めているのを見ました。」
0x010000030002EA8D,40,315,Sordland/Turn03/EnT_BusinessCouncil,Mikail Aven,en,「そのプロジェクトは間違いなく我が国の経済を活性化させるでしょう。すでに雰囲気は非常に好意的です。」
0x010000030002EA96,40,316,Sordland/Turn03/EnT_BusinessCouncil,Mikail Aven,en,「鉄道建設が既に始まっているのを見ました。その会社には懸念点もありますが、しっかりと仕事をしてくれることを願っています。」
0x010000030002EA9C,40,317,Sordland/Turn03/EnT_BusinessCouncil,Mikail Aven,en,「もし適切に進めば、そのプロジェクトは間違いなく我が国の経済を活性化させるでしょう。すでに雰囲気も好転しつつあります。」
0x010000030002EAA5,40,318,Sordland/Turn03/EnT_BusinessCouncil,Mikail Aven,en,「その経済救済策は非常に優れた投資でした。すでにいくつか良い結果が出ています。」
0x010000030002EAB3,40,319,Sordland/Turn03/EnT_BusinessCouncil,Narrator,en,シモンは私のグラスにワインを注ぎ、私が味わうのを待ってからさらに満たした。
0x010000030002EABF,40,320,Sordland/Turn03/EnT_BusinessCouncil,Narrator,en,私は一口飲んだ。
0x010000030002EACF,40,324,Sordland/Turn03/EnT_BusinessCouncil,Narrator,en,そのワインの味はすぐに私の舌を刺激し、とても美味しく感じられた。それは私が子供の頃に父のブドウ園を訪れたことをすぐに思い出させてくれた。
0x010000030002EAD7,40,325,Sordland/Turn03/EnT_BusinessCouncil,Narrator,en,そのワインの甘みと苦味が私の口の中で一気に広がった。グーズベリーやライラックの香りが舌の上を駆け巡り、飲み込んだ後も長い間口の中がしびれるような感覚が続いた。
0x010000030002EADF,40,326,Sordland/Turn03/EnT_BusinessCouncil,Narrator,en,それは苦かった。
0x010000030002EAE7,40,327,Sordland/Turn03/EnT_BusinessCouncil,Narrator,en,正直言って、他のワインと変わらない味だった。
0x010000030002EAF7,40,328,Sordland/Turn03/EnT_BusinessCouncil,Symon Holl,en,「いかがでしょうか？この味はお気に召しますか？」
0x010000030002EAFF,40,329,Sordland/Turn03/EnT_BusinessCouncil,Player,en,「まるで天国のような味だ。父が経営していたブドウ園を思い出させる。」
0x010000030002EAFF,40,329,Sordland/Turn03/EnT_BusinessCouncil,Player,Menu Text en,「まるで天国のような味だ。父が経営していたブドウ園を思い出させる。」
0x010000030002EB06,40,330,Sordland/Turn03/EnT_BusinessCouncil,Symon Holl,en,「いかがでしょうか？この味はお気に召しますか？」
0x010000030002EB0E,40,331,Sordland/Turn03/EnT_BusinessCouncil,Player,en,「バランスが絶妙で、グーズベリーの風味もちょうど良い……気に入った。」
0x010000030002EB0E,40,331,Sordland/Turn03/EnT_BusinessCouncil,Player,Menu Text en,「バランスが絶妙で、グーズベリーの風味もちょうど良い……気に入った。」
0x010000030002EB15,40,332,Sordland/Turn03/EnT_BusinessCouncil,Player,en,「酸味がありながらも上品な野菜の風味だね。これはアルカシアのものだろうか？」
0x010000030002EB15,40,332,Sordland/Turn03/EnT_BusinessCouncil,Player,Menu Text en,「酸味がありながらも上品な野菜の風味だね。これはアルカシアのものだろうか？」
0x010000030002EB1E,40,333,Sordland/Turn03/EnT_BusinessCouncil,Player,en,「まるで天国のような味だ。」
0x010000030002EB1E,40,333,Sordland/Turn03/EnT_BusinessCouncil,Player,Menu Text en,「まるで天国のような味だ。」
0x010000030002EB26,40,334,Sordland/Turn03/EnT_BusinessCouncil,Player,en,「まあ、悪くない。」
0x010000030002EB26,40,334,Sordland/Turn03/EnT_BusinessCouncil,Player,Menu Text en,「まあ、悪くない。」
0x010000030002EB2E,40,335,Sordland/Turn03/EnT_BusinessCouncil,Player,en,「これは他のワインと変わらない味だ。」
0x010000030002EB2E,40,335,Sordland/Turn03/EnT_BusinessCouncil,Player,Menu Text en,「これは他のワインと変わらない味だ。」
0x010000030002EB4A,40,336,Sordland/Turn03/EnT_BusinessCouncil,Player,en,「アヴェンさん、ご支援いただきありがとう。」
0x010000030002EB4A,40,336,Sordland/Turn03/EnT_BusinessCouncil,Player,Menu Text en,「アヴェンさん、ご支援いただきありがとう。」
0x010000030002EB51,40,337,Sordland/Turn03/EnT_BusinessCouncil,Player,en,「アヴェンさん、そんなことは必要ない。国家はただ自分の役割を果たしているだけだ。」
0x010000030002EB51,40,337,Sordland/Turn03/EnT_BusinessCouncil,Player,Menu Text en,「アヴェンさん、そんなことは必要ない。国家はただ自分の役割を果たしているだけだ。」
0x010000030002EB58,40,338,Sordland/Turn03/EnT_BusinessCouncil,Player,en,「投資の成果が大きく上がることを願っている。」
0x010000030002EB58,40,338,Sordland/Turn03/EnT_BusinessCouncil,Player,Menu Text en,「投資の成果が大きく上がることを願っている。」
0x010000030002EB62,40,339,Sordland/Turn03/EnT_BusinessCouncil,Mikail Aven,en,「それによってすでに多くの企業が破産を免れました。」
0x010000030002EB69,40,340,Sordland/Turn03/EnT_BusinessCouncil,Mikail Aven,en,「大統領が企業のために多額の資金を投じてくださったこと、心からお祝い申し上げます。これにより信頼に満ちた良い雰囲気が築かれました。」
0x010000030002EB73,40,341,Sordland/Turn03/EnT_BusinessCouncil,Player,en,「それは何よりです。」
0x010000030002EB73,40,341,Sordland/Turn03/EnT_BusinessCouncil,Player,Menu Text en,「それは何よりです。」
0x010000030002EB85,40,345,Sordland/Turn03/EnT_BusinessCouncil,Mikail Aven,en,「その救済策もまた優れた投資でした。多くの企業が破産を免れることになりました。」
0x010000030002EB8C,40,346,Sordland/Turn03/EnT_BusinessCouncil,Mikail Aven,en,「このような大規模なプロジェクトを進められたこと、大統領にお祝いの言葉を申し上げたいです。」
0x010000030002EB96,40,347,Sordland/Turn03/EnT_BusinessCouncil,Mikail Aven,en,「シモン、新しい別荘を購入されたと伺っておりますが、大統領。」
0x010000030002EB9D,40,348,Sordland/Turn03/EnT_BusinessCouncil,Player,en,「その財産はどこにあるのか？」
0x010000030002EB9D,40,348,Sordland/Turn03/EnT_BusinessCouncil,Player,Menu Text en,「その財産はどこにあるのか？」
0x010000030002EBA4,40,349,Sordland/Turn03/EnT_BusinessCouncil,Symon Holl,en,「噂についてはコメントしませんが、友人同士ですので特別にお答えします。確かにその通りです。」
0x010000030002EBAA,40,350,Sordland/Turn03/EnT_BusinessCouncil,Player,en,「あなたは素晴らしい仕事をしているので、これは当然の報酬だ。」
0x010000030002EBAA,40,350,Sordland/Turn03/EnT_BusinessCouncil,Player,Menu Text en,「あなたは素晴らしい仕事をしているので、これは当然の報酬だ。」
0x010000030002EBB1,40,351,Sordland/Turn03/EnT_BusinessCouncil,Player,en,「新しい別荘なんて少し過剰だね。特に人々が苦しんでいる今の経済状況では。」
0x010000030002EBB1,40,351,Sordland/Turn03/EnT_BusinessCouncil,Player,Menu Text en,「新しい別荘なんて少し過剰だね。特に人々が苦しんでいる今の経済状況では。」
0x010000030002EBBA,40,352,Sordland/Turn03/EnT_BusinessCouncil,Player,en,「おそらくそれは過度な補償心の表れだろう。誰もが自分の望むことを自由に行える。」
0x010000030002EBBA,40,352,Sordland/Turn03/EnT_BusinessCouncil,Player,Menu Text en,「おそらくそれは過度な補償心の表れだろう。誰もが自分の望むことを自由に行える。」
0x010000030002EBC1,40,353,Sordland/Turn03/EnT_BusinessCouncil,Walter Tusk,en,「需要があれば供給も生まれます。相変わらず市場の力が最も重要なのです。」
0x010000030002EBC7,40,354,Sordland/Turn03/EnT_BusinessCouncil,Symon Holl,en,「それはコンリアトの郊外にある小さな海辺の別荘です。プールと小さなゴルフコースが付いた、ごく質素な家に過ぎません。」
0x010000030002EBCD,40,355,Sordland/Turn03/EnT_BusinessCouncil,Walter Tusk,en,「それが何だというのですか？私の車のコレクションはもうすぐ四十台に達します。どれも古いモデルばかりですよ。」
0x010000030002EBD3,40,356,Sordland/Turn03/EnT_BusinessCouncil,Edith Agnoc,en,「彼は政府内で最も勤勉な大臣の一人です。確かにその地位にふさわしいのです。」
0x010000030002EBD9,40,357,Sordland/Turn03/EnT_BusinessCouncil,Walter Tusk,en,「私が仕える相手次第です。」
0x010000030002EBE6,40,358,Sordland/Turn03/EnT_BusinessCouncil,Player,en,「報酬というものは、人々にさらなる努力を促すための動機となるのだ。」
0x010000030002EBE6,40,358,Sordland/Turn03/EnT_BusinessCouncil,Player,Menu Text en,「報酬というものは、人々にさらなる努力を促すための動機となるのだ。」
0x010000030002EBED,40,359,Sordland/Turn03/EnT_BusinessCouncil,Walter Tusk,en,「ですが報酬について言えば……政府の支給額は民間企業に比べてはるかに少ないというのが現実です。」
0x010000030002EBF3,40,360,Sordland/Turn03/EnT_BusinessCouncil,Player,en,「不動産を購入するには素晴らしい都市だね。コンリアトでは投資が急増している。」
0x010000030002EBF3,40,360,Sordland/Turn03/EnT_BusinessCouncil,Player,Menu Text en,「不動産を購入するには素晴らしい都市だね。コンリアトでは投資が急増している。」
0x010000030002EBFA,40,361,Sordland/Turn03/EnT_BusinessCouncil,Player,en,「それでは、マルセル・コロンティの隣人になるということか？」
0x010000030002EBFA,40,361,Sordland/Turn03/EnT_BusinessCouncil,Player,Menu Text en,「それでは、マルセル・コロンティの隣人になるということか？」
0x010000030002EC01,40,362,Sordland/Turn03/EnT_BusinessCouncil,Edith Agnoc,en,「アンダーホール建設はそこで住宅を建設することで大金を稼ぎました。」
0x010000030002EC07,40,363,Sordland/Turn03/EnT_BusinessCouncil,Walter Tusk,en,「近い将来、富裕層が謙虚になることを期待してはいけません。それは甘い夢に過ぎません。」
0x010000030002EC0D,40,364,Sordland/Turn03/EnT_BusinessCouncil,Symon Holl,en,「確かにその通りですが、それは内部から改善を促すために意図的に行われた変更でした。」
0x010000030002EC13,40,365,Sordland/Turn03/EnT_BusinessCouncil,Player,en,「私は常に派手な振る舞いに反対してきた。お金を贅沢品のために無駄遣いすべきではない。」
0x010000030002EC13,40,365,Sordland/Turn03/EnT_BusinessCouncil,Player,Menu Text en,「私は常に派手な振る舞いに反対してきた。お金を贅沢品のために無駄遣いすべきではない。」
0x010000030002EC1A,40,366,Sordland/Turn03/EnT_BusinessCouncil,Symon Holl,en,「私も同感だ。」
0x010000030002EC20,40,367,Sordland/Turn03/EnT_BusinessCouncil,Player,en,「一部の人々は報酬と脅しを併用する方法を好むが、私はより成果重視だ。」
0x010000030002EC20,40,367,Sordland/Turn03/EnT_BusinessCouncil,Player,Menu Text en,「一部の人々は報酬と脅しを併用する方法を好むが、私はより成果重視だ。」
0x010000030002EC40,40,368,Sordland/Turn03/EnT_BusinessCouncil,Walter Tusk,en,「え？いいえ。」
0x010000030002EC47,40,369,Sordland/Turn03/EnT_BusinessCouncil,Symon Holl,en,「樽から来るオークの風味か、あるいはグーズベリーの香りなのでしょう。どちらにせよ、これは間違いなくアルカシアではありません、大統領。」
0x010000030002EC55,40,370,Sordland/Turn03/EnT_BusinessCouncil,Walter Tusk,en,「ですね？」
0x010000030002EC5C,40,371,Sordland/Turn03/EnT_BusinessCouncil,Walter Tusk,en,「え？このワインは検査する必要すらありません。」
0x010000030002EC6B,40,372,Sordland/Turn03/EnT_BusinessCouncil,Symon Holl,en,「大統領、おグラスに注ぎましょうか、それとももう一杯お飲みになりますか？」
0x010000030002EC72,40,373,Sordland/Turn03/EnT_BusinessCouncil,Player,en,「私はもう大丈夫だ。今は何もいらない。」
0x010000030002EC72,40,373,Sordland/Turn03/EnT_BusinessCouncil,Player,Menu Text en,「私はもう大丈夫だ。今は何もいらない。」
0x010000030002EC79,40,374,Sordland/Turn03/EnT_BusinessCouncil,Player,en,「大丈夫だ。私が飲む。」
0x010000030002EC79,40,374,Sordland/Turn03/EnT_BusinessCouncil,Player,Menu Text en,「大丈夫だ。私が飲む。」
0x010000030002EC82,40,375,Sordland/Turn03/EnT_BusinessCouncil,Walter Tusk,en,「彼が優れたワインの鑑定家だったと聞いております。安らかに眠っていらっしゃいますように。」
0x010000030002EC89,40,376,Sordland/Turn03/EnT_BusinessCouncil,Walter Tusk,en,「レイン大統領、お酒の知識には定評がありますね。それを高く評価しています。」
0x010000030002EC90,40,377,Sordland/Turn03/EnT_BusinessCouncil,Narrator,en,シモンが私のグラスに酒を注いだ。
0x010000030002EC97,40,378,Sordland/Turn03/EnT_BusinessCouncil,Player,en,「ありがとう。」
0x010000030002EC97,40,378,Sordland/Turn03/EnT_BusinessCouncil,Player,Menu Text en,「ありがとう。」
0x010000030002EC9E,40,379,Sordland/Turn03/EnT_BusinessCouncil,Player,en,「正直言って、私は彼と親しい間柄ではなかった。豪華なパーティー以外についてはあまり思い出せない。」
0x010000030002EC9E,40,379,Sordland/Turn03/EnT_BusinessCouncil,Player,Menu Text en,「正直言って、私は彼と親しい間柄ではなかった。豪華なパーティー以外についてはあまり思い出せない。」
0x010000030002ECA5,40,380,Sordland/Turn03/EnT_BusinessCouncil,Player_Italic,en,私は何も返事をしなかった。
0x010000030002ECA5,40,380,Sordland/Turn03/EnT_BusinessCouncil,Player_Italic,Menu Text en,黙っている
0x010000030002ECAF,40,381,Sordland/Turn03/EnT_BusinessCouncil,Walter Tusk,en,「そのようなこととは、残念でございます。」
0x010000030002ECC4,40,382,Sordland/Turn03/EnT_BusinessCouncil,Symon Holl,en,「大統領、ご希望の通りにいたしましょう。」
0x010000030002ECCB,40,383,Sordland/Turn03/EnT_BusinessCouncil,Narrator,en,彼は再びそのボトルを手に取り、ウォルター・タスクのグラスに少し注いだ。
0x010000030002ECD3,40,384,Sordland/Turn03/EnT_BusinessCouncil,Walter Tusk,en,「ホルさん、我々のために働く必要はありませんでした。ここにはウェイターがいますから。」
0x010000030002ECE5,40,385,Sordland/Turn03/EnT_BusinessCouncil,Player,en,「私もまったく同感だ。」
0x010000030002ECE5,40,385,Sordland/Turn03/EnT_BusinessCouncil,Player,Menu Text en,「私もまったく同感だ。」
0x010000030002ECF3,40,389,Sordland/Turn03/EnT_BusinessCouncil,Narrator,en,武装した警備員数名も我々と共に中にいて、あらゆる出入り口を守っていた。
0x010000030002ED03,40,393,Sordland/Turn03/EnT_BusinessCouncil,Narrator,en,衛兵たちは頭を下げて外に出て行った。ウォルターは安堵のため息をついた。
0x010000030002ED0C,40,394,Sordland/Turn03/EnT_BusinessCouncil,Narrator,en,我々全員が食事を始めると、ウォルターは動きを止めて衛兵たちを見た後、私の方を向いた。
0x010000030002ED15,40,395,Sordland/Turn03/EnT_BusinessCouncil,Walter Tusk,en,「大統領、現在が非常事態であることは承知しております。ですが、少なくとも一人で食事をすることすら許されないのでしょうか？」
0x010000030002ED1C,40,396,Sordland/Turn03/EnT_BusinessCouncil,Walter Tusk,en,「ここで何を守ろうとしているのですか？もうレストラン全体が包囲されていますよ。」
0x010000030002ED23,40,397,Sordland/Turn03/EnT_BusinessCouncil,Player,en,「タスクさん、それはやむを得ないことだ。私にもどうすることはできない。」
0x010000030002ED23,40,397,Sordland/Turn03/EnT_BusinessCouncil,Player,Menu Text en,「タスクさん、それはやむを得ないことだ。私にもどうすることはできない。」
0x010000030002ED2B,40,398,Sordland/Turn03/EnT_BusinessCouncil,Player,en,「あらゆる事態に備えていなければならない。」
0x010000030002ED2B,40,398,Sordland/Turn03/EnT_BusinessCouncil,Player,Menu Text en,「あらゆる事態に備えていなければならない。」
0x010000030002ED33,40,399,Sordland/Turn03/EnT_BusinessCouncil,Player,en,「タスクさん、ご希望でしたら私が彼らを処理する。」
0x010000030002ED33,40,399,Sordland/Turn03/EnT_BusinessCouncil,Player,Menu Text en,「タスクさん、ご希望でしたら私が彼らを処理する。」
0x010000030002ED3B,40,400,Sordland/Turn03/EnT_BusinessCouncil,Player,en,「その通りだ。どうか皆さん、こちらを放っておいていただけませんか？」
0x010000030002ED3B,40,400,Sordland/Turn03/EnT_BusinessCouncil,Player,Menu Text en,「その通りだ。どうか皆さん、こちらを放っておいていただけませんか？」
0x010000030002ED43,40,401,Sordland/Turn03/EnT_BusinessCouncil,Walter Tusk,en,「どうぞ。」
0x010000030002ED4A,40,402,Sordland/Turn03/EnT_BusinessCouncil,Player,en,「こちらは我々だけにしていただけませんか？」
0x010000030002ED4A,40,402,Sordland/Turn03/EnT_BusinessCouncil,Player,Menu Text en,「こちらは我々だけにしていただけませんか？」
0x010000030002ED52,40,403,Sordland/Turn03/EnT_BusinessCouncil,Player,en,「ドアの外にいても構わない。」
0x010000030002ED52,40,403,Sordland/Turn03/EnT_BusinessCouncil,Player,Menu Text en,「ドアの外にいても構わない。」
0x010000030002ED5A,40,404,Sordland/Turn03/EnT_BusinessCouncil,Player,en,「部屋を出てくれ。あなたのせいでタスク氏が驚いてしまった。」
0x010000030002ED5A,40,404,Sordland/Turn03/EnT_BusinessCouncil,Player,Menu Text en,「部屋を出てくれ。あなたのせいでタスク氏が驚いてしまった。」
0x010000030002ED67,40,405,Sordland/Turn03/EnT_BusinessCouncil,Walter Tusk,en,「なるほどです。」
0x010000030002ED6F,40,406,Sordland/Turn03/EnT_BusinessCouncil,Narrator,en,彼はこの状況をあまり喜ばしく思っていないようだった。
0x010000030002ED78,40,407,Sordland/Turn03/EnT_BusinessCouncil,Mikail Aven,en,「大統領、我々も皆そう願っております。ですが、きっとうまくいくでしょう。」
0x010000030002ED7F,40,408,Sordland/Turn03/EnT_BusinessCouncil,Mikail Aven,en,「もちろんです。」
0x010000030002ED88,40,409,Sordland/Turn03/EnT_BusinessCouncil,Mikail Aven,en,「もちろん、ホル氏にも称賛を送るべきです。我々の優れた経済大臣である彼は…」
0x010000030002ED91,40,410,Sordland/Turn03/EnT_BusinessCouncil,Symon Holl,en,「何か冗談を言うつもりですか？」
0x010000030002ED98,40,411,Sordland/Turn03/EnT_BusinessCouncil,Mikail Aven,en,「なぜですか？経済に長けているとおっしゃっていたのでは？」
0x010000030002ED9F,40,412,Sordland/Turn03/EnT_BusinessCouncil,Narrator,en,彼は笑った。
0x010000030002EDA8,40,413,Sordland/Turn03/EnT_BusinessCouncil,Player,en,「どうしてそんな言い方ができるのか？」
0x010000030002EDA8,40,413,Sordland/Turn03/EnT_BusinessCouncil,Player,Menu Text en,「どうしてそんな言い方ができるのか？」
0x010000030002EDB1,40,414,Sordland/Turn03/EnT_BusinessCouncil,Player,en,「質素だと？私に皮肉を言っているのか？」
0x010000030002EDB1,40,414,Sordland/Turn03/EnT_BusinessCouncil,Player,Menu Text en,「質素だと？私に皮肉を言っているのか？」
0x010000030002EDC1,40,415,Sordland/Turn03/EnT_BusinessCouncil,Edith Agnoc,en,「大統領、お聞きしましたが、ご父上はとても裕福な方だったそうですね。」
0x010000030002EDD6,40,422,Sordland/Turn03/EnT_BusinessCouncil,Narrator,en,私の左側に座っていたエディット・アグノクは、数秒間だけそっと自分の手を私の腕の上に置いた。
0x010000030002EDE3,40,423,Sordland/Turn03/EnT_BusinessCouncil,Walter Tusk,en,「訂正します。彼を破滅させたのは彼の政策ではなく、守旧派でした。」
0x010000030002EDE9,40,424,Sordland/Turn03/EnT_BusinessCouncil,Player,en,「その子には自分でやっていける力がある。他の誰かの助けは必要ない。」
0x010000030002EDE9,40,424,Sordland/Turn03/EnT_BusinessCouncil,Player,Menu Text en,「その子には自分でやっていける力がある。他の誰かの助けは必要ない。」
0x010000030002EDF0,40,425,Sordland/Turn03/EnT_BusinessCouncil,Narrator,en,皆が静かになった。
0x010000030002EDF7,40,426,Sordland/Turn03/EnT_BusinessCouncil,Edith Agnoc,en,「デイルで過酷な生活を送られたと聞いていますが、その通りでしょうか？」
0x010000030002EDFD,40,427,Sordland/Turn03/EnT_BusinessCouncil,Walter Tusk,en,「それは良い選択です。ソードランドで学位を取得すれば、一般大衆と差別化できます。そして我々には特に経済学を理解する人材がもっと必要です。」
0x010000030002EE03,40,428,Sordland/Turn03/EnT_BusinessCouncil,Edith Agnoc,en,「大統領、あなたは首都で育ち、権力の移行が起こる様子をその目で見てきたと聞いています。そうですか？とても厳しい環境だったに違いありませんね。」
0x010000030002EE0F,40,429,Sordland/Turn03/EnT_BusinessCouncil,Mikail Aven,en,「ですが、政治界にもっと多くの経済学者が入る必要がある点には同意します。残念ながら、実際に経済学を学んだ指導者はエヴァルト・アルフォンソただ一人だったのです。」
0x010000030002EE15,40,430,Sordland/Turn03/EnT_BusinessCouncil,Player,en,「私の子供時代は非常に厳しいものだった。だが、それが間違いなく私をより強くしてくれた。」
0x010000030002EE15,40,430,Sordland/Turn03/EnT_BusinessCouncil,Player,Menu Text en,「私の子供時代は非常に厳しいものだった。だが、それが間違いなく私をより強くしてくれた。」
0x010000030002EE1C,40,431,Sordland/Turn03/EnT_BusinessCouncil,Player,en,「私の家族はできる限り私の面倒を見てくれた。それ以上を望むことはできない。」
0x010000030002EE1C,40,431,Sordland/Turn03/EnT_BusinessCouncil,Player,Menu Text en,「私の家族はできる限り私の面倒を見てくれた。それ以上を望むことはできない。」
0x010000030002EE23,40,432,Sordland/Turn03/EnT_BusinessCouncil,Player,en,「私は過去を忘れて今日に集中しようと努めている。重要なのは、我々が今どのような存在になっているかということだ。」
0x010000030002EE23,40,432,Sordland/Turn03/EnT_BusinessCouncil,Player,Menu Text en,「私は過去を忘れて今日に集中しようと努めている。重要なのは、我々が今どのような存在になっているかということだ。」
0x010000030002EE30,40,433,Sordland/Turn03/EnT_BusinessCouncil,Mikail Aven,en,「ウォルター、その陰謀説はやめなさい。もう十分に酒を飲み過ぎたと思います。」
0x010000030002EE36,40,434,Sordland/Turn03/EnT_BusinessCouncil,Mikail Aven,en,「そういえば、実際に経済学を学び理解している別の指導者がいるのは素晴らしいことです。アルフォンソ大統領のように。」
0x010000030002EE3C,40,435,Sordland/Turn03/EnT_BusinessCouncil,Walter Tusk,en,「彼は大規模な民営化計画を通じて、国全体の経済的基盤を脅かしたのです。そのため彼らは彼を排除し、あなたを支持するようになったのです。」
0x010000030002EE48,40,436,Sordland/Turn03/EnT_BusinessCouncil,Mikail Aven,en,「確かにそうですが、彼を倒したのは自らの野心だったと思います。あまりにも短い期間に多くの大きな変更が行われましたから。」
0x010000030002EE53,40,440,Sordland/Turn03/EnT_BusinessCouncil,Mikail Aven,en,「それは、ゆっくり酒を飲んだ後に私が言うことです。」
0x010000030002EE59,40,441,Sordland/Turn03/EnT_BusinessCouncil,Player,en,「彼が突然失脚することについて、私は以前から何となく予感していた。」
0x010000030002EE59,40,441,Sordland/Turn03/EnT_BusinessCouncil,Player,Menu Text en,「彼が突然失脚することについて、私は以前から何となく予感していた。」
0x010000030002EE60,40,442,Sordland/Turn03/EnT_BusinessCouncil,Walter Tusk,en,「時には人々により悪い影響を与えることもあります。私が限界を超えると、父はかつて激しく私を殴っていました。」
0x010000030002EE66,40,443,Sordland/Turn03/EnT_BusinessCouncil,Player,en,「もちろんそうだ。彼らは大きな脅威だ。」
0x010000030002EE66,40,443,Sordland/Turn03/EnT_BusinessCouncil,Player,Menu Text en,「もちろんそうだ。彼らは大きな脅威だ。」
0x010000030002EE6D,40,444,Sordland/Turn03/EnT_BusinessCouncil,Edith Agnoc,en,「そんなに謙虚でいらっしゃるとは、大変光栄です。」
0x010000030002EE73,40,445,Sordland/Turn03/EnT_BusinessCouncil,Player,en,「どういう意味か？」
0x010000030002EE73,40,445,Sordland/Turn03/EnT_BusinessCouncil,Player,Menu Text en,「どういう意味か？」
0x010000030002EE7A,40,446,Sordland/Turn03/EnT_BusinessCouncil,Symon Holl,en,「大統領、私はこれまでご家族にお会いしたことがありません。よろしければ、皆様はいかがお過ごしでしょうか？」
0x010000030002EE82,40,447,Sordland/Turn03/EnT_BusinessCouncil,Player,en,「彼が引き起こした事態を見てみろ。学んだからといって必ずしも目的に到達できるわけではない。」
0x010000030002EE82,40,447,Sordland/Turn03/EnT_BusinessCouncil,Player,Menu Text en,「彼が引き起こした事態を見てみろ。学んだからといって必ずしも目的に到達できるわけではない。」
0x010000030002EE89,40,448,Sordland/Turn03/EnT_BusinessCouncil,Edith Agnoc,en,「我々がこうなったのも彼のせいです。もし彼が失敗しなければ、我々に勝算などなかったでしょう。」
0x010000030002EE8F,40,449,Sordland/Turn03/EnT_BusinessCouncil,Player,en,「私が大統領に就任してからは、あまり家族と話をしない。」
0x010000030002EE8F,40,449,Sordland/Turn03/EnT_BusinessCouncil,Player,Menu Text en,「私が大統領に就任してからは、あまり家族と話をしない。」
0x010000030002EE98,40,450,Sordland/Turn03/EnT_BusinessCouncil,Mikail Aven,en,「そういうこともあり得ます。時には仕事の都合で時間が取れなくなることもございます。それについて過度に心配されないでください。」
0x010000030002EE9E,40,451,Sordland/Turn03/EnT_BusinessCouncil,Mikail Aven,en,「まあ、あの悪党はヨットを使う許可すら求めずに勝手に持ち去ったのです。要するに盗んだということです...」
0x010000030002EEA4,40,452,Sordland/Turn03/EnT_BusinessCouncil,Player,en,「私の家族については話したくない。」
0x010000030002EEA4,40,452,Sordland/Turn03/EnT_BusinessCouncil,Player,Menu Text en,「私の家族については話したくない。」
0x010000030002EEAD,40,453,Sordland/Turn03/EnT_BusinessCouncil,Player,en,「この混乱はすべて彼のせいだ。彼の政治的失策が我々をほとんど破滅させかけた。」
0x010000030002EEAD,40,453,Sordland/Turn03/EnT_BusinessCouncil,Player,Menu Text en,「この混乱はすべて彼のせいだ。彼の政治的失策が我々をほとんど破滅させかけた。」
0x010000030002EEB4,40,454,Sordland/Turn03/EnT_BusinessCouncil,Player,en,「彼は思春期を迎えており、少し内気なため、交流するのが難しいのだ。」
0x010000030002EEB4,40,454,Sordland/Turn03/EnT_BusinessCouncil,Player,Menu Text en,「彼は思春期を迎えており、少し内気なため、交流するのが難しいのだ。」
0x010000030002EEBB,40,455,Sordland/Turn03/EnT_BusinessCouncil,Player,en,「ミカイル、さっき私に何と言ったのか？」
0x010000030002EEBB,40,455,Sordland/Turn03/EnT_BusinessCouncil,Player,Menu Text en,「ミカイル、さっき私に何と言ったのか？」
0x010000030002EEC2,40,456,Sordland/Turn03/EnT_BusinessCouncil,Player,en,「アルフォンソはすべての改革派にとって大きな励みとなった。」
0x010000030002EEC2,40,456,Sordland/Turn03/EnT_BusinessCouncil,Player,Menu Text en,「アルフォンソはすべての改革派にとって大きな励みとなった。」
0x010000030002EECB,40,457,Sordland/Turn03/EnT_BusinessCouncil,Mikail Aven,en,「それが私の息子の最大の問題だといいのですが…」
0x010000030002EED1,40,458,Sordland/Turn03/EnT_BusinessCouncil,Edith Agnoc,en,「ダロンは順調そうでした。ベンフィで開かれた彼のヨットパーティーが地元ニュースに取り上げられているのを見ました。」
0x010000030002EED7,40,459,Sordland/Turn03/EnT_BusinessCouncil,Mikail Aven,en,「彼は確かに、この国を近代的な国家へと変えようと真剣に願っていました。しかし彼の在任中は極めて困難な状況が続き、最終的に破滅してしまったのです。」
0x010000030002EEE3,40,460,Sordland/Turn03/EnT_BusinessCouncil,Walter Tusk,en,「家族こそが最も大切なものです。私のアドバイスとしては、フランクがあなたとしっかりとした関係を築けるようにすることです。結局のところ、彼こそがあなたの将来なのですから。」
0x010000030002EEE9,40,461,Sordland/Turn03/EnT_BusinessCouncil,Edith Agnoc,en,「私も娘に同じことを言ったのですが、彼女は大学を中退してしまいました...」
0x010000030002EEEF,40,462,Sordland/Turn03/EnT_BusinessCouncil,Player,en,「私は彼に良い父親であり続けるために最善を尽くしている。彼はどうやら少し内向的なようだ。」
0x010000030002EEEF,40,462,Sordland/Turn03/EnT_BusinessCouncil,Player,Menu Text en,「私は彼に良い父親であり続けるために最善を尽くしている。彼はどうやら少し内向的なようだ。」
0x010000030002EF3A,40,463,Sordland/Turn03/EnT_BusinessCouncil,Player,en,「それはどうかな。」
0x010000030002EF3A,40,463,Sordland/Turn03/EnT_BusinessCouncil,Player,Menu Text en,「それはどうかな。」
0x010000030002EF42,40,464,Sordland/Turn03/EnT_BusinessCouncil,Player,en,「一部の人々はより分別がある。バランスを取ることは可能だと私は思う。」
0x010000030002EF42,40,464,Sordland/Turn03/EnT_BusinessCouncil,Player,Menu Text en,「一部の人々はより分別がある。バランスを取ることは可能だと私は思う。」
0x010000030002EF4A,40,465,Sordland/Turn03/EnT_BusinessCouncil,Player,en,「貧富の差こそが、この問題の根本的な原因だ。」
0x010000030002EF4A,40,465,Sordland/Turn03/EnT_BusinessCouncil,Player,Menu Text en,「貧富の差こそが、この問題の根本的な原因だ。」
0x010000030002EF52,40,466,Sordland/Turn03/EnT_BusinessCouncil,Symon Holl,en,「我々の中には他よりも分別のある者がおり、均衡を保つことは可能です。」
0x010000030002EF5C,40,467,Sordland/Turn03/EnT_BusinessCouncil,Player,en,「なぜだ？」
0x010000030002EF5C,40,467,Sordland/Turn03/EnT_BusinessCouncil,Player,Menu Text en,「なぜだ？」
0x010000030002EF64,40,468,Sordland/Turn03/EnT_BusinessCouncil,Symon Holl,en,「その地域は既に私の目に留まっていました。それに、そこは一般公開されるつもりなどなかったのです。」
0x010000030002EF6F,40,469,Sordland/Turn03/EnT_BusinessCouncil,Edith Agnoc,en,「さあ、とりあえず財政や政治の話はやめましょう。ここはリラックスするために来たのですから。」
0x010000030002EF77,40,470,Sordland/Turn03/EnT_BusinessCouncil,Walter Tusk,en,「私が言いたいのは、彼は自分で苦労して稼いだお金を好きなように使えるということです。」
0x010000030002EF7F,40,471,Sordland/Turn03/EnT_BusinessCouncil,Walter Tusk,en,「それはどういう意味か？」
0x010000030002EF87,40,472,Sordland/Turn03/EnT_BusinessCouncil,Symon Holl,en,「実際にはそうではありません。彼の住む場所はとても人里離れています。」
0x010000030002EF8E,40,473,Sordland/Turn03/EnT_BusinessCouncil,Walter Tusk,en,「コンリアトには、特定の人々を引き寄せる何かがあるようですね。」
0x010000030002EF96,40,474,Sordland/Turn03/EnT_BusinessCouncil,Symon Holl,en,「いえ、問題はございますか？」
0x010000030002EF9D,40,475,Sordland/Turn03/EnT_BusinessCouncil,Walter Tusk,en,「まあ、どうか！大統領、その方を放っておいてください。」
0x010000030002EFA5,40,476,Sordland/Turn03/EnT_BusinessCouncil,Edith Agnoc,en,「そうではありませんか、諸君？」
0x010000030002EFAC,40,477,Sordland/Turn03/EnT_BusinessCouncil,Narrator,en,彼女はウォルターとシモンの方を向いた。
0x010000030002EFB5,40,478,Sordland/Turn03/EnT_BusinessCouncil,Narrator,en,彼らは彼女にうなずき、飲み物を一口飲んだ。彼女は少し私の方へ身を寄せた。
0x010000030002EFBD,40,479,Sordland/Turn03/EnT_BusinessCouncil,Edith Agnoc,en,「では、大統領、その強い性格の裏にある理由をお話しいただけませんか？」
0x010000030002EFC5,40,480,Sordland/Turn03/EnT_BusinessCouncil,Player,en,「それはあまり貢献していない。私の成功はそうしたこととは何の関係もない。」
0x010000030002EFC5,40,480,Sordland/Turn03/EnT_BusinessCouncil,Player,Menu Text en,「それはあまり貢献していない。私の成功はそうしたこととは何の関係もない。」
0x010000030002EFD5,40,481,Sordland/Turn03/EnT_BusinessCouncil,Edith Agnoc,en,「それが私の成功に大きく貢献したとお考えですか？」
0x010000030002EFF3,40,482,Sordland/Turn03/EnT_BusinessCouncil,Player,en,「首都では大変な時期だった。だが、政治について多くのことを学んだ。」
0x010000030002EFF3,40,482,Sordland/Turn03/EnT_BusinessCouncil,Player,Menu Text en,「首都では大変な時期だった。だが、政治について多くのことを学んだ。」
0x010000030002EFFA,40,483,Sordland/Turn03/EnT_BusinessCouncil,Player,en,「私は家族のおかげでそれほど苦労しなかった。多くは持っていなかったが、安定した生活を送れた。」
0x010000030002EFFA,40,483,Sordland/Turn03/EnT_BusinessCouncil,Player,Menu Text en,「私は家族のおかげでそれほど苦労しなかった。多くは持っていなかったが、安定した生活を送れた。」
0x010000030002F003,40,484,Sordland/Turn03/EnT_BusinessCouncil,Walter Tusk,en,「今ならすべてが理解できます！」
0x010000030002F00C,40,485,Sordland/Turn03/EnT_BusinessCouncil,Player,en,「確かに大いに役立った。お金があれば多くの道が開ける。」
0x010000030002F00C,40,485,Sordland/Turn03/EnT_BusinessCouncil,Player,Menu Text en,「確かに大いに役立った。お金があれば多くの道が開ける。」
0x010000030002F015,40,486,Sordland/Turn03/EnT_BusinessCouncil,Player,en,「我々には金はあったが幸せではなかった。いない父のおかげで人生について多くを学ぶことができた。」
0x010000030002F015,40,486,Sordland/Turn03/EnT_BusinessCouncil,Player,Menu Text en,「我々には金はあったが幸せではなかった。いない父のおかげで人生について多くを学ぶことができた。」
0x010000030002F01D,40,487,Sordland/Turn03/EnT_BusinessCouncil,Walter Tusk,en,「もちろんです。大統領はそれを得るために懸命に努力されました。結局のところ、お金では勤勉さを買うことはできません。」
0x010000030002F025,40,488,Sordland/Turn03/EnT_BusinessCouncil,Walter Tusk,en,「もちろんです。エディス、それはどういう質問ですか？」
0x010000030002F02D,40,489,Sordland/Turn03/EnT_BusinessCouncil,Edith Agnoc,en,「そのようなこととは、残念でございます。」
0x010000030002F035,40,490,Sordland/Turn03/EnT_BusinessCouncil,Player,en,「彼らは元気にしている。我々に問題は何もない。」
0x010000030002F035,40,490,Sordland/Turn03/EnT_BusinessCouncil,Player,Menu Text en,「彼らは元気にしている。我々に問題は何もない。」
0x010000030002F03D,40,491,Sordland/Turn03/EnT_BusinessCouncil,Symon Holl,en,「承知した。」
0x010000030002F046,40,492,Sordland/Turn03/EnT_BusinessCouncil,Symon Holl,en,「それはとても嬉しいお話です。あなたの息子さんもきっと大変誇りに思っていることでしょう。」
0x010000030002F04F,40,493,Sordland/Turn03/EnT_BusinessCouncil,Walter Tusk,en,「家族こそが最も大切なものです。私のアドバイスとしては、フランクがあなたとしっかりとした関係を築けるようにすることです。結局のところ、彼こそがあなたの将来なのですから。」
0x010000030002F057,40,494,Sordland/Turn03/EnT_BusinessCouncil,Player,en,「私は『家族のことは話したくない』と言ったのだ。」
0x010000030002F057,40,494,Sordland/Turn03/EnT_BusinessCouncil,Player,Menu Text en,「私は『家族のことは話したくない』と言ったのだ。」
0x010000030002F05F,40,495,Sordland/Turn03/EnT_BusinessCouncil,Walter Tusk,en,「大統領、申し訳ありません。何かお手伝いできることがございましたら、どうぞお知らせください。」
0x010000030002F071,40,496,Sordland/Turn03/EnT_BusinessCouncil,Player,en,「なぜそんなことまで気にするのか？」
0x010000030002F071,40,496,Sordland/Turn03/EnT_BusinessCouncil,Player,Menu Text en,「なぜそんなことまで気にするのか？」
0x010000030002F07C,40,497,Sordland/Turn03/EnT_BusinessCouncil,Walter Tusk,en,「大統領、私は単にアドバイスをしているだけです！」
0x010000030002F083,40,498,Sordland/Turn03/EnT_BusinessCouncil,Walter Tusk,en,「大統領、自分のヨットを盗んで地元のニュースになるような息子など、誰も欲しがりません。」
0x010000030002F08A,40,499,Sordland/Turn03/EnT_BusinessCouncil,Mikail Aven,en,「良い知らせです。ついに彼を説得して大学へ行かせることができました。彼はラハベン・ビジネススクールで経済学を学ぶことになります。」
0x010000030002F092,40,500,Sordland/Turn03/EnT_BusinessCouncil,Narrator,en,彼はミカイルを見た。
0x010000030002F09B,40,501,Sordland/Turn03/EnT_BusinessCouncil,Walter Tusk,en,「おそらくあなたの息子さんは将来、優れた経済学者になるでしょう！」
0x010000030002F0A1,40,502,Sordland/Turn03/EnT_BusinessCouncil,Mikail Aven,en,「そう期待するつもりはありません。」
0x010000030002F0AA,40,503,Sordland/Turn03/EnT_BusinessCouncil,Mikail Aven,en,「大統領、私があなた様に何か悪意を持っているわけでは決してございません。」
0x010000030002F0B1,40,504,Sordland/Turn03/EnT_BusinessCouncil,Narrator,en,彼は私の方を向いた。
0x010000030002F0C0,40,505,Sordland/Turn03/EnT_BusinessCouncil,Mikail Aven,en,「私は、我が国の不況を克服するためのあなたの能力に大いに自信を持っています。」
0x010000030002F0D2,40,506,Sordland/Turn03/EnT_BusinessCouncil,Player,en,「ありがとう。」
0x010000030002F0D2,40,506,Sordland/Turn03/EnT_BusinessCouncil,Player,Menu Text en,「ありがとう。」
0x010000030002F0DE,40,507,Sordland/Turn03/EnT_BusinessCouncil,Mikail Aven,en,「我々の経済に与えられた被害を修復できることを願っています。アルフォンソのように失敗してはなりません。」
0x010000030002F0E6,40,508,Sordland/Turn03/EnT_BusinessCouncil,Player,en,「私も同じように思う。」
0x010000030002F0E6,40,508,Sordland/Turn03/EnT_BusinessCouncil,Player,Menu Text en,「私も同じように思う。」
0x010000030002F0FB,40,513,Sordland/Turn03/EnT_BusinessCouncil,Edith Agnoc,en,「アグノク様、代わりにミカイルをお助けになった方がよろしいかと。ベンフィでダロンがヨットパーティーを開き、地元ニュースになっているのを見ました。」
0x010000030002F102,40,514,Sordland/Turn03/EnT_BusinessCouncil,Narrator,en,彼女はミカイルを見つめた。
0x010000030002F118,40,518,Sordland/Turn03/EnT_BusinessCouncil,Narrator,en,ウォルターは部屋の中にいる警備兵たちを見た。
0x010000030002F121,40,519,Sordland/Turn03/EnT_BusinessCouncil,Walter Tusk,en,「訂正します。彼を破滅させたのは彼の政策ではありません。」
0x010000030002F12A,40,520,Sordland/Turn03/EnT_BusinessCouncil,Player,en,「どういう意味か？」
0x010000030002F12A,40,520,Sordland/Turn03/EnT_BusinessCouncil,Player,Menu Text en,「どういう意味か？」
0x010000030002F131,40,521,Sordland/Turn03/EnT_BusinessCouncil,Player,en,「彼が突然失脚したことについて、私は常々嫌な予感を抱いていた。」
0x010000030002F131,40,521,Sordland/Turn03/EnT_BusinessCouncil,Player,Menu Text en,「彼が突然失脚したことについて、私は常々嫌な予感を抱いていた。」
0x010000030002F13A,40,522,Sordland/Turn03/EnT_BusinessCouncil,Player,en,「それは皆が知っていることだ。」
0x010000030002F13A,40,522,Sordland/Turn03/EnT_BusinessCouncil,Player,Menu Text en,「それは皆が知っていることだ。」
0x010000030002F142,40,523,Sordland/Turn03/EnT_BusinessCouncil,Walter Tusk,en,「簡単に言えば、彼はその大胆な民営化計画で政府内の権力者たちの経済的基盤を脅かしたのです。そこで彼らは彼を排除しました。」
0x010000030002F14B,40,524,Sordland/Turn03/EnT_BusinessCouncil,Player,en,「それで？」
0x010000030002F14B,40,524,Sordland/Turn03/EnT_BusinessCouncil,Player,Menu Text en,「それで？」
0x010000030002F154,40,525,Sordland/Turn03/EnT_BusinessCouncil,Walter Tusk,en,「今や彼らもあなたを支持しているのです。」
0x010000030002F15A,40,526,Sordland/Turn03/EnT_BusinessCouncil,Narrator,en,彼は声のトーンを落とした。
0x010000030002F16B,40,530,Sordland/Turn03/EnT_BusinessCouncil,Player,en,「これ以上、公の場でそのようなことを言わないでくれ。」
0x010000030002F16B,40,530,Sordland/Turn03/EnT_BusinessCouncil,Player,Menu Text en,「これ以上、公の場でそのようなことを言わないでくれ。」
0x010000030002F174,40,531,Sordland/Turn03/EnT_BusinessCouncil,Narrator,en,しばらくの沈黙が続いた。
0x010000030002F195,40,532,Sordland/Turn03/EnT_BusinessCouncil,Narrator,en,長い沈黙の後、少し雑談が交わされ、ウォルターはウイスキーのボトルを注文した。
0x010000030002F19D,40,533,Sordland/Turn03/EnT_BusinessCouncil,Player,en,「シモン、もう一度乾杯をお願いできるか？」
0x010000030002F19D,40,533,Sordland/Turn03/EnT_BusinessCouncil,Player,Menu Text en,「シモン、もう一度乾杯をお願いできるか？」
0x010000030002F1A4,40,534,Sordland/Turn03/EnT_BusinessCouncil,Symon Holl,en,「もちろんです。」
0x010000030002F1AA,40,535,Sordland/Turn03/EnT_BusinessCouncil,Mikail Aven,en,「なんと見栄えの良いボトルでしょう。」
0x010000030002F1B0,40,536,Sordland/Turn03/EnT_BusinessCouncil,Narrator,en,ウェイターたちは最上級のアルカシア産ウイスキーを運んできた。乾杯の時が来たのだった。
0x010000030002F1B7,40,537,Sordland/Turn03/EnT_BusinessCouncil,Player,en,「私は我々の健康と幸福を祝して乾杯する。幸せな人生に必要な二つのものだ。」
0x010000030002F1B7,40,537,Sordland/Turn03/EnT_BusinessCouncil,Player,Menu Text en,「私は我々の健康と幸福を祝して乾杯する。」
0x010000030002F1BE,40,538,Sordland/Turn03/EnT_BusinessCouncil,Player,en,「建設的で有益な未来のために！良き未来のために、我々の違いは一旦脇に置くべきだ。」
0x010000030002F1BE,40,538,Sordland/Turn03/EnT_BusinessCouncil,Player,Menu Text en,「建設的で有益な未来へ！」
0x010000030002F1C5,40,539,Sordland/Turn03/EnT_BusinessCouncil,Player,en,「我々の富と成功に乾杯しよう！率直に言えば、それこそが我々全員にとって本当に重要なものだ。」
0x010000030002F1C5,40,539,Sordland/Turn03/EnT_BusinessCouncil,Player,Menu Text en,「我々の富と成功に！」
0x010000030002F1CC,40,540,Sordland/Turn03/EnT_BusinessCouncil,Narrator,en,エディットは立ち上がった。我々我々のほとんどは、その頃には少し酔っていた。
0x010000030002F1D3,40,541,Sordland/Turn03/EnT_BusinessCouncil,Walter Tusk,en,「私も同感です。」
0x010000030002F1D9,40,542,Sordland/Turn03/EnT_BusinessCouncil,Narrator,en,ウォルターを除く全員が高級車に乗って去っていく中、月は明るく輝いていた。
0x010000030002F1E0,40,543,Sordland/Turn03/EnT_BusinessCouncil,Player,en,「もう遅くなった。今日はここまでにしよう。」
0x010000030002F1E0,40,543,Sordland/Turn03/EnT_BusinessCouncil,Player,Menu Text en,「もう遅くなった。今日はここまでにしよう。」
0x010000030002F1E7,40,544,Sordland/Turn03/EnT_BusinessCouncil,Edith Agnoc,en,「私も喜んでそのために乾杯いたします。」
0x010000030002F1ED,40,545,Sordland/Turn03/EnT_BusinessCouncil,Mikail Aven,en,「私もです。」
0x010000030002F1F3,40,546,Sordland/Turn03/EnT_BusinessCouncil,Walter Tusk,en,「それであれば、乾杯しましょう。」
0x010000030002F1F9,40,547,Sordland/Turn03/EnT_BusinessCouncil,Symon Holl,en,「はい。」
0x010000030002F1FF,40,548,Sordland/Turn03/EnT_BusinessCouncil,Walter Tusk,en,「人々は『希望こそが最後まで残るものだ』と言います。」
0x010000030002F205,40,549,Sordland/Turn03/EnT_BusinessCouncil,Symon Holl,en,「もう夜を終える時期だと思います。」
0x010000030002F217,40,550,Sordland/Turn03/EnT_BusinessCouncil,Edith Agnoc,en,「大統領、ご多忙の中ご出席いただき感謝申し上げます。また、これらすべてを準備してくださったサイモンさんにも御礼を申し上げます。」
0x010000030002F21D,40,551,Sordland/Turn03/EnT_BusinessCouncil,Mikail Aven,en,「引き上げられました。」
0x010000030002F223,40,552,Sordland/Turn03/EnT_BusinessCouncil,Symon Holl,en,「幸運の車輪が常に我々に味方してくれますように！豊かな未来が我々を待っています！」
0x010000030002F237,40,553,Sordland/Turn03/EnT_BusinessCouncil,Mikail Aven,en,「それは断じて私ではありません。」
0x010000030002F257,40,554,Sordland/Turn03/EnT_BusinessCouncil,Edith Agnoc,en,「皆様、おやすみなさい。今日は楽しい時間を過ごせました。」
0x010000030002F263,40,555,Sordland/Turn03/EnT_BusinessCouncil,Player,en,「エディス、このような見苦しい金持ち連中と一緒にいてくれてありがとう。」
0x010000030002F263,40,555,Sordland/Turn03/EnT_BusinessCouncil,Player,Menu Text en,「エディス、このような見苦しい金持ち連中と一緒にいてくれてありがとう。」
0x010000030002F26A,40,556,Sordland/Turn03/EnT_BusinessCouncil,Walter Tusk,en,「大統領、冗談をなさいますね。」
0x010000030002F299,40,557,Sordland/Turn03/EnT_BusinessCouncil,Player_Italic,en,私は立ち上がって乾杯の言葉を述べた。
0x010000030002F299,40,557,Sordland/Turn03/EnT_BusinessCouncil,Player_Italic,Menu Text en,乾杯
0x010000030002F2A7,40,558,Sordland/Turn03/EnT_BusinessCouncil,Player,en,「私は飲まない。」
0x010000030002F2A7,40,558,Sordland/Turn03/EnT_BusinessCouncil,Player,Menu Text en,「私は飲まない。」
0x010000030002F2B1,40,559,Sordland/Turn03/EnT_BusinessCouncil,Narrator,en,シモンは立ち上がった。彼のバランスにはわずかな問題があるようだった。
0x010000030002F2BD,40,560,Sordland/Turn03/EnT_BusinessCouncil,Player,en,「階級差のない平等な社会のために。A モルグナ wes core！」
0x010000030002F2BD,40,560,Sordland/Turn03/EnT_BusinessCouncil,Player,Menu Text en,「階級差のない平等な社会のために。A モルグナ wes core！」
0x010000030002F2C5,40,561,Sordland/Turn03/EnT_BusinessCouncil,Narrator,en,他の誰も返事をしなかった。そしてシモンは少し酒を飲み過ぎたようだった。
0x010000030002F2CC,40,562,Sordland/Turn03/EnT_BusinessCouncil,Symon Holl,en,「はい！」
0x010000030002F2D4,40,563,Sordland/Turn03/EnT_BusinessCouncil,Narrator,en,彼らが手にグラスを持ったまま互いを見つめ合っている間、気まずい沈黙が流れていた。
0x010000030002F2DC,40,564,Sordland/Turn03/EnT_BusinessCouncil,Edith Agnoc,en,「ベクターン sis da...」
0x010000030002F2E4,40,565,Sordland/Turn03/EnT_BusinessCouncil,Walter Tusk,en,「わかりました。」
0x010000030002F2EB,40,566,Sordland/Turn03/EnT_BusinessCouncil,Walter Tusk,en,「これを飲み干して、すぐに出発しましょう。」
0x010000030002F2F2,40,567,Sordland/Turn03/EnT_BusinessCouncil,Walter Tusk,en,「シモンですか？」
0x010000030002F308,40,568,Sordland/Turn03/EnT_BusinessCouncil,Player,en,「こちらにお集まりいただき、皆様に感謝する。」
0x010000030002F308,40,568,Sordland/Turn03/EnT_BusinessCouncil,Player,Menu Text en,「こちらにお集まりいただき、皆様に感謝する。」
0x010000030002F310,40,569,Sordland/Turn03/EnT_BusinessCouncil,Walter Tusk,en,「ありがとう。」
0x010000030002F316,40,570,Sordland/Turn03/EnT_BusinessCouncil,Mikail Aven,en,「とても良かったです。」
0x010000030002F31E,40,571,Sordland/Turn03/EnT_BusinessCouncil,Mikail Aven,en,「こちらにいてくださり、ありがとうございます。」
0x010000030002F327,40,572,Sordland/Turn03/EnT_BusinessCouncil,Narrator,en,別れの言葉を交わした後、我々二人はゆっくりとレストランを出て行った。
0x010000030002F37B,40,585,Sordland/Turn03/EnT_BusinessCouncil,Walter Tusk,en,「我々がこれまでに行った企業救済のための個別的な提案を拒否なさったのですね。」
0x010000030002F386,40,589,Sordland/Turn03/EnT_BusinessCouncil,Walter Tusk,en,「我々は経済救済策に関して合意に達していました。」
0x010000030002F38C,40,590,Sordland/Turn03/EnT_BusinessCouncil,Walter Tusk,en,「その約束を守ってくださり、我々の計画通りにすべて進みました。」
0x010000030002F392,40,591,Sordland/Turn03/EnT_BusinessCouncil,Walter Tusk,en,「この措置により、当グループ内に失望の声が上がっています。」
0x010000030002F3A1,40,596,Sordland/Turn03/EnT_BusinessCouncil,Walter Tusk,en,「ですが、やはりあなたの選択は正しかったのです。ただ、あなたの党がその寄付を受け取れなかったのは残念でして。なぜ誰かがその資金を欲しがらないのか、私には理解できません。」
0x010000030002F3A7,40,597,Sordland/Turn03/EnT_BusinessCouncil,Walter Tusk,en,「あなたはその約束を破りました。この行動によってグループ内では大きな失望が生じています。」
0x01000003000306F6,40,623,Sordland/Turn03/EnT_BusinessCouncil,Player,en,「それはどういう意味か？」
0x01000003000306F6,40,623,Sordland/Turn03/EnT_BusinessCouncil,Player,Menu Text en,「それはどういう意味か？」
0x01000003000306FE,40,624,Sordland/Turn03/EnT_BusinessCouncil,Edith Agnoc,en,「あ、い、いえ、大統領。何か悪く受け取られてしまったようでしたら申し訳ありません。」
0x0100000300030705,40,625,Sordland/Turn03/EnT_BusinessCouncil,Narrator,en,そのテーブルの中は数秒間静まり返った。
0x010000030003070E,40,626,Sordland/Turn03/EnT_BusinessCouncil,Narrator,en,ウォルターは私をじっと見つめていた。その間、護衛たちは頭を下げて部屋の外に出て行った。
0x0100000300030720,40,630,Sordland/Turn03/EnT_BusinessCouncil,Symon Holl,en,「大統領のご決断力に改めて感謝申し上げます……必ずこの危機的な時期を乗り越え、より強固な国になれると確信しております。」
0x0100000300030728,40,631,Sordland/Turn03/EnT_BusinessCouncil,Player,en,「何の用か？」
0x0100000300030728,40,631,Sordland/Turn03/EnT_BusinessCouncil,Player,Menu Text en,「何の用か？」
0x010000030003072F,40,632,Sordland/Turn03/EnT_BusinessCouncil,Player_Italic,en,私は彼に続いて中へ入った。
0x010000030003072F,40,632,Sordland/Turn03/EnT_BusinessCouncil,Player_Italic,Menu Text en,彼について行く
0x0100000300030738,40,633,Sordland/Turn03/EnT_BusinessCouncil,Player_Italic,en,私は彼を無視した。
0x0100000300030738,40,633,Sordland/Turn03/EnT_BusinessCouncil,Player_Italic,Menu Text en,彼を無視して去る
0x0100000300030F70,40,635,Sordland/Turn03/EnT_BusinessCouncil,Player,en,「私にとっては全く気にならない。」
0x0100000300030F70,40,635,Sordland/Turn03/EnT_BusinessCouncil,Player,Menu Text en,「私にとっては全く気にならない。」
0x0100000300030F78,40,636,Sordland/Turn03/EnT_BusinessCouncil,Walter Tusk,en,「いえ、大統領、ぜひ気にかけるべきですよ。」
0x0100000300030F80,40,637,Sordland/Turn03/EnT_BusinessCouncil,Player,en,「私はあなたのコメントなど聞きたくない、タスク。」
0x0100000300030F80,40,637,Sordland/Turn03/EnT_BusinessCouncil,Player,Menu Text en,「私はあなたのコメントなど聞きたくない、タスク。」
0x0100000300030F88,40,638,Sordland/Turn03/EnT_BusinessCouncil,Walter Tusk,en,「そんなことはありません。」
0x0100000300030F8F,40,639,Sordland/Turn03/EnT_BusinessCouncil,Walter Tusk,en,「大統領、ロザーバーグ・グループの発言はご留意すべき事柄でしょう。」
0x0100000300030F96,40,640,Sordland/Turn03/EnT_BusinessCouncil,Walter Tusk,en,「少しだけ、私の考えを説明させていただきます。」
0x0100000300030F9F,40,641,Sordland/Turn03/EnT_BusinessCouncil,Player,en,「また今度にしよう。こんばんは。」
0x0100000300030F9F,40,641,Sordland/Turn03/EnT_BusinessCouncil,Player,Menu Text en,「また今度にしよう。こんばんは。」
0x0100000300030FA7,40,642,Sordland/Turn03/EnT_BusinessCouncil,Narrator,en,私は彼を無視してその場を去った。
0x0100000300030FB8,40,644,Sordland/Turn03/EnT_BusinessCouncil,Player,en,「ロザーバーグ・グループは私に影響を与えることはない。」
0x0100000300030FB8,40,644,Sordland/Turn03/EnT_BusinessCouncil,Player,Menu Text en,「ロザーバーグ・グループは私に影響を与えることはない。」
0x0100000300036996,40,645,Sordland/Turn03/EnT_BusinessCouncil,Narrator,en,皆は静まり返り、ミカイルの方を見つめた。
0x010000030003699E,40,646,Sordland/Turn03/EnT_BusinessCouncil,Walter Tusk,en,「ああ、大統領、彼のことはお許しください！悪気など全くありませんでした。」
0x01000003000369A4,40,647,Sordland/Turn03/EnT_BusinessCouncil,Mikail Aven,en,「えっと……いいえ。そんなつもりでは――」
0x01000003000369AC,40,648,Sordland/Turn03/EnT_BusinessCouncil,Narrator,en,ウォルターは笑い、その直後にミカイルも緊張した様子で笑った。
0x01000003000369BC,40,649,Sordland/Turn03/EnT_BusinessCouncil,Edith Agnoc,en,「もうアルフォンソの話はやめましょう。彼の政策がすでに彼を破滅させました。」
0x01000003000369C4,40,650,Sordland/Turn03/EnT_BusinessCouncil,Player,en,「わかりました。」
0x01000003000369C4,40,650,Sordland/Turn03/EnT_BusinessCouncil,Player,Menu Text en,「わかりました。」
0x01000003000369CD,40,651,Sordland/Turn03/EnT_BusinessCouncil,Player,en,「いや。彼は今何と言ったのか？」
0x01000003000369CD,40,651,Sordland/Turn03/EnT_BusinessCouncil,Player,Menu Text en,「いや。彼は今何と言ったのか？」
0x01000003000369DC,40,652,Sordland/Turn03/EnT_BusinessCouncil,Narrator,en,誰も返事をしなかった。
0x01000003000369E4,40,653,Sordland/Turn03/EnT_BusinessCouncil,Player,en,「やはりそうだった。」
0x01000003000369E4,40,653,Sordland/Turn03/EnT_BusinessCouncil,Player,Menu Text en,「やはりそうだった。」
0x01000003000369ED,40,654,Sordland/Turn03/EnT_BusinessCouncil,Player,en,「誰か私に答えてくれるのだろうか？」
0x01000003000369ED,40,654,Sordland/Turn03/EnT_BusinessCouncil,Player,Menu Text en,「誰か私に答えてくれるのだろうか？」
0x01000003000369F5,40,655,Sordland/Turn03/EnT_BusinessCouncil,Player,en,「まるで猫が我々の友人の舌を捕まえてしまったようだね。」
0x01000003000369F5,40,655,Sordland/Turn03/EnT_BusinessCouncil,Player,Menu Text en,「まるで猫が我々の友人の舌を捕まえてしまったようだね。」
0x0100000300036A05,40,656,Sordland/Turn03/EnT_BusinessCouncil,Mikail Aven,en,「大統領、テーブルの中で叫ぶ必要はありません。」
0x0100000300036A0C,40,657,Sordland/Turn03/EnT_BusinessCouncil,Player,en,「もう十分だ。この食事は終わりにしよう。」
0x0100000300036A0C,40,657,Sordland/Turn03/EnT_BusinessCouncil,Player,Menu Text en,「もう十分だ。この食事は終わりにしよう。」
0x0100000300036A14,40,658,Sordland/Turn03/EnT_BusinessCouncil,Player,en,「まだ私に返事をしてくださっていないね。」
0x0100000300036A14,40,658,Sordland/Turn03/EnT_BusinessCouncil,Player,Menu Text en,「まだ私に返事をしてくださっていないね。」
0x0100000300036A23,40,659,Sordland/Turn03/EnT_BusinessCouncil,Mikail Aven,en,「『エヴァルト・アルフォンソこそが経済に精通した唯一の指導者だ』と申し上げました。失礼をお許しください、大統領を怒らせるつもりはございませんでした。」
0x0100000300036A2A,40,660,Sordland/Turn03/EnT_BusinessCouncil,Player,en,「わかった。次は言葉に気をつけてくれ。」
0x0100000300036A2A,40,660,Sordland/Turn03/EnT_BusinessCouncil,Player,Menu Text en,「わかった。次は言葉に気をつけてくれ。」
0x0100000300036A3C,40,661,Sordland/Turn03/EnT_BusinessCouncil,Narrator,en,私は立ち上がって部屋を出た。
0x0100000300036A44,40,662,Sordland/Turn03/EnT_BusinessCouncil,Narrator,en,私が外に出て行くと、ウォルターが走って私の後を追ってきた。
0x0100000300036A54,40,666,Sordland/Turn03/EnT_BusinessCouncil,Mikail Aven,en,「ですが、政治界にもっと多くの経済学者が入る必要がある点には同意します。幸いなことに、アルフォンソ同様に経済学に精通しているように見える大統領がおられます。」
0x0100000300057956,40,667,Sordland/Turn03/EnT_BusinessCouncil,Player,en,「アドバイスは感謝するが、私はサーモンが好きではない。」
0x0100000300057956,40,667,Sordland/Turn03/EnT_BusinessCouncil,Player,Menu Text en,「アドバイスは感謝するが、私はサーモンが好きではない。」
0x010000030005795E,40,668,Sordland/Turn03/EnT_BusinessCouncil,Walter Tusk,en,「まさか？ラハベン人のあなたでさえですか？」
0x0100000300057965,40,669,Sordland/Turn03/EnT_BusinessCouncil,Walter Tusk,en,「それはあなたの損失でしょうね。」
0x010000030005796F,40,670,Sordland/Turn03/EnT_BusinessCouncil,Narrator,en,彼は私の方を向いた。
0x010000030005C570,40,671,Sordland/Turn03/EnT_BusinessCouncil,Walter Tusk,en,「ああ、もちろんです。リベリーのジラルトが造ったワインには断る者はいません。」
0x0100005D00000057,41,3,Sordland/Turn03/EnT_GasomProposal,Narrator,en,その頃、ガス・マンガーは私をナルベルにあるガソムの本部へ案内するよう誘ってきた。その場所は都市郊外の地区であるオルノベルに位置していた。
0x0100005D00000090,41,4,Sordland/Turn03/EnT_GasomProposal,Narrator,en,その隣にはダメノイガス埋蔵量があり、4つの大規模なガス田から成る重要な天然ガス源だった。
0x0100005D000000A9,41,5,Sordland/Turn03/EnT_GasomProposal,Narrator,en,道路はでこぼこして穴だらけで、周囲の建物も荒れ果てて老朽化している様子だった。この地域は長期間にわたって放置されてきたようであった。
0x0100005D000000D1,41,6,Sordland/Turn03/EnT_GasomProposal,Narrator,en,我々はその施設の入口ゲートで足を止めた。近くの壁には、ガソムのロゴが描かれた大きな壁画が塗られていた。
0x0100005D000000D7,41,7,Sordland/Turn03/EnT_GasomProposal,Narrator,en,キアラやパスカルとの一連の厳しい会談の後、休息を取って体力を回復させる必要があると判断した。
0x0100005D000000ED,41,17,Sordland/Turn03/EnT_GasomProposal,Narrator,en,私は首都にいるルシアンとペトルの様子を確認した。彼らは新しい憲法の起草という重要な任務のため、民主的志向の改革派を結集させようと懸命に努力していた。
0x0100005D000000F7,41,18,Sordland/Turn03/EnT_GasomProposal,Narrator,en,私は首都にいるルシアンとペトルの様子を確認した。彼らは新しい憲法の起草を背景に、中央集権派の諸勢力を結集させようとする困難な任務に専念していた。
0x0100005D000000FE,41,19,Sordland/Turn03/EnT_GasomProposal,Narrator,en,私は首都にいるルシアンとペトルの様子を確認した。彼らは国家の安全保障上の緊急の懸念に対処するため、守旧派と激しい交渉を続けていた。
0x0100005D00000105,41,20,Sordland/Turn03/EnT_GasomProposal,Narrator,en,私は首都にいるルシアンとペトルの様子を確認した。彼らは憲法改正案を前進させるため、あらゆる可能性や手段を探りながら懸命に働いていた。
0x0100005E00000066,41,21,Sordland/Turn03/EnT_GasomProposal,Narrator,en,エヴァルト・アルフォンソは椅子から立ち上がった。彼は完璧に仕立てられたスーツを着ていたが、そのスーツをまるでパジャマのように気軽に着用していた。
0x0100005E0000006D,41,22,Sordland/Turn03/EnT_GasomProposal,Ewald Alphonso,en,「ガス、お前というやつは。」
0x0100005D0000038A,41,23,Sordland/Turn03/EnT_GasomProposal,Narrator,en,その壁画の隣には、青い作業用ベストを着た一団が集まっており、抗議のような看板を手にしていた。
0x0100005500005715,41,24,Sordland/Turn03/EnT_GasomProposal,Gus Manger,en,「こんにちは、大統領。ガソムのナルベル工場へようこそ！」
0x0100005500006FC4,41,25,Sordland/Turn03/EnT_GasomProposal,Gus Manger,en,「人は自分自身をよく知っているものです。約束通り、今日は特別なゲストを連れてまいりました。」
0x010000550000704C,41,26,Sordland/Turn03/EnT_GasomProposal,Ewald Alphonso,en,「大統領、こちらの施設をご覧いただけて満足していただけたでしょうか。」
0x0100005500007052,41,27,Sordland/Turn03/EnT_GasomProposal,Player,en,「アルフォンソ大統領。こちらで築かれたものを直接見られて光栄だ。」
0x0100005500007058,41,28,Sordland/Turn03/EnT_GasomProposal,Player,en,「ここの施設は、周囲の都市に比べてはるかに良好な状態にあるようだね。」
0x010000550000705E,41,29,Sordland/Turn03/EnT_GasomProposal,Player,en,「こんにちは。ガソムの現状についてもっと詳しく知りたいのだ。」
0x0100005500007067,41,30,Sordland/Turn03/EnT_GasomProposal,Ewald Alphonso,en,「まあ、大したことはありません。もちろん、ホルソードにあるガソム本部に比べれば何でもないでしょう。」
0x010000550000706E,41,31,Sordland/Turn03/EnT_GasomProposal,Ewald Alphonso,en,「ガソムがここに来る前のアンラカンを見ていればよかったのです。そこで生まれた雇用は長期的な良い影響をもたらしました。」
0x0100005500007075,41,32,Sordland/Turn03/EnT_GasomProposal,Ewald Alphonso,en,「我々のエネルギー政策に関する政府の姿勢についても同様の考え方が適用されます。」
0x010000550000707C,41,33,Sordland/Turn03/EnT_GasomProposal,Gus Manger,en,「やはりマルーン地区の傑出した場所の一つですね。」
0x0100005500007083,41,34,Sordland/Turn03/EnT_GasomProposal,Gus Manger,en,「確かにその通りです。ここの状況はもっと悪化していた可能性があります。」
0x010000550000708A,41,35,Sordland/Turn03/EnT_GasomProposal,Gus Manger,en,「話し合うべきことはたくさんあります。ソードランドの新しい二人の指導者が同じ部屋にいるのですから、あの老人の姿はどこにも見当たりません。」
0x0100005500007091,41,36,Sordland/Turn03/EnT_GasomProposal,Narrator,en,我々が席に着くと、軽食や飲み物が出された。我々の間のテーブルの上には、ガソムの年次財務報告書がいくつも散らばっていた。
0x010000550000709D,41,37,Sordland/Turn03/EnT_GasomProposal,Ewald Alphonso,en,「どうぞお掛けください。話をしましょう。」
0x0100005500007224,41,38,Sordland/Turn03/EnT_GasomProposal,Ewald Alphonso,en,「もし少数出資を行えば、ガス田でのさらなる資源掘削に投資することが可能となり、会社を再び大幅な利益状態に戻すことができます。」
0x010000550000722A,41,39,Sordland/Turn03/EnT_GasomProposal,Ewald Alphonso,en,「『『大幅』と申しますのは、我々の試算によれば3年以内にソードランドのガス需要の80％を賄える見込みであり、投資額の4倍に相当する利益を上げることができるという意味です。』」
0x0100005500007230,41,40,Sordland/Turn03/EnT_GasomProposal,Player,en,「もしガソムに投資するのであれば、その企業がナルベルの社会経済状況改善にも力を入れていることを確かめたいのだ。」
0x0100005500007236,41,41,Sordland/Turn03/EnT_GasomProposal,Player,en,「ご提示の予測数値は非常に印象的だ。しかし、国際市場も考慮する必要がある。コンタナ連邦やアルカシア、コンタナ連邦といった国とどう競争していくつもりだろうか？」
0x0100005500007248,41,42,Sordland/Turn03/EnT_GasomProposal,Ewald Alphonso,en,「ご懸念の点は理解しております。確かにリスクは存在しますが、我々の経験豊富な地質学者や技術者チームが有望な鉱床を見つけ出しています。」
0x010000550000724E,41,43,Sordland/Turn03/EnT_GasomProposal,Gus Manger,en,「大統領、エヴァルトの言う通りです。確かにリスクはありますが、得られる利益を考えれば――ソードランドはエネルギー面で自立できるようになるでしょう。特に今の厳しい経済状況では、賭ける価値のある取り組みだと私は思います。」
0x010000550000725C,41,44,Sordland/Turn03/EnT_GasomProposal,Narrator,en,エヴァルトは再び窓の方へ歩いて行った。彼はガス田が広がる広大な景色を背景に、その場に立っていた。
0x010000640000005E,41,45,Sordland/Turn03/EnT_GasomProposal,Ewald Alphonso,en,「私も心から同意します。ナルベルの市民の福祉はガソムにとって最優先事項です。」
0x010000640000006B,41,46,Sordland/Turn03/EnT_GasomProposal,Player,en,「魅力的な提案だね。しかし、関連するリスクについてもっと詳しく知りたいのだ。もし掘削で期待される結果が得られなかった場合はどうなるのだろうか？」
0x01000064000000AC,41,53,Sordland/Turn03/EnT_GasomProposal,Ewald Alphonso,en,「大統領としてのあなたの態度や決断により、我々の間に存在する大きな隔たりを再考することになりました。残念ながら、この乖離は今後のいかなる事業提携の実現可能性にも支障を来す恐れがあります。」
0x01000064000000BA,41,54,Sordland/Turn03/EnT_GasomProposal,Ewald Alphonso,en,「大統領、我々には互いに利益をもたらすパートナーシップの可能性があると考えます。ただし、目標や期待値を一致させる必要があります。」
0x010000640000A7CC,41,59,Sordland/Turn03/EnT_GasomProposal,Ewald Alphonso,en,「我々には確固たる戦略があります。我々の競争力は、生産の品質と効率にあります。」
0x010000640000A7D5,41,60,Sordland/Turn03/EnT_GasomProposal,Ewald Alphonso,en,「状況は我々に有利です。そして、得られる見込みのある報酬が非常に大きいことも忘れてはなりません。」
0x010000640000A7DB,41,61,Sordland/Turn03/EnT_GasomProposal,Ewald Alphonso,en,「この投資があれば、地域のインフラを整備したり新たな雇用機会を創出したりするための資金を確実に割きることができます。」
0x010000640000A7E1,41,62,Sordland/Turn03/EnT_GasomProposal,Ewald Alphonso,en,「この投資により、我々は技術をさらに向上させ、競争で常に先頭に立ち続けることができます。」
0x010000640000A7EB,41,63,Sordland/Turn03/EnT_GasomProposal,Gus Manger,en,「大統領、私はこう考えているのですが、ガソムの発展をナルベルの振興と結びつけたらどうでしょうか。その会社に地域社会への投資をしてもらえば、皆が利益を得られるはずです。」
0x010000640000A7F2,41,64,Sordland/Turn03/EnT_GasomProposal,Gus Manger,en,「エヴァルトと彼のチームは素晴らしい働きを見せています。適切な支援を与えれば、ガソムも大手企業たちに匹敵する力を持つようになるでしょう。少し信頼を寄せるだけで十分です。」
0x010000640000A801,41,68,Sordland/Turn03/EnT_GasomProposal,Ewald Alphonso,en,「大統領、貴府の計画経済への重点的取り組みは、我々の戦略的ビジョンとよく合致しております。」
0x010000640000A808,41,69,Sordland/Turn03/EnT_GasomProposal,Ewald Alphonso,en,「大統領、貴府の政権が市場経済を重視する姿勢は、我々が目指す競争力のある企業像と一致しております。」
0x010000640000A80F,41,70,Sordland/Turn03/EnT_GasomProposal,Ewald Alphonso,en,「我々の会社への政府による投資は、この方針と完全に一致しています。これはソードランドの経済を強化し、エネルギー生産において自給自足を実現するためのものです。」
0x010000640000A816,41,71,Sordland/Turn03/EnT_GasomProposal,Ewald Alphonso,en,「政府による投資があれば、エネルギー市場をさらに自由化し、技術を向上させて世界レベルで競争できます。」
0x010000640000A81D,41,72,Sordland/Turn03/EnT_GasomProposal,Player,en,「リジア王国の投資によって我々のリスクは軽減されるだろう。しかし、外国勢力と統制権を分かち合うことの影響については慎重に検討する必要がある。」
0x010000640000A823,41,73,Sordland/Turn03/EnT_GasomProposal,Player,en,「ガソムがナルベルの開発に投資するという案には大変興味がある。しかし単なる言葉だけでなく、具体的な行動が求められる。」
0x010000640000A829,41,74,Sordland/Turn03/EnT_GasomProposal,Player,en,「我々にはソードランドのエネルギー自立を実現する可能性があると考える。しかし、これが持続可能な解決策であることを確かめなければならない。」
0x010000640000A835,41,75,Sordland/Turn03/EnT_GasomProposal,Ewald Alphonso,en,「ご指摘の点はもっともです。我々は責任ある資源採掘を徹底しており、提案されている投資額の一部を環境緩和策に充てる予定です。」
0x010000640000A83C,41,76,Sordland/Turn03/EnT_GasomProposal,Ewald Alphonso,en,「リジアとの提携は、我々企業にとって確かに新しい試みです、アントン。ですが、彼らには安定したガス供給という強い関心事があるのです。」
0x010000640000A843,41,77,Sordland/Turn03/EnT_GasomProposal,Ewald Alphonso,en,「具体的な内容を求めるのはもっともです。この投資により、より多くの雇用機会を創出し、労働者たちのための良質な住居を提供し、教育プログラムを導入することで、ナルベルの生活環境を向上させることを目指しています。」
0x010000640000A84A,41,78,Sordland/Turn03/EnT_GasomProposal,Ewald Alphonso,en,「持続可能性は我々の戦略において重要な要素です。」
0x010000640000A850,41,79,Sordland/Turn03/EnT_GasomProposal,Ewald Alphonso,en,「我々の合意は事業運営と利益に焦点を当てるもので、政策については触れません。ガソムは引き続きソードランド人の支配下に留まります。」
0x010000640000A856,41,80,Sordland/Turn03/EnT_GasomProposal,Ewald Alphonso,en,「ガソムもソードランドと同様に、ナルベルの発展に力を入れています。」
0x010000640000A85F,41,81,Sordland/Turn03/EnT_GasomProposal,Gus Manger,en,「大統領、まったく同感です。我々は全体像を常に意識しなければならず、その中には環境も含まれます。この件はエヴァルトと彼のチームが責任を持って対処してくれると信じています。」
0x010000640000A865,41,82,Sordland/Turn03/EnT_GasomProposal,Gus Manger,en,「大統領、リジア人たちも我々と同じことを望んでいることは承知しております。エネルギーパートナーが多ければ多いほど我々にとって有益であり、さらにガソムに対する支配権も維持できます。」
0x010000640000A86B,41,83,Sordland/Turn03/EnT_GasomProposal,Gus Manger,en,「ナルベルにもついに好機が訪れる時が来ました。エヴァルト・アルフォンソの計画は私にとっても十分堅実に思えます。雇用の創出や生活環境の改善――それこそが正しい方向への一歩です。」
0x010000640000A877,41,84,Sordland/Turn03/EnT_GasomProposal,Player,en,「我々はリジアと共同で投資を行う。費用やリスクも分かち合うつもりだ。」
0x010000640000A877,41,84,Sordland/Turn03/EnT_GasomProposal,Player,Menu Text en,「リジアと共同で投資を行う。費用やリスクも分かち合うのだ。」 ［政府予算-1］
0x010000640000A87D,41,85,Sordland/Turn03/EnT_GasomProposal,Player,en,「今の段階では投資は行わない。王国や他の海外投資家に出資してもらおう。」
0x010000640000A87D,41,85,Sordland/Turn03/EnT_GasomProposal,Player,Menu Text en,「今の段階では投資は行わない。王国や他の海外投資家に出資してもらおう。」
0x010000640000A883,41,86,Sordland/Turn03/EnT_GasomProposal,Player,en,「我々は単独で投資を行う。資金の大部分はソードランドが負担し、ガス・マンガーがリジアに手を引くよう伝える。」
0x010000640000A883,41,86,Sordland/Turn03/EnT_GasomProposal,Player,Menu Text en,「我々は単独で投資を行う。資金の大部分はソードランドが負担し、ガスはリジアに手を引くよう伝える。」［政府予算-2］
0x010000640000A889,41,87,Sordland/Turn03/EnT_GasomProposal,Narrator,en,しばらくして、彼は再び我々の方を向いた。その視線は揺るぎなく、目には明確な期待が浮かんでいた。決断を下す時が来たのだった。
0x010000640000A8C5,41,91,Sordland/Turn03/EnT_GasomProposal,Gus Manger,en,「祝賀行事に入る前に、今回の会議の中で時間を割いて、大統領であるレイン様がガソム社の労働者への扱いやそれがナルベルに与える影響に関する懸念事項について話し合えるよう手配しました。」
0x010000640000A8CB,41,92,Sordland/Turn03/EnT_GasomProposal,Ewald Alphonso,en,「あなたの決断は、ソードランドのエネルギー自立への強い決意を示しております。我々は必ずやあなたを裏切りません。」
0x010000640000A8D1,41,93,Sordland/Turn03/EnT_GasomProposal,Ewald Alphonso,en,「共同出資ですか？賢明な選択ですね。それによりガソムへの安定した資金供給が確保できます。」
0x010000640000A8D7,41,94,Sordland/Turn03/EnT_GasomProposal,Ewald Alphonso,en,「ご懸念の点は理解しております。引き続きソードランドのエネルギー需要に応えてまいります。」
0x010000640000A8DD,41,95,Sordland/Turn03/EnT_GasomProposal,Gus Manger,en,「大統領、それは大胆な決断ですね。しかし私としては正しい選択だと思います。ガソムの成功がすなわちソードランドの成功につながるでしょう。」
0x010000640000A8E3,41,96,Sordland/Turn03/EnT_GasomProposal,Gus Manger,en,「大統領、あなたの考え方は気に入ります。リジアと費用を分かち合うことでリスクが軽減され、両国の関係も強化されます。実に賢明な措置ですね。」
0x010000640000A8E9,41,97,Sordland/Turn03/EnT_GasomProposal,Gus Manger,en,「大統領、あなたはいつも慎重に物事を進める方ですね。我々もとりあえず現状でやってみて、結果がどう出るか見守るしかないでしょう。」
0x010000640000A8FF,41,98,Sordland/Turn03/EnT_GasomProposal,Player,en,「ガソムの労働者たちの賃金を引き上げる必要がある。彼らこそがあなたの事業の中核となっているのだ。」
0x010000640000A905,41,99,Sordland/Turn03/EnT_GasomProposal,Player,en,「私はガソムに対し、市の復興を支援するために地元の慈善団体へ大きな貢献をしてもらいたいと考えている。」
0x010000640000A90B,41,100,Sordland/Turn03/EnT_GasomProposal,Player,en,「ガソムの労働者たちはより良い住居や医療サービス、教育の機会が必要だ。同地で最も重要な産業である以上、ガソムはその責任を怠ることはできない。」
0x010000640000A911,41,101,Sordland/Turn03/EnT_GasomProposal,Player,en,「今日は多くのことを話し合った。これで会議を終えることができるだろう。」
0x010000640000A921,41,102,Sordland/Turn03/EnT_GasomProposal,Ewald Alphonso,en,「大統領、ナルベルの問題にご配慮いただき感謝します。心配なく、我々は常に地域社会への影響を評価し、改善策を模索しております。」
0x010000640000A927,41,103,Sordland/Turn03/EnT_GasomProposal,Ewald Alphonso,en,「大統領、ご懸念は理解しておりますが、ガソムの最優先の責任は株主たちとソードランドの経済安定にあるのです。」
0x010000640000A92D,41,104,Sordland/Turn03/EnT_GasomProposal,Ewald Alphonso,en,「良いご指摘です。ガソムが我々の労働者や地域社会を支える上で、より大きな役割を果たす可能性があると認識しております。」
0x010000640000A97F,41,123,Sordland/Turn03/EnT_GasomProposal,Gus Manger,en,「今日は本当に長い一日でした。考えなければならないことが山ほどあります。」
0x010000640000A989,41,124,Sordland/Turn03/EnT_GasomProposal,Ewald Alphonso,en,「大統領、我々の労働者の福祉は確かに重要です。引き続き彼らの労働環境と給与について見直してまいります。」
0x010000640000A98F,41,125,Sordland/Turn03/EnT_GasomProposal,Ewald Alphonso,en,「大統領、ご懸念は理解しておりますが、このような措置がもたらす財政的影響も考慮しなければなりません。何かを約束することはできかねます。」
0x010000640000A995,41,126,Sordland/Turn03/EnT_GasomProposal,Ewald Alphonso,en,「私も、労働者のためにさらなる努力をしなければならないと完全に同意します。彼らの福祉はガソムにとって最優先事項です。」
0x010000640000A99E,41,127,Sordland/Turn03/EnT_GasomProposal,Ewald Alphonso,en,「大統領、ガソムが地元の慈善団体を支援する上で果たしうる役割はよく理解しております。」
0x010000640000A9A4,41,128,Sordland/Turn03/EnT_GasomProposal,Ewald Alphonso,en,「大統領、ガソムは既にソードランドの経済に大きな貢献をしております。」
0x010000640000A9B3,41,129,Sordland/Turn03/EnT_GasomProposal,Gus Manger,en,「まあ、これは有望ですね。エヴァルトがこうした取り組みに力を入れてくれるおかげで、我々の懸念もいくらか和らぐでしょう。」
0x010000640000A9BF,41,130,Sordland/Turn03/EnT_GasomProposal,Gus Manger,en,「皆様、ナルベルの状況を改善するという目標は我々全員が共有していることは明らかです。引き続き協力し合って、その実現に努めましょう。」
0x010000640000A9E3,41,131,Sordland/Turn03/EnT_GasomProposal,Gus Manger,en,「我々は皆、地域社会のためにもっと尽力すべきだという点で意見が一致しています。その考えを踏まえて前進しましょう。」
0x010000640000A9E9,41,132,Sordland/Turn03/EnT_GasomProposal,Ewald Alphonso,en,「私は自ら、労働者階級の人々のために私的な住宅や医療、教育面での支援を行う取り組みを直接監督します。」
0x010000640000A9F0,41,133,Sordland/Turn03/EnT_GasomProposal,Ewald Alphonso,en,「私は自らその人々の給与を見直し、直ちに競争力のある報酬を与えられるよう取り組むことを確実にいたします。」
0x010000640000A9F7,41,134,Sordland/Turn03/EnT_GasomProposal,Ewald Alphonso,en,「ナルベルに関するご懸念は私も同感です。ガソムは、環境や地域社会への影響を軽減する持続可能な取り組みの実施に全力を尽くしています。」
0x010000640000AA0A,41,135,Sordland/Turn03/EnT_GasomProposal,Ewald Alphonso,en,「私としては、地域の慈善団体を支援し、我々のコミュニティとの結びつきを深めることに尽力する所存です。」
0x010000640000AA12,41,136,Sordland/Turn03/EnT_GasomProposal,Player,en,「そのお言葉を聞いて安心した。これらの約束を必ず守ってくださるものと信じている。」
0x010000640000AA19,41,137,Sordland/Turn03/EnT_GasomProposal,Player,en,「これらは重要な一歩だ。これらの変更が迅速に実施されるのを楽しみにしている。」
0x010000640000AA20,41,138,Sordland/Turn03/EnT_GasomProposal,Player,en,「同意するよ、ガス。アルフォンソさん、この都市に具体的な改善が見られることを期待している。」
0x010000640000AA26,41,139,Sordland/Turn03/EnT_GasomProposal,Player,en,「ガス、どんな話し合いをしてもナルベルの状況は変わらない。ガソム側から具体的な行動が求められている。」
0x010000640000AA2E,41,140,Sordland/Turn03/EnT_GasomProposal,Gus Manger,en,「エヴァルト、あなたがこれらの取り組みに個人的に力を入れていることは大変意義深いです。これはガソムにとってもナルベルにとっても転機となるかもしれません。」
0x010000640000AA36,41,141,Sordland/Turn03/EnT_GasomProposal,Narrator,en,突然、会議は中断された。部屋の外から聞こえてきていた静かな話し声がだんだん大きくなり、その後すぐに急ぎ足の足音が響いてきた。
0x010000640000AA6A,41,145,Sordland/Turn03/EnT_GasomProposal,Ewald Alphonso,en,「皆様、外で予期せぬ事態が起きているようです。労働組合の抗議者たちが主要な車両出口を封鎖しています。」
0x010000640000AA77,41,146,Sordland/Turn03/EnT_GasomProposal,Ewald Alphonso,en,「ここの社会経済状況を我々は見過ごしていません。我々はこの地域に深く関与しており、自分たちにできることを果たすよう尽力しています。」
0x010000640000AA7E,41,147,Sordland/Turn03/EnT_GasomProposal,Ewald Alphonso,en,「株主の要求と我々の責任を両立させるのは困難な課題です。何も約束することはできません。」
0x010000640000AA87,41,148,Sordland/Turn03/EnT_GasomProposal,Ewald Alphonso,en,「我々も公正な報酬の重要性は理解しております。勤勉な従業員たちをどう最善に支援するかについて、現在話し合いが進められています。今のところはこれだけ申し上げます。」
0x010000640000AA8E,41,149,Sordland/Turn03/EnT_GasomProposal,Ewald Alphonso,en,「我々は確かに経済的な現実をしっかりと認識しなければならない。私は財政的に健全で持続可能な決定を下すよう努めているのだ。」
0x010000640000AA95,41,150,Sordland/Turn03/EnT_GasomProposal,Gus Manger,en,「お二人ともごもっともです。責任を果たすことと経済の安定を図ることの間には細かいバランスが求められます。」
0x010000640000AA9D,41,151,Sordland/Turn03/EnT_GasomProposal,Ewald Alphonso,en,「もっと寄付するというのは興味深い考えですね。我々でも検討してみましょう。」
0x010000640000AAA3,41,152,Sordland/Turn03/EnT_GasomProposal,Ewald Alphonso,en,「我々のソードランド経済への貢献は非常に大きい。引き続きその状態を維持することに力を注がなければならない。」
0x010000640000AAAF,41,153,Sordland/Turn03/EnT_GasomProposal,Player,en,「確かにガス、我々はソードランドの経済安定を危うくしてはならない。しかしナルベルの苦境も見過ごすわけにはいかない。」
0x010000640000AAB5,41,154,Sordland/Turn03/EnT_GasomProposal,Player,en,「確かに微妙な線だ。しかし、それでも我々やガソムがナルベルの民への責任を免れるわけではない。」
0x010000640000AABD,41,155,Sordland/Turn03/EnT_GasomProposal,Player,en,「その通りだ。そして、ガソムが大きな変化を実施する準備ができていることを願っている。」
0x010000640000AAC3,41,156,Sordland/Turn03/EnT_GasomProposal,Player,en,「グス、我々は皆その点で意見が一している。今こそその合意を行動に移す時だ。」
0x010000640000AACB,41,157,Sordland/Turn03/EnT_GasomProposal,Ewald Alphonso,en,「大統領、我々は確実に――」
0x010000640000AAD2,41,158,Sordland/Turn03/EnT_GasomProposal,Ewald Alphonso,en,「大統領、私どもも行動が必要であることは理解しておりますが、それと同時に――」
0x010000640000AADB,41,159,Sordland/Turn03/EnT_GasomProposal,Ewald Alphonso,en,「先にも申し上げましたが、我々は常にどのようにして――」
0x010000640000AAE1,41,160,Sordland/Turn03/EnT_GasomProposal,Ewald Alphonso,en,「大統領、ガソムは自らの責任をしっかりと果たしていることをお約束します——」
0x010000640000AAE7,41,161,Sordland/Turn03/EnT_GasomProposal,Ewald Alphonso,en,「承知いたしました、大統領。ガソムでは被害の軽減と――への貢献に尽力しております。」
0x010000640000AAED,41,162,Sordland/Turn03/EnT_GasomProposal,Ewald Alphonso,en,「私も同感です。そろそろ行動に移す時期だ――」
0x010000640000AAFD,41,163,Sordland/Turn03/EnT_GasomProposal,Gus Manger,en,「我々は皆、同じ目標を共有しています。これから先もその点を忘れてはなりません。」
0x010000640000AB03,41,164,Sordland/Turn03/EnT_GasomProposal,Player,en,「それを聞いて安堵した。この国の勤勉な人々に与えられる最低限のものとして、公正な賃金を支払うべきだ。」
0x010000640000AB09,41,165,Sordland/Turn03/EnT_GasomProposal,Player,en,「約束は出発点に過ぎない、エヴァルト。しかし民衆に必要なのは言葉ではなく行動だ。具体的な変化が実現するのを楽しみにしている。」
0x010000640000AB0F,41,166,Sordland/Turn03/EnT_GasomProposal,Gus Manger,en,「エヴァルト、あなたがこれらの取り組みに個人的に力を入れていることは大変意義深いです。これはガソムにとってもナルベルにとっても転機となるかもしれません。」
0x010000640000AB19,41,167,Sordland/Turn03/EnT_GasomProposal,Gus Manger,en,「依然として有望ですね。エヴァルト・アルフォンソがこれらの取り組みに力を入れてくれるおかげで、我々の懸念もある程度和らぐはずです。」
0x010000640000AB1F,41,168,Sordland/Turn03/EnT_GasomProposal,Player,en,「被害を減らすだけでは不十分だ。我々の目標は、単に状況を悪化させないだけでなく、より良いアンラカンを築くことでなければならない。」
0x010000640000AB25,41,169,Sordland/Turn03/EnT_GasomProposal,Player,en,「慈善寄付は称賛に値する。しかし、その影響を緩和するだけでなく、害の根源にも対処しなければならない。」
0x010000640000AB2B,41,170,Sordland/Turn03/EnT_GasomProposal,Gus Manger,en,「私も全く同感です。そろそろナルベルに対する責任を真剣に果たす時が来ています。」
0x010000640000AB35,41,171,Sordland/Turn03/EnT_GasomProposal,Ewald Alphonso,en,「もちろん、我々は事業の安定を確保することに全力を尽くしております――」
0x010000640000AB60,41,178,Sordland/Turn03/EnT_GasomProposal,Narrator,en,彼はアルフォンソのもとに近づき、耳元で何かをささやくために身を乗り出した。エヴァルトは厳粛な面持ちで頷き、真剣な眼差しで私の視線と合わせた。
0x010000640000AB6A,41,179,Sordland/Turn03/EnT_GasomProposal,Gus Manger,en,「それは困った状況ですね。エヴァルト、我々はどうすればよいのでしょうか？」
0x010000640000AB7F,41,180,Sordland/Turn03/EnT_GasomProposal,Ewald Alphonso,en,「ヘリコプターを用意してあります。目撃されることなく出発でき、混乱や危険も避けられます。」
0x010000640000AB86,41,181,Sordland/Turn03/EnT_GasomProposal,Serge Wolkner,en,「大統領、私は大統領警護隊や警察の治安部門とこの状況について話し合いました。彼らからは、来た道を戻って行かないようにと助言を受けています。」
0x010000640000AB8D,41,182,Sordland/Turn03/EnT_GasomProposal,Narrator,en,セルジュ・ヴォルクナーが急いで中に入ってきた。
0x010000640000B0EB,41,183,Sordland/Turn03/EnT_GasomProposal,Narrator,en,エヴァルトは私を見た。
0x010000640000B57E,41,184,Sordland/Turn03/EnT_GasomProposal,Serge Wolkner,en,「大統領、何らかの決断を下していただかなければなりません。」
0x010000650000118C,41,185,Sordland/Turn03/EnT_GasomProposal,Narrator,en,我々の車列がオルノベル地区を通過していく間、その地域がひどく荒廃している様子に気づいた。
0x0100006500001194,41,186,Sordland/Turn03/EnT_GasomProposal,Narrator,en,セルジュは巧みに車を停め、我々の旅路に滑らかで優雅な終わりをもたらした。我々が車から降りると、ガス・マンガーが温かく迎えてくれた。
0x010000650000145A,41,188,Sordland/Turn03/EnT_GasomProposal,Player,en,「残念だね。私は依然として、何らかの形で我々が協力する可能性があると考えている。」
0x0100006500001460,41,189,Sordland/Turn03/EnT_GasomProposal,Player,en,「アルフォンソ先生、承知した。我々一人ひとりが自らの信念を守り続けることは重要だ。」
0x0100006500001466,41,190,Sordland/Turn03/EnT_GasomProposal,Player,en,「おそらくそれが最善なのだろう、アルフォンソさん。あなたのビジネスのやり方は、私のソードランドに対するビジョンとは合致しない。」
0x0100006500001481,41,191,Sordland/Turn03/EnT_GasomProposal,Ewald Alphonso,en,「我々一人ひとりにはソードランドのために果たすべき役割があります。それぞれが自分なりに正しいと思うことを行いましょう。」
0x0100006500001488,41,192,Sordland/Turn03/EnT_GasomProposal,Ewald Alphonso,en,「大統領、ご楽観的なお考えに感謝いたします。今回の取引はうまくいかなかったかもしれませんが、我々双方の利益とソードランドの発展に寄与しうる将来的な協力については、依然として前向きに検討しております。」
0x010000650000148F,41,193,Sordland/Turn03/EnT_GasomProposal,Ewald Alphonso,en,「確かに、大統領。我々を導くのはやはり我々の理念です。」
0x010000650000149C,41,197,Sordland/Turn03/EnT_GasomProposal,Ewald Alphonso,en,「さらなる好意の表れとして、アルフォンソ財団へ個人的に寄付をご検討いただけませんでしょうか。これは私が心から大切に思っている事業で、ソードランドのホームレスたちのための住居提供を目的としています。」
0x01000065000014A3,41,198,Sordland/Turn03/EnT_GasomProposal,Player,en,「皆様、慎重に検討した結果、私はこの取引から手を引くことに決めた。」
0x01000065000014A3,41,198,Sordland/Turn03/EnT_GasomProposal,Player,Menu Text en,「紳士の皆様、慎重に検討した結果、この取引から手を引くことに決めた。」 ［取引しない道］
0x01000065000014A9,41,199,Sordland/Turn03/EnT_GasomProposal,Player,en,「わかった、この取引を進めよう。EPAの規制はそのまま維持され、私も個人的にアンラカンのホームレス救済活動へ寄付を行う。」
0x01000065000014A9,41,199,Sordland/Turn03/EnT_GasomProposal,Player,Menu Text en,「よし、取引を進めよう。EPAの規制はそのまま維持され、私も個人的にホームレス救済のための活動に寄付を行う。」［取引する道、個人資産-1］
0x01000065000014BD,41,201,Sordland/Turn03/EnT_GasomProposal,Ewald Alphonso,en,「もし彼らが我々を同じ方向に導かないのであれば、ここで別れるのが最善でしょう。ソードランドのために尽力される皆様に幸運を祈ります。」
0x01000065000014C4,41,202,Sordland/Turn03/EnT_GasomProposal,Gus Manger,en,「少々お待ちください、皆様。」
0x01000065000014CA,41,203,Sordland/Turn03/EnT_GasomProposal,Gus Manger,en,「大統領、その通りです。協力の可能性は常に存在します。まだ門を閉ざしてはいけません。」
0x01000065000014D0,41,204,Sordland/Turn03/EnT_GasomProposal,Gus Manger,en,「待ってください。皆さん、たった一つの意見の相違で我々の関係を決めつけてはいけません。ここにはもっと大きな全体像があるのです。」
0x01000065000014D9,41,205,Sordland/Turn03/EnT_GasomProposal,Gus Manger,en,「現在、状況が緊迫していることは承知しております。しかし、我々なら皆に利益をもたらす解決策を見出せると信じています。」
0x01000065000014E2,41,206,Sordland/Turn03/EnT_GasomProposal,Gus Manger,en,「しかし、それを実現するためには知る必要があります。大統領、私の判断をお信頼いただけますか？」
0x01000065000014E9,41,207,Sordland/Turn03/EnT_GasomProposal,Player,en,「ガス、あなたのことは尊敬しているが、この件に関してはあなたの判断を頼ることはできない。どうやらあなたには根本的な偏見があるようだ。」
0x01000065000014E9,41,207,Sordland/Turn03/EnT_GasomProposal,Player,Menu Text en,「ガス、あなたを尊敬しているが、この件におけるあなたの判断は信頼できない。どうやら根本的な偏見があるようだ。」 ［取引を断る］
0x01000065000014EF,41,208,Sordland/Turn03/EnT_GasomProposal,Player,en,「私はあなたの助言を信頼している。あなたは信頼できる同盟者であることを証明してくれたし、我々なら前進する道を見出せると思う。」
0x01000065000014F7,41,209,Sordland/Turn03/EnT_GasomProposal,Player,en,「あなたの判断は時として疑問視されてきた。だが、私はあなたの話を聞く用意がある。」
0x01000065000014FE,41,210,Sordland/Turn03/EnT_GasomProposal,Gus Manger,en,「ありがとうございます、大統領。私は折衷案を提案いたします。」
0x0100006500001504,41,211,Sordland/Turn03/EnT_GasomProposal,Gus Manger,en,「もしエネルギー保護法の現行規制を強化しないと約束してくだされば、我々は方針を再考し、この取引を継続して検討することができます。」
0x010000650000150B,41,212,Sordland/Turn03/EnT_GasomProposal,Ewald Alphonso,en,「大統領、私はあなたに、ソードランドの国民と我々の共通の未来へのご尽力を証明する機会を与えます。」
0x0100006500001511,41,213,Sordland/Turn03/EnT_GasomProposal,Ewald Alphonso,en,「我々の提案を慎重に検討していただきたい。これが実り多いパートナーシップの始まりになるか、あるいは将来の同盟の終わりになるかもしれません。」
0x010000650000151B,41,214,Sordland/Turn03/EnT_GasomProposal,Gus Manger,en,「大統領、ごもっともです。私は全力を尽くしました。」
0x0100006500001522,41,215,Sordland/Turn03/EnT_GasomProposal,Ewald Alphonso,en,「我々二人とも努力しましたね。それでも、この議論には感謝しています、大統領。」
0x010000650000152A,41,216,Sordland/Turn03/EnT_GasomProposal,Ewald Alphonso,en,「さて、大統領。ガソムとソードランドは歴史を作るのでしょうか？」
0x0100006500001531,41,217,Sordland/Turn03/EnT_GasomProposal,Ewald Alphonso,en,「大統領、強固なパートナーシップの基盤はまさにここにあります。そろそろこの取引を成立させることに力を入れる時です。」
0x010000650000153B,41,218,Sordland/Turn03/EnT_GasomProposal,Player,en,「ご説明は非常に説得力があった。ではすぐにこの契約を進めよう。EPAの規制がこれ以上厳しくなることはないとお約束できる。」
0x010000650000153B,41,218,Sordland/Turn03/EnT_GasomProposal,Player,Menu Text en,「説得力のある主張をしてくれた。では、この取引をすぐに進めよう。EPAの規制がこれ以上厳しくなることはないと保証する。」［取引する道］
0x010000650000154F,41,220,Sordland/Turn03/EnT_GasomProposal,Gus Manger,en,「大統領、ご賛同いただき光栄です。」
0x0100006500001564,41,224,Sordland/Turn03/EnT_GasomProposal,Ewald Alphonso,en,「もしソードランド政府が投資を行うことになれば、少数株主であってもより広範な企業決定において発言権を得ることができるでしょう。」
0x010000650000156A,41,225,Sordland/Turn03/EnT_GasomProposal,Ewald Alphonso,en,「政府は将来的にその持分を売却するか、引き続き長期的な利益を得ることができます。」
0x0100006500001570,41,226,Sordland/Turn03/EnT_GasomProposal,Gus Manger,en,「すべての関係者にとって有益な取り決めです。」
0x010000650000157C,41,227,Sordland/Turn03/EnT_GasomProposal,Ewald Alphonso,en,「素晴らしいです、大統領！ホームレス救済へのご支援は実に称賛に値します。我々一同でガソムの明るい未来を確実なものにしてまいります。」
0x0100006500001583,41,228,Sordland/Turn03/EnT_GasomProposal,Ewald Alphonso,en,「大統領、EPAに関するご決意をいただき、大変感謝しております。この提携によって皆様に多大な利益がもたらされることでしょう。」
0x0100006500001598,41,229,Sordland/Turn03/EnT_GasomProposal,Gus Manger,en,「大統領、もし政府をこの事業に巻き込むことができれば、双方にとって利益のある結果になるでしょう。」
0x010000650000159F,41,230,Sordland/Turn03/EnT_GasomProposal,Gus Manger,en,「ガソムは継続して操業し成長を続けるだけでなく、国のエネルギー安全保障と経済力も強化します。我々に必要なのはわずかなリスク許容度だけです。」
0x01000065000015A6,41,231,Sordland/Turn03/EnT_GasomProposal,Ewald Alphonso,en,「大統領、ソードランドで最も価値の高いエネルギー企業の存続と発展を確実にするために伴うリスクを負う準備はできておりますか？」
0x01000065000015AD,41,232,Sordland/Turn03/EnT_GasomProposal,Ewald Alphonso,en,「大統領、政府をより強固なものにする準備はできていますか？」
0x01000065000015B4,41,233,Sordland/Turn03/EnT_GasomProposal,Player,en,「政府の危機を招かずにガソムの発展を確実にする方法があるとは思わないか？」
0x01000065000015BA,41,234,Sordland/Turn03/EnT_GasomProposal,Player,en,「アルフォンソ大統領、これが長期的に利益をもたらすという保証をどのような形でお約束いただけるか？」
0x01000065000015C0,41,235,Sordland/Turn03/EnT_GasomProposal,Player,en,「私は計算されたリスクを取ることに全面的に賛成だ。しかし、得られる利益が潜在的な損失を上回るかどうかを必ず確認しなければならない。」
0x01000065000015C9,41,236,Sordland/Turn03/EnT_GasomProposal,Player,en,「アルフォンソさん、単一企業の発展のためにソードランドの国庫を危険にさらすべきだと言いたいのか？」
0x01000065000015D0,41,237,Sordland/Turn03/EnT_GasomProposal,Ewald Alphonso,en,「大統領、決してそのようなことはございません。ガソムの発展を支援することで、ソードランドの全体的な経済安定に大きく貢献できると私は考えております。」
0x01000065000015D7,41,238,Sordland/Turn03/EnT_GasomProposal,Ewald Alphonso,en,「もちろんです、大統領。ガソムとソードランドの双方に利益をもたらすと確信できない戦略は提案しません。」
0x01000065000015DE,41,239,Sordland/Turn03/EnT_GasomProposal,Ewald Alphonso,en,「ガスさん、その質問にお答えいただけますか？」
0x01000065000015E5,41,240,Sordland/Turn03/EnT_GasomProposal,Ewald Alphonso,en,「大統領、商売というものには確実な保証などありません。しかしガソムとしては、この取引がソードランドに利益をもたらすよう全力を尽くすことをお約束いたします。」
0x01000065000015EC,41,241,Sordland/Turn03/EnT_GasomProposal,Gus Manger,en,「エヴァルトの言う通りです。我々は経済を危険にさらすことなど考えていません。ここで話し合っているのは、ソードランドに大きな利益をもたらしうる投資についてです。」
0x01000065000015F2,41,242,Sordland/Turn03/EnT_GasomProposal,Gus Manger,en,「数十年にわたりエネルギー業界で働いてきた者として言えば、この取引は非常に堅固なものです。」
0x01000065000015F8,41,243,Sordland/Turn03/EnT_GasomProposal,Gus Manger,en,「もちろんです。リジアと協力し合うことで、政府への潜在的なリスクを最小限に抑えつつ、ガソムの発展を促進する共通の投資案を見出せると考えています。」
0x01000065000015FE,41,244,Sordland/Turn03/EnT_GasomProposal,Gus Manger,en,「私としては保証をすることはできません。しかし、アルフォンソ大統領を信頼しており、この取引がソードランドにとって有益になると確信しています。時には信念をもって飛び込む覚悟が必要なのです。」
0x0100006500001618,41,247,Sordland/Turn03/EnT_GasomProposal,Ewald Alphonso,en,「大統領、ソードランドの未来はリスクを避けることにあるのではなく、それらを受け入れることにあるのかもしれないという考えをお考えになったことはありますか？」
0x0100006500001622,41,248,Sordland/Turn03/EnT_GasomProposal,Player,en,「ご指摘の点は理解している。しかし、不確実性に賭けるにはリスクが高すぎる。」
0x0100006500001628,41,249,Sordland/Turn03/EnT_GasomProposal,Player,en,「私はそう考えている。不確実性を受け入れることも指導者の務めだと信じている。ソードランドの将来のために、我々は断固とした決断を下さなければならない。」
0x010000650000162F,41,250,Sordland/Turn03/EnT_GasomProposal,Ewald Alphonso,en,「我々の最大の可能性は、既知のものの安全さにあるのではなく、これから発見されるかもしれない不確実なものの中にあるのかもしれませんね？」
0x0100006500001640,41,251,Sordland/Turn03/EnT_GasomProposal,Player,en,「エネルギー市場の自由化は富裕なエリート層の利益にしかつながらない。我々が必要とするのは、エネルギー分野を全面的に国有化し、それが利益ではなく国民のために機能するようにすることだ。」
0x0100006500001648,41,252,Sordland/Turn03/EnT_GasomProposal,Ewald Alphonso,en,「大統領、あなたの見解は尊重しますが、私は自由市場の力と適切な規制を組み合わせることで進歩と公平性の両方を実現できると固く信じております。これは『我々対彼ら』といった構図ではありません。」
0x0100006500001656,41,253,Sordland/Turn03/EnT_GasomProposal,Gus Manger,en,「我々は経済的現実や世界的な競争力も考慮しなければなりません。公有と市場の力とのバランスこそが鍵となるでしょう。」
0x010000650000165D,41,254,Sordland/Turn03/EnT_GasomProposal,Player,en,「繁栄し発展する市場経済こそが、豊かさと革新の原動力だ。私は、こうした原則のもとでガソムが競争し成功を収める潜在力を信じている。」
0x0100006500001664,41,255,Sordland/Turn03/EnT_GasomProposal,Ewald Alphonso,en,「この点について我々の考えが一致して嬉しいです。あなたのご支援があれば、ガソムが繁栄する未来を切り開けると確信しております。」
0x010000650000166B,41,256,Sordland/Turn03/EnT_GasomProposal,Gus Manger,en,「大統領、ご発言には安心感を覚えます。自由市場の力を活用してガソムを発展させ、それによってソードランド全体の経済も向上させましょう。」
0x0100006500001673,41,257,Sordland/Turn03/EnT_GasomProposal,Gus Manger,en,「大統領、承知いたしました。」
0x0100006500001679,41,258,Sordland/Turn03/EnT_GasomProposal,Ewald Alphonso,en,「残念ながら意見の相違を解消することはできませんでした。それでも我々は大統領のご立場を尊重し、貴重な時間をいただいたことに感謝しております。」
0x0100006500001683,41,259,Sordland/Turn03/EnT_GasomProposal,Ewald Alphonso,en,「一緒に歴史を刻む準備はできていますか？意見の相違は脇に置き、我が国のエネルギー独立のために力を合わせましょう。」
0x010000650000168D,41,260,Sordland/Turn03/EnT_GasomProposal,Ewald Alphonso,en,「カタリナ・ホルテンとデニス・シュターラーがその集団を率いているようです。問題を起こさずに来た道を戻って出るのは困難でしょう。」
0x0100006500001695,41,261,Sordland/Turn03/EnT_GasomProposal,Player,en,「ヘリコプターの方がより安全な選択肢かもしれない。」
0x010000650000169B,41,262,Sordland/Turn03/EnT_GasomProposal,Player,en,「我々は群衆と正面から向き合うべきだと思う。」
0x01000065000016A1,41,263,Sordland/Turn03/EnT_GasomProposal,Player,en,「他に出口はないのだろうか？」
0x01000065000016AA,41,264,Sordland/Turn03/EnT_GasomProposal,Gus Manger,en,「大統領、万が一に備えてヘリコプターで離れることをお勧めします。私はこちらに残り、今日の議論内容を民衆に伝えます。」
0x01000065000016B1,41,265,Sordland/Turn03/EnT_GasomProposal,Ewald Alphonso,en,「私が準備を命じます。ラハベンにある青の宮殿まで飛行で行くことができます。」
0x01000065000016B8,41,266,Sordland/Turn03/EnT_GasomProposal,Ewald Alphonso,en,「それは大統領閣下のご判断次第です。最近の暴力的な事件を受けて、どうか群衆と直接対峙されないよう強くお勧めいたします。」
0x01000065000016BF,41,267,Sordland/Turn03/EnT_GasomProposal,Ewald Alphonso,en,「私を信じてください。私はこの場所をよく知っています。他に出口があるとすれば、危険な丘陵地帯か下水道を通るしかありません。」
0x01000065000016C9,41,268,Sordland/Turn03/EnT_GasomProposal,Serge Wolkner,en,「さらに多くの警察官が向かっています。」
0x0100006500001770,41,270,Sordland/Turn03/EnT_GasomProposal,Narrator,en,皆が待っていた。部屋の緊張した静けさは、外で次第に増え続ける群衆の騒音とは対照的だった。
0x010000520001BAAC,41,272,Sordland/Turn03/EnT_GasomProposal,Gus Manger,en,「すごいですね！あなた方なら必ずうまくやっていけると思っていました。」
0x010000520001BAB3,41,273,Sordland/Turn03/EnT_GasomProposal,Gus Manger,en,「終わる前にエヴァルト、今回の会議の中で時間を割いて、大統領であるレインがガソムの労働者への扱いやそれがナルベルに与える影響について話し合えるようにしておきました。」
0x010000520001BAB9,41,274,Sordland/Turn03/EnT_GasomProposal,Narrator,en,アルフォンソはうなずき、私を見た。
0x010000520001BAC0,41,275,Sordland/Turn03/EnT_GasomProposal,Ewald Alphonso,en,「大統領、何かご提案がございますでしょうか？」
0x0100008E000021D0,41,321,Sordland/Turn03/EnT_GasomProposal,Ewald Alphonso,en,「今日はお越しいただき感謝します。意見の相違があるにもかかわらず、私と会うご意向を頂き、心より感謝いたします。」
0x0100008E000021D7,41,322,Sordland/Turn03/EnT_GasomProposal,Ewald Alphonso,en,「私のこれまでの道のりにおいて、常に私と同じ理想を持つ人々と協力することを信条としてきました。適切な同盟者がいれば、我々の可能性はさらに高まるのです。」
0x0100008E0000230F,41,323,Sordland/Turn03/EnT_GasomProposal,Gus Manger,en,「私はリジアの人脈を活用して、この取引を最終的に成立させます。」
0x0100008E00002315,41,324,Sordland/Turn03/EnT_GasomProposal,Ewald Alphonso,en,「黄金王国にいる我々の同盟国が、ソードランドでは対処できない場面で介入してくれるでしょう。」
0x0100006500006824,41,327,Sordland/Turn03/EnT_GasomProposal,Player,en,「私はアルフォンソ、あなたの承認を得るためにここにいるわけではない。私の最優先事項はガスムと、それ以上に労働者たちだ。」
0x010000650000682B,41,328,Sordland/Turn03/EnT_GasomProposal,Ewald Alphonso,en,「それは、事が思い通りに進まない時のソル氏の発言と驚くほどよく似ていますね。」
0x0100006500006832,41,329,Sordland/Turn03/EnT_GasomProposal,Gus Manger,en,「激しくならないようにしましょう。」
0x010000650000683A,41,330,Sordland/Turn03/EnT_GasomProposal,Player,en,「我々は現時点でソードランドにとって最も良いことを基準に決断を下さなければならない。」
0x0100006500006841,41,331,Sordland/Turn03/EnT_GasomProposal,Player,en,「国を運営することは、アルフォンソ、自分の会社を経営するのとは違う。そんなことは何よりもあなたが一番よく理解しているはずだ。」
0x0100006500006850,41,333,Sordland/Turn03/EnT_GasomProposal,Gus Manger,en,「労働組合とソードランド共産党は、ガソムで職の安定を危惧する多くの労働者たちの不安を利用し、大きな支持を集めています。」
0x010000650000685E,41,334,Sordland/Turn03/EnT_GasomProposal,Gus Manger,en,「このような国家の介入により、不安を抱える労働者たちも職の安定について心配することはなくなるでしょう。」
0x0100006500006866,41,335,Sordland/Turn03/EnT_GasomProposal,Gus Manger,en,「労働組合はソードランド共産党と共に、ナルベルのガソムで働く労働者たちから大きな支持を集め、現地の状況改善を求めています。」
0x010000650000686D,41,336,Sordland/Turn03/EnT_GasomProposal,Player,en,「これらの問題には対処しなければならない。それらが政権の安定を危うくする可能性がある。」
0x0100006500006873,41,337,Sordland/Turn03/EnT_GasomProposal,Player,en,「我々の義務は耳を傾け、適切な措置を講じることだ。それが国民から与えられた我々の使命だ。」
0x0100006500006879,41,338,Sordland/Turn03/EnT_GasomProposal,Player,en,「ガソムは世界的なエネルギー強国だ。彼らも何らかの形で還元するのが当然だろう。」
0x0100006500006884,41,339,Sordland/Turn03/EnT_GasomProposal,Ewald Alphonso,en,「我々が力を合わせれば、双方にとって有益な解決策を見出せるかもしれません。」
0x010000650000688A,41,340,Sordland/Turn03/EnT_GasomProposal,Ewald Alphonso,en,「かしこまりました、大統領。」
0x0100006500006891,41,341,Sordland/Turn03/EnT_GasomProposal,Player,en,「もう十分な時間を無駄にした。そろそろ出発する。」
0x0100006500006898,41,342,Sordland/Turn03/EnT_GasomProposal,Ewald Alphonso,en,「大統領、そのようにお感じになるのは残念でございます。」
0x01000065000068A0,41,343,Sordland/Turn03/EnT_GasomProposal,Ewald Alphonso,en,「たとえ時に人々が、自分たちの最善の利益とは何かを必ずしも見極められない場合でもです。」
0x01000065000068A7,41,344,Sordland/Turn03/EnT_GasomProposal,Ewald Alphonso,en,「もう少し検討してみましょう。」
0x01000065000068B2,41,345,Sordland/Turn03/EnT_GasomProposal,Narrator,en,我々の私設警備チームのメンバーが緊急を示す厳しい表情で部屋に入ってきた。
0x010000C60000085D,41,346,Sordland/Turn03/EnT_GasomProposal,Player,en,「皆さん、聞いてくれ。私の時間は貴重なので、早速本題に入ろう。」
0x010000C600000864,41,347,Sordland/Turn03/EnT_GasomProposal,Ewald Alphonso,en,「率直すぎる。これが新しいやり方なのでしょうね。」
0x010000C60000086C,41,348,Sordland/Turn03/EnT_GasomProposal,Player,en,「忘れてはならない。国家はあなた方全員よりも上位に存在する。今日や来週に何が起ころうとしても、未来だけは決して確かなものではない。」
0x010000C600000873,41,349,Sordland/Turn03/EnT_GasomProposal,Ewald Alphonso,en,「私は生涯を通じてソードランドに仕えてきました。私に投票したのも、あなたに投票したのも同じ国民たちです。」
0x010000C60000087A,41,350,Sordland/Turn03/EnT_GasomProposal,Gus Manger,en,「こちらの者たちは皆、公務員です。」
0x010000C600000881,41,351,Sordland/Turn03/EnT_GasomProposal,Ewald Alphonso,en,「グス、もうすぐルッセロ『ラスティ』モントーロさんに連絡を取る時期だと思います。」
0x010000C600000888,41,352,Sordland/Turn03/EnT_GasomProposal,Gus Manger,en,「ご多忙の中、わざわざお越しいただき、貴重なお時間を割いていただきありがとうございます。」
0x010000640000ABB2,42,9,Sordland/Turn03/Gus Intro Talk,Player,en,「私の取引が利益をもたらすことは、まだ証明しなければならない。アルマディンへの我々の投資も必ず成果を上げるべきだ。」
0x010000640000ABB8,42,10,Sordland/Turn03/Gus Intro Talk,Gus Manger,en,「大統領、私は決して未来を見通せるなどと主張しません。単に良い機会を見つけてそれを掴むだけです。」
0x010000640000ABBE,42,11,Sordland/Turn03/Gus Intro Talk,Player,en,「高速道路建設契約の授与時には活発な議論が交わされた。あなた方からの新たな提案も喜んで聞く。」
0x010000640000ABC4,42,12,Sordland/Turn03/Gus Intro Talk,Gus Manger,en,「私もそれらを提示する用意があります。たとえあなたがL-1よりH-3を選んだという残念な判断を下したとしてもです。」
0x010000640000ABE6,42,27,Sordland/Turn03/Gus Intro Talk,Gus Manger,en,「こちらへお越しください。エヴァルトと私に、ご報告したい興味深いニュースがあります。」
0x010000640000ABF2,42,28,Sordland/Turn03/Gus Intro Talk,Gus Manger,en,「あの組織の汚職の深刻さは計り知れません。ロザーバーグ・グループでさえ聖人のように見えるほどです。」
0x010000640000ABF8,42,29,Sordland/Turn03/Gus Intro Talk,Gus Manger,en,「ところで、あんな巨大なプロジェクトをタウルスに任せるのは危険だと、私は依然として思っています。」
0x010000640000ABFE,42,30,Sordland/Turn03/Gus Intro Talk,Gus Manger,en,「ところで、アンダーホール建設と契約してくださって嬉しいです。きっと失望などさせません。」
0x010000640000AC04,42,31,Sordland/Turn03/Gus Intro Talk,Player,en,「政府はSSCの運営を厳格に管理している。民間企業ではこのような統制は不可能だ。」
0x010000640000AC0A,42,32,Sordland/Turn03/Gus Intro Talk,Player,en,「任期の初めの段階であるこの時期には、安全な選択をするしかない、マンガーさん。」
0x010000640000AC10,42,33,Sordland/Turn03/Gus Intro Talk,Player,en,「そろそろ、新しくて有能な人材にチャンスを与える時だと思う。」
0x010000640000AC16,42,34,Sordland/Turn03/Gus Intro Talk,Player,en,「現状というものは破られるべきものだ。私の在任中に変革をもたらす者でありたいと思う。」
0x010000640000AC1C,42,35,Sordland/Turn03/Gus Intro Talk,Player,en,「それが最もリスクの少ない方法のように思えた。我々には確実な選択肢が必要だ。」
0x010000640000AC22,42,36,Sordland/Turn03/Gus Intro Talk,Player,en,「労働者たちを何らかの形で保護する必要がある。その問題を見過ごすわけにはいかない。」
0x010000640000AC28,42,37,Sordland/Turn03/Gus Intro Talk,Gus Manger,en,「我々がコントロールしているように見えても、あの組織は遅くて柔軟性に欠けます。」
0x010000640000AC2E,42,38,Sordland/Turn03/Gus Intro Talk,Gus Manger,en,「SSCと契約したことは、正直少し苛立っています。彼らは長い間、ソードランドの人々から利益を奪い続けてきたのです。」
0x010000640000AC34,42,39,Sordland/Turn03/Gus Intro Talk,Gus Manger,en,「彼らは走る前にまず歩かなければなりません。そしてこれは、実のところフレンス・リクターをある程度好きな者として言っているのです。」
0x010000640000AC3A,42,40,Sordland/Turn03/Gus Intro Talk,Gus Manger,en,「大統領、それは慎重に計算されたリスクです。タウルスという選択は適切ではありません。ですが、私の意見は気になさらないでください。」
0x010000640000AC40,42,41,Sordland/Turn03/Gus Intro Talk,Gus Manger,en,「正直言って、選択肢が三つしかなかったのは残念ですね。」
0x010000640000AC4C,42,42,Sordland/Turn03/Gus Intro Talk,Player,en,「SSCは我が国の宝の一つであり、1930年代にソードランドの大部分を再建したのだ。」
0x010000640000AC52,42,43,Sordland/Turn03/Gus Intro Talk,Gus Manger,en,「理解できます。しかし、ここに留まり続けるためにはいつかこの悪循環を断ち切らなければなりません。」
0x010000640000AC58,42,44,Sordland/Turn03/Gus Intro Talk,Gus Manger,en,「はい、復興時代におけるSSCが我々国民のために成し遂げた偉大な功績は誰も否定できません。しかし、あの日々はとっくに過ぎ去ったのです。」
0x010000640000AC5E,42,45,Sordland/Turn03/Gus Intro Talk,Narrator,en,彼はドアを押し開けた。我々二人は、先ほど来た方向のように思える別の廊下を歩いていった。
0x010000640000AC64,42,46,Sordland/Turn03/Gus Intro Talk,Gus Manger,en,「迷路のようですね。これがキナル人の建築様式なのです。」
0x010000640000AC6A,42,47,Sordland/Turn03/Gus Intro Talk,Gus Manger,en,「SSCの管理者と移住前時代の化石との唯一の違いは、その化石に実際に価値があるかもしれないという点だけです。」
0x010000640000AC7C,42,48,Sordland/Turn03/Gus Intro Talk,Narrator,en,外で機械の操作や輸送、保守作業に従事する藍色労働者たちとはまったく対照的だった。
0x010000640000AC82,42,49,Sordland/Turn03/Gus Intro Talk,Narrator,en,ドアが開いた。
0x010000640000AC8E,42,50,Sordland/Turn03/Gus Intro Talk,Gus Manger,en,「正直に申し上げますと、大統領、彼があなた様とこの件について話し合おうと望んでいるかさえ疑問でした。」
0x010000640000AC94,42,51,Sordland/Turn03/Gus Intro Talk,Gus Manger,en,「ガソムに対しては慎重に接する必要があります。これほど巨大な企業というのはまるでカードの家のようなものですから。」
0x010000640000AC9A,42,52,Sordland/Turn03/Gus Intro Talk,Player,en,「彼は本当にガソムのことを気にかけているのだろう。」
0x010000640000ACA0,42,53,Sordland/Turn03/Gus Intro Talk,Player,en,「ナルベルの一般労働者階級の人々が、本当にそんなことを気にするものだろうか？」
0x010000640000ACA6,42,54,Sordland/Turn03/Gus Intro Talk,Player,en,「プロジェクトが完了するまでは何も分からない。その前に悲観する理由はないのだ。」
0x010000640000ACAC,42,55,Sordland/Turn03/Gus Intro Talk,Gus Manger,en,「私もそれを尊重しています。私の人生の大半は、グルニでの現状を変えることに費やされてきました。」
0x010000640000ACB2,42,56,Sordland/Turn03/Gus Intro Talk,Gus Manger,en,「時が経てば分かるでしょう。私も必ず成功することを願っています、信じてください。」
0x010000640000ACB8,42,57,Sordland/Turn03/Gus Intro Talk,Player,en,「依然として疑念は残っているが、とりあえずご説明を信じる。」
0x010000640000ACBE,42,58,Sordland/Turn03/Gus Intro Talk,Gus Manger,en,「私はただ、ソードランドの人々のために最善を願う一介の公務員に過ぎません。」
0x010000640000ACC4,42,59,Sordland/Turn03/Gus Intro Talk,Gus Manger,en,「しかし、リスクを負うにも適切な時と場所がある。証券取引所ならいいが、国家のインフラはダメだ。」
0x010000640000ACD5,42,63,Sordland/Turn03/Gus Intro Talk,Gus Manger,en,「確かに私には偏見があります。ですが、ガソムは実に卓越していると思います。」
0x010000640000ACDB,42,64,Sordland/Turn03/Gus Intro Talk,Player,en,「我々は過去に密接に協力し合い、良好な関係を築いてきた。今後も何ができるか積極的に検討したいと思う。」
0x010000640000ACE1,42,65,Sordland/Turn03/Gus Intro Talk,Gus Manger,en,「私の考えでは、彼は今頃すべての力をガソムに注いでおり、彼の評判もすでにこの企業と結びついてしまっています。」
0x010000640000ACE7,42,66,Sordland/Turn03/Gus Intro Talk,Player,en,「過去のことで我々の未来を決めるべきではない。うまく話し合いによって良い結果が得られるのであればなおさらだ。」
0x010000640000ACED,42,67,Sordland/Turn03/Gus Intro Talk,Player,en,「その気持ちは私も同じだ。グス、我々二人ともあなたのおかげでここにいるのだ。」
0x010000640000ACF3,42,68,Sordland/Turn03/Gus Intro Talk,Gus Manger,en,「それはソードランドで最も重要な民間企業の一つです。会長兼元CEOとしてのエヴァルトの評判は、まさにその会社にかかっているのです。」
0x010000640000ACF9,42,69,Sordland/Turn03/Gus Intro Talk,Gus Manger,en,「はい、ソードランドも得られるあらゆる取引が必要です。間もなく会計年度の予算が決定されますが、支出だけでは経済を回復させることはできません。」
0x010000640000ACFF,42,70,Sordland/Turn03/Gus Intro Talk,Gus Manger,en,「私は最善を尽くしています。数年前、ポルテ・ドラゾンで影響力のある人物と親しくなり、多くの機会を得ることができました。」
0x010000640000AD05,42,71,Sordland/Turn03/Gus Intro Talk,Gus Manger,en,「さらに、ナルベルの人々に対してより大きな経済的影響を与える機会もあります。」
0x010000640000AD0B,42,72,Sordland/Turn03/Gus Intro Talk,Gus Manger,en,「ガソムのような企業が財源を支えてくれなければ、我々は国民にサービスを提供することができません。」
0x010000640000AD16,42,76,Sordland/Turn03/Gus Intro Talk,Player,en,「私は当初、彼に反対していたわけではない。むしろその逆だった。」
0x010000640000AD1C,42,77,Sordland/Turn03/Gus Intro Talk,Gus Manger,en,「タルキン・ソルから党の指導部が交代した日のことは今でもよく覚えています。実に歴史的な瞬間でした。」
0x010000640000AD22,42,78,Sordland/Turn03/Gus Intro Talk,Gus Manger,en,「では、始めましょうか？」
0x010000640000AD28,42,79,Sordland/Turn03/Gus Intro Talk,Player,en,「リジアをこの問題に巻き込むことができたというのは、実に驚くべきことだ。」
0x010000640000AD2E,42,80,Sordland/Turn03/Gus Intro Talk,Player,en,「もし議長として直接介入する必要があるのであれば、その企業の状況はうまくいっていないということだ。」
0x010000640000AD34,42,81,Sordland/Turn03/Gus Intro Talk,Player,en,「民衆を利用して莫大な利益を得ようとする他の企業に、何がそんなに特別だというのか？」
0x010000640000AD3F,42,85,Sordland/Turn03/Gus Intro Talk,Player,en,「私はエヴァルト・アルフォンソに対して何の悪意も抱いていない。」
0x010000640000AD45,42,86,Sordland/Turn03/Gus Intro Talk,Gus Manger,en,「人間の貪欲さは否定できない。私は常に、それを富を我々のもと、つまりソードランドへと移すための資源だと考えてきた。」
0x010000640000AD4B,42,87,Sordland/Turn03/Gus Intro Talk,Gus Manger,en,「確かに、着実な成長が見られないのは事実です。」
0x010000640000AD51,42,88,Sordland/Turn03/Gus Intro Talk,Gus Manger,en,「ご存知の通り、私と彼は長年の付き合いです。彼はあのソル主義者たちが描くような裏切り者ではありません。」
0x010000640000AD57,42,89,Sordland/Turn03/Gus Intro Talk,Gus Manger,en,「なぜそうする必要があるのですか？」
0x010000640000AD5D,42,90,Sordland/Turn03/Gus Intro Talk,Gus Manger,en,「しかしガソムはそれ以上の存在です。これほど影響力があり価値の高い資産を持つ国はそう多くありません。我々はその潜在能力を最大限に引き出すべきです。」
0x010000640000AD63,42,91,Sordland/Turn03/Gus Intro Talk,Gus Manger,en,「しかしガソムには、リジア王室金鉱のような世界的企業と競争できる潜在力があります。そこは間違いなく最高のガス輸出国になり得るのです。」
0x010000640000AD7B,42,92,Sordland/Turn03/Gus Intro Talk,Player,en,「ここは会議を開くにしてはあまり良い場所ではないだね？」
0x010000640000AD81,42,93,Sordland/Turn03/Gus Intro Talk,Gus Manger,en,「ワルダ大臣とベニウォル大臣が過度な要求をして大統領を圧倒するようなことはなかったでしょうね。」
0x010000640000AD87,42,94,Sordland/Turn03/Gus Intro Talk,Player,en,「ガス、会えてうれしい。ここの発展を支援するために我々が何ができるかについて話したいと思っている。」
0x010000640000AD8D,42,95,Sordland/Turn03/Gus Intro Talk,Player,en,「今日ここに要求や期待が全くなければ、それこそ驚くべきことだろう。」
0x010000640000AD93,42,96,Sordland/Turn03/Gus Intro Talk,Player,en,「そのようなことから少しでも休めるのは安心できる。」
0x010000640000AD99,42,97,Sordland/Turn03/Gus Intro Talk,Gus Manger,en,「ペトル・ベクターンだけが一緒に楽しめる相手というわけではありませんよ！冗談はさておき、あなたは大統領ですから好きなようにしてください！」
0x010000640000ADAF,42,102,Sordland/Turn03/Gus Intro Talk,Gus Manger,en,「大統領、私からの要求は何もありません。交渉を重ね、共通点を見出すことだけを考えています。」
0x010000640000ADB5,42,103,Sordland/Turn03/Gus Intro Talk,Gus Manger,en,「素晴らしい。それこそが今日の協議で私が達成したいことです。私の仕事は、このような場所の状況を改善することです。」
0x010000640000ADBB,42,104,Sordland/Turn03/Gus Intro Talk,Gus Manger,en,「ベンフィのジュエル・ビーチ・リゾートでボリンワインを飲む方が、確かにより良いでしょうね。」
0x010000640000ADC1,42,105,Sordland/Turn03/Gus Intro Talk,Gus Manger,en,「国を破滅に導くこと以外なら、どうぞ。」
0x010000640000ADC7,42,106,Sordland/Turn03/Gus Intro Talk,Gus Manger,en,「もしガス・マンガーが何より重視することがあるとすれば、それは双方に利益のもたらされる解決策だということです。」
0x010000640000ADCD,42,107,Sordland/Turn03/Gus Intro Talk,Gus Manger,en,「より良い生活水準を実現するための方法については、詳細な話し合いを行う際に十分に検討できます。」
0x010000640000ADD3,42,108,Sordland/Turn03/Gus Intro Talk,Gus Manger,en,「ですが、私は労働者階級の生活を一度も経験したことがない者ですから、なぜ自分の役割がこれほど重要であるのかを理解することが重要だと思います。」
0x010000640000ADD9,42,109,Sordland/Turn03/Gus Intro Talk,Gus Manger,en,「クリス・シャルとその会社にはまだ解決すべき課題が多いですが、彼らは自分たちの仕事をよくこなしています。」
0x010000640000ADDF,42,110,Sordland/Turn03/Gus Intro Talk,Gus Manger,en,「大統領、我々はその問題を見過ごすつもりはありません。ですが先ほども申し上げましたように、この新しい議会法案が適切な方法だとは思えません。」
0x010000640000ADE5,42,111,Sordland/Turn03/Gus Intro Talk,Gus Manger,en,「大企業が過度な権力を握っている数が少なすぎます。独占状態では市場経済は成り立ちません。」
0x010000640000ADEB,42,112,Sordland/Turn03/Gus Intro Talk,Gus Manger,en,「もし余分な時間や資源があれば、私自身で建設業に進出するだろう。」
0x010000640000ADF7,42,113,Sordland/Turn03/Gus Intro Talk,Gus Manger,en,「ともかく、話がそれました。エレベーターに向かいましょう。」
0x010000640000ADFD,42,114,Sordland/Turn03/Gus Intro Talk,Player,en,「時代の流れに合わせてくれ。あなたの知識は役立つだろう。」
0x010000640000AE03,42,115,Sordland/Turn03/Gus Intro Talk,Player,en,「私としては、自分の財布を肥やすことがどうやって我々の農村住民に利益をもたらすのか、依然としてよくわからない。」
0x010000640000AE09,42,116,Sordland/Turn03/Gus Intro Talk,Player,en,「いつの日か、私がその立場に立つことになるだろう。」
0x010000640000AE0F,42,117,Sordland/Turn03/Gus Intro Talk,Player,en,「私は歴史など気にしない。私が心配しているのは、我々の義務と奉仕だ。」
0x010000640000AE15,42,118,Sordland/Turn03/Gus Intro Talk,Player,en,「本当にそうだろうか？」
0x010000640000AE1B,42,119,Sordland/Turn03/Gus Intro Talk,Player,en,「ご指摘の点は理解しているが、経済というものは極めて複雑なものだ。」
0x010000640000AE21,42,120,Sordland/Turn03/Gus Intro Talk,Gus Manger,en,「大統領、この件については後ほど話し合えます。元大統領を待たせておくべきではありません。」
0x010000640000AE27,42,121,Sordland/Turn03/Gus Intro Talk,Gus Manger,en,「彼らはそんなことを気にしませんが、それでも影響を受けるのです。」
0x010000640000AE2D,42,122,Sordland/Turn03/Gus Intro Talk,Gus Manger,en,「もちろんリジアだけではありません。ですが彼らの貢献によって、キナルやレスピアといった他国からも関心が寄せられるようになったのです。」
0x010000640000AE39,42,123,Sordland/Turn03/Gus Intro Talk,Player,en,「承知した。企業を支援していただければ、私どもも経済を支えてまいる。」
0x010000640000AE3F,42,124,Sordland/Turn03/Gus Intro Talk,Gus Manger,en,「私としては、折衷案を見出すことを強く勧めます。国家がこの困難な時期にガソムを支援できれば、我々全員が利益を得ることができるでしょう。」
0x010000640000AE45,42,125,Sordland/Turn03/Gus Intro Talk,Gus Manger,en,「それはマレニエフの言葉を言い換えただけではありませんか？我々が使える用語は一つしかないことを忘れてはなりません。」
0x010000640000AE4B,42,126,Sordland/Turn03/Gus Intro Talk,Gus Manger,en,「我が国にはこれまで以上に安定と安寧が必要です。確かに、格差是正も求められます。しかし、他のすべてを犠牲にしてまで行うべきではありません。」
0x010000640000AE51,42,127,Sordland/Turn03/Gus Intro Talk,Gus Manger,en,「ガソムというのは、その上に都市全体が建てられたカードの家のようなものだと考えてください。」
0x010000640000AE5D,42,128,Sordland/Turn03/Gus Intro Talk,Gus Manger,en,「ここの一般市民たちは、直接的な支援以外のことは何一つ気にかけていません。」
0x010000640000AE69,42,129,Sordland/Turn03/Gus Intro Talk,Player,en,「なぜ海外からの労働者がこれほど多いのか？」
0x010000640000AE6F,42,130,Sordland/Turn03/Gus Intro Talk,Player,en,「この施設全体とても実践的な作りに思える。複雑な運用を目の当たりにすれば、その詳細がすぐに分かる。」
0x010000640000AE75,42,131,Sordland/Turn03/Gus Intro Talk,Gus Manger,en,「エヴァルト、そしてもちろん労働者たちが、このような世界的な競争力を持つ企業を築き上げるまでには数十年の歳月がかかったのです。」
0x010000640000AE7B,42,132,Sordland/Turn03/Gus Intro Talk,Gus Manger,en,「1930年代にソードランドの最も優れた人材はSSCに奪われてしまいました。他の企業のほとんどは太刀打ちできなかったため、別の場所を探すしかありませんでした。」
0x010000640000AE81,42,133,Sordland/Turn03/Gus Intro Talk,Gus Manger,en,「提供されている装備は高水準です。私自身が目で確かめました。それに、労働者同士にも常に差が存在します。」
0x010000640000AE87,42,134,Sordland/Turn03/Gus Intro Talk,Player,en,「外では機械の操作や輸送、保守作業に従事する労働者たちが大変な中、こちらのホワイトカラーたちは快適な環境で過ごしているようだね。」
0x010000640000AE8D,42,135,Sordland/Turn03/Gus Intro Talk,Gus Manger,en,「ああ、エレベーターが来ました。エヴァルトはもう上にいるはずです。ヘリポートのそばに別の入口がありますから。」
0x010000640000AE93,42,136,Sordland/Turn03/Gus Intro Talk,Player,en,「ガス、よくやった。自分を褒めてあげなさい。私の在任中も同じように、いやそれ以上の成果を期待している。」
0x010000640000AE99,42,137,Sordland/Turn03/Gus Intro Talk,Gus Manger,en,「それこそがエヴァルト・アルフォンソの良いところです。彼は肩書きや規則によって成果を妨げられることはありませんでした。」
0x010000640000AE9F,42,138,Sordland/Turn03/Gus Intro Talk,Gus Manger,en,「実際の経緯はそれよりも複雑でした。諸機関内の妨害勢力が、不況を回避できたはずの重要な政策の実施を阻止したのです。」
0x010000640000AEA5,42,139,Sordland/Turn03/Gus Intro Talk,Gus Manger,en,「私も完全に賛成です。ホル氏と新たな案について話し合っているところです。」
0x010000640000AEAB,42,140,Sordland/Turn03/Gus Intro Talk,Gus Manger,en,「あの困難な時期の最悪の状況を乗り越えられたことを嬉しく思います。経済状況は依然として良くはありませんが、以前よりは安定してきています。」
0x010000640000AEB1,42,141,Sordland/Turn03/Gus Intro Talk,Gus Manger,en,「良いリーダーシップとは、人々が自分の長所を活かして活躍できるようにするものであり、無理に強制するものではないのです。」
0x010000640000AEB7,42,142,Sordland/Turn03/Gus Intro Talk,Gus Manger,en,「はい、民営化や旧政策の廃止があまりにも急進的で迅速すぎたのは事実ですが、問題はそれだけではありません。市場にかかる地政学的な圧力も非常に大きかったのです。」
0x010000640000AEBD,42,143,Sordland/Turn03/Gus Intro Talk,Gus Manger,en,「それらについては後ほどご説明いたします。」
0x010000640000AEC8,42,147,Sordland/Turn03/Gus Intro Talk,Gus Manger,en,「忘れないでください。過去は過去です。我々は未来を見据えなければなりません。」
0x010000640000AECE,42,148,Sordland/Turn03/Gus Intro Talk,Gus Manger,en,「では、始めましょう。」
0x010000640000AED4,42,149,Sordland/Turn03/Gus Intro Talk,Narrator,en,我々がエレベーターに乗り込むと、ガスはコードを入力し、我々は上へと昇り始めた。
0x010000640000AEE0,42,150,Sordland/Turn03/Gus Intro Talk,Narrator,en,廊下には次々とドアが並んでいた。そのドアのガラスパネルを通して、スーツにネクタイを締めた労働者たちの姿が見え、彼らの多くは外国人で、整然としたオフィスで忙しく働いていた。
0x010000640000AEE6,42,151,Sordland/Turn03/Gus Intro Talk,Player,en,「キナル人の建築家を選ぶなんて、奇妙な決定だね。」
0x010000640000AEEC,42,152,Sordland/Turn03/Gus Intro Talk,Gus Manger,en,「ガソムが海外から採用している人材の中にはキナル共和国出身者もおり、文化的な違いを乗り越えれば彼らは実に優秀な能力を持っています。」
0x010000640000AEF7,42,156,Sordland/Turn03/Gus Intro Talk,Gus Manger,en,「忘れないでください。アルフォンソは我々の友人です。大きな取引を成し遂げるための基盤が既に整っています。」
0x010000640000AEFD,42,157,Sordland/Turn03/Gus Intro Talk,Gus Manger,en,「私は、あなたが我々を困らせるようなことはしないと信じています。」
0x010000640000AF03,42,158,Sordland/Turn03/Gus Intro Talk,Player,en,「鉄道建設計画に関するあなたの説得力のある話を聞いた後、我々が他に何を成し遂げられるか気になった。」
0x010000640000AF0B,42,159,Sordland/Turn03/Gus Intro Talk,Gus Manger,en,「時には自分のために行い、また時には他者と共に幸運を追い求めます。」
0x010000640000AF11,42,160,Sordland/Turn03/Gus Intro Talk,Player,en,「あなたと私のためを思って、あなたの考えが正しいことを願っている。」
0x010000640000AF17,42,161,Sordland/Turn03/Gus Intro Talk,Player,en,「あなたの立場の人間が証券取引所で活動するなんて、少し間違っていると思わないか？」
0x010000640000AF1D,42,162,Sordland/Turn03/Gus Intro Talk,Player,en,「真の資本主義者とは、いかにして、またいつ行動すべきかを知っている者だ。」
0x010000640000AF23,42,163,Sordland/Turn03/Gus Intro Talk,Gus Manger,en,「私は、あなたが行った3000株を全額投入しての買い付けを気に入ります。それは私と同じように行動力のある人物であることを示しています。」
0x010000640000AF29,42,164,Sordland/Turn03/Gus Intro Talk,Gus Manger,en,「2000株という控えめな投資量でしたが、それでもある程度の利益を得られる見込みです。」
0x010000640000AF2F,42,165,Sordland/Turn03/Gus Intro Talk,Gus Manger,en,「大統領、あなたのわずか1000株ではそれほど利益は得られません。ですが、本格的に投資する前にまず足を水に浸すのは良いことでしょう。」
0x010000640000AF3B,42,166,Sordland/Turn03/Gus Intro Talk,Gus Manger,en,「私は、以前持っていた物流事業を担保に低リスク融資を受けたおかげで4000株を手に入れました。」
0x010000640000AF41,42,167,Sordland/Turn03/Gus Intro Talk,Gus Manger,en,「ラハベン証券取引所の株価も悪くはありません。メルコパ東部のどんなものよりずっと良いです。」
0x010000640000AF47,42,168,Sordland/Turn03/Gus Intro Talk,Player,en,「なぜ開発大臣がこのような取り組みを主導するに至ったのか、私には理解できない。」
0x010000640000AF4D,42,169,Sordland/Turn03/Gus Intro Talk,Player,en,「そもそも我々に不況をもたらしそうになったのはアルフォンソだったのだ。」
0x010000640000AF59,42,170,Sordland/Turn03/Gus Intro Talk,Player,en,「ガソムの安全を危険にさらすような行動は取るべきではない。しかし、それでも何か手を打つ必要がある」
0x010000640000AF5F,42,171,Sordland/Turn03/Gus Intro Talk,Player,en,「時には、より良いものを築くために、腐った基盤を破壊しなければならないことがある。」
0x010000640000AF65,42,172,Sordland/Turn03/Gus Intro Talk,Player,en,「リジアのような単一の地域勢力がそのような影響力を持ったとは思えない。」
0x010000640000AF6B,42,173,Sordland/Turn03/Gus Intro Talk,Player,en,「我々を見てくれ。アルカシアでは計画経済を推進しながら、同時に個人の富を利用して利益を得ているのだ。」
0x010000640000AF71,42,174,Sordland/Turn03/Gus Intro Talk,Gus Manger,en,「大統領、一つ間違った動きをすれば、全てが崩れ去ってしまいます。」
0x010000640000AF77,42,175,Sordland/Turn03/Gus Intro Talk,Gus Manger,en,「1950年と1953年の合意によって我々は歴史を作り上げました。選挙のわずか8ヶ月前に、後者の協定が不況を防いだことをご記憶かもしれません。」
0x010000640000AF82,42,179,Sordland/Turn03/Gus Intro Talk,Gus Manger,en,「自慢する気はありませんが、32年近くもソードランドとリジアの関係が凍結していた中で、ポルテ・ドラゾンの門を開けたのは私です。」
0x010000640000AF88,42,180,Sordland/Turn03/Gus Intro Talk,Gus Manger,en,「アルフォンソと私が現れるまで、リジアとソードランドは完全な禁輸措置を検討していました。」
0x010000640000AF8E,42,181,Sordland/Turn03/Gus Intro Talk,Gus Manger,en,「ああ、大統領、光栄に思います。もちろん、ご正しい判断をなさったことも嬉しく存じます。」
0x010000640000AF94,42,182,Sordland/Turn03/Gus Intro Talk,Player,en,「就任式以来、彼に会っていない。彼は本当に公の場から身を引いてしまったのだ。」
0x010000640000AF9A,42,183,Sordland/Turn03/Gus Intro Talk,Player,en,「私がここにいるのは、ナルベルの生活水準について何らかの対策を講じなければならないからだ。」
0x010000640000AFA0,42,184,Sordland/Turn03/Gus Intro Talk,Gus Manger,en,「彼を責めることができますか？我々は彼に対してドワイト・ウォーカー並みの厳しい措置を取りました。少なくとも企業による暗殺までは行わなかったのです。」
0x010000640000AFA6,42,185,Sordland/Turn03/Gus Intro Talk,Gus Manger,en,「もちろんです。それは我々の議論において大きな役割を果たすでしょう。」
0x010000640000AFAC,42,186,Sordland/Turn03/Gus Intro Talk,Gus Manger,en,「ヴェントリー市証券取引所で初公開株式募集が始まれば、我々二人とも大金を手に入れることができるのです。」
0x010000640000AFB2,42,187,Sordland/Turn03/Gus Intro Talk,Player,en,「では、ゲームを始めよう。」
0x010000640000AFB8,42,188,Sordland/Turn03/Gus Intro Talk,Player,en,「そろそろソードランドも常識にとらわれず、既存の枠を打ち破る時が来たのだ。」
0x010000640000AFBE,42,189,Sordland/Turn03/Gus Intro Talk,Gus Manger,en,「もちろん、レスピアのペルラ取引所を除けばですが。」
0x010000640000AFC4,42,190,Sordland/Turn03/Gus Intro Talk,Gus Manger,en,「市場経済を信奉する者全員が『資本主義の豚』というわけではありません。私を見てください。私はこの国にどれだけ多くの雇用機会をもたらしたでしょうか。」
0x010000640000AFCA,42,191,Sordland/Turn03/Gus Intro Talk,Gus Manger,en,「私はそうは思いません。私の仕事とは、ソードランドの長く忘れ去られた地域に資源をもたらし、我が国の農村地域を活性化させ続けることです。」
0x010000640000AFD0,42,192,Sordland/Turn03/Gus Intro Talk,Gus Manger,en,「私の私的な時間で何をするかは、そうしたことに影響しません。むしろ市場動向を把握しておくことで、我々の地域経済の発展に役立てることができます。」
0x010000640000AFD6,42,193,Sordland/Turn03/Gus Intro Talk,Gus Manger,en,「ともかく、大統領、お金の問題になると、我々がゲームを操るか、あるいはゲームに操られるかのどちらかです。」
0x010000640000AFDC,42,194,Sordland/Turn03/Gus Intro Talk,Gus Manger,en,「資金を呼び寄せ、適切な施策に投資し、富と生活水準を向上させれば、その恩恵は自然とすべての人々に行き渡るのです。」
0x010000640000AFE2,42,195,Sordland/Turn03/Gus Intro Talk,Gus Manger,en,「歴史を思い返してみてください。大胆な決断を下した指導者たちこそが歴史に名を刻んできました。」
0x010000640000AFEE,42,196,Sordland/Turn03/Gus Intro Talk,Gus Manger,en,「よく言いました！高みに登れば登るほど、落ちる幅は狭くなります。その道中で優秀な人材を引き上げていけばよいのでは？」
0x010000640000AFF4,42,197,Sordland/Turn03/Gus Intro Talk,Gus Manger,en,「実は、私の純資産の4分の1が現在その株式に投じられています。ですが、大きく勝つためには大胆な行動が必要です。」
0x010000640000AFFA,42,198,Sordland/Turn03/Gus Intro Talk,Gus Manger,en,「こちらです！友人のエヴァルトよ。」
0x01000065000017C2,42,199,Sordland/Turn03/Gus Intro Talk,Gus Manger,en,「大統領、少しアイデアを練ってみました。グルニ農村投資計画です。これによりグルニの農村地域に新たな活気がもたらされる可能性があると考えています。」
0x01000065000017CC,42,200,Sordland/Turn03/Gus Intro Talk,Gus Manger,en,「いくつか検討できる事項があります。まず、補助金を出して農業経営を支援することも考えられます。あるいは、機械や技術を用いて既存の農場の近代化を図る方法もあります。」
0x01000065000017D3,42,201,Sordland/Turn03/Gus Intro Talk,Gus Manger,en,「大統領、議会内で話題となっているあのGREEN法案の魅力はよく理解しております。」
0x01000065000017DA,42,202,Sordland/Turn03/Gus Intro Talk,Player,en,「グス、私にも疑問がある。だがあなたの計画について検討してみよう。」
0x01000065000017E0,42,203,Sordland/Turn03/Gus Intro Talk,Player,en,「ガス、これは難しい判断だ。環境への影響と経済的な利益の両方をよく検討しなければならない。」
0x01000065000017E6,42,204,Sordland/Turn03/Gus Intro Talk,Player,en,「ガス、あなたの構想には興味をそそられる。あなたの提案について真剣に検討しよう。」
0x01000065000017EC,42,205,Sordland/Turn03/Gus Intro Talk,Gus Manger,en,「大統領、私の話を聞いていただき感謝します。この計画なら我が国の農村地域の人々にとって大変有益な結果をもたらすと心から信じております。」
0x01000065000017F2,42,206,Sordland/Turn03/Gus Intro Talk,Gus Manger,en,「大統領、私が望むのはそれだけです。どうかこの計画に公正な審査の機会を与えてください。」
0x01000065000017F8,42,207,Sordland/Turn03/Gus Intro Talk,Gus Manger,en,「もちろんです、大統領。疑念はこのゲームにおいて当然のものです。私はあなたがソードランド全体のために正しい判断を下してくださると信じています。」
0x01000065000017FE,42,208,Sordland/Turn03/Gus Intro Talk,Gus Manger,en,「この労働者権利法案ですが……確かに勤勉な人々に相応のものを与えることは全面的に賛成です。しかし、まだ景気後退に苦しんでいる今にこれを急ぎ推進するのは少し性急ではないでしょうか？」
0x0100006500001804,42,209,Sordland/Turn03/Gus Intro Talk,Player,en,「私の考えでは、経済情勢がどうであれ、労働者の権利は交渉の対象になるものではない。」
0x010000650000180A,42,210,Sordland/Turn03/Gus Intro Talk,Player,en,「我々は賢明に行動しなければならない。再び経済的打撃を被る危険は冒してはならない。」
0x0100006500001810,42,211,Sordland/Turn03/Gus Intro Talk,Player,en,「ガス、あなたの言いたいことは理解している。だが、もう利益よりも人々を優先すべき時ではないだろうか？」
0x0100006500001816,42,212,Sordland/Turn03/Gus Intro Talk,Gus Manger,en,「大統領、お考えの点は理解できます。しかし繁栄した経済は労働者を含むすべての人々に利益をもたらします。」
0x010000650000181C,42,213,Sordland/Turn03/Gus Intro Talk,Gus Manger,en,「大統領、全体像をご考慮いただけて光栄です。我々は経済と労働者の保護のためにバランスを取らなければなりません。」
0x0100006500001822,42,214,Sordland/Turn03/Gus Intro Talk,Gus Manger,en,「大統領、あなたのご見解は尊重いたします。しかし、起こり得る悪影響も忘れてはなりません。」
0x0100006500001841,42,215,Sordland/Turn03/Gus Intro Talk,Gus Manger,en,「もう一つ案があります。グルニの気候に合わせて特別に開発された作物品種の育成に資源を投じるというものです。もしこれが成功すれば、ソードランド全土で導入することが可能でしょう。」
0x0100006500001849,42,216,Sordland/Turn03/Gus Intro Talk,Gus Manger,en,「私の見解では、短期的な利益は長い目で見ると大きな代償を払わせることになりかねません。」
0x0100006500001856,42,217,Sordland/Turn03/Gus Intro Talk,Narrator,en,我々の会話は、建物の外から聞こえてきた騒音によって中断された。我々は最も近い窓から外を見た。
0x0100006500001860,42,218,Sordland/Turn03/Gus Intro Talk,Gus Manger,en,「ですが申し上げます、もしその計画を一旦停止し、その資金をグルニ計画に回すことができれば、潜在的な投資家たちを不安にさせることなく、実質的な進展を遂げることができます。」
0x010000650000186D,42,219,Sordland/Turn03/Gus Intro Talk,Gus Manger,en,「見せかけはさておき……彼と面会する前に、もう一つ大国民議会で取り上げたい案件があります。」
0x0100006500001874,42,220,Sordland/Turn03/Gus Intro Talk,Narrator,en,その中には、我々の次の会合相手であるエヴァルト・アルフォンソがいた。
0x010000650000187B,42,221,Sordland/Turn03/Gus Intro Talk,Player,en,「これは豪華すぎる富の誇示だね。必要とは思えない。」
0x0100006500001881,42,222,Sordland/Turn03/Gus Intro Talk,Player,en,「そのような見せかけは投資家たちには好印象を与えるが、国営テレビでそれを見ている農民たちにとっては甚だしく不快なものだ。」
0x0100006500001887,42,223,Sordland/Turn03/Gus Intro Talk,Player,en,「アルフォンソは本当に見事な登場の仕方を知っているな。」
0x010000650000188D,42,224,Sordland/Turn03/Gus Intro Talk,Gus Manger,en,「あの男は自分の見せびらかしをとても好んでいるのです。」
0x0100006500001893,42,225,Sordland/Turn03/Gus Intro Talk,Gus Manger,en,「その通りです。見た目というものが重要なのです。我々は、誰に好印象を与えようとしているのかを決めればよいのです。」
0x0100006500001899,42,226,Sordland/Turn03/Gus Intro Talk,Gus Manger,en,「それはアルフォンソのやり方です、大統領。彼は常に自分の持ち物を楽しんできたのです。」
0x010000640000C082,42,227,Sordland/Turn03/Gus Intro Talk,Narrator,en,流線型のヘリコプターが空を駆け抜け、我々の方へ降下してくるにつれて、その磨かれた表面で太陽光がきらめいていた。
0x010000640000C08A,42,228,Sordland/Turn03/Gus Intro Talk,Narrator,en,彼は私をガソムの建物へ案内しながら、ずっと話し続けていた。
0x010000C60000092C,42,232,Sordland/Turn03/Gus Intro Talk,Player,en,「私は昔から、この計画の恩恵を受けるような人々と共に育ってきたのだ、ガス。もしあなたの計画が確かなものであるなら、ぜひ実現させてほしい。」
0x010000C600000939,42,236,Sordland/Turn03/Gus Intro Talk,Gus Manger,en,「大統領、それなら我々の考えは一致しています。一度くらいは彼らも自分たちが見てもらっていると実感できるようにしましょう。」
0x010000C600000941,42,237,Sordland/Turn03/Gus Intro Talk,Player,en,「あれはヘリコプターなのか、それとも回転翼を付けた彼の自尊心に過ぎないのだろうか？」
0x010000C600000948,42,238,Sordland/Turn03/Gus Intro Talk,Gus Manger,en,「彼はそれをブランディングだと呼びますが、私に言わせれば音声効果付きの燃料代に過ぎません。」
0x010000C600000950,42,239,Sordland/Turn03/Gus Intro Talk,Gus Manger,en,「我々全員が沈んでいくのなら、勝者は誰もいないのです。」
0x010000C600000956,42,240,Sordland/Turn03/Gus Intro Talk,Gus Manger,en,「タイミングと手法が全てです。」
0x010000C60000095C,42,241,Sordland/Turn03/Gus Intro Talk,Gus Manger,en,「経済に混乱を招かずに労働者の権利を向上させる方法が必ずあるはずです。」
0x010000C600000965,42,242,Sordland/Turn03/Gus Intro Talk,Player,en,「ラジオでエストード出身の労働者の話を聞いた。書類上は権利があると言っていたのに、実際には冷蔵庫の中に何もないとのことだ。」
0x010000C60000096C,42,243,Sordland/Turn03/Gus Intro Talk,Gus Manger,en,「そのようなことは忘れられません。それでも、対策を講じる際には、他の重要なものが壊れないようにしなければなりません。」
0x010000C600000974,42,244,Sordland/Turn03/Gus Intro Talk,Player,en,「もし今、企業に過度な負担をかければ、彼らは縮小したり廃業したりするだろう。労働者たちは権利だけでなく仕事までも失うことになるのだ。」
0x010000C60000097A,42,245,Sordland/Turn03/Gus Intro Talk,Player,en,「強力な労働者保護こそが持続的な発展の基盤だ。安心して働ける労働者こそが生産性の高い労働者なのだ。」
0x010000C600000980,42,246,Sordland/Turn03/Gus Intro Talk,Player,en,「市場を乱すことなく進展を示せる選択肢を考えよう。我々には安定と改革の両方が必要だ。」
0x010000C600000986,42,247,Sordland/Turn03/Gus Intro Talk,Player,en,「今、子供たちが飢えている状況では、人々は長期的な戦略など気にしない。我々が彼らのために問題を解決しなければ、彼らを失うことになる。」
0x010000C60000098C,42,248,Sordland/Turn03/Gus Intro Talk,Gus Manger,en,「その通りです。善意だけで経済が壊れてしまってはなりません。」
0x010000C600000992,42,249,Sordland/Turn03/Gus Intro Talk,Gus Manger,en,「確かにその通りですが、段階的に導入しましょう。急ぐと逆効果になる可能性があります。」
0x010000C600000998,42,250,Sordland/Turn03/Gus Intro Talk,Gus Manger,en,「それが最適なバランスです。あなたが理想主義を持っていれば、私がその実現の仕方を形作る手助けをしましょう。」
0x010000C60000099E,42,251,Sordland/Turn03/Gus Intro Talk,Gus Manger,en,「それに反論するのは難しいですね。国庫が負担できる範囲を超えて約束しないようにしてください。」
0x010000640000B180,43,3,Sordland/Turn03/Ewald Alphonso Debate,Ewald Alphonso,en,「お久しぶりです、大統領。私が職を離れてからの活動についてご報告させてください。」
0x010000640000B190,43,10,Sordland/Turn03/Ewald Alphonso Debate,Ewald Alphonso,en,「先に進む前に、避けて通れない問題について話したいと思います。『53年の選挙』に至るまでの出来事です。」
0x010000640000B1A0,43,14,Sordland/Turn03/Ewald Alphonso Debate,Ewald Alphonso,en,「大統領、私がここに参りましたのは、今、素晴らしい機会が訪れているからです。ガソムとソードランドの両者に利益をもたらすであろう商業上の取引なのです。」
0x010000640000B1AC,43,15,Sordland/Turn03/Ewald Alphonso Debate,Gus Manger,en,「私はあなたに仕えてきました。あなたがいなければソードランドはもっと悪い状態に陥っていたでしょう。」
0x010000640000B1B2,43,16,Sordland/Turn03/Ewald Alphonso Debate,Ewald Alphonso,en,「私は長年の人生をこの企業に捧げてきました。そしてすべてを捨てて、ソードランドの民に仕えることに専念したのです。」
0x010000640000B1B8,43,17,Sordland/Turn03/Ewald Alphonso Debate,Ewald Alphonso,en,「その施設は内部から腐食が進んでおり、大規模な改革が必要だったのです。」
0x010000640000B1BE,43,18,Sordland/Turn03/Ewald Alphonso Debate,Player,en,「ああ、あなたのおかげでソルの過激な保護主義的・孤立主義的な政策から国を救うことができた。」
0x010000640000B1C4,43,19,Sordland/Turn03/Ewald Alphonso Debate,Player,en,「ガソムは依然として繁栄を続けているな？大統領としての任期は終わったかもしれないが、何も残されていないわけではない。」
0x010000640000B1CF,43,23,Sordland/Turn03/Ewald Alphonso Debate,Ewald Alphonso,en,「私は、あなたがこのような裏切りを働くとは決して思いもしませんでした。特に、ソルとの党首選挙の際にそんなに貴重な支援をしてくれた後では。」
0x010000640000B1D5,43,24,Sordland/Turn03/Ewald Alphonso Debate,Gus Manger,en,「過去には意見の相違があったかもしれませんが、大統領は強力なリーダーシップと優れた意思決定力を発揮してこられました。」
0x010000640000B1DB,43,25,Sordland/Turn03/Ewald Alphonso Debate,Ewald Alphonso,en,「私は、あなたがこのような裏切りを働くとは決して思いもしませんでした。」
0x010000640000B1E1,43,26,Sordland/Turn03/Ewald Alphonso Debate,Ewald Alphonso,en,「私もまた、現職および歴代のソードランド大統領たちは団結し、互いの経験を分かち合うべきだと考えています。皆が我々と同じ立場にあるわけではありませんからね。」
0x010000640000B1E7,43,27,Sordland/Turn03/Ewald Alphonso Debate,Ewald Alphonso,en,「これら二つの要素こそが、我々が残す永続的な影響と、他者によってどのように記憶されるかを体現しているのです。」
0x010000640000B1ED,43,28,Sordland/Turn03/Ewald Alphonso Debate,Narrator,en,彼は私の言葉を吟味しようとしながら、もう少しの間外を見つめていた。その後、再び我々の方を向いた。
0x010000640000B1F8,43,32,Sordland/Turn03/Ewald Alphonso Debate,Ewald Alphonso,en,「私のガソムの状況は、ソードランド政府ほど悪くはありません。それでも改革が必要です。」
0x010000640000B1FE,43,33,Sordland/Turn03/Ewald Alphonso Debate,Gus Manger,en,「最新の統計によると、ガソムは1年以内に職員数と事業規模を40％削減するか、膨大な負債を背負うしかない状況です。」
0x010000640000B204,43,34,Sordland/Turn03/Ewald Alphonso Debate,Ewald Alphonso,en,「ガス・マンガー、お越しいただき感謝します。リジアに別の投資への関心を持ってもらえるようにしたのは実に大きな功績です。」
0x010000640000B20A,43,35,Sordland/Turn03/Ewald Alphonso Debate,Ewald Alphonso,en,「ですが、私が築き上げてきたものの将来について心配しています。」
0x010000640000B210,43,36,Sordland/Turn03/Ewald Alphonso Debate,Ewald Alphonso,en,「では、話題をガソムに移しましょう。」
0x010000640000B216,43,37,Sordland/Turn03/Ewald Alphonso Debate,Gus Manger,en,「これが、我々が海外の投資家たちに声をかけることにした理由です。」
0x010000640000B21C,43,38,Sordland/Turn03/Ewald Alphonso Debate,Ewald Alphonso,en,「ここには素晴らしい機会があります。国際的なパートナーからもソードランド国内からもガスの需要は着実に増加しており、我々がすべきことは安定した供給を確保することだけです。」
0x010000640000B222,43,39,Sordland/Turn03/Ewald Alphonso Debate,Ewald Alphonso,en,「大統領、私が職を離れてからしばらく考える時間がありました。そして私にとって、人生のあらゆる複雑さは二つの要素に集約されます。それは評判と遺産です。」
0x010000640000B228,43,40,Sordland/Turn03/Ewald Alphonso Debate,Ewald Alphonso,en,「適切な規模の投資があれば、資源採掘を拡大し、高まる需要に効果的に対応して、長期的な安定と利益を確保することができます。」
0x010000640000B22E,43,41,Sordland/Turn03/Ewald Alphonso Debate,Player,en,「私は、自分の仕事に最大限の献身と情熱を注ぐ人々に対しては、やむを得ず共感せざるを得ない。」
0x010000640000B234,43,42,Sordland/Turn03/Ewald Alphonso Debate,Ewald Alphonso,en,「その表現は適切ではありません。これは救済ではなく、戦略的な長期的協力です。」
0x010000640000B23A,43,43,Sordland/Turn03/Ewald Alphonso Debate,Player,en,「大手民営化推進者が自社を救うために国家にやってくるなんて、実に滑稽極まりないことだ。」
0x010000640000B240,43,44,Sordland/Turn03/Ewald Alphonso Debate,Player,en,「あなたも知っている通り、政府の許可がなければリジアは20パーセントを超えて投資することができず、その許可を得るだけでも長い時間がかかるのだ。」
0x010000640000B246,43,45,Sordland/Turn03/Ewald Alphonso Debate,Player,en,「ガソムは民間企業だ。私の国とあなた方の事業とでは何の関係があるか？」
0x010000640000B24C,43,46,Sordland/Turn03/Ewald Alphonso Debate,Player,en,「もしあなたの分析が正しいのであれば、どのような投資でも利益を生み、さらなるガス供給も確保できるはずだ。」
0x010000640000B252,43,47,Sordland/Turn03/Ewald Alphonso Debate,Ewald Alphonso,en,「私はシーナへ足を運び、その活気あふれる文化に浸った後、アンラカン諸島の魅力的な風景を巡り、最後にキョウで旧知の面々と再会しました。」
0x010000640000B258,43,48,Sordland/Turn03/Ewald Alphonso Debate,Ewald Alphonso,en,「大統領、今やご就任されてからは、かつての理想をすっかり見捨てているように見えます。権力に目がくらんでしまったのですか？」
0x010000640000B25E,43,49,Sordland/Turn03/Ewald Alphonso Debate,Ewald Alphonso,en,「実のところ、私は常にあなたのことを高く評価していました。最年少の議員であり天才だと言っていたのです。たとえいつか敵対することになるかもしれないと分かっていても。」
0x010000640000B264,43,50,Sordland/Turn03/Ewald Alphonso Debate,Player,en,「アルフォンソ時代がソードランドにとって良かったかどうかを判断するにはまだ早い。それは将来の歴史家たちの間で議論されるべきテーマだろう。」
0x010000640000B26A,43,51,Sordland/Turn03/Ewald Alphonso Debate,Player,en,「我々が立案した経済戦略からの逸脱は、国にとって良い兆候ではなかった。」
0x010000640000B276,43,52,Sordland/Turn03/Ewald Alphonso Debate,Ewald Alphonso,en,「ガソムは依然として稼働を続けている。『繁栄している』というのは少し大げさかもしれないな。」
0x010000640000B27C,43,53,Sordland/Turn03/Ewald Alphonso Debate,Ewald Alphonso,en,「それは大変感謝しております。あなたが直面された困難もよく承知しております。他者に害を及ぼすことなくその障害を乗り越えられたことを高く評価します。」
0x010000640000B282,43,54,Sordland/Turn03/Ewald Alphonso Debate,Ewald Alphonso,en,「ですから、マンガー氏と私はこれまで地道に代替案を探求してきたのです。」
0x010000640000B288,43,55,Sordland/Turn03/Ewald Alphonso Debate,Ewald Alphonso,en,「もしソル主義が続いていたら、我々も深刻な景気後退に直面していただろう。腐敗や強欲、専制的主義の傾向によって国の基盤は崩壊しつつあったのだ。」
0x010000640000B29A,43,56,Sordland/Turn03/Ewald Alphonso Debate,Ewald Alphonso,en,「大統領、我々はここで私の政権の成果や失敗について話し合うために来たわけではありません。ですが、一つだけ申し上げます。」
0x010000640000B2A0,43,57,Sordland/Turn03/Ewald Alphonso Debate,Narrator,en,サイレンの音が一時的に我々の注意をそらした。窓の外を見ると、ガソム地区に隣接する通りを警察車両が走っていくのが見えた。
0x010000640000B2A6,43,58,Sordland/Turn03/Ewald Alphonso Debate,Ewald Alphonso,en,「私は、1932年のエネルギー保護法を完全に廃止することにこれまで一度も反対したことがないことを改めてお伝えします。」
0x010000640000B2B6,43,65,Sordland/Turn03/Ewald Alphonso Debate,Ewald Alphonso,en,「実際、天然資源を外国の利害から守ることについてソルと意見が一致していました。しかし、すべての事柄にはバランスが必要なのです。」
0x010000640000B2C0,43,67,Sordland/Turn03/Ewald Alphonso Debate,Ewald Alphonso,en,「国が経済的支援を切実に必要としている今、再び何もせず傍観されないことを願っております。」
0x010000640000B2CC,43,68,Sordland/Turn03/Ewald Alphonso Debate,Ewald Alphonso,en,「大統領、貴政府は最近、ソードランド人への経済支援を行っておられますから、このような投資の必要性はご理解いただけているはずです。」
0x010000640000B2D7,43,69,Sordland/Turn03/Ewald Alphonso Debate,Ewald Alphonso,en,「まさにそのために、あなたがこの議論に参加するよう招かれたのです。」
0x010000640000B2DD,43,70,Sordland/Turn03/Ewald Alphonso Debate,Ewald Alphonso,en,「大統領、ご自身が最近行われた企業への救済措置を考えれば、他人を批判する立場には全くありません。」
0x010000640000B2E3,43,71,Sordland/Turn03/Ewald Alphonso Debate,Ewald Alphonso,en,「大統領、我々はソードランドの半分にガスを供給しております。海外でガスを販売すればさらに多くの利益を得られますが、国の利益を優先しているのです。」
0x010000640000B2E9,43,72,Sordland/Turn03/Ewald Alphonso Debate,Ewald Alphonso,en,「アルカシアやコンタナ連邦と競争できる力があるのに、なぜエネルギー輸出国トップ10に留まろうとするのですか？」
0x010000640000B2EF,43,73,Sordland/Turn03/Ewald Alphonso Debate,Gus Manger,en,「大統領、ガソムはその所有者が誰であれ、この国にとって戦略的な資産です。」
0x010000640000B2F5,43,74,Sordland/Turn03/Ewald Alphonso Debate,Player,en,「我々自身のエネルギー会社を他国に任せる必要はない。ソードランドとガソムだけでこの問題を処理できないものか？」
0x010000640000B2FB,43,75,Sordland/Turn03/Ewald Alphonso Debate,Player,en,「現在の政府予算の状況を考えると、追加資金を割り当てるのは賢明ではないかもしれない。」
0x010000640000B301,43,76,Sordland/Turn03/Ewald Alphonso Debate,Ewald Alphonso,en,「適切な経済政策を講じればその資金は増加するはずです。ガソムは大幅な成長が見込まれています。」
0x010000640000B307,43,77,Sordland/Turn03/Ewald Alphonso Debate,Ewald Alphonso,en,「正直言って、私は自国の利益しか考えない外国勢力よりも、あなたやアグノク政府と協力する方を好みます。」
0x010000640000B30D,43,78,Sordland/Turn03/Ewald Alphonso Debate,Ewald Alphonso,en,「確かに。この取引はガソムとソードランドの両方を強化する可能性があります。共に力を合わせれば、歴史的な機会を創出できるでしょう。」
0x010000640000B313,43,79,Sordland/Turn03/Ewald Alphonso Debate,Gus Manger,en,「アルカシア式資本主義という現実を考えれば、我が国の利益は必ず議論の対象となるべきです。」
0x010000640000B323,43,81,Sordland/Turn03/Ewald Alphonso Debate,Player,en,「リジアと共に投資する方が、彼らに思う存分購入させるだけよりも良い結果をもたらすかもしれない。」
0x010000640000B329,43,82,Sordland/Turn03/Ewald Alphonso Debate,Gus Manger,en,「確かにリスクがあるように思えます。しかし、この機会を逃せば二度と同じチャンスは訪れないかもしれません。」
0x010000640000B344,43,86,Sordland/Turn03/Ewald Alphonso Debate,Player,en,「そんなに無邪気なふりをするな。このゲームのやり方は私もお前もよく知っているはずだ。」
0x010000640000B34A,43,87,Sordland/Turn03/Ewald Alphonso Debate,Player,en,「盲目だと？いや、私は真実をはっきりと見ているのだ。」
0x010000640000B350,43,88,Sordland/Turn03/Ewald Alphonso Debate,Player,en,「我々が栄光を失った今、国には強力な指導者が必要だ。」
0x010000640000B364,43,91,Sordland/Turn03/Ewald Alphonso Debate,Player,en,「なぜキルートやアンラカにある大手国際銀行に連絡を取らなかったのか？彼らなら積極的に応じてくれるはずだ。」
0x010000640000B36A,43,92,Sordland/Turn03/Ewald Alphonso Debate,Gus Manger,en,「アルフォンソ大統領は、これが二者択一の問題ではないという点を述べ忘れています。ソードランドもリジアと共に投資することができるのです。」
0x010000640000B39F,43,96,Sordland/Turn03/Ewald Alphonso Debate,Player,en,「我々にはそのための予算がある。また、このような協力は有益となるだろう。」
0x010000640000B3A5,43,97,Sordland/Turn03/Ewald Alphonso Debate,Ewald Alphonso,en,「大変有益です。私が直接指揮を執り、これらの資金が持続的な発展と良好な成果をもたらすように致します。」
0x010000640000B3B4,43,99,Sordland/Turn03/Ewald Alphonso Debate,Gus Manger,en,「エヴァルトだけではありません。我々には優秀な財務チームがいます。」
0x010000640000B3BA,43,100,Sordland/Turn03/Ewald Alphonso Debate,Player,en,「私は自分がすべきことをしただけだ。『46年の会議』でソルを打ち負かすためにあなたが行ったことと同じように。我々が別人であるかのような振る舞いはやめろ。」
0x010000640000B3C0,43,101,Sordland/Turn03/Ewald Alphonso Debate,Ewald Alphonso,en,「権力への道があなたの目を曇らせてしまったのですか？」
0x010000640000B3C6,43,102,Sordland/Turn03/Ewald Alphonso Debate,Ewald Alphonso,en,「もし共に働くのであれば、我々が同じ方向を向いているかどうかをはっきりさせた方が良いでしょう。」
0x010000640000B3CC,43,103,Sordland/Turn03/Ewald Alphonso Debate,Ewald Alphonso,en,「この共和国の大統領として、我々を分かつものよりも結びつけるものの方が多い。私は良好なパートナーシップを築きたいと思っています。」
0x010000640000B3D2,43,104,Sordland/Turn03/Ewald Alphonso Debate,Ewald Alphonso,en,「それを提供しているのはあなたですか？宮殿の窓の外を見たことがありますか？」
0x010000640000B3D8,43,105,Sordland/Turn03/Ewald Alphonso Debate,Ewald Alphonso,en,「これはゲームではありません。今日の話し合いから何か実りある結果を得るためには、信頼を築く必要があります。」
0x010000640000B3DE,43,106,Sordland/Turn03/Ewald Alphonso Debate,Ewald Alphonso,en,「以前も我々はうまく協力し合えましたし、再びそうすることができます。ですが、我々の意図は真摯なものでなければなりません。」
0x010000640000B3E4,43,107,Sordland/Turn03/Ewald Alphonso Debate,Player,en,「ご丁寧なお言葉に感謝するが、過去のことはもう過去だ。些細なことで気を悪くする必要はない。」
0x010000640000B3EA,43,108,Sordland/Turn03/Ewald Alphonso Debate,Player,en,「あなたの任期は厳しい結末を迎えたかもしれない。だがそれで私があなたを尊敬していないというわけではない。」
0x010000640000B3F0,43,109,Sordland/Turn03/Ewald Alphonso Debate,Player,en,「私はあなたのビジョンを信じて一緒に働いてきた。しかし意見は変わり、忠誠心もまた変わるものだ。」
0x010000640000B3F6,43,110,Sordland/Turn03/Ewald Alphonso Debate,Ewald Alphonso,en,「深いパートナーシップを築くための大きな可能性があると思います。政府がガス供給の安全保障を強化すれば、当社も競争し成長することができます。」
0x010000640000B3FC,43,111,Sordland/Turn03/Ewald Alphonso Debate,Gus Manger,en,「他の投資家を引き付けた後であれば、国は常により高い価格で株式を売却し、利益を得ることができます。」
0x010000640000B402,43,112,Sordland/Turn03/Ewald Alphonso Debate,Ewald Alphonso,en,「政府の立場からすればコストは高くなりますが、意義のある取り組みです。」
0x010000640000B415,43,118,Sordland/Turn03/Ewald Alphonso Debate,Narrator,en,ガスは頭をかいた。
0x010000640000B41F,43,119,Sordland/Turn03/Ewald Alphonso Debate,Ewald Alphonso,en,「51年まではそうでした。しかしその後、ソル主義者たちの秘密勢力が我々の民主主義に対して破壊的な行為を開始したのです。」
0x010000640000B425,43,120,Sordland/Turn03/Ewald Alphonso Debate,Gus Manger,en,「大統領、我々は目標を見失いつつあると思います。」
0x010000640000B434,43,125,Sordland/Turn03/Ewald Alphonso Debate,Ewald Alphonso,en,「私は公正にあの選挙戦に勝ったのだ。ソルの時代はもう終わりつつあった。私がしたことといえば、未来へのビジョンを示しただけだ。」
0x010000640000B43A,43,126,Sordland/Turn03/Ewald Alphonso Debate,Ewald Alphonso,en,「タルキン・ソルも当初は私の邪魔をしませんでした。彼は党の意志を尊重し、私に自由な行動を許してくれたのです。」
0x010000640000B440,43,127,Sordland/Turn03/Ewald Alphonso Debate,Ewald Alphonso,en,「私の楽観視できない心情の理由については、大統領もご理解いただけるでしょう。」
0x010000640000B446,43,128,Sordland/Turn03/Ewald Alphonso Debate,Player,en,「楽観主義もまた一種の選択だ、エヴァルト。そして時には、それを決めるのは非常に難しいことでもある。」
0x010000640000B44C,43,129,Sordland/Turn03/Ewald Alphonso Debate,Ewald Alphonso,en,「この企業の将来は、私にとってもソードランド国にとっても同じくらい重要なのです。」
0x010000640000B452,43,130,Sordland/Turn03/Ewald Alphonso Debate,Player,en,「……もう二度と騙されない、ということか？」
0x010000640000B458,43,131,Sordland/Turn03/Ewald Alphonso Debate,Player,en,「ああ、エヴァルト。我々も分裂を目の当たりにしてきた。今はそれをどう乗り越えるかという問題だ。」
0x010000640000B45E,43,132,Sordland/Turn03/Ewald Alphonso Debate,Ewald Alphonso,en,「国内やリジアの親しい友人たちの力を借りれば済むことを、わざわざ遠くまで行く必要がどこにあるのですか？」
0x010000640000B464,43,133,Sordland/Turn03/Ewald Alphonso Debate,Gus Manger,en,「いくつかの外国銀行が関心を示していますが、彼らはガソム全体を買い取りたがっています。少なくとも現時点ではそれは不可能です。」
0x010000640000B46A,43,134,Sordland/Turn03/Ewald Alphonso Debate,Ewald Alphonso,en,「共同出資にすると、ソードランドの拠出額は減少しますが、戦略的な目的のために国としては引き続き持分を保持できます。」
0x010000640000B470,43,135,Sordland/Turn03/Ewald Alphonso Debate,Gus Manger,en,「国庫の状況が懸念事項であるなら、この方法が最も適切な選択肢となり得ます。」
0x010000640000B476,43,136,Sordland/Turn03/Ewald Alphonso Debate,Ewald Alphonso,en,「私もかつてあなたの立場にいました。マルーン宮殿を始めとし、その後は街中でさえも国内抗争が激化するのを目の当たりにしたのです。」
0x010000640000B47C,43,137,Sordland/Turn03/Ewald Alphonso Debate,Ewald Alphonso,en,「私は楽観主義者です。今日、あらゆる困難を乗り越えてここに来たのは、依然として共通の基盤を見出せると信じているからです。」
0x010000640000B482,43,138,Sordland/Turn03/Ewald Alphonso Debate,Ewald Alphonso,en,「よく言うでしょう。一度だまされれば……」
0x010000640000B488,43,139,Sordland/Turn03/Ewald Alphonso Debate,Ewald Alphonso,en,「それは何ですか？」
0x010000640000B48E,43,140,Sordland/Turn03/Ewald Alphonso Debate,Player,en,「ガソムの問題には支援が必要だ。」
0x010000640000B494,43,141,Sordland/Turn03/Ewald Alphonso Debate,Ewald Alphonso,en,「大統領、私はあなたが、特に景気後退から回復しようと努めている今、ソードランドがエネルギー自立を必要としていることを理解しているものと信じています。」
0x010000640000B49A,43,142,Sordland/Turn03/Ewald Alphonso Debate,Ewald Alphonso,en,「確かに。私は常にあなたを戦略的な同盟者だと考えてきました、大統領。」
0x010000640000B4A0,43,143,Sordland/Turn03/Ewald Alphonso Debate,Ewald Alphonso,en,「我々の協力による相互利益が見えないのですか？」
0x010000640000B4A6,43,144,Sordland/Turn03/Ewald Alphonso Debate,Ewald Alphonso,en,「もちろん、我々の間に意見の相違があったこともあります。しかし国民があなたを選びました。国の未来はあなたの手の中にあるのです。」
0x010000640000B4B0,43,146,Sordland/Turn03/Ewald Alphonso Debate,Player,en,「我々は元々、常に共に働く運命にあったのだ。」
0x010000640000B4B6,43,147,Sordland/Turn03/Ewald Alphonso Debate,Player,en,「あなたがいるからこそ、私は今の自分になれているのだ。」
0x010000640000B4BC,43,148,Sordland/Turn03/Ewald Alphonso Debate,Ewald Alphonso,en,「過去に意見の相違があったとはいえ、我々のソードランドに対するビジョンは依然として一致しています。」
0x010000640000B4C7,43,152,Sordland/Turn03/Ewald Alphonso Debate,Gus Manger,en,「その時期、他国もソードランドに対して強く否定的な態度を取っていました。」
0x010000640000B4CD,43,153,Sordland/Turn03/Ewald Alphonso Debate,Player,en,「エヴァルト、他にも要因があったことは理解している。だが自分の失脚においても自分自身が一役買ったことを認めなければならない。」
0x010000640000B4D3,43,154,Sordland/Turn03/Ewald Alphonso Debate,Player,en,「自分の過ちを他人のせいにするのは簡単なことだよね？」
0x010000640000B4D9,43,155,Sordland/Turn03/Ewald Alphonso Debate,Ewald Alphonso,en,「そのことについては、守旧派の妨害行為や彼らがソルと対立していることに感謝すべきです。」
0x010000640000B58A,43,156,Sordland/Turn03/Ewald Alphonso Debate,Ewald Alphonso,en,「言うは易く行うは難し、ですな？」
0x010000640000B590,43,157,Sordland/Turn03/Ewald Alphonso Debate,Ewald Alphonso,en,「しかし楽観性がなければ、我々に何が残るというのか？絶望か？それでは国を導くことはできない。」
0x010000640000B596,43,158,Sordland/Turn03/Ewald Alphonso Debate,Ewald Alphonso,en,「そのようなことです。私の言いたいのは、再び裏切りを企てるのは賢明ではないということです。」
0x010000640000B59F,43,159,Sordland/Turn03/Ewald Alphonso Debate,Gus Manger,en,「確かに困難な道のりです。しかし、ただ諦めてはいけません。紳士方、ソードランドは我々を必要としています。」
0x010000640000B5A6,43,160,Sordland/Turn03/Ewald Alphonso Debate,Gus Manger,en,「絶望も許されませんよね？しっかりと頭を上げ、前を見据えていきましょう。」
0x010000640000B5AD,43,161,Sordland/Turn03/Ewald Alphonso Debate,Gus Manger,en,「紳士の皆様、過去の恨みが我々の判断を曇らせてはなりません。」
0x010000640000B5B4,43,162,Sordland/Turn03/Ewald Alphonso Debate,Player,en,「分裂は人生における避けられない現実だ、エヴァルト。問題は、我々がどうやってそれに対処するかということだ。」
0x010000640000B5BB,43,163,Sordland/Turn03/Ewald Alphonso Debate,Player,en,「国が変わるためには、時として社会的な分裂を経験する必要があるのだ。」
0x010000640000B5C2,43,164,Sordland/Turn03/Ewald Alphonso Debate,Player,en,「楽観主義だと？エヴァルト、それは私には許されない贅沢だ。」
0x010000640000B5CA,43,165,Sordland/Turn03/Ewald Alphonso Debate,Player,en,「私もエヴァルトと同じく楽観的だ。希望を失ってはならない。」
0x010000640000B5D1,43,166,Sordland/Turn03/Ewald Alphonso Debate,Player,en,「私がわざわざ遠路はるばる来たのは、アエルワルドをだますためではないのだ。」
0x010000640000B5D8,43,167,Sordland/Turn03/Ewald Alphonso Debate,Player,en,「私には率いるべき国がある。なぜわざわざあなた方と話す必要があるのだ？」
0x010000640000B5DF,43,168,Sordland/Turn03/Ewald Alphonso Debate,Ewald Alphonso,en,「難しい選択ではありますが、我々を前進させることのできる唯一の道でもあるのです。」
0x010000640000B5EF,43,169,Sordland/Turn03/Ewald Alphonso Debate,Ewald Alphonso,en,「確かに、大統領。そして我々の対処法は異なるようですね。」
0x010000640000B5F6,43,170,Sordland/Turn03/Ewald Alphonso Debate,Ewald Alphonso,en,「しかし、その分裂によってどれだけ多くの人々が苦しむことになるのでしょうか？」
0x010000640000B63E,43,174,Sordland/Turn03/Ewald Alphonso Debate,Player,en,「エヴァルト、過去のことは忘れよう。私には治めるべき国がある。」
0x010000640000B644,43,175,Sordland/Turn03/Ewald Alphonso Debate,Player,en,「これは確かにビジネス上の取引だ、エヴァルト。それに集中しよう。」
0x010000640000B64A,43,176,Sordland/Turn03/Ewald Alphonso Debate,Player,en,「大統領同士が団結するだと？なかなか興味深い考えだね。」
0x010000640000B650,43,177,Sordland/Turn03/Ewald Alphonso Debate,Ewald Alphonso,en,「もちろんです、大統領。何よりもまず、ビジネスの観点からこの議論を進めるべきでございます。」
0x010000640000B656,43,178,Sordland/Turn03/Ewald Alphonso Debate,Ewald Alphonso,en,「確かに、それは興味深い考えですね、大統領。残念ながら、政治がしばしばその障害となってしまいます。」
0x010000640000B65C,43,179,Sordland/Turn03/Ewald Alphonso Debate,Ewald Alphonso,en,「レイン大統領、私も同感です。ソードランドの福祉こそが常に我々の最優先事項でなければなりません。」
0x010000640000B668,43,180,Sordland/Turn03/Ewald Alphonso Debate,Gus Manger,en,「その通りです、諸君！早速本題に入りましょう。」
0x010000640000B66F,43,181,Sordland/Turn03/Ewald Alphonso Debate,Gus Manger,en,「もう少しそういった姿勢があってもよいのではないでしょうか？元大統領も現職の大統領も、皆が力を合わせてソードランドのために尽くすのです！」
0x010000640000B676,43,182,Sordland/Turn03/Ewald Alphonso Debate,Gus Manger,en,「その通りです、諸君！ソードランドが何よりも最優先されるべきですね、間違いありません。」
0x010000640000B688,43,183,Sordland/Turn03/Ewald Alphonso Debate,Ewald Alphonso,en,「ソードランドの将来について議論するにあたり、私が皆様のビジョンを正しく理解することは極めて重要です。」
0x010000640000B74A,43,184,Sordland/Turn03/Ewald Alphonso Debate,Ewald Alphonso,en,「今、リジア王国がガソムへの投資に前向きだと聞いています。」
0x010000640000B751,43,185,Sordland/Turn03/Ewald Alphonso Debate,Ewald Alphonso,en,「一方で、ガソムへの投資に関心を示しているリジア王国に対する貴方の姿勢については、まだ何の兆しも聞いておりません。」
0x010000640000B75E,43,187,Sordland/Turn03/Ewald Alphonso Debate,Player,en,「私が最も気にしているのは、リジアとの協力を行おうとしなかろうと、ソードランドの人々の福祉だ。」
0x010000640000B764,43,188,Sordland/Turn03/Ewald Alphonso Debate,Player,en,「ああ、外国の国がソードランド系企業に関心を示しているというのは、好ましい兆候だと私は考えている。」
0x010000640000B76A,43,189,Sordland/Turn03/Ewald Alphonso Debate,Player,en,「私としてもその案には肯定的だが、君主制のような国際的パートナーと関わることにはそれなりの悪影響が伴う。」
0x010000640000B770,43,190,Sordland/Turn03/Ewald Alphonso Debate,Player,en,「リジアのような裕福な国と協力する可能性は魅力的ではあるが、彼らの真の意図には疑念を抱いている。」
0x010000640000B776,43,191,Sordland/Turn03/Ewald Alphonso Debate,Player,en,「この件についてはまだ詳細な報告を受けておらない。私としては慎重な態度を保ち、軽率な約束をすることは避けたいのだ。」
0x010000640000B77C,43,192,Sordland/Turn03/Ewald Alphonso Debate,Player,en,「我々のエネルギー産業の重要な構成要素を外国企業に渡すつもりはない。」
0x010000640000B782,43,193,Sordland/Turn03/Ewald Alphonso Debate,Ewald Alphonso,en,「大統領、あなたがこの国のために定めた方針は、必然的にガソムだけでなく、世界の舞台におけるソードランドの立場にも影響を及ぼすことになります。」
0x010000640000B78F,43,194,Sordland/Turn03/Ewald Alphonso Debate,Player,en,「ですから、なぜここまで来たのか、その理由を理解しようという心構えはある。」
0x010000640000B795,43,195,Sordland/Turn03/Ewald Alphonso Debate,Player,en,「私はあなた方の見解を理解しており、ある程度それにも一理ある。真剣に解決策を探したいと思う。」
0x010000640000B79B,43,196,Sordland/Turn03/Ewald Alphonso Debate,Player,en,「私はあなたの立場も理解しているが、ここにいるのはあなたの問題を気にかけるためではない。」
0x010000640000B7A4,43,197,Sordland/Turn03/Ewald Alphonso Debate,Player,en,「ソードランドの将来を考えれば、ガソムがソードランド人の手に留まることが皆にとって最善の利益だ。」
0x010000640000B7AA,43,198,Sordland/Turn03/Ewald Alphonso Debate,Player,en,「我々にはガソムと同様の事業を行える国営エネルギー企業があり、それらの方がさらに優れている。」
0x010000640000B7B0,43,199,Sordland/Turn03/Ewald Alphonso Debate,Player,en,「ガソムはソードランドのエネルギー自立において極めて重要な役割を果たしている。必ず制御しなければならない。」
0x010000640000B7B9,43,200,Sordland/Turn03/Ewald Alphonso Debate,Player,en,「それこそが、我々のいわゆる『民主主義』がいかに脆弱であるかを示しているのだ。」
0x010000640000B7BF,43,201,Sordland/Turn03/Ewald Alphonso Debate,Player,en,「大胆な改革ではあったが、実行があまりにも急ぎすぎた。もし成功していれば、どんな秘密勢力の陰謀も失敗に終わっていただろう。」
0x010000640000B7C5,43,202,Sordland/Turn03/Ewald Alphonso Debate,Player,en,「私も今、守旧派と直接対決した。あなた方がどのような困難に直面していたか、よく理解できる。」
0x010000640000B7CE,43,203,Sordland/Turn03/Ewald Alphonso Debate,Ewald Alphonso,en,「彼らは打ち負かすことができると私は思います。ただし、味方がいなければ無理でしょう。」
0x010000640000B7D5,43,204,Sordland/Turn03/Ewald Alphonso Debate,Ewald Alphonso,en,「我々の民主主義は弱くない。試練に遭ってきたが、それでも強い回復力を示してきたのだ。闘争と弱さを混同してはならない。」
0x010000640000B7DC,43,205,Sordland/Turn03/Ewald Alphonso Debate,Ewald Alphonso,en,「後から振り返って簡単に判断するものです。確かに我々は断固として行動しましたが、当時はそうすることが必要だったのです。」
0x010000640000B7E3,43,206,Sordland/Turn03/Ewald Alphonso Debate,Ewald Alphonso,en,「国家の利益とガソムの発展は互いに矛盾するものではありません。我々の管理権は分け合うことができます。」
0x010000640000B7E9,43,207,Sordland/Turn03/Ewald Alphonso Debate,Ewald Alphonso,en,「私も異議はありません。しかし重要なのはガソムを誰が所有するかではなく、それがどのように運営されるかです。」
0x010000640000B7EF,43,208,Sordland/Turn03/Ewald Alphonso Debate,Ewald Alphonso,en,「ではぜひとも、彼らに試させてみましょう。競争こそが進歩の命脈です。最も優れた企業が勝つのです。」
0x010000640000B7F8,43,209,Sordland/Turn03/Ewald Alphonso Debate,Ewald Alphonso,en,「これは私だけの問題ではありません。これらはソードランド全体の問題なのです。もしあなたがそれらを気にかけるつもりがないのなら、なぜここにいるのでしょうか？」
0x010000640000B7FE,43,210,Sordland/Turn03/Ewald Alphonso Debate,Ewald Alphonso,en,「まあ、それは実に寛大なお考えですね。こちらまで来た理由を説明することではありません。重要なのは、ソードランドの未来を形作る上で私が果たすべき重大な役割を理解することです。」
0x010000640000B804,43,211,Sordland/Turn03/Ewald Alphonso Debate,Ewald Alphonso,en,「では、そうしましょう。ソードランドのためにも、共通の土台を見つけ出す必要があります。」
0x010000640000B85B,43,212,Sordland/Turn03/Ewald Alphonso Debate,Ewald Alphonso,en,「大統領、ご指摘の点はもっともです。外国投資家の関心は、我々の成長力や競争力への賛同と見なすことができるでしょう。」
0x010000640000B862,43,213,Sordland/Turn03/Ewald Alphonso Debate,Ewald Alphonso,en,「大統領、あなたの慎重さは当然のことです。国際的な提携には数多くの複雑な問題が伴います。」
0x010000640000B869,43,214,Sordland/Turn03/Ewald Alphonso Debate,Ewald Alphonso,en,「確かに、大統領。ソードランドの福祉と発展こそが、常に我々が最も重視すべき事柄であるべきです。」
0x010000640000B870,43,215,Sordland/Turn03/Ewald Alphonso Debate,Ewald Alphonso,en,「大統領、ご慎重さは敬服しますが、幸運はしばしば大胆な者に味方するものですので、その点を忘れてはなりません。」
0x010000640000B877,43,216,Sordland/Turn03/Ewald Alphonso Debate,Ewald Alphonso,en,「大統領、ソードランドの重要産業を気にかけてくださるお気持ちを聞き、私としても励みになります。」
0x010000640000B87E,43,217,Sordland/Turn03/Ewald Alphonso Debate,Ewald Alphonso,en,「大統領、ご警戒になるのも無理はありません。リジアのような国の動機は必ずしも明確とは限りませんから。」
0x010000640000B88B,43,218,Sordland/Turn03/Ewald Alphonso Debate,Ewald Alphonso,en,「ですが、そのような関心だけでは我々の成功を保証するものではないと警告しておきます。」
0x010000640000B892,43,219,Sordland/Turn03/Ewald Alphonso Debate,Ewald Alphonso,en,「ですが、彼らがソードランドにもたらしうる潜在的な機会や利益をご理解いただけていると信じております。」
0x010000640000B8A7,43,220,Sordland/Turn03/Ewald Alphonso Debate,Ewald Alphonso,en,「これらの産業分野の支配を維持することは確かに重要ですが、海外投資がもたらしうる潜在的な利益も考慮しなければなりません。」
0x010000640000B8AE,43,221,Sordland/Turn03/Ewald Alphonso Debate,Ewald Alphonso,en,「我々の最優先事項は、結ぶあらゆる提携がソードランドの最善の利益となるようにすることです。」
0x010000640000B9BB,43,222,Sordland/Turn03/Ewald Alphonso Debate,Player,en,「ご指摘の通りだ、ガス。我々は再び集中しなければならない。エヴァルト、意見の相違は脇に置き、ソードランドのために最善の結果を目指しよう。」
0x010000640000B9C1,43,223,Sordland/Turn03/Ewald Alphonso Debate,Player,en,私には分からない。もし我々のソードランドに対するビジョンが根本的に食い違っているのなら、この議論を続けても意味があるのだろうか？
0x010000640000BA06,43,225,Sordland/Turn03/Ewald Alphonso Debate,Ewald Alphonso,en,「我々の評判、つまり在任中に得た名声というものが、我々が残す遺産、すなわち後世に残すものを形作るのです。これら二つは切り離せない関係にあります。」
0x010000640000BA0D,43,226,Sordland/Turn03/Ewald Alphonso Debate,Ewald Alphonso,en,「我々は、我々の価値観を体現する評判と、ソードランドに与えた影響を示す遺産を築くよう努めるべきだ。」
0x010000640000BA14,43,227,Sordland/Turn03/Ewald Alphonso Debate,Gus Manger,en,「その通りです、エヴァルト。人というものは、他者に与える影響や後世にどう記憶されるかによってこそ評価されるものでしょう。」
0x010000640000BA1B,43,228,Sordland/Turn03/Ewald Alphonso Debate,Player,en,「私も同感だ。我々の評判とは行動の鏡であり、遺産とは残る影に他ならない。」
0x010000640000BA21,43,229,Sordland/Turn03/Ewald Alphonso Debate,Player,en,「興味深い見解だね。しかし評判は一時的なものであり、遺産こそが永続するものだ。真に重要なのは後者だけだ。」
0x010000640000BA29,43,230,Sordland/Turn03/Ewald Alphonso Debate,Player,en,「アルフォンソさん、その点はもっともだ。しかし私としては、誠実さと国民への奉仕こそが、評判や遺産よりも重要だと考える。」
0x010000640000BA50,43,231,Sordland/Turn03/Ewald Alphonso Debate,Ewald Alphonso,en,「わかりました、大統領。我々の個人的な意見の相違が、我が国や私の会社の将来を覆い隠すべきではありません。」
0x010000640000BA57,43,232,Sordland/Turn03/Ewald Alphonso Debate,Ewald Alphonso,en,「大統領、そのお言葉は諦めを示しているように聞こえます。しかし我々の間に相違点があっても、合意に至る可能性は依然としてあると信じています。」
0x010000640000BA5E,43,233,Sordland/Turn03/Ewald Alphonso Debate,Gus Manger,en,「お二人が共通の認識に達されたことを嬉しく思います。我々は国と私の会社の将来を最優先に、前進しましょう。」
0x010000640000BA65,43,234,Sordland/Turn03/Ewald Alphonso Debate,Player,en,「エヴァルト、ここでの検討可能な選択肢はもう尽きたと思う。我々のソードランドに対する構想があまりにも食い違っているのだ。」
0x010000640000BA6C,43,235,Sordland/Turn03/Ewald Alphonso Debate,Ewald Alphonso,en,「大統領、それは残念ですね。私としては何らかの折衷案が見出せるものと期待していましたが、あなたのご決断を尊重します。」
0x010000640000BA7A,43,236,Sordland/Turn03/Ewald Alphonso Debate,Ewald Alphonso,en,「よろしい。今はあなたが私の領域にいるのだから、再び裏切ることは重大な過ちとなるでしょう。」
0x010000640000BA80,43,237,Sordland/Turn03/Ewald Alphonso Debate,Gus Manger,en,「皆様、我々がここにいるのは新たな協定を結ぶためであり、過去の対立を蒸し返すためではないことを忘れてはなりません。」
0x010000640000BA88,43,238,Sordland/Turn03/Ewald Alphonso Debate,Ewald Alphonso,en,「大統領、私は指導者としての責任をよく理解しております。私の経験があなたの役に立つかもしれないとは考えたことはありませんか？」
0x010000640000BA8E,43,239,Sordland/Turn03/Ewald Alphonso Debate,Gus Manger,en,「大統領、エヴァルト、我々は皆、ソードランドの最善を願っているという事実を忘れてはなりません。意見は異なるかもしれませんが、目指す目標は同じです。」
0x010000640000BACC,43,246,Sordland/Turn03/Ewald Alphonso Debate,Player,en,「アエルヴァルト・アルフォンソの言う通りだ。我が国にはエネルギーの自立と経済回復の両方が必要だ。協力し合えば有益かもしれないね。」
0x010000640000BAD3,43,247,Sordland/Turn03/Ewald Alphonso Debate,Player,en,「エヴァルト、我々の目標は一しているかもしれないが、それだけで互いに必要だというわけではない。ソードランドはもはやあなたの責任ではないのだ。」
0x010000640000BADA,43,248,Sordland/Turn03/Ewald Alphonso Debate,Player,en,「エヴァルト、私はまだ納得していない。あなたの過去の行動から、あなたの意図を疑わざるを得ないのだ。」
0x010000640000BAE1,43,249,Sordland/Turn03/Ewald Alphonso Debate,Player,en,「エヴァルト、あなたのソードランドに対するビジョンには長所がある。だが、私の政権には自ら進むべき道がある。」
0x010000640000BAE7,43,250,Sordland/Turn03/Ewald Alphonso Debate,Player,en,「エヴァルト、我々のビジョンは大いに重なり合っている。力を合わせて努力すべきだ。」
0x010000640000BAED,43,251,Sordland/Turn03/Ewald Alphonso Debate,Player,en,「エヴァルト、共通のビジョンだけが必ずしも同盟の根拠とはならないのだ。」
0x010000640000BB0D,43,252,Sordland/Turn03/Ewald Alphonso Debate,Player,en,「エヴァルト、民衆の支持というのは重い負担だ。私はあなたとは違い、名誉と誠実さを持ってそれを背負っていくつもりだ。」
0x010000640000BB13,43,253,Sordland/Turn03/Ewald Alphonso Debate,Player,en,「それは偏愛の問題ではなく、エヴァルト。我が国のために正しい決断を下すことだ。」
0x010000640000BB19,43,254,Sordland/Turn03/Ewald Alphonso Debate,Player,en,「アエルワルド、民衆の支持は一時的なものだ。重要なのは我々が残す遺産である。」
0x010000640000BB22,43,255,Sordland/Turn03/Ewald Alphonso Debate,Ewald Alphonso,en,「その通りです、大統領。我々が団結すれば、偉大なことを成し遂げることができます。」
0x010000640000BB29,43,256,Sordland/Turn03/Ewald Alphonso Debate,Ewald Alphonso,en,「その通りです。それはあなたの責任です。しかし忘れてはならない、人は誰しも孤島ではないということを。」
0x010000640000BB30,43,257,Sordland/Turn03/Ewald Alphonso Debate,Ewald Alphonso,en,「大統領、ご懸念の気持ちは理解しております。しかし、過去の誤解が将来の発展の妨げになってはなりません。」
0x010000640000BB37,43,258,Sordland/Turn03/Ewald Alphonso Debate,Ewald Alphonso,en,「ええ、どの政権にも独自の道があります。ですが、先人たちが歩んできた知恵を軽視してはなりません。」
0x010000640000BB3E,43,259,Sordland/Turn03/Ewald Alphonso Debate,Ewald Alphonso,en,「確かにです、大統領。私はあなたの意思決定における自律性を尊重いたします。」
0x010000640000BB45,43,260,Sordland/Turn03/Ewald Alphonso Debate,Ewald Alphonso,en,「確かに、大統領。ですが時として、予期せぬ同盟こそが最も大きな変化をもたらすのです。」
0x010000640000BB4C,43,261,Sordland/Turn03/Ewald Alphonso Debate,Ewald Alphonso,en,「大統領、あなたの憎しみ心は、あなたがその任を果たせないのではないかという疑念を抱かせます。理由もなく敵を作るのは賢明ではありません。」
0x010000640000BB53,43,262,Sordland/Turn03/Ewald Alphonso Debate,Ewald Alphonso,en,「確かに、大統領。ですが、正しい決断というものは必ずしも最も容易なものではありません。」
0x010000640000BB5A,43,263,Sordland/Turn03/Ewald Alphonso Debate,Ewald Alphonso,en,「大統領、なんと賢明なご見解でしょう。」
0x010000640000BB64,43,264,Sordland/Turn03/Ewald Alphonso Debate,Ewald Alphonso,en,「ガソムと関わるようになったことをお話ししたことがありますか？」
0x010000640000BB6A,43,265,Sordland/Turn03/Ewald Alphonso Debate,Ewald Alphonso,en,「それはすべて、私が好機をつかんだからです。コンタナのパートナーたちが売りに出していた株式を買い取り、大きな持分を確保したのです。この行動は単なる経済的利益や個人的野心のためだけではありませんでした。」
0x010000640000BB72,43,266,Sordland/Turn03/Ewald Alphonso Debate,Narrator,en,我々の注意は再び会議に向けられた。
0x010000640000BB79,43,267,Sordland/Turn03/Ewald Alphonso Debate,Narrator,en,アルフォンソは続ける前にコーヒーを一口飲んだ。
0x010000640000BB9B,43,268,Sordland/Turn03/Ewald Alphonso Debate,Ewald Alphonso,en,「株式を手に入れた後、CEOに選出されました。会社は拡大し、世界中から一流のエンジニアを雇い入れ、ナルベルという小さな町を繁栄する都市へと変え上げたのです。」
0x010000640000BBA2,43,269,Sordland/Turn03/Ewald Alphonso Debate,Ewald Alphonso,en,「自然保護財団からの批判があったにもかかわらず、私はソードランドのガス需要のほとんどを満たし、エネルギー自給率を向上させると同時に、タルキン・ソルの自給計画方針にも沿って行動しました。」
0x010000640000BBA9,43,270,Sordland/Turn03/Ewald Alphonso Debate,Ewald Alphonso,en,「それが機会というものの本質です。重要なのは、機会が訪れた時にそれをつかむことです。そして忘れてはならないのは、単に一歩踏み出すだけでなく、着地した後に何をするかという点でもあるということです。」
0x0100006500000F16,43,271,Sordland/Turn03/Ewald Alphonso Debate,Narrator,en,彼はコーヒーを一口飲んだ。その顔には思慮深い表情が浮かんでいた。
0x0100006500000F1D,43,272,Sordland/Turn03/Ewald Alphonso Debate,Ewald Alphonso,en,「私はそれらを単なる反映や影とは見なしていません。それらは我々の行動が生み出した具体的な成果であり、我々の努力の結実なのです。」
0x0100006500000F24,43,273,Sordland/Turn03/Ewald Alphonso Debate,Ewald Alphonso,en,「私としては、評判の一時的な性質こそがそれを重要にする要因だと考えます。評判というのは、遺産という種子が育つための土壌なのです。」
0x0100006500000F2B,43,274,Sordland/Turn03/Ewald Alphonso Debate,Ewald Alphonso,en,「高貴な見解ですね。しかし、我々の誠実さや奉仕の姿勢は、結局のところ我々の評判や遺産によって判断されるものではないでしょうか？」
0x0100006500000F3C,43,275,Sordland/Turn03/Ewald Alphonso Debate,Player,en,「あなたの過去の行動は、人々や環境を犠牲にして無慈悲に利益を追求したものに過ぎない。それが誇れるような評判や遺産だとは言えない。」
0x0100006500000F43,43,276,Sordland/Turn03/Ewald Alphonso Debate,Ewald Alphonso,en,「厳しい批判ですが、意外なものではありません。私は利益をより大きな目的を達成するための手段と見なしています。それによって我々は進歩を促し、人々の生活を変えることができるのです。」
0x0100006500000F4A,43,277,Sordland/Turn03/Ewald Alphonso Debate,Ewald Alphonso,en,「私の遺産については、あなたや私ではなく歴史が判断することだ。」
0x0100006500000F75,43,278,Sordland/Turn03/Ewald Alphonso Debate,Gus Manger,en,「ガソムとの関係において、我々は今、分かれ道に立っているようです。数字からは苦闘と可能性という二つの側面が読み取れます。」
0x0100006500000F7E,43,279,Sordland/Turn03/Ewald Alphonso Debate,Ewald Alphonso,en,「ガスムとの関係において、遠回しに言う必要はありません、ガス。我々の企業は崖っぷちに立たされています。大幅な再編を行わなければ、計り知れない借金に苦しみ、破産する危険があります。」
0x0100006500000F85,43,280,Sordland/Turn03/Ewald Alphonso Debate,Gus Manger,en,「古くからの友人であるエヴァルトが助けを求めて私のもとに来ました。共に過ごした歴史への敬意、そして会社に持つわずかな出資分もあり、断ることはできませんでした。」
0x0100006500000F8C,43,281,Sordland/Turn03/Ewald Alphonso Debate,Ewald Alphonso,en,「ガス・マンガーのリジア人とのコネクションのおかげで、今やその王国の投資家たちがガソムに関心を示しています。これは、差し迫った危機から我々を救う可能性のある展開です。」
0x0100006500000F99,43,282,Sordland/Turn03/Ewald Alphonso Debate,Player,en,「未開拓の地域には大きな可能性があるようだね。こうした新たな分野に投資した場合、どの程度の利益が見込めるのだろうか？」
0x0100006500000F9F,43,283,Sordland/Turn03/Ewald Alphonso Debate,Player,en,「その投資によって、ガソムが事業規模を縮小せざるを得なくなるのを防げるだろうか？」
0x0100006500000FA5,43,284,Sordland/Turn03/Ewald Alphonso Debate,Player,en,「それはリスクだ、アルフォンソ。もし投資が期待通りの成果を上げなかったらどうするんだ？」
0x0100006500000FD5,43,285,Sordland/Turn03/Ewald Alphonso Debate,Gus Manger,en,「父親が病気になって初めて、彼は農場の経営を引き継ぎ改革を行ったのです。多くのリスクを負い、失敗もしましたが、結局わずか数年で生産量を3倍にまで高めることができました。」
0x0100006500000FDC,43,286,Sordland/Turn03/Ewald Alphonso Debate,Gus Manger,en,「大統領、ご懸念の点は、私がOMECで働いていた頃を思い出させます。地元企業の活性化のために海外から投資を導入していたのですが、変革を恐れ、我々が国を売り渡すと考える人々から抗議もありました。しかし我々は反発に耐え、自分たちの決断を貫き通しました。」
0x0100006500000FEA,43,287,Sordland/Turn03/Ewald Alphonso Debate,Player,en,「心温まる話だね、ガス。しかし、一つの成功例が必ずしも国全体にとって最良の方法だとは限らない。」
0x0100006500000FF0,43,288,Sordland/Turn03/Ewald Alphonso Debate,Player,en,「ガス、それは実に感動的な話だ。これこそがソードランドで我々が育んでいくべき革新と発展の姿だ。」
0x0100006500000FF6,43,289,Sordland/Turn03/Ewald Alphonso Debate,Player,en,「ちょっと待ってくれ、ガス。これは君の話なのか？君があの若い農夫だったのか？」
0x0100006500000FFF,43,290,Sordland/Turn03/Ewald Alphonso Debate,Gus Manger,en,「数年後、かつて反対していた人々でさえ、我々が生み出した雇用や経済成長の恩恵を実感するようになった。変革は常に抵抗に遭うものだが、結局のところ重要なのは成果だけだ。」
0x0100006500001006,43,291,Sordland/Turn03/Ewald Alphonso Debate,Player,en,「グス、それは良い話だね。しかし我々が話しているのは企業のことではなく、国全体のことだ。関わるリスクははるかに大きいのだ。」
0x010000650000100C,43,292,Sordland/Turn03/Ewald Alphonso Debate,Player,en,「ガス、OMECでのあなたの経験は我々にとって非常に貴重だ。我々は引き続き努力を続け、下した決断を最後まで実行していく必要がある。」
0x0100006500001012,43,293,Sordland/Turn03/Ewald Alphonso Debate,Player,en,「ガス、変革には抵抗が伴うかもしれないが、この道のりで国民が我々と共にいるようにするのが我々の役目だ。彼らの懸念を無視してはならない。」
0x010000650000101B,43,294,Sordland/Turn03/Ewald Alphonso Debate,Gus Manger,en,「はっ！確かに私は農場で育ったが、いや、あれは私ではない。私はリンゴを実用性のある燃料に変えようと必死だったのだ。失敗した実験だったが、なかなか美味しいサイダーができたぞ！」
0x0100006500001022,43,295,Sordland/Turn03/Ewald Alphonso Debate,Gus Manger,en,「それが経済的自由の力です。革新を可能にし、我々が適応し成長することを可能にするのです。」
0x0100006500001029,43,296,Sordland/Turn03/Ewald Alphonso Debate,Gus Manger,en,「もちろんです、大統領。しかし経済的自由という考え方を完全に見捨ててしまえば、我々はあの農夫の父親以下の存在になってしまいます。」
0x0100006500001036,43,297,Sordland/Turn03/Ewald Alphonso Debate,Gus Manger,en,「大統領、私も全く同感です。国民こそが我々の最も大きな財産です。」
0x010000650000103C,43,298,Sordland/Turn03/Ewald Alphonso Debate,Gus Manger,en,「確かに、OMECは非常に貴重な学習の機会でした。」
0x0100006500001042,43,299,Sordland/Turn03/Ewald Alphonso Debate,Gus Manger,en,「大統領、おっしゃる通りです。」
0x010000650000104B,43,300,Sordland/Turn03/Ewald Alphonso Debate,Gus Manger,en,「ですが忘れてはなりません。時に人々は、それを目の当たりにするまで何が自分たちにとって最善かを知らないものです。だからこそ我々はここにいるのです。彼らがより良い未来を見出せるよう助けるために。」
0x0100006500001051,43,301,Sordland/Turn03/Ewald Alphonso Debate,Gus Manger,en,「多くの不眠の夜、厳しい交渉、そして壊れてしまった友情もありました……しかし、我が国の繁栄を見ることができるのなら、何度でも同じことを繰り返します。」
0x0100006500001057,43,302,Sordland/Turn03/Ewald Alphonso Debate,Gus Manger,en,「ですが忘れてはなりません。国家というのも、人々や企業、そして希望や夢といったものが集まった一種の集合体に他ならないのです。」
0x010000650000106C,43,303,Sordland/Turn03/Ewald Alphonso Debate,Narrator,en,ガスが話を終えると、我々の耳に遠くでサイレンのかすかな音が聞こえてきた。彼はその音が静まるのを待ってから再び話し始めた。
0x010000650000108D,43,304,Sordland/Turn03/Ewald Alphonso Debate,Player,en,「私はくだらないことは嫌いだ。私に何を望んでいるのか、はっきり言え。」
0x0100006500001093,43,305,Sordland/Turn03/Ewald Alphonso Debate,Player,en,「少なくともあなたの提案の詳細は聞いてみよう。しかし、何の約束もしない。」
0x010000650000109D,43,306,Sordland/Turn03/Ewald Alphonso Debate,Player,en,「アルフォンソ大統領、実に感動的なお話だね。」
0x01000065000010A3,43,307,Sordland/Turn03/Ewald Alphonso Debate,Player,en,「機会をつかむことについて語るのは結構だが、あなたの急進的な民営化政策は我々の経済をほとんど破綻寸前に追い込んだ。まさに皮肉なことに、あなたの言う『飛躍』は決して円滑な着地にはつながらなかったのだ。」
0x01000065000010AB,43,308,Sordland/Turn03/Ewald Alphonso Debate,Player,en,「あなたのやり方はあなたにとっては効果的だったかもしれないが、必ずしもそんなに単純なものではない。」
0x01000065000010D1,43,311,Sordland/Turn03/Ewald Alphonso Debate,Ewald Alphonso,en,「しかし、そのためにはリスクを恐れずに困難に立ち向かう覚悟が必要です。それこそが後世に残すべき遺産であり、私も同感ではありませんか？」
0x01000065000010EA,43,312,Sordland/Turn03/Ewald Alphonso Debate,Ewald Alphonso,en,「どんな投資にもリスクは付き物です。だが、これは確実に成果を上げる投資です。」
0x01000065000010F0,43,313,Sordland/Turn03/Ewald Alphonso Debate,Ewald Alphonso,en,「大統領、それが今最も重要な問題です。容易なことではありませんが、適切な対策を講じれば、乗組員を失うことなくこの危機を乗り越えられるかもしれません。」
0x010000650000110D,43,315,Sordland/Turn03/Ewald Alphonso Debate,Gus Manger,en,「私は常に人脈の力を信じてきました。リジア王室金鉱の会長兼CEOであるラスティ・モントーロの名前はご存知でしょう。私とラスティは昔からの友人で、彼も今では大変成功しています。」
0x0100006500001114,43,316,Sordland/Turn03/Ewald Alphonso Debate,Gus Manger,en,「アルフォンソ政権下では、ラスティとのつながりを活かしてロムス・トラス王と取引を成立させることができました。これは関係者全員にとって利益となる結果でした。」
0x010000650000111B,43,317,Sordland/Turn03/Ewald Alphonso Debate,Player,en,「ラスティ・モントーロ、トラス家、リジア政府……あなたが結んだ同盟は実に強力なもののようだね。」
0x0100006500001121,43,318,Sordland/Turn03/Ewald Alphonso Debate,Player,en,「ガス、そう聞いている。戦略的同盟の必要性は理解しているが、我々自身の利益と価値観を忘れてはならない。」
0x0100006500001127,43,319,Sordland/Turn03/Ewald Alphonso Debate,Player,en,「敬意を表して申し上げるが、ガス、あなたがソードランドを君主制国家と結びつけたことは私としては快く思わない。また、その王国とルンブルクとの関係も特に安心できるものではない。」
0x0100006500001130,43,320,Sordland/Turn03/Ewald Alphonso Debate,Gus Manger,en,「それは実に大きな業績であり、リスクのないものではありませんでした。しかしソードランドにとっての将来の利益を考えれば、十分価値があると私は思います。」
0x0100006500001137,43,321,Sordland/Turn03/Ewald Alphonso Debate,Gus Manger,en,「ご懸念は理解しておりますが、商売と政治は必ずしもうまく一致するわけではありません。我々がトラス家と結んだ取引は、純粋にソードランドの経済発展のためだったのです。」
0x010000650000113E,43,322,Sordland/Turn03/Ewald Alphonso Debate,Gus Manger,en,「もちろんです。我々は何よりもまずソードランドのために行動しています。しかし忘れてはならないのです、国際ビジネスの世界では同盟というのは手段に過ぎず、我々を結びつける絆ではないということを。」
0x0100006500001154,43,326,Sordland/Turn03/Ewald Alphonso Debate,Ewald Alphonso,en,「我々の進行速度が問題だったわけではありません。問題は変化に対する抵抗でした。」
0x010000650000119B,43,327,Sordland/Turn03/Ewald Alphonso Debate,Ewald Alphonso,en,「その途中で、それぞれの分野において大きな貢献を果たしてきた優れた人々に出会うという光栄に恵まれました。」
0x01000065000011A2,43,328,Sordland/Turn03/Ewald Alphonso Debate,Ewald Alphonso,en,「私の経験を通じて人生の本質について深く思索するようになりました。その結果、頭の中で繰り返し響き渡る二つの言葉があります――それは評判と遺産です。」
0x01000065000011A9,43,329,Sordland/Turn03/Ewald Alphonso Debate,Narrator,en,手にコーヒーカップを持ったまま、彼は窓辺へと歩いて行き、目の前に広がる広大なガス田を見つめた。そびえ立つ山々が壮大な背景となっていた。
0x01000065000011B0,43,330,Sordland/Turn03/Ewald Alphonso Debate,Ewald Alphonso,en,「私は自身の遺産と評判について考えてきました。そして、失敗した改革者として記憶されることだけは拒否します。」
0x01000065000011C9,43,331,Sordland/Turn03/Ewald Alphonso Debate,Player,en,「我々全員、記憶され、意義のある貢献をすることを望んでいるのではないだろうか？」
0x01000065000011CF,43,332,Sordland/Turn03/Ewald Alphonso Debate,Player,en,「人生の真の本質は、今この瞬間にあるのだ。」
0x01000065000011E9,43,333,Sordland/Turn03/Ewald Alphonso Debate,Player,en,「評判や遺産を重視する考え方は、個人主義と不平等を恒常化させる資本主義的枠組みに根差しているのだ。」
0x0100006500001208,43,336,Sordland/Turn03/Ewald Alphonso Debate,Player_Italic,en,私は何もコメントしなかった。
0x0100006500001208,43,336,Sordland/Turn03/Ewald Alphonso Debate,Player_Italic,Menu Text en,黙っている
0x010000650000121B,43,337,Sordland/Turn03/Ewald Alphonso Debate,Narrator,en,しばらくの間、その風景を眺めて楽しんだ後、アルフォンソは我々の方へと振り返った。
0x0100006500001227,43,339,Sordland/Turn03/Ewald Alphonso Debate,Player,en,「その通りだ。外国の投資家たちが、我々にとって不可欠な資本と専門知識をもたらしてくれるだろう。」
0x010000650000122D,43,340,Sordland/Turn03/Ewald Alphonso Debate,Player,en,「外国の投資家と手を組むことは、両刃の剣となり得る。」
0x0100006500001233,43,341,Sordland/Turn03/Ewald Alphonso Debate,Player,en,「外国の投資家に過度に依存することには懸念がある。国内企業の所有権を優先し、国の天然資源に対する主権を守ることが重要だ。」
0x0100006500001239,43,342,Sordland/Turn03/Ewald Alphonso Debate,Gus Manger,en,「その通りでございます、大統領。」
0x010000650000123F,43,343,Sordland/Turn03/Ewald Alphonso Debate,Gus Manger,en,「ご懸念の点は理解しております。しかし、ガソムの将来がかかっているのです。」
0x0100006500001245,43,344,Sordland/Turn03/Ewald Alphonso Debate,Gus Manger,en,「ご意見をありがとうございますが、変化する世界情勢に適応していく必要があります。」
0x0100006500001257,43,348,Sordland/Turn03/Ewald Alphonso Debate,Player,en,「リジア王国のような外国投資家のことか？」
0x010000650000125E,43,349,Sordland/Turn03/Ewald Alphonso Debate,Gus Manger,en,「リジア王国には確かにエネルギー分野において貴重な専門知識と資源があります。」
0x010000650000126F,43,352,Sordland/Turn03/Ewald Alphonso Debate,Gus Manger,en,「ガソムの発展と成功を確実にし、企業と国家の双方に利益をもたらすための戦略的な措置です。」
0x0100006500001275,43,353,Sordland/Turn03/Ewald Alphonso Debate,Gus Manger,en,「ご安心ください。我々は自国の利益を守り、責任ある形で対応していくための措置を講じます。」
0x010000650000127B,43,354,Sordland/Turn03/Ewald Alphonso Debate,Gus Manger,en,「外国の投資家たちは新たな機会や技術をもたらし、ガソムの効率性と競争力を高めることができます。重要なのは適切なバランスを見出し、我々の利益を守ることです。」
0x0100006500001281,43,355,Sordland/Turn03/Ewald Alphonso Debate,Gus Manger,en,「我々は彼らの投資提案を慎重に検討し、それがガソムに関する我々の長期的な目標とどのように合致するかを評価します。」
0x0100006500001292,43,356,Sordland/Turn03/Ewald Alphonso Debate,Ewald Alphonso,en,「問題は、現在資源の制約により一部の油田が稼働能力の半分しか発揮できていないことです。しかし、まだ開発されていない2つの新規油田を含め、拡大の可能性は十分にあります。」
0x0100006500001300,43,362,Sordland/Turn03/Ewald Alphonso Debate,Player,en,「私は守旧派に、あなたたちにしたようなことを自分にするのを許さない。あれは最初から見抜くべきだったのだ。」
0x0100006500001307,43,363,Sordland/Turn03/Ewald Alphonso Debate,Ewald Alphonso,en,「大統領、暗黒国家を打ち負かすには味方が必要です。裏切り者にとっては難しい要求でしょうね。」
0x010000650000135E,43,364,Sordland/Turn03/Ewald Alphonso Debate,Player,en,「私はくだらない話は好きではない。早く現在の選択肢について話し合おう。」
0x010000650000136A,43,365,Sordland/Turn03/Ewald Alphonso Debate,Player_Italic,en,私は聞き続けた。
0x010000650000136A,43,365,Sordland/Turn03/Ewald Alphonso Debate,Player_Italic,Menu Text en,遮ってはだめだ
0x010000650000137A,43,366,Sordland/Turn03/Ewald Alphonso Debate,Ewald Alphonso,en,「大統領としては、もっと外交的な手腕が求められるものです。」
0x0100006500001382,43,367,Sordland/Turn03/Ewald Alphonso Debate,Ewald Alphonso,en,「大統領、あなたの政治家としての資質の欠如は実にがっかりさせられます。」
0x010000650000141F,43,369,Sordland/Turn03/Ewald Alphonso Debate,Player,en,「これまでの企業救済や補助金の実態を見てきた限り、常に大企業だけが利益を得て、一般国民は苦しむ目に遭うことになるのだ。」
0x0100006500001426,43,370,Sordland/Turn03/Ewald Alphonso Debate,Ewald Alphonso,en,「ガソムは単なる企業ではなく、我が国のエネルギーインフラを支える不可欠な存在です。」
0x0100006500001436,43,372,Sordland/Turn03/Ewald Alphonso Debate,Gus Manger,en,「適切な投資と開発が行われれば、最初の5年間だけで極めて高い収益が得られると見込んでいます。」
0x0100006500001444,43,373,Sordland/Turn03/Ewald Alphonso Debate,Gus Manger,en,「我々は収入源の多様化と新市場の開拓に重点を置いた戦略計画を策定しました。」
0x010000520001B9D2,43,374,Sordland/Turn03/Ewald Alphonso Debate,Gus Manger,en,「リジアからの前述の関心は確かにあります。しかし、投資はソードランド国内からも行われ得ます。」
0x010000520001B9DC,43,375,Sordland/Turn03/Ewald Alphonso Debate,Ewald Alphonso,en,「議長として、私の評判や業績はガソムのものと結びついています。しかし、私が言いたいのは、ソードランドの評判や業績も同様にそうだということです。」
0x010000520001B9ED,43,376,Sordland/Turn03/Ewald Alphonso Debate,Ewald Alphonso,en,「私は職を離れてから、マルーン宮殿からのニュースを密接に追ってきたことを認めます。」
0x010000520001BA02,43,387,Sordland/Turn03/Ewald Alphonso Debate,Ewald Alphonso,en,「私の経済的な考え方とあなたのものが一致しているようで、大変安心いたします。」
0x010000520001BA09,43,388,Sordland/Turn03/Ewald Alphonso Debate,Ewald Alphonso,en,「市場経済から逸脱するというあなたの決断は、言ってみれば、私が選んだであろうものではありません。」
0x010000520001BA1C,43,395,Sordland/Turn03/Ewald Alphonso Debate,Ewald Alphonso,en,「西側諸国と連携する道を選ばれたことはさらに心強いです。それは私が外交政策を策定する際にも検討した道でもあります。」
0x010000520001BA23,43,396,Sordland/Turn03/Ewald Alphonso Debate,Ewald Alphonso,en,「西側諸国と連携するというあなたの決断には大いに安心しました。それは私が外交政策を策定する際にも検討した道です。」
0x010000520001BA34,43,399,Sordland/Turn03/Ewald Alphonso Debate,Ewald Alphonso,en,「しかし、貴府の政権がこれまで西側がもたらす多くの機会を無視し続けていることに私は困惑しています。それは私なら決して選ばない外交方針です。」
0x010000520001BA40,43,401,Sordland/Turn03/Ewald Alphonso Debate,Ewald Alphonso,en,「私としても、あなたの政権がこれまで西側が提供する数多くの機会を無視し続けていることが理解できません。」
0x010000520001BA58,43,406,Sordland/Turn03/Ewald Alphonso Debate,Ewald Alphonso,en,「一方、ガソムへの投資に関心を示しているリジア王国に対する貴殿の姿勢については、まだ何の兆しも聞いておりません。」
0x010000520001BA62,43,407,Sordland/Turn03/Ewald Alphonso Debate,Gus Manger,en,「皆さん、実はこれは私がキャリアを始めた頃の話を思い出させます。」
0x010000520001BA68,43,408,Sordland/Turn03/Ewald Alphonso Debate,Gus Manger,en,「グルニにこんな若い農夫がいました。彼の父親は頑固で、昔ながらのやり方を貫こうとしていました。しかしその若者には独自の考えがあり、近代化し革新を図りたいと望んでいたのです。」
0x010000520001BA79,43,409,Sordland/Turn03/Ewald Alphonso Debate,Gus Manger,en,「話を元に戻しましょう。」
0x010000520001BA8B,43,410,Sordland/Turn03/Ewald Alphonso Debate,Ewald Alphonso,en,「ここには素晴らしい機会があります。国際的なパートナーからもソードランド国内からもガスの需要は着実に増加しており、我々がすべきことは安定した供給を確保することだけです。」
0x010000520001BA91,43,411,Sordland/Turn03/Ewald Alphonso Debate,Ewald Alphonso,en,「適切な規模の投資があれば、資源採掘を拡大し、高まる需要に効果的に対応して、長期的な安定と利益を確保することができます。」
0x010000520001BA97,43,412,Sordland/Turn03/Ewald Alphonso Debate,Ewald Alphonso,en,「問題は、現在資源の制約により一部の油田が稼働能力の半分しか発揮できていないことです。しかし、まだ開発されていない2つの新規油田を含め、拡大の可能性は十分にあります。」
0x01000065000073F0,43,418,Sordland/Turn03/Ewald Alphonso Debate,Gus Manger,en,「手は手を洗うものです。」
0x01000065000073F6,43,419,Sordland/Turn03/Ewald Alphonso Debate,Player,en,「もし街の状況を改善して恩返ししてくださるなら、私もお力になろう。」
0x010000650000BFB6,43,421,Sordland/Turn03/Ewald Alphonso Debate,Player,en,「私は機会を掴むつもりだが、あなた方が望むようなものではない。」
0x010000650000BFBC,43,422,Sordland/Turn03/Ewald Alphonso Debate,Ewald Alphonso,en,「私は自らの理想を貫く人間を尊敬します。」
0x010000650000D0AD,43,423,Sordland/Turn03/Ewald Alphonso Debate,Player,en,「我々のイメージや認識というものは、我々の人生を形作る重要な力だ。しかし、それらは重荷にもなり得る。」
0x0100006500000468,44,3,Sordland/Turn03/A_EnergyProtectionAct,Deivid Wisci,en,「大統領、良い朝をお過ごしください。時間より早く伺ってしまい、ご迷惑をおかけしていないでしょうか？」
0x0100006400000A41,44,4,Sordland/Turn03/A_EnergyProtectionAct,Narrator,en,朝日が大統領執務室の窓から差し込んでくる中、間もなく開催される会議が私の予定表に載っていた。15分後には、グラーフ、ホル、ウィスキという大臣たちと共にエネルギー保護法について話し合うことになっていたのだ。
0x0100006400000A6B,44,14,Sordland/Turn03/A_EnergyProtectionAct,Player,en,「我々が取り上げているのは非常に重大な問題だから、早く始めることがまさに必要なのかもしれない。」
0x0100006400000A70,44,15,Sordland/Turn03/A_EnergyProtectionAct,Player_Italic,en,私はその席の方へ手で示した。
0x0100006400000A70,44,15,Sordland/Turn03/A_EnergyProtectionAct,Player_Italic,Menu Text en,椅子の方へ手振りする
0x0100006400000A75,44,16,Sordland/Turn03/A_EnergyProtectionAct,Narrator,en,私が朝のコーヒーを飲みながら静かなひとときを楽しんでいると、いつものように早めにデイヴィッドがやって来た。
0x0100006400000A7E,44,17,Sordland/Turn03/A_EnergyProtectionAct,Player,en,「とんでもない、デイヴィド。それどころか、会議の前に戦略を練るための時間が数分余分にできた。」
0x0100006400000A83,44,18,Sordland/Turn03/A_EnergyProtectionAct,Narrator,en,大国民議会における最近の廃止措置と、ガソムとの継続的な交渉により、この法律をめぐる論争は一層激しくなっただけだった。
0x0100006400000A9B,44,19,Sordland/Turn03/A_EnergyProtectionAct,Deivid Wisci,en,「大統領、ご理解いただき感謝いたします。EPAに関するこれらの緊急な問題に早急に対処すべき時が来ております。」
0x0100006400000AA2,44,20,Sordland/Turn03/A_EnergyProtectionAct,Deivid Wisci,en,「アントン、そう聞いて安堵しました、大統領。」
0x0100006400000AA9,44,21,Sordland/Turn03/A_EnergyProtectionAct,Deivid Wisci,en,「大統領、ありがとうございます。」
0x0100006400000AB0,44,22,Sordland/Turn03/A_EnergyProtectionAct,Deivid Wisci,en,「最近では予定が入っているため早く出発するようにしています。実のところ、首都の階段は私が認めたい以上に歩きづらくなってしまっているのです。」
0x0100006400000ABF,44,23,Sordland/Turn03/A_EnergyProtectionAct,Player,en,「あなたの賢明さはまさにその通りだ。選挙以来、状況は大変波乱に満ちてきたね？」
0x0100006400000AC5,44,24,Sordland/Turn03/A_EnergyProtectionAct,Player,en,「安心してくれ、ウィスキ氏。私は先代たちよりも巧みにこれらの課題に対処していく所存だ。」
0x0100006400000ACB,44,25,Sordland/Turn03/A_EnergyProtectionAct,Player,en,「マルーン地区と各省庁の建物が非常に人為的な配置で散在しているため、時間がかかるのも無理はない。」
0x0100006400000AD1,44,26,Sordland/Turn03/A_EnergyProtectionAct,Player,en,「恥じることは何もない、デイヴィド。コーヒーかお茶をどうぞ？」
0x0100006400000AD7,44,27,Sordland/Turn03/A_EnergyProtectionAct,Player,en,「ああ、デイヴィド、我々が戦っているのは階段ではなく、止まることのない時間の流れだ。」
0x0100006400000AE2,44,28,Sordland/Turn03/A_EnergyProtectionAct,Deivid Wisci,en,「今日は医者の勧めに従って既にお茶を飲みました。最適な健康状態を保つため、朝はカモミールティー、夜はセージティーが良いと彼女は言っています。」
0x0100006400000AE8,44,29,Sordland/Turn03/A_EnergyProtectionAct,Deivid Wisci,en,「この壁の中で過ごした年月を振り返るだけでも、それ自体が一つの長い旅となります。国王の治世下に父が私を初めてここに連れてきた時から、今に至るまでです。」
0x0100006400000AEE,44,30,Sordland/Turn03/A_EnergyProtectionAct,Deivid Wisci,en,「実は昔はこうではありませんでした。タルキン・ソルとその建築家のヘルマン・エクアがこの地域に新古典主義的な外観を与えて新しい名前を付けるまでは、ここは元々共和国地区として知られていたのです。」
0x0100006400000AF4,44,31,Sordland/Turn03/A_EnergyProtectionAct,Deivid Wisci,en,「私の健康が許す限り、大統領の任期が終わるまで、そしてその先もずっとお支えいたします。」
0x0100006400000B00,44,32,Sordland/Turn03/A_EnergyProtectionAct,Deivid Wisci,en,「お元気でいらっしゃることと存じます。ソードランドはまるで野生のマスタングのようで、複雑で情熱的、そして決して手なずけることができないものです。」
0x0100006400000B09,44,33,Sordland/Turn03/A_EnergyProtectionAct,Player,en,「あるいは、頑固で屈しない、気まぐれな山ヤギのようかもしれないね。」
0x0100006400000B17,44,34,Sordland/Turn03/A_EnergyProtectionAct,Deivid Wisci,en,「公務員にはただ一つの原則しかありません。それは国民に仕え、彼らの声であり手となることです。」
0x0100006400000B1D,44,35,Sordland/Turn03/A_EnergyProtectionAct,Deivid Wisci,en,「医者の言うことを聞くと確かに安心できます。彼女のおかげで喉の調子も良くなったように感じます。」
0x0100006400000B23,44,36,Sordland/Turn03/A_EnergyProtectionAct,Narrator,en,巨大な飛行船がマルーン地区上空を横切っていった。一瞬のうちに太陽を覆い隠したその飛行船は、やがてゆっくりと左へ方向を変え、再び光がオフィス内に差し込むようになった。
0x0100006400000B3A,44,40,Sordland/Turn03/A_EnergyProtectionAct,Deivid Wisci,en,「私は大統領の任期が終わるまで最善を尽くしてご支援いたします。この国には新たな出発が必要であり、過去の暗闇へと沈んでいくことではないのです。」
0x0100006400000B44,44,41,Sordland/Turn03/A_EnergyProtectionAct,Deivid Wisci,en,「我々の行動や身分といったものが、果たして何を残すのかよく考えます。そうしたものに、全体的な流れの中で何らかの意味があるのでしょうか？」
0x0100006400000B4B,44,42,Sordland/Turn03/A_EnergyProtectionAct,Narrator,en,彼の視線は彷徨い、窓の向こう側にある何かに固定された。
0x0100006400000B54,44,43,Sordland/Turn03/A_EnergyProtectionAct,Deivid Wisci,en,「あの日々のことは今でもはっきりと思い出せます。街は美の極致で、人々も希望に満ち輝いていました。しかし内戦が我々ソードランド人の夢を打ち砕き、我々の本性の最も暗い部分を露わにしたのです。」
0x0100006400000B6D,44,44,Sordland/Turn03/A_EnergyProtectionAct,Deivid Wisci,en,「私の祖母は農家でした。彼女を通して、その頑強な不屈の精神や、なぜ神秘的なソードランドの山ヤギが我々国民の象徴的な動物とされているのかを知ったのです。」
0x0100006400000B74,44,45,Sordland/Turn03/A_EnergyProtectionAct,Player,en,「この国が望む変革を実現するためには、忠実な人々が必要だ。」
0x0100006400000B7A,44,46,Sordland/Turn03/A_EnergyProtectionAct,Player,en,「最も長い道のりも、最も親しい仲間たちがいればより楽に進めるのだ。」
0x0100006400000B80,44,47,Sordland/Turn03/A_EnergyProtectionAct,Player,en,「この政権ではあなたの専門知識が大変貴重だ。海外の人々も絶えずあなたを称賛している。」
0x0100006400000B91,44,48,Sordland/Turn03/A_EnergyProtectionAct,Narrator,en,彼は咳払いをして発言の区切りをつけ、その後水の入ったグラスに手を伸ばして一口飲んだ。
0x0100006400000BAF,44,49,Sordland/Turn03/A_EnergyProtectionAct,Deivid Wisci,en,「大統領、あなたはホルソード国立大学でヘルマン・エクアと出会われましたよね？彼は多くの人々の指導者でした。カバレー・ラハベンで、彼やヘロン・ガラチと共に将来について話し合ったことを私は覚えています。」
0x0100006400000BC9,44,56,Sordland/Turn03/A_EnergyProtectionAct,Deivid Wisci,en,「大統領、あなたがホルソードから遠く離れたラハベン経営大学の学生に過ぎなかったことは存じております。しかし武装反乱軍はあなたの地域まで到達しました。」
0x0100006400000BD0,44,57,Sordland/Turn03/A_EnergyProtectionAct,Deivid Wisci,en,「大統領、あなたがかつてデイル文化大学の学生に過ぎず、真の抑圧とは何かを目の当たりにされたことは存じております。」
0x0100006400000BDF,44,58,Sordland/Turn03/A_EnergyProtectionAct,Deivid Wisci,en,「私は当時の技術官僚政権によって導入されたすべての措置に賛成していたわけではありません。しかし、その中には間違いなく効果的だったものもありました。」
0x0100006500000566,44,59,Sordland/Turn03/A_EnergyProtectionAct,Deivid Wisci,en,「結局のところ、我が国のバラバラになった部分を再び一つにするには皆の力が必要でした。あの暗い時代のことは、大統領ご自身もきっと覚えておられるでしょう。」
0x010000650000059D,44,60,Sordland/Turn03/A_EnergyProtectionAct,Deivid Wisci,en,「山ヤギだと？興味深い比喩ですね。確かにあの動物たちは頑強で、我が国とよく似ています。」
0x01000065000005AB,44,61,Sordland/Turn03/A_EnergyProtectionAct,Narrator,en,会話が一時停止したちょうどその時、ドアが開き、他の大臣たちが到着した。シモン・ホルが自信に満ちた足取りで最初に入ってきた。
0x01000065000005B1,44,62,Sordland/Turn03/A_EnergyProtectionAct,Symon Holl,en,「おはようございます、大統領。デイヴィドです。議論が順調に進んでいることを願っております。」
0x01000065000005B7,44,63,Sordland/Turn03/A_EnergyProtectionAct,Narrator,en,リリアスはすぐ後ろをついてきた。彼女は落ち着いた権威ある様子で歩き、部屋中を見回した。
0x01000065000005BD,44,64,Sordland/Turn03/A_EnergyProtectionAct,Lileas Graf,en,「諸君、重要な作業の邪魔をしていないことを願っています。」
0x01000065000005C9,44,65,Sordland/Turn03/A_EnergyProtectionAct,Player,en,「それでも、我が国を廃墟から救い出した点においては、タルキン・ソルの功績は認めざるを得ない。」
0x01000065000005D0,44,66,Sordland/Turn03/A_EnergyProtectionAct,Player,en,「もしイッザム事件が起こらなかったなら、歴史は別の方向へ進んでいたかもしれない。」
0x01000065000005D8,44,67,Sordland/Turn03/A_EnergyProtectionAct,Player,en,「我々は彼に深く感謝している。ソル主義の理念は私の心の中で特別な位置を占めており、今もなお私の判断を導いてくれている。」
0x01000065000005E0,44,68,Sordland/Turn03/A_EnergyProtectionAct,Player_Italic,en,私は彼の話を聞き続けた。
0x01000065000005E0,44,68,Sordland/Turn03/A_EnergyProtectionAct,Player_Italic,Menu Text en,聞き続ける
0x01000065000005F9,44,72,Sordland/Turn03/A_EnergyProtectionAct,Player,en,「あの時代は私にとって大変重要な成長期だった。エクアとガラチは、私の考え方に消し難い影響を残した。」
0x01000065000005FF,44,73,Sordland/Turn03/A_EnergyProtectionAct,Player,en,「あの学生時代が我々の考え方を形作っていくというのは、実に興味深いものだね。」
0x010000650000060B,44,74,Sordland/Turn03/A_EnergyProtectionAct,Player,en,「ほんの数マイル先で混乱が起きている中、アルヴォリーの経営学校に通う学生に過ぎなかったが、それでも異常な時代だったのだ。」
0x0100006500000617,44,75,Sordland/Turn03/A_EnergyProtectionAct,Player,en,「あの騒動によって私の学業が妨げられることはなかった。むしろ、それによって自分の教育の重要性が一層際立ったのだ。」
0x010000650000061D,44,76,Sordland/Turn03/A_EnergyProtectionAct,Player,en,「それは困難な時期だった。しかし、それは私がソードランドにもたらしたい変化を思い出させてくれるものでもあった。」
0x0100006500000623,44,77,Sordland/Turn03/A_EnergyProtectionAct,Player,en,「そのような経験が私を形作り、今も大統領としての決断に影響を与え続けているのだ。」
0x010000650000062B,44,78,Sordland/Turn03/A_EnergyProtectionAct,Player,en,「振り返ってみれば、もっと早く辞任していた方が良かったかもしれない。彼の根強い伝統は長期的に見ると利益よりも害の方が大きかったようだ。」
0x0100006500000632,44,79,Sordland/Turn03/A_EnergyProtectionAct,Deivid Wisci,en,「確かに、イッザム事件は予期せぬ出来事がいかにして国家の運命を急速に変えてしまうかを思い起こさせるものです。」
0x0100006500000638,44,80,Sordland/Turn03/A_EnergyProtectionAct,Deivid Wisci,en,「ソルの貢献は誰にも否定できません。彼の指導力がソードランドの再建に大きく寄与しました。」
0x010000650000063E,44,81,Sordland/Turn03/A_EnergyProtectionAct,Deivid Wisci,en,「その意見にも一理あります。ソルの伝統が残り続けた影響によって、アルフォンソが思い描いていた変革を実現する能力が妨げられた可能性があります。」
0x0100006500000644,44,82,Sordland/Turn03/A_EnergyProtectionAct,Deivid Wisci,en,「ソル主義にも確かに長所があり、ソルの遺産が今なお多くの人々の心に響き続けていることは明らかです。我々にとっての課題は、過去から学びつつ、自らの道を切り開いていくことです。」
0x0100006500000655,44,83,Sordland/Turn03/A_EnergyProtectionAct,Deivid Wisci,en,「それによって我々は改革の道から外れてしまったが、それでも私は父が描いたソードランドを築くために懸命に努力し続けたのだ。」
0x010000650000066C,44,84,Sordland/Turn03/A_EnergyProtectionAct,Deivid Wisci,en,「ああ、ソードランドに初めて飛行船が現れたことは今でも覚えています。戦後、いわゆるソルが言う『第二共和政』の誕生期に、我々はキナルからそれらを購入したのです。」
0x0100006500000672,44,85,Sordland/Turn03/A_EnergyProtectionAct,Deivid Wisci,en,「我々のインフラは廃墟と化していましたが、あの飛行船たちは切実に必要な救いの手となり、移動や再建の機会をもたらしました。そして研究評議会の熱心な努力により、ゲルソードで自前の飛行船の製造を始めることができたのです。」
0x0100006500000679,44,86,Sordland/Turn03/A_EnergyProtectionAct,Player,en,「戦後、我々がいかに外国の援助に頼っていたかを考えると興味深いね。それ以来、大きく進歩した。」
0x0100006500000680,44,87,Sordland/Turn03/A_EnergyProtectionAct,Player,en,「ゲルソードにおける飛行船の製造は、まさに転機となったものだった。」
0x0100006500000686,44,88,Sordland/Turn03/A_EnergyProtectionAct,Player,en,「我々は交通手段として飛行船に過度に依存しすぎたのではないだろうか。道路や鉄道の再建にもっと投資すべきだったのかもしれない。」
0x010000650000068E,44,89,Sordland/Turn03/A_EnergyProtectionAct,Deivid Wisci,en,「当時は極めて窮地に立たされていました。ですが忘れてはなりません、我々が再び立ち上がる力を見出すのは、多くの場合、最も暗い時期だということを。」
0x0100006500000695,44,90,Sordland/Turn03/A_EnergyProtectionAct,Deivid Wisci,en,「その通りです。それは我々の回復力、立ち直るという決意を象徴していました。打撃を受けた我が国の産業が復活する兆しを示す希望の光でした。」
0x010000650000069C,44,91,Sordland/Turn03/A_EnergyProtectionAct,Deivid Wisci,en,「興味深い指摘ですね。もっとバランスの取れた方法を取っていれば、より良い結果になったかもしれません。内戦後は即時的な解決策が求められることが多く、気球はまさにその役割を果たしてくれました。」
0x01000065000006A9,44,95,Sordland/Turn03/A_EnergyProtectionAct,Deivid Wisci,en,「当時は、破壊された道路や橋などの状況から航空輸送が最も適した手段でした。しかし今、大統領閣下が我々のインフラ整備に力を入れてくださっていることを嬉しく思います。」
0x01000065000006B0,44,96,Sordland/Turn03/A_EnergyProtectionAct,Deivid Wisci,en,「しかし時が経つにつれ、彼は私の父が大切にしていた改革と進歩という理念から次第に離れていってしまったのです。」
0x01000065000006C1,44,97,Sordland/Turn03/A_EnergyProtectionAct,Deivid Wisci,en,「他国への依存は一時的なものであり、国家自給計画によって達成された自給自足へ向かうための足がかりに過ぎませんでした。弊害もあったにせよ、私としてはそれを成功だと考えています。」
0x01000065000006CB,44,98,Sordland/Turn03/A_EnergyProtectionAct,Narrator,en,部屋の中に沈黙が訪れた。デイヴィッドの視線は、大統領執務室に掛けられているタルキン・ソルの肖像画に向けられた。
0x01000065000006D2,44,99,Sordland/Turn03/A_EnergyProtectionAct,Player,en,「その同じ改正案が、汚職の入り口ともなったのだ。」
0x01000065000006D8,44,100,Sordland/Turn03/A_EnergyProtectionAct,Player,en,「今日においてもEPAは依然として意義を持つと思われるか、それとも全面的な見直しを検討すべきだろうか？」
0x01000065000006DE,44,101,Sordland/Turn03/A_EnergyProtectionAct,Player,en,「NAPは我々の戦後復興における礎だった。もっと何かできたのではないだろうか？」
0x01000065000006E4,44,102,Sordland/Turn03/A_EnergyProtectionAct,Deivid Wisci,en,「まさに後知恵というものですな。我々は当時、最善だと思ったことを行っただけです。もっとできたかと問われれば、そうかもしれません。」
0x01000065000006EA,44,103,Sordland/Turn03/A_EnergyProtectionAct,Deivid Wisci,en,「確かに、どんな政策も悪用される可能性から完全には守れません。アルフォンソの改正案は野心的でしたが、同時に不正利用の余地も残していました。我々はこうした危険に常に警戒し続けなければなりません。」
0x01000065000006F0,44,104,Sordland/Turn03/A_EnergyProtectionAct,Deivid Wisci,en,「EPAは別の時代にその起源を持っています。一部の原則は今でも有効かもしれませんが、現在のニーズや課題を踏まえて見直すことを避けるべきではありません。」
0x01000065000006F6,44,105,Sordland/Turn03/A_EnergyProtectionAct,Narrator,en,彼の視線は、かつての指導者の厳しい顔に留まった。彼の唇からため息が漏れ出た。
0x01000065000006FD,44,106,Sordland/Turn03/A_EnergyProtectionAct,Deivid Wisci,en,「今、EPAのことを考えると、私の心は1930年代の戦後ホルソードが形成されていた時代へと遡ります。当時の議論や情熱、変革の可能性――それは再び希望が湧き上がった時代でした。」
0x0100006500000712,44,107,Sordland/Turn03/A_EnergyProtectionAct,Deivid Wisci,en,「我々にとって今こそ、過去から教訓を得てより良い未来を目指す義務があります。かつて有効だった方法では、今の状況にはもはや適用できません。」
0x0100006500000721,44,108,Sordland/Turn03/A_EnergyProtectionAct,Deivid Wisci,en,「彼の先見的な熱意は、政治的生存を優先するより現実的で保守的、時には後退的な考え方に屈してしまったのです。」
0x0100006500000727,44,109,Sordland/Turn03/A_EnergyProtectionAct,Player,en,「当時のホルソードでは生活が非常に厳しかった。停電、破壊されたインフラ、失業、ギャングたち……」
0x010000650000072D,44,110,Sordland/Turn03/A_EnergyProtectionAct,Player,en,「ソルが武装反乱分子たちを赦したことで、激化していた騒動が大きく収まったのを私は覚えている。」
0x0100006500000733,44,111,Sordland/Turn03/A_EnergyProtectionAct,Player,en,「当時、エネルギー保護法がなぜそれほど重要だったのか理解できる。内戦後の経済状況を踏まえ、特に外国の干渉から我々のエネルギー分野を守らなければならなかったのだ。」
0x010000650000073F,44,112,Sordland/Turn03/A_EnergyProtectionAct,Deivid Wisci,en,「確かに困難な時期でしたが、我々は国として共に努力を続けてきました。」
0x0100006500000745,44,113,Sordland/Turn03/A_EnergyProtectionAct,Deivid Wisci,en,「ソルによる恩赦は、与えられた恩恵の範囲や正義への影響について議論を呼ぶものであり、間違いなく物議を醸す措置でした。」
0x010000650000074B,44,114,Sordland/Turn03/A_EnergyProtectionAct,Deivid Wisci,en,「ええ、エネルギー保護法によって当該産業が我々の支配下に留まり、ルンブルクやレスピアといった外国勢力の所有範囲を制限することができました。」
0x0100006500000764,44,115,Sordland/Turn03/A_EnergyProtectionAct,Deivid Wisci,en,「ある意味で、タルキン・ソルは私の父の遺志を受け継いだ。彼の指導のもと、我々は軍事政権から民間政権へと移行し、初めての多党制選挙を実施することができました。」
0x0100006500000770,44,116,Sordland/Turn03/A_EnergyProtectionAct,Deivid Wisci,en,「今日の私のしわの少なくとも一部は、彼らとの絶え間ない議論が直接原因であることは間違いありません。」
0x0100006500000778,44,117,Sordland/Turn03/A_EnergyProtectionAct,Deivid Wisci,en,「我が国にとって安定と秩序は極めて重要です。しかし時として、変革のためには混乱も必要なのです。」
0x0100006500000780,44,118,Sordland/Turn03/A_EnergyProtectionAct,Deivid Wisci,en,「この国の少数派たちは特に苦しんできました。」
0x0100006500000788,44,119,Sordland/Turn03/A_EnergyProtectionAct,Deivid Wisci,en,「私の父は先見の明を持つ人物で、ソードランドを世俗的かつ民主主義的な共和国へと近代化しようと努めた人です。私は常に彼の理念に導かれてきました。」
0x010000650000078E,44,120,Sordland/Turn03/A_EnergyProtectionAct,Player,en,「あなたの父上の遺志は今も大きな影響力を持ち続けている。それがあなた自身の考え方にも影響しているのか？」
0x0100006500000794,44,121,Sordland/Turn03/A_EnergyProtectionAct,Narrator,en,デイヴィッドは、壁に掛けられている父親であるアルトル・サナコ・ウィスキの大きな額装された肖像画の方を向いた。豊かで温かみのある色合いで描かれたその絵は、全盛期のソードランド初代大統領の姿を捉えていた。
0x010000650000079D,44,122,Sordland/Turn03/A_EnergyProtectionAct,Narrator,en,彼の目には決意の光が宿り、口元には穏やかでしっかりとした笑みが浮かんでいた。それは我々の国のより良い未来への信念を表していた。
0x01000065000007A5,44,123,Sordland/Turn03/A_EnergyProtectionAct,Deivid Wisci,en,「革命的な変革のために国民の支持を動員する彼の能力は、常に私にとって大きな励みとなっています。」
0x01000065000007AB,44,124,Sordland/Turn03/A_EnergyProtectionAct,Player,en,「ソードランドが今日のような姿になれたのは、あなたの父上のおかげだ。」
0x01000065000007B2,44,125,Sordland/Turn03/A_EnergyProtectionAct,Deivid Wisci,en,「はい、私の父のリーダーシップが今のソードランドの基盤となりました。彼の政策は、すべての国民の権利が守られる世俗的で民主的な国家を築くことを目指したものでした。」
0x01000065000007B8,44,126,Sordland/Turn03/A_EnergyProtectionAct,Deivid Wisci,en,「彼は近代的で先進的なソードランドを信じていました。彼の行動はすべて進歩の促進を目的としており、たとえ物議を醸した外国の思想の受容であっても同様でした。」
0x01000065000007BE,44,127,Sordland/Turn03/A_EnergyProtectionAct,Player,en,「アルトル・S・ウィスキだ。これほど影響力のある人物が、かくも悲劇的な状況で亡くなったのは残念至極だ。」
0x01000065000007C5,44,128,Sordland/Turn03/A_EnergyProtectionAct,Deivid Wisci,en,「ホルソード刑務所の火災で父を失ったことは、私の人生における転機となりました。彼が逮捕された時は衝撃を受け、その突然の死は深い虚無感を残しました。」
0x01000065000007CB,44,129,Sordland/Turn03/A_EnergyProtectionAct,Deivid Wisci,en,「しかし、それは私の中にも炎を灯しました。彼の遺志を継ぎ、彼が掲げた理念のために戦うという決意です。彼の死の経緯は、権力者たちが異論を封じ込めるためにどこまで手を汚すかを痛烈に物語っています。」
0x01000065000007DC,44,130,Sordland/Turn03/A_EnergyProtectionAct,Narrator,en,彼は誇りと悲しみが入り混じった気持ちで、その肖像画を振り返った。
0x01000065000007E8,44,131,Sordland/Turn03/A_EnergyProtectionAct,Deivid Wisci,en,「それは私を警戒心強くさせましたが、同時に、このような悲劇が我が国で二度と起こらないよう徹底して取り組む決意も固まりました。」
0x01000065000007F9,44,132,Sordland/Turn03/A_EnergyProtectionAct,Deivid Wisci,en,「アルフォンソ大統領は、数々の欠点があったにもかかわらず、自由市場と経済的自由化を重視することで、国を再び発展の道へと導こうと努めました。」
0x0100006500000819,44,133,Sordland/Turn03/A_EnergyProtectionAct,Deivid Wisci,en,「例えば彼のEPA改正案は、ソルの国家自給計画から大きく逸脱したものでした。しかし、我が国のエネルギー経済に前例のない外国投資の道を開いた点は多くの人々に高く評価されています。」
0x010000650000082F,44,134,Sordland/Turn03/A_EnergyProtectionAct,Deivid Wisci,en,「皆様、ようこそ。こうしてご集合いただけて大変嬉しく思います。本日は議題としていくつか重要な話し合いがありますが、中でも『エネルギー保護法』に関するものが中心となります。」
0x010000650000083D,44,135,Sordland/Turn03/A_EnergyProtectionAct,Player,en,「デイヴィド、ありがとう。この迅速な対応に感謝する。ではすぐに本題に入ろう。」
0x0100006500000844,44,136,Sordland/Turn03/A_EnergyProtectionAct,Player,en,「確かに、これは我々が対処すべき極めて重要な問題だ。皆様のご意見をお聞きできることを楽しみにしている。」
0x010000650000084B,44,137,Sordland/Turn03/A_EnergyProtectionAct,Player,en,「進めてくれ。」
0x0100006500000852,44,138,Sordland/Turn03/A_EnergyProtectionAct,Lileas Graf,en,「大国民議会ではすでにこの件について審議が行われ、現時点では1932年のエネルギー保護法は廃止されません。我々の同僚たちが、エネルギー部門を外国資本の支配下に置くことに伴う潜在的なリスクを認識していることは明らかです。」
0x010000650000085B,44,139,Sordland/Turn03/A_EnergyProtectionAct,Lileas Graf,en,「これによって議論が終わるわけではありませんが、我々の大国民議会の決定を尊重することの重要性が改めて浮き彫りになります。」
0x0100006500000862,44,140,Sordland/Turn03/A_EnergyProtectionAct,Symon Holl,en,「今日、我々にはこれから数十年にわたるソードランドの経済戦略を形作る好機があります。EPAは長年、国家自給計画における重要な論点かつ議論の的となってきました。」
0x010000650000086B,44,141,Sordland/Turn03/A_EnergyProtectionAct,Symon Holl,en,「この問題は、ソードランドが自国をどのように見なしているか、そして我々が世界においてどのような位置づけを取るべきかを議論するものです。我々の国は過去40年間で全く異なる経済方針を採ってきました。」
0x0100006500000884,44,145,Sordland/Turn03/A_EnergyProtectionAct,Symon Holl,en,「大統領が計画経済の確立を決定されたことは、我々の政策の方向性について重要な示唆を与えてくれます。」
0x010000650000088B,44,146,Sordland/Turn03/A_EnergyProtectionAct,Symon Holl,en,「大統領は市場経済の推進に力を入れることを決定されました。それが我々に明確な指標となるはずです。」
0x0100006500000893,44,147,Sordland/Turn03/A_EnergyProtectionAct,Deivid Wisci,en,「リリアス、大国民議会の決定は尊重します。ですが、このような障害によって我々が他の選択肢を探ることを諦めてはなりません。世界情勢は絶えず変化しており、我々もそれに応じて対応しなければならないのです。」
0x0100006500000899,44,148,Sordland/Turn03/A_EnergyProtectionAct,Symon Holl,en,「大統領、アセンブリーの決定が最終的なものではないという点も忘れてはなりません。今後さらなる立法努力や行政上の取り組みの余地があります。」
0x010000650000089F,44,149,Sordland/Turn03/A_EnergyProtectionAct,Player,en,「確かにその通りだ、リリアス。たとえ我々の考えと一致しなくても、大国民議会の決定は尊重しなければならない。」
0x01000065000008A6,44,150,Sordland/Turn03/A_EnergyProtectionAct,Player,en,「大国民議会の決定は下されたが、それで我々がソードランドにとって正しいと考えることの擁護をやめるわけではない。」
0x01000065000008AD,44,151,Sordland/Turn03/A_EnergyProtectionAct,Player,en,「大国民議会がこれほどまでに変革に抵抗するのを見ると残念だ。我々の議論は決して終わったわけではない。」
0x01000065000008C0,44,152,Sordland/Turn03/A_EnergyProtectionAct,Symon Holl,en,「エネルギー保護法に関しては、外国投資の基準を引き上げるべきだと考えます。実際、私としてはその基準自体を完全に撤廃したいと思っています。」
0x01000065000008C6,44,153,Sordland/Turn03/A_EnergyProtectionAct,Symon Holl,en,「これにより、ガソムやソードランド石油のようなエネルギー関連機関は間違いなく強化されるでしょう。前者に対するリジアの関心は既に見てきましたし、後者についてもレスピアが長らく狙っていることは私が知っています…」
0x01000065000008DB,44,154,Sordland/Turn03/A_EnergyProtectionAct,Lileas Graf,en,「まさにそれが私の懸念点です。ここでは経済だけでなく国家安全保障も関わっていることを忘れてはなりません。ソル時代の10パーセント制限に戻すか、現行法のまま維持する方がより安全な方法でしょう。」
0x01000065000008E8,44,155,Sordland/Turn03/A_EnergyProtectionAct,Lileas Graf,en,「我々は、エネルギーインフラが外国の手に渡る危険を冒してはなりません。ましてやルンブルクにだけは絶対に！」
0x01000065000008EF,44,156,Sordland/Turn03/A_EnergyProtectionAct,Deivid Wisci,en,「お二人の意見にはそれぞれ道理があります。確かに我々は国家安全を守る必要がありますが、経済的影響も考慮しなければなりません。おそらく両方を組み合わせた方法が最善でしょうか？」
0x01000065000008F6,44,157,Sordland/Turn03/A_EnergyProtectionAct,Deivid Wisci,en,「もし限度を49パーセントに引き上げて、重要なエネルギー分野におけるソードランド人の支配を維持しつつ外国投資を呼び込むとしたらどうでしょうか？」
0x01000065000008FD,44,158,Sordland/Turn03/A_EnergyProtectionAct,Player,en,「キナル、リジア、アンラカ、ルンブルク、レスピアといった海外の買収候補企業が我々の水力・ガス・石油分野を掌握した場合、最悪の事態は何か考えてみてくれ。」
0x0100006500000903,44,159,Sordland/Turn03/A_EnergyProtectionAct,Player,en,「エネルギー保護法の改正が、新しい法律の下ではどんな企業にでも商品を売ることができるガソムのような企業にどのような影響を与えるのだろうか？」
0x0100006500000909,44,160,Sordland/Turn03/A_EnergyProtectionAct,Player,en,「リリアス、国家安全保障上のリスクについてお話しくださったな。もう少し詳しく説明していただけるか？」
0x010000650000090F,44,161,Sordland/Turn03/A_EnergyProtectionAct,Player,en,「エネルギー保護法の改正がソードランド国内のエネルギー価格にどのような影響を与えるだろうか？」
0x0100006500000915,44,162,Sordland/Turn03/A_EnergyProtectionAct,Symon Holl,en,「リリアスが挙げたシナリオももちろんあり得るが、それと同時にもたらされる経済成長や国際関係の発展についても考える必要がある。」
0x0100006500000921,44,163,Sordland/Turn03/A_EnergyProtectionAct,Lileas Graf,en,「大統領、この問題の答えは既にご存知だと思います。」
0x0100006500000927,44,164,Sordland/Turn03/A_EnergyProtectionAct,Deivid Wisci,en,「重要な産業分野を外国の買い手が支配するようになるという潜在的な危険性は否定できません。」
0x0100006500000936,44,165,Sordland/Turn03/A_EnergyProtectionAct,Deivid Wisci,en,「外国資本の導入を議論する際には、常に国家安全保障上のリスクが懸念事項となります。そのため、徹底した審査や監視の仕組みを整えておくことが極めて重要です。」
0x010000650000093C,44,166,Sordland/Turn03/A_EnergyProtectionAct,Deivid Wisci,en,「外国からの投資が増えれば、エネルギー価格の低下が見込めるでしょう。」
0x0100006500000948,44,167,Sordland/Turn03/A_EnergyProtectionAct,Lileas Graf,en,「国家安全保障上のリスクは非常に深刻です。外国勢力が我が国のエネルギー分野での持ち分を利用し、外交や経済交渉において有利な立場を得ようとする可能性があります。」
0x0100006500000954,44,168,Sordland/Turn03/A_EnergyProtectionAct,Symon Holl,en,「ええ、ガソムは誰にでも販売できるかもしれませんが、それでは我々のエネルギー分野の強さと世界的な魅力を示すことにもなりますよね？」
0x010000650000095A,44,169,Sordland/Turn03/A_EnergyProtectionAct,Lileas Graf,en,「エネルギー保護法を変更すれば、外国の勢力が市場を操作する可能性があるため、エネルギー価格の上昇につながるかもしれません。」
0x0100006500000960,44,170,Sordland/Turn03/A_EnergyProtectionAct,Symon Holl,en,「競争が激化し外国からの投資が増えれば、エネルギー価格が下がる可能性もあります。市場に参入する企業が多ければ多いほど、価格競争はより激しくなるでしょう。」
0x0100006500000966,44,171,Sordland/Turn03/A_EnergyProtectionAct,Lileas Graf,en,「私は我が国の主権と強さを固く信じている。」
0x010000650000096C,44,172,Sordland/Turn03/A_EnergyProtectionAct,Deivid Wisci,en,「混乱した経済情勢を考えると、エネルギー保護法の現状を維持することで安定を得られるかもしれません。」
0x0100006500000972,44,173,Sordland/Turn03/A_EnergyProtectionAct,Symon Holl,en,「私としては、外国からの投資を増やすことで我が国の経済を大いに活性化させることができると考えています。」
0x010000640000A751,44,185,Sordland/Turn03/A_EnergyProtectionAct,Player,en,「進めることができる。この問題を解決する時が来た。」
0x010000640000A76F,44,195,Sordland/Turn03/A_EnergyProtectionAct,Player,en,「エネルギー保護法は完全に廃止しよう。我々のエネルギー経済を世界に対して大幅に開放する必要がある。」
0x010000640000A76F,44,195,Sordland/Turn03/A_EnergyProtectionAct,Player,Menu Text en,「エネルギー保護法を完全に廃止しよう。我々のエネルギー経済を世界に対して大幅に開放する必要がある。」［エネルギー保護法 廃止］
0x010000640000A780,44,197,Sordland/Turn03/A_EnergyProtectionAct,Symon Holl,en,「EPAの基準を49パーセントに引き上げるか、あるいは完全に廃止するかを決定すれば、外国からの投資が急増する可能性があります。」
0x010000640000A78E,44,201,Sordland/Turn03/A_EnergyProtectionAct,Symon Holl,en,「たとえ経済を安定させることができたとしても、EPAの規制を緩和することは依然として有益かもしれません。」
0x010000640000A7A9,44,202,Sordland/Turn03/A_EnergyProtectionAct,Lileas Graf,en,「計画経済とは必ずしも外国投資を制限することを意味するわけではありません。重要なのは賢明な管理と統制によって、我が国の利益が常に最優先されるようにすることです。」
0x010000650000099C,44,203,Sordland/Turn03/A_EnergyProtectionAct,Symon Holl,en,「私の在任中、ソードランドは経済危機に直面していたことを忘れてはなりません。これらの変更によって我が国のエネルギー産業に命綱が与えられたのです。」
0x01000065000009A4,44,204,Sordland/Turn03/A_EnergyProtectionAct,Player,en,「この変更は戦略的な措置というより、絶望の表れではなかったのだろうか？」
0x01000065000009AA,44,205,Sordland/Turn03/A_EnergyProtectionAct,Player,en,「しかし、外国資本の増加が実際に大幅な経済成長をもたらしたのだろうか？」
0x01000065000009B0,44,206,Sordland/Turn03/A_EnergyProtectionAct,Player,en,「正直に申し上げると、エネルギー保護法の改正が初めて実施された際、大きな懸念を抱いていた。」
0x01000065000009B9,44,207,Sordland/Turn03/A_EnergyProtectionAct,Deivid Wisci,en,「それは我が国の経済を近代化し成長を促進することを目的とした戦略的な決定であり、同時にエネルギー保護法の核心的な目的であるソードランドのエネルギー分野の保護も維持しようとするものでした。」
0x01000065000009C1,44,208,Sordland/Turn03/A_EnergyProtectionAct,Deivid Wisci,en,「それによって外国からの投資が促進され、我が国の産業には必要不可欠な資本が供給されました。このような政策変更の効果が完全に現れるまでには時間がかかりますが、将来的な経済発展の基盤を築くものです。」
0x01000065000009C9,44,209,Sordland/Turn03/A_EnergyProtectionAct,Deivid Wisci,en,「ですが、政策決定というのはしばしば対立する利害を調整し、厳しい選択を下すことを伴うものであることを忘れてはなりません。かつても今も目指されてきたのは、我々の戦略的利益を守りつつソードランドの経済を発展させることです。」
0x01000065000009D1,44,210,Sordland/Turn03/A_EnergyProtectionAct,Deivid Wisci,en,「アルフォンソ大統領の在任中に起きた経済危機は確かに対応を要しましたが、エネルギー保護法の改正を単なる追い詰められた措置として見るべきではありません。」
0x01000065000009D7,44,211,Sordland/Turn03/A_EnergyProtectionAct,Deivid Wisci,en,「外国資本の増加だけでは経済成長の急激な好転にはつながらなかったものの、肯定的な効果はあったのです。」
0x01000065000009DD,44,212,Sordland/Turn03/A_EnergyProtectionAct,Deivid Wisci,en,「大統領、あなたの懸念は根拠のないものではありませんでした。それは確かに重大な変更であり、他の政策の転換と同様に、多くの論争や批判を招きました。」
0x01000065000009E9,44,213,Sordland/Turn03/A_EnergyProtectionAct,Symon Holl,en,「現在の経済的状況を考えると、これは大きな追い風となるでしょう。」
0x01000065000009F2,44,214,Sordland/Turn03/A_EnergyProtectionAct,Player,en,「リリアス・グラーフ、あなたがソードランドに捧げる献身心を常に高く評価している。我々の国の利益を最優先に考えていることは明らかだね。」
0x01000065000009F8,44,215,Sordland/Turn03/A_EnergyProtectionAct,Player,en,「リリアス・グラーフ、あなたの考えは尊重するが、私としては異議を唱えざるを得ない。現時点では賛成しているものの、長期的に見れば計画経済もソードランドに害を及ぼす可能性があると考えている。」
0x01000065000009FE,44,216,Sordland/Turn03/A_EnergyProtectionAct,Player,en,「リリアス・グラーフ、ご説明は非常に説得力がある。確かに、今後進めていく上で検討すべき点だね。」
0x0100006500000A07,44,217,Sordland/Turn03/A_EnergyProtectionAct,Lileas Graf,en,「大統領、ご丁寧なお言葉をありがとうございます。我々を前進させているのは、ソードランドへの共通の献身心です。」
0x0100006500000A0E,44,218,Sordland/Turn03/A_EnergyProtectionAct,Lileas Graf,en,「そのような考え方は間違っていると思います。もちろん、異なる意見を持つことは許されています。」
0x0100006500000A15,44,219,Sordland/Turn03/A_EnergyProtectionAct,Lileas Graf,en,「ありがとうございます、大統領。このような重要な事案ではあらゆる角度から検討することが不可欠です。」
0x0100006500000A25,44,223,Sordland/Turn03/A_EnergyProtectionAct,Symon Holl,en,「外国投資家に魅力的な環境を整えることで、ソードランドが単に生き残るだけでなく、長期的に繁栄し続けることを確実にできるのです。」
0x0100006500000A2D,44,224,Sordland/Turn03/A_EnergyProtectionAct,Lileas Graf,en,「市場経済を推進しても必ずしも全員が繁栄するわけではありません。富の偏在を招き、富裕層はますます裕福になる一方で中産階級や労働者階級は苦境に立たされることになります。」
0x0100006500000A34,44,225,Sordland/Turn03/A_EnergyProtectionAct,Lileas Graf,en,「ソードランド社会のあらゆる階層において、経済成長の恩恵が公平に分かち合われるようにしなければなりません。」
0x0100006500000A3B,44,226,Sordland/Turn03/A_EnergyProtectionAct,Player,en,「私もまったく同感だ、リリアス。国民の福祉こそが我々の最優先事項であるべきだ。」
0x0100006500000A41,44,227,Sordland/Turn03/A_EnergyProtectionAct,Player,en,「私は自由市場が競争を促進し、それが最終的に革新と経済成長へとつながると考えている。」
0x0100006500000A47,44,228,Sordland/Turn03/A_EnergyProtectionAct,Player,en,「あなたの見解は非常に貴重な示唆を与えてくれる。あらゆる可能性のある結果を考慮することが重要だ。」
0x0100006500000A50,44,229,Sordland/Turn03/A_EnergyProtectionAct,Lileas Graf,en,「大統領、この件について我々の考えが一致していることを嬉しく思います。我々全体の福祉は、最も恵まれない人々の福祉次第なのです。」
0x0100006500000A56,44,230,Sordland/Turn03/A_EnergyProtectionAct,Lileas Graf,en,「大統領、ご意見は理解しております。しかし、規制のない資本主義がもたらす可能性のある問題点についても考慮しなければなりません。」
0x0100006500000A5C,44,231,Sordland/Turn03/A_EnergyProtectionAct,Lileas Graf,en,「ありがとうございます、大統領。このような重大な決定を下す際には、あらゆる可能性を考慮することが実に重要です。」
0x0100006500000A65,44,232,Sordland/Turn03/A_EnergyProtectionAct,Symon Holl,en,「現行のエネルギー保護法は1949年に制定されたものです。アルフォンソ大統領による改正により、ソードランド人が所有するエネルギー企業への外国投資の上限が20パーセントまで引き上げられました。」
0x0100006500000A72,44,233,Sordland/Turn03/A_EnergyProtectionAct,Symon Holl,en,「49パーセントまで引き上げることはバランスの取れた折衷案となり、ソードランドがビジネスに開かれていることを世界に示しつつ、我々の資産に対する過半数の支配権を維持できます。しかし、一部の潜在的なパートナー、特にアルカシア条約機構加盟国は、それでさえも不十分だと見なすかもしれません。」
0x0100006500000A79,44,234,Sordland/Turn03/A_EnergyProtectionAct,Lileas Graf,en,「ソル時代と同様に閾値を10パーセントに戻せば、不当な外国の影響から我々を守り、エネルギー分野が引き続きソードランド人の手に留まることができます。」
0x0100006500000A80,44,235,Sordland/Turn03/A_EnergyProtectionAct,Deivid Wisci,en,「我々はすでに20パーセントという基準で外国投資を受け入れる姿勢にあります。この割合を変更すると予期せぬ問題が生じ、対外関係を複雑化させる可能性があります。」
0x0100006500000A88,44,236,Sordland/Turn03/A_EnergyProtectionAct,Player,en,「外国資本の所有割合の基準を49パーセントに引き上げる。そうすることで外国からの投資が増加するだろう。」
0x0100006500000A88,44,236,Sordland/Turn03/A_EnergyProtectionAct,Player,Menu Text en,「外国の所有割合の基準を49パーセントに引き上げる。これにより外国からの投資が増加するだろう。」［エネルギー保護法 49％］
0x0100006500000A8F,44,237,Sordland/Turn03/A_EnergyProtectionAct,Player,en,「エネルギー保護法はそのまま維持しよう。現状の方がこれまでうまく機能してきたから。」
0x0100006500000A8F,44,237,Sordland/Turn03/A_EnergyProtectionAct,Player,Menu Text en,「エネルギー保護法はそのまま維持しよう。これまでの状況で問題なかった。」 ［エネルギー保護法 20％のまま］
0x0100006500000A96,44,238,Sordland/Turn03/A_EnergyProtectionAct,Player,en,「我々はソル時代の水準である10パーセントに外資所有制限を戻すつもりだ。」
0x0100006500000A96,44,238,Sordland/Turn03/A_EnergyProtectionAct,Player,Menu Text en,「ソル時代と同様に、外国所有比率を10パーセントに戻す。」 ［エネルギー保護法 10％に］
0x0100006500000A9D,44,239,Sordland/Turn03/A_EnergyProtectionAct,Symon Holl,en,「これは大幅な経済成長を促進する可能性があります。」
0x0100006500000AA3,44,240,Sordland/Turn03/A_EnergyProtectionAct,Deivid Wisci,en,「大統領、それは実に大胆な決断ですね。」
0x0100006500000AA9,44,241,Sordland/Turn03/A_EnergyProtectionAct,Lileas Graf,en,「これでは我が国のエネルギー主権が損なわれる恐れがあります。」
0x0100006500000AB2,44,242,Sordland/Turn03/A_EnergyProtectionAct,Symon Holl,en,「これにより、大規模な外国からの投資が引き寄せられる可能性があります。」
0x0100006500000AB8,44,243,Sordland/Turn03/A_EnergyProtectionAct,Deivid Wisci,en,「バランスの取れた対応を取ることが、我々にとって最善です。」
0x0100006500000ABE,44,244,Sordland/Turn03/A_EnergyProtectionAct,Lileas Graf,en,「大幅な増加ですね。我々があまりにも門戸を開きすぎているのではないかと懸念します。」
0x0100006500000AC6,44,245,Sordland/Turn03/A_EnergyProtectionAct,Symon Holl,en,「それは安全な選択ですが、我々の経済成長を制限する可能性があります。」
0x0100006500000ACC,44,246,Sordland/Turn03/A_EnergyProtectionAct,Deivid Wisci,en,「このような不確実な時代においては、安定こそが最も重要です。」
0x0100006500000AD2,44,247,Sordland/Turn03/A_EnergyProtectionAct,Lileas Graf,en,「それはソルが望んだことではないかもしれませんが、賢明な決断です。」
0x0100006500000ADA,44,248,Sordland/Turn03/A_EnergyProtectionAct,Symon Holl,en,「それは保守的なやり方で、我々の発展の可能性を制限してしまうでしょう。私はエネルギー産業への影響を軽減するために全力を尽くします。」
0x0100006500000AE0,44,249,Sordland/Turn03/A_EnergyProtectionAct,Deivid Wisci,en,「これにより、自給自足の重要性を強くアピールすることができます。」
0x0100006500000AE6,44,250,Sordland/Turn03/A_EnergyProtectionAct,Lileas Graf,en,「これにより、我々のエネルギー資源がソードランド人の厳格な管理下に留まることが保証されます。」
0x0100006500000B0C,44,255,Sordland/Turn03/A_EnergyProtectionAct,Narrator,en,部屋のドアが開いた。リヴィア・スーノが様々な飲み物が入ったトレイを持ってきた。
0x0100006500000B16,44,256,Sordland/Turn03/A_EnergyProtectionAct,Narrator,en,彼女は部屋の中を動き回り、茶やコーヒー、水でカップやグラスに再び飲み物を注ぐ際、少し不器用だった。
0x0100006500000B1D,44,257,Sordland/Turn03/A_EnergyProtectionAct,Livia Suno,en,「失礼します、諸君。中断するつもりはありませんでした。大統領、何をお飲みになりますか？」
0x0100006500000B24,44,258,Sordland/Turn03/A_EnergyProtectionAct,Player,en,「ありがとう、リヴィア。コーヒーを一杯ください。」
0x0100006500000B2B,44,259,Sordland/Turn03/A_EnergyProtectionAct,Player,en,「ありがとう、リヴィア。今ならお茶がちょうどいいね。」
0x0100006500000B32,44,260,Sordland/Turn03/A_EnergyProtectionAct,Player,en,「リヴィア、私には水だけで結構だ。ありがとう。」
0x0100006500000B39,44,261,Sordland/Turn03/A_EnergyProtectionAct,Livia Suno,en,「もちろんです、大統領。こちらにございます。」
0x0100006500000B40,44,262,Sordland/Turn03/A_EnergyProtectionAct,Livia Suno,en,「かしこまりました、大統領。お茶をお持ちしました。」
0x0100006500000B47,44,263,Sordland/Turn03/A_EnergyProtectionAct,Livia Suno,en,「もちろんです、大統領。お水をお持ちしました。」
0x0100006500000B4E,44,264,Sordland/Turn03/A_EnergyProtectionAct,Narrator,en,リヴィアは飲み物の提供を終えると、ドアの方へと下がっていった。彼女は静かに退室する前に、もう一度部屋の中を見回した。
0x0100006500000B57,44,265,Sordland/Turn03/A_EnergyProtectionAct,Narrator,en,会議は再開され、杯やグラスの音に負けない程度に我々の会話の声が少しずつ大きくなっていった。
0x0100006500000B5E,44,266,Sordland/Turn03/A_EnergyProtectionAct,Player,en,「次回は入る前に必ずご挨拶をしていただき、もっと配慮していただけるようお願いする。」
0x0100006500000B65,44,267,Sordland/Turn03/A_EnergyProtectionAct,Livia Suno,en,「申し訳ありません、今後は気をつけます。会議が終わったと思ってお茶を補充しようとしただけです。」
0x0100006500000B78,44,271,Sordland/Turn03/A_EnergyProtectionAct,Symon Holl,en,「大統領、私も同感です。しかし、反企業的な傾向を助長してしまわないよう慎重に行動しなければなりません。」
0x0100006500000B7E,44,272,Sordland/Turn03/A_EnergyProtectionAct,Deivid Wisci,en,「こちらにいる間にお伝えしますが、私は労働者権利法案に関してベニウォル大臣のために専門知識を提供してきました。」
0x0100006500000B84,44,273,Sordland/Turn03/A_EnergyProtectionAct,Lileas Graf,en,「私も同感です、大統領。労働者の権利を守ることが最優先事項ですが、何らかの隠された意図がないか慎重に注意しなければなりません。」
0x0100006500000B8B,44,274,Sordland/Turn03/A_EnergyProtectionAct,Player,en,「ベニウォル氏とのご協力は称賛に値する。これが我々の労働者たちにとって良い変化をもたらすことを願っている。」
0x0100006500000B92,44,275,Sordland/Turn03/A_EnergyProtectionAct,Player,en,「労働者の権利は重要だが、この法案が我々の企業活動を妨げるような過度な規制をもたらさないようにしなければならない。」
0x0100006500000B99,44,276,Sordland/Turn03/A_EnergyProtectionAct,Player,en,「私はその法案を詳しく検討する機会が得るまで、判断を保留しようと思う。」
0x0100006500000BA0,44,277,Sordland/Turn03/A_EnergyProtectionAct,Deivid Wisci,en,「ありがとうございます、大統領。この法案は労働者の福祉を最優先することを目的としており、より人間的な経済体制へ向けた一歩です。」
0x0100006500000BA7,44,278,Sordland/Turn03/A_EnergyProtectionAct,Deivid Wisci,en,「大統領、ご懸念の点はよく理解しております。我々は労働者の権利と企業のニーズとの間でバランスを取ることを目指しています。」
0x0100006500000BAE,44,279,Sordland/Turn03/A_EnergyProtectionAct,Deivid Wisci,en,「もちろんです、大統領。至急その法案をご確認いただけるよう手配いたします。」
0x0100006500000BB6,44,280,Sordland/Turn03/A_EnergyProtectionAct,Symon Holl,en,「同感です。我々が最も避けるべきは、規制によって企業に過度な負担をかけることです。」
0x0100006500000BBD,44,281,Sordland/Turn03/A_EnergyProtectionAct,Symon Holl,en,「こうした事柄を性急に決定してはなりません。感情に判断を曇らせてはいけません。」
0x0100006500000BC5,44,282,Sordland/Turn03/A_EnergyProtectionAct,Lileas Graf,en,「規制こそが、我々の企業が弱い立場にある市民を搾取するのを防ぐものですよ、ホル氏。」
0x0100006500000BCC,44,283,Sordland/Turn03/A_EnergyProtectionAct,Lileas Graf,en,「ホル氏、あなたにとってはそんなことは決して心配事にならないのですね？」
0x0100006500000BD3,44,284,Sordland/Turn03/A_EnergyProtectionAct,Symon Holl,en,「ともかく、私はこれから行われる任期中の予算会議や、事業税制改正に関する提案の作成に取り組んでいます。」
0x0100006500000BDC,44,285,Sordland/Turn03/A_EnergyProtectionAct,Symon Holl,en,「具体的には、中小企業や大企業に対して10パーセント程度の税制変更を検討しています。これは我が国の経済状況にとって大きな影響を与える可能性があります。」
0x0100006500000BE3,44,286,Sordland/Turn03/A_EnergyProtectionAct,Player,en,「そのような課税方法なら確かに我が国の経済を活性化させることができる。だが、中小企業や大企業に過度な負担がかからないようにしなければならない。」
0x0100006500000BEA,44,287,Sordland/Turn03/A_EnergyProtectionAct,Player,en,「税制の大幅な変更には慎重であるべきだ。予期しない結果を招く可能性があるから。」
0x0100006500000BF8,44,288,Sordland/Turn03/A_EnergyProtectionAct,Symon Holl,en,「大統領、ご見解をいただき感謝いたします。私どもの最優先事項は、中小企業の存続と発展を守ることです。」
0x0100006500000BFF,44,289,Sordland/Turn03/A_EnergyProtectionAct,Symon Holl,en,「大統領、ご警戒には十分な理由がございます。」
0x0100006500000C0D,44,290,Sordland/Turn03/A_EnergyProtectionAct,Deivid Wisci,en,「税制の変更は確かに我が国の経済に大きな影響を与える可能性があります。その影響範囲を慎重に検討しなければなりません。」
0x0100006500000C14,44,291,Sordland/Turn03/A_EnergyProtectionAct,Deivid Wisci,en,「私もまた世界貿易と経済協力の推進者として、企業に過度な税金を課すことには慎重であるべきだと考えています。」
0x0100006500000C22,44,292,Sordland/Turn03/A_EnergyProtectionAct,Player,en,「私は、この政権下で大胆な改革を実行していることに大変満足している。」
0x0100006500000C29,44,293,Sordland/Turn03/A_EnergyProtectionAct,Symon Holl,en,「大胆な変革はしばしば大きな前進をもたらします。それは我が政府にビジョンと革新を受け入れる意欲があることを示しています。」
0x0100006500000C30,44,294,Sordland/Turn03/A_EnergyProtectionAct,Deivid Wisci,en,「我々は、企業に適切な負担を求めつつ成長を促進する代替戦略を探求すべきです。」
0x0100006500000C37,44,295,Sordland/Turn03/A_EnergyProtectionAct,Lileas Graf,en,「大手私企業たちはあまりにも長い間、多大な利益と抜け道を享受してきました。彼らは当然の負担を果たすべきです。」
0x0100006500000C3D,44,296,Sordland/Turn03/A_EnergyProtectionAct,Lileas Graf,en,「我々が直面している経済的課題を考えると、税負担を増やすことで必要不可欠な収入を確保し、重要な公共サービスや社会福祉制度を支えることができるでしょう。」
0x0100006500000C43,44,297,Sordland/Turn03/A_EnergyProtectionAct,Lileas Graf,en,「私にとっては、企業に適切な負担を求めることの方が、成長促進よりも優先されます。」
0x0100006500000C4F,44,298,Sordland/Turn03/A_EnergyProtectionAct,Lileas Graf,en,「一方で大統領、緊急法の制定計画について耳にしました。それはソードランドの安全と安定を確保するための必要な措置だと思います。」
0x0100006500000C56,44,299,Sordland/Turn03/A_EnergyProtectionAct,Lileas Graf,en,「ですので、私はすでに必要な行動計画の起草を始めています。」
0x0100006500000C5D,44,300,Sordland/Turn03/A_EnergyProtectionAct,Player,en,「素晴らしい仕事だ、リリアス。あらゆる事態に備えておく必要がある。」
0x0100006500000C63,44,301,Sordland/Turn03/A_EnergyProtectionAct,Player,en,「緊急措置法は非常に重大なものだ。慎重に対処してくれるものと信じている。」
0x0100006500000C69,44,302,Sordland/Turn03/A_EnergyProtectionAct,Player,en,「リリアス・グラーフ、進捗状況は必ず我々全員に報告してくれ。」
0x0100006500000C72,44,303,Sordland/Turn03/A_EnergyProtectionAct,Lileas Graf,en,「大統領、ありがとうございます。私は現状の深刻さをよく理解しており、我が国の安全を守るため全力を尽くす所存です。」
0x0100006500000C79,44,304,Sordland/Turn03/A_EnergyProtectionAct,Lileas Graf,en,「大統領、ご懸念の点はよく理解しております。私がこの任務を極めて慎重に処理することをお約束いたします。」
0x0100006500000C80,44,305,Sordland/Turn03/A_EnergyProtectionAct,Lileas Graf,en,「もちろんです、大統領。我々が取るあらゆる措置について、必ずご報告いたします。」
0x0100006500000C87,44,306,Sordland/Turn03/A_EnergyProtectionAct,Symon Holl,en,「ご尽力に感謝いたします。我が国の経済への影響が最小限に留まることを願っております。」
0x0100006500000C8D,44,307,Sordland/Turn03/A_EnergyProtectionAct,Symon Holl,en,「緊急措置法は確かに厳しい対策ですね。大統領がご自身で対応されると聞き、安心いたしました。」
0x0100006500000C93,44,308,Sordland/Turn03/A_EnergyProtectionAct,Symon Holl,en,「リリアス・グラーフ、進める際には経済的な影響も考慮してほしい。バランスを保つ必要があるのだ。」
0x0100006500000C99,44,309,Sordland/Turn03/A_EnergyProtectionAct,Deivid Wisci,en,「リリアス、あなたを信頼しています。ただ、我々の国際関係に及ぼす可能性のある影響を忘れないでください。」
0x0100006500000C9F,44,310,Sordland/Turn03/A_EnergyProtectionAct,Deivid Wisci,en,「リリアス、慎重に対処してくれ。緊急法が我々の外交関係を損なわないようにしなければならん。」
0x0100006500000CA5,44,311,Sordland/Turn03/A_EnergyProtectionAct,Deivid Wisci,en,「どうか我々にも状況を随時報告してください。我々全員が情報を共有する必要があります。」
0x0100006500000CB1,44,312,Sordland/Turn03/A_EnergyProtectionAct,Narrator,en,閣僚たちが席から立ち上がると、午前中の光が豪華な窓から部屋の中に差し込んできた。
0x0100006500000CC8,44,313,Sordland/Turn03/A_EnergyProtectionAct,Narrator,en,それは会議の終了を示す合図のようだった。
0x0100006500000CCF,44,314,Sordland/Turn03/A_EnergyProtectionAct,Player,en,「本日は皆様の貴重なご意見とご協力に心より感謝する。良い午後を過ごしてくれ。」
0x0100006500000CD5,44,315,Sordland/Turn03/A_EnergyProtectionAct,Player,en,「我々の団結こそが力だ。引き続き手を携えて、ソードランドの繁栄のために努力しよう。」
0x0100006500000CDB,44,316,Sordland/Turn03/A_EnergyProtectionAct,Player,en,「今日、我々はいくつか重要な決定を下した。とりあえずここで会議を終了し、必要であれば後日再開しよう。」
0x0100006500000CF0,44,317,Sordland/Turn03/A_EnergyProtectionAct,Player,en,「我々の業績こそが我々の遺産だ。ソードランドが誇りに思えるようなものにしよう。」
0x0100006500000CFD,44,318,Sordland/Turn03/A_EnergyProtectionAct,Lileas Graf,en,「ご議論いただき、ありがとうございます。引き続き我々の優先事項に取り組んでまいります。皆様、さようならです。」
0x0100006500000D03,44,319,Sordland/Turn03/A_EnergyProtectionAct,Symon Holl,en,「期中予算会議でお会いしましょう。」
0x0100006500000D09,44,320,Sordland/Turn03/A_EnergyProtectionAct,Deivid Wisci,en,「また次回お会いしましょう、親愛なる同僚の皆様。どうぞご自愛ください。」
0x0100006500000D22,44,323,Sordland/Turn03/A_EnergyProtectionAct,Deivid Wisci,en,「我々の労働者に公正な扱いを保障することは極めて重要だと考えます。そして、その法案の提出も間近に迫っています。」
0x0100006500000D2C,44,324,Sordland/Turn03/A_EnergyProtectionAct,Player,en,「私は当時、その方針に強く反対した。1946年に執行副大統領であった頃でさえ、アルフォンソは国をあまりにも急いで変えようとしたのだ。」
0x0100006500000D34,44,325,Sordland/Turn03/A_EnergyProtectionAct,Player,en,「まずは国民教育隊、次にSSC法案、そして徐々にEPAと。彼はタルキン・ソルの第二共和政の痕跡をすべて消し去ろうとしていたのだ。」
0x01000065000032D8,44,327,Sordland/Turn03/A_EnergyProtectionAct,Lileas Graf,en,「ガソムも他のエネルギー企業と同様に、外国の支配下に置かれる可能性があります。」
0x01000065000032DE,44,328,Sordland/Turn03/A_EnergyProtectionAct,Deivid Wisci,en,「外国の所有割合の基準を49％に引き上げれば、そのリスクを軽減しつつより多くの投資を呼び込むことができます。」
0x01000065000032E4,44,329,Sordland/Turn03/A_EnergyProtectionAct,Deivid Wisci,en,「しかし、エネルギー分野における雇用の安定や国家の統制に与える影響も考慮すべきです。」
0x01000065000032F4,44,330,Sordland/Turn03/A_EnergyProtectionAct,Symon Holl,en,「キナル、リジア、アンラカ、ルンブルク、レスピアの勢力を潜在的な脅威と見なすこともできますが、彼らを潜在的なパートナーとして捉えることも同様に重要です。」
0x01000065000032FB,44,331,Sordland/Turn03/A_EnergyProtectionAct,Symon Holl,en,「その資源は、我が国のエネルギー分野のさらなる発展に投じることができます。」
0x0100006500003311,44,332,Sordland/Turn03/A_EnergyProtectionAct,Lileas Graf,en,「外国の影響を受けやすくなるような過激な変更は避けるべきです。どんな犠牲を払ってでも、我々はエネルギー分野の支配権を維持しなければなりません。」
0x0100006500003317,44,333,Sordland/Turn03/A_EnergyProtectionAct,Lileas Graf,en,「ガソムへの我々の投資はソードランドの主権を強化するものです。しかし、EPAを変更すればその主権が弱まる可能性があります。」
0x010000650000331D,44,334,Sordland/Turn03/A_EnergyProtectionAct,Deivid Wisci,en,「ガソムへの大規模な投資を行っていることを考えると、EPAに関する我々の決定は、残りの株式が外国投資家にとってどれだけ魅力的かに大きな影響を与えることになります。」
0x0100006500003323,44,335,Sordland/Turn03/A_EnergyProtectionAct,Lileas Graf,en,「しかし、外国所有の基準を引き上げる場合、ルンブルクの影響力には警戒しなければなりません。」
0x0100006500003329,44,336,Sordland/Turn03/A_EnergyProtectionAct,Lileas Graf,en,「リジアと負担を分かち合うことで、ある程度安心できます。」
0x010000650000332F,44,337,Sordland/Turn03/A_EnergyProtectionAct,Deivid Wisci,en,「ソードランドとリジアがガソムへ共同出資することで、両国の経済に利益をもたらすパートナーシップを築く可能性があります。しかし、EPAをどのように修正するかによって、その結果は大きく変わるでしょう。」
0x0100006500003335,44,338,Sordland/Turn03/A_EnergyProtectionAct,Lileas Graf,en,「閾値を引き上げれば、我が国の資源に対する外国の支配がさらに進む危険性があります。」
0x010000650000333B,44,339,Sordland/Turn03/A_EnergyProtectionAct,Lileas Graf,en,「リジアが唯一の投資者であること自体が、すでに我々のエネルギー自立をある程度損なっているのです。」
0x0100006500003341,44,340,Sordland/Turn03/A_EnergyProtectionAct,Deivid Wisci,en,「リジアが唯一の投資者であるため、EPAに関する我々の姿勢は彼らの持分に直接影響を与えます。潜在的な結果と、それが我々のエネルギー自立に与える影響を考慮しなければなりません。」
0x0100006500003347,44,341,Sordland/Turn03/A_EnergyProtectionAct,Player,en,「リジアの投資を考慮すれば、現在の基準値のままで問題ない。そうすることで、エネルギー分野の財政的安定を維持しつつ、外国による干渉を最小限に抑えることができる。」
0x010000650000334D,44,342,Sordland/Turn03/A_EnergyProtectionAct,Player,en,「基準を引き上げればより多くの投資家が集まるかもしれない。しかし、我々の資源に対する支配権を失わないよう慎重に行動しなければならない。」
0x0100006500003359,44,343,Sordland/Turn03/A_EnergyProtectionAct,Player,en,「リジアとの提携は有益であることが証明されている。現在の基準を維持すべきだと思う。この均衡を崩しかねない軽率な決定は避けよう。」
0x010000650000335F,44,344,Sordland/Turn03/A_EnergyProtectionAct,Player,en,「おそらく、その基準値を完全に撤廃することも検討すべきだろう。そうすればガソムが世界市場に進出し、我々の利益を真に最大限に引き出せるはずだ。」
0x0100006500003365,44,345,Sordland/Turn03/A_EnergyProtectionAct,Player,en,「もし外国所有の基準を現状のまま維持すれば、外国からの投資は制限されることになる。しかし、ガソムにおける我々の30パーセントの出資比率は引き続き大きなものであり、保護された状態が続くだろう。」
0x010000650000336B,44,346,Sordland/Turn03/A_EnergyProtectionAct,Player,en,「外国所有権の上限を10パーセントに引き下げることで、ほとんどの外国人投資の機会を遮断することになる。そうすればガソムにおける我々の30パーセントの持分が大きな影響力を保持し続けられる。」
0x0100006500003372,44,347,Sordland/Turn03/A_EnergyProtectionAct,Deivid Wisci,en,「一方で、外国からの投資によってガソムや同様の企業への資源投入が増えることになります。」
0x010000650000337C,44,348,Sordland/Turn03/A_EnergyProtectionAct,Player,en,「外国所有権の割合を49パーセントに引き上げることで、外国投資の機会をより多く創出するのだ。そうすればガソムにおける我々自身の30パーセントの持分の価値も向上するだろう。」
0x0100006500003382,44,349,Sordland/Turn03/A_EnergyProtectionAct,Player,en,「リリアス・グラーフ、あなたの指摘ももっともだが、潜在的な経済的利益を無視するわけにはいかない。所有権の要件を引き上げれば、より多くの投資家が集まり、我々の株式の価値も上昇するだろう。」
0x0100006500003388,44,350,Sordland/Turn03/A_EnergyProtectionAct,Player,en,「閾値を再び10パーセントに下げることを検討しよう。そうすればガソムに対するソードランド人の支配をより強化し、我々のエネルギー独立を守ることができる。」
0x010000650000339A,44,351,Sordland/Turn03/A_EnergyProtectionAct,Symon Holl,en,「大統領、あなたのEPAに関する決定の影響については、かなり徹底的に検討しましたと申し上げられます。」
0x01000065000033B4,44,352,Sordland/Turn03/A_EnergyProtectionAct,Lileas Graf,en,「閣下、保有割合の基準を49パーセントに引き上げることでガソムの価値が上昇し、それに伴い我々が持つ30パーセントの出資分の価値も高まるかもしれません。しかし、会社に対する支配権を失うわけにはいきません。」
0x01000065000033BA,44,353,Sordland/Turn03/A_EnergyProtectionAct,Symon Holl,en,「49パーセントという基準値に設定すれば、支配権を失う危険なしに我々の持分の価値を高めることができます。」
0x01000065000033C2,44,354,Sordland/Turn03/A_EnergyProtectionAct,Deivid Wisci,en,「EPAの水準を49％に引き上げることで新たな貿易の道が開かれますが、我が国の利益が損なわれないようにしなければなりません。」
0x01000065000033C9,44,355,Sordland/Turn03/A_EnergyProtectionAct,Player,en,「我々は自らの決定がもたらす長期的な影響を考慮しなければならない。外国からの投資は即座の経済的利益をもたらすかもしれないが、エネルギー分野における支配権を失う危険もある。」
0x01000065000033DA,44,356,Sordland/Turn03/A_EnergyProtectionAct,Lileas Graf,en,「現状を維持すれば、我々の30パーセントという出資比率は引き続き重要なままであり続けることができますね。」
0x01000065000033E0,44,357,Sordland/Turn03/A_EnergyProtectionAct,Symon Holl,en,「しかし、そうすることで潜在的な成長の機会を逃してしまうのではないでしょうか？」
0x01000065000033E6,44,358,Sordland/Turn03/A_EnergyProtectionAct,Deivid Wisci,en,「お二人とも正しいです。現状を維持すれば安定は保たれますが、見逃すかもしれない将来の貿易機会とのバランスも考えなければなりません。」
0x01000065000033F1,44,359,Sordland/Turn03/A_EnergyProtectionAct,Lileas Graf,en,「閾値を10パーセントに下げるのが私の望みです。そうすればソードランドの主権を維持しながらも外国投資の機会を残すことができます。」
0x01000065000033F7,44,360,Sordland/Turn03/A_EnergyProtectionAct,Symon Holl,en,「一方で、それによって外国の投資家たちが遠ざかってしまい、企業の利益率が低下し、我々の収益も減少することになります。」
0x01000065000033FD,44,361,Sordland/Turn03/A_EnergyProtectionAct,Deivid Wisci,en,「10パーセントという制限ならある程度の保護にはなりますが、それによって生じうる経済的孤立の可能性も考慮する必要があります。」
0x0100006500003408,44,362,Sordland/Turn03/A_EnergyProtectionAct,Lileas Graf,en,「現在の基準を維持するのも安全な選択肢ですが、私としてはソル時代に10パーセントの一律課税を設ける方が望ましいと考えます。長期的には機会を制限することになりますが、我が国は存続し続けるでしょう。」
0x010000650000340E,44,363,Sordland/Turn03/A_EnergyProtectionAct,Symon Holl,en,「現在の基準値は適切なバランスを保っており、過度な外国の影響を招かずにある程度の外資導入が可能です。過去の基準に戻れば、我々は多くの機会を失うことになります。」
0x0100006500003414,44,364,Sordland/Turn03/A_EnergyProtectionAct,Deivid Wisci,en,「現状を維持することで安定は得られますが、経済成長や貿易関係の発展可能性を制限してしまう恐れがあります。」
0x010000650000341D,44,365,Sordland/Turn03/A_EnergyProtectionAct,Lileas Graf,en,「大統領、私は断固として反対の意を表明せざるを得ません。その基準値を完全に撤廃すれば、自国の資源に対する支配権を外国勢力に奪われてしまうでしょう。疑問視される経済的利益のために、あまりにも高過ぎる代償となります。」
0x0100006500003423,44,366,Sordland/Turn03/A_EnergyProtectionAct,Symon Holl,en,「閣下、基準値を撤廃するのは確かに大胆な措置です。それにより外国からの投資が大幅に増え、我が国の経済が活性化する可能性があります。しかし、伴うリスクを適切に管理し、我々の利益が損なわれないように備える必要がございます。」
0x0100006500003429,44,367,Sordland/Turn03/A_EnergyProtectionAct,Deivid Wisci,en,「完全な撤廃は確かに大胆な措置ではありますが、我々の国際貿易の構造を大きく変えてしまう可能性があります。また、外交関係の複雑化や潜在的な依存問題に対処しなければならないでしょう。」
0x0100006500003432,44,368,Sordland/Turn03/A_EnergyProtectionAct,Lileas Graf,en,「潜在的な経済的利益は理解しておりますが、利益のために我々の主権を犠牲にするわけにはいきません。」
0x0100006500003438,44,369,Sordland/Turn03/A_EnergyProtectionAct,Symon Holl,en,「閾値を引き上げればより多くの外国投資家が集まり、我々の持分の価値も上昇するでしょう。しかし当然ながら、ソードランドの利益が守られるようにしなければなりません。」
0x010000650000343E,44,370,Sordland/Turn03/A_EnergyProtectionAct,Deivid Wisci,en,「よりバランスの取れた方針を採用することは、我が国の主権を損なうことなく良好な貿易関係を維持しようという我々の目標によく合致しています。」
0x010000650000344D,44,371,Sordland/Turn03/A_EnergyProtectionAct,Player,en,「我々は外国からの投資を呼び込む際、より積極的であるべきだ。結局のところ、繁栄するエネルギー産業は我が国の経済成長を牽引する大きな力となり得るから。」
0x0100006500003453,44,372,Sordland/Turn03/A_EnergyProtectionAct,Lileas Graf,en,「この状況では現状維持が最も安全な選択肢かもしれません。我々のエネルギー産業が外国勢力の巣窟と化することを防がなければなりません。」
0x0100006500003459,44,373,Sordland/Turn03/A_EnergyProtectionAct,Symon Holl,en,「現在の基準を維持すれば、エネルギー分野に大きな混乱が生じる危険を冒さずに、安定した外国投資の流入を確保できるでしょう。」
0x010000650000345F,44,374,Sordland/Turn03/A_EnergyProtectionAct,Deivid Wisci,en,「現状を維持すればリジアとの関係に安定性がもたらされるかもしれませんが、新たな外国投資を呼び込む可能性を制限してしまう危険もあります。」
0x0100006500003465,44,375,Sordland/Turn03/A_EnergyProtectionAct,Symon Holl,en,「もしリスクを適切に管理できれば、基準値を引き上げることは確かに我が国の経済に大きな追い風となるでしょう。」
0x010000650000346B,44,376,Sordland/Turn03/A_EnergyProtectionAct,Deivid Wisci,en,「閾値を引き上げれば我が国の経済に大きな好影響をもたらす可能性はあるが、ルンブルクを含む他の外国勢力との関係を複雑化させる危険性もある。」
0x0100006500003471,44,377,Sordland/Turn03/A_EnergyProtectionAct,Deivid Wisci,en,「基準を下げることは、国家主権への決意を強く示す手段となり得ますが、一方で外国人投資家たちを遠ざけてしまう可能性もあります。」
0x0100006500003477,44,378,Sordland/Turn03/A_EnergyProtectionAct,Symon Holl,en,「閾値を下げると外国からの投資が制限されるかもしれませんが、我が国のエネルギー分野を外部による搾取から守ることもできます。」
0x010000650000347D,44,379,Sordland/Turn03/A_EnergyProtectionAct,Lileas Graf,en,「エネルギー自立を犠牲にしてより多くの投資家を引き寄せることは、我々が冒すべきリスクではありません。我々は国の主権を危険に晒すような賭けをしてはならないのです。」
0x0100006500003483,44,380,Sordland/Turn03/A_EnergyProtectionAct,Lileas Graf,en,「10パーセントという基準値に戻すことは正しい方向への一歩となります。そうすればソードランドは自国の資源を引き続き掌握できるでしょう。」
0x010000650000349A,44,381,Sordland/Turn03/A_EnergyProtectionAct,Player,en,「我々の選択は単なる数字の問題ではない。それらはソードランドの国民にとって極めて重要な影響を及ぼすものだ。決断を下す際には、常に彼らのことを念頭に置かなければならない。」
0x01000065000034A0,44,382,Sordland/Turn03/A_EnergyProtectionAct,Player,en,「EPAはこれまで我が国の利益を守るための盾だったが、変化にも積極的に対応しなければならない。利点と欠点を慎重に天秤にかける必要がある。」
0x01000065000034AE,44,383,Sordland/Turn03/A_EnergyProtectionAct,Deivid Wisci,en,「しかし、ソルが恩赦を与えることで分裂した社会に癒やしと和解の機会をもたらそうと意図していた点は認めざるを得ません。」
0x01000065000034B5,44,384,Sordland/Turn03/A_EnergyProtectionAct,Deivid Wisci,en,「論争があったにもかかわらず、それは我々の復興にとって極めて重要であり、今日に至るまでエネルギー自立を維持するのに役立ってきました。」
0x01000065000034BD,44,385,Sordland/Turn03/A_EnergyProtectionAct,Player,en,「我が国のガス産業の将来は他者ではなく、我々自身の手にかかっている。ガソムへの全面的な投資がそのことを示しているのだ。」
0x01000065000034C3,44,386,Sordland/Turn03/A_EnergyProtectionAct,Player,en,「単独で投資することにより、我々は民間のガス業界に対して大きな支配権を握ることができた。これは重要産業の国有化という我々の目標に合している。ただし、経済に負担をかけないようにしなければならない。」
0x01000065000034C9,44,387,Sordland/Turn03/A_EnergyProtectionAct,Player,en,「この投資は、ソードランドのエネルギー自立への我々の決意を示している。我々の力をすべてブルディアの人々のために役立てよう。」
0x01000065000034E3,44,397,Sordland/Turn03/A_EnergyProtectionAct,Player,en,「リジアとの合弁事業は譲歩ではなく戦略的な措置だ。これは世界のエネルギー界における我々の地位を確固たるものにするパートナーシップなのだ。」
0x01000065000034E9,44,398,Sordland/Turn03/A_EnergyProtectionAct,Player,en,「リジアと投資責任を分かち合うことで財政的負担は軽減されるかもしれないが、それは同時に我々のエネルギー分野に外部の影響力が入り込むことを意味している。慎重に対処しなければならない。」
0x01000065000034EF,44,399,Sordland/Turn03/A_EnergyProtectionAct,Player,en,「リジアとのパートナーシップは、地域協力への我々の決意を示すものだ。これは両国に利益をもたらす現実的な措置であります。」
0x01000065000034F5,44,400,Sordland/Turn03/A_EnergyProtectionAct,Player,en,「慎重さには知恵がある。選択肢を残し、リジアの動向を観察しよう。投資を行う時期は必ずや来る。」
0x01000065000034FB,44,401,Sordland/Turn03/A_EnergyProtectionAct,Player,en,「この不確実な時代には、資源を控えておくのが賢明だ。まずはリジアにこれらの混乱した状況を乗り切ってもらおう。」
0x0100006500003501,44,402,Sordland/Turn03/A_EnergyProtectionAct,Player,en,「我々が今回投資を見送るという決定は撤退ではなく、戦略的な一時停止に過ぎない。適切な時期が来ればその時に判断を下す。」
0x0100006500003507,44,403,Sordland/Turn03/A_EnergyProtectionAct,Narrator,en,シモンは丁寧に眼鏡の位置を直した。
0x010000650000354E,44,407,Sordland/Turn03/A_EnergyProtectionAct,Symon Holl,en,「もう一つ懸念点がございます。ガスとミカイルから、大統領がアルフォンソ大統領に対し、より厳格なEPA規制を課さないという約束をしたと聞きました。」
0x0100006500003555,44,408,Sordland/Turn03/A_EnergyProtectionAct,Symon Holl,en,「現在の経済状況を考えると、制度を不安定にさせない方が賢明でしょう。基準値の引き下げを実施すれば、ガソムに不可逆的な被害が及びます。」
0x010000650000355C,44,409,Sordland/Turn03/A_EnergyProtectionAct,Player,en,「すでに不安定な状況にあり、さらに悪化の恐れがある経済において、わざわざ破壊的な行動を取る必要はないのだ。」
0x0100006500003562,44,410,Sordland/Turn03/A_EnergyProtectionAct,Player,en,「経済的安定の必要性は理解している。しかし、全ての事実を知った今、かつての約束を見直す必要があると考えている。」
0x0100006500003568,44,411,Sordland/Turn03/A_EnergyProtectionAct,Lileas Graf,en,「我々の行動は、我が国の最善の利益に基づいて行われるべきです。」
0x0100006500003577,44,412,Sordland/Turn03/A_EnergyProtectionAct,Symon Holl,en,「我々の行動がもたらす甚大な影響を考慮しなければなりません。特に最近ガソムと交わした取引を踏まえてです。」
0x010000650000357E,44,413,Sordland/Turn03/A_EnergyProtectionAct,Symon Holl,en,「大統領、ソードランドをガソムの唯一の投資先とするというご決断により、確かにガス分野における我々の支配力は高まりましたが、財政的負担も大幅に増加しています。我々は財政政策を見直さなければなりません。」
0x0100006500003585,44,414,Sordland/Turn03/A_EnergyProtectionAct,Symon Holl,en,「大統領、リジアとの共同投資を進めるというご決断により、財政的負担を分散させてリスクを軽減することができます。また地域間の協力を促進し、我々の財政政策ともよく合致しております。」
0x010000650000358C,44,415,Sordland/Turn03/A_EnergyProtectionAct,Symon Holl,en,「大統領、投資を行わないというご決断により確かに即時的な財政的負担は軽減されましたが、我々は機会を逃してしまったのかもしれません。」
0x01000065000035AB,44,416,Sordland/Turn03/A_EnergyProtectionAct,Player,en,「私の政権はガソムの労働者たちの職を守る必要があり、この投資によってそれが確実に実現される。これ以外に私の関心事はほとんどない。」
0x01000065000035B3,44,417,Sordland/Turn03/A_EnergyProtectionAct,Player,en,「リジアとの過去の関係を考えると最良のパートナーとは言えないが、予算や経済面でバランスの取れた対応をしなければならない。」
0x01000065000035BB,44,418,Sordland/Turn03/A_EnergyProtectionAct,Player,en,「リジアにエネルギー分野の独占を許したことで、我々は間接的に資本主義的搾取を助長してしまった。引き続き警戒を怠らず、国民が外国の利益追求に屈することのないようにしなければならない。」
0x01000065000035C3,44,419,Sordland/Turn03/A_EnergyProtectionAct,Deivid Wisci,en,「EPAの緩和によって株式からの利益が得られる可能性が生まれますが、完全な廃止は残りの45％の株式に対して予測不可能な買い殺しが起こる危険性を伴います。」
0x01000065000035CA,44,420,Sordland/Turn03/A_EnergyProtectionAct,Player,en,「もしエネルギー保護法を完全に廃止してしまえば、我々の30パーセントに及ぶ投資は外国投資家たちに覆い隠されてしまう可能性がある。しかし一方で、外国からの投資が殺到すれば、我々の利益を最大限に引き上げることも可能だろう。」
0x01000065000035D0,44,421,Sordland/Turn03/A_EnergyProtectionAct,Lileas Graf,en,「EPAを完全に廃止するのはリスクが大きいです。外国人投資家が我々よりも多くの株式を買い占める可能性があり、ガソムに対する支配権を失う危険もあります。」
0x01000065000035D6,44,422,Sordland/Turn03/A_EnergyProtectionAct,Symon Holl,en,「EPAを廃止すれば我が国の経済が活性化し、持っている30パーセントの出資分の価値も上昇するでしょう。しかしガソムに対する支配権を失えば大きな打撃となります。」
0x01000065000035DC,44,423,Sordland/Turn03/A_EnergyProtectionAct,Deivid Wisci,en,「ガソムにおける外国の影響力が適切に管理されなければ、エネルギー分野におけるソードランドの支配権が弱まる可能性があります。」
0x01000065000035E8,44,424,Sordland/Turn03/A_EnergyProtectionAct,Player,en,「たとえリジアと投資を分かち合っているとしても、ソードランド人による支配を最優先すべきだ。外国所有の上限を引き下げることも検討しよう。」
0x01000065000035EE,44,425,Sordland/Turn03/A_EnergyProtectionAct,Lileas Graf,en,「大統領、そのリスクをご認識いただけて安心いたします。エネルギー分野をソードランド人の手に置き続けることが我々の最優先事項であるべきです。」
0x01000065000035F4,44,426,Sordland/Turn03/A_EnergyProtectionAct,Symon Holl,en,「外国所有権の制限を緩和すれば我々の支配を守ることができるかもしれませんが、経済成長の可能性を制約する結果になりかねません。」
0x01000065000035FA,44,427,Sordland/Turn03/A_EnergyProtectionAct,Deivid Wisci,en,「EPAを完全に廃止してしまうと、特に市場経済国との外交関係が悪化する可能性があります。このような過激な措置がもたらす影響をしっかり検討しなければなりません。」
0x0100006500003606,44,428,Sordland/Turn03/A_EnergyProtectionAct,Player,en,「その基準値を完全に撤廃して、より多くの外国投資を受け入れることも可能だ。ただし、それに伴うあらゆる外交上の影響に備えておかなければならない。」
0x010000650000360C,44,429,Sordland/Turn03/A_EnergyProtectionAct,Deivid Wisci,en,「それは我が国の対外関係において不安定な状況を招く可能性もあります。」
0x0100006500003612,44,430,Sordland/Turn03/A_EnergyProtectionAct,Symon Holl,en,「その基準値を完全に撤廃するのは極めて大胆な措置です。それにより外国からの投資が大幅に増加する可能性はありますが、同時に生じるリスクも考慮しなければなりません。」
0x0100006500003618,44,431,Sordland/Turn03/A_EnergyProtectionAct,Lileas Graf,en,「その基準値を完全に撤廃するのは危険な案です。それにより外国の影響を受けやすくなり、エネルギー自立を失う結果にもつながりかねません。」
0x0100006500003624,44,432,Sordland/Turn03/A_EnergyProtectionAct,Player,en,「我々の最優先事項は、経済成長の必要性と国家主権の維持とのバランスを取ることだ。外国所有比率を段階的に引き上げていく方法が解決策になるかもしれない。」
0x010000650000365C,44,433,Sordland/Turn03/A_EnergyProtectionAct,Symon Holl,en,「大統領、もう決断を下す時です。EPAについてはどうするおつもりでしょうか？」
0x0100006500003667,44,434,Sordland/Turn03/A_EnergyProtectionAct,Player,en,「アルフォンソ財団への約束と我が国のニーズとの間でバランスを取る必要がある。」
0x010000650000366F,44,435,Sordland/Turn03/A_EnergyProtectionAct,Player,en,「国際的な見方という問題もある。単に企業の利益だけを基準に政策を決定しているように思われないよう、慎重に行動すべきだ。」
0x010000650000368F,44,448,Sordland/Turn03/A_EnergyProtectionAct,Symon Holl,en,「国民経済連盟やアルフォンソ大統領との間で、これから困難な話し合いが待ち受けていることが予想されます。」
0x010000640000C683,44,513,Sordland/Turn03/A_EnergyProtectionAct,Player,en,「大臣たちが到着する前に、少し頭を整理したいのだ。」
0x010000640000C68B,44,514,Sordland/Turn03/A_EnergyProtectionAct,Deivid Wisci,en,「大統領、ご希望通りに。私はネズミのように静かにしております。」
0x010000640000C692,44,515,Sordland/Turn03/A_EnergyProtectionAct,Narrator,en,するとドアが開き、他の大臣たちが入ってきた。シモン・ホルが自信に満ちた足取りで最初に入ってきた。
0x010000640000C698,44,516,Sordland/Turn03/A_EnergyProtectionAct,Narrator,en,静かに座って互いの存在を楽しむ時間はとても心地よかった。時が過ぎていった。
0x010000520001D4EC,44,517,Sordland/Turn03/A_EnergyProtectionAct,Deivid Wisci,en,「彼の急ぎ振る舞いの多くは、ソルの影から逃れたいという自身の願望によるものだと思います。良くも悪くも、彼はそれを成し遂げました。」
0x010000520001D4F4,44,518,Sordland/Turn03/A_EnergyProtectionAct,Symon Holl,en,「大統領、リリアス、再びEPAの件に戻りましょうか？」
0x010000520001D501,44,519,Sordland/Turn03/A_EnergyProtectionAct,Symon Holl,en,「私の見解では、外国からの投資を呼び込み我が国の経済を活性化させるためには、それが必要な措置でした。」
0x010000650000094E,44,520,Sordland/Turn03/A_EnergyProtectionAct,Lileas Graf,en,「大統領、よくご検討ください。もしその国のどこか、特にルンブルクが我が国のエネルギー分野を掌握した場合、いつでも電力供給を遮断される可能性があります。」
0x0100006500003303,44,521,Sordland/Turn03/A_EnergyProtectionAct,Lileas Graf,en,「我々もまた、彼らが価格や環境対策に関して下すあらゆる決定に従わざるを得なくなるでしょう。」
0x0100006500000942,44,522,Sordland/Turn03/A_EnergyProtectionAct,Symon Holl,en,「経済的安全保障の重要性も忘れてはなりません。グローバル化した世界において、経済力も軍事力と同様に極めて重要です。」
0x01000065000032EA,44,523,Sordland/Turn03/A_EnergyProtectionAct,Symon Holl,en,「ええ、国家の利益が損なわれないよう、厳格な監視と規制を維持することは不可欠です。」
0x01000065000056AC,44,524,Sordland/Turn03/A_EnergyProtectionAct,Deivid Wisci,en,「時には変革の機会はごくわずかしかありません。そして今、私と大統領が内閣にいるおかげで、我々が真に望む変革を推進することができます。」
0x01000074000078FB,44,565,Sordland/Turn03/A_EnergyProtectionAct,Player,en,「リリアス・グラーフ、あなたの考えは尊重するが、私としては同意できない。」
0x0100007400007902,44,566,Sordland/Turn03/A_EnergyProtectionAct,Lileas Graf,en,「そのような考え方は間違っていると思います。もちろん、異なる意見を持つことは許されています。」
0x01000052000201FD,44,567,Sordland/Turn03/A_EnergyProtectionAct,Player,en,「私もあなたの見解に同感だ。ソルの旧来の政策はソードランド人のエネルギー産業の発展を妨げていた。」
0x0100005200020204,44,568,Sordland/Turn03/A_EnergyProtectionAct,Deivid Wisci,en,「他の多くの人々もアルフォンソの改革を必要なものと見なしました。ただし、それらは大きな論争を伴わずに承認されたわけではありませんでした。」
0x010000520002020B,44,569,Sordland/Turn03/A_EnergyProtectionAct,Deivid Wisci,en,「結局のところ、EPAの改正は経済成長の急激な上昇にはつながらなかったものの、外国からの投資を促進する効果はあったのです。」
0x0100005200020213,44,570,Sordland/Turn03/A_EnergyProtectionAct,Player,en,「私は議会の決定を尊重するだけでなく、心からそれを支持しているのだ。」
0x010000520005C6CC,44,575,Sordland/Turn03/A_EnergyProtectionAct,Symon Holl,en,「例えばレスピアとより密接に関係を築くことを目指すなら、彼らがわずか49％のエネルギー投資で満足するとは到底思えません。」
0x01000065000016D1,45,3,Sordland/Turn03/A_AddressProtestors,Player,en,「私の同胞たちよ、我々は今日、敵対者としてではなく協力者としてここにいるのだ。我々の目的とは、ガソムに投資し、同社が皆さんにも投資を続けるようにすることだ。」
0x01000065000018A8,45,4,Sordland/Turn03/A_AddressProtestors,Narrator,en,ガス・マンガーは私の右側に立っており、彼の姿は背後にそびえる巨大な建物と区別がつきにくかった。
0x01000065000018AF,45,5,Sordland/Turn03/A_AddressProtestors,Narrator,en,セルジュは私の左側に立ち、鷹のような正確さで群衆を見渡していた。
0x01000065000018B6,45,6,Sordland/Turn03/A_AddressProtestors,Narrator,en,ガソムの警備員たちは事前に武器を構え、周囲に警戒の壁を作り出していた。
0x01000065000018BD,45,7,Sordland/Turn03/A_AddressProtestors,Narrator,en,私の大統領警護隊は対照的に、入口で凛とした姿勢のまま微動だにせず立ち続け、周囲を取り巻く怒れる労働者たちの波から我々を守っていた。
0x01000065000018C4,45,8,Sordland/Turn03/A_AddressProtestors,Narrator,en,群衆の叫び声は耳をつんざくほどで、敵意は明らかに感じられた。シュターラーとホルテンは最前線に立ち、目に怒りの炎を宿していた。
0x01000065000018CB,45,9,Sordland/Turn03/A_AddressProtestors,Narrator,en,深呼吸をして、私は彼らに向けて話す準備をした。
0x01000065000018F6,45,10,Sordland/Turn03/A_AddressProtestors,Narrator,en,ガスは拡声器を私の方へ差し出した。
0x0100006500001906,45,13,Sordland/Turn03/A_AddressProtestors,Narrator,en,我々がガソム施設の高くそびえる正門を出ると、状況がいかに緊迫しているかをすぐに実感した。
0x0100006500001918,45,16,Sordland/Turn03/A_AddressProtestors,Player,en,「ガソムの勤勉な従業員の皆さん、今日は我々が皆さんと共にいる。我々の共通の目標は単純だ。それは、すべての人々のためのより良い生活環境と労働条件を実現することだ。」
0x010000650000191E,45,17,Sordland/Turn03/A_AddressProtestors,Player,en,「ナルベルの皆様、我々は今日、理解と進歩を求めてここに参った。ガソムとその従業員たちとの間の隔たりを埋めることを目指している。」
0x0100006500001924,45,18,Sordland/Turn03/A_AddressProtestors,Player,en,「今日、私と私のチームは皆さんの声に耳を傾け、対話を行うためにここに来た。ガソムがすべての労働者にとって成長と公平、繁栄の象徴となるよう全力を尽くす。」
0x010000650000192E,45,19,Sordland/Turn03/A_AddressProtestors,Player,en,「我々は皆さんの苦労を見過ごしているわけではない。それらを認識し、解決し、何よりも状況を改善したいと考えている。」
0x0100006500001934,45,20,Sordland/Turn03/A_AddressProtestors,Player,en,「これは空虚な約束ではなく、より強固で均衡の取れたソードランドを実現するための一歩だ。」
0x010000650000193A,45,21,Sordland/Turn03/A_AddressProtestors,Player,en,「忘れてはならない。我々は共通の目標（従業員を大切にする繁栄したガソム）によって結ばれているのだ。これは我々全員が共に立ち向かわなければならない戦いだ。」
0x0100006500001940,45,22,Sordland/Turn03/A_AddressProtestors,Player,en,「この行き詰まりを好機に変えよう。実際的で大きな変化をもたらすチャンスだ。我々はそれを現実のものにするためにここにいるのだ。」
0x0100006500001946,45,23,Sordland/Turn03/A_AddressProtestors,Narrator,en,群衆の中から、間違いなく真紅の服をまとった一団が現れた。赤旗青年団が到着したのだった。
0x010000650000194C,45,24,Sordland/Turn03/A_AddressProtestors,Player,en,「私の同胞たちよ、我々が今日ここにいるからといって即座の変化が約束されるわけではない。それはむしろ、現在直面している問題の複雑さをより深く理解しようとする試みに過ぎない。」
0x0100006500001952,45,25,Sordland/Turn03/A_AddressProtestors,Player,en,「ナルベルの皆さん、我々は虚偽の約束でご安心させるためにここに来たのではなく、現実を率直に見極め、実際的な解決策を模索するために来た。」
0x0100006500001958,45,26,Sordland/Turn03/A_AddressProtestors,Player,en,「言葉だけでは不十分であることは認識している。皆さんが直面する課題に取り組むためには、具体的な行動を通じてこそ初めて対処できるのだ。」
0x010000650000195E,45,27,Sordland/Turn03/A_AddressProtestors,Player,en,「今日の訪問は、明確に申し上げると、皆さんの問題が一晩で消え去るわけではない。問題の規模を把握するための最初のステップに過ぎない。」
0x010000650000196E,45,28,Sordland/Turn03/A_AddressProtestors,Katarina Horten,en,「またレイン大統領の演説です！しかし今日、一体何が決定されたのでしょうか？美辞麗句だけでは不十分です。実質的な行動が求められています！」
0x0100006500001991,45,32,Sordland/Turn03/A_AddressProtestors,Denis Stahler,en,「彼女の言う通りです、大統領。詳細が必要です。労働者たちにとって何が変わるのでしょうか？」
0x01000065000019B6,45,36,Sordland/Turn03/A_AddressProtestors,Narrator,en,私は、これがもはや単なる抗議活動ではないことに気づいた。それはより広範で強力な闘争の象徴だった。
0x01000065000019C7,45,37,Sordland/Turn03/A_AddressProtestors,Katarina Horten,en,「空虚な言葉だけですね、大統領。今日も具体的な成果は何一つ示していません。あなたの虚しい演説にはもううんざりです！」
0x01000065000019CD,45,38,Sordland/Turn03/A_AddressProtestors,Denis Stahler,en,「ただの言葉だけで行動がない、ですよね、大統領。労働者たちはいつまで本当の変化を待たなければならないのでしょうか？」
0x01000065000019D7,45,39,Sordland/Turn03/A_AddressProtestors,Gus Manger,en,「少々お待ちください。大統領であるレインは実質的な変革を実現することに全力を尽くしています。たとえそれが皆さんの考え方と合わなくても、彼の行動や決断がそのことを明確に示しているのです！」
0x01000065000019F9,45,52,Sordland/Turn03/A_AddressProtestors,Katarina Horten,en,「労働者たちが苦しむ中でエリート層を救済したのはあなたの政府ではなかったですか？大統領、我々のための救済策はどこにあったのですか？」
0x01000065000019FF,45,53,Sordland/Turn03/A_AddressProtestors,Denis Stahler,en,「ベナード・シルカスの葬儀におけるあなたの目立つ欠席も忘れてはなりません。あなたの沈黙がすべてを物語っていました。労働者の権利を守ろうとする者たちを殺害することを支持しているのですか、大統領？」
0x0100006500001A14,45,56,Sordland/Turn03/A_AddressProtestors,Katarina Horten,en,「そうですか、マンガー。我々が見てきたのは、あなたやエヴァルト・アルフォンソのような人々に有利な決定ばかりで、一般労働者のことは全く考慮されていないではありませんか！」
0x0100006500001A1A,45,57,Sordland/Turn03/A_AddressProtestors,Denis Stahler,en,「それは単なる言い訳ではありません、マンガーさん。重要なのは労働者階級が公正で尊厳ある生活を送れるようにすることです。あなたの政策は常にその点を怠ってきました。」
0x0100006500001A22,45,58,Sordland/Turn03/A_AddressProtestors,Gus Manger,en,「まあまあ、そんなに興奮しないでください。変化が一朝一夕に起こるものではないことは我々皆が知っています。大統領も全力を尽くしておられます。」
0x0100006500001A2F,45,59,Sordland/Turn03/A_AddressProtestors,Denis Stahler,en,「時間というのは我々には許されない贅沢品です、大統領。日が経つごとに、我々の労働者たちは不平等の重圧のもとでさらに苦しんでいるのです。」
0x0100006500001A35,45,60,Sordland/Turn03/A_AddressProtestors,Katarina Horten,en,「ああ、彼がどれだけ努力しているか我々は見てきましたよ、マンガー。アルフォンソ大統領やガソムには多くのものが与えられているのに、労働者たちには何もないではありませんか！」
0x0100006500001A3B,45,61,Sordland/Turn03/A_AddressProtestors,Denis Stahler,en,「マンガーさん、変化は一朝一夕には起こらないかもしれませんが、少なくとも起こるべきです！これまで見てきたのは、相変わらずの企業側への偏りに過ぎません。」
0x0100006500001A44,45,62,Sordland/Turn03/A_AddressProtestors,Narrator,en,不満の静かな囁き声が群衆の間に広がり始めた。労働者たちの表情はさらに硬くなっていったようだった。
0x0100006500001A4B,45,63,Sordland/Turn03/A_AddressProtestors,Narrator,en,厳しい言葉の応酬があったにもかかわらず、群衆は不気味なほど静かなままだった。
0x0100006500001A52,45,64,Sordland/Turn03/A_AddressProtestors,Narrator,en,私は緊張感が高まっていくのを感じていた。我々の警備員たちがそばにいても、私の不安を和らげることはほとんどなかった。
0x0100006500001A58,45,65,Sordland/Turn03/A_AddressProtestors,Narrator,en,彼らは何かが起こるのを待っているようで、皆の息遣いはその予感によって止まったままだった。
0x0100006500001A60,45,66,Sordland/Turn03/A_AddressProtestors,Katarina Horten,en,「警察力強化策ですって？それは大失敗だ！経験のない人間たちは役に立たないだけでなく危険でもある。状況をさらに悪化させているのだ！」
0x0100006500001A66,45,67,Sordland/Turn03/A_AddressProtestors,Denis Stahler,en,「平和的な抗議者たちを裏切り者と呼ぶのですか？彼らは不満を訴えるごく普通の市民に過ぎず、外国の敵などではありません。」
0x0100006500001A72,45,68,Sordland/Turn03/A_AddressProtestors,Player,en,「その経済救済措置は、何百万人ものソードランド人たちの生活を守るために必要な手段だった。決して軽率に下された決断ではない。」
0x0100006500001A78,45,69,Sordland/Turn03/A_AddressProtestors,Player,en,「ベナード・シルカスの葬儀に私が出席できなかったからといって、彼の殺害を容認したわけではない。あれは喪に服す時であり、政治的な発言をするべき状況ではなかったのだ。」
0x0100006500001A7E,45,70,Sordland/Turn03/A_AddressProtestors,Player,en,「私は常に平和的な抗議の権利を重視してきた。それと異なる主張はすべて誤解に他ならない。」
0x0100006500001A8A,45,71,Sordland/Turn03/A_AddressProtestors,Player,en,「ガソムとの交渉は現在も続いており、私はナルベルの労働者たちのために最善の結果を導き出すことに全力を尽くしている。」
0x0100006500001A90,45,72,Sordland/Turn03/A_AddressProtestors,Denis Stahler,en,「大統領、先日の選挙資金法案についてはどうでしょうか。それは民主主義への直接的な攻撃であり、我々のような小政党の声を事実上封じ込めるものです！」
0x0100006500001A96,45,73,Sordland/Turn03/A_AddressProtestors,Katarina Horten,en,「大統領、我々は今後提案される労働者権利法案の支持を強く求めます。ソードランドの労働者たちがあなたの次の動きを注視しています！」
0x0100006500001ABB,45,86,Sordland/Turn03/A_AddressProtestors,Player,en,「我々の交渉の結果、ガソムは従業員の生活環境改善に取り組むことを約束した。これには私的な住宅の提供や、医療・教育へのアクセス確保が含まれる。」
0x0100006500001AC2,45,87,Sordland/Turn03/A_AddressProtestors,Player,en,「ガソムは自社の藍領労働者たちの価値を認識し、彼らの賃金引き上げに合意した。これら勤勉な労働者たちは同社経営の中核であり、公正な報酬を受けるにふさわしいのだ。」
0x0100006500001AC9,45,88,Sordland/Turn03/A_AddressProtestors,Player,en,「私はガソムがナルベルの復興において極めて重要な役割を果たすことを喜んで発表する。彼らは地元の慈善団体へ多大な寄付を行うことを約束している。」
0x0100006500001AD0,45,89,Sordland/Turn03/A_AddressProtestors,Player,en,「信じがたいことだとわかっている。しかし今日は勝利の日だった。」
0x0100006500001AD7,45,90,Sordland/Turn03/A_AddressProtestors,Player,en,「賃金引き上げは単なる可能性ではなく、既に確定した事実だ。これは歴史的な瞬間と言える。」
0x0100006500001ADE,45,91,Sordland/Turn03/A_AddressProtestors,Player,en,「この寄付により、ガソムはナルベルの復興と発展において不可欠な役割を果たすよう取り組んでいる。」
0x0100006500001AE5,45,92,Sordland/Turn03/A_AddressProtestors,Player,en,「これは、より強靭な労働力を築くための極めて重要な一歩だ。」
0x0100006500001AEB,45,93,Sordland/Turn03/A_AddressProtestors,Player,en,「これはガソムの労働者だけでなく、すべての労働者の福祉と繁栄を実現するための重要な一歩だ。」
0x0100006500001AF1,45,94,Sordland/Turn03/A_AddressProtestors,Player,en,「これらの新たな施策により、最も困窮している人々が恩恵を受けることになる。」
0x0100006500001AF8,45,95,Sordland/Turn03/A_AddressProtestors,Player,en,「我々の努力が実を結んだ。ガソムはこれからすべての労働者のために、より良い住居や医療、教育を提供していく。」
0x0100006500001AFF,45,96,Sordland/Turn03/A_AddressProtestors,Player,en,「厳しい交渉を経て、ガソムに対し従業員の生活を大幅に改善するという約束を取り付けることができた。改良された住居、確実な医療保障、そして教育の機会が今や保証されるのだ。」
0x0100006500001B0C,45,97,Sordland/Turn03/A_AddressProtestors,Player,en,「何度も検討を重ねた結果、ガソムは、同社の成功が依存している労働者たちである藍色労働者たちの賃金引き上げに同意した。」
0x0100006500001B12,45,98,Sordland/Turn03/A_AddressProtestors,Player,en,「彼らの不可欠な労働力に感謝する意味から、ガソムはその製造業従事者たちの賃金を引き上げることに決定した。」
0x0100006500001B1A,45,99,Sordland/Turn03/A_AddressProtestors,Player,en,「素晴らしいニュースがある。ガソムは地元の慈善団体へ多額の寄付を約束しており、その措置はナルベルの復興活動において中心的な役割を果たすことだろう。」
0x0100006500001B21,45,100,Sordland/Turn03/A_AddressProtestors,Player,en,「ガソムはナルベルの復興に尽力しており、地元の慈善団体へ多額の寄付を行うと約束し、その決意をより固めている。」
0x0100006500001B34,45,101,Sordland/Turn03/A_AddressProtestors,Player,en,「正直に申し上げると、ガソムの問題については期待したほどの進展を遂げられていない。だが、解決策を見出すことには引き続き尽力していく。」
0x0100006500001B3B,45,102,Sordland/Turn03/A_AddressProtestors,Player,en,「安心してくれ。我々はガソムと絶えず対話を続けている。ナルベルの労働者たちのためにより良い環境を実現しようとする私の決意は変わらない。」
0x0100006500001B42,45,103,Sordland/Turn03/A_AddressProtestors,Player,en,「皆様の不満はよく理解している。安心してくれ、交渉において一層力を入れてまいる。ナルベルの労働者たちの福祉こそが私の最優先事項だ。」
0x0100006500001B48,45,104,Sordland/Turn03/A_AddressProtestors,Player,en,「道のりは困難かもしれないが、私は引き続き尽力する。我々の労働者たちはより良い待遇を受けるべきであり、それを実現するまで決して休むつもりはない。」
0x0100006500001B7F,45,113,Sordland/Turn03/A_AddressProtestors,Narrator,en,群衆の様子に変化が起こった。怒号は不信の叫び、そして喜びの声へと変わっていった。
0x0100006500001B85,45,114,Sordland/Turn03/A_AddressProtestors,Narrator,en,空気が突然少し軽く感じられた。群衆の間にざわめき声が広がり始め、敵意の気配も次第に薄れていった。
0x0100006500001B8B,45,115,Sordland/Turn03/A_AddressProtestors,Narrator,en,私は、群衆が次第に落ち着きを失っていく声が聞こえていた。彼らは再び不満のつぶやきを上げ始め、時折叫び声も交じった。
0x0100006500001B91,45,116,Sordland/Turn03/A_AddressProtestors,Narrator,en,群衆は再び怒号を上げた。私は彼らから放たれる激しい怒りをほとんど肌で感じることができた。私の護衛たちは一歩前に出た。
0x0100006500001BA1,45,118,Sordland/Turn03/A_AddressProtestors,Player,en,「この政府の努力は歴史に名を刻むことになるだろう。」
0x0100006500001BAB,45,119,Sordland/Turn03/A_AddressProtestors,Player,en,「今日、我々は皆、勝利を収めることができた。」
0x0100006500001BB5,45,120,Sordland/Turn03/A_AddressProtestors,Player,en,「これにより、この都市にとって新たな時代の幕が開くのだ。」
0x0100006500001BC4,45,124,Sordland/Turn03/A_AddressProtestors,Player,en,「私は自分の給与の一部をアルフォンソ財団に個人的に寄付したことを発表したいと思う。それは小さな一歩に過ぎないが、住居不足や所得格差に苦しむ人々を助けることができると信じている。」
0x0100006500001BCA,45,125,Sordland/Turn03/A_AddressProtestors,Player,en,「私は自身の収入の一部をアルフォンソ財団に寄付するという決断を下した。権力者である以上、模範を示すことが重要だよね？共に力を合わせれば、何か変化をもたらすことができるだろう。」
0x0100006500001BD0,45,126,Sordland/Turn03/A_AddressProtestors,Player,en,「私のかなり多額の給与の一部をアルフォンソ財団に充てたことをお知らせできて嬉しい。このような特権的な立場にある者として、これが私にできる最低限のことだ。」
0x0100006500001BE4,45,127,Sordland/Turn03/A_AddressProtestors,Denis Stahler,en,「少なくとももう進展がないことを隠さなくなったのは良いことです。単なる決意だけでは労働者たちの問題は解決しません。結果が必要です。」
0x0100006500001BEA,45,128,Sordland/Turn03/A_AddressProtestors,Katarina Horten,en,「我々はそれを手に入れるまで、引き続き戦い続けます！」
0x0100006500001C05,45,129,Sordland/Turn03/A_AddressProtestors,Narrator,en,不安の暗流はますます勢いを増し、やがて大規模な嵐へと発展する危機に瀕していた。かつての平穏さは遠い記憶のようであり、不満という厳しい現実によって打ち砕かれた幻想に過ぎなかった。
0x0100006500001C14,45,130,Sordland/Turn03/A_AddressProtestors,Player,en,「もし私が自分の給与の一部をアルフォンソ財団に寄付することにしたと言ったら、どうだろうか？それで皆さんは喜んでくださるか？」
0x0100006500001C21,45,131,Sordland/Turn03/A_AddressProtestors,Reporter,en,「大統領、党の指導者選出を巡る選挙戦では、あなたと元大統領のアルフォンソの間に大きな対立があったことは周知の事実です。」
0x0100006500001C33,45,138,Sordland/Turn03/A_AddressProtestors,Narrator,en,彼らの姿を見たとき、私はソード青年団にいた頃の日々を思い出した。その頃は赤色の服を着た者たちと頻繁に対立していたものだった。
0x0100006500001C3A,45,139,Sordland/Turn03/A_AddressProtestors,Narrator,en,彼らの姿を見ると、大学時代に抗議活動や仲間意識で満ちた日々の思い出がよみがえってきた。
0x0100006500001C44,45,140,Sordland/Turn03/A_AddressProtestors,Narrator,en,私は、経験不足であるにもかかわらず緊張した表情を浮かべている数人の警官たちを見た。彼らは姿勢を正して立っており、明らかに不安定な様子だった。
0x0100006500001C4A,45,141,Sordland/Turn03/A_AddressProtestors,Narrator,en,突然、群衆の中から一人の男が私に向かって突進してきた。
0x0100006500001C56,45,142,Sordland/Turn03/A_AddressProtestors,Narrator,en,報道記者が割って入った。
0x0100006500001C5C,45,143,Sordland/Turn03/A_AddressProtestors,Player,en,「デニス、ここで重要なのは虚構の物語やイメージではなく、実際に起こる具体的な変化だ。これは一つのプロセスであり、我々は正しい道を歩んでいるのだ。」
0x0100006500001C62,45,144,Sordland/Turn03/A_AddressProtestors,Player,en,「デニス、あなたの懐疑的な気持ちは理解している。しかし私が率いる政権は、労働者たちのためにより良い環境を実現することに全力を尽くしているのだ。」
0x0100006500001C68,45,145,Sordland/Turn03/A_AddressProtestors,Player,en,「シュターラーさんは学者であり弁護士でもあるのだね。労働者階級の苦悩について、実際にどれほどご存知なのだろうか？」
0x0100006500001C71,45,146,Sordland/Turn03/A_AddressProtestors,Player,en,「デニス、君の言う通りだ。企業による偏愛はもはや終わらせなければならない。たとえ一晩でなくても、近い将来には必ず終わるはずだ。」
0x0100006500001C77,45,147,Sordland/Turn03/A_AddressProtestors,Player,en,「デニス、変化はあなたが望むほどすぐには訪れないかもしれない。しかし、企業の偏愛というあなたの主張は、現状の複雑さを反映していないのだ。」
0x0100006500001C86,45,148,Sordland/Turn03/A_AddressProtestors,Denis Stahler,en,「言葉、言葉、そしてまた言葉ばかりですね、大統領。労働者たちが求めているのは約束ではなく、実際の行動です。」
0x0100006500001C8C,45,149,Sordland/Turn03/A_AddressProtestors,Denis Stahler,en,「大統領、あなたのお言葉は説得力があります。しかし、それだけで長年にわたる企業の支配を覆すことが本当に可能でしょうか？」
0x0100006500001C92,45,150,Sordland/Turn03/A_AddressProtestors,Denis Stahler,en,「私は、彼らが企業の利益を人々の福祉よりも優先する大統領などではない、もっと良い指導者に値することを知っています。」
0x0100006500001C9B,45,151,Sordland/Turn03/A_AddressProtestors,Player,en,「変化というものは多くの場合、ゆっくりと段階的に進むものだ。すべての解決策が、あなた方が思っているほど即座で簡単なものではない。」
0x0100006500001CA1,45,152,Sordland/Turn03/A_AddressProtestors,Denis Stahler,en,「大統領、あなたの無関心さは実に恐ろしいものです！大統領がそんなに好む時間という贅沢を、労働者階級には許されていません。」
0x0100006500001CA9,45,153,Sordland/Turn03/A_AddressProtestors,Katarina Horten,en,「大統領、もう言い訳は許されません！ソードランドの労働者たちは、あなたが好むような時間的余裕など持っていません。直ちに解決策を講じてください！」
0x0100006500001CB7,45,155,Sordland/Turn03/A_AddressProtestors,Katarina Horten,en,「その通りです、デニス。ソードランドの労働者階級は今もなお、実際の行動を待っているのです。」
0x0100006500001CBE,45,156,Sordland/Turn03/A_AddressProtestors,Katarina Horten,en,「大統領、あなたのご意向は高潔に思えます。しかし単なる意志だけでは家族を養ったり請求書を支払ったりすることはできません。具体的な行動が必要です。」
0x0100006500001CC5,45,157,Sordland/Turn03/A_AddressProtestors,Katarina Horten,en,「大統領、シュターラー氏の私的な経歴を攻撃しても何の意味もありません。この国の労働者たちに対してはどのようなお考えでしょうか？」
0x0100006500001CCC,45,158,Sordland/Turn03/A_AddressProtestors,Denis Stahler,en,「では、レイン大統領、あの建物で先ほど何が起こったのですか？ガソムの労働者たちのために声を上げられたのでしょうか、それともその経営陣だけがますます富むことになるのでしょうか？」
0x0100006500001CD8,45,159,Sordland/Turn03/A_AddressProtestors,Denis Stahler,en,「やっとですね、大統領。問題を認めてくださった！しかし認識するだけでは不十分です。行動が必要です。」
0x0100006500001CDE,45,160,Sordland/Turn03/A_AddressProtestors,Katarina Horten,en,「ですから、大統領である私はデニスの意見に賛同します。しかし、この認識だけでは実際に行動に移ることはないでしょうか？」
0x0100006500001CE4,45,161,Sordland/Turn03/A_AddressProtestors,Katarina Horten,en,「ナルベルには子供たちに食べ物を与えることさえできない母親たちがいます。そこに何の複雑さがあるというのですか？」
0x0100006500001D53,45,177,Sordland/Turn03/A_AddressProtestors,Katarina Horten,en,「教育に対するご配慮の欠如から明らかなように、我々の労働者家族が直面している困難の規模をご理解いただいていないようです。」
0x0100006500001D59,45,178,Sordland/Turn03/A_AddressProtestors,Denis Stahler,en,「私が我が国の医療制度を軽視すれば、何百万人もの人々が被害を受けることになります。」
0x0100006500001D91,45,195,Sordland/Turn03/A_AddressProtestors,Denis Stahler,en,「さらに、改革を望みます！選挙のハードルを下げ、憲法を改正して、より民主的で公正な国にしてほしいのです！」
0x0100006500001D98,45,196,Sordland/Turn03/A_AddressProtestors,Player,en,「ソードランドの国民が私を指導者として選んでくださった。このような危機的な時期には、政府の判断を信頼することが極めて重要だと考えている。」
0x0100006500001D9E,45,197,Sordland/Turn03/A_AddressProtestors,Player,en,「私も皆様が抱えている懸念や不満をよく理解している。安心してくれ。我々はここにおり、皆様の声に耳を傾け、これらの問題を解決することに全力を尽くす。」
0x0100006500001DA4,45,198,Sordland/Turn03/A_AddressProtestors,Player,en,「我々の国がすべての問題を一度に解決できるわけではないことを認識しなければならない。我々は努力し着実に前進しているが、困難が簡単に消え去ることはない。」
0x0100006500001DAA,45,199,Sordland/Turn03/A_AddressProtestors,Player,en,「この選挙資金法案は、民主的に選出された政党が公正な資金援助を受けられるようにするものだ。これは民主主義への攻撃ではなく、それを守るための措置に他ならない。」
0x0100006500001DB0,45,200,Sordland/Turn03/A_AddressProtestors,Player,en,「警察力の強化には課題もあるかもしれないが、我が社会の平和と秩序を維持する上で極めて重要だ。彼らの訓練や経験も時が経つにつれて向上していくだろう。」
0x0100006500001DCE,45,207,Sordland/Turn03/A_AddressProtestors,Player,en,「医療や教育に関する皆さんの懸念は承知している。これらの分野は直近の重点事項ではないかもしれないが、政府予算をまだ最終決定していない段階であり、慎重に検討を進めているところだ。」
0x0100006500001DFA,45,214,Sordland/Turn03/A_AddressProtestors,Narrator,en,突然、ある記者が群衆をかき分けて進み出てきて、マイクを私に向けて振り回した。
0x0100006500001E02,45,215,Sordland/Turn03/A_AddressProtestors,Reporter,en,「ナルベルの住民たちは長年にわたり、ガソムの影響で苦しんできました。」
0x0100006500001E0E,45,217,Sordland/Turn03/A_AddressProtestors,Reporter,en,「ガソムは地元住民の利益のために、どのような具体的な措置を講じるつもりですか？」
0x0100006500001E2D,45,221,Sordland/Turn03/A_AddressProtestors,Narrator,en,カタリナとデニスは静粛を求めて手を挙げたが、騒乱の中では彼らの声はほとんど聞き取れなかった。
0x0100006500001E80,45,235,Sordland/Turn03/A_AddressProtestors,Katarina Horten,en,「私設住宅や医療、教育というのですか？それは確かに現状からの大きな変化ですね、大統領。」
0x0100006500001E88,45,236,Sordland/Turn03/A_AddressProtestors,Denis Stahler,en,「もしこれらの約束が実現すれば、ガソムで働く我々の仲間たちの生活が大きく改善されるかもしれません。遅くなってしまいましたが、これが一つの始まりです。単なる口先だけのことでないことを願います。」
0x0100006500001E90,45,237,Sordland/Turn03/A_AddressProtestors,Katarina Horten,en,「私はガソムの労働者たちの生活改善へのこの取り組みを評価しますが、これが単なるまた別の政治的策略に過ぎないことがないよう願うばかりです。」
0x0100006500001E97,45,238,Sordland/Turn03/A_AddressProtestors,Denis Stahler,en,「我々の労働者仲間たちがついに相応の注目を浴びるようになったのですね。認めざるを得ません、それは前進だ。」
0x0100006500001E9D,45,239,Sordland/Turn03/A_AddressProtestors,Katarina Horten,en,「やっと賃金の引き上げですね！お待ちかねでした、大統領。このような姿勢には感謝しますが、まだ早くも自画自賛するべきではありません。」
0x0100006500001EA3,45,240,Sordland/Turn03/A_AddressProtestors,Denis Stahler,en,「大統領、忘れてはなりません。これは長年続いてきた不正を是正するだけに過ぎないのです。これらが空虚な約束なのか、それとも我々労働者階級の権利を真に守る意図があるのか、見守ってみましょう。」
0x0100006500001EA9,45,241,Sordland/Turn03/A_AddressProtestors,Katarina Horten,en,「真の成功とは、今日ここで発せられる言葉ではなく、労働者たちの給与によって測られるものです。」
0x0100006500001EB3,45,242,Sordland/Turn03/A_AddressProtestors,Denis Stahler,en,「大統領、慈善寄付だけですか？ガソムが出せるのはそれだけということでしょうか？」
0x0100006500001EB9,45,243,Sordland/Turn03/A_AddressProtestors,Katarina Horten,en,「大統領、我々が必要としているのは一回限りの慈善行為ではなく、労働者の生活環境や賃金格差を改善するための持続的な取り組みです。」
0x0100006500001EBF,45,244,Sordland/Turn03/A_AddressProtestors,Denis Stahler,en,「ご尽力は感謝しますが、こうした措置だけでは労働者たちが直面する構造的な不平等を解決するには不十分です。我々に必要なのは慈善ではなく、制度的な変革です。」
0x0100006500001EC5,45,245,Sordland/Turn03/A_AddressProtestors,Katarina Horten,en,「ガソムのいわゆる『慈善』は、彼らが続けて行っている搾取を隠すための口実として使われてはなりません。」
0x0100006500001EDD,45,249,Sordland/Turn03/A_AddressProtestors,Katarina Horten,en,「大統領、まさにお笑いですね！我々の民が苦しんでいるこの状況で給与の一部をアルフォンソ財団に寄付などとは、実に気前が良いことです。」
0x0100006500001EE3,45,250,Sordland/Turn03/A_AddressProtestors,Denis Stahler,en,「アルフォンソ財団だと？それは単なる大統領の私的なPRプロジェクトに過ぎない。ソードランドの人々が今も苦しんでいる現実を忘れてはならない。」
0x0100006500001F0C,45,252,Sordland/Turn03/A_AddressProtestors,Narrator,en,警察は防御的な姿勢を取り、部隊の再編成を始めた。
0x0100006500001F17,45,253,Sordland/Turn03/A_AddressProtestors,Player,en,「過去は過去だ。国家的に重要な事柄においては個人的な意見の相違は存在しない。我々の協議はすべてソードランドの利益のためだけに行われた。」
0x0100006500001F1D,45,254,Sordland/Turn03/A_AddressProtestors,Player,en,「我々の間に意見の相違はあったものの、個人的な問題が進展を妨げることは許さない。我々はどちらも政治と国の福祉を分けて考えるほどのプロフェッショナルだ。」
0x0100006500001F23,45,255,Sordland/Turn03/A_AddressProtestors,Player,en,「以前のアルフォンソ大統領と私との間の対立は、交渉において確かに障害となった。彼が共通点を見出そうとしなかったことも大きな妨げだった。」
0x0100006500001F29,45,256,Sordland/Turn03/A_AddressProtestors,Reporter,en,「ソードランドの政府とガソムとの間に交わされる可能性のある取引について、少し説明していただけますか？」
0x0100006500001F30,45,257,Sordland/Turn03/A_AddressProtestors,Reporter,en,「このような対立関係が、ガソムとの交渉に影響を与えましたか？」
0x0100006500001F37,45,258,Sordland/Turn03/A_AddressProtestors,Player,en,「コメントはしない。」
0x0100006500001F41,45,259,Sordland/Turn03/A_AddressProtestors,Gus Manger,en,「はっきり申し上げますと、我々は可能な限り最善の結果が得られるよう、最大限の努力をして調停および交渉を行いました。」
0x0100006500001F47,45,260,Sordland/Turn03/A_AddressProtestors,Narrator,en,ガスが前に出てきた。
0x0100006500001F4F,45,261,Sordland/Turn03/A_AddressProtestors,Reporter,en,「この取り決めにおいて、リジア王国はどのような役割を果たしているのですか？」
0x0100006500001F57,45,262,Sordland/Turn03/A_AddressProtestors,Player,en,「王国には敬意を払うが、ソードランドこそがソードランドの企業たちのために何が最善かを知っていると考える。だからこそ我が政府はガソムだけに投資を行っているのだ。」
0x0100006500001F5D,45,263,Sordland/Turn03/A_AddressProtestors,Player,en,「我々の国がガソムへの投資を担うことになる。これは大胆な措置ではあるが、自立と自主性への決意を示すものだ。」
0x0100006500001F63,45,264,Sordland/Turn03/A_AddressProtestors,Player,en,「ソードランド政府はガソムへのみ投資を行うことを決定した。これによりソードランドの国民に直接的かつ良い影響がもたらされると考えている。」
0x0100006500001F6C,45,265,Sordland/Turn03/A_AddressProtestors,Player,en,「国際協力の姿勢を示すため、ソードランドとリジアは共同でガソムに投資を行うことになる。」
0x0100006500001F72,45,266,Sordland/Turn03/A_AddressProtestors,Player,en,「我々はリジアと費用やリスクを分かち合っている。そうすることで財政的な負担を軽減し、国際的な関係を深めることができる。」
0x0100006500001F78,45,267,Sordland/Turn03/A_AddressProtestors,Player,en,「ソードランドはリジア王国との関係を再構築している。我々が力を合わせれば、ガソムおよびその労働者たちが必要とする資金を確実に提供できるだろう。」
0x0100006500001F81,45,268,Sordland/Turn03/A_AddressProtestors,Player,en,「我が政府は現時点で投資を行わないことにした。リジアならその投資を適切に処理できると考えており、それによって我々は他の緊急の課題に力を注ぐ機会を得られる。」
0x0100006500001F87,45,269,Sordland/Turn03/A_AddressProtestors,Player,en,「リジア王国は以前にもソードランドに投資を行っており、再び同様のことをするだろう。私はその王国と、ガソムに対する彼らのビジョンを信頼している。」
0x0100006500001F8D,45,270,Sordland/Turn03/A_AddressProtestors,Player,en,「現時点ではガソムへの投資は行わない。この決定は容易に下されたものではないが、リジアならこの状況をうまく対処できると確信している。」
0x0100006500001FB2,45,271,Sordland/Turn03/A_AddressProtestors,Katarina Horten,en,「大統領、それは励みになります。ただし、政府が投資回収を優先するあまり、ガソムの苦境に立つ労働者たちが犠牲にならないようにしていただきたいです。」
0x0100006500001FB8,45,272,Sordland/Turn03/A_AddressProtestors,Denis Stahler,en,「大統領、それは驚くべき決断ですが、将来的に有望なものかもしれません。どうかその自信が裏切られないことを願っております。」
0x0100006500001FC2,45,273,Sordland/Turn03/A_AddressProtestors,Katarina Horten,en,「この共同投資の進捗を厳しく監視していきます。あなたの政府は、パートナー国の最悪の傾向を抑え込む責任があります。」
0x0100006500001FC8,45,274,Sordland/Turn03/A_AddressProtestors,Denis Stahler,en,「リジアとの提携ですか？王政が力ずくで異論を抑え込んできた歴史をご存知でしょう。」
0x0100006500001FD2,45,275,Sordland/Turn03/A_AddressProtestors,Katarina Horten,en,「君主制の手に統治権を委ねるだと？　リジアが武力で異論を鎮圧してきた歴史をご存知でしょう？」
0x0100006500001FD8,45,276,Sordland/Turn03/A_AddressProtestors,Denis Stahler,en,「つまり、我々労働者の運命をリジア王の手に委ねるというのですか？大統領、それは非常に危険な賭けですね。」
0x0100006500001FFF,45,282,Sordland/Turn03/A_AddressProtestors,Player,en,「あなたは二重基準のことを口にするが、統治の複雑さを全く理解していない！傍観者から批判するのは簡単だが、真の変革には理想主義ではなく実用主義が必要なのだ。」
0x0100006500002005,45,283,Sordland/Turn03/A_AddressProtestors,Player,en,「あなたは労働者のためを主張していると言いながら、彼らの状況改善のための我々の努力を妨げている。不満を広める代わりに、我々が尽力してきた取り組みを支援すべきではないのか？」
0x010000650000200B,45,284,Sordland/Turn03/A_AddressProtestors,Player,en,「単なる言葉だけや、変革を求める人々を攻撃するだけでは、あなたが夢見るユートピアは実現しない。政治的・経済的状況を正しく理解し、的確な判断を下すことが必要だ。」
0x0100006500002011,45,285,Sordland/Turn03/A_AddressProtestors,Player,en,「我々は皆、同じ目的のためにここにいることを忘れてはならない。それは国民の生活をより良くするためだ。意見の相違が共通の目標から我々の視野を曇らせないようにしよう。」
0x0100006500002017,45,286,Sordland/Turn03/A_AddressProtestors,Player,en,「進歩への道は困難で意見の対立も多いが、それによって我々が分裂してはならない。」
0x010000650000201D,45,287,Sordland/Turn03/A_AddressProtestors,Player,en,「皆様の不満や懸念を声に出したいという気持ちはよく理解している。だが、話し合いは互いに敬意を払い、建設的なものであり続けよう。」
0x0100006500002023,45,288,Sordland/Turn03/A_AddressProtestors,Serge Wolkner,en,「大統領、できるだけ早くこちらを離れるようお勧めします。皆様の安全を最優先にしなければなりません。」
0x010000650000202A,45,289,Sordland/Turn03/A_AddressProtestors,Serge Wolkner,en,「潜在的な事態悪化が起こる前に、護衛隊のもとへ向かうのが良い時期かもしれません。」
0x0100006500002037,45,293,Sordland/Turn03/A_AddressProtestors,Serge Wolkner,en,「演説を終えてすぐに車両へ向かわれた方がよろしいでしょう。」
0x010000650000203F,45,294,Sordland/Turn03/A_AddressProtestors,Narrator,en,近くで、ガソムの警備員と大統領護衛隊の隊員との間の短いやり取りがあるのに気づいた。
0x0100006500002046,45,295,Sordland/Turn03/A_AddressProtestors,Narrator,en,セルジュは首を伸ばし、彼らのささやき声に耳を傾けながら、目を鋭く細めて集中していた。
0x010000650000204E,45,296,Sordland/Turn03/A_AddressProtestors,Narrator,en,近くでは、ガソムの警備員と大統領親衛隊の兵士との間で短く静かな会話が交わされていた。私は彼らの視線を追って抗議者たちの方へ目を向けた。一部の人々は落ち着きを取り戻していたが、他の者たちは依然として動揺している様子だった。
0x0100006500002054,45,297,Sordland/Turn03/A_AddressProtestors,Narrator,en,セルジュは首を伸ばし、彼らのささやき声に耳を傾けながら、目を鋭く細めて集中していた。
0x010000650000205D,45,298,Sordland/Turn03/A_AddressProtestors,Narrator,en,近くでは、ガソムの警備員と大統領護衛隊の隊員が静かな声で会話を交わしていた。
0x0100006500002063,45,299,Sordland/Turn03/A_AddressProtestors,Narrator,en,私は、彼らが今や落ち着きを取り戻しつつもなお不安定な群衆の方へ目をやるのを見た。
0x010000650000206C,45,300,Sordland/Turn03/A_AddressProtestors,Gus Manger,en,「私はこちらに残って事態を処理します。大統領は安全な場所へお行きください。」
0x0100006500002073,45,301,Sordland/Turn03/A_AddressProtestors,Gus Manger,en,「大統領、私が残って群衆に向けて話を続けます。依然として緊張した雰囲気ですが、なんとか対処できると思います。あなたは早めにお戻りください。」
0x010000650000207A,45,302,Sordland/Turn03/A_AddressProtestors,Gus Manger,en,「私はここに残ります、大統領。今は群衆も落ち着いてきたようですので、彼らの質問に答えて平和を保つことができると思います。あなたは先に行ってください。」
0x0100006500002081,45,303,Sordland/Turn03/A_AddressProtestors,Katarina Horten,en,「大統領、自分の国民と向き合うことさえできないのですね？我々はもっと違った態度を期待していました。」
0x0100006500002087,45,304,Sordland/Turn03/A_AddressProtestors,Denis Stahler,en,「もうすぐ去るのですか、レイン？敗北した時が来たことをご存知なのでしょう。」
0x0100006500002091,45,305,Sordland/Turn03/A_AddressProtestors,Katarina Horten,en,「私はあなたが約束を守るよう厳しく求めます。労働者たちの苦境は依然として続いており、我々の組合がそれを解決するためにここにいます。」
0x0100006500002097,45,306,Sordland/Turn03/A_AddressProtestors,Denis Stahler,en,「レイン大統領、わざわざ我々のもとにお越しいただき、感謝いたします。普通ならそうはされないでしょう。ですが、この会話はまだ終わっていません。」
0x01000065000020B0,45,307,Sordland/Turn03/A_AddressProtestors,Katarina Horten,en,「大統領、我々の前で話をしてくださるというお気持ちに感謝いたします。これからも引き続き、このような重要な対話を進めてまいりましょう。」
0x01000065000020B6,45,308,Sordland/Turn03/A_AddressProtestors,Denis Stahler,en,「今日は勇敢さを見せてくれました。その言葉と行動が一致するかどうか、これから見極めましょう。また次回です。」
0x01000065000020BD,45,309,Sordland/Turn03/A_AddressProtestors,Player,en,「セルジュ、私のことを気遣ってくれてありがとう。そろそろここを離れよう。」
0x01000065000020C3,45,310,Sordland/Turn03/A_AddressProtestors,Player,en,「本当によろしいのか？ここから逃げ出せば、抗議する人々や企業の労働者たちがさらに怒るだけではないか？」
0x01000065000020CD,45,311,Sordland/Turn03/A_AddressProtestors,Player,en,「私も同感だ、セルジュ。このような状況では緊張が急速に高まる可能性がある。今すぐここを離れた方が良い。」
0x01000065000020D3,45,312,Sordland/Turn03/A_AddressProtestors,Player,en,「本当によろしいのか？ここから逃げ出せば、抗議する人々や企業の労働者たちがさらに怒るだけではないか？」
0x01000065000020DD,45,313,Sordland/Turn03/A_AddressProtestors,Player,en,「あなたの言う通りだ、セルジュ。必要以上にここに留まるべきではない。」
0x01000065000020E3,45,314,Sordland/Turn03/A_AddressProtestors,Player,en,「本当によろしいのか？ここから逃げ出せば、抗議する人々や企業の労働者たちがさらに怒るだけではないか？」
0x01000065000020ED,45,315,Sordland/Turn03/A_AddressProtestors,Serge Wolkner,en,「大統領、状況はますます不安定になってきております。」
0x01000065000020F3,45,316,Sordland/Turn03/A_AddressProtestors,Serge Wolkner,en,「大統領、群衆はもはや完全に敵対的ではありませんが、依然として緊張の気流が漂っております。」
0x01000065000020F9,45,317,Sordland/Turn03/A_AddressProtestors,Serge Wolkner,en,「大統領、群衆はある程度落ち着いているように見えますが、私としては慎重を期すことを勧めます。」
0x0100006500002105,45,318,Sordland/Turn03/A_AddressProtestors,Reporter,en,「エワとの私的な関係の現在の状況について、もう少し詳しく説明していただけますか？」
0x010000650000210B,45,319,Sordland/Turn03/A_AddressProtestors,Reporter,en,「もう一つだけ質問があります。エヴァルト・アルフォンソとの実際の私的な関係は何ですか？」
0x0100006500002133,45,320,Sordland/Turn03/A_AddressProtestors,Player_Italic,en,私は手を差し伸べると、カタリナが笑顔でそれに握手した。デニスも続いて握手をした。
0x0100006500002133,45,320,Sordland/Turn03/A_AddressProtestors,Player_Italic,Menu Text en,彼らと握手をする
0x0100006500002142,45,324,Sordland/Turn03/A_AddressProtestors,Player_Italic,en,私は手を差し伸べ、カタリナはしぶしぶそれに握手した。デニスも続いて握手した。
0x0100006500002142,45,324,Sordland/Turn03/A_AddressProtestors,Player_Italic,Menu Text en,彼らと握手をする
0x0100006500002154,45,325,Sordland/Turn03/A_AddressProtestors,Player,en,「これ以上、何も言うことはない。」
0x0100006500002170,45,329,Sordland/Turn03/A_AddressProtestors,Narrator,en,セルジュは私が気絶させた相手をその場に残し、これまで見たことのない厳しい表情で警備員たちの方へ向き直った。
0x0100006500002177,45,330,Sordland/Turn03/A_AddressProtestors,Narrator,en,彼の声は群衆の叫び声をかき消すほど大きく響いた。警備兵たちは私の周りの輪をより固くし、急いで私を護衛車列の安全な場所へと押しやった。
0x010000650000217E,45,331,Sordland/Turn03/A_AddressProtestors,Narrator,en,警察と治安部隊が乱闘現場に駆けつけ、容赦なく警棒を振り回した。赤旗青年団は彼らに向かって正面から突進していった。
0x0100006500002186,45,332,Sordland/Turn03/A_AddressProtestors,Katarina Horten,en,「警察を止めてください！そんなことをしても何の役にも立ちません！」
0x010000650000218C,45,333,Sordland/Turn03/A_AddressProtestors,Denis Stahler,en,「皆さん、落ち着いてください！」
0x0100006500002192,45,334,Sordland/Turn03/A_AddressProtestors,Narrator,en,我々がその混乱した場面を後にすると、彼らの叫び声は次第に遠くへ消えていった。
0x0100006500002198,45,335,Sordland/Turn03/A_AddressProtestors,Player,en,「セルジュ、思い切りやってやれ！」
0x010000650000219E,45,336,Sordland/Turn03/A_AddressProtestors,Player,en,「ここからすぐに出よう！」
0x01000065000021AE,45,337,Sordland/Turn03/A_AddressProtestors,Player,en,「皆さん、落ち着いてくれ！」
0x01000065000021B6,45,338,Sordland/Turn03/A_AddressProtestors,Gus Manger,en,「下がれ！そんなことをしても事態は悪化するだけだ！」
0x01000065000021BC,45,339,Sordland/Turn03/A_AddressProtestors,Narrator,en,私と職員たちはすぐに護衛に連れられて車列の中へ入れられた。我々の車両が群衆を突き進むと、抗議者や警察官たちは散り散りになった。
0x01000065000021C5,45,340,Sordland/Turn03/A_AddressProtestors,Serge Wolkner,en,「大統領、車にお乗りください！すぐに出発します！」
0x01000065000021DC,45,341,Sordland/Turn03/A_AddressProtestors,Narrator,en,私が反応する間もなく、セルジュがすぐに私の前に飛び出してきた。彼は素早くその男を地面に押し倒し、両手を背中の後ろに固定した。
0x01000065000021E4,45,342,Sordland/Turn03/A_AddressProtestors,Player_Italic,en,私はパニックで動けなくなった。
0x01000065000021E4,45,342,Sordland/Turn03/A_AddressProtestors,Player_Italic,Menu Text en,パニックで固まってしまう
0x01000065000021F3,45,343,Sordland/Turn03/A_AddressProtestors,Narrator,en,以前に見たあの不安げな警官たちは、今や完全に圧倒されている様子だった。彼らは左右に棍棒を振り回し、抗議者や赤旗青年団のメンバー、さらには自分たちの同僚まで容赦なく攻撃した。
0x0100006500002201,45,344,Sordland/Turn03/A_AddressProtestors,Player,en,「お二人に感謝する。」
0x0100006500002208,45,345,Sordland/Turn03/A_AddressProtestors,Serge Wolkner,en,「これ以上質問はご遠慮ください。」
0x010000650000220E,45,346,Sordland/Turn03/A_AddressProtestors,Serge Wolkner,en,「大統領、どうぞ車までお越しください。」
0x0100006500002214,45,347,Sordland/Turn03/A_AddressProtestors,Player,en,「ああ、まだ対話の始まったばかりだ。進歩と変革への私の決意は揺るぎないことを、お二人に約束する。」
0x010000650000221A,45,348,Sordland/Turn03/A_AddressProtestors,Player,en,「確かに、説明責任こそが民主主義の礎だ。大統領として、私はその責任をよく理解している。」
0x0100006500002220,45,349,Sordland/Turn03/A_AddressProtestors,Player,en,「大半の者は真実に向き合うことを恐れるため、外に出てこない。会話について言えば、それは常に続けられているのだ。」
0x0100006500002229,45,350,Sordland/Turn03/A_AddressProtestors,Player,en,「私の役割は耳を傾け、適切に行動することだ。責任について言えば、それはすべての政府が果たすべきことではないだろうか？必ず約束する。」
0x0100006500002235,45,351,Sordland/Turn03/A_AddressProtestors,Player,en,「デニス、カタリナ、これからも引き続き話し合いを進められることを楽しみにしている。」
0x010000650000223B,45,352,Sordland/Turn03/A_AddressProtestors,Player,en,「これはスプリントではなく、マラソンだ。」
0x0100006500002247,45,356,Sordland/Turn03/A_AddressProtestors,Player,en,「私もかつて赤旗青年団の一員だったが、あなた方が行っている仕事は極めて重要だと実感している。ありがとう。」
0x0100006500002252,45,357,Sordland/Turn03/A_AddressProtestors,Narrator,en,ほぼすぐに、群衆の中に残っていた緊張感は消え去った。近くにいた数人の労働者たちが散発的に拍手を始めた。
0x010000650000225A,45,358,Sordland/Turn03/A_AddressProtestors,Narrator,en,見物人たちの間にそっとした囁き声が広がり、彼らは驚きのあまり我々の方を何度も見つめ合った。数人は散発的に拍手を送った。
0x0100006500002263,45,359,Sordland/Turn03/A_AddressProtestors,Narrator,en,彼ら全員の視線が私に注がれ、私の言葉を待っていた。
0x0100006500002287,45,360,Sordland/Turn03/A_AddressProtestors,Narrator,en,私は最後にもう一度群衆の方を向いた。彼らの目には怒りの色と共に希望の光も見て取れた。
0x010000650000228E,45,361,Sordland/Turn03/A_AddressProtestors,Katarina Horten,en,「我々は共に勇気を示しました。これからはあなたが約束を守るよう厳しく求めていきます。労働者たちの苦難はまだ終わっておらず、我々の組合の活動も終わりではありません。」
0x0100006500002295,45,362,Sordland/Turn03/A_AddressProtestors,Narrator,en,出発の準備をしているとき、私は最後にもう一度カタリナとデニスの方を振り返った。
0x01000065000022A0,45,363,Sordland/Turn03/A_AddressProtestors,Narrator,en,最初はためらいがちだった拍手の音は次第に大きくなり、歓喜の声や口笛が空気を満たした。私は群衆の端に立つ赤旗青年団のメンバーたちが腕を組み、目には賛同の色を浮かべているのを見た。
0x01000065000022B1,45,364,Sordland/Turn03/A_AddressProtestors,Player,en,「我々が力を合わせれば、ソードランドの繁栄する未来を必ず実現できる。」
0x01000065000022BE,45,365,Sordland/Turn03/A_AddressProtestors,Narrator,en,セルジュが車のドアを開け、私はその席に腰を下ろした。背後でドアがガッと閉まり、外の騒音が遮断された。
0x01000065000022C6,45,366,Sordland/Turn03/A_AddressProtestors,Narrator,en,群衆は次第に散っていき、我々の車列が通れるように人々が道を開けていった。それでも警備員たちは配置につき、車両の周りに人間の壁を作った。
0x01000065000022CD,45,367,Sordland/Turn03/A_AddressProtestors,Narrator,en,エンジンが静かに動き出し、我々も移動を始めた。
0x01000065000022E0,45,371,Sordland/Turn03/A_AddressProtestors,Serge Wolkner,en,「大統領、レイン様、この件をご処理いただけるお力については疑いの余地はございませんでした。それでもやはり、ご安全を案じておりました。」
0x01000065000022E6,45,372,Sordland/Turn03/A_AddressProtestors,Serge Wolkner,en,「大統領、無事に出発できて安心いたします。」
0x01000065000022EE,45,373,Sordland/Turn03/A_AddressProtestors,Narrator,en,我々が移動を始めると、不満を抱く抗議者たちが我々の方へ駆け寄ってきた。彼らが窓ガラスを拳で叩く音や怒号、嘲笑の声が聞こえてきた。
0x01000065000022F5,45,374,Sordland/Turn03/A_AddressProtestors,Narrator,en,警備員たちはすぐに行動を起こし、暴れる群衆を押し返した。
0x01000065000022FC,45,375,Sordland/Turn03/A_AddressProtestors,Narrator,en,混乱した群衆から車列がやっと離れることができたのは、緊張感に満ちた数分間だった。
0x0100006500002315,45,379,Sordland/Turn03/A_AddressProtestors,Player,en,「セルジュ、心配してくれてありがとう。状況は緊迫していたが、あなたやチームがそばにいてくれたおかげで大きな支えとなった。」
0x010000650000231B,45,380,Sordland/Turn03/A_AddressProtestors,Player,en,「セルジュ、この役職に就く以上、危険は避けられないものだ。それでもあなたが心配してくれることに感謝する。」
0x0100006500002321,45,381,Sordland/Turn03/A_AddressProtestors,Player,en,「大統領という立場の者は、こうした状況に正面から向き合わなければならないのだ。」
0x0100006500002327,45,382,Sordland/Turn03/A_AddressProtestors,Player,en,「セルジュ、ありがとう。あなたがいなければどうしていたかわからない。」
0x010000650000232D,45,383,Sordland/Turn03/A_AddressProtestors,Player,en,「そうだね、セルジュ。あなたとチームの働きは見事だった。」
0x0100006500002333,45,384,Sordland/Turn03/A_AddressProtestors,Player,en,「少し緊張感を持たせて警戒心を保つのだね、そうだろう？」
0x010000650000233F,45,385,Sordland/Turn03/A_AddressProtestors,Serge Wolkner,en,「大統領、我々は奉仕と保護のためにここにいます。これは決して軽視できない義務なのです。」
0x0100006500002346,45,386,Sordland/Turn03/A_AddressProtestors,Serge Wolkner,en,「それは単なる職務の一環ではありません、大統領。これは私個人の献身にかかわる問題です。」
0x010000650000234D,45,387,Sordland/Turn03/A_AddressProtestors,Serge Wolkner,en,「その通りです、大統領。結局のところ、それも職務の一部なのです。」
0x0100006500002354,45,388,Sordland/Turn03/A_AddressProtestors,Serge Wolkner,en,「私はただ自分の職務を果たしているだけです、大統領。あなたの安全を守ることが最優先事項です。」
0x010000650000235B,45,389,Sordland/Turn03/A_AddressProtestors,Serge Wolkner,en,「大統領、ご認識いただき感謝いたします。それは我々の義務であり、光栄なことでもございます。」
0x0100006500002362,45,390,Sordland/Turn03/A_AddressProtestors,Serge Wolkner,en,「大統領、そういう見方もできますね。少なくとも仕事に面白みを与えてくれると言えます。」
0x010000650000236B,45,391,Sordland/Turn03/A_AddressProtestors,Narrator,en,我々がその場を離れてナルベルを後にしたとき、抗議者たちの響き渡る声は次第に静まっていった。
0x010000520001BACC,45,402,Sordland/Turn03/A_AddressProtestors,Narrator,en,やがて、全員が静まり返り、デニスとカタリナの返答を待った。
0x010000520001BAD3,45,403,Sordland/Turn03/A_AddressProtestors,Gus Manger,en,「アグノクさんの言う通りです、大統領。ここに留まっても群衆は落ち着きません。どうか安全な場所へ行かれるべきです。」
0x010000520001BADE,45,404,Sordland/Turn03/A_AddressProtestors,Serge Wolkner,en,<shout>「大統領を守れ！」</shout>
0x010000520002013C,45,453,Sordland/Turn03/A_AddressProtestors,Player,en,「皆さんが何か軽率な行動を取る前に、まずは周囲をよく見渡してほしいのだ。」
0x0100005200020143,45,454,Sordland/Turn03/A_AddressProtestors,Player,en,「あなた方は警察や武装警備員に囲まれている。現実的に、ここで何を成し遂げようとしているのか？」
0x010000520002014A,45,455,Sordland/Turn03/A_AddressProtestors,Player,en,「ソードランドの大統領に反抗しては、必ず何らかの代償を払わなければならない。」
0x0100005200020155,45,457,Sordland/Turn03/A_AddressProtestors,Player,en,「我々は皆、貪欲と搾取に立ち向かう戦いにおける兄弟姉妹だ。決して内輪もめを起こしてはならない。」
0x010000520002015E,45,458,Sordland/Turn03/A_AddressProtestors,Denis Stahler,en,「大統領、すぐに我々を脅すような態度に出るつもりですか？平和的な抗議の権利はどこへ行ってしまったのですか？」
0x0100005200020165,45,459,Sordland/Turn03/A_AddressProtestors,Katarina Horten,en,「これは、今日我々がここに立つことが正しいことを証明しているだけです。真の変革を約束されるまで、我々は決して譲りません。」
0x010000520002016C,45,460,Sordland/Turn03/A_AddressProtestors,Denis Stahler,en,「分裂だと？武装した警備員に囲まれてガソム本部を出て行ったのはあなた自身ではないですか。」
0x0100005200020176,45,461,Sordland/Turn03/A_AddressProtestors,Player,en,「どうしてそんな態度で大統領に話しかけることができるのだか！恩知らずめ、私がこの国のためにどれだけ多くの犠牲を払ってきたか、あなたたちには全く分かっていないのだ。」
0x0100005200020182,45,463,Sordland/Turn03/A_AddressProtestors,Player,en,「ほら、シュターラー氏とホルテン女史。私はあなた方の側にいるのだ。もう不満を言う必要はない。」
0x010000520002018C,45,464,Sordland/Turn03/A_AddressProtestors,Player,en,「ほら、シュターラー氏とホルテン女史。私はあなた方の側にいるのだ。もう不満を言う必要はない。」
0x0100005200020196,45,465,Sordland/Turn03/A_AddressProtestors,Player,en,「ほら、シュターラー氏とホルテン女史。私はあなた方の側にいるのだ。もう不満を言う必要はない。」
0x01000052000201A0,45,466,Sordland/Turn03/A_AddressProtestors,Player,en,「私はそんな質問に返事をするほど価値は認めない。ガソムはこのみすぼらしい地域のために多くのことをしてきたのに、お前たちはそれに対してこんな報い方をするのか？」
0x01000052000201A8,45,467,Sordland/Turn03/A_AddressProtestors,Player,en,「実のところ、これらの労働者たちは仕事に就けているだけでも幸運なのだ。欲張ってはいけない。」
0x01000052000201AF,45,468,Sordland/Turn03/A_AddressProtestors,Player,en,「皆さんに警告する。今すぐ引き下がらないと、必ず厳しい結果が待っている。」
0x01000052000201B6,45,469,Sordland/Turn03/A_AddressProtestors,Player,en,「記者の方、実際にガソムで働く従業員に話を聞いてみたらどうだ？彼らなら、ソードランドで最も優れた会社で働けることにどれほど感謝しているかお話しするだろう。」
0x01000052000201BD,45,470,Sordland/Turn03/A_AddressProtestors,Denis Stahler,en,「大統領、あなたの傲慢さは信じられません。」
0x01000052000201CB,45,472,Sordland/Turn03/A_AddressProtestors,Katarina Horten,en,「明らかに、もはや理性的な議論をする時期は過ぎました。我々は自分が信じるもののために戦わなければなりません！」
0x01000052000201D9,45,476,Sordland/Turn03/A_AddressProtestors,Player,en,「どうしてまだここにいるのか、女性？状況が悪化しそうなのが分からないのか？」
0x01000052000201E0,45,477,Sordland/Turn03/A_AddressProtestors,Denis Stahler,en,「大統領、一般の人々が権力者に真実を語る姿は決して『醜い』ものではありませんよ、レイン。」
0x01000052000201E8,45,478,Sordland/Turn03/A_AddressProtestors,Player,en,「それは機密事項なので、奥様。」
0x01000052000201F4,45,480,Sordland/Turn03/A_AddressProtestors,Katarina Horten,en,「なるほど。大統領は非公開で行われた交渉について一切情報を明かすことはないようですね。」
0x0100006500002B2F,46,3,Sordland/Turn03/Personal_HelicopterEscape,Ewald Alphonso,en,「大統領、あなたは既にEPAの規制をこれ以上厳格化しないと約束されました。ですから、より厳しい規制がガソムの事業運営にどれほど害を及ぼすかを改めてお伝えする必要はないと思います。」
0x0100006500002B40,46,7,Sordland/Turn03/Personal_HelicopterEscape,Ewald Alphonso,en,「それによって将来の投資家たちが遠ざかる可能性があり、その波及効果で失業者が出ることにもなりかねません。」
0x0100006500002B5D,46,8,Sordland/Turn03/Personal_HelicopterEscape,Narrator,en,ヘリコプターは徐々に速度を落とし、しばらく浮遊した後、ゆっくりとヘリポートに着陸した。
0x0100006500002B63,46,9,Sordland/Turn03/Personal_HelicopterEscape,Player,en,「私はガソムのような企業が活動しやすい環境を作ることに尽力している。あなた方の成功は、ソードランドの雇用創出と繁栄につながる。」
0x0100006500002B69,46,10,Sordland/Turn03/Personal_HelicopterEscape,Player,en,「EPAに何らかの変更を加えれば経済的な大災害が起こるかのようにおっしゃっているが、私としてはそうではない。政府としては民間の利益に迎合するのではなく、エネルギー安全保障を確保するのが義務だ。」
0x0100006500002B75,46,11,Sordland/Turn03/Personal_HelicopterEscape,Ewald Alphonso,en,「大統領、そのお言葉を聞けて光栄です。我々の困難に対するご支援とご理解は、我々が発展し、ソードランドの経済に貢献していく上で不可欠なものです。」
0x0100006500002B7B,46,12,Sordland/Turn03/Personal_HelicopterEscape,Ewald Alphonso,en,「大統領、私が保証します。これは私的な利益のためではありません。ガソムのような企業にエネルギー供給の安定を担わせ、経済成長を促し、雇用を創出させるためのことです。」
0x0100006500002B81,46,13,Sordland/Turn03/Personal_HelicopterEscape,Player,en,「アルフォンソさん、あなたの懸念は理解している。しかし我々は、ソードランドの長期的なエネルギー安全保障も考慮しなければならない。」
0x0100006500002B87,46,14,Sordland/Turn03/Personal_HelicopterEscape,Ewald Alphonso,en,「もちろんです、大統領。そのバランスを取ることが肝心であり、我々なら共にそれを実現できると信じています。ガソムも解決策の一環となる準備ができています。」
0x0100006500002BB0,46,21,Sordland/Turn03/Personal_HelicopterEscape,Narrator,en,我々の下には、緑豊かな田園地帯、広大な森林、そして手つかずの土地が入り混じった光景が広がっていた。
0x0100006500002BC2,46,28,Sordland/Turn03/Personal_HelicopterEscape,Narrator,en,我々が山々から遠ざかるにつれて、周囲の風景はますます田舎風に変わっていった。小さな木造住宅や農家の小屋が点在し始め、その素朴な趣はナルベルの灰色のコンクリート建築とは際立った対照をなしていた。
0x0100006500002BD0,46,29,Sordland/Turn03/Personal_HelicopterEscape,Narrator,en,我々の視線は、足元に広がる見事な景色へと向けられた。
0x0100006500002BD7,46,30,Sordland/Turn03/Personal_HelicopterEscape,Narrator,en,セルジュは座席の中で身を前に乗り出し、目を凝らしてソードランドの田園地帯を貫くH-3高速道路の軌跡を追っていた。
0x0100006500002BE0,46,31,Sordland/Turn03/Personal_HelicopterEscape,Narrator,en,セルジュの視線は、まだ建設中のL-1鉄道の軌跡を追っていった。鉄鋼でできたその線路は太陽の光に照らされて眩しいほど輝いていた。
0x0100006500002BE7,46,32,Sordland/Turn03/Personal_HelicopterEscape,Narrator,en,我々はラハベンの郊外に近づいていた。セルジュは街並みをよりはっきりと見ようと、座席の中で身を乗り出した。
0x0100006500002BEE,46,33,Sordland/Turn03/Personal_HelicopterEscape,Serge Wolkner,en,「大統領、ここから高速道路の建設風景を見ると本当に感動的です。」
0x0100006500002BF4,46,34,Sordland/Turn03/Personal_HelicopterEscape,Serge Wolkner,en,「大統領、なんと素晴らしいことでしょう。新しい鉄道がソードランドの交通を変えていくのを心から楽しみにしております。」
0x0100006500002BFA,46,35,Sordland/Turn03/Personal_HelicopterEscape,Serge Wolkner,en,「ラハベン……なかなか壮観な光景ですね、大統領？」
0x0100006500002C12,46,42,Sordland/Turn03/Personal_HelicopterEscape,Ewald Alphonso,en,「{BaseGameText.AlphonsoToPlayer}、先ほどの冒険は実に素晴らしいものでした。あなたがいれば決して退屈することはありませんね、え？」
0x0100006500002C18,46,43,Sordland/Turn03/Personal_HelicopterEscape,Ewald Alphonso,en,「大統領、あそこでの展開は実に予想外でしたね。抗議などではなく、飲み物を交わして契約を祝えると思っていましたのに。」
0x0100006500002C1E,46,44,Sordland/Turn03/Personal_HelicopterEscape,Ewald Alphonso,en,「大統領、正直に申し上げますと、我々の会談がこのような結末を迎えるとは予想していませんでした。」
0x0100006500002C24,46,45,Sordland/Turn03/Personal_HelicopterEscape,Ewald Alphonso,en,「私の運転手は我々をそこから護衛してくれて大変優秀でした。ぜひ引き続き雇っておくべき人物です。」
0x0100006500002C2A,46,46,Sordland/Turn03/Personal_HelicopterEscape,Ewald Alphonso,en,「しかし、我々は正しい選択をしたようですね。あなたの運転手は我々をそこから無事に連れ出すという素晴らしい働きをしてくれました。」
0x0100006500002C30,46,47,Sordland/Turn03/Personal_HelicopterEscape,Ewald Alphonso,en,「もちろん、あなたの運転手は正しい判断を下しました。ヘリコプターで脱出することが、我々双方にとって最も安全な選択だったのです。」
0x0100006500002C36,46,48,Sordland/Turn03/Personal_HelicopterEscape,Player,en,「それは実に冒険的な出来事だったね。ええ、私も同感だ。セルジュの協力は非常に貴重だった。」
0x0100006500002C3C,46,49,Sordland/Turn03/Personal_HelicopterEscape,Player,en,「ああ、我々の安全が最も重要だ。しかし、あのような状況で立ち去らざるを得なかったのは残念だ。」
0x0100006500002C48,46,50,Sordland/Turn03/Personal_HelicopterEscape,Serge Wolkner,en,「アルフォンソ大統領、ご面会できて光栄です。私はかつてあなたの運転手だったヌーマン・フェヴォンに指導を受けましたが、彼はいつもあなたのことを高く評価していました。」
0x0100006500002C54,46,51,Sordland/Turn03/Personal_HelicopterEscape,Ewald Alphonso,en,「一週間前にガソムの警備部隊や地元警察から、この地域で武装集団の活動があったという報告を受けました。念のため対策を講じる方が良いでしょう？」
0x0100006500002C5B,46,52,Sordland/Turn03/Personal_HelicopterEscape,Narrator,en,アルフォンソは旅のほとんどの間静かだったが、ラハベンに近づくにつれてようやく沈黙を破った。
0x0100006500002C63,46,53,Sordland/Turn03/Personal_HelicopterEscape,Player,en,「ああ、無事で何よりだ。だが、あの抗議者たちと話をすべきだったのではないかと思ってしまう。」
0x0100006500002C69,46,54,Sordland/Turn03/Personal_HelicopterEscape,Player,en,「私はいつでも、危険な状況から自分を救ってくれるセルジュに頼ることができる。」
0x0100006500002C6F,46,55,Sordland/Turn03/Personal_HelicopterEscape,Player,en,「ああ、事態がこのように進展してしまったのは残念だった。だが、準備されていたヘリコプターがあったのは幸運だった。」
0x0100006500002C75,46,56,Sordland/Turn03/Personal_HelicopterEscape,Player,en,「抗議活動があったのは残念だが、正直言って、我々が意見を合わせられるとは思ってもいなかった。唯一同意できる点は、セルジュの言う通りだったということだ。」
0x0100006500002C7B,46,57,Sordland/Turn03/Personal_HelicopterEscape,Serge Wolkner,en,「大統領、私はただ職務を果たしているだけです。皆が無事で何より嬉しいです。」
0x0100006500002C81,46,58,Sordland/Turn03/Personal_HelicopterEscape,Serge Wolkner,en,「実に残念なことです、大統領。しかし安全が最優先されるべきです。」
0x0100006500002C87,46,59,Sordland/Turn03/Personal_HelicopterEscape,Serge Wolkner,en,「大統領、何よりもまず安全が最優先です。常にそうでなければなりません。」
0x0100006500002C8D,46,60,Sordland/Turn03/Personal_HelicopterEscape,Serge Wolkner,en,「大統領、それが私がここにいる理由です。」
0x0100006500002C93,46,61,Sordland/Turn03/Personal_HelicopterEscape,Serge Wolkner,en,「大統領、私にお力になれて光栄です。何よりも重要なのは、我々が無事でいられることです。」
0x0100006500002C99,46,62,Sordland/Turn03/Personal_HelicopterEscape,Serge Wolkner,en,「私はただ自分の職務を果たしているだけです、大統領。安全が最優先事項です。」
0x0100006500002C9F,46,63,Sordland/Turn03/Personal_HelicopterEscape,Ewald Alphonso,en,「このような混乱が起きる前に、我々の会談の可能性を十分に活かせなかったのは実に残念です。」
0x0100006500002CAA,46,64,Sordland/Turn03/Personal_HelicopterEscape,Ewald Alphonso,en,「ガソムの警備隊や地元警察は、この地域で武装集団の活動が起こり得ると警告していました。何らかのリスクを冒すよりは安全な方です。」
0x0100006500002CBD,46,65,Sordland/Turn03/Personal_HelicopterEscape,Ewald Alphonso,en,「ああ、ヌーマンときたら。実に素晴らしい人物でした。どんな厳しい状況でも常に場の雰囲気を和ませる才能がありました。」
0x0100006500002CC4,46,66,Sordland/Turn03/Personal_HelicopterEscape,Ewald Alphonso,en,「かつて我々が何時間も交通渋滞にはまっていた時、彼は車の中で古いソードランドの民謡を歌い始めました。そのおかげで車列全員が笑ったものです。」
0x0100006500002CD0,46,67,Sordland/Turn03/Personal_HelicopterEscape,Ewald Alphonso,en,「ああ、ヌーマンという男は実に素晴らしい。長い旅の間、我々を楽しませてくれるために、常に信じがたいような話をしてくれたものです。」
0x0100006500002CD6,46,68,Sordland/Turn03/Personal_HelicopterEscape,Ewald Alphonso,en,「かつては若い補佐官に大統領専用リムジンが幽霊に取り憑かれていると信じ込ませたこともあります！その可哀想な若者は一週間もその車に足を踏み入れませんでした。」
0x0100006500002CDD,46,69,Sordland/Turn03/Personal_HelicopterEscape,Serge Wolkner,en,「アルフォンソ大統領、私はかつてあなたの運転手だったヌーマン・フェヴォンに訓練を受けました。彼はあなたに仕えていた時代のことをよく話してくれました。」
0x0100006500002CEC,46,70,Sordland/Turn03/Personal_HelicopterEscape,Serge Wolkner,en,「アルフォンソ大統領、私はかつてあなたの運転手だったヌーマン・フェヴォンに訓練を受けました。彼はよくあなたの大統領としての困難さについて語っていました。」
0x0100006500002CF4,46,71,Sordland/Turn03/Personal_HelicopterEscape,Ewald Alphonso,en,「ああ、ヌーマンか。実に特別な人物でした。最も深刻な危機の最中でさえ常に冗談を言ってくれる人でした。」
0x0100006500002CFA,46,72,Sordland/Turn03/Personal_HelicopterEscape,Ewald Alphonso,en,「彼の話なら、どんな無表情な警備員でさえくすっと笑ってしまうものでした。セルジュ、彼があなたに良き指導者であり続けてくれたことを願っています。」
0x0100006500002D02,46,73,Sordland/Turn03/Personal_HelicopterEscape,Player,en,「セルジュ、雰囲気を和らげるためにソードランドの民謡を何曲か歌ってくれないか？」
0x0100006500002D08,46,74,Sordland/Turn03/Personal_HelicopterEscape,Player,en,「大統領の運転手の職務要件に歌の能力も加えるべきかもしれないね、セルジュ？」
0x0100006500002D10,46,75,Sordland/Turn03/Personal_HelicopterEscape,Player,en,「セルジュ、あなたの仕事にそんな……特異な要件があるとは知らなかった。」
0x0100006500002D17,46,76,Sordland/Turn03/Personal_HelicopterEscape,Serge Wolkner,en,「大統領、申し訳ありませんが私はあまり歌が得意ではありません。ですが交通渋滞を避ける方法は知っています。」
0x0100006500002D1E,46,77,Sordland/Turn03/Personal_HelicopterEscape,Serge Wolkner,en,「それについては存じ上げません、大統領。私としては運転技能を最優先事項にすべきだと思います。」
0x0100006500002D25,46,78,Sordland/Turn03/Personal_HelicopterEscape,Serge Wolkner,en,「ええ、大統領、どのような技能が役立つかは分からないものです。ですが正直に申し上げますと、歌は私の得意分野ではありません。」
0x0100006500002D2C,46,79,Sordland/Turn03/Personal_HelicopterEscape,Ewald Alphonso,en,「はっ！まさにプロだな。」
0x0100006500002D33,46,80,Sordland/Turn03/Personal_HelicopterEscape,Ewald Alphonso,en,「セルジュ、あなたの運転技術は間違いなく最高レベルでしょう。しかしユーモアの感覚も同じくらい重要ですよ。」
0x0100006500002D3A,46,81,Sordland/Turn03/Personal_HelicopterEscape,Ewald Alphonso,en,「大統領、他にも隠された才能がおありでしょう。」
0x0100006500002D41,46,82,Sordland/Turn03/Personal_HelicopterEscape,Player,en,「セルジュ、我々のために何か話はあるか？」
0x0100006500002D47,46,83,Sordland/Turn03/Personal_HelicopterEscape,Player,en,「セルジュ、あなたも大変な役目を背負うことになりそうだね。」
0x0100006500002D4D,46,84,Sordland/Turn03/Personal_HelicopterEscape,Player,en,「よく考えてみれば、あそこでは時々奇妙な音が聞こえるのだ。」
0x0100006500002D53,46,85,Sordland/Turn03/Personal_HelicopterEscape,Serge Wolkner,en,「大統領、申し訳ありませんが私はあまり物語を語るのが得意ではありません。道に集中していたいと思っています。」
0x0100006500002D59,46,86,Sordland/Turn03/Personal_HelicopterEscape,Serge Wolkner,en,「確かに、大統領。ヌーマンは実に特異な人物でした。私は自分なりの方法で尽力しております。」
0x0100006500002D5F,46,87,Sordland/Turn03/Personal_HelicopterEscape,Serge Wolkner,en,「何か音がするとしても、それはエンジンの音ではありません。順調に動いているか確認するため、少なくとも月に一度は点検を行っています。」
0x0100006500002D65,46,88,Sordland/Turn03/Personal_HelicopterEscape,Ewald Alphonso,en,「賢明な判断ですね、セルジュ。不安げに走り回る補佐官などいては困りますからね、大統領。」
0x0100006500002D6B,46,89,Sordland/Turn03/Personal_HelicopterEscape,Ewald Alphonso,en,「私としても、あなたの働きぶりは大変優れていると見ています。」
0x0100006500002D71,46,90,Sordland/Turn03/Personal_HelicopterEscape,Ewald Alphonso,en,「よくやった、セルジュ。次に車の相談が必要な時は君のところに行くよ。」
0x0100006500002D80,46,91,Sordland/Turn03/Personal_HelicopterEscape,Player,en,「セルジュ、我々のために何か面白い話はあるか？」
0x0100006500002D86,46,92,Sordland/Turn03/Personal_HelicopterEscape,Player,en,「彼はユーモアを使って緊張した状況を和らげていたのだね。なるほど。セルジュ、ユーモアというものを聞いたことがあるか？」
0x0100006500002D8C,46,93,Sordland/Turn03/Personal_HelicopterEscape,Player,en,「セルジュ、ヌーマンから学んだことで危機の際に冷静でいられたのか？」
0x0100006500002D92,46,94,Sordland/Turn03/Personal_HelicopterEscape,Serge Wolkner,en,「大統領、ヌーマンには彼なりのやり方がありましたが、私にも私なりのやり方があります。常にプロ意識を保つことが重要だと考えています。」
0x0100006500002D98,46,95,Sordland/Turn03/Personal_HelicopterEscape,Serge Wolkner,en,「もちろんです、大統領。しかし私は、集中力と能力の方がストレスを管理する上でより効果的だと考えています。」
0x0100006500002D9E,46,96,Sordland/Turn03/Personal_HelicopterEscape,Serge Wolkner,en,「大統領、ヌーマンの教えは非常に貴重でしたが、私は自分なりのやり方を築こうと努めてきました。」
0x0100006500002DA4,46,97,Sordland/Turn03/Personal_HelicopterEscape,Ewald Alphonso,en,「なるほど、セルジュ。人によって適したやり方は異なるのですね。」
0x0100006500002DAA,46,98,Sordland/Turn03/Personal_HelicopterEscape,Ewald Alphonso,en,「ノウマンと一緒に車の中でこの光景を見られるなら、高いお金でも払うつもりです。真面目な男と変わり者が一緒にいる姿ですから。」
0x0100006500002DB0,46,99,Sordland/Turn03/Personal_HelicopterEscape,Ewald Alphonso,en,「セルジュ、自分だけの道を切り開くことは重要だ。私はそれを尊重している。」
0x0100006500002DCB,46,100,Sordland/Turn03/Personal_HelicopterEscape,Serge Wolkner,en,「H-3はこれまでにない形で国全体を結びつける可能性を持っています。大統領、あなたの業績はソードランドの風景そのものに刻み込まれることでしょう。」
0x0100006500002DD1,46,101,Sordland/Turn03/Personal_HelicopterEscape,Serge Wolkner,en,「上空から見下ろすと、まるで歴史が今ここで創られていく様を目の当たりにしているかのようです。」
0x0100006500002DD7,46,102,Sordland/Turn03/Personal_HelicopterEscape,Serge Wolkner,en,「歴史的でありながらも現代的。この都市には何か特別なものがある。」
0x0100006500002DE0,46,103,Sordland/Turn03/Personal_HelicopterEscape,Ewald Alphonso,en,「H-3高速道路ですが……{BaseGameText.AlphonsoToPlayer}、当初は私も懐疑的でした。しかし、これは我々の農村地域にとって命綱となり得るでしょう。」
0x0100006500002DE6,46,104,Sordland/Turn03/Personal_HelicopterEscape,Ewald Alphonso,en,「経済的な観点から見ても、H-3高速道路は賢明な決断でした。それは進歩の目に見える象徴です。」
0x0100006500002DEC,46,105,Sordland/Turn03/Personal_HelicopterEscape,Ewald Alphonso,en,「高速道路にも利点はあるでしょうが、その資金をより適切な場所に配分できたのではないかと思ってしまいます。」
0x0100006500002DF2,46,106,Sordland/Turn03/Personal_HelicopterEscape,Ewald Alphonso,en,「セルジュの言う通りかもしれません。大きな影響を与えることができるでしょう。」
0x0100006500002DF8,46,107,Sordland/Turn03/Personal_HelicopterEscape,Ewald Alphonso,en,「とはいえ、農村地域への影響についてはまだ議論の余地があります。」
0x0100006500002DFE,46,108,Sordland/Turn03/Personal_HelicopterEscape,Ewald Alphonso,en,「おそらく、より即効性のあるプロジェクトに使えたでしょう。」
0x0100006500002E04,46,109,Sordland/Turn03/Personal_HelicopterEscape,Player,en,「成果はすぐには現れないかもしれない。しかし、長期的に見ればこの政策が大きな効果をもたらすと私は確信している。」
0x0100006500002E0A,46,110,Sordland/Turn03/Personal_HelicopterEscape,Player,en,「完成するのを待てばいい。ソードランドは飛躍的な発展を遂げるだろう。」
0x0100006500002E10,46,111,Sordland/Turn03/Personal_HelicopterEscape,Player,en,「私の部下たちの中にも懸念を抱く者がいた。しかし、H-3は確かな投資だったと考えている。」
0x0100006500002E16,46,112,Sordland/Turn03/Personal_HelicopterEscape,Player,en,「それはソードランドの過去であると同時に、その未来を象徴するものだ。」
0x0100006500002E1C,46,113,Sordland/Turn03/Personal_HelicopterEscape,Player,en,「それは我が国の複雑さを示しているのだ。」
0x0100006500002E22,46,114,Sordland/Turn03/Personal_HelicopterEscape,Player,en,「いくつか問題はあるが、あなたの基盤があればすでに変化をもたらしている。」
0x0100006500002E28,46,115,Sordland/Turn03/Personal_HelicopterEscape,Player,en,「完成するのを待っていればわかる。ソードランドにおける物流作業は、二度と以前のようにはならないだろう。」
0x0100006500002E2E,46,116,Sordland/Turn03/Personal_HelicopterEscape,Player,en,「ああ、確かに野心的だ。しかし大きな変革には度胸のある決断が求められる。」
0x0100006500002E34,46,117,Sordland/Turn03/Personal_HelicopterEscape,Player,en,「あなたの部下であるガス・マンガーは、その鉄道建設について非常に説得力のある主張をした。彼の考えが正しかったことを願っている。」
0x0100006500002E3A,46,118,Sordland/Turn03/Personal_HelicopterEscape,Narrator,en,私は窓の外を見つめ、次第に大きくなっていくラハベンの都市の姿を眺めた。遠くには海が見え、その青い表面には貨物船が点在していた。
0x0100006500002E57,46,125,Sordland/Turn03/Personal_HelicopterEscape,Ewald Alphonso,en,「確かに野心的な計画ですね。しかし、無駄骨に終わらないようにしなければなりません。」
0x0100006500002E5D,46,126,Sordland/Turn03/Personal_HelicopterEscape,Ewald Alphonso,en,「L-1鉄道ですか……かなりの投資額ですね。長期的に見て財政的な負担とはならないことを願っています。」
0x0100006500002E63,46,127,Sordland/Turn03/Personal_HelicopterEscape,Ewald Alphonso,en,「大統領、今お進みになっている道は非常に微妙なものです。」
0x0100006500002E6F,46,128,Sordland/Turn03/Personal_HelicopterEscape,Ewald Alphonso,en,「L-1鉄道ですな。それなら私も全面的に支持できます。」
0x0100006500002E75,46,129,Sordland/Turn03/Personal_HelicopterEscape,Ewald Alphonso,en,「それは効率的であるだけでなく、明確なメッセージでもあります。ソードランドが未来に備えていることを示しているのです。」
0x0100006500002E8D,46,136,Sordland/Turn03/Personal_HelicopterEscape,Ewald Alphonso,en,「なんと素晴らしい都市でしょう。毎回見るたびに、思わず涙が出そうになります。」
0x0100006500002E93,46,137,Sordland/Turn03/Personal_HelicopterEscape,Ewald Alphonso,en,「ラハベンは……良い面も悪い面も含め、我が国の象徴なのです。」
0x0100006500002E99,46,138,Sordland/Turn03/Personal_HelicopterEscape,Ewald Alphonso,en,「ですが、他の都市と同様にラハベンにも問題があります。それを忘れてはなりません。」
0x0100006500002E9F,46,139,Sordland/Turn03/Personal_HelicopterEscape,Ewald Alphonso,en,「富と貧困が並存する……それは、我々のような人間がまだどれほど多くの仕事を残しているかを厳しく思い起こさせるものです。」
0x0100006500002EA5,46,140,Sordland/Turn03/Personal_HelicopterEscape,Ewald Alphonso,en,「ああ、ラハベン……『ソードランドの玄関口』ですな。」
0x0100006500002EAB,46,141,Sordland/Turn03/Personal_HelicopterEscape,Ewald Alphonso,en,「それこそが我が国の中心なのです。」
0x0100006500002ED4,46,142,Sordland/Turn03/Personal_HelicopterEscape,Serge Wolkner,en,「申し訳ありません、皆様。会話を独占するつもりはございませんでした。」
0x0100006500002EDA,46,143,Sordland/Turn03/Personal_HelicopterEscape,Serge Wolkner,en,「大統領、あなたの計画によってどれだけ多くの国民の生活が変わることになるかを考えると、私は感動いたします。」
0x0100006500002EE3,46,144,Sordland/Turn03/Personal_HelicopterEscape,Serge Wolkner,en,「先見の明を持つ大統領からの革命的なビジョンです。」
0x0100006500002EEC,46,145,Sordland/Turn03/Personal_HelicopterEscape,Serge Wolkner,en,「ここでの生活がどのようなものか想像もつきません。毎日何か刺激的な出来事が起こっているのでしょうね。」
0x0100006500002F24,46,146,Sordland/Turn03/Personal_HelicopterEscape,Player,en,「私は事をプロフェッショナルな形で進めたいと思っている。これからもそのようにしよう。」
0x0100006500002F2A,46,147,Sordland/Turn03/Personal_HelicopterEscape,Player,en,「ノウマンの娯楽など必要ない。アルヴォルト・アルフォンソのヘリコプターで彼がソードランドについて熱く語る声を聞けば十分だ。」
0x0100006500002F30,46,148,Sordland/Turn03/Personal_HelicopterEscape,Player,en,「謝る必要はない、セルジュ。あなたの話を聞けるのは常に楽しいことだ。」
0x0100006500002F36,46,149,Sordland/Turn03/Personal_HelicopterEscape,Player,en,「それで問題ない。だが、アルフォンソさんと話し合いたいことがもう少しある。」
0x0100006500002F40,46,150,Sordland/Turn03/Personal_HelicopterEscape,Serge Wolkner,en,「承知いたしました、大統領。必ずその点を心に留めて行動いたします。」
0x0100006500002F4E,46,151,Sordland/Turn03/Personal_HelicopterEscape,Serge Wolkner,en,「確かにその通りです、大統領。これほど素晴らしい光景を前にして、私が黙っていられるはずがありません。」
0x0100006500002F55,46,152,Sordland/Turn03/Personal_HelicopterEscape,Serge Wolkner,en,「大統領、そう言っていただき感謝します。私にとってソードランドは常に最大の愛着の対象でした。」
0x0100006500002F5C,46,153,Sordland/Turn03/Personal_HelicopterEscape,Serge Wolkner,en,「もちろんです、大統領。」
0x0100006500002F76,46,154,Sordland/Turn03/Personal_HelicopterEscape,Narrator,en,我々が青の宮殿へ向かって降下を始めると、アルフォンソが話題を変えた。
0x0100006500002F7C,46,155,Sordland/Turn03/Personal_HelicopterEscape,Ewald Alphonso,en,「青の宮殿州政府ビルまで、およそ25分ほどの距離です。{BaseGameText.AlphonsoToPlayer}」
0x010000650000305E,46,168,Sordland/Turn03/Personal_HelicopterEscape,Player,en,「それは有望そうだね。こうした施策によって労働者の生活が大きく改善されるだろう。」
0x0100006500003064,46,169,Sordland/Turn03/Personal_HelicopterEscape,Player,en,「それは非常に野心的な計画だね。ぜひ実行していただきたいと思う。」
0x01000065000030AC,46,179,Sordland/Turn03/Personal_HelicopterEscape,Ewald Alphonso,en,「ガソムへの大規模な投資をしてくださったことに、どれほど感謝してもし切れません。大統領、あなたのご支援と我々の課題に対する理解があってこそ、ソードランド経済に貢献しつつ、ソードランド人および世界中の需要に応えられるほど事業を拡大できるのです。」
0x01000065000030B2,46,180,Sordland/Turn03/Personal_HelicopterEscape,Ewald Alphonso,en,「ガルムランド、キナル、アンラカもすべて投資する意向を示しています。もし将来的にエネルギー保護法を廃止できれば、海外資本の流入により次の投資ラウンドで国に大きな利益がもたらされるでしょう。」
0x01000065000030B8,46,181,Sordland/Turn03/Personal_HelicopterEscape,Player,en,「大胆な措置だが、確かに経済の好転をもたらす可能性がある。外国所有権の制限を引き上げることも検討しよう。」
0x01000065000030BE,46,182,Sordland/Turn03/Personal_HelicopterEscape,Player,en,「潜在的なリスクも考慮しなければならない。外国資本の増加によってエネルギー資源への支配力が低下するのではないかと心配に思わないか？」
0x01000065000030C4,46,183,Sordland/Turn03/Personal_HelicopterEscape,Ewald Alphonso,en,「大統領、そのお言葉を聞いて安心しました。これによりソードランドに繁栄の新時代が訪れるかもしれません。」
0x01000065000030CA,46,184,Sordland/Turn03/Personal_HelicopterEscape,Ewald Alphonso,en,「支配を維持し、エネルギー安全保障を確保することは確かに重要だ。」
0x01000065000030D0,46,185,Sordland/Turn03/Personal_HelicopterEscape,Player,en,「ご意見は説得力があるが、これは非常に複雑な問題だ。ご提案について検討しよう。」
0x01000065000030D6,46,186,Sordland/Turn03/Personal_HelicopterEscape,Ewald Alphonso,en,「大統領、ご寛容さに感謝いたします。私がお願いしたいのは、ソードランドの経済的潜在力を明確に見極めた上でこの問題に取り組んでほしいというだけです。」
0x01000065000030E4,46,187,Sordland/Turn03/Personal_HelicopterEscape,Ewald Alphonso,en,「大統領、ガソムにおけるリジアとのこの戦略的提携は非常に有望な前進です。これにより初期のリスクを分散させることができ、さらなる関心も呼び込むことができます。」
0x01000065000030EA,46,188,Sordland/Turn03/Personal_HelicopterEscape,Ewald Alphonso,en,「確かに彼らは物議を醸すパートナーではありますが、少数株式を保有している限り、大きな問題に直面することはないでしょう。ちなみにキナルも関心を示しています。」
0x01000065000030F0,46,189,Sordland/Turn03/Personal_HelicopterEscape,Player,en,「アルフォンソさん、あなたの言う点は理解しているが、国家安全保障の観点から検討する必要がある。複数の外国勢力をソードランドのエネルギー分野に招き入れると、将来的に問題が生じる可能性がある。」
0x01000065000030F6,46,190,Sordland/Turn03/Personal_HelicopterEscape,Player,en,「アルフォンソさん、我々がエネルギー分野の将来をかけて少し過度な賭けをしていると思わないか？もしルンブルクがその持株を政治的な影響力行使に使うことにしたらどうなるだろう？」
0x01000065000030FC,46,191,Sordland/Turn03/Personal_HelicopterEscape,Ewald Alphonso,en,「国家の安全保障が最も重要です、{BaseGameText.AlphonsoToPlayer}。しかし、経済的な可能性も考慮する必要があります。」
0x0100006500003102,46,192,Sordland/Turn03/Personal_HelicopterEscape,Ewald Alphonso,en,「ルンブルクの関与は確かに両刃の剣となり得ます。しかし、彼らの持分は少数派に過ぎないことを忘れてはなりません。」
0x0100006500003108,46,193,Sordland/Turn03/Personal_HelicopterEscape,Player,en,「これは大胆な措置だね。しかし確かに、我が国の経済に必要不可欠な活力をもたらすだろう。」
0x010000650000310E,46,194,Sordland/Turn03/Personal_HelicopterEscape,Ewald Alphonso,en,「私の経験上、大胆な者にだけ幸運は訪れる。我々はガソムの将来を守るだけでなく、ソードランドを世界のエネルギー地図上にも位置づけることができるのだ。」
0x010000650000311C,46,195,Sordland/Turn03/Personal_HelicopterEscape,Ewald Alphonso,en,「ソードランドがガソムを見捨て、自らの運命に任せようとしていることが明らかになった今、私は特に憂慮しております。」
0x0100006500003122,46,196,Sordland/Turn03/Personal_HelicopterEscape,Ewald Alphonso,en,「それは私としても喜ぶような状況ではありません。我々は実に進退きわまった窮地に立たされているのです。」
0x0100006500003128,46,197,Sordland/Turn03/Personal_HelicopterEscape,Player,en,「このような状況に陥ったことは残念でなりません。ガソムの議長として、あなたはこうした困難を事前に予見すべきだった。」
0x010000650000312E,46,198,Sordland/Turn03/Personal_HelicopterEscape,Player,en,「あなたはガソムの会長だ。我々の主権を危険にさらすことなく、会社を救う方法を見つけることはできないのか？」
0x0100006500003134,46,199,Sordland/Turn03/Personal_HelicopterEscape,Ewald Alphonso,en,「ええ、状況は理想的とは程遠いです。しかしご安心ください、与えられた状況の中で最善を尽くしました。」
0x0100006500003140,46,200,Sordland/Turn03/Personal_HelicopterEscape,Player,en,「この話し合いはソードランドの利益を図るどころか、外国の投資家を取り込むことだけを中心に回っているようだ。我々は自国の国民よりも資本家の利益を優先すべきではない。」
0x0100006500003146,46,201,Sordland/Turn03/Personal_HelicopterEscape,Ewald Alphonso,en,「資本とは道具に過ぎない。適切に活用すれば、繁栄をもたらし雇用も創出できるのだ。」
0x0100006500003959,46,204,Sordland/Turn03/Personal_HelicopterEscape,Ewald Alphonso,en,「私としては、ソードランドが自国のガス会社への投資をためらっていることが、弱さの表れと見なされるのではないかと懸念しています。」
0x0100006500003962,46,205,Sordland/Turn03/Personal_HelicopterEscape,Player,en,「我々の力というものは、どれだけ投資するかではなく、持つ資源をいかに賢明に活用するかで測られるのだ。」
0x0100006500003968,46,206,Sordland/Turn03/Personal_HelicopterEscape,Player,en,「我々は、金銭によって買収されたり影響を受けたりすることはないと示しているのだ。」
0x010000650000396E,46,207,Sordland/Turn03/Personal_HelicopterEscape,Player,en,「強さとは、あらゆる機会を追い求める衝動に抵抗することも意味する。」
0x0100006500003977,46,208,Sordland/Turn03/Personal_HelicopterEscape,Ewald Alphonso,en,「大統領、なんとも賢明なお言葉ですが、もしそれを本当に信じていらしたなら、すでに投資なさっていたはずです。」
0x010000650000397D,46,209,Sordland/Turn03/Personal_HelicopterEscape,Ewald Alphonso,en,「堅固な姿勢ですね。しかし、金銭は道具に過ぎず、我々の運命を形作るために利用され得ることも忘れてはなりません。」
0x0100006500003983,46,210,Sordland/Turn03/Personal_HelicopterEscape,Ewald Alphonso,en,「そうかもしれません。この方法がどのような結果をもたらすか、見てみましょう。」
0x010000650000398C,46,211,Sordland/Turn03/Personal_HelicopterEscape,Ewald Alphonso,en,「大統領、貴政府によるガソムへの大幅な投資は間違いなく我が国の経済を前進させ、世界市場における我々の立場をより強固なものにしてくれるでしょう。」
0x0100006500003992,46,212,Sordland/Turn03/Personal_HelicopterEscape,Player,en,「その通りだ。我々は将来の発展のためにしっかりとした基盤を築いているのだ。」
0x0100006500003998,46,213,Sordland/Turn03/Personal_HelicopterEscape,Player,en,「これこそが、ソードランドをエネルギー分野の世界的リーダーにするためのチャンスだ。」
0x010000650000399E,46,214,Sordland/Turn03/Personal_HelicopterEscape,Player,en,「我々はソードランドがビジネスに積極的であることを世界に示しているのだ。」
0x01000065000039A4,46,215,Sordland/Turn03/Personal_HelicopterEscape,Ewald Alphonso,en,「確かに、{BaseGameText.AlphonsoToPlayer}。これは我々の歴史に良い影響を残す措置でしょう。」
0x01000065000039AA,46,216,Sordland/Turn03/Personal_HelicopterEscape,Ewald Alphonso,en,「もちろんです。我々は単なる投資を行っているのではなく、明確なメッセージを発しているのです。」
0x01000065000039B0,46,217,Sordland/Turn03/Personal_HelicopterEscape,Ewald Alphonso,en,「その通りです、{BaseGameText.AlphonsoToPlayer}。それは強力なメッセージであり、世界中の人々が確実に注目しています。」
0x01000065000039BF,46,218,Sordland/Turn03/Personal_HelicopterEscape,Ewald Alphonso,en,「リジアと共同で投資を行う際であっても、自律性を保つことが重要だという点には、大統領もご同意いただけるはずです。」
0x01000065000039C5,46,219,Sordland/Turn03/Personal_HelicopterEscape,Player,en,「同感だ。我々の主権が損なわれないようにしなければならない。」
0x01000065000039CB,46,220,Sordland/Turn03/Personal_HelicopterEscape,Player,en,「私はこれを、リジア王国と共に学び、互いに成長していくための好機だと考えている。」
0x01000065000039D1,46,221,Sordland/Turn03/Personal_HelicopterEscape,Player,en,「我々の協力は、より大きくて優れた機会へと進むための単なる足がかりに過ぎない。」
0x01000065000039D7,46,222,Sordland/Turn03/Personal_HelicopterEscape,Ewald Alphonso,en,「その通りです、{BaseGameText.AlphonsoToPlayer}。より強固な同盟を築く過程においても、統制を維持することは極めて重要です。」
0x01000065000039DD,46,223,Sordland/Turn03/Personal_HelicopterEscape,Ewald Alphonso,en,「確かに、この協力関係を通じて互いに多くのことを学ぶことができるでしょう。」
0x01000065000039E3,46,224,Sordland/Turn03/Personal_HelicopterEscape,Ewald Alphonso,en,「大統領、私もあなたの楽観視に同感です。発展の可能性は実に興味深いものがあります。」
0x01000065000039F2,46,225,Sordland/Turn03/Personal_HelicopterEscape,Ewald Alphonso,en,「私は、我が国の労働者たちに対して私的な住宅や医療、教育面での支援を行うための施策を検討している。」
0x01000065000039F8,46,226,Sordland/Turn03/Personal_HelicopterEscape,Ewald Alphonso,en,「彼らが競争力のある報酬を受け取っていることを確実にしなければなりません。」
0x01000065000039FE,46,227,Sordland/Turn03/Personal_HelicopterEscape,Ewald Alphonso,en,「私はナルベルの地元慈善団体を支援することを検討している。」
0x0100006500003A07,46,228,Sordland/Turn03/Personal_HelicopterEscape,Ewald Alphonso,en,「我々の会社は、現在持っている手段を最大限に活用して最善を尽くします。」
0x0100006500003A0E,46,229,Sordland/Turn03/Personal_HelicopterEscape,Player,en,「このような方向で考えてくださって嬉しい。ただ、単なる検討以上の行動を期待している。」
0x0100006500003A17,46,230,Sordland/Turn03/Personal_HelicopterEscape,Ewald Alphonso,en,「ありがとうございます。私も同様に思います。」
0x0100006500003A1D,46,231,Sordland/Turn03/Personal_HelicopterEscape,Ewald Alphonso,en,「私も同感です。そろそろこれらの構想を具体的な行動に移す時が来ました。」
0x0100006500003A23,46,232,Sordland/Turn03/Personal_HelicopterEscape,Ewald Alphonso,en,「まったくその通りです。重要なのは、これらの計画を現実のものにすることです。」
0x0100006500003A2C,46,233,Sordland/Turn03/Personal_HelicopterEscape,Player,en,「それは正しい方向への一歩だ。公正な賃金は労働者の満足度にとって不可欠なものだ。」
0x0100006500003A32,46,234,Sordland/Turn03/Personal_HelicopterEscape,Player,en,「それを聞いて安心した。もしこの見直しが単なる形式的な措置に過ぎないのでなければだが。」
0x0100006500003A38,46,235,Sordland/Turn03/Personal_HelicopterEscape,Player,en,「それはずいぶん遅すぎた。彼らの給与に実質的な改善が見られることを願っている。」
0x0100006500003A3E,46,236,Sordland/Turn03/Personal_HelicopterEscape,Ewald Alphonso,en,「私も同感です。満足した労働力こそが生産性の高い労働力なのです。」
0x0100006500003A44,46,237,Sordland/Turn03/Personal_HelicopterEscape,Ewald Alphonso,en,「大統領、ご安心ください。これは単なる見せかけの措置ではありません。我々は実際的な変革を実現することに全力を尽くしております。」
0x0100006500003A4A,46,238,Sordland/Turn03/Personal_HelicopterEscape,Ewald Alphonso,en,「ご懸念の点は理解しております。我々はこの見直しを、労働者の皆さんにとって有益なものにするよう尽力いたします。」
0x0100006500003A56,46,239,Sordland/Turn03/Personal_HelicopterEscape,Player,en,「それは良い方向性だ。ガソムが企業の責任において先頭に立つ姿を見たいものだ。」
0x0100006500003A5C,46,240,Sordland/Turn03/Personal_HelicopterEscape,Player,en,「良い考えだ。しかし忘れてはならない、持続可能性とは単なる慈善活動以上のものだということを。」
0x0100006500003A62,46,241,Sordland/Turn03/Personal_HelicopterEscape,Player,en,「もう時が来ている。このような検討が実質的な変化につながることを期待している。」
0x0100006500003A68,46,242,Sordland/Turn03/Personal_HelicopterEscape,Ewald Alphonso,en,「ありがとうございます。他のソードランド企業に良い手本を示せるよう努めます。」
0x0100006500003A6E,46,243,Sordland/Turn03/Personal_HelicopterEscape,Ewald Alphonso,en,「もちろんです。我々は単なる慈善活動にとどまらず、より包括的なアプローチを検討しています。」
0x0100006500003A74,46,244,Sordland/Turn03/Personal_HelicopterEscape,Ewald Alphonso,en,「もちろんです、{BaseGameText.AlphonsoToPlayer}。必ずそう致します。」
0x0100006500003A80,46,245,Sordland/Turn03/Personal_HelicopterEscape,Player,en,「ガソムの経済的貢献に対するご配慮に感謝するが、労働者や地域住民の福祉を見過ごしてはならないのが極めて重要だ。」
0x0100006500003A86,46,246,Sordland/Turn03/Personal_HelicopterEscape,Player,en,「アルフォンソ、それは狭い考え方だ。ガソムが発展すれば、その社会的責任も同時に拡大すべきなのだ。」
0x0100006500003A8C,46,247,Sordland/Turn03/Personal_HelicopterEscape,Player,en,「現状を維持するだけでは不十分だ。ガソムは問題の原因となっていてはならず、解決策の一環でなければならない。」
0x0100006500003A92,46,248,Sordland/Turn03/Personal_HelicopterEscape,Ewald Alphonso,en,「我々は常に事業の発展と社会的責任のバランスを図るよう努めております。それがガソム流です。」
0x0100006500003A98,46,249,Sordland/Turn03/Personal_HelicopterEscape,Ewald Alphonso,en,「もっともです。今後は優先事項を見直す必要があります。」
0x0100006500003A9E,46,250,Sordland/Turn03/Personal_HelicopterEscape,Ewald Alphonso,en,「{BaseGameText.AlphonsoToPlayer}さんのご意見に感謝します。今後の計画を立てる際に、そのお考えを十分に踏まえていきます。」
0x0100006500003AB0,46,251,Sordland/Turn03/Personal_HelicopterEscape,Narrator,en,彼は窓の外を見てあくびをした。
0x0100006500003AB6,46,252,Sordland/Turn03/Personal_HelicopterEscape,Narrator,en,アルフォンソはメモ帳に何かを書き留め、それをヘリコプター内の部下の一人に渡した。
0x0100006500003AC8,46,253,Sordland/Turn03/Personal_HelicopterEscape,Ewald Alphonso,en,「先日の話し合いを受けて、ガソムが我々の労働者や地域社会を支援する上でより大きな役割を果たす方法について考えてきました。」
0x0100006500003AD0,46,254,Sordland/Turn03/Personal_HelicopterEscape,Ewald Alphonso,en,「先ほどの話し合いに基づき、私は労働者たちの給与見直しを推進していくつもりです。」
0x0100006500003AD6,46,255,Sordland/Turn03/Personal_HelicopterEscape,Ewald Alphonso,en,「今日の話し合いを踏まえ、ガソムがどのように持続可能な取り組みを実施し、地域との連携を強化できるかについて考えております。」
0x0100006500003ADC,46,256,Sordland/Turn03/Personal_HelicopterEscape,Ewald Alphonso,en,「ガソムの件については、無理をして力を分散させるよりも、現在の利益水準を維持することに集中すべきです。」
0x0100006500003AE8,46,257,Sordland/Turn03/Personal_HelicopterEscape,Player,en,「ガソムが順調である限り、貴国がどのように資源を配分しようと私は心配していない。」
0x0100006500003AEE,46,258,Sordland/Turn03/Personal_HelicopterEscape,Ewald Alphonso,en,「ガソムの経営をご信頼いただき、感謝しております。」
0x0100006500003AF6,46,259,Sordland/Turn03/Personal_HelicopterEscape,Player,en,「ガソムの従業員たちの財政状況は私が気にすることではない。彼らは働いた分だけ報酬をもらっているのだろう？」
0x0100006500003AFC,46,260,Sordland/Turn03/Personal_HelicopterEscape,Ewald Alphonso,en,「はい、その通りです。当社には国内で最も給与の高いエンジニア職が数多く存在しております。」
0x0100006500003B04,46,261,Sordland/Turn03/Personal_HelicopterEscape,Player,en,「労働者たちが仕事をこなし、ガソムが利益を上げている限り、何も変える必要はないと私は考える。」
0x0100006500003B0A,46,262,Sordland/Turn03/Personal_HelicopterEscape,Ewald Alphonso,en,「私はあなたの現実的な姿勢に感謝しています。しかし、労働者の福祉に投資することで生産性や利益も向上させることができます。」
0x0100006500003B12,46,263,Sordland/Turn03/Personal_HelicopterEscape,Player,en,「あなたの考えは称賛に値するが、私の最優先事項ではない。」
0x0100006500003B18,46,264,Sordland/Turn03/Personal_HelicopterEscape,Ewald Alphonso,en,「承知いたしました。しかし、我々の周囲の地域社会とより密接に関わることで、生産性に良い影響がもたらされると確信しております。」
0x0100006500003B2C,46,265,Sordland/Turn03/Personal_HelicopterEscape,Narrator,en,我々の真下にはリパブリック・アベニューが一直線に伸びており、ヤシの木が並び彫刻で飾られた壮大な大通りだった。この高さからでも、エヴァリア美術館やマルーン劇場、ラハベン歌劇場といったランドマークははっきりと見分けることができた。
0x0100006500003B33,46,266,Sordland/Turn03/Personal_HelicopterEscape,Narrator,en,我々はその時、ラハベン上空を旋回していた。眼下には街全体が見渡せ、活気は賑やかな港周辺に集中していた。
0x0100006500003B4A,46,267,Sordland/Turn03/Personal_HelicopterEscape,Ewald Alphonso,en,「着陸する前にもう一つ。あなたの政権がエネルギー保護法を改正しようとしているという噂を耳にしています。」
0x0100006500003B50,46,268,Sordland/Turn03/Personal_HelicopterEscape,Ewald Alphonso,en,「私が在任中にその法律の廃止に苦労したこと、そしてその努力が無駄に終わったことをお忘れではないでしょう。1932年のエネルギー保護法は依然として有効であり、ソードランドにおける外資によるエネルギー会社所有への制限も引き続き存続しています。」
0x0100006500003B57,46,269,Sordland/Turn03/Personal_HelicopterEscape,Ewald Alphonso,en,「投票の結果、廃止に反対する票は179票、賛成票は71票でした。今日に至るまで変わらず現状が維持されているのです。」
0x0100006500003B5E,46,270,Sordland/Turn03/Personal_HelicopterEscape,Player,en,「あなたがその動議を提案した理由は理解できる。しかし、誰よりもあなたこそ、ソードランドの極めて重要なエネルギー部門を守ることの重要性を理解すべきだ。」
0x0100006500003B64,46,271,Sordland/Turn03/Personal_HelicopterEscape,Player,en,「廃止案の敗北は、経済を自由化しようとする我々の計画にとって大きな障害となった。次回の大国民議会で戦略を練り、引き続き推進していかなければならない。」
0x0100006500003B6A,46,272,Sordland/Turn03/Personal_HelicopterEscape,Player,en,「廃止案が否決されて安心した。エネルギー分野を外国の支配下に置くべきではない。我々はソードランドの主権を最優先しなければならない。」
0x0100006500003B70,46,273,Sordland/Turn03/Personal_HelicopterEscape,Player,en,「このような政治情勢では反廃止案が敗れても不思議ではない。私は他の分野に力を注ぎたいと思う。」
0x0100006500003B76,46,274,Sordland/Turn03/Personal_HelicopterEscape,Ewald Alphonso,en,「もちろん理解しております。しかし、適切な規模の外国投資が我々のエネルギー分野と経済全体を活性化させることも理解しています。」
0x0100006500003B7D,46,275,Sordland/Turn03/Personal_HelicopterEscape,Ewald Alphonso,en,「私も同感です。多数派の支持を得るには別の手法が必要であることは明らかです。」
0x0100006500003B84,46,276,Sordland/Turn03/Personal_HelicopterEscape,Ewald Alphonso,en,「私は依然として、その廃止案が必要不可欠な外国からの投資を呼び込んだはずだと考えています。」
0x0100006500003B8B,46,277,Sordland/Turn03/Personal_HelicopterEscape,Ewald Alphonso,en,「我々は現実的になり、戦うべき戦いを選ばなければならない。これこそが戦わねばならない戦いだ。」
0x0100006500003B9B,46,278,Sordland/Turn03/Personal_HelicopterEscape,Ewald Alphonso,en,「ところで、あなたの投資決定がもたらす影響について、まだ熟考しているところです。」
0x0100006500004217,46,280,Sordland/Turn03/Personal_HelicopterEscape,Narrator,en,私は船で溢れる港や市中心部の特徴的な建物々を見渡した。そこのレスピア風の建築様式が、その街並みにソードランドの他のどこにもない独特の趣を与えていた。
0x0100006500004225,46,281,Sordland/Turn03/Personal_HelicopterEscape,Ewald Alphonso,en,「そのような状況下では、エネルギー保護法に基づき外国所有比率の上限を49％まで引き上げることで、相当な規模の海外投資が呼び込めると考えます。」
0x010000650000422D,46,282,Sordland/Turn03/Personal_HelicopterEscape,Ewald Alphonso,en,「しかし、適切な規制体系があれば、海外投資の恩恵も受けつつ、両方を実現することができます。」
0x0100006500004234,46,283,Sordland/Turn03/Personal_HelicopterEscape,Ewald Alphonso,en,「我々の基盤は堅固で、潜在力に限りはありません。」
0x010000650000423D,46,284,Sordland/Turn03/Personal_HelicopterEscape,Player,en,「私も同感だ、アルフォンソさん。国家の支援があれば、ガソムの未来は明るいものになるだろう。」
0x0100006500004243,46,285,Sordland/Turn03/Personal_HelicopterEscape,Player,en,「まだ私を納得させることはできていない。だが、当面はソードランドの投資を信頼の表れと考えてくれ。」
0x0100006500004249,46,286,Sordland/Turn03/Personal_HelicopterEscape,Player,en,「ガソムの将来は確かに明るいものと思われるが、EPAに関する決定は非常に複雑な問題だ。」
0x0100006500004252,46,287,Sordland/Turn03/Personal_HelicopterEscape,Player,en,「私にはそうは思えない、アルフォンソさん。ガソムに過度に依存したり、外部の影響を過剰に受け入れたりしてはならない。」
0x0100006500004259,46,288,Sordland/Turn03/Personal_HelicopterEscape,Ewald Alphonso,en,「大統領、ご懸念の点は理解しております。確かに状況は非常に複雑です。」
0x0100006500004260,46,289,Sordland/Turn03/Personal_HelicopterEscape,Ewald Alphonso,en,「もちろんです、大統領。必要なだけ時間をいただきましょう。」
0x0100006500004267,46,290,Sordland/Turn03/Personal_HelicopterEscape,Ewald Alphonso,en,「もちろんです、{BaseGameText.AlphonsoToPlayer}。私がそう致します。」
0x010000650000426E,46,291,Sordland/Turn03/Personal_HelicopterEscape,Ewald Alphonso,en,「{BaseGameText.AlphonsoToPlayer}の楽観的な姿勢に感謝いたします。」
0x0100006500004275,46,292,Sordland/Turn03/Personal_HelicopterEscape,Narrator,en,突然、無線を通じてパイロットが着陸すると告げたことで、元大統領の注意は別の方向に向けられた。
0x010000650000427B,46,293,Sordland/Turn03/Personal_HelicopterEscape,Ewald Alphonso,en,「それでは、{BaseGameText.AlphonsoToPlayer}。どうかそのまま座ったままでいてください。このような着陸は揺れが激しくなることがあります。」
0x01000065000042AC,46,294,Sordland/Turn03/Personal_HelicopterEscape,Serge Wolkner,en,「アルフォンソ先生、ヘリコプターを提供してくださり改めて感謝いたします。」
0x01000065000042B2,46,295,Sordland/Turn03/Personal_HelicopterEscape,Ewald Alphonso,en,「ヴォルクナーさん、ご一緒していただき感謝します。」
0x01000065000042C0,46,296,Sordland/Turn03/Personal_HelicopterEscape,Narrator,en,整備士たちと大統領警護隊は、セルジュと私が降機するのを見て急いで着陸場所を確保した。振り返ると、ヘリコプターの中にいるアルフォンソの姿が最後に見えた。
0x01000065000042C6,46,297,Sordland/Turn03/Personal_HelicopterEscape,Narrator,en,突然の風と音と共にヘリコプターが離陸し、ラハベンの中心部にあるガソム本部へ向かって飛んでいった。
0x01000065000042CD,46,298,Sordland/Turn03/Personal_HelicopterEscape,Narrator,en,私は、そのヘリコプターがラハベンのスカイラインから放たれる明るい光に飲み込まれながら都市の景色の中へと消えていくのを見ていた。
0x01000065000042DB,46,302,Sordland/Turn03/Personal_HelicopterEscape,Narrator,en,彼はウィンクした。
0x01000065000042E3,46,303,Sordland/Turn03/Personal_HelicopterEscape,Narrator,en,彼は視線をそらした。
0x01000065000042F1,46,307,Sordland/Turn03/Personal_HelicopterEscape,Narrator,en,我々の間で、お互いに理解を示すうなずきが交わされた。
0x01000065000042F9,46,308,Sordland/Turn03/Personal_HelicopterEscape,Player,en,「こんばんは、アルフォンソさん。有意義な議論になった。」
0x01000065000042FF,46,309,Sordland/Turn03/Personal_HelicopterEscape,Player,en,「アルフォンソさん、話せて良かっただ。」
0x010000650000430B,46,310,Sordland/Turn03/Personal_HelicopterEscape,Player,en,「アルフォンソ様、お会いできて光栄だった。さようならだ。」
0x0100006500004324,46,317,Sordland/Turn03/Personal_HelicopterEscape,Ewald Alphonso,en,「刺激的な議論をしていただき、ありがとうございます、{BaseGameText.AlphonsoToPlayer}。私はソードランドの将来と、私が大統領在任中に始めた仕事が引き続き進展することに大きな期待を寄せています。」
0x010000650000432B,46,318,Sordland/Turn03/Personal_HelicopterEscape,Ewald Alphonso,en,「大統領、お時間をいただきありがとうございます。今回の話し合いが何らかの示唆を与えられたことを願っております。」
0x0100006500004332,46,319,Sordland/Turn03/Personal_HelicopterEscape,Ewald Alphonso,en,「大統領、これらの問題についてお話しできて光栄でした。」
0x0100006500004345,46,320,Sordland/Turn03/Personal_HelicopterEscape,Ewald Alphonso,en,「私は困難な時期を乗り越えてガソムを導き、ソードランドの歴史における極めて重要な段階を切り抜けてきたのだ。自分の築いたものが崩壊するのを見過ごすつもりはない。その重大さはお分かりでしょう。」
0x010000650000434B,46,321,Sordland/Turn03/Personal_HelicopterEscape,Ewald Alphonso,en,「自分の遺産を守りつつ国を運営するのは容易なことではありません。大統領、我々の話し合いを心に留め、ソードランドを未来へと導いてくださるものと信じています。」
0x0100006500004354,46,322,Sordland/Turn03/Personal_HelicopterEscape,Ewald Alphonso,en,「ソードランドとガソムの繁栄し続ける未来、そして我々が残す遺産のために。」
0x010000650000435A,46,323,Sordland/Turn03/Personal_HelicopterEscape,Ewald Alphonso,en,「私の決断が我が国の将来をどのように形作っていくか、楽しみにしております。現状に逆らって戦ってはいますが、流れを変えることができると信じています。」
0x0100006500004360,46,324,Sordland/Turn03/Personal_HelicopterEscape,Ewald Alphonso,en,「また連絡を取り合いましょう。」
0x010000650000436C,46,325,Sordland/Turn03/Personal_HelicopterEscape,Player,en,「全く揺れないね。この輸送のおかげで助かる。」
0x0100006500004379,46,326,Sordland/Turn03/Personal_HelicopterEscape,Ewald Alphonso,en,「彼らの15パーセントという出資比率は妥当なものです。しかしEPAが撤廃されれば、さらに大規模な海外投資を呼び込むことができると私は考えています。もしルンブルクまで加わったら、その可能性は計り知れないでしょう。」
0x0100006500004381,46,327,Sordland/Turn03/Personal_HelicopterEscape,Ewald Alphonso,en,「リジアはごく少数の株式しか持っておらず、ガソムについては依然として我々が支配権を握っていることを忘れてはなりません。」
0x0100006500004387,46,328,Sordland/Turn03/Personal_HelicopterEscape,Ewald Alphonso,en,「ビジネスにおいてはある程度のリスクは避けられません。適切な対策を講じれば、こうしたリスクを軽減することができます。」
0x0100006500004399,46,329,Sordland/Turn03/Personal_HelicopterEscape,Player,en,「あなたの自信には安心感を覚える。だが、どうすればルンブルクが時が経つにつれてさらなる影響力を握ろうとしないよう確実にできるのだろうか？」
0x010000650000439F,46,330,Sordland/Turn03/Personal_HelicopterEscape,Player,en,「私もあなたの見解に同意する。ただ、反発が起こる可能性を懸念している。ルンブルクが我々のエネルギー分野の株式を買収するという見通しは、一般国民に受け入れられないかもしれない。」
0x01000065000043A5,46,331,Sordland/Turn03/Personal_HelicopterEscape,Player,en,「私は依然として、外国の企業に我が国のエネルギー分野での持分を許すことがもたらす影響を懸念している。主権を損なうことなく経済を活性化させる方法はないのだろうか？」
0x01000065000043AB,46,332,Sordland/Turn03/Personal_HelicopterEscape,Player,en,「エネルギー保護法の改正は、我が国の将来に長期的な影響をもたらすだろう。私はヘリコプターの中ですぐには決断できない。」
0x01000065000043BB,46,333,Sordland/Turn03/Personal_HelicopterEscape,Ewald Alphonso,en,「時間に余裕を持ってご判断ください、{BaseGameText.AlphonsoToPlayer}。これは軽率に決めてしまうような問題ではありません。」
0x01000065000043C1,46,334,Sordland/Turn03/Personal_HelicopterEscape,Ewald Alphonso,en,「以前にも申し上げましたが、これは適切なバランスを見出す問題です。」
0x01000065000043C7,46,335,Sordland/Turn03/Personal_HelicopterEscape,Ewald Alphonso,en,「大統領、世論は非常に重要な要素です。しかし私の経験上、人々は最初は変化に抵抗するものです。」
0x01000065000043CD,46,336,Sordland/Turn03/Personal_HelicopterEscape,Ewald Alphonso,en,「それは我々が対処しなければならないリスクです。定期的な検討と厳格な規制によって、彼らの影響力を抑えることができます。」
0x01000065000043DB,46,337,Sordland/Turn03/Personal_HelicopterEscape,Ewald Alphonso,en,「経済的な利益を目の当たりにすれば、彼らも通常は考えを変えます。我々は透明性を持って行動し、自分たちの意図を明確に伝えなければなりません。」
0x01000065000043E1,46,338,Sordland/Turn03/Personal_HelicopterEscape,Ewald Alphonso,en,「外国からの投資は我が国の経済を活性化させることができ、我が国の利益が守られている限り、それは冒す価値のあるリスクだと私は考えます。」
0x01000065000043E7,46,339,Sordland/Turn03/Personal_HelicopterEscape,Ewald Alphonso,en,「我が国のために正しい判断を下すことについて、あなたの判断力を信頼しています。」
0x01000065000043F0,46,340,Sordland/Turn03/Personal_HelicopterEscape,Ewald Alphonso,en,「リジアの20パーセントに及ぶ投資によってしばらくは持ちこたえられるでしょうが、それだけでは不十分です。EPAの規制がさらに厳格化されればガソムにとって壊滅的な結果を招き、場合によっては破産に至るかもしれません。」
0x01000065000043F7,46,341,Sordland/Turn03/Personal_HelicopterEscape,Ewald Alphonso,en,「今問われているのは、どうやって前進していくかということです。それは我々が共に解決しなければならない課題です。」
0x01000065000043FD,46,342,Sordland/Turn03/Personal_HelicopterEscape,Ewald Alphonso,en,「我々は官民連携や新規市場の開拓といった別の方法も検討できますが、これらにもそれぞれリスクや不確実性が伴います。」
0x0100006500004403,46,343,Sordland/Turn03/Personal_HelicopterEscape,Ewald Alphonso,en,「我々の課題はそれを制御することであり、逆に我々がそれに支配されるようにしてはならないのです。」
0x010000650000440C,46,344,Sordland/Turn03/Personal_HelicopterEscape,Ewald Alphonso,en,「これらすべてを避けることができたはずだと知っていると、受け入れがたい現実です。」
0x0100006500004415,46,345,Sordland/Turn03/Personal_HelicopterEscape,Player,en,「我々の資源には限りがある。優先順位を定めなければならず、時には厳しい決断も下さなければならない。」
0x010000650000441B,46,346,Sordland/Turn03/Personal_HelicopterEscape,Player,en,「エネルギー分野の安全確保がいかに重要かを忘れてはならない。ルンブルクが大きな影響力を持つようになるという考えは憂慮すべきものだ。」
0x0100006500004421,46,347,Sordland/Turn03/Personal_HelicopterEscape,Ewald Alphonso,en,「大統領、私はご苦労の状況をよく理解しております。」
0x0100006500004427,46,348,Sordland/Turn03/Personal_HelicopterEscape,Ewald Alphonso,en,「大統領、私もルンブルクが大きな影響力を持つことへの懸念は同感です。」
0x010000650000442D,46,349,Sordland/Turn03/Personal_HelicopterEscape,Player,en,「私もあなたの立場には同情するが、現実としては厳しい選択を迫られたのだ。」
0x0100006500004433,46,350,Sordland/Turn03/Personal_HelicopterEscape,Ewald Alphonso,en,「大統領、あなたの判断を信頼してよいものか、私にはわかりません。」
0x0100006500004439,46,351,Sordland/Turn03/Personal_HelicopterEscape,Ewald Alphonso,en,「私は、この状況を乗り越えて、ガソムやソードランドの安全が危うくならないような解決策を見出せることを願っています。」
0x010000650000443F,46,352,Sordland/Turn03/Personal_HelicopterEscape,Ewald Alphonso,en,「しかし、慎重に検討すれば、前進する道を見出せると私は考えています。」
0x0100006500004445,46,353,Sordland/Turn03/Personal_HelicopterEscape,Ewald Alphonso,en,「私は、ソードランドの利益を損なうことなくガソムの存続を守れる解決策が見つかることを願っているだけです。」
0x0100006500004457,46,354,Sordland/Turn03/Personal_HelicopterEscape,Ewald Alphonso,en,「一方で、その規制を過度に緩和すれば、ルンブルクのような外国勢力がガソムの過半数株式を取得することにもつながります。」
0x010000650000445E,46,355,Sordland/Turn03/Personal_HelicopterEscape,Player,en,「アルフォンソさん、状況の深刻さは私も理解している。しかし、我々の主権を危険にさらすような軽率な決断をしてはならない。」
0x0100006500004464,46,356,Sordland/Turn03/Personal_HelicopterEscape,Ewald Alphonso,en,「確かに、大統領。性急な判断を下して主権を危険にさらしてはなりません。」
0x010000650000446A,46,357,Sordland/Turn03/Personal_HelicopterEscape,Ewald Alphonso,en,「これは極めて微妙な状況であり、今我々が下す決断は我が国の将来に長期的な影響をもたらすことになるでしょう。」
0x0100006500004474,46,358,Sordland/Turn03/Personal_HelicopterEscape,Ewald Alphonso,en,「少なくとも、外国投資の上限を49％に引き上げることを検討していただきたい。完璧な解決策とは言えないかもしれませんが、ガソムが必要とする命綱となるでしょう。」
0x010000650000447E,46,359,Sordland/Turn03/Personal_HelicopterEscape,Ewald Alphonso,en,「昔の恩義を思って、我々一同で力を合わせ、ガソムが我々の決定によって被害を受けないようにしましょう。」
0x0100006500004485,46,360,Sordland/Turn03/Personal_HelicopterEscape,Player,en,「これは我々の主権を過度に損なうことなくガソムを救える妥協案だ。検討してみよう。」
0x010000650000448B,46,361,Sordland/Turn03/Personal_HelicopterEscape,Player,en,「EPAの法律をさらに厳格化することは、ガソムに困難をもたらすかもしれないが、我々の将来のためには必要な措置かもしれない。」
0x0100006500004491,46,362,Sordland/Turn03/Personal_HelicopterEscape,Player,en,「それは私の決定ではない、アルフォンソさん。あなたの決定だ。」
0x010000520001C157,46,363,Sordland/Turn03/Personal_HelicopterEscape,Narrator,en,我々が広大なナルギスの上空を飛行している間、ヘリコプターのエンジンから発する低いうなり声が機内に響き渡っていた。
0x010000520001C15E,46,364,Sordland/Turn03/Personal_HelicopterEscape,Ewald Alphonso,en,「共に怒れる群衆から逃れることができましたので、私はあなたのことをアントンと呼んでもよろしいでしょうか？」
0x010000520001C164,46,365,Sordland/Turn03/Personal_HelicopterEscape,Player,en,「もちろんだ、エヴァルト。そんなことを聞く必要はない。」
0x010000520001C16B,46,366,Sordland/Turn03/Personal_HelicopterEscape,Player,en,「もしよろしければ、業務上の範囲に留めておきたいと思う。」
0x010000520001C17F,46,368,Sordland/Turn03/Personal_HelicopterEscape,Ewald Alphonso,en,「もちろんです。無礼をお許しください。」
0x010000520001C18F,46,372,Sordland/Turn03/Personal_HelicopterEscape,Player,en,「完璧とは言えないかもしれないが、ここを自分の故郷と呼べることを誇りに思う。」
0x010000520001C196,46,373,Sordland/Turn03/Personal_HelicopterEscape,Serge Wolkner,en,「大統領、ここで育ったのはきっと素晴らしい経験だったに違いありません。毎日何か新しいことが起こっていたのですから。」
0x010000520001C1D9,46,374,Sordland/Turn03/Personal_HelicopterEscape,Ewald Alphonso,en,「もしルンブルクが介入してきたとしても、彼らもまた少数株主に過ぎず、問題にはならないでしょう。」
0x0100008E00007741,46,394,Sordland/Turn03/Personal_HelicopterEscape,Player,en,「ここの貧富の差が気になる。この地には我々の支援が必要だ。」
0x01000065000044D7,47,3,Sordland/Turn03/Mid Conversation,Ewald Alphonso,en,「もちろんです。過去にとどまるのは簡単ですが、我々が注意を払うべきは現在です。」
0x01000065000044E9,47,4,Sordland/Turn03/Mid Conversation,Ewald Alphonso,en,「ああ、ホルソードの戦いですな。我々の歴史における悲劇的な瞬間でした。私は直接関与していませんでしたが、その壊滅的な影響を目の当たりにしました。」
0x01000065000044EF,47,5,Sordland/Turn03/Mid Conversation,Ewald Alphonso,en,「私は今でも、廃墟と化した都市の光景や絶望する人々の姿を思い出すことができます。それは戦争がもたらす代償を痛烈に思い起こさせるものでした。」
0x01000065000044F5,47,6,Sordland/Turn03/Mid Conversation,Ewald Alphonso,en,「大裏切り……それは君主主義者だけでなく、全ての人々にとっても暗い時代でした。街全体が恐怖と疑念に覆われていたのです。」
0x0100006500004501,47,7,Sordland/Turn03/Mid Conversation,Ewald Alphonso,en,「しかし我々は前進し続けました。混乱があったにもかかわらず、首都再建の作業を中断することはできなかったのです。」
0x0100006500004507,47,8,Sordland/Turn03/Mid Conversation,Ewald Alphonso,en,「そう言われてはいますが、私の考えでは彼らの欠点の方が長所を上回っていました。」
0x010000650000450D,47,9,Sordland/Turn03/Mid Conversation,Ewald Alphonso,en,「例えば国民教育隊は秩序を確立し、人々の回復に役立ちましたが、その洗脳手法には問題がありました。」
0x0100006500004513,47,10,Sordland/Turn03/Mid Conversation,Ewald Alphonso,en,「ソロノミクスについて言えば、確かに経済の安定に役立ったが、権力の過度な中央集権化を招く結果ともなった。」
0x0100006500004519,47,11,Sordland/Turn03/Mid Conversation,Ewald Alphonso,en,「それは容易なことではありませんでした。USPには固有のやり方があり、多くの党員が私の改革を脅威だと見なしていたのです。」
0x010000650000451F,47,12,Sordland/Turn03/Mid Conversation,Ewald Alphonso,en,「私は自分が行っていることを信じ、粘り強く取り組みました。やがて、制度を改革するのに必要な数の支持者を得ることができたのです。」
0x0100006500004525,47,13,Sordland/Turn03/Mid Conversation,Ewald Alphonso,en,「指導者の座を勝ち取ったことは、ソードランドが切実に必要としている改革を実施するための重要な一歩でした。」
0x010000650000452B,47,14,Sordland/Turn03/Mid Conversation,Ewald Alphonso,en,「しかし、私が政権を引き継いだ時の国の状況を忘れてはなりません。我々は停滞しており、変革が必要でした。」
0x0100006500004531,47,15,Sordland/Turn03/Mid Conversation,Ewald Alphonso,en,「残念ながら、経済改革にはしばしば予期せぬ副作用が生じます。」
0x0100006500004537,47,16,Sordland/Turn03/Mid Conversation,Ewald Alphonso,en,「大統領、ありがとうございます。私は自分の専門知識を活かして党と国の利益につなげるよう最善を尽くしました。」
0x010000650000453D,47,17,Sordland/Turn03/Mid Conversation,Ewald Alphonso,en,「ええ、それは私が悔やんでいる点です。」
0x0100006500004543,47,18,Sordland/Turn03/Mid Conversation,Ewald Alphonso,en,「新鮮な海風と街の活気……いつも心を躍らせてくれます。政策の邪魔をしようとする古臭く窮屈な官僚どものことなど忘れさせてくれるのです。」
0x0100006500004549,47,19,Sordland/Turn03/Mid Conversation,Player,en,「少し皮肉だね。官僚たちからは逃れたが、ソードランドの世界貿易や外国勢力への依存度を高めることで、一つの束縛を別の束縛に置き換えただけだ。」
0x010000650000454F,47,20,Sordland/Turn03/Mid Conversation,Player,en,「私もあのように逃げ出せればいいのだが、ホルソードでの責務のことを絶えず考えてしまう。今この瞬間でさえも。」
0x0100006500004555,47,21,Sordland/Turn03/Mid Conversation,Player,en,「私も全く同感だ。もっと頻繁にホルソードを離れるべきだろうね。」
0x0100006500004567,47,22,Sordland/Turn03/Mid Conversation,Ewald Alphonso,en,「私は昔から、ホルソードの政治的圧力から逃れるためにここへ来ていました。」
0x010000650000456D,47,23,Sordland/Turn03/Mid Conversation,Ewald Alphonso,en,「ホルソードには敵わないでしょう？」
0x0100006500004573,47,24,Sordland/Turn03/Mid Conversation,Ewald Alphonso,en,「時々、首都が恋しくなります。アルカシアから新たにやって来て、情熱と数多くのアイディアに満ち溢れていた頃のことを今でも覚えています。」
0x0100006500004579,47,25,Sordland/Turn03/Mid Conversation,Ewald Alphonso,en,「私が40年代に政界入りを決意したのも、まさにそのような思いからでした。国が停滞していることが分かっており、自由市場改革に関する知識を活用してUSP内で支持を集めました。」
0x010000650000457F,47,26,Sordland/Turn03/Mid Conversation,Ewald Alphonso,en,「私は技術者として、ホルソードのエネルギーインフラに力を注いでいました。当時は頻繁に停電が発生し、内戦の影響が至る所に残っていたため、非常に厳しい時期でした。」
0x0100006500004585,47,27,Sordland/Turn03/Mid Conversation,Ewald Alphonso,en,「しかし、ソルとの党首争いに勝利してからも、私の在任期間中は古いUSPの体制を解体し繁栄をもたらすための絶え間ない努力の連続でした。」
0x010000650000458B,47,28,Sordland/Turn03/Mid Conversation,Narrator,en,彼はしばらく物思いにふけっているようだった。その後、再び話を続けた。
0x0100006500004591,47,29,Sordland/Turn03/Mid Conversation,Narrator,en,アルフォンソは一瞬、過去の記憶の中へと戻っていったようだった。風が強く吹き、ヘリコプターが揺れたが、彼は話を続けた。
0x0100006500004597,47,30,Sordland/Turn03/Mid Conversation,Player,en,「アルフォンソさん、あなたの政治家としての経歴はよく知られている。では、現在に焦点を当てようか？」
0x010000650000459D,47,31,Sordland/Turn03/Mid Conversation,Player,en,「自由市場改革は大きな転換点だった。USPの保守派たちがそれをすぐに受け入れるとは思えなかった。」
0x01000065000045A3,47,32,Sordland/Turn03/Mid Conversation,Player,en,「つまり、あなたの経済に関する専門知識がソルに対抗して優位に立つ要因となったわけだね。実に見事な業績だと言わざるを得ない。」
0x01000065000045A9,47,33,Sordland/Turn03/Mid Conversation,Player,en,「ご自身の業績をかなり誇らしく思っているようだね。しかし、その改革が一般民衆に与えた影響はどうだろうか？在任中、貧富の差は広がらなかったのだろうか？」
0x01000065000045AF,47,34,Sordland/Turn03/Mid Conversation,Player,en,「ホルソードの戦いが終わった直後に到着されたのだろうね。」
0x01000065000045B5,47,35,Sordland/Turn03/Mid Conversation,Player,en,「確かにあの時代は混乱に満ちたものだったね。大裏切りもそれほど昔のことではないのだよね？」
0x01000065000045BB,47,36,Sordland/Turn03/Mid Conversation,Player,en,「国民教育隊とソロノミクスもまた、ホルソードの再建において重要な役割を果たしたよね？」
0x01000065000045D7,47,37,Sordland/Turn03/Mid Conversation,Ewald Alphonso,en,「確かにその点は問題です、{BaseGameText.AlphonsoToPlayer}。しかしグローバル化が進む今、完全な孤立は実行可能な戦略ではありません。」
0x01000065000045DD,47,38,Sordland/Turn03/Mid Conversation,Ewald Alphonso,en,「それではいけません、{BaseGameText.AlphonsoToPlayer}。閉ざされた環境の外の生活を知らなければ、適切な政治的判断は下せないのです。」
0x01000065000045E3,47,39,Sordland/Turn03/Mid Conversation,Ewald Alphonso,en,「政治の閉鎖空間の外での生活を経験することは、あなたにとって良い影響を与えています。」
0x01000065000045E9,47,40,Sordland/Turn03/Mid Conversation,Ewald Alphonso,en,「実は、海を見ているとガソムでの若き日の出来事を思い出します。」
0x01000065000045EF,47,41,Sordland/Turn03/Mid Conversation,Ewald Alphonso,en,「私にとっては、それが政治戦略を形作り、より人本主義的で現実に根差したものにしてくれました。」
0x01000065000045F5,47,42,Sordland/Turn03/Mid Conversation,Ewald Alphonso,en,「それは私に、ラハベンのように変化と多様性を受け入れたならばソードランドが持つ可能性、そして我が国がどのような姿になり得るかを思い起こさせました。」
0x0100006500004601,47,43,Sordland/Turn03/Mid Conversation,Ewald Alphonso,en,「シーナの顧客と大きな取引を進めていましたが、輸送中にガスタンカーが故障してしまい、配送が危うくなりました。当時は冬で海の状況も悪かったのです。」
0x0100006500004607,47,44,Sordland/Turn03/Mid Conversation,Ewald Alphonso,en,「我々はガスを目的地に届けるのに2日間しかなく、そうでなければその顧客を失ってしまうところでした。そこで小型貨物船をチャーターして荒れ狂う海を冒し、自ら容器の積み替え作業を監督しました。」
0x010000650000460D,47,45,Sordland/Turn03/Mid Conversation,Player,en,「まさか。その話だけで、ガソムへのご尽力がよく分かる。」
0x0100006500004613,47,46,Sordland/Turn03/Mid Conversation,Player,en,「あなたの話は感心するが、ガソムにはこのような事態に備えた予備計画があるはずではないだろうか？」
0x0100006500004619,47,47,Sordland/Turn03/Mid Conversation,Player,en,「興味深いね。しかし、ガソムではそのような事故があまり頻繁に起こらないことを願っている。」
0x0100006500004625,47,48,Sordland/Turn03/Mid Conversation,Ewald Alphonso,en,「会社全体がそういう風潮です。我々は顧客のためならどんなことでもします。」
0x0100006500004630,47,52,Sordland/Turn03/Mid Conversation,Ewald Alphonso,en,「大統領、ご覧ください。あれがラハベン港の外に広がる世界です。」
0x0100006500004636,47,53,Sordland/Turn03/Mid Conversation,Ewald Alphonso,en,「いいえ、もちろんそうではありません。あの失敗の後、我々はリスク管理と戦略計画を入念に見直しました。」
0x010000650000463C,47,54,Sordland/Turn03/Mid Conversation,Ewald Alphonso,en,「確かにその通りです。我々も痛い教訓を得ました。それ以来、徹底的な予備計画を策定してきました。」
0x0100006500004642,47,55,Sordland/Turn03/Mid Conversation,Ewald Alphonso,en,「心配しないでください、{BaseGameText.AlphonsoToPlayer}。あれから我々は大きく前進しました。」
0x0100006500004648,47,56,Sordland/Turn03/Mid Conversation,Player,en,「つまり、ガソムの成功はあなた個人の働きにかかっていたということか？それでは企業として持続可能な戦略とは言えないね？」
0x0100006500004659,47,60,Sordland/Turn03/Mid Conversation,Ewald Alphonso,en,「最初の国際契約を交渉していた頃のことを覚えています。我々は新しい掘削手法を考案しましたが、それはまだ検証もされておらず、未知のものでした。相手側には多くの代替案がありました。彼らは既存の企業ならどこでも選べたはずですが、ソードランドの会社である我々を選んでくれたのです。」
0x010000650000465F,47,61,Sordland/Turn03/Mid Conversation,Ewald Alphonso,en,「あの取引によってガソムが、ひいてはソードランドも世界の舞台に登場することになった。今や我々はエネルギー分野において無視できない存在となったのだ。」
0x0100006500004665,47,62,Sordland/Turn03/Mid Conversation,Player,en,「ガソムを拒絶するというわけではなく、ソードランドにとって最善のものを判断することだ。輝いて見えるものがすべて金であるわけではないよ、アルフォンソ。」
0x010000650000466B,47,63,Sordland/Turn03/Mid Conversation,Ewald Alphonso,en,「それはそうかもしれません。しかし型を破るのは流れ星だけです。」
0x0100006500004671,47,64,Sordland/Turn03/Mid Conversation,Ewald Alphonso,en,「ガソムで単に取引を断っただけではありません。我々の国が世界市場での影響力を拡大する好機も拒否したのです。」
0x0100006500004677,47,65,Sordland/Turn03/Mid Conversation,Player,en,「彼らはある一つの産業分野に過度に依存しており、長期的に見れば脆弱な状態に陥る可能性がある。」
0x010000650000467D,47,66,Sordland/Turn03/Mid Conversation,Ewald Alphonso,en,「なぜかとお尋ねですか？より大きな報酬のためにリスクを負う覚悟があったからです。」
0x0100006500004683,47,67,Sordland/Turn03/Mid Conversation,Player,en,「アルフォンソ、あなたの見解は尊重する。しかし、すべてのリスクが必ずしも報酬をもたらすわけではない。」
0x0100006500004689,47,68,Sordland/Turn03/Mid Conversation,Player,en,「今や、我々のソードランドに対するビジョンが異なっていることは明らかだ。私は単一の産業や企業に依存するのではなく、多様化されたアプローチを信じている。」
0x010000650000468F,47,69,Sordland/Turn03/Mid Conversation,Player,en,「アルフォンソ、あなたは成功した企業を築き上げたね。しかし国家は企業ではない。リスクは株主ではなく、我々国民が負うものだ。」
0x0100006500004695,47,70,Sordland/Turn03/Mid Conversation,Ewald Alphonso,en,「大統領、その点は理解しております。しかしリスクがなければ革新も進歩もあり得ません。」
0x010000650000469B,47,71,Sordland/Turn03/Mid Conversation,Ewald Alphonso,en,「多様化は賢明だが、エネルギーをはじめとする我々の強みを認識し、それを活用することもまた同様に重要である。」
0x01000065000046A1,47,72,Sordland/Turn03/Mid Conversation,Ewald Alphonso,en,「彼らの大規模な沿岸石油・ガス事業や広範な貿易関係は、逆境に直面しても機会をつかもうとする姿勢が実を結んだ証拠です。」
0x01000065000046A7,47,73,Sordland/Turn03/Mid Conversation,Player,en,「我々の歴史や直面する課題が大きく異なるにもかかわらず、アンラカのモデルを採用すべきだとお考えか？」
0x01000065000046AD,47,74,Sordland/Turn03/Mid Conversation,Ewald Alphonso,en,「それでも、国民の利益のために成功したビジネス戦略を活用することは妨げられないのです。」
0x01000065000046B3,47,75,Sordland/Turn03/Mid Conversation,Ewald Alphonso,en,「アンラカン諸島連邦を見てみなさい。彼らは海洋探査、資源採掘、海軍技術といった強みをうまく活用し、地理的な利点を勝利につなげてきたのです。」
0x01000065000046B9,47,76,Sordland/Turn03/Mid Conversation,Ewald Alphonso,en,「しかし大統領、おそらくあなたはアンラカの戦略に対して同じような賞賛の念を抱いていないのではないでしょうか？」
0x01000065000046BF,47,77,Sordland/Turn03/Mid Conversation,Player,en,「彼らの戦略のうち、どれを我々が採用すべきだとお考えか？」
0x01000065000046C5,47,78,Sordland/Turn03/Mid Conversation,Player,en,「他の産業分野への投資も検討する意欲がおありか、それともエネルギー分野のみに重点を置かれるおつもりだろうか？」
0x01000065000046CB,47,79,Sordland/Turn03/Mid Conversation,Ewald Alphonso,en,「大統領、私はアンラカのモデルをそのまま真似るよう提案しているわけではありません。」
0x01000065000046D1,47,80,Sordland/Turn03/Mid Conversation,Ewald Alphonso,en,「まず第一に、彼らが注力している沿岸での採掘や海軍技術は、我々の長大な海岸線を考えれば我々にとって有益かもしれません。」
0x01000065000046D7,47,81,Sordland/Turn03/Mid Conversation,Ewald Alphonso,en,「私の焦点はエネルギー分野にありますが、他の産業の潜在力を無視しているわけではありません。しかし現時点では、エネルギー分野こそがソードランドの経済成長に最も大きな希望をもたらすと考えています。」
0x01000065000046DD,47,82,Sordland/Turn03/Mid Conversation,Ewald Alphonso,en,「大統領、信頼というものは得られるものです。私がソードランドの発展に尽力していることを示すことで、あなたの信頼を勝ち取りたいと思っています。私の優先事項について言えば、ビジネスも善の力となり得ると考えています。」
0x01000065000046E3,47,83,Sordland/Turn03/Mid Conversation,Player,en,「私の行動は常に、個人的な利益ではなくソードランドの人々への献身によって導かれているのだ。」
0x01000065000046E9,47,84,Sordland/Turn03/Mid Conversation,Ewald Alphonso,en,「私はそうは思いません。彼らのエネルギー分野における多様化と強固な国際貿易網が、そのリスクを軽減するのに役立つでしょう。」
0x01000065000046EF,47,85,Sordland/Turn03/Mid Conversation,Ewald Alphonso,en,「我々は彼らから多くのことを学ぶべきだと言っているだけです。」
0x01000065000046F5,47,86,Sordland/Turn03/Mid Conversation,Ewald Alphonso,en,「また、彼らが強固な国際貿易関係の構築に積極的である点も、我々がぜひ真似すべき点だと思います。」
0x01000065000046FB,47,87,Sordland/Turn03/Mid Conversation,Player,en,「私の利益重視の姿勢が、ソードランドの人々を犠牲にすることにならないかと心配に思うことはあるか？」
0x0100006500004701,47,88,Sordland/Turn03/Mid Conversation,Player,en,「アルフォンソ、あなたの取引はこれまでにも厳しく監視されてきた。エネルギー分野への関心が自己利益のためではないとお約束いただけるか？」
0x0100006500004707,47,89,Sordland/Turn03/Mid Conversation,Player,en,「アルフォンソ、あなたが常に商業を最優先してきたことは周知の事実だ。そんなあなたをどうして私が信頼できるというのか？」
0x010000650000470D,47,90,Sordland/Turn03/Mid Conversation,Player,en,「私が下したすべての決定は、ソードランドとその国民の最善の利益のためのものだった。」
0x0100006500004713,47,91,Sordland/Turn03/Mid Conversation,Ewald Alphonso,en,「もちろん私の動機は自己利益のためです、大統領。私は聖人ではなく実業家です。しかしガソムにとって良いことがソードランドにとっても良いことだと固く信じています。」
0x0100006500004719,47,92,Sordland/Turn03/Mid Conversation,Ewald Alphonso,en,「大統領、私の決定がもたらす影響はよく理解しております。利益に興味がないふりはいたしませんが、繁栄したガソムこそが繁栄したソードランドを意味すると固く信じています。」
0x010000650000471F,47,93,Sordland/Turn03/Mid Conversation,Ewald Alphonso,en,「信頼について話す機会がありますので、大統領、ご自身の決定の多くが論争を招いてきたことをお思い出しいただけませんか。私は自分の行動をどのように正当化されるのですか？」
0x0100006500004725,47,94,Sordland/Turn03/Mid Conversation,Player,en,「アルフォンソさん、私の行動をあなたに説明する必要はない。あなたはソードランドの過去であり、私こそがその未来だ。」
0x010000650000472B,47,95,Sordland/Turn03/Mid Conversation,Narrator,en,ヘリコプターは右側に傾き、再び進路を調整した。キャビン内の緊張が高まっていることを感じ取ったセルジュは、しぶしぶ口を挟んだ。
0x0100006500004731,47,96,Sordland/Turn03/Mid Conversation,Serge Wolkner,en,「大統領、アルフォンソ様、私はただの運転手に過ぎませんが、お二人ともソードランドをより良い未来へと導きたいと願っているように思えます。ただ、そこへ至るための正しい道について意見が異なっているだけです。」
0x0100006500004737,47,97,Sordland/Turn03/Mid Conversation,Player,en,「セルジュ、ありがとう。我々全員が共通の目標を持っていることを思い出させてもらえて良かった。」
0x010000650000473D,47,98,Sordland/Turn03/Mid Conversation,Player,en,「セルジュ、我々がソードランドの人々に対して負う義務こそが、我々の指針であるべきだと思うか？」
0x0100006500004743,47,99,Sordland/Turn03/Mid Conversation,Player,en,「セルジュ、あなたの見解は新鮮だが、少し単純すぎる。政治やビジネスの世界は、車を運転するように単純なものではない。」
0x0100006500004749,47,100,Sordland/Turn03/Mid Conversation,Ewald Alphonso,en,「セルジュ、もし政治の騒ぎに疲れを感じるようなことがあれば、ガソムで君のような信頼できる人物はいつでも必要だ。これは正式なオファーと思ってくれ。」
0x010000650000474F,47,101,Sordland/Turn03/Mid Conversation,Serge Wolkner,en,「アルフォンソ様、そのお申し出は感謝いたします。しかし、大統領であるレイン氏とソードランドのために尽くすことが私の義務であり、それを誇りに思っております。」
0x0100006500004755,47,102,Sordland/Turn03/Mid Conversation,Player,en,「セルジュは自らの職務とソードランドに忠実だ、アルフォンソ。それを尊重すべきだと私は思う。」
0x010000650000475B,47,103,Sordland/Turn03/Mid Conversation,Player,en,「セルジュ、その返事は不要だ。今はそういう場所でも時期でもない。」
0x0100006500004761,47,104,Sordland/Turn03/Mid Conversation,Player,en,「アルフォンソ、飛行中に私のスタッフを引き抜こうとしているわけではないだろうね！」
0x0100006500004767,47,105,Sordland/Turn03/Mid Conversation,Ewald Alphonso,en,「もちろんです、大統領。私に不敬な意図は全くありませんでした。」
0x010000650000476D,47,106,Sordland/Turn03/Mid Conversation,Ewald Alphonso,en,「大統領、ご理解いただき感謝します。あれは単なる提案に過ぎませんでした。」
0x0100006500004773,47,107,Sordland/Turn03/Mid Conversation,Ewald Alphonso,en,「大統領、申し訳ありません。無礼を働くつもりはございませんでした。」
0x0100006500004779,47,108,Sordland/Turn03/Mid Conversation,Ewald Alphonso,en,「大統領、これは単なる親切な申し出に過ぎません、それ以上の意味はありません。」
0x010000650000477F,47,109,Sordland/Turn03/Mid Conversation,Player,en,「アルフォンソ、セルジュの能力を高く評価していただき光栄だ。しかし私の方が彼をより必要としている。」
0x0100006500004785,47,110,Sordland/Turn03/Mid Conversation,Player,en,「セルジュ、あなたの考えでは、企業の利益と公共への奉仕への献身を両立させることは可能だろうか？」
0x010000650000478B,47,111,Sordland/Turn03/Mid Conversation,Serge Wolkner,en,「大統領、そんなにお優しいお言葉をいただき、誠に光栄です。私は奉仕するためだけにここにいます。」
0x0100006500004791,47,112,Sordland/Turn03/Mid Conversation,Serge Wolkner,en,「私も同様に思います、大統領。それこそが私にとっての奉仕というものです。」
0x0100006500004797,47,113,Sordland/Turn03/Mid Conversation,Serge Wolkner,en,「大統領、私は商売についてあまり詳しくありませんが、心構えさえ正しければ可能だと思います。」
0x010000650000479D,47,114,Sordland/Turn03/Mid Conversation,Ewald Alphonso,en,「よく言いました、セルジュ。私は日々、自分の事業上の利益とソードランドへの献身とのバランスを取るよう努めています。」
0x01000065000047A3,47,115,Sordland/Turn03/Mid Conversation,Ewald Alphonso,en,「ヴォルクナーさん、私のために働いてくれるのですね。あなたは能力だけでなく聡明さも兼ね備えています。」
0x01000065000047A9,47,116,Sordland/Turn03/Mid Conversation,Ewald Alphonso,en,「セルジュ、素晴らしい心構えですね。私もソードランドの人々を常に最優先すべきだと同感です。」
0x01000065000047B3,47,118,Sordland/Turn03/Mid Conversation,Ewald Alphonso,en,「大統領、ご支援いただき感謝しております。私が望む繁栄するソードランドという夢を共に願う方々が他にもいらっしゃることは、大変心強く思います。」
0x01000065000047B9,47,119,Sordland/Turn03/Mid Conversation,Player,en,「実のところ、あなたの改革には多くの批判があった。1951年の不況はその改革が直接引き起こしたものだと言う者もいた。」
0x01000065000047BF,47,120,Sordland/Turn03/Mid Conversation,Player,en,「51年の不況を、どんな改革によっても防げたかは分からない。こうした危機を確実に止める方法があると思うか？」
0x01000065000047C5,47,121,Sordland/Turn03/Mid Conversation,Ewald Alphonso,en,「大統領、振り返って判断を下すのは簡単なことです。当時は、その改革がソードランドの経済発展に不可欠だと私は考えていました。」
0x01000065000047CB,47,122,Sordland/Turn03/Mid Conversation,Player,en,「あなたの急進的な民営化計画により我が国の重要産業が不安定になり、現代史上最悪の不況を招く結果となった。」
0x01000065000047D1,47,123,Sordland/Turn03/Mid Conversation,Player,en,「もし守旧派があなたの改革を妨げなければ、この景気後退は避けられたと思うか？」
0x01000065000047DC,47,127,Sordland/Turn03/Mid Conversation,Ewald Alphonso,en,「私の政策をご不快に思われていることは、党の指導権を私から奪った時点で明らかでした。」
0x01000065000047E2,47,128,Sordland/Turn03/Mid Conversation,Ewald Alphonso,en,「私の支持者たちを裏切り、私の側近たちの間に潜入するとは……正直、大きな打撃でした。」
0x01000065000047E8,47,129,Sordland/Turn03/Mid Conversation,Player,en,「党と国を救うために我々はやむを得ない措置を取ったのだ。どうかそれをご理解いただきたい。」
0x01000065000047EE,47,130,Sordland/Turn03/Mid Conversation,Ewald Alphonso,en,「ご介入くださった理由は理解しております。私も状況をコントロールし続けるのに苦労していたのです。」
0x01000065000047F4,47,131,Sordland/Turn03/Mid Conversation,Ewald Alphonso,en,「大統領、憎しみを抱いても何の益もありません。起こったことはもう変えられないのです。」
0x01000065000047FA,47,132,Sordland/Turn03/Mid Conversation,Ewald Alphonso,en,「政治の世界では、より大きな利益のために厳しい選択を迫られることがしばしばあります。」
0x0100006500004800,47,133,Sordland/Turn03/Mid Conversation,Ewald Alphonso,en,「ですが、もっと穏やかなペースで実施できたはずだと認めます。」
0x0100006500004806,47,134,Sordland/Turn03/Mid Conversation,Ewald Alphonso,en,「率直なご意見をいただき、感謝しております。」
0x010000650000480C,47,135,Sordland/Turn03/Mid Conversation,Ewald Alphonso,en,「大統領、その率直さに感謝いたします。」
0x0100006500004812,47,136,Sordland/Turn03/Mid Conversation,Ewald Alphonso,en,「大統領、そのご指摘はもっともです。変化というのは人々を不安にさせるものであり、特に長年守ってきた信念に疑問が投げかけられるときはなおさらです。」
0x0100006500004818,47,137,Sordland/Turn03/Mid Conversation,Ewald Alphonso,en,「確かに良い見解です。経済成長と社会保障のバランスを取ることは、実に難しい課題である。」
0x010000650000481E,47,138,Sordland/Turn03/Mid Conversation,Ewald Alphonso,en,「大統領、あなたの動機が何であれ、かの時期にいただいたご支援は極めて重要なものでした。」
0x0100006500004824,47,139,Sordland/Turn03/Mid Conversation,Ewald Alphonso,en,「大統領、ご意見は理解しております。私としても自分の改革が必要だったと考えていますが、完璧ではなかったことは先に認めます。」
0x010000650000482A,47,140,Sordland/Turn03/Mid Conversation,Ewald Alphonso,en,「私は依然として自分を変革の促進者、つまりソードランドが世界経済の複雑さに対処するのを助ける存在だと考えています。」
0x0100006500004836,47,141,Sordland/Turn03/Mid Conversation,Ewald Alphonso,en,「大統領、守旧派の抵抗が状況を確かに悪化させました。」
0x010000650000483C,47,142,Sordland/Turn03/Mid Conversation,Ewald Alphonso,en,「安定化を崩すことは私の目的ではありませんでした。私が目指していたのは外国からの投資を呼び込み、競争を活性化させることです。」
0x0100006500004842,47,143,Sordland/Turn03/Mid Conversation,Player,en,「結果的にこのような事態になったことで、まだ私のことを恨んでいるのか？」
0x010000650000484E,47,144,Sordland/Turn03/Mid Conversation,Ewald Alphonso,en,「私は依然として、ソードランドに必要だった変化をもたらしたのだと信じています。ですが、すべての人がこの見解に同意するわけではないことも認めています。」
0x0100006500004854,47,145,Sordland/Turn03/Mid Conversation,Ewald Alphonso,en,「大統領、おっしゃる通りです。その不況は非常に複雑な事象でした。」
0x010000650000485A,47,146,Sordland/Turn03/Mid Conversation,Player,en,「アルフォンソ、あなたは状況をコントロールできなくなっていた。党を正しい方向に導くためには私の介入が必要だったのだ。」
0x0100006500004860,47,147,Sordland/Turn03/Mid Conversation,Ewald Alphonso,en,「しかし、制度的な汚職に対処し、官僚機構の効率を向上させ、透明性の高い統治を実現することが、今後の景気悪化を防ぐ上で鍵となるかもしれません。」
0x0100006500004866,47,148,Sordland/Turn03/Mid Conversation,Ewald Alphonso,en,「もし必要な改革が適時に実施されていれば、この深刻な不況を回避できたかもしれません。」
0x010000650000486C,47,149,Sordland/Turn03/Mid Conversation,Ewald Alphonso,en,「ですが、この移行期の運営はもっと適切に行えたはずだと認めます。」
0x0100006500004872,47,150,Sordland/Turn03/Mid Conversation,Ewald Alphonso,en,「ですが、もっと穏健な方法で目標を達成できたのではないかと思ってしまいます。」
0x0100006500004878,47,151,Sordland/Turn03/Mid Conversation,Ewald Alphonso,en,「今、我々が集中すべきは国の未来です。」
0x010000650000487E,47,152,Sordland/Turn03/Mid Conversation,Ewald Alphonso,en,「それがあなたの動機だったのですか？私にはよく分かりません。」
0x0100006500004884,47,153,Sordland/Turn03/Mid Conversation,Ewald Alphonso,en,「彼らの天然資源採掘への尽力と船舶工学への重点的取り組みは称賛に値します。また中立国として、この国はコンタナ連邦とアルカシアの対立において均衡をもたらす存在となっています。」
0x010000650000488A,47,154,Sordland/Turn03/Mid Conversation,Ewald Alphonso,en,「ガソムもまたアンラカンから多くの技師を雇っています。今後10年間で、ソードランドはアンラカンにおいて貴重なパートナーを見出せると思います。」
0x0100006500004890,47,155,Sordland/Turn03/Mid Conversation,Player,en,「協力の可能性はあると思う。特に沿岸資源の採掘や海洋保護の分野で、彼らから多くを学ぶことができるだろう。」
0x0100006500004896,47,156,Sordland/Turn03/Mid Conversation,Player,en,「私も感心しているが、慎重でいることが極めて重要だ。アンラカンの海賊行為の歴史や厳格な法律は、今後の提携において多くの困難をもたらす可能性がある。」
0x010000650000489C,47,157,Sordland/Turn03/Mid Conversation,Player,en,「我々はむしろソードランド自身の強みに集中すべきだ。我々の将来は、自立した経済を築き、自国の産業を強化することにある。」
0x01000065000048A2,47,158,Sordland/Turn03/Mid Conversation,Player,en,「アンラカには潜在力がある。だが、ルンブルクはすでにコンタナ連邦とアルカシアの権力闘争における均衡を保つ存在ではないのだろうか？」
0x01000065000048A8,47,159,Sordland/Turn03/Mid Conversation,Ewald Alphonso,en,「まさにその通りです、大統領。経済的な利益だけが目的ではありません。」
0x01000065000048AE,47,160,Sordland/Turn03/Mid Conversation,Ewald Alphonso,en,「大統領、ご懸念はもっともです。」
0x01000065000048B4,47,161,Sordland/Turn03/Mid Conversation,Ewald Alphonso,en,「もちろんです、大統領。国内経済を強化することが最も重要です。」
0x01000065000048BA,47,162,Sordland/Turn03/Mid Conversation,Ewald Alphonso,en,「大統領、確かにルンブルクは莫大な力を持っております。しかし女王は、アルカシアやアルカシア条約機構よりもむしろコンタナ連邦やNFPに対して強い反感を抱いておられます。」
0x01000065000048C0,47,163,Sordland/Turn03/Mid Conversation,Ewald Alphonso,en,「協力し合うことで、両国の革新と持続可能性を促進することができます。」
0x01000065000048C6,47,164,Sordland/Turn03/Mid Conversation,Ewald Alphonso,en,「アンラカには独自の複雑さがありますが、丁寧な外交と相互尊重によってこれらの課題は克服できると私は考えています。」
0x01000065000048CC,47,165,Sordland/Turn03/Mid Conversation,Ewald Alphonso,en,「しかし、アンラカのような国、あるいはリジアとの提携によっても、我が国の能力を強化することができるでしょう。」
0x01000065000048D2,47,166,Sordland/Turn03/Mid Conversation,Ewald Alphonso,en,「アンラカと同じ役割を果たすためには、そこの勢力構造が大きく変わる必要があるでしょう。」
0x01000065000048D8,47,167,Sordland/Turn03/Mid Conversation,Ewald Alphonso,en,「ところで、エネルギー保護法を改革しようとするなら、このような要素も考慮に入れる必要があります。些細に思えるかもしれませんが、どんな変更でもソードランドの将来を左右しかねません。」
0x01000065000048DE,47,168,Sordland/Turn03/Mid Conversation,Ewald Alphonso,en,「しかし時が経つにつれ、彼のやり方ではうまくいかないこと、新たな方向性が必要であることに気づきました。」
0x01000065000048E4,47,169,Sordland/Turn03/Mid Conversation,Player,en,「ソルの統治時代、あなたはUSPの一員であり、その政策を支持していた。何が変わったのか？」
0x01000065000048EA,47,170,Sordland/Turn03/Mid Conversation,Player,en,「ソードランドやその他のソードランド地域でも、ラハベンのような発展と繁栄を実現できると思うか？」
0x01000065000048F0,47,171,Sordland/Turn03/Mid Conversation,Player,en,「彼らの構想が実現するまでには時間がかかった。彼ら自身も、その全てが実現するのを自分たちの生きている間に見ることはなかったのだ。」
0x01000065000048F6,47,172,Sordland/Turn03/Mid Conversation,Player,en,「その王国は別の時代のものだ。その戦略を我々の現代に適用できるとお考えか？」
0x01000065000048FC,47,173,Sordland/Turn03/Mid Conversation,Player,en,「おっしゃる通りかもしれない。だが、すべての都市がラハベンほどの潜在力や資源を持っているわけではない。」
0x0100006500004902,47,174,Sordland/Turn03/Mid Conversation,Player,en,「外部の人間として、絶えず変化する政治情勢を乗り切っていくのはきっと興味深かったことだろう。」
0x0100006500004908,47,175,Sordland/Turn03/Mid Conversation,Ewald Alphonso,en,「大統領、その通りでございます。はい、私もかつてはソルの政策を支持しておりました。」
0x010000650000490E,47,176,Sordland/Turn03/Mid Conversation,Ewald Alphonso,en,「正直なところ、肝心なのは戦略的計画と目的を絞った投資です。高い成長潜在力を持つ分野を見極め、そこに資源を集中させる必要があります。」
0x0100006500004914,47,177,Sordland/Turn03/Mid Conversation,Ewald Alphonso,en,「確かに、大統領。状況は変わりましたが、先見の明あるリーダーシップの理念自体は変わりません。」
0x010000650000491A,47,178,Sordland/Turn03/Mid Conversation,Player,en,「今日のラハベンの成功は、故人となった君主のおかげではなく、その国民全員の共同努力の結果だと私は考えている。」
0x0100006500004920,47,179,Sordland/Turn03/Mid Conversation,Ewald Alphonso,en,「大統領、まったくその通りです。ソードランドの各都市にはそれぞれ独自の強みと課題があります。我々の戦略は、これらの固有の特性を活かすように工夫されなければなりません。」
0x0100006500004926,47,180,Sordland/Turn03/Mid Conversation,Ewald Alphonso,en,「大統領、それは非常に良いご指摘です。重要なのは粘り強さと長期的な計画性だと思われます。」
0x010000650000492C,47,181,Sordland/Turn03/Mid Conversation,Ewald Alphonso,en,「しかし、もし指導者たちが方向性を示さなければ、彼らの努力はそれほど強固なものになっただろうか？」
0x0100006500004932,47,182,Sordland/Turn03/Mid Conversation,Ewald Alphonso,en,「大統領、それは実に信じられないほど素晴らしい体験でした。」
0x0100006500004938,47,183,Sordland/Turn03/Mid Conversation,Ewald Alphonso,en,「困難や苦難があったにもかかわらず、再建し前進していこうとする目的意識と団結した意志が存在していました。」
0x0100006500004944,47,184,Sordland/Turn03/Mid Conversation,Player,en,「ホルソードにいた時代は実に重要な時期だったようだね。その都市の変革に携わったご感想を聞かせてくれ。」
0x010000650000494A,47,185,Sordland/Turn03/Mid Conversation,Ewald Alphonso,en,「ホルソードの政情は、控えめに言っても非常に複雑でした。入り組んだ政治的同盟や商業上の競争関係という網の中に巻き込まれないようにするのは困難でした。」
0x0100006500004950,47,186,Sordland/Turn03/Mid Conversation,Ewald Alphonso,en,「学ぶのに大変な苦労はありましたが、ソードランドの政治的複雑さを理解する上で非常に貴重な教訓となりました。」
0x0100006500004956,47,187,Sordland/Turn03/Mid Conversation,Narrator,en,アルフォンソは一瞬、過去の記憶の中へと戻っていったようだった。風が強く吹き、ヘリコプターが揺れたが、彼は話を続けた。
0x010000650000495C,47,188,Sordland/Turn03/Mid Conversation,Ewald Alphonso,en,「ラハベンの話に戻りますが……この街全体がエグムント王のビジョンをどのように体現しているかを考えていました。」
0x0100006500004962,47,189,Sordland/Turn03/Mid Conversation,Ewald Alphonso,en,「彼とその主任建築家が行った投資がなければ、ラハベンは今日、ヘルムやポルテ・ドラゾン、コンスタンティウム、ファレンコと肩を並べることはできなかっただろう。」
0x0100006500004968,47,190,Sordland/Turn03/Mid Conversation,Player,en,「旧来の官僚から逃れるとおっしゃるが、あなたが推進してきた資本主義制度もまた別の形の官僚主義ではないだろうか。特に恵まれない人々にとっては、おそらく最悪の形態だと言えるだろう。」
0x010000650000496E,47,191,Sordland/Turn03/Mid Conversation,Ewald Alphonso,en,「興味深い見解ですね、{BaseGameText.AlphonsoToPlayer}。確かに資本主義は格差を生み出します。」
0x0100006500004974,47,192,Sordland/Turn03/Mid Conversation,Ewald Alphonso,en,「しかし、それは成長と革新の原動力でもあります。私が見る限り、課題とはすべてのソードランド人のニーズに応える、より包括的な資本主義を築くことです。」
0x010000650000497A,47,193,Sordland/Turn03/Mid Conversation,Ewald Alphonso,en,「我々は、ソードランドが対外関係から利益を得つつも主権を守れる道を切り開かなければならない。」
0x0100006500004990,47,200,Sordland/Turn03/Mid Conversation,Player,en,「私があなたのために選挙運動を行ったのは、あなたの経済改革のためではなく、どんな手段を使ってでも変革を実現したいと思ったからだ。」
0x0100006500004996,47,201,Sordland/Turn03/Mid Conversation,Player,en,「正直言って、私はあなたの経済改革に一度も賛同しなかった。それらは富裕層ばかりを優遇し、一般民衆のニーズを無視していると感じたからだ。」
0x010000650000499C,47,202,Sordland/Turn03/Mid Conversation,Player,en,「正直言って、アルフォンソさん、あなたが党を導こうとしている方向性が気に入らなかったから、私はあなたのために選挙運動をしなかった。私も変革を望んでいたが、それはあなたのやり方ではなかった。」
0x01000065000049A2,47,203,Sordland/Turn03/Mid Conversation,Player,en,「今こそお伝えする。私はあなたの選挙運動を支持していなかった。USPがその根本から逸脱しつつあり、あなたの自由市場改革が我々の価値観から外れていると感じたからだ。」
0x01000065000049A8,47,204,Sordland/Turn03/Mid Conversation,Player,en,「私があなたのために選挙運動を行ったことは、きっと覚えておられるだろう。当時も今と同様に、あなたの経済的ビジョンを信じていた。」
0x01000065000049AE,47,205,Sordland/Turn03/Mid Conversation,Player,en,「あなたのために選挙運動をしていた時でさえ、私はあなたの経済政策に懸念を抱いていた。自由市場の原則と社会的安全網の間に、もっと良いバランスが取れるはずだと思っていたのだ。」
0x01000065000049B4,47,206,Sordland/Turn03/Mid Conversation,Ewald Alphonso,en,「ラハベンの成功が世界的な連携に結びついているように、ソードランドの繁栄もまた世界との繋がりや、優秀で教育を受けた労働力に依存しているのです。」
0x01000065000049BA,47,207,Sordland/Turn03/Mid Conversation,Ewald Alphonso,en,「それはガソムを通じて我々が達成しようとしていることに似ています。成功というものは一朝一夕に得られるものではなく、長年にわたる計画立案、投資、実行の積み重ねによって生まれるものです。」
0x01000065000049CB,47,211,Sordland/Turn03/Mid Conversation,Narrator,en,ここから、ラハベンという都市が我々の国際貿易においていかに重要な役割を果たしてきたかが一層明らかになった。いわゆる「ゲートウェイ」と呼ばれるこの場所こそ、ソードランドが世界市場に開かれた場所だったのである。
0x01000065000049D7,47,212,Sordland/Turn03/Mid Conversation,Ewald Alphonso,en,「我々は自国の強みを見極め、直面する課題を把握し、独自の利点を活かした戦略を策定しなければなりません。単に模倣するのではなく、適応し革新していくことが重要なのです。」
0x01000065000049DD,47,213,Sordland/Turn03/Mid Conversation,Ewald Alphonso,en,「一律の対応ではなく、現地の状況を考慮した緻密な戦略が求められます。」
0x01000065000049E3,47,214,Sordland/Turn03/Mid Conversation,Ewald Alphonso,en,「もちろん、革新と起業精神を奨励するビジネス環境を整える必要があります。」
0x01000065000049E9,47,215,Sordland/Turn03/Mid Conversation,Ewald Alphonso,en,「過去が基盤を築いたかもしれませんが、それを発展させるのは現在です。」
0x01000065000049EF,47,216,Sordland/Turn03/Mid Conversation,Ewald Alphonso,en,「世界の情勢を見渡すと、アンラカンには大きな可能性があるように思えます。波乱に満ちた歴史があったにもかかわらず、彼らは回復力と革新性の象徴として台頭してきました。」
0x010000520001C1A5,47,217,Sordland/Turn03/Mid Conversation,Ewald Alphonso,en,「確かに落胆させられる状況でしたが、当時は何でも可能だという希望の気持ちがまだ存在していました。」
0x010000520001C1AC,47,218,Sordland/Turn03/Mid Conversation,Ewald Alphonso,en,「それでも、あの時代で最もよく覚えているのは、何でも本当に可能だという感覚でした。」
0x010000520001C1B4,47,219,Sordland/Turn03/Mid Conversation,Ewald Alphonso,en,「あの頃は、本当に何でも可能だという気持ちがありました。」
0x010000520001C1BB,47,220,Sordland/Turn03/Mid Conversation,Ewald Alphonso,en,「それ以前は、本当に何でも可能だという気持ちでいました。」
0x010000520001C1C3,47,221,Sordland/Turn03/Mid Conversation,Serge Wolkner,en,「大統領、おっしゃる通りです。邪魔をしてしまい、申し訳ありません。」
0x0100000000039574,48,3,Sordland/Turn03/Personal_DriverTalk,Narrator,en,私は、保健省と教育省が主催する農村開発フォーラムに出席するため、ナルギス地方の雪に覆われた都市ナルベルへ向かっていた。
0x0100000000039583,48,4,Sordland/Turn03/Personal_DriverTalk,Serge Wolkner,en,「数分後にはウェストホテルに到着いたします、大統領。」
0x0100000000039591,48,5,Sordland/Turn03/Personal_DriverTalk,Player,en,「セルジュ、快適な乗車とは言えないな。」
0x0100000000039591,48,5,Sordland/Turn03/Personal_DriverTalk,Player,Menu Text en,「セルジュ、快適な乗車とは言えないな。」
0x0100000000039599,48,6,Sordland/Turn03/Personal_DriverTalk,Player,en,「ご連絡いただき、ありがとう。」
0x0100000000039599,48,6,Sordland/Turn03/Personal_DriverTalk,Player,Menu Text en,「ご連絡いただき、ありがとう。」
0x01000000000395A1,48,7,Sordland/Turn03/Personal_DriverTalk,Serge Wolkner,en,「いつでも構いません。それは私の義務です。」
0x01000000000395A7,48,8,Sordland/Turn03/Personal_DriverTalk,Serge Wolkner,en,「大統領、申し訳ありません。ここの道路はあまり良くありません。」
0x01000000000395B7,48,9,Sordland/Turn03/Personal_DriverTalk,Narrator,en,しばらくして、セルジュは口ひげの下で微笑み始めた。
0x01000000000395C0,48,10,Sordland/Turn03/Personal_DriverTalk,Player,en,「セルジュ、最近の生活はどうだ？」
0x01000000000395C0,48,10,Sordland/Turn03/Personal_DriverTalk,Player,Menu Text en,「セルジュ、最近の生活はどうだ？」
0x01000000000395D6,48,11,Sordland/Turn03/Personal_DriverTalk,Serge Wolkner,en,「大統領、申し上げたいのですが……この過去二ヶ月間は本当に素晴らしかったです。」
0x01000000000395DC,48,12,Sordland/Turn03/Personal_DriverTalk,Serge Wolkner,en,「ご存知の通り、妻のスーザンが先日息子を出産しました。そして今、娘もホルソードにある優れた高校で学び始めたところです。」
0x01000000000395EC,48,13,Sordland/Turn03/Personal_DriverTalk,Player,en,「おめでとうございます。」
0x01000000000395EC,48,13,Sordland/Turn03/Personal_DriverTalk,Player,Menu Text en,「おめでとうございます。」
0x01000000000395F4,48,14,Sordland/Turn03/Personal_DriverTalk,Player,en,「準備しておきなさい、セルジュ。もうすぐ私の生活はずっと忙しくなるからだ。」
0x01000000000395F4,48,14,Sordland/Turn03/Personal_DriverTalk,Player,Menu Text en,「準備しておきなさい、セルジュ。もうすぐ私の生活はずっと忙しくなるからだ。」
0x01000000000395FC,48,15,Sordland/Turn03/Personal_DriverTalk,Serge Wolkner,en,「医者たちによると彼は非常に健康で、幸い私の妻も同様です。」
0x0100000000039603,48,16,Sordland/Turn03/Personal_DriverTalk,Serge Wolkner,en,「しかし、自分の不安に負けるべきではなかった。エリカはいつも私を出し抜くのだ。彼女のような娘がいてとても誇りに思っている。」
0x010000000003960A,48,17,Sordland/Turn03/Personal_DriverTalk,Serge Wolkner,en,「大統領、もしよろしければお伺いしますが、ご家族の皆様はお元気でいらっしゃいますか？」
0x0100000000039611,48,18,Sordland/Turn03/Personal_DriverTalk,Player,en,「スザンについてもう少し教えてくれ。彼女はどのような人物か？」
0x0100000000039611,48,18,Sordland/Turn03/Personal_DriverTalk,Player,Menu Text en,「スザンについてもう少し教えてくれ。彼女はどのような人物か？」
0x0100000000039618,48,19,Sordland/Turn03/Personal_DriverTalk,Player,en,「なぜまた子供を欲しがったのか？」
0x0100000000039618,48,19,Sordland/Turn03/Personal_DriverTalk,Player,Menu Text en,「なぜまた子供を欲しがったのか？」
0x0100000000039620,48,20,Sordland/Turn03/Personal_DriverTalk,Player,en,「ディアナは相変わらず活発だが、フランクは少し距離を置いているようだ。」
0x0100000000039620,48,20,Sordland/Turn03/Personal_DriverTalk,Player,Menu Text en,「ディアナは相変わらず活発だが、フランクは少し距離を置いているようだ。」
0x0100000000039627,48,21,Sordland/Turn03/Personal_DriverTalk,Player,en,「二人とも元気にしている。それぞれ人生の異なる段階を過ごしているところだ。」
0x0100000000039627,48,21,Sordland/Turn03/Personal_DriverTalk,Player,Menu Text en,「二人とも元気にしている。それぞれ人生の異なる段階を過ごしているところだ。」
0x0100000000039630,48,22,Sordland/Turn03/Personal_DriverTalk,Player,en,「つまり、彼女の聡明さは母親から受け継いだものに違いない。」
0x0100000000039630,48,22,Sordland/Turn03/Personal_DriverTalk,Player,Menu Text en,「つまり、彼女の聡明さは母親から受け継いだものに違いない。」
0x0100000000039637,48,23,Sordland/Turn03/Personal_DriverTalk,Player,en,「私もまた、ディアナがいつの日か彼女のような人間に成長してくれることを願っている。」
0x0100000000039637,48,23,Sordland/Turn03/Personal_DriverTalk,Player,Menu Text en,「私も、いつの日かディアナが母親のような人間に成長してくれることを願っている。」
0x0100000000039640,48,24,Sordland/Turn03/Personal_DriverTalk,Serge Wolkner,en,「大統領、以前にもお話ししましたが、私の息子の名前はゲオルグといいます。」
0x0100000000039646,48,25,Sordland/Turn03/Personal_DriverTalk,Serge Wolkner,en,「ああ、承知しております、大統領。すでにとても忙しい状況です。私の娘も手がかかる存在ですから。」
0x010000000003964C,48,26,Sordland/Turn03/Personal_DriverTalk,Serge Wolkner,en,「大統領、誠にありがとうございます。もし彼女が入試で良い成績を取れなければ、良い私立学校に通わせることができないのではないかと心配しておりました。」
0x0100000000039655,48,27,Sordland/Turn03/Personal_DriverTalk,Serge Wolkner,en,「私は大家族の出身です。兄弟が5人もいるため、常に誰かと一緒にいる状態が私の人生です。」
0x010000000003965C,48,28,Sordland/Turn03/Personal_DriverTalk,Serge Wolkner,en,「彼女はもちろん美しいです。しかし私が真に称賛するのは、彼女の無私の心です。」
0x0100000000039663,48,29,Sordland/Turn03/Personal_DriverTalk,Serge Wolkner,en,「大統領、その点はよく理解できます。」
0x010000000003966A,48,30,Sordland/Turn03/Personal_DriverTalk,Serge Wolkner,en,「それはごく普通のことです、大統領。彼もその年齢なのですから。我々全員もかつて反抗期を経験しました。」
0x0100000000039671,48,31,Sordland/Turn03/Personal_DriverTalk,Narrator,en,車列は徐々にそのホテルに近づき始めた。
0x0100000000039677,48,32,Sordland/Turn03/Personal_DriverTalk,Serge Wolkner,en,「きっとそうなるでしょう、大統領。彼女はやがて雄ライオンと雌ライオンの娘として成長するのですから。」
0x010000000003967E,48,33,Sordland/Turn03/Personal_DriverTalk,Serge Wolkner,en,「きっとそうでしょう！」
0x0100000000039685,48,34,Sordland/Turn03/Personal_DriverTalk,Narrator,en,彼は笑い声を上げた。
0x0100000000039693,48,35,Sordland/Turn03/Personal_DriverTalk,Player,en,「ありがとう。」
0x0100000000039693,48,35,Sordland/Turn03/Personal_DriverTalk,Player,Menu Text en,「ありがとう。」
0x010000000003969C,48,36,Sordland/Turn03/Personal_DriverTalk,Player,en,「また後で会おう、セルジュ。」
0x010000000003969C,48,36,Sordland/Turn03/Personal_DriverTalk,Player,Menu Text en,「また後で会おう、セルジュ。」
0x01000000000396A5,48,37,Sordland/Turn03/Personal_DriverTalk,Serge Wolkner,en,「大統領、良い一日をお過ごしください。」
0x0100000000039A05,48,39,Sordland/Turn03/Personal_DriverTalk,Player,en,「その笑みは何のためか？」
0x0100000000039A05,48,39,Sordland/Turn03/Personal_DriverTalk,Player,Menu Text en,「その笑みは何のためか？」
0x0100000000039A0D,48,40,Sordland/Turn03/Personal_DriverTalk,Player,en,「それは良かっただ。病院のサービスも良好だったことを願っている。」
0x0100000000039A0D,48,40,Sordland/Turn03/Personal_DriverTalk,Player,Menu Text en,「それは良かっただ。病院のサービスも良好だったことを願っている。」
0x0100000000039A15,48,41,Sordland/Turn03/Personal_DriverTalk,Serge Wolkner,en,「通常であれば、我々は郊外の病院のいずれかで治療を受けていたはずです。」
0x0100000000039A1C,48,42,Sordland/Turn03/Personal_DriverTalk,Serge Wolkner,en,「大統領、ご配慮のおかげで、大統領府の特別な手配によりエメラルド州立病院へ搬送されることができました。」
0x0100000000039A23,48,43,Sordland/Turn03/Personal_DriverTalk,Player,en,「私に助けることができて光栄だ。」
0x0100000000039A23,48,43,Sordland/Turn03/Personal_DriverTalk,Player,Menu Text en,「私に助けることができて光栄だ。」
0x0100000000039A2B,48,44,Sordland/Turn03/Personal_DriverTalk,Player,en,「我々は、すべての人々へのサービスの質を向上させる必要がある。」
0x0100000000039A2B,48,44,Sordland/Turn03/Personal_DriverTalk,Player,Menu Text en,「我々は、すべての人々へのサービスの質を向上させる必要がある。」
0x0100000000039A33,48,45,Sordland/Turn03/Personal_DriverTalk,Player,en,「エメラルド・ステート病院は素晴らしい病院だ。」
0x0100000000039A33,48,45,Sordland/Turn03/Personal_DriverTalk,Player,Menu Text en,「エメラルド・ステート病院は素晴らしい病院だ。」
0x0100000000039A3B,48,46,Sordland/Turn03/Personal_DriverTalk,Serge Wolkner,en,「それは少し伝統的とも言えますが、こうであるべきだと感じます。」
0x0100000000039A42,48,47,Sordland/Turn03/Personal_DriverTalk,Player,en,「サルナはとても素敵な小さな都市だ。」
0x0100000000039A42,48,47,Sordland/Turn03/Personal_DriverTalk,Player,Menu Text en,「サルナはとても素敵な小さな都市だ。」
0x0100000000039A4A,48,48,Sordland/Turn03/Personal_DriverTalk,Player,en,「自己犠牲というのは、実に称賛に値する美徳だ。」
0x0100000000039A4A,48,48,Sordland/Turn03/Personal_DriverTalk,Player,Menu Text en,「自己犠牲というのは、実に称賛に値する美徳だ。」
0x0100000000039A52,48,49,Sordland/Turn03/Personal_DriverTalk,Player,en,「モニカは粘り強く努力している。そのようなパートナーがいると、時に大変励みになる。」
0x0100000000039A52,48,49,Sordland/Turn03/Personal_DriverTalk,Player,Menu Text en,「モニカは粘り強く努力している。そのようなパートナーがいると、時に大変励みになる。」
0x0100000000039A5C,48,50,Sordland/Turn03/Personal_DriverTalk,Player,en,「大丈夫か？」
0x0100000000039A5C,48,50,Sordland/Turn03/Personal_DriverTalk,Player,Menu Text en,「大丈夫か？」
0x0100000000039A63,48,51,Sordland/Turn03/Personal_DriverTalk,Player,en,「これは容認できない。ここにはインフラへの投資が必要だ。」
0x0100000000039A63,48,51,Sordland/Turn03/Personal_DriverTalk,Player,Menu Text en,「これは容認できない。ここにはインフラへの投資が必要だ。」
0x0100000000039A6A,48,52,Sordland/Turn03/Personal_DriverTalk,Player,en,「私は部下の不安定さなど重視しない、セルジュ。」
0x0100000000039A6A,48,52,Sordland/Turn03/Personal_DriverTalk,Player,Menu Text en,「私は部下の不安定さなど重視しない、セルジュ。」
0x0100000000039A72,48,53,Sordland/Turn03/Personal_DriverTalk,Serge Wolkner,en,「はい、大統領。これからはもっと注意を払います。」
0x0100000000039A79,48,54,Sordland/Turn03/Personal_DriverTalk,Serge Wolkner,en,「彼女はこの国のほぼ全ての女性たちにとって励みとなる存在です。」
0x0100000000039A80,48,55,Sordland/Turn03/Personal_DriverTalk,Narrator,en,セルジュはため息をついた。
0x0100000000039A8A,48,56,Sordland/Turn03/Personal_DriverTalk,Player,en,「もう十分話した、セルジュ。運転に集中してくれ。」
0x0100000000039A8A,48,56,Sordland/Turn03/Personal_DriverTalk,Player,Menu Text en,「もう十分話した、セルジュ。運転に集中してくれ。」
0x0100000000039A92,48,57,Sordland/Turn03/Personal_DriverTalk,Serge Wolkner,en,「そこの市場は非常にユニークで、素晴らしい都市です。もちろんホルソードには敵いませんが。」
0x0100000000039A98,48,58,Sordland/Turn03/Personal_DriverTalk,Serge Wolkner,en,「それは相互のものでなければならず、それが最も重要なことです。」
0x0100000000039A9E,48,59,Sordland/Turn03/Personal_DriverTalk,Serge Wolkner,en,「それは当然のことです。獅子には獅子の雌がふさわしいのです。」
0x0100000000039AA4,48,60,Sordland/Turn03/Personal_DriverTalk,Serge Wolkner,en,「設備もスタッフも非常に優れていました。」
0x0100000000039AAA,48,61,Sordland/Turn03/Personal_DriverTalk,Serge Wolkner,en,「この国にはもっと多くの不幸な人々がいます。ですが、感謝いたします。」
0x0100000000039AB0,48,62,Sordland/Turn03/Personal_DriverTalk,Serge Wolkner,en,「それは解決が難しい問題のようですね。」
0x0100000000039ABC,48,63,Sordland/Turn03/Personal_DriverTalk,Serge Wolkner,en,「申し訳ありません。これからはもっと注意して運転いたします、大統領。」
0x0100000000039AC2,48,64,Sordland/Turn03/Personal_DriverTalk,Serge Wolkner,en,「私も同感です、大統領。新しいヘリコプターを使わない限り、明日また戻ってくる必要があります。」
0x0100000000039AC8,48,65,Sordland/Turn03/Personal_DriverTalk,Serge Wolkner,en,「はい、大統領。車も問題なく動いていることを願っております。」
0x0100000000039C0D,48,72,Sordland/Turn03/Personal_DriverTalk,Narrator,en,これまで見てきた風景は、実際にはナルベルが放置されていることの表れだった。都市へ続く主要な道路は適切に維持管理されておらず、アスファルトには多くの凸凹や変色した空洞があった。
0x0100000000039C14,48,73,Sordland/Turn03/Personal_DriverTalk,Narrator,en,これまで見てきた風景は、実際にはナルベルが放置されていることの表れだった。都市へ続く主要な道路は適切に維持管理されておらず、アスファルトには多くの凸凹や変色した空洞があった。
0x0100000000039C3C,48,74,Sordland/Turn03/Personal_DriverTalk,Narrator,en,セルジュはうなずいた。
0x0100000000039C42,48,75,Sordland/Turn03/Personal_DriverTalk,Player,en,「彼らには大いなる期待を寄せている。きっと私の誇りとなってくれるだろう。」
0x0100000000039C42,48,75,Sordland/Turn03/Personal_DriverTalk,Player,Menu Text en,「彼らには大いなる期待を寄せている。きっと私の誇りとなってくれるだろう。」
0x0100000000039C4B,48,76,Sordland/Turn03/Personal_DriverTalk,Serge Wolkner,en,「大統領のような著名人の子供であるのは、決して容易なことではないでしょうね。」
0x0100000000039C53,48,77,Sordland/Turn03/Personal_DriverTalk,Serge Wolkner,en,「私の娘は大統領夫人を手本として慕っておりますが、それは私の娘だけに限ったことではありません。」
0x0100000000039C69,48,78,Sordland/Turn03/Personal_DriverTalk,Serge Wolkner,en,「そうでしょう、大統領。責任や急ぎの業務が多すぎると、人生における重要な人々を見落としてしまうことがあります。」
0x0100000000039C71,48,79,Sordland/Turn03/Personal_DriverTalk,Serge Wolkner,en,「ですが……我々が大切に思う人々というものは……」
0x0100000000039C7B,48,80,Sordland/Turn03/Personal_DriverTalk,Serge Wolkner,en,「エリカが成長する過程で彼女とのコミュニケーションには少し困難がありましたが、演劇を一緒に観ることで共通の話題を見つけることができました。」
0x0100000000039C82,48,81,Sordland/Turn03/Personal_DriverTalk,Player,en,「私の子供たちは望めば私と話せる。それは彼ら次第だ。」
0x0100000000039C82,48,81,Sordland/Turn03/Personal_DriverTalk,Player,Menu Text en,「私の子供たちは望めば私と話せる。それは彼ら次第だ。」
0x0100000000039C89,48,82,Sordland/Turn03/Personal_DriverTalk,Player,en,「コミュニケーションこそが鍵だ。」
0x0100000000039C89,48,82,Sordland/Turn03/Personal_DriverTalk,Player,Menu Text en,「コミュニケーションこそが鍵だ。」
0x0100000000039C90,48,83,Sordland/Turn03/Personal_DriverTalk,Serge Wolkner,en,「……私は運が悪かったのです。父親とは一度も交流する機会がありませんでした。彼は我々の生活からいなく、子供たちにも同じような状況を望むことはできません……」
0x0100000000039C9A,48,84,Sordland/Turn03/Personal_DriverTalk,Player,en,「家族とは人生の礎だ。それを忘れてはならないのに、どうやら我々は忘れがちのようだ。」
0x0100000000039C9A,48,84,Sordland/Turn03/Personal_DriverTalk,Player,Menu Text en,「家族こそが人生の礎である。」
0x0100000000039CA1,48,85,Sordland/Turn03/Personal_DriverTalk,Player,en,「伝統的かどうかはともかく、あなたが望むものであればそれで十分だ。」
0x0100000000039CA1,48,85,Sordland/Turn03/Personal_DriverTalk,Player,Menu Text en,「伝統的かどうかはともかく、あなたが望むものであればそれで十分だ。」
0x0100000000039CB0,48,86,Sordland/Turn03/Personal_DriverTalk,Narrator,en,彼は後方に目をやった。
0x0100000000039CB7,48,87,Sordland/Turn03/Personal_DriverTalk,Player,en,「私は昔から家族思いな性格ではなかった。」
0x0100000000039CB7,48,87,Sordland/Turn03/Personal_DriverTalk,Player,Menu Text en,「私は昔から家族思いな性格ではなかった。」
0x0100000000039CBF,48,88,Sordland/Turn03/Personal_DriverTalk,Serge Wolkner,en,「ええ、それはその環境の種類次第です。もし敵対的な環境であれば……」
0x0100000000039CC6,48,89,Sordland/Turn03/Personal_DriverTalk,Serge Wolkner,en,「我々は何を望んでいるのかを繰り返し忘れ、その過程で自分自身を見失ってしまうのです。」
0x0100000000039CCD,48,90,Sordland/Turn03/Personal_DriverTalk,Serge Wolkner,en,「大統領、あなたには素晴らしい家族がおります。」
0x0100000000039CD7,48,91,Sordland/Turn03/Personal_DriverTalk,Serge Wolkner,en,「彼女は心が優しいです。家族はサルナ出身なので、やや保守的な傾向があります。」
0x010000000007C661,48,92,Sordland/Turn03/Personal_DriverTalk,Narrator,en,その山間の都市は、ソードランドで最も貧しい地域の一つとして悪名高かった。そこには厳しい雰囲気が漂い、住民たちは頑強で警戒心が強かった。
0x010000000007C66A,48,93,Sordland/Turn03/Personal_DriverTalk,Narrator,en,その地域でガスや石油が発見された後でも、中央政府による長年の放置の影響で、建物やインフラ全体にその痕跡が明らかに現れていた。これらの天然資源は今やガソムの管理下に置かれ、同社を強大な権力者としての地位へと押し上げたのだった。
0x010000000007C671,48,94,Sordland/Turn03/Personal_DriverTalk,Narrator,en,この場での私の役割は主に象徴的なものだった。石油王たちとの作り笑いや握手、地元の政治家たちとの会談、そして何よりも重要だったのは、ナルベルが政府に見捨てられたと感じないようにすることだった。
0x010000000007C67A,48,95,Sordland/Turn03/Personal_DriverTalk,Narrator,en,私が乗り心地の悪さで苦しんでいることが彼にも分かったようで、セルジュは仕切りの窓を下ろした。
0x010000000007C683,48,96,Sordland/Turn03/Personal_DriverTalk,Player,en,「よろしい。ここから早く脱出できる方法なら何でも構わない。」
0x010000000007C683,48,96,Sordland/Turn03/Personal_DriverTalk,Player,Menu Text en,「よろしい。ここから早く脱出できる方法なら何でも構わない。」
0x010000000007C68B,48,97,Sordland/Turn03/Personal_DriverTalk,Narrator,en,私は深くため息をついた。
0x010000000007C693,48,98,Sordland/Turn03/Personal_DriverTalk,Player_Italic,en,私は気づかないふりをして、窓の外を見つめていた。
0x010000000007C693,48,98,Sordland/Turn03/Personal_DriverTalk,Player_Italic,Menu Text en,気づかないふりをする
0x010000000007C69E,48,99,Sordland/Turn03/Personal_DriverTalk,Serge Wolkner,en,「幸いなことに、これらの遠出を除けば、私の勤務時間のおかげで家族と過ごす時間を持つことができます。この職に就けて本当に幸運です。」
0x010000000007C6B4,48,100,Sordland/Turn03/Personal_DriverTalk,Narrator,en,しばらく沈黙した後、セルジュが再び話し始めた。
0x010000000007CB9F,48,101,Sordland/Turn03/Personal_DriverTalk,Narrator,en,様々な障害を避けながら進路を調整し、我々の車列はようやくその都市に近づき始めた。
0x010000000007D173,48,102,Sordland/Turn03/Personal_DriverTalk,Player,en,「子供たちは元気だが、それはあなたには関係のないことだよ、セルジュ。」
0x010000000007D173,48,102,Sordland/Turn03/Personal_DriverTalk,Player,Menu Text en,「子供たちは元気だが、それはあなたには関係のないことだよ、セルジュ。」
0x010000000007D17B,48,103,Sordland/Turn03/Personal_DriverTalk,Serge Wolkner,en,「はい、大統領。おっしゃる通りです。」
0x010000000007D182,48,104,Sordland/Turn03/Personal_DriverTalk,Narrator,en,彼は私の発言に明らかに不快そうな表情を浮かべ、頷いた。
0x010000000007D18A,48,105,Sordland/Turn03/Personal_DriverTalk,Player,en,「私の仕事をきちんとこなしてほしい。私の私生活については質問しないでくれ。」
0x010000000007D18A,48,105,Sordland/Turn03/Personal_DriverTalk,Player,Menu Text en,「私の仕事をきちんとこなしてほしい。私の私生活については質問しないでくれ。」
0x010000000007D192,48,106,Sordland/Turn03/Personal_DriverTalk,Player,en,「大丈夫だ。」
0x010000000007D192,48,106,Sordland/Turn03/Personal_DriverTalk,Player,Menu Text en,「大丈夫だ。」
0x010000000007D19C,48,107,Sordland/Turn03/Personal_DriverTalk,Serge Wolkner,en,「承知いたしました、大統領。」
0x010000000007D1A7,48,108,Sordland/Turn03/Personal_DriverTalk,Narrator,en,長い沈黙が続いた。数分経った後、セルジュがその沈黙を破ろうとした。
0x010000000007D1B0,48,109,Sordland/Turn03/Personal_DriverTalk,Narrator,en,長い沈黙が続いた。数分経った後、セルジュがその沈黙を破ろうとした。
0x010000000007D1B8,48,110,Sordland/Turn03/Personal_DriverTalk,Player,en,「セルジュ、その説教はやめてくれ。」
0x010000000007D1B8,48,110,Sordland/Turn03/Personal_DriverTalk,Player,Menu Text en,「セルジュ、その説教はやめてくれ。」
0x010000000007D1C8,48,111,Sordland/Turn03/Personal_DriverTalk,Player,en,「私も同感です。」
0x010000000007D1C8,48,111,Sordland/Turn03/Personal_DriverTalk,Player,Menu Text en,「私も同感です。」
0x010000000007D1D1,48,112,Sordland/Turn03/Personal_DriverTalk,Serge Wolkner,en,「はい、大統領。申し訳ありません。」
0x010000000007D1DA,48,113,Sordland/Turn03/Personal_DriverTalk,Player,en,「セルジュ、親としてのことなど説教しないでくれ。」
0x010000000007D1DA,48,113,Sordland/Turn03/Personal_DriverTalk,Player,Menu Text en,「セルジュ、親としてのことなど説教しないでくれ。」
0x010000000007D1F8,48,117,Sordland/Turn03/Personal_DriverTalk,Narrator,en,私の思いは子供時代へと遡っていった。私の父もほとんどの時間家にいなかった。私もセルジュと同じように、彼とは何の交流も持つことができなかった。
0x010000000007D1FF,48,118,Sordland/Turn03/Personal_DriverTalk,Narrator,en,大統領であった私は、ほとんどの時間を故郷から離れて過ごさなければならなかった。
0x010000000007D206,48,119,Sordland/Turn03/Personal_DriverTalk,Narrator,en,私は、フランクもまた私のことを不在な父親のように思っているのではないかと考えた。彼の態度の背後にある理由はそれなのだろうか。
0x010000000007D210,48,120,Sordland/Turn03/Personal_DriverTalk,Serge Wolkner,en,「しかし同時に、第一夫人にとっても大変なことでしょう。」
0x010000000007D217,48,121,Sordland/Turn03/Personal_DriverTalk,Player,en,「それはあなたには関係のないことだ。」
0x010000000007D217,48,121,Sordland/Turn03/Personal_DriverTalk,Player,Menu Text en,「それはあなたには関係のないことだ。」
0x010000000007D21F,48,122,Sordland/Turn03/Personal_DriverTalk,Player,en,「ご指摘の通りだ。彼女にとっては大変なことだろう。」
0x010000000007D21F,48,122,Sordland/Turn03/Personal_DriverTalk,Player,Menu Text en,「ご指摘の通りだ。彼女にとっては大変なことだろう。」
0x010000000007D226,48,123,Sordland/Turn03/Personal_DriverTalk,Player,en,「我々二人にとっても大変だ。」
0x010000000007D226,48,123,Sordland/Turn03/Personal_DriverTalk,Player,Menu Text en,「我々二人にとっても大変だ。」
0x010000000007D232,48,124,Sordland/Turn03/Personal_DriverTalk,Serge Wolkner,en,「私の娘は大統領夫人を手本として慕っております。私の娘だけでなく、大統領様も同様です。」
0x010000000007D23A,48,125,Sordland/Turn03/Personal_DriverTalk,Serge Wolkner,en,「このような過度な注目、新たな高い地位に慣れること、そして重大な責任を負う夫という状況……」
0x010000000007D244,48,126,Sordland/Turn03/Personal_DriverTalk,Player,en,「よろしい。しばらく書類の処理をしなければならない。」
0x010000000007D244,48,126,Sordland/Turn03/Personal_DriverTalk,Player,Menu Text en,「よろしい。しばらく書類の処理をしなければならない。」
0x010000000007D24C,48,127,Sordland/Turn03/Personal_DriverTalk,Serge Wolkner,en,「もちろんです、大統領。」
0x010000000007D254,48,128,Sordland/Turn03/Personal_DriverTalk,Narrator,en,ウェスト・ホテルはナルベルで最も優れたホテルだと言われていた。高さ25階建ての巨大な本館は、間違いなくこの都市で最も高く、最も高価な建物の一つであり、周辺のスラム街を見下ろしていた。初めに建設された際には抗議の的ともなっていた。
0x010000000007D25B,48,129,Sordland/Turn03/Personal_DriverTalk,Narrator,en,ホテルの前には群衆が集まっており、その中心には歓迎委員会がいた。我々が赤いカーペットが敷かれた入口に近づくと、ナルベル市長と彼の側近たちの姿が見えた。
0x010000000007D262,48,130,Sordland/Turn03/Personal_DriverTalk,Narrator,en,セルジュは車から降りてドアを開けた。彼は丁重に頭を下げ、入口の方へと手振りで示した。
0x010000000007D269,48,131,Sordland/Turn03/Personal_DriverTalk,Serge Wolkner,en,「ありがとうございます、大統領。私も同じように感じております。」
0x010000000007D273,48,132,Sordland/Turn03/Personal_DriverTalk,Player_Italic,en,私は書類とバッグをまとめて、車から降りた。
0x010000000007D273,48,132,Sordland/Turn03/Personal_DriverTalk,Player_Italic,Menu Text en,車両から降りる
0x010000000007D27D,48,133,Sordland/Turn03/Personal_DriverTalk,Narrator,en,私が車から降りるやいなや、ナルベルの新鮮な空気が私の肺に満ちていった。
0x010000000007D287,48,134,Sordland/Turn03/Personal_DriverTalk,Narrator,en,ほぼすぐに、群衆にいた全員が私のもとに集まってきて、過剰なほどの礼儀正しさや笑顔、握手を示した。その間、私は政治家の仮面を被っていたのだ。
0x010000000007D28E,48,135,Sordland/Turn03/Personal_DriverTalk,Narrator,en,私がよく慣れ親しんでいた仮面だった。
0x0100000600046F5F,48,139,Sordland/Turn03/Personal_DriverTalk,Narrator,en,車は大きな凹みや隆起に衝突し、一瞬の間、我々をシートの中で持ち上げてしまった。
0x0100000600046F68,48,140,Sordland/Turn03/Personal_DriverTalk,Serge Wolkner,en,「彼らの大学教育のことをすでに考え始めています。特にエリカのことです。」
0x0100000600046F6F,48,141,Sordland/Turn03/Personal_DriverTalk,Serge Wolkner,en,「彼女を良い私立学校に送りたいのですが、現在の経済状況では我々にとって難しいでしょう。」
0x0100000600046F7D,48,142,Sordland/Turn03/Personal_DriverTalk,Player,en,「我々は経済を立て直す。何としてでもだ。」
0x0100000600046F7D,48,142,Sordland/Turn03/Personal_DriverTalk,Player,Menu Text en,「我々は経済を立て直す。何としてでもだ。」
0x0100000600046F84,48,143,Sordland/Turn03/Personal_DriverTalk,Player,en,「なあ、私が君の子供たちの教育費を支援してやろう。」
0x0100000600046F84,48,143,Sordland/Turn03/Personal_DriverTalk,Player,Menu Text en,「なんだか、あなたの子供たちの教育費を支援できるよ。」［個人資産-1］
0x0100000600046F8B,48,144,Sordland/Turn03/Personal_DriverTalk,Player,en,「皆にとっても困難な状況だ。」
0x0100000600046F8B,48,144,Sordland/Turn03/Personal_DriverTalk,Player,Menu Text en,「皆にとっても困難な状況だ。」
0x0100000600046F95,48,145,Sordland/Turn03/Personal_DriverTalk,Serge Wolkner,en,「大統領、私にはどうしても――ということはできません。」
0x0100000600046F9C,48,146,Sordland/Turn03/Personal_DriverTalk,Narrator,en,私が一瞥すると、セルジュは言葉を途中で切り、帽子を脱いで私に頷いた。
0x0100000600046FA3,48,147,Sordland/Turn03/Personal_DriverTalk,Serge Wolkner,en,「大統領、この恩はいかにしてお返しすればよいのか、私にはわかりません。」
0x0100000600046FB0,48,148,Sordland/Turn03/Personal_DriverTalk,Serge Wolkner,en,「どうもありがとうございます。」
0x0100000600046FBE,48,150,Sordland/Turn03/Personal_DriverTalk,Serge Wolkner,en,「もし誰かがそれを成し遂げられるとしたら、それは大統領であるあなたです。」
0x0100000600046FC5,48,151,Sordland/Turn03/Personal_DriverTalk,Serge Wolkner,en,「もし誰かが経済を立て直せるのであれば、それは大統領であるあなたです。」
0x0100000600046FCC,48,152,Sordland/Turn03/Personal_DriverTalk,Player,en,「良質な教育は、いかなる金額にも代えがたい価値がある。」
0x0100000600046FCC,48,152,Sordland/Turn03/Personal_DriverTalk,Player,Menu Text en,「良質な教育は、いかなる金額にも代えがたい価値がある。」
0x0100000600046FD3,48,153,Sordland/Turn03/Personal_DriverTalk,Player,en,「いつか私がしたように、あなたも困っている人を助けることで恩返ししてくれることを願っている。」
0x0100000600046FD3,48,153,Sordland/Turn03/Personal_DriverTalk,Player,Menu Text en,「いつか私がしたように、あなたも困っている人を助けることで恩返ししてくれることを願っている。」
0x0100000600046FDA,48,154,Sordland/Turn03/Personal_DriverTalk,Serge Wolkner,en,「はい、大統領。もちろんです。」
0x0100000600046FE3,48,155,Sordland/Turn03/Personal_DriverTalk,Player,en,「気にしないでくれ、セルジュ。」
0x0100000600046FE3,48,155,Sordland/Turn03/Personal_DriverTalk,Player,Menu Text en,「気にしないでくれ、セルジュ。」
0x0100000600046FEB,48,156,Sordland/Turn03/Personal_DriverTalk,Serge Wolkner,en,「その通りでございます、大統領。おっしゃる通りです。」
0x0100000600046FF2,48,157,Sordland/Turn03/Personal_DriverTalk,Serge Wolkner,en,「私はもう決めました。あなたの名前を息子につけます。」
0x0100000600046FF8,48,158,Sordland/Turn03/Personal_DriverTalk,Serge Wolkner,en,「ゲオルグ・アントン・ヴォルクナーです。」
0x0100000600047001,48,159,Sordland/Turn03/Personal_DriverTalk,Serge Wolkner,en,「彼もあなたのように強く成長できますように。」
0x0100000600047009,48,160,Sordland/Turn03/Personal_DriverTalk,Player,en,「その言葉、なかなか良い響きがするね。気に入った。」
0x0100000600047009,48,160,Sordland/Turn03/Personal_DriverTalk,Player,Menu Text en,「その言葉、なかなか良い響きがするね。気に入った。」
0x0100000600047010,48,161,Sordland/Turn03/Personal_DriverTalk,Player,en,「彼もきっと強く成長するだろう。」
0x0100000600047010,48,161,Sordland/Turn03/Personal_DriverTalk,Player,Menu Text en,「彼もきっと強く成長するだろう。」
0x010000060004701E,48,162,Sordland/Turn03/Personal_DriverTalk,Player_Italic,en,私はうなずいた。
0x010000060004701E,48,162,Sordland/Turn03/Personal_DriverTalk,Player_Italic,Menu Text en,うなずく
0x010000030002F864,48,183,Sordland/Turn03/Personal_DriverTalk,Narrator,en,これまで見てきた風景は、実際にはナルベルが放置されていることの表れだった。都市へ続く主要な道路は適切に維持管理されておらず、アスファルトには多くの凸凹や変色した空洞があった。
0x010000030002F86D,48,184,Sordland/Turn03/Personal_DriverTalk,Player,en,「それは素晴らしい知らせだね、セルジュ。あなたの幸運を心から喜んでいる。」
0x010000030002F86D,48,184,Sordland/Turn03/Personal_DriverTalk,Player,Menu Text en,「それは素晴らしい知らせだね、セルジュ。あなたの幸運を心から喜んでいる。」
0x010000030002F877,48,185,Sordland/Turn03/Personal_DriverTalk,Player,en,「セルジュ、あなたは優しい父親だね。」
0x010000030002F877,48,185,Sordland/Turn03/Personal_DriverTalk,Player,Menu Text en,「セルジュ、あなたは優しい父親だね。」
0x010000030002F880,48,186,Sordland/Turn03/Personal_DriverTalk,Serge Wolkner,en,「私は最善を尽くしております、大統領。」
0x010000030002F887,48,187,Sordland/Turn03/Personal_DriverTalk,Serge Wolkner,en,「その通りです。」
0x010000030002F890,48,188,Sordland/Turn03/Personal_DriverTalk,Player,en,「セルジュ、私の家族のことは話さないでくれ。」
0x010000030002F890,48,188,Sordland/Turn03/Personal_DriverTalk,Player,Menu Text en,「セルジュ、私の家族のことは話さないでくれ。」
0x010000030002F899,48,189,Sordland/Turn03/Personal_DriverTalk,Player,en,「ああ、セルジュ。理解している……」
0x010000030002F899,48,189,Sordland/Turn03/Personal_DriverTalk,Player,Menu Text en,「ああ、セルジュ。理解している……」
0x010000030002F8A1,48,190,Sordland/Turn03/Personal_DriverTalk,Serge Wolkner,en,「もちろんです、大統領。」
0x0100001D00002574,48,198,Sordland/Turn03/Personal_DriverTalk,Player,en,「私の運転手の家族がこの世で何か不足することがあってはならない。君の子供たちの教育費やその他必要な追加経費もすべて私が負担しよう。」
0x0100001D00002574,48,198,Sordland/Turn03/Personal_DriverTalk,Player,Menu Text en,「私の運転手の家族がこの世で何か不足することがあってはならない。子供たちの教育費やその他必要な追加経費はすべて私が負担しよう。」［個人資産-2］
0x0100006500001176,48,211,Sordland/Turn03/Personal_DriverTalk,Serge Wolkner,en,「大統領、ご厚意を決して忘れません。」
